ln_a,z,x_hii,x_heii,x_heiii,w,T,Tcmb,ne_per_h,Gamma_hi,Gamma_hei,Gamma_heii,Nactive,Eactive,emitted_N,emitted_E,out_N,out_E,abs_HI,abs_HeI,abs_HeII,ci_HI,ci_HeI,ci_HeII,rr_HII,rr_HeII,rr_HeIII,dr_HeII,escape_E,work_E,cmb_reservoir_E,redshift_E,ci_floor_HI,ci_floor_HeI,ci_floor_HeII,ce_cap_HI_E,ce_cap_HeI_E,ce_cap_HeII_E,excluded_dr_E,elapsed_s,number_residual,energy_residual,emitted_N_exact,emitted_E_exact,source_N_error,source_E_error,ieee_underflow_N_bound,ieee_underflow_E_bound
-2.5649493574615367,12.0,0.0002,0.0,0.0,6.7046568077842106e-15,30.0,35.43149999999999,0.0002,0.0,0.0,0.0,0.0,0.0,0.0,0.0,0.0,0.0,0.0,0.0,0.0,0.0,0.0,0.0,0.0,0.0,0.0,0.0,0.0,0.0,0.0,0.0,0.0,0.0,0.0,0.0,0.0,0.0,0.0,0.0,0.0,0.0,0.0,0.0,0.0,0.0,2.7636604369746237e-288,2.7636604374174106e-288
-2.5644590985471205,11.99362819615703,0.0068695886111507145,0.02311982754311478,7.659758392113856e-05,2.1116327864241551e-13,937.4604902611464,35.414133648625985,0.008706932509384166,7.85096195499544e-16,2.8333312735847642e-15,8.013201236213686e-16,0.00015434117189854467,1.5367409855868926e-14,0.008661500369296438,4.3792396845759235e-13,0.0,0.0,0.00666976863801753,0.0018313427719989848,6.047787379651486e-06,1.5676666524562267e-13,1.2245505592070065e-14,1.8753114369438893e-16,1.8002702357846866e-07,4.605145576262906e-08,6.097018543917431e-10,0.0,5.812747036394644e-18,1.0265574234261885e-16,3.55172613362409e-18,6.8322644160420845e-18,1.5676666524562267e-13,1.2245505592070065e-14,1.8753114369438893e-16,1.0919997258152268e-41,3.405308497658129e-61,7.314378544775216e-44,1.5973434382655247e-43,8661878652231.13,-1.7277845820728999e-15,-3.8067271842345146e-26,0.008661878652231126,4.379246013649434e-13,-3.7828293468836205e-07,-6.329073510315476e-19,2.7636604369746237e-288,2.7636604374174106e-288
-2.5642237742682013,11.990570839720432,0.010114756950459053,0.03450063563376384,0.00017281338991920856,3.142149679106735e-13,1389.6454452419173,35.40580082365803,0.012865777667322388,7.885844752037753e-16,2.8493077136422818e-15,8.038525656748691e-16,0.0001550729233686013,1.54340645202815e-14,0.01282141795196604,6.482452496481749e-13,0.0,0.0,0.009915204314674821,0.002737495243858198,1.3645470062689657e-05,3.409363265471236e-13,2.648144247737161e-14,6.155433018320702e-16,4.4736455670271263e-07,1.1768938338623231e-07,2.3077012624178754e-09,0.0,1.4671256791881256e-17,2.2629452707374226e-16,1.1758188623335598e-17,1.045695604079361e-17,3.409363265471236e-13,2.648144247737161e-14,6.155433018320702e-16,2.3382430349776147e-41,3.405308497658129e-61,2.0201277772280814e-43,2.915088219999932e-43,12821844049959.773,-1.7312540290248535e-15,-3.7966297646476856e-26,0.012821844049959766,6.482428546716929e-13,-4.260979937255327e-07,2.394976481927588e-18,2.7636604369746237e-288,2.7636604374174106e-288
-2.5639688396327047,11.987259515382084,0.013635681603399147,0.046709174389142266,0.0003201918124299282,4.2570748180818664e-13,1874.98992999467,35.39677580917387,0.017373804604504578,7.923784734038232e-16,2.866399838235654e-15,8.063262742814627e-16,0.00015580171127408925,1.549591487539631e-14,0.017330758315449626,8.761771178675833e-13,0.0,0.0,0.01343658611591533,0.0037130858354915385,2.5284652766939207e-05,6.195594760509058e-13,4.782787182441835e-14,1.5265036396585234e-15,9.045131357384518e-07,2.4113541524544187e-07,6.3517871555841064e-09,0.0,3.000038539179813e-17,4.1493324206458376e-16,2.92944029075456e-17,1.4399539649431345e-17,6.195594760509058e-13,4.782787182441835e-14,1.5265036396585234e-15,3.4626065433213464e-41,3.405308497658129e-61,4.382595732198265e-43,4.612970297738389e-43,17330130988232.945,-1.7312540290248535e-15,-3.8168246038213435e-26,0.017330130988232932,8.761714414769952e-13,6.273272166942845e-07,5.6763905880946065e-18,2.7636604369746237e-288,2.7636604374174106e-288
-2.563517801431442,11.981403086046896,0.019873971456307267,0.06799302210310913,0.0006900297176646381,6.226516629090929e-13,2722.602639381941,35.38081411102081,0.02535079368302609,7.986131036274359e-16,2.8961108815256762e-15,8.101552070415813e-16,0.00015726972814721985,1.5632744439026224e-14,0.02531087989820714,1.2796473336851953e-12,0.0,0.0,0.01967617346101488,0.005422938184832177,5.4498524205378194e-05,1.3121297158943777e-12,1.0019054215749346e-13,4.754928796236268e-15,2.2020060197252404e-06,5.919885554939371e-07,2.2493868188004985e-08,0.0,7.412126235805814e-17,8.878128823126801e-16,9.163567043456294e-17,2.1421994743032926e-17,1.3121297158943777e-12,1.0019054215749346e-13,4.754928796236268e-15,3.4626065433213464e-41,3.405308497658129e-61,1.1521046540584315e-42,8.195523074125331e-43,25310556394506.64,-7.483597075363946e-15,-1.645879392653119e-25,0.025310556394506627,1.2796433388655458e-12,3.2350370051184574e-07,3.994819649427267e-18,2.7636604369746237e-288,2.7636604374174106e-288
-2.5634785807182885,11.98089395614441,0.020417261936889718,0.06982518541390975,0.0007287678262324735,6.397556001310422e-13,2795.634148482088,35.37942647747158,0.02604484517897193,7.992093048812886e-16,2.898805181508991e-15,8.10545122604076e-16,0.00015738479879346895,1.5642527326162442e-14,0.02600523263653743,1.314745762135673e-12,0.0,0.0,0.020219608859179988,0.005570680062678368,5.755891587811906e-05,1.384317296254311e-12,1.056017992481842e-13,5.155743124059226e-15,2.3469236745679077e-06,6.311227727469961e-07,2.4613812290040904e-08,0.0,7.90877081223677e-17,9.373254210936373e-16,9.938530017013387e-17,2.203531408494423e-17,1.384317296254311e-12,1.056017992481842e-13,5.155743124059226e-15,3.4626065433213464e-41,3.405308497658129e-61,1.2340855795096609e-42,8.538431286582844e-43,26004761684000.688,-7.4870665223159e-15,-1.645879392653119e-25,0.026004761684000673,1.3147407567436882e-12,4.7095253675674686e-07,5.005391984757963e-18,2.7636604369746237e-288,2.7636604374174106e-288
-2.5629883218038727,11.974531516914036,0.027214784546179236,0.09246913744827981,0.0013009329836922768,8.53302826139549e-13,3699.7552539406533,35.362085649349204,0.03472039007899484,8.061643314191147e-16,2.9318769567367416e-15,8.148566085461101e-16,0.0001589995621201267,1.5792011879337747e-14,0.034685331678256624,1.7536358491287916e-12,0.0,0.0,0.027019416423971692,0.007404146361242773,0.00010276933090621663,2.446531172522057e-12,1.8441193599736445e-13,1.2177373022180323e-14,4.631880238972815e-06,1.2460641662353022e-06,6.409536374055696e-08,0.0,1.5809388526571092e-16,1.6693479826926652e-15,2.3531196345235545e-16,2.974209961264737e-17,2.446531172522057e-12,1.8441193599736445e-13,1.2177373022180323e-14,3.4626065433213464e-41,3.405308497658129e-61,2.5586105071574862e-42,1.3204742795008101e-42,34685775418905.668,-1.5813739207004573e-14,-3.473512337869159e-25,0.03468577541890567,1.7536327837432404e-12,-4.4374064904484367e-07,3.065385551258674e-18,2.7636604369746237e-288,2.7636604374174106e-288
-2.562861181403246,11.972882034639172,0.028980918046967136,0.09826528461888123,0.0014759187571323407,9.085931390211349e-13,3931.535447226588,35.35758998540906,0.036971743478531285,8.0813679478650785e-16,2.9408153568322458e-15,8.161486783403705e-16,0.00015938143216737065,1.5824478635582853e-14,0.036938024216135366,1.867512755728326e-12,0.0,0.0,0.02878629316006717,0.007875750753590203,0.00011659887029480925,2.770019695792991e-12,2.0814574931249744e-13,1.4684213668560418e-14,5.375115870037822e-06,1.4452241130723805e-06,7.896843062449295e-08,0.0,1.840215693338352e-16,1.8933570385053356e-15,2.83891305161009e-16,3.175196914504567e-17,2.770019695792991e-12,2.0814574931249744e-13,1.4684213668560418e-14,3.4626065433213464e-41,3.405308497658129e-61,2.998328029007677e-42,1.4523072265691617e-42,36938093153278.336,-1.5813739207004573e-14,-3.473512337869159e-25,0.03693809315327835,1.8675047722082697e-12,-6.893714298017439e-08,7.98352005619366e-18,2.7636604369746237e-288,2.7636604374174106e-288
-2.5624980628894565,11.968172196161712,0.03403017358778539,0.11464449038570765,0.0020355192843771715,1.0662855423916022e-12,4587.443595806886,35.344753320638745,0.04340245218945344,8.132376277066271e-16,2.965420091101036e-15,8.191009093298584e-16,0.0001606025706778308,1.5937343605043867e-14,0.043373161634809566,2.192842510525624e-12,0.0,0.0,0.033838036903497286,0.009213688806934812,0.0001608333536718837,3.801728077115668e-12,2.8313047967910087e-13,2.3657879282529363e-14,7.863319513619595e-06,2.1090964217798835e-06,1.3446282365975939e-07,0.0,2.714515344812436e-16,2.610488784026472e-15,4.579214949161565e-16,3.7516351647674786e-17,3.801728077115668e-12,2.8313047967910087e-13,2.3657879282529363e-14,3.4626065433213464e-41,3.405308497658129e-61,4.4895868538779034e-42,1.851547793688651e-42,43373176875760.56,-2.7748636721725006e-14,-6.074607623436297e-25,0.04337317687576057,2.1928477592278563e-12,-1.524095100124967e-08,-5.248702232178245e-18,2.7636604369746237e-288,2.7636604374174106e-288
-2.562262738610537,11.965120829435168,0.03730774539170245,0.1251210047298396,0.002445314204382692,1.1683405902168095e-12,5007.9078527328675,35.33643682062555,0.047571821692118633,8.169699748716489e-16,2.9825346688439416e-15,8.216949889619566e-16,0.00016136703429582425,1.6005475490935253e-14,0.04754576592854408,2.403792626844097e-12,0.0,0.0,0.037117523214495525,0.010073642308504265,0.00019323337122072783,4.5549610845246285e-12,3.3726093170052803e-13,3.10561366749128e-14,9.777827348003897e-06,2.6171298239821366e-06,1.8224985315043504e-07,0.0,3.3927973591514325e-16,3.136355924760623e-15,6.015212411131509e-16,4.127512379679437e-17,4.5549610845246285e-12,3.3726093170052803e-13,3.10561366749128e-14,3.4626065433213464e-41,3.405308497658129e-61,5.651194419372696e-42,2.1273729482793816e-42,47545399869765.99,-2.7734758933917192e-14,-6.078646591271029e-25,0.047545399869766004,2.403785728323608e-12,3.6605877807432963e-07,6.898520489271693e-18,2.7636604369746237e-288,2.7636604374174106e-288
-2.5620078039750407,11.961815992358964,0.040861625261962284,0.13634862423913055,0.0029309337181480676,1.2787416085048935e-12,5459.234801790214,35.327429487174356,0.05208876934160123,8.204406565353766e-16,2.9996533525933727e-15,8.234396857185085e-16,0.00016223793928980162,1.6085565788075197e-14,0.05206662532791517,2.63237107623216e-12,0.0,0.0,0.04067375808178229,0.01099899363960838,0.00023163566719257986,5.445386259489327e-12,4.006510118422222e-13,4.062741678521768e-14,1.2132825265381604e-05,3.2390644344184715e-06,2.4616316888617347e-07,0.0,4.232773586010814e-16,3.76020825211366e-15,7.87424350333281e-16,4.5364431675146437e-17,5.445386259489327e-12,4.006510118422222e-13,4.062741678521768e-14,3.4626065433213464e-41,3.405308497658129e-61,7.091503874750806e-42,2.440579340353162e-42,52066970740759.01,-4.2126024890620783e-14,-9.22500253452693e-25,0.05206697074075902,2.6323859201206747e-12,-3.454128438482029e-07,-1.4843888514671305e-17,2.7636604369746237e-288,2.7636604374174106e-288
-2.561858856895269,11.959885511491677,0.042940369415060964,0.14284857532595943,0.0032345066716534527,1.3431910226671538e-12,5721.030961656443,35.322167961570564,0.05472860009947673,8.228523941992719e-16,3.0109184481040007e-15,8.2528303289016155e-16,0.00016277863319616096,1.6137139000889518e-14,0.054708966586800606,2.7659821892453216e-12,0.0,0.0,0.04275402961030427,0.011536512594248188,0.0002556457490098418,6.0199474654546905e-12,4.3991353180858674e-13,4.702220370808687e-14,1.3660201263221929e-05,3.637700139730366e-06,2.899591894861087e-07,0.0,4.778947623491197e-16,4.150738613357655e-15,9.116989027781182e-16,4.77643991983093e-17,5.863644870773884e-12,4.3991353180858674e-13,4.702220370808687e-14,3.4626065433213464e-41,3.405308497658129e-61,8.023429513140044e-42,2.6302526045422168e-42,54709525970260.97,-4.215378046623641e-14,-9.237119438031124e-25,0.05470952597026097,2.7659874160463197e-12,-5.593834603648262e-07,-5.226800998160763e-18,2.7636604369746237e-288,2.7636604374174106e-288
-2.561556765773778,11.955971036436967,0.04716234977353751,0.1559006531723871,0.0038955155871010635,1.4737347392348307e-12,6247.533153666995,35.31149905980895,0.06008537748511034,8.277528234649779e-16,3.033306738062929e-15,8.285564111452691e-16,0.0001637479244914615,1.62207106112517e-14,0.06007112659696679,3.037060954272384e-12,0.0,0.0,0.04697942795462889,0.01262001503632872,0.0003079356814755823,1.1509652271933357e-11,5.24444422627223e-13,6.194236298171715e-14,1.7078192600997655e-05,4.528029525160662e-06,3.949772927037152e-07,0.0,6.011349137359475e-16,5.001719285462971e-15,1.2018373255879293e-15,5.265209445025554e-17,5.863644870773884e-12,5.24444422627223e-13,6.194236298171715e-14,3.4626065433213464e-41,3.405308497658129e-61,1.0125106257294671e-41,3.0295411987336e-42,60070910902805.055,-4.21399026784286e-14,-9.245197373700588e-25,0.06007091090280507,3.037046669311617e-12,2.1569416171901556e-07,1.428496076692722e-17,2.7636604369746237e-288,2.7636604374174106e-288
-2.5615175450606245,11.955462903978043,0.04771107126243678,0.1575822775249818,0.00398576594068426,1.490664989426666e-12,6315.447221598545,35.31011414479215,0.06078110884714864,8.28392698298644e-16,3.0362235241572883e-15,8.289763563851563e-16,0.00016387245339315637,1.6231284497083518e-14,0.06076759688859022,3.072264322354928e-12,0.0,0.0,0.04752862475123954,0.012760023639430714,0.0003150760444846847,1.3441659113714712e-11,5.358907763516072e-13,6.407998383184067e-14,1.7553502244369692e-05,4.65178741402808e-06,4.103123894809258e-07,0.0,6.184026635634243e-16,5.117985184901594e-15,1.243424403380115e-15,5.3288489649393026e-17,5.863644870773884e-12,5.358907763516072e-13,6.407998383184067e-14,3.4626065433213464e-41,3.405308497658129e-61,1.0419194687967424e-41,3.082782959672109e-42,60767161703540.82,-4.2126024890620783e-14,-9.245197373700588e-25,0.06076716170354082,3.0722475035190656e-12,4.351850493994336e-07,1.681883586261502e-17,2.7636604369746237e-288,2.7636604374174106e-288
-2.5610272861462087,11.949112929491971,0.05457644609939992,0.17834725400237425,0.005198728800608629,1.7019847461701496e-12,7156.1361099305095,35.29280728933036,0.06947734438389398,8.358816035308945e-16,3.0720999425337865e-15,8.336572410635046e-16,0.00016561396148279207,1.6391735468850385e-14,0.06947408214011425,3.5124399299857115e-12,0.0,0.0,0.054400570338801864,0.01449683323201257,0.00041106460775677475,1.722372619692054e-10,6.877945222107621e-13,9.497481492896734e-14,2.412441163912901e-05,6.360906149105034e-06,6.386499089631137e-07,0.0,8.620307835582422e-16,6.683251203224246e-15,1.844929532240158e-15,6.128409024144691e-17,5.863644870773884e-12,6.877945222107621e-13,9.497481492896734e-14,3.4626065433213464e-41,3.405308497658129e-61,1.2948630398948173e-41,6.091633564024877e-42,69473754457131.61,-6.024347687372256e-14,-1.3255892433589047e-24,0.06947375445713162,3.5124327466915786e-12,3.2768298262320084e-07,7.183294132834837e-18,2.7636604369746237e-288,2.7636604374174106e-288
-2.5607730053449576,11.945820637281859,0.05814337860710563,0.18893357528979934,0.0058898076137716615,1.8113552940202295e-12,7586.1898156561165,35.2838341469117,0.07398915680584321,8.393604311788231e-16,3.091541114779683e-15,8.364735268895123e-16,0.00016643995565816702,1.646305106190805e-14,0.07399175416162107,3.7408488202873706e-12,0.0,0.0,0.05797138156103476,0.015388161438070647,0.0004657712067767057,6.338389544174234e-10,7.728018594350375e-13,1.142364382538723e-13,2.80035877680171e-05,7.368051719432983e-06,7.86395277389992e-07,0.0,1.0134673853648467e-15,7.576634180111068e-15,2.22032941169942e-15,6.546130525678574e-17,5.863644870773884e-12,7.728018594350375e-13,1.142364382538723e-13,3.4626065433213464e-41,3.405308497658129e-61,1.2948630398948173e-41,1.3375685677531814e-40,73992093971358.23,-8.078260282928795e-14,-1.7747224665810564e-24,0.07399209397135827,3.740869568545404e-12,-3.3980973719593965e-07,-2.0748258033423908e-17,2.7636604369746237e-288,2.7636604374174106e-288
-2.5605370272317924,11.942766067374494,0.061458182686706456,0.19864283892870044,0.006568235410719012,1.912720697892795e-12,7981.7248069481975,35.275508916629185,0.07817760187750686,8.435105630775471e-16,3.108723456122517e-15,8.38440129979459e-16,0.00016739110958319126,1.655541276592108e-14,0.07818621282872129,3.952938150940305e-12,0.0,0.0,0.061290080919117,0.01620925246196725,0.0005194883379731038,1.913100432921842e-09,8.553271590990042e-13,1.3423422032288705e-13,3.190014551092215e-05,8.378172868425089e-06,9.434372611006537e-07,0.0,1.176894428009772e-15,8.455439205190222e-15,2.6103549119185095e-15,6.935800192541934e-17,5.863644870773884e-12,8.553271590990042e-13,1.3423422032288705e-13,3.4626065433213464e-41,3.405308497658129e-61,1.2948630398948173e-41,3.2226616110965584e-39,78186753698008.3,-8.074096946586451e-14,-1.776338053714949e-24,0.07818675369800825,3.952941887081246e-12,-5.408692869551812e-07,-3.736140940776033e-18,2.7636604369746237e-288,2.7636604374174106e-288
-2.560301702952873,11.939720678623479,0.06476875697797406,0.20821880771833093,0.007280913787574303,2.013646571632956e-12,8372.646533715335,35.26720870958829,0.08235670186956455,8.475132669830683e-16,3.12711701698328e-15,8.411271413438232e-16,0.00016818948708673592,1.6624387566066645e-14,0.08237154216257202,4.1645189766592624e-12,0.0,0.0,0.06460482817719017,0.017022594895035485,0.0005759296031788724,5.236134252740785e-09,9.40997267183425e-13,1.5631167981494113e-13,3.6076435350343006e-05,9.458987615571548e-06,1.12062010563431e-06,0.0,1.3731175774943683e-15,9.379415984432428e-15,3.041247089038822e-15,7.326210901743569e-17,5.863644870773884e-12,9.40997267183425e-13,1.5631167981494113e-13,3.4626065433213464e-41,3.405308497658129e-61,1.2948630398948173e-41,5.728127655819437e-38,82371270297806.12,-8.076872504148014e-14,-1.776338053714949e-24,0.0823712702978061,4.164501392524034e-12,2.7186476592166997e-07,1.7584135228040584e-17,2.7636604369746237e-288,2.7636604374174106e-288
-2.5600467683173767,11.936422316100135,0.0683584573856658,0.2184722441575584,0.008093401816617694,2.1227574440617385e-12,8792.047593568912,35.258219022530916,0.08688417168493899,8.511094023853273e-16,3.1471674401630223e-15,8.44007840024588e-16,0.00016903661450159985,1.6697027963826473e-14,0.08690618043527519,4.3937665056246724e-12,0.0,0.0,0.06819937815307754,0.01789747543908078,0.000640290228511146,1.4174137759190313e-08,1.0374811655722744e-12,1.827457468643577e-13,4.093494154941885e-05,1.0713915841225127e-05,1.3374536977590012e-06,0.0,1.6453955314786147e-15,1.0433939365223088e-14,3.557546590151166e-15,7.750948612146416e-17,5.863644870773884e-12,1.0374811655722744e-12,1.827457468643577e-13,3.4626065433213464e-41,3.405308497658129e-61,1.2948630398948173e-41,9.523553427627255e-37,86906164126038.14,-1.0412504192203187e-13,-2.2884791751589135e-24,0.0869061641260381,4.3937751623025235e-12,1.6309237085843087e-08,-8.65667785104215e-18,2.7636604369746237e-288,2.7636604374174106e-288
-2.559595730116114,11.930588811113601,0.07472154365211577,0.2363007206151911,0.009632046226285064,2.3151779609788208e-12,9523.554101339747,35.24231980469012,0.09489771310483376,8.583446188973623e-16,3.182215254038668e-15,8.4857398267550565e-16,0.00017075700787973054,1.685667500569198e-14,0.094933748834903,4.799626120345756e-12,0.0,0.0,0.07457188020397246,0.019428896748589344,0.0007622148743309335,6.72635221982432e-08,1.1579286007201866e-12,2.1750309419441263e-13,5.040381537874631e-05,1.3151999104460097e-05,1.7901724733004526e-06,8.33273185453299e-25,2.4131194335143814e-15,1.24356866727281e-14,4.604284023216291e-15,8.507920368214797e-17,5.863644870773884e-12,1.1562000617709834e-12,2.1750309419441263e-13,3.4626065433213464e-41,3.405308497658129e-61,1.2948630398948173e-41,1.8574210853501196e-35,94933688123457.53,-1.3053447212030278e-13,-2.870090543360261e-24,0.0949336881234574,4.799628255801108e-12,6.071144560693131e-08,-2.1354553525274443e-18,2.7636604369746237e-288,2.7636604374174106e-288
-2.5595565094029604,11.930081674144136,0.07527532852303669,0.23783253024049184,0.009772005656727896,2.3318598329224536e-12,9586.484768802706,35.24093760287984,0.09559452917203255,8.590319295670023e-16,3.185380096479988e-15,8.490302108305937e-16,0.00017089298163434902,1.686828933808937e-14,0.0956318382370706,4.834923659174198e-12,0.0,0.0,0.07512653328841781,0.01956110384710972,0.0007733081197781857,7.618731533091062e-08,1.1586388743733854e-12,2.175030941944127e-13,5.128095269632859e-05,1.3377330066842821e-05,1.8339892013817273e-06,1.2915938540713063e-24,2.5069140993581003e-15,1.2617946872972467e-14,4.703689516646839e-15,8.574056238444466e-17,5.863644870773884e-12,1.1562000617709834e-12,2.1750309419441263e-13,3.4626065433213464e-41,3.405308497658129e-61,1.2948630398948173e-41,1.8574210853501196e-35,95631990444544.88,-1.3053447212030278e-13,-2.8692827497933147e-24,0.0956319904445447,4.834932810144594e-12,-1.5220747411059943e-07,-9.15097039638484e-18,2.7636604369746237e-288,2.7636604374174106e-288
-2.5590662504885446,11.923744139982508,0.08221032327858804,0.2567255744225051,0.011602821664505488,2.539472737041265e-12,10363.101171714361,35.22366465352233,0.10431015625897089,8.678941505329517e-16,3.224396203085343e-15,8.541616218480847e-16,0.00017279820765766168,1.7043265736184445e-14,0.10436444834070323,5.276432563661516e-12,0.0,0.0,0.08207299357579782,0.021200197492215914,0.000918459064901368,3.191872797129008e-07,1.1951320977670604e-12,2.1750309419442762e-13,6.298948448931853e-05,1.6376749699717495e-05,2.4468284473851005e-06,7.738176858240369e-23,4.323316612880127e-15,1.500631448172067e-14,6.065204817665757e-15,9.405478874473135e-17,5.863644870773884e-12,1.1562000617709834e-12,2.1750309419441263e-13,3.4626065433213464e-41,3.405308497658129e-61,1.2948630398948173e-41,1.8574210853501196e-35,104364237360247.2,-1.304650831812637e-13,-2.8708983369272074e-24,0.10436423736024708,5.276415068568316e-12,2.1098045614731387e-07,1.7495093199750077e-17,2.7636604369746237e-288,2.7636604374174106e-288
-2.558851883371332,11.9209740111305,0.08524810391217437,0.26484119117854044,0.012451178060914123,2.6295087106791103e-12,10696.058170229222,35.21611466733618,0.10812259448851927,8.709518235759357e-16,3.242137556641317e-15,8.567115221440798e-16,0.00017354940584187606,1.710798946528363e-14,0.10818468592021185,5.469564584180232e-12,0.0,0.0,0.08511609503055224,0.02190929874332746,0.0009857427403301235,5.596612006096759e-07,1.2557210624717353e-12,2.1750309419449088e-13,6.855077957831553e-05,1.7795909889444037e-05,2.7549988965118e-06,3.492816425416622e-22,5.674164494947301e-15,1.611439462306318e-14,6.732181189312609e-15,9.77152470128249e-17,5.863644870773884e-12,1.1562000617709834e-12,2.1750309419441263e-13,3.4626065433213464e-41,3.405308497658129e-61,1.2948630398948173e-41,1.8574210853501196e-35,108184456074641.98,-1.6013579351437102e-13,-3.521172158318992e-24,0.10818445607464193,5.469556513374558e-12,2.2984556992400318e-07,8.070805673889954e-18,2.7636604369746237e-288,2.7636604374174106e-288
-2.5586848292866673,11.918815689927301,0.0876174314950537,0.2711040440205342,0.01313228511212995,2.6992330684048136e-12,10952.26192685942,35.21023216289686,0.11109390104069533,8.741054349539599e-16,3.2542710560216137e-15,8.575485338467847e-16,0.0001741839532325089,1.716348684297074e-14,0.111162275183722,5.62009741602886e-12,0.0,0.0,0.08748966050407347,0.022458658092919557,0.0010397726333362372,8.462062929042489e-07,1.352548363136779e-12,2.1750309419467413e-13,7.307521531252122e-05,1.8947899588134514e-05,3.0132825961123157e-06,1.0485548104516027e-21,7.0782897157393995e-15,1.7004594527931725e-14,7.283310428086864e-15,1.0057747303631748e-16,5.863644870773884e-12,1.1562000617709834e-12,2.1750309419441263e-13,3.4626065433213464e-41,3.405308497658129e-61,1.2948630398948173e-41,1.8574210853501196e-35,111162365068330.2,-1.602190602412179e-13,-3.521979951885938e-24,0.1111623650683302,5.6201127219432505e-12,-8.988460820091859e-08,-1.530591439060159e-17,2.7636604369746237e-288,2.7636604374174106e-288
-2.5585759915741284,11.917409712091994,0.0891627424522662,0.27515421914527677,0.013585027239500455,2.7444295991373137e-12,11117.557386075172,35.20640017030672,0.11303044826470918,8.761188736696448e-16,3.2640084825540912e-15,8.592335962158039e-16,0.00017468532393476332,1.721401615821946e-14,0.11310306227098207,5.7182209942957056e-12,0.0,0.0,0.08903776040620717,0.022814923973823547,0.0010756925668563714,1.0960170677644129e-06,1.4556530802820593e-12,2.175030941949676e-13,7.61139710085705e-05,1.9720313323145736e-05,3.1904165869963778e-06,2.0773569225253754e-21,8.198112787244032e-15,1.7597073876857363e-14,7.657442242071666e-15,1.0244843602476668e-16,5.863644870773884e-12,1.1562000617709834e-12,2.1750309419441263e-13,3.4626065433213464e-41,3.405308497658129e-61,1.2948630398948173e-41,1.8574210853501196e-35,113102909583325.28,-1.602190602412179e-13,-3.5203643647520455e-24,0.11310290958332526,5.718222175709524e-12,1.5268765680975793e-07,-1.1814138185919422e-18,2.7636604369746237e-288,2.7636604374174106e-288
-2.558340667295209,11.91437028960497,0.0925065092652953,0.28383437737228095,0.014589582893928992,2.841375055022886e-12,11469.982601154961,35.19811622431834,0.11721810477793784,8.7963736728226395e-16,3.2841081212190228e-15,8.622492585540067e-16,0.00017557373245600025,1.729380935844444e-14,0.11729979369680285,5.930404517583278e-12,0.0,0.0,0.09238757631183755,0.02358123625825323,0.0011554073940637875,1.8663114115890227e-06,1.8659068841561635e-12,2.1750309419700832e-13,8.293335795369437e-05,2.1449923313132416e-05,3.598218444791755e-06,8.396555675485894e-21,1.130252055437027e-14,1.8911595086971746e-14,8.507768240286989e-15,1.0650901651912408e-16,5.863644870773884e-12,1.1562000617709834e-12,2.1750309419441263e-13,3.4626065433213464e-41,3.405308497658129e-61,1.2948630398948173e-41,1.8574210853501196e-35,117299755903501.95,-1.922767500772693e-13,-4.224760355129233e-24,0.11729975590350193,5.930405043369519e-12,3.779330091935318e-08,-5.257862411298509e-19,2.7636604369746237e-288,2.7636604374174106e-288
-2.5580857326597126,11.911078388950097,0.09613332839088891,0.2931171058258995,0.015716558477598137,2.944903815672847e-12,11842.978676226247,35.18914414908349,0.12175571439992279,8.845028208429585e-16,3.304460728157564e-15,8.644281774145173e-16,0.0001766145419106102,1.738874296085622e-14,0.12184734243049299,6.16033321307549e-12,0.0,0.0,0.09602084535260612,0.024405021596103818,0.001244860939680166,3.1951541988795683e-06,2.8417446701047676e-12,2.1750309420663543e-13,9.0712115915944e-05,2.3416522353685934e-05,4.080007455712197e-06,3.39127996639067e-20,1.5992390252393366e-14,2.038679113971356e-14,9.49408078448045e-15,1.1092854517934894e-16,5.863644870773884e-12,1.1562000617709834e-12,2.1750309419441263e-13,3.4626065433213464e-41,3.405308497658129e-61,1.2948630398948173e-41,1.8574210853501196e-35,121848011827359.47,-1.922767500772693e-13,-4.2231447679953405e-24,0.12184801182735953,6.1603543698759624e-12,-6.693968665483219e-07,-2.1156800472435698e-17,2.7636604369746237e-288,2.7636604374174106e-288
-2.55763469445845,11.905256312465339,0.10256616107770399,0.30923243994776783,0.017808179399224012,3.1230349588505057e-12,12475.84505124909,35.17327607962428,0.12979106624187892,8.921638799971398e-16,3.3440035890671046e-15,8.70366489927112e-16,0.0001783778597140907,1.7546834079466074e-14,0.12989956404387865,6.5674207968747795e-12,0.0,0.0,0.10246410261565984,0.02584613319133169,0.0014109503769455366,7.559945094085095e-06,7.800145972299119e-12,2.1750309433718525e-13,0.0001055014830497461,2.713693489566564e-05,5.041477224302603e-06,3.062664225252204e-19,2.8956745345277315e-14,2.3124224174000527e-14,1.140940038793672e-14,1.188091854047682e-16,5.863644870773884e-12,1.1562000617709834e-12,2.1750309419441263e-13,3.4626065433213464e-41,3.405308497658129e-61,1.2948630398948173e-41,1.8574210853501196e-35,129899188941314.03,-2.275124533213102e-13,-4.99297203729518e-24,0.12989918894131416,6.567403310377912e-12,3.7510256448158863e-07,1.7486496867405788e-17,2.7636604369746237e-288,2.7636604374174106e-288
-2.5575954737452964,11.90475016903505,0.10312616459546865,0.3106153705690155,0.017996006161735918,3.138145121391151e-12,12528.963170018702,35.17189658570503,0.1304899053501387,8.929045957659014e-16,3.3474365399551427e-15,8.708581353928197e-16,0.00017852532791099931,1.755940685104418e-14,0.13059978241248402,6.602823869158792e-12,0.0,0.0,0.10302490906248098,0.02597047866171234,0.0014258693601522058,8.106655671433434e-06,8.575430434979103e-12,2.1750309436838445e-13,0.00010685112268354309,2.747524417584594e-05,5.13203181161072e-06,3.6529645521754697e-19,3.043506900810822e-14,2.336979256898792e-14,1.1586406983092112e-14,1.194976313135667e-16,5.863644870773884e-12,1.1562000617709834e-12,2.1750309419441263e-13,3.4626065433213464e-41,3.405308497658129e-61,1.2948630398948173e-41,1.8574210853501196e-35,130599548809396.06,-2.275124533213102e-13,-4.988933069460448e-24,0.1305995488093962,6.60281188955061e-12,2.3360308781805728e-07,1.1979608182445463e-17,2.7636604369746237e-288,2.7636604374174106e-288
-2.5572113673564556,11.899794323895552,0.10862027649030295,0.3240012228303793,0.019884418065805515,3.2821856994134196e-12,13030.250958095126,35.15838942977732,0.13733896535572324,9.004013188559211e-16,3.380276383414972e-15,8.750010230239137e-16,0.00018015849162482007,1.7709851034691726e-14,0.13746131062795441,6.9497067817518565e-12,0.0,0.0,0.10852546555015817,0.02717978265727801,0.0015759039286659543,1.5435405658452735e-05,2.1547256539500435e-11,2.175030952552367e-13,0.00012062446551341647,3.091629228439011e-05,6.081450004074326e-06,1.823627402076407e-18,4.862847867158116e-14,2.5836360511674705e-14,1.3409578450574368e-14,1.2626923634831445e-16,5.863644870773884e-12,1.1562000617709834e-12,2.1750309419441263e-13,3.4626065433213464e-41,3.405308497658129e-61,1.2948630398948173e-41,1.8574210853501196e-35,137460672003569.55,-2.2745694217007895e-13,-4.9792395466570924e-24,0.13746067200356962,6.949694449369226e-12,6.386243847911199e-07,1.233238263043254e-17,2.7636604369746237e-288,2.7636604374174106e-288
-2.5571052148308806,11.898425050825855,0.11014072113535228,0.32765043569333285,0.020422067434131743,3.3205881991807094e-12,13162.218522148898,35.15465747602587,0.13923239775863622,9.016357113822156e-16,3.389841032102804e-15,8.76425161677139e-16,0.00018057421222370088,1.7747418853309596e-14,0.13935763975969398,7.0455974489952404e-12,0.0,0.0,0.11004711553916283,0.027511316886960034,0.001618633121082329,1.821823041957858e-05,2.7548833105304867e-11,2.175030958753896e-13,0.00012461263422988716,3.1908772866957404e-05,6.364639657852775e-06,2.742973983969246e-18,5.4995621544620695e-14,2.6537273464685072e-14,1.3942292006026982e-14,1.2815119428795852e-16,5.863644870773884e-12,1.1562000617709834e-12,2.1750309419441263e-13,3.4626065433213464e-41,3.405308497658129e-61,1.2948630398948173e-41,1.8574210853501196e-35,139357525249886.62,-2.6509350270487175e-13,-5.8023811913753885e-24,0.1393575252498867,7.045594973388602e-12,1.1450980727523152e-07,2.4756066382416368e-18,2.7636604369746237e-288,2.7636604374174106e-288
-2.5566149559164644,11.892103032802233,0.11718142516193401,0.344222501146231,0.022992908686770855,3.488463134233653e-12,13728.9758779786,35.13742681590248,0.14798734504507396,9.113650345072193e-16,3.433167441856549e-15,8.821179077719769e-16,0.00018267866088348742,1.7939736541840183e-14,0.148121900234883,7.488711446562245e-12,0.0,0.0,0.1170887710063555,0.02902742278334369,0.0018230277840353447,3.67514371324578e-05,7.884641304019668e-11,2.175031056468065e-13,0.00014409728155359385,3.673261221629069e-05,7.798151086727153e-06,1.4977167251905997e-17,9.344457159763373e-14,2.987680970197037e-14,1.6565326934198172e-14,1.3689671735083768e-16,5.863644870773884e-12,1.1562000617709834e-12,2.1750309419441263e-13,3.4626065433213464e-41,3.405308497658129e-61,1.2948630398948173e-41,1.8574210853501196e-35,148121945872753.6,-2.6501023597802487e-13,-5.80642015921012e-24,0.14812194587275362,7.488703860220566e-12,-4.563787062150659e-08,7.586341678892097e-18,2.7636604369746237e-288,2.7636604374174106e-288
-2.5565966532283784,11.89186707482099,0.11744493335066344,0.344832233721881,0.023091670343305323,3.4944013839497878e-12,13748.67913407541,35.1367837124246,0.14831458396186015,9.117260522083891e-16,3.43485576495701e-15,8.823685627105327e-16,0.00018275388875803306,1.7946395400595364e-14,0.148449319936452,7.505263305847585e-12,0.0,0.0,0.11735213916681463,0.02908354442280229,0.001830882457812052,3.765380351963093e-05,8.176706764675365e-11,2.175031064196882e-13,0.0001448596196704596,3.692049942309024e-05,7.855851979134474e-06,1.586645759849986e-17,9.519600158229507e-14,3.000461497064016e-14,1.6668425206080085e-14,1.3722512382965499e-16,5.863644870773884e-12,1.1562000617709834e-12,2.1750309419441263e-13,3.4626065433213464e-41,3.405308497658129e-61,1.2948630398948173e-41,1.8574210853501196e-35,148449270184898.7,-2.6501023597802487e-13,-5.808035746344013e-24,0.1484492701848987,7.505252622292667e-12,4.9751553293786444e-08,1.0683554917275863e-17,2.7636604369746237e-288,2.7636604374174106e-288
-2.556379631637545,11.889069564890608,0.12057183315696227,0.3520133802854727,0.02427813626054703,3.5628290419028872e-12,13973.715567143787,35.12915909910935,0.15219575311537542,9.151994639922387e-16,3.454857845156255e-15,8.852660836436129e-16,0.00018361460624514455,1.8021520508825983e-14,0.15233152461680055,7.701531428811623e-12,0.0,0.0,0.12047623366804999,0.02974641710901721,0.001925259233182627,4.9697037906719175e-05,1.238309325433502e-10,2.1750311985140077e-13,0.00015409754899413163,3.919224237292526e-05,8.5642654622066e-06,3.052928749976617e-17,1.178590413035078e-13,3.153632048032795e-14,1.791912632370882e-14,1.4112810810719066e-16,5.863644870773884e-12,1.1562000617709834e-12,2.1750309419441263e-13,3.4626065433213464e-41,3.405308497658129e-61,1.2948630398948173e-41,1.8574210853501196e-35,152331158133266.78,-3.0558888752807434e-13,-6.694993082851068e-24,0.15233115813326678,7.701511921295268e-12,3.6648353377022325e-07,1.9507516355913697e-17,2.7636604369746237e-288,2.7636604374174106e-288
-2.5561246970020486,11.88578411344467,0.12425203221476422,0.36033428103791976,0.025707971517646734,3.638323489341068e-12,14217.119508612468,35.12020460119345,0.15675862885212316,9.202883235179216e-16,3.4785200238801705e-15,8.88646345724521e-16,0.00018463288385614155,1.8108378084617673e-14,0.1568928264822492,7.932129069042289e-12,0.0,0.0,0.12415017531742098,0.03051898589318062,0.0020390323874859384,6.728597897021267e-05,1.9414833703738602e-10,2.1750315104342698e-13,0.00016542908162657717,4.196614873159805e-05,9.45568894185743e-06,6.160978996640206e-17,1.4915204679112083e-13,3.3372373999509735e-14,1.9454355394048278e-14,1.4573348347516667e-16,5.863644870773884e-12,1.1562000617709834e-12,2.1750309419441263e-13,3.4626065433213464e-41,3.405308497658129e-61,1.2948630398948173e-41,1.8574210853501196e-35,156892815405329.28,-3.055333763768431e-13,-6.698224257118853e-24,0.15689281540532926,7.932138789049517e-12,1.1076919936847673e-08,-9.720007228254859e-18,2.7636604369746237e-288,2.7636604374174106e-288
-2.555673658800786,11.879973443071949,0.13078529177010245,0.37474916547529086,0.028330406034698264,3.75832574680257e-12,14590.573000896404,35.10436761909259,0.16484397420784092,9.287853359130818e-16,3.520075663244045e-15,8.940932713390033e-16,0.0001866627526472836,1.8295837022655902e-14,0.164967134483545,8.340370495393637e-12,0.0,0.0,0.13066342605499456,0.03186923365533933,0.0022478120202155173,0.00010867725611548586,3.910385990382901e-10,2.1750328726314174e-13,0.00018681154100710605,4.7162611378676994e-05,1.1201017693682245e-05,1.8137663467020264e-16,2.17592706128438e-13,3.670987258290407e-14,2.2342210628108397e-14,1.539463332894871e-16,5.863644870773884e-12,1.1562000617709834e-12,2.1750309419441263e-13,3.4626065433213464e-41,3.405308497658129e-61,1.2948630398948173e-41,1.8574210853501196e-35,164967715119118.78,-3.4830471840052724e-13,-7.636880381910472e-24,0.16496771511911879,8.340387089470157e-12,-5.806355737880686e-07,-1.659407651913291e-17,2.7636604369746237e-288,2.7636604374174106e-288
-2.5556344380876324,11.879468291234385,0.13135474662446328,0.37598436197772367,0.028564160828893303,3.767919955418593e-12,14619.546232701372,35.102990827759314,0.16554785322726673,9.295883933235044e-16,3.5238167633125476e-15,8.946295559748851e-16,0.00018682458093371388,1.8309707459887753e-14,0.16566948823565877,8.375879415666722e-12,0.0,0.0,0.13123056150013107,0.031985673296002645,0.0022664288582429954,0.00011293991611757934,4.1332530788700606e-10,2.1750330668972407e-13,0.00018875479178487604,4.7632435121219906e-05,1.1363529863657388e-05,1.9742268793078634e-16,2.24352165573996e-13,3.700505819195698e-14,2.260350829015187e-14,1.5466418120899463e-16,5.863644870773884e-12,1.1562000617709834e-12,2.1750309419441263e-13,3.4626065433213464e-41,3.405308497658129e-61,1.2948630398948173e-41,1.8574210853501196e-35,165670138578422.2,-3.4833247397614286e-13,-7.63526479477658e-24,0.1656701385784222,8.37589999905422e-12,-6.503427634196868e-07,-2.0583387498080517e-17,2.7636604369746237e-288,2.7636604374174106e-288
-2.5551441791732166,11.873155564653352,0.1384938660863826,0.39117476271307716,0.031560293741370635,3.876617116831075e-12,14935.543148887971,35.08578549146271,0.174359288470263,9.390926612564014e-16,3.570129506178265e-15,9.007502521135347e-16,0.00018906535340283638,1.8515460143802985e-14,0.1744543418147763,8.820009887911816e-12,0.0,0.0,0.1383325462376371,0.033427576928653016,0.002505153294689257,0.00017556194467419095,7.725066277468232e-10,2.1750371404020725e-13,0.00021424209592817321,5.375745475541913e-05,1.3551157430130609e-05,5.098000507447932e-16,3.1969781942820924e-13,4.075454724253987e-14,2.6003194855457245e-14,1.636928857626009e-16,5.863644870773884e-12,1.1562000617709834e-12,2.1750309419441263e-13,3.4626065433213464e-41,3.405308497658129e-61,1.2948630398948173e-41,1.8574210853501196e-35,174453920126255.6,-3.940736625906993e-13,-8.636928817790012e-24,0.17445392012625555,8.819987729586077e-12,4.216885207408705e-07,2.215832573913255e-17,2.7636604369746237e-288,2.7636604374174106e-288
-2.5546539202588003,11.866845932184274,0.14566639475164933,0.4059079038148143,0.03469567998479546,3.9653481637936455e-12,15170.508948056855,35.06858858816824,0.18319002083989183,9.487921761507838e-16,3.6172360596785316e-15,9.06828772361155e-16,0.0001913052291783711,1.871756574103363e-14,0.1832445171459255,9.264405787970853e-12,0.0,0.0,0.14545316694416205,0.03484486113418122,0.002755183837960904,0.0002553023243741867,1.2905652259131073e-09,2.1750455836302223e-13,0.00024207451688641754,6.0368966881479695e-05,1.60512077998193e-05,1.0970345766095073e-15,4.3424598915381086e-13,4.4600692703517416e-14,2.9641409773173257e-14,1.7281579104436342e-16,5.863644870773884e-12,1.1562000617709834e-12,2.1750309419441263e-13,3.4626065433213464e-41,3.405308497658129e-61,1.2948630398948173e-41,1.8574210853501196e-35,183244164786533.47,-4.429234756742062e-13,-9.711294261828612e-24,0.18324416478653352,9.264402220172483e-12,3.523593919696477e-07,3.5677983697414126e-18,2.7636604369746237e-288,2.7636604374174106e-288
-2.554508477170088,11.864974674453965,0.14780009188305468,0.4101906340828057,0.03565208176431135,3.988155007073806e-12,15226.121630912114,35.063488475224275,0.1858128390629043,9.519184729681402e-16,3.631969455997318e-15,9.090485776668907e-16,0.00019197488728744935,1.877789719865425e-14,0.1858528347927552,9.396300264942334e-12,0.0,0.0,0.14756882799321758,0.03526053576463939,0.0028314961471677747,0.000282074603511022,1.4746836995772088e-09,2.175049184035627e-13,0.0002508107136734331,6.242809349678523e-05,1.6858113360697928e-05,1.3359948840405794e-15,4.716265988361665e-13,4.575751185626568e-14,3.076471317658926e-14,1.7554262624001155e-16,5.863644870773884e-12,1.1562000617709834e-12,2.1750309419441263e-13,3.4626065433213464e-41,3.405308497658129e-61,1.2948630398948173e-41,1.8574210853501196e-35,185853174192043.06,-4.430067424010531e-13,-9.714525436096397e-24,0.18585317419204306,9.396307716628596e-12,-3.393992878686358e-07,-7.451686262062516e-18,2.7636604369746237e-288,2.7636604374174106e-288
-2.554418595979881,11.86381840718236,0.14912029492340073,0.41281731381347186,0.03624924440231658,4.001497021444465e-12,15257.49385332551,35.06033706877552,0.18743470039325114,9.538562803330085e-16,3.641034335923809e-15,9.103620289675567e-16,0.00019237250785618482,1.8812432246927232e-14,0.18746520204384676,9.477823048471875e-12,0.0,0.0,0.1488773296281641,0.03551634497601043,0.0028791549313730127,0.00029928867747731696,1.5950895840628867e-09,2.1750516877393668e-13,0.00025632338224026134,6.372355406264749e-05,1.7372478776050627e-05,1.4996176633336139e-15,4.954491451087458e-13,4.647563972140634e-14,3.14686703274494e-14,1.7723196542133718e-16,5.863644870773884e-12,1.1562000617709834e-12,2.1750309419441263e-13,3.4626065433213464e-41,3.405308497658129e-61,1.2948630398948173e-41,1.8574210853501196e-35,187465779313013.3,-4.430067424010531e-13,-9.712909848962505e-24,0.18746577931301334,9.477837311201948e-12,-5.772691665795193e-07,-1.4262730072283976e-17,2.7636604369746237e-288,2.7636604374174106e-288
-2.5541636613443846,11.86053939231062,0.1528715417157336,0.4201838258961949,0.03796761470436092,4.036394628679708e-12,15334.804419411921,35.051400113742595,0.19203883555559545,9.595567472479455e-16,3.665404671315678e-15,9.13070280804526e-16,0.00019361224103750917,1.8925345391602923e-14,0.19204054227654144,9.709130683379775e-12,0.0,0.0,0.15259324411292258,0.03623734364979051,0.003016342272347882,0.0003507421782253644,1.9625530508515003e-09,2.1750599920151445e-13,0.00027244457541400046,6.749503861351658e-05,1.889900643163125e-05,2.031346074766204e-15,5.658450144319127e-13,4.852495557793836e-14,3.3505193754483415e-14,1.8204081426168893e-16,5.863644870773884e-12,1.1562000617709834e-12,2.1750309419441263e-13,3.4626065433213464e-41,3.405308497658129e-61,1.2948630398948173e-41,1.8574210853501196e-35,192040877300379.78,-4.4297898682543746e-13,-9.708063087560827e-24,0.19204087730037986,9.709143710513714e-12,-3.3502383842143324e-07,-1.3027133938821017e-17,2.7636604369746237e-288,2.7636604374174106e-288
-2.553712623143122,11.85474010570406,0.15952854457822024,0.43291523465103177,0.04109695721618688,4.088625560048317e-12,15434.191850791363,35.035594158096416,0.20019505634796278,9.686653671129816e-16,3.712283217947193e-15,9.200258079608457e-16,0.00019570765280296432,1.9112586672831685e-14,0.2001396342938599,1.0118605255900713e-11,0.0,0.0,0.1591810301710365,0.037496541419318,0.0032663550502073646,0.0004503100031615312,2.695137207725866e-09,2.1750790984849893e-13,0.0003027955959773441,7.452896704009355e-05,2.1858428094331803e-05,3.215120915454306e-15,6.995806872475294e-13,5.219050722328653e-14,3.7248288386409837e-14,1.9062105709083001e-16,5.863644870773884e-12,1.1562000617709834e-12,2.1750309419441263e-13,3.4626065433213464e-41,3.405308497658129e-61,1.2948630398948173e-41,1.8574210853501196e-35,200139569300019.2,-4.950762022559729e-13,-1.0859976714026273e-23,0.20013956930001933,1.0118594894017196e-11,6.499384055946855e-08,1.0361883516914766e-17,2.7636604369746237e-288,2.7636604374174106e-288
-2.5536734024299683,11.854235943516574,0.16010851896410883,0.43400420693913255,0.0413745261550699,4.092649775971633e-12,15440.815078374157,35.03422006405442,0.20090482890484085,9.69538679268924e-16,3.7163605910177065e-15,9.206063351873985e-16,0.00019588409827365002,1.912767385427396e-14,0.20084412997866424,1.0154220339627419e-11,0.0,0.0,0.15975464356212923,0.03760506017197148,0.0032885421457947836,0.00045942461668708806,2.7630794757077624e-09,2.1750810193011182e-13,0.00030554921470708627,7.51629539264772e-05,2.2132186401512055e-05,3.3321397681135525e-15,7.117046826512189e-13,5.2511383177766194e-14,3.7581992080613636e-14,1.9137096224254478e-16,5.863644870773884e-12,1.1562000617709834e-12,2.1750309419441263e-13,3.4626065433213464e-41,3.405308497658129e-61,1.2948630398948173e-41,1.8574210853501196e-35,200844062412404.28,-4.951039578315886e-13,-1.0859976714026273e-23,0.20084406241240443,1.0154212440486302e-11,6.756625980930409e-08,7.899141116434752e-18,2.7636604369746237e-288,2.7636604374174106e-288
-2.553506152662111,11.852086255311477,0.16258396662025573,0.4386154218509429,0.042567867320661125,4.108976728886038e-12,15465.824152794752,35.028361088851426,0.203932742132803,9.732795413844495e-16,3.733822590857974e-15,9.230887706218165e-16,0.00019663878896156872,1.9192111324465637e-14,0.2038491023024909,1.030611806567366e-11,0.0,0.0,0.16220245329154268,0.038066058757470475,0.0033839514640210534,0.0004990166234725722,3.0591574968640897e-09,2.1750896482727528e-13,0.00031750329475916473,7.790740833970988e-05,2.3330359975845585e-05,3.854763903652525e-15,7.641996756429559e-13,5.388314014915637e-14,3.901941534197839e-14,1.9457544611484262e-16,5.863644870773884e-12,1.1562000617709834e-12,2.1750309419441263e-13,3.4626065433213464e-41,3.405308497658129e-61,1.2948630398948173e-41,1.8574210853501196e-35,203848713548638.8,-4.951594689828198e-13,-1.0858361126892381e-23,0.20384871354863898,1.0306120670086967e-11,3.88753851915391e-07,-2.6044133073368926e-18,2.7636604369746237e-288,2.7636604374174106e-288
-2.553497132106025,11.851970322869475,0.16271758111816398,0.43886262942820337,0.042632675400370044,4.109820363823775e-12,15467.029926777583,35.02804511498075,0.20409610587308058,9.734820840057424e-16,3.734767977413397e-15,9.232230739781166e-16,0.00019667962484488214,1.9195595733003076e-14,0.20401121012154363,1.03143116982339e-11,0.0,0.0,0.16233455507073932,0.038090841473923255,0.0033891339515410364,0.000501183927009953,3.0753994017457264e-09,2.1750901332712377e-13,0.00031815787958495957,7.80573260104643e-05,2.3396420150387813e-05,3.8840073683260335e-15,7.670661667831975e-13,5.3957278274803996e-14,3.9097600387542165e-14,1.9474858534625478e-16,5.863644870773884e-12,1.1562000617709834e-12,2.1750309419441263e-13,3.4626065433213464e-41,3.405308497658129e-61,1.2948630398948173e-41,1.8574210853501196e-35,204010789756247.88,-4.951594689828198e-13,-1.0859976714026273e-23,0.2040107897562479,1.0314314869227543e-11,4.20365295739078e-07,-3.1709936422010024e-18,2.7636604369746237e-288,2.7636604374174106e-288
-2.5531831435155525,11.847935584287093,0.1673720121774199,0.4473705844301491,0.04491479813957905,4.137088422737682e-12,15500.951221123798,35.01704843497447,0.20978255275973362,9.799021812404337e-16,3.7669064118917675e-15,9.272666522107328e-16,0.00019831894835139547,1.935005601314574e-14,0.20965317878989484,1.0599596581911868e-11,0.0,0.0,0.16693513432620802,0.038948030063283984,0.0035716954515036255,0.0005784618812756925,3.6554588108124448e-09,2.1751081738223729e-13,0.0003415840300634418,8.33982527068089e-05,2.5790335438582457e-05,4.964369167250586e-15,8.688981600229582e-13,5.6546922649928396e-14,4.186035204488809e-14,2.0080176395782093e-16,5.863644870773884e-12,1.1562000617709834e-12,2.1750309419441263e-13,3.4626065433213464e-41,3.405308497658129e-61,1.2948630398948173e-41,1.8574210853501196e-35,209653724870641.47,-5.478117959256679e-13,-1.2018352689027291e-23,0.20965372487064152,1.0599608650139901e-11,-5.460807466772799e-07,-1.2068228033584077e-17,2.7636604369746237e-288,2.7636604374174106e-288
-2.5526928846011363,11.841638313107847,0.17466207706499193,0.4602842395071259,0.048586223574468526,4.1725474773336096e-12,15526.711652606235,34.99988522237543,0.21867181548520742,9.904904791183773e-16,3.818582347614105e-15,9.34080500153816e-16,0.00020080950984101604,1.957753102492624e-14,0.2184704496556127,1.1045354340047714e-11,0.0,0.0,0.1741377676521388,0.04026620352431969,0.0038656689687080574,0.0007050504966259076,4.601553363790345e-09,2.1751401434012648e-13,0.0003807410837724312,9.222419837206124e-05,2.991447620437283e-05,6.857901518185735e-15,1.0347352536342931e-12,6.062142168129817e-14,4.63304505026144e-14,2.103415768821177e-16,5.863644870773884e-12,1.1562000617709834e-12,2.1750309419441263e-13,3.4626065433213464e-41,3.405308497658129e-61,1.2948630398948173e-41,1.8574210853501196e-35,218469869426616.4,-6.051270595719416e-13,-1.3280126240597436e-23,0.2184698694266165,1.1045332579700678e-11,5.802289961831519e-07,2.1760347035507772e-17,2.7636604369746237e-288,2.7636604374174106e-288
-2.552457560322217,11.8386167193728,0.17816833540591176,0.46632271924951507,0.05039494113570193,4.187089514872428e-12,15529.739218350589,34.99164986865056,0.22294038289440535,9.959861480946634e-16,3.844360214845427e-15,9.377951965478828e-16,0.0002019423648766939,1.967584339677472e-14,0.22270400609542387,1.1259409665293767e-11,0.0,0.0,0.17760127267937545,0.04089017110181569,0.004010619948750953,0.0007677634646899148,5.064724929274808e-09,2.1751567209933762e-13,0.0004007007381532374,9.667666243685459e-05,3.207196457094692e-05,7.835537637053428e-15,1.116721331683041e-12,6.258870313429139e-14,4.854176239059658e-14,2.149603279761351e-16,5.863644870773884e-12,1.1562000617709834e-12,2.1750309419441263e-13,3.4626065433213464e-41,3.405308497658129e-61,1.2948630398948173e-41,1.8574210853501196e-35,222703922650667.88,-6.050715484207103e-13,-1.3278510653463544e-23,0.22270392265066788,1.12593965425828e-11,8.344475599386669e-08,1.3122710966984918e-17,2.7636604369746237e-288,2.7636604374174106e-288
-2.5524203011117996,11.838138371562472,0.17872402349881758,0.4672693108929972,0.05068409192410374,4.189265590842164e-12,15529.745547104316,34.990346131693514,0.22361645729417584,9.968608818205766e-16,3.848454111866155e-15,9.383776010998617e-16,0.0002021202214434011,1.9691086811162977e-14,0.22337453924227615,1.1293308264116332e-11,0.0,0.0,0.17815017105710412,0.04098844766832093,0.004033800294802635,0.0007777846824974859,5.138271166738197e-09,2.175159400838084e-13,0.00040393224078365427,9.739468944470728e-05,3.242461680143441e-05,7.993516808854734e-15,1.1298215727043977e-12,6.290079971432222e-14,4.889570736949735e-14,2.1569371840617801e-16,5.863644870773884e-12,1.1562000617709834e-12,2.1750309419441263e-13,3.4626065433213464e-41,3.405308497658129e-61,1.2948630398948173e-41,1.8574210853501196e-35,223374443094251.94,-6.050715484207103e-13,-1.3278510653463544e-23,0.22337444309425197,1.1293296509293599e-11,9.61480241812307e-08,1.1754822733094753e-17,2.7636604369746237e-288,2.7636604374174106e-288
-2.5522026256867205,11.835344128465279,0.18197326897376329,0.47274767028303655,0.0523884212784201,4.201360724961399e-12,15527.485644718143,34.982730422132114,0.22756730946112197,1.0011234324533144e-15,3.8724923232581915e-15,9.4178792611728e-16,0.00020315033073722,1.9779887742445014e-14,0.22729311511604783,1.1491387011165843e-11,0.0,0.0,0.1813597212679544,0.04155976855449762,0.004170474962233353,0.0008367554706748341,5.568093835241332e-09,2.1751752964724326e-13,0.00042320776486569567,0.00010166163088873223,3.4546966786124604e-05,8.930853736512314e-15,1.206936180553318e-12,6.472726985844044e-14,5.0984167854245946e-14,2.199896704392325e-16,5.863644870773884e-12,1.1562000617709834e-12,2.1750309419441263e-13,3.4626065433213464e-41,3.405308497658129e-61,1.2948630398948173e-41,1.8574210853501196e-35,227292500835284.12,-6.252220963176569e-13,-1.3719565941016232e-23,0.22729250083528402,1.1491384469568167e-11,6.142807638109815e-07,2.541597675293123e-18,2.7636604369746237e-288,2.7636604374174106e-288
-2.551751587485458,11.829556203322783,0.18871623456833697,0.4838166798799891,0.05599821087790641,4.22366233192199e-12,15512.70369147841,34.96695543215624,0.2357541110132687,1.0121010751112785e-15,3.922054651672223e-15,9.483025188249392e-16,0.00020557514059355136,2.0001834072969316e-14,0.23541449005296886,1.1902025417363169e-11,0.0,0.0,0.18802084976281402,0.04272785854107035,0.004460206607833332,0.000960740966072975,6.4530161736255845e-09,2.1752091084906242e-13,0.00046535616054974683,0.00011089993424189623,3.929522295297843e-05,1.0930258771852215e-14,1.3693964253191489e-12,6.852752918123418e-14,5.542203401341719e-14,2.2896459815432708e-16,5.863644870773884e-12,1.1562000617709834e-12,2.1750309419441263e-13,3.4626065433213464e-41,3.405308497658129e-61,1.2948630398948173e-41,1.8574210853501196e-35,235415055010083.53,-6.575850974854802e-13,-1.443042427992899e-23,0.23541505501008345,1.1902042069596767e-11,-5.649571145904808e-07,-1.6652233597598164e-17,2.7636604369746237e-288,2.7636604374174106e-288
-2.5517123667723043,11.829053028846541,0.18930351774618762,0.48476133838090324,0.05631728900845535,4.2254508113190195e-12,15510.869388657266,34.96558403012124,0.23646635325127818,1.0130497527994997e-15,3.9265013557485785e-15,9.48935670037387e-16,0.00020576895658206153,2.0018486863423108e-14,0.23612113412636443,1.19377469809418e-11,0.0,0.0,0.18860107599041645,0.04282845609367086,0.004485833085037496,0.0009716071827401134,6.529241854036726e-09,2.1752120797176456e-13,0.0004691654269686624,0.00011172888163661872,3.9731321429595434e-05,1.1106538135437506e-14,1.3836661663602573e-12,6.885890956587326e-14,5.581487354469695e-14,2.297494110821958e-16,5.863644870773884e-12,1.1562000617709834e-12,2.1750309419441263e-13,3.4626065433213464e-41,3.405308497658129e-61,1.2948630398948173e-41,1.8574210853501196e-35,236121623855094.78,-6.575573419098646e-13,-1.4427193105661205e-23,0.23612162385509466,1.1937764560318653e-11,-4.897287302352282e-07,-1.757937685298762e-17,2.7636604369746237e-288,2.7636604374174106e-288
-2.5512221078578885,11.822765012739556,0.19665415815996143,0.4963276316311828,0.060371653709800056,4.2462845333199625e-12,15482.546099517876,34.948446042221654,0.2453702849271285,1.0243372561427148e-15,3.981700505894527e-15,9.562409446801914e-16,0.0002084339365477095,2.0262064362373466e-14,0.24495733672496334,1.238448806846287e-11,0.0,0.0,0.19586482953372622,0.044072378050702306,0.004811695203267242,0.0011081195116750915,7.467030103961262e-09,2.175249252342021e-13,0.0005187908854397911,0.00012244193816795968,4.5512015868977994e-05,1.3323227649980826e-14,1.5635277734299587e-12,7.301246719679468e-14,6.081737590649078e-14,2.3962535620690607e-16,5.863644870773884e-12,1.1562000617709834e-12,2.1750309419441263e-13,3.4626065433213464e-41,3.405308497658129e-61,1.2948630398948173e-41,1.8574210853501196e-35,244957243247933.8,-7.198686091669515e-13,-1.5784286298131016e-23,0.24495724324793375,1.238447309270207e-11,9.34770295890619e-08,1.4975760799127213e-17,2.7636604369746237e-288,2.7636604374174106e-288
-2.5507318489434723,11.816480078632967,0.20402099385490396,0.5074489145974005,0.06455091342559156,4.264897159465903e-12,15446.547711380828,34.93131645431415,0.2542749997587395,1.0358502055123815e-15,4.037841192580855e-15,9.63509609900003e-16,0.00021110214512197562,2.050204263595713e-14,0.25379889171699677,1.2831496134617454e-11,0.0,0.0,0.20314804292894736,0.04529168733720209,0.005148059304938929,0.0012452066358176728,8.369939824976082e-09,2.1752859224232864e-13,0.0005722557098611151,0.00013381454741661025,5.193456103081044e-05,1.5535353770671066e-14,1.7454770403767745e-12,7.71852917371836e-14,6.59875494864237e-14,2.496135095488723e-16,5.863644870773884e-12,1.1562000617709834e-12,2.1750309419441263e-13,3.4626065433213464e-41,3.405308497658129e-61,1.2948630398948173e-41,1.8574210853501196e-35,253799363779186.72,-7.863709683419984e-13,-1.7254470589973312e-23,0.25379936377918666,1.2831510307645311e-11,-4.7206218989348514e-07,-1.4173027856929424e-17,2.7636604369746237e-288,2.7636604374174106e-288
-2.5504991791381735,11.813498417593152,0.20752330105241637,0.512571694059298,0.06657698225859858,4.273219672683648e-12,15427.78022171998,34.923189937150134,0.2585016425189818,1.0417572408504346e-15,4.065755197303321e-15,9.676086248215222e-16,0.00021235935503440535,2.061362982950019e-14,0.25799744413025094,1.3043769226241692e-11,0.0,0.0,0.2066120855092745,0.045861701184666065,0.005311298080489536,0.0013102367009205863,8.784196346487923e-09,2.1753029726341184e-13,0.0005990211577787805,0.00013944604901201243,5.5220533975601444e-05,1.6574180238597295e-14,1.83232948396134e-12,7.91718649003248e-14,6.849893848347852e-14,2.543970098542919e-16,5.863644870773884e-12,1.1562000617709834e-12,2.1750309419441263e-13,3.4626065433213464e-41,3.405308497658129e-61,1.2948630398948173e-41,1.8574210853501196e-35,257997982752599.78,-7.864264794932296e-13,-1.7251239415705526e-23,0.2579979827525997,1.3043782796563359e-11,-5.386223487779951e-07,-1.3570321667354438e-17,2.7636604369746237e-288,2.7636604374174106e-288
-2.550496524664553,11.81346440454476,0.2075632846644608,0.5126295643134057,0.0666002593346305,4.273313005054655e-12,15427.560874411276,34.92309723458674,0.2585498701630924,1.04182487309023e-15,4.0660731524324365e-15,9.676540491717001e-16,0.00021237332236496452,2.0614837498402178e-14,0.258045358493783,1.3046191426206809e-11,0.0,0.0,0.2066516383501936,0.04586817267343544,0.005313174147002648,0.001310978108508673,8.788866717122254e-09,2.1753031655677927e-13,0.0005993317942415011,0.00013951117428282953,5.525893659145516e-05,1.6585975582343113e-14,1.8333218231716125e-12,7.919455144587948e-14,6.852780281991598e-14,2.5445172979388727e-16,5.863644870773884e-12,1.1562000617709834e-12,2.1750309419441263e-13,3.4626065433213464e-41,3.405308497658129e-61,1.2948630398948173e-41,1.8574210853501196e-35,258045892238692.12,-7.863709683419984e-13,-1.7249623828571634e-23,0.25804589223869207,1.3046204989651133e-11,-5.337449090481172e-07,-1.3563444324567371e-17,2.7636604369746237e-288,2.7636604374174106e-288
-2.550332125053509,11.811358049127275,0.21004074719014393,0.5161884171283492,0.06804892854433318,4.279030033309195e-12,15413.775477405996,34.917356362896385,0.26153703199675044,1.0460276107976543e-15,4.0858109539165885e-15,9.704572742935343e-16,0.00021323584190303824,2.0688988761997188e-14,0.2610134603205878,1.3196224424667806e-11,0.0,0.0,0.2091026872125317,0.04626757518973948,0.005429962075627301,0.0013568649938385533,9.075611399762353e-09,2.1753150391048768e-13,0.0006188050162264272,0.00014358329117454666,5.7678243397477567e-05,1.7313694937205032e-14,1.8948357358732928e-12,8.060055663613644e-14,7.03247617095609e-14,2.5784690819755854e-16,5.863644870773884e-12,1.1562000617709834e-12,2.1750309419441263e-13,3.4626065433213464e-41,3.405308497658129e-61,1.2948630398948173e-41,1.8574210853501196e-35,261013444033205.4,-7.863154571907671e-13,-1.7246392654303848e-23,0.26101344403320526,1.3196237562123997e-11,1.6287382553770158e-08,-1.313745619164906e-17,2.7636604369746237e-288,2.7636604374174106e-288
-2.5502415900290565,11.810198225016173,0.21140620708713564,0.5181268622947113,0.0688517715060529,4.2821384839647174e-12,15406.063813424613,34.914195262281574,0.2631822917166212,1.048526691276733e-15,4.09522614111924e-15,9.709756540502397e-16,0.00021385091306888395,2.0749099827801062e-14,0.26264865955424643,1.3278886243803735e-11,0.0,0.0,0.2104538294777638,0.04648626765129882,0.005494711511328825,0.0013821050766521853,9.231395428103903e-09,2.175321512007902e-13,0.000629727467280461,0.00014585842472155985,5.904534001586992e-05,1.7711948248661876e-14,1.9287537281898067e-12,8.137564244360157e-14,7.132214695846641e-14,2.597226768648428e-16,5.863644870773884e-12,1.1562000617709834e-12,2.1750309419441263e-13,3.4626065433213464e-41,3.405308497658129e-61,1.2948630398948173e-41,1.8574210853501196e-35,262647990217678.72,-7.861489237370733e-13,-1.724800824143774e-23,0.2626479902176788,1.3278876446249186e-11,6.693365676158081e-07,9.797554549573763e-18,2.7636604369746237e-288,2.7636604374174106e-288
-2.549790551827794,11.804421639079342,0.21821357844341802,0.5275611117103465,0.07291444163146087,4.2972841538839345e-12,15366.740731616526,34.89845117731074,0.2713759464676234,1.0593559436559172e-15,4.1508021481371696e-15,9.791191233951441e-16,0.00021634441390020647,2.0971242593717166e-14,0.2707948943985513,1.369076177114057e-11,0.0,0.0,0.21719241601680475,0.0475634949429479,0.005822639024043074,0.0015074445827304992,9.984726817616545e-09,2.1753530169381802e-13,0.0006862821561175139,0.00015754019014401987,6.623573756634138e-05,1.9666564061680517e-14,2.0980791124638522e-12,8.524533305629663e-14,7.637304507930243e-14,2.6913335285599447e-16,5.863644870773884e-12,1.1562000617709834e-12,2.1750309419441263e-13,3.4626065433213464e-41,3.405308497658129e-61,1.2948630398948173e-41,1.8574210853501196e-35,270794476660824.34,-8.553713293224519e-13,-1.8768275734430708e-23,0.27079447666082435,1.3690744006552687e-11,4.177377269654059e-07,1.7764587883186107e-17,2.7636604369746237e-288,2.7636604374174106e-288
-2.5497513311146403,11.803919450379299,0.21880631129235817,0.5283639132807365,0.07327259018789274,4.298576081541903e-12,15363.252279115044,34.897082462008775,0.2720886081599783,1.0603859853719735e-15,4.155640307616871e-15,9.798028830772288e-16,0.00021655541148766916,2.098932109245899e-14,0.2715036934493485,1.3726590131905906e-11,0.0,0.0,0.21777937611136883,0.04765619210968649,0.005851569815950131,0.0015183061638372308,1.0048426323522716e-08,2.1753556952557103e-13,0.0006913709828481699,0.0001585834632012647,6.689164343930595e-05,1.983402632060121e-14,2.112824196550548e-12,8.558246884670966e-14,7.681867639796214e-14,2.699562144880123e-16,5.863644870773884e-12,1.1562000617709834e-12,2.1750309419441263e-13,3.4626065433213464e-41,3.405308497658129e-61,1.2948630398948173e-41,1.8574210853501196e-35,271503127335740.94,-8.553713293224519e-13,-1.8771506908698493e-23,0.27150312733574095,1.3726571749791727e-11,5.66113607547436e-07,1.8382114178273304e-17,2.7636604369746237e-288,2.7636604374174106e-288
-2.549473377251381,11.80036104606223,0.22300763241810798,0.5339727688233449,0.07583175268989917,4.3076595859201505e-12,15338.404417331802,34.88738403104261,0.27713681196046136,1.0669799097143139e-15,4.188705559189093e-15,9.836766178378222e-16,0.00021820197104101266,2.1139472238831784e-14,0.27652594654436596,1.398052204583482e-11,0.0,0.0,0.22194078660490327,0.04830855544167254,0.006058402525821944,0.0015950803279352627,1.0491547819173557e-08,2.1753743837060718e-13,0.0007282345147308559,0.00016610370846960516,7.168520841587194e-05,2.1008462282776982e-14,2.2173847745563346e-12,8.79746091094271e-14,8.000608463216765e-14,2.7580920912702644e-16,5.863644870773884e-12,1.1562000617709834e-12,2.1750309419441263e-13,3.4626065433213464e-41,3.405308497658129e-61,1.2948630398948173e-41,1.8574210853501196e-35,276526469537225.97,-9.272027590156995e-13,-2.0349935538511595e-23,0.276526469537226,1.398054034245244e-11,-5.229928600192224e-07,-1.829661762057161e-17,2.7636604369746237e-288,2.7636604374174106e-288
-2.5492610722002245,11.797643753213228,0.22622088561672038,0.5381622682774753,0.07781143998148446,4.31456374513867e-12,15319.421150713337,34.87997804938265,0.28099339731991335,1.0726708115634641e-15,4.215770469216321e-15,9.87723984099648e-16,0.0002194486036454773,2.1252369653592538e-14,0.2803642325239977,1.4174584301618117e-11,0.0,0.0,0.22512476340803628,0.04880149028700249,0.006218530224386195,0.0016534698132733266,1.082027680534177e-08,2.1753883108794195e-13,0.0007573476045896029,0.0001719978236553691,7.552180501286358e-05,2.1890614309682162e-14,2.297305766171289e-12,8.980515208473002e-14,8.247509365023926e-14,2.803096187457203e-16,5.863644870773884e-12,1.1562000617709834e-12,2.1750309419441263e-13,3.4626065433213464e-41,3.405308497658129e-61,1.2948630398948173e-41,1.8574210853501196e-35,280364779909148.44,-9.27313781318162e-13,-2.0351551125645488e-23,0.2803647799091483,1.4174596459725114e-11,-5.473851505954919e-07,-1.2158106997402251e-17,2.7636604369746237e-288,2.7636604374174106e-288
-2.5487708132858082,11.79137113200956,0.23365257831336872,0.5475245332219825,0.08246587747640757,4.330427297782914e-12,15275.711988604284,34.862882020292055,0.2898991273798001,1.0852231526407952e-15,4.277235080245136e-15,9.958275742251634e-16,0.0002224091208914982,2.1521621664093902e-14,0.28923304118127896,1.462296220757343e-11,0.0,0.0,0.23249300151875513,0.0499221816316627,0.006595448908973183,0.0017873939766184376,1.1547770101325868e-08,2.1754193201932604e-13,0.00082781718200527,0.00018610812427288348,8.498489789540646e-05,2.387699842898564e-14,2.481943127801548e-12,9.404343319696016e-14,8.828982833147308e-14,2.9079215611158434e-16,5.863644870773884e-12,1.1562000617709834e-12,2.1750309419441263e-13,3.4626065433213464e-41,3.405308497658129e-61,1.2948630398948173e-41,1.8574210853501196e-35,289232952717187.25,-9.964806757523093e-13,-2.187504979290624e-23,0.2892329527171871,1.4622950817679025e-11,8.846409188523197e-08,1.1389894405660748e-17,2.7636604369746237e-288,2.7636604374174106e-288
-2.548535489006889,11.788361365970934,0.2372252643294712,0.5518643360616574,0.08474099463368753,4.338053637205704e-12,15254.977032498375,34.85467890295378,0.2941736584343948,1.09170755867116e-15,4.307805584989165e-15,1.0001984813150564e-15,0.00022376268229741913,2.1639227799887912e-14,0.29349245788880846,1.483829937273248e-11,0.0,0.0,0.2360373455195078,0.05045143350963096,0.006779916176375903,0.0018512035469958753,1.1881704046440853e-08,2.1754336432356192e-13,0.0008632847370328724,0.00019312981009875026,8.983765288128837e-05,2.4805243514269227e-14,2.5705735583756808e-12,9.608333725113299e-14,9.113675734904583e-14,2.9587067846649857e-16,5.863644870773884e-12,1.1562000617709834e-12,2.1750309419441263e-13,3.4626065433213464e-41,3.405308497658129e-61,1.2948630398948173e-41,1.8574210853501196e-35,293491993056610.4,-9.963696534498467e-13,-2.188797448997738e-23,0.29349199305661017,1.4838278071468096e-11,4.6483219828807876e-07,2.130126438371143e-17,2.7636604369746237e-288,2.7636604374174106e-288
-2.5482805543713924,11.785101585260659,0.24109824637366642,0.5564533790494123,0.08723578951654132,4.346321576065849e-12,15232.69779286238,34.84579437062793,0.2988028483275476,1.0978484037855504e-15,4.341164363945213e-15,1.0048991310670765e-15,0.00022520781732283916,2.1763852617183322e-14,0.2981072628546275,1.5071614607017853e-11,0.0,0.0,0.2398812149482326,0.05101847317823712,0.006982366909761933,0.0019199686672517946,1.2232620883164234e-08,2.1754487577250436e-13,0.000902937241818417,0.00020091947141482648,9.533089551570189e-05,2.5792418989479075e-14,2.666568024975131e-12,9.829728468230552e-14,9.426161146772294e-14,3.0140313334944405e-16,5.863644870773884e-12,1.1562000617709834e-12,2.1750309419441263e-13,3.4626065433213464e-41,3.405308497658129e-61,1.2948630398948173e-41,1.8574210853501196e-35,298107650542592.7,-1.0730305533002138e-12,-2.3577878632029074e-23,0.29810765054259225,1.507163506545752e-11,-3.876879647313203e-07,-2.0458439666124705e-17,2.7636604369746237e-288,2.7636604374174106e-288
-2.5482439489952204,11.78463359037335,0.24165465742113837,0.5571026962648524,0.08759634984048364,4.347510878621398e-12,15229.519517258093,34.844518850562565,0.2994674518379136,1.0989941522679735e-15,4.343649087379515e-15,1.004233830690342e-15,0.00022546434871889968,2.1787462216575113e-14,0.29877002374262485,1.510512450152279e-11,0.0,0.0,0.24043358343111346,0.05109933443765172,0.007011641524067769,0.0019298110090607732,1.2282097887466169e-08,2.1754508941254844e-13,0.0009087370190362322,0.00020205360614449722,9.614022108924908e-05,2.5932598736772024e-14,2.6803487176267423e-12,9.861552567049227e-14,9.471376430343617e-14,3.0220018013927214e-16,5.863644870773884e-12,1.1562000617709834e-12,2.1750309419441263e-13,3.4626065433213464e-41,3.405308497658129e-61,1.2948630398948173e-41,1.8574210853501196e-35,298770545290956.0,-1.0730305533002138e-12,-2.358110980629686e-23,0.29877054529095554,1.510514949461073e-11,-5.215483306897362e-07,-2.4993087938136772e-17,2.7636604369746237e-288,2.7636604374174106e-288
-2.54782951617013,11.779336316314689,0.24796239229038777,0.5642875084367472,0.09172148520226574,4.361109112349494e-12,15194.19278446483,34.83008113011569,0.3069937458831203,1.110794018864215e-15,4.400120008319189e-15,1.012648673674868e-15,0.0002280883300366,2.2026300736008912e-14,0.3062782589382846,1.5484714082732603e-11,0.0,0.0,0.24669798873613222,0.05200533922218082,0.007346842648861573,0.0020406927265265874,1.2826801521641997e-08,2.1754745094838952e-13,0.0009762891722715738,0.00021516834061172812,0.00010567276468974009,2.7492928934200005e-14,2.836308197008903e-12,1.0222465332023832e-13,9.989340525071559e-14,3.1128245923116887e-16,5.863644870773884e-12,1.1562000617709834e-12,2.1750309419441263e-13,3.4626065433213464e-41,3.405308497658129e-61,1.2948630398948173e-41,1.8574210853501196e-35,306278139551728.75,-1.07330810905637e-12,-2.3577878632029074e-23,0.3062781395517286,1.548471614012266e-11,1.1938655597454328e-07,-2.0573900570097495e-18,2.7636604369746237e-288,2.7636604374174106e-288
-2.547790295456976,11.778835111459603,0.24856004370608728,0.5649515773360464,0.09211612696675898,4.3624027273501066e-12,15190.891471474573,34.82871509628315,0.3077061356484213,1.111914507612253e-15,4.405394511918869e-15,1.0133945947682006e-15,0.00022832016980426593,2.2046256675998105e-14,0.30698921946144464,1.5520649558958586e-11,0.0,0.0,0.24729177385250176,0.05209018889348485,0.007378936544580379,0.0020511337410424,1.2876908012686e-08,2.175476691040277e-13,0.0009828638874574316,0.00021643564119638384,0.00010661073163276182,2.7638083793292458e-14,2.8510610915951208e-12,1.0256679566876453e-13,1.0038934319895205e-13,3.121467379885289e-16,5.863644870773884e-12,1.1562000617709834e-12,2.1750309419441263e-13,3.4626065433213464e-41,3.405308497658129e-61,1.2948630398948173e-41,1.8574210853501196e-35,306988878171615.2,-1.0733636202076013e-12,-2.358110980629686e-23,0.306988878171615,1.5520649445042403e-11,3.412898296195621e-07,1.1391618295293749e-19,2.7636604369746237e-288,2.7636604374174106e-288
-2.5473000365425604,11.772571709100234,0.2560360948123947,0.5730222282372557,0.09710582235531368,4.378760804871542e-12,15150.600987052952,34.81164419315269,0.3166071900451223,1.125314517063607e-15,4.471036719403357e-15,1.0220780352851781e-15,0.00023148978179349518,2.2334709973308338e-14,0.31587707079365757,1.5970016573067278e-11,0.0,0.0,0.2547229640557435,0.05313749176177824,0.007785125193189261,0.002180883601689112,1.3483039623965532e-08,2.1755032185185086e-13,0.0010677528450386525,0.00023265914537500763,0.00011887606009260211,2.9417153169175964e-14,3.0353583836909205e-12,1.0685220125788554e-13,1.0667219521298287e-13,3.230280535357828e-16,5.863644870773884e-12,1.1562000617709834e-12,2.1750309419441263e-13,3.4626065433213464e-41,3.405308497658129e-61,1.2948630398948173e-41,1.8574210853501196e-35,315876640393960.6,-1.1530776333756876e-12,-2.5335637433704258e-23,0.31587664039396046,1.596999419859012e-11,4.3039969710445547e-07,2.2374477158028787e-17,2.7636604369746237e-288,2.7636604374174106e-288
-2.546809777628144,11.766311376677109,0.26352560014028986,0.5806681177211559,0.10220439839446668,4.3953953141876316e-12,15111.802673970535,34.794581657133456,0.3255053565489811,1.1389933459506572e-15,4.537824902949165e-15,1.030739837244012e-15,0.00023466925343788067,2.2619759604089986e-14,0.32477030533597984,1.6419652125627974e-11,0.0,0.0,0.26217412310312554,0.05416056524729051,0.008200947730891714,0.0023092347826605968,1.4053423844612403e-08,2.17552844397588e-13,0.0011577577454967326,0.00024959118629192266,0.00013217943680929274,3.113337897685459e-14,3.219420330932242e-12,1.1115378171568208e-13,1.1310941045383718e-13,3.3404301184702773e-16,5.863644870773884e-12,1.1562000617709834e-12,2.1750309419441263e-13,3.4626065433213464e-41,3.405308497658129e-61,1.2948630398948173e-41,1.8574210853501196e-35,324770942002854.3,-1.2341794253245553e-12,-2.7125707978057294e-23,0.3247709420028543,1.6419669568435104e-11,-6.366668744428594e-07,-1.7442807130194265e-17,2.7636604369746237e-288,2.7636604374174106e-288
-2.5465744533492245,11.763307507113508,0.267127144651362,0.5841884054396618,0.10468918414477148,4.403516282896487e-12,15093.813879901421,34.78639461063786,0.3297771531036676,1.1460623803094513e-15,4.571301852391729e-15,1.0356065777284546e-15,0.0002361852989652895,2.2754061025360365e-14,0.3290427110040631,1.6635633077227918e-11,0.0,0.0,0.26575961188709085,0.054643028856625045,0.008403884960147818,0.002370355144321734,1.4315200096689418e-08,2.1755401200464035e-13,0.0012028223800509873,0.0002579703098642027,0.00013894936998870374,3.1936013020241135e-14,3.3076793978420295e-12,1.1322437660048957e-13,1.162539085819002e-13,3.393821202857358e-16,5.863644870773884e-12,1.1562000617709834e-12,2.1750309419441263e-13,3.4626065433213464e-41,3.405308497658129e-61,1.2948630398948173e-41,1.8574210853501196e-35,329042530973552.44,-1.234123914173324e-12,-2.7138632675128435e-23,0.32904253097355257,1.6635631252071264e-11,1.8003051055481833e-07,1.8251566540365662e-18,2.7636604369746237e-288,2.7636604374174106e-288
-2.5463195187137284,11.76005411268554,0.27103154344490266,0.587892862536212,0.10740803491816055,4.41239467266794e-12,15074.741748930552,34.777527484124434,0.3344033012637868,1.1529771818840197e-15,4.606104266099431e-15,1.0396480139301421e-15,0.00023793352765565397,2.2913414648693803e-14,0.3336718399747117,1.686967281776763e-11,0.0,0.0,0.2696483571849775,0.05515939340582666,0.008626155854933185,0.002436218619639971,1.4590399117761161e-08,2.1755524706727283e-13,0.0012530323597155005,0.0002672318813740841,0.00014657415108546124,3.279077295743946e-14,3.4032253448245433e-12,1.154718527356522e-13,1.1970034665723176e-13,3.452014956227417e-16,5.863644870773884e-12,1.1562000617709834e-12,2.1750309419441263e-13,3.4626065433213464e-41,3.405308497658129e-61,1.2948630398948173e-41,1.8574210853501196e-35,333671787794981.56,-1.318722908649761e-12,-2.898363318203382e-23,0.33367178779498163,1.686967579708669e-11,5.2179730092305476e-08,-2.9793190582389436e-18,2.7636604369746237e-288,2.7636604374174106e-288
-2.5461557729369297,11.75796487876915,0.2735416551305315,0.5902128541208655,0.10916867150779003,4.418166293546134e-12,15062.793956779326,34.771833277085314,0.3373745654307772,1.1580097818661527e-15,4.630153028599317e-15,1.043258451156728e-15,0.00023906065088899313,2.3016555799683052e-14,0.3366462466514279,1.7020063586052783e-11,0.0,0.0,0.2721493744986989,0.055487597768565905,0.008770213731955436,0.002478334965417824,1.4762707220707724e-08,2.175560246908219e-13,0.0012860543335859239,0.00027328156055647873,0.00015163440261064604,3.333199950115556e-14,3.4645585474325367e-12,1.169178186973644e-13,1.2193586115174328e-13,3.4896217353563376e-16,5.863644870773884e-12,1.1562000617709834e-12,2.1750309419441263e-13,3.4626065433213464e-41,3.405308497658129e-61,1.2948630398948173e-41,1.8574210853501196e-35,336646116293710.7,-1.3186673974985297e-12,-2.898363318203382e-23,0.3366461162937106,1.7020050984090583e-11,1.303577172873105e-07,1.2601962199239965e-17,2.7636604369746237e-288,2.7636604374174106e-288
-2.5458684805124654,11.754300138559152,0.2779494138043826,0.5941706922861911,0.11228664425688255,4.428373971179086e-12,15042.234476788903,34.76184502764297,0.342587096499116,1.1658882129818804e-15,4.672020053203642e-15,1.0492080338157814e-15,0.00024090807121322986,2.31777224269377e-14,0.3418664935832235,1.728398533659764e-11,0.0,0.0,0.2765430040982307,0.056057018849899574,0.0090255625624747,0.0025518800250484896,1.5056889960802447e-08,2.175573607471193e-13,0.001345470318897538,0.00028408628493368067,0.00016082748978050215,3.426742914925961e-14,3.5721002386024664e-12,1.1945935820154455e-13,1.258993246251432e-13,3.555980161368986e-16,5.863644870773884e-12,1.1562000617709834e-12,2.1750309419441263e-13,3.4626065433213464e-41,3.405308497658129e-61,1.2948630398948173e-41,1.8574210853501196e-35,341866349872804.1,-1.4053203045705231e-12,-3.08738701286882e-23,0.3418663498728043,1.7283973950567102e-11,1.4371041923144645e-07,1.1386030538390762e-17,2.7636604369746237e-288,2.7636604374174106e-288
-2.545829259799312,11.753799915621562,0.2785513086220208,0.5946999220647339,0.11271510199417578,4.429774707220341e-12,15039.46681684903,34.760481670026564,0.3432984238367381,1.1671075126893497e-15,4.67776091191721e-15,1.0500148027839544e-15,0.00024116073884035286,2.319940668588698e-14,0.3425791067775747,1.7320016935249906e-11,0.0,0.0,0.2771431516567931,0.05613411957365965,0.009060674806876197,0.0025618861353655415,1.509626495111207e-08,2.1755754042168152e-13,0.0013537291701387723,0.0002855801389236667,0.00016211412334305917,3.4393763760205997e-14,3.586774831976089e-12,1.1980678109860265e-13,1.2644448055203092e-13,3.5650748820233973e-16,5.863644870773884e-12,1.1562000617709834e-12,2.1750309419441263e-13,3.4626065433213464e-41,3.405308497658129e-61,1.2948630398948173e-41,1.8574210853501196e-35,342579182570552.94,-1.4053758157217544e-12,-3.0870638954420416e-23,0.3425791825705532,1.7320013127232455e-11,-7.579297850446309e-08,3.808017450280778e-18,2.7636604369746237e-288,2.7636604374174106e-288
-2.545339000884896,11.747548783981962,0.2860857062599237,0.6010926593349698,0.11812332852646217,4.447497003741836e-12,15005.80723501238,34.74344421074283,0.3521914417642311,1.1827476799832852e-15,4.749318084408016e-15,1.0594418247844278e-15,0.0002446219196324258,2.3511787177760114e-14,0.35149325341127424,1.77706842611811e-11,0.0,0.0,0.2846594234874987,0.057084827802089566,0.009504380200648598,0.002686282666607815,1.5573099889714903e-08,2.175597337498481e-13,0.0014599998941832375,0.0003046338071457298,0.00017885426456654106,3.5946294490007716e-14,3.7700677169366755e-12,1.2415890541934974e-13,1.3334127525419892e-13,3.6795653324712193e-16,5.863644870773884e-12,1.1562000617709834e-12,2.1750309419441263e-13,3.4626065433213464e-41,3.405308497658129e-61,1.2948630398948173e-41,1.8574210853501196e-35,351493131133251.5,-1.4049872376631356e-12,-3.086740778015263e-23,0.3514931311332517,1.7770681801735512e-11,1.2227802254072273e-07,2.4594455881381527e-18,2.7636604369746237e-288,2.7636604374174106e-288
-2.5451534484289526,11.74518366443149,0.2889411289270914,0.6034047661376317,0.12019671299498798,4.454301763756025e-12,14993.50907058868,34.736998077408025,0.3555567756740078,1.1876649352954236e-15,4.7772683789564355e-15,1.0633999910527833e-15,0.00024584951738108044,2.3618921009735686e-14,0.3548688151654611,1.79413322617063e-11,0.0,0.0,0.28750979146236355,0.05743844543985509,0.009674728744367244,0.00273304423963884,1.5746416066693916e-08,2.1756053969075197e-13,0.0015017067749113796,0.0003120286231330844,0.0001855145607699897,3.652158003197348e-14,3.839375962163008e-12,1.258106548147981e-13,1.3599130697987476e-13,3.7232918615387846e-16,5.863644870773884e-12,1.1562000617709834e-12,2.1750309419441263e-13,3.4626065433213464e-41,3.405308497658129e-61,1.2948630398948173e-41,1.8574210853501196e-35,354868579596773.94,-1.4940826353893044e-12,-3.28254993864305e-23,0.3548685795967739,1.794133668875995e-11,2.355686871680085e-07,-4.427053652100678e-18,2.7636604369746237e-288,2.7636604374174106e-288
-2.54484874197048,11.741300716264256,0.293634461583098,0.6070751758302999,0.12363010708484012,4.465609222506396e-12,14973.896512287934,34.72641510217823,0.36108199237257016,1.197717621477429e-15,4.822479943675439e-15,1.0690934801159735e-15,0.00024815244911590594,2.383157659705229e-14,0.36041390066752077,1.8221697681762797e-11,0.0,0.0,0.2921969937835209,0.05801163290329304,0.009957121530096877,0.0028094646065414015,1.6022895957634718e-08,2.1756183613641246e-13,0.0015719968069645661,0.0003243897486405225,0.00019684991835340412,3.7452425130267397e-14,3.953117513703084e-12,1.285285992610084e-13,1.403903257549886e-13,3.7955897851268326e-16,5.863644870773884e-12,1.1562000617709834e-12,2.1750309419441263e-13,3.4626065433213464e-41,3.405308497658129e-61,1.2948630398948173e-41,1.8574210853501196e-35,360413638290258.56,-1.4940826353893044e-12,-3.2822268212162715e-23,0.36041363829025863,1.8221682063635875e-11,2.6237726213906853e-07,1.5618126922497007e-17,2.7636604369746237e-288,2.7636604374174106e-288
-2.5446134176915605,11.738302731623826,0.29726276977520344,0.6098020409858539,0.12630839565401947,4.474437722988472e-12,14959.179279515121,34.71824409504073,0.3653484670615634,1.2043915360855595e-15,4.858782930107128e-15,1.0742561649946256e-15,0.00024976054758063786,2.3972343594343232e-14,0.36469793672980766,1.8438293645344633e-11,0.0,0.0,0.29582242414088983,0.058448086433882204,0.010177665605869617,0.002868179040118905,1.6229750964319456e-08,2.17562815557336e-13,0.0016278334058055857,0.0003341208236050522,0.00020595015971724926,3.816008118920403e-14,4.040901811512079e-12,1.306324068984944e-13,1.438278435442779e-13,3.851838299578305e-16,5.863644870773884e-12,1.1562000617709834e-12,2.1750309419441263e-13,3.4626065433213464e-41,3.405308497658129e-61,1.2948630398948173e-41,1.8574210853501196e-35,364697812750764.3,-1.5853429680134923e-12,-3.481913390965401e-23,0.3646978127507644,1.8438280040601484e-11,1.2397904325389675e-07,1.3604743148724891e-17,2.7636604369746237e-288,2.7636604374174106e-288
-2.544358483056064,11.735055710966694,0.30119632962089504,0.6126505986079425,0.12923562789711396,4.484071331635848e-12,14943.578867084447,34.70939434023972,0.3699691076000138,1.2128174645700232e-15,4.898406618652447e-15,1.0798131531778689e-15,0.0002515092989378474,2.412236497762692e-14,0.3693399793897305,1.86729851617738e-11,0.0,0.0,0.2997547078719707,0.05891479246355901,0.010418969753677499,0.002931491746082622,1.644751025825746e-08,2.1756385608858524e-13,0.0016898699971585201,0.0003448436606312062,0.00021615702517556906,3.891608439168814e-14,4.1359441402231285e-12,1.329162380772564e-13,1.4759124393678037e-13,3.91314328740471e-16,5.863644870773884e-12,1.1562000617709834e-12,2.1750309419441263e-13,3.4626065433213464e-41,3.405308497658129e-61,1.2948630398948173e-41,1.8574210853501196e-35,369340708852280.7,-1.5853984791647235e-12,-3.4822365083921794e-23,0.369340708852281,1.8673014156151786e-11,-7.29462550475013e-07,-2.8994377986772247e-17,2.7636604369746237e-288,2.7636604374174106e-288
-2.5440675968786413,11.73135179802632,0.30569125849846757,0.6157687942823714,0.13260466084163114,4.495206771641582e-12,14926.367079690026,34.699299325520734,0.37524216239049124,1.222770591567758e-15,4.9431013472507495e-15,1.085426316711578e-15,0.0002538017038384872,2.4334582110158115e-14,0.3746407909098644,1.8940966547334706e-11,0.0,0.0,0.3042505388840115,0.05943940566476389,0.010697044655665067,0.0030033667491110813,1.6688213631838617e-08,2.175650185172537e-13,0.0017626471346554357,0.00035730747472706654,0.00022825564206967674,3.976576449062728e-14,4.244318374271382e-12,1.355281781067038e-13,1.5193538750854398e-13,3.9836375944937143e-16,5.863644870773884e-12,1.1562000617709834e-12,2.1750309419441263e-13,3.4626065433213464e-41,3.405308497658129e-61,1.2948630398948173e-41,1.8574210853501196e-35,374640527614992.2,-1.5854539903159548e-12,-3.4822365083921794e-23,0.37464052761499267,1.894096076590591e-11,2.632948717384842e-07,5.7814287969323e-18,2.7636604369746237e-288,2.7636604374174106e-288
-2.5439074448548014,11.72931300953206,0.3081676234025805,0.6174251463760737,0.1344744421547816,4.5013891982450035e-12,14917.12338831499,34.69374260747963,0.3781445205619729,1.2271482385812896e-15,4.968635925984908e-15,1.0890559154392418e-15,0.00025493048652611914,2.4433697063942335e-14,0.3775596899230003,1.9088533874073415e-11,0.0,0.0,0.30672847914815327,0.0597247503202757,0.01085152996636582,0.0030427772292440066,1.6817325933865857e-08,2.175656477854818e-13,0.0018036329748171757,0.00036427330617812005,0.00023512663857433867,4.0227968020770596e-14,4.30395584874181e-12,1.3696900039839707e-13,1.5434986947151235e-13,4.0226897086697733e-16,5.863644870773884e-12,1.1562000617709834e-12,2.1750309419441263e-13,3.4626065433213464e-41,3.405308497658129e-61,1.2948630398948173e-41,1.8574210853501196e-35,377559414707089.25,-1.679378858199243e-12,-3.688385426676879e-23,0.37755941470708987,1.9088532963295985e-11,2.7521591045021054e-07,9.107774304245459e-19,2.7636604369746237e-288,2.7636604374174106e-288
-2.543868224141648,11.72881376658827,0.30877414782140444,0.6178242651767758,0.13493391523694984,4.502907547866249e-12,14914.881474372722,34.69238192083633,0.3788551027411946,1.2284805259725204e-15,4.974902432603993e-15,1.0899385293993639e-15,0.00025520872469602247,2.4457683182475854e-14,0.37827447623779825,1.9124673194233256e-11,0.0,0.0,0.3073355066789113,0.059794250954994535,0.010889509877516995,0.003052411485328306,1.6848583857401938e-08,2.1756580076430603e-13,0.0018137703428355936,0.0003659904024544755,0.00023683235902802093,4.0340569783493067e-14,4.318557702783607e-12,1.3732215532732051e-13,1.5494362737773548e-13,4.0322774849061135e-16,5.863644870773884e-12,1.1562000617709834e-12,2.1750309419441263e-13,3.4626065433213464e-41,3.405308497658129e-61,1.2948630398948173e-41,1.8574210853501196e-35,378274347633496.25,-1.6794343693504743e-12,-3.688062309250101e-23,0.3782743476334967,1.9124678322676973e-11,1.2860430154137958e-07,-5.128443716599462e-18,2.7636604369746237e-288,2.7636604374174106e-288
-2.543377965227232,11.722574881628702,0.3163652349469046,0.6226001545944821,0.14072406217852537,4.522115408690806e-12,14887.792193294423,34.675377839879026,0.3877374674957098,1.2445041532649425e-15,5.053105830006992e-15,1.1002949798238673e-15,0.00025899467980533856,2.4800814403085567e-14,0.3872147665015995,1.957669226211993e-11,0.0,0.0,0.3149367997920682,0.06065024472106879,0.011368727306881933,0.003172282747141188,1.722770151214989e-08,2.175676773491376e-13,0.0019438475923049033,0.00038782378243851906,0.00025893292458436444,4.1729363890045106e-14,4.500982890428742e-12,1.4174672086228486e-13,1.62447178174438e-13,4.1530511467764523e-16,5.863644870773884e-12,1.1562000617709834e-12,2.1750309419441263e-13,3.4626065433213464e-41,3.405308497658129e-61,1.2948630398948173e-41,1.8574210853501196e-35,387214559451622.44,-1.7753021275268566e-12,-3.8997042237900356e-23,0.38721455945162275,1.9576674806784094e-11,2.0704997677478687e-07,1.7455335837165367e-17,2.7636604369746237e-288,2.7636604374174106e-288
-2.542887706312816,11.716339054588458,0.32396964153210384,0.626981759505843,0.14660574093074408,4.541632786141573e-12,14862.075710097144,34.65838209328084,0.3966164763768931,1.2619517019152243e-15,5.1327183962187e-15,1.1106529355158382e-15,0.00026281431488151636,2.5141188203273064e-14,0.396161219380869,2.002899786477798e-11,0.0,0.0,0.3225587347342,0.061483016460426566,0.01185665386958579,0.0032911571375412786,1.7586288657877244e-08,2.175694921262329e-13,0.002080250339637521,0.0004103366437837421,0.0002825164279025398,4.308553821107943e-14,4.6832392019338635e-12,1.4619027531134466e-13,1.701015713033305e-13,4.2754233865440457e-16,5.863644870773884e-12,1.1562000617709834e-12,2.1750309419441263e-13,3.4626065433213464e-41,3.405308497658129e-61,1.2948630398948173e-41,1.8574210853501196e-35,396161349127851.8,-1.7751355940731628e-12,-3.8984117540829214e-23,0.39616134912785206,2.002900385222154e-11,-1.2974698304635268e-07,-5.9874435600925755e-18,2.7636604369746237e-288,2.7636604374174106e-288
-2.5426523820338964,11.713346943341959,0.32762526450161183,0.6289466486851154,0.1494601388448947,4.5511364685203945e-12,14850.287886455122,34.65022709407851,0.40087791658384114,1.2693139320379886e-15,5.1725213182066735e-15,1.1164012736650834e-15,0.000264616200673145,2.5301545095862838e-14,0.40045841577390046,2.0246243482659804e-11,0.0,0.0,0.32622540304076797,0.06187453158810185,0.012093864942483712,0.0033478761709680605,1.775150127094581e-08,2.1757034290641994e-13,0.0021480147101242534,0.0004213819029796998,0.00029438029705173126,4.372572369341972e-14,4.7706667883870414e-12,1.483300222115287e-13,1.7382917774609414e-13,4.3347788374995014e-16,5.863644870773884e-12,1.1562000617709834e-12,2.1750309419441263e-13,3.4626065433213464e-41,3.405308497658129e-61,1.2948630398948173e-41,1.8574210853501196e-35,400458146044203.3,-1.873778909811108e-12,-4.114900430024534e-23,0.40045814604420366,2.0246239991434217e-11,2.6972969680016945e-07,3.491225586737544e-18,2.7636604369746237e-288,2.7636604374174106e-288
-2.5423974473984,11.710106283968726,0.3315883339479331,0.6309747445445347,0.1525746684968977,4.561507590001855e-12,14837.855689694892,34.64139467695676,0.40549286670095913,1.2787255611750955e-15,5.214133708251644e-15,1.1213192469358493e-15,0.0002667250470730045,2.5492069442960248e-14,0.4051147831768071,2.0481663694279006e-11,0.0,0.0,0.33020238121163176,0.062292667353684036,0.012353009562544757,0.0034090811971596285,1.792564195636326e-08,2.175712506760509e-13,0.002223128460858355,0.0004335210918001283,0.0003076409972178037,4.441185476082211e-14,4.865343227543641e-12,1.506531460826098e-13,1.7790652469346883e-13,4.399505656271592e-16,5.863644870773884e-12,1.1562000617709834e-12,2.1750309419441263e-13,3.4626065433213464e-41,3.405308497658129e-61,1.2948630398948173e-41,1.8574210853501196e-35,405114721486920.5,-1.873556865206183e-12,-4.116192899731648e-23,0.40511472148692074,2.048166570291684e-11,6.1689886365901e-08,-2.0086378347011154e-18,2.7636604369746237e-288,2.7636604374174106e-288
-2.5423544263547124,11.70955949369284,0.3322576615491421,0.6313068679095633,0.1531023250029053,4.563270973919669e-12,14835.807584972497,34.639904400059834,0.4062717287529874,1.2803080251546564e-15,5.2217352946964025e-15,1.1224705761811657e-15,0.00026709193178023035,2.552623986893494e-14,0.40590090587015326,2.0521408974027747e-11,0.0,0.0,0.3308742561609874,0.062362610918145885,0.012396946857366205,0.0034193855748936132,1.7954544267153293e-08,2.1757140249116683e-13,0.0022359801867389588,0.0004355873269244865,0.00030992119945970467,4.4526909442638666e-14,4.881316653079331e-12,1.5104570355753586e-13,1.7859859905913064e-13,4.4104800400060134e-16,5.863644870773884e-12,1.1562000617709834e-12,2.1750309419441263e-13,3.4626065433213464e-41,3.405308497658129e-61,1.2948630398948173e-41,1.8574210853501196e-35,405900709284382.44,-1.873556865206183e-12,-4.116192899731648e-23,0.40590070928438254,2.0521403432652008e-11,1.9658577071757222e-07,5.5413757389735745e-18,2.7636604369746237e-288,2.7636604374174106e-288
-2.5421464749050156,11.706916797156929,0.335493951438425,0.6328702527218523,0.1556629727808122,4.5718286804354094e-12,14826.055796553905,34.632701730651206,0.41003575656606783,1.286863063277486e-15,5.2578292091080585e-15,1.12772005383099e-15,0.00026873935049469326,2.567407181029414e-14,0.40970096811785217,2.0713540033918386e-11,0.0,0.0,0.3341236771281833,0.06269825163883479,0.01261029999836572,0.0034690983646435973,1.8092325278316605e-08,2.1757213096390927e-13,0.002298824054401762,0.0004456466651151933,0.0003211179369402496,4.508019736938339e-14,4.958515104107217e-12,1.529453590771392e-13,1.819602110931039e-13,4.463719114003347e-16,5.863644870773884e-12,1.1562000617709834e-12,2.1750309419441263e-13,3.4626065433213464e-41,3.405308497658129e-61,1.2948630398948173e-41,1.8574210853501196e-35,409700665332382.5,-1.9736434708761408e-12,-4.336882102221382e-23,0.4097006653323829,2.0713520443792107e-11,3.027854692527754e-07,1.959012627945978e-17,2.7636604369746237e-288,2.7636604374174106e-288
-2.5419794208203506,11.704794232098983,0.33809467142386956,0.6340760601764249,0.1577316775112002,4.578735139912595e-12,14818.37239212616,34.626916679585776,0.41305830946588207,1.29303869129692e-15,5.286806075965195e-15,1.1318092138661295e-15,0.00027003650001167906,2.5786289801936712e-14,0.412753725871186,2.0867898097705346e-11,0.0,0.0,0.33673593137038976,0.06296493238278028,0.012782825616030545,0.003508920782257188,1.8200738584894674e-08,2.1757270989945422e-13,0.0023501807287773396,0.000453813397608223,0.000330324760100758,4.552132711139102e-14,5.0205163696708784e-12,1.544739974092013e-13,1.846802757976866e-13,4.506702723065511e-16,5.863644870773884e-12,1.1562000617709834e-12,2.1750309419441263e-13,3.4626065433213464e-41,3.405308497658129e-61,1.2948630398948173e-41,1.8574210853501196e-35,412754150979451.2,-1.973698982027372e-12,-4.336882102221382e-23,0.4127541509794515,2.0867897633597423e-11,-4.25108265533769e-07,4.641079226516178e-19,2.7636604369746237e-288,2.7636604374174106e-288
-2.5419464091971373,11.70437483314135,0.33860884119728596,0.6343090844849678,0.15814167725586525,4.580103008515566e-12,14816.867566598035,34.62577360772675,0.4136556126970253,1.2942646534357685e-15,5.292550661920206e-15,1.1326152728613061e-15,0.0002702923561472253,2.5808299654944654e-14,0.41335713341889957,2.0898405433041068e-11,0.0,0.0,0.3372524848358555,0.06301732025236631,0.012817035972556852,0.003516778219397708,1.822192652680985e-08,2.1757282365560584e-13,0.002360421857967219,0.00045543623154990017,0.00033216671573245443,4.560815277022765e-14,5.0327668819978304e-12,1.5477634551768192e-13,1.8521985085192225e-13,4.515218829353101e-16,5.863644870773884e-12,1.1562000617709834e-12,2.1750309419441263e-13,3.4626065433213464e-41,3.405308497658129e-61,1.2948630398948173e-41,1.8574210853501196e-35,413357642033255.2,-1.9736434708761408e-12,-4.336882102221382e-23,0.4133576420332554,2.089840874900035e-11,-5.086143558541423e-07,-3.315959282139101e-18,2.7636604369746237e-288,2.7636604374174106e-288
-2.541907188483984,11.703876568271443,0.33921982295445635,0.6345836890189434,0.15862930478425957,4.581729467121512e-12,14815.085442837726,34.62441558682382,0.4143652675797823,1.2957236940169245e-15,5.299385249282125e-15,1.1335732339118916e-15,0.0002705964678764233,2.58344317111956e-14,0.4140740994183826,2.093465279571847e-11,0.0,0.0,0.3378663435469413,0.06307942836494641,0.012857731036644705,0.0035261084603393418,1.8246999479013517e-08,2.1757295853321914e-13,0.002372629052824269,0.0004573681537526211,0.0003343648696839147,4.571116221606664e-14,5.047320876823712e-12,1.5513567911186203e-13,1.858617976561357e-13,4.525346153477706e-16,5.863644870773884e-12,1.1562000617709834e-12,2.1750309419441263e-13,3.4626065433213464e-41,3.405308497658129e-61,1.2948630398948173e-41,1.8574210853501196e-35,414074681357046.5,-1.9737544931786033e-12,-4.336882102221382e-23,0.4140746813570468,2.0934660602973557e-11,-5.819386642014202e-07,-7.807255086101923e-18,2.7636604369746237e-288,2.7636604374174106e-288
-2.5417353871463,11.701694212754408,0.3418974630813504,0.6357578478941237,0.16077180516825804,4.588870826672646e-12,14807.352686171782,34.61846757686214,0.41747389399429563,1.3021473301968746e-15,5.329454982467715e-15,1.1377802884438339e-15,0.00027193234500751665,2.5949002968028473e-14,0.41721550625727294,2.1093454885207118e-11,0.0,0.0,0.34055716236683176,0.06334978149841708,0.013036630045042902,0.0035669134806038233,1.8355557830686836e-08,2.1757354587147212e-13,0.0024266127660851466,0.00046587987531972614,0.00034411911092434126,4.616051813916994e-14,5.111063778792446e-12,1.5671119971984147e-13,1.8868507410479026e-13,4.569828417485898e-16,5.863644870773884e-12,1.1562000617709834e-12,2.1750309419441263e-13,3.4626065433213464e-41,3.405308497658129e-61,1.2948630398948173e-41,1.8574210853501196e-35,417216077984354.25,-1.973698982027372e-12,-4.336235867367825e-23,0.4172160779843545,2.1093482369125702e-11,-5.717270815663866e-07,-2.7483918584328648e-17,2.7636604369746237e-288,2.7636604374174106e-288
-2.541416929569568,11.697649905999265,0.3468660796178103,0.6378134235641302,0.16476704520442445,4.602245803999323e-12,14793.550860561985,34.60744481880099,0.4232356201946244,1.3133171121828824e-15,5.384776136476242e-15,1.1448465170703537e-15,0.00027472537740668676,2.6206636934497988e-14,0.42304156406626403,2.1387995722945357e-11,0.0,0.0,0.3455527013330962,0.06384346555128767,0.013370671802396839,0.0036422782613746915,1.8551444092450292e-08,2.1757462020955932e-13,0.0025288999766607725,0.00048186814727270384,0.0003627471812124991,4.698575557940497e-14,5.229185006408019e-12,1.5963817212171378e-13,1.9396710658257343e-13,4.652901875801301e-16,5.863644870773884e-12,1.1562000617709834e-12,2.1750309419441263e-13,3.4626065433213464e-41,3.405308497658129e-61,1.2948630398948173e-41,1.8574210853501196e-35,423041233569996.25,-2.0766721675613553e-12,-4.561125596405679e-23,0.4230412335699965,2.1387988796674646e-11,3.3049626751990857e-07,6.926270710938189e-18,2.7636604369746237e-288,2.7636604374174106e-288
-2.540926670655152,11.691426295655601,0.35452475462357685,0.6406695595088042,0.17098520782453283,4.623094334711724e-12,14773.373453333614,34.59048236880933,0.4321015947676192,1.3313325397604449e-15,5.472124742049134e-15,1.1564007484813803e-15,0.000278958042167126,2.6588526290037583e-14,0.43201484346316016,2.1841670890890845e-11,0.0,0.0,0.35325920669048383,0.06458499965587959,0.013891679072448102,0.0037576361942343642,1.8840014243512152e-08,2.1757624022552295e-13,0.00269208826114165,0.0005070105484769636,0.0003928468759920476,4.8238025540675256e-14,5.410956860240461e-12,1.641609461954257e-13,2.0222224894294889e-13,4.782289833842856e-16,5.863644870773884e-12,1.1562000617709834e-12,2.1750309419441263e-13,3.4626065433213464e-41,3.405308497658129e-61,1.2948630398948173e-41,1.8574210853501196e-35,432014382961021.9,-2.1815327322372013e-12,-4.79118520427199e-23,0.432014382961022,2.18416505284793e-11,4.605021381443031e-07,2.036241154503039e-17,2.7636604369746237e-288,2.7636604374174106e-288
-2.5406913463762324,11.688440046296382,0.3582045422692672,0.6419089483133491,0.17399864406149193,4.633214034651392e-12,14764.152061945098,34.582343346180785,0.436355034619504,1.3405692553101288e-15,5.515384596534775e-15,1.1625384436461619e-15,0.00028091225277257465,2.6758587316167048e-14,0.4363233379180364,2.2059526347102447e-11,0.0,0.0,0.3569647264753283,0.06493304206859152,0.01414465711916257,0.003812733972777454,1.897317978005019e-08,2.1757700433869845e-13,0.0027729181788387356,0.000519303748971936,0.00040792206189395016,4.883189339079843e-14,5.498182237066248e-12,1.6633917835966035e-13,2.062378857015788e-13,4.845060656305442e-16,5.863644870773884e-12,1.1562000617709834e-12,2.1750309419441263e-13,3.4626065433213464e-41,3.405308497658129e-61,1.2948630398948173e-41,1.8574210853501196e-35,436323839407061.1,-2.18147722108597e-12,-4.7908620868452115e-23,0.4363238394070611,2.2059526704306946e-11,-5.014890246957115e-07,-3.572044993837225e-19,2.7636604369746237e-288,2.7636604374174106e-288
-2.540436411740736,11.685205735744567,0.3621953876020064,0.6431558214962932,0.17728435833143386,4.644230694247096e-12,14754.389099690081,34.573528232771814,0.44096311429878227,1.3506913983270846e-15,5.5626297282258205e-15,1.1691533902903003e-15,0.0002830212929517049,2.6939711705060008e-14,0.4409937350585887,2.2295623231315258e-11,0.0,0.0,0.3609854990735798,0.06530435795995335,0.01442085672992231,0.0038722274321288234,1.9113674527714268e-08,2.175778228213036e-13,0.002862338903702423,0.0005327839292842662,0.00042472317765827617,4.947026086464897e-14,5.592658797162699e-12,1.6870431800173115e-13,2.1062702770655989e-13,4.91350839339811e-16,5.863644870773884e-12,1.1562000617709834e-12,2.1750309419441263e-13,3.4626065433213464e-41,3.405308497658129e-61,1.2948630398948173e-41,1.8574210853501196e-35,440994134368929.9,-2.18147722108597e-12,-4.790538969418433e-23,0.44099413436893015,2.229564604302643e-11,-3.993103414590138e-07,-2.2811711171650687e-17,2.7636604369746237e-288,2.7636604374174106e-288
-2.5399853735394733,11.679485513483225,0.3692647350881517,0.6451235917974125,0.18314482359681103,4.6639544919248705e-12,14738.022259733534,34.55793776699853,0.4491131486927071,1.368003976706663e-15,5.64657706437848e-15,1.1802371489926133e-15,0.000287126520647514,2.7311591675499776e-14,0.44926130063807007,2.2713610439390565e-11,0.0,0.0,0.3681130674459673,0.06594663485820422,0.014914471810962495,0.003977001025071282,1.9352999701201215e-08,2.1757924867763523e-13,0.003025333382887198,0.0005570424695041797,0.000455669948273949,5.05877715313865e-14,5.759770443653195e-12,1.7290264579107002e-13,2.1849138924477304e-13,5.035903303730521e-16,5.863644870773884e-12,1.1562000617709834e-12,2.1750309419441263e-13,3.4626065433213464e-41,3.405308497658129e-61,1.2948630398948173e-41,1.8574210853501196e-35,449261340728126.5,-2.2885582318110664e-12,-5.024475986406086e-23,0.44926134072812696,2.271361692377993e-11,-4.009005688532241e-08,-6.484389363990418e-18,2.7636604369746237e-288,2.7636604374174106e-288
-2.53994615282632,11.678988224771043,0.36987993184976603,0.645280186033502,0.18365765968582093,4.665679542899574e-12,14736.640284152416,34.55658240661347,0.4498216822764879,1.3696074046659916e-15,5.654055021696912e-15,1.1812891854880208e-15,0.00028746246071446874,2.7340584309489393e-14,0.44998045299136996,2.2749966166545354e-11,0.0,0.0,0.3687336471800719,0.06600161847235275,0.014957724875942385,0.003986083515341085,1.9373269943740208e-08,2.175793714035638e-13,0.0030397988456472395,0.0005591763414150083,0.00045843595359516066,5.0684272712490517e-14,5.774300092321626e-12,1.732685606829685e-13,2.191812192824601e-13,5.046620792856931e-16,5.863644870773884e-12,1.1562000617709834e-12,2.1750309419441263e-13,3.4626065433213464e-41,3.405308497658129e-61,1.2948630398948173e-41,1.8574210853501196e-35,449980492636017.44,-2.288447209508604e-12,-5.0247991038328646e-23,0.44998049263601775,2.274997558513139e-11,-3.964464778682952e-08,-9.418586036469672e-18,2.7636604369746237e-288,2.7636604374174106e-288
-2.539891244762062,11.678292065183435,0.37074137112211447,0.6454955432949437,0.18437645519475146,4.6680967252143206e-12,14734.714446105647,34.55468502365745,0.45081361746562343,1.371857259438061e-15,5.664541583602617e-15,1.1827613278497634e-15,0.0002879326598683661,2.7381076367210726e-14,0.45098736763395336,2.2800866912383205e-11,0.0,0.0,0.3696027091077177,0.0660783612337961,0.01501836463028277,0.003998791249999405,1.9401505304564422e-08,2.1757954288757736e-13,0.0030601292356029425,0.0005621702281694457,0.0004623286940726102,5.081919595883095e-14,5.794640743694623e-12,1.737810602471525e-13,2.2014856915369676e-13,5.061644098867539e-16,5.863644870773884e-12,1.1562000617709834e-12,2.1750309419441263e-13,3.4626065433213464e-41,3.405308497658129e-61,1.2948630398948173e-41,1.8574210853501196e-35,450987359266040.06,-2.2883916983573727e-12,-5.025122221259643e-23,0.45098735926604067,2.2800880439064764e-11,8.367912696094493e-09,-1.3526681558556288e-17,2.7636604369746237e-288,2.7636604374174106e-288
-2.539455893911904,11.672773761240615,0.37757622655095324,0.6470475468596221,0.19010445775260543,4.687439169557635e-12,14720.118152759744,34.53964488626129,0.4586754209481769,1.3889881928859063e-15,5.7475844114281634e-15,1.1937149242600289e-15,0.0002920121306230878,2.7751260683577218e-14,0.4589729977462594,2.320464207409142e-11,0.0,0.0,0.37650159133080036,0.0666771029967519,0.015502291285686965,0.004099246875029233,1.9619634029380634e-08,2.1758088968247268e-13,0.0032246116548769205,0.0005861748837897533,0.0004940446212251954,5.1882134013926553e-14,5.955902947474334e-12,1.7785398326139666e-13,2.27884673229716e-13,5.181696624463164e-16,5.863644870773884e-12,1.1562000617709834e-12,2.1750309419441263e-13,3.4626065433213464e-41,3.405308497658129e-61,1.2948630398948173e-41,1.8574210853501196e-35,458973462608141.1,-2.3970825324681755e-12,-5.263259764795417e-23,0.45897346260814137,2.320463939978951e-11,-4.6486188198802125e-07,2.6743019103825973e-18,2.7636604369746237e-288,2.7636604374174106e-288
-2.538965634997488,11.666562343659626,0.38528605033331387,0.648462223285454,0.1966246476383118,4.709450757979168e-12,14704.597839338468,34.522715667644306,0.4675264333776884,1.40883269329351e-15,5.842883607000074e-15,1.2061778221046158e-15,0.0002965937594605276,2.815941984995529e-14,0.46797355143832625,2.365964592929705e-11,0.0,0.0,0.384291219310294,0.06733113071366376,0.016054607652400722,0.004211751982611086,1.985351593953778e-08,2.1758238085140328e-13,0.0034169209595914683,0.0006137660205135778,0.0005316091548568696,5.306562916047936e-14,6.137482229759439e-12,1.8246086789800686e-13,2.3673722078964263e-13,5.318696406139912e-16,5.863644870773884e-12,1.1562000617709834e-12,2.1750309419441263e-13,3.4626065433213464e-41,3.405308497658129e-61,1.2948630398948173e-41,1.8574210853501196e-35,467973049134652.7,-2.5072721676622223e-12,-5.50592095230609e-23,0.4679730491346531,2.3659637732172844e-11,5.023036731555131e-07,8.197124204705283e-18,2.7636604369746237e-288,2.7636604374174106e-288
-2.5387303107185684,11.663581944703584,0.3889901016445065,0.6490183405273612,0.1997790078972118,4.720131058448163e-12,14697.59173765636,34.51459259028961,0.47177244556464737,1.4190133883021648e-15,5.890442633580772e-15,1.2130203464084452e-15,0.0002987852633838728,2.835292721973888e-14,0.4722951843724009,2.3878152678715188e-11,0.0,0.0,0.3880365065885293,0.06763751316958456,0.016322379348395876,0.004265529556369642,1.9961549550930765e-08,2.1758308783521566e-13,0.003511934500392877,0.0006272161501931998,0.000550352409359914,5.3629083346109935e-14,6.224635268265439e-12,1.8467987543599325e-13,2.4103935609022907e-13,5.385193546536466e-16,5.863644870773884e-12,1.1562000617709834e-12,2.1750309419441263e-13,3.4626065433213464e-41,3.405308497658129e-61,1.2948630398948173e-41,1.8574210853501196e-35,472295202292333.94,-2.5073276788134535e-12,-5.504951600025755e-23,0.4722952022923344,2.3878155824449314e-11,-1.791993348154719e-08,-3.1457341263862858e-18,2.7636604369746237e-288,2.7636604374174106e-288
-2.538475376083072,11.660353970535121,0.39300710158165875,0.6495318540774381,0.2032135795835145,4.731764355502954e-12,14690.240513100014,34.505794746693475,0.47637228683780086,1.4291959070439636e-15,5.940406193675499e-15,1.2190281399844653e-15,0.0003013086213226039,2.858123694211231e-14,0.4769799412906551,2.4114983234861497e-11,0.0,0.0,0.39210034241473135,0.06796392349822784,0.016614366753844617,0.004323629669228519,2.007560586979441e-08,2.175838478137512e-13,0.003616870502301647,0.0006419356531780402,0.0005711894185215974,5.423639689360114e-14,6.31904994193292e-12,1.870894867381254e-13,2.457387094211048e-13,5.457746766287591e-16,5.863644870773884e-12,1.1562000617709834e-12,2.1750309419441263e-13,3.4626065433213464e-41,3.405308497658129e-61,1.2948630398948173e-41,1.8574210853501196e-35,476979257068468.75,-2.5286994720374878e-12,-5.551157392055084e-23,0.47697925706846883,2.4114970827633624e-11,6.842221862424225e-07,1.2407227872576486e-17,2.7636604369746237e-288,2.7636604374174106e-288
-2.5380243378818093,11.654644954841773,0.4001195557324446,0.650216130512399,0.20933481814075386,4.752557959813763e-12,14678.042788596706,34.49023482442125,0.4845052741635425,1.4492852389202585e-15,6.0342163156992324e-15,1.2324890142727979e-15,0.0003056344943735123,2.896274826354043e-14,0.48527033035194955,2.453416983162651e-11,0.0,0.0,0.3993012131751165,0.06852761497293172,0.017135867706936515,0.004426035311436786,2.0270091052533974e-08,2.1758517868587948e-13,0.003807692754109222,0.0006683498229818122,0.0006094346960419747,5.530380859500041e-14,6.486099429316264e-12,1.9136726520456156e-13,2.5415153489854263e-13,5.587541448222023e-16,5.863644870773884e-12,1.1562000617709834e-12,2.1750309419441263e-13,3.4626065433213464e-41,3.405308497658129e-61,1.2948630398948173e-41,1.8574210853501196e-35,485270820569259.1,-2.5912605394751154e-12,-5.688482298435958e-23,0.4852708205692592,2.4534173149273217e-11,-4.902173096343887e-07,-3.3176467079704892e-18,2.7636604369746237e-288,2.7636604374174106e-288
-2.537985117168656,11.654148640374911,0.40073865924734736,0.6502620730925494,0.2098699263134466,4.754373729242048e-12,14677.011618265697,34.48888211934182,0.485212495488356,1.4510528741744735e-15,6.04239886598502e-15,1.2336358814057882e-15,0.00030600309008505287,2.899445031960281e-14,0.48599167566300766,2.4570634246171096e-11,0.0,0.0,0.39992834282720985,0.06857580642026097,0.01718152332286046,0.004434917271579051,2.0286573470889783e-08,2.1758529363483584e-13,0.003824600851442145,0.0006706688589373489,0.0006128449299112344,5.5396228074027704e-14,6.500626089901662e-12,1.9174013383791464e-13,2.54889035080254e-13,5.598907061984133e-16,5.863644870773884e-12,1.1562000617709834e-12,2.1750309419441263e-13,3.4626065433213464e-41,3.405308497658129e-61,1.2948630398948173e-41,1.8574210853501196e-35,485992091266005.8,-2.591371561777578e-12,-5.687836063582401e-23,0.48599209126600607,2.4570638931701115e-11,-4.156029984048182e-07,-4.685530019166657e-18,2.7636604369746237e-288,2.7636604374174106e-288
-2.537803068703772,11.651845181717432,0.403613622586779,0.6504473960864302,0.21235912675701005,4.762817250418877e-12,14672.285222850349,34.48260404277086,0.48849512123944616,1.4594029572104666e-15,6.077272131776191e-15,1.2373220860618813e-15,0.0003077716190994083,2.914805386124337e-14,0.48934085599402993,2.473992156955318e-11,0.0,0.0,0.4028412737442978,0.06879776289284276,0.01739404773519863,0.004476096295645957,2.0362198785098485e-08,2.1758582561023952e-13,0.003903747453165198,0.0006814788199773475,0.0006288535177575452,5.5824398881457095e-14,6.568054275664256e-12,1.9347272301838662e-13,2.5832470222610397e-13,5.6518254856750835e-16,5.863644870773884e-12,1.1562000617709834e-12,2.1750309419441263e-13,3.4626065433213464e-41,3.405308497658129e-61,1.2948630398948173e-41,1.8574210853501196e-35,489340526511844.3,-2.5913160506263466e-12,-5.688482298435958e-23,0.4893405265118446,2.4739928092760012e-11,3.294821853128127e-07,-6.523206830487212e-18,2.7636604369746237e-288,2.7636604374174106e-288
-2.53749485825424,11.647946351687507,0.40848300196437426,0.6506592565022492,0.2165908149772416,4.777231839480759e-12,14664.725881211994,34.471977781524295,0.4940493877372742,1.472474113101341e-15,6.144852934174403e-15,1.2472135428974506e-15,0.0003109839959141243,2.944154736391164e-14,0.49501155335082264,2.502664176929163e-11,0.0,0.0,0.4077776176994753,0.06916704073881434,0.01775591091391683,0.004545638832392154,2.0487004101087815e-08,2.1758672071721224e-13,0.0040402545674938185,0.0006999503194863743,0.0006566360475100901,5.65465018349777e-14,6.68221716372649e-12,1.964130595991663e-13,2.6418805388150604e-13,5.742137405256469e-16,5.863644870773884e-12,1.1562000617709834e-12,2.1750309419441263e-13,3.4626065433213464e-41,3.405308497658129e-61,1.2948630398948173e-41,1.8574210853501196e-35,495011556587250.25,-2.702060797332706e-12,-5.932112838226967e-23,0.4950115565872506,2.5026642290084984e-11,-3.236427958963617e-09,-5.207933531030866e-19,2.7636604369746237e-288,2.7636604374174106e-288
-2.537004599339824,11.641747102982178,0.41623770418032247,0.650730361872275,0.22337361254495158,4.80037971969777e-12,14653.513907751954,34.45508172917792,0.5028806715720734,1.4944495309387752e-15,6.249765150406116e-15,1.2611498117774174e-15,0.0003160973325257701,2.990103322926469e-14,0.5040372793159836,2.5482983477017454e-11,0.0,0.0,0.41564584910225955,0.06973795183778349,0.01833738104060269,0.004655825968328722,2.0677473383514948e-08,2.1758813170773892e-13,0.0042639708902669285,0.0007297640085761708,0.0007026221556925166,5.768879711141735e-14,6.8638386131862634e-12,2.0110854128226003e-13,2.736356795118938e-13,5.887572480041014e-16,5.863644870773884e-12,1.1562000617709834e-12,2.1750309419441263e-13,3.4626065433213464e-41,3.405308497658129e-61,1.2948630398948173e-41,1.8574210853501196e-35,504037657895695.1,-2.812083899073059e-12,-6.171865968896633e-23,0.5040376578956945,2.5482981148672174e-11,-3.7857971091348475e-07,2.328345280490226e-18,2.7636604369746237e-288,2.7636604374174106e-288
-2.5368007441957943,11.639170280463897,0.4194654620510517,0.6506650069656912,0.2262124338053468,4.810088009242716e-12,14649.153953731606,34.44805859940435,0.5065515047807663,1.5041772212327999e-15,6.294719279308128e-15,1.2675334444984173e-15,0.00031815499332897145,3.0080355945870834e-14,0.5077922627773731,2.5672831441554765e-11,0.0,0.0,0.41892336840121563,0.06996945922661384,0.01858128015340273,0.004701494022209587,2.0753872289579694e-08,2.1758871432415968e-13,0.004359400372374633,0.0007423136037672021,0.0007224038005666132,5.816182220752825e-14,6.93937250353423e-12,2.0306768350163484e-13,2.776078396944179e-13,5.948711208863098e-16,5.863644870773884e-12,1.1562000617709834e-12,2.1750309419441263e-13,3.4626065433213464e-41,3.405308497658129e-61,1.2948630398948173e-41,1.8574210853501196e-35,507792766337957.44,-2.811861854468134e-12,-6.17251220375019e-23,0.507792766337957,2.5672830768331338e-11,-5.035605838976664e-07,6.732234272680111e-19,2.7636604369746237e-288,2.7636604374174106e-288
-2.5367692750609043,11.638772542967704,0.4199639606615211,0.6506499611365641,0.2266516559580364,4.811589387123788e-12,14648.490998839918,34.446974565858476,0.5071181664288346,1.5056875144123525e-15,6.301680692647254e-15,1.2685125323921094e-15,0.0003184708289519866,3.0107615950749796e-14,0.5083720904139224,2.5702143460389812e-11,0.0,0.0,0.4194296833231679,0.0700048919682271,0.018619044290763418,0.004708536150790177,2.0765523137559007e-08,2.1758880406407123e-13,0.004374258812438075,0.0007442587525394688,0.0007254925048202314,5.823474994530927e-14,6.951033413817475e-12,2.0337046936181716e-13,2.782233104462729e-13,5.958181527165651e-16,5.863644870773884e-12,1.1562000617709834e-12,2.1750309419441263e-13,3.4626065433213464e-41,3.405308497658129e-61,1.2948630398948173e-41,1.8574210853501196e-35,508372545055393.06,-2.8119728767705965e-12,-6.17251220375019e-23,0.5083725450553923,2.5702143042712756e-11,-4.5464146991580634e-07,4.1767705671631743e-19,2.7636604369746237e-288,2.7636604374174106e-288
-2.536514340425408,11.635550892768899,0.42400458266643465,0.6504796373191285,0.23021937602316497,4.823777970510196e-12,14643.216743890373,34.438193958241634,0.5117086660373918,1.5180149625391256e-15,6.358412855589272e-15,1.2764582637053897e-15,0.00032103516947235613,3.032798374509811e-14,0.5130710146975116,2.5939654100555484e-11,0.0,0.0,0.42353496097371435,0.0702889419435521,0.0189260766079606,0.00476550962259728,2.0858520430396275e-08,2.1758952915643734e-13,0.00449588792987816,0.0007600933276222675,0.0007508627116125256,5.882465707116493e-14,7.045505920379039e-12,2.0582685627091652e-13,2.832318501078903e-13,6.035217115866932e-16,5.863644870773884e-12,1.1562000617709834e-12,2.1750309419441263e-13,3.4626065433213464e-41,3.405308497658129e-61,1.2948630398948173e-41,1.8574210853501196e-35,513070400058405.1,-2.8121949213755215e-12,-6.17251220375019e-23,0.5130704000584044,2.5939655753530342e-11,6.146391071659707e-07,-1.6529748574747194e-18,2.7636604369746237e-288,2.7636604374174106e-288
-2.536063302224145,11.629853061688596,0.431158103299184,0.6499740254709135,0.23656609651906715,4.845552451997417e-12,14634.648336349397,34.422664519632264,0.519824383707793,1.5392215559728009e-15,6.459475540905511e-15,1.2898577761340022e-15,0.0003260029907749666,3.077586645497343e-14,0.5213867135048047,2.6360094081962383e-11,0.0,0.0,0.43080872737587356,0.07077842580338607,0.019473557331917215,0.0048659904038672736,2.1017171080571055e-08,2.1759080458050226e-13,0.004716614480558139,0.0007884371897094562,0.0007972865543137028,5.986499607617014e-14,7.212683096460189e-12,2.1018807652736867e-13,2.9219142893857505e-13,6.173070668555288e-16,5.863644870773884e-12,1.1562000617709834e-12,2.1750309419441263e-13,3.4626065433213464e-41,3.405308497658129e-61,1.2948630398948173e-41,1.8574210853501196e-35,521386392237507.2,-2.8528290840768022e-12,-6.263308200674956e-23,0.5213863922375067,2.636009313278747e-11,3.2126729798687137e-07,9.491749121211873e-19,2.7636604369746237e-288,2.7636604374174106e-288
-2.536024081510992,11.629357719558397,0.43178073345820595,0.6499175113646006,0.2371205188521141,4.847454618362623e-12,14633.933783321942,34.42131446465641,0.5205300925952188,1.5411791988206834e-15,6.468469224941013e-15,1.2911235683286723e-15,0.0003264121420466023,3.0811198382251496e-14,0.5221102584830933,2.639666750776455e-11,0.0,0.0,0.431442169361986,0.0708202185199658,0.019521458456241952,0.004874709290171358,2.103062143652206e-08,2.1759091508933447e-13,0.004736145193952719,0.0007909213755235912,0.0008014174944505225,5.995529033683033e-14,7.22722263661965e-12,2.1056824317002767e-13,2.929764600611107e-13,6.185148114412767e-16,5.863644870773884e-12,1.1562000617709834e-12,2.1750309419441263e-13,3.4626065433213464e-41,3.405308497658129e-61,1.2948630398948173e-41,1.8574210853501196e-35,522109787945958.06,-2.8529401063792648e-12,-6.263954435528513e-23,0.5221097879459575,2.6396666350904635e-11,4.705371358104671e-07,1.156859914496921e-18,2.7636604369746237e-288,2.7636604374174106e-288
-2.535714892645483,11.625453466379886,0.43668923579857494,0.6494057826188877,0.24150062694174668,4.862531684562481e-12,14628.601550240874,34.41067342261838,0.5260897913119208,1.5557158498478979e-15,6.538692152820094e-15,1.300106735790701e-15,0.00032996938258096306,3.113575606538252e-14,0.5278135433194668,2.668505882027682e-11,0.0,0.0,0.4364379103816266,0.07114530747390056,0.019900356078386208,0.0049433419440854925,2.1134775414077196e-08,2.175917843060407e-13,0.004892016527138615,0.0008106120643548029,0.0008345171095185246,6.066632172225633e-14,7.341856937763839e-12,2.135704545184821e-13,2.991983510707363e-13,6.280916864132244e-16,5.863644870773884e-12,1.1562000617709834e-12,2.1750309419441263e-13,3.4626065433213464e-41,3.405308497658129e-61,1.2948630398948173e-41,1.8574210853501196e-35,527814027915314.4,-2.9724001038289316e-12,-6.525033316365563e-23,0.5278140279153138,2.6685059563851217e-11,-4.845958470056644e-07,-7.435743984267388e-19,2.7636604369746237e-288,2.7636604374174106e-288
-2.535533822596576,11.623167581862111,0.43956626115624053,0.6490496019604463,0.24407676978044626,4.871412500036261e-12,14625.652145610271,34.40444324436518,0.5293454565395042,1.5649621220855241e-15,6.5812070671983534e-15,1.3061607189688288e-15,0.0003319287972727674,3.130701455963145e-14,0.531155362688531,2.685401583543891e-11,0.0,0.0,0.439367683903437,0.07133218607259594,0.020123563912252722,0.004983455026271928,2.1194255217283366e-08,2.1759229193261596e-13,0.00498487777346996,0.0008222305504039089,0.0008543452455929701,6.108220438579844e-14,7.409004425187862e-12,2.1533297951899848e-13,3.028694825310139e-13,6.337450480539168e-16,5.863644870773884e-12,1.1562000617709834e-12,2.1750309419441263e-13,3.4626065433213464e-41,3.405308497658129e-61,1.2948630398948173e-41,1.8574210853501196e-35,531155826432510.8,-2.972733170736319e-12,-6.524063964085227e-23,0.5311558264325101,2.6854013187221155e-11,-4.6374397910664555e-07,2.6482177552738892e-18,2.7636604369746237e-288,2.7636604374174106e-288
-2.53504356368216,11.616980478192227,0.4473628611468809,0.6478809077325449,0.2510883691852315,4.895597587613328e-12,14618.1747990019,34.38758029331291,0.5381568858392236,1.5893661783559876e-15,6.696231562573987e-15,1.3212882824999847e-15,0.0003374967904873444,3.180129209242896e-14,0.5402085220760852,2.7311694014728396e-11,0.0,0.0,0.4473133137976334,0.07182524029934743,0.020732471185521028,0.005091769394656114,2.1349854286254178e-08,2.1759366177687143e-13,0.005242222045409976,0.0008540029451046114,0.0009097051974308896,6.220669474717735e-14,7.59085927983888e-12,2.201213209162569e-13,3.1291088559833013e-13,6.492088401157454e-16,5.863644870773884e-12,1.1562000617709834e-12,2.1750309419441263e-13,3.4626065433213464e-41,3.405308497658129e-61,1.2948630398948173e-41,1.8574210853501196e-35,540208520395736.0,-3.0959679264697115e-12,-6.794190132872075e-23,0.5402085203957351,2.7311696509083782e-11,1.6803500813011851e-09,-2.4943553855665865e-18,2.7636604369746237e-288,2.7636604374174106e-288
-2.5348082394032403,11.614011745680171,0.45110879346190164,0.6472159009653573,0.2544721601271245,4.907312710278675e-12,14614.94703410447,34.37948901285131,0.5423846004002916,1.6018589579586518e-15,6.753621533687818e-15,1.3295188360804738e-15,0.00034016838495641756,3.2036666363276634e-14,0.5445565516567208,2.7531509178544233e-11,0.0,0.0,0.4511340258554353,0.07205529100893215,0.02102706640430091,0.005143613157306652,2.1421807762827145e-08,2.1759431740462964e-13,0.005368845550841772,0.00086941287074447,0.0009371590260613353,6.274595656329628e-14,7.678177390272559e-12,2.2242818186950471e-13,3.17783449116568e-13,6.567205152944474e-16,5.863644870773884e-12,1.1562000617709834e-12,2.1750309419441263e-13,3.4626065433213464e-41,3.405308497658129e-61,1.2948630398948173e-41,1.8574210853501196e-35,544556178956555.8,-3.0959679264697115e-12,-6.793867015445297e-23,0.5445561789565551,2.7531504095700977e-11,3.7270016572943376e-07,5.082843255988634e-18,2.7636604369746237e-288,2.7636604374174106e-288
-2.5345533047677438,11.610796407061642,0.4551681125361067,0.6464207159531438,0.258150431581725,4.920062347813493e-12,14611.666528215883,34.3707256074465,0.5469619214137325,1.6144359923491369e-15,6.814128491871608e-15,1.3369099595292185e-15,0.0003432365102678559,3.231307763535715e-14,0.5492675512746248,2.7769707595286102e-11,0.0,0.0,0.4552767513338385,0.07229971039438805,0.021347853032909692,0.005199673308686943,2.149782431073762e-08,2.1759502663225634e-13,0.005508312106420026,0.000886220244659496,0.0009675558029911385,6.333001832918939e-14,7.772793697458482e-12,2.2493351616466173e-13,3.231006274736015e-13,6.649208905361012e-16,5.863644870773884e-12,1.1562000617709834e-12,2.1750309419441263e-13,3.4626065433213464e-41,3.405308497658129e-61,1.2948630398948173e-41,1.8574210853501196e-35,549267874716889.44,-3.2206459721351166e-12,-7.068193710780266e-23,0.5492678747168889,2.776971656327758e-11,-3.234422640829848e-07,-8.967991479141998e-18,2.7636604369746237e-288,2.7636604374174106e-288
-2.534102266566481,11.605109738682456,0.46235785838696175,0.6448254947834776,0.2646911160960193,4.942819120144807e-12,14606.51377791431,34.35522659277903,0.5550584684113447,1.6391881686577406e-15,6.927553829209217e-15,1.353128229476199e-15,0.0003485200460046411,3.277786562100081e-14,0.5576085781025499,2.819140426617242e-11,0.0,0.0,0.4626202049672565,0.07272015827704066,0.021919694809027383,0.005298605557452071,2.1627561625785314e-08,2.1759627983111017e-13,0.0057609521377483715,0.0009162369403672182,0.0010230277490329643,6.436368547781413e-14,7.940255273260969e-12,2.293820400945264e-13,3.3260622723686316e-13,6.796024368043534e-16,5.863644870773884e-12,1.1562000617709834e-12,2.1750309419441263e-13,3.4626065433213464e-41,3.405308497658129e-61,1.2948630398948173e-41,1.8574210853501196e-35,557608367319602.4,-3.2208680167400416e-12,-7.06948618048738e-23,0.5576083673196018,2.819139262742904e-11,2.107829480957335e-07,1.163874338236711e-17,2.7636604369746237e-288,2.7636604374174106e-288
-2.534063045853328,11.604615366984,0.4629835756961403,0.644675383835877,0.2652620024112177,4.944805083199054e-12,14606.089504172924,34.35387918271489,0.5557624748007439,1.6413660859956864e-15,6.937456292904123e-15,1.3545161971689737e-15,0.00034897176303972743,3.2816725303675384e-14,0.5583343293919485,2.8228087028058044e-11,0.0,0.0,0.4632596616610744,0.0727560040840608,0.02196969188055282,0.005307193441224421,2.1638563075302972e-08,2.1759638874229582e-13,0.0057832794061601365,0.0009188636504204864,0.0010279548483058927,6.445361013990822e-14,7.954820933860441e-12,2.2976983976033337e-13,3.3343873670417957e-13,6.808887701722018e-16,5.863644870773884e-12,1.1562000617709834e-12,2.1750309419441263e-13,3.4626065433213464e-41,3.405308497658129e-61,1.2948630398948173e-41,1.8574210853501196e-35,558333894280750.0,-3.220756994437579e-12,-7.068193710780266e-23,0.5583338942807495,2.8228073596765674e-11,4.351111989597811e-07,1.3431292369861683e-17,2.7636604369746237e-288,2.7636604374174106e-288
-2.533997397041226,11.603787916119034,0.4640308711348419,0.6444200981250282,0.2662182997407989,4.948131554371568e-12,14605.389212204154,34.35162396538242,0.5569406104195755,1.643673026781519e-15,6.954070266678197e-15,1.3568420042044381e-15,0.00034970967409654754,3.288134561935538e-14,0.5595490217931041,2.8289487055942323e-11,0.0,0.0,0.4643300890002821,0.07281574958372619,0.022053473531667332,0.0053215627340039975,2.1656878996799315e-08,2.1759657102396036e-13,0.005820780599445963,0.0009232661458701371,0.0010362393418218824,6.460414630755737e-14,7.979202619052486e-12,2.304192992685103e-13,3.348343406493982e-13,6.830452767187537e-16,5.863644870773884e-12,1.1562000617709834e-12,2.1750309419441263e-13,3.4626065433213464e-41,3.405308497658129e-61,1.2948630398948173e-41,1.8574210853501196e-35,559548398710512.1,-3.3318903192025573e-12,-7.31279360285161e-23,0.5595483987105114,2.828947613882535e-11,6.230825926323291e-07,1.0917116974261199e-17,2.7636604369746237e-288,2.7636604374174106e-288
-2.533793770671857,11.601221713827474,0.46727893214846233,0.64359799197879,0.2691881366487034,4.95848046530459e-12,14603.334486626783,34.34462978103678,0.5605926899334253,1.6553042410658447e-15,7.0039571890142576e-15,1.3626902650949935e-15,0.0003523181482624752,3.3116418551929684e-14,0.5633162291457006,2.8479963934082827e-11,0.0,0.0,0.4676509727143145,0.07299900860809086,0.02231392967169923,0.0053660905185739195,2.1712913352362413e-08,2.1759713632840813e-13,0.005938131084427784,0.0009369675345581711,0.0010622346733350266,6.507124313575481e-14,8.054838663015838e-12,2.3243654418726213e-13,3.3918007037055513e-13,6.897634132606688e-16,5.863644870773884e-12,1.1562000617709834e-12,2.1750309419441263e-13,3.4626065433213464e-41,3.405308497658129e-61,1.2948630398948173e-41,1.8574210853501196e-35,563316251854657.6,-3.333555653739495e-12,-7.315701659692617e-23,0.5633162518546566,2.847997010120918e-11,-2.270895604894463e-08,-6.167126353233675e-18,2.7636604369746237e-288,2.7636604374174106e-288
-2.5336267165871926,11.599116804090196,0.46994552042109006,0.6428885229070572,0.2716303248886424,4.967019924563868e-12,14601.800106351071,34.338892849547825,0.5635888761593276,1.6648175006259339e-15,7.0476982706360254e-15,1.3690350000058993e-15,0.0003543959969215152,3.330240359477116e-14,0.5664084094497177,2.8636297603159525e-11,0.0,0.0,0.47037851953387905,0.07314709388210273,0.022528400033481343,0.005402575082475692,2.1758021865705337e-08,2.1759760012414672e-13,0.006035574195266124,0.0009482592351355704,0.0010839007003851046,6.545472159146163e-14,8.116902945527191e-12,2.34094638742718e-13,3.4276439745438853e-13,6.953114454664708e-16,5.863644870773884e-12,1.1562000617709834e-12,2.1750309419441263e-13,3.4626065433213464e-41,3.405308497658129e-61,1.2948630398948173e-41,1.8574210853501196e-35,566408239840032.8,-3.3330005422271825e-12,-7.315378542265838e-23,0.566408239840032,2.8636293880412887e-11,1.6960968574064594e-07,3.722746638569303e-18,2.7636604369746237e-288,2.7636604374174106e-288
-2.5335727869389117,11.598437356473653,0.4708066876312657,0.6426525879244618,0.27242005764183985,4.969782294424389e-12,14601.322547803553,34.33704101506894,0.5645561115687505,1.6678977824237049e-15,7.061727681937574e-15,1.3710366113950446e-15,0.00035504829718802463,3.335955813260711e-14,0.5674069259991047,2.868677477269118e-11,0.0,0.0,0.4712596004552644,0.07319446972014117,0.022597807523178092,0.005414344694807368,2.177242084503543e-08,2.175977498715767e-13,0.006067257518807513,0.0009519142109464066,0.0010909608674610069,6.557858295858731e-14,8.136941595868329e-12,2.346305269702748e-13,3.439251965041012e-13,6.971089770906695e-16,5.863644870773884e-12,1.1562000617709834e-12,2.1750309419441263e-13,3.4626065433213464e-41,3.405308497658129e-61,1.2948630398948173e-41,1.8574210853501196e-35,567406583975684.4,-3.3330005422271825e-12,-7.314732307412281e-23,0.5674065839756838,2.868676785669259e-11,3.4202342091838034e-07,6.915998591452223e-18,2.7636604369746237e-288,2.7636604374174106e-288
-2.533082528024496,11.592262374045704,0.4786372977982519,0.6403602002074749,0.2796221667897591,4.995038156770597e-12,14597.480993057985,34.32021110046156,0.5733429188866987,1.6951862482433952e-15,7.189225730012369e-15,1.3880245190384722e-15,0.0003612991924121202,3.3918645972140695e-14,0.5764854046039934,2.914579865711675e-11,0.0,0.0,0.4792765230050661,0.07361551748281578,0.023232064920238132,0.005521149744467015,2.1899747697332073e-08,2.1759911212312577e-13,0.006360374951282564,0.0009853525142941777,0.0011566307002116257,6.670629735062624e-14,8.319165035669519e-12,2.395158421024833e-13,3.5456004355110565e-13,7.135973990701032e-16,5.863644870773884e-12,1.1562000617709834e-12,2.1750309419441263e-13,3.4626065433213464e-41,3.405308497658129e-61,1.2948630398948173e-41,1.8574210853501196e-35,576485948693585.8,-3.4613423238738505e-12,-7.596490703563156e-23,0.576485948693585,2.914579959038118e-11,-5.440895916031252e-07,-9.332644258496794e-19,2.7636604369746237e-288,2.7636604374174106e-288
-2.5328472037455763,11.589299457619324,0.48240009889330293,0.6391654173048787,0.2830953431945506,5.007257236078943e-12,14595.9391379748,34.312135671741466,0.5775597912901961,1.709115538954253e-15,7.252338796857632e-15,1.3969601566718748e-15,0.000364218710801555,3.4172559679367114e-14,0.5808466925919831,2.9366270953623586e-11,0.0,0.0,0.4831321535889391,0.0738115729403047,0.023538747348476694,0.005572300473871021,2.1958644254170137e-08,2.1759976705351213e-13,0.006504355169508541,0.0010015348594531535,0.0011891149912298163,6.724899962686876e-14,8.406672300080324e-12,2.4186962346241346e-13,3.5971750693074413e-13,7.216093266037165e-16,5.863644870773884e-12,1.1562000617709834e-12,2.1750309419441263e-13,3.4626065433213464e-41,3.405308497658129e-61,1.2948630398948173e-41,1.8574210853501196e-35,580846416163672.8,-3.4611202792689255e-12,-7.594551999002485e-23,0.5808464161636718,2.9366254765900255e-11,2.764283112410837e-07,1.6187723330742308e-17,2.7636604369746237e-288,2.7636604374174106e-288
-2.5325922691100797,11.586090418215964,0.486477207109705,0.6378027051744796,0.28686991720681293,5.0205378096473205e-12,14594.427633027017,34.30338943484761,0.5821253023403449,1.723042306022305e-15,7.316970558723753e-15,1.4046791129297236e-15,0.0003673774462897404,3.444588187792418e-14,0.585571968081124,2.9605153582770444e-11,0.0,0.0,0.4873123373112799,0.07401960708957503,0.023872646230388078,0.005627630201199686,2.202087357075423e-08,2.1760047758531632e-13,0.006662760402775996,0.0010191589223840706,0.0012250211879625908,6.783811293628351e-14,8.501499722883145e-12,2.4442605388299097e-13,3.6534336079933227e-13,7.303556069202624e-16,5.863644870773884e-12,1.1562000617709834e-12,2.1750309419441263e-13,3.4626065433213464e-41,3.405308497658129e-61,1.2948630398948173e-41,1.8574210853501196e-35,585571993329942.4,-3.591238417754994e-12,-7.882126508835374e-23,0.5855719933299415,2.960516904533603e-11,-2.5248817481227093e-08,-1.546256558520383e-17,2.7636604369746237e-288,2.7636604374174106e-288
-2.532141230908817,11.58041489066889,0.49369600826255183,0.6352264973923022,0.29357091440093475,5.044241367350302e-12,14592.407714646766,34.28792078451806,0.5901987708568286,1.7494702624625496e-15,7.444708630925771e-15,1.423002783788288e-15,0.0003734488226524984,3.4989656078418734e-14,0.5939370928152023,3.0028081563351294e-11,0.0,0.0,0.4947199425446772,0.07437665824237817,0.024467043201771226,0.005725316157259287,2.2127086985899136e-08,2.1760173813767703e-13,0.006949250439385855,0.001050568912035527,0.0012903920650729794,6.888396605545204e-14,8.669344411763693e-12,2.489656369728173e-13,3.7539514928155463e-13,7.460200942516863e-16,5.863644870773884e-12,1.1562000617709834e-12,2.1750309419441263e-13,3.4626065433213464e-41,3.405308497658129e-61,1.2948630398948173e-41,1.8574210853501196e-35,593937058310740.8,-3.7233549576853875e-12,-8.171639723228934e-23,0.5939370583107395,3.0028087432234026e-11,3.4504462842477324e-08,-5.8688827321507586e-18,2.7636604369746237e-288,2.7636604374174106e-288
-2.532102010195664,11.57992148750099,0.49432378685387934,0.6349922228928964,0.29415547855384117,5.046311126563445e-12,14592.26180541528,34.28657601418394,0.5909003536960303,1.7519050602272032e-15,7.455678287592847e-15,1.424544250565775e-15,0.0003739538924289392,3.5033254538174564e-14,0.5946645310111474,3.006486243948553e-11,0.0,0.0,0.49536452976883083,0.0744070573984361,0.02451898994772834,0.005733798699541735,2.213609455532137e-08,2.1760184800585918e-13,0.006974541614494434,0.0010533136307719487,0.001296189009484847,6.897515619263547e-14,8.683944258914563e-12,2.49361395630632e-13,3.7627516000826035e-13,7.473932688063902e-16,5.863644870773884e-12,1.1562000617709834e-12,2.1750309419441263e-13,3.4626065433213464e-41,3.405308497658129e-61,1.2948630398948173e-41,1.8574210853501196e-35,594664722783772.8,-3.7231329130804625e-12,-8.172285958082491e-23,0.5946647227837717,3.0064876469240214e-11,-1.917726243361173e-07,-1.402975468345457e-17,2.7636604369746237e-288,2.7636604374174106e-288
-2.5316117512812477,11.573755580418043,0.5021779707806245,0.6319348690560411,0.3014787673092907,5.07236516045344e-12,14590.97765264232,34.26977083442937,0.5996694763338842,1.7831249584369186e-15,7.593613548143853e-15,1.44296142495987e-15,0.00038075922657995737,3.5640305388499514e-14,0.6037643642853269,3.0524939745776123e-11,0.0,0.0,0.5034341358492206,0.07477832448008868,0.025171144725714537,0.0058396771520332225,2.2245710409202765e-08,2.1760322556805374e-13,0.007295842220630175,0.0010877964863607048,0.0013701894120408053,7.011886547386298e-14,8.866507641910994e-12,2.543221419117911e-13,3.873555530424429e-13,7.647210935553582e-16,5.863644870773884e-12,1.1562000617709834e-12,2.1750309419441263e-13,3.4626065433213464e-41,3.405308497658129e-61,1.2948630398948173e-41,1.8574210853501196e-35,603764141957695.2,-3.723021890778e-12,-8.171639723228934e-23,0.6037641419576941,3.0524922109958824e-11,2.2232763274843137e-07,1.763581729903728e-17,2.7636604369746237e-288,2.7636604374174106e-288
-2.5315385405289037,11.572835080007884,0.503351826590563,0.6314571175244426,0.3025760537497771,5.07627596210958e-12,14590.845823764497,34.26726201056149,0.6009788706714049,1.7878264937285554e-15,7.614714447387716e-15,1.4459251603884338e-15,0.0003817329361384292,3.572439161165167e-14,0.6051242231611164,3.0593675081876796e-11,0.0,0.0,0.5046410091936805,0.07483241139115182,0.025269069636422753,0.005855464402680952,2.2261615943864712e-08,2.176034320261026e-13,0.007344647005799285,0.0010929727626275221,0.0013814864458685096,7.029031614743034e-14,8.893780607378067e-12,2.5506513151686193e-13,3.8902295999762116e-13,7.673334273969337e-16,5.863644870773884e-12,1.1562000617709834e-12,2.1750309419441263e-13,3.4626065433213464e-41,3.405308497658129e-61,1.2948630398948173e-41,1.8574210853501196e-35,605123539818051.8,-3.7229108684755374e-12,-8.170993488375377e-23,0.6051235398180508,3.059365012959458e-11,6.833430655772688e-07,2.4952282213790737e-17,2.7636604369746237e-288,2.7636604374174106e-288
-2.531121492366832,11.567592695485136,0.5100382064235599,0.6286357613619755,0.30884065163377344,5.0986494255094095e-12,14590.425688903459,34.252973891544734,0.6084316588943117,1.8137798146780482e-15,7.734661143905182e-15,1.4615523879535854e-15,0.0003876273798721172,3.624722758609608e-14,0.6128704363630614,3.098530793137874e-11,0.0,0.0,0.5115197134669645,0.07513386070980463,0.02582923480256368,0.005945280662607101,2.234999425322067e-08,2.176046122284533e-13,0.007626787706012132,0.0011225872969054022,0.0014470780948518391,7.127052288286708e-14,9.04919145775911e-12,2.593085498944276e-13,3.985846540309976e-13,7.823362862774844e-16,5.863644870773884e-12,1.1562000617709834e-12,2.1750309419441263e-13,3.4626065433213464e-41,3.405308497658129e-61,1.2948630398948173e-41,1.8574210853501196e-35,612870255757864.6,-3.856470698337944e-12,-8.464384111890279e-23,0.6128702557578639,3.098530621553574e-11,1.8060519746398995e-07,1.7158430009471018e-18,2.7636604369746237e-288,2.7636604374174106e-288
-2.5308861680879122,11.564635583750054,0.5138132611013657,0.6269693869724227,0.3123866433618678,5.111373327628127e-12,14590.490687139642,34.24491428351077,0.6126350511300098,1.827960067135687e-15,7.805108751677572e-15,1.4715865359464475e-15,0.0003909155423018804,3.6537336337215275e-14,0.6172435874835347,3.120640780390725e-11,0.0,0.0,0.5154064874835217,0.07529905451191377,0.026147129941806322,0.005995876780792339,2.2398233061574628e-08,2.1760528163351398e-13,0.007789103162948918,0.001139390304736323,0.0014850265187185989,7.18265198205688e-14,9.1369225168878e-12,2.6171121424150483e-13,4.040274690465443e-13,7.909006606370638e-16,5.863644870773884e-12,1.1562000617709834e-12,2.1750309419441263e-13,3.4626065433213464e-41,3.405308497658129e-61,1.2948630398948173e-41,1.8574210853501196e-35,617243569754715.6,-3.991029728922513e-12,-8.759713439965852e-23,0.617243569754715,3.120641088181058e-11,1.7728819745599367e-08,-3.077903328984763e-18,2.7636604369746237e-288,2.7636604374174106e-288
-2.5306312334524157,11.561432831220984,0.5179038195308511,0.6251052180739677,0.3162361703880698,5.125218195646151e-12,14590.754601171442,34.236185181492786,0.6171862583874385,1.8453744052027576e-15,7.879647450599871e-15,1.4807849430726484e-15,0.000394725888627592,3.687720139839437e-14,0.6219824120952431,3.144601348049928e-11,0.0,0.0,0.519620694790934,0.07547406862074649,0.026492922790944062,0.006050623768236358,2.2449205782890468e-08,2.1760600998180636e-13,0.007967499028319945,0.0011576656649821986,0.0015269093394719708,7.243143866200651e-14,9.23199655525643e-12,2.643208718511826e-13,4.099625521009337e-13,8.002563875921316e-16,5.863644870773884e-12,1.1562000617709834e-12,2.1750309419441263e-13,3.4626065433213464e-41,3.405308497658129e-61,1.2948630398948173e-41,1.8574210853501196e-35,621983069094040.8,-3.991029728922513e-12,-8.759713439965852e-23,0.6219830690940398,3.144602903419703e-11,-6.569987966997815e-07,-1.555369774703707e-17,2.7636604369746237e-288,2.7636604374174106e-288
-2.530180195251153,11.555768422679856,0.5251471371462606,0.6216584250413122,0.32306924598028847,5.149918685466903e-12,14591.818324911414,34.220746836013944,0.6252363674358834,1.8750237604397122e-15,8.019362924291305e-15,1.500606514480643e-15,0.0004012691922559576,3.7452126032657973e-14,0.6303731425635241,3.18702079357459e-11,0.0,0.0,0.5270894926070496,0.07577391506344232,0.027108465696648817,0.0061473260540141055,2.253622074057327e-08,2.1760730767585213e-13,0.008289681514803903,0.0011901740978842146,0.0016029989089489272,7.350896022783893e-14,9.40028969127692e-12,2.689553378844209e-13,4.2056179767464167e-13,8.170215232178119e-16,5.863644870773884e-12,1.1562000617709834e-12,2.1750309419441263e-13,3.4626065433213464e-41,3.405308497658129e-61,1.2948630398948173e-41,1.8574210853501196e-35,630372778617171.0,-4.127365116346482e-12,-9.059566412016324e-23,0.6303727786171704,3.187019339229945e-11,3.63946353609812e-07,1.4543446451891994e-17,2.7636604369746237e-288,2.7636604374174106e-288
-2.530140974538,11.555275986145052,0.5257769586068568,0.6213496966226638,0.3236649312019915,5.152074101811051e-12,14591.936053445057,34.219404700238336,0.6259358711615921,1.8777675300260567e-15,8.0315729283541e-15,1.502310086383581e-15,0.00040183236283553817,3.750052167747145e-14,0.6311027989584225,3.1907098766480155e-11,0.0,0.0,0.5277393288776916,0.07579940651413383,0.027162231199634193,0.006155725615477854,2.254360061175921e-08,2.1760742110591468e-13,0.00831809588631346,0.0011930110715038325,0.0016097366312735368,7.360312283618799e-14,9.414928931808599e-12,2.693593893812214e-13,4.214894345604311e-13,8.184913714101876e-16,5.863644870773884e-12,1.1562000617709834e-12,2.1750309419441263e-13,3.4626065433213464e-41,3.405308497658129e-61,1.2948630398948173e-41,1.8574210853501196e-35,631102586879523.2,-4.1272540940440194e-12,-9.059566412016324e-23,0.6311025868795229,3.190709081434786e-11,2.1207889955299208e-07,7.952132296878248e-18,2.7636604369746237e-288,2.7636604374174106e-288
-2.5296507156235837,11.549122158777509,0.5336541876034494,0.6173775932945943,0.3311239130953824,5.179176495831332e-12,14593.870138689233,34.202632443748094,0.6346772470365041,1.911410057076717e-15,8.185293855538616e-15,1.5226964197395086e-15,0.00040937810088415466,3.817048700910901e-14,0.6402289210460529,3.2368493398957284e-11,0.0,0.0,0.5358722893152392,0.07611027817371899,0.027836975451946567,0.006260595955406692,2.2633407686762534e-08,2.1760884755150779e-13,0.008678697667197166,0.001228602934158972,0.0016956138920024282,7.478685207135236e-14,9.597984122229526e-12,2.74424348584764e-13,4.3316542022560094e-13,8.370389592531879e-16,5.863644870773884e-12,1.1562000617709834e-12,2.1750309419441263e-13,3.4626065433213464e-41,3.405308497658129e-61,1.2948630398948173e-41,1.8574210853501196e-35,640228814031223.4,-4.264033570677839e-12,-9.358126914359683e-23,0.6402288140312229,3.2368491804575855e-11,1.0701482999753154e-07,1.5943814283116462e-18,2.7636604369746237e-288,2.7636604374174106e-288
-2.5294503644706134,11.546608179531964,0.5368739981124889,0.6156927546628943,0.3341816694083529,5.190330044055818e-12,14594.896382685962,34.19578059331437,0.6382468475977205,1.9259866057108952e-15,8.25001267711839e-15,1.5317673771778477e-15,0.0004123854425437496,3.843048092656708e-14,0.6439596020732153,3.255711806697161e-11,0.0,0.0,0.5391995769060525,0.07623327764023638,0.02811436208011883,0.006303390014836285,2.2668841700187347e-08,2.176094354444008e-13,0.00882896880840043,0.0012432141981148373,0.0017315987059928158,7.52744279744981e-14,9.672828361133988e-12,2.7650189012156156e-13,4.379799354941254e-13,8.447125748199772e-16,5.863644870773884e-12,1.1562000617709834e-12,2.1750309419441263e-13,3.4626065433213464e-41,3.405308497658129e-61,1.2948630398948173e-41,1.8574210853501196e-35,643960306553639.1,-4.263922548375376e-12,-9.359419384066797e-23,0.6439603065536385,3.255714745781041e-11,-7.044804231082225e-07,-2.9390838797817117e-17,2.7636604369746237e-288,2.7636604374174106e-288
-2.529160456709168,11.542971347639268,0.5415361928372285,0.6131969914474514,0.3386110614526169,5.206572451749435e-12,14596.668922465638,34.185868407990824,0.6434113860755984,1.9477182499343967e-15,8.34352621988838e-15,1.5437087615430634e-15,0.00041718666713558175,3.886307170600562e-14,0.649361731392836,3.283024309059759e-11,0.0,0.0,0.5440203607166625,0.0764071388726466,0.028517045132127886,0.006365251098713829,2.271885641273987e-08,2.1761029166168618e-13,0.009049418978148337,0.0012644205730005262,0.0017845929124020827,7.598417614816261e-14,9.781164744551773e-12,2.795160262967045e-13,4.449906993389487e-13,8.559183961384324e-16,5.863644870773884e-12,1.1562000617709834e-12,2.1750309419441263e-13,3.4626065433213464e-41,3.405308497658129e-61,1.2948630398948173e-41,1.8574210853501196e-35,649361755469597.6,-4.263478459165526e-12,-9.360711853773911e-23,0.6493617554695968,3.283023225364796e-11,-2.4076760807290043e-08,1.0836949634284628e-17,2.7636604369746237e-288,2.7636604374174106e-288
-2.528925132430248,11.540020029223435,0.5453216606078307,0.6111173969766154,0.34221567502923783,5.219825516430406e-12,14598.306827584613,34.177824589648466,0.6476018248474431,1.963846085643994e-15,8.421974716721576e-15,1.5547212682367745e-15,0.0004208271018554405,3.9180365903547675e-14,0.6537483158158903,3.305200608437297e-11,0.0,0.0,0.5479372403050542,0.07654480169981907,0.028845446704758883,0.006415414175447972,2.2758388944744063e-08,2.176109918434097e-13,0.009230993872671702,0.001281687194511392,0.0018284197289840552,7.656420704528887e-14,9.869137033056638e-12,2.819696091198642e-13,4.5071994647531964e-13,8.651013465378728e-16,5.863644870773884e-12,1.1562000617709834e-12,2.1750309419441263e-13,3.4626065433213464e-41,3.405308497658129e-61,1.2948630398948173e-41,1.8574210853501196e-35,653747953720372.2,-4.402811448755983e-12,-9.668319644067068e-23,0.6537479537203712,3.305198831807669e-11,3.620955191241393e-07,1.7766296284185255e-17,2.7636604369746237e-288,2.7636604374174106e-288
-2.5286701977947517,11.536823551251949,0.5494227482071328,0.6088120106938094,0.34612862941855177,5.234231674269653e-12,14600.23100988723,34.16911258893719,0.6521387431700996,1.9833875587995688e-15,8.503043030906022e-15,1.5645294567867207e-15,0.00042484361595876533,3.952638350129308e-14,0.6585014020377976,3.32922978427563e-11,0.0,0.0,0.5521834174403033,0.07669047108259928,0.029202669894533375,0.006469706176343156,2.280016444566875e-08,2.1761175585312496e-13,0.009430375409513943,0.0013004433475000536,0.0018767254669705934,7.719669093318295e-14,9.96447204339059e-12,2.846347082147426e-13,4.569655250066427e-13,8.751331939533391e-16,5.863644870773884e-12,1.1562000617709834e-12,2.1750309419441263e-13,3.4626065433213464e-41,3.405308497658129e-61,1.2948630398948173e-41,1.8574210853501196e-35,658501416118716.9,-4.402922471058446e-12,-9.668319644067068e-23,0.6585014161187163,3.329231241051388e-11,-1.4080918653291974e-08,-1.4567757580900612e-17,2.7636604369746237e-288,2.7636604374174106e-288
-2.5284480399626363,11.53403870705912,0.5529981145965668,0.6067627823499905,0.34954119563478225,5.246864590514093e-12,14602.129396011724,34.161522496089624,0.6560911546191632,1.9992506245448337e-15,8.582325599333603e-15,1.5758078807729912e-15,0.00042868634816403694,3.9874521611922e-14,0.6626456029578772,3.350182136629266e-11,0.0,0.0,0.555887543647035,0.07681448846878142,0.029514884489355655,0.00651697478329807,2.2835698015315504e-08,2.1761242650411198e-13,0.009606403833766045,0.0013168288319195419,0.0019195269394588865,7.775149289569083e-14,1.0047575535095767e-11,2.869631628474827e-13,4.624411159191786e-13,8.839542333159889e-16,5.863644870773884e-12,1.1562000617709834e-12,2.1750309419441263e-13,3.4626065433213464e-41,3.405308497658129e-61,1.2948630398948173e-41,1.8574210853501196e-35,662645211078879.5,-4.541145237624278e-12,-9.973342494945997e-23,0.6626452110788793,3.3501813123803134e-11,3.9187899791848224e-07,8.242489526302296e-18,2.7636604369746237e-288,2.7636604374174106e-288
-2.528219159593489,11.53117023993337,0.5566810929253038,0.6046088259206487,0.3530644642450453,5.259939826994918e-12,14604.26624451723,34.1537044889384,0.6601603893261516,2.017301772633686e-15,8.662048016317687e-15,1.586999358927738e-15,0.00043242515941099835,4.019968171707688e-14,0.6669152124286267,3.371770539619889e-11,0.0,0.0,0.5597054494289788,0.07693951089747457,0.02983782693822101,0.00656563484872719,2.2871481323377434e-08,2.17613122532383e-13,0.009789991352401987,0.001333747703164797,0.001964316603303476,7.832685184488935e-14,1.013322051328334e-11,2.893679623282451e-13,4.681145814087884e-13,8.931181704900648e-16,5.863644870773884e-12,1.1562000617709834e-12,2.1750309419441263e-13,3.4626065433213464e-41,3.405308497658129e-61,1.2948630398948173e-41,1.8574210853501196e-35,666915842558797.2,-4.541367282229203e-12,-9.973988729799554e-23,0.6669158425587971,3.3717726398914403e-11,-6.301301703759421e-07,-2.1002715510364262e-17,2.7636604369746237e-288,2.7636604374174106e-288
-2.528179938880336,11.530678768137916,0.5573123752326792,0.6042354846241125,0.3536688767965775,5.262184917756648e-12,14604.644476264972,34.15236498255989,0.6608576308814108,2.0204207050406635e-15,8.675769946092728e-15,1.588908164442976e-15,0.00043306274806954984,4.0254582381243223e-14,0.667647093706641,3.3754706509150207e-11,0.0,0.0,0.5603600849176275,0.0769606562329855,0.02989328980341713,0.006573969241359304,2.2877530341393933e-08,2.1761324233586981e-13,0.009821678926307132,0.0013366505772249284,0.0019720626881154727,7.842583828369871e-14,1.0147899178222295e-11,2.897806475563516e-13,4.690900598005894e-13,8.946959075980647e-16,5.863644870773884e-12,1.1562000617709834e-12,2.1750309419441263e-13,3.4626065433213464e-41,3.405308497658129e-61,1.2948630398948173e-41,1.8574210853501196e-35,667647800906205.0,-4.541367282229203e-12,-9.973988729799554e-23,0.6676478009062047,3.375473252430287e-11,-7.071995636875883e-07,-2.601515266489881e-17,2.7636604369746237e-288,2.7636604374174106e-288
-2.5276896799659196,11.524536996820238,0.5652072400264875,0.5994734880750847,0.3612319284627349,5.290444706317802e-12,14609.908964623191,34.135625584833555,0.6695707146317944,2.058794219191483e-15,8.848857767890298e-15,1.611838835017427e-15,0.00044159338032993963,4.101179388228771e-14,0.6768013437597931,3.421751492207671e-11,0.0,0.0,0.5685526230062847,0.07721816310612628,0.03058896426236858,0.006678055849192524,2.295115464154015e-08,2.176147538180838e-13,0.01022343882898885,0.0013730215936890008,0.002070654120791334,7.967340073155699e-14,1.0331447395229199e-11,2.9495414125362176e-13,4.813645951224653e-13,9.146207213572487e-16,5.863644870773884e-12,1.1562000617709834e-12,2.1750309419441263e-13,3.4626065433213464e-41,3.405308497658129e-61,1.2948630398948173e-41,1.8574210853501196e-35,676800914763304.8,-4.683586851683685e-12,-1.028612016406761e-22,0.6768009147633044,3.42174928443272e-11,4.289964886661224e-07,2.207774951020826e-17,2.7636604369746237e-288,2.7636604374174106e-288
-2.527362188412325,11.520435988300573,0.5704815782128785,0.596189561953744,0.3662996035495472,5.309457169484269e-12,14613.810358441226,34.12444828611321,0.67538595471705,2.0861369645291883e-15,8.963211963477838e-15,1.6261516925157903e-15,0.00044718555094755294,4.149332806117974e-14,0.6829190654119214,3.452679428957638e-11,0.0,0.0,0.574031777516059,0.07738336208196393,0.031056740258267133,0.006747493086587629,2.2998344101277823e-08,2.1761577874518182e-13,0.01049769238976742,0.0013973983299674893,0.0021383505045731092,8.051789970763273e-14,1.0454123167016204e-11,2.98425514678743e-13,4.896476617046952e-13,9.28129511625054e-16,5.863644870773884e-12,1.1562000617709834e-12,2.1750309419441263e-13,3.4626065433213464e-41,3.405308497658129e-61,1.2948630398948173e-41,1.8574210853501196e-35,682918919926632.0,-4.683697873986148e-12,-1.0284827694360496e-22,0.682918919926632,3.4526805070908526e-11,1.4548528937119443e-07,-1.0781332148933928e-17,2.7636604369746237e-288,2.7636604374174106e-288
-2.527199421051504,11.518398235822723,0.5731037486981337,0.5945304472172757,0.36881952249628563,5.318963798660688e-12,14615.906757921734,34.11889439173483,0.6782750243989111,2.0984460556384487e-15,9.026519248433116e-15,1.635080668494736e-15,0.0004502648149522517,4.177304834648873e-14,0.685961138501196,3.4680599888022364e-11,0.0,0.0,0.5767575357974926,0.07746345771409979,0.031289880169828616,0.006781976651156423,2.3021223074375564e-08,2.176162929381712e-13,0.010635763750514582,0.0014095357578553032,0.002172549446655228,8.094109874113715e-14,1.0515112314656504e-11,3.0015547336240813e-13,4.937894112159202e-13,9.34906635464711e-16,5.863644870773884e-12,1.1562000617709834e-12,2.1750309419441263e-13,3.4626065433213464e-41,3.405308497658129e-61,1.2948630398948173e-41,1.8574210853501196e-35,685960762624815.5,-4.82280881897168e-12,-1.0590496780092982e-22,0.6859607626248158,3.4680593620078966e-11,3.758763802430565e-07,6.267943397710277e-18,2.7636604369746237e-288,2.7636604374174106e-288
-2.526964096772584,11.515452699376363,0.5768940565764288,0.592096556283708,0.37246893129985154,5.332770453134879e-12,14619.117333150134,34.11086633215027,0.6824494054356455,2.118693776645644e-15,9.115463442383259e-15,1.6475335042790132e-15,0.0004544662841239064,4.213985335847338e-14,0.6903592634998973,3.4902985542380603e-11,0.0,0.0,0.5806997172142835,0.07757699123922406,0.03162808875744299,0.006831802467457728,2.3053645129334928e-08,2.1761704233294954e-13,0.010837463105311834,0.001427107378295871,0.002222646812935456,8.155726524299488e-14,1.0603311089622479e-11,3.0266208279861336e-13,4.99806778258503e-13,9.447803956014132e-16,5.863644870773884e-12,1.1562000617709834e-12,2.1750309419441263e-13,3.4626065433213464e-41,3.405308497658129e-61,1.2948630398948173e-41,1.8574210853501196e-35,690359882966650.5,-4.8229198412741425e-12,-1.0592435484653654e-22,0.6903598829666511,3.490300299561997e-11,-6.194667537817722e-07,-1.7453239364058722e-17,2.7636604369746237e-288,2.7636604374174106e-288
-2.5267091621370876,11.51226248366989,0.5810020745394542,0.589416877675654,0.37642679532915,5.3477983486678985e-12,14622.77869631156,34.10217139924228,0.6869707957237137,2.141228207400032e-15,9.209980991287563e-15,1.6591777392237761e-15,0.0004592861769459086,4.2566385441662675e-14,0.6951270449593161,3.514402801134198e-11,0.0,0.0,0.5849750914857101,0.07769696573515977,0.03199570155667683,0.006885741148304166,2.3087912810172644e-08,2.1761786245509944e-13,0.011058758094559628,0.0014461725331371565,0.0022777966624878236,8.22307223160314e-14,1.0698887899817958e-11,3.0538492519636414e-13,5.063647759690653e-13,9.555752988612214e-16,5.863644870773884e-12,1.1562000617709834e-12,2.1750309419441263e-13,3.4626065433213464e-41,3.405308497658129e-61,1.2948630398948173e-41,1.8574210853501196e-35,695127349429162.6,-4.8233639304839926e-12,-1.0591789249800097e-22,0.6951273494291631,3.5144035101233514e-11,-3.044698470011653e-07,-7.089891537126933e-18,2.7636604369746237e-288,2.7636604374174106e-288
-2.526259406936145,11.506636293841204,0.5882507277583331,0.5845808753105388,0.38342302016303836,5.3745381697400425e-12,14629.854236994965,34.0868372188642,0.6949423263612238,2.179904094963508e-15,9.386830561779976e-15,1.6837944321292786e-15,0.0004676117871960695,4.3293371000128966e-14,0.7035425965520324,3.556949546780895e-11,0.0,0.0,0.5925261995054691,0.07790120990811712,0.032647575346281515,0.006980806898455406,2.314627097351995e-08,2.176193317414776e-13,0.011456278645591324,0.0014798728853377705,0.002377336912575014,8.343484179673161e-14,1.0867576050015885e-11,3.102073361766112e-13,5.180339419772307e-13,9.74885641801271e-16,5.863644870773884e-12,1.1562000617709834e-12,2.1750309419441263e-13,3.4626065433213464e-41,3.405308497658129e-61,1.2948630398948173e-41,1.8574210853501196e-35,703542551508554.9,-4.968581102104963e-12,-1.0909736797750167e-22,0.7035425515085556,3.556948830416821e-11,4.5043476837314245e-08,7.163640737494264e-18,2.7636604369746237e-288,2.7636604374174106e-288
-2.526258123935825,11.506620247833133,0.5882714060038464,0.5845668797657844,0.3834430085162086,5.374614727942305e-12,14629.875176514639,34.0867934854692,0.6949650557510728,2.1800209863170933e-15,9.387338278285974e-15,1.6838641389325552e-15,0.0004676353828217021,4.329539251060827e-14,0.7035666098712434,3.557070944132267e-11,0.0,0.0,0.5925477537595646,0.07790177926797781,0.0326494414559107,0.0069810779245626405,2.314643371428986e-08,2.1761933597557147e-13,0.011457425680280782,0.001479969128907319,0.0023776249943223324,8.34383071029119e-14,1.0868057387133298e-11,3.102211273432158e-13,5.180674121261015e-13,9.749411885069084e-16,5.863644870773884e-12,1.1562000617709834e-12,2.1750309419441263e-13,3.4626065433213464e-41,3.405308497658129e-61,1.2948630398948173e-41,1.8574210853501196e-35,703566565371781.4,-4.9686921244074256e-12,-1.0909736797750167e-22,0.7035665653717819,3.557070238969201e-11,4.4499461560043585e-08,7.05163065978481e-18,2.7636604369746237e-288,2.7636604374174106e-288
-2.526218903222672,11.506129738886996,0.5889035491285086,0.5841385060931017,0.38405411958070723,5.3769557833472255e-12,14630.517047011886,34.0854566033365,0.6956598711222862,2.183599583431958e-15,9.40287758832298e-15,1.685996095712e-15,0.00046835714598650986,4.3357188256023594e-14,0.7043007228541791,3.560782116507708e-11,0.0,0.0,0.5932067124370365,0.07791914829329322,0.03270650497289416,0.006989362601502436,2.3151398523018818e-08,2.176194655295206e-13,0.011492525910030284,0.0014829115229914366,0.00238644290095063,8.354432472356701e-14,1.0882771951290514e-11,3.106428115972316e-13,5.190910784082315e-13,9.766404765020416e-16,5.863644870773884e-12,1.1562000617709834e-12,2.1750309419441263e-13,3.4626065433213464e-41,3.405308497658129e-61,1.2948630398948173e-41,1.8574210853501196e-35,704300680118331.6,-4.968803146709888e-12,-1.091102926745728e-22,0.7043006801183325,3.560781753764626e-11,4.2735846639274655e-08,3.627430816917622e-18,2.7636604369746237e-288,2.7636604374174106e-288
-2.5257286443082556,11.500000000000002,0.5968053445881082,0.5787036444350434,0.39169865723093084,5.406399119916056e-12,14639.030599199332,34.06875,0.7043396308168112,2.227768104235651e-15,9.59915586775062e-15,1.711642670315085e-15,0.0004779859862830208,4.4204700929944737e-14,0.7134801820771891,3.607192756660086e-11,0.0,0.0,0.6014496653742841,0.07813041711456202,0.03342211359695461,0.007092847001097925,2.3211839455024473e-08,2.1762110515711972e-13,0.01193716778727326,0.0015197323000552176,0.0024985353947302794,8.488382220364045e-14,1.106675395936133e-11,3.1592941607158803e-13,5.319686223400727e-13,9.981024243200216e-16,5.863644870773884e-12,1.1562000617709834e-12,2.1750309419441263e-13,3.4626065433213464e-41,3.405308497658129e-61,1.2948630398948173e-41,1.8574210853501196e-35,713480759637939.2,-5.105360578738782e-12,-1.1213467178921981e-22,0.7134807596379403,3.607194117935616e-11,-5.775607512248371e-07,-1.3612755294455088e-17,2.7636604369746237e-288,2.7636604374174106e-288
-2.5254410664386993,11.496405793462447,0.6014415704592145,0.5754452586037722,0.3961908087889251,5.423817809377779e-12,14644.410529156703,34.058953990081896,0.7094279027893426,2.2555276250044025e-15,9.714873745796998e-15,1.7259952238111272e-15,0.00048378908339015734,4.471264300468969e-14,0.7188685344333313,3.634433720464303e-11,0.0,0.0,0.6062911668238319,0.0782494480379388,0.03384413048306505,0.007153489910046292,2.3245940283574745e-08,2.176220853412643e-13,0.012203086274663115,0.0015413607001591389,0.002565908736788555,8.568249483095625e-14,1.1174718207737817e-11,3.190439415011992e-13,5.395929126023858e-13,1.0108848345465956e-15,5.863644870773884e-12,1.1562000617709834e-12,2.1750309419441263e-13,3.4626065433213464e-41,3.405308497658129e-61,1.2948630398948173e-41,1.8574210853501196e-35,718868786736385.0,-5.105471601041245e-12,-1.1214759648629096e-22,0.7188687867363861,3.634434739906493e-11,-2.52303054781855e-07,-1.0194421894040308e-17,2.7636604369746237e-288,2.7636604374174106e-288
-2.5252740123540343,11.494318392190328,0.6041357878792224,0.5735304179704724,0.39880168994525617,5.4340024756777795e-12,14647.703989292879,34.053264777914734,0.7123831929735107,2.270156504673734e-15,9.787012249680365e-15,1.7360474757603556e-15,0.0004872437228368138,4.50207570842036e-14,0.7220005491422139,3.650266958600083e-11,0.0,0.0,0.6091063897253164,0.07831697069376198,0.03408994499517514,0.007188698089981538,2.3265305761976498e-08,2.1762266134365306e-13,0.012359299936075157,0.0015539328077395715,0.0026056010523461963,8.615107153119463e-14,1.1237448519076213e-11,3.20857783528598e-13,5.440458617404044e-13,1.018380425260135e-15,5.863644870773884e-12,1.1562000617709834e-12,2.1750309419441263e-13,3.4626065433213464e-41,3.405308497658129e-61,1.2948630398948173e-41,1.8574210853501196e-35,721999760996249.0,-5.123568236342635e-12,-1.1254179974696076e-22,0.7219997609962501,3.650264223436393e-11,7.881459638259258e-07,2.7351636897976108e-17,2.7636604369746237e-288,2.7636604374174106e-288
-2.5231858362957458,11.468255277316004,0.637798001931819,0.5482624293365055,0.431589272377798,5.5644796003693255e-12,14697.120872101868,33.98222975832476,0.7492275525180375,2.4878319794373797e-15,1.0736514784300601e-14,1.8604321972699032e-15,0.0005331295329434247,4.901878476825686e-14,0.7612025735861948,3.848466425970643e-11,0.0,0.0,0.6443917498880009,0.07906794092768782,0.037209753231956806,0.0076277450816076035,2.3482284971743563e-08,2.1763033945287416e-13,0.01442149303778882,0.0017112511166457285,0.0031369159391903675,9.233807106231322e-14,1.202227763853198e-11,3.4382237465882097e-13,6.012032256231676e-13,1.1164423245511914e-15,5.863644870773884e-12,1.1562000617709834e-12,2.1750309419441263e-13,3.4626065433213464e-41,3.405308497658129e-61,1.2948630398948173e-41,1.8574210853501196e-35,761203212004379.2,-5.605849118239803e-12,-1.2314005134529642e-22,0.7612032120043803,3.848467827344459e-11,-6.384181855390025e-07,-1.4013738159737118e-17,2.7636604369746237e-288,2.7636604374174106e-288
-2.522545171685714,11.46026986566944,0.6481232743661917,0.540068225740807,0.4416912205109736,5.605823051490813e-12,14715.575492204502,33.96046551888205,0.7605009585843039,2.5623949505718466e-15,1.1059407560602622e-14,1.902158328152595e-15,0.0005487799388758843,5.03820742957803e-14,0.7732558024157139,3.9094040034703674e-11,0.0,0.0,0.6552566443192739,0.07926674028899836,0.03818363786281551,0.007762101910572354,2.3540498388778254e-08,2.1763290505140902e-13,0.015095471863654049,0.0017594391253142351,0.0033132783490088737,9.43788726599275e-14,1.2263239204299774e-11,3.5097871704181145e-13,6.192982864382668e-13,1.1482771957952778e-15,5.863644870773884e-12,1.1562000617709834e-12,2.1750309419441263e-13,3.4626065433213464e-41,3.405308497658129e-61,1.2948630398948173e-41,1.8574210853501196e-35,773255698150395.1,-5.750178111441073e-12,-1.2633245152186827e-22,0.773255698150396,3.9094024167431554e-11,1.0426531793505944e-07,1.5867272120335542e-17,2.7636604369746237e-288,2.7636604374174106e-288
-2.521097660237455,11.442246530029832,0.6714359259949465,0.5208944964937784,0.4645797830320506,5.701659533617225e-12,14763.190189815823,33.91134291759631,0.7859138783021475,2.7475619433583123e-15,1.1853537206435075e-14,2.0036392385306193e-15,0.0005869340952342479,5.367983562298403e-14,0.800530068239778,4.047295172163067e-11,0.0,0.0,0.6798618293396672,0.0796684149512142,0.04041288984761797,0.008065169871247863,2.3659765992490682e-08,2.1763916288804128e-13,0.01669107321596843,0.0018678375956837118,0.003735538555831603,9.929635120847118e-14,1.2807699692642302e-11,3.673455576413408e-13,6.611591244930828e-13,1.2235381077856524e-15,5.863644870773884e-12,1.1562000617709834e-12,2.1750309419441263e-13,3.4626065433213464e-41,3.405308497658129e-61,1.2948630398948173e-41,1.8574210853501196e-35,800529656379494.9,-6.04438721296674e-12,-1.3276895066329651e-22,0.8005296563794959,4.047293257340953e-11,4.118602821012729e-07,1.9148221134913527e-17,2.7636604369746237e-288,2.7636604374174106e-288
-2.520095335729478,11.429781609389792,0.6875610296203107,0.5071438169652687,0.480472438129691,5.770142951828405e-12,14801.229003322624,33.87736977639187,0.8034627685590989,2.8898568259073267e-15,1.2461740431162614e-14,2.078807837317066e-15,0.0006163415511824589,5.621768061610914e-14,0.8194502569502145,4.1429518930717516e-11,0.0,0.0,0.6969422397337263,0.07991199140843222,0.04197968425058277,0.008274660178692342,2.3733573725822313e-08,2.1764394511232726e-13,0.01785587029210731,0.0019423107923006672,0.004047649661614265,1.0299477421547854e-13,1.3184532050970154e-11,3.78843706962453e-13,6.909469198925963e-13,1.2785830743090377e-15,5.863644870773884e-12,1.1562000617709834e-12,2.1750309419441263e-13,3.4626065433213464e-41,3.405308497658129e-61,1.2948630398948173e-41,1.8574210853501196e-35,819450149814193.9,-6.290745702131062e-12,-1.3818439873610462e-22,0.8194501498141947,4.142950907115166e-11,1.0713601972245357e-07,9.859565856716162e-18,2.7636604369746237e-288,2.7636604374174106e-288
-2.5190094841791666,11.416292036921226,0.7050098605698565,0.4918635689660583,0.4977295035868404,5.846496792275102e-12,14847.483081700993,33.8406039466288,0.8224300639493096,3.0606837475505557e-15,1.3191443302150098e-14,2.1696606206982276e-15,0.0006508105812671875,5.916178980535913e-14,0.8399799640289642,4.246742108612932e-11,0.0,0.0,0.7154823658160061,0.0801479879224941,0.04369879970260964,0.008501290792410935,2.3806575894514375e-08,2.1764963767465012e-13,0.019173796038558944,0.002022242843207206,0.0044043652091293175,1.0732899976434691e-13,1.3592349952684661e-11,3.91457243158061e-13,7.239664707265926e-13,1.3411990338545209e-15,5.863644870773884e-12,1.1562000617709834e-12,2.1750309419441263e-13,3.4626065433213464e-41,3.405308497658129e-61,1.2948630398948173e-41,1.8574210853501196e-35,839979478739921.1,-6.587286272008441e-12,-1.44724295454102e-22,0.8399794787399223,4.246742457967397e-11,4.852890419515532e-07,-3.4935446489771475e-18,2.7636604369746237e-288,2.7636604374174106e-288
-2.5185214168310703,11.410233528793842,0.7128444274256802,0.4848817156136102,0.5054956682331264,5.881616864076915e-12,14870.121185987276,33.82409148272762,0.8309396683793536,3.1463884525572225e-15,1.3543580991954823e-14,2.2118964696311497e-15,0.00066780299995563,6.061911559060004e-14,0.8492186841217257,4.2934526150404715e-11,0.0,0.0,0.7238267056509846,0.08024553246503313,0.044478642999164195,0.008603047546048724,2.3837293047454234e-08,2.1765239916094115e-13,0.019785325771351673,0.0020578681037899363,0.004571090244135019,1.0940492208101272e-13,1.3775438674948645e-11,3.9718130959348734e-13,7.390646003753504e-13,1.3704347144010558e-15,5.863644870773884e-12,1.1562000617709834e-12,2.1750309419441263e-13,3.4626065433213464e-41,3.405308497658129e-61,1.2948630398948173e-41,1.8574210853501196e-35,849217877067553.6,-6.588285472730604e-12,-1.447436824997087e-22,0.8492178770675547,4.293449668577383e-11,8.070541710480938e-07,2.946463088232933e-17,2.7636604369746237e-288,2.7636604374174106e-288
-2.517088362205541,11.392461723256984,0.7358109946808593,0.4640032430789019,0.5283523133298241,5.987735208439956e-12,14943.377511093753,33.77565442673691,0.8558668791339027,3.417279581179356e-15,1.468676704324239e-14,2.3476477716201477e-15,0.0007217731331832425,6.519972450239193e-14,0.8763823405266347,4.430788034242254e-11,0.0,0.0,0.7483596546126045,0.08050502003378361,0.046795892740009074,0.008901406060490757,2.3920981734162502e-08,2.1766138848787372e-13,0.021650065992234173,0.002161184238170681,0.005083868003661634,1.160442671354658e-13,1.4311879498484716e-11,4.14189587408167e-13,7.843275236775447e-13,1.4605149943603169e-15,5.863644870773884e-12,1.1562000617709834e-12,2.1750309419441263e-13,3.4626065433213464e-41,3.405308497658129e-61,1.2948630398948173e-41,1.8574210853501196e-35,876382614390159.5,-7.054357098468245e-12,-1.5499942962565913e-22,0.8763826143901602,4.430788313469634e-11,-2.73863525523943e-07,-2.7922737986529735e-18,2.7636604369746237e-288,2.7636604374174106e-288
-2.516921308120876,11.390391684816063,0.7384840990374649,0.4615346861727809,0.5310229988336557,6.000410158001048e-12,14952.598930619424,33.77001253696618,0.858766784603788,3.4527068906284534e-15,1.482332896099226e-14,2.3617638666586412e-15,0.0007284824157808866,6.575983267998146e-14,0.8795523024690737,4.446814286759148e-11,0.0,0.0,0.7512221466881261,0.08053288308161752,0.047068790276495055,0.008936142271552842,2.393016990649053e-08,2.176625344389843e-13,0.021874189922212132,0.0021730897743200417,0.005145921947739893,1.1687789813351963e-13,1.4374274936650708e-11,4.1619225442140013e-13,7.89695359975356e-13,1.4714530228139865e-15,5.863644870773884e-12,1.1562000617709834e-12,2.1750309419441263e-13,3.4626065433213464e-41,3.405308497658129e-61,1.2948630398948173e-41,1.8574210853501196e-35,879553064897781.4,-7.054024031560857e-12,-1.5499296727712356e-22,0.8795530648977822,4.446817379800874e-11,-7.624287085006287e-07,-3.0930417261649834e-17,2.7636604369746237e-288,2.7636604374174106e-288
-2.5148331320625874,11.3645453607764,0.7718271582194279,0.43017979201407897,0.5644879201662236,6.1652354372213535e-12,15081.950483045666,33.69956838079608,0.8949183923520484,3.954259413282186e-15,1.689703614179415e-14,2.5954262033083008e-15,0.0008255712121400606,7.391818042814196e-14,0.9192513222957676,4.6475221426751355e-11,0.0,0.0,0.787053127936557,0.08084544304434378,0.05052718009521759,0.009369349296800663,2.4036836518892542e-08,2.176790898585421e-13,0.024795319013927408,0.0023190687510275952,0.005962344292838623,1.2861742236100894e-13,1.5150726250575283e-11,4.4159206963988667e-13,8.584382160373646e-13,1.6169862657357084e-15,5.863644870773884e-12,1.1562000617709834e-12,2.1750309419441263e-13,3.4626065433213464e-41,3.405308497658129e-61,1.2948630398948173e-41,1.8574210853501196e-35,919250801862281.2,-7.508993427052246e-12,-1.6495144637043775e-22,0.9192508018622819,4.647519979470646e-11,5.20433485640126e-07,2.1632044892464005e-17,2.7636604369746237e-288,2.7636604374174106e-288
-2.512744956004297,11.338752952099798,0.8049992344134699,0.3979603298995244,0.5982093714096074,6.343544099791272e-12,15240.54694433426,33.629271170947995,0.9308712664702125,4.614564208183318e-15,1.9598608831558798e-14,2.8785240708190188e-15,0.0009494918544093148,8.413908959780355e-14,0.9590735491219464,4.848853254196765e-11,0.0,0.0,0.8229377836129325,0.08110387581523247,0.0540823978312908,0.009799906386201184,2.4131843016109773e-08,2.1770140859766626e-13,0.02793845558566077,0.0024589235277897104,0.006855342193907805,1.43630840130221e-13,1.5917843779918666e-11,4.67707370695998e-13,9.303174406147328e-13,1.781542259490658e-15,5.863644870773884e-12,1.1562000617709834e-12,2.1750309419441263e-13,3.4626065433213464e-41,3.405308497658129e-61,1.2948630398948173e-41,1.8574210853501196e-35,959073077843668.8,-8.081424418548977e-12,-1.7751425192358685e-22,0.9590730778436696,4.848852219678167e-11,4.7127827684789736e-07,1.0345185977983937e-17,2.7636604369746237e-288,2.7636604374174106e-288
-2.51174263149632,11.32639171363906,0.8208489274206839,0.38220902395511697,0.6145242285626812,6.434941435960166e-12,15329.081374945017,33.59558061552326,0.9480534654007218,5.017783053694196e-15,2.1219693050919856e-14,3.0390959028035434e-15,0.0010224185675733156,9.005864691670882e-14,0.9782316956878401,4.945713802422053e-11,0.0,0.0,0.8401696815798593,0.08121296103981511,0.055826634492375904,0.01000507866535043,2.4174606280968068e-08,2.1771518658918903e-13,0.02952583282452283,0.002523517910232146,0.007311563816592394,1.5249623025008523e-13,1.6281206209781727e-11,4.805148661444704e-13,9.65979463702336e-13,1.86879247357e-15,5.863644870773884e-12,1.1562000617709834e-12,2.1750309419441263e-13,3.4626065433213464e-41,3.405308497658129e-61,1.2948630398948173e-41,1.8574210853501196e-35,978232120872018.9,-8.216427538343396e-12,-1.8049985694702044e-22,0.9782321208720198,4.94571592116356e-11,-4.2518417975312417e-07,-2.118741506667879e-17,2.7636604369746237e-288,2.7636604374174106e-288
-2.511402465934401,11.322199412753976,0.8262167316956324,0.3768232382426141,0.6200827173645322,6.46693222422404e-12,15361.181042157028,33.58415449946096,0.9538737321933964,5.1682066841183795e-15,2.1825868193922558e-14,3.095317314703172e-15,0.0010500350099355348,9.230059864440544e-14,0.9847409390635872,4.9786225849252805e-11,0.0,0.0,0.8460184079336734,0.08124810838926798,0.056424387722365806,0.010074406122236293,2.4188809438177603e-08,2.1772046275387762e-13,0.030076082360274186,0.0025450308194626342,0.007470488983278258,1.5581871861707002e-13,1.640361623397079e-11,4.849036079714477e-13,9.782587613539875e-13,1.899807417805083e-15,5.863644870773884e-12,1.1562000617709834e-12,2.1750309419441263e-13,3.4626065433213464e-41,3.405308497658129e-61,1.2948630398948173e-41,1.8574210853501196e-35,984740802713669.0,-8.344436253082677e-12,-1.8331744090852919e-22,0.9847408027136698,4.978622314976657e-11,1.363499173567817e-07,2.6994862351565154e-18,2.7636604369746237e-288,2.7636604374174106e-288
-2.510783426725989,11.314573848688696,0.835967110089389,0.36696416886604105,0.6302351026256205,6.526549690254944e-12,15422.562488433943,33.56337102460104,0.9644487712039111,5.469299864447077e-15,2.302899484547097e-14,3.206605923452687e-15,0.0011038596611279408,9.662991631823861e-14,0.9965935221719567,5.0385495083892784e-11,0.0,0.0,0.8566593621491655,0.08130985667328962,0.05752044367990296,0.01020009315426443,2.4214325232025044e-08,2.1773099679154096e-13,0.031092345214037594,0.0025836226117950186,0.007765040841255837,1.6234144842727497e-13,1.6625031537659252e-11,4.929468881360361e-13,1.0008389213414914e-12,1.95826108738056e-15,5.863644870773884e-12,1.1562000617709834e-12,2.1750309419441263e-13,3.4626065433213464e-41,3.405308497658129e-61,1.2948630398948173e-41,1.8574210853501196e-35,996593939469748.1,-8.47077963328502e-12,-1.8608978843028894e-22,0.9965939394697488,5.038549039850516e-11,-4.172977920990917e-07,4.685387621316676e-18,2.7636604369746237e-288,2.7636604374174106e-288
-2.510656779946008,11.313014346318985,0.8379591372965963,0.3649370978409747,0.6323190998418234,6.53897898099078e-12,15435.609186899588,33.55912060089239,0.9666098186801191,5.535966550614538e-15,2.3292913874995164e-14,3.2311122714033088e-15,0.0011154190482606963,9.754923047520107e-14,0.9990196890970051,5.05081579404982e-11,0.0,0.0,0.8588360342718392,0.08132215514905361,0.05774608061938083,0.010225723232755272,2.4219498612031147e-08,2.1773331626660803e-13,0.03130262020799458,0.00259142691974651,0.007826151684717689,1.6375877722236367e-13,1.6670099484692607e-11,4.946015936415462e-13,1.0054961854057438e-12,1.9705570667056786e-15,5.863644870773884e-12,1.1562000617709834e-12,2.1750309419441263e-13,3.4626065433213464e-41,3.405308497658129e-61,1.2948630398948173e-41,1.8574210853501196e-35,999020282256581.0,-8.47077963328502e-12,-1.8609625077882452e-22,0.9990202822565815,5.0508160692139984e-11,-5.931595763453146e-07,-2.7516417822355738e-18,2.7636604369746237e-288,2.7636604374174106e-288
-2.5087356579723825,11.289382251233544,0.8680513320026504,0.3337827993598476,0.6642286065061135,6.73832460827226e-12,15656.120616057682,33.49471132573702,0.9992808066636036,6.766959255964599e-15,2.8139875061787408e-14,3.640621949319592e-15,0.001327572167816067,1.1425804295634708e-13,1.0358824085772596,5.2371822159483745e-11,0.0,0.0,0.8918310008154584,0.08149612802453796,0.06122770756064844,0.010609876237297816,2.429651892113654e-08,2.177775003903078e-13,0.034589545050102546,0.002705778173554631,0.008788607047225665,1.8962681839488678e-13,1.7342130459267976e-11,5.201020429226077e-13,1.0777631022479645e-12,2.173149057110941e-15,5.863644870773884e-12,1.1562000617709834e-12,2.1750309419441263e-13,3.4626065433213464e-41,3.405308497658129e-61,1.2948630398948173e-41,1.8574210853501196e-35,1035882382884549.6,-8.79873951475929e-12,-1.9339870462401921e-22,1.0358823828845525,5.2371823457586435e-11,2.5692707072977328e-08,-1.2981026907633182e-18,2.7636604369746237e-288,2.7636604374174106e-288
-2.508568603887718,11.287329431201231,0.8706560054245441,0.3310328230030665,0.6670360560898079,6.756725557375219e-12,15677.51911277353,33.489116364738955,1.0021116582021243,6.901057658930772e-15,2.8660327290887125e-14,3.682411083294157e-15,0.0013497391533812454,1.1596978261552793e-13,1.039093272361006,5.253413090158598e-11,0.0,0.0,0.8946971159699976,0.08151023329633256,0.0615361839324958,0.010642767700944356,2.4303118106927713e-08,2.177823485280539e-13,0.03488387824639467,0.0027153460919262214,0.008875442662465592,1.9234932645246811e-13,1.739936977757561e-11,5.223564411022714e-13,1.0841950400835778e-12,2.1923787679407734e-15,5.863644870773884e-12,1.1562000617709834e-12,2.1750309419441263e-13,3.4626065433213464e-41,3.405308497658129e-61,1.2948630398948173e-41,1.8574210853501196e-35,1039092805723938.1,-8.798961559364216e-12,-1.9341809166962592e-22,1.0390928057239404,5.253413502977519e-11,4.666370656547514e-07,-4.128189209349821e-18,2.7636604369746237e-288,2.7636604374174106e-288
-2.5064804278294295,11.261698094747997,0.9029992808068422,0.29602959679695245,0.7026730635610519,7.004472658580634e-12,15981.984020554299,33.41925815723566,1.037318416905715,9.11916488340744e-15,3.716308916661709e-14,4.277570629404642e-15,0.0017093459634028962,1.4325747278698777e-13,1.079291302637074,5.4566456364417173e-11,0.0,0.0,0.9304302907465727,0.08167432008482674,0.06547734583328739,0.01104324466712503,2.4384747361569637e-08,2.1786486395174817e-13,0.03867425460685207,0.002829397598969487,0.010003156605001215,2.3600457061679616e-13,1.8093213457096138e-11,5.510801413602078e-13,1.1667169327409566e-12,2.4610278041860246e-15,5.863644870773884e-12,1.1562000617709834e-12,2.1750309419441263e-13,3.4626065433213464e-41,3.405308497658129e-61,1.2948630398948173e-41,1.8574210853501196e-35,1079291040080392.5,-8.984368804476617e-12,-1.975216829897132e-22,1.0792910400803948,5.4566465019943144e-11,2.6255667928687387e-07,-8.65552597053522e-18,2.7636604369746237e-288,2.7636604374174106e-288
-2.5043922517711388,11.236120225194282,0.9348056429880824,0.25951580751006315,0.7396955758187671,7.293124114587284e-12,16371.616299303596,33.34954567376701,1.0720877713418402,1.3351258438745451e-14,5.272256472911868e-14,5.119663290476921e-15,0.002338188563519186,1.886258955812669e-13,1.119614792362633,5.6605168042411387e-11,0.0,0.0,0.9658540737442868,0.08181727341109331,0.06960525663453983,0.011411550582222792,2.446430414758434e-08,2.1802078738075542e-13,0.04265998133842315,0.0029321886649177763,0.011208237491171046,3.090324001730069e-13,1.8731575232586552e-11,5.809195452045872e-13,1.2534828729877938e-12,2.8029975264575456e-15,5.863644870773884e-12,1.1562000617709834e-12,2.1750309419441263e-13,3.4626065433213464e-41,3.405308497658129e-61,1.2948630398948173e-41,1.8574210853501196e-35,1119615378376238.4,-9.193978911525846e-12,-2.0223273507214413e-22,1.1196153783762393,5.660517053435995e-11,-5.860136063073895e-07,-2.49194856463387e-18,2.7636604369746237e-288,2.7636604374174106e-288
-2.5033899272631617,11.223861806493051,0.949756790984866,0.24126275881334566,0.7581549570547345,7.449953471273605e-12,16596.937093481312,33.316135353596806,1.0885125283208776,1.7058887934751658e-14,6.574328548666783e-14,5.659708683311538e-15,0.002844622009270351,2.2339158849189187e-13,1.1390157155612164,5.758600384300637e-11,0.0,0.0,0.9826247997448829,0.08187845071498681,0.07166784308278716,0.011568368940851793,2.4500698078376645e-08,2.1814867810052787e-13,0.04463637770086473,0.002977076594157723,0.011813504368157887,3.6312824461549354e-13,1.9009075322472633e-11,5.956947508077884e-13,1.2968000014817772e-12,3.0084382028810533e-15,5.863644870773884e-12,1.1562000617709834e-12,2.1750309419441263e-13,3.4626065433213464e-41,3.405308497658129e-61,1.2948630398948173e-41,1.8574210853501196e-35,1139015968600930.0,-9.289236047038685e-12,-2.043200736491334e-22,1.1390159686009313,5.758601961820211e-11,-2.530397149591579e-07,-1.5775195738295423e-17,2.7636604369746237e-288,2.7636604374174106e-288
-2.503045436620915,11.219651525731399,0.9548199506371713,0.23486115915932673,0.7646216968008537,7.5068388702438e-12,16680.73125042953,33.30466023338093,1.0940913626972528,1.8838628281927196e-14,7.17228462386367e-14,5.867886130344914e-15,0.0030751693887972886,2.388128422967967e-13,1.1456901436273796,5.7923473864248754e-11,0.0,0.0,0.9883263452233629,0.08189830510926274,0.07239032389666702,0.011617906424347131,2.451269398250331e-08,2.1820570597190808e-13,0.04532430101053451,0.0029917883615566457,0.012025453096817882,3.860584867238756e-13,1.909882437054827e-11,6.008471377517376e-13,1.3119565724153436e-12,3.0879875792759736e-15,5.863644870773884e-12,1.1562000617709834e-12,2.1750309419441263e-13,3.4626065433213464e-41,3.405308497658129e-61,1.2948630398948173e-41,1.8574210853501196e-35,1145690528711683.0,-9.289680136248535e-12,-2.043459230432757e-22,1.145690528711684,5.7923469978931295e-11,-3.8508430444395003e-07,3.885317459136813e-18,2.7636604369746237e-288,2.7636604374174106e-288
-2.5023040757128503,11.210595711008327,0.9655282505548411,0.22081713707816286,0.778795463892828,7.634134670380384e-12,16871.68390411314,33.2799786103532,1.1059288872546162,2.4126413730314968e-14,8.888709379616166e-14,6.382631118326786e-15,0.0037238225783594414,2.8092498661009137e-13,1.1600669259417171,5.86502871127252e-11,0.0,0.0,1.0004320732965457,0.08193891142772941,0.073972118629783,0.011714868722570413,2.4537187649401056e-08,2.183600591696182e-13,0.046818691464270756,0.003022151677288518,0.012488266217409751,4.4529673823417426e-13,1.928044295995714e-11,6.120712926669582e-13,1.3450606338831117e-12,3.2797428415216592e-15,5.863644870773884e-12,1.1562000617709834e-12,2.1750309419441263e-13,3.4626065433213464e-41,3.405308497658129e-61,1.2948630398948173e-41,1.8574210853501196e-35,1160066214880795.5,-9.299672143470161e-12,-2.0454625584787837e-22,1.1600662148807976,5.865027150637303e-11,7.110609194782569e-07,1.5606352174498376e-17,2.7636604369746237e-288,2.7636604374174106e-288
-2.5003829537392246,11.18716018573594,0.9904761263402584,0.1825154734619057,0.8173533627902222,7.968591822942469e-12,17387.915718958022,33.21610508622331,1.1339410367909701,6.889400214210141e-14,2.0149541392942114e-13,8.219333497127605e-15,0.007943365714032148,5.249097879508495e-13,1.1973934886205384,6.053745352131238e-11,6.954352712595503e-257,1.5153257932172443e-267,1.0291639673527329,0.08202906276199778,0.07825709278246498,0.011880103656439787,2.4586429942259584e-08,2.1907890672095234e-13,0.05076794466891132,0.0030920739594135914,0.013729195720298104,6.885543509652149e-13,1.9659762338296493e-11,6.420575573813855e-13,1.4340139114035494e-12,4.005960383843548e-15,5.863644870773884e-12,1.1562000617709834e-12,2.1750309419441263e-13,3.4626065433213464e-41,3.405308497658129e-61,1.2948630398948173e-41,1.8574210853501196e-35,1197393047646053.5,-9.310552329111488e-12,-2.0479182509223005e-22,1.197393047646056,6.053743005652556e-11,4.409744824851458e-07,2.346478682179825e-17,2.7636604369746237e-288,2.7636604374174106e-288
-2.5002158996545596,11.185124440890927,0.9922069084089946,0.17904340025844726,0.8208410231457217,7.993210995632357e-12,17425.828829724745,33.21055666364822,1.1359483910313544,7.917824676248936e-14,2.217998232572803e-13,8.424749470596103e-15,0.008729876277387355,5.662906841151808e-13,1.2006442951689764,6.070180604575263e-11,6.954352712595503e-257,1.5153257932172443e-267,1.0312355024874094,0.0820357442644683,0.0786431721304005,0.011887112474270394,2.4589330149422613e-08,2.1916979243611778e-13,0.051115706552682307,0.003097524900121048,0.013839933461220614,7.16986832502054e-13,1.96856542794748e-11,6.447240912782117e-13,1.4419534644613829e-12,4.0970287390119956e-15,5.863644870773884e-12,1.1562000617709834e-12,2.1750309419441263e-13,3.4626065433213464e-41,3.405308497658129e-61,1.2948630398948173e-41,1.8574210853501196e-35,1200643945086448.5,-9.310996418321338e-12,-2.0476597569808777e-22,1.20064394508645,6.07017879311647e-11,3.500825265234653e-07,1.8114587931855764e-17,2.7636604369746237e-288,2.7636604374174106e-288
-2.498127723596271,11.159706303775149,0.9997831866880504,0.13474862775388327,0.8652284386171716,8.110828861379616e-12,17594.167882065118,33.141279530939165,1.1470362528713314,5.302774141337339e-13,7.187806841233283e-13,1.1373612863176124e-14,0.03251051989301096,1.631417843200862e-12,1.241348220056076,6.275970890313942e-11,3.4011023227481453e-159,7.410866673036277e-170,1.0431637810614633,0.0821022377228403,0.0835716813694492,0.011909529492777574,2.4607682990647892e-08,2.20441642131078e-13,0.05549012386618682,0.003156704458027139,0.015264173057787756,1.0972745826899325e-12,1.9953538132191407e-11,6.784561070231076e-13,1.54247053556638e-12,6.242434540868715e-15,5.863644870773884e-12,1.1562000617709834e-12,2.1750309419441263e-13,3.4626065433213464e-41,3.405308497658129e-61,1.2948630398948173e-41,1.8574210853501196e-35,1241348965711987.0,-9.312328685950888e-12,-2.0463672872737636e-22,1.2413489657119914,6.2759739865922e-11,-7.456559154572773e-07,-3.0962782583659395e-17,2.7636604369746237e-288,2.7636604374174106e-288
-2.4960395475379804,11.13434118882564,0.9999073452648758,0.09270849252161956,0.9072831939287861,8.126263797079697e-12,17600.407358180062,33.07214691014428,1.1504816779263909,1.1694160493477524e-12,1.3225665888193934e-12,1.558688042646839e-14,0.06398026353817189,2.9931196798789648e-12,1.2821822538007543,6.482414549265198e-11,3.850992427674212e-62,8.391159316049557e-73,1.0476669820033613,0.08214614003466104,0.08838886821524845,0.011911081742872849,2.4612666811326405e-08,2.2144965540294275e-13,0.059870718481356444,0.0031994525577441588,0.01676124764214489,1.393927836778529e-12,2.0209130497918813e-11,7.12367106712482e-13,1.643225975297503e-12,1.1062748768795606e-14,5.863644870773884e-12,1.1562000617709834e-12,2.1750309419441263e-13,3.4626065433213464e-41,3.405308497658129e-61,1.2948630398948173e-41,1.8574210853501196e-35,1282181674706686.5,-9.311662552136113e-12,-2.0472720160687435e-22,1.2821816747066914,6.482414743004192e-11,5.790940629246677e-07,-1.9373899380332646e-18,2.7636604369746237e-288,2.7636604374174106e-288
-2.495307446515834,11.125460876277808,0.9999225792944006,0.07914739010025218,0.9208465109412525,8.128158917264665e-12,17595.93904343538,33.047943618295164,1.1515678749772498,1.393104169754034e-12,1.5350929743108679e-12,1.7671639875118753e-14,0.07515239395464902,3.482480797191133e-12,1.296528364006009,6.554946998877855e-11,1.3016036821524504e-43,2.8361426485313055e-54,1.0492175634277223,0.0821576630808939,0.09000074353343282,0.011911417695373733,2.4613555731431133e-08,2.217168505148383e-13,0.06140640182869294,0.003210800768647807,0.017302334775134823,1.4725828756091652e-12,2.0299965216929408e-11,7.242672282996202e-13,1.6784919882173328e-12,1.3432697875287425e-14,5.863644870773884e-12,1.1562000617709834e-12,2.1750309419441263e-13,3.4626065433213464e-41,3.405308497658129e-61,1.2948630398948173e-41,1.8574210853501196e-35,1296527663253826.2,-9.310996418321338e-12,-2.0477890039515891e-22,1.2965276632538296,6.554944751423015e-11,7.007521793944704e-07,2.247454839901677e-17,2.7636604369746237e-288,2.7636604374174106e-288
-2.4950372230300033,11.122184734637658,0.999926998183066,0.07434099075738568,0.9256535687395688,8.128337740969242e-12,17593.29753827351,33.039014494254936,1.1519518504122652,1.4755552996376427e-12,1.6146032260645597e-12,1.8558841727884844e-14,0.07929478528184297,3.6649678128629875e-12,1.3018269483943352,6.581737673076343e-11,1.3016036821524504e-43,2.8361426485313055e-54,1.0497887337777563,0.08216145843942096,0.09058197088600375,0.01191152765392359,2.461381938742895e-08,2.2180438213917993e-13,0.06197326324861204,0.0032145441440877207,0.017504057564680795,1.498381382741549e-12,2.033365534536705e-11,7.286601288594633e-13,1.6914980461733166e-12,1.4398378438161656e-14,5.863644870773884e-12,1.1562000617709834e-12,2.1750309419441263e-13,3.4626065433213464e-41,3.405308497658129e-61,1.2948630398948173e-41,1.8574210853501196e-35,1301826847098565.8,-9.311218462926263e-12,-2.048047497893012e-22,1.3018268470985697,6.581736202399642e-11,1.0129576555328867e-07,1.4706767008287207e-17,2.7636604369746237e-288,2.7636604374174106e-288
-2.493951371479692,11.109028985438357,0.9999405993120415,0.056316125405444596,0.9436804356249189,8.12580311679263e-12,17576.490395437104,33.00315849981224,1.153388783258511,1.8066453185826235e-12,1.9284585658189976e-12,2.278029501000433e-14,0.09606212346216315,4.410334815159058e-12,1.3231427424945268,6.689504729328463e-11,4.105298605991551e-21,8.94528236287291e-32,1.0520801846946648,0.08217438755957401,0.09282604676881362,0.011911912160963592,2.4614615656295847e-08,2.2209850218258484e-13,0.06425149754358483,0.0032273152491547287,0.01832495974601585,1.5853018029696006e-12,2.0469886135875156e-11,7.463107045918319e-13,1.7436878619663815e-12,1.878077564480206e-14,5.863644870773884e-12,1.1562000617709834e-12,2.1750309419441263e-13,3.4626065433213464e-41,3.405308497658129e-61,1.2948630398948173e-41,1.8574210853501196e-35,1323142471253669.0,-9.311218462926263e-12,-2.048693732746569e-22,1.3231424712536726,6.689503080530219e-11,2.712408542215883e-07,1.6487982442011196e-17,2.7636604369746237e-288,2.7636604374174106e-288
-2.492030249506066,11.085788394927572,0.9999552734240382,0.03085652773808631,0.9691420159788433,8.105854194861385e-12,17517.44984417933,32.9398162703751,1.1554137386631782,2.390834928083519e-12,2.485946098490405e-12,3.398742558441457e-14,0.12629706289094245,5.788644437684098e-12,1.3609392200510906,6.880595993209448e-11,1.0825655113937056e-07,2.3588671872957882e-18,1.056128261800854,0.08218940163239934,0.09632438546103284,0.011912433637288472,2.4615341964723674e-08,2.2242125695982696e-13,0.06828542201410184,0.003242172794723246,0.019813173673451995,1.6816697583572999e-12,2.0713934397691392e-11,7.775006706562597e-13,1.8356338566086696e-12,2.856378647555671e-14,5.863644870773884e-12,1.1562000617709834e-12,2.1750309419441263e-13,3.4626065433213464e-41,3.405308497658129e-61,1.2948630398948173e-41,1.8574210853501196e-35,1360939875202863.5,-9.310774373716413e-12,-2.048693732746569e-22,1.360939875202867,6.880598034888846e-11,-6.551517763853099e-07,-2.041679397540954e-17,2.7636604369746237e-288,2.7636604374174106e-288
-2.4918631954214017,11.083769583239873,0.9999562106955439,0.029104205625026778,0.9708944480833054,8.103053921130078e-12,17510.306573331327,32.93431399912027,1.1555530345211995,2.4415515755296136e-12,2.5357115909561315e-12,3.525391677052439e-14,0.12896649285179307,5.912768314622895e-12,1.3642311515214578,6.897239697407309e-11,1.0825655113937056e-07,2.3588671872957882e-18,1.0564802418852637,0.0821903154590407,0.09659399305949927,0.011912471883146175,2.4615378632713558e-08,2.224395690591593e-13,0.06863650307286287,0.0032430779378639636,0.019944431368934572,1.687206897801492e-12,2.0735314744872423e-11,7.802084399061229e-13,1.8435987478861917e-12,2.9541160929232947e-14,5.863644870773884e-12,1.1562000617709834e-12,2.1750309419441263e-13,3.4626065433213464e-41,3.405308497658129e-61,1.2948630398948173e-41,1.8574210853501196e-35,1364231755773977.8,-9.310108239901638e-12,-2.0488229797172804e-22,1.3642317557739811,6.897241023606713e-11,-6.042525233507234e-07,-1.3261994040904665e-17,2.7636604369746237e-288,2.7636604374174106e-288
-2.4915932112654033,11.08050759726974,0.9999576432888304,0.02643638548274976,0.9735624297724268,8.098152514959092e-12,17498.054139428765,32.92542345635868,1.155765110001536,2.5234497964862595e-12,2.61627417773256e-12,3.740549592427045e-14,0.13329416171762548,6.114848735833079e-12,1.369554307696512,6.924147207140884e-11,2.0257333864765968e-06,4.4139924699960325e-17,1.0570491471703614,0.08219168291843736,0.09701729014739234,0.011912531707653681,2.461543162034744e-08,2.2246650714719247e-13,0.06920403558918094,0.0032444326436071613,0.02015709832347596,1.6953771650901099e-12,2.0769915191689642e-11,7.845825298473968e-13,1.8564590275185155e-12,3.116475062645353e-14,5.863644870773884e-12,1.1562000617709834e-12,2.1750309419441263e-13,3.4626065433213464e-41,3.405308497658129e-61,1.2948630398948173e-41,1.8574210853501196e-35,1369553666537111.8,-9.309220061481938e-12,-2.049339967600126e-22,1.3695536665371153,6.92414737663955e-11,6.411593966859641e-07,-1.6949866628526458e-18,2.7636604369746237e-288,2.7636604374174106e-288
-2.4897750193631127,11.058562872087082,0.9999652464473177,0.013702002132452266,0.9862974886726164,8.053789637197135e-12,17394.31189551907,32.865613107873344,1.1567781658797665,3.0725780935506936e-12,3.145882290024128e-12,5.4940771420491316e-14,0.16287065015767171,7.523455407407791e-12,1.4054505051973714,7.105632924904417e-11,2.8913045622913304e-05,6.300037631613842e-16,1.060883618935835,0.08219810027730651,0.09946922277162844,0.011912879364404444,2.4615646531905546e-08,2.2258235269651284e-13,0.07303125185291558,0.003250796669769434,0.021603631560855104,1.7310566782714638e-12,2.1004199345327746e-11,8.139555227981701e-13,1.9426174833256906e-12,4.355129737215507e-14,5.863644870773884e-12,1.1562000617709834e-12,2.1750309419441263e-13,3.4626065433213464e-41,3.405308497658129e-61,1.2948630398948173e-41,1.8574210853501196e-35,1405449929930025.0,-9.306777570827762e-12,-2.0501154494243945e-22,1.4054499299300278,7.105630602946156e-11,5.752673435388544e-07,2.321958260966595e-17,2.7636604369746237e-288,2.7636604374174106e-288
-2.4876868433048225,11.03340874206658,0.9999711250799518,0.0075045228798532836,0.9924952443537235,7.985551215173357e-12,17243.113555339805,32.79705552650246,1.157273362836844,3.6986674563626504e-12,3.756812082995326e-12,8.033642693538336e-14,0.19755749694698138,9.21800679105768e-12,1.4467974178985479,7.314672419549241e-11,9.831296152981882e-05,2.1422003250408657e-15,1.0652988005295656,0.08220193982920512,0.10164086762195786,0.01191318597675843,2.4615741128400166e-08,2.2263760496203236e-13,0.07744086142636637,0.0032546143984417335,0.023285979910044656,1.7487680021052303e-12,2.127520679905508e-11,8.474526949508219e-13,2.040423865005407e-12,6.102091277835563e-14,5.863644870773884e-12,1.1562000617709834e-12,2.1750309419441263e-13,3.4626065433213464e-41,3.405308497658129e-61,1.2948630398948173e-41,1.8574210853501196e-35,1446797396629593.5,-9.308331883062237e-12,-2.049986202453683e-22,1.4467973966295966,7.314673855557355e-11,2.126895126686179e-08,-1.4360081137905514e-17,2.7636604369746237e-288,2.7636604374174106e-288
-2.4875694564107595,11.031996260494392,0.9999713976684029,0.007311856945669155,0.9926879180093475,7.981428046152893e-12,17234.09110737279,32.793205807977465,1.1572888471129579,3.734026938278666e-12,3.785313890828352e-12,8.172013199509381e-14,0.19952661578709038,9.314819663892842e-12,1.4491255795466953,7.326444446974667e-11,9.831296152981882e-05,2.1422003250408657e-15,1.0655474525378,0.08220209842660625,0.10175109982436131,0.011913200893612875,2.4615744351053968e-08,2.2263953748271128e-13,0.07768925576300426,0.003254772386258044,0.02338100103437251,1.7494062257650534e-12,2.1290485078229576e-11,8.493270093958197e-13,2.045881918562455e-12,6.210866692886251e-14,5.863644870773884e-12,1.1562000617709834e-12,2.1750309419441263e-13,3.4626065433213464e-41,3.405308497658129e-61,1.2948630398948173e-41,1.8574210853501196e-35,1449125592594678.8,-9.307665749247462e-12,-2.049986202453683e-22,1.4491255925946815,7.326444677232934e-11,-1.3047986247016752e-08,-2.302582669226428e-18,2.7636604369746237e-288,2.7636604374174106e-288
-2.486684518796843,11.021353404259429,0.9999732652696117,0.006136954571366264,0.9938628688166468,7.949899446052278e-12,17165.28583422787,32.76419870330907,1.1573834778120848,3.9959041480758066e-12,4.044841241981047e-12,9.33502649196059e-14,0.21433193802597122,1.0045715263673984e-11,1.4666903835659566,7.41524771380703e-11,0.00017027788840697118,3.7102874556581185e-15,1.0674235891281283,0.08220317821601308,0.10256140029813002,0.011913306692424802,2.461576470852929e-08,2.2265181288816374e-13,0.07956363055093499,0.003255848352023498,0.024098542233880676,1.7535092580900363e-12,2.1405785730645436e-11,8.634253408758218e-13,2.0868861159532654e-12,7.067483673697897e-14,5.863644870773884e-12,1.1562000617709834e-12,2.1750309419441263e-13,3.4626065433213464e-41,3.405308497658129e-61,1.2948630398948173e-41,1.8574210853501196e-35,1466690223982415.5,-9.306999615432687e-12,-2.0498569554829717e-22,1.4666902239824187,7.415247401300371e-11,1.5958353793976698e-07,3.1250665890354708e-18,2.7636604369746237e-288,2.7636604374174106e-288
-2.4855986672465336,11.008307083494289,0.999975257852637,0.005157469922701794,0.9948423924327475,7.910628284497851e-12,17079.886366487277,32.728640956063686,1.1574628042832842,4.319334948232005e-12,4.356207260655718e-12,1.0767698653700414e-13,0.2326039718308005,1.0948129258923674e-11,1.4882738993265754,7.52436988690654e-11,0.00021397542627608974,4.662439423924473e-15,1.0697298392350632,0.0822042917686235,0.10352182105650604,0.01191342213826032,2.4615782813089177e-08,2.2266278856622445e-13,0.08186800352068006,0.0032569588282717024,0.02498163218045928,1.7572700808185808e-12,2.1547538635065172e-11,8.806475843453692e-13,2.136854269901626e-12,8.207251551200645e-14,5.863644870773884e-12,1.1562000617709834e-12,2.1750309419441263e-13,3.4626065433213464e-41,3.405308497658129e-61,1.2948630398948173e-41,1.8574210853501196e-35,1488274560029388.5,-9.306111437012987e-12,-2.049986202453683e-22,1.488274560029393,7.524372824763369e-11,-6.607028175675822e-07,-2.937856829075058e-17,2.7636604369746237e-288,2.7636604374174106e-288
-2.483677545272906,10.985259806293852,0.9999780861418256,0.004061424005859257,0.9959384797909054,7.840943747939286e-12,16928.753596882336,32.66582560205389,1.1575521690566417,4.8803514067062104e-12,4.906838857766458e-12,1.3326403595492013e-13,0.26489765981774915,1.2548441759106679e-11,1.5265487066746022,7.71787684123346e-11,0.0004465805422839286,9.730812376630488e-15,1.0738215617233289,0.0822058946019004,0.10517700998003289,0.011913594624763203,2.461580385242225e-08,2.2267549935614079e-13,0.08595707020626094,0.0032585583898824093,0.0265502878915001,1.7617909912450173e-12,2.1799005301895574e-11,9.109081844281604e-13,2.2243246228844854e-12,1.046417938333578e-13,5.863644870773884e-12,1.1562000617709834e-12,2.1750309419441263e-13,3.4626065433213464e-41,3.405308497658129e-61,1.2948630398948173e-41,1.8574210853501196e-35,1526548446970822.8,-9.306777570827762e-12,-2.0494692145708375e-22,1.526548446970827,7.717876767204274e-11,2.597037751517206e-07,7.402918678751413e-19,2.7636604369746237e-288,2.7636604374174106e-288
-2.4835104911882433,10.98325778691488,0.9999783066604556,0.003990047835308986,0.9960098586080532,7.834908390095396e-12,16915.67884832986,32.6603690982365,1.1575580249539885,4.930285607335441e-12,4.956827326002221e-12,1.3556215669165317e-13,0.2677321560147229,1.2688345903796344e-11,1.529882226208847,7.734731509488649e-11,0.0004465805422839286,9.730812376630488e-15,1.0741780699856351,0.08220601773141333,0.10531940192548421,0.011913607994011784,2.4615805235110906e-08,2.2267632710914314e-13,0.08631337131918589,0.003258681310454482,0.026687044667176592,1.7620940411803339e-12,2.182091051096861e-11,9.135268993943877e-13,2.23187451419452e-12,1.0674974872086635e-13,5.863644870773884e-12,1.1562000617709834e-12,2.1750309419441263e-13,3.4626065433213464e-41,3.405308497658129e-61,1.2948630398948173e-41,1.8574210853501196e-35,1529881825539022.2,-9.307443704642537e-12,-2.049598461541549e-22,1.529881825539026,7.734729560221652e-11,4.0066982087694214e-07,1.9492669966414404e-17,2.7636604369746237e-288,2.7636604374174106e-288
-2.4814223151299526,10.958260743101386,0.99998067363211,0.0032715280269066172,0.9967284035142773,7.760050560728466e-12,16753.617039812256,32.59223965532282,1.1576171211364885,5.5385009065684845e-12,5.551254031548208e-12,1.6337408141688803e-13,0.30299644931515146,1.4434409168705258e-11,1.5716196751847025,7.945746283361008e-11,0.0006819477346189135,1.4859369873812922e-14,1.0786438354303307,0.08220739788300202,0.10709004481229197,0.01191375693746368,2.4615818611319125e-08,2.2268423233420393e-13,0.09077691873567899,0.0032600594806464823,0.028400960324545574,1.7650669219878809e-12,2.2095221847089484e-11,9.46091495853621e-13,2.325496719363704e-12,1.3506783995502787e-13,5.863644870773884e-12,1.1562000617709834e-12,2.1750309419441263e-13,3.4626065433213464e-41,3.405308497658129e-61,1.2948630398948173e-41,1.8574210853501196e-35,1571619599824621.8,-9.307221660037612e-12,-2.0488229797172804e-22,1.5716195998246256,7.94574611794234e-11,7.536007684549872e-08,1.6541866770721096e-18,2.7636604369746237e-288,2.7636604374174106e-288
-2.4804505055140904,10.946645235267509,0.9999815893955409,0.0030215233602435354,0.9969784164470905,7.725672168082194e-12,16679.241531584823,32.5605815887216,1.157637775415627,5.816039962744427e-12,5.829979965497705e-12,1.7640238081043582e-13,0.3193743726689769,1.5246747228694067e-11,1.591088498644645,8.044175377140233e-11,0.0008679494267003076,1.8912272756959827e-14,1.0807280927192355,0.08220795908564828,0.10791012473477633,0.011913816334232134,2.4615823015764253e-08,2.2268676814476295e-13,0.09286031965792015,0.003260620030705391,0.029201302383913243,1.7660602934689896e-12,2.222318717410317e-11,9.611406186334633e-13,2.368597331912641e-12,1.494902852690373e-13,5.863644870773884e-12,1.1562000617709834e-12,2.1750309419441263e-13,3.4626065433213464e-41,3.405308497658129e-61,1.2948630398948173e-41,1.8574210853501196e-35,1591088425792027.0,-9.307665749247462e-12,-2.048693732746569e-22,1.591088425792031,8.044176010499463e-11,7.285261394152087e-08,-6.333592302682212e-18,2.7636604369746237e-288,2.7636604374174106e-288
-2.4798314663056784,10.939252082019852,0.999982131093748,0.002883055965235909,0.9971168881946652,7.703943998160874e-12,16632.24644991395,32.540431549545104,1.1576492494375294,5.9936497356202634e-12,5.991992055452196e-12,1.8415015271990608e-13,0.3298383404368122,1.5764986404834042e-11,1.6035054907634083,8.106950337457558e-11,0.0009693956099839892,2.1122744737691932e-14,1.0820577235386495,0.08220829507353061,0.10843173609512374,0.011913851376386642,2.4615825391120124e-08,2.226881140857099e-13,0.09418944382128172,0.0032609556749657676,0.029711981764188985,1.7665984533593813e-12,2.2304798601989803e-11,9.706921414725613e-13,2.3958985065566264e-12,1.5908934425209473e-13,5.863644870773884e-12,1.1562000617709834e-12,2.1750309419441263e-13,3.4626065433213464e-41,3.405308497658129e-61,1.2948630398948173e-41,1.8574210853501196e-35,1603504799873836.0,-9.308553927667162e-12,-2.0481767448637234e-22,1.6035047998738403,8.106950333351166e-11,6.908895680002303e-07,4.106392101942602e-20,2.7636604369746237e-288,2.7636604374174106e-288
-2.479334139071664,10.933315843054707,0.9999825570731027,0.0027819873860088253,0.997217959998962,7.68659059425777e-12,16594.71936542844,32.5242523302456,1.1576576550244657,6.141049407603086e-12,6.139359400563831e-12,1.9098765233760548e-13,0.3383324225979342,1.61833132232536e-11,1.6134878824278274,8.157424740282847e-11,0.0009693956099839892,2.1122744737691932e-14,1.0831270441622722,0.08220855431683195,0.10885046573149582,0.011913878078868062,2.46158270976129e-08,2.2268906900420085e-13,0.0952583651680309,0.003261214663657623,0.030122732047590223,1.7669857205405981e-12,2.2370418409501237e-11,9.783462663358088e-13,2.41774582713218e-12,1.6703371939732098e-13,5.863644870773884e-12,1.1562000617709834e-12,2.1750309419441263e-13,3.4626065433213464e-41,3.405308497658129e-61,1.2948630398948173e-41,1.8574210853501196e-35,1613488290812662.2,-9.308998016877013e-12,-2.0484352388051462e-22,1.6134882908126682,8.157424560307585e-11,-4.0838484083316473e-07,1.7997526158747872e-18,2.7636604369746237e-288,2.7636604374174106e-288
-2.4783318145636852,10.921360780550723,0.9999833208137571,0.0025985218532769013,0.9974014311082753,7.651894287335471e-12,16519.70025316073,32.491668807390994,1.1576729037666382,6.424332891093237e-12,6.412788686390365e-12,2.0391168359166165e-13,0.3552520219919819,1.70220950693375e-11,1.6336313806648322,8.259265615194463e-11,0.0011911485534403805,2.5954653167253056e-14,1.085285100621244,0.08220905044131151,0.1096940590475434,0.011913928306255163,2.461583006977761e-08,2.2269070476216846e-13,0.09741570811373614,0.003261710347883008,0.030951840802376146,1.76766152989926e-12,2.250281532853378e-11,9.937203403764018e-13,2.461546191907011e-12,1.8367414257540914e-13,5.863644870773884e-12,1.1562000617709834e-12,2.1750309419441263e-13,3.4626065433213464e-41,3.405308497658129e-61,1.2948630398948173e-41,1.8574210853501196e-35,1633631884202786.5,-9.310774373716413e-12,-2.0483059918344348e-22,1.6336318842027922,8.259265921282496e-11,-5.035379599949152e-07,-3.060880333256985e-18,2.7636604369746237e-288,2.7636604374174106e-288
-2.477245963013374,10.908422978003037,0.9999840739391255,0.002424392786723846,0.9975755653492384,7.614741725751757e-12,16439.384879667756,32.45640682654727,1.1576874047405887,6.730338692464743e-12,6.72111759141186e-12,2.1835747103642407e-13,0.3736065218231536,1.7931371029614936e-11,1.6554883581326476,8.369765560452754e-11,0.0014369665058730965,3.131092856988678e-14,1.087627427238407,0.08220955299763433,0.11060788955826999,0.011913977809088415,2.461583271379558e-08,2.226921229784428e-13,0.09975733110836142,0.0032622124957017787,0.031851923873026794,1.768262940238231e-12,2.264646067835171e-11,1.0102975574108988e-12,2.5086511140964187e-12,2.026514113322445e-13,5.863644870773884e-12,1.1562000617709834e-12,2.1750309419441263e-13,3.4626065433213464e-41,3.405308497658129e-61,1.2948630398948173e-41,1.8574210853501196e-35,1655488307693951.5,-9.309442106086863e-12,-2.049339967600126e-22,1.655488307693958,8.369766956091692e-11,5.043868966936316e-08,-1.3956389378901995e-17,2.7636604369746237e-288,2.7636604374174106e-288
-2.4753248410397477,10.885567406148853,0.9999852514440092,0.0021723383984362564,0.9978276268304784,7.55014861936551e-12,16299.78190335827,32.3941139654587,1.1577084823960666,7.2714129315353756e-12,7.247544446583832e-12,2.43177795445048e-13,0.4061757022372585,1.9542351974015884e-11,1.6942452674433888,8.565711817284277e-11,0.00185161485239831,4.0345951102847056e-14,1.0917826792637995,0.0822103674447591,0.11222490363586393,0.011914054635207026,2.4615836294073432e-08,2.2269396846855596e-13,0.10391148245499017,0.0032630263828594967,0.03344903835999655,1.7690744674906333e-12,2.2901137510759336e-11,1.0394306908210653e-12,2.5911236503840494e-12,2.3864795763308403e-13,5.863644870773884e-12,1.1562000617709834e-12,2.1750309419441263e-13,3.4626065433213464e-41,3.405308497658129e-61,1.2948630398948173e-41,1.8574210853501196e-35,1694244663081781.8,-9.309220061481938e-12,-2.0497277085122603e-22,1.6942446630817876,8.565710147690222e-11,6.043616012085806e-07,1.6695940546467217e-17,2.7636604369746237e-288,2.7636604374174106e-288
-2.475157786955085,10.883582039401551,0.9999853497651293,0.0021522636665224815,0.9978477020626615,7.544599669585097e-12,16287.790189863399,32.388702848388924,1.157710165643433,7.320511232224302e-12,7.28313373081808e-12,2.4493140521508937e-13,0.40904762099422937,1.968328414937245e-11,1.6976199876431741,8.582773708360291e-11,0.00185161485239831,4.0345951102847056e-14,1.0921446739053482,0.08221043427717008,0.11236564360471882,0.01191406073808464,2.4615836552161072e-08,2.2269409746535624e-13,0.10427338487829646,0.0032630931757757064,0.03358819344210015,1.7691327504954322e-12,2.2923315021783415e-11,1.041952329937238e-12,2.5982434598577642e-12,2.4192435821080174e-13,5.863644870773884e-12,1.1562000617709834e-12,2.1750309419441263e-13,3.4626065433213464e-41,3.405308497658129e-61,1.2948630398948173e-41,1.8574210853501196e-35,1697620060927160.0,-9.309220061481938e-12,-2.050244696395106e-22,1.6976200609271668,8.582775380479012e-11,-7.328399265205121e-08,-1.6721187210286284e-17,2.7636604369746237e-288,2.7636604374174106e-288
-2.4730696108967947,10.858792918931783,0.9999864271867694,0.0019400006719422751,0.9980599706812382,7.476198876851091e-12,16139.993242915292,32.321140100548575,1.1577280015579077,7.905151979014849e-12,7.851214129068893e-12,2.7170577898238204e-13,0.44454835362290507,2.143653293919054e-11,1.7398836376552378,8.796452289757775e-11,0.002320240164313177,5.055711024082014e-14,1.0966783618947153,0.0822112244834734,0.11412545748052087,0.011914130295283426,2.4615839241723793e-08,2.226953977758004e-13,0.10880606500322249,0.003263882938081356,0.035331249269067284,1.7697356106323134e-12,2.3200950797335387e-11,1.0733177951861342e-12,2.6865541847434817e-12,2.848544771826199e-13,5.863644870773884e-12,1.1562000617709834e-12,2.1750309419441263e-13,3.4626065433213464e-41,3.405308497658129e-61,1.2948630398948173e-41,1.8574210853501196e-35,1739883962242916.2,-9.309886195296713e-12,-2.0494692145708375e-22,1.7398839622429247,8.796451915084622e-11,-3.245876869506503e-07,3.746731528836799e-18,2.7636604369746237e-288,2.7636604374174106e-288
-2.4720934762006044,10.847222787630686,0.9999868653575215,0.0018533339096623107,0.9981466396384754,7.444825232781815e-12,16072.20992911815,32.289605707687436,1.1577352821880436,8.170261253835753e-12,8.120633483104095e-12,2.843766738533677e-13,0.4610576105805579,2.2254156056493488e-11,1.7596853805248092,8.896564272136083e-11,0.002663667632223293,5.80402581588276e-14,1.09880317653418,0.08221156801086618,0.11494935775767086,0.011914158982217532,2.4615840218768188e-08,2.2269584705966179e-13,0.11093047015886949,0.0032642262921888767,0.03614830726011952,1.7699520178823167e-12,2.3330993615775184e-11,1.0878826629318882e-12,2.7274049851515174e-12,3.0617708246234345e-13,5.863644870773884e-12,1.1562000617709834e-12,2.1750309419441263e-13,3.4626065433213464e-41,3.405308497658129e-61,1.2948630398948173e-41,1.8574210853501196e-35,1759686004499950.0,-9.310996418321338e-12,-2.0492107206294147e-22,1.7596860044999585,8.896566472327809e-11,-6.239751493275492e-07,-2.2001917262263368e-17,2.7636604369746237e-288,2.7636604374174106e-288
-2.4709814348385057,10.83405550850128,0.9999873328175057,0.001765943284419883,0.9982340323958094,7.40954571855087e-12,15995.9943049313,32.25371828842024,1.1577426492445615,8.47315984684899e-12,8.41304494028794e-12,2.9820591896870164e-13,0.4799199123518026,2.3186807539358128e-11,1.7822804318886556,9.010798663612389e-11,0.0030317658054388355,6.606097093198636e-14,1.10122803403986,0.08221194192113593,0.1158887777611062,0.011914189073551733,2.461584116483678e-08,2.2269626726222127e-13,0.1133548902958994,0.003264600034136413,0.037080827835344395,1.7701594919070217e-12,2.347933877235467e-11,1.1044012449842435e-12,2.7736145089569206e-12,3.314433226499005e-13,5.863644870773884e-12,1.1562000617709834e-12,2.1750309419441263e-13,3.4626065433213464e-41,3.405308497658129e-61,1.2948630398948173e-41,1.8574210853501196e-35,1782280424647422.8,-9.312106641345963e-12,-2.0488229797172804e-22,1.7822804246474313,9.010798647972585e-11,7.241224286858028e-09,1.5639803694512145e-19,2.7636604369746237e-288,2.7636604374174106e-288
-2.469979110330527,10.822199887218778,0.9999877210166694,0.0016925352212932064,0.998307442213662,7.378166972374377e-12,15928.208699695691,32.221405792614775,1.1577488330941919,8.74202753177369e-12,8.687553619520753e-12,3.111269514815211e-13,0.49688712057306617,2.402662873358052e-11,1.8026780473361255,9.113922735611879e-11,0.0034246235424364472,7.462118475115656e-14,1.1034174236024001,0.08221226448675288,0.11673661512215944,0.01191421405709599,2.4615841890513265e-08,2.2269657815594985e-13,0.11554391664282118,0.0032649224612230085,0.03792286968446184,1.7703168851073372e-12,2.3613223806754818e-11,1.1192232658116043e-12,2.8149683877456383e-12,3.55106691066263e-13,5.863644870773884e-12,1.1562000617709834e-12,2.1750309419441263e-13,3.4626065433213464e-41,3.405308497658129e-61,1.2948630398948173e-41,1.8574210853501196e-35,1802677933898942.2,-9.310552329111488e-12,-2.0485644857758576e-22,1.8026779338989507,9.113923748963333e-11,1.1343717476464121e-07,-1.0133514543435892e-17,2.7636604369746237e-288,2.7636604374174106e-288
-2.4688932587802155,10.809369700243005,0.9999881320407056,0.0016223538577097467,0.9983776251990382,7.344624961645851e-12,15855.755005797277,32.18643711801231,1.1577547850082677,9.045751234696661e-12,8.96867558282639e-12,3.2443159048195876e-13,0.5155172784382838,2.4941860411885808e-11,1.8248099523555603,9.225818964238127e-11,0.003630844423666127,7.911465572310409e-14,1.105793260266742,0.08221259985545629,0.11765596936210165,0.011914239060139782,2.4615842563905997e-08,2.2269685627762624e-13,0.11791936728617113,0.0032652577018906816,0.03883668316240066,1.7704611574050238e-12,2.375845051586209e-11,1.1352099475260477e-12,2.85945523410491e-12,3.8169355987519314e-13,5.863644870773884e-12,1.1562000617709834e-12,2.1750309419441263e-13,3.4626065433213464e-41,3.405308497658129e-61,1.2948630398948173e-41,1.8574210853501196e-35,1824809862426518.2,-9.310330284506563e-12,-2.0483059918344348e-22,1.8248098624265254,9.225817673676525e-11,8.992903488547199e-08,1.2905616017737505e-17,2.7636604369746237e-288,2.7636604374174106e-288
-2.4669721368065898,10.786704239145845,0.9999887747045869,0.0015107674546896992,0.998489214089244,7.286407064588372e-12,15730.006317176481,32.124662403791994,1.1577642375177324,9.564575682003594e-12,9.47023366098585e-12,3.4813675169765115e-13,0.5482638354381386,2.6556251259324124e-11,1.8640540223881905,9.424228965281425e-11,0.0042849429302192765,9.33672019951631e-14,1.1100065744702174,0.0822131610365917,0.11928550850371564,0.011914278636238269,2.461584352450119e-08,2.2269723270683524e-13,0.12213207840186148,0.0032658186866701996,0.04045741265478782,1.7706631621769868e-12,2.401584859071349e-11,1.1633174820156242e-12,2.9373775494742992e-12,4.311580537462959e-13,5.863644870773884e-12,1.1562000617709834e-12,2.1750309419441263e-13,3.4626065433213464e-41,3.405308497658129e-61,1.2948630398948173e-41,1.8574210853501196e-35,1864054746255161.8,-9.307887793852387e-12,-2.0476597569808777e-22,1.864054746255169,9.424230752366394e-11,-7.238669785802898e-07,-1.787084969056406e-17,2.7636604369746237e-288,2.7636604374174106e-288
-2.466805082721927,10.784735386515,0.9999888311773852,0.0015011551806593901,0.9984988265742003,7.281409918846211e-12,15719.212672721946,32.11929629594663,1.1577650528875743,9.61297697200118e-12,9.518155988903623e-12,3.503862417166597e-13,0.5511731461294924,2.669795751209e-11,1.8674722769689367,9.44150865446415e-11,0.0042849429302192765,9.33672019951631e-14,1.1103735435432762,0.08221320804838625,0.11942743630825442,0.01191428182009412,2.4615843596310765e-08,2.2269725975722054e-13,0.12249899418597783,0.0032658656818127267,0.04059858157893528,1.7706780463706645e-12,2.403825816112716e-11,1.1657510951204464e-12,2.94410658899312e-12,4.3560622007724586e-13,5.863644870773884e-12,1.1562000617709834e-12,2.1750309419441263e-13,3.4626065433213464e-41,3.405308497658129e-61,1.2948630398948173e-41,1.8574210853501196e-35,1867472691149310.8,-9.308331883062237e-12,-2.0475305100101663e-22,1.8674726911493187,9.441511093217998e-11,-4.1418038199125817e-07,-2.4387538473533675e-17,2.7636604369746237e-288,2.7636604374174106e-288
-2.4647169066636363,10.760152459899766,0.9999894329781631,0.001398114956986291,0.9986018689553813,7.219881588894095e-12,15586.32354502211,32.05229552945681,1.1577737897835116,1.0160283098549874e-11,1.004300259817141e-11,3.7524552205063945e-13,0.5866384158055911,2.8449717894470137e-11,1.9102690839274494,9.657878943745785e-11,0.005245230067558928,1.142914767370813e-13,1.1149683778968469,0.08221377418334609,0.12120328596479847,0.011914318590359274,2.4615844368144153e-08,2.2269753899047323e-13,0.12709326350903585,0.0032664316464435846,0.04236629631064917,1.770835443426598e-12,2.4318734045177974e-11,1.196031769032667e-12,3.027598128524162e-12,4.931823114485231e-13,5.863644870773884e-12,1.1562000617709834e-12,2.1750309419441263e-13,3.4626065433213464e-41,3.405308497658129e-61,1.2948630398948173e-41,1.8574210853501196e-35,1910269327672320.5,-9.307887793852387e-12,-2.0461087933323408e-22,1.9102693276723286,9.657881014127383e-11,-2.437448791692276e-07,-2.070381598029203e-17,2.7636604369746237e-288,2.7636604374174106e-288
-2.4643554860955232,10.755902866908027,0.99998954041688,0.0013827058311985613,0.9986172784201254,7.209398551201079e-12,15563.683487818611,32.04071326375782,1.1577751137856787,1.0264497351103737e-11,1.0145973611758822e-11,3.8008721583052445e-13,0.5929544318023429,2.875678202307839e-11,1.9176896647074129,9.695397729963987e-11,0.005245230067558928,1.142914767370813e-13,1.1157651025135222,0.08221386835576548,0.12151103195891509,0.011914324420061526,2.4615844480988966e-08,2.2269757788628493e-13,0.12788988651669692,0.003266525792103337,0.04267282576807545,1.770858006439378e-12,2.4367344503380604e-11,1.2012468048448353e-12,3.041933195882813e-12,5.035201134918218e-13,5.863644870773884e-12,1.1562000617709834e-12,2.1750309419441263e-13,3.4626065433213464e-41,3.405308497658129e-61,1.2948630398948173e-41,1.8574210853501196e-35,1917690164808065.5,-9.308331883062237e-12,-2.0462380403030522e-22,1.9176901648080729,9.695399054669639e-11,-5.001006599947289e-07,-1.324705651613515e-17,2.7636604369746237e-288,2.7636604374174106e-288
-2.462628730605348,10.735620813203974,0.9999899821439441,0.0013109695620172254,0.9986890161300408,7.159996947075645e-12,15456.992881252858,31.985434526387433,1.1577812191298993,1.0715823319456956e-11,1.0579341953159758e-11,4.0060578383385256e-13,0.6223933250176297,3.02076219609775e-11,1.9532002702951787,9.874930830470116e-11,0.006031867709913975,1.3143199805716433e-13,1.1195772964525106,0.08221430415531875,0.1229834769504998,0.011914350352684785,2.4615844951579643e-08,2.2269773398737438e-13,0.1317016646612426,0.0032669614779147816,0.0441396072562457,1.7709505946877805e-12,2.459985079113941e-11,1.226058918083099e-12,3.1099586818160347e-12,5.544249649998891e-13,5.863644870773884e-12,1.1562000617709834e-12,2.1750309419441263e-13,3.4626065433213464e-41,3.405308497658129e-61,1.2948630398948173e-41,1.8574210853501196e-35,1953200190143035.5,-9.305889392408062e-12,-2.0459795463616294e-22,1.9532001901430445,9.874929550461921e-11,8.015213426304513e-08,1.2800081949968426e-17,2.7636604369746237e-288,2.7636604374174106e-288
-2.4616264060973685,10.723863805999091,0.9999902166525396,0.001271302964464043,0.9987286835052738,7.1318267448203736e-12,15396.155911455524,31.953390803250517,1.1577845853347775,1.0971522170336358e-11,1.0843451414479054e-11,4.130848336457527e-13,0.6394193016489718,3.1048328964679017e-11,1.9738554765918033,9.979354902421579e-11,0.006587486942569494,1.435387201238432e-13,1.1217944187757731,0.0822145471078191,0.1238397221073619,0.01191436406271551,2.461584518005603e-08,2.2269780583244284e-13,0.13391856618594106,0.0032672043690196045,0.044992720778220974,1.7709945243432756e-12,2.4735006466320052e-11,1.2403839032351678e-12,3.1490982995949935e-12,5.851237337869064e-13,5.863644870773884e-12,1.1562000617709834e-12,2.1750309419441263e-13,3.4626065433213464e-41,3.405308497658129e-61,1.2948630398948173e-41,1.8574210853501196e-35,1973854804297875.0,-9.307887793852387e-12,-2.0461087933323408e-22,1.9738548042978836,9.979354514528751e-11,6.722939196457389e-07,3.878928277311362e-18,2.7636604369746237e-288,2.7636604374174106e-288
-2.4606412508450926,10.712319667311736,0.9999904492973527,0.0012365820555054884,0.9987634050732405,7.104497448588353e-12,15337.13715642076,31.921927253258133,1.1577875592080358,1.12373078428801e-11,1.1081300287430066e-11,4.2436352931883144e-13,0.6564375181536484,3.188081724338005e-11,1.994185300233049,1.0082142272894663e-10,0.006874285625504265,1.4978794934290006e-13,1.1239765686940288,0.08221477929365152,0.12468214845690864,0.011914376668849206,2.4615845378017838e-08,2.2269786570609334e-13,0.13610049606551866,0.0032674365028252054,0.04583240595134918,1.771031929147667e-12,2.486798185795447e-11,1.2544088375560536e-12,3.1873228205499208e-12,6.161203146411099e-13,5.863644870773884e-12,1.1562000617709834e-12,2.1750309419441263e-13,3.4626065433213464e-41,3.405308497658129e-61,1.2948630398948173e-41,1.8574210853501196e-35,1994185891301401.2,-9.307221660037612e-12,-2.0463672872737636e-22,1.9941858913014112,1.0082143799957523e-10,-5.910683622545321e-07,-1.5270628592732724e-17,2.7636604369746237e-288,2.7636604374174106e-288
-2.460540554547057,10.711140339457799,0.9999904603782098,0.0012329970307325435,0.9987669901686942,7.101723154882071e-12,15331.146015473663,31.91871299519223,1.1577878533283246,1.1249200587104578e-11,1.1109697300282061e-11,4.257028712411811e-13,0.6579142247873667,3.196018167980408e-11,1.996265511196719,1.0092658413040065e-10,0.007168392585791559,1.561964230183994e-13,1.1241997670897288,0.08221480267885911,0.12476832404566456,0.011914377910704516,2.4615845396912307e-08,2.2269787129740534e-13,0.13632368462221683,0.0032674598824526976,0.04591829850625347,1.7710354640830124e-12,2.4881581172913196e-11,1.2558393513074677e-12,3.1912163378205585e-12,6.193348352477617e-13,5.863644870773884e-12,1.1562000617709834e-12,2.1750309419441263e-13,3.4626065433213464e-41,3.405308497658129e-61,1.2948630398948173e-41,1.8574210853501196e-35,1996265698004166.2,-9.308109838457312e-12,-2.0470135221273207e-22,1.9962656980041764,1.0092658822827187e-10,-1.8680745750287997e-07,-4.097871211055117e-18,2.7636604369746237e-288,2.7636604374174106e-288
-2.4586194325734314,10.6886634077921,0.999990865930565,0.0011701562249606156,0.9988298321401875,7.049507982792601e-12,15218.38778328989,31.857452117937367,1.1577932201809862,1.1745767183387926e-11,1.1587247422121987e-11,4.483245229996582e-13,0.6908258811001395,3.3577462664961354e-11,2.0360061663845346,1.029357629608976e-10,0.008086801853889951,1.7620819564762887e-13,1.1284639960313854,0.08221523690386429,0.12641425048594565,0.011914400113835813,2.4615845715652767e-08,2.226979621067005e-13,0.14058753021465029,0.003267894015427498,0.047559263738258785,1.7710940641777333e-12,2.5141291816522496e-11,1.2830251694442082e-12,3.26502278735717e-12,6.82291777143222e-13,5.863644870773884e-12,1.1562000617709834e-12,2.1750309419441263e-13,3.4626065433213464e-41,3.405308497658129e-61,1.2948630398948173e-41,1.8574210853501196e-35,2036005245712403.2,-9.309886195296713e-12,-2.0475305100101663e-22,2.036005245712409,1.029357280797137e-10,9.206721256482808e-07,3.4881183893952394e-17,2.7636604369746237e-288,2.7636604374174106e-288
-2.4584523784887686,10.686710931914654,0.9999909031249526,0.001164424827602794,0.9988355636422795,7.045030677837329e-12,15208.718904900114,31.85213064493339,1.1577937098706497,1.1793388812586106e-11,1.1634115821593111e-11,4.5053907882037343e-13,0.693771108199128,3.371989587112967e-11,2.039466092164537,1.0311071673839864e-10,0.008086801853889951,1.7620819564762887e-13,1.1288353115721672,0.0822152736490593,0.12655759688098228,0.011914401917231964,2.461584573998866e-08,2.2269796874938208e-13,0.14095881036444072,0.0032679307523540597,0.047702157646288205,1.7710984505054878e-12,2.5163898115672402e-11,1.2853797195041268e-12,3.271398403666457e-12,6.879129263058219e-13,5.863644870773884e-12,1.1562000617709834e-12,2.1750309419441263e-13,3.4626065433213464e-41,3.405308497658129e-61,1.2948630398948173e-41,1.8574210853501196e-35,2039466271997183.0,-9.309886195296713e-12,-2.0472720160687435e-22,2.03946627199719,1.0311070958394962e-10,-1.7983265321319664e-07,7.154449016054695e-18,2.7636604369746237e-288,2.7636604374174106e-288
-2.4566174959904488,10.665286851908355,0.9999912533141341,0.0011111543156680235,0.9988888351014888,6.99647686671001e-12,15103.870816294044,31.79373931487622,1.1577982657761323,1.2260410239605048e-11,1.2081958245068494e-11,4.717730043310319e-13,0.7252077223884639,3.526446654278921e-11,2.07753913585231,1.050355669910741e-10,0.00906342043958544,1.974883261529364e-13,1.1329189442667422,0.08221566719089199,0.12813338155731613,0.01191442050225805,2.46158459774642e-08,2.2269803113391433e-13,0.1450421114548588,0.003268324219402113,0.04927373668110557,1.7711404761399903e-12,2.5412433153782943e-11,1.3111438721906996e-12,3.340987720267167e-12,7.512033713022191e-13,5.863644870773884e-12,1.1562000617709834e-12,2.1750309419441263e-13,3.4626065433213464e-41,3.405308497658129e-61,1.2948630398948173e-41,1.8574210853501196e-35,2077538480742111.0,-9.310330284506563e-12,-2.0472720160687435e-22,2.077538480742118,1.0503555262402282e-10,6.551101918716995e-07,1.4367051284864312e-17,2.7636604369746237e-288,2.7636604374174106e-288
-2.456364202430478,10.662332484050525,0.9999913049443715,0.0011033615480735145,0.99889662800607,6.989865217509047e-12,15089.59320579413,31.785687185279706,1.1577989326464937,1.233241178267897e-11,1.2152662598875775e-11,4.75120228812428e-13,0.7296884391551279,3.548073185998513e-11,2.0828022265805566,1.0530166300762566e-10,0.00906342043958544,1.974883261529364e-13,1.1334834109052256,0.08221572013639976,0.12835123593490724,0.011914422902197611,2.4615846006356106e-08,2.226980384057024e-13,0.1456065288630448,0.003268377154095182,0.049490975829387614,1.7711454858972737e-12,2.544677472212495e-11,1.314686521913678e-12,3.3505314348105304e-12,7.601630220378017e-13,5.863644870773884e-12,1.1562000617709834e-12,2.1750309419441263e-13,3.4626065433213464e-41,3.405308497658129e-61,1.2948630398948173e-41,1.8574210853501196e-35,2082802334166582.0,-9.310330284506563e-12,-2.0470135221273207e-22,2.082802334166588,1.0530168090924887e-10,-1.075860316390731e-07,-1.790162321334469e-17,2.7636604369746237e-288,2.7636604374174106e-288
-2.4542760263721894,10.638004889563712,0.9999916576824669,0.0010490993532081489,0.9989508911133644,6.936203419783601e-12,14973.718057913495,31.719382326505894,1.1578035693861461,1.2846148450772214e-11,1.2642017844669846e-11,4.983442998532325e-13,0.7653110918006585,3.723502652656237e-11,2.1262741425198604,1.0749950438780521e-10,0.01045427145028061,2.2779441642660724e-13,1.1381435443945636,0.08221614486534956,0.1301490899996938,0.011914441311951185,2.461584621480571e-08,2.2269808854955485e-13,0.15026632802404272,0.0032688018110113037,0.05128454596465098,1.77118082805594e-12,2.573018417231018e-11,1.343766099433795e-12,3.4286412248213958e-12,8.36085435021121e-13,5.863644870773884e-12,1.1562000617709834e-12,2.1750309419441263e-13,3.4626065433213464e-41,3.405308497658129e-61,1.2948630398948173e-41,1.8574210853501196e-35,2126274307863466.8,-9.314327087395213e-12,-2.047142769098032e-22,2.1262743078634756,1.0749952360782478e-10,-1.6534361524378482e-07,-1.922001956551547e-17,2.7636604369746237e-288,2.7636604374174106e-288
-2.4532737018642106,10.62634567617271,0.9999918278691853,0.001025811127059575,0.9989741797401324,6.910972165250987e-12,14919.236001199428,31.687605140408717,1.1578055781802898,1.3109349515134772e-11,1.2896090961369905e-11,5.104022997967981e-13,0.782756771279393,3.808462839161481e-11,2.147188624172863,1.0855693454576014e-10,0.010817489598365867,2.3570879539334173e-13,1.140384551503115,0.08221634168678377,0.13101347009588935,0.011914449345136737,2.461584629848072e-08,2.2269810743718257e-13,0.1525071729790624,0.00326899860081774,0.05214708748504891,1.7711945727073317e-12,2.5866402155604717e-11,1.3576454060299992e-12,3.4657778462003852e-12,8.738326834426431e-13,5.863644870773884e-12,1.1562000617709834e-12,2.1750309419441263e-13,3.4626065433213464e-41,3.405308497658129e-61,1.2948630398948173e-41,1.8574210853501196e-35,2147189255656747.8,-9.316103444234614e-12,-2.0467550281858979e-22,2.147189255656758,1.0855693511665289e-10,-6.314838949528223e-07,-5.708927488991884e-19,2.7636604369746237e-288,2.7636604374174106e-288
-2.452187850313899,10.61372804237415,0.9999919927672812,0.0010017009771069543,0.9989982902824837,6.884007085775994e-12,14861.01071127296,31.653215779490747,1.1578076465732345,1.3374157112152578e-11,1.3148023531735493e-11,5.2236723724217e-13,0.8013354231214425,3.8997982628094136e-11,2.169882324202918,1.0970426391898696e-10,0.011564167135717207,2.519786019206286e-13,1.14281523360463,0.08221655003005589,0.13195095030175302,0.011914457515004232,2.4615846379049455e-08,2.2269812488182786e-13,0.1549376983523496,0.0032692069131111884,0.05308266422704256,1.771207532784779e-12,2.6014099886514042e-11,1.3726246293328447e-12,3.5057528045772682e-12,9.156816296333445e-13,5.863644870773884e-12,1.1562000617709834e-12,2.1750309419441263e-13,3.4626065433213464e-41,3.405308497658129e-61,1.2948630398948173e-41,1.8574210853501196e-35,2169882617749829.5,-9.319656157913414e-12,-2.0472720160687435e-22,2.169882617749842,1.0970425914960783e-10,-2.9354692365757273e-07,4.7693791335873524e-18,2.7636604369746237e-288,2.7636604374174106e-288
-2.4502667283402735,10.591438071967687,0.999992273826425,0.0009605980746061961,0.9990393938354926,6.837237279646811e-12,14760.022034029915,31.59246446514793,1.157811172701077,1.385018573551058e-11,1.3602476611866437e-11,5.439623975075545e-13,0.8344381062471261,4.061890634674385e-11,2.210123175273296,1.1173871863898732e-10,0.012732909336706842,2.7744502958072504e-13,1.1471229450576694,0.08221690708399905,0.13361230753847023,0.011914470735886654,2.4615846499898144e-08,2.226981495417095e-13,0.15924514196712788,0.0032695639156984013,0.05474077644641689,1.7712263900854585e-12,2.6275726731050584e-11,1.3989844321215031e-12,3.575834755171156e-12,9.921583631645895e-13,5.863644870773884e-12,1.1562000617709834e-12,2.1750309419441263e-13,3.4626065433213464e-41,3.405308497658129e-61,1.2948630398948173e-41,1.8574210853501196e-35,2210123041135024.5,-9.324097050011915e-12,-2.047401263039455e-22,2.210123041135038,1.1173872211973723e-10,1.341382582786821e-07,-3.480749909735057e-18,2.7636604369746237e-288,2.7636604374174106e-288
-2.4500996742556103,10.589501836623159,0.9999923004977506,0.0009572042301020896,0.9990427877365141,6.833226591460667e-12,14751.361938117785,31.58718725571642,1.1578114673164188,1.3897185364137558e-11,1.3648326196871308e-11,5.461448156677808e-13,0.8374229792973051,4.076217842976129e-11,2.21362771458406,1.1191590961493899e-10,0.012732909336706842,2.7744502958072504e-13,1.147497960613812,0.08221693747804316,0.1337569278488689,0.011914471816179783,2.461584650926342e-08,2.2269815137077696e-13,0.1596201319322374,0.0032695943052806153,0.05488512881726122,1.771227818529699e-12,2.6298495408457556e-11,1.4012681387450612e-12,3.5818904890291295e-12,9.989558843206468e-13,5.863644870773884e-12,1.1562000617709834e-12,2.1750309419441263e-13,3.4626065433213464e-41,3.405308497658129e-61,1.2948630398948173e-41,1.8574210853501196e-35,2213627689802181.5,-9.324097050011915e-12,-2.047142769098032e-22,2.2136276898021943,1.119159090709875e-10,2.4781865892720134e-08,5.439514892730333e-19,2.7636604369746237e-288,2.7636604374174106e-288
-2.4494985450937796,10.582537142648128,0.9999923828265965,0.000945478373408787,0.9990545137755712,6.818871126833619e-12,14720.365162961196,31.568204982287472,1.1578124753995873,1.4043746382848108e-11,1.3787819670806641e-11,5.527768522487965e-13,0.8477682644379294,4.1269099392209484e-11,2.226245498649711,1.1255386872531558e-10,0.01313471268752172,2.862001647666087e-13,1.148847964016995,0.08221704598550598,0.13427751151243336,0.011914475619447255,2.461584654159167e-08,2.226981575894944e-13,0.16097005680984233,0.0032697027983463736,0.05540478674090002,1.77123271072056e-12,2.63804503742791e-11,1.4094748009583754e-12,3.6036312773326538e-12,1.023609438717708e-12,5.863644870773884e-12,1.1562000617709834e-12,2.1750309419441263e-13,3.4626065433213464e-41,3.405308497658129e-61,1.2948630398948173e-41,1.8574210853501196e-35,2226246119932387.2,-9.324985228431615e-12,-2.048047497893012e-22,2.2262461199323993,1.1255386778716024e-10,-6.212826884066658e-07,9.381553444789009e-19,2.7636604369746237e-288,2.7636604374174106e-288
-2.4488795058853676,10.575369316835447,0.9999924660031158,0.0009334517639322399,0.9990665405687784,6.804199994180533e-12,14688.686800324376,31.548669073035008,1.157813508074286,1.4194872729804217e-11,1.3931679054802031e-11,5.596194215910598e-13,0.8584382163695511,4.179144987916806e-11,2.239252388234851,1.1321143328037983e-10,0.01354396970680779,2.9511771242357723e-13,1.1502390898664956,0.08221715633494993,0.13481395594771917,0.011914479398954302,2.4615846572753217e-08,2.2269816344062416e-13,0.16236110326233266,0.0032698131332853726,0.055940281692511515,1.7712373676520063e-12,2.6464885746031077e-11,1.4179080034813875e-12,3.6259380897006558e-12,1.0493171099269493e-12,5.863644870773884e-12,1.1562000617709834e-12,2.1750309419441263e-13,3.4626065433213464e-41,3.405308497658129e-61,1.2948630398948173e-41,1.8574210853501196e-35,2239252396567282.5,-9.327649763690715e-12,-2.0475305100101663e-22,2.2392523965672937,1.1321143512783306e-10,-8.332442735792256e-09,-1.8474532266685764e-18,2.7636604369746237e-288,2.7636604374174106e-288
-2.44801149819732,10.565326166672794,0.9999925721396933,0.0009167625059278624,0.999083230081506,6.783837486891567e-12,14644.719556708387,31.521296467266698,1.1578149318240833,1.4391887338138019e-11,1.4142966549471166e-11,5.696788677990164e-13,0.873154002312167,4.251855219591465e-11,2.2575101325348697,1.1413451023478527e-10,0.014380877238932673,3.1335359464550887e-13,1.1521912122031048,0.08221730887200204,0.1355667318993354,0.011914484477484426,2.461584661315334e-08,2.22698170802801e-13,0.16431312454089506,0.003269965650227892,0.05669174005101791,1.7712433099438905e-12,2.6583344478305462e-11,1.4297024914400908e-12,3.657077852165031e-12,1.0859081999447398e-12,5.863644870773884e-12,1.1562000617709834e-12,2.1750309419441263e-13,3.4626065433213464e-41,3.405308497658129e-61,1.2948630398948173e-41,1.8574210853501196e-35,2257509951315770.5,-9.327649763690715e-12,-2.0489522266879918e-22,2.25750995131578,1.1413449497502569e-10,1.812190895122967e-07,1.5259759581655445e-17,2.7636604369746237e-288,2.7636604374174106e-288
-2.4459233221390315,10.54120092710555,0.9999928350014657,0.000879726973776688,0.9991202661629129,6.735794594735224e-12,14540.98546441149,31.455543126826175,1.1578181186303818,1.490422661982778e-11,1.4632004960426545e-11,5.929753529165673e-13,0.9093525268453524,4.4285032632871135e-11,2.3015292409443107,1.1636000979461765e-10,0.015684316977580305,3.417550280715098e-13,1.1568945147795102,0.08221766552772225,0.137380216804817,0.011914495717538833,2.4615846696479605e-08,2.226981851385896e-13,0.16901617549558332,0.0032703222625857817,0.0585023010553358,1.7712551966425077e-12,2.6868621084917362e-11,1.4579333976321617e-12,3.731337765983532e-12,1.1765407004545038e-12,5.863644870773884e-12,1.1562000617709834e-12,2.1750309419441263e-13,3.4626065433213464e-41,3.405308497658129e-61,1.2948630398948173e-41,1.8574210853501196e-35,2301529830908300.5,-9.328093852900565e-12,-2.0472720160687435e-22,2.301529830908316,1.163600385316453e-10,-5.899640052042798e-07,-2.8737027648395674e-17,2.7636604369746237e-288,2.7636604374174106e-288
-2.444920997631052,10.529638694087563,0.9999929478243198,0.0008640361263546689,0.999135957237274,6.713202309251494e-12,14492.205312802358,31.424030260735652,1.1578194702401805,1.5134457738704564e-11,1.4849387562510282e-11,6.033220002983152e-13,0.9264977476213769,4.5127955296024624e-11,2.3227090395533407,1.1743079122089052e-10,0.016586076074471604,3.6140400009320185e-13,1.1591555137080423,0.08221783188508158,0.13825187025503774,0.011914500662632471,2.4615846730531292e-08,2.2269819063772743e-13,0.1712770665463555,0.0032704886020289243,0.05937271573652815,1.7712598915624653e-12,2.70056981029947e-11,1.4714136065591022e-12,3.766659634959209e-12,1.2213532178819088e-12,5.863644870773884e-12,1.1562000617709834e-12,2.1750309419441263e-13,3.4626065433213464e-41,3.405308497658129e-61,1.2948630398948173e-41,1.8574210853501196e-35,2322708381249066.0,-9.330758388159666e-12,-2.0459795463616294e-22,2.322708381249081,1.174307771771328e-10,6.583042595487143e-07,1.40437577203141e-17,2.7636604369746237e-288,2.7636604374174106e-288
-2.443835146080741,10.517126012723734,0.9999930789780906,0.0008460697780666004,0.9991539238329216,6.689062488770881e-12,14440.083184479608,31.389926947678536,1.1578210198289256,1.5411764118034052e-11,1.508756619438857e-11,6.146667676478977e-13,0.9456179265038941,4.6052981966543615e-11,2.345687704627889,1.1859254445538443e-10,0.017047219270672508,3.714521269059857e-13,1.161607360876017,0.08221800873123115,0.13919718923674199,0.011914505719969942,2.4615846763698657e-08,2.2269819577718872e-13,0.17372878761789518,0.00327066542865003,0.060316616302786584,1.7712643633805368e-12,2.7154299345569924e-11,1.485966417535635e-12,3.804692418994765e-12,1.2708581125143079e-12,5.863644870773884e-12,1.1562000617709834e-12,2.1750309419441263e-13,3.4626065433213464e-41,3.405308497658129e-61,1.2948630398948173e-41,1.8574210853501196e-35,2345687758524219.5,-9.332090655789216e-12,-2.0488229797172804e-22,2.3456877585242326,1.185925614778449e-10,-5.38963438323492e-08,-1.7022460464373207e-17,2.7636604369746237e-288,2.7636604374174106e-288
-2.441914024107115,10.495021448448208,0.9999932858415683,0.00081847095525928,0.9991815230465916,6.647200930852146e-12,14349.698805485205,31.32968095774559,1.1578234056085506,1.5868173619159576e-11,1.5519800056892196e-11,6.352887972216643e-13,0.9789258056921667,4.767829048422593e-11,2.3864347434143474,1.2065264700819266e-10,0.018467752027539263,4.024049706220016e-13,1.1659511838619747,0.08221831348284242,0.14087168834049138,0.011914513967679173,2.461584681423383e-08,2.226982031608965e-13,0.17807241198808435,0.0032709701494038363,0.061988936521246506,1.7712709602721434e-12,2.7417456103444534e-11,1.5115866726045713e-12,3.871397672872181e-12,1.3608841166777525e-12,5.863644870773884e-12,1.1562000617709834e-12,2.1750309419441263e-13,3.4626065433213464e-41,3.405308497658129e-61,1.2948630398948173e-41,1.8574210853501196e-35,2386435346666710.0,-9.332978834208916e-12,-2.0498569554829717e-22,2.3864353466667296,1.2065266552805455e-10,-6.032523822696589e-07,-1.851986189350064e-17,2.7636604369746237e-288,2.7636604374174106e-288
-2.4417469700224523,10.493101318549195,0.9999932949330771,0.0008161756424048329,0.9991838183942778,6.643612762944709e-12,14341.951598753258,31.324447643705827,1.1578235959144687,1.5888018065290735e-11,1.5564660601130873e-11,6.374413667409085e-13,0.9814645043658838,4.7811844006180835e-11,2.3899845180959254,1.2083210475313664e-10,0.018954998966677673,4.130218876099094e-13,1.1663292490170958,0.08221833952882172,0.1410174262081109,0.011914514645254101,2.461584681819567e-08,2.226982037152335e-13,0.17845046872927195,0.0032709961926332574,0.062134493177206526,1.7712714651455724e-12,2.744035368703379e-11,1.5138069569141657e-12,3.877163316731614e-12,1.368860081366023e-12,5.863644870773884e-12,1.1562000617709834e-12,2.1750309419441263e-13,3.4626065433213464e-41,3.405308497658129e-61,1.2948630398948173e-41,1.8574210853501196e-35,2389984165438324.0,-9.335199280258166e-12,-2.049598461541549e-22,2.389984165438343,1.2083208561788403e-10,3.5265758224767296e-07,1.913525260373227e-17,2.7636604369746237e-288,2.7636604374174106e-288
-2.4411415157802936,10.48614487771613,0.9999933565581243,0.00080736110856039,0.9991926330462104,6.630667197067155e-12,14314.00040829677,31.30548786421531,1.1578243534424122,1.6029195526145395e-11,1.5698192155430673e-11,6.438158165468021e-13,0.9919423570858976,4.8323631582873914e-11,2.402854367639966,1.2148274412694613e-10,0.01944777599863036,4.2375930312049343e-13,1.16769995774098,0.08221843323314333,0.14154584357198077,0.011914517051560013,2.4615846832000227e-08,2.22698205619346e-13,0.17982111823441452,0.0032710898876321714,0.06266221464750264,1.771273211035196e-12,2.752336015327905e-11,1.5218439165102218e-12,3.8980135517874835e-12,1.3979643521763333e-12,5.863644870773884e-12,1.1562000617709834e-12,2.1750309419441263e-13,3.4626065433213464e-41,3.405308497658129e-61,1.2948630398948173e-41,1.8574210853501196e-35,2402853603607973.5,-9.334311101838466e-12,-2.048047497893012e-22,2.40285360360799,1.214827347214456e-10,7.640319759083525e-07,9.405500530317572e-18,2.7636604369746237e-288,2.7636604374174106e-288
-2.4396587939641616,10.469126739822665,0.999993507289709,0.0007871869222730802,0.9992128075066744,6.599404154748892e-12,14246.499986703084,31.25910492938667,1.1578260969162055,1.6385179018615357e-11,1.603631676871352e-11,6.599875614884516e-13,1.017845588460831,4.958234573697626e-11,2.4344189210756855,1.2307862045989382e-10,0.020453995484128174,4.456844254579188e-13,1.1710597154393532,0.08221865881386937,0.14284096286816791,0.011914522628119657,2.461584686257889e-08,2.226982096694941e-13,0.18318073077776154,0.0032713154467128,0.06395574122312704,1.7712769914843054e-12,2.772675875657747e-11,1.5414602797272222e-12,3.9487713251801354e-12,1.4705495619281797e-12,5.863644870773884e-12,1.1562000617709834e-12,2.1750309419441263e-13,3.4626065433213464e-41,3.405308497658129e-61,1.2948630398948173e-41,1.8574210853501196e-35,2434419484260190.0,-9.335643369468016e-12,-2.0477890039515891e-22,2.4344194842602076,1.23078632823504e-10,-5.63184522128779e-07,-1.236361017358747e-17,2.7636604369746237e-288,2.7636604374174106e-288
-2.437570617905873,10.4452021720035,0.9999937060526709,0.0007603055103227449,0.9992396892719372,6.556401382879349e-12,14153.652829765584,31.19389851979554,1.1578284179516865,1.6877709313549086e-11,1.6502580635436503e-11,6.823065893098433e-13,1.0542965253849537,5.1354458554137505e-11,2.4789943446772083,1.2533224078786433e-10,0.022013068104063387,4.79655997682142e-13,1.175798267676227,0.08221896745783519,0.14466751604479572,0.011914529783259523,2.4615846898903777e-08,2.226982141598509e-13,0.18791909140681246,0.0032716240627854924,0.06578017215512831,1.7712813115331047e-12,2.801348946052831e-11,1.5689315000604863e-12,4.019536659374816e-12,1.5759316504852392e-12,5.863644870773884e-12,1.1562000617709834e-12,2.1750309419441263e-13,3.4626065433213464e-41,3.405308497658129e-61,1.2948630398948173e-41,1.8574210853501196e-35,2478994148937748.5,-9.332978834208916e-12,-2.0470135221273207e-22,2.4789941489377667,1.2533222503411157e-10,1.9573944154416267e-07,1.5753752761125605e-17,2.7636604369746237e-288,2.7636604374174106e-288
-2.436568293397894,10.433736112683809,0.9999937911268547,0.0007489173189255083,0.999251077609754,6.536179772104481e-12,14109.99315337939,31.162647775119716,1.157829402116731,1.7096233851856856e-11,1.6707158368983843e-11,6.920756828448001e-13,1.0715151103983946,5.219904614346192e-11,2.5004399524120022,1.2641647413585962e-10,0.023085012926791108,5.030132489737401e-13,1.1780754990154858,0.08221911201588657,0.14554521804611442,0.011914532954520711,2.46158469139549e-08,2.2269821590993182e-13,0.19019624084314762,0.0032717686092773794,0.06665697507714566,1.7712830407227373e-12,2.8151228584416098e-11,1.582054468943584e-12,4.053210480696933e-12,1.6278256126673413e-12,5.863644870773884e-12,1.1562000617709834e-12,2.1750309419441263e-13,3.4626065433213464e-41,3.405308497658129e-61,1.2948630398948173e-41,1.8574210853501196e-35,2500439611394854.5,-9.329426120530115e-12,-2.0477890039515891e-22,2.500439611394875,1.264164581404247e-10,3.410171274254026e-07,1.599543490283314e-17,2.7636604369746237e-288,2.7636604374174106e-288
-2.4354824418475824,10.421327510769034,0.9999938821221214,0.000735258403376169,0.9992647366986748,6.5145719057678865e-12,14063.339769971555,31.128828130600997,1.1578305714748103,1.7336079234563264e-11,1.6963506464328486e-11,7.044042301479494e-13,1.090264989411962,5.311611552039751e-11,2.523708938652238,1.2759287577329342e-10,0.024183342053663445,5.269454037575642e-13,1.1805444192540846,0.08221926612848726,0.14649692179471227,0.011914536212356903,2.461584692875323e-08,2.226982175629189e-13,0.19266507334431635,0.0032719227081908163,0.06760760047661814,1.7712847024920769e-12,2.8300521016257352e-11,1.5962255940155002e-12,4.089478925488534e-12,1.6850055820737988e-12,5.863644870773884e-12,1.1562000617709834e-12,2.1750309419441263e-13,3.4626065433213464e-41,3.405308497658129e-61,1.2948630398948173e-41,1.8574210853501196e-35,2523708594761729.0,-9.328537942110415e-12,-2.0488229797172804e-22,2.523708594761746,1.2759288425700158e-10,3.4389049208272127e-07,-8.483708162523465e-18,2.7636604369746237e-288,2.7636604374174106e-288
-2.4335613198739567,10.399406810431579,0.9999940416408973,0.0007140822965108556,0.9992859130690565,6.477104602025495e-12,13982.445735809706,31.069083261831267,1.1578324028331044,1.7772798209473745e-11,1.7375156102208402e-11,7.241494986406995e-13,1.1237708872140364,5.4746027928827157e-11,2.564969851551542,1.2967895794968353e-10,0.025879912324491113,5.639129951012486e-13,1.1849172023557548,0.08221953273766906,0.14818231691026265,0.01191454155964501,2.46158469515942e-08,2.2269821997295835e-13,0.19703770227450074,0.00327218929656871,0.06929132377345394,1.7712871846675724e-12,2.8564834638381027e-11,1.6211838833166887e-12,4.153115223434649e-12,1.788617616161669e-12,5.863644870773884e-12,1.1562000617709834e-12,2.1750309419441263e-13,3.4626065433213464e-41,3.405308497658129e-61,1.2948630398948173e-41,1.8574210853501196e-35,2564969714959368.0,-9.327649763690715e-12,-2.049339967600126e-22,2.564969714959384,1.296789513031807e-10,1.3659215758465848e-07,6.64650282476502e-18,2.7636604369746237e-288,2.7636604374174106e-288
-2.433403525675212,10.397608192077264,0.9999940568604189,0.000712139586650056,0.9992878557962532,6.474066686804732e-12,13975.886584707794,31.064181127506583,1.1578325714271944,1.7815995955324626e-11,1.7384475969921546e-11,7.245413159921444e-13,1.1266663442709253,5.488301173537772e-11,2.5683633050258163,1.298505272475166e-10,0.025879912324491113,5.639129951012486e-13,1.1852766271915267,0.08221955428213504,0.1483208669474104,0.011914541976626378,2.4615846953296517e-08,2.2269822014552393e-13,0.19739711230773246,0.003272210839666063,0.06942972043740192,1.7712873655191518e-12,2.8586554244837945e-11,1.6232275029219579e-12,4.158312287344289e-12,1.7972670289218054e-12,5.863644870773884e-12,1.1562000617709834e-12,2.1750309419441263e-13,3.4626065433213464e-41,3.405308497658129e-61,1.2948630398948173e-41,1.8574210853501196e-35,2568364043015954.0,-9.327649763690715e-12,-2.049339967600126e-22,2.5683640430159715,1.2985056069887454e-10,-7.379901552084789e-07,-3.3451357938067017e-17,2.7636604369746237e-288,2.7636604374174106e-288
-2.433394265789294,10.397502652014312,0.9999940577516256,0.0007122146265238232,0.9992877807555363,6.473888575356522e-12,13975.502118200306,31.06389347806501,1.1578325663940674,1.7818531512319148e-11,1.738690968267935e-11,7.246592476430531e-13,1.126836334034663,5.4891055440918104e-11,2.5685625056000343,1.2986059995356344e-10,0.025879912324491113,5.639129951012486e-13,1.1852977206202164,0.08221955554479209,0.1483289830665444,0.011914542000989983,2.4615846953395815e-08,2.226982201555431e-13,0.19741820486957906,0.0032722121023896727,0.06943784248080308,1.771287376033529e-12,2.8587828868232635e-11,1.6233473995104632e-12,4.158617128750342e-12,1.797775276591348e-12,5.863644870773884e-12,1.1562000617709834e-12,2.1750309419441263e-13,3.4626065433213464e-41,3.405308497658129e-61,1.2948630398948173e-41,1.8574210853501196e-35,2568563258369292.0,-9.327205674480865e-12,-2.0490814736587032e-22,2.568563258369309,1.2986063256754173e-10,-7.527692749143e-07,-3.2613978291958787e-17,2.7636604369746237e-288,2.7636604374174106e-288
-2.4313060897310037,10.37372749185145,0.9999942132706758,0.000691536547691807,0.9993084590914505,6.434312441837338e-12,13890.056066129206,30.999094279041127,1.1578343544336174,1.8264895415854224e-11,1.783646148634162e-11,7.462682404504152e-13,1.1628822881103227,5.665472983431213e-11,2.61355884329448,1.3213550950960347e-10,0.028235541281677417,6.15241213061905e-13,1.1900576869547743,0.08221983628617276,0.15016349065220283,0.011914547223018716,2.4615846973821488e-08,2.226982221403722e-13,0.20217802090711623,0.0032724928234744155,0.07127071756625766,1.771289492568289e-12,2.8875388830344538e-11,1.6503016145899468e-12,4.226969679975037e-12,1.9142459046993664e-12,5.863644870773884e-12,1.1562000617709834e-12,2.1750309419441263e-13,3.4626065433213464e-41,3.405308497658129e-61,1.2948630398948173e-41,1.8574210853501196e-35,2613558577748458.0,-9.329870209739966e-12,-2.050890931248663e-22,2.6135585777484747,1.321354921093957e-10,2.655460051848024e-07,1.7400207768087485e-17,2.7636604369746237e-288,2.7636604374174106e-288
-2.4296892904247818,10.35535331481438,0.9999943383990364,0.0006750521287071406,0.999324943705435,6.404416852654463e-12,13825.510219391253,30.94901545952659,1.157835780994266,1.864167114881437e-11,1.8191844111814516e-11,7.634038660259412e-13,1.1914868499231446,5.8035518745792785e-11,2.6484932486267083,1.3390172980959249e-10,0.02945327368976741,6.417751178475112e-13,1.1937474608224463,0.08222004801511114,0.1515856161669085,0.011914550919721526,2.4615846987243294e-08,2.2269822335624615e-13,0.20586767334312916,0.0032727045370181717,0.07269154166406998,1.7712908277518127e-12,2.909819407643502e-11,1.671059088402407e-12,4.279364320772536e-12,2.0069654236575825e-12,5.863644870773884e-12,1.1562000617709834e-12,2.1750309419441263e-13,3.4626065433213464e-41,3.405308497658129e-61,1.2948630398948173e-41,1.8574210853501196e-35,2648493720352526.0,-9.330314298949816e-12,-2.0516664130729315e-22,2.648493720352539,1.3390173232272076e-10,-4.7172583084176267e-07,-2.5131282721866974e-18,2.7636604369746237e-288,2.7636604374174106e-288
-2.429217913672715,10.350001926609353,0.999994369794807,0.0006709970510803972,0.9993289988305578,6.395815619529021e-12,13806.940170553244,30.93443025097379,1.1578361325352435,1.8737544684062054e-11,1.828083141912187e-11,7.676641616607242e-13,1.1995785709236455,5.843270689588515e-11,2.658695661116986,1.344174997784794e-10,0.030072660091827973,6.552713011703745e-13,1.1948238792329047,0.08222010884218314,0.15200044201709573,0.011914551944519186,2.461584699081297e-08,2.226982236670545e-13,0.20694406138261381,0.003272765360340421,0.07310604737280008,1.771291174734652e-12,2.91631769846323e-11,1.6770928145369467e-12,4.29455444808236e-12,2.0344169343131772e-12,5.863644870773884e-12,1.1562000617709834e-12,2.1750309419441263e-13,3.4626065433213464e-41,3.405308497658129e-61,1.2948630398948173e-41,1.8574210853501196e-35,2658694992241819.0,-9.328537942110415e-12,-2.0516664130729315e-22,2.658694992241833,1.3441748509471135e-10,6.688751530425918e-07,1.4683768039761692e-17,2.7636604369746237e-288,2.7636604374174106e-288
-2.428215589164736,10.33863124102309,0.9999944461224564,0.0006609401831784775,0.999339055814673,6.3777111391750486e-12,13767.851842517535,30.90343944740843,1.1578370028444978,1.8977327579301625e-11,1.8507379173796817e-11,7.786258042770237e-13,1.2174952951497655,5.929278702597303e-11,2.680409968841998,1.3551535219525603e-10,0.030697691680275516,6.688904908590813e-13,1.1971137305841297,0.08222023691252196,0.15288301450597755,0.011914554049688064,2.4615846997940298e-08,2.2269822427103884e-13,0.20923383851135802,0.0032728934215045195,0.0739878258892515,1.7712918565663108e-12,2.930138941626966e-11,1.6898959959646588e-12,4.3267275212903525e-12,2.0934149381090894e-12,5.863644870773884e-12,1.1562000617709834e-12,2.1750309419441263e-13,3.4626065433213464e-41,3.405308497658129e-61,1.2948630398948173e-41,1.8574210853501196e-35,2680410717535280.5,-9.327205674480865e-12,-2.0516664130729315e-22,2.680410717535296,1.3551538206652367e-10,-7.486932980249605e-07,-2.9871267643420433e-17,2.7636604369746237e-288,2.7636604374174106e-288
-2.4271297376144245,10.326325852833119,0.9999945178598192,0.0006516917441909035,0.9993483043596766,6.358370874750442e-12,13726.096223122913,30.86990111189666,1.15783780473852,1.920573671800857e-11,1.8720058237307237e-11,7.888476430780725e-13,1.2363476968762668,6.021249513629609e-11,2.7039723316751245,1.3670663203274281e-10,0.031968850778763956,6.965885419765289e-13,1.1995958353382523,0.08222037373443497,0.15383957493807826,0.011914556221419435,2.461584700500608e-08,2.2269822484710536e-13,0.21171587369984884,0.003273030235047905,0.07494365617306246,1.7712925172190277e-12,2.945116975971258e-11,1.703725436838924e-12,4.361388730403151e-12,2.1582926625322823e-12,5.863644870773884e-12,1.1562000617709834e-12,2.1750309419441263e-13,3.4626065433213464e-41,3.405308497658129e-61,1.2948630398948173e-41,1.8574210853501196e-35,2703972942550888.0,-9.328093852900565e-12,-2.0519249070143543e-22,2.7039729425509,1.3670663380434058e-10,-6.108757752976146e-07,-1.7715977659677432e-18,2.7636604369746237e-288,2.7636604374174106e-288
-2.425665535570138,10.309753958626523,0.9999946179968476,0.0006386698197747033,0.9993613264307192,6.332717636331999e-12,13670.710548235758,30.824734414236584,1.1578389329453644,1.9534985672823868e-11,1.902865686743693e-11,8.037642388673204e-13,1.2622425788534228,6.146303560136311e-11,2.7358053858554188,1.3831601935234997e-10,0.03326680676273005,7.248704865693339e-13,1.2029450682421432,0.08222055510433872,0.15513037688345188,0.011914558981470522,2.4615847013561243e-08,2.2269822551313358e-13,0.21506500922676255,0.003273211593375846,0.07623343006019585,1.7712932956133727e-12,2.9653216127432683e-11,1.7223076302657027e-12,4.407813486759535e-12,2.247365678070584e-12,5.863644870773884e-12,1.1562000617709834e-12,2.1750309419441263e-13,3.4626065433213464e-41,3.405308497658129e-61,1.2948630398948173e-41,1.8574210853501196e-35,2735805908564327.0,-9.331646566579366e-12,-2.0501154494243945e-22,2.7358059085643416,1.3831603512608612e-10,-5.227089228121429e-07,-1.577373615225518e-17,2.7636604369746237e-288,2.7636604374174106e-288
-2.425208615640799,10.304587487068698,0.9999946449763661,0.0006352474968365663,0.9993647487919938,6.324814317386023e-12,13653.647498976214,30.810653196005735,1.1578392301143259,1.9624417382768742e-11,1.9111155609459056e-11,8.077184783106426e-13,1.2700829720863036,6.184807648949535e-11,2.745754031722649,1.3881898744470704e-10,0.03392637090019559,7.392421267648683e-13,1.203990740171266,0.08222061099502566,0.155533337560526,0.011914559805528852,2.461584701602389e-08,2.2269822569814782e-13,0.21611065500042592,0.0032732674810363118,0.07663612055085361,1.7712935149873289e-12,2.971628387587837e-11,1.7280911045915475e-12,4.422227868846066e-12,2.2755348115570242e-12,5.863644870773884e-12,1.1562000617709834e-12,2.1750309419441263e-13,3.4626065433213464e-41,3.405308497658129e-61,1.2948630398948173e-41,1.8574210853501196e-35,2745754041263840.5,-9.332534744999066e-12,-2.0503739433658173e-22,2.7457540412638517,1.3881898976464325e-10,-9.541202494744994e-09,-2.3199362076194516e-18,2.7636604369746237e-288,2.7636604374174106e-288
-2.4250415615561356,10.30269916728371,0.9999946487942631,0.0006334901402389843,0.9993665061679581,6.3219347403589275e-12,13647.430362935733,30.805506580431746,1.1578393726739595,1.9635116676828604e-11,1.915420529399927e-11,8.09824291073166e-13,1.2725269466262472,6.197963088157482e-11,2.7493930210746766,1.39002947600178e-10,0.03459161566796869,7.537375456351771e-13,1.2043731003861395,0.08222063133965893,0.15568072704532965,0.011914560102474804,2.4615847016900452e-08,2.226982257632911e-13,0.21649301169434915,0.003273287824140601,0.07678337129544943,1.7712935925841506e-12,2.973934395168193e-11,1.7302037954244955e-12,4.4274892986615815e-12,2.2858783570886384e-12,5.863644870773884e-12,1.1562000617709834e-12,2.1750309419441263e-13,3.4626065433213464e-41,3.405308497658129e-61,1.2948630398948173e-41,1.8574210853501196e-35,2749392870739937.5,-9.332534744999066e-12,-2.0498569554829717e-22,2.7493928707399475,1.3900296058803312e-10,1.503347291098578e-07,-1.2987855128493443e-17,2.7636604369746237e-288,2.7636604374174106e-288
-2.4229533854978453,10.279121766937386,0.9999947822145905,0.000616634537488488,0.9993833619509098,6.286494631097171e-12,13570.915403143346,30.741246375787846,1.15784083682822,2.0093820352708957e-11,1.9547022289176962e-11,8.287299751028201e-13,1.3094263023243338,6.376274089937635e-11,2.7949559700030835,1.4130648798029988e-10,0.036629823482075385,7.981492831511494e-13,1.2091552536906418,0.08222088210826231,0.15752370838843696,0.011914563631534923,2.4615847026908094e-08,2.226982264780445e-13,0.22127503510758445,0.003273538578517481,0.07862502191884971,1.7712944574992398e-12,3.002767661323199e-11,1.7565320869894593e-12,4.492872421906297e-12,2.417174086115738e-12,5.863644870773884e-12,1.1562000617709834e-12,2.1750309419441263e-13,3.4626065433213464e-41,3.405308497658129e-61,1.2948630398948173e-41,1.8574210853501196e-35,2794955220240318.5,-9.332978834208916e-12,-2.0511494251900858e-22,2.7949552202403245,1.4130648786465497e-10,7.49762758989192e-07,1.1564491611616516e-19,2.7636604369746237e-288,2.7636604374174106e-288
-2.420865209439557,10.255593548985383,0.999994909042529,0.0006013969808913327,0.9993985996758974,6.252019066533924e-12,13496.483555162893,30.677120217759658,1.157842166647741,2.054818130259478e-11,1.997033235720917e-11,8.492477698813288e-13,1.3464007472524275,6.554780147141947e-11,2.84065978216135,1.4361723552743432e-10,0.03872772425324933,8.438617064570959e-13,1.2139418540656512,0.0822211263955211,0.15936833018516916,0.01191456684606867,2.4615847035356797e-08,2.2269822703814174e-13,0.2260615118691886,0.003273782852482121,0.08046844073729358,1.7712951557565399e-12,3.031614524053283e-11,1.7827143797604976e-12,4.557553847841443e-12,2.5521842088175177e-12,5.863644870773884e-12,1.1562000617709834e-12,2.1750309419441263e-13,3.4626065433213464e-41,3.405308497658129e-61,1.2948630398948173e-41,1.8574210853501196e-35,2840660435854313.5,-9.331646566579366e-12,-2.0514079191315086e-22,2.8406604358543173,1.4361723812238353e-10,-6.536929673117697e-07,-2.594949204368898e-18,2.7636604369746237e-288,2.7636604374174106e-288
-2.4198628849315775,10.244317443821709,0.9999949627451707,0.0005933148418052718,0.9994066818999365,6.235799977745793e-12,13461.46659637716,30.646387193136068,1.1578428584274085,2.074421712729017e-11,2.0188241479676495e-11,8.598767511425822e-13,1.3637730310811684,6.639652068147186e-11,2.8626500436470765,1.4472896387425084e-10,0.04016051054273435,8.750815497746829e-13,1.2162408716544006,0.08222124142459518,0.16025438893484784,0.011914568287139089,2.4615847038937037e-08,2.226982272627587e-13,0.22836047719636576,0.003273897874849327,0.08135386141665349,1.7712954420150074e-12,3.0454651955306125e-11,1.795231188538642e-12,4.588356195267762e-12,2.6183099184359227e-12,5.863644870773884e-12,1.1562000617709834e-12,2.1750309419441263e-13,3.4626065433213464e-41,3.405308497658129e-61,1.2948630398948173e-41,1.8574210853501196e-35,2862649816352015.5,-9.330314298949816e-12,-2.0511494251900858e-22,2.8626498163520195,1.4472897046998897e-10,2.2729505699814467e-07,-6.5957381301871814e-18,2.7636604369746237e-288,2.7636604374174106e-288
-2.418777033381266,10.23211441083331,0.999995020963943,0.0005859756848718728,0.9994140211335604,6.218469839358054e-12,13424.051518466955,30.613127826726185,1.157843496065416,2.0961080212069387e-11,2.0388710674099604e-11,8.695661746312073e-13,1.3827205002710208,6.731887010226685e-11,2.886509335903639,1.4593524208696333e-10,0.04162043397160455,9.068927005649269e-13,1.218732467212884,0.08222136449265735,0.16121456994613978,0.01191456977894517,2.461584704251083e-08,2.226982274789286e-13,0.2308520160278832,0.0032740209368569504,0.08231346301476478,1.7712957214866595e-12,3.0604727653468475e-11,1.8087546328467284e-12,4.621548858845123e-12,2.690914106028704e-12,5.863644870773884e-12,1.1562000617709834e-12,2.1750309419441263e-13,3.4626065433213464e-41,3.405308497658129e-61,1.2948630398948173e-41,1.8574210853501196e-35,2886508963759536.5,-9.332534744999066e-12,-2.0519249070143543e-22,2.8865089637595434,1.459352339189298e-10,3.721440955395394e-07,8.168033525950932e-18,2.7636604369746237e-288,2.7636604374174106e-288
-2.418546584673469,10.229526282808337,0.9999950368914372,0.0005838935341775567,0.9994161033056251,6.214825001196787e-12,13416.182183761124,30.606073883794117,1.1578436763766025,2.10228128503358e-11,2.0447136365069603e-11,8.724465058432046e-13,1.3870556750055318,6.752145371462044e-11,2.8915773254936634,1.4619147232219575e-10,0.04162043397160455,9.068927005649269e-13,1.2192613859973356,0.08222139039953841,0.16141844011032114,0.011914570086840959,2.461584704323059e-08,2.2269822752148608e-13,0.2313809191927362,0.003274046842050873,0.08251716879694104,1.7712957770096199e-12,3.0636581305690994e-11,1.8116198693978436e-12,4.628569861539995e-12,2.7064509965685578e-12,5.863644870773884e-12,1.1562000617709834e-12,2.1750309419441263e-13,3.4626065433213464e-41,3.405308497658129e-61,1.2948630398948173e-41,1.8574210853501196e-35,2891577554432128.5,-9.332090655789216e-12,-2.052183400955777e-22,2.891577554432134,1.4619149016989962e-10,-2.289384704035058e-07,-1.7847703871630423e-17,2.7636604369746237e-288,2.7636604374174106e-288
-2.417927545465057,10.222576916934281,0.9999950704811496,0.0005796473134720983,0.9994203495701158,6.205086109553353e-12,13395.15625440856,30.58713338710438,1.1578440452011787,2.1150997450292898e-11,2.056591151115709e-11,8.782100749889391e-13,1.397971329140399,6.804982264997511e-11,2.905202356975125,1.4688031505746147e-10,0.04236111656525418,9.230318796536079e-13,1.220682389745181,0.08222145966999077,0.16196606184496823,0.011914570898478827,2.4615847045103146e-08,2.2269822763055225e-13,0.2328018901625065,0.0032741161090466073,0.08306445530018097,1.7712959201178968e-12,3.072215297785401e-11,1.8193082730695326e-12,4.647389576340192e-12,2.74841475866601e-12,5.863644870773884e-12,1.1562000617709834e-12,2.1750309419441263e-13,3.4626065433213464e-41,3.405308497658129e-61,1.2948630398948173e-41,1.8574210853501196e-35,2905201649472368.5,-9.332090655789216e-12,-2.0532173767214684e-22,2.905201649472373,1.468802929838155e-10,7.075027519398702e-07,2.2073645957662265e-17,2.7636604369746237e-288,2.7636604374174106e-288
-2.4168559114076404,10.210556862998022,0.9999951251665575,0.000572793077925118,0.9994272038759019,6.188409994085353e-12,13359.153328847595,30.554372730101107,1.1578446410215362,2.1361545035917757e-11,2.0760037939879748e-11,8.876027755717606e-13,1.416675759529657,6.896036636646159e-11,2.9288165307411385,1.480742235789185e-10,0.04386185505402782,9.557323743638314e-13,1.223143029888562,0.08222157837236084,0.162914307887197,0.011914572253929185,2.461584704813934e-08,2.2269822780239819e-13,0.23526247697592884,0.003274234805871433,0.0840121602130054,1.7712961481558242e-12,3.0870305197500965e-11,1.832589521490421e-12,4.6798307630131e-12,2.8218321586234697e-12,5.863644870773884e-12,1.1562000617709834e-12,2.1750309419441263e-13,3.4626065433213464e-41,3.405308497658129e-61,1.2948630398948173e-41,1.8574210853501196e-35,2928816567565440.5,-9.333867012628616e-12,-2.0532173767214684e-22,2.928816567565444,1.4807420876206414e-10,-3.682430538276549e-08,1.4816854369286267e-17,2.7636604369746237e-288,2.7636604374174106e-288
-2.4166888573229777,10.208684250100887,0.9999951363020255,0.0005713410493818372,0.9994286559190406,6.18583309501306e-12,13353.58972907964,30.549268923649965,1.157844766793141,2.1406233228592594e-11,2.0802185609710005e-11,8.896852690086314e-13,1.419829719351033,6.910749885287057e-11,2.9325020529181898,1.4826052729544256e-10,0.04386185505402782,9.557323743638314e-13,1.2235266928925972,0.08222159674275033,0.16306218886844653,0.011914572459840036,2.461584704859046e-08,2.226982278273937e-13,0.23564612905040683,0.0032742531751086927,0.0841599265592703,1.771296181603892e-12,3.0893402022140616e-11,1.8346566892801014e-12,4.6848722617062456e-12,2.8333645593686744e-12,5.863644870773884e-12,1.1562000617709834e-12,2.1750309419441263e-13,3.4626065433213464e-41,3.405308497658129e-61,1.2948630398948173e-41,1.8574210853501196e-35,2932501251512723.0,-9.334755191048316e-12,-2.053734364604314e-22,2.9325012515127287,1.482604978817293e-10,8.014054611038546e-07,2.94137132562734e-17,2.7636604369746237e-288,2.7636604374174106e-288
-2.414600681264687,10.185302964621295,0.9999952464018993,0.0005574233922235124,0.9994425737157044,6.154072148404183e-12,13285.01900338006,30.485543230075336,1.1578459756774493,2.184718837876495e-11,2.1210818067624455e-11,9.096104259653947e-13,1.4570162875874186,7.089814276631416e-11,2.978636861534713,1.5059301670453842e-10,0.04616360524780335,1.0058865955015322e-12,1.2283241116190737,0.08222182337411518,0.16491103369697002,0.011914574914370786,2.4615847053771254e-08,2.2269822810399564e-13,0.24044344013153834,0.00327447979545991,0.08600767261437287,1.771296557095367e-12,3.1182146948713944e-11,1.8604242791394205e-12,4.747538403978073e-12,2.9795399239888856e-12,5.863644870773884e-12,1.1562000617709834e-12,2.1750309419441263e-13,3.4626065433213464e-41,3.405308497658129e-61,1.2948630398948173e-41,1.8574210853501196e-35,2978637748054217.5,-9.332090655789216e-12,-2.0563193040185422e-22,2.9786377480542248,1.5059305270817052e-10,-8.865195115781432e-07,-3.6003632093303086e-17,2.7636604369746237e-288,2.7636604374174106e-288
-2.4125125052063985,10.161970452440936,0.9999953432995795,0.0005444981174871179,0.9994554991138442,6.123166982808025e-12,13218.296297363831,30.421950468127772,1.1578470930110407,2.224408645956906e-11,2.1574541833501242e-11,9.27244670334231e-13,1.4934828589982256,7.267351763905652e-11,3.024919278014344,1.52932912779942e-10,0.049329136689622674,1.0748622664412757e-12,1.2331243114744659,0.08222204469337085,0.16676092614932825,0.011914577165123884,2.4615847058201613e-08,2.2269822832453217e-13,0.24524354534000262,0.0032747011049730694,0.08785654464056188,1.771296864686123e-12,3.1470941347132253e-11,1.8860610277742203e-12,4.8095612003735636e-12,3.129445598597774e-12,5.863644870773884e-12,1.1562000617709834e-12,2.1750309419441263e-13,3.4626065433213464e-41,3.405308497658129e-61,1.2948630398948173e-41,1.8574210853501196e-35,3024918903711758.0,-9.331202477369516e-12,-2.059679725257039e-22,3.0249189037117654,1.529329211657847e-10,3.743025787095178e-07,-8.385842718192303e-18,2.7636604369746237e-288,2.7636604374174106e-288
-2.4115101806984196,10.150788140987729,0.9999953959311632,0.0005387202007105746,0.9994612770902077,6.108633473229283e-12,13186.91929862942,30.39147307826205,1.1578476018033572,2.2469738718210047e-11,2.1784117683926556e-11,9.375560504391186e-13,1.5117466608730616,7.354242816745131e-11,3.0471855078223764,1.54058679618395e-10,0.050138212827067305,1.0924917136438301e-12,1.2354292893795502,0.08222214912454189,0.16764919560882155,0.011914578179217953,2.461584706009815e-08,2.2269822841415058e-13,0.24754847162759847,0.0032748055314397845,0.08874435794402641,1.7712969922015763e-12,3.160957413872597e-11,1.8983212298360164e-12,4.839107602556452e-12,3.202725657505869e-12,5.863644870773884e-12,1.1562000617709834e-12,2.1750309419441263e-13,3.4626065433213464e-41,3.405308497658129e-61,1.2948630398948173e-41,1.8574210853501196e-35,3047185373931503.0,-9.333867012628616e-12,-2.0586457494913476e-22,3.047185373931512,1.540586625304799e-10,1.338908646175696e-07,1.7087915111148163e-17,2.7636604369746237e-288,2.7636604374174106e-288
-2.410424329148108,10.138686611818793,0.9999954442089158,0.0005327423560712142,0.999467254992274,6.0930967956260476e-12,13153.376673785107,30.358490360512118,1.1578481220252805,2.2676082793330924e-11,2.1972855773592585e-11,9.467375321791547e-13,1.530809013137223,7.446806630747367e-11,3.07134583374885,1.5528015259772008e-10,0.05177594725535123,1.1281772953820665e-12,1.237926913454812,0.08222226093527177,0.16861169895685682,0.01191457923253767,2.4615847062001426e-08,2.226982285010921e-13,0.25004604847842704,0.0032749173376359006,0.08970638935242485,1.771297117529458e-12,3.175976455207306e-11,1.9115704540621147e-12,4.870954136312893e-12,3.2830832223968243e-12,5.863644870773884e-12,1.1562000617709834e-12,2.1750309419441263e-13,3.4626065433213464e-41,3.405308497658129e-61,1.2948630398948173e-41,1.8574210853501196e-35,3071345170204999.5,-9.334755191048316e-12,-2.0573532797842335e-22,3.0713451702050047,1.5528012609247547e-10,6.635438452029518e-07,2.650524460856858e-17,2.7636604369746237e-288,2.7636604374174106e-288
-2.410189555359983,10.136071847119315,0.9999954580444033,0.0005309577924045841,0.9994690395727547,6.089766616640818e-12,13146.18679303328,30.35136381932369,1.157848276750028,2.273820903253323e-11,2.203114387300538e-11,9.496411265420864e-13,1.5352889676457715,7.467602465358254e-11,3.0765740774872015,1.5554449804415277e-10,0.05177594725535123,1.1281772953820665e-12,1.2384670054941629,0.08222228494233882,0.1688198721402416,0.011914579454271882,2.461584706239377e-08,2.2269822851862873e-13,0.25058612690402454,0.003274941343375531,0.08991442164787693,1.771297143019091e-12,3.179223786329862e-11,1.914430670917607e-12,4.877817741845872e-12,3.300590783027503e-12,5.863644870773884e-12,1.1562000617709834e-12,2.1750309419441263e-13,3.4626065433213464e-41,3.405308497658129e-61,1.2948630398948173e-41,1.8574210853501196e-35,3076573973256316.5,-9.335199280258166e-12,-2.0573532797842335e-22,3.076573973256324,1.5554448231169763e-10,1.0423087726252334e-07,1.573245513509905e-17,2.7636604369746237e-288,2.7636604374174106e-288
-2.408503207174482,10.117308377884052,0.9999955313620902,0.0005217831166549884,0.9994782143347725,6.0661413173742504e-12,13095.181384349944,30.30022398392298,1.157849074397843,2.305992909253305e-11,2.232519259746031e-11,9.639820605438393e-13,1.565016967998949,7.611651753058494e-11,3.1141853984444112,1.5744603632520432e-10,0.05428373869592103,1.1828210733288221e-12,1.2423470850656644,0.08222245554257149,0.17031515113196843,0.011914580988039965,2.4615847065024695e-08,2.2269822863273404e-13,0.2544661346916075,0.003275111936797521,0.09140897631628672,1.7712973107857853e-12,3.202548990378266e-11,1.934929616473426e-12,4.926890595911738e-12,3.427729119164634e-12,5.863644870773884e-12,1.1562000617709834e-12,2.1750309419441263e-13,3.4626065433213464e-41,3.405308497658129e-61,1.2948630398948173e-41,1.8574210853501196e-35,3114185886764535.5,-9.336975637097567e-12,-2.059679725257039e-22,3.1141858867645347,1.5744605388652144e-10,-4.883201234484602e-07,-1.756131711560898e-17,2.7636604369746237e-288,2.7636604374174106e-288
-2.4083361530898193,10.11545134122617,0.999995540885288,0.0005206640173148109,0.9994793334449051,6.063829588416545e-12,13090.190405238984,30.29516263051192,1.1578491722726927,2.310401982666175e-11,2.2366468369396563e-11,9.6604307556801e-13,1.5682151706896046,7.62647579284848e-11,3.117916221539448,1.5763467329547647e-10,0.05428373869592103,1.1828210733288221e-12,1.242731520288791,0.08222247228320943,0.17046331957258548,0.011914581134450037,2.4615847065268724e-08,2.2269822864299852e-13,0.25485056053794664,0.003275128676583389,0.09155705640610377,1.771297326052239e-12,3.2048596280336446e-11,1.9369559775990374e-12,4.931730292087566e-12,3.4404570760938676e-12,5.863644870773884e-12,1.1562000617709834e-12,2.1750309419441263e-13,3.4626065433213464e-41,3.405308497658129e-61,1.2948630398948173e-41,1.8574210853501196e-35,3117917000649302.5,-9.336087458677866e-12,-2.0601967131398846e-22,3.1179170006493018,1.5763469039671001e-10,-7.79109853965565e-07,-1.710123354619088e-17,2.7636604369746237e-288,2.7636604374174106e-288
-2.406247977031529,10.092264539346072,0.9999956256967343,0.0005091201163048764,0.9994908774525684,6.035346539608523e-12,13028.697298904352,30.231967001987716,1.157850168461585,2.34853758062969e-11,2.275540889615215e-11,9.851609418935688e-13,1.6048345369766919,7.80447939798232e-11,3.164635571686017,1.5999666491551609e-10,0.05772503924081196,1.257805643329724e-12,1.2475377436198032,0.08222267897953843,0.17231557285983634,0.01191458288665275,2.4615847068087183e-08,2.2269822875753037e-13,0.25965670080971437,0.0032753353644924764,0.0934083983243288,1.7712974986372293e-12,3.2337416648084296e-11,1.9622209128202484e-12,4.991902334840947e-12,3.601572470346124e-12,5.863644870773884e-12,1.1562000617709834e-12,2.1750309419441263e-13,3.4626065433213464e-41,3.405308497658129e-61,1.2948630398948173e-41,1.8574210853501196e-35,3164634849560278.0,-9.335199280258166e-12,-2.060972194964153e-22,3.164634849560277,1.5999663705774952e-10,7.221257396494707e-07,2.7857766568328874e-17,2.7636604369746237e-288,2.7636604374174106e-288
-2.40415980097324,10.069126105072929,0.9999957148847658,0.0004980698494379696,0.9995019278195023,6.007618724229393e-12,12968.834793970169,30.168903199376263,1.157851130054906,2.3904568403691248e-11,2.313973510776201e-11,1.004096281275141e-12,1.642383156571706,7.984553264216343e-11,3.2114990497462386,1.623659696182309e-10,0.06037946851933976,1.315644601436337e-12,1.252345225862568,0.08222288116979891,0.17416831761348747,0.01191458450344569,2.461584707052423e-08,2.226982288503145e-13,0.26446409548124244,0.003275537546852854,0.09526027068059034,1.7712976419250532e-12,3.26262061600795e-11,1.9873684833594285e-12,5.051482560208535e-12,3.766432055040153e-12,5.863644870773884e-12,1.1562000617709834e-12,2.1750309419441263e-13,3.4626065433213464e-41,3.405308497658129e-61,1.2948630398948173e-41,1.8574210853501196e-35,3211499172857656.0,-9.338307904727117e-12,-2.0578702676670792e-22,3.211499172857655,1.623659891258434e-10,-1.2311141661669467e-07,-1.950761248011699e-17,2.7636604369746237e-288,2.7636604374174106e-288
-2.4031574764652612,10.05803680716185,0.9999957598556318,0.0004935539987084353,0.9995064437108183,5.994574069122882e-12,12940.672565453608,30.138679317919618,1.1578515315467117,2.4123747813502882e-11,2.3298312137916316e-11,1.0118330920616148e-12,1.6608348650724318,8.071943379753135e-11,3.2340462070077116,1.6350591480953328e-10,0.0612774885015857,1.3352120996372429e-12,1.2546531572875022,0.08222297669794162,0.17505771943891027,0.011914585235094682,2.4615847071576333e-08,2.2269822888847353e-13,0.2667719826669601,0.003275633071791288,0.0961493159882777,1.7712977019307414e-12,3.276480852638282e-11,1.999398551516923e-12,5.079874368732741e-12,3.8468969413214144e-12,5.863644870773884e-12,1.1562000617709834e-12,2.1750309419441263e-13,3.4626065433213464e-41,3.405308497658129e-61,1.2948630398948173e-41,1.8574210853501196e-35,3234046209974800.0,-9.339640172356667e-12,-2.0568362919013879e-22,3.2340462099747973,1.6350591530559212e-10,-2.967085688254656e-09,-4.960588433301612e-19,2.7636604369746237e-288,2.7636604374174106e-288
-2.4024515652549012,10.050233569535596,0.9999957810616035,0.0004899836228293685,0.9995100141183597,5.985492860084799e-12,12921.066927669915,30.117411593769262,1.1578518346294626,2.4220456178555087e-11,2.3426930799499025e-11,1.0181865265616693e-12,1.6726645326465457,8.130957877488039e-11,3.249945965042101,1.6430978316879433e-10,0.06309554601035708,1.3748268495708186e-12,1.2562786646356265,0.0822230433989458,0.1756841783412847,0.011914585734239218,2.4615847072275704e-08,2.2269822891318535e-13,0.26839746930825514,0.0032756997702957855,0.09677549301637246,1.7712977411702022e-12,3.286241455521913e-11,2.0078554037943385e-12,5.099790497648887e-12,3.9040827344587526e-12,5.863644870773884e-12,1.1562000617709834e-12,2.1750309419441263e-13,3.4626065433213464e-41,3.405308497658129e-61,1.2948630398948173e-41,1.8574210853501196e-35,3249945848611507.0,-9.341416529196067e-12,-2.056577797959965e-22,3.249945848611508,1.643097643539778e-10,1.1643059316668314e-07,1.881481653460812e-17,2.7636604369746237e-288,2.7636604374174106e-288
-2.40207162491495,10.04603593751201,0.9999958006170397,0.00048780329259724166,0.9995121944648884,5.980632724442669e-12,12910.574097456369,30.10597094768898,1.1578520263188061,2.431991449113474e-11,2.347578143179515e-11,1.0205284790760496e-12,1.6800166986518872,8.164866335651753e-11,3.2585103059651193,1.647427501837796e-10,0.06309554601035708,1.3748268495708186e-12,1.2571535931270725,0.08222307907636416,0.17602138909009604,0.01191458599745469,2.461584707263813e-08,2.2269822892578963e-13,0.2692723785074803,0.0032757354464275448,0.0971125316325631,1.7712977613077606e-12,3.2914945686831176e-11,2.012401817191152e-12,5.1104828859520756e-12,3.935039936326916e-12,5.863644870773884e-12,1.1562000617709834e-12,2.1750309419441263e-13,3.4626065433213464e-41,3.405308497658129e-61,1.2948630398948173e-41,1.8574210853501196e-35,3258510427869757.0,-9.342304707615767e-12,-2.0560608100771194e-22,3.2585104278697568,1.647427697224565e-10,-1.2190463749561786e-07,-1.9538676911979294e-17,2.7636604369746237e-288,2.7636604374174106e-288
-2.400150502941324,10.024835525959617,0.9999958747904519,0.000479307436592099,0.9995206903976568,5.956436242482061e-12,12858.336132407165,30.048189226002933,1.157852771229813,2.468772929314759e-11,2.3809850912747946e-11,1.037014017484294e-12,1.714487881297464,8.330472859312528e-11,3.3018909049651675,1.6693598214212536e-10,0.0658756384159564,1.4354039572303427e-12,1.2615777635511345,0.08222325749779547,0.1777263641934747,0.011914587273098371,2.461584707433838e-08,2.2269822898292487e-13,0.27369647603377417,0.0032759138617986304,0.09881683600440784,1.7712978537391142e-12,3.3180525855114975e-11,2.035334197319315e-12,5.164260947263647e-12,4.09347532740197e-12,5.863644870773884e-12,1.1562000617709834e-12,2.1750309419441263e-13,3.4626065433213464e-41,3.405308497658129e-61,1.2948630398948173e-41,1.8574210853501196e-35,3301890946902664.0,-9.342748796825617e-12,-2.0547683403700053e-22,3.3018909469026623,1.6693598868421095e-10,-4.193749481018472e-08,-6.542085592994555e-18,2.7636604369746237e-288,2.7636604374174106e-288
-2.3999834488566614,10.022993935979116,0.9999958755388897,0.0004784140493018689,0.9995215837932186,5.954364980531704e-12,12853.864427995488,30.04316997251108,1.1578528425101322,2.468609232107524e-11,2.3850278020459035e-11,1.0390550521479934e-12,1.7167931310259261,8.343368519616682e-11,3.305669159385077,1.6712701605723038e-10,0.06681563340783458,1.4558860741944165e-12,1.261962480515563,0.08222327286372011,0.17787464156268898,0.011914587379901488,2.461584707447643e-08,2.22698228987417e-13,0.27408119235656786,0.0032759292270702657,0.09896504284239369,1.7712978610924374e-12,3.3203616559944606e-11,2.0373239451384046e-12,5.168914855332661e-12,4.1074012580053845e-12,5.863644870773884e-12,1.1562000617709834e-12,2.1750309419441263e-13,3.4626065433213464e-41,3.405308497658129e-61,1.2948630398948173e-41,1.8574210853501196e-35,3305669073337450.0,-9.344081064455168e-12,-2.0550268343114281e-22,3.305669073337449,1.6712700204046874e-10,8.604762813391176e-08,1.4016761647047667e-17,2.7636604369746237e-288,2.7636604374174106e-288
-2.398737330004471,10.009266530193823,0.9999959217926615,0.00047275389449926304,0.9995272439967591,5.939019841945113e-12,12820.735595429269,30.00575592804326,1.157853335625926,2.491970942345303e-11,2.4062227373866865e-11,1.0495255787308703e-12,1.7391273518524384,8.450759408882534e-11,3.333881455413222,1.6855336089770115e-10,0.06871778676099344,1.497333239125752e-12,1.26483229279997,0.08222338658885077,0.17898063740162398,0.011914588155963359,2.461584707545867e-08,2.2269822901874135e-13,0.27695095916326534,0.0032760429483532105,0.10007059182315443,1.7712979127590444e-12,3.337584058596612e-11,2.0521444623856773e-12,5.203517987059386e-12,4.2120475364279624e-12,5.863644870773884e-12,1.1562000617709834e-12,2.1750309419441263e-13,3.4626065433213464e-41,3.405308497658129e-61,1.2948630398948173e-41,1.8574210853501196e-35,3333881401229714.5,-9.344969242874868e-12,-2.0539928585457368e-22,3.3338814012297124,1.6855335225176087e-10,5.418350967900665e-08,8.645940278479529e-18,2.7636604369746237e-288,2.7636604374174106e-288
-2.3978952727983707,10.000000000000002,0.9999959550828639,0.00046864749416186273,0.9995313504320233,5.92878811388589e-12,12798.64601974881,29.980500000000003,1.1578536931111434,2.5092903377344873e-11,2.4220294795812583e-11,1.0574049583403421e-12,1.7545725535145158,8.524108262297512e-11,3.3529755694185184,1.6951870934440365e-10,0.06967996305906685,1.5182986779285931e-12,1.2667715519590959,0.08222346265211784,0.17972803822437344,0.011914588660933737,2.4615847076078684e-08,2.226982290379172e-13,0.2788901855371591,0.003276119008862854,0.1008176684536461,1.7712979447479235e-12,3.3492200435123855e-11,2.062137820864053e-12,5.2267896898600485e-12,4.28351983708895e-12,5.863644870773884e-12,1.1562000617709834e-12,2.1750309419441263e-13,3.4626065433213464e-41,3.405308497658129e-61,1.2948630398948173e-41,1.8574210853501196e-35,3352975569418661.0,-9.348077867343818e-12,-2.052183400955777e-22,3.352975569418659,1.6951870934440331e-10,-1.4077627952246985e-13,3.360421238496675e-25,2.7636604369746237e-288,2.7636604374174106e-288
