shape_lane,interval_index,substep,macro_index,z_mid,dt_Myr,family,k_min_Myr_inv,k_max_Myr_inv,selected_k_Myr_inv,two_mode_weight_slow,selected_model
LOCAL_NEUTRAL_HAZARD_PRIMARY,0,1,0,5.95000000000000018e+00,1.01174195637656954e+01,M,4.41748181973601524e-05,4.41846920437616815e-05,4.41846920437616815e-05,0.00000000000000000e+00,TWO_MODE
LOCAL_NEUTRAL_HAZARD_PRIMARY,0,1,0,5.95000000000000018e+00,1.01174195637656954e+01,I,4.42182368552038486e-05,1.52517722479504885e-02,1.52517722479504885e-02,0.00000000000000000e+00,TWO_MODE
LOCAL_NEUTRAL_HAZARD_PRIMARY,0,1,0,5.95000000000000018e+00,1.01174195637656954e+01,U,4.32999097097715358e-05,5.88685966567699184e-02,5.88685966567699184e-02,0.00000000000000000e+00,TWO_MODE
LOCAL_NEUTRAL_HAZARD_PRIMARY,0,1,0,5.95000000000000018e+00,1.01174195637656954e+01,C,4.41846920437977855e-05,2.01905706438181021e+00,5.91806602590711200e-03,9.42302885105229970e-01,TWO_MODE
LOCAL_NEUTRAL_HAZARD_PRIMARY,0,1,0,5.95000000000000018e+00,1.01174195637656954e+01,J_G1,2.46985678886627687e-16,7.17531791731265602e-03,7.17531791731265602e-03,0.00000000000000000e+00,TWO_MODE
LOCAL_NEUTRAL_HAZARD_PRIMARY,0,1,0,5.95000000000000018e+00,1.01174195637656954e+01,J_G2a,5.39536161158525785e-17,3.74908594959265590e-03,3.74908594959265590e-03,0.00000000000000000e+00,TWO_MODE
LOCAL_NEUTRAL_HAZARD_PRIMARY,0,1,1,5.95000000000000018e+00,1.01174195637656954e+01,M,4.41748181973601524e-05,4.41846920437967826e-05,4.41846920437967826e-05,0.00000000000000000e+00,TWO_MODE
LOCAL_NEUTRAL_HAZARD_PRIMARY,0,1,1,5.95000000000000018e+00,1.01174195637656954e+01,I,4.42182368551993221e-05,1.52517722479505388e-02,1.52517722479505388e-02,0.00000000000000000e+00,TWO_MODE
LOCAL_NEUTRAL_HAZARD_PRIMARY,0,1,1,5.95000000000000018e+00,1.01174195637656954e+01,U,4.32999097097492826e-05,4.98645334355111713e-02,4.98645334355111713e-02,0.00000000000000000e+00,TWO_MODE
LOCAL_NEUTRAL_HAZARD_PRIMARY,0,1,1,5.95000000000000018e+00,1.01174195637656954e+01,C,4.41846920437856424e-05,2.01905706438184485e+00,5.09664034207028545e-04,9.95301622261535068e-01,TWO_MODE
LOCAL_NEUTRAL_HAZARD_PRIMARY,0,1,1,5.95000000000000018e+00,1.01174195637656954e+01,J_G1,3.04266368799837939e-16,7.28063034876811547e-04,7.28063034876811547e-04,0.00000000000000000e+00,TWO_MODE
LOCAL_NEUTRAL_HAZARD_PRIMARY,0,1,1,5.95000000000000018e+00,1.01174195637656954e+01,J_G2a,1.13333926888008605e-16,1.95210908988054880e-04,1.95210908988054880e-04,0.00000000000000000e+00,TWO_MODE
LOCAL_NEUTRAL_HAZARD_PRIMARY,0,1,2,5.95000000000000018e+00,1.01174195637656954e+01,M,4.41748181973601524e-05,4.41846920437871874e-05,,,NONE
LOCAL_NEUTRAL_HAZARD_PRIMARY,0,1,2,5.95000000000000018e+00,1.01174195637656954e+01,I,4.42182368551831946e-05,1.52517722479505527e-02,,,NONE
LOCAL_NEUTRAL_HAZARD_PRIMARY,0,1,2,5.95000000000000018e+00,1.01174195637656954e+01,U,4.32999097097456641e-05,4.84642874511335212e-02,,,NONE
LOCAL_NEUTRAL_HAZARD_PRIMARY,0,1,2,5.95000000000000018e+00,1.01174195637656954e+01,C,4.41846920437707617e-05,2.01905706438185373e+00,,,NONE
LOCAL_NEUTRAL_HAZARD_PRIMARY,0,1,2,5.95000000000000018e+00,1.01174195637656954e+01,J_G1,2.85319607159883204e-16,3.42533977666700264e-04,,,NONE
LOCAL_NEUTRAL_HAZARD_PRIMARY,0,1,2,5.95000000000000018e+00,1.01174195637656954e+01,J_G2a,2.17607839391383378e-16,7.98829570917202137e-05,,,NONE
LOCAL_NEUTRAL_HAZARD_PRIMARY,0,1,3,5.95000000000000018e+00,1.01174195637656954e+01,M,4.41748181973601524e-05,4.41846920437862184e-05,,,NONE
LOCAL_NEUTRAL_HAZARD_PRIMARY,0,1,3,5.95000000000000018e+00,1.01174195637656954e+01,I,4.42182368551942466e-05,1.52517722479505024e-02,,,NONE
LOCAL_NEUTRAL_HAZARD_PRIMARY,0,1,3,5.95000000000000018e+00,1.01174195637656954e+01,U,4.32999097097764486e-05,4.75813074222723453e-02,,,NONE
LOCAL_NEUTRAL_HAZARD_PRIMARY,0,1,3,5.95000000000000018e+00,1.01174195637656954e+01,C,4.41846920437575412e-05,2.01905706438184884e+00,,,NONE
LOCAL_NEUTRAL_HAZARD_PRIMARY,0,1,3,5.95000000000000018e+00,1.01174195637656954e+01,J_G1,3.85367221280878267e-17,1.69071047994059323e-04,,,NONE
LOCAL_NEUTRAL_HAZARD_PRIMARY,0,1,3,5.95000000000000018e+00,1.01174195637656954e+01,J_G2a,6.62089864670912228e-17,3.58022486299994287e-05,,,NONE
LOCAL_NEUTRAL_HAZARD_PRIMARY,0,1,4,5.95000000000000018e+00,1.01174195637656954e+01,M,4.41748181973601524e-05,4.41846920437919037e-05,,,NONE
LOCAL_NEUTRAL_HAZARD_PRIMARY,0,1,4,5.95000000000000018e+00,1.01174195637656954e+01,I,4.42182368551919021e-05,1.52517722479505544e-02,,,NONE
LOCAL_NEUTRAL_HAZARD_PRIMARY,0,1,4,5.95000000000000018e+00,1.01174195637656954e+01,U,4.32999097097574887e-05,4.63210356753644553e-02,,,NONE
LOCAL_NEUTRAL_HAZARD_PRIMARY,0,1,4,5.95000000000000018e+00,1.01174195637656954e+01,C,4.41846920437704771e-05,2.01905706438185817e+00,,,NONE
LOCAL_NEUTRAL_HAZARD_PRIMARY,0,1,4,5.95000000000000018e+00,1.01174195637656954e+01,J_G1,3.64925624727727365e-16,1.84121124033257685e-05,,,NONE
LOCAL_NEUTRAL_HAZARD_PRIMARY,0,1,4,5.95000000000000018e+00,1.01174195637656954e+01,J_G2a,3.83454425712205754e-16,3.34846373618593639e-06,,,NONE
LOCAL_NEUTRAL_HAZARD_PRIMARY,0,1,5,5.95000000000000018e+00,1.01174195637656954e+01,M,4.41748181973601524e-05,4.41846920437786561e-05,,,NONE
LOCAL_NEUTRAL_HAZARD_PRIMARY,0,1,5,5.95000000000000018e+00,1.01174195637656954e+01,I,4.42182368552029745e-05,1.52517722479505562e-02,,,NONE
LOCAL_NEUTRAL_HAZARD_PRIMARY,0,1,5,5.95000000000000018e+00,1.01174195637656954e+01,U,4.32999097097541615e-05,4.61065987724924228e-02,,,NONE
LOCAL_NEUTRAL_HAZARD_PRIMARY,0,1,5,5.95000000000000018e+00,1.01174195637656954e+01,C,4.41846920437851681e-05,2.01905706438184573e+00,,,NONE
LOCAL_NEUTRAL_HAZARD_PRIMARY,0,1,5,5.95000000000000018e+00,1.01174195637656954e+01,J_G1,6.78022573281718091e-17,4.69212864623985737e-07,,,NONE
LOCAL_NEUTRAL_HAZARD_PRIMARY,0,1,5,5.95000000000000018e+00,1.01174195637656954e+01,J_G2a,1.85969828902396561e-16,8.29838417563550687e-08,,,NONE
LOCAL_NEUTRAL_HAZARD_PRIMARY,0,1,6,5.95000000000000018e+00,1.01174195637656954e+01,M,4.41748181973601592e-05,4.41846920437542818e-05,4.41846920437542818e-05,0.00000000000000000e+00,TWO_MODE
LOCAL_NEUTRAL_HAZARD_PRIMARY,0,1,6,5.95000000000000018e+00,1.01174195637656954e+01,I,4.42182368552113364e-05,1.55525526233679032e-02,1.55525526233679032e-02,0.00000000000000000e+00,TWO_MODE
LOCAL_NEUTRAL_HAZARD_PRIMARY,0,1,6,5.95000000000000018e+00,1.01174195637656954e+01,U,4.32999097097499263e-05,6.67659846336760843e-02,6.67659846336760843e-02,0.00000000000000000e+00,TWO_MODE
LOCAL_NEUTRAL_HAZARD_PRIMARY,0,1,6,5.95000000000000018e+00,1.01174195637656954e+01,C,4.41846920437663368e-05,2.05887491190402017e+00,6.85598761226234761e-03,9.33403339032370494e-01,TWO_MODE
LOCAL_NEUTRAL_HAZARD_PRIMARY,0,1,6,5.95000000000000018e+00,1.01174195637656954e+01,J_G1,1.69560813281823221e-16,8.60729213877641647e-03,8.60729213877641647e-03,0.00000000000000000e+00,TWO_MODE
LOCAL_NEUTRAL_HAZARD_PRIMARY,0,1,6,5.95000000000000018e+00,1.01174195637656954e+01,J_G2a,8.70390087765515531e-17,4.06696155169528756e-03,4.06696155169528756e-03,0.00000000000000000e+00,TWO_MODE
LOCAL_NEUTRAL_HAZARD_PRIMARY,0,1,7,5.95000000000000018e+00,1.01174195637656954e+01,M,4.41748181973601524e-05,4.41846920437608955e-05,4.41846920437608955e-05,0.00000000000000000e+00,TWO_MODE
LOCAL_NEUTRAL_HAZARD_PRIMARY,0,1,7,5.95000000000000018e+00,1.01174195637656954e+01,I,4.42182368551931421e-05,1.55525526233679465e-02,1.55525526233679465e-02,0.00000000000000000e+00,TWO_MODE
LOCAL_NEUTRAL_HAZARD_PRIMARY,0,1,7,5.95000000000000018e+00,1.01174195637656954e+01,U,4.32999097097630791e-05,6.24262405123624450e-02,6.24262405123624450e-02,0.00000000000000000e+00,TWO_MODE
LOCAL_NEUTRAL_HAZARD_PRIMARY,0,1,7,5.95000000000000018e+00,1.01174195637656954e+01,C,4.41846920437979752e-05,2.05887491190407479e+00,4.76511402922273012e-03,9.53359112727794389e-01,TWO_MODE
LOCAL_NEUTRAL_HAZARD_PRIMARY,0,1,7,5.95000000000000018e+00,1.01174195637656954e+01,J_G1,2.64031879735638245e-16,6.31724345091080452e-03,6.31724345091080452e-03,0.00000000000000000e+00,TWO_MODE
LOCAL_NEUTRAL_HAZARD_PRIMARY,0,1,7,5.95000000000000018e+00,1.01174195637656954e+01,J_G2a,3.67999070353818300e-16,2.19866581635847500e-03,2.19866581635847500e-03,0.00000000000000000e+00,TWO_MODE
LOCAL_NEUTRAL_HAZARD_PRIMARY,0,1,8,5.95000000000000018e+00,1.01174195637656954e+01,M,4.41748181973601524e-05,4.41846920437756948e-05,4.41846920437756948e-05,0.00000000000000000e+00,TWO_MODE
LOCAL_NEUTRAL_HAZARD_PRIMARY,0,1,8,5.95000000000000018e+00,1.01174195637656954e+01,I,4.42182368552096423e-05,1.55525526233678772e-02,1.55525526233678772e-02,7.64883941051182495e-16,TWO_MODE
LOCAL_NEUTRAL_HAZARD_PRIMARY,0,1,8,5.95000000000000018e+00,1.01174195637656954e+01,U,4.32999097097645970e-05,6.09221024039510034e-02,6.09221024039510034e-02,0.00000000000000000e+00,TWO_MODE
LOCAL_NEUTRAL_HAZARD_PRIMARY,0,1,8,5.95000000000000018e+00,1.01174195637656954e+01,C,4.41846920437807093e-05,2.05887491190409699e+00,2.06892460455746332e-03,9.79723251898225511e-01,TWO_MODE
LOCAL_NEUTRAL_HAZARD_PRIMARY,0,1,8,5.95000000000000018e+00,1.01174195637656954e+01,J_G1,5.54374785513672325e-17,2.82066681243358080e-03,2.82066681243358080e-03,0.00000000000000000e+00,TWO_MODE
LOCAL_NEUTRAL_HAZARD_PRIMARY,0,1,8,5.95000000000000018e+00,1.01174195637656954e+01,J_G2a,1.16473559055322325e-16,8.68337611343973116e-04,8.68337611343973116e-04,0.00000000000000000e+00,TWO_MODE
LOCAL_NEUTRAL_HAZARD_PRIMARY,0,1,9,5.95000000000000018e+00,1.01174195637656954e+01,M,4.41748181973601524e-05,4.41846920437649816e-05,4.41846920437649816e-05,0.00000000000000000e+00,TWO_MODE
LOCAL_NEUTRAL_HAZARD_PRIMARY,0,1,9,5.95000000000000018e+00,1.01174195637656954e+01,I,4.42182368551750630e-05,1.55525526233679032e-02,1.55525526233679032e-02,0.00000000000000000e+00,TWO_MODE
LOCAL_NEUTRAL_HAZARD_PRIMARY,0,1,9,5.95000000000000018e+00,1.01174195637656954e+01,U,4.32999097097456573e-05,5.98537793268164864e-02,5.98537793268164864e-02,0.00000000000000000e+00,TWO_MODE
LOCAL_NEUTRAL_HAZARD_PRIMARY,0,1,9,5.95000000000000018e+00,1.01174195637656954e+01,C,4.41846920437740143e-05,2.05887491190408012e+00,9.46999323765927497e-04,9.90907435237718626e-01,TWO_MODE
LOCAL_NEUTRAL_HAZARD_PRIMARY,0,1,9,5.95000000000000018e+00,1.01174195637656954e+01,J_G1,1.97689957063715025e-16,1.31831562780940518e-03,1.31831562780940518e-03,0.00000000000000000e+00,TWO_MODE
LOCAL_NEUTRAL_HAZARD_PRIMARY,0,1,9,5.95000000000000018e+00,1.01174195637656954e+01,J_G2a,4.10772119280426158e-16,3.69322918868007018e-04,3.69322918868007018e-04,0.00000000000000000e+00,TWO_MODE
LOCAL_NEUTRAL_HAZARD_PRIMARY,0,1,10,5.95000000000000018e+00,1.01174195637656954e+01,M,4.41748181973601592e-05,4.41846920437638906e-05,,,NONE
LOCAL_NEUTRAL_HAZARD_PRIMARY,0,1,10,5.95000000000000018e+00,1.01174195637656954e+01,I,4.42182368552033268e-05,1.55525526233679275e-02,,,NONE
LOCAL_NEUTRAL_HAZARD_PRIMARY,0,1,10,5.95000000000000018e+00,1.01174195637656954e+01,U,4.32999097097680054e-05,5.83589642384094373e-02,,,NONE
LOCAL_NEUTRAL_HAZARD_PRIMARY,0,1,10,5.95000000000000018e+00,1.01174195637656954e+01,C,4.41846920437761624e-05,2.05887491190409300e+00,,,NONE
LOCAL_NEUTRAL_HAZARD_PRIMARY,0,1,10,5.95000000000000018e+00,1.01174195637656954e+01,J_G1,1.77771947154865019e-16,1.28277010813833300e-04,,,NONE
LOCAL_NEUTRAL_HAZARD_PRIMARY,0,1,10,5.95000000000000018e+00,1.01174195637656954e+01,J_G2a,2.03193278248005558e-16,3.11090421293938488e-05,,,NONE
LOCAL_NEUTRAL_HAZARD_PRIMARY,0,1,11,5.95000000000000018e+00,1.01174195637656954e+01,M,4.41748181973601592e-05,4.41846920437462452e-05,,,NONE
LOCAL_NEUTRAL_HAZARD_PRIMARY,0,1,11,5.95000000000000018e+00,1.01174195637656954e+01,I,4.42182368551923290e-05,1.55525526233678980e-02,,,NONE
LOCAL_NEUTRAL_HAZARD_PRIMARY,0,1,11,5.95000000000000018e+00,1.01174195637656954e+01,U,4.32999097097734332e-05,5.80075599114579371e-02,,,NONE
LOCAL_NEUTRAL_HAZARD_PRIMARY,0,1,11,5.95000000000000018e+00,1.01174195637656954e+01,C,4.41846920437627793e-05,2.05887491190405258e+00,,,NONE
LOCAL_NEUTRAL_HAZARD_PRIMARY,0,1,11,5.95000000000000018e+00,1.01174195637656954e+01,J_G1,6.19627861903241677e-17,3.28596626148663215e-06,,,NONE
LOCAL_NEUTRAL_HAZARD_PRIMARY,0,1,11,5.95000000000000018e+00,1.01174195637656954e+01,J_G2a,9.63990585539706983e-17,7.68430285585963927e-07,,,NONE
LOCAL_NEUTRAL_HAZARD_PRIMARY,0,1,12,5.95000000000000018e+00,1.01174195637656954e+01,M,4.41748181973601524e-05,4.41846920437660929e-05,,,NONE
LOCAL_NEUTRAL_HAZARD_PRIMARY,0,1,12,5.95000000000000018e+00,1.01174195637656954e+01,I,4.42182368551924577e-05,1.65834332097442930e-02,,,NONE
LOCAL_NEUTRAL_HAZARD_PRIMARY,0,1,12,5.95000000000000018e+00,1.01174195637656954e+01,U,4.32999097097630791e-05,1.01127136802973541e-01,,,NONE
LOCAL_NEUTRAL_HAZARD_PRIMARY,0,1,12,5.95000000000000018e+00,1.01174195637656954e+01,C,4.41846920437709379e-05,2.19534473958154353e+00,,,NONE
LOCAL_NEUTRAL_HAZARD_PRIMARY,0,1,12,5.95000000000000018e+00,1.01174195637656954e+01,J_G1,3.66958014220250402e-16,9.09070573992431380e-03,,,NONE
LOCAL_NEUTRAL_HAZARD_PRIMARY,0,1,12,5.95000000000000018e+00,1.01174195637656954e+01,J_G2a,6.34090841703652249e-17,4.78504176703268159e-03,,,NONE
LOCAL_NEUTRAL_HAZARD_PRIMARY,0,1,13,5.95000000000000018e+00,1.01174195637656954e+01,M,4.41748181973601253e-05,4.41846920437900673e-05,4.41846920437900673e-05,0.00000000000000000e+00,TWO_MODE
LOCAL_NEUTRAL_HAZARD_PRIMARY,0,1,13,5.95000000000000018e+00,1.01174195637656954e+01,I,4.42182368552013007e-05,1.65834332097442826e-02,1.65834332097442826e-02,0.00000000000000000e+00,TWO_MODE
LOCAL_NEUTRAL_HAZARD_PRIMARY,0,1,13,5.95000000000000018e+00,1.01174195637656954e+01,U,4.32999097097538769e-05,9.87966529238048369e-02,9.87966529238048369e-02,0.00000000000000000e+00,TWO_MODE
LOCAL_NEUTRAL_HAZARD_PRIMARY,0,1,13,5.95000000000000018e+00,1.01174195637656954e+01,C,4.41846920437778700e-05,2.19534473958154175e+00,1.99175814270264413e-03,9.80488445473366443e-01,TWO_MODE
LOCAL_NEUTRAL_HAZARD_PRIMARY,0,1,13,5.95000000000000018e+00,1.01174195637656954e+01,J_G1,1.97225856695999087e-17,2.64283562230665679e-03,2.64283562230665679e-03,0.00000000000000000e+00,TWO_MODE
LOCAL_NEUTRAL_HAZARD_PRIMARY,0,1,13,5.95000000000000018e+00,1.01174195637656954e+01,J_G2a,2.94473715094584129e-16,1.20209133802725025e-03,1.20209133802725025e-03,0.00000000000000000e+00,TWO_MODE
LOCAL_NEUTRAL_HAZARD_PRIMARY,0,1,14,5.95000000000000018e+00,1.01174195637656954e+01,M,4.41748181973601660e-05,4.41846920437697521e-05,4.41846920437697521e-05,0.00000000000000000e+00,TWO_MODE
LOCAL_NEUTRAL_HAZARD_PRIMARY,0,1,14,5.95000000000000018e+00,1.01174195637656954e+01,I,4.42182368551855595e-05,1.65834332097442791e-02,1.65834332097442791e-02,0.00000000000000000e+00,TWO_MODE
LOCAL_NEUTRAL_HAZARD_PRIMARY,0,1,14,5.95000000000000018e+00,1.01174195637656954e+01,U,4.32999097097584577e-05,9.85981823761830078e-02,9.85981823761830078e-02,8.80034862996453475e-17,TWO_MODE
LOCAL_NEUTRAL_HAZARD_PRIMARY,0,1,14,5.95000000000000018e+00,1.01174195637656954e+01,C,4.41846920437738110e-05,2.19534473958153997e+00,7.56359187541565136e-04,9.92820528254972023e-01,TWO_MODE
LOCAL_NEUTRAL_HAZARD_PRIMARY,0,1,14,5.95000000000000018e+00,1.01174195637656954e+01,J_G1,1.68665896945368820e-16,1.00436156315946183e-03,1.00436156315946183e-03,0.00000000000000000e+00,TWO_MODE
LOCAL_NEUTRAL_HAZARD_PRIMARY,0,1,14,5.95000000000000018e+00,1.01174195637656954e+01,J_G2a,1.12149741974314980e-16,4.50907734045400701e-04,4.50907734045400701e-04,0.00000000000000000e+00,TWO_MODE
LOCAL_NEUTRAL_HAZARD_PRIMARY,0,1,15,5.95000000000000018e+00,1.01174195637656954e+01,M,4.41748181973601524e-05,4.41846920437864827e-05,4.41846920437864827e-05,0.00000000000000000e+00,TWO_MODE
LOCAL_NEUTRAL_HAZARD_PRIMARY,0,1,15,5.95000000000000018e+00,1.01174195637656954e+01,I,4.42182368552009687e-05,1.65834332097442340e-02,1.65834332097442340e-02,0.00000000000000000e+00,TWO_MODE
LOCAL_NEUTRAL_HAZARD_PRIMARY,0,1,15,5.95000000000000018e+00,1.01174195637656954e+01,U,4.32999097097810023e-05,9.78939180059923003e-02,9.78939180059923003e-02,8.83729383963177829e-17,TWO_MODE
LOCAL_NEUTRAL_HAZARD_PRIMARY,0,1,15,5.95000000000000018e+00,1.01174195637656954e+01,C,4.41846920437711547e-05,2.19534473958154175e+00,4.51364634480813805e-04,9.95888863637605093e-01,TWO_MODE
LOCAL_NEUTRAL_HAZARD_PRIMARY,0,1,15,5.95000000000000018e+00,1.01174195637656954e+01,J_G1,3.42933246619775532e-16,6.07973154955195961e-04,6.07973154955195961e-04,0.00000000000000000e+00,TWO_MODE
LOCAL_NEUTRAL_HAZARD_PRIMARY,0,1,15,5.95000000000000018e+00,1.01174195637656954e+01,J_G2a,2.30642706504134541e-16,2.60363352987616134e-04,2.60363352987616134e-04,0.00000000000000000e+00,TWO_MODE
LOCAL_NEUTRAL_HAZARD_PRIMARY,0,1,16,5.95000000000000018e+00,1.01174195637656954e+01,M,4.41748181973601592e-05,4.41846920437740889e-05,,,NONE
LOCAL_NEUTRAL_HAZARD_PRIMARY,0,1,16,5.95000000000000018e+00,1.01174195637656954e+01,I,4.42182368551984886e-05,1.65834332097442652e-02,,,NONE
LOCAL_NEUTRAL_HAZARD_PRIMARY,0,1,16,5.95000000000000018e+00,1.01174195637656954e+01,U,4.32999097097805618e-05,9.70165947397927941e-02,,,NONE
LOCAL_NEUTRAL_HAZARD_PRIMARY,0,1,16,5.95000000000000018e+00,1.01174195637656954e+01,C,4.41846920437936316e-05,2.19534473958155152e+00,,,NONE
LOCAL_NEUTRAL_HAZARD_PRIMARY,0,1,16,5.95000000000000018e+00,1.01174195637656954e+01,J_G1,2.64674649554502133e-17,6.15420102323588255e-05,,,NONE
LOCAL_NEUTRAL_HAZARD_PRIMARY,0,1,16,5.95000000000000018e+00,1.01174195637656954e+01,J_G2a,9.55867932274080632e-17,2.47987249597927202e-05,,,NONE
LOCAL_NEUTRAL_HAZARD_PRIMARY,0,1,17,5.95000000000000018e+00,1.01174195637656954e+01,M,4.41748181973714417e-05,4.41846920437925745e-05,,,NONE
LOCAL_NEUTRAL_HAZARD_PRIMARY,0,1,17,5.95000000000000018e+00,1.01174195637656954e+01,I,4.42182368551859593e-05,1.65834332097123602e-02,,,NONE
LOCAL_NEUTRAL_HAZARD_PRIMARY,0,1,17,5.95000000000000018e+00,1.01174195637656954e+01,U,4.32999097097266228e-05,9.71308859915023665e-02,,,NONE
LOCAL_NEUTRAL_HAZARD_PRIMARY,0,1,17,5.95000000000000018e+00,1.01174195637656954e+01,C,4.41846920437650629e-05,2.19534473957731580e+00,,,NONE
LOCAL_NEUTRAL_HAZARD_PRIMARY,0,1,17,5.95000000000000018e+00,1.01174195637656954e+01,J_G1,1.63075396871500000e-06,1.64248601165539314e-06,,,NONE
LOCAL_NEUTRAL_HAZARD_PRIMARY,0,1,17,5.95000000000000018e+00,1.01174195637656954e+01,J_G2a,1.11023266081353747e-16,6.67211105468341340e-07,,,NONE
LOCAL_NEUTRAL_HAZARD_PRIMARY,0,2,0,5.95000000000000018e+00,1.01174195637656954e+01,M,4.41748181973601524e-05,1.08549562769839642e-03,1.08549562769839642e-03,0.00000000000000000e+00,TWO_MODE
LOCAL_NEUTRAL_HAZARD_PRIMARY,0,2,0,5.95000000000000018e+00,1.01174195637656954e+01,I,1.08630200483479265e-03,1.62836130244675727e-02,1.62836130244675727e-02,0.00000000000000000e+00,TWO_MODE
LOCAL_NEUTRAL_HAZARD_PRIMARY,0,2,0,5.95000000000000018e+00,1.01174195637656954e+01,U,1.06704450464764925e-03,5.95601640812895294e-02,5.95601640812895294e-02,0.00000000000000000e+00,TWO_MODE
LOCAL_NEUTRAL_HAZARD_PRIMARY,0,2,0,5.95000000000000018e+00,1.01174195637656954e+01,C,1.09414519655747769e-03,2.15796714892616537e+00,5.97712082810236602e-03,9.51797370269953480e-01,TWO_MODE
LOCAL_NEUTRAL_HAZARD_PRIMARY,0,2,0,5.95000000000000018e+00,1.01174195637656954e+01,J_G1,1.06669763227091479e-03,7.20136731219010728e-03,7.20136731219010728e-03,0.00000000000000000e+00,TWO_MODE
LOCAL_NEUTRAL_HAZARD_PRIMARY,0,2,0,5.95000000000000018e+00,1.01174195637656954e+01,J_G2a,1.00986237799977063e-03,3.76053360772526891e-03,3.76053360772526891e-03,0.00000000000000000e+00,TWO_MODE
LOCAL_NEUTRAL_HAZARD_PRIMARY,0,2,1,5.95000000000000018e+00,1.01174195637656954e+01,M,4.41748181973601524e-05,1.09065212787342290e-03,,,NONE
LOCAL_NEUTRAL_HAZARD_PRIMARY,0,2,1,5.95000000000000018e+00,1.01174195637656954e+01,I,1.09145850477819170e-03,1.62836130244675970e-02,,,NONE
LOCAL_NEUTRAL_HAZARD_PRIMARY,0,2,1,5.95000000000000018e+00,1.01174195637656954e+01,U,1.07220101007632850e-03,5.05646222217262034e-02,,,NONE
LOCAL_NEUTRAL_HAZARD_PRIMARY,0,2,1,5.95000000000000018e+00,1.01174195637656954e+01,C,1.09930169423879147e-03,2.15796714892618091e+00,,,NONE
LOCAL_NEUTRAL_HAZARD_PRIMARY,0,2,1,5.95000000000000018e+00,1.01174195637656954e+01,J_G1,7.22862584627689255e-04,1.06669763227113727e-03,,,NONE
LOCAL_NEUTRAL_HAZARD_PRIMARY,0,2,1,5.95000000000000018e+00,1.01174195637656954e+01,J_G2a,1.93816545352426387e-04,1.00986237799959239e-03,,,NONE
LOCAL_NEUTRAL_HAZARD_PRIMARY,0,2,2,5.95000000000000018e+00,1.01174195637656954e+01,M,4.41748181973601524e-05,1.09145400472061968e-03,,,NONE
LOCAL_NEUTRAL_HAZARD_PRIMARY,0,2,2,5.95000000000000018e+00,1.01174195637656954e+01,I,1.09226038158928150e-03,1.62836130244675657e-02,,,NONE
LOCAL_NEUTRAL_HAZARD_PRIMARY,0,2,2,5.95000000000000018e+00,1.01174195637656954e+01,U,1.07300288774277836e-03,4.91657857488434977e-02,,,NONE
LOCAL_NEUTRAL_HAZARD_PRIMARY,0,2,2,5.95000000000000018e+00,1.01174195637656954e+01,C,1.10010357069711203e-03,2.15796714892623509e+00,,,NONE
LOCAL_NEUTRAL_HAZARD_PRIMARY,0,2,2,5.95000000000000018e+00,1.01174195637656954e+01,J_G1,3.40087306397652460e-04,1.06669763227106354e-03,,,NONE
LOCAL_NEUTRAL_HAZARD_PRIMARY,0,2,2,5.95000000000000018e+00,1.01174195637656954e+01,J_G2a,7.93123645410650612e-05,1.00986237799966438e-03,,,NONE
LOCAL_NEUTRAL_HAZARD_PRIMARY,0,2,3,5.95000000000000018e+00,1.01174195637656954e+01,M,4.41748181973601524e-05,1.09195965625635068e-03,,,NONE
LOCAL_NEUTRAL_HAZARD_PRIMARY,0,2,3,5.95000000000000018e+00,1.01174195637656954e+01,I,1.09276603310218051e-03,1.62836130244675588e-02,,,NONE
LOCAL_NEUTRAL_HAZARD_PRIMARY,0,2,3,5.95000000000000018e+00,1.01174195637656954e+01,U,1.07350853979537716e-03,4.82837062120410401e-02,,,NONE
LOCAL_NEUTRAL_HAZARD_PRIMARY,0,2,3,5.95000000000000018e+00,1.01174195637656954e+01,C,1.10060922198755465e-03,2.15796714892617381e+00,,,NONE
LOCAL_NEUTRAL_HAZARD_PRIMARY,0,2,3,5.95000000000000018e+00,1.01174195637656954e+01,J_G1,1.67863397651244644e-04,1.06669763227098071e-03,,,NONE
LOCAL_NEUTRAL_HAZARD_PRIMARY,0,2,3,5.95000000000000018e+00,1.01174195637656954e+01,J_G2a,3.55465182826422756e-05,1.00986237799964356e-03,,,NONE
LOCAL_NEUTRAL_HAZARD_PRIMARY,0,2,4,5.95000000000000018e+00,1.01174195637656954e+01,M,4.41748181973601524e-05,1.09268136495283604e-03,,,NONE
LOCAL_NEUTRAL_HAZARD_PRIMARY,0,2,4,5.95000000000000018e+00,1.01174195637656954e+01,I,1.09348774176614674e-03,1.62836130244676004e-02,,,NONE
LOCAL_NEUTRAL_HAZARD_PRIMARY,0,2,4,5.95000000000000018e+00,1.01174195637656954e+01,U,1.07423024923009166e-03,4.70247353658072367e-02,,,NONE
LOCAL_NEUTRAL_HAZARD_PRIMARY,0,2,4,5.95000000000000018e+00,1.01174195637656954e+01,C,1.10133093033360917e-03,2.15796714892624397e+00,,,NONE
LOCAL_NEUTRAL_HAZARD_PRIMARY,0,2,4,5.95000000000000018e+00,1.01174195637656954e+01,J_G1,1.82805973147305288e-05,1.06669763227088031e-03,,,NONE
LOCAL_NEUTRAL_HAZARD_PRIMARY,0,2,4,5.95000000000000018e+00,1.01174195637656954e+01,J_G2a,3.32454613807033292e-06,1.00986237799989315e-03,,,NONE
LOCAL_NEUTRAL_HAZARD_PRIMARY,0,2,5,5.95000000000000018e+00,1.01174195637656954e+01,M,4.41748181973601524e-05,1.09280416411357793e-03,,,NONE
LOCAL_NEUTRAL_HAZARD_PRIMARY,0,2,5,5.95000000000000018e+00,1.01174195637656954e+01,I,1.09361054092135313e-03,1.62836130244675484e-02,,,NONE
LOCAL_NEUTRAL_HAZARD_PRIMARY,0,2,5,5.95000000000000018e+00,1.01174195637656954e+01,U,1.07435304851648044e-03,4.68105216432608828e-02,,,NONE
LOCAL_NEUTRAL_HAZARD_PRIMARY,0,2,5,5.95000000000000018e+00,1.01174195637656954e+01,C,1.10145372943469154e-03,2.15796714892623420e+00,,,NONE
LOCAL_NEUTRAL_HAZARD_PRIMARY,0,2,5,5.95000000000000018e+00,1.01174195637656954e+01,J_G1,4.65861344162386508e-07,1.06669763227073265e-03,,,NONE
LOCAL_NEUTRAL_HAZARD_PRIMARY,0,2,5,5.95000000000000018e+00,1.01174195637656954e+01,J_G2a,8.23911000295237753e-08,1.00986237799966395e-03,,,NONE
LOCAL_NEUTRAL_HAZARD_PRIMARY,0,2,6,5.95000000000000018e+00,1.01174195637656954e+01,M,4.41748181973601592e-05,1.08642328162775951e-03,1.08642328162775951e-03,0.00000000000000000e+00,TWO_MODE
LOCAL_NEUTRAL_HAZARD_PRIMARY,0,2,6,5.95000000000000018e+00,1.01174195637656954e+01,I,1.08722965872258396e-03,1.65841266363679456e-02,1.65841266363679456e-02,0.00000000000000000e+00,TWO_MODE
LOCAL_NEUTRAL_HAZARD_PRIMARY,0,2,6,5.95000000000000018e+00,1.01174195637656954e+01,U,1.06797215952028515e-03,6.72409883283617005e-02,6.72409883283617005e-02,2.29959492024417342e-16,TWO_MODE
LOCAL_NEUTRAL_HAZARD_PRIMARY,0,2,6,5.95000000000000018e+00,1.01174195637656954e+01,C,1.09507285003908068e-03,2.19779237084080847e+00,6.93491340949364300e-03,9.42627474695767464e-01,TWO_MODE
LOCAL_NEUTRAL_HAZARD_PRIMARY,0,2,6,5.95000000000000018e+00,1.01174195637656954e+01,J_G1,1.06669763227070207e-03,8.63854019695757362e-03,8.63854019695757362e-03,1.52179031297504668e-15,TWO_MODE
LOCAL_NEUTRAL_HAZARD_PRIMARY,0,2,6,5.95000000000000018e+00,1.01174195637656954e+01,J_G2a,1.00986237799948701e-03,4.07937982807202518e-03,4.07937982807202518e-03,0.00000000000000000e+00,TWO_MODE
LOCAL_NEUTRAL_HAZARD_PRIMARY,0,2,7,5.95000000000000018e+00,1.01174195637656954e+01,M,4.41748181973601524e-05,1.08890860227072784e-03,1.08890860227072784e-03,0.00000000000000000e+00,TWO_MODE
LOCAL_NEUTRAL_HAZARD_PRIMARY,0,2,7,5.95000000000000018e+00,1.01174195637656954e+01,I,1.08971497925397075e-03,1.65841266363679109e-02,1.65841266363679109e-02,0.00000000000000000e+00,TWO_MODE
LOCAL_NEUTRAL_HAZARD_PRIMARY,0,2,7,5.95000000000000018e+00,1.01174195637656954e+01,U,1.07045748269444228e-03,6.29053155106960582e-02,6.29053155106960582e-02,0.00000000000000000e+00,TWO_MODE
LOCAL_NEUTRAL_HAZARD_PRIMARY,0,2,7,5.95000000000000018e+00,1.01174195637656954e+01,C,1.09755816948053724e-03,2.19779237084080137e+00,4.84362385145458135e-03,9.62808718045834011e-01,TWO_MODE
LOCAL_NEUTRAL_HAZARD_PRIMARY,0,2,7,5.95000000000000018e+00,1.01174195637656954e+01,J_G1,1.06669763227062553e-03,6.34017767780998154e-03,6.34017767780998154e-03,0.00000000000000000e+00,TWO_MODE
LOCAL_NEUTRAL_HAZARD_PRIMARY,0,2,7,5.95000000000000018e+00,1.01174195637656954e+01,J_G2a,1.00986237799969279e-03,2.20537933932163713e-03,2.20537933932163713e-03,0.00000000000000000e+00,TWO_MODE
LOCAL_NEUTRAL_HAZARD_PRIMARY,0,2,8,5.95000000000000018e+00,1.01174195637656954e+01,M,4.41748181973601524e-05,1.08976998988889393e-03,1.08976998988889393e-03,0.00000000000000000e+00,TWO_MODE
LOCAL_NEUTRAL_HAZARD_PRIMARY,0,2,8,5.95000000000000018e+00,1.01174195637656954e+01,I,1.09057636683336794e-03,1.65841266363679768e-02,1.65841266363679768e-02,0.00000000000000000e+00,TWO_MODE
LOCAL_NEUTRAL_HAZARD_PRIMARY,0,2,8,5.95000000000000018e+00,1.01174195637656954e+01,U,1.07131887119124840e-03,6.14026393830839901e-02,6.14026393830839901e-02,2.45657313136478047e-16,TWO_MODE
LOCAL_NEUTRAL_HAZARD_PRIMARY,0,2,8,5.95000000000000018e+00,1.01174195637656954e+01,C,1.09841955668168990e-03,2.19779237084081247e+00,2.22322861529276146e-03,9.88684343961979573e-01,TWO_MODE
LOCAL_NEUTRAL_HAZARD_PRIMARY,0,2,8,5.95000000000000018e+00,1.01174195637656954e+01,J_G1,1.06669763227103601e-03,2.83090700868154780e-03,2.83090700868154780e-03,0.00000000000000000e+00,TWO_MODE
LOCAL_NEUTRAL_HAZARD_PRIMARY,0,2,8,5.95000000000000018e+00,1.01174195637656954e+01,J_G2a,8.62135199834370607e-04,1.00986237800005881e-03,1.00986237800005881e-03,0.00000000000000000e+00,TWO_MODE
LOCAL_NEUTRAL_HAZARD_PRIMARY,0,2,9,5.95000000000000018e+00,1.01174195637656954e+01,M,4.41748181973601524e-05,1.09038179100590235e-03,1.09038179100590235e-03,0.00000000000000000e+00,TWO_MODE
LOCAL_NEUTRAL_HAZARD_PRIMARY,0,2,9,5.95000000000000018e+00,1.01174195637656954e+01,I,1.09118816792282266e-03,1.65841266363679560e-02,1.65841266363679560e-02,7.73738639155673372e-16,TWO_MODE
LOCAL_NEUTRAL_HAZARD_PRIMARY,0,2,9,5.95000000000000018e+00,1.01174195637656954e+01,U,1.07193067293271001e-03,6.03353705946484825e-02,6.03353705946484825e-02,0.00000000000000000e+00,TWO_MODE
LOCAL_NEUTRAL_HAZARD_PRIMARY,0,2,9,5.95000000000000018e+00,1.01174195637656954e+01,C,1.09903135750222931e-03,2.19779237084079293e+00,1.26705919289093268e-03,9.98301436085890948e-01,TWO_MODE
LOCAL_NEUTRAL_HAZARD_PRIMARY,0,2,9,5.95000000000000018e+00,1.01174195637656954e+01,J_G1,1.06669763227081808e-03,1.32310166304264285e-03,1.32310166304264285e-03,0.00000000000000000e+00,TWO_MODE
LOCAL_NEUTRAL_HAZARD_PRIMARY,0,2,9,5.95000000000000018e+00,1.01174195637656954e+01,J_G2a,3.66684898018949771e-04,1.00986237799928990e-03,1.00986237799928990e-03,0.00000000000000000e+00,TWO_MODE
LOCAL_NEUTRAL_HAZARD_PRIMARY,0,2,10,5.95000000000000018e+00,1.01174195637656954e+01,M,4.41748181973601592e-05,1.09123782672388152e-03,,,NONE
LOCAL_NEUTRAL_HAZARD_PRIMARY,0,2,10,5.95000000000000018e+00,1.01174195637656954e+01,I,1.09204420360225303e-03,1.65841266363680080e-02,,,NONE
LOCAL_NEUTRAL_HAZARD_PRIMARY,0,2,10,5.95000000000000018e+00,1.01174195637656954e+01,U,1.07278670952509628e-03,5.88420528618840769e-02,,,NONE
LOCAL_NEUTRAL_HAZARD_PRIMARY,0,2,10,5.95000000000000018e+00,1.01174195637656954e+01,C,1.09988739280521210e-03,2.19779237084075696e+00,,,NONE
LOCAL_NEUTRAL_HAZARD_PRIMARY,0,2,10,5.95000000000000018e+00,1.01174195637656954e+01,J_G1,1.27360746450877563e-04,1.06669763227099611e-03,,,NONE
LOCAL_NEUTRAL_HAZARD_PRIMARY,0,2,10,5.95000000000000018e+00,1.01174195637656954e+01,J_G2a,3.08868346856124455e-05,1.00986237799937273e-03,,,NONE
LOCAL_NEUTRAL_HAZARD_PRIMARY,0,2,11,5.95000000000000018e+00,1.01174195637656954e+01,M,4.41748181973601592e-05,1.09143906434844566e-03,,,NONE
LOCAL_NEUTRAL_HAZARD_PRIMARY,0,2,11,5.95000000000000018e+00,1.01174195637656954e+01,I,1.09224544121774110e-03,1.65841266363679872e-02,,,NONE
LOCAL_NEUTRAL_HAZARD_PRIMARY,0,2,11,5.95000000000000018e+00,1.01174195637656954e+01,U,1.07298794735523752e-03,5.84910042917556050e-02,,,NONE
LOCAL_NEUTRAL_HAZARD_PRIMARY,0,2,11,5.95000000000000018e+00,1.01174195637656954e+01,C,1.10008863033215164e-03,2.19779237084081203e+00,,,NONE
LOCAL_NEUTRAL_HAZARD_PRIMARY,0,2,11,5.95000000000000018e+00,1.01174195637656954e+01,J_G1,3.26249507390457731e-06,1.06669763227115917e-03,,,NONE
LOCAL_NEUTRAL_HAZARD_PRIMARY,0,2,11,5.95000000000000018e+00,1.01174195637656954e+01,J_G2a,7.62941497831780218e-07,1.00986237799979839e-03,,,NONE
LOCAL_NEUTRAL_HAZARD_PRIMARY,0,2,12,5.95000000000000018e+00,1.01174195637656954e+01,M,4.41748181973601524e-05,1.08542540995737718e-03,,,NONE
LOCAL_NEUTRAL_HAZARD_PRIMARY,0,2,12,5.95000000000000018e+00,1.01174195637656954e+01,I,1.08623178709693949e-03,1.76140929299469610e-02,,,NONE
LOCAL_NEUTRAL_HAZARD_PRIMARY,0,2,12,5.95000000000000018e+00,1.01174195637656954e+01,U,1.06697428683521231e-03,1.00853310147098946e-01,,,NONE
LOCAL_NEUTRAL_HAZARD_PRIMARY,0,2,12,5.95000000000000018e+00,1.01174195637656954e+01,C,1.09407497885034345e-03,2.33428747316552387e+00,,,NONE
LOCAL_NEUTRAL_HAZARD_PRIMARY,0,2,12,5.95000000000000018e+00,1.01174195637656954e+01,J_G1,1.06669763227077623e-03,9.12370879097552066e-03,,,NONE
LOCAL_NEUTRAL_HAZARD_PRIMARY,0,2,12,5.95000000000000018e+00,1.01174195637656954e+01,J_G2a,1.00986237799973594e-03,4.79965266767239888e-03,,,NONE
LOCAL_NEUTRAL_HAZARD_PRIMARY,0,2,13,5.95000000000000018e+00,1.01174195637656954e+01,M,4.41748181973601253e-05,1.08676007214745509e-03,1.08676007214745509e-03,0.00000000000000000e+00,TWO_MODE
LOCAL_NEUTRAL_HAZARD_PRIMARY,0,2,13,5.95000000000000018e+00,1.01174195637656954e+01,I,1.08756644922717465e-03,1.76140929299469610e-02,1.76140929299469610e-02,0.00000000000000000e+00,TWO_MODE
LOCAL_NEUTRAL_HAZARD_PRIMARY,0,2,13,5.95000000000000018e+00,1.01174195637656954e+01,U,1.06830895038264435e-03,9.85249384755158275e-02,9.85249384755158275e-02,0.00000000000000000e+00,TWO_MODE
LOCAL_NEUTRAL_HAZARD_PRIMARY,0,2,13,5.95000000000000018e+00,1.01174195637656954e+01,C,1.09540964039611406e-03,2.33428747316553142e+00,2.01674005023767030e-03,9.90721824062970269e-01,TWO_MODE
LOCAL_NEUTRAL_HAZARD_PRIMARY,0,2,13,5.95000000000000018e+00,1.01174195637656954e+01,J_G1,1.06669763227118020e-03,2.65243021721032861e-03,2.65243021721032861e-03,0.00000000000000000e+00,TWO_MODE
LOCAL_NEUTRAL_HAZARD_PRIMARY,0,2,13,5.95000000000000018e+00,1.01174195637656954e+01,J_G2a,1.00986237799965679e-03,1.20576186755548954e-03,1.20576186755548954e-03,0.00000000000000000e+00,TWO_MODE
LOCAL_NEUTRAL_HAZARD_PRIMARY,0,2,14,5.95000000000000018e+00,1.01174195637656954e+01,M,4.41748181973601660e-05,1.08687373488793992e-03,,,NONE
LOCAL_NEUTRAL_HAZARD_PRIMARY,0,2,14,5.95000000000000018e+00,1.01174195637656954e+01,I,1.08768011196256828e-03,1.76140929299469125e-02,,,NONE
LOCAL_NEUTRAL_HAZARD_PRIMARY,0,2,14,5.95000000000000018e+00,1.01174195637656954e+01,U,1.06842261323875521e-03,9.83266507151012992e-02,,,NONE
LOCAL_NEUTRAL_HAZARD_PRIMARY,0,2,14,5.95000000000000018e+00,1.01174195637656954e+01,C,1.09552330308165281e-03,2.33428747316551988e+00,,,NONE
LOCAL_NEUTRAL_HAZARD_PRIMARY,0,2,14,5.95000000000000018e+00,1.01174195637656954e+01,J_G1,9.97187551994038659e-04,1.06669763227100066e-03,,,NONE
LOCAL_NEUTRAL_HAZARD_PRIMARY,0,2,14,5.95000000000000018e+00,1.01174195637656954e+01,J_G2a,4.47686964516505600e-04,1.00986237799992567e-03,,,NONE
LOCAL_NEUTRAL_HAZARD_PRIMARY,0,2,15,5.95000000000000018e+00,1.01174195637656954e+01,M,4.41748181973601524e-05,1.08727706126939471e-03,,,NONE
LOCAL_NEUTRAL_HAZARD_PRIMARY,0,2,15,5.95000000000000018e+00,1.01174195637656954e+01,I,1.08808343832590042e-03,1.76140929299469125e-02,,,NONE
LOCAL_NEUTRAL_HAZARD_PRIMARY,0,2,15,5.95000000000000018e+00,1.01174195637656954e+01,U,1.06882594003074077e-03,9.76230386380396858e-02,,,NONE
LOCAL_NEUTRAL_HAZARD_PRIMARY,0,2,15,5.95000000000000018e+00,1.01174195637656954e+01,C,1.09592662926831833e-03,2.33428747316551544e+00,,,NONE
LOCAL_NEUTRAL_HAZARD_PRIMARY,0,2,15,5.95000000000000018e+00,1.01174195637656954e+01,J_G1,6.03630489562658606e-04,1.06669763227094125e-03,,,NONE
LOCAL_NEUTRAL_HAZARD_PRIMARY,0,2,15,5.95000000000000018e+00,1.01174195637656954e+01,J_G2a,2.58503614751990078e-04,1.00986237799960540e-03,,,NONE
LOCAL_NEUTRAL_HAZARD_PRIMARY,0,2,16,5.95000000000000018e+00,1.01174195637656954e+01,M,4.41748181973601592e-05,1.08777949473484650e-03,,,NONE
LOCAL_NEUTRAL_HAZARD_PRIMARY,0,2,16,5.95000000000000018e+00,1.01174195637656954e+01,I,1.08858587176875960e-03,1.76140929299469159e-02,,,NONE
LOCAL_NEUTRAL_HAZARD_PRIMARY,0,2,16,5.95000000000000018e+00,1.01174195637656954e+01,U,1.06932837400789500e-03,9.67465359854807749e-02,,,NONE
LOCAL_NEUTRAL_HAZARD_PRIMARY,0,2,16,5.95000000000000018e+00,1.01174195637656954e+01,C,1.09642906249089191e-03,2.33428747316546614e+00,,,NONE
LOCAL_NEUTRAL_HAZARD_PRIMARY,0,2,16,5.95000000000000018e+00,1.01174195637656954e+01,J_G1,6.11024244449848679e-05,1.06669763227088595e-03,,,NONE
LOCAL_NEUTRAL_HAZARD_PRIMARY,0,2,16,5.95000000000000018e+00,1.01174195637656954e+01,J_G2a,2.46215912100798955e-05,1.00986237799965397e-03,,,NONE
LOCAL_NEUTRAL_HAZARD_PRIMARY,0,2,17,5.95000000000000018e+00,1.01174195637656954e+01,M,4.41748181973714417e-05,1.08771404143989713e-03,,,NONE
LOCAL_NEUTRAL_HAZARD_PRIMARY,0,2,17,5.95000000000000018e+00,1.01174195637656954e+01,I,1.08852041847679916e-03,1.76140929299772701e-02,,,NONE
LOCAL_NEUTRAL_HAZARD_PRIMARY,0,2,17,5.95000000000000018e+00,1.01174195637656954e+01,U,1.06926292064630645e-03,9.68607198290915850e-02,,,NONE
LOCAL_NEUTRAL_HAZARD_PRIMARY,0,2,17,5.95000000000000018e+00,1.01174195637656954e+01,C,1.09636360922761382e-03,2.33428747316948471e+00,,,NONE
LOCAL_NEUTRAL_HAZARD_PRIMARY,0,2,17,5.95000000000000018e+00,1.01174195637656954e+01,J_G1,1.63075396871500000e-06,1.06669763254936393e-03,,,NONE
LOCAL_NEUTRAL_HAZARD_PRIMARY,0,2,17,5.95000000000000018e+00,1.01174195637656954e+01,J_G2a,6.62445311857854260e-07,1.00986237890369210e-03,,,NONE
LOCAL_NEUTRAL_HAZARD_PRIMARY,1,1,0,5.84999999999999964e+00,1.04892439548289094e+01,M,1.08097790623699354e-03,2.00129724354742682e-02,,,NONE
LOCAL_NEUTRAL_HAZARD_PRIMARY,1,1,0,5.84999999999999964e+00,1.04892439548289094e+01,I,1.00674750404670527e-02,3.13077105630467367e-02,,,NONE
LOCAL_NEUTRAL_HAZARD_PRIMARY,1,1,0,5.84999999999999964e+00,1.04892439548289094e+01,U,9.98853105654002628e-03,7.42322795770443827e-02,,,NONE
LOCAL_NEUTRAL_HAZARD_PRIMARY,1,1,0,5.84999999999999964e+00,1.04892439548289094e+01,C,3.43936821528629255e-02,3.59307764251432538e+00,,,NONE
LOCAL_NEUTRAL_HAZARD_PRIMARY,1,1,0,5.84999999999999964e+00,1.04892439548289094e+01,J_G1,7.08191279982786030e-03,5.01284602860310874e-02,,,NONE
LOCAL_NEUTRAL_HAZARD_PRIMARY,1,1,0,5.84999999999999964e+00,1.04892439548289094e+01,J_G2a,3.64538526751610704e-03,4.22034763928797688e-03,,,NONE
LOCAL_NEUTRAL_HAZARD_PRIMARY,1,1,1,5.84999999999999964e+00,1.04892439548289094e+01,M,1.08097790623699354e-03,3.80583139695427758e-02,,,NONE
LOCAL_NEUTRAL_HAZARD_PRIMARY,1,1,1,5.84999999999999964e+00,1.04892439548289094e+01,I,1.62836130244675970e-02,3.79505526093252554e-02,,,NONE
LOCAL_NEUTRAL_HAZARD_PRIMARY,1,1,1,5.84999999999999964e+00,1.04892439548289094e+01,U,3.80265731993579409e-02,6.58981140423922085e-02,,,NONE
LOCAL_NEUTRAL_HAZARD_PRIMARY,1,1,1,5.84999999999999964e+00,1.04892439548289094e+01,C,1.37427615940469636e-02,3.59307764251427120e+00,,,NONE
LOCAL_NEUTRAL_HAZARD_PRIMARY,1,1,1,5.84999999999999964e+00,1.04892439548289094e+01,J_G1,7.30706207166836332e-04,1.34174588830038278e-03,,,NONE
LOCAL_NEUTRAL_HAZARD_PRIMARY,1,1,1,5.84999999999999964e+00,1.04892439548289094e+01,J_G2a,1.95806976344177410e-04,5.17047017267535935e-02,,,NONE
LOCAL_NEUTRAL_HAZARD_PRIMARY,1,1,2,5.84999999999999964e+00,1.04892439548289094e+01,M,1.08097790623699354e-03,4.16894074852227348e-02,,,NONE
LOCAL_NEUTRAL_HAZARD_PRIMARY,1,1,2,5.84999999999999964e+00,1.04892439548289094e+01,I,1.62836130244675657e-02,4.15825388578430558e-02,,,NONE
LOCAL_NEUTRAL_HAZARD_PRIMARY,1,1,2,5.84999999999999964e+00,1.04892439548289094e+01,U,4.16579299156113539e-02,6.46688257141107559e-02,,,NONE
LOCAL_NEUTRAL_HAZARD_PRIMARY,1,1,2,5.84999999999999964e+00,1.04892439548289094e+01,C,1.75144172705528275e-02,3.59307764251432271e+00,,,NONE
LOCAL_NEUTRAL_HAZARD_PRIMARY,1,1,2,5.84999999999999964e+00,1.04892439548289094e+01,J_G1,3.43777518781672323e-04,5.58565037999965257e-03,,,NONE
LOCAL_NEUTRAL_HAZARD_PRIMARY,1,1,2,5.84999999999999964e+00,1.04892439548289094e+01,J_G2a,8.01268759550650186e-05,5.79620104846510567e-02,,,NONE
LOCAL_NEUTRAL_HAZARD_PRIMARY,1,1,3,5.84999999999999964e+00,1.04892439548289094e+01,M,1.08097790623699354e-03,4.15821127946653657e-02,,,NONE
LOCAL_NEUTRAL_HAZARD_PRIMARY,1,1,3,5.84999999999999964e+00,1.04892439548289094e+01,I,1.62836130244675588e-02,4.14752166205652056e-02,,,NONE
LOCAL_NEUTRAL_HAZARD_PRIMARY,1,1,3,5.84999999999999964e+00,1.04892439548289094e+01,U,4.15506271039609298e-02,6.37909577448048104e-02,,,NONE
LOCAL_NEUTRAL_HAZARD_PRIMARY,1,1,3,5.84999999999999964e+00,1.04892439548289094e+01,C,1.74026948942320493e-02,3.59307764251432138e+00,,,NONE
LOCAL_NEUTRAL_HAZARD_PRIMARY,1,1,3,5.84999999999999964e+00,1.04892439548289094e+01,J_G1,1.69684846370980568e-04,5.90746845208785145e-03,,,NONE
LOCAL_NEUTRAL_HAZARD_PRIMARY,1,1,3,5.84999999999999964e+00,1.04892439548289094e+01,J_G2a,3.59115691172341223e-05,5.91911146648522388e-02,,,NONE
LOCAL_NEUTRAL_HAZARD_PRIMARY,1,1,4,5.84999999999999964e+00,1.04892439548289094e+01,M,1.08097790623699354e-03,3.93772613242669711e-02,,,NONE
LOCAL_NEUTRAL_HAZARD_PRIMARY,1,1,4,5.84999999999999964e+00,1.04892439548289094e+01,I,1.62836130244676004e-02,3.92698148208922987e-02,,,NONE
LOCAL_NEUTRAL_HAZARD_PRIMARY,1,1,4,5.84999999999999964e+00,1.04892439548289094e+01,U,3.93456133850819678e-02,6.22801614676223650e-02,,,NONE
LOCAL_NEUTRAL_HAZARD_PRIMARY,1,1,4,5.84999999999999964e+00,1.04892439548289094e+01,C,1.51105577775187128e-02,3.59307764251432937e+00,,,NONE
LOCAL_NEUTRAL_HAZARD_PRIMARY,1,1,4,5.84999999999999964e+00,1.04892439548289094e+01,J_G1,1.84789560459418406e-05,4.59560325648577378e-03,,,NONE
LOCAL_NEUTRAL_HAZARD_PRIMARY,1,1,4,5.84999999999999964e+00,1.04892439548289094e+01,J_G2a,3.35868811317721337e-06,5.73105472962576051e-02,,,NONE
LOCAL_NEUTRAL_HAZARD_PRIMARY,1,1,5,5.84999999999999964e+00,1.04892439548289094e+01,M,1.08097790623699354e-03,3.95983322494889850e-02,,,NONE
LOCAL_NEUTRAL_HAZARD_PRIMARY,1,1,5,5.84999999999999964e+00,1.04892439548289094e+01,I,1.62836130244675484e-02,3.94909395710482183e-02,,,NONE
LOCAL_NEUTRAL_HAZARD_PRIMARY,1,1,5,5.84999999999999964e+00,1.04892439548289094e+01,U,3.95667001794528933e-02,6.20839073064309646e-02,,,NONE
LOCAL_NEUTRAL_HAZARD_PRIMARY,1,1,5,5.84999999999999964e+00,1.04892439548289094e+01,C,1.53400625341932485e-02,3.59307764251439909e+00,,,NONE
LOCAL_NEUTRAL_HAZARD_PRIMARY,1,1,5,5.84999999999999964e+00,1.04892439548289094e+01,J_G1,4.70916302901286695e-07,4.89984483536295805e-03,,,NONE
LOCAL_NEUTRAL_HAZARD_PRIMARY,1,1,5,5.84999999999999964e+00,1.04892439548289094e+01,J_G2a,8.32372290256065899e-08,5.80811986680242892e-02,,,NONE
LOCAL_NEUTRAL_HAZARD_PRIMARY,1,1,6,5.84999999999999964e+00,1.04892439548289094e+01,M,1.08097790623699311e-03,3.42012192593436695e-02,,,NONE
LOCAL_NEUTRAL_HAZARD_PRIMARY,1,1,6,5.84999999999999964e+00,1.04892439548289094e+01,I,1.65841266363679456e-02,3.40925987860948576e-02,,,NONE
LOCAL_NEUTRAL_HAZARD_PRIMARY,1,1,6,5.84999999999999964e+00,1.04892439548289094e+01,U,3.41692251713684031e-02,8.40504186990489732e-02,,,NONE
LOCAL_NEUTRAL_HAZARD_PRIMARY,1,1,6,5.84999999999999964e+00,1.04892439548289094e+01,C,9.75719787858696751e-03,3.62904520554049981e+00,,,NONE
LOCAL_NEUTRAL_HAZARD_PRIMARY,1,1,6,5.84999999999999964e+00,1.04892439548289094e+01,J_G1,7.51586218748632150e-03,1.34513960618397078e-02,,,NONE
LOCAL_NEUTRAL_HAZARD_PRIMARY,1,1,6,5.84999999999999964e+00,1.04892439548289094e+01,J_G2a,4.07937982807202518e-03,4.42853077061020062e-02,,,NONE
LOCAL_NEUTRAL_HAZARD_PRIMARY,1,1,7,5.84999999999999964e+00,1.04892439548289094e+01,M,1.08097790623699354e-03,3.81576421132237900e-02,,,NONE
LOCAL_NEUTRAL_HAZARD_PRIMARY,1,1,7,5.84999999999999964e+00,1.04892439548289094e+01,I,1.65841266363679109e-02,3.80499040903835226e-02,,,NONE
LOCAL_NEUTRAL_HAZARD_PRIMARY,1,1,7,5.84999999999999964e+00,1.04892439548289094e+01,U,3.81259082238546571e-02,7.98877795366907534e-02,,,NONE
LOCAL_NEUTRAL_HAZARD_PRIMARY,1,1,7,5.84999999999999964e+00,1.04892439548289094e+01,C,1.38456809605652792e-02,3.62904520554047183e+00,,,NONE
LOCAL_NEUTRAL_HAZARD_PRIMARY,1,1,7,5.84999999999999964e+00,1.04892439548289094e+01,J_G1,1.02467906316500114e-03,1.05685694373620943e-02,,,NONE
LOCAL_NEUTRAL_HAZARD_PRIMARY,1,1,7,5.84999999999999964e+00,1.04892439548289094e+01,J_G2a,2.20537933932163713e-03,5.16693071218904607e-02,,,NONE
LOCAL_NEUTRAL_HAZARD_PRIMARY,1,1,8,5.84999999999999964e+00,1.04892439548289094e+01,M,1.08097790623699354e-03,3.99659310104595947e-02,,,NONE
LOCAL_NEUTRAL_HAZARD_PRIMARY,1,1,8,5.84999999999999964e+00,1.04892439548289094e+01,I,1.65841266363679768e-02,3.98586285008056956e-02,,,NONE
LOCAL_NEUTRAL_HAZARD_PRIMARY,1,1,8,5.84999999999999964e+00,1.04892439548289094e+01,U,3.99343255245694848e-02,7.80923399085237668e-02,,,NONE
LOCAL_NEUTRAL_HAZARD_PRIMARY,1,1,8,5.84999999999999964e+00,1.04892439548289094e+01,C,1.57218418414615119e-02,3.62904520554050380e+00,,,NONE
LOCAL_NEUTRAL_HAZARD_PRIMARY,1,1,8,5.84999999999999964e+00,1.04892439548289094e+01,J_G1,2.21123948861249274e-03,4.88182095388589934e-03,,,NONE
LOCAL_NEUTRAL_HAZARD_PRIMARY,1,1,8,5.84999999999999964e+00,1.04892439548289094e+01,J_G2a,8.70989039519266405e-04,5.31415461824730831e-02,,,NONE
LOCAL_NEUTRAL_HAZARD_PRIMARY,1,1,9,5.84999999999999964e+00,1.04892439548289094e+01,M,1.08097790623699354e-03,4.10468364424592946e-02,,,NONE
LOCAL_NEUTRAL_HAZARD_PRIMARY,1,1,9,5.84999999999999964e+00,1.04892439548289094e+01,I,1.65841266363679560e-02,4.09398039041926551e-02,,,NONE
LOCAL_NEUTRAL_HAZARD_PRIMARY,1,1,9,5.84999999999999964e+00,1.04892439548289094e+01,U,4.10153105496753531e-02,7.70921872806949737e-02,,,NONE
LOCAL_NEUTRAL_HAZARD_PRIMARY,1,1,9,5.84999999999999964e+00,1.04892439548289094e+01,C,1.68455795108231575e-02,3.62904520554041188e+00,,,NONE
LOCAL_NEUTRAL_HAZARD_PRIMARY,1,1,9,5.84999999999999964e+00,1.04892439548289094e+01,J_G1,1.32310166304264285e-03,3.81221194223138561e-03,,,NONE
LOCAL_NEUTRAL_HAZARD_PRIMARY,1,1,9,5.84999999999999964e+00,1.04892439548289094e+01,J_G2a,3.70450629081263351e-04,5.55999225948837633e-02,,,NONE
LOCAL_NEUTRAL_HAZARD_PRIMARY,1,1,10,5.84999999999999964e+00,1.04892439548289094e+01,M,1.08097790623699354e-03,3.96775352733815118e-02,,,NONE
LOCAL_NEUTRAL_HAZARD_PRIMARY,1,1,10,5.84999999999999964e+00,1.04892439548289094e+01,I,1.65841266363680080e-02,3.95701619522231610e-02,,,NONE
LOCAL_NEUTRAL_HAZARD_PRIMARY,1,1,10,5.84999999999999964e+00,1.04892439548289094e+01,U,3.96459089104082077e-02,7.55700821224330743e-02,,,NONE
LOCAL_NEUTRAL_HAZARD_PRIMARY,1,1,10,5.84999999999999964e+00,1.04892439548289094e+01,C,1.54223043625726520e-02,3.62904520554049848e+00,,,NONE
LOCAL_NEUTRAL_HAZARD_PRIMARY,1,1,10,5.84999999999999964e+00,1.04892439548289094e+01,J_G1,1.28742709831897493e-04,3.20873084861189768e-03,,,NONE
LOCAL_NEUTRAL_HAZARD_PRIMARY,1,1,10,5.84999999999999964e+00,1.04892439548289094e+01,J_G2a,3.12040321306682040e-05,5.58652622827896933e-02,,,NONE
LOCAL_NEUTRAL_HAZARD_PRIMARY,1,1,11,5.84999999999999964e+00,1.04892439548289094e+01,M,1.08097790623699354e-03,3.98723479246758314e-02,,,NONE
LOCAL_NEUTRAL_HAZARD_PRIMARY,1,1,11,5.84999999999999964e+00,1.04892439548289094e+01,I,1.65841266363679872e-02,3.97650223807202927e-02,,,NONE
LOCAL_NEUTRAL_HAZARD_PRIMARY,1,1,11,5.84999999999999964e+00,1.04892439548289094e+01,U,3.98407356476899177e-02,7.52280387331560607e-02,,,NONE
LOCAL_NEUTRAL_HAZARD_PRIMARY,1,1,11,5.84999999999999964e+00,1.04892439548289094e+01,C,1.56246301051495475e-02,3.62904520554049048e+00,,,NONE
LOCAL_NEUTRAL_HAZARD_PRIMARY,1,1,11,5.84999999999999964e+00,1.04892439548289094e+01,J_G1,3.29789568868217263e-06,3.57728427842881735e-03,,,NONE
LOCAL_NEUTRAL_HAZARD_PRIMARY,1,1,11,5.84999999999999964e+00,1.04892439548289094e+01,J_G2a,7.70776651427243311e-07,5.65870348482371208e-02,,,NONE
LOCAL_NEUTRAL_HAZARD_PRIMARY,1,1,12,5.84999999999999964e+00,1.04892439548289094e+01,M,1.08097790623699354e-03,2.00129724354742647e-02,,,NONE
LOCAL_NEUTRAL_HAZARD_PRIMARY,1,1,12,5.84999999999999964e+00,1.04892439548289094e+01,I,4.44360301661878444e-03,3.27180726773244890e-02,,,NONE
LOCAL_NEUTRAL_HAZARD_PRIMARY,1,1,12,5.84999999999999964e+00,1.04892439548289094e+01,U,4.52272220362298378e-03,1.22251483751122964e-01,,,NONE
LOCAL_NEUTRAL_HAZARD_PRIMARY,1,1,12,5.84999999999999964e+00,1.04892439548289094e+01,C,2.01770884453405450e-02,3.75494002364499124e+00,,,NONE
LOCAL_NEUTRAL_HAZARD_PRIMARY,1,1,12,5.84999999999999964e+00,1.04892439548289094e+01,J_G1,9.12370879097552066e-03,3.78243529731590450e-02,,,NONE
LOCAL_NEUTRAL_HAZARD_PRIMARY,1,1,12,5.84999999999999964e+00,1.04892439548289094e+01,J_G2a,4.79965266767239888e-03,1.34042221343446157e-02,,,NONE
LOCAL_NEUTRAL_HAZARD_PRIMARY,1,1,13,5.84999999999999964e+00,1.04892439548289094e+01,M,1.08097790623699354e-03,3.53110516738492780e-02,,,NONE
LOCAL_NEUTRAL_HAZARD_PRIMARY,1,1,13,5.84999999999999964e+00,1.04892439548289094e+01,I,1.76140929299469610e-02,3.52026689854661595e-02,,,NONE
LOCAL_NEUTRAL_HAZARD_PRIMARY,1,1,13,5.84999999999999964e+00,1.04892439548289094e+01,U,3.52791277024064459e-02,1.20159645420962399e-01,,,NONE
LOCAL_NEUTRAL_HAZARD_PRIMARY,1,1,13,5.84999999999999964e+00,1.04892439548289094e+01,C,1.09018052850399488e-02,3.75494002364498014e+00,,,NONE
LOCAL_NEUTRAL_HAZARD_PRIMARY,1,1,13,5.84999999999999964e+00,1.04892439548289094e+01,J_G1,2.65243021721032861e-03,6.04241714463056145e-03,,,NONE
LOCAL_NEUTRAL_HAZARD_PRIMARY,1,1,13,5.84999999999999964e+00,1.04892439548289094e+01,J_G2a,1.20576186755548954e-03,4.57992305073178507e-02,,,NONE
LOCAL_NEUTRAL_HAZARD_PRIMARY,1,1,14,5.84999999999999964e+00,1.04892439548289094e+01,M,1.08097790623699354e-03,2.00129724354742647e-02,,,NONE
LOCAL_NEUTRAL_HAZARD_PRIMARY,1,1,14,5.84999999999999964e+00,1.04892439548289094e+01,I,6.51486254311930708e-03,3.27180726773245376e-02,,,NONE
LOCAL_NEUTRAL_HAZARD_PRIMARY,1,1,14,5.84999999999999964e+00,1.04892439548289094e+01,U,6.59393195036931962e-03,1.20219941016068602e-01,,,NONE
LOCAL_NEUTRAL_HAZARD_PRIMARY,1,1,14,5.84999999999999964e+00,1.04892439548289094e+01,C,1.81250302124802490e-02,3.75494002364498236e+00,,,NONE
LOCAL_NEUTRAL_HAZARD_PRIMARY,1,1,14,5.84999999999999964e+00,1.04892439548289094e+01,J_G1,1.00800781427473922e-03,3.50799268424027005e-02,,,NONE
LOCAL_NEUTRAL_HAZARD_PRIMARY,1,1,14,5.84999999999999964e+00,1.04892439548289094e+01,J_G2a,4.52284559665858804e-04,1.88378338199093158e-02,,,NONE
LOCAL_NEUTRAL_HAZARD_PRIMARY,1,1,15,5.84999999999999964e+00,1.04892439548289094e+01,M,1.08097790623699354e-03,3.66407499849123811e-02,,,NONE
LOCAL_NEUTRAL_HAZARD_PRIMARY,1,1,15,5.84999999999999964e+00,1.04892439548289094e+01,I,1.76140929299469125e-02,3.65326622044128968e-02,,,NONE
LOCAL_NEUTRAL_HAZARD_PRIMARY,1,1,15,5.84999999999999964e+00,1.04892439548289094e+01,U,3.66089129703732960e-02,1.19230658559905126e-01,,,NONE
LOCAL_NEUTRAL_HAZARD_PRIMARY,1,1,15,5.84999999999999964e+00,1.04892439548289094e+01,C,1.22754958544496924e-02,3.75494002364497925e+00,,,NONE
LOCAL_NEUTRAL_HAZARD_PRIMARY,1,1,15,5.84999999999999964e+00,1.04892439548289094e+01,J_G1,6.10180350924883542e-04,4.03662271051569935e-03,,,NONE
LOCAL_NEUTRAL_HAZARD_PRIMARY,1,1,15,5.84999999999999964e+00,1.04892439548289094e+01,J_G2a,2.61158360276147453e-04,4.74665565503988099e-02,,,NONE
LOCAL_NEUTRAL_HAZARD_PRIMARY,1,1,16,5.84999999999999964e+00,1.04892439548289094e+01,M,1.08097790623699354e-03,3.63790675963988133e-02,,,NONE
LOCAL_NEUTRAL_HAZARD_PRIMARY,1,1,16,5.84999999999999964e+00,1.04892439548289094e+01,I,1.76140929299469159e-02,3.62709209155569132e-02,,,NONE
LOCAL_NEUTRAL_HAZARD_PRIMARY,1,1,16,5.84999999999999964e+00,1.04892439548289094e+01,U,3.63472132147419219e-02,1.18483637613726642e-01,,,NONE
LOCAL_NEUTRAL_HAZARD_PRIMARY,1,1,16,5.84999999999999964e+00,1.04892439548289094e+01,C,1.20049549776227744e-02,3.75494002364497925e+00,,,NONE
LOCAL_NEUTRAL_HAZARD_PRIMARY,1,1,16,5.84999999999999964e+00,1.04892439548289094e+01,J_G1,6.17654333816280315e-05,3.99164712490275402e-03,,,NONE
LOCAL_NEUTRAL_HAZARD_PRIMARY,1,1,16,5.84999999999999964e+00,1.04892439548289094e+01,J_G2a,2.48744467035139609e-05,4.83253982666386611e-02,,,NONE
LOCAL_NEUTRAL_HAZARD_PRIMARY,1,1,17,5.84999999999999964e+00,1.04892439548289094e+01,M,1.08097790622816358e-03,3.59862995536982186e-02,,,NONE
LOCAL_NEUTRAL_HAZARD_PRIMARY,1,1,17,5.84999999999999964e+00,1.04892439548289094e+01,I,1.76140929299772701e-02,3.58780652610181869e-02,,,NONE
LOCAL_NEUTRAL_HAZARD_PRIMARY,1,1,17,5.84999999999999964e+00,1.04892439548289094e+01,U,3.59544193388860733e-02,1.18483760084895196e-01,,,NONE
LOCAL_NEUTRAL_HAZARD_PRIMARY,1,1,17,5.84999999999999964e+00,1.04892439548289094e+01,C,1.15990757747330888e-02,3.75494002364073687e+00,,,NONE
LOCAL_NEUTRAL_HAZARD_PRIMARY,1,1,17,5.84999999999999964e+00,1.04892439548289094e+01,J_G1,1.64844892050830677e-06,4.26652997511657237e-03,,,NONE
LOCAL_NEUTRAL_HAZARD_PRIMARY,1,1,17,5.84999999999999964e+00,1.04892439548289094e+01,J_G2a,6.69248403295951741e-07,4.73477059851216478e-02,,,NONE
LOCAL_NEUTRAL_HAZARD_PRIMARY,1,2,0,5.84999999999999964e+00,1.04892439548289094e+01,M,6.76458612924843265e-04,2.00129724354742682e-02,,,NONE
LOCAL_NEUTRAL_HAZARD_PRIMARY,1,2,0,5.84999999999999964e+00,1.04892439548289094e+01,I,7.15820178835872693e-04,3.13077105630467367e-02,,,NONE
LOCAL_NEUTRAL_HAZARD_PRIMARY,1,2,0,5.84999999999999964e+00,1.04892439548289094e+01,U,4.47490814665760022e-04,7.42322795770443827e-02,,,NONE
LOCAL_NEUTRAL_HAZARD_PRIMARY,1,2,0,5.84999999999999964e+00,1.04892439548289094e+01,C,5.89114413823898825e-04,3.59307764251432538e+00,,,NONE
LOCAL_NEUTRAL_HAZARD_PRIMARY,1,2,0,5.84999999999999964e+00,1.04892439548289094e+01,J_G1,2.86276387120634778e-04,7.10321050611687800e-03,,,NONE
LOCAL_NEUTRAL_HAZARD_PRIMARY,1,2,0,5.84999999999999964e+00,1.04892439548289094e+01,J_G2a,2.49090260381727669e-03,3.74189148784454060e-03,,,NONE
LOCAL_NEUTRAL_HAZARD_PRIMARY,1,2,1,5.84999999999999964e+00,1.04892439548289094e+01,M,7.43816726854689726e-04,2.00129724354742647e-02,,,NONE
LOCAL_NEUTRAL_HAZARD_PRIMARY,1,2,1,5.84999999999999964e+00,1.04892439548289094e+01,I,9.69015807214740951e-04,3.13077105630467645e-02,,,NONE
LOCAL_NEUTRAL_HAZARD_PRIMARY,1,2,1,5.84999999999999964e+00,1.04892439548289094e+01,U,7.00689090193290444e-04,6.58981140423922085e-02,,,NONE
LOCAL_NEUTRAL_HAZARD_PRIMARY,1,2,1,5.84999999999999964e+00,1.04892439548289094e+01,C,8.42311417166465752e-04,3.59307764251427120e+00,,,NONE
LOCAL_NEUTRAL_HAZARD_PRIMARY,1,2,1,5.84999999999999964e+00,1.04892439548289094e+01,J_G1,2.86276387120566636e-04,1.25239663060521195e-03,,,NONE
LOCAL_NEUTRAL_HAZARD_PRIMARY,1,2,1,5.84999999999999964e+00,1.04892439548289094e+01,J_G2a,3.46042649826753786e-04,2.49090260381744887e-03,,,NONE
LOCAL_NEUTRAL_HAZARD_PRIMARY,1,2,2,5.84999999999999964e+00,1.04892439548289094e+01,M,7.43816726854689618e-04,2.00129724354742647e-02,,,NONE
LOCAL_NEUTRAL_HAZARD_PRIMARY,1,2,2,5.84999999999999964e+00,1.04892439548289094e+01,I,1.00641883524502269e-03,3.13077105630467506e-02,,,NONE
LOCAL_NEUTRAL_HAZARD_PRIMARY,1,2,2,5.84999999999999964e+00,1.04892439548289094e+01,U,7.38092589495275057e-04,6.46688257141107559e-02,,,NONE
LOCAL_NEUTRAL_HAZARD_PRIMARY,1,2,2,5.84999999999999964e+00,1.04892439548289094e+01,C,8.79714686193769965e-04,3.59307764251432271e+00,,,NONE
LOCAL_NEUTRAL_HAZARD_PRIMARY,1,2,2,5.84999999999999964e+00,1.04892439548289094e+01,J_G1,2.86276387120421786e-04,6.16050790181738007e-04,,,NONE
LOCAL_NEUTRAL_HAZARD_PRIMARY,1,2,2,5.84999999999999964e+00,1.04892439548289094e+01,J_G2a,1.52110234457140069e-04,2.49090260381726498e-03,,,NONE
LOCAL_NEUTRAL_HAZARD_PRIMARY,1,2,3,5.84999999999999964e+00,1.04892439548289094e+01,M,7.43816726854689943e-04,2.00129724354742682e-02,,,NONE
LOCAL_NEUTRAL_HAZARD_PRIMARY,1,2,3,5.84999999999999964e+00,1.04892439548289094e+01,I,1.03313828421031356e-03,3.13077105630467506e-02,,,NONE
LOCAL_NEUTRAL_HAZARD_PRIMARY,1,2,3,5.84999999999999964e+00,1.04892439548289094e+01,U,7.64812387766841770e-04,6.37909577448048104e-02,,,NONE
LOCAL_NEUTRAL_HAZARD_PRIMARY,1,2,3,5.84999999999999964e+00,1.04892439548289094e+01,C,9.06434313290405136e-04,3.59307764251432138e+00,,,NONE
LOCAL_NEUTRAL_HAZARD_PRIMARY,1,2,3,5.84999999999999964e+00,1.04892439548289094e+01,J_G1,2.86276387120526683e-04,3.05105091953046699e-04,,,NONE
LOCAL_NEUTRAL_HAZARD_PRIMARY,1,2,3,5.84999999999999964e+00,1.04892439548289094e+01,J_G2a,6.91508042040468349e-05,2.49090260381713315e-03,,,NONE
LOCAL_NEUTRAL_HAZARD_PRIMARY,1,2,4,5.84999999999999964e+00,1.04892439548289094e+01,M,7.43816726854689726e-04,2.00129724354742647e-02,,,NONE
LOCAL_NEUTRAL_HAZARD_PRIMARY,1,2,4,5.84999999999999964e+00,1.04892439548289094e+01,I,1.07913946035975835e-03,3.13077105630467298e-02,,,NONE
LOCAL_NEUTRAL_HAZARD_PRIMARY,1,2,4,5.84999999999999964e+00,1.04892439548289094e+01,U,8.10814189985537806e-04,6.22801614676223650e-02,,,NONE
LOCAL_NEUTRAL_HAZARD_PRIMARY,1,2,4,5.84999999999999964e+00,1.04892439548289094e+01,C,9.52435807776322351e-04,3.59307764251432937e+00,,,NONE
LOCAL_NEUTRAL_HAZARD_PRIMARY,1,2,4,5.84999999999999964e+00,1.04892439548289094e+01,J_G1,3.26737558704886066e-05,2.86276387120300735e-04,,,NONE
LOCAL_NEUTRAL_HAZARD_PRIMARY,1,2,4,5.84999999999999964e+00,1.04892439548289094e+01,J_G2a,6.32825209070147510e-06,2.49090260381737601e-03,,,NONE
LOCAL_NEUTRAL_HAZARD_PRIMARY,1,2,5,5.84999999999999964e+00,1.04892439548289094e+01,M,7.43816726854689943e-04,2.00129724354742647e-02,,,NONE
LOCAL_NEUTRAL_HAZARD_PRIMARY,1,2,5,5.84999999999999964e+00,1.04892439548289094e+01,I,1.08511668587158621e-03,3.13077105630467784e-02,,,NONE
LOCAL_NEUTRAL_HAZARD_PRIMARY,1,2,5,5.84999999999999964e+00,1.04892439548289094e+01,U,8.16791499139659814e-04,6.20839073064309646e-02,,,NONE
LOCAL_NEUTRAL_HAZARD_PRIMARY,1,2,5,5.84999999999999964e+00,1.04892439548289094e+01,C,9.58413075734421095e-04,3.59307764251439909e+00,,,NONE
LOCAL_NEUTRAL_HAZARD_PRIMARY,1,2,5,5.84999999999999964e+00,1.04892439548289094e+01,J_G1,8.35318618701200086e-07,2.86276387120213891e-04,,,NONE
LOCAL_NEUTRAL_HAZARD_PRIMARY,1,2,5,5.84999999999999964e+00,1.04892439548289094e+01,J_G2a,1.58232685687907042e-07,2.49090260381725284e-03,,,NONE
LOCAL_NEUTRAL_HAZARD_PRIMARY,1,2,6,5.84999999999999964e+00,1.04892439548289094e+01,M,6.96390082160533008e-04,2.00129724354742647e-02,,,NONE
LOCAL_NEUTRAL_HAZARD_PRIMARY,1,2,6,5.84999999999999964e+00,1.04892439548289094e+01,I,7.35751617596482402e-04,3.16211082029469112e-02,,,NONE
LOCAL_NEUTRAL_HAZARD_PRIMARY,1,2,6,5.84999999999999964e+00,1.04892439548289094e+01,U,4.67422427492876979e-04,8.40504186990489732e-02,,,NONE
LOCAL_NEUTRAL_HAZARD_PRIMARY,1,2,6,5.84999999999999964e+00,1.04892439548289094e+01,C,6.09045944617089743e-04,3.62904520554049981e+00,,,NONE
LOCAL_NEUTRAL_HAZARD_PRIMARY,1,2,6,5.84999999999999964e+00,1.04892439548289094e+01,J_G1,2.86276387120250103e-04,1.34918489579144880e-02,,,NONE
LOCAL_NEUTRAL_HAZARD_PRIMARY,1,2,6,5.84999999999999964e+00,1.04892439548289094e+01,J_G2a,2.49090260381658064e-03,6.81008236208244851e-03,,,NONE
LOCAL_NEUTRAL_HAZARD_PRIMARY,1,2,7,5.84999999999999964e+00,1.04892439548289094e+01,M,7.43816726854689401e-04,2.00129724354742612e-02,,,NONE
LOCAL_NEUTRAL_HAZARD_PRIMARY,1,2,7,5.84999999999999964e+00,1.04892439548289094e+01,I,8.62157080192906358e-04,3.16211082029468626e-02,,,NONE
LOCAL_NEUTRAL_HAZARD_PRIMARY,1,2,7,5.84999999999999964e+00,1.04892439548289094e+01,U,5.93829130550904759e-04,7.98877795366907534e-02,,,NONE
LOCAL_NEUTRAL_HAZARD_PRIMARY,1,2,7,5.84999999999999964e+00,1.04892439548289094e+01,C,7.35452055354613083e-04,3.62904520554047183e+00,,,NONE
LOCAL_NEUTRAL_HAZARD_PRIMARY,1,2,7,5.84999999999999964e+00,1.04892439548289094e+01,J_G1,2.86276387120439296e-04,1.06003526990506181e-02,,,NONE
LOCAL_NEUTRAL_HAZARD_PRIMARY,1,2,7,5.84999999999999964e+00,1.04892439548289094e+01,J_G2a,2.49090260381713705e-03,3.99906533246530745e-03,,,NONE
LOCAL_NEUTRAL_HAZARD_PRIMARY,1,2,8,5.84999999999999964e+00,1.04892439548289094e+01,M,7.43816726854689943e-04,2.00129724354742716e-02,,,NONE
LOCAL_NEUTRAL_HAZARD_PRIMARY,1,2,8,5.84999999999999964e+00,1.04892439548289094e+01,I,9.16730142095750029e-04,3.16211082029469112e-02,,,NONE
LOCAL_NEUTRAL_HAZARD_PRIMARY,1,2,8,5.84999999999999964e+00,1.04892439548289094e+01,U,6.48402800896088777e-04,7.80923399085237668e-02,,,NONE
LOCAL_NEUTRAL_HAZARD_PRIMARY,1,2,8,5.84999999999999964e+00,1.04892439548289094e+01,C,7.90025431501799975e-04,3.62904520554050380e+00,,,NONE
LOCAL_NEUTRAL_HAZARD_PRIMARY,1,2,8,5.84999999999999964e+00,1.04892439548289094e+01,J_G1,2.86276387120293254e-04,4.89650224011042336e-03,,,NONE
LOCAL_NEUTRAL_HAZARD_PRIMARY,1,2,8,5.84999999999999964e+00,1.04892439548289094e+01,J_G2a,1.56456956211925764e-03,2.49090260381703600e-03,,,NONE
LOCAL_NEUTRAL_HAZARD_PRIMARY,1,2,9,5.84999999999999964e+00,1.04892439548289094e+01,M,7.43816726854689943e-04,2.00129724354742647e-02,,,NONE
LOCAL_NEUTRAL_HAZARD_PRIMARY,1,2,9,5.84999999999999964e+00,1.04892439548289094e+01,I,9.47143645871852753e-04,3.16211082029468973e-02,,,NONE
LOCAL_NEUTRAL_HAZARD_PRIMARY,1,2,9,5.84999999999999964e+00,1.04892439548289094e+01,U,6.78816662834056143e-04,7.70921872806949737e-02,,,NONE
LOCAL_NEUTRAL_HAZARD_PRIMARY,1,2,9,5.84999999999999964e+00,1.04892439548289094e+01,C,8.20439119414328208e-04,3.62904520554041188e+00,,,NONE
LOCAL_NEUTRAL_HAZARD_PRIMARY,1,2,9,5.84999999999999964e+00,1.04892439548289094e+01,J_G1,2.86276387120197736e-04,2.32727945340676116e-03,,,NONE
LOCAL_NEUTRAL_HAZARD_PRIMARY,1,2,9,5.84999999999999964e+00,1.04892439548289094e+01,J_G2a,6.84388852248028518e-04,2.49090260381712794e-03,,,NONE
LOCAL_NEUTRAL_HAZARD_PRIMARY,1,2,10,5.84999999999999964e+00,1.04892439548289094e+01,M,7.43816726854689943e-04,2.00129724354742751e-02,,,NONE
LOCAL_NEUTRAL_HAZARD_PRIMARY,1,2,10,5.84999999999999964e+00,1.04892439548289094e+01,I,9.93447666456703576e-04,3.16211082029469182e-02,,,NONE
LOCAL_NEUTRAL_HAZARD_PRIMARY,1,2,10,5.84999999999999964e+00,1.04892439548289094e+01,U,7.25121254933366204e-04,7.55700821224330743e-02,,,NONE
LOCAL_NEUTRAL_HAZARD_PRIMARY,1,2,10,5.84999999999999964e+00,1.04892439548289094e+01,C,8.66743432724439728e-04,3.62904520554049848e+00,,,NONE
LOCAL_NEUTRAL_HAZARD_PRIMARY,1,2,10,5.84999999999999964e+00,1.04892439548289094e+01,J_G1,2.24348831012216560e-04,2.86276387120263385e-04,,,NONE
LOCAL_NEUTRAL_HAZARD_PRIMARY,1,2,10,5.84999999999999964e+00,1.04892439548289094e+01,J_G2a,5.78235777012181602e-05,2.49090260381705899e-03,,,NONE
LOCAL_NEUTRAL_HAZARD_PRIMARY,1,2,11,5.84999999999999964e+00,1.04892439548289094e+01,M,7.43816726854689726e-04,2.00129724354742647e-02,,,NONE
LOCAL_NEUTRAL_HAZARD_PRIMARY,1,2,11,5.84999999999999964e+00,1.04892439548289094e+01,I,1.00385606139646866e-03,3.16211082029468835e-02,,,NONE
LOCAL_NEUTRAL_HAZARD_PRIMARY,1,2,11,5.84999999999999964e+00,1.04892439548289094e+01,U,7.35529782697129939e-04,7.52280387331560607e-02,,,NONE
LOCAL_NEUTRAL_HAZARD_PRIMARY,1,2,11,5.84999999999999964e+00,1.04892439548289094e+01,C,8.77151895521365130e-04,3.62904520554049048e+00,,,NONE
LOCAL_NEUTRAL_HAZARD_PRIMARY,1,2,11,5.84999999999999964e+00,1.04892439548289094e+01,J_G1,5.76922568125610555e-06,2.86276387120485050e-04,,,NONE
LOCAL_NEUTRAL_HAZARD_PRIMARY,1,2,11,5.84999999999999964e+00,1.04892439548289094e+01,J_G2a,1.44020369361308324e-06,2.49090260381708544e-03,,,NONE
LOCAL_NEUTRAL_HAZARD_PRIMARY,1,2,12,5.84999999999999964e+00,1.04892439548289094e+01,M,6.49784903703625101e-04,2.00129724354742647e-02,,,NONE
LOCAL_NEUTRAL_HAZARD_PRIMARY,1,2,12,5.84999999999999964e+00,1.04892439548289094e+01,I,6.89146509052650691e-04,3.27180726773244890e-02,,,NONE
LOCAL_NEUTRAL_HAZARD_PRIMARY,1,2,12,5.84999999999999964e+00,1.04892439548289094e+01,U,4.20816921109757767e-04,1.22251483751122964e-01,,,NONE
LOCAL_NEUTRAL_HAZARD_PRIMARY,1,2,12,5.84999999999999964e+00,1.04892439548289094e+01,C,5.62440625208792603e-04,3.75494002364499124e+00,,,NONE
LOCAL_NEUTRAL_HAZARD_PRIMARY,1,2,12,5.84999999999999964e+00,1.04892439548289094e+01,J_G1,2.86276387120880458e-04,1.03142396123477222e-02,,,NONE
LOCAL_NEUTRAL_HAZARD_PRIMARY,1,2,12,5.84999999999999964e+00,1.04892439548289094e+01,J_G2a,2.49090260381724937e-03,5.74702236886399237e-03,,,NONE
LOCAL_NEUTRAL_HAZARD_PRIMARY,1,2,13,5.84999999999999964e+00,1.04892439548289094e+01,M,7.13255363720580551e-04,2.00129724354742682e-02,,,NONE
LOCAL_NEUTRAL_HAZARD_PRIMARY,1,2,13,5.84999999999999964e+00,1.04892439548289094e+01,I,7.52616872697699701e-04,3.27180726773244890e-02,,,NONE
LOCAL_NEUTRAL_HAZARD_PRIMARY,1,2,13,5.84999999999999964e+00,1.04892439548289094e+01,U,4.84287834463250581e-04,1.20159645420962399e-01,,,NONE
LOCAL_NEUTRAL_HAZARD_PRIMARY,1,2,13,5.84999999999999964e+00,1.04892439548289094e+01,C,6.25911279755811661e-04,3.75494002364498014e+00,,,NONE
LOCAL_NEUTRAL_HAZARD_PRIMARY,1,2,13,5.84999999999999964e+00,1.04892439548289094e+01,J_G1,2.86276387119776632e-04,4.20722530864486594e-03,,,NONE
LOCAL_NEUTRAL_HAZARD_PRIMARY,1,2,13,5.84999999999999964e+00,1.04892439548289094e+01,J_G2a,1.99423447927946475e-03,2.49090260381706246e-03,,,NONE
LOCAL_NEUTRAL_HAZARD_PRIMARY,1,2,14,5.84999999999999964e+00,1.04892439548289094e+01,M,7.11425288187302160e-04,2.00129724354742647e-02,,,NONE
LOCAL_NEUTRAL_HAZARD_PRIMARY,1,2,14,5.84999999999999964e+00,1.04892439548289094e+01,I,7.50786800065303319e-04,3.27180726773245376e-02,,,NONE
LOCAL_NEUTRAL_HAZARD_PRIMARY,1,2,14,5.84999999999999964e+00,1.04892439548289094e+01,U,4.82457745148259277e-04,1.20219941016068602e-01,,,NONE
LOCAL_NEUTRAL_HAZARD_PRIMARY,1,2,14,5.84999999999999964e+00,1.04892439548289094e+01,C,6.24081198342609986e-04,3.75494002364498236e+00,,,NONE
LOCAL_NEUTRAL_HAZARD_PRIMARY,1,2,14,5.84999999999999964e+00,1.04892439548289094e+01,J_G1,2.86276387120173070e-04,1.17410314897498200e-03,,,NONE
LOCAL_NEUTRAL_HAZARD_PRIMARY,1,2,14,5.84999999999999964e+00,1.04892439548289094e+01,J_G2a,5.58765310185642384e-04,2.49090260381689983e-03,,,NONE
LOCAL_NEUTRAL_HAZARD_PRIMARY,1,2,15,5.84999999999999964e+00,1.04892439548289094e+01,M,7.41456145152243995e-04,2.00129724354742647e-02,,,NONE
LOCAL_NEUTRAL_HAZARD_PRIMARY,1,2,15,5.84999999999999964e+00,1.04892439548289094e+01,I,7.80817608511051066e-04,3.27180726773244751e-02,,,NONE
LOCAL_NEUTRAL_HAZARD_PRIMARY,1,2,15,5.84999999999999964e+00,1.04892439548289094e+01,U,5.12488833600364480e-04,1.19230658559905126e-01,,,NONE
LOCAL_NEUTRAL_HAZARD_PRIMARY,1,2,15,5.84999999999999964e+00,1.04892439548289094e+01,C,6.54112153830847679e-04,3.75494002364497925e+00,,,NONE
LOCAL_NEUTRAL_HAZARD_PRIMARY,1,2,15,5.84999999999999964e+00,1.04892439548289094e+01,J_G1,2.86276387120391537e-04,9.88447782523001845e-04,,,NONE
LOCAL_NEUTRAL_HAZARD_PRIMARY,1,2,15,5.84999999999999964e+00,1.04892439548289094e+01,J_G2a,4.40045185439498249e-04,2.49090260381726238e-03,,,NONE
LOCAL_NEUTRAL_HAZARD_PRIMARY,1,2,16,5.84999999999999964e+00,1.04892439548289094e+01,M,7.43816726854689401e-04,2.00129724354742647e-02,,,NONE
LOCAL_NEUTRAL_HAZARD_PRIMARY,1,2,16,5.84999999999999964e+00,1.04892439548289094e+01,I,8.03500534464321936e-04,3.27180726773244890e-02,,,NONE
LOCAL_NEUTRAL_HAZARD_PRIMARY,1,2,16,5.84999999999999964e+00,1.04892439548289094e+01,U,5.35171979873907033e-04,1.18483637613726642e-01,,,NONE
LOCAL_NEUTRAL_HAZARD_PRIMARY,1,2,16,5.84999999999999964e+00,1.04892439548289094e+01,C,6.76795195015891782e-04,3.75494002364497925e+00,,,NONE
LOCAL_NEUTRAL_HAZARD_PRIMARY,1,2,16,5.84999999999999964e+00,1.04892439548289094e+01,J_G1,9.98026031923337863e-05,2.86276387120441573e-04,,,NONE
LOCAL_NEUTRAL_HAZARD_PRIMARY,1,2,16,5.84999999999999964e+00,1.04892439548289094e+01,J_G2a,4.23177590231762558e-05,2.49090260381696358e-03,,,NONE
LOCAL_NEUTRAL_HAZARD_PRIMARY,1,2,17,5.84999999999999964e+00,1.04892439548289094e+01,M,7.43816726854002125e-04,2.00129724354394176e-02,,,NONE
LOCAL_NEUTRAL_HAZARD_PRIMARY,1,2,17,5.84999999999999964e+00,1.04892439548289094e+01,I,8.03496815158136961e-04,3.27180726772874908e-02,,,NONE
LOCAL_NEUTRAL_HAZARD_PRIMARY,1,2,17,5.84999999999999964e+00,1.04892439548289094e+01,U,5.35168260530929658e-04,1.18483760084895196e-01,,,NONE
LOCAL_NEUTRAL_HAZARD_PRIMARY,1,2,17,5.84999999999999964e+00,1.04892439548289094e+01,C,6.76791475690507105e-04,3.75494002364073687e+00,,,NONE
LOCAL_NEUTRAL_HAZARD_PRIMARY,1,2,17,5.84999999999999964e+00,1.04892439548289094e+01,J_G1,2.65594499191590953e-06,2.86276386870492423e-04,,,NONE
LOCAL_NEUTRAL_HAZARD_PRIMARY,1,2,17,5.84999999999999964e+00,1.04892439548289094e+01,J_G2a,1.12616907001721250e-06,2.49090260403428323e-03,,,NONE
LOCAL_NEUTRAL_HAZARD_PRIMARY,2,1,0,5.75000000000000000e+00,1.08804373309742832e+01,M,7.43816726854689943e-04,4.03004332556674075e-02,,,NONE
LOCAL_NEUTRAL_HAZARD_PRIMARY,2,1,0,5.75000000000000000e+00,1.08804373309742832e+01,I,1.82950110801147550e-03,4.79718772465698370e-02,,,NONE
LOCAL_NEUTRAL_HAZARD_PRIMARY,2,1,0,5.75000000000000000e+00,1.08804373309742832e+01,U,7.68790706041993306e-04,8.62955628548675580e-02,,,NONE
LOCAL_NEUTRAL_HAZARD_PRIMARY,2,1,0,5.75000000000000000e+00,1.08804373309742832e+01,C,2.61632806319820055e-02,4.35055349955847959e+00,,,NONE
LOCAL_NEUTRAL_HAZARD_PRIMARY,2,1,0,5.75000000000000000e+00,1.08804373309742832e+01,J_G1,7.10321050611687800e-03,4.04083161571743774e-02,,,NONE
LOCAL_NEUTRAL_HAZARD_PRIMARY,2,1,0,5.75000000000000000e+00,1.08804373309742832e+01,J_G2a,3.74189148784454060e-03,2.81341173331871516e-02,,,NONE
LOCAL_NEUTRAL_HAZARD_PRIMARY,2,1,1,5.75000000000000000e+00,1.08804373309742832e+01,M,7.43816726854689726e-04,7.27988301119587150e-02,,,NONE
LOCAL_NEUTRAL_HAZARD_PRIMARY,2,1,1,5.75000000000000000e+00,1.08804373309742832e+01,I,1.22326509856214433e-02,7.26497201769372436e-02,,,NONE
LOCAL_NEUTRAL_HAZARD_PRIMARY,2,1,1,5.75000000000000000e+00,1.08804373309742832e+01,U,4.87691077847772492e-02,8.12768115317250989e-02,,,NONE
LOCAL_NEUTRAL_HAZARD_PRIMARY,2,1,1,5.75000000000000000e+00,1.08804373309742832e+01,C,4.75547315043110333e-02,4.35055349955849113e+00,,,NONE
LOCAL_NEUTRAL_HAZARD_PRIMARY,2,1,1,5.75000000000000000e+00,1.08804373309742832e+01,J_G1,1.25239663060521195e-03,3.25780467826669654e-02,,,NONE
LOCAL_NEUTRAL_HAZARD_PRIMARY,2,1,1,5.75000000000000000e+00,1.08804373309742832e+01,J_G2a,3.55203620686213588e-04,5.49260367486971088e-02,,,NONE
LOCAL_NEUTRAL_HAZARD_PRIMARY,2,1,2,5.75000000000000000e+00,1.08804373309742832e+01,M,7.43816726854689618e-04,7.54432321842384290e-02,,,NONE
LOCAL_NEUTRAL_HAZARD_PRIMARY,2,1,2,5.75000000000000000e+00,1.08804373309742832e+01,I,1.22326509856214242e-02,7.52961720033939047e-02,,,NONE
LOCAL_NEUTRAL_HAZARD_PRIMARY,2,1,2,5.75000000000000000e+00,1.08804373309742832e+01,U,4.75031530882273553e-02,8.02963932619942256e-02,,,NONE
LOCAL_NEUTRAL_HAZARD_PRIMARY,2,1,2,5.75000000000000000e+00,1.08804373309742832e+01,C,5.04880228600394082e-02,4.35055349955841741e+00,,,NONE
LOCAL_NEUTRAL_HAZARD_PRIMARY,2,1,2,5.75000000000000000e+00,1.08804373309742832e+01,J_G1,6.16050790181738007e-04,3.60572508094228056e-02,,,NONE
LOCAL_NEUTRAL_HAZARD_PRIMARY,2,1,2,5.75000000000000000e+00,1.08804373309742832e+01,J_G2a,1.56137129482897589e-04,5.81547143974228062e-02,,,NONE
LOCAL_NEUTRAL_HAZARD_PRIMARY,2,1,3,5.75000000000000000e+00,1.08804373309742832e+01,M,7.43816726854689943e-04,7.75401430685387777e-02,,,NONE
LOCAL_NEUTRAL_HAZARD_PRIMARY,2,1,3,5.75000000000000000e+00,1.08804373309742832e+01,I,1.22326509856214034e-02,7.73947603439313625e-02,,,NONE
LOCAL_NEUTRAL_HAZARD_PRIMARY,2,1,3,5.75000000000000000e+00,1.08804373309742832e+01,U,4.65984923922203725e-02,7.96075394977611428e-02,,,NONE
LOCAL_NEUTRAL_HAZARD_PRIMARY,2,1,3,5.75000000000000000e+00,1.08804373309742832e+01,C,5.28238254811339569e-02,4.35055349955843162e+00,,,NONE
LOCAL_NEUTRAL_HAZARD_PRIMARY,2,1,3,5.75000000000000000e+00,1.08804373309742832e+01,J_G1,3.05105091953046699e-04,3.87560042699789664e-02,,,NONE
LOCAL_NEUTRAL_HAZARD_PRIMARY,2,1,3,5.75000000000000000e+00,1.08804373309742832e+01,J_G2a,7.09814701712001809e-05,6.08269805705044103e-02,,,NONE
LOCAL_NEUTRAL_HAZARD_PRIMARY,2,1,4,5.75000000000000000e+00,1.08804373309742832e+01,M,7.43816726854689726e-04,7.39375033914505958e-02,,,NONE
LOCAL_NEUTRAL_HAZARD_PRIMARY,2,1,4,5.75000000000000000e+00,1.08804373309742832e+01,I,1.22326509856214120e-02,7.37892670948515489e-02,,,NONE
LOCAL_NEUTRAL_HAZARD_PRIMARY,2,1,4,5.75000000000000000e+00,1.08804373309742832e+01,U,4.50403982025911684e-02,7.84925551027819413e-02,,,NONE
LOCAL_NEUTRAL_HAZARD_PRIMARY,2,1,4,5.75000000000000000e+00,1.08804373309742832e+01,C,4.88161128878807568e-02,4.35055349955850090e+00,,,NONE
LOCAL_NEUTRAL_HAZARD_PRIMARY,2,1,4,5.75000000000000000e+00,1.08804373309742832e+01,J_G1,3.27720169018735409e-05,3.48758641653952872e-02,,,NONE
LOCAL_NEUTRAL_HAZARD_PRIMARY,2,1,4,5.75000000000000000e+00,1.08804373309742832e+01,J_G2a,6.49578326936760881e-06,5.84444702885805259e-02,,,NONE
LOCAL_NEUTRAL_HAZARD_PRIMARY,2,1,5,5.75000000000000000e+00,1.08804373309742832e+01,M,7.43816726854689943e-04,7.37608873029011736e-02,,,NONE
LOCAL_NEUTRAL_HAZARD_PRIMARY,2,1,5,5.75000000000000000e+00,1.08804373309742832e+01,I,1.22326509856213912e-02,7.36125146089289251e-02,,,NONE
LOCAL_NEUTRAL_HAZARD_PRIMARY,2,1,5,5.75000000000000000e+00,1.08804373309742832e+01,U,4.48378896047134587e-02,7.83603455253923525e-02,,,NONE
LOCAL_NEUTRAL_HAZARD_PRIMARY,2,1,5,5.75000000000000000e+00,1.08804373309742832e+01,C,4.86202969944311073e-02,4.35055349955850357e+00,,,NONE
LOCAL_NEUTRAL_HAZARD_PRIMARY,2,1,5,5.75000000000000000e+00,1.08804373309742832e+01,J_G1,8.37830704221266014e-07,3.46810032456663017e-02,,,NONE
LOCAL_NEUTRAL_HAZARD_PRIMARY,2,1,5,5.75000000000000000e+00,1.08804373309742832e+01,J_G2a,1.62421663616860683e-07,5.86000346152998550e-02,,,NONE
LOCAL_NEUTRAL_HAZARD_PRIMARY,2,1,6,5.75000000000000000e+00,1.08804373309742832e+01,M,7.43816726854689943e-04,5.38055727739894379e-02,5.37359156626786988e-02,9.70435813557246597e-04,TWO_MODE
LOCAL_NEUTRAL_HAZARD_PRIMARY,2,1,6,5.75000000000000000e+00,1.08804373309742832e+01,I,1.25551893545253809e-02,5.36438930732799357e-02,5.36438930732799357e-02,0.00000000000000000e+00,TWO_MODE
LOCAL_NEUTRAL_HAZARD_PRIMARY,2,1,6,5.75000000000000000e+00,1.08804373309742832e+01,U,5.26718431729048323e-02,9.91359404185845616e-02,9.91359404185845616e-02,0.00000000000000000e+00,TWO_MODE
LOCAL_NEUTRAL_HAZARD_PRIMARY,2,1,6,5.75000000000000000e+00,1.08804373309742832e+01,C,2.68838056999755812e-02,4.38095380242576837e+00,2.88196002010091407e-02,9.79157970181401049e-01,TWO_MODE
LOCAL_NEUTRAL_HAZARD_PRIMARY,2,1,6,5.75000000000000000e+00,1.08804373309742832e+01,J_G1,9.95241487838973218e-03,2.80579567062841650e-02,2.80579567062841650e-02,0.00000000000000000e+00,TWO_MODE
LOCAL_NEUTRAL_HAZARD_PRIMARY,2,1,6,5.75000000000000000e+00,1.08804373309742832e+01,J_G2a,6.81008236208244851e-03,2.97485750794308328e-02,2.97485750794308328e-02,0.00000000000000000e+00,TWO_MODE
LOCAL_NEUTRAL_HAZARD_PRIMARY,2,1,7,5.75000000000000000e+00,1.08804373309742832e+01,M,7.43816726854689401e-04,7.00838208514766720e-02,,,NONE
LOCAL_NEUTRAL_HAZARD_PRIMARY,2,1,7,5.75000000000000000e+00,1.08804373309742832e+01,I,1.25551893545253999e-02,6.99326826496968201e-02,,,NONE
LOCAL_NEUTRAL_HAZARD_PRIMARY,2,1,7,5.75000000000000000e+00,1.08804373309742832e+01,U,6.34064964192523478e-02,9.64714333942330859e-02,,,NONE
LOCAL_NEUTRAL_HAZARD_PRIMARY,2,1,7,5.75000000000000000e+00,1.08804373309742832e+01,C,4.45573873250960512e-02,4.38095380242577370e+00,,,NONE
LOCAL_NEUTRAL_HAZARD_PRIMARY,2,1,7,5.75000000000000000e+00,1.08804373309742832e+01,J_G1,1.06003526990506181e-02,2.81901273349117187e-02,,,NONE
LOCAL_NEUTRAL_HAZARD_PRIMARY,2,1,7,5.75000000000000000e+00,1.08804373309742832e+01,J_G2a,3.99906533246530745e-03,5.10155068677192111e-02,,,NONE
LOCAL_NEUTRAL_HAZARD_PRIMARY,2,1,8,5.75000000000000000e+00,1.08804373309742832e+01,M,7.43816726854689943e-04,7.17646373567319001e-02,,,NONE
LOCAL_NEUTRAL_HAZARD_PRIMARY,2,1,8,5.75000000000000000e+00,1.08804373309742832e+01,I,1.25551893545253913e-02,7.16147457157888939e-02,,,NONE
LOCAL_NEUTRAL_HAZARD_PRIMARY,2,1,8,5.75000000000000000e+00,1.08804373309742832e+01,U,6.15613117618106082e-02,9.50113969796971963e-02,,,NONE
LOCAL_NEUTRAL_HAZARD_PRIMARY,2,1,8,5.75000000000000000e+00,1.08804373309742832e+01,C,4.64112936894523348e-02,4.38095380242568844e+00,,,NONE
LOCAL_NEUTRAL_HAZARD_PRIMARY,2,1,8,5.75000000000000000e+00,1.08804373309742832e+01,J_G1,4.89650224011042336e-03,3.09084017053684254e-02,,,NONE
LOCAL_NEUTRAL_HAZARD_PRIMARY,2,1,8,5.75000000000000000e+00,1.08804373309742832e+01,J_G2a,1.60598924311333474e-03,5.29704850355230128e-02,,,NONE
LOCAL_NEUTRAL_HAZARD_PRIMARY,2,1,9,5.75000000000000000e+00,1.08804373309742832e+01,M,7.43816726854689943e-04,7.26762567242756896e-02,,,NONE
LOCAL_NEUTRAL_HAZARD_PRIMARY,2,1,9,5.75000000000000000e+00,1.08804373309742832e+01,I,1.25551893545254086e-02,7.25270535555260637e-02,,,NONE
LOCAL_NEUTRAL_HAZARD_PRIMARY,2,1,9,5.75000000000000000e+00,1.08804373309742832e+01,U,6.05325318702799806e-02,9.42818650600222713e-02,,,NONE
LOCAL_NEUTRAL_HAZARD_PRIMARY,2,1,9,5.75000000000000000e+00,1.08804373309742832e+01,C,4.74191008397192512e-02,4.38095380242577903e+00,,,NONE
LOCAL_NEUTRAL_HAZARD_PRIMARY,2,1,9,5.75000000000000000e+00,1.08804373309742832e+01,J_G1,2.32727945340676116e-03,3.21671267155907853e-02,,,NONE
LOCAL_NEUTRAL_HAZARD_PRIMARY,2,1,9,5.75000000000000000e+00,1.08804373309742832e+01,J_G2a,7.02507041827032074e-04,5.46244761008742030e-02,,,NONE
LOCAL_NEUTRAL_HAZARD_PRIMARY,2,1,10,5.75000000000000000e+00,1.08804373309742832e+01,M,7.43816726854689943e-04,7.20193268584513185e-02,,,NONE
LOCAL_NEUTRAL_HAZARD_PRIMARY,2,1,10,5.75000000000000000e+00,1.08804373309742832e+01,I,1.25551893545253809e-02,7.18696266874634393e-02,,,NONE
LOCAL_NEUTRAL_HAZARD_PRIMARY,2,1,10,5.75000000000000000e+00,1.08804373309742832e+01,U,5.89655992068414472e-02,9.31671775514951728e-02,,,NONE
LOCAL_NEUTRAL_HAZARD_PRIMARY,2,1,10,5.75000000000000000e+00,1.08804373309742832e+01,C,4.66926924815780214e-02,4.38095380242574350e+00,,,NONE
LOCAL_NEUTRAL_HAZARD_PRIMARY,2,1,10,5.75000000000000000e+00,1.08804373309742832e+01,J_G1,2.25023523802742612e-04,3.17300766588016064e-02,,,NONE
LOCAL_NEUTRAL_HAZARD_PRIMARY,2,1,10,5.75000000000000000e+00,1.08804373309742832e+01,J_G2a,5.93543719850316053e-05,5.50834774715237702e-02,,,NONE
LOCAL_NEUTRAL_HAZARD_PRIMARY,2,1,11,5.75000000000000000e+00,1.08804373309742832e+01,M,7.43816726854689726e-04,7.15129425624246862e-02,,,NONE
LOCAL_NEUTRAL_HAZARD_PRIMARY,2,1,11,5.75000000000000000e+00,1.08804373309742832e+01,I,1.25551893545253965e-02,7.13628623704747195e-02,,,NONE
LOCAL_NEUTRAL_HAZARD_PRIMARY,2,1,11,5.75000000000000000e+00,1.08804373309742832e+01,U,5.86132727691036012e-02,9.29347360071881429e-02,,,NONE
LOCAL_NEUTRAL_HAZARD_PRIMARY,2,1,11,5.75000000000000000e+00,1.08804373309742832e+01,C,4.61333282999664210e-02,4.38095380242578880e+00,,,NONE
LOCAL_NEUTRAL_HAZARD_PRIMARY,2,1,11,5.75000000000000000e+00,1.08804373309742832e+01,J_G1,5.78657569354056163e-06,3.11764866448576081e-02,,,NONE
LOCAL_NEUTRAL_HAZARD_PRIMARY,2,1,11,5.75000000000000000e+00,1.08804373309742832e+01,J_G2a,1.47833097091684900e-06,5.49756541818338176e-02,,,NONE
LOCAL_NEUTRAL_HAZARD_PRIMARY,2,1,12,5.75000000000000000e+00,1.08804373309742832e+01,M,7.43816726854689401e-04,4.03004332556674075e-02,,,NONE
LOCAL_NEUTRAL_HAZARD_PRIMARY,2,1,12,5.75000000000000000e+00,1.08804373309742832e+01,I,1.36841485018377763e-02,4.95062554609121061e-02,,,NONE
LOCAL_NEUTRAL_HAZARD_PRIMARY,2,1,12,5.75000000000000000e+00,1.08804373309742832e+01,U,2.12027998274389624e-02,1.44775614776642941e-01,,,NONE
LOCAL_NEUTRAL_HAZARD_PRIMARY,2,1,12,5.75000000000000000e+00,1.08804373309742832e+01,C,5.81140483174697256e-03,4.48970574645726117e+00,,,NONE
LOCAL_NEUTRAL_HAZARD_PRIMARY,2,1,12,5.75000000000000000e+00,1.08804373309742832e+01,J_G1,1.03142396123477222e-02,2.34120546138905893e-02,,,NONE
LOCAL_NEUTRAL_HAZARD_PRIMARY,2,1,12,5.75000000000000000e+00,1.08804373309742832e+01,J_G2a,3.03723959420562888e-03,8.61345852338413903e-03,,,NONE
LOCAL_NEUTRAL_HAZARD_PRIMARY,2,1,13,5.75000000000000000e+00,1.08804373309742832e+01,M,7.43816726854689726e-04,6.54821711633028214e-02,,,NONE
LOCAL_NEUTRAL_HAZARD_PRIMARY,2,1,13,5.75000000000000000e+00,1.08804373309742832e+01,I,1.36841485018377278e-02,6.53277716137142944e-02,,,NONE
LOCAL_NEUTRAL_HAZARD_PRIMARY,2,1,13,5.75000000000000000e+00,1.08804373309742832e+01,U,6.43990934540963345e-02,1.43536032177345119e-01,,,NONE
LOCAL_NEUTRAL_HAZARD_PRIMARY,2,1,13,5.75000000000000000e+00,1.08804373309742832e+01,C,3.95099346532332973e-02,4.48970574645730469e+00,,,NONE
LOCAL_NEUTRAL_HAZARD_PRIMARY,2,1,13,5.75000000000000000e+00,1.08804373309742832e+01,J_G1,4.20722530864486594e-03,2.20853149258082512e-02,,,NONE
LOCAL_NEUTRAL_HAZARD_PRIMARY,2,1,13,5.75000000000000000e+00,1.08804373309742832e+01,J_G2a,2.04702890782968404e-03,4.42223752857221139e-02,,,NONE
LOCAL_NEUTRAL_HAZARD_PRIMARY,2,1,14,5.75000000000000000e+00,1.08804373309742832e+01,M,7.43816726854689726e-04,4.03004332556674075e-02,,,NONE
LOCAL_NEUTRAL_HAZARD_PRIMARY,2,1,14,5.75000000000000000e+00,1.08804373309742832e+01,I,1.36841485018377521e-02,4.95062554609120714e-02,,,NONE
LOCAL_NEUTRAL_HAZARD_PRIMARY,2,1,14,5.75000000000000000e+00,1.08804373309742832e+01,U,3.16194061689446734e-02,1.43814383213705599e-01,,,NONE
LOCAL_NEUTRAL_HAZARD_PRIMARY,2,1,14,5.75000000000000000e+00,1.08804373309742832e+01,C,4.82488826460053186e-03,4.48970574645730292e+00,,,NONE
LOCAL_NEUTRAL_HAZARD_PRIMARY,2,1,14,5.75000000000000000e+00,1.08804373309742832e+01,J_G1,1.17410314897498200e-03,1.37851005078003241e-02,,,NONE
LOCAL_NEUTRAL_HAZARD_PRIMARY,2,1,14,5.75000000000000000e+00,1.08804373309742832e+01,J_G2a,5.73557801014298982e-04,1.10044943112251273e-02,,,NONE
LOCAL_NEUTRAL_HAZARD_PRIMARY,2,1,15,5.75000000000000000e+00,1.08804373309742832e+01,M,7.43816726854689618e-04,6.58077775710960572e-02,,,NONE
LOCAL_NEUTRAL_HAZARD_PRIMARY,2,1,15,5.75000000000000000e+00,1.08804373309742832e+01,I,1.36841485018377677e-02,6.56536014977601862e-02,,,NONE
LOCAL_NEUTRAL_HAZARD_PRIMARY,2,1,15,5.75000000000000000e+00,1.08804373309742832e+01,U,6.47262564112013883e-02,1.42619704273624831e-01,,,NONE
LOCAL_NEUTRAL_HAZARD_PRIMARY,2,1,15,5.75000000000000000e+00,1.08804373309742832e+01,C,3.98657405401142070e-02,4.48970574645730824e+00,,,NONE
LOCAL_NEUTRAL_HAZARD_PRIMARY,2,1,15,5.75000000000000000e+00,1.08804373309742832e+01,J_G1,9.88447782523001845e-04,2.33725954365450184e-02,,,NONE
LOCAL_NEUTRAL_HAZARD_PRIMARY,2,1,15,5.75000000000000000e+00,1.08804373309742832e+01,J_G2a,4.51694735350974979e-04,4.36816052005519831e-02,,,NONE
LOCAL_NEUTRAL_HAZARD_PRIMARY,2,1,16,5.75000000000000000e+00,1.08804373309742832e+01,M,7.43816726854689401e-04,6.56515306701336288e-02,,,NONE
LOCAL_NEUTRAL_HAZARD_PRIMARY,2,1,16,5.75000000000000000e+00,1.08804373309742832e+01,I,1.36841485018377746e-02,6.54972472199238376e-02,,,NONE
LOCAL_NEUTRAL_HAZARD_PRIMARY,2,1,16,5.75000000000000000e+00,1.08804373309742832e+01,U,6.45692616015745985e-02,1.42200717298082341e-01,,,NONE
LOCAL_NEUTRAL_HAZARD_PRIMARY,2,1,16,5.75000000000000000e+00,1.08804373309742832e+01,C,3.96949765246820963e-02,4.48970574645726650e+00,,,NONE
LOCAL_NEUTRAL_HAZARD_PRIMARY,2,1,16,5.75000000000000000e+00,1.08804373309742832e+01,J_G1,1.00102743364876326e-04,2.30470996879713307e-02,,,NONE
LOCAL_NEUTRAL_HAZARD_PRIMARY,2,1,16,5.75000000000000000e+00,1.08804373309742832e+01,J_G2a,4.34380595336566230e-05,4.44886331665369020e-02,,,NONE
LOCAL_NEUTRAL_HAZARD_PRIMARY,2,1,17,5.75000000000000000e+00,1.08804373309742832e+01,M,7.43816726854002125e-04,6.51005393390891030e-02,,,NONE
LOCAL_NEUTRAL_HAZARD_PRIMARY,2,1,17,5.75000000000000000e+00,1.08804373309742832e+01,I,1.36841485018103833e-02,6.49458792744348340e-02,,,NONE
LOCAL_NEUTRAL_HAZARD_PRIMARY,2,1,17,5.75000000000000000e+00,1.08804373309742832e+01,U,6.40156472096429785e-02,1.42127177351314804e-01,,,NONE
LOCAL_NEUTRAL_HAZARD_PRIMARY,2,1,17,5.75000000000000000e+00,1.08804373309742832e+01,C,3.90931666575997858e-02,4.48970574645482579e+00,,,NONE
LOCAL_NEUTRAL_HAZARD_PRIMARY,2,1,17,5.75000000000000000e+00,1.08804373309742832e+01,J_G1,2.66393231651407482e-06,2.26255360099118473e-02,,,NONE
LOCAL_NEUTRAL_HAZARD_PRIMARY,2,1,17,5.75000000000000000e+00,1.08804373309742832e+01,J_G2a,1.15598274194270637e-06,4.34891574165063646e-02,,,NONE
LOCAL_NEUTRAL_HAZARD_PRIMARY,2,2,0,5.75000000000000000e+00,1.08804373309742832e+01,M,4.45967362366765131e-03,4.03004332556674075e-02,,,NONE
LOCAL_NEUTRAL_HAZARD_PRIMARY,2,2,0,5.75000000000000000e+00,1.08804373309742832e+01,I,4.60248378489303087e-03,4.79718772465698370e-02,,,NONE
LOCAL_NEUTRAL_HAZARD_PRIMARY,2,2,0,5.75000000000000000e+00,1.08804373309742832e+01,U,5.01368390134643207e-03,8.62955628548675580e-02,,,NONE
LOCAL_NEUTRAL_HAZARD_PRIMARY,2,2,0,5.75000000000000000e+00,1.08804373309742832e+01,C,2.92498633440133309e-03,4.35055349955847959e+00,,,NONE
LOCAL_NEUTRAL_HAZARD_PRIMARY,2,2,0,5.75000000000000000e+00,1.08804373309742832e+01,J_G1,1.55844038080274602e-03,8.47724632791191368e-03,,,NONE
LOCAL_NEUTRAL_HAZARD_PRIMARY,2,2,0,5.75000000000000000e+00,1.08804373309742832e+01,J_G2a,4.21801086013036397e-03,4.45777893625149725e-03,,,NONE
LOCAL_NEUTRAL_HAZARD_PRIMARY,2,2,1,5.75000000000000000e+00,1.08804373309742832e+01,M,4.69578154739852191e-03,4.03004332556674075e-02,,,NONE
LOCAL_NEUTRAL_HAZARD_PRIMARY,2,2,1,5.75000000000000000e+00,1.08804373309742832e+01,I,5.19958814071371303e-03,4.79718772465698579e-02,,,NONE
LOCAL_NEUTRAL_HAZARD_PRIMARY,2,2,1,5.75000000000000000e+00,1.08804373309742832e+01,U,5.61071399454504943e-03,8.12768115317250989e-02,,,NONE
LOCAL_NEUTRAL_HAZARD_PRIMARY,2,2,1,5.75000000000000000e+00,1.08804373309742832e+01,C,3.52233169779195276e-03,4.35055349955849113e+00,,,NONE
LOCAL_NEUTRAL_HAZARD_PRIMARY,2,2,1,5.75000000000000000e+00,1.08804373309742832e+01,J_G1,1.55844038080331002e-03,3.34377107621918433e-03,,,NONE
LOCAL_NEUTRAL_HAZARD_PRIMARY,2,2,1,5.75000000000000000e+00,1.08804373309742832e+01,J_G2a,1.01923623877278710e-03,4.21801086013041428e-03,,,NONE
LOCAL_NEUTRAL_HAZARD_PRIMARY,2,2,2,5.75000000000000000e+00,1.08804373309742832e+01,M,4.69578154739852451e-03,4.03004332556674075e-02,,,NONE
LOCAL_NEUTRAL_HAZARD_PRIMARY,2,2,2,5.75000000000000000e+00,1.08804373309742832e+01,I,5.31667523205545112e-03,4.79718772465698162e-02,,,NONE
LOCAL_NEUTRAL_HAZARD_PRIMARY,2,2,2,5.75000000000000000e+00,1.08804373309742832e+01,U,5.72778550543845237e-03,8.02963932619942256e-02,,,NONE
LOCAL_NEUTRAL_HAZARD_PRIMARY,2,2,2,5.75000000000000000e+00,1.08804373309742832e+01,C,3.63947020472546890e-03,4.35055349955841741e+00,,,NONE
LOCAL_NEUTRAL_HAZARD_PRIMARY,2,2,2,5.75000000000000000e+00,1.08804373309742832e+01,J_G1,1.55844038080270113e-03,1.71058959143362060e-03,,,NONE
LOCAL_NEUTRAL_HAZARD_PRIMARY,2,2,2,5.75000000000000000e+00,1.08804373309742832e+01,J_G2a,4.65752463988936731e-04,4.21801086013076035e-03,,,NONE
LOCAL_NEUTRAL_HAZARD_PRIMARY,2,2,3,5.75000000000000000e+00,1.08804373309742832e+01,M,4.69578154739852018e-03,4.03004332556674075e-02,,,NONE
LOCAL_NEUTRAL_HAZARD_PRIMARY,2,2,3,5.75000000000000000e+00,1.08804373309742832e+01,I,5.39902884630991207e-03,4.79718772465698509e-02,,,NONE
LOCAL_NEUTRAL_HAZARD_PRIMARY,2,2,3,5.75000000000000000e+00,1.08804373309742832e+01,U,5.81012796114737697e-03,7.96075394977611428e-02,,,NONE
LOCAL_NEUTRAL_HAZARD_PRIMARY,2,2,3,5.75000000000000000e+00,1.08804373309742832e+01,C,3.72186079865614384e-03,4.35055349955843162e+00,,,NONE
LOCAL_NEUTRAL_HAZARD_PRIMARY,2,2,3,5.75000000000000000e+00,1.08804373309742832e+01,J_G1,8.58851620180101387e-04,1.55844038080287070e-03,,,NONE
LOCAL_NEUTRAL_HAZARD_PRIMARY,2,2,3,5.75000000000000000e+00,1.08804373309742832e+01,J_G2a,2.18725319399437200e-04,4.21801086013037004e-03,,,NONE
LOCAL_NEUTRAL_HAZARD_PRIMARY,2,2,4,5.75000000000000000e+00,1.08804373309742832e+01,M,4.69578154739852278e-03,4.03004332556674075e-02,,,NONE
LOCAL_NEUTRAL_HAZARD_PRIMARY,2,2,4,5.75000000000000000e+00,1.08804373309742832e+01,I,5.53247918254714567e-03,4.79718772465698509e-02,,,NONE
LOCAL_NEUTRAL_HAZARD_PRIMARY,2,2,4,5.75000000000000000e+00,1.08804373309742832e+01,U,5.94355986481240588e-03,7.84925551027819413e-02,,,NONE
LOCAL_NEUTRAL_HAZARD_PRIMARY,2,2,4,5.75000000000000000e+00,1.08804373309742832e+01,C,3.85537249019920645e-03,4.35055349955850090e+00,,,NONE
LOCAL_NEUTRAL_HAZARD_PRIMARY,2,2,4,5.75000000000000000e+00,1.08804373309742832e+01,J_G1,8.82815346716631625e-05,1.55844038080272997e-03,,,NONE
LOCAL_NEUTRAL_HAZARD_PRIMARY,2,2,4,5.75000000000000000e+00,1.08804373309742832e+01,J_G2a,1.94447703415316957e-05,4.21801086013010897e-03,,,NONE
LOCAL_NEUTRAL_HAZARD_PRIMARY,2,2,5,5.75000000000000000e+00,1.08804373309742832e+01,M,4.69578154739852191e-03,4.03004332556674214e-02,,,NONE
LOCAL_NEUTRAL_HAZARD_PRIMARY,2,2,5,5.75000000000000000e+00,1.08804373309742832e+01,I,5.54831557712977003e-03,4.79718772465698509e-02,,,NONE
LOCAL_NEUTRAL_HAZARD_PRIMARY,2,2,5,5.75000000000000000e+00,1.08804373309742832e+01,U,5.95939404323803275e-03,7.83603455253923525e-02,,,NONE
LOCAL_NEUTRAL_HAZARD_PRIMARY,2,2,5,5.75000000000000000e+00,1.08804373309742832e+01,C,3.87121628325109600e-03,4.35055349955850357e+00,,,NONE
LOCAL_NEUTRAL_HAZARD_PRIMARY,2,2,5,5.75000000000000000e+00,1.08804373309742832e+01,J_G1,2.25199805796334692e-06,1.55844038080288957e-03,,,NONE
LOCAL_NEUTRAL_HAZARD_PRIMARY,2,2,5,5.75000000000000000e+00,1.08804373309742832e+01,J_G2a,4.87116960528229725e-07,4.21801086013083928e-03,,,NONE
LOCAL_NEUTRAL_HAZARD_PRIMARY,2,2,6,5.75000000000000000e+00,1.08804373309742832e+01,M,4.41088620527755031e-03,4.03004332556674075e-02,,,NONE
LOCAL_NEUTRAL_HAZARD_PRIMARY,2,2,6,5.75000000000000000e+00,1.08804373309742832e+01,I,4.55369822620192884e-03,4.83070896737386249e-02,,,NONE
LOCAL_NEUTRAL_HAZARD_PRIMARY,2,2,6,5.75000000000000000e+00,1.08804373309742832e+01,U,4.96490402650992795e-03,9.91359404185845616e-02,,,NONE
LOCAL_NEUTRAL_HAZARD_PRIMARY,2,2,6,5.75000000000000000e+00,1.08804373309742832e+01,C,2.87618265052797450e-03,4.38095380242576837e+00,,,NONE
LOCAL_NEUTRAL_HAZARD_PRIMARY,2,2,6,5.75000000000000000e+00,1.08804373309742832e+01,J_G1,1.55844038080253352e-03,2.80579567062841650e-02,,,NONE
LOCAL_NEUTRAL_HAZARD_PRIMARY,2,2,6,5.75000000000000000e+00,1.08804373309742832e+01,J_G2a,4.21801086013056346e-03,1.53106442917427515e-02,,,NONE
LOCAL_NEUTRAL_HAZARD_PRIMARY,2,2,7,5.75000000000000000e+00,1.08804373309742832e+01,M,4.69578154739852451e-03,4.03004332556674075e-02,,,NONE
LOCAL_NEUTRAL_HAZARD_PRIMARY,2,2,7,5.75000000000000000e+00,1.08804373309742832e+01,I,4.87007252274555911e-03,4.83070896737386735e-02,,,NONE
LOCAL_NEUTRAL_HAZARD_PRIMARY,2,2,7,5.75000000000000000e+00,1.08804373309742832e+01,U,5.28124043246042812e-03,9.64714333942330859e-02,,,NONE
LOCAL_NEUTRAL_HAZARD_PRIMARY,2,2,7,5.75000000000000000e+00,1.08804373309742832e+01,C,3.19267869615563835e-03,4.38095380242577370e+00,,,NONE
LOCAL_NEUTRAL_HAZARD_PRIMARY,2,2,7,5.75000000000000000e+00,1.08804373309742832e+01,J_G1,1.55844038080348631e-03,2.69461718205296838e-02,,,NONE
LOCAL_NEUTRAL_HAZARD_PRIMARY,2,2,7,5.75000000000000000e+00,1.08804373309742832e+01,J_G2a,4.21801086013107347e-03,1.14693233615625438e-02,,,NONE
LOCAL_NEUTRAL_HAZARD_PRIMARY,2,2,8,5.75000000000000000e+00,1.08804373309742832e+01,M,4.69578154739852364e-03,4.03004332556674075e-02,,,NONE
LOCAL_NEUTRAL_HAZARD_PRIMARY,2,2,8,5.75000000000000000e+00,1.08804373309742832e+01,I,5.04388329321582476e-03,4.83070896737386457e-02,,,NONE
LOCAL_NEUTRAL_HAZARD_PRIMARY,2,2,8,5.75000000000000000e+00,1.08804373309742832e+01,U,5.45502934908297186e-03,9.50113969796971963e-02,,,NONE
LOCAL_NEUTRAL_HAZARD_PRIMARY,2,2,8,5.75000000000000000e+00,1.08804373309742832e+01,C,3.36656058783269072e-03,4.38095380242568844e+00,,,NONE
LOCAL_NEUTRAL_HAZARD_PRIMARY,2,2,8,5.75000000000000000e+00,1.08804373309742832e+01,J_G1,1.55844038080280717e-03,1.28306431748146602e-02,,,NONE
LOCAL_NEUTRAL_HAZARD_PRIMARY,2,2,8,5.75000000000000000e+00,1.08804373309742832e+01,J_G2a,4.21801086013133628e-03,4.71371492471241767e-03,,,NONE
LOCAL_NEUTRAL_HAZARD_PRIMARY,2,2,9,5.75000000000000000e+00,1.08804373309742832e+01,M,4.69578154739852364e-03,4.03004332556674005e-02,,,NONE
LOCAL_NEUTRAL_HAZARD_PRIMARY,2,2,9,5.75000000000000000e+00,1.08804373309742832e+01,I,5.13085081775737240e-03,4.83070896737386249e-02,,,NONE
LOCAL_NEUTRAL_HAZARD_PRIMARY,2,2,9,5.75000000000000000e+00,1.08804373309742832e+01,U,5.54198566274752974e-03,9.42818650600222713e-02,,,NONE
LOCAL_NEUTRAL_HAZARD_PRIMARY,2,2,9,5.75000000000000000e+00,1.08804373309742832e+01,C,3.45356482556161311e-03,4.38095380242577903e+00,,,NONE
LOCAL_NEUTRAL_HAZARD_PRIMARY,2,2,9,5.75000000000000000e+00,1.08804373309742832e+01,J_G1,1.55844038080285357e-03,6.18499427175760695e-03,,,NONE
LOCAL_NEUTRAL_HAZARD_PRIMARY,2,2,9,5.75000000000000000e+00,1.08804373309742832e+01,J_G2a,2.00855773768819981e-03,4.21801086013152884e-03,,,NONE
LOCAL_NEUTRAL_HAZARD_PRIMARY,2,2,10,5.75000000000000000e+00,1.08804373309742832e+01,M,4.69578154739852364e-03,4.03004332556674075e-02,,,NONE
LOCAL_NEUTRAL_HAZARD_PRIMARY,2,2,10,5.75000000000000000e+00,1.08804373309742832e+01,I,5.26388754794610437e-03,4.83070896737386665e-02,,,NONE
LOCAL_NEUTRAL_HAZARD_PRIMARY,2,2,10,5.75000000000000000e+00,1.08804373309742832e+01,U,5.67500488696430234e-03,9.31671775514951728e-02,,,NONE
LOCAL_NEUTRAL_HAZARD_PRIMARY,2,2,10,5.75000000000000000e+00,1.08804373309742832e+01,C,3.58665917165076854e-03,4.38095380242574350e+00,,,NONE
LOCAL_NEUTRAL_HAZARD_PRIMARY,2,2,10,5.75000000000000000e+00,1.08804373309742832e+01,J_G1,5.85092943669435726e-04,1.55844038080314392e-03,,,NONE
LOCAL_NEUTRAL_HAZARD_PRIMARY,2,2,10,5.75000000000000000e+00,1.08804373309742832e+01,J_G2a,1.70634683673911395e-04,4.21801086013064760e-03,,,NONE
LOCAL_NEUTRAL_HAZARD_PRIMARY,2,2,11,5.75000000000000000e+00,1.08804373309742832e+01,M,4.69578154739852364e-03,4.03004332556674075e-02,,,NONE
LOCAL_NEUTRAL_HAZARD_PRIMARY,2,2,11,5.75000000000000000e+00,1.08804373309742832e+01,I,5.29165280035908455e-03,4.83070896737386318e-02,,,NONE
LOCAL_NEUTRAL_HAZARD_PRIMARY,2,2,11,5.75000000000000000e+00,1.08804373309742832e+01,U,5.70276643145546484e-03,9.29347360071881429e-02,,,NONE
LOCAL_NEUTRAL_HAZARD_PRIMARY,2,2,11,5.75000000000000000e+00,1.08804373309742832e+01,C,3.61443667061580242e-03,4.38095380242578880e+00,,,NONE
LOCAL_NEUTRAL_HAZARD_PRIMARY,2,2,11,5.75000000000000000e+00,1.08804373309742832e+01,J_G1,1.49528434484871840e-05,1.55844038080269723e-03,,,NONE
LOCAL_NEUTRAL_HAZARD_PRIMARY,2,2,11,5.75000000000000000e+00,1.08804373309742832e+01,J_G2a,4.24450075538013914e-06,4.21801086013064847e-03,,,NONE
LOCAL_NEUTRAL_HAZARD_PRIMARY,2,2,12,5.75000000000000000e+00,1.08804373309742832e+01,M,4.27142920277565237e-03,4.03004332556674075e-02,,,NONE
LOCAL_NEUTRAL_HAZARD_PRIMARY,2,2,12,5.75000000000000000e+00,1.08804373309742832e+01,I,4.41424642856168455e-03,4.95062554609121061e-02,,,NONE
LOCAL_NEUTRAL_HAZARD_PRIMARY,2,2,12,5.75000000000000000e+00,1.08804373309742832e+01,U,4.82546815634396931e-03,1.44775614776642941e-01,,,NONE
LOCAL_NEUTRAL_HAZARD_PRIMARY,2,2,12,5.75000000000000000e+00,1.08804373309742832e+01,C,2.73668034722396271e-03,4.48970574645726117e+00,,,NONE
LOCAL_NEUTRAL_HAZARD_PRIMARY,2,2,12,5.75000000000000000e+00,1.08804373309742832e+01,J_G1,1.55844038080312310e-03,1.48975224700924388e-02,,,NONE
LOCAL_NEUTRAL_HAZARD_PRIMARY,2,2,12,5.75000000000000000e+00,1.08804373309742832e+01,J_G2a,4.21801086013067796e-03,9.01804694103007856e-03,,,NONE
LOCAL_NEUTRAL_HAZARD_PRIMARY,2,2,13,5.75000000000000000e+00,1.08804373309742832e+01,M,4.41826860343041104e-03,4.03004332556674075e-02,,,NONE
LOCAL_NEUTRAL_HAZARD_PRIMARY,2,2,13,5.75000000000000000e+00,1.08804373309742832e+01,I,4.56108034424213514e-03,4.95062554609120575e-02,,,NONE
LOCAL_NEUTRAL_HAZARD_PRIMARY,2,2,13,5.75000000000000000e+00,1.08804373309742832e+01,U,4.97228528820392330e-03,1.43536032177345119e-01,,,NONE
LOCAL_NEUTRAL_HAZARD_PRIMARY,2,2,13,5.75000000000000000e+00,1.08804373309742832e+01,C,2.88356749603933338e-03,4.48970574645730469e+00,,,NONE
LOCAL_NEUTRAL_HAZARD_PRIMARY,2,2,13,5.75000000000000000e+00,1.08804373309742832e+01,J_G1,1.55844038080295072e-03,9.99476606537178826e-03,,,NONE
LOCAL_NEUTRAL_HAZARD_PRIMARY,2,2,13,5.75000000000000000e+00,1.08804373309742832e+01,J_G2a,4.21801086013083842e-03,5.42361658951398366e-03,,,NONE
LOCAL_NEUTRAL_HAZARD_PRIMARY,2,2,14,5.75000000000000000e+00,1.08804373309742832e+01,M,4.38527553054360829e-03,4.03004332556674075e-02,,,NONE
LOCAL_NEUTRAL_HAZARD_PRIMARY,2,2,14,5.75000000000000000e+00,1.08804373309742832e+01,I,4.52808851964853730e-03,4.95062554609120714e-02,,,NONE
LOCAL_NEUTRAL_HAZARD_PRIMARY,2,2,14,5.75000000000000000e+00,1.08804373309742832e+01,U,4.93929728046583940e-03,1.43814383213705599e-01,,,NONE
LOCAL_NEUTRAL_HAZARD_PRIMARY,2,2,14,5.75000000000000000e+00,1.08804373309742832e+01,C,2.85056352394533457e-03,4.48970574645730292e+00,,,NONE
LOCAL_NEUTRAL_HAZARD_PRIMARY,2,2,14,5.75000000000000000e+00,1.08804373309742832e+01,J_G1,1.55844038080293684e-03,1.88518965007063275e-03,,,NONE
LOCAL_NEUTRAL_HAZARD_PRIMARY,2,2,14,5.75000000000000000e+00,1.08804373309742832e+01,J_G2a,1.00167545932566002e-03,4.21801086013083755e-03,,,NONE
LOCAL_NEUTRAL_HAZARD_PRIMARY,2,2,15,5.75000000000000000e+00,1.08804373309742832e+01,M,4.52696312907275265e-03,4.03004332556674075e-02,,,NONE
LOCAL_NEUTRAL_HAZARD_PRIMARY,2,2,15,5.75000000000000000e+00,1.08804373309742832e+01,I,4.66977069229768983e-03,4.95062554609120645e-02,,,NONE
LOCAL_NEUTRAL_HAZARD_PRIMARY,2,2,15,5.75000000000000000e+00,1.08804373309742832e+01,U,5.08096287426451198e-03,1.42619704273624831e-01,,,NONE
LOCAL_NEUTRAL_HAZARD_PRIMARY,2,2,15,5.75000000000000000e+00,1.08804373309742832e+01,C,2.99229862889129148e-03,4.48970574645730824e+00,,,NONE
LOCAL_NEUTRAL_HAZARD_PRIMARY,2,2,15,5.75000000000000000e+00,1.08804373309742832e+01,J_G1,1.55844038080262676e-03,2.38181416187915928e-03,,,NONE
LOCAL_NEUTRAL_HAZARD_PRIMARY,2,2,15,5.75000000000000000e+00,1.08804373309742832e+01,J_G2a,1.13596472197457230e-03,4.21801086013063892e-03,,,NONE
LOCAL_NEUTRAL_HAZARD_PRIMARY,2,2,16,5.75000000000000000e+00,1.08804373309742832e+01,M,4.57670506383403130e-03,4.03004332556674075e-02,,,NONE
LOCAL_NEUTRAL_HAZARD_PRIMARY,2,2,16,5.75000000000000000e+00,1.08804373309742832e+01,I,4.71951068193974220e-03,4.95062554609120853e-02,,,NONE
LOCAL_NEUTRAL_HAZARD_PRIMARY,2,2,16,5.75000000000000000e+00,1.08804373309742832e+01,U,5.13069692768048161e-03,1.42200717298082341e-01,,,NONE
LOCAL_NEUTRAL_HAZARD_PRIMARY,2,2,16,5.75000000000000000e+00,1.08804373309742832e+01,C,3.04205767451977286e-03,4.48970574645726650e+00,,,NONE
LOCAL_NEUTRAL_HAZARD_PRIMARY,2,2,16,5.75000000000000000e+00,1.08804373309742832e+01,J_G1,2.36304959084525211e-04,1.55844038080309557e-03,,,NONE
LOCAL_NEUTRAL_HAZARD_PRIMARY,2,2,16,5.75000000000000000e+00,1.08804373309742832e+01,J_G2a,1.10264683925734487e-04,4.21801086013054438e-03,,,NONE
LOCAL_NEUTRAL_HAZARD_PRIMARY,2,2,17,5.75000000000000000e+00,1.08804373309742832e+01,M,4.58543840244440577e-03,4.03004332556974737e-02,,,NONE
LOCAL_NEUTRAL_HAZARD_PRIMARY,2,2,17,5.75000000000000000e+00,1.08804373309742832e+01,I,4.72824367688012143e-03,4.95062554608854191e-02,,,NONE
LOCAL_NEUTRAL_HAZARD_PRIMARY,2,2,17,5.75000000000000000e+00,1.08804373309742832e+01,U,5.13942887416275924e-03,1.42127177351314804e-01,,,NONE
LOCAL_NEUTRAL_HAZARD_PRIMARY,2,2,17,5.75000000000000000e+00,1.08804373309742832e+01,C,3.05079404055311242e-03,4.48970574645482579e+00,,,NONE
LOCAL_NEUTRAL_HAZARD_PRIMARY,2,2,17,5.75000000000000000e+00,1.08804373309742832e+01,J_G1,6.25931479215829926e-06,1.55844038025782319e-03,,,NONE
LOCAL_NEUTRAL_HAZARD_PRIMARY,2,2,17,5.75000000000000000e+00,1.08804373309742832e+01,J_G2a,2.90073206664372014e-06,4.21801086022305979e-03,,,NONE
LOCAL_NEUTRAL_HAZARD_PRIMARY,3,1,0,5.65000000000000036e+00,1.12923124578075225e+01,M,4.69578154739852364e-03,9.77325093546901336e-02,,,NONE
LOCAL_NEUTRAL_HAZARD_PRIMARY,3,1,0,5.65000000000000036e+00,1.12923124578075225e+01,I,1.27297622648212434e-02,1.06607486746261373e-01,,,NONE
LOCAL_NEUTRAL_HAZARD_PRIMARY,3,1,0,5.65000000000000036e+00,1.12923124578075225e+01,U,5.47559930989949678e-02,1.51703352548248349e-01,,,NONE
LOCAL_NEUTRAL_HAZARD_PRIMARY,3,1,0,5.65000000000000036e+00,1.12923124578075225e+01,C,4.19388841153324615e-02,8.53584431256214415e+00,,,NONE
LOCAL_NEUTRAL_HAZARD_PRIMARY,3,1,0,5.65000000000000036e+00,1.12923124578075225e+01,J_G1,3.82979604883215610e-03,3.10174041805410493e-02,,,NONE
LOCAL_NEUTRAL_HAZARD_PRIMARY,3,1,0,5.65000000000000036e+00,1.12923124578075225e+01,J_G2a,2.04235414114224386e-03,5.19468803063055234e-02,,,NONE
LOCAL_NEUTRAL_HAZARD_PRIMARY,3,1,1,5.65000000000000036e+00,1.12923124578075225e+01,M,4.69578154739852191e-03,9.77325093546901336e-02,,,NONE
LOCAL_NEUTRAL_HAZARD_PRIMARY,3,1,1,5.65000000000000036e+00,1.12923124578075225e+01,I,1.27297622648212122e-02,1.06607486746261401e-01,,,NONE
LOCAL_NEUTRAL_HAZARD_PRIMARY,3,1,1,5.65000000000000036e+00,1.12923124578075225e+01,U,4.92916766158292136e-02,1.46188519330657213e-01,,,NONE
LOCAL_NEUTRAL_HAZARD_PRIMARY,3,1,1,5.65000000000000036e+00,1.12923124578075225e+01,C,5.38501952067831774e-02,8.53584431256213350e+00,,,NONE
LOCAL_NEUTRAL_HAZARD_PRIMARY,3,1,1,5.65000000000000036e+00,1.12923124578075225e+01,J_G1,1.25740844336959712e-03,4.64749563699620866e-02,,,NONE
LOCAL_NEUTRAL_HAZARD_PRIMARY,3,1,1,5.65000000000000036e+00,1.12923124578075225e+01,J_G2a,4.33484373729481863e-04,6.15041557498872057e-02,,,NONE
LOCAL_NEUTRAL_HAZARD_PRIMARY,3,1,2,5.65000000000000036e+00,1.12923124578075225e+01,M,4.69578154739852451e-03,9.77325093546900919e-02,,,NONE
LOCAL_NEUTRAL_HAZARD_PRIMARY,3,1,2,5.65000000000000036e+00,1.12923124578075225e+01,I,1.27297622648212313e-02,1.06607486746261401e-01,,,NONE
LOCAL_NEUTRAL_HAZARD_PRIMARY,3,1,2,5.65000000000000036e+00,1.12923124578075225e+01,U,4.82158833905947104e-02,1.45123855306297594e-01,,,NONE
LOCAL_NEUTRAL_HAZARD_PRIMARY,3,1,2,5.65000000000000036e+00,1.12923124578075225e+01,C,5.15824476135339910e-02,8.53584431256212461e+00,,,NONE
LOCAL_NEUTRAL_HAZARD_PRIMARY,3,1,2,5.65000000000000036e+00,1.12923124578075225e+01,J_G1,6.57073369130988785e-04,4.47179925571092804e-02,,,NONE
LOCAL_NEUTRAL_HAZARD_PRIMARY,3,1,2,5.65000000000000036e+00,1.12923124578075225e+01,J_G2a,2.05577683251103590e-04,5.85947341419626871e-02,,,NONE
LOCAL_NEUTRAL_HAZARD_PRIMARY,3,1,3,5.65000000000000036e+00,1.12923124578075225e+01,M,4.69578154739852018e-03,9.77325093546900642e-02,,,NONE
LOCAL_NEUTRAL_HAZARD_PRIMARY,3,1,3,5.65000000000000036e+00,1.12923124578075225e+01,I,1.27297622648212278e-02,1.06607486746261346e-01,,,NONE
LOCAL_NEUTRAL_HAZARD_PRIMARY,3,1,3,5.65000000000000036e+00,1.12923124578075225e+01,U,4.74583746482917859e-02,1.44292117270757386e-01,,,NONE
LOCAL_NEUTRAL_HAZARD_PRIMARY,3,1,3,5.65000000000000036e+00,1.12923124578075225e+01,C,5.02987805321504222e-02,8.53584431256226317e+00,,,NONE
LOCAL_NEUTRAL_HAZARD_PRIMARY,3,1,3,5.65000000000000036e+00,1.12923124578075225e+01,J_G1,3.39832223318897644e-04,4.36636318219231212e-02,,,NONE
LOCAL_NEUTRAL_HAZARD_PRIMARY,3,1,3,5.65000000000000036e+00,1.12923124578075225e+01,J_G2a,9.81587536016192497e-05,5.72820518630701575e-02,,,NONE
LOCAL_NEUTRAL_HAZARD_PRIMARY,3,1,4,5.65000000000000036e+00,1.12923124578075225e+01,M,4.69578154739852278e-03,9.77325093546900781e-02,,,NONE
LOCAL_NEUTRAL_HAZARD_PRIMARY,3,1,4,5.65000000000000036e+00,1.12923124578075225e+01,I,1.27297622648212400e-02,1.06607486746261346e-01,,,NONE
LOCAL_NEUTRAL_HAZARD_PRIMARY,3,1,4,5.65000000000000036e+00,1.12923124578075225e+01,U,4.62293798834313707e-02,1.42823787590575568e-01,,,NONE
LOCAL_NEUTRAL_HAZARD_PRIMARY,3,1,4,5.65000000000000036e+00,1.12923124578075225e+01,C,5.06863636335287623e-02,8.53584431256228804e+00,,,NONE
LOCAL_NEUTRAL_HAZARD_PRIMARY,3,1,4,5.65000000000000036e+00,1.12923124578075225e+01,J_G1,3.46728114637214968e-05,4.42811246491311358e-02,,,NONE
LOCAL_NEUTRAL_HAZARD_PRIMARY,3,1,4,5.65000000000000036e+00,1.12923124578075225e+01,J_G2a,8.60575169634079434e-06,5.83830549120184158e-02,,,NONE
LOCAL_NEUTRAL_HAZARD_PRIMARY,3,1,5,5.65000000000000036e+00,1.12923124578075225e+01,M,4.69578154739852191e-03,9.77325093546900781e-02,,,NONE
LOCAL_NEUTRAL_HAZARD_PRIMARY,3,1,5,5.65000000000000036e+00,1.12923124578075225e+01,I,1.27297622648212105e-02,1.06607486746261360e-01,,,NONE
LOCAL_NEUTRAL_HAZARD_PRIMARY,3,1,5,5.65000000000000036e+00,1.12923124578075225e+01,U,4.60834143853557018e-02,1.42663228617282450e-01,,,NONE
LOCAL_NEUTRAL_HAZARD_PRIMARY,3,1,5,5.65000000000000036e+00,1.12923124578075225e+01,C,5.04478488424172089e-02,8.53584431256221698e+00,,,NONE
LOCAL_NEUTRAL_HAZARD_PRIMARY,3,1,5,5.65000000000000036e+00,1.12923124578075225e+01,J_G1,8.86582293525428244e-07,4.40838148668230428e-02,,,NONE
LOCAL_NEUTRAL_HAZARD_PRIMARY,3,1,5,5.65000000000000036e+00,1.12923124578075225e+01,J_G2a,2.16224061570790093e-07,5.81494326778483200e-02,,,NONE
LOCAL_NEUTRAL_HAZARD_PRIMARY,3,1,6,5.65000000000000036e+00,1.12923124578075225e+01,M,4.69578154739852364e-03,9.77325093546901336e-02,,,NONE
LOCAL_NEUTRAL_HAZARD_PRIMARY,3,1,6,5.65000000000000036e+00,1.12923124578075225e+01,I,1.30834297409176872e-02,1.06949484494709784e-01,,,NONE
LOCAL_NEUTRAL_HAZARD_PRIMARY,3,1,6,5.65000000000000036e+00,1.12923124578075225e+01,U,6.89887069743896908e-02,1.65748501084998084e-01,,,NONE
LOCAL_NEUTRAL_HAZARD_PRIMARY,3,1,6,5.65000000000000036e+00,1.12923124578075225e+01,C,5.91179460271075777e-02,8.56291384891403062e+00,,,NONE
LOCAL_NEUTRAL_HAZARD_PRIMARY,3,1,6,5.65000000000000036e+00,1.12923124578075225e+01,J_G1,1.02610059723945036e-02,4.87649507982854877e-02,,,NONE
LOCAL_NEUTRAL_HAZARD_PRIMARY,3,1,6,5.65000000000000036e+00,1.12923124578075225e+01,J_G2a,5.71471981285599524e-03,6.79969709904347380e-02,,,NONE
LOCAL_NEUTRAL_HAZARD_PRIMARY,3,1,7,5.65000000000000036e+00,1.12923124578075225e+01,M,4.69578154739852451e-03,9.77325093546900781e-02,,,NONE
LOCAL_NEUTRAL_HAZARD_PRIMARY,3,1,7,5.65000000000000036e+00,1.12923124578075225e+01,I,1.30834297409176872e-02,1.06949484494709743e-01,,,NONE
LOCAL_NEUTRAL_HAZARD_PRIMARY,3,1,7,5.65000000000000036e+00,1.12923124578075225e+01,U,6.54457402934527366e-02,1.63083847946203425e-01,,,NONE
LOCAL_NEUTRAL_HAZARD_PRIMARY,3,1,7,5.65000000000000036e+00,1.12923124578075225e+01,C,5.01845310002087125e-02,8.56291384891401819e+00,,,NONE
LOCAL_NEUTRAL_HAZARD_PRIMARY,3,1,7,5.65000000000000036e+00,1.12923124578075225e+01,J_G1,1.07243940162739960e-02,4.17636196396125939e-02,,,NONE
LOCAL_NEUTRAL_HAZARD_PRIMARY,3,1,7,5.65000000000000036e+00,1.12923124578075225e+01,J_G2a,4.91208036178456507e-03,5.73491191180139220e-02,,,NONE
LOCAL_NEUTRAL_HAZARD_PRIMARY,3,1,8,5.65000000000000036e+00,1.12923124578075225e+01,M,4.69578154739852364e-03,9.77325093546900781e-02,,,NONE
LOCAL_NEUTRAL_HAZARD_PRIMARY,3,1,8,5.65000000000000036e+00,1.12923124578075225e+01,I,1.30834297409176802e-02,1.06949484494709798e-01,,,NONE
LOCAL_NEUTRAL_HAZARD_PRIMARY,3,1,8,5.65000000000000036e+00,1.12923124578075225e+01,U,6.37232886647808722e-02,1.61519436903837105e-01,,,NONE
LOCAL_NEUTRAL_HAZARD_PRIMARY,3,1,8,5.65000000000000036e+00,1.12923124578075225e+01,C,4.83516376507554385e-02,8.56291384891399865e+00,,,NONE
LOCAL_NEUTRAL_HAZARD_PRIMARY,3,1,8,5.65000000000000036e+00,1.12923124578075225e+01,J_G1,5.16314086886966034e-03,4.08400477657123590e-02,,,NONE
LOCAL_NEUTRAL_HAZARD_PRIMARY,3,1,8,5.65000000000000036e+00,1.12923124578075225e+01,J_G2a,2.09041388221953414e-03,5.45700011426994216e-02,,,NONE
LOCAL_NEUTRAL_HAZARD_PRIMARY,3,1,9,5.65000000000000036e+00,1.12923124578075225e+01,M,4.69578154739852364e-03,9.77325093546900781e-02,,,NONE
LOCAL_NEUTRAL_HAZARD_PRIMARY,3,1,9,5.65000000000000036e+00,1.12923124578075225e+01,I,1.30834297409176768e-02,1.06949484494709715e-01,,,NONE
LOCAL_NEUTRAL_HAZARD_PRIMARY,3,1,9,5.65000000000000036e+00,1.12923124578075225e+01,U,6.37104448989822408e-02,1.60543529241636479e-01,,,NONE
LOCAL_NEUTRAL_HAZARD_PRIMARY,3,1,9,5.65000000000000036e+00,1.12923124578075225e+01,C,4.83953141469345774e-02,8.56291384891412122e+00,,,NONE
LOCAL_NEUTRAL_HAZARD_PRIMARY,3,1,9,5.65000000000000036e+00,1.12923124578075225e+01,J_G1,2.48350493959908656e-03,4.10214491699204820e-02,,,NONE
LOCAL_NEUTRAL_HAZARD_PRIMARY,3,1,9,5.65000000000000036e+00,1.12923124578075225e+01,J_G2a,9.27254650220828754e-04,5.50289748887744790e-02,,,NONE
LOCAL_NEUTRAL_HAZARD_PRIMARY,3,1,10,5.65000000000000036e+00,1.12923124578075225e+01,M,4.69578154739852364e-03,9.77325093546900919e-02,,,NONE
LOCAL_NEUTRAL_HAZARD_PRIMARY,3,1,10,5.65000000000000036e+00,1.12923124578075225e+01,I,1.30834297409176681e-02,1.06949484494709743e-01,,,NONE
LOCAL_NEUTRAL_HAZARD_PRIMARY,3,1,10,5.65000000000000036e+00,1.12923124578075225e+01,U,6.14802836476887188e-02,1.59263148945249428e-01,,,NONE
LOCAL_NEUTRAL_HAZARD_PRIMARY,3,1,10,5.65000000000000036e+00,1.12923124578075225e+01,C,4.59701346577654560e-02,8.56291384891414786e+00,,,NONE
LOCAL_NEUTRAL_HAZARD_PRIMARY,3,1,10,5.65000000000000036e+00,1.12923124578075225e+01,J_G1,2.44516246664747236e-04,3.90880774566235017e-02,,,NONE
LOCAL_NEUTRAL_HAZARD_PRIMARY,3,1,10,5.65000000000000036e+00,1.12923124578075225e+01,J_G2a,8.16227472982914977e-05,5.21710901802822855e-02,,,NONE
LOCAL_NEUTRAL_HAZARD_PRIMARY,3,1,11,5.65000000000000036e+00,1.12923124578075225e+01,M,4.69578154739852364e-03,9.77325093546900642e-02,,,NONE
LOCAL_NEUTRAL_HAZARD_PRIMARY,3,1,11,5.65000000000000036e+00,1.12923124578075225e+01,I,1.30834297409176837e-02,1.06949484494709715e-01,,,NONE
LOCAL_NEUTRAL_HAZARD_PRIMARY,3,1,11,5.65000000000000036e+00,1.12923124578075225e+01,U,6.15922710014989647e-02,1.58976149536337152e-01,,,NONE
LOCAL_NEUTRAL_HAZARD_PRIMARY,3,1,11,5.65000000000000036e+00,1.12923124578075225e+01,C,4.60888943933663794e-02,8.56291384891412122e+00,,,NONE
LOCAL_NEUTRAL_HAZARD_PRIMARY,3,1,11,5.65000000000000036e+00,1.12923124578075225e+01,J_G1,6.23413484338738758e-06,3.92879080790030852e-02,,,NONE
LOCAL_NEUTRAL_HAZARD_PRIMARY,3,1,11,5.65000000000000036e+00,1.12923124578075225e+01,J_G2a,2.02741538851549301e-06,5.22879657364800771e-02,,,NONE
LOCAL_NEUTRAL_HAZARD_PRIMARY,3,1,12,5.65000000000000036e+00,1.12923124578075225e+01,M,4.69578154739852191e-03,9.77325093546900642e-02,,,NONE
LOCAL_NEUTRAL_HAZARD_PRIMARY,3,1,12,5.65000000000000036e+00,1.12923124578075225e+01,I,1.43486153456185792e-02,1.08200869473170924e-01,,,NONE
LOCAL_NEUTRAL_HAZARD_PRIMARY,3,1,12,5.65000000000000036e+00,1.12923124578075225e+01,U,4.95135140261758824e-02,2.17199617584436400e-01,,,NONE
LOCAL_NEUTRAL_HAZARD_PRIMARY,3,1,12,5.65000000000000036e+00,1.12923124578075225e+01,C,3.33652800108746872e-02,8.66196248686057402e+00,,,NONE
LOCAL_NEUTRAL_HAZARD_PRIMARY,3,1,12,5.65000000000000036e+00,1.12923124578075225e+01,J_G1,7.35799714758160039e-03,2.33082449143371777e-02,,,NONE
LOCAL_NEUTRAL_HAZARD_PRIMARY,3,1,12,5.65000000000000036e+00,1.12923124578075225e+01,J_G2a,4.79537438419380419e-03,3.96434083717126101e-02,,,NONE
LOCAL_NEUTRAL_HAZARD_PRIMARY,3,1,13,5.65000000000000036e+00,1.12923124578075225e+01,M,4.69578154739852364e-03,9.77325093546900919e-02,,,NONE
LOCAL_NEUTRAL_HAZARD_PRIMARY,3,1,13,5.65000000000000036e+00,1.12923124578075225e+01,I,1.43486153456185740e-02,1.08200869473170924e-01,,,NONE
LOCAL_NEUTRAL_HAZARD_PRIMARY,3,1,13,5.65000000000000036e+00,1.12923124578075225e+01,U,6.08183401823558581e-02,2.15982065373285292e-01,,,NONE
LOCAL_NEUTRAL_HAZARD_PRIMARY,3,1,13,5.65000000000000036e+00,1.12923124578075225e+01,C,4.52684657908908814e-02,8.66196248686042125e+00,,,NONE
LOCAL_NEUTRAL_HAZARD_PRIMARY,3,1,13,5.65000000000000036e+00,1.12923124578075225e+01,J_G1,4.22808137427887771e-03,3.66261315140019653e-02,,,NONE
LOCAL_NEUTRAL_HAZARD_PRIMARY,3,1,13,5.65000000000000036e+00,1.12923124578075225e+01,J_G2a,2.53755061233279598e-03,5.02433061996767766e-02,,,NONE
LOCAL_NEUTRAL_HAZARD_PRIMARY,3,1,14,5.65000000000000036e+00,1.12923124578075225e+01,M,4.69578154739852451e-03,9.77325093546900919e-02,,,NONE
LOCAL_NEUTRAL_HAZARD_PRIMARY,3,1,14,5.65000000000000036e+00,1.12923124578075225e+01,I,1.43486153456185983e-02,1.08200869473170924e-01,,,NONE
LOCAL_NEUTRAL_HAZARD_PRIMARY,3,1,14,5.65000000000000036e+00,1.12923124578075225e+01,U,4.09013569462896576e-02,2.16468314328739531e-01,,,NONE
LOCAL_NEUTRAL_HAZARD_PRIMARY,3,1,14,5.65000000000000036e+00,1.12923124578075225e+01,C,2.43976597215031024e-02,8.66196248686058112e+00,,,NONE
LOCAL_NEUTRAL_HAZARD_PRIMARY,3,1,14,5.65000000000000036e+00,1.12923124578075225e+01,J_G1,1.01752322958888197e-03,1.55447728317126277e-02,,,NONE
LOCAL_NEUTRAL_HAZARD_PRIMARY,3,1,14,5.65000000000000036e+00,1.12923124578075225e+01,J_G2a,6.31287078018233274e-04,2.90790989602887351e-02,,,NONE
LOCAL_NEUTRAL_HAZARD_PRIMARY,3,1,15,5.65000000000000036e+00,1.12923124578075225e+01,M,4.69578154739852364e-03,9.77325093546900919e-02,,,NONE
LOCAL_NEUTRAL_HAZARD_PRIMARY,3,1,15,5.65000000000000036e+00,1.12923124578075225e+01,I,1.43486153456185914e-02,1.08200869473170966e-01,,,NONE
LOCAL_NEUTRAL_HAZARD_PRIMARY,3,1,15,5.65000000000000036e+00,1.12923124578075225e+01,U,5.70050532254689143e-02,2.15115810589092127e-01,,,NONE
LOCAL_NEUTRAL_HAZARD_PRIMARY,3,1,15,5.65000000000000036e+00,1.12923124578075225e+01,C,4.12364751987032152e-02,8.66196248686042125e+00,,,NONE
LOCAL_NEUTRAL_HAZARD_PRIMARY,3,1,15,5.65000000000000036e+00,1.12923124578075225e+01,J_G1,1.04683398182892984e-03,3.33737151405970045e-02,,,NONE
LOCAL_NEUTRAL_HAZARD_PRIMARY,3,1,15,5.65000000000000036e+00,1.12923124578075225e+01,J_G2a,5.91631305736057688e-04,4.52088531915478334e-02,,,NONE
LOCAL_NEUTRAL_HAZARD_PRIMARY,3,1,16,5.65000000000000036e+00,1.12923124578075225e+01,M,4.69578154739852451e-03,9.77325093546900781e-02,,,NONE
LOCAL_NEUTRAL_HAZARD_PRIMARY,3,1,16,5.65000000000000036e+00,1.12923124578075225e+01,I,1.43486153456185792e-02,1.08200869473170924e-01,,,NONE
LOCAL_NEUTRAL_HAZARD_PRIMARY,3,1,16,5.65000000000000036e+00,1.12923124578075225e+01,U,5.59268426466363183e-02,2.14499695940817192e-01,,,NONE
LOCAL_NEUTRAL_HAZARD_PRIMARY,3,1,16,5.65000000000000036e+00,1.12923124578075225e+01,C,4.00995512879261592e-02,8.66196248686046388e+00,,,NONE
LOCAL_NEUTRAL_HAZARD_PRIMARY,3,1,16,5.65000000000000036e+00,1.12923124578075225e+01,J_G1,1.07103159204078517e-04,3.21931374455587185e-02,,,NONE
LOCAL_NEUTRAL_HAZARD_PRIMARY,3,1,16,5.65000000000000036e+00,1.12923124578075225e+01,J_G2a,5.79498641038280726e-05,4.44589098761101406e-02,,,NONE
LOCAL_NEUTRAL_HAZARD_PRIMARY,3,1,17,5.65000000000000036e+00,1.12923124578075225e+01,M,4.69578154738676569e-03,9.77325093545881735e-02,,,NONE
LOCAL_NEUTRAL_HAZARD_PRIMARY,3,1,17,5.65000000000000036e+00,1.12923124578075225e+01,I,1.43486153456183832e-02,1.08200869473056641e-01,,,NONE
LOCAL_NEUTRAL_HAZARD_PRIMARY,3,1,17,5.65000000000000036e+00,1.12923124578075225e+01,U,5.56130003420707633e-02,2.14532608509087841e-01,,,NONE
LOCAL_NEUTRAL_HAZARD_PRIMARY,3,1,17,5.65000000000000036e+00,1.12923124578075225e+01,C,3.97688770191450339e-02,8.66196248685124104e+00,,,NONE
LOCAL_NEUTRAL_HAZARD_PRIMARY,3,1,17,5.65000000000000036e+00,1.12923124578075225e+01,J_G1,2.83960181620992876e-06,3.21140248474118470e-02,,,NONE
LOCAL_NEUTRAL_HAZARD_PRIMARY,3,1,17,5.65000000000000036e+00,1.12923124578075225e+01,J_G2a,1.54002065339838155e-06,4.36166244970970854e-02,,,NONE
LOCAL_NEUTRAL_HAZARD_PRIMARY,3,2,0,5.65000000000000036e+00,1.12923124578075225e+01,M,1.11730970310876237e-02,9.77325093546901336e-02,,,NONE
LOCAL_NEUTRAL_HAZARD_PRIMARY,3,2,0,5.65000000000000036e+00,1.12923124578075225e+01,I,1.19468115684184702e-02,1.06607486746261373e-01,,,NONE
LOCAL_NEUTRAL_HAZARD_PRIMARY,3,2,0,5.65000000000000036e+00,1.12923124578075225e+01,U,1.18467669328112448e-02,1.51703352548248349e-01,,,NONE
LOCAL_NEUTRAL_HAZARD_PRIMARY,3,2,0,5.65000000000000036e+00,1.12923124578075225e+01,C,1.17733004886959435e-02,8.53584431256214415e+00,,,NONE
LOCAL_NEUTRAL_HAZARD_PRIMARY,3,2,0,5.65000000000000036e+00,1.12923124578075225e+01,J_G1,3.82979604883215610e-03,1.15160002340159162e-02,,,NONE
LOCAL_NEUTRAL_HAZARD_PRIMARY,3,2,0,5.65000000000000036e+00,1.12923124578075225e+01,J_G2a,2.04235414114224386e-03,1.03027641162308642e-02,,,NONE
LOCAL_NEUTRAL_HAZARD_PRIMARY,3,2,1,5.65000000000000036e+00,1.12923124578075225e+01,M,1.11730970310876202e-02,9.77325093546901336e-02,,,NONE
LOCAL_NEUTRAL_HAZARD_PRIMARY,3,2,1,5.65000000000000036e+00,1.12923124578075225e+01,I,1.20472976608361395e-02,1.06607486746261401e-01,,,NONE
LOCAL_NEUTRAL_HAZARD_PRIMARY,3,2,1,5.65000000000000036e+00,1.12923124578075225e+01,U,1.19472607178839080e-02,1.46188519330657213e-01,,,NONE
LOCAL_NEUTRAL_HAZARD_PRIMARY,3,2,1,5.65000000000000036e+00,1.12923124578075225e+01,C,1.18737998817492960e-02,8.53584431256213350e+00,,,NONE
LOCAL_NEUTRAL_HAZARD_PRIMARY,3,2,1,5.65000000000000036e+00,1.12923124578075225e+01,J_G1,1.25740844336959712e-03,1.15160002340159717e-02,,,NONE
LOCAL_NEUTRAL_HAZARD_PRIMARY,3,2,1,5.65000000000000036e+00,1.12923124578075225e+01,J_G2a,4.33484373729481863e-04,1.03027641162306265e-02,,,NONE
LOCAL_NEUTRAL_HAZARD_PRIMARY,3,2,2,5.65000000000000036e+00,1.12923124578075225e+01,M,1.11730970310876237e-02,9.77325093546900919e-02,,,NONE
LOCAL_NEUTRAL_HAZARD_PRIMARY,3,2,2,5.65000000000000036e+00,1.12923124578075225e+01,I,1.20666828857081323e-02,1.06607486746261401e-01,,,NONE
LOCAL_NEUTRAL_HAZARD_PRIMARY,3,2,2,5.65000000000000036e+00,1.12923124578075225e+01,U,1.19666474342262803e-02,1.45123855306297594e-01,,,NONE
LOCAL_NEUTRAL_HAZARD_PRIMARY,3,2,2,5.65000000000000036e+00,1.12923124578075225e+01,C,1.18931876854207717e-02,8.53584431256212461e+00,,,NONE
LOCAL_NEUTRAL_HAZARD_PRIMARY,3,2,2,5.65000000000000036e+00,1.12923124578075225e+01,J_G1,6.57073369130988785e-04,1.15160002340155762e-02,,,NONE
LOCAL_NEUTRAL_HAZARD_PRIMARY,3,2,2,5.65000000000000036e+00,1.12923124578075225e+01,J_G2a,2.05577683251103590e-04,1.03027641162309752e-02,,,NONE
LOCAL_NEUTRAL_HAZARD_PRIMARY,3,2,3,5.65000000000000036e+00,1.12923124578075225e+01,M,1.11730970310876202e-02,9.77325093546900642e-02,,,NONE
LOCAL_NEUTRAL_HAZARD_PRIMARY,3,2,3,5.65000000000000036e+00,1.12923124578075225e+01,I,1.20818238653757279e-02,1.06607486746261346e-01,,,NONE
LOCAL_NEUTRAL_HAZARD_PRIMARY,3,2,3,5.65000000000000036e+00,1.12923124578075225e+01,U,1.19817895804933145e-02,1.44292117270757386e-01,,,NONE
LOCAL_NEUTRAL_HAZARD_PRIMARY,3,2,3,5.65000000000000036e+00,1.12923124578075225e+01,C,1.19083306821848034e-02,8.53584431256226317e+00,,,NONE
LOCAL_NEUTRAL_HAZARD_PRIMARY,3,2,3,5.65000000000000036e+00,1.12923124578075225e+01,J_G1,3.39832223318897644e-04,1.15160002340159943e-02,,,NONE
LOCAL_NEUTRAL_HAZARD_PRIMARY,3,2,3,5.65000000000000036e+00,1.12923124578075225e+01,J_G2a,9.81587536016192497e-05,1.03027641162308677e-02,,,NONE
LOCAL_NEUTRAL_HAZARD_PRIMARY,3,2,4,5.65000000000000036e+00,1.12923124578075225e+01,M,1.11730970310876202e-02,9.77325093546900781e-02,,,NONE
LOCAL_NEUTRAL_HAZARD_PRIMARY,3,2,4,5.65000000000000036e+00,1.12923124578075225e+01,I,1.21085465950594301e-02,1.06607486746261346e-01,,,NONE
LOCAL_NEUTRAL_HAZARD_PRIMARY,3,2,4,5.65000000000000036e+00,1.12923124578075225e+01,U,1.20085143727249287e-02,1.42823787590575568e-01,,,NONE
LOCAL_NEUTRAL_HAZARD_PRIMARY,3,2,4,5.65000000000000036e+00,1.12923124578075225e+01,C,1.19350569781144500e-02,8.53584431256228804e+00,,,NONE
LOCAL_NEUTRAL_HAZARD_PRIMARY,3,2,4,5.65000000000000036e+00,1.12923124578075225e+01,J_G1,3.46728114637214968e-05,1.15160002340156681e-02,,,NONE
LOCAL_NEUTRAL_HAZARD_PRIMARY,3,2,4,5.65000000000000036e+00,1.12923124578075225e+01,J_G2a,8.60575169634079434e-06,1.03027641162309197e-02,,,NONE
LOCAL_NEUTRAL_HAZARD_PRIMARY,3,2,5,5.65000000000000036e+00,1.12923124578075225e+01,M,1.11730970310876202e-02,9.77325093546900781e-02,,,NONE
LOCAL_NEUTRAL_HAZARD_PRIMARY,3,2,5,5.65000000000000036e+00,1.12923124578075225e+01,I,1.21114681482939555e-02,1.06607486746261360e-01,,,NONE
LOCAL_NEUTRAL_HAZARD_PRIMARY,3,2,5,5.65000000000000036e+00,1.12923124578075225e+01,U,1.20114361517320162e-02,1.42663228617282450e-01,,,NONE
LOCAL_NEUTRAL_HAZARD_PRIMARY,3,2,5,5.65000000000000036e+00,1.12923124578075225e+01,C,1.19379789217221484e-02,8.53584431256221698e+00,,,NONE
LOCAL_NEUTRAL_HAZARD_PRIMARY,3,2,5,5.65000000000000036e+00,1.12923124578075225e+01,J_G1,8.86582293525428244e-07,1.15160002340155641e-02,,,NONE
LOCAL_NEUTRAL_HAZARD_PRIMARY,3,2,5,5.65000000000000036e+00,1.12923124578075225e+01,J_G2a,2.16224061570790093e-07,1.03027641162308798e-02,,,NONE
LOCAL_NEUTRAL_HAZARD_PRIMARY,3,2,6,5.65000000000000036e+00,1.12923124578075225e+01,M,1.11730970310876202e-02,9.77325093546901336e-02,,,NONE
LOCAL_NEUTRAL_HAZARD_PRIMARY,3,2,6,5.65000000000000036e+00,1.12923124578075225e+01,I,1.19356842817611927e-02,1.06949484494709784e-01,,,NONE
LOCAL_NEUTRAL_HAZARD_PRIMARY,3,2,6,5.65000000000000036e+00,1.12923124578075225e+01,U,1.18356387982902801e-02,1.65748501084998084e-01,,,NONE
LOCAL_NEUTRAL_HAZARD_PRIMARY,3,2,6,5.65000000000000036e+00,1.12923124578075225e+01,C,1.17621717361001792e-02,8.56291384891403062e+00,,,NONE
LOCAL_NEUTRAL_HAZARD_PRIMARY,3,2,6,5.65000000000000036e+00,1.12923124578075225e+01,J_G1,1.02610059723945036e-02,1.16881660836917044e-02,,,NONE
LOCAL_NEUTRAL_HAZARD_PRIMARY,3,2,6,5.65000000000000036e+00,1.12923124578075225e+01,J_G2a,5.71471981285599524e-03,1.03027641162329840e-02,,,NONE
LOCAL_NEUTRAL_HAZARD_PRIMARY,3,2,7,5.65000000000000036e+00,1.12923124578075225e+01,M,1.11730970310876237e-02,9.77325093546900781e-02,,,NONE
LOCAL_NEUTRAL_HAZARD_PRIMARY,3,2,7,5.65000000000000036e+00,1.12923124578075225e+01,I,1.19842588942690956e-02,1.06949484494709743e-01,,,NONE
LOCAL_NEUTRAL_HAZARD_PRIMARY,3,2,7,5.65000000000000036e+00,1.12923124578075225e+01,U,1.18842171178565204e-02,1.63083847946203425e-01,,,NONE
LOCAL_NEUTRAL_HAZARD_PRIMARY,3,2,7,5.65000000000000036e+00,1.12923124578075225e+01,C,1.18107527580662269e-02,8.56291384891401819e+00,,,NONE
LOCAL_NEUTRAL_HAZARD_PRIMARY,3,2,7,5.65000000000000036e+00,1.12923124578075225e+01,J_G1,1.07243940162739960e-02,1.22160048192530742e-02,,,NONE
LOCAL_NEUTRAL_HAZARD_PRIMARY,3,2,7,5.65000000000000036e+00,1.12923124578075225e+01,J_G2a,4.91208036178456507e-03,1.03027641162308919e-02,,,NONE
LOCAL_NEUTRAL_HAZARD_PRIMARY,3,2,8,5.65000000000000036e+00,1.12923124578075225e+01,M,1.11730970310876237e-02,9.77325093546900781e-02,,,NONE
LOCAL_NEUTRAL_HAZARD_PRIMARY,3,2,8,5.65000000000000036e+00,1.12923124578075225e+01,I,1.20127636170978824e-02,1.06949484494709798e-01,,,NONE
LOCAL_NEUTRAL_HAZARD_PRIMARY,3,2,8,5.65000000000000036e+00,1.12923124578075225e+01,U,1.19127240231140762e-02,1.61519436903837105e-01,,,NONE
LOCAL_NEUTRAL_HAZARD_PRIMARY,3,2,8,5.65000000000000036e+00,1.12923124578075225e+01,C,1.18392612543256961e-02,8.56291384891399865e+00,,,NONE
LOCAL_NEUTRAL_HAZARD_PRIMARY,3,2,8,5.65000000000000036e+00,1.12923124578075225e+01,J_G1,5.16314086886966034e-03,1.15160002340143636e-02,,,NONE
LOCAL_NEUTRAL_HAZARD_PRIMARY,3,2,8,5.65000000000000036e+00,1.12923124578075225e+01,J_G2a,2.09041388221953414e-03,1.03027641162305120e-02,,,NONE
LOCAL_NEUTRAL_HAZARD_PRIMARY,3,2,9,5.65000000000000036e+00,1.12923124578075225e+01,M,1.11730970310876202e-02,9.77325093546900781e-02,,,NONE
LOCAL_NEUTRAL_HAZARD_PRIMARY,3,2,9,5.65000000000000036e+00,1.12923124578075225e+01,I,1.20305403905354158e-02,1.06949484494709715e-01,,,NONE
LOCAL_NEUTRAL_HAZARD_PRIMARY,3,2,9,5.65000000000000036e+00,1.12923124578075225e+01,U,1.19305021602443915e-02,1.60543529241636479e-01,,,NONE
LOCAL_NEUTRAL_HAZARD_PRIMARY,3,2,9,5.65000000000000036e+00,1.12923124578075225e+01,C,1.18570403856094915e-02,8.56291384891412122e+00,,,NONE
LOCAL_NEUTRAL_HAZARD_PRIMARY,3,2,9,5.65000000000000036e+00,1.12923124578075225e+01,J_G1,2.48350493959908656e-03,1.15160002340144556e-02,,,NONE
LOCAL_NEUTRAL_HAZARD_PRIMARY,3,2,9,5.65000000000000036e+00,1.12923124578075225e+01,J_G2a,9.27254650220828754e-04,1.03027641162305346e-02,,,NONE
LOCAL_NEUTRAL_HAZARD_PRIMARY,3,2,10,5.65000000000000036e+00,1.12923124578075225e+01,M,1.11730970310876237e-02,9.77325093546900919e-02,,,NONE
LOCAL_NEUTRAL_HAZARD_PRIMARY,3,2,10,5.65000000000000036e+00,1.12923124578075225e+01,I,1.20538575198033300e-02,1.06949484494709743e-01,,,NONE
LOCAL_NEUTRAL_HAZARD_PRIMARY,3,2,10,5.65000000000000036e+00,1.12923124578075225e+01,U,1.19538210812873882e-02,1.59263148945249428e-01,,,NONE
LOCAL_NEUTRAL_HAZARD_PRIMARY,3,2,10,5.65000000000000036e+00,1.12923124578075225e+01,C,1.18803606129012362e-02,8.56291384891414786e+00,,,NONE
LOCAL_NEUTRAL_HAZARD_PRIMARY,3,2,10,5.65000000000000036e+00,1.12923124578075225e+01,J_G1,2.44516246664747236e-04,1.15160002340156942e-02,,,NONE
LOCAL_NEUTRAL_HAZARD_PRIMARY,3,2,10,5.65000000000000036e+00,1.12923124578075225e+01,J_G2a,8.16227472982914977e-05,1.03027641162308520e-02,,,NONE
LOCAL_NEUTRAL_HAZARD_PRIMARY,3,2,11,5.65000000000000036e+00,1.12923124578075225e+01,M,1.11730970310876202e-02,9.77325093546900642e-02,,,NONE
LOCAL_NEUTRAL_HAZARD_PRIMARY,3,2,11,5.65000000000000036e+00,1.12923124578075225e+01,I,1.20590831900810481e-02,1.06949484494709715e-01,,,NONE
LOCAL_NEUTRAL_HAZARD_PRIMARY,3,2,11,5.65000000000000036e+00,1.12923124578075225e+01,U,1.19590471536030127e-02,1.58976149536337152e-01,,,NONE
LOCAL_NEUTRAL_HAZARD_PRIMARY,3,2,11,5.65000000000000036e+00,1.12923124578075225e+01,C,1.18855869783151078e-02,8.56291384891412122e+00,,,NONE
LOCAL_NEUTRAL_HAZARD_PRIMARY,3,2,11,5.65000000000000036e+00,1.12923124578075225e+01,J_G1,6.23413484338738758e-06,1.15160002340160446e-02,,,NONE
LOCAL_NEUTRAL_HAZARD_PRIMARY,3,2,11,5.65000000000000036e+00,1.12923124578075225e+01,J_G2a,2.02741538851549301e-06,1.03027641162309839e-02,,,NONE
LOCAL_NEUTRAL_HAZARD_PRIMARY,3,2,12,5.65000000000000036e+00,1.12923124578075225e+01,M,1.11730970310876202e-02,9.77325093546900642e-02,,,NONE
LOCAL_NEUTRAL_HAZARD_PRIMARY,3,2,12,5.65000000000000036e+00,1.12923124578075225e+01,I,1.18938745355302421e-02,1.08200869473170924e-01,,,NONE
LOCAL_NEUTRAL_HAZARD_PRIMARY,3,2,12,5.65000000000000036e+00,1.12923124578075225e+01,U,1.17938258733822042e-02,2.17199617584436400e-01,,,NONE
LOCAL_NEUTRAL_HAZARD_PRIMARY,3,2,12,5.65000000000000036e+00,1.12923124578075225e+01,C,1.17203564940417115e-02,8.66196248686057402e+00,,,NONE
LOCAL_NEUTRAL_HAZARD_PRIMARY,3,2,12,5.65000000000000036e+00,1.12923124578075225e+01,J_G1,7.35799714758160039e-03,1.15160002340157202e-02,,,NONE
LOCAL_NEUTRAL_HAZARD_PRIMARY,3,2,12,5.65000000000000036e+00,1.12923124578075225e+01,J_G2a,4.79537438419380419e-03,1.03027641162308954e-02,,,NONE
LOCAL_NEUTRAL_HAZARD_PRIMARY,3,2,13,5.65000000000000036e+00,1.12923124578075225e+01,M,1.11730970310876202e-02,9.77325093546900919e-02,,,NONE
LOCAL_NEUTRAL_HAZARD_PRIMARY,3,2,13,5.65000000000000036e+00,1.12923124578075225e+01,I,1.19160843758330595e-02,1.08200869473170924e-01,,,NONE
LOCAL_NEUTRAL_HAZARD_PRIMARY,3,2,13,5.65000000000000036e+00,1.12923124578075225e+01,U,1.18160374008417276e-02,2.15982065373285292e-01,,,NONE
LOCAL_NEUTRAL_HAZARD_PRIMARY,3,2,13,5.65000000000000036e+00,1.12923124578075225e+01,C,1.17425692513749916e-02,8.66196248686042125e+00,,,NONE
LOCAL_NEUTRAL_HAZARD_PRIMARY,3,2,13,5.65000000000000036e+00,1.12923124578075225e+01,J_G1,4.22808137427887771e-03,1.15160002340163152e-02,,,NONE
LOCAL_NEUTRAL_HAZARD_PRIMARY,3,2,13,5.65000000000000036e+00,1.12923124578075225e+01,J_G2a,2.53755061233279598e-03,1.03027641162308677e-02,,,NONE
LOCAL_NEUTRAL_HAZARD_PRIMARY,3,2,14,5.65000000000000036e+00,1.12923124578075225e+01,M,1.11730970310876237e-02,9.77325093546900919e-02,,,NONE
LOCAL_NEUTRAL_HAZARD_PRIMARY,3,2,14,5.65000000000000036e+00,1.12923124578075225e+01,I,1.19072152369739288e-02,1.08200869473170924e-01,,,NONE
LOCAL_NEUTRAL_HAZARD_PRIMARY,3,2,14,5.65000000000000036e+00,1.12923124578075225e+01,U,1.18071675878649116e-02,2.16468314328739531e-01,,,NONE
LOCAL_NEUTRAL_HAZARD_PRIMARY,3,2,14,5.65000000000000036e+00,1.12923124578075225e+01,C,1.17336989469896437e-02,8.66196248686058112e+00,,,NONE
LOCAL_NEUTRAL_HAZARD_PRIMARY,3,2,14,5.65000000000000036e+00,1.12923124578075225e+01,J_G1,1.01752322958888197e-03,1.15160002340147401e-02,,,NONE
LOCAL_NEUTRAL_HAZARD_PRIMARY,3,2,14,5.65000000000000036e+00,1.12923124578075225e+01,J_G2a,6.31287078018233274e-04,1.03027641162305467e-02,,,NONE
LOCAL_NEUTRAL_HAZARD_PRIMARY,3,2,15,5.65000000000000036e+00,1.12923124578075225e+01,M,1.11730970310876202e-02,9.77325093546900919e-02,,,NONE
LOCAL_NEUTRAL_HAZARD_PRIMARY,3,2,15,5.65000000000000036e+00,1.12923124578075225e+01,I,1.19318824289068193e-02,1.08200869473170966e-01,,,NONE
LOCAL_NEUTRAL_HAZARD_PRIMARY,3,2,15,5.65000000000000036e+00,1.12923124578075225e+01,U,1.18318366559287385e-02,2.15115810589092127e-01,,,NONE
LOCAL_NEUTRAL_HAZARD_PRIMARY,3,2,15,5.65000000000000036e+00,1.12923124578075225e+01,C,1.17583693826949429e-02,8.66196248686042125e+00,,,NONE
LOCAL_NEUTRAL_HAZARD_PRIMARY,3,2,15,5.65000000000000036e+00,1.12923124578075225e+01,J_G1,1.04683398182892984e-03,1.15160002340159648e-02,,,NONE
LOCAL_NEUTRAL_HAZARD_PRIMARY,3,2,15,5.65000000000000036e+00,1.12923124578075225e+01,J_G2a,5.91631305736057688e-04,1.03027641162310238e-02,,,NONE
LOCAL_NEUTRAL_HAZARD_PRIMARY,3,2,16,5.65000000000000036e+00,1.12923124578075225e+01,M,1.11730970310876202e-02,9.77325093546900781e-02,,,NONE
LOCAL_NEUTRAL_HAZARD_PRIMARY,3,2,16,5.65000000000000036e+00,1.12923124578075225e+01,I,1.19431167901201500e-02,1.08200869473170924e-01,,,NONE
LOCAL_NEUTRAL_HAZARD_PRIMARY,3,2,16,5.65000000000000036e+00,1.12923124578075225e+01,U,1.18430718728946161e-02,2.14499695940817192e-01,,,NONE
LOCAL_NEUTRAL_HAZARD_PRIMARY,3,2,16,5.65000000000000036e+00,1.12923124578075225e+01,C,1.17696052234850957e-02,8.66196248686046388e+00,,,NONE
LOCAL_NEUTRAL_HAZARD_PRIMARY,3,2,16,5.65000000000000036e+00,1.12923124578075225e+01,J_G1,1.07103159204078517e-04,1.15160002340156647e-02,,,NONE
LOCAL_NEUTRAL_HAZARD_PRIMARY,3,2,16,5.65000000000000036e+00,1.12923124578075225e+01,J_G2a,5.79498641038280726e-05,1.03027641162308278e-02,,,NONE
LOCAL_NEUTRAL_HAZARD_PRIMARY,3,2,17,5.65000000000000036e+00,1.12923124578075225e+01,M,1.11730970310650862e-02,9.77325093545881735e-02,,,NONE
LOCAL_NEUTRAL_HAZARD_PRIMARY,3,2,17,5.65000000000000036e+00,1.12923124578075225e+01,I,1.19425166941366633e-02,1.08200869473056641e-01,,,NONE
LOCAL_NEUTRAL_HAZARD_PRIMARY,3,2,17,5.65000000000000036e+00,1.12923124578075225e+01,U,1.18424717311796900e-02,2.14532608509087841e-01,,,NONE
LOCAL_NEUTRAL_HAZARD_PRIMARY,3,2,17,5.65000000000000036e+00,1.12923124578075225e+01,C,1.17690050484328679e-02,8.66196248685124104e+00,,,NONE
LOCAL_NEUTRAL_HAZARD_PRIMARY,3,2,17,5.65000000000000036e+00,1.12923124578075225e+01,J_G1,2.83960181620992876e-06,1.15160002338651982e-02,,,NONE
LOCAL_NEUTRAL_HAZARD_PRIMARY,3,2,17,5.65000000000000036e+00,1.12923124578075225e+01,J_G2a,1.54002065339838155e-06,1.03027641164100438e-02,,,NONE
LOCAL_NEUTRAL_HAZARD_PRIMARY,4,1,0,5.54999999999999982e+00,1.17262920899423353e+01,M,8.34368142988261424e-03,2.32530404038487765e-02,,,NONE
LOCAL_NEUTRAL_HAZARD_PRIMARY,4,1,0,5.54999999999999982e+00,1.17262920899423353e+01,I,2.00495019770566690e-02,2.36326096517443691e-02,,,NONE
LOCAL_NEUTRAL_HAZARD_PRIMARY,4,1,0,5.54999999999999982e+00,1.17262920899423353e+01,U,2.55101732856190637e-02,6.46903570254711707e-02,,,NONE
LOCAL_NEUTRAL_HAZARD_PRIMARY,4,1,0,5.54999999999999982e+00,1.17262920899423353e+01,C,3.01936550891140250e-02,2.56821380673921640e+00,,,NONE
LOCAL_NEUTRAL_HAZARD_PRIMARY,4,1,0,5.54999999999999982e+00,1.17262920899423353e+01,J_G1,4.36246625387833997e-03,4.12827664566468855e-02,,,NONE
LOCAL_NEUTRAL_HAZARD_PRIMARY,4,1,0,5.54999999999999982e+00,1.17262920899423353e+01,J_G2a,1.93387746812141042e-03,2.62292807541477345e-02,,,NONE
LOCAL_NEUTRAL_HAZARD_PRIMARY,4,1,1,5.54999999999999982e+00,1.17262920899423353e+01,M,3.52423344740157834e-03,1.11730970310876202e-02,,,NONE
LOCAL_NEUTRAL_HAZARD_PRIMARY,4,1,1,5.54999999999999982e+00,1.17262920899423353e+01,I,3.13750278417525156e-03,2.11923514369665722e-02,,,NONE
LOCAL_NEUTRAL_HAZARD_PRIMARY,4,1,1,5.54999999999999982e+00,1.17262920899423353e+01,U,1.22045624593587082e-03,5.92550734427342227e-02,,,NONE
LOCAL_NEUTRAL_HAZARD_PRIMARY,4,1,1,5.54999999999999982e+00,1.17262920899423353e+01,C,3.59113405494120236e-03,2.56821380673915245e+00,,,NONE
LOCAL_NEUTRAL_HAZARD_PRIMARY,4,1,1,5.54999999999999982e+00,1.17262920899423353e+01,J_G1,1.09197866078471900e-03,1.29469080282894802e-02,,,NONE
LOCAL_NEUTRAL_HAZARD_PRIMARY,4,1,1,5.54999999999999982e+00,1.17262920899423353e+01,J_G2a,3.09911095798160970e-04,2.47611879592374469e-03,,,NONE
LOCAL_NEUTRAL_HAZARD_PRIMARY,4,1,2,5.54999999999999982e+00,1.17262920899423353e+01,M,2.17826125485500897e-03,1.11730970310876237e-02,,,NONE
LOCAL_NEUTRAL_HAZARD_PRIMARY,4,1,2,5.54999999999999982e+00,1.17262920899423353e+01,I,1.79143543270799083e-03,2.11923514369665271e-02,,,NONE
LOCAL_NEUTRAL_HAZARD_PRIMARY,4,1,2,5.54999999999999982e+00,1.17262920899423353e+01,U,1.25878349967900827e-04,5.82071927978567091e-02,,,NONE
LOCAL_NEUTRAL_HAZARD_PRIMARY,4,1,2,5.54999999999999982e+00,1.17262920899423353e+01,C,4.93664104678632858e-03,2.56821380673915423e+00,,,NONE
LOCAL_NEUTRAL_HAZARD_PRIMARY,4,1,2,5.54999999999999982e+00,1.17262920899423353e+01,J_G1,5.77957647788448136e-04,1.40287931029463315e-02,,,NONE
LOCAL_NEUTRAL_HAZARD_PRIMARY,4,1,2,5.54999999999999982e+00,1.17262920899423353e+01,J_G2a,1.49797058879444359e-04,4.09815947860854568e-03,,,NONE
LOCAL_NEUTRAL_HAZARD_PRIMARY,4,1,3,5.54999999999999982e+00,1.17262920899423353e+01,M,1.93950035506946410e-03,1.11730970310876202e-02,,,NONE
LOCAL_NEUTRAL_HAZARD_PRIMARY,4,1,3,5.54999999999999982e+00,1.17262920899423353e+01,I,1.55266268540580070e-03,2.11923514369665549e-02,,,NONE
LOCAL_NEUTRAL_HAZARD_PRIMARY,4,1,3,5.54999999999999982e+00,1.17262920899423353e+01,U,3.64673553600392778e-04,5.73888868848036887e-02,,,NONE
LOCAL_NEUTRAL_HAZARD_PRIMARY,4,1,3,5.54999999999999982e+00,1.17262920899423353e+01,C,5.17522690299441254e-03,2.56821380673914756e+00,,,NONE
LOCAL_NEUTRAL_HAZARD_PRIMARY,4,1,3,5.54999999999999982e+00,1.17262920899423353e+01,J_G1,2.99317257783282846e-04,1.41428908268015196e-02,,,NONE
LOCAL_NEUTRAL_HAZARD_PRIMARY,4,1,3,5.54999999999999982e+00,1.17262920899423353e+01,J_G2a,7.16431199069873797e-05,4.23908905586038026e-03,,,NONE
LOCAL_NEUTRAL_HAZARD_PRIMARY,4,1,4,5.54999999999999982e+00,1.17262920899423353e+01,M,1.72577757384996555e-03,1.11730970310876202e-02,,,NONE
LOCAL_NEUTRAL_HAZARD_PRIMARY,4,1,4,5.54999999999999982e+00,1.17262920899423353e+01,I,1.33893058531735568e-03,2.11923514369665583e-02,,,NONE
LOCAL_NEUTRAL_HAZARD_PRIMARY,4,1,4,5.54999999999999982e+00,1.17262920899423353e+01,U,5.78419379337563795e-04,5.59449558986139031e-02,,,NONE
LOCAL_NEUTRAL_HAZARD_PRIMARY,4,1,4,5.54999999999999982e+00,1.17262920899423353e+01,C,5.38876936013315839e-03,2.56821380673913291e+00,,,NONE
LOCAL_NEUTRAL_HAZARD_PRIMARY,4,1,4,5.54999999999999982e+00,1.17262920899423353e+01,J_G1,3.05801887870545743e-05,1.42567518359275388e-02,,,NONE
LOCAL_NEUTRAL_HAZARD_PRIMARY,4,1,4,5.54999999999999982e+00,1.17262920899423353e+01,J_G2a,6.23485909785597801e-06,3.60957155325214007e-03,,,NONE
LOCAL_NEUTRAL_HAZARD_PRIMARY,4,1,5,5.54999999999999982e+00,1.17262920899423353e+01,M,1.37349759543720887e-03,1.11730970310876202e-02,,,NONE
LOCAL_NEUTRAL_HAZARD_PRIMARY,4,1,5,5.54999999999999982e+00,1.17262920899423353e+01,I,9.86637898551133083e-04,2.11923514369665375e-02,,,NONE
LOCAL_NEUTRAL_HAZARD_PRIMARY,4,1,5,5.54999999999999982e+00,1.17262920899423353e+01,U,9.30721545394128753e-04,5.57871179678982587e-02,,,NONE
LOCAL_NEUTRAL_HAZARD_PRIMARY,4,1,5,5.54999999999999982e+00,1.17262920899423353e+01,C,5.74070338433145186e-03,2.56821380673908095e+00,,,NONE
LOCAL_NEUTRAL_HAZARD_PRIMARY,4,1,5,5.54999999999999982e+00,1.17262920899423353e+01,J_G1,7.84973931855671611e-07,1.45852694014595476e-02,,,NONE
LOCAL_NEUTRAL_HAZARD_PRIMARY,4,1,5,5.54999999999999982e+00,1.17262920899423353e+01,J_G2a,1.57223626269354305e-07,3.91887680084119800e-03,,,NONE
LOCAL_NEUTRAL_HAZARD_PRIMARY,4,1,6,5.54999999999999982e+00,1.17262920899423353e+01,M,5.81730952365374331e-03,1.11730970310876202e-02,,,NONE
LOCAL_NEUTRAL_HAZARD_PRIMARY,4,1,6,5.54999999999999982e+00,1.17262920899423353e+01,I,5.43085197425952505e-03,2.15286179244704480e-02,,,NONE
LOCAL_NEUTRAL_HAZARD_PRIMARY,4,1,6,5.54999999999999982e+00,1.17262920899423353e+01,U,3.51481117201601218e-03,7.83591296027076750e-02,,,NONE
LOCAL_NEUTRAL_HAZARD_PRIMARY,4,1,6,5.54999999999999982e+00,1.17262920899423353e+01,C,1.29680810580134879e-03,2.60372458639491278e+00,,,NONE
LOCAL_NEUTRAL_HAZARD_PRIMARY,4,1,6,5.54999999999999982e+00,1.17262920899423353e+01,J_G1,8.92592027185410905e-03,1.30884957093455826e-02,,,NONE
LOCAL_NEUTRAL_HAZARD_PRIMARY,4,1,6,5.54999999999999982e+00,1.17262920899423353e+01,J_G2a,2.84731122474167660e-03,6.42064639197234555e-03,,,NONE
LOCAL_NEUTRAL_HAZARD_PRIMARY,4,1,7,5.54999999999999982e+00,1.17262920899423353e+01,M,6.27089124855240675e-04,1.11730970310876237e-02,,,NONE
LOCAL_NEUTRAL_HAZARD_PRIMARY,4,1,7,5.54999999999999982e+00,1.17262920899423353e+01,I,1.01395838810120170e-03,2.15286179244701427e-02,,,NONE
LOCAL_NEUTRAL_HAZARD_PRIMARY,4,1,7,5.54999999999999982e+00,1.17262920899423353e+01,U,2.93106142508022059e-03,7.57307026453626214e-02,,,NONE
LOCAL_NEUTRAL_HAZARD_PRIMARY,4,1,7,5.54999999999999982e+00,1.17262920899423353e+01,C,7.73817588269931807e-03,2.60372458639487103e+00,,,NONE
LOCAL_NEUTRAL_HAZARD_PRIMARY,4,1,7,5.54999999999999982e+00,1.17262920899423353e+01,J_G1,9.85346945788131284e-03,1.77143959076781383e-02,,,NONE
LOCAL_NEUTRAL_HAZARD_PRIMARY,4,1,7,5.54999999999999982e+00,1.17262920899423353e+01,J_G2a,3.69246323177193844e-03,6.75088585122569224e-03,,,NONE
LOCAL_NEUTRAL_HAZARD_PRIMARY,4,1,8,5.54999999999999982e+00,1.17262920899423353e+01,M,2.74045968358805746e-03,1.11730970310876237e-02,,,NONE
LOCAL_NEUTRAL_HAZARD_PRIMARY,4,1,8,5.54999999999999982e+00,1.17262920899423353e+01,I,3.12722342614945052e-03,2.15286179244700490e-02,,,NONE
LOCAL_NEUTRAL_HAZARD_PRIMARY,4,1,8,5.54999999999999982e+00,1.17262920899423353e+01,U,5.04348280712011918e-03,7.41889086368722750e-02,,,NONE
LOCAL_NEUTRAL_HAZARD_PRIMARY,4,1,8,5.54999999999999982e+00,1.17262920899423353e+01,C,9.84613566797882395e-03,2.60372458639494031e+00,,,NONE
LOCAL_NEUTRAL_HAZARD_PRIMARY,4,1,8,5.54999999999999982e+00,1.17262920899423353e+01,J_G1,4.82942142372652043e-03,1.92211961337062469e-02,,,NONE
LOCAL_NEUTRAL_HAZARD_PRIMARY,4,1,8,5.54999999999999982e+00,1.17262920899423353e+01,J_G2a,1.62862135201660881e-03,9.79451054879458202e-03,,,NONE
LOCAL_NEUTRAL_HAZARD_PRIMARY,4,1,9,5.54999999999999982e+00,1.17262920899423353e+01,M,2.03599486887286619e-03,1.11730970310876202e-02,,,NONE
LOCAL_NEUTRAL_HAZARD_PRIMARY,4,1,9,5.54999999999999982e+00,1.17262920899423353e+01,I,2.42280698445159837e-03,2.15286179244700074e-02,,,NONE
LOCAL_NEUTRAL_HAZARD_PRIMARY,4,1,9,5.54999999999999982e+00,1.17262920899423353e+01,U,4.33941295558557417e-03,7.32276147346506839e-02,,,NONE
LOCAL_NEUTRAL_HAZARD_PRIMARY,4,1,9,5.54999999999999982e+00,1.17262920899423353e+01,C,9.14371639029182455e-03,2.60372458639492876e+00,,,NONE
LOCAL_NEUTRAL_HAZARD_PRIMARY,4,1,9,5.54999999999999982e+00,1.17262920899423353e+01,J_G1,2.30278754811991809e-03,1.84856398442472154e-02,,,NONE
LOCAL_NEUTRAL_HAZARD_PRIMARY,4,1,9,5.54999999999999982e+00,1.17262920899423353e+01,J_G2a,7.12349161245364642e-04,8.60138295608016239e-03,,,NONE
LOCAL_NEUTRAL_HAZARD_PRIMARY,4,1,10,5.54999999999999982e+00,1.17262920899423353e+01,M,2.32563365578796399e-03,1.11730970310876237e-02,,,NONE
LOCAL_NEUTRAL_HAZARD_PRIMARY,4,1,10,5.54999999999999982e+00,1.17262920899423353e+01,I,2.71242748070387460e-03,2.15286179244701566e-02,,,NONE
LOCAL_NEUTRAL_HAZARD_PRIMARY,4,1,10,5.54999999999999982e+00,1.17262920899423353e+01,U,4.62889886413285750e-03,7.19669953675218937e-02,,,NONE
LOCAL_NEUTRAL_HAZARD_PRIMARY,4,1,10,5.54999999999999982e+00,1.17262920899423353e+01,C,9.43254343428801684e-03,2.60372458639492077e+00,,,NONE
LOCAL_NEUTRAL_HAZARD_PRIMARY,4,1,10,5.54999999999999982e+00,1.17262920899423353e+01,J_G1,2.27085984272957353e-04,1.86202562628518392e-02,,,NONE
LOCAL_NEUTRAL_HAZARD_PRIMARY,4,1,10,5.54999999999999982e+00,1.17262920899423353e+01,J_G2a,6.26864027341581182e-05,8.57557661294373365e-03,,,NONE
LOCAL_NEUTRAL_HAZARD_PRIMARY,4,1,11,5.54999999999999982e+00,1.17262920899423353e+01,M,3.13038128653926780e-03,1.11730970310876202e-02,,,NONE
LOCAL_NEUTRAL_HAZARD_PRIMARY,4,1,11,5.54999999999999982e+00,1.17262920899423353e+01,I,3.51711258001337476e-03,2.15286179244701496e-02,,,NONE
LOCAL_NEUTRAL_HAZARD_PRIMARY,4,1,11,5.54999999999999982e+00,1.17262920899423353e+01,U,5.43315202529242539e-03,7.16845168890049012e-02,,,NONE
LOCAL_NEUTRAL_HAZARD_PRIMARY,4,1,11,5.54999999999999982e+00,1.17262920899423353e+01,C,1.02348211156630987e-02,2.60372458639489990e+00,,,NONE
LOCAL_NEUTRAL_HAZARD_PRIMARY,4,1,11,5.54999999999999982e+00,1.17262920899423353e+01,J_G1,5.83712625161690428e-06,1.93068348697553287e-02,,,NONE
LOCAL_NEUTRAL_HAZARD_PRIMARY,4,1,11,5.54999999999999982e+00,1.17262920899423353e+01,J_G2a,1.57649580866209358e-06,9.63054041558303493e-03,,,NONE
LOCAL_NEUTRAL_HAZARD_PRIMARY,4,1,12,5.54999999999999982e+00,1.17262920899423353e+01,M,8.34368142988261598e-03,2.85512029809384844e-02,,,NONE
LOCAL_NEUTRAL_HAZARD_PRIMARY,4,1,12,5.54999999999999982e+00,1.17262920899423353e+01,I,2.13651412804280808e-02,2.89270966025114082e-02,,,NONE
LOCAL_NEUTRAL_HAZARD_PRIMARY,4,1,12,5.54999999999999982e+00,1.17262920899423353e+01,U,3.07856999785105293e-02,1.28433647276477492e-01,,,NONE
LOCAL_NEUTRAL_HAZARD_PRIMARY,4,1,12,5.54999999999999982e+00,1.17262920899423353e+01,C,3.54162486307831037e-02,2.73673884176502913e+00,,,NONE
LOCAL_NEUTRAL_HAZARD_PRIMARY,4,1,12,5.54999999999999982e+00,1.17262920899423353e+01,J_G1,8.38138998609229760e-03,4.59723142296966578e-02,,,NONE
LOCAL_NEUTRAL_HAZARD_PRIMARY,4,1,12,5.54999999999999982e+00,1.17262920899423353e+01,J_G2a,5.01674482473605295e-03,3.44609997991255773e-02,,,NONE
LOCAL_NEUTRAL_HAZARD_PRIMARY,4,1,13,5.54999999999999982e+00,1.17262920899423353e+01,M,8.34368142988261771e-03,1.11730970310876202e-02,,,NONE
LOCAL_NEUTRAL_HAZARD_PRIMARY,4,1,13,5.54999999999999982e+00,1.17262920899423353e+01,I,1.07789377518570477e-02,2.27590319641269474e-02,,,NONE
LOCAL_NEUTRAL_HAZARD_PRIMARY,4,1,13,5.54999999999999982e+00,1.17262920899423353e+01,U,1.26872231647509812e-02,1.27231148434294949e-01,,,NONE
LOCAL_NEUTRAL_HAZARD_PRIMARY,4,1,13,5.54999999999999982e+00,1.17262920899423353e+01,C,1.74614506504860226e-02,2.73673884176512638e+00,,,NONE
LOCAL_NEUTRAL_HAZARD_PRIMARY,4,1,13,5.54999999999999982e+00,1.17262920899423353e+01,J_G1,4.35421387599921762e-03,2.72721268263113152e-02,,,NONE
LOCAL_NEUTRAL_HAZARD_PRIMARY,4,1,13,5.54999999999999982e+00,1.17262920899423353e+01,J_G2a,2.19350956078908288e-03,1.85942378740278878e-02,,,NONE
LOCAL_NEUTRAL_HAZARD_PRIMARY,4,1,14,5.54999999999999982e+00,1.17262920899423353e+01,M,8.34368142988261945e-03,3.53727048845791231e-02,,,NONE
LOCAL_NEUTRAL_HAZARD_PRIMARY,4,1,14,5.54999999999999982e+00,1.17262920899423353e+01,I,2.13651412804280252e-02,3.57427678085339012e-02,,,NONE
LOCAL_NEUTRAL_HAZARD_PRIMARY,4,1,14,5.54999999999999982e+00,1.17262920899423353e+01,U,3.75715554512578501e-02,1.27711312916934355e-01,,,NONE
LOCAL_NEUTRAL_HAZARD_PRIMARY,4,1,14,5.54999999999999982e+00,1.17262920899423353e+01,C,4.21206994272278409e-02,2.73673884176505755e+00,,,NONE
LOCAL_NEUTRAL_HAZARD_PRIMARY,4,1,14,5.54999999999999982e+00,1.17262920899423353e+01,J_G1,1.15904625077158422e-03,5.17258484906299651e-02,,,NONE
LOCAL_NEUTRAL_HAZARD_PRIMARY,4,1,14,5.54999999999999982e+00,1.17262920899423353e+01,J_G2a,7.09268561278903224e-04,4.25179840485178095e-02,,,NONE
LOCAL_NEUTRAL_HAZARD_PRIMARY,4,1,15,5.54999999999999982e+00,1.17262920899423353e+01,M,8.34368142988261424e-03,1.35874542574703147e-02,,,NONE
LOCAL_NEUTRAL_HAZARD_PRIMARY,4,1,15,5.54999999999999982e+00,1.17262920899423353e+01,I,1.39718071838369502e-02,2.27590319641269370e-02,,,NONE
LOCAL_NEUTRAL_HAZARD_PRIMARY,4,1,15,5.54999999999999982e+00,1.17262920899423353e+01,U,1.58744875787497630e-02,1.26375972493078081e-01,,,NONE
LOCAL_NEUTRAL_HAZARD_PRIMARY,4,1,15,5.54999999999999982e+00,1.17262920899423353e+01,C,2.06311893093452832e-02,2.73673884176508819e+00,,,NONE
LOCAL_NEUTRAL_HAZARD_PRIMARY,4,1,15,5.54999999999999982e+00,1.17262920899423353e+01,J_G1,1.11164149198601423e-03,2.98144447772379813e-02,,,NONE
LOCAL_NEUTRAL_HAZARD_PRIMARY,4,1,15,5.54999999999999982e+00,1.17262920899423353e+01,J_G2a,5.37706669042199779e-04,2.28057120958489734e-02,,,NONE
LOCAL_NEUTRAL_HAZARD_PRIMARY,4,1,16,5.54999999999999982e+00,1.17262920899423353e+01,M,8.34368142988261598e-03,1.40272059040543878e-02,,,NONE
LOCAL_NEUTRAL_HAZARD_PRIMARY,4,1,16,5.54999999999999982e+00,1.17262920899423353e+01,I,1.44113951094433593e-02,2.27590319641269127e-02,,,NONE
LOCAL_NEUTRAL_HAZARD_PRIMARY,4,1,16,5.54999999999999982e+00,1.17262920899423353e+01,U,1.63131988570115911e-02,1.25767924042377771e-01,,,NONE
LOCAL_NEUTRAL_HAZARD_PRIMARY,4,1,16,5.54999999999999982e+00,1.17262920899423353e+01,C,2.10672273238238644e-02,2.73673884176512017e+00,,,NONE
LOCAL_NEUTRAL_HAZARD_PRIMARY,4,1,16,5.54999999999999982e+00,1.17262920899423353e+01,J_G1,1.14475946823919917e-04,3.03519111315872607e-02,,,NONE
LOCAL_NEUTRAL_HAZARD_PRIMARY,4,1,16,5.54999999999999982e+00,1.17262920899423353e+01,J_G2a,5.26230691427938472e-05,2.27342523172211208e-02,,,NONE
LOCAL_NEUTRAL_HAZARD_PRIMARY,4,1,17,5.54999999999999982e+00,1.17262920899423353e+01,M,8.34368142989167991e-03,1.48235276235006673e-02,,,NONE
LOCAL_NEUTRAL_HAZARD_PRIMARY,4,1,17,5.54999999999999982e+00,1.17262920899423353e+01,I,1.52074072723064318e-02,2.27590319640938073e-02,,,NONE
LOCAL_NEUTRAL_HAZARD_PRIMARY,4,1,17,5.54999999999999982e+00,1.17262920899423353e+01,U,1.71075589423167092e-02,1.25800401799990719e-01,,,NONE
LOCAL_NEUTRAL_HAZARD_PRIMARY,4,1,17,5.54999999999999982e+00,1.17262920899423353e+01,C,2.18565864688529989e-02,2.73673884177301119e+00,,,NONE
LOCAL_NEUTRAL_HAZARD_PRIMARY,4,1,17,5.54999999999999982e+00,1.17262920899423353e+01,J_G1,3.05318706203753343e-06,3.08429785102310172e-02,,,NONE
LOCAL_NEUTRAL_HAZARD_PRIMARY,4,1,17,5.54999999999999982e+00,1.17262920899423353e+01,J_G2a,1.42427490050187006e-06,2.42644282028038442e-02,,,NONE
LOCAL_NEUTRAL_HAZARD_PRIMARY,4,2,0,5.54999999999999982e+00,1.17262920899423353e+01,M,3.15322505417191213e-03,8.34368142988261424e-03,,,NONE
LOCAL_NEUTRAL_HAZARD_PRIMARY,4,2,0,5.54999999999999982e+00,1.17262920899423353e+01,I,3.26412450844781443e-03,2.00495019770566690e-02,,,NONE
LOCAL_NEUTRAL_HAZARD_PRIMARY,4,2,0,5.54999999999999982e+00,1.17262920899423353e+01,U,4.10333859721385627e-03,5.91034034427114427e-02,,,NONE
LOCAL_NEUTRAL_HAZARD_PRIMARY,4,2,0,5.54999999999999982e+00,1.17262920899423353e+01,C,2.43523004148950934e-03,2.56821380673921640e+00,,,NONE
LOCAL_NEUTRAL_HAZARD_PRIMARY,4,2,0,5.54999999999999982e+00,1.17262920899423353e+01,J_G1,1.22976256293971711e-03,4.74909238860302552e-03,,,NONE
LOCAL_NEUTRAL_HAZARD_PRIMARY,4,2,0,5.54999999999999982e+00,1.17262920899423353e+01,J_G2a,1.00641873895135131e-03,1.93387746812141042e-03,,,NONE
LOCAL_NEUTRAL_HAZARD_PRIMARY,4,2,1,5.54999999999999982e+00,1.17262920899423353e+01,M,3.15322505417191257e-03,8.34368142988261771e-03,,,NONE
LOCAL_NEUTRAL_HAZARD_PRIMARY,4,2,1,5.54999999999999982e+00,1.17262920899423353e+01,I,3.40994206637969732e-03,2.00495019770566656e-02,,,NONE
LOCAL_NEUTRAL_HAZARD_PRIMARY,4,2,1,5.54999999999999982e+00,1.17262920899423353e+01,U,4.24912453740071330e-03,5.41252959444106022e-02,,,NONE
LOCAL_NEUTRAL_HAZARD_PRIMARY,4,2,1,5.54999999999999982e+00,1.17262920899423353e+01,C,2.58107189508071646e-03,2.56821380673915245e+00,,,NONE
LOCAL_NEUTRAL_HAZARD_PRIMARY,4,2,1,5.54999999999999982e+00,1.17262920899423353e+01,J_G1,1.09197866078471900e-03,1.22976256293987562e-03,,,NONE
LOCAL_NEUTRAL_HAZARD_PRIMARY,4,2,1,5.54999999999999982e+00,1.17262920899423353e+01,J_G2a,3.06275116490318535e-04,1.00641873895136432e-03,,,NONE
LOCAL_NEUTRAL_HAZARD_PRIMARY,4,2,2,5.54999999999999982e+00,1.17262920899423353e+01,M,3.15322505417191300e-03,8.34368142988261424e-03,,,NONE
LOCAL_NEUTRAL_HAZARD_PRIMARY,4,2,2,5.54999999999999982e+00,1.17262920899423353e+01,I,3.44066289791758809e-03,2.00495019770566864e-02,,,NONE
LOCAL_NEUTRAL_HAZARD_PRIMARY,4,2,2,5.54999999999999982e+00,1.17262920899423353e+01,U,4.27983855123094826e-03,5.30754007327580157e-02,,,NONE
LOCAL_NEUTRAL_HAZARD_PRIMARY,4,2,2,5.54999999999999982e+00,1.17262920899423353e+01,C,2.61179799984643211e-03,2.56821380673915423e+00,,,NONE
LOCAL_NEUTRAL_HAZARD_PRIMARY,4,2,2,5.54999999999999982e+00,1.17262920899423353e+01,J_G1,5.77957647788448136e-04,1.22976256293976958e-03,,,NONE
LOCAL_NEUTRAL_HAZARD_PRIMARY,4,2,2,5.54999999999999982e+00,1.17262920899423353e+01,J_G2a,1.48039590322023072e-04,1.00641873895126023e-03,,,NONE
LOCAL_NEUTRAL_HAZARD_PRIMARY,4,2,3,5.54999999999999982e+00,1.17262920899423353e+01,M,3.15322505417191300e-03,8.34368142988261771e-03,,,NONE
LOCAL_NEUTRAL_HAZARD_PRIMARY,4,2,3,5.54999999999999982e+00,1.17262920899423353e+01,I,3.46617219810309036e-03,2.00495019770566517e-02,,,NONE
LOCAL_NEUTRAL_HAZARD_PRIMARY,4,2,3,5.54999999999999982e+00,1.17262920899423353e+01,U,4.30534214888893003e-03,5.22033180576517222e-02,,,NONE
LOCAL_NEUTRAL_HAZARD_PRIMARY,4,2,3,5.54999999999999982e+00,1.17262920899423353e+01,C,2.63731171959544382e-03,2.56821380673914756e+00,,,NONE
LOCAL_NEUTRAL_HAZARD_PRIMARY,4,2,3,5.54999999999999982e+00,1.17262920899423353e+01,J_G1,2.99317257783282846e-04,1.22976256293992527e-03,,,NONE
LOCAL_NEUTRAL_HAZARD_PRIMARY,4,2,3,5.54999999999999982e+00,1.17262920899423353e+01,J_G2a,7.08025791678430696e-05,1.00641873895195477e-03,,,NONE
LOCAL_NEUTRAL_HAZARD_PRIMARY,4,2,4,5.54999999999999982e+00,1.17262920899423353e+01,M,3.15322505417191213e-03,8.34368142988261424e-03,,,NONE
LOCAL_NEUTRAL_HAZARD_PRIMARY,4,2,4,5.54999999999999982e+00,1.17262920899423353e+01,I,3.51361835853877379e-03,2.00495019770566656e-02,,,NONE
LOCAL_NEUTRAL_HAZARD_PRIMARY,4,2,4,5.54999999999999982e+00,1.17262920899423353e+01,U,4.35277760300382521e-03,5.05805747664816799e-02,,,NONE
LOCAL_NEUTRAL_HAZARD_PRIMARY,4,2,4,5.54999999999999982e+00,1.17262920899423353e+01,C,2.68476619890829684e-03,2.56821380673913291e+00,,,NONE
LOCAL_NEUTRAL_HAZARD_PRIMARY,4,2,4,5.54999999999999982e+00,1.17262920899423353e+01,J_G1,3.05801887870545743e-05,1.22976256293971862e-03,,,NONE
LOCAL_NEUTRAL_HAZARD_PRIMARY,4,2,4,5.54999999999999982e+00,1.17262920899423353e+01,J_G2a,6.16170967218365385e-06,1.00641873895142070e-03,,,NONE
LOCAL_NEUTRAL_HAZARD_PRIMARY,4,2,5,5.54999999999999982e+00,1.17262920899423353e+01,M,3.15322505417191213e-03,8.34368142988261945e-03,,,NONE
LOCAL_NEUTRAL_HAZARD_PRIMARY,4,2,5,5.54999999999999982e+00,1.17262920899423353e+01,I,3.51856133746309644e-03,2.00495019770565996e-02,,,NONE
LOCAL_NEUTRAL_HAZARD_PRIMARY,4,2,5,5.54999999999999982e+00,1.17262920899423353e+01,U,4.35771945906331636e-03,5.04114630503355379e-02,,,NONE
LOCAL_NEUTRAL_HAZARD_PRIMARY,4,2,5,5.54999999999999982e+00,1.17262920899423353e+01,C,2.68971005188275948e-03,2.56821380673908095e+00,,,NONE
LOCAL_NEUTRAL_HAZARD_PRIMARY,4,2,5,5.54999999999999982e+00,1.17262920899423353e+01,J_G1,7.84973931855671611e-07,1.22976256294015794e-03,,,NONE
LOCAL_NEUTRAL_HAZARD_PRIMARY,4,2,5,5.54999999999999982e+00,1.17262920899423353e+01,J_G2a,1.55379026771078940e-07,1.00641873895157660e-03,,,NONE
LOCAL_NEUTRAL_HAZARD_PRIMARY,4,2,6,5.54999999999999982e+00,1.17262920899423353e+01,M,3.15322505417191213e-03,8.34368142988261598e-03,,,NONE
LOCAL_NEUTRAL_HAZARD_PRIMARY,4,2,6,5.54999999999999982e+00,1.17262920899423353e+01,I,3.24679195406430603e-03,2.03267271228715213e-02,,,NONE
LOCAL_NEUTRAL_HAZARD_PRIMARY,4,2,6,5.54999999999999982e+00,1.17262920899423353e+01,U,4.08600971947045265e-03,6.87606366712078115e-02,,,NONE
LOCAL_NEUTRAL_HAZARD_PRIMARY,4,2,6,5.54999999999999982e+00,1.17262920899423353e+01,C,2.41789467983053461e-03,2.60372458639491278e+00,,,NONE
LOCAL_NEUTRAL_HAZARD_PRIMARY,4,2,6,5.54999999999999982e+00,1.17262920899423353e+01,J_G1,1.22976256293981230e-03,9.05557181982787930e-03,,,NONE
LOCAL_NEUTRAL_HAZARD_PRIMARY,4,2,6,5.54999999999999982e+00,1.17262920899423353e+01,J_G2a,1.00641873895162756e-03,3.83836214710267347e-03,,,NONE
LOCAL_NEUTRAL_HAZARD_PRIMARY,4,2,7,5.54999999999999982e+00,1.17262920899423353e+01,M,3.15322505417191300e-03,8.34368142988261424e-03,,,NONE
LOCAL_NEUTRAL_HAZARD_PRIMARY,4,2,7,5.54999999999999982e+00,1.17262920899423353e+01,I,3.30488940344397710e-03,2.03267271228715352e-02,,,NONE
LOCAL_NEUTRAL_HAZARD_PRIMARY,4,2,7,5.54999999999999982e+00,1.17262920899423353e+01,U,4.14409477668720681e-03,6.67786822970363320e-02,,,NONE
LOCAL_NEUTRAL_HAZARD_PRIMARY,4,2,7,5.54999999999999982e+00,1.17262920899423353e+01,C,2.47600160651160204e-03,2.60372458639487103e+00,,,NONE
LOCAL_NEUTRAL_HAZARD_PRIMARY,4,2,7,5.54999999999999982e+00,1.17262920899423353e+01,J_G1,1.22976256293945581e-03,9.99659392339497313e-03,,,NONE
LOCAL_NEUTRAL_HAZARD_PRIMARY,4,2,7,5.54999999999999982e+00,1.17262920899423353e+01,J_G2a,1.00641873895123031e-03,3.69246323177193844e-03,,,NONE
LOCAL_NEUTRAL_HAZARD_PRIMARY,4,2,8,5.54999999999999982e+00,1.17262920899423353e+01,M,3.15322505417191300e-03,8.34368142988261598e-03,,,NONE
LOCAL_NEUTRAL_HAZARD_PRIMARY,4,2,8,5.54999999999999982e+00,1.17262920899423353e+01,I,3.34670416860730676e-03,2.03267271228715143e-02,,,NONE
LOCAL_NEUTRAL_HAZARD_PRIMARY,4,2,8,5.54999999999999982e+00,1.17262920899423353e+01,U,4.18590050223298198e-03,6.53513480949951542e-02,,,NONE
LOCAL_NEUTRAL_HAZARD_PRIMARY,4,2,8,5.54999999999999982e+00,1.17262920899423353e+01,C,2.51782331192772473e-03,2.60372458639494031e+00,,,NONE
LOCAL_NEUTRAL_HAZARD_PRIMARY,4,2,8,5.54999999999999982e+00,1.17262920899423353e+01,J_G1,1.22976256293953431e-03,4.89957015285848868e-03,,,NONE
LOCAL_NEUTRAL_HAZARD_PRIMARY,4,2,8,5.54999999999999982e+00,1.17262920899423353e+01,J_G2a,1.00641873895132550e-03,1.62862135201660881e-03,,,NONE
LOCAL_NEUTRAL_HAZARD_PRIMARY,4,2,9,5.54999999999999982e+00,1.17262920899423353e+01,M,3.15322505417191213e-03,8.34368142988261771e-03,,,NONE
LOCAL_NEUTRAL_HAZARD_PRIMARY,4,2,9,5.54999999999999982e+00,1.17262920899423353e+01,I,3.37915170237621356e-03,2.03267271228714935e-02,,,NONE
LOCAL_NEUTRAL_HAZARD_PRIMARY,4,2,9,5.54999999999999982e+00,1.17262920899423353e+01,U,4.21834095188913360e-03,6.42432694647940283e-02,,,NONE
LOCAL_NEUTRAL_HAZARD_PRIMARY,4,2,9,5.54999999999999982e+00,1.17262920899423353e+01,C,2.55027629991049680e-03,2.60372458639492876e+00,,,NONE
LOCAL_NEUTRAL_HAZARD_PRIMARY,4,2,9,5.54999999999999982e+00,1.17262920899423353e+01,J_G1,1.22976256293980883e-03,2.33623619668224623e-03,,,NONE
LOCAL_NEUTRAL_HAZARD_PRIMARY,4,2,9,5.54999999999999982e+00,1.17262920899423353e+01,J_G2a,7.03991645669564963e-04,1.00641873895135391e-03,,,NONE
LOCAL_NEUTRAL_HAZARD_PRIMARY,4,2,10,5.54999999999999982e+00,1.17262920899423353e+01,M,3.15322505417191300e-03,8.34368142988261945e-03,,,NONE
LOCAL_NEUTRAL_HAZARD_PRIMARY,4,2,10,5.54999999999999982e+00,1.17262920899423353e+01,I,3.41951194012067106e-03,2.03267271228715317e-02,,,NONE
LOCAL_NEUTRAL_HAZARD_PRIMARY,4,2,10,5.54999999999999982e+00,1.17262920899423353e+01,U,4.25869229319175788e-03,6.28643727189295842e-02,,,NONE
LOCAL_NEUTRAL_HAZARD_PRIMARY,4,2,10,5.54999999999999982e+00,1.17262920899423353e+01,C,2.59064340571886313e-03,2.60372458639492077e+00,,,NONE
LOCAL_NEUTRAL_HAZARD_PRIMARY,4,2,10,5.54999999999999982e+00,1.17262920899423353e+01,J_G1,2.27085984272957353e-04,1.22976256293973250e-03,,,NONE
LOCAL_NEUTRAL_HAZARD_PRIMARY,4,2,10,5.54999999999999982e+00,1.17262920899423353e+01,J_G2a,6.19509451583739987e-05,1.00641873895114314e-03,,,NONE
LOCAL_NEUTRAL_HAZARD_PRIMARY,4,2,11,5.54999999999999982e+00,1.17262920899423353e+01,M,3.15322505417191343e-03,8.34368142988261771e-03,,,NONE
LOCAL_NEUTRAL_HAZARD_PRIMARY,4,2,11,5.54999999999999982e+00,1.17262920899423353e+01,I,3.42693900296708485e-03,2.03267271228715143e-02,,,NONE
LOCAL_NEUTRAL_HAZARD_PRIMARY,4,2,11,5.54999999999999982e+00,1.17262920899423353e+01,U,4.26611770868058973e-03,6.26105565472420966e-02,,,NONE
LOCAL_NEUTRAL_HAZARD_PRIMARY,4,2,11,5.54999999999999982e+00,1.17262920899423353e+01,C,2.59807174254032868e-03,2.60372458639489990e+00,,,NONE
LOCAL_NEUTRAL_HAZARD_PRIMARY,4,2,11,5.54999999999999982e+00,1.17262920899423353e+01,J_G1,5.83712625161690428e-06,1.22976256293983268e-03,,,NONE
LOCAL_NEUTRAL_HAZARD_PRIMARY,4,2,11,5.54999999999999982e+00,1.17262920899423353e+01,J_G2a,1.55799983927953834e-06,1.00641873895147621e-03,,,NONE
LOCAL_NEUTRAL_HAZARD_PRIMARY,4,2,12,5.54999999999999982e+00,1.17262920899423353e+01,M,3.11473960133272715e-03,8.34368142988261598e-03,,,NONE
LOCAL_NEUTRAL_HAZARD_PRIMARY,4,2,12,5.54999999999999982e+00,1.17262920899423353e+01,I,3.15490021302641593e-03,2.13651412804280808e-02,,,NONE
LOCAL_NEUTRAL_HAZARD_PRIMARY,4,2,12,5.54999999999999982e+00,1.17262920899423353e+01,U,3.99413718122030789e-03,1.05851891593687283e-01,,,NONE
LOCAL_NEUTRAL_HAZARD_PRIMARY,4,2,12,5.54999999999999982e+00,1.17262920899423353e+01,C,2.32598834164673496e-03,2.73673884176502913e+00,,,NONE
LOCAL_NEUTRAL_HAZARD_PRIMARY,4,2,12,5.54999999999999982e+00,1.17262920899423353e+01,J_G1,1.22976256293949680e-03,9.67723140469329765e-03,,,NONE
LOCAL_NEUTRAL_HAZARD_PRIMARY,4,2,12,5.54999999999999982e+00,1.17262920899423353e+01,J_G2a,1.00641873895145864e-03,5.01674482473605295e-03,,,NONE
LOCAL_NEUTRAL_HAZARD_PRIMARY,4,2,13,5.54999999999999982e+00,1.17262920899423353e+01,M,3.13505385439011514e-03,8.34368142988261771e-03,,,NONE
LOCAL_NEUTRAL_HAZARD_PRIMARY,4,2,13,5.54999999999999982e+00,1.17262920899423353e+01,I,3.17521428962027740e-03,2.13651412804279836e-02,,,NONE
LOCAL_NEUTRAL_HAZARD_PRIMARY,4,2,13,5.54999999999999982e+00,1.17262920899423353e+01,U,4.01444705469833959e-03,1.05159807895398874e-01,,,NONE
LOCAL_NEUTRAL_HAZARD_PRIMARY,4,2,13,5.54999999999999982e+00,1.17262920899423353e+01,C,2.34630560370968416e-03,2.73673884176512638e+00,,,NONE
LOCAL_NEUTRAL_HAZARD_PRIMARY,4,2,13,5.54999999999999982e+00,1.17262920899423353e+01,J_G1,1.22976256293966528e-03,4.41746007942009269e-03,,,NONE
LOCAL_NEUTRAL_HAZARD_PRIMARY,4,2,13,5.54999999999999982e+00,1.17262920899423353e+01,J_G2a,1.00641873895095514e-03,2.19350956078908288e-03,,,NONE
LOCAL_NEUTRAL_HAZARD_PRIMARY,4,2,14,5.54999999999999982e+00,1.17262920899423353e+01,M,3.12570912448416035e-03,8.34368142988261945e-03,,,NONE
LOCAL_NEUTRAL_HAZARD_PRIMARY,4,2,14,5.54999999999999982e+00,1.17262920899423353e+01,I,3.16586964103061095e-03,2.13651412804280252e-02,,,NONE
LOCAL_NEUTRAL_HAZARD_PRIMARY,4,2,14,5.54999999999999982e+00,1.17262920899423353e+01,U,4.00510434253549281e-03,1.05478193165703074e-01,,,NONE
LOCAL_NEUTRAL_HAZARD_PRIMARY,4,2,14,5.54999999999999982e+00,1.17262920899423353e+01,C,2.33695948685464340e-03,2.73673884176505755e+00,,,NONE
LOCAL_NEUTRAL_HAZARD_PRIMARY,4,2,14,5.54999999999999982e+00,1.17262920899423353e+01,J_G1,1.22976256294031580e-03,1.44032160423731561e-03,,,NONE
LOCAL_NEUTRAL_HAZARD_PRIMARY,4,2,14,5.54999999999999982e+00,1.17262920899423353e+01,J_G2a,7.21015357626421296e-04,1.00641873895085604e-03,,,NONE
LOCAL_NEUTRAL_HAZARD_PRIMARY,4,2,15,5.54999999999999982e+00,1.17262920899423353e+01,M,3.15322505417191257e-03,8.34368142988261424e-03,,,NONE
LOCAL_NEUTRAL_HAZARD_PRIMARY,4,2,15,5.54999999999999982e+00,1.17262920899423353e+01,I,3.19406150824415097e-03,2.13651412804280252e-02,,,NONE
LOCAL_NEUTRAL_HAZARD_PRIMARY,4,2,15,5.54999999999999982e+00,1.17262920899423353e+01,U,4.03329035241242403e-03,1.04517548581100156e-01,,,NONE
LOCAL_NEUTRAL_HAZARD_PRIMARY,4,2,15,5.54999999999999982e+00,1.17262920899423353e+01,C,2.36515579882540065e-03,2.73673884176508819e+00,,,NONE
LOCAL_NEUTRAL_HAZARD_PRIMARY,4,2,15,5.54999999999999982e+00,1.17262920899423353e+01,J_G1,1.11164149198601423e-03,1.22976256293972318e-03,,,NONE
LOCAL_NEUTRAL_HAZARD_PRIMARY,4,2,15,5.54999999999999982e+00,1.17262920899423353e+01,J_G2a,5.31398116851479105e-04,1.00641873895126522e-03,,,NONE
LOCAL_NEUTRAL_HAZARD_PRIMARY,4,2,16,5.54999999999999982e+00,1.17262920899423353e+01,M,3.15322505417191300e-03,8.34368142988261598e-03,,,NONE
LOCAL_NEUTRAL_HAZARD_PRIMARY,4,2,16,5.54999999999999982e+00,1.17262920899423353e+01,I,3.21722967111125234e-03,2.13651412804280010e-02,,,NONE
LOCAL_NEUTRAL_HAZARD_PRIMARY,4,2,16,5.54999999999999982e+00,1.17262920899423353e+01,U,4.05645366736861589e-03,1.03727845615756653e-01,,,NONE
LOCAL_NEUTRAL_HAZARD_PRIMARY,4,2,16,5.54999999999999982e+00,1.17262920899423353e+01,C,2.38832764833138813e-03,2.73673884176512017e+00,,,NONE
LOCAL_NEUTRAL_HAZARD_PRIMARY,4,2,16,5.54999999999999982e+00,1.17262920899423353e+01,J_G1,1.14475946823919917e-04,1.22976256293955556e-03,,,NONE
LOCAL_NEUTRAL_HAZARD_PRIMARY,4,2,16,5.54999999999999982e+00,1.17262920899423353e+01,J_G2a,5.20056779195929265e-05,1.00641873895156967e-03,,,NONE
LOCAL_NEUTRAL_HAZARD_PRIMARY,4,2,17,5.54999999999999982e+00,1.17262920899423353e+01,M,3.15322505416637923e-03,8.34368142989167991e-03,,,NONE
LOCAL_NEUTRAL_HAZARD_PRIMARY,4,2,17,5.54999999999999982e+00,1.17262920899423353e+01,I,3.21060088606474727e-03,2.13651412804902775e-02,,,NONE
LOCAL_NEUTRAL_HAZARD_PRIMARY,4,2,17,5.54999999999999982e+00,1.17262920899423353e+01,U,4.04982627255102891e-03,1.03953814715896639e-01,,,NONE
LOCAL_NEUTRAL_HAZARD_PRIMARY,4,2,17,5.54999999999999982e+00,1.17262920899423353e+01,C,2.38169780535240488e-03,2.73673884177301119e+00,,,NONE
LOCAL_NEUTRAL_HAZARD_PRIMARY,4,2,17,5.54999999999999982e+00,1.17262920899423353e+01,J_G1,3.05318706203753343e-06,1.22976256256804046e-03,,,NONE
LOCAL_NEUTRAL_HAZARD_PRIMARY,4,2,17,5.54999999999999982e+00,1.17262920899423353e+01,J_G2a,1.40756483707382941e-06,1.00641873913483670e-03,,,NONE
RECOMBINATION_WEIGHTED_AUDITOR,0,1,0,5.95000000000000018e+00,1.01174195637656954e+01,M,4.41748181973601524e-05,4.41846920437964031e-05,4.41846920437964031e-05,0.00000000000000000e+00,TWO_MODE
RECOMBINATION_WEIGHTED_AUDITOR,0,1,0,5.95000000000000018e+00,1.01174195637656954e+01,I,4.42182368551998913e-05,1.52517722479505041e-02,1.52517722479505041e-02,7.78856829788542361e-16,TWO_MODE
RECOMBINATION_WEIGHTED_AUDITOR,0,1,0,5.95000000000000018e+00,1.01174195637656954e+01,U,4.32999097097743344e-05,5.88685112785009568e-02,5.88685112785009568e-02,0.00000000000000000e+00,TWO_MODE
RECOMBINATION_WEIGHTED_AUDITOR,0,1,0,5.95000000000000018e+00,1.01174195637656954e+01,C,4.41846920437906772e-05,2.01905706438187282e+00,5.94825190895860619e-03,9.42015146687487093e-01,TWO_MODE
RECOMBINATION_WEIGHTED_AUDITOR,0,1,0,5.95000000000000018e+00,1.01174195637656954e+01,J_G1,3.19628525617986926e-16,7.17531791731270286e-03,7.17531791731270286e-03,0.00000000000000000e+00,TWO_MODE
RECOMBINATION_WEIGHTED_AUDITOR,0,1,0,5.95000000000000018e+00,1.01174195637656954e+01,J_G2a,1.34884734681418839e-16,3.74906664915431766e-03,3.74906664915431766e-03,0.00000000000000000e+00,TWO_MODE
RECOMBINATION_WEIGHTED_AUDITOR,0,1,1,5.95000000000000018e+00,1.01174195637656954e+01,M,4.41748181973601524e-05,4.41846920437881361e-05,,,NONE
RECOMBINATION_WEIGHTED_AUDITOR,0,1,1,5.95000000000000018e+00,1.01174195637656954e+01,I,4.42182368552064371e-05,1.52517722479505648e-02,,,NONE
RECOMBINATION_WEIGHTED_AUDITOR,0,1,1,5.95000000000000018e+00,1.01174195637656954e+01,U,4.32999097097544868e-05,4.98644677972582481e-02,,,NONE
RECOMBINATION_WEIGHTED_AUDITOR,0,1,1,5.95000000000000018e+00,1.01174195637656954e+01,C,4.41846920437762708e-05,2.01905706438184218e+00,,,NONE
RECOMBINATION_WEIGHTED_AUDITOR,0,1,1,5.95000000000000018e+00,1.01174195637656954e+01,J_G1,5.36940650823242654e-17,7.28063034876808295e-04,,,NONE
RECOMBINATION_WEIGHTED_AUDITOR,0,1,1,5.95000000000000018e+00,1.01174195637656954e+01,J_G2a,3.07622566477609631e-16,1.95209698349371204e-04,,,NONE
RECOMBINATION_WEIGHTED_AUDITOR,0,1,2,5.95000000000000018e+00,1.01174195637656954e+01,M,4.41748181973601524e-05,4.41846920437802824e-05,,,NONE
RECOMBINATION_WEIGHTED_AUDITOR,0,1,2,5.95000000000000018e+00,1.01174195637656954e+01,I,4.42182368551956426e-05,1.52517722479505527e-02,,,NONE
RECOMBINATION_WEIGHTED_AUDITOR,0,1,2,5.95000000000000018e+00,1.01174195637656954e+01,U,4.32999097097293943e-05,4.84641317082975254e-02,,,NONE
RECOMBINATION_WEIGHTED_AUDITOR,0,1,2,5.95000000000000018e+00,1.01174195637656954e+01,C,4.41846920437949123e-05,2.01905706438185284e+00,,,NONE
RECOMBINATION_WEIGHTED_AUDITOR,0,1,2,5.95000000000000018e+00,1.01174195637656954e+01,J_G1,9.51065357199609324e-17,3.42533977666700101e-04,,,NONE
RECOMBINATION_WEIGHTED_AUDITOR,0,1,2,5.95000000000000018e+00,1.01174195637656954e+01,J_G2a,1.97828550397771665e-17,7.98816480320564860e-05,,,NONE
RECOMBINATION_WEIGHTED_AUDITOR,0,1,3,5.95000000000000018e+00,1.01174195637656954e+01,M,4.41748181973601524e-05,4.41846920437860219e-05,,,NONE
RECOMBINATION_WEIGHTED_AUDITOR,0,1,3,5.95000000000000018e+00,1.01174195637656954e+01,I,4.42182368552095678e-05,1.52517722479505197e-02,,,NONE
RECOMBINATION_WEIGHTED_AUDITOR,0,1,3,5.95000000000000018e+00,1.01174195637656954e+01,U,4.32999097097691980e-05,4.75810717630909055e-02,,,NONE
RECOMBINATION_WEIGHTED_AUDITOR,0,1,3,5.95000000000000018e+00,1.01174195637656954e+01,C,4.41846920437774499e-05,2.01905706438185062e+00,,,NONE
RECOMBINATION_WEIGHTED_AUDITOR,0,1,3,5.95000000000000018e+00,1.01174195637656954e+01,J_G1,1.34878527448307107e-16,1.69071047994060001e-04,,,NONE
RECOMBINATION_WEIGHTED_AUDITOR,0,1,3,5.95000000000000018e+00,1.01174195637656954e+01,J_G2a,1.87597150607691629e-16,3.58012901449180588e-05,,,NONE
RECOMBINATION_WEIGHTED_AUDITOR,0,1,4,5.95000000000000018e+00,1.01174195637656954e+01,M,4.41748181973601524e-05,4.41846920437712767e-05,,,NONE
RECOMBINATION_WEIGHTED_AUDITOR,0,1,4,5.95000000000000018e+00,1.01174195637656954e+01,I,4.42182368552038418e-05,1.52517722479505076e-02,,,NONE
RECOMBINATION_WEIGHTED_AUDITOR,0,1,4,5.95000000000000018e+00,1.01174195637656954e+01,U,4.32999097097640955e-05,4.63206363295365769e-02,,,NONE
RECOMBINATION_WEIGHTED_AUDITOR,0,1,4,5.95000000000000018e+00,1.01174195637656954e+01,C,4.41846920437777006e-05,2.01905706438185506e+00,,,NONE
RECOMBINATION_WEIGHTED_AUDITOR,0,1,4,5.95000000000000018e+00,1.01174195637656954e+01,J_G1,8.84668181158130658e-17,1.84121124033256432e-05,,,NONE
RECOMBINATION_WEIGHTED_AUDITOR,0,1,4,5.95000000000000018e+00,1.01174195637656954e+01,J_G2a,4.42470142812682430e-17,3.34829173439635940e-06,,,NONE
RECOMBINATION_WEIGHTED_AUDITOR,0,1,5,5.95000000000000018e+00,1.01174195637656954e+01,M,4.41748181973601592e-05,4.41846920437704771e-05,,,NONE
RECOMBINATION_WEIGHTED_AUDITOR,0,1,5,5.95000000000000018e+00,1.01174195637656954e+01,I,4.42182368552283177e-05,1.52517722479505440e-02,,,NONE
RECOMBINATION_WEIGHTED_AUDITOR,0,1,5,5.95000000000000018e+00,1.01174195637656954e+01,U,4.32999097097651120e-05,4.61061633007549682e-02,,,NONE
RECOMBINATION_WEIGHTED_AUDITOR,0,1,5,5.95000000000000018e+00,1.01174195637656954e+01,C,4.41846920437721102e-05,2.01905706438181953e+00,,,NONE
RECOMBINATION_WEIGHTED_AUDITOR,0,1,5,5.95000000000000018e+00,1.01174195637656954e+01,J_G1,6.78022573281718091e-17,4.69212864623985314e-07,,,NONE
RECOMBINATION_WEIGHTED_AUDITOR,0,1,5,5.95000000000000018e+00,1.01174195637656954e+01,J_G2a,2.78970736148572101e-16,8.29790844703880129e-08,,,NONE
RECOMBINATION_WEIGHTED_AUDITOR,0,1,6,5.95000000000000018e+00,1.01174195637656954e+01,M,4.41748181973601524e-05,4.41846920437949665e-05,4.41846920437949665e-05,0.00000000000000000e+00,TWO_MODE
RECOMBINATION_WEIGHTED_AUDITOR,0,1,6,5.95000000000000018e+00,1.01174195637656954e+01,I,4.42182368551932776e-05,1.55525526233678754e-02,1.55525526233678754e-02,7.64883941051181312e-16,TWO_MODE
RECOMBINATION_WEIGHTED_AUDITOR,0,1,6,5.95000000000000018e+00,1.01174195637656954e+01,U,4.32999097097434008e-05,6.67660387520589982e-02,6.67660387520589982e-02,0.00000000000000000e+00,TWO_MODE
RECOMBINATION_WEIGHTED_AUDITOR,0,1,6,5.95000000000000018e+00,1.01174195637656954e+01,C,4.41846920437482578e-05,2.05887491190409211e+00,6.75148411800807150e-03,9.34390753609054991e-01,TWO_MODE
RECOMBINATION_WEIGHTED_AUDITOR,0,1,6,5.95000000000000018e+00,1.01174195637656954e+01,J_G1,7.26689199779244205e-17,8.60729213877638698e-03,8.60729213877638698e-03,0.00000000000000000e+00,TWO_MODE
RECOMBINATION_WEIGHTED_AUDITOR,0,1,6,5.95000000000000018e+00,1.01174195637656954e+01,J_G2a,6.21705052311649181e-17,4.06697563735288359e-03,4.06697563735288359e-03,0.00000000000000000e+00,TWO_MODE
RECOMBINATION_WEIGHTED_AUDITOR,0,1,7,5.95000000000000018e+00,1.01174195637656954e+01,M,4.41748181973601524e-05,4.41846920437796725e-05,4.41846920437796725e-05,0.00000000000000000e+00,TWO_MODE
RECOMBINATION_WEIGHTED_AUDITOR,0,1,7,5.95000000000000018e+00,1.01174195637656954e+01,I,4.42182368552120818e-05,1.55525526233678841e-02,1.55525526233678841e-02,0.00000000000000000e+00,TWO_MODE
RECOMBINATION_WEIGHTED_AUDITOR,0,1,7,5.95000000000000018e+00,1.01174195637656954e+01,U,4.32999097097549747e-05,6.24263359193846026e-02,6.24263359193846026e-02,0.00000000000000000e+00,TWO_MODE
RECOMBINATION_WEIGHTED_AUDITOR,0,1,7,5.95000000000000018e+00,1.01174195637656954e+01,C,4.41846920437898301e-05,2.05887491190408900e+00,4.17334123540012442e-03,9.59084198973281676e-01,TWO_MODE
RECOMBINATION_WEIGHTED_AUDITOR,0,1,7,5.95000000000000018e+00,1.01174195637656954e+01,J_G1,4.62055789537368802e-16,6.31724345091074467e-03,6.31724345091074467e-03,0.00000000000000000e+00,TWO_MODE
RECOMBINATION_WEIGHTED_AUDITOR,0,1,7,5.95000000000000018e+00,1.01174195637656954e+01,J_G2a,1.95498048463568799e-16,2.19868220993068696e-03,2.19868220993068696e-03,0.00000000000000000e+00,TWO_MODE
RECOMBINATION_WEIGHTED_AUDITOR,0,1,8,5.95000000000000018e+00,1.01174195637656954e+01,M,4.41748181973601524e-05,4.41846920437755661e-05,4.41846920437755661e-05,0.00000000000000000e+00,TWO_MODE
RECOMBINATION_WEIGHTED_AUDITOR,0,1,8,5.95000000000000018e+00,1.01174195637656954e+01,I,4.42182368551992950e-05,1.55525526233678928e-02,1.55525526233678928e-02,0.00000000000000000e+00,TWO_MODE
RECOMBINATION_WEIGHTED_AUDITOR,0,1,8,5.95000000000000018e+00,1.01174195637656954e+01,U,4.32999097097778107e-05,6.09221386088701980e-02,6.09221386088701980e-02,0.00000000000000000e+00,TWO_MODE
RECOMBINATION_WEIGHTED_AUDITOR,0,1,8,5.95000000000000018e+00,1.01174195637656954e+01,C,4.41846920437984631e-05,2.05887491190409211e+00,1.72262198989206494e-03,9.83161917823784814e-01,TWO_MODE
RECOMBINATION_WEIGHTED_AUDITOR,0,1,8,5.95000000000000018e+00,1.01174195637656954e+01,J_G1,2.21749914205468831e-16,2.82066681243357343e-03,2.82066681243357343e-03,0.00000000000000000e+00,TWO_MODE
RECOMBINATION_WEIGHTED_AUDITOR,0,1,8,5.95000000000000018e+00,1.01174195637656954e+01,J_G2a,2.03828099031034481e-16,8.68340292321514106e-04,8.68340292321514106e-04,0.00000000000000000e+00,TWO_MODE
RECOMBINATION_WEIGHTED_AUDITOR,0,1,9,5.95000000000000018e+00,1.01174195637656954e+01,M,4.41748181973601524e-05,4.41846920438010991e-05,4.41846920438010991e-05,0.00000000000000000e+00,TWO_MODE
RECOMBINATION_WEIGHTED_AUDITOR,0,1,9,5.95000000000000018e+00,1.01174195637656954e+01,I,4.42182368552090460e-05,1.55525526233678078e-02,1.55525526233678078e-02,0.00000000000000000e+00,TWO_MODE
RECOMBINATION_WEIGHTED_AUDITOR,0,1,9,5.95000000000000018e+00,1.01174195637656954e+01,U,4.32999097097434889e-05,5.98537495493871377e-02,5.98537495493871377e-02,0.00000000000000000e+00,TWO_MODE
RECOMBINATION_WEIGHTED_AUDITOR,0,1,9,5.95000000000000018e+00,1.01174195637656954e+01,C,4.41846920437687221e-05,2.05887491190408012e+00,7.66700845038901526e-04,9.92716653990988962e-01,TWO_MODE
RECOMBINATION_WEIGHTED_AUDITOR,0,1,9,5.95000000000000018e+00,1.01174195637656954e+01,J_G1,2.17458952770088031e-16,1.31831562780939781e-03,1.31831562780939781e-03,0.00000000000000000e+00,TWO_MODE
RECOMBINATION_WEIGHTED_AUDITOR,0,1,9,5.95000000000000018e+00,1.01174195637656954e+01,J_G2a,3.66683899863353183e-04,3.69321913531435106e-04,3.69321913531435106e-04,0.00000000000000000e+00,TWO_MODE
RECOMBINATION_WEIGHTED_AUDITOR,0,1,10,5.95000000000000018e+00,1.01174195637656954e+01,M,4.41748181973601524e-05,4.41846920437674481e-05,,,NONE
RECOMBINATION_WEIGHTED_AUDITOR,0,1,10,5.95000000000000018e+00,1.01174195637656954e+01,I,4.42182368551818325e-05,1.55525526233678234e-02,,,NONE
RECOMBINATION_WEIGHTED_AUDITOR,0,1,10,5.95000000000000018e+00,1.01174195637656954e+01,U,4.32999097097670432e-05,5.83587881431630456e-02,,,NONE
RECOMBINATION_WEIGHTED_AUDITOR,0,1,10,5.95000000000000018e+00,1.01174195637656954e+01,C,4.41846920437937739e-05,2.05887491190405525e+00,,,NONE
RECOMBINATION_WEIGHTED_AUDITOR,0,1,10,5.95000000000000018e+00,1.01174195637656954e+01,J_G1,2.15865935830909102e-16,1.28277010813832189e-04,,,NONE
RECOMBINATION_WEIGHTED_AUDITOR,0,1,10,5.95000000000000018e+00,1.01174195637656954e+01,J_G2a,2.92095586668069961e-16,3.11084830755307230e-05,,,NONE
RECOMBINATION_WEIGHTED_AUDITOR,0,1,11,5.95000000000000018e+00,1.01174195637656954e+01,M,4.41748181973601524e-05,4.41846920437967622e-05,,,NONE
RECOMBINATION_WEIGHTED_AUDITOR,0,1,11,5.95000000000000018e+00,1.01174195637656954e+01,I,4.42182368551936978e-05,1.55525526233679066e-02,,,NONE
RECOMBINATION_WEIGHTED_AUDITOR,0,1,11,5.95000000000000018e+00,1.01174195637656954e+01,U,4.32999097097600230e-05,5.80073342060515793e-02,,,NONE
RECOMBINATION_WEIGHTED_AUDITOR,0,1,11,5.95000000000000018e+00,1.01174195637656954e+01,C,4.41846920437870248e-05,2.05887491190409344e+00,,,NONE
RECOMBINATION_WEIGHTED_AUDITOR,0,1,11,5.95000000000000018e+00,1.01174195637656954e+01,J_G1,3.25304627499202201e-16,3.28596626148661860e-06,,,NONE
RECOMBINATION_WEIGHTED_AUDITOR,0,1,11,5.95000000000000018e+00,1.01174195637656954e+01,J_G2a,8.03344525262878926e-17,7.68412075655462146e-07,,,NONE
RECOMBINATION_WEIGHTED_AUDITOR,0,1,12,5.95000000000000018e+00,1.01174195637656954e+01,M,4.41748181973601524e-05,4.41846920437542547e-05,,,NONE
RECOMBINATION_WEIGHTED_AUDITOR,0,1,12,5.95000000000000018e+00,1.01174195637656954e+01,I,4.42182368552153073e-05,1.65834332097442791e-02,,,NONE
RECOMBINATION_WEIGHTED_AUDITOR,0,1,12,5.95000000000000018e+00,1.01174195637656954e+01,U,4.32999097097592911e-05,1.01127001256163640e-01,,,NONE
RECOMBINATION_WEIGHTED_AUDITOR,0,1,12,5.95000000000000018e+00,1.01174195637656954e+01,C,4.41846920437985173e-05,2.19534473958148491e+00,,,NONE
RECOMBINATION_WEIGHTED_AUDITOR,0,1,12,5.95000000000000018e+00,1.01174195637656954e+01,J_G1,9.17395035550630813e-17,9.09070573992424788e-03,,,NONE
RECOMBINATION_WEIGHTED_AUDITOR,0,1,12,5.95000000000000018e+00,1.01174195637656954e+01,J_G2a,4.22730668184682833e-17,4.78500282409799558e-03,,,NONE
RECOMBINATION_WEIGHTED_AUDITOR,0,1,13,5.95000000000000018e+00,1.01174195637656954e+01,M,4.41748181973601524e-05,4.41846920437671364e-05,4.41846920437671364e-05,0.00000000000000000e+00,TWO_MODE
RECOMBINATION_WEIGHTED_AUDITOR,0,1,13,5.95000000000000018e+00,1.01174195637656954e+01,I,4.42182368551992001e-05,1.65834332097443415e-02,1.65834332097443415e-02,7.20857552002893768e-16,TWO_MODE
RECOMBINATION_WEIGHTED_AUDITOR,0,1,13,5.95000000000000018e+00,1.01174195637656954e+01,U,4.32999097097681748e-05,9.87968622334362417e-02,9.87968622334362417e-02,0.00000000000000000e+00,TWO_MODE
RECOMBINATION_WEIGHTED_AUDITOR,0,1,13,5.95000000000000018e+00,1.01174195637656954e+01,C,4.41846920437761489e-05,2.19534473958150844e+00,1.98330927180961295e-03,9.80572261964611336e-01,TWO_MODE
RECOMBINATION_WEIGHTED_AUDITOR,0,1,13,5.95000000000000018e+00,1.01174195637656954e+01,J_G1,4.93064641739996831e-16,2.64283562230666069e-03,2.64283562230666069e-03,0.00000000000000000e+00,TWO_MODE
RECOMBINATION_WEIGHTED_AUDITOR,0,1,13,5.95000000000000018e+00,1.01174195637656954e+01,J_G2a,1.05167741870291317e-16,1.20210782146922598e-03,1.20210782146922598e-03,0.00000000000000000e+00,TWO_MODE
RECOMBINATION_WEIGHTED_AUDITOR,0,1,14,5.95000000000000018e+00,1.01174195637656954e+01,M,4.41748181973601524e-05,4.41846920437794557e-05,4.41846920437794557e-05,0.00000000000000000e+00,TWO_MODE
RECOMBINATION_WEIGHTED_AUDITOR,0,1,14,5.95000000000000018e+00,1.01174195637656954e+01,I,4.42182368551776448e-05,1.65834332097443103e-02,1.65834332097443103e-02,0.00000000000000000e+00,TWO_MODE
RECOMBINATION_WEIGHTED_AUDITOR,0,1,14,5.95000000000000018e+00,1.01174195637656954e+01,U,4.32999097097769975e-05,9.85984836842524748e-02,9.85984836842524748e-02,0.00000000000000000e+00,TWO_MODE
RECOMBINATION_WEIGHTED_AUDITOR,0,1,14,5.95000000000000018e+00,1.01174195637656954e+01,C,4.41846920437739466e-05,2.19534473958154619e+00,7.28563782361549999e-04,9.93099766297619091e-01,TWO_MODE
RECOMBINATION_WEIGHTED_AUDITOR,0,1,14,5.95000000000000018e+00,1.01174195637656954e+01,J_G1,2.07588796240453187e-16,1.00436156315946595e-03,1.00436156315946595e-03,0.00000000000000000e+00,TWO_MODE
RECOMBINATION_WEIGHTED_AUDITOR,0,1,14,5.95000000000000018e+00,1.01174195637656954e+01,J_G2a,1.26165948977542197e-16,4.50916707256463129e-04,4.50916707256463129e-04,0.00000000000000000e+00,TWO_MODE
RECOMBINATION_WEIGHTED_AUDITOR,0,1,15,5.95000000000000018e+00,1.01174195637656954e+01,M,4.41748181973601524e-05,4.41846920437848157e-05,4.41846920437848157e-05,0.00000000000000000e+00,TWO_MODE
RECOMBINATION_WEIGHTED_AUDITOR,0,1,15,5.95000000000000018e+00,1.01174195637656954e+01,I,4.42182368552018157e-05,1.65834332097442860e-02,1.65834332097442860e-02,0.00000000000000000e+00,TWO_MODE
RECOMBINATION_WEIGHTED_AUDITOR,0,1,15,5.95000000000000018e+00,1.01174195637656954e+01,U,4.32999097097739618e-05,9.78941694882996816e-02,9.78941694882996816e-02,0.00000000000000000e+00,TWO_MODE
RECOMBINATION_WEIGHTED_AUDITOR,0,1,15,5.95000000000000018e+00,1.01174195637656954e+01,C,4.41846920437848428e-05,2.19534473958155996e+00,4.40222318934886626e-04,9.96001137992737040e-01,TWO_MODE
RECOMBINATION_WEIGHTED_AUDITOR,0,1,15,5.95000000000000018e+00,1.01174195637656954e+01,J_G1,1.28599967482415344e-16,6.07973154955197153e-04,6.07973154955197153e-04,0.00000000000000000e+00,TWO_MODE
RECOMBINATION_WEIGHTED_AUDITOR,0,1,15,5.95000000000000018e+00,1.01174195637656954e+01,J_G2a,2.42777641913659747e-17,2.60367808320451598e-04,2.60367808320451598e-04,0.00000000000000000e+00,TWO_MODE
RECOMBINATION_WEIGHTED_AUDITOR,0,1,16,5.95000000000000018e+00,1.01174195637656954e+01,M,4.41748181973601592e-05,4.41846920437617832e-05,,,NONE
RECOMBINATION_WEIGHTED_AUDITOR,0,1,16,5.95000000000000018e+00,1.01174195637656954e+01,I,4.42182368551982379e-05,1.65834332097442964e-02,,,NONE
RECOMBINATION_WEIGHTED_AUDITOR,0,1,16,5.95000000000000018e+00,1.01174195637656954e+01,U,4.32999097097453727e-05,9.70168214984637178e-02,,,NONE
RECOMBINATION_WEIGHTED_AUDITOR,0,1,16,5.95000000000000018e+00,1.01174195637656954e+01,C,4.41846920438052868e-05,2.19534473958154974e+00,,,NONE
RECOMBINATION_WEIGHTED_AUDITOR,0,1,16,5.95000000000000018e+00,1.01174195637656954e+01,J_G1,9.26361273440755355e-17,6.15420102323588255e-05,,,NONE
RECOMBINATION_WEIGHTED_AUDITOR,0,1,16,5.95000000000000018e+00,1.01174195637656954e+01,J_G2a,3.18617530342836831e-17,2.47991229744368344e-05,,,NONE
RECOMBINATION_WEIGHTED_AUDITOR,0,1,17,5.95000000000000018e+00,1.01174195637656954e+01,M,4.41748181970774332e-05,4.41846920437687831e-05,,,NONE
RECOMBINATION_WEIGHTED_AUDITOR,0,1,17,5.95000000000000018e+00,1.01174195637656954e+01,I,4.42182368551998235e-05,1.65834332097728882e-02,,,NONE
RECOMBINATION_WEIGHTED_AUDITOR,0,1,17,5.95000000000000018e+00,1.01174195637656954e+01,U,4.32999097097370853e-05,9.71311139288962844e-02,,,NONE
RECOMBINATION_WEIGHTED_AUDITOR,0,1,17,5.95000000000000018e+00,1.01174195637656954e+01,C,4.41846920437660387e-05,2.19534473958528498e+00,,,NONE
RECOMBINATION_WEIGHTED_AUDITOR,0,1,17,5.95000000000000018e+00,1.01174195637656954e+01,J_G1,3.09907700040294927e-16,1.64248601166282903e-06,,,NONE
RECOMBINATION_WEIGHTED_AUDITOR,0,1,17,5.95000000000000018e+00,1.01174195637656954e+01,J_G2a,6.62455942913837762e-07,6.67221813006743627e-07,,,NONE
RECOMBINATION_WEIGHTED_AUDITOR,0,2,0,5.95000000000000018e+00,1.01174195637656954e+01,M,4.41748181973601524e-05,1.08549567659458994e-03,1.08549567659458994e-03,0.00000000000000000e+00,TWO_MODE
RECOMBINATION_WEIGHTED_AUDITOR,0,2,0,5.95000000000000018e+00,1.01174195637656954e+01,I,1.08630205373101848e-03,1.62836130244676872e-02,1.62836130244676872e-02,0.00000000000000000e+00,TWO_MODE
RECOMBINATION_WEIGHTED_AUDITOR,0,2,0,5.95000000000000018e+00,1.01174195637656954e+01,U,1.06704455354390110e-03,5.95600787793718819e-02,5.95600787793718819e-02,0.00000000000000000e+00,TWO_MODE
RECOMBINATION_WEIGHTED_AUDITOR,0,2,0,5.95000000000000018e+00,1.01174195637656954e+01,C,1.09414524545369549e-03,2.15796714892620889e+00,6.02543647210926955e-03,9.51332217672303249e-01,TWO_MODE
RECOMBINATION_WEIGHTED_AUDITOR,0,2,0,5.95000000000000018e+00,1.01174195637656954e+01,J_G1,1.06669763227168783e-03,7.20136731219018448e-03,7.20136731219018448e-03,0.00000000000000000e+00,TWO_MODE
RECOMBINATION_WEIGHTED_AUDITOR,0,2,0,5.95000000000000018e+00,1.01174195637656954e+01,J_G2a,1.00986237800030861e-03,3.76051424835408552e-03,3.76051424835408552e-03,0.00000000000000000e+00,TWO_MODE
RECOMBINATION_WEIGHTED_AUDITOR,0,2,1,5.95000000000000018e+00,1.01174195637656954e+01,M,4.41748181973601524e-05,1.09065216546252552e-03,,,NONE
RECOMBINATION_WEIGHTED_AUDITOR,0,2,1,5.95000000000000018e+00,1.01174195637656954e+01,I,1.09145854236730429e-03,1.62836130244676143e-02,,,NONE
RECOMBINATION_WEIGHTED_AUDITOR,0,2,1,5.95000000000000018e+00,1.01174195637656954e+01,U,1.07220104766547102e-03,5.05645566490139572e-02,,,NONE
RECOMBINATION_WEIGHTED_AUDITOR,0,2,1,5.95000000000000018e+00,1.01174195637656954e+01,C,1.09930173182789582e-03,2.15796714892616670e+00,,,NONE
RECOMBINATION_WEIGHTED_AUDITOR,0,2,1,5.95000000000000018e+00,1.01174195637656954e+01,J_G1,7.22862584627690448e-04,1.06669763227092195e-03,,,NONE
RECOMBINATION_WEIGHTED_AUDITOR,0,2,1,5.95000000000000018e+00,1.01174195637656954e+01,J_G2a,1.93815343361161674e-04,1.00986237799945686e-03,,,NONE
RECOMBINATION_WEIGHTED_AUDITOR,0,2,2,5.95000000000000018e+00,1.01174195637656954e+01,M,4.41748181973601524e-05,1.09145409390930151e-03,,,NONE
RECOMBINATION_WEIGHTED_AUDITOR,0,2,2,5.95000000000000018e+00,1.01174195637656954e+01,I,1.09226047077793840e-03,1.62836130244675935e-02,,,NONE
RECOMBINATION_WEIGHTED_AUDITOR,0,2,2,5.95000000000000018e+00,1.01174195637656954e+01,U,1.07300297693150313e-03,4.91656301640430241e-02,,,NONE
RECOMBINATION_WEIGHTED_AUDITOR,0,2,2,5.95000000000000018e+00,1.01174195637656954e+01,C,1.10010365988572230e-03,2.15796714892629238e+00,,,NONE
RECOMBINATION_WEIGHTED_AUDITOR,0,2,2,5.95000000000000018e+00,1.01174195637656954e+01,J_G1,3.40087306397652135e-04,1.06669763227062748e-03,,,NONE
RECOMBINATION_WEIGHTED_AUDITOR,0,2,2,5.95000000000000018e+00,1.01174195637656954e+01,J_G2a,7.93110648318274338e-05,1.00986237799970168e-03,,,NONE
RECOMBINATION_WEIGHTED_AUDITOR,0,2,3,5.95000000000000018e+00,1.01174195637656954e+01,M,4.41748181973601524e-05,1.09195979120968890e-03,,,NONE
RECOMBINATION_WEIGHTED_AUDITOR,0,2,3,5.95000000000000018e+00,1.01174195637656954e+01,I,1.09276616805554193e-03,1.62836130244675796e-02,,,NONE
RECOMBINATION_WEIGHTED_AUDITOR,0,2,3,5.95000000000000018e+00,1.01174195637656954e+01,U,1.07350867474887150e-03,4.82834707943968072e-02,,,NONE
RECOMBINATION_WEIGHTED_AUDITOR,0,2,3,5.95000000000000018e+00,1.01174195637656954e+01,C,1.10060935694079876e-03,2.15796714892627506e+00,,,NONE
RECOMBINATION_WEIGHTED_AUDITOR,0,2,3,5.95000000000000018e+00,1.01174195637656954e+01,J_G1,1.67863397651244861e-04,1.06669763227090352e-03,,,NONE
RECOMBINATION_WEIGHTED_AUDITOR,0,2,3,5.95000000000000018e+00,1.01174195637656954e+01,J_G2a,3.55455666438829514e-05,1.00986237799966872e-03,,,NONE
RECOMBINATION_WEIGHTED_AUDITOR,0,2,4,5.95000000000000018e+00,1.01174195637656954e+01,M,4.41748181973601524e-05,1.09268159364185624e-03,,,NONE
RECOMBINATION_WEIGHTED_AUDITOR,0,2,4,5.95000000000000018e+00,1.01174195637656954e+01,I,1.09348797045514482e-03,1.62836130244675865e-02,,,NONE
RECOMBINATION_WEIGHTED_AUDITOR,0,2,4,5.95000000000000018e+00,1.01174195637656954e+01,U,1.07423047791934279e-03,4.70243364351135146e-02,,,NONE
RECOMBINATION_WEIGHTED_AUDITOR,0,2,4,5.95000000000000018e+00,1.01174195637656954e+01,C,1.10133115902250945e-03,2.15796714892618979e+00,,,NONE
RECOMBINATION_WEIGHTED_AUDITOR,0,2,4,5.95000000000000018e+00,1.01174195637656954e+01,J_G1,1.82805973147304644e-05,1.06669763227113380e-03,,,NONE
RECOMBINATION_WEIGHTED_AUDITOR,0,2,4,5.95000000000000018e+00,1.01174195637656954e+01,J_G2a,3.32437536486495689e-06,1.00986237799960280e-03,,,NONE
RECOMBINATION_WEIGHTED_AUDITOR,0,2,5,5.95000000000000018e+00,1.01174195637656954e+01,M,4.41748181973601592e-05,1.09280441349010994e-03,,,NONE
RECOMBINATION_WEIGHTED_AUDITOR,0,2,5,5.95000000000000018e+00,1.01174195637656954e+01,I,1.09361079029787430e-03,1.62836130244676247e-02,,,NONE
RECOMBINATION_WEIGHTED_AUDITOR,0,2,5,5.95000000000000018e+00,1.01174195637656954e+01,U,1.07435329789324599e-03,4.68100866252924575e-02,,,NONE
RECOMBINATION_WEIGHTED_AUDITOR,0,2,5,5.95000000000000018e+00,1.01174195637656954e+01,C,1.10145397881107848e-03,2.15796714892625019e+00,,,NONE
RECOMBINATION_WEIGHTED_AUDITOR,0,2,5,5.95000000000000018e+00,1.01174195637656954e+01,J_G1,4.65861344162385661e-07,1.06669763227094688e-03,,,NONE
RECOMBINATION_WEIGHTED_AUDITOR,0,2,5,5.95000000000000018e+00,1.01174195637656954e+01,J_G2a,8.23863767241711836e-08,1.00986237799965115e-03,,,NONE
RECOMBINATION_WEIGHTED_AUDITOR,0,2,6,5.95000000000000018e+00,1.01174195637656954e+01,M,4.41748181973601524e-05,1.08642325063441794e-03,1.08642325063441794e-03,0.00000000000000000e+00,TWO_MODE
RECOMBINATION_WEIGHTED_AUDITOR,0,2,6,5.95000000000000018e+00,1.01174195637656954e+01,I,1.08722962772921810e-03,1.65841266363679525e-02,1.65841266363679525e-02,0.00000000000000000e+00,TWO_MODE
RECOMBINATION_WEIGHTED_AUDITOR,0,2,6,5.95000000000000018e+00,1.01174195637656954e+01,U,1.06797212852689631e-03,6.72410423973340970e-02,6.72410423973340970e-02,0.00000000000000000e+00,TWO_MODE
RECOMBINATION_WEIGHTED_AUDITOR,0,2,6,5.95000000000000018e+00,1.01174195637656954e+01,C,1.09507281904576426e-03,2.19779237084080981e+00,6.91388597989781983e-03,9.42828033438836588e-01,TWO_MODE
RECOMBINATION_WEIGHTED_AUDITOR,0,2,6,5.95000000000000018e+00,1.01174195637656954e+01,J_G1,1.06669763227112448e-03,8.63854019695757362e-03,8.63854019695757362e-03,1.52179031297513464e-15,TWO_MODE
RECOMBINATION_WEIGHTED_AUDITOR,0,2,6,5.95000000000000018e+00,1.01174195637656954e+01,J_G2a,1.00986237799973702e-03,4.07939395673966726e-03,4.07939395673966726e-03,0.00000000000000000e+00,TWO_MODE
RECOMBINATION_WEIGHTED_AUDITOR,0,2,7,5.95000000000000018e+00,1.01174195637656954e+01,M,4.41748181973601524e-05,1.08890854763296629e-03,1.08890854763296629e-03,0.00000000000000000e+00,TWO_MODE
RECOMBINATION_WEIGHTED_AUDITOR,0,2,7,5.95000000000000018e+00,1.01174195637656954e+01,I,1.08971492461619143e-03,1.65841266363679421e-02,1.65841266363679421e-02,0.00000000000000000e+00,TWO_MODE
RECOMBINATION_WEIGHTED_AUDITOR,0,2,7,5.95000000000000018e+00,1.01174195637656954e+01,U,1.07045742805658077e-03,6.29054108258165490e-02,6.29054108258165490e-02,0.00000000000000000e+00,TWO_MODE
RECOMBINATION_WEIGHTED_AUDITOR,0,2,7,5.95000000000000018e+00,1.01174195637656954e+01,C,1.09755811484282427e-03,2.19779237084079204e+00,4.45480089063045748e-03,9.66603756044188245e-01,TWO_MODE
RECOMBINATION_WEIGHTED_AUDITOR,0,2,7,5.95000000000000018e+00,1.01174195637656954e+01,J_G1,1.06669763227093604e-03,6.34017767780998762e-03,6.34017767780998762e-03,0.00000000000000000e+00,TWO_MODE
RECOMBINATION_WEIGHTED_AUDITOR,0,2,7,5.95000000000000018e+00,1.01174195637656954e+01,J_G2a,1.00986237800025267e-03,2.20539578295094255e-03,2.20539578295094255e-03,0.00000000000000000e+00,TWO_MODE
RECOMBINATION_WEIGHTED_AUDITOR,0,2,8,5.95000000000000018e+00,1.01174195637656954e+01,M,4.41748181973601524e-05,1.08976996915522285e-03,1.08976996915522285e-03,0.00000000000000000e+00,TWO_MODE
RECOMBINATION_WEIGHTED_AUDITOR,0,2,8,5.95000000000000018e+00,1.01174195637656954e+01,I,1.09057634609969600e-03,1.65841266363679109e-02,1.65841266363679109e-02,0.00000000000000000e+00,TWO_MODE
RECOMBINATION_WEIGHTED_AUDITOR,0,2,8,5.95000000000000018e+00,1.01174195637656954e+01,U,1.07131885045756996e-03,6.14026755524975168e-02,6.14026755524975168e-02,0.00000000000000000e+00,TWO_MODE
RECOMBINATION_WEIGHTED_AUDITOR,0,2,8,5.95000000000000018e+00,1.01174195637656954e+01,C,1.09841953594800516e-03,2.19779237084080448e+00,2.01564331289560928e-03,9.90762987950005614e-01,TWO_MODE
RECOMBINATION_WEIGHTED_AUDITOR,0,2,8,5.95000000000000018e+00,1.01174195637656954e+01,J_G1,1.06669763227094515e-03,2.83090700868153262e-03,2.83090700868153262e-03,0.00000000000000000e+00,TWO_MODE
RECOMBINATION_WEIGHTED_AUDITOR,0,2,8,5.95000000000000018e+00,1.01174195637656954e+01,J_G2a,8.62137861662076667e-04,1.00986237800012690e-03,1.00986237800012690e-03,0.00000000000000000e+00,TWO_MODE
RECOMBINATION_WEIGHTED_AUDITOR,0,2,9,5.95000000000000018e+00,1.01174195637656954e+01,M,4.41748181973601524e-05,1.09038180805860340e-03,1.09038180805860340e-03,0.00000000000000000e+00,TWO_MODE
RECOMBINATION_WEIGHTED_AUDITOR,0,2,9,5.95000000000000018e+00,1.01174195637656954e+01,I,1.09118818497554236e-03,1.65841266363679664e-02,1.65841266363679664e-02,0.00000000000000000e+00,TWO_MODE
RECOMBINATION_WEIGHTED_AUDITOR,0,2,9,5.95000000000000018e+00,1.01174195637656954e+01,U,1.07193068998547220e-03,6.03353408467894176e-02,6.03353408467894176e-02,0.00000000000000000e+00,TWO_MODE
RECOMBINATION_WEIGHTED_AUDITOR,0,2,9,5.95000000000000018e+00,1.01174195637656954e+01,C,1.09903137455496201e-03,2.19779237084080892e+00,1.23968545739050408e-03,9.98577955694862740e-01,TWO_MODE
RECOMBINATION_WEIGHTED_AUDITOR,0,2,9,5.95000000000000018e+00,1.01174195637656954e+01,J_G1,1.06669763227131443e-03,1.32310166304264155e-03,1.32310166304264155e-03,0.00000000000000000e+00,TWO_MODE
RECOMBINATION_WEIGHTED_AUDITOR,0,2,9,5.95000000000000018e+00,1.01174195637656954e+01,J_G2a,3.66683899863353183e-04,1.00986237799971360e-03,1.00986237799971360e-03,0.00000000000000000e+00,TWO_MODE
RECOMBINATION_WEIGHTED_AUDITOR,0,2,10,5.95000000000000018e+00,1.01174195637656954e+01,M,4.41748181973601524e-05,1.09123792756792340e-03,,,NONE
RECOMBINATION_WEIGHTED_AUDITOR,0,2,10,5.95000000000000018e+00,1.01174195637656954e+01,I,1.09204430444631399e-03,1.65841266363679386e-02,,,NONE
RECOMBINATION_WEIGHTED_AUDITOR,0,2,10,5.95000000000000018e+00,1.01174195637656954e+01,U,1.07278681036922794e-03,5.88418769445549633e-02,,,NONE
RECOMBINATION_WEIGHTED_AUDITOR,0,2,10,5.95000000000000018e+00,1.01174195637656954e+01,C,1.09988749364918590e-03,2.19779237084082402e+00,,,NONE
RECOMBINATION_WEIGHTED_AUDITOR,0,2,10,5.95000000000000018e+00,1.01174195637656954e+01,J_G1,1.27360746450876344e-04,1.06669763227175808e-03,,,NONE
RECOMBINATION_WEIGHTED_AUDITOR,0,2,10,5.95000000000000018e+00,1.01174195637656954e+01,J_G2a,3.08862796249912412e-05,1.00986237799947595e-03,,,NONE
RECOMBINATION_WEIGHTED_AUDITOR,0,2,11,5.95000000000000018e+00,1.01174195637656954e+01,M,4.41748181973601524e-05,1.09143919360233559e-03,,,NONE
RECOMBINATION_WEIGHTED_AUDITOR,0,2,11,5.95000000000000018e+00,1.01174195637656954e+01,I,1.09224557047166680e-03,1.65841266363679525e-02,,,NONE
RECOMBINATION_WEIGHTED_AUDITOR,0,2,11,5.95000000000000018e+00,1.01174195637656954e+01,U,1.07298807660932867e-03,5.84907788153099170e-02,,,NONE
RECOMBINATION_WEIGHTED_AUDITOR,0,2,11,5.95000000000000018e+00,1.01174195637656954e+01,C,1.10008875958597673e-03,2.19779237084080981e+00,,,NONE
RECOMBINATION_WEIGHTED_AUDITOR,0,2,11,5.95000000000000018e+00,1.01174195637656954e+01,J_G1,3.26249507390457816e-06,1.06669763227103557e-03,,,NONE
RECOMBINATION_WEIGHTED_AUDITOR,0,2,11,5.95000000000000018e+00,1.01174195637656954e+01,J_G2a,7.62923417972209341e-07,1.00986237799959347e-03,,,NONE
RECOMBINATION_WEIGHTED_AUDITOR,0,2,12,5.95000000000000018e+00,1.01174195637656954e+01,M,4.41748181973601524e-05,1.08542548758522144e-03,,,NONE
RECOMBINATION_WEIGHTED_AUDITOR,0,2,12,5.95000000000000018e+00,1.01174195637656954e+01,I,1.08623186472478353e-03,1.76140929299469194e-02,,,NONE
RECOMBINATION_WEIGHTED_AUDITOR,0,2,12,5.95000000000000018e+00,1.01174195637656954e+01,U,1.06697436446320554e-03,1.00853174721311320e-01,,,NONE
RECOMBINATION_WEIGHTED_AUDITOR,0,2,12,5.95000000000000018e+00,1.01174195637656954e+01,C,1.09407505647815062e-03,2.33428747316547280e+00,,,NONE
RECOMBINATION_WEIGHTED_AUDITOR,0,2,12,5.95000000000000018e+00,1.01174195637656954e+01,J_G1,1.06669763227104121e-03,9.12370879097548076e-03,,,NONE
RECOMBINATION_WEIGHTED_AUDITOR,0,2,12,5.95000000000000018e+00,1.01174195637656954e+01,J_G2a,1.00986237799997143e-03,4.79961360582743541e-03,,,NONE
RECOMBINATION_WEIGHTED_AUDITOR,0,2,13,5.95000000000000018e+00,1.01174195637656954e+01,M,4.41748181973601524e-05,1.08675995227719489e-03,1.08675995227719489e-03,0.00000000000000000e+00,TWO_MODE
RECOMBINATION_WEIGHTED_AUDITOR,0,2,13,5.95000000000000018e+00,1.01174195637656954e+01,I,1.08756632935692876e-03,1.76140929299469368e-02,1.76140929299469368e-02,0.00000000000000000e+00,TWO_MODE
RECOMBINATION_WEIGHTED_AUDITOR,0,2,13,5.95000000000000018e+00,1.01174195637656954e+01,U,1.06830883051223366e-03,9.85251475926182396e-02,9.85251475926182396e-02,8.95054430971024454e-17,TWO_MODE
RECOMBINATION_WEIGHTED_AUDITOR,0,2,13,5.95000000000000018e+00,1.01174195637656954e+01,C,1.09540952052596271e-03,2.33428747316546614e+00,2.05070661272385105e-03,9.90381415874421189e-01,TWO_MODE
RECOMBINATION_WEIGHTED_AUDITOR,0,2,13,5.95000000000000018e+00,1.01174195637656954e+01,J_G1,1.06669763227081049e-03,2.65243021721031343e-03,2.65243021721031343e-03,0.00000000000000000e+00,TWO_MODE
RECOMBINATION_WEIGHTED_AUDITOR,0,2,13,5.95000000000000018e+00,1.01174195637656954e+01,J_G2a,1.00986237799965549e-03,1.20577840132892584e-03,1.20577840132892584e-03,0.00000000000000000e+00,TWO_MODE
RECOMBINATION_WEIGHTED_AUDITOR,0,2,14,5.95000000000000018e+00,1.01174195637656954e+01,M,4.41748181973601524e-05,1.08687356233089986e-03,,,NONE
RECOMBINATION_WEIGHTED_AUDITOR,0,2,14,5.95000000000000018e+00,1.01174195637656954e+01,I,1.08767993940554340e-03,1.76140929299469506e-02,,,NONE
RECOMBINATION_WEIGHTED_AUDITOR,0,2,14,5.95000000000000018e+00,1.01174195637656954e+01,U,1.06842244068159763e-03,9.83269517453267822e-02,,,NONE
RECOMBINATION_WEIGHTED_AUDITOR,0,2,14,5.95000000000000018e+00,1.01174195637656954e+01,C,1.09552313052475717e-03,2.33428747316549545e+00,,,NONE
RECOMBINATION_WEIGHTED_AUDITOR,0,2,14,5.95000000000000018e+00,1.01174195637656954e+01,J_G1,9.97187551994039743e-04,1.06669763227087034e-03,,,NONE
RECOMBINATION_WEIGHTED_AUDITOR,0,2,14,5.95000000000000018e+00,1.01174195637656954e+01,J_G2a,4.47695873633202634e-04,1.00986237799982528e-03,,,NONE
RECOMBINATION_WEIGHTED_AUDITOR,0,2,15,5.95000000000000018e+00,1.01174195637656954e+01,M,4.41748181973601524e-05,1.08727691724784829e-03,,,NONE
RECOMBINATION_WEIGHTED_AUDITOR,0,2,15,5.95000000000000018e+00,1.01174195637656954e+01,I,1.08808329430438262e-03,1.76140929299469437e-02,,,NONE
RECOMBINATION_WEIGHTED_AUDITOR,0,2,15,5.95000000000000018e+00,1.01174195637656954e+01,U,1.06882579600911997e-03,9.76232898863989007e-02,,,NONE
RECOMBINATION_WEIGHTED_AUDITOR,0,2,15,5.95000000000000018e+00,1.01174195637656954e+01,C,1.09592648524680270e-03,2.33428747316547280e+00,,,NONE
RECOMBINATION_WEIGHTED_AUDITOR,0,2,15,5.95000000000000018e+00,1.01174195637656954e+01,J_G1,6.03630489562660775e-04,1.06669763227066391e-03,,,NONE
RECOMBINATION_WEIGHTED_AUDITOR,0,2,15,5.95000000000000018e+00,1.01174195637656954e+01,J_G2a,2.58508038261019420e-04,1.00986237799989553e-03,,,NONE
RECOMBINATION_WEIGHTED_AUDITOR,0,2,16,5.95000000000000018e+00,1.01174195637656954e+01,M,4.41748181973601592e-05,1.08777936487293838e-03,,,NONE
RECOMBINATION_WEIGHTED_AUDITOR,0,2,16,5.95000000000000018e+00,1.01174195637656954e+01,I,1.08858574190688877e-03,1.76140929299469576e-02,,,NONE
RECOMBINATION_WEIGHTED_AUDITOR,0,2,16,5.95000000000000018e+00,1.01174195637656954e+01,U,1.06932824414584875e-03,9.67467625308977286e-02,,,NONE
RECOMBINATION_WEIGHTED_AUDITOR,0,2,16,5.95000000000000018e+00,1.01174195637656954e+01,C,1.09642893262898076e-03,2.33428747316552654e+00,,,NONE
RECOMBINATION_WEIGHTED_AUDITOR,0,2,16,5.95000000000000018e+00,1.01174195637656954e+01,J_G1,6.11024244449849221e-05,1.06669763227079184e-03,,,NONE
RECOMBINATION_WEIGHTED_AUDITOR,0,2,16,5.95000000000000018e+00,1.01174195637656954e+01,J_G2a,2.46219863817622868e-05,1.00986237800018718e-03,,,NONE
RECOMBINATION_WEIGHTED_AUDITOR,0,2,17,5.95000000000000018e+00,1.01174195637656954e+01,M,4.41748181970774332e-05,1.08771391042725607e-03,,,NONE
RECOMBINATION_WEIGHTED_AUDITOR,0,2,17,5.95000000000000018e+00,1.01174195637656954e+01,I,1.08852028746415008e-03,1.76140929300287429e-02,,,NONE
RECOMBINATION_WEIGHTED_AUDITOR,0,2,17,5.95000000000000018e+00,1.01174195637656954e+01,U,1.06926278963346438e-03,9.68609475522538843e-02,,,NONE
RECOMBINATION_WEIGHTED_AUDITOR,0,2,17,5.95000000000000018e+00,1.01174195637656954e+01,C,1.09636347821496279e-03,2.33428747317639740e+00,,,NONE
RECOMBINATION_WEIGHTED_AUDITOR,0,2,17,5.95000000000000018e+00,1.01174195637656954e+01,J_G1,1.63075396872238507e-06,1.06669763210172721e-03,,,NONE
RECOMBINATION_WEIGHTED_AUDITOR,0,2,17,5.95000000000000018e+00,1.01174195637656954e+01,J_G2a,6.62455942913837762e-07,1.00986237756936167e-03,,,NONE
RECOMBINATION_WEIGHTED_AUDITOR,1,1,0,5.84999999999999964e+00,1.04892439548289094e+01,M,1.08097790623699354e-03,2.00129724354742647e-02,,,NONE
RECOMBINATION_WEIGHTED_AUDITOR,1,1,0,5.84999999999999964e+00,1.04892439548289094e+01,I,1.00675433477456291e-02,3.13077105630467714e-02,,,NONE
RECOMBINATION_WEIGHTED_AUDITOR,1,1,0,5.84999999999999964e+00,1.04892439548289094e+01,U,9.98859936680167662e-03,7.42321878953483560e-02,,,NONE
RECOMBINATION_WEIGHTED_AUDITOR,1,1,0,5.84999999999999964e+00,1.04892439548289094e+01,C,3.43937484223317685e-02,3.59307764251425032e+00,,,NONE
RECOMBINATION_WEIGHTED_AUDITOR,1,1,0,5.84999999999999964e+00,1.04892439548289094e+01,J_G1,7.08191279982789239e-03,5.01284602860317674e-02,,,NONE
RECOMBINATION_WEIGHTED_AUDITOR,1,1,0,5.84999999999999964e+00,1.04892439548289094e+01,J_G2a,3.64536371022861506e-03,4.22042058768981598e-03,,,NONE
RECOMBINATION_WEIGHTED_AUDITOR,1,1,1,5.84999999999999964e+00,1.04892439548289094e+01,M,1.08097790623699354e-03,3.80582238582729063e-02,,,NONE
RECOMBINATION_WEIGHTED_AUDITOR,1,1,1,5.84999999999999964e+00,1.04892439548289094e+01,I,1.62836130244676143e-02,3.79504624769111953e-02,,,NONE
RECOMBINATION_WEIGHTED_AUDITOR,1,1,1,5.84999999999999964e+00,1.04892439548289094e+01,U,3.80264830818539262e-02,6.58980115919294979e-02,,,NONE
RECOMBINATION_WEIGHTED_AUDITOR,1,1,1,5.84999999999999964e+00,1.04892439548289094e+01,C,1.37426682312576862e-02,3.59307764251427031e+00,,,NONE
RECOMBINATION_WEIGHTED_AUDITOR,1,1,1,5.84999999999999964e+00,1.04892439548289094e+01,J_G1,7.30706207166837633e-04,1.34174588830011194e-03,,,NONE
RECOMBINATION_WEIGHTED_AUDITOR,1,1,1,5.84999999999999964e+00,1.04892439548289094e+01,J_G2a,1.95805762008871868e-04,5.17044501136948928e-02,,,NONE
RECOMBINATION_WEIGHTED_AUDITOR,1,1,2,5.84999999999999964e+00,1.04892439548289094e+01,M,1.08097790623699311e-03,4.16892162660639221e-02,,,NONE
RECOMBINATION_WEIGHTED_AUDITOR,1,1,2,5.84999999999999964e+00,1.04892439548289094e+01,I,1.62836130244675935e-02,4.15823475895276407e-02,,,NONE
RECOMBINATION_WEIGHTED_AUDITOR,1,1,2,5.84999999999999964e+00,1.04892439548289094e+01,U,4.16577386819606543e-02,6.46685930676238058e-02,,,NONE
RECOMBINATION_WEIGHTED_AUDITOR,1,1,2,5.84999999999999964e+00,1.04892439548289094e+01,C,1.75142181455393078e-02,3.59307764251432404e+00,,,NONE
RECOMBINATION_WEIGHTED_AUDITOR,1,1,2,5.84999999999999964e+00,1.04892439548289094e+01,J_G1,3.43777518781673190e-04,5.58565037999936894e-03,,,NONE
RECOMBINATION_WEIGHTED_AUDITOR,1,1,2,5.84999999999999964e+00,1.04892439548289094e+01,J_G2a,8.01255628982518777e-05,5.79615188761820818e-02,,,NONE
RECOMBINATION_WEIGHTED_AUDITOR,1,1,3,5.84999999999999964e+00,1.04892439548289094e+01,M,1.08097790623699354e-03,4.15818256614754189e-02,,,NONE
RECOMBINATION_WEIGHTED_AUDITOR,1,1,3,5.84999999999999964e+00,1.04892439548289094e+01,I,1.62836130244675796e-02,4.14749294137524011e-02,,,NONE
RECOMBINATION_WEIGHTED_AUDITOR,1,1,3,5.84999999999999964e+00,1.04892439548289094e+01,U,4.15503399490660813e-02,6.37906037264762554e-02,,,NONE
RECOMBINATION_WEIGHTED_AUDITOR,1,1,3,5.84999999999999964e+00,1.04892439548289094e+01,C,1.74023959344956937e-02,3.59307764251432049e+00,,,NONE
RECOMBINATION_WEIGHTED_AUDITOR,1,1,3,5.84999999999999964e+00,1.04892439548289094e+01,J_G1,1.69684846370980866e-04,5.90746845208767798e-03,,,NONE
RECOMBINATION_WEIGHTED_AUDITOR,1,1,3,5.84999999999999964e+00,1.04892439548289094e+01,J_G2a,3.59106077054648822e-05,5.91903591883830987e-02,,,NONE
RECOMBINATION_WEIGHTED_AUDITOR,1,1,4,5.84999999999999964e+00,1.04892439548289094e+01,M,1.08097790623699354e-03,3.93767127403363143e-02,,,NONE
RECOMBINATION_WEIGHTED_AUDITOR,1,1,4,5.84999999999999964e+00,1.04892439548289094e+01,I,1.62836130244675865e-02,3.92692661037713775e-02,,,NONE
RECOMBINATION_WEIGHTED_AUDITOR,1,1,4,5.84999999999999964e+00,1.04892439548289094e+01,U,3.93450647618828475e-02,6.22795097840338346e-02,,,NONE
RECOMBINATION_WEIGHTED_AUDITOR,1,1,4,5.84999999999999964e+00,1.04892439548289094e+01,C,1.51099883531708602e-02,3.59307764251438799e+00,,,NONE
RECOMBINATION_WEIGHTED_AUDITOR,1,1,4,5.84999999999999964e+00,1.04892439548289094e+01,J_G1,1.84789560459418237e-05,4.59560325648578853e-03,,,NONE
RECOMBINATION_WEIGHTED_AUDITOR,1,1,4,5.84999999999999964e+00,1.04892439548289094e+01,J_G2a,3.35851558618833239e-06,5.73086600198227172e-02,,,NONE
RECOMBINATION_WEIGHTED_AUDITOR,1,1,5,5.84999999999999964e+00,1.04892439548289094e+01,M,1.08097790623699398e-03,3.95977400318598613e-02,,,NONE
RECOMBINATION_WEIGHTED_AUDITOR,1,1,5,5.84999999999999964e+00,1.04892439548289094e+01,I,1.62836130244676247e-02,3.94903472088265622e-02,,,NONE
RECOMBINATION_WEIGHTED_AUDITOR,1,1,5,5.84999999999999964e+00,1.04892439548289094e+01,U,3.95661079191938561e-02,6.20831990711881443e-02,,,NONE
RECOMBINATION_WEIGHTED_AUDITOR,1,1,5,5.84999999999999964e+00,1.04892439548289094e+01,C,1.53394476290025766e-02,3.59307764251434270e+00,,,NONE
RECOMBINATION_WEIGHTED_AUDITOR,1,1,5,5.84999999999999964e+00,1.04892439548289094e+01,J_G1,4.70916302901289342e-07,4.89984483536453144e-03,,,NONE
RECOMBINATION_WEIGHTED_AUDITOR,1,1,5,5.84999999999999964e+00,1.04892439548289094e+01,J_G2a,8.32324572134929244e-08,5.80791726827413549e-02,,,NONE
RECOMBINATION_WEIGHTED_AUDITOR,1,1,6,5.84999999999999964e+00,1.04892439548289094e+01,M,1.08097790623699354e-03,3.42011834578389157e-02,,,NONE
RECOMBINATION_WEIGHTED_AUDITOR,1,1,6,5.84999999999999964e+00,1.04892439548289094e+01,I,1.65841266363679525e-02,3.40925629770421970e-02,,,NONE
RECOMBINATION_WEIGHTED_AUDITOR,1,1,6,5.84999999999999964e+00,1.04892439548289094e+01,U,3.41691893676378949e-02,8.40504335725876794e-02,,,NONE
RECOMBINATION_WEIGHTED_AUDITOR,1,1,6,5.84999999999999964e+00,1.04892439548289094e+01,C,9.75716098376316898e-03,3.62904520554039989e+00,,,NONE
RECOMBINATION_WEIGHTED_AUDITOR,1,1,6,5.84999999999999964e+00,1.04892439548289094e+01,J_G1,7.51586218748644987e-03,1.34513960618397200e-02,,,NONE
RECOMBINATION_WEIGHTED_AUDITOR,1,1,6,5.84999999999999964e+00,1.04892439548289094e+01,J_G2a,4.07939395673966726e-03,4.42850833365758811e-02,,,NONE
RECOMBINATION_WEIGHTED_AUDITOR,1,1,7,5.84999999999999964e+00,1.04892439548289094e+01,M,1.08097790623699354e-03,3.81577605036272013e-02,,,NONE
RECOMBINATION_WEIGHTED_AUDITOR,1,1,7,5.84999999999999964e+00,1.04892439548289094e+01,I,1.65841266363679421e-02,3.80500225086393765e-02,,,NONE
RECOMBINATION_WEIGHTED_AUDITOR,1,1,7,5.84999999999999964e+00,1.04892439548289094e+01,U,3.81260266224701591e-02,7.98879141614647625e-02,,,NONE
RECOMBINATION_WEIGHTED_AUDITOR,1,1,7,5.84999999999999964e+00,1.04892439548289094e+01,C,1.38458036398884671e-02,3.62904520554046384e+00,,,NONE
RECOMBINATION_WEIGHTED_AUDITOR,1,1,7,5.84999999999999964e+00,1.04892439548289094e+01,J_G1,1.02467906316536434e-03,1.05685694373620995e-02,,,NONE
RECOMBINATION_WEIGHTED_AUDITOR,1,1,7,5.84999999999999964e+00,1.04892439548289094e+01,J_G2a,2.20539578295094255e-03,5.16695415269320460e-02,,,NONE
RECOMBINATION_WEIGHTED_AUDITOR,1,1,8,5.84999999999999964e+00,1.04892439548289094e+01,M,1.08097790623699354e-03,3.99659722528245692e-02,,,NONE
RECOMBINATION_WEIGHTED_AUDITOR,1,1,8,5.84999999999999964e+00,1.04892439548289094e+01,I,1.65841266363679109e-02,3.98586697533338877e-02,,,NONE
RECOMBINATION_WEIGHTED_AUDITOR,1,1,8,5.84999999999999964e+00,1.04892439548289094e+01,U,3.99343667699308194e-02,7.80923900162202173e-02,,,NONE
RECOMBINATION_WEIGHTED_AUDITOR,1,1,8,5.84999999999999964e+00,1.04892439548289094e+01,C,1.57218846857821101e-02,3.62904520554050869e+00,,,NONE
RECOMBINATION_WEIGHTED_AUDITOR,1,1,8,5.84999999999999964e+00,1.04892439548289094e+01,J_G1,2.21123948861268703e-03,4.88182095388589501e-03,,,NONE
RECOMBINATION_WEIGHTED_AUDITOR,1,1,8,5.84999999999999964e+00,1.04892439548289094e+01,J_G2a,8.70991728683081427e-04,5.31416317824339596e-02,,,NONE
RECOMBINATION_WEIGHTED_AUDITOR,1,1,9,5.84999999999999964e+00,1.04892439548289094e+01,M,1.08097790623699354e-03,4.10468071716573110e-02,,,NONE
RECOMBINATION_WEIGHTED_AUDITOR,1,1,9,5.84999999999999964e+00,1.04892439548289094e+01,I,1.65841266363679664e-02,4.09397746259821740e-02,,,NONE
RECOMBINATION_WEIGHTED_AUDITOR,1,1,9,5.84999999999999964e+00,1.04892439548289094e+01,U,4.10152812766892416e-02,7.70921485234339204e-02,,,NONE
RECOMBINATION_WEIGHTED_AUDITOR,1,1,9,5.84999999999999964e+00,1.04892439548289094e+01,C,1.68455490571693262e-02,3.62904520554043275e+00,,,NONE
RECOMBINATION_WEIGHTED_AUDITOR,1,1,9,5.84999999999999964e+00,1.04892439548289094e+01,J_G1,1.32310166304264155e-03,3.81221194223048789e-03,,,NONE
RECOMBINATION_WEIGHTED_AUDITOR,1,1,9,5.84999999999999964e+00,1.04892439548289094e+01,J_G2a,3.70449620674956543e-04,5.55998724636827535e-02,,,NONE
RECOMBINATION_WEIGHTED_AUDITOR,1,1,10,5.84999999999999964e+00,1.04892439548289094e+01,M,1.08097790623699354e-03,3.96773339798986158e-02,,,NONE
RECOMBINATION_WEIGHTED_AUDITOR,1,1,10,5.84999999999999964e+00,1.04892439548289094e+01,I,1.65841266363679386e-02,3.95699606094948864e-02,,,NONE
RECOMBINATION_WEIGHTED_AUDITOR,1,1,10,5.84999999999999964e+00,1.04892439548289094e+01,U,3.96457076024064811e-02,7.55698308735040930e-02,,,NONE
RECOMBINATION_WEIGHTED_AUDITOR,1,1,10,5.84999999999999964e+00,1.04892439548289094e+01,C,1.54220953344913082e-02,3.62904520554048871e+00,,,NONE
RECOMBINATION_WEIGHTED_AUDITOR,1,1,10,5.84999999999999964e+00,1.04892439548289094e+01,J_G1,1.28742709831896869e-04,3.20873084861080784e-03,,,NONE
RECOMBINATION_WEIGHTED_AUDITOR,1,1,10,5.84999999999999964e+00,1.04892439548289094e+01,J_G2a,3.12034713697613582e-05,5.58648040551527822e-02,,,NONE
RECOMBINATION_WEIGHTED_AUDITOR,1,1,11,5.84999999999999964e+00,1.04892439548289094e+01,M,1.08097790623699354e-03,3.98720779568534564e-02,,,NONE
RECOMBINATION_WEIGHTED_AUDITOR,1,1,11,5.84999999999999964e+00,1.04892439548289094e+01,I,1.65841266363679525e-02,3.97647523465269256e-02,,,NONE
RECOMBINATION_WEIGHTED_AUDITOR,1,1,11,5.84999999999999964e+00,1.04892439548289094e+01,U,3.98404656602996746e-02,7.52277075022424330e-02,,,NONE
RECOMBINATION_WEIGHTED_AUDITOR,1,1,11,5.84999999999999964e+00,1.04892439548289094e+01,C,1.56243496877788123e-02,3.62904520554046650e+00,,,NONE
RECOMBINATION_WEIGHTED_AUDITOR,1,1,11,5.84999999999999964e+00,1.04892439548289094e+01,J_G1,3.29789568868216459e-06,3.57728427842745212e-03,,,NONE
RECOMBINATION_WEIGHTED_AUDITOR,1,1,11,5.84999999999999964e+00,1.04892439548289094e+01,J_G2a,7.70758385893593203e-07,5.65863775005534669e-02,,,NONE
RECOMBINATION_WEIGHTED_AUDITOR,1,1,12,5.84999999999999964e+00,1.04892439548289094e+01,M,1.08097790623699354e-03,2.00129724354742682e-02,,,NONE
RECOMBINATION_WEIGHTED_AUDITOR,1,1,12,5.84999999999999964e+00,1.04892439548289094e+01,I,4.44342385275974579e-03,3.27180726773245167e-02,,,NONE
RECOMBINATION_WEIGHTED_AUDITOR,1,1,12,5.84999999999999964e+00,1.04892439548289094e+01,U,4.52254304326180946e-03,1.22251303777466083e-01,,,NONE
RECOMBINATION_WEIGHTED_AUDITOR,1,1,12,5.84999999999999964e+00,1.04892439548289094e+01,C,2.01772656991492175e-02,3.75494002364490820e+00,,,NONE
RECOMBINATION_WEIGHTED_AUDITOR,1,1,12,5.84999999999999964e+00,1.04892439548289094e+01,J_G1,9.12370879097548076e-03,3.78243529731588993e-02,,,NONE
RECOMBINATION_WEIGHTED_AUDITOR,1,1,12,5.84999999999999964e+00,1.04892439548289094e+01,J_G2a,4.79961360582743541e-03,1.34039159264376928e-02,,,NONE
RECOMBINATION_WEIGHTED_AUDITOR,1,1,13,5.84999999999999964e+00,1.04892439548289094e+01,M,1.08097790623699398e-03,3.53111089978234566e-02,,,NONE
RECOMBINATION_WEIGHTED_AUDITOR,1,1,13,5.84999999999999964e+00,1.04892439548289094e+01,I,1.76140929299469368e-02,3.52027263219185996e-02,,,NONE
RECOMBINATION_WEIGHTED_AUDITOR,1,1,13,5.84999999999999964e+00,1.04892439548289094e+01,U,3.52791850300600493e-02,1.20159812691886317e-01,,,NONE
RECOMBINATION_WEIGHTED_AUDITOR,1,1,13,5.84999999999999964e+00,1.04892439548289094e+01,C,1.09018644507977106e-02,3.75494002364497215e+00,,,NONE
RECOMBINATION_WEIGHTED_AUDITOR,1,1,13,5.84999999999999964e+00,1.04892439548289094e+01,J_G1,2.65243021721031343e-03,6.04241714463027088e-03,,,NONE
RECOMBINATION_WEIGHTED_AUDITOR,1,1,13,5.84999999999999964e+00,1.04892439548289094e+01,J_G2a,1.20577840132892584e-03,4.57989995739445932e-02,,,NONE
RECOMBINATION_WEIGHTED_AUDITOR,1,1,14,5.84999999999999964e+00,1.04892439548289094e+01,M,1.08097790623699354e-03,2.00129724354742647e-02,,,NONE
RECOMBINATION_WEIGHTED_AUDITOR,1,1,14,5.84999999999999964e+00,1.04892439548289094e+01,I,6.51530231495303647e-03,3.27180726773244820e-02,,,NONE
RECOMBINATION_WEIGHTED_AUDITOR,1,1,14,5.84999999999999964e+00,1.04892439548289094e+01,U,6.59437170964994983e-03,1.20220373847881160e-01,,,NONE
RECOMBINATION_WEIGHTED_AUDITOR,1,1,14,5.84999999999999964e+00,1.04892439548289094e+01,C,1.81245939050151406e-02,3.75494002364497925e+00,,,NONE
RECOMBINATION_WEIGHTED_AUDITOR,1,1,14,5.84999999999999964e+00,1.04892439548289094e+01,J_G1,1.00800781427473900e-03,3.50799268424029573e-02,,,NONE
RECOMBINATION_WEIGHTED_AUDITOR,1,1,14,5.84999999999999964e+00,1.04892439548289094e+01,J_G2a,4.52293560276214733e-04,1.88386722556980850e-02,,,NONE
RECOMBINATION_WEIGHTED_AUDITOR,1,1,15,5.84999999999999964e+00,1.04892439548289094e+01,M,1.08097790623699354e-03,3.66408748850952162e-02,,,NONE
RECOMBINATION_WEIGHTED_AUDITOR,1,1,15,5.84999999999999964e+00,1.04892439548289094e+01,I,1.76140929299469437e-02,3.65327871328096493e-02,,,NONE
RECOMBINATION_WEIGHTED_AUDITOR,1,1,15,5.84999999999999964e+00,1.04892439548289094e+01,U,3.66090378788751294e-02,1.19230893619672484e-01,,,NONE
RECOMBINATION_WEIGHTED_AUDITOR,1,1,15,5.84999999999999964e+00,1.04892439548289094e+01,C,1.22756250062869953e-02,3.75494002364497925e+00,,,NONE
RECOMBINATION_WEIGHTED_AUDITOR,1,1,15,5.84999999999999964e+00,1.04892439548289094e+01,J_G1,6.10180350924883108e-04,4.03662271051553369e-03,,,NONE
RECOMBINATION_WEIGHTED_AUDITOR,1,1,15,5.84999999999999964e+00,1.04892439548289094e+01,J_G2a,2.61162829213142870e-04,4.74664650495075988e-02,,,NONE
RECOMBINATION_WEIGHTED_AUDITOR,1,1,16,5.84999999999999964e+00,1.04892439548289094e+01,M,1.08097790623699354e-03,3.63791896636824832e-02,,,NONE
RECOMBINATION_WEIGHTED_AUDITOR,1,1,16,5.84999999999999964e+00,1.04892439548289094e+01,I,1.76140929299469576e-02,3.62710430102172951e-02,,,NONE
RECOMBINATION_WEIGHTED_AUDITOR,1,1,16,5.84999999999999964e+00,1.04892439548289094e+01,U,3.63473352900977667e-02,1.18483856438104523e-01,,,NONE
RECOMBINATION_WEIGHTED_AUDITOR,1,1,16,5.84999999999999964e+00,1.04892439548289094e+01,C,1.20050811541693100e-02,3.75494002364510093e+00,,,NONE
RECOMBINATION_WEIGHTED_AUDITOR,1,1,16,5.84999999999999964e+00,1.04892439548289094e+01,J_G1,6.17654333816281670e-05,3.99164712490289366e-03,,,NONE
RECOMBINATION_WEIGHTED_AUDITOR,1,1,16,5.84999999999999964e+00,1.04892439548289094e+01,J_G2a,2.48748459334781695e-05,4.83253345564760850e-02,,,NONE
RECOMBINATION_WEIGHTED_AUDITOR,1,1,17,5.84999999999999964e+00,1.04892439548289094e+01,M,1.08097790623763713e-03,3.59864124609898875e-02,,,NONE
RECOMBINATION_WEIGHTED_AUDITOR,1,1,17,5.84999999999999964e+00,1.04892439548289094e+01,I,1.76140929300287429e-02,3.58781781933583468e-02,,,NONE
RECOMBINATION_WEIGHTED_AUDITOR,1,1,17,5.84999999999999964e+00,1.04892439548289094e+01,U,3.59545322535636466e-02,1.18483974491962074e-01,,,NONE
RECOMBINATION_WEIGHTED_AUDITOR,1,1,17,5.84999999999999964e+00,1.04892439548289094e+01,C,1.15991924191653443e-02,3.75494002365438950e+00,,,NONE
RECOMBINATION_WEIGHTED_AUDITOR,1,1,17,5.84999999999999964e+00,1.04892439548289094e+01,J_G1,1.64844892050831227e-06,4.26652997511711273e-03,,,NONE
RECOMBINATION_WEIGHTED_AUDITOR,1,1,17,5.84999999999999964e+00,1.04892439548289094e+01,J_G2a,6.69259143520305142e-07,4.73476145441069710e-02,,,NONE
RECOMBINATION_WEIGHTED_AUDITOR,1,2,0,5.84999999999999964e+00,1.04892439548289094e+01,M,6.76461394579480689e-04,2.00129724354742647e-02,,,NONE
RECOMBINATION_WEIGHTED_AUDITOR,1,2,0,5.84999999999999964e+00,1.04892439548289094e+01,I,7.15822960486297124e-04,3.13077105630467714e-02,,,NONE
RECOMBINATION_WEIGHTED_AUDITOR,1,2,0,5.84999999999999964e+00,1.04892439548289094e+01,U,4.47493596340094472e-04,7.42321878953483560e-02,,,NONE
RECOMBINATION_WEIGHTED_AUDITOR,1,2,0,5.84999999999999964e+00,1.04892439548289094e+01,C,5.89117195487058078e-04,3.59307764251425032e+00,,,NONE
RECOMBINATION_WEIGHTED_AUDITOR,1,2,0,5.84999999999999964e+00,1.04892439548289094e+01,J_G1,2.86276387119781294e-04,7.10321050611664555e-03,,,NONE
RECOMBINATION_WEIGHTED_AUDITOR,1,2,0,5.84999999999999964e+00,1.04892439548289094e+01,J_G2a,2.49090260381693062e-03,3.74186935985954417e-03,,,NONE
RECOMBINATION_WEIGHTED_AUDITOR,1,2,1,5.84999999999999964e+00,1.04892439548289094e+01,M,7.43816726854689726e-04,2.00129724354742647e-02,,,NONE
RECOMBINATION_WEIGHTED_AUDITOR,1,2,1,5.84999999999999964e+00,1.04892439548289094e+01,I,9.69018923822717636e-04,3.13077105630467575e-02,,,NONE
RECOMBINATION_WEIGHTED_AUDITOR,1,2,1,5.84999999999999964e+00,1.04892439548289094e+01,U,7.00692206839707843e-04,6.58980115919294979e-02,,,NONE
RECOMBINATION_WEIGHTED_AUDITOR,1,2,1,5.84999999999999964e+00,1.04892439548289094e+01,C,8.42314533794148355e-04,3.59307764251427031e+00,,,NONE
RECOMBINATION_WEIGHTED_AUDITOR,1,2,1,5.84999999999999964e+00,1.04892439548289094e+01,J_G1,2.86276387120248097e-04,1.25239663060517010e-03,,,NONE
RECOMBINATION_WEIGHTED_AUDITOR,1,2,1,5.84999999999999964e+00,1.04892439548289094e+01,J_G2a,3.46039518009012392e-04,2.49090260381679661e-03,,,NONE
RECOMBINATION_WEIGHTED_AUDITOR,1,2,2,5.84999999999999964e+00,1.04892439548289094e+01,M,7.43816726854689618e-04,2.00129724354742612e-02,,,NONE
RECOMBINATION_WEIGHTED_AUDITOR,1,2,2,5.84999999999999964e+00,1.04892439548289094e+01,I,1.00642591526157511e-03,3.13077105630467159e-02,,,NONE
RECOMBINATION_WEIGHTED_AUDITOR,1,2,2,5.84999999999999964e+00,1.04892439548289094e+01,U,7.38099669603016029e-04,6.46685930676238058e-02,,,NONE
RECOMBINATION_WEIGHTED_AUDITOR,1,2,2,5.84999999999999964e+00,1.04892439548289094e+01,C,8.79721766256780658e-04,3.59307764251432404e+00,,,NONE
RECOMBINATION_WEIGHTED_AUDITOR,1,2,2,5.84999999999999964e+00,1.04892439548289094e+01,J_G1,2.86276387120354674e-04,6.16050790181714913e-04,,,NONE
RECOMBINATION_WEIGHTED_AUDITOR,1,2,2,5.84999999999999964e+00,1.04892439548289094e+01,J_G2a,1.52106877575398469e-04,2.49090260381705075e-03,,,NONE
RECOMBINATION_WEIGHTED_AUDITOR,1,2,3,5.84999999999999964e+00,1.04892439548289094e+01,M,7.43816726854689726e-04,2.00129724354742647e-02,,,NONE
RECOMBINATION_WEIGHTED_AUDITOR,1,2,3,5.84999999999999964e+00,1.04892439548289094e+01,I,1.03314906088074763e-03,3.13077105630467228e-02,,,NONE
RECOMBINATION_WEIGHTED_AUDITOR,1,2,3,5.84999999999999964e+00,1.04892439548289094e+01,U,7.64823164580278854e-04,6.37906037264762554e-02,,,NONE
RECOMBINATION_WEIGHTED_AUDITOR,1,2,3,5.84999999999999964e+00,1.04892439548289094e+01,C,9.06445090033705615e-04,3.59307764251432049e+00,,,NONE
RECOMBINATION_WEIGHTED_AUDITOR,1,2,3,5.84999999999999964e+00,1.04892439548289094e+01,J_G1,2.86276387120527225e-04,3.05105091953038242e-04,,,NONE
RECOMBINATION_WEIGHTED_AUDITOR,1,2,3,5.84999999999999964e+00,1.04892439548289094e+01,J_G2a,6.91483465255736531e-05,2.49090260381707763e-03,,,NONE
RECOMBINATION_WEIGHTED_AUDITOR,1,2,4,5.84999999999999964e+00,1.04892439548289094e+01,M,7.43816726854689618e-04,2.00129724354742647e-02,,,NONE
RECOMBINATION_WEIGHTED_AUDITOR,1,2,4,5.84999999999999964e+00,1.04892439548289094e+01,I,1.07915930777961831e-03,3.13077105630467853e-02,,,NONE
RECOMBINATION_WEIGHTED_AUDITOR,1,2,4,5.84999999999999964e+00,1.04892439548289094e+01,U,8.10834037682304294e-04,6.22795097840338346e-02,,,NONE
RECOMBINATION_WEIGHTED_AUDITOR,1,2,4,5.84999999999999964e+00,1.04892439548289094e+01,C,9.52455655336760824e-04,3.59307764251438799e+00,,,NONE
RECOMBINATION_WEIGHTED_AUDITOR,1,2,4,5.84999999999999964e+00,1.04892439548289094e+01,J_G1,3.26737558704887827e-05,2.86276387120500879e-04,,,NONE
RECOMBINATION_WEIGHTED_AUDITOR,1,2,4,5.84999999999999964e+00,1.04892439548289094e+01,J_G2a,6.32778931749086227e-06,2.49090260381705595e-03,,,NONE
RECOMBINATION_WEIGHTED_AUDITOR,1,2,5,5.84999999999999964e+00,1.04892439548289094e+01,M,7.43816726854689943e-04,2.00129724354742647e-02,,,NONE
RECOMBINATION_WEIGHTED_AUDITOR,1,2,5,5.84999999999999964e+00,1.04892439548289094e+01,I,1.08513825695148551e-03,3.13077105630469241e-02,,,NONE
RECOMBINATION_WEIGHTED_AUDITOR,1,2,5,5.84999999999999964e+00,1.04892439548289094e+01,U,8.16813070522407684e-04,6.20831990711881443e-02,,,NONE
RECOMBINATION_WEIGHTED_AUDITOR,1,2,5,5.84999999999999964e+00,1.04892439548289094e+01,C,9.58434646967982530e-04,3.59307764251434270e+00,,,NONE
RECOMBINATION_WEIGHTED_AUDITOR,1,2,5,5.84999999999999964e+00,1.04892439548289094e+01,J_G1,8.35318618701214486e-07,2.86276387118419373e-04,,,NONE
RECOMBINATION_WEIGHTED_AUDITOR,1,2,5,5.84999999999999964e+00,1.04892439548289094e+01,J_G2a,1.58219908276106331e-07,2.49090260381744106e-03,,,NONE
RECOMBINATION_WEIGHTED_AUDITOR,1,2,6,5.84999999999999964e+00,1.04892439548289094e+01,M,6.96389630798118983e-04,2.00129724354742716e-02,,,NONE
RECOMBINATION_WEIGHTED_AUDITOR,1,2,6,5.84999999999999964e+00,1.04892439548289094e+01,I,7.35751166234753593e-04,3.16211082029469182e-02,,,NONE
RECOMBINATION_WEIGHTED_AUDITOR,1,2,6,5.84999999999999964e+00,1.04892439548289094e+01,U,4.67421976127153373e-04,8.40504335725876794e-02,,,NONE
RECOMBINATION_WEIGHTED_AUDITOR,1,2,6,5.84999999999999964e+00,1.04892439548289094e+01,C,6.09045493253321116e-04,3.62904520554039989e+00,,,NONE
RECOMBINATION_WEIGHTED_AUDITOR,1,2,6,5.84999999999999964e+00,1.04892439548289094e+01,J_G1,2.86276387120973157e-04,1.34918489579142140e-02,,,NONE
RECOMBINATION_WEIGHTED_AUDITOR,1,2,6,5.84999999999999964e+00,1.04892439548289094e+01,J_G2a,2.49090260381649694e-03,6.81008900714152963e-03,,,NONE
RECOMBINATION_WEIGHTED_AUDITOR,1,2,7,5.84999999999999964e+00,1.04892439548289094e+01,M,7.43816726854689726e-04,2.00129724354742647e-02,,,NONE
RECOMBINATION_WEIGHTED_AUDITOR,1,2,7,5.84999999999999964e+00,1.04892439548289094e+01,I,8.62152989387989324e-04,3.16211082029468626e-02,,,NONE
RECOMBINATION_WEIGHTED_AUDITOR,1,2,7,5.84999999999999964e+00,1.04892439548289094e+01,U,5.93825039702051841e-04,7.98879141614647625e-02,,,NONE
RECOMBINATION_WEIGHTED_AUDITOR,1,2,7,5.84999999999999964e+00,1.04892439548289094e+01,C,7.35447964526961414e-04,3.62904520554046384e+00,,,NONE
RECOMBINATION_WEIGHTED_AUDITOR,1,2,7,5.84999999999999964e+00,1.04892439548289094e+01,J_G1,2.86276387119614327e-04,1.06003526990501879e-02,,,NONE
RECOMBINATION_WEIGHTED_AUDITOR,1,2,7,5.84999999999999964e+00,1.04892439548289094e+01,J_G2a,2.49090260381692498e-03,3.99910576207161434e-03,,,NONE
RECOMBINATION_WEIGHTED_AUDITOR,1,2,8,5.84999999999999964e+00,1.04892439548289094e+01,M,7.43816726854689726e-04,2.00129724354742647e-02,,,NONE
RECOMBINATION_WEIGHTED_AUDITOR,1,2,8,5.84999999999999964e+00,1.04892439548289094e+01,I,9.16728618619535706e-04,3.16211082029468835e-02,,,NONE
RECOMBINATION_WEIGHTED_AUDITOR,1,2,8,5.84999999999999964e+00,1.04892439548289094e+01,U,6.48401277402319920e-04,7.80923900162202173e-02,,,NONE
RECOMBINATION_WEIGHTED_AUDITOR,1,2,8,5.84999999999999964e+00,1.04892439548289094e+01,C,7.90023908016559994e-04,3.62904520554050869e+00,,,NONE
RECOMBINATION_WEIGHTED_AUDITOR,1,2,8,5.84999999999999964e+00,1.04892439548289094e+01,J_G1,2.86276387120104278e-04,4.89650224011026116e-03,,,NONE
RECOMBINATION_WEIGHTED_AUDITOR,1,2,8,5.84999999999999964e+00,1.04892439548289094e+01,J_G2a,1.56457591581213155e-03,2.49090260381739379e-03,,,NONE
RECOMBINATION_WEIGHTED_AUDITOR,1,2,9,5.84999999999999964e+00,1.04892439548289094e+01,M,7.43816726854689943e-04,2.00129724354742612e-02,,,NONE
RECOMBINATION_WEIGHTED_AUDITOR,1,2,9,5.84999999999999964e+00,1.04892439548289094e+01,I,9.47144824623167734e-04,3.16211082029467863e-02,,,NONE
RECOMBINATION_WEIGHTED_AUDITOR,1,2,9,5.84999999999999964e+00,1.04892439548289094e+01,U,6.78817841599540345e-04,7.70921485234339204e-02,,,NONE
RECOMBINATION_WEIGHTED_AUDITOR,1,2,9,5.84999999999999964e+00,1.04892439548289094e+01,C,8.20440298172926750e-04,3.62904520554043275e+00,,,NONE
RECOMBINATION_WEIGHTED_AUDITOR,1,2,9,5.84999999999999964e+00,1.04892439548289094e+01,J_G1,2.86276387121447821e-04,2.32727945340668483e-03,,,NONE
RECOMBINATION_WEIGHTED_AUDITOR,1,2,9,5.84999999999999964e+00,1.04892439548289094e+01,J_G2a,6.84386595946942229e-04,2.49090260381795584e-03,,,NONE
RECOMBINATION_WEIGHTED_AUDITOR,1,2,10,5.84999999999999964e+00,1.04892439548289094e+01,M,7.43816726854689726e-04,2.00129724354742682e-02,,,NONE
RECOMBINATION_WEIGHTED_AUDITOR,1,2,10,5.84999999999999964e+00,1.04892439548289094e+01,I,9.93455311557458944e-04,3.16211082029467933e-02,,,NONE
RECOMBINATION_WEIGHTED_AUDITOR,1,2,10,5.84999999999999964e+00,1.04892439548289094e+01,U,7.25128900131145090e-04,7.55698308735040930e-02,,,NONE
RECOMBINATION_WEIGHTED_AUDITOR,1,2,10,5.84999999999999964e+00,1.04892439548289094e+01,C,8.66751077874766554e-04,3.62904520554048871e+00,,,NONE
RECOMBINATION_WEIGHTED_AUDITOR,1,2,10,5.84999999999999964e+00,1.04892439548289094e+01,J_G1,2.24348831012214311e-04,2.86276387121481269e-04,,,NONE
RECOMBINATION_WEIGHTED_AUDITOR,1,2,10,5.84999999999999964e+00,1.04892439548289094e+01,J_G2a,5.78222345470076057e-05,2.49090260381786477e-03,,,NONE
RECOMBINATION_WEIGHTED_AUDITOR,1,2,11,5.84999999999999964e+00,1.04892439548289094e+01,M,7.43816726854689618e-04,2.00129724354742543e-02,,,NONE
RECOMBINATION_WEIGHTED_AUDITOR,1,2,11,5.84999999999999964e+00,1.04892439548289094e+01,I,1.00386614131513685e-03,3.16211082029467794e-02,,,NONE
RECOMBINATION_WEIGHTED_AUDITOR,1,2,11,5.84999999999999964e+00,1.04892439548289094e+01,U,7.35539862745286242e-04,7.52277075022424330e-02,,,NONE
RECOMBINATION_WEIGHTED_AUDITOR,1,2,11,5.84999999999999964e+00,1.04892439548289094e+01,C,8.77161975506188197e-04,3.62904520554046650e+00,,,NONE
RECOMBINATION_WEIGHTED_AUDITOR,1,2,11,5.84999999999999964e+00,1.04892439548289094e+01,J_G1,5.76922568125604117e-06,2.86276387121440286e-04,,,NONE
RECOMBINATION_WEIGHTED_AUDITOR,1,2,11,5.84999999999999964e+00,1.04892439548289094e+01,J_G2a,1.44015867516913036e-06,2.49090260381703036e-03,,,NONE
RECOMBINATION_WEIGHTED_AUDITOR,1,2,12,5.84999999999999964e+00,1.04892439548289094e+01,M,6.49790362645014845e-04,2.00129724354742682e-02,,,NONE
RECOMBINATION_WEIGHTED_AUDITOR,1,2,12,5.84999999999999964e+00,1.04892439548289094e+01,I,6.89151967986090523e-04,3.27180726773245167e-02,,,NONE
RECOMBINATION_WEIGHTED_AUDITOR,1,2,12,5.84999999999999964e+00,1.04892439548289094e+01,U,4.20822380087944141e-04,1.22251303777466083e-01,,,NONE
RECOMBINATION_WEIGHTED_AUDITOR,1,2,12,5.84999999999999964e+00,1.04892439548289094e+01,C,5.62446084166099954e-04,3.75494002364490820e+00,,,NONE
RECOMBINATION_WEIGHTED_AUDITOR,1,2,12,5.84999999999999964e+00,1.04892439548289094e+01,J_G1,2.86276387120325780e-04,1.03142396123473892e-02,,,NONE
RECOMBINATION_WEIGHTED_AUDITOR,1,2,12,5.84999999999999964e+00,1.04892439548289094e+01,J_G2a,2.49090260381724417e-03,5.74695704658026354e-03,,,NONE
RECOMBINATION_WEIGHTED_AUDITOR,1,2,13,5.84999999999999964e+00,1.04892439548289094e+01,M,7.13250286710530768e-04,2.00129724354742647e-02,,,NONE
RECOMBINATION_WEIGHTED_AUDITOR,1,2,13,5.84999999999999964e+00,1.04892439548289094e+01,I,7.52611795695717141e-04,3.27180726773245029e-02,,,NONE
RECOMBINATION_WEIGHTED_AUDITOR,1,2,13,5.84999999999999964e+00,1.04892439548289094e+01,U,4.84282757414924775e-04,1.20159812691886317e-01,,,NONE
RECOMBINATION_WEIGHTED_AUDITOR,1,2,13,5.84999999999999964e+00,1.04892439548289094e+01,C,6.25906202729424252e-04,3.75494002364497215e+00,,,NONE
RECOMBINATION_WEIGHTED_AUDITOR,1,2,13,5.84999999999999964e+00,1.04892439548289094e+01,J_G1,2.86276387120516817e-04,4.20722530864476967e-03,,,NONE
RECOMBINATION_WEIGHTED_AUDITOR,1,2,13,5.84999999999999964e+00,1.04892439548289094e+01,J_G2a,1.99425669832541076e-03,2.49090260381664092e-03,,,NONE
RECOMBINATION_WEIGHTED_AUDITOR,1,2,14,5.84999999999999964e+00,1.04892439548289094e+01,M,7.11412151120202857e-04,2.00129724354742647e-02,,,NONE
RECOMBINATION_WEIGHTED_AUDITOR,1,2,14,5.84999999999999964e+00,1.04892439548289094e+01,I,7.50773663018961934e-04,3.27180726773244820e-02,,,NONE
RECOMBINATION_WEIGHTED_AUDITOR,1,2,14,5.84999999999999964e+00,1.04892439548289094e+01,U,4.82444607982350070e-04,1.20220373847881160e-01,,,NONE
RECOMBINATION_WEIGHTED_AUDITOR,1,2,14,5.84999999999999964e+00,1.04892439548289094e+01,C,6.24068061233296187e-04,3.75494002364497925e+00,,,NONE
RECOMBINATION_WEIGHTED_AUDITOR,1,2,14,5.84999999999999964e+00,1.04892439548289094e+01,J_G1,2.86276387120316944e-04,1.17410314897494991e-03,,,NONE
RECOMBINATION_WEIGHTED_AUDITOR,1,2,14,5.84999999999999964e+00,1.04892439548289094e+01,J_G2a,5.58781392453146317e-04,2.49090260381753126e-03,,,NONE
RECOMBINATION_WEIGHTED_AUDITOR,1,2,15,5.84999999999999964e+00,1.04892439548289094e+01,M,7.41449008511302051e-04,2.00129724354742647e-02,,,NONE
RECOMBINATION_WEIGHTED_AUDITOR,1,2,15,5.84999999999999964e+00,1.04892439548289094e+01,I,7.80810471881884750e-04,3.27180726773245029e-02,,,NONE
RECOMBINATION_WEIGHTED_AUDITOR,1,2,15,5.84999999999999964e+00,1.04892439548289094e+01,U,5.12481696903168381e-04,1.19230893619672484e-01,,,NONE
RECOMBINATION_WEIGHTED_AUDITOR,1,2,15,5.84999999999999964e+00,1.04892439548289094e+01,C,6.54105017166001571e-04,3.75494002364497925e+00,,,NONE
RECOMBINATION_WEIGHTED_AUDITOR,1,2,15,5.84999999999999964e+00,1.04892439548289094e+01,J_G1,2.86276387120051152e-04,9.88447782522971921e-04,,,NONE
RECOMBINATION_WEIGHTED_AUDITOR,1,2,15,5.84999999999999964e+00,1.04892439548289094e+01,J_G2a,4.40052265229359384e-04,2.49090260381718302e-03,,,NONE
RECOMBINATION_WEIGHTED_AUDITOR,1,2,16,5.84999999999999964e+00,1.04892439548289094e+01,M,7.43816726854689943e-04,2.00129724354742647e-02,,,NONE
RECOMBINATION_WEIGHTED_AUDITOR,1,2,16,5.84999999999999964e+00,1.04892439548289094e+01,I,8.03493889182008690e-04,3.27180726773244612e-02,,,NONE
RECOMBINATION_WEIGHTED_AUDITOR,1,2,16,5.84999999999999964e+00,1.04892439548289094e+01,U,5.35165334525930167e-04,1.18483856438104523e-01,,,NONE
RECOMBINATION_WEIGHTED_AUDITOR,1,2,16,5.84999999999999964e+00,1.04892439548289094e+01,C,6.76788549699215182e-04,3.75494002364510093e+00,,,NONE
RECOMBINATION_WEIGHTED_AUDITOR,1,2,16,5.84999999999999964e+00,1.04892439548289094e+01,J_G1,9.98026031923340438e-05,2.86276387120113385e-04,,,NONE
RECOMBINATION_WEIGHTED_AUDITOR,1,2,16,5.84999999999999964e+00,1.04892439548289094e+01,J_G2a,4.23184079933596477e-05,2.49090260381746404e-03,,,NONE
RECOMBINATION_WEIGHTED_AUDITOR,1,2,17,5.84999999999999964e+00,1.04892439548289094e+01,M,7.43816726854349395e-04,2.00129724355092402e-02,,,NONE
RECOMBINATION_WEIGHTED_AUDITOR,1,2,17,5.84999999999999964e+00,1.04892439548289094e+01,I,8.03490303820033930e-04,3.27180726774063749e-02,,,NONE
RECOMBINATION_WEIGHTED_AUDITOR,1,2,17,5.84999999999999964e+00,1.04892439548289094e+01,U,5.35161749128562386e-04,1.18483974491962074e-01,,,NONE
RECOMBINATION_WEIGHTED_AUDITOR,1,2,17,5.84999999999999964e+00,1.04892439548289094e+01,C,6.76784964318841512e-04,3.75494002365438950e+00,,,NONE
RECOMBINATION_WEIGHTED_AUDITOR,1,2,17,5.84999999999999964e+00,1.04892439548289094e+01,J_G1,2.65594499191590064e-06,2.86276386870662643e-04,,,NONE
RECOMBINATION_WEIGHTED_AUDITOR,1,2,17,5.84999999999999964e+00,1.04892439548289094e+01,J_G2a,1.12618599182754591e-06,2.49090260374319663e-03,,,NONE
RECOMBINATION_WEIGHTED_AUDITOR,2,1,0,5.75000000000000000e+00,1.08804373309742832e+01,M,7.43816726854689726e-04,4.03004332556674352e-02,,,NONE
RECOMBINATION_WEIGHTED_AUDITOR,2,1,0,5.75000000000000000e+00,1.08804373309742832e+01,I,1.82958847427737870e-03,4.79718772465698579e-02,,,NONE
RECOMBINATION_WEIGHTED_AUDITOR,2,1,0,5.75000000000000000e+00,1.08804373309742832e+01,U,7.68878079435059516e-04,8.62955340873984289e-02,,,NONE
RECOMBINATION_WEIGHTED_AUDITOR,2,1,0,5.75000000000000000e+00,1.08804373309742832e+01,C,2.61631950271794395e-02,4.35055349955844584e+00,,,NONE
RECOMBINATION_WEIGHTED_AUDITOR,2,1,0,5.75000000000000000e+00,1.08804373309742832e+01,J_G1,7.10321050611664555e-03,4.04083161571738986e-02,,,NONE
RECOMBINATION_WEIGHTED_AUDITOR,2,1,0,5.75000000000000000e+00,1.08804373309742832e+01,J_G2a,3.74186935985954417e-03,2.81338201589800795e-02,,,NONE
RECOMBINATION_WEIGHTED_AUDITOR,2,1,1,5.75000000000000000e+00,1.08804373309742832e+01,M,7.43816726854689726e-04,7.27989486551885445e-02,,,NONE
RECOMBINATION_WEIGHTED_AUDITOR,2,1,1,5.75000000000000000e+00,1.08804373309742832e+01,I,1.22326509856214207e-02,7.26498388104114545e-02,,,NONE
RECOMBINATION_WEIGHTED_AUDITOR,2,1,1,5.75000000000000000e+00,1.08804373309742832e+01,U,4.87690023198750558e-02,8.12768025612191775e-02,,,NONE
RECOMBINATION_WEIGHTED_AUDITOR,2,1,1,5.75000000000000000e+00,1.08804373309742832e+01,C,4.75548626897611126e-02,4.35055349955847959e+00,,,NONE
RECOMBINATION_WEIGHTED_AUDITOR,2,1,1,5.75000000000000000e+00,1.08804373309742832e+01,J_G1,1.25239663060517010e-03,3.25780467826674441e-02,,,NONE
RECOMBINATION_WEIGHTED_AUDITOR,2,1,1,5.75000000000000000e+00,1.08804373309742832e+01,J_G2a,3.55200405958198387e-04,5.49267103841218074e-02,,,NONE
RECOMBINATION_WEIGHTED_AUDITOR,2,1,2,5.75000000000000000e+00,1.08804373309742832e+01,M,7.43816726854689618e-04,7.54433275576917167e-02,,,NONE
RECOMBINATION_WEIGHTED_AUDITOR,2,1,2,5.75000000000000000e+00,1.08804373309742832e+01,I,1.22326509856213392e-02,7.52962674520950836e-02,,,NONE
RECOMBINATION_WEIGHTED_AUDITOR,2,1,2,5.75000000000000000e+00,1.08804373309742832e+01,U,4.75029134084849758e-02,8.02962900387944323e-02,,,NONE
RECOMBINATION_WEIGHTED_AUDITOR,2,1,2,5.75000000000000000e+00,1.08804373309742832e+01,C,5.04881289011099507e-02,4.35055349955850534e+00,,,NONE
RECOMBINATION_WEIGHTED_AUDITOR,2,1,2,5.75000000000000000e+00,1.08804373309742832e+01,J_G1,6.16050790181714913e-04,3.60572508094236313e-02,,,NONE
RECOMBINATION_WEIGHTED_AUDITOR,2,1,2,5.75000000000000000e+00,1.08804373309742832e+01,J_G2a,1.56133683732644399e-04,5.81555255691628345e-02,,,NONE
RECOMBINATION_WEIGHTED_AUDITOR,2,1,3,5.75000000000000000e+00,1.08804373309742832e+01,M,7.43816726854689726e-04,7.75402204874582751e-02,,,NONE
RECOMBINATION_WEIGHTED_AUDITOR,2,1,3,5.75000000000000000e+00,1.08804373309742832e+01,I,1.22326509856214155e-02,7.73948378256336944e-02,,,NONE
RECOMBINATION_WEIGHTED_AUDITOR,2,1,3,5.75000000000000000e+00,1.08804373309742832e+01,U,4.65981274668666734e-02,7.96073487533654339e-02,,,NONE
RECOMBINATION_WEIGHTED_AUDITOR,2,1,3,5.75000000000000000e+00,1.08804373309742832e+01,C,5.28239118809686742e-02,4.35055349955850534e+00,,,NONE
RECOMBINATION_WEIGHTED_AUDITOR,2,1,3,5.75000000000000000e+00,1.08804373309742832e+01,J_G1,3.05105091953038242e-04,3.87560042699791954e-02,,,NONE
RECOMBINATION_WEIGHTED_AUDITOR,2,1,3,5.75000000000000000e+00,1.08804373309742832e+01,J_G2a,7.09789474293000359e-05,6.08279434342473418e-02,,,NONE
RECOMBINATION_WEIGHTED_AUDITOR,2,1,4,5.75000000000000000e+00,1.08804373309742832e+01,M,7.43816726854689618e-04,7.39375635862064701e-02,,,NONE
RECOMBINATION_WEIGHTED_AUDITOR,2,1,4,5.75000000000000000e+00,1.08804373309742832e+01,I,1.22326509856213878e-02,7.37893273361504287e-02,,,NONE
RECOMBINATION_WEIGHTED_AUDITOR,2,1,4,5.75000000000000000e+00,1.08804373309742832e+01,U,4.50397257924759972e-02,7.84921599036128292e-02,,,NONE
RECOMBINATION_WEIGHTED_AUDITOR,2,1,4,5.75000000000000000e+00,1.08804373309742832e+01,C,4.88161796368229567e-02,4.35055349955852044e+00,,,NONE
RECOMBINATION_WEIGHTED_AUDITOR,2,1,4,5.75000000000000000e+00,1.08804373309742832e+01,J_G1,3.27720169018725312e-05,3.48758641653949611e-02,,,NONE
RECOMBINATION_WEIGHTED_AUDITOR,2,1,4,5.75000000000000000e+00,1.08804373309742832e+01,J_G2a,6.49530824491603832e-06,5.84460638427329246e-02,,,NONE
RECOMBINATION_WEIGHTED_AUDITOR,2,1,5,5.75000000000000000e+00,1.08804373309742832e+01,M,7.43816726854689943e-04,7.37609512796988803e-02,,,NONE
RECOMBINATION_WEIGHTED_AUDITOR,2,1,5,5.75000000000000000e+00,1.08804373309742832e+01,I,1.22326509856213843e-02,7.36125786350755734e-02,,,NONE
RECOMBINATION_WEIGHTED_AUDITOR,2,1,5,5.75000000000000000e+00,1.08804373309742832e+01,U,4.48371587526875254e-02,7.83599152578823427e-02,,,NONE
RECOMBINATION_WEIGHTED_AUDITOR,2,1,5,5.75000000000000000e+00,1.08804373309742832e+01,C,4.86203679149930512e-02,4.35055349955847781e+00,,,NONE
RECOMBINATION_WEIGHTED_AUDITOR,2,1,5,5.75000000000000000e+00,1.08804373309742832e+01,J_G1,8.37830704221241027e-07,3.46810032456664544e-02,,,NONE
RECOMBINATION_WEIGHTED_AUDITOR,2,1,5,5.75000000000000000e+00,1.08804373309742832e+01,J_G2a,1.62408547941853183e-07,5.86018059454150170e-02,,,NONE
RECOMBINATION_WEIGHTED_AUDITOR,2,1,6,5.75000000000000000e+00,1.08804373309742832e+01,M,7.43816726854689726e-04,5.38054856324638453e-02,,,NONE
RECOMBINATION_WEIGHTED_AUDITOR,2,1,6,5.75000000000000000e+00,1.08804373309742832e+01,I,1.25551893545254208e-02,5.36438058827516731e-02,,,NONE
RECOMBINATION_WEIGHTED_AUDITOR,2,1,6,5.75000000000000000e+00,1.08804373309742832e+01,U,5.26717556908714857e-02,9.91359166929357133e-02,,,NONE
RECOMBINATION_WEIGHTED_AUDITOR,2,1,6,5.75000000000000000e+00,1.08804373309742832e+01,C,2.68837124309994520e-02,4.38095380242579147e+00,,,NONE
RECOMBINATION_WEIGHTED_AUDITOR,2,1,6,5.75000000000000000e+00,1.08804373309742832e+01,J_G1,9.95241487838910248e-03,2.80579567062842067e-02,,,NONE
RECOMBINATION_WEIGHTED_AUDITOR,2,1,6,5.75000000000000000e+00,1.08804373309742832e+01,J_G2a,6.81008900714152963e-03,2.97482978158859108e-02,,,NONE
RECOMBINATION_WEIGHTED_AUDITOR,2,1,7,5.75000000000000000e+00,1.08804373309742832e+01,M,7.43816726854689726e-04,7.00837766662962131e-02,,,NONE
RECOMBINATION_WEIGHTED_AUDITOR,2,1,7,5.75000000000000000e+00,1.08804373309742832e+01,I,1.25551893545252924e-02,6.99326384321359018e-02,,,NONE
RECOMBINATION_WEIGHTED_AUDITOR,2,1,7,5.75000000000000000e+00,1.08804373309742832e+01,U,6.34066346948001514e-02,9.64714994395646230e-02,,,NONE
RECOMBINATION_WEIGHTED_AUDITOR,2,1,7,5.75000000000000000e+00,1.08804373309742832e+01,C,4.45573386621556586e-02,4.38095380242576748e+00,,,NONE
RECOMBINATION_WEIGHTED_AUDITOR,2,1,7,5.75000000000000000e+00,1.08804373309742832e+01,J_G1,1.06003526990501879e-02,2.81901273349119165e-02,,,NONE
RECOMBINATION_WEIGHTED_AUDITOR,2,1,7,5.75000000000000000e+00,1.08804373309742832e+01,J_G2a,3.99910576207161434e-03,5.10151966415212446e-02,,,NONE
RECOMBINATION_WEIGHTED_AUDITOR,2,1,8,5.75000000000000000e+00,1.08804373309742832e+01,M,7.43816726854689726e-04,7.17646762710611175e-02,,,NONE
RECOMBINATION_WEIGHTED_AUDITOR,2,1,8,5.75000000000000000e+00,1.08804373309742832e+01,I,1.25551893545253514e-02,7.16147846593211540e-02,,,NONE
RECOMBINATION_WEIGHTED_AUDITOR,2,1,8,5.75000000000000000e+00,1.08804373309742832e+01,U,6.15613632872927460e-02,9.50114471579886072e-02,,,NONE
RECOMBINATION_WEIGHTED_AUDITOR,2,1,8,5.75000000000000000e+00,1.08804373309742832e+01,C,4.64113366750346715e-02,4.38095380242579235e+00,,,NONE
RECOMBINATION_WEIGHTED_AUDITOR,2,1,8,5.75000000000000000e+00,1.08804373309742832e+01,J_G1,4.89650224011026116e-03,3.09084017053683907e-02,,,NONE
RECOMBINATION_WEIGHTED_AUDITOR,2,1,8,5.75000000000000000e+00,1.08804373309742832e+01,J_G2a,1.60599576501091077e-03,5.29705835147451926e-02,,,NONE
RECOMBINATION_WEIGHTED_AUDITOR,2,1,9,5.75000000000000000e+00,1.08804373309742832e+01,M,7.43816726854689943e-04,7.26763421766051521e-02,,,NONE
RECOMBINATION_WEIGHTED_AUDITOR,2,1,9,5.75000000000000000e+00,1.08804373309742832e+01,I,1.25551893545253878e-02,7.25271390727988130e-02,,,NONE
RECOMBINATION_WEIGHTED_AUDITOR,2,1,9,5.75000000000000000e+00,1.08804373309742832e+01,U,6.05324919909537226e-02,9.42818806860841879e-02,,,NONE
RECOMBINATION_WEIGHTED_AUDITOR,2,1,9,5.75000000000000000e+00,1.08804373309742832e+01,C,4.74191953846988187e-02,4.38095380242578436e+00,,,NONE
RECOMBINATION_WEIGHTED_AUDITOR,2,1,9,5.75000000000000000e+00,1.08804373309742832e+01,J_G1,2.32727945340668483e-03,3.21671267155909033e-02,,,NONE
RECOMBINATION_WEIGHTED_AUDITOR,2,1,9,5.75000000000000000e+00,1.08804373309742832e+01,J_G2a,7.02504725793703629e-04,5.46248940060835020e-02,,,NONE
RECOMBINATION_WEIGHTED_AUDITOR,2,1,10,5.75000000000000000e+00,1.08804373309742832e+01,M,7.43816726854689726e-04,7.20194873433166877e-02,,,NONE
RECOMBINATION_WEIGHTED_AUDITOR,2,1,10,5.75000000000000000e+00,1.08804373309742832e+01,I,1.25551893545253722e-02,7.18697872931920029e-02,,,NONE
RECOMBINATION_WEIGHTED_AUDITOR,2,1,10,5.75000000000000000e+00,1.08804373309742832e+01,U,5.89653404327039124e-02,9.31670933533775975e-02,,,NONE
RECOMBINATION_WEIGHTED_AUDITOR,2,1,10,5.75000000000000000e+00,1.08804373309742832e+01,C,4.66928698365072087e-02,4.38095380242570709e+00,,,NONE
RECOMBINATION_WEIGHTED_AUDITOR,2,1,10,5.75000000000000000e+00,1.08804373309742832e+01,J_G1,2.25023523802736079e-04,3.17300766588024530e-02,,,NONE
RECOMBINATION_WEIGHTED_AUDITOR,2,1,10,5.75000000000000000e+00,1.08804373309742832e+01,J_G2a,5.93529932727874485e-05,5.50846075592823781e-02,,,NONE
RECOMBINATION_WEIGHTED_AUDITOR,2,1,11,5.75000000000000000e+00,1.08804373309742832e+01,M,7.43816726854689618e-04,7.15131249963969484e-02,,,NONE
RECOMBINATION_WEIGHTED_AUDITOR,2,1,11,5.75000000000000000e+00,1.08804373309742832e+01,I,1.25551893545253687e-02,7.13630449408725470e-02,,,NONE
RECOMBINATION_WEIGHTED_AUDITOR,2,1,11,5.75000000000000000e+00,1.08804373309742832e+01,U,5.86129315429137071e-02,9.29346110078185933e-02,,,NONE
RECOMBINATION_WEIGHTED_AUDITOR,2,1,11,5.75000000000000000e+00,1.08804373309742832e+01,C,4.61335297305978248e-02,4.38095380242564936e+00,,,NONE
RECOMBINATION_WEIGHTED_AUDITOR,2,1,11,5.75000000000000000e+00,1.08804373309742832e+01,J_G1,5.78657569354038121e-06,3.11764866448572160e-02,,,NONE
RECOMBINATION_WEIGHTED_AUDITOR,2,1,11,5.75000000000000000e+00,1.08804373309742832e+01,J_G2a,1.47828476067572994e-06,5.49770445274214981e-02,,,NONE
RECOMBINATION_WEIGHTED_AUDITOR,2,1,12,5.75000000000000000e+00,1.08804373309742832e+01,M,7.43816726854689401e-04,4.03004332556674075e-02,,,NONE
RECOMBINATION_WEIGHTED_AUDITOR,2,1,12,5.75000000000000000e+00,1.08804373309742832e+01,I,1.36841485018377521e-02,4.95062554609120783e-02,,,NONE
RECOMBINATION_WEIGHTED_AUDITOR,2,1,12,5.75000000000000000e+00,1.08804373309742832e+01,U,2.12028430291072677e-02,1.44775516362407569e-01,,,NONE
RECOMBINATION_WEIGHTED_AUDITOR,2,1,12,5.75000000000000000e+00,1.08804373309742832e+01,C,5.81136109128587829e-03,4.48970574645725584e+00,,,NONE
RECOMBINATION_WEIGHTED_AUDITOR,2,1,12,5.75000000000000000e+00,1.08804373309742832e+01,J_G1,1.03142396123473892e-02,2.34120546138903048e-02,,,NONE
RECOMBINATION_WEIGHTED_AUDITOR,2,1,12,5.75000000000000000e+00,1.08804373309742832e+01,J_G2a,3.03698115105985583e-03,8.61338484757340900e-03,,,NONE
RECOMBINATION_WEIGHTED_AUDITOR,2,1,13,5.75000000000000000e+00,1.08804373309742832e+01,M,7.43816726854689943e-04,6.54819260100262396e-02,,,NONE
RECOMBINATION_WEIGHTED_AUDITOR,2,1,13,5.75000000000000000e+00,1.08804373309742832e+01,I,1.36841485018377711e-02,6.53275262925979427e-02,,,NONE
RECOMBINATION_WEIGHTED_AUDITOR,2,1,13,5.75000000000000000e+00,1.08804373309742832e+01,U,6.43988471318205219e-02,1.43536039336333271e-01,,,NONE
RECOMBINATION_WEIGHTED_AUDITOR,2,1,13,5.75000000000000000e+00,1.08804373309742832e+01,C,3.95096668392307254e-02,4.48970574645730558e+00,,,NONE
RECOMBINATION_WEIGHTED_AUDITOR,2,1,13,5.75000000000000000e+00,1.08804373309742832e+01,J_G1,4.20722530864476967e-03,2.20853149258078071e-02,,,NONE
RECOMBINATION_WEIGHTED_AUDITOR,2,1,13,5.75000000000000000e+00,1.08804373309742832e+01,J_G2a,2.04705171509224869e-03,4.42214660895785469e-02,,,NONE
RECOMBINATION_WEIGHTED_AUDITOR,2,1,14,5.75000000000000000e+00,1.08804373309742832e+01,M,7.43816726854689726e-04,4.03004332556674075e-02,,,NONE
RECOMBINATION_WEIGHTED_AUDITOR,2,1,14,5.75000000000000000e+00,1.08804373309742832e+01,I,1.36841485018377972e-02,4.95062554609120506e-02,,,NONE
RECOMBINATION_WEIGHTED_AUDITOR,2,1,14,5.75000000000000000e+00,1.08804373309742832e+01,U,3.16194356545885444e-02,1.43814663327710951e-01,,,NONE
RECOMBINATION_WEIGHTED_AUDITOR,2,1,14,5.75000000000000000e+00,1.08804373309742832e+01,C,4.82491862838446174e-03,4.48970574645730558e+00,,,NONE
RECOMBINATION_WEIGHTED_AUDITOR,2,1,14,5.75000000000000000e+00,1.08804373309742832e+01,J_G1,1.17410314897494991e-03,1.37851005078001368e-02,,,NONE
RECOMBINATION_WEIGHTED_AUDITOR,2,1,14,5.75000000000000000e+00,1.08804373309742832e+01,J_G2a,5.73574309036223458e-04,1.10041399540268623e-02,,,NONE
RECOMBINATION_WEIGHTED_AUDITOR,2,1,15,5.75000000000000000e+00,1.08804373309742832e+01,M,7.43816726854689618e-04,6.58075130084080084e-02,,,NONE
RECOMBINATION_WEIGHTED_AUDITOR,2,1,15,5.75000000000000000e+00,1.08804373309742832e+01,I,1.36841485018377434e-02,6.56533367530417605e-02,,,NONE
RECOMBINATION_WEIGHTED_AUDITOR,2,1,15,5.75000000000000000e+00,1.08804373309742832e+01,U,6.47259905806061159e-02,1.42619744652413061e-01,,,NONE
RECOMBINATION_WEIGHTED_AUDITOR,2,1,15,5.75000000000000000e+00,1.08804373309742832e+01,C,3.98654513568243649e-02,4.48970574645731002e+00,,,NONE
RECOMBINATION_WEIGHTED_AUDITOR,2,1,15,5.75000000000000000e+00,1.08804373309742832e+01,J_G1,9.88447782522971921e-04,2.33725954365454451e-02,,,NONE
RECOMBINATION_WEIGHTED_AUDITOR,2,1,15,5.75000000000000000e+00,1.08804373309742832e+01,J_G2a,4.51702002567876799e-04,4.36805322525891451e-02,,,NONE
RECOMBINATION_WEIGHTED_AUDITOR,2,1,16,5.75000000000000000e+00,1.08804373309742832e+01,M,7.43816726854689943e-04,6.56512874486759462e-02,,,NONE
RECOMBINATION_WEIGHTED_AUDITOR,2,1,16,5.75000000000000000e+00,1.08804373309742832e+01,I,1.36841485018377521e-02,6.54970038315174502e-02,,,NONE
RECOMBINATION_WEIGHTED_AUDITOR,2,1,16,5.75000000000000000e+00,1.08804373309742832e+01,U,6.45690172172903171e-02,1.42200754785028083e-01,,,NONE
RECOMBINATION_WEIGHTED_AUDITOR,2,1,16,5.75000000000000000e+00,1.08804373309742832e+01,C,3.96947107418127026e-02,4.48970574645733489e+00,,,NONE
RECOMBINATION_WEIGHTED_AUDITOR,2,1,16,5.75000000000000000e+00,1.08804373309742832e+01,J_G1,1.00102743364872843e-04,2.30470996879714625e-02,,,NONE
RECOMBINATION_WEIGHTED_AUDITOR,2,1,16,5.75000000000000000e+00,1.08804373309742832e+01,J_G2a,4.34387256843732087e-05,4.44876088188769225e-02,,,NONE
RECOMBINATION_WEIGHTED_AUDITOR,2,1,17,5.75000000000000000e+00,1.08804373309742832e+01,M,7.43816726854349395e-04,6.51002944139502798e-02,,,NONE
RECOMBINATION_WEIGHTED_AUDITOR,2,1,17,5.75000000000000000e+00,1.08804373309742832e+01,I,1.36841485018271980e-02,6.49456341825914996e-02,,,NONE
RECOMBINATION_WEIGHTED_AUDITOR,2,1,17,5.75000000000000000e+00,1.08804373309742832e+01,U,6.40154011234887882e-02,1.42127211654529961e-01,,,NONE
RECOMBINATION_WEIGHTED_AUDITOR,2,1,17,5.75000000000000000e+00,1.08804373309742832e+01,C,3.90928992725299712e-02,4.48970574646107234e+00,,,NONE
RECOMBINATION_WEIGHTED_AUDITOR,2,1,17,5.75000000000000000e+00,1.08804373309742832e+01,J_G1,2.66393231651399859e-06,2.26255360101159896e-02,,,NONE
RECOMBINATION_WEIGHTED_AUDITOR,2,1,17,5.75000000000000000e+00,1.08804373309742832e+01,J_G2a,1.15600011172958622e-06,4.34881320206115390e-02,,,NONE
RECOMBINATION_WEIGHTED_AUDITOR,2,2,0,5.75000000000000000e+00,1.08804373309742832e+01,M,4.45967703558697564e-03,4.03004332556674352e-02,,,NONE
RECOMBINATION_WEIGHTED_AUDITOR,2,2,0,5.75000000000000000e+00,1.08804373309742832e+01,I,4.60248719668160475e-03,4.79718772465698579e-02,,,NONE
RECOMBINATION_WEIGHTED_AUDITOR,2,2,0,5.75000000000000000e+00,1.08804373309742832e+01,U,5.01368731273547832e-03,8.62955340873984289e-02,,,NONE
RECOMBINATION_WEIGHTED_AUDITOR,2,2,0,5.75000000000000000e+00,1.08804373309742832e+01,C,2.92498974746577918e-03,4.35055349955844584e+00,,,NONE
RECOMBINATION_WEIGHTED_AUDITOR,2,2,0,5.75000000000000000e+00,1.08804373309742832e+01,J_G1,1.55844038080300037e-03,8.47724632791192236e-03,,,NONE
RECOMBINATION_WEIGHTED_AUDITOR,2,2,0,5.75000000000000000e+00,1.08804373309742832e+01,J_G2a,4.21801086013067796e-03,4.45776733421371276e-03,,,NONE
RECOMBINATION_WEIGHTED_AUDITOR,2,2,1,5.75000000000000000e+00,1.08804373309742832e+01,M,4.69578154739852451e-03,4.03004332556674075e-02,,,NONE
RECOMBINATION_WEIGHTED_AUDITOR,2,2,1,5.75000000000000000e+00,1.08804373309742832e+01,I,5.19958921135902415e-03,4.79718772465698370e-02,,,NONE
RECOMBINATION_WEIGHTED_AUDITOR,2,2,1,5.75000000000000000e+00,1.08804373309742832e+01,U,5.61071506504942728e-03,8.12768025612191775e-02,,,NONE
RECOMBINATION_WEIGHTED_AUDITOR,2,2,1,5.75000000000000000e+00,1.08804373309742832e+01,C,3.52233276890123953e-03,4.35055349955847959e+00,,,NONE
RECOMBINATION_WEIGHTED_AUDITOR,2,2,1,5.75000000000000000e+00,1.08804373309742832e+01,J_G1,1.55844038080290713e-03,3.34377107621917436e-03,,,NONE
RECOMBINATION_WEIGHTED_AUDITOR,2,2,1,5.75000000000000000e+00,1.08804373309742832e+01,J_G2a,1.01923521711385192e-03,4.21801086013045504e-03,,,NONE
RECOMBINATION_WEIGHTED_AUDITOR,2,2,2,5.75000000000000000e+00,1.08804373309742832e+01,M,4.69578154739852451e-03,4.03004332556674075e-02,,,NONE
RECOMBINATION_WEIGHTED_AUDITOR,2,2,2,5.75000000000000000e+00,1.08804373309742832e+01,I,5.31668756719057972e-03,4.79718772465698370e-02,,,NONE
RECOMBINATION_WEIGHTED_AUDITOR,2,2,2,5.75000000000000000e+00,1.08804373309742832e+01,U,5.72779783891457731e-03,8.02962900387944323e-02,,,NONE
RECOMBINATION_WEIGHTED_AUDITOR,2,2,2,5.75000000000000000e+00,1.08804373309742832e+01,C,3.63948254534904704e-03,4.35055349955850534e+00,,,NONE
RECOMBINATION_WEIGHTED_AUDITOR,2,2,2,5.75000000000000000e+00,1.08804373309742832e+01,J_G1,1.55844038080273908e-03,1.71058959143362992e-03,,,NONE
RECOMBINATION_WEIGHTED_AUDITOR,2,2,2,5.75000000000000000e+00,1.08804373309742832e+01,J_G2a,4.65746753245777447e-04,4.21801086013036571e-03,,,NONE
RECOMBINATION_WEIGHTED_AUDITOR,2,2,3,5.75000000000000000e+00,1.08804373309742832e+01,M,4.69578154739852278e-03,4.03004332556674075e-02,,,NONE
RECOMBINATION_WEIGHTED_AUDITOR,2,2,3,5.75000000000000000e+00,1.08804373309742832e+01,I,5.39905166005209391e-03,4.79718772465698370e-02,,,NONE
RECOMBINATION_WEIGHTED_AUDITOR,2,2,3,5.75000000000000000e+00,1.08804373309742832e+01,U,5.81015077177548123e-03,7.96073487533654339e-02,,,NONE
RECOMBINATION_WEIGHTED_AUDITOR,2,2,3,5.75000000000000000e+00,1.08804373309742832e+01,C,3.72188362273589458e-03,4.35055349955850534e+00,,,NONE
RECOMBINATION_WEIGHTED_AUDITOR,2,2,3,5.75000000000000000e+00,1.08804373309742832e+01,J_G1,8.58851620180101712e-04,1.55844038080285834e-03,,,NONE
RECOMBINATION_WEIGHTED_AUDITOR,2,2,3,5.75000000000000000e+00,1.08804373309742832e+01,J_G2a,2.18720118868560035e-04,4.21801086013065280e-03,,,NONE
RECOMBINATION_WEIGHTED_AUDITOR,2,2,4,5.75000000000000000e+00,1.08804373309742832e+01,M,4.69578154739852278e-03,4.03004332556674075e-02,,,NONE
RECOMBINATION_WEIGHTED_AUDITOR,2,2,4,5.75000000000000000e+00,1.08804373309742832e+01,I,5.53252651654724276e-03,4.79718772465698162e-02,,,NONE
RECOMBINATION_WEIGHTED_AUDITOR,2,2,4,5.75000000000000000e+00,1.08804373309742832e+01,U,5.94360719219765802e-03,7.84921599036128292e-02,,,NONE
RECOMBINATION_WEIGHTED_AUDITOR,2,2,4,5.75000000000000000e+00,1.08804373309742832e+01,C,3.85541984627568246e-03,4.35055349955852044e+00,,,NONE
RECOMBINATION_WEIGHTED_AUDITOR,2,2,4,5.75000000000000000e+00,1.08804373309742832e+01,J_G1,8.82815346716631354e-05,1.55844038080246283e-03,,,NONE
RECOMBINATION_WEIGHTED_AUDITOR,2,2,4,5.75000000000000000e+00,1.08804373309742832e+01,J_G2a,1.94437234195443409e-05,4.21801086013049147e-03,,,NONE
RECOMBINATION_WEIGHTED_AUDITOR,2,2,5,5.75000000000000000e+00,1.08804373309742832e+01,M,4.69578154739852364e-03,4.03004332556674075e-02,,,NONE
RECOMBINATION_WEIGHTED_AUDITOR,2,2,5,5.75000000000000000e+00,1.08804373309742832e+01,I,5.54836711997518453e-03,4.79718772465698370e-02,,,NONE
RECOMBINATION_WEIGHTED_AUDITOR,2,2,5,5.75000000000000000e+00,1.08804373309742832e+01,U,5.95944557886055656e-03,7.83599152578823427e-02,,,NONE
RECOMBINATION_WEIGHTED_AUDITOR,2,2,5,5.75000000000000000e+00,1.08804373309742832e+01,C,3.87126785021709103e-03,4.35055349955847781e+00,,,NONE
RECOMBINATION_WEIGHTED_AUDITOR,2,2,5,5.75000000000000000e+00,1.08804373309742832e+01,J_G1,2.25199805796334819e-06,1.55844038080282126e-03,,,NONE
RECOMBINATION_WEIGHTED_AUDITOR,2,2,5,5.75000000000000000e+00,1.08804373309742832e+01,J_G2a,4.87088074960859992e-07,4.21801086013039520e-03,,,NONE
RECOMBINATION_WEIGHTED_AUDITOR,2,2,6,5.75000000000000000e+00,1.08804373309742832e+01,M,4.41088901776178106e-03,4.03004332556674075e-02,,,NONE
RECOMBINATION_WEIGHTED_AUDITOR,2,2,6,5.75000000000000000e+00,1.08804373309742832e+01,I,4.55370103857953394e-03,4.83070896737386457e-02,,,NONE
RECOMBINATION_WEIGHTED_AUDITOR,2,2,6,5.75000000000000000e+00,1.08804373309742832e+01,U,4.96490683856153601e-03,9.91359166929357133e-02,,,NONE
RECOMBINATION_WEIGHTED_AUDITOR,2,2,6,5.75000000000000000e+00,1.08804373309742832e+01,C,2.87618546394354836e-03,4.38095380242579147e+00,,,NONE
RECOMBINATION_WEIGHTED_AUDITOR,2,2,6,5.75000000000000000e+00,1.08804373309742832e+01,J_G1,1.55844038080291646e-03,2.80579567062842067e-02,,,NONE
RECOMBINATION_WEIGHTED_AUDITOR,2,2,6,5.75000000000000000e+00,1.08804373309742832e+01,J_G2a,4.21801086013048887e-03,1.53106118007571516e-02,,,NONE
RECOMBINATION_WEIGHTED_AUDITOR,2,2,7,5.75000000000000000e+00,1.08804373309742832e+01,M,4.69578154739852191e-03,4.03004332556674214e-02,,,NONE
RECOMBINATION_WEIGHTED_AUDITOR,2,2,7,5.75000000000000000e+00,1.08804373309742832e+01,I,4.87006466758200304e-03,4.83070896737386665e-02,,,NONE
RECOMBINATION_WEIGHTED_AUDITOR,2,2,7,5.75000000000000000e+00,1.08804373309742832e+01,U,5.28123257826789479e-03,9.64714994395646230e-02,,,NONE
RECOMBINATION_WEIGHTED_AUDITOR,2,2,7,5.75000000000000000e+00,1.08804373309742832e+01,C,3.19267083784573582e-03,4.38095380242576748e+00,,,NONE
RECOMBINATION_WEIGHTED_AUDITOR,2,2,7,5.75000000000000000e+00,1.08804373309742832e+01,J_G1,1.55844038080279004e-03,2.69461718205294479e-02,,,NONE
RECOMBINATION_WEIGHTED_AUDITOR,2,2,7,5.75000000000000000e+00,1.08804373309742832e+01,J_G2a,4.21801086013045591e-03,1.14693973690700966e-02,,,NONE
RECOMBINATION_WEIGHTED_AUDITOR,2,2,8,5.75000000000000000e+00,1.08804373309742832e+01,M,4.69578154739852278e-03,4.03004332556674075e-02,,,NONE
RECOMBINATION_WEIGHTED_AUDITOR,2,2,8,5.75000000000000000e+00,1.08804373309742832e+01,I,5.04387731421346991e-03,4.83070896737386249e-02,,,NONE
RECOMBINATION_WEIGHTED_AUDITOR,2,2,8,5.75000000000000000e+00,1.08804373309742832e+01,U,5.45502337084494571e-03,9.50114471579886072e-02,,,NONE
RECOMBINATION_WEIGHTED_AUDITOR,2,2,8,5.75000000000000000e+00,1.08804373309742832e+01,C,3.36655460633213588e-03,4.38095380242579235e+00,,,NONE
RECOMBINATION_WEIGHTED_AUDITOR,2,2,8,5.75000000000000000e+00,1.08804373309742832e+01,J_G1,1.55844038080277443e-03,1.28306431748145926e-02,,,NONE
RECOMBINATION_WEIGHTED_AUDITOR,2,2,8,5.75000000000000000e+00,1.08804373309742832e+01,J_G2a,4.21801086013066494e-03,4.71373957520410895e-03,,,NONE
RECOMBINATION_WEIGHTED_AUDITOR,2,2,9,5.75000000000000000e+00,1.08804373309742832e+01,M,4.69578154739852364e-03,4.03004332556674075e-02,,,NONE
RECOMBINATION_WEIGHTED_AUDITOR,2,2,9,5.75000000000000000e+00,1.08804373309742832e+01,I,5.13084895411626725e-03,4.83070896737386457e-02,,,NONE
RECOMBINATION_WEIGHTED_AUDITOR,2,2,9,5.75000000000000000e+00,1.08804373309742832e+01,U,5.54198379934865790e-03,9.42818806860841879e-02,,,NONE
RECOMBINATION_WEIGHTED_AUDITOR,2,2,9,5.75000000000000000e+00,1.08804373309742832e+01,C,3.45356296112575914e-03,4.38095380242578436e+00,,,NONE
RECOMBINATION_WEIGHTED_AUDITOR,2,2,9,5.75000000000000000e+00,1.08804373309742832e+01,J_G1,1.55844038080304808e-03,6.18499427175758787e-03,,,NONE
RECOMBINATION_WEIGHTED_AUDITOR,2,2,9,5.75000000000000000e+00,1.08804373309742832e+01,J_G2a,2.00856113338959740e-03,4.21801086013015667e-03,,,NONE
RECOMBINATION_WEIGHTED_AUDITOR,2,2,10,5.75000000000000000e+00,1.08804373309742832e+01,M,4.69578154739852278e-03,4.03004332556674214e-02,,,NONE
RECOMBINATION_WEIGHTED_AUDITOR,2,2,10,5.75000000000000000e+00,1.08804373309742832e+01,I,5.26389760397494473e-03,4.83070896737387359e-02,,,NONE
RECOMBINATION_WEIGHTED_AUDITOR,2,2,10,5.75000000000000000e+00,1.08804373309742832e+01,U,5.67501494165359704e-03,9.31670933533775975e-02,,,NONE
RECOMBINATION_WEIGHTED_AUDITOR,2,2,10,5.75000000000000000e+00,1.08804373309742832e+01,C,3.58666923210120307e-03,4.38095380242570709e+00,,,NONE
RECOMBINATION_WEIGHTED_AUDITOR,2,2,10,5.75000000000000000e+00,1.08804373309742832e+01,J_G1,5.85092943669434534e-04,1.55844038080401584e-03,,,NONE
RECOMBINATION_WEIGHTED_AUDITOR,2,2,10,5.75000000000000000e+00,1.08804373309742832e+01,J_G2a,1.70633025150553031e-04,4.21801086013027290e-03,,,NONE
RECOMBINATION_WEIGHTED_AUDITOR,2,2,11,5.75000000000000000e+00,1.08804373309742832e+01,M,4.69578154739852278e-03,4.03004332556674075e-02,,,NONE
RECOMBINATION_WEIGHTED_AUDITOR,2,2,11,5.75000000000000000e+00,1.08804373309742832e+01,I,5.29166773378673700e-03,4.83070896737386110e-02,,,NONE
RECOMBINATION_WEIGHTED_AUDITOR,2,2,11,5.75000000000000000e+00,1.08804373309742832e+01,U,5.70278136288376782e-03,9.29346110078185933e-02,,,NONE
RECOMBINATION_WEIGHTED_AUDITOR,2,2,11,5.75000000000000000e+00,1.08804373309742832e+01,C,3.61445161065081537e-03,4.38095380242564936e+00,,,NONE
RECOMBINATION_WEIGHTED_AUDITOR,2,2,11,5.75000000000000000e+00,1.08804373309742832e+01,J_G1,1.49528434484871399e-05,1.55844038080198036e-03,,,NONE
RECOMBINATION_WEIGHTED_AUDITOR,2,2,11,5.75000000000000000e+00,1.08804373309742832e+01,J_G2a,4.24443859427429256e-06,4.21801086013026856e-03,,,NONE
RECOMBINATION_WEIGHTED_AUDITOR,2,2,12,5.75000000000000000e+00,1.08804373309742832e+01,M,4.27144085170909522e-03,4.03004332556674075e-02,,,NONE
RECOMBINATION_WEIGHTED_AUDITOR,2,2,12,5.75000000000000000e+00,1.08804373309742832e+01,I,4.41425807706722056e-03,4.95062554609120783e-02,,,NONE
RECOMBINATION_WEIGHTED_AUDITOR,2,2,12,5.75000000000000000e+00,1.08804373309742832e+01,U,4.82547980353888791e-03,1.44775516362407569e-01,,,NONE
RECOMBINATION_WEIGHTED_AUDITOR,2,2,12,5.75000000000000000e+00,1.08804373309742832e+01,C,2.73669199986755450e-03,4.48970574645725584e+00,,,NONE
RECOMBINATION_WEIGHTED_AUDITOR,2,2,12,5.75000000000000000e+00,1.08804373309742832e+01,J_G1,1.55844038080264129e-03,1.48975224700923677e-02,,,NONE
RECOMBINATION_WEIGHTED_AUDITOR,2,2,12,5.75000000000000000e+00,1.08804373309742832e+01,J_G2a,4.21801086013053137e-03,9.01796980454442829e-03,,,NONE
RECOMBINATION_WEIGHTED_AUDITOR,2,2,13,5.75000000000000000e+00,1.08804373309742832e+01,M,4.41826775472358834e-03,4.03004332556674075e-02,,,NONE
RECOMBINATION_WEIGHTED_AUDITOR,2,2,13,5.75000000000000000e+00,1.08804373309742832e+01,I,4.56107949556751931e-03,4.95062554609120506e-02,,,NONE
RECOMBINATION_WEIGHTED_AUDITOR,2,2,13,5.75000000000000000e+00,1.08804373309742832e+01,U,4.97228443962786058e-03,1.43536039336333271e-01,,,NONE
RECOMBINATION_WEIGHTED_AUDITOR,2,2,13,5.75000000000000000e+00,1.08804373309742832e+01,C,2.88356664705082975e-03,4.48970574645730558e+00,,,NONE
RECOMBINATION_WEIGHTED_AUDITOR,2,2,13,5.75000000000000000e+00,1.08804373309742832e+01,J_G1,1.55844038080302596e-03,9.99476606537179173e-03,,,NONE
RECOMBINATION_WEIGHTED_AUDITOR,2,2,13,5.75000000000000000e+00,1.08804373309742832e+01,J_G2a,4.21801086013068836e-03,5.42362006825955565e-03,,,NONE
RECOMBINATION_WEIGHTED_AUDITOR,2,2,14,5.75000000000000000e+00,1.08804373309742832e+01,M,4.38524233433058158e-03,4.03004332556674075e-02,,,NONE
RECOMBINATION_WEIGHTED_AUDITOR,2,2,14,5.75000000000000000e+00,1.08804373309742832e+01,I,4.52805532468682041e-03,4.95062554609120506e-02,,,NONE
RECOMBINATION_WEIGHTED_AUDITOR,2,2,14,5.75000000000000000e+00,1.08804373309742832e+01,U,4.93926408933114975e-03,1.43814663327710951e-01,,,NONE
RECOMBINATION_WEIGHTED_AUDITOR,2,2,14,5.75000000000000000e+00,1.08804373309742832e+01,C,2.85053031681581663e-03,4.48970574645730558e+00,,,NONE
RECOMBINATION_WEIGHTED_AUDITOR,2,2,14,5.75000000000000000e+00,1.08804373309742832e+01,J_G1,1.55844038080366954e-03,1.88518965007062320e-03,,,NONE
RECOMBINATION_WEIGHTED_AUDITOR,2,2,14,5.75000000000000000e+00,1.08804373309742832e+01,J_G2a,1.00170041332526627e-03,4.21801086012990514e-03,,,NONE
RECOMBINATION_WEIGHTED_AUDITOR,2,2,15,5.75000000000000000e+00,1.08804373309742832e+01,M,4.52695833658803108e-03,4.03004332556674075e-02,,,NONE
RECOMBINATION_WEIGHTED_AUDITOR,2,2,15,5.75000000000000000e+00,1.08804373309742832e+01,I,4.66976589999938425e-03,4.95062554609120853e-02,,,NONE
RECOMBINATION_WEIGHTED_AUDITOR,2,2,15,5.75000000000000000e+00,1.08804373309742832e+01,U,5.08095808253526161e-03,1.42619744652413061e-01,,,NONE
RECOMBINATION_WEIGHTED_AUDITOR,2,2,15,5.75000000000000000e+00,1.08804373309742832e+01,C,2.99229383476886908e-03,4.48970574645731002e+00,,,NONE
RECOMBINATION_WEIGHTED_AUDITOR,2,2,15,5.75000000000000000e+00,1.08804373309742832e+01,J_G1,1.55844038080304439e-03,2.38181416187915581e-03,,,NONE
RECOMBINATION_WEIGHTED_AUDITOR,2,2,15,5.75000000000000000e+00,1.08804373309742832e+01,J_G2a,1.13596894301176677e-03,4.21801086013060596e-03,,,NONE
RECOMBINATION_WEIGHTED_AUDITOR,2,2,16,5.75000000000000000e+00,1.08804373309742832e+01,M,4.57670061222628741e-03,4.03004332556674075e-02,,,NONE
RECOMBINATION_WEIGHTED_AUDITOR,2,2,16,5.75000000000000000e+00,1.08804373309742832e+01,I,4.71950623050702497e-03,4.95062554609120506e-02,,,NONE
RECOMBINATION_WEIGHTED_AUDITOR,2,2,16,5.75000000000000000e+00,1.08804373309742832e+01,U,5.13069247678172614e-03,1.42200754785028083e-01,,,NONE
RECOMBINATION_WEIGHTED_AUDITOR,2,2,16,5.75000000000000000e+00,1.08804373309742832e+01,C,3.04205322137070461e-03,4.48970574645733489e+00,,,NONE
RECOMBINATION_WEIGHTED_AUDITOR,2,2,16,5.75000000000000000e+00,1.08804373309742832e+01,J_G1,2.36304959084523910e-04,1.55844038080281909e-03,,,NONE
RECOMBINATION_WEIGHTED_AUDITOR,2,2,16,5.75000000000000000e+00,1.08804373309742832e+01,J_G2a,1.10265069489533460e-04,4.21801086013108041e-03,,,NONE
RECOMBINATION_WEIGHTED_AUDITOR,2,2,17,5.75000000000000000e+00,1.08804373309742832e+01,M,4.58543432805559158e-03,4.03004332557163822e-02,,,NONE
RECOMBINATION_WEIGHTED_AUDITOR,2,2,17,5.75000000000000000e+00,1.08804373309742832e+01,I,4.72823960265180993e-03,4.95062554609541766e-02,,,NONE
RECOMBINATION_WEIGHTED_AUDITOR,2,2,17,5.75000000000000000e+00,1.08804373309742832e+01,U,5.13942480042401794e-03,1.42127211654529961e-01,,,NONE
RECOMBINATION_WEIGHTED_AUDITOR,2,2,17,5.75000000000000000e+00,1.08804373309742832e+01,C,3.05078996475031212e-03,4.48970574646107234e+00,,,NONE
RECOMBINATION_WEIGHTED_AUDITOR,2,2,17,5.75000000000000000e+00,1.08804373309742832e+01,J_G1,6.25931479214390732e-06,1.55844038067609993e-03,,,NONE
RECOMBINATION_WEIGHTED_AUDITOR,2,2,17,5.75000000000000000e+00,1.08804373309742832e+01,J_G2a,2.90074137107575806e-06,4.21801086004895947e-03,,,NONE
RECOMBINATION_WEIGHTED_AUDITOR,3,1,0,5.65000000000000036e+00,1.12923124578075225e+01,M,4.69578154739852364e-03,9.77325093546900781e-02,,,NONE
RECOMBINATION_WEIGHTED_AUDITOR,3,1,0,5.65000000000000036e+00,1.12923124578075225e+01,I,1.27297622648212261e-02,1.06607486746261360e-01,,,NONE
RECOMBINATION_WEIGHTED_AUDITOR,3,1,0,5.65000000000000036e+00,1.12923124578075225e+01,U,5.47559619805187622e-02,1.51703308229120704e-01,,,NONE
RECOMBINATION_WEIGHTED_AUDITOR,3,1,0,5.65000000000000036e+00,1.12923124578075225e+01,C,4.19388866067512064e-02,8.53584431256234488e+00,,,NONE
RECOMBINATION_WEIGHTED_AUDITOR,3,1,0,5.65000000000000036e+00,1.12923124578075225e+01,J_G1,3.82979604883215696e-03,3.10174041805406503e-02,,,NONE
RECOMBINATION_WEIGHTED_AUDITOR,3,1,0,5.65000000000000036e+00,1.12923124578075225e+01,J_G2a,2.04234764846692807e-03,5.19469269561976046e-02,,,NONE
RECOMBINATION_WEIGHTED_AUDITOR,3,1,1,5.65000000000000036e+00,1.12923124578075225e+01,M,4.69578154739852451e-03,9.77325093546900781e-02,,,NONE
RECOMBINATION_WEIGHTED_AUDITOR,3,1,1,5.65000000000000036e+00,1.12923124578075225e+01,I,1.27297622648212348e-02,1.06607486746261360e-01,,,NONE
RECOMBINATION_WEIGHTED_AUDITOR,3,1,1,5.65000000000000036e+00,1.12923124578075225e+01,U,4.92916667852156057e-02,1.46188429714338791e-01,,,NONE
RECOMBINATION_WEIGHTED_AUDITOR,3,1,1,5.65000000000000036e+00,1.12923124578075225e+01,C,5.38503137825611308e-02,8.53584431256222764e+00,,,NONE
RECOMBINATION_WEIGHTED_AUDITOR,3,1,1,5.65000000000000036e+00,1.12923124578075225e+01,J_G1,1.25740844336959712e-03,4.64749563699623780e-02,,,NONE
RECOMBINATION_WEIGHTED_AUDITOR,3,1,1,5.65000000000000036e+00,1.12923124578075225e+01,J_G2a,4.33480930796446785e-04,6.15046962231766831e-02,,,NONE
RECOMBINATION_WEIGHTED_AUDITOR,3,1,2,5.65000000000000036e+00,1.12923124578075225e+01,M,4.69578154739852451e-03,9.77325093546900781e-02,,,NONE
RECOMBINATION_WEIGHTED_AUDITOR,3,1,2,5.65000000000000036e+00,1.12923124578075225e+01,I,1.27297622648212434e-02,1.06607486746261346e-01,,,NONE
RECOMBINATION_WEIGHTED_AUDITOR,3,1,2,5.65000000000000036e+00,1.12923124578075225e+01,U,4.82157699813360388e-02,1.45123661674922189e-01,,,NONE
RECOMBINATION_WEIGHTED_AUDITOR,3,1,2,5.65000000000000036e+00,1.12923124578075225e+01,C,5.15825150342483774e-02,8.53584431256219567e+00,,,NONE
RECOMBINATION_WEIGHTED_AUDITOR,3,1,2,5.65000000000000036e+00,1.12923124578075225e+01,J_G1,6.57073369130986508e-04,4.47179925571097106e-02,,,NONE
RECOMBINATION_WEIGHTED_AUDITOR,3,1,2,5.65000000000000036e+00,1.12923124578075225e+01,J_G2a,2.05573950632534570e-04,5.85951990791249711e-02,,,NONE
RECOMBINATION_WEIGHTED_AUDITOR,3,1,3,5.65000000000000036e+00,1.12923124578075225e+01,M,4.69578154739852278e-03,9.77325093546900919e-02,,,NONE
RECOMBINATION_WEIGHTED_AUDITOR,3,1,3,5.65000000000000036e+00,1.12923124578075225e+01,I,1.27297622648212400e-02,1.06607486746261360e-01,,,NONE
RECOMBINATION_WEIGHTED_AUDITOR,3,1,3,5.65000000000000036e+00,1.12923124578075225e+01,U,4.74581647050084723e-02,1.44291827518218507e-01,,,NONE
RECOMBINATION_WEIGHTED_AUDITOR,3,1,3,5.65000000000000036e+00,1.12923124578075225e+01,C,5.02988012919088900e-02,8.53584431256226495e+00,,,NONE
RECOMBINATION_WEIGHTED_AUDITOR,3,1,3,5.65000000000000036e+00,1.12923124578075225e+01,J_G1,3.39832223318897915e-04,4.36636318219229755e-02,,,NONE
RECOMBINATION_WEIGHTED_AUDITOR,3,1,3,5.65000000000000036e+00,1.12923124578075225e+01,J_G2a,9.81559534654466355e-05,5.72824285181375292e-02,,,NONE
RECOMBINATION_WEIGHTED_AUDITOR,3,1,4,5.65000000000000036e+00,1.12923124578075225e+01,M,4.69578154739852278e-03,9.77325093546900919e-02,,,NONE
RECOMBINATION_WEIGHTED_AUDITOR,3,1,4,5.65000000000000036e+00,1.12923124578075225e+01,I,1.27297622648212400e-02,1.06607486746261360e-01,,,NONE
RECOMBINATION_WEIGHTED_AUDITOR,3,1,4,5.65000000000000036e+00,1.12923124578075225e+01,U,4.62289436402588266e-02,1.42823254495371754e-01,,,NONE
RECOMBINATION_WEIGHTED_AUDITOR,3,1,4,5.65000000000000036e+00,1.12923124578075225e+01,C,5.06863063152624208e-02,8.53584431256205356e+00,,,NONE
RECOMBINATION_WEIGHTED_AUDITOR,3,1,4,5.65000000000000036e+00,1.12923124578075225e+01,J_G1,3.46728114637213613e-05,4.42811246491315938e-02,,,NONE
RECOMBINATION_WEIGHTED_AUDITOR,3,1,4,5.65000000000000036e+00,1.12923124578075225e+01,J_G2a,8.60525363086496055e-06,5.83833734313212380e-02,,,NONE
RECOMBINATION_WEIGHTED_AUDITOR,3,1,5,5.65000000000000036e+00,1.12923124578075225e+01,M,4.69578154739852364e-03,9.77325093546900781e-02,,,NONE
RECOMBINATION_WEIGHTED_AUDITOR,3,1,5,5.65000000000000036e+00,1.12923124578075225e+01,I,1.27297622648212105e-02,1.06607486746261360e-01,,,NONE
RECOMBINATION_WEIGHTED_AUDITOR,3,1,5,5.65000000000000036e+00,1.12923124578075225e+01,U,4.60829392678919897e-02,1.42662659593083524e-01,,,NONE
RECOMBINATION_WEIGHTED_AUDITOR,3,1,5,5.65000000000000036e+00,1.12923124578075225e+01,C,5.04477700571297621e-02,8.53584431256214415e+00,,,NONE
RECOMBINATION_WEIGHTED_AUDITOR,3,1,5,5.65000000000000036e+00,1.12923124578075225e+01,J_G1,8.86582293525428879e-07,4.40838148668230220e-02,,,NONE
RECOMBINATION_WEIGHTED_AUDITOR,3,1,5,5.65000000000000036e+00,1.12923124578075225e+01,J_G2a,2.16210546386962102e-07,5.81496860322486334e-02,,,NONE
RECOMBINATION_WEIGHTED_AUDITOR,3,1,6,5.65000000000000036e+00,1.12923124578075225e+01,M,4.69578154739852364e-03,9.77325093546900781e-02,,,NONE
RECOMBINATION_WEIGHTED_AUDITOR,3,1,6,5.65000000000000036e+00,1.12923124578075225e+01,I,1.30834297409176802e-02,1.06949484494709757e-01,,,NONE
RECOMBINATION_WEIGHTED_AUDITOR,3,1,6,5.65000000000000036e+00,1.12923124578075225e+01,U,6.89886813370231139e-02,1.65748511824958700e-01,,,NONE
RECOMBINATION_WEIGHTED_AUDITOR,3,1,6,5.65000000000000036e+00,1.12923124578075225e+01,C,5.91178667370841279e-02,8.56291384891417451e+00,,,NONE
RECOMBINATION_WEIGHTED_AUDITOR,3,1,6,5.65000000000000036e+00,1.12923124578075225e+01,J_G1,1.02610059723944758e-02,4.87649507982855224e-02,,,NONE
RECOMBINATION_WEIGHTED_AUDITOR,3,1,6,5.65000000000000036e+00,1.12923124578075225e+01,J_G2a,5.71472414153489927e-03,6.79967535731281908e-02,,,NONE
RECOMBINATION_WEIGHTED_AUDITOR,3,1,7,5.65000000000000036e+00,1.12923124578075225e+01,M,4.69578154739852191e-03,9.77325093546900781e-02,,,NONE
RECOMBINATION_WEIGHTED_AUDITOR,3,1,7,5.65000000000000036e+00,1.12923124578075225e+01,I,1.30834297409176924e-02,1.06949484494709757e-01,,,NONE
RECOMBINATION_WEIGHTED_AUDITOR,3,1,7,5.65000000000000036e+00,1.12923124578075225e+01,U,6.54457703203490393e-02,1.63083925452038758e-01,,,NONE
RECOMBINATION_WEIGHTED_AUDITOR,3,1,7,5.65000000000000036e+00,1.12923124578075225e+01,C,5.01845629834073367e-02,8.56291384891413010e+00,,,NONE
RECOMBINATION_WEIGHTED_AUDITOR,3,1,7,5.65000000000000036e+00,1.12923124578075225e+01,J_G1,1.07243940162740307e-02,4.17636196396123649e-02,,,NONE
RECOMBINATION_WEIGHTED_AUDITOR,3,1,7,5.65000000000000036e+00,1.12923124578075225e+01,J_G2a,4.91210951706370740e-03,5.73491601186032068e-02,,,NONE
RECOMBINATION_WEIGHTED_AUDITOR,3,1,8,5.65000000000000036e+00,1.12923124578075225e+01,M,4.69578154739852278e-03,9.77325093546900781e-02,,,NONE
RECOMBINATION_WEIGHTED_AUDITOR,3,1,8,5.65000000000000036e+00,1.12923124578075225e+01,I,1.30834297409176559e-02,1.06949484494709715e-01,,,NONE
RECOMBINATION_WEIGHTED_AUDITOR,3,1,8,5.65000000000000036e+00,1.12923124578075225e+01,U,6.37233534285435305e-02,1.61519467681272427e-01,,,NONE
RECOMBINATION_WEIGHTED_AUDITOR,3,1,8,5.65000000000000036e+00,1.12923124578075225e+01,C,4.83517065002831772e-02,8.56291384891412299e+00,,,NONE
RECOMBINATION_WEIGHTED_AUDITOR,3,1,8,5.65000000000000036e+00,1.12923124578075225e+01,J_G1,5.16314086886962998e-03,4.08400477657125741e-02,,,NONE
RECOMBINATION_WEIGHTED_AUDITOR,3,1,8,5.65000000000000036e+00,1.12923124578075225e+01,J_G2a,2.09041911271938378e-03,5.45702197393406474e-02,,,NONE
RECOMBINATION_WEIGHTED_AUDITOR,3,1,9,5.65000000000000036e+00,1.12923124578075225e+01,M,4.69578154739852364e-03,9.77325093546900503e-02,,,NONE
RECOMBINATION_WEIGHTED_AUDITOR,3,1,9,5.65000000000000036e+00,1.12923124578075225e+01,I,1.30834297409176820e-02,1.06949484494709673e-01,,,NONE
RECOMBINATION_WEIGHTED_AUDITOR,3,1,9,5.65000000000000036e+00,1.12923124578075225e+01,U,6.37104619976823910e-02,1.60543495564982125e-01,,,NONE
RECOMBINATION_WEIGHTED_AUDITOR,3,1,9,5.65000000000000036e+00,1.12923124578075225e+01,C,4.83954047305025920e-02,8.56291384891415497e+00,,,NONE
RECOMBINATION_WEIGHTED_AUDITOR,3,1,9,5.65000000000000036e+00,1.12923124578075225e+01,J_G1,2.48350493959908223e-03,4.10214491699204889e-02,,,NONE
RECOMBINATION_WEIGHTED_AUDITOR,3,1,9,5.65000000000000036e+00,1.12923124578075225e+01,J_G2a,9.27252001726193236e-04,5.50293386719703306e-02,,,NONE
RECOMBINATION_WEIGHTED_AUDITOR,3,1,10,5.65000000000000036e+00,1.12923124578075225e+01,M,4.69578154739852278e-03,9.77325093546900781e-02,,,NONE
RECOMBINATION_WEIGHTED_AUDITOR,3,1,10,5.65000000000000036e+00,1.12923124578075225e+01,I,1.30834297409176768e-02,1.06949484494709743e-01,,,NONE
RECOMBINATION_WEIGHTED_AUDITOR,3,1,10,5.65000000000000036e+00,1.12923124578075225e+01,U,6.14803715866804809e-02,1.59262968229839902e-01,,,NONE
RECOMBINATION_WEIGHTED_AUDITOR,3,1,10,5.65000000000000036e+00,1.12923124578075225e+01,C,4.59702279089591118e-02,8.56291384891402174e+00,,,NONE
RECOMBINATION_WEIGHTED_AUDITOR,3,1,10,5.65000000000000036e+00,1.12923124578075225e+01,J_G1,2.44516246664746749e-04,3.90880774566238834e-02,,,NONE
RECOMBINATION_WEIGHTED_AUDITOR,3,1,10,5.65000000000000036e+00,1.12923124578075225e+01,J_G2a,8.16214157461825400e-05,5.21716234367134366e-02,,,NONE
RECOMBINATION_WEIGHTED_AUDITOR,3,1,11,5.65000000000000036e+00,1.12923124578075225e+01,M,4.69578154739852278e-03,9.77325093546900503e-02,,,NONE
RECOMBINATION_WEIGHTED_AUDITOR,3,1,11,5.65000000000000036e+00,1.12923124578075225e+01,I,1.30834297409176768e-02,1.06949484494709715e-01,,,NONE
RECOMBINATION_WEIGHTED_AUDITOR,3,1,11,5.65000000000000036e+00,1.12923124578075225e+01,U,6.15923356603034072e-02,1.58975925256461481e-01,,,NONE
RECOMBINATION_WEIGHTED_AUDITOR,3,1,11,5.65000000000000036e+00,1.12923124578075225e+01,C,4.60889629667009179e-02,8.56291384891408391e+00,,,NONE
RECOMBINATION_WEIGHTED_AUDITOR,3,1,11,5.65000000000000036e+00,1.12923124578075225e+01,J_G1,6.23413484338740368e-06,3.92879080790025856e-02,,,NONE
RECOMBINATION_WEIGHTED_AUDITOR,3,1,11,5.65000000000000036e+00,1.12923124578075225e+01,J_G2a,2.02737371465677918e-06,5.22884434996238393e-02,,,NONE
RECOMBINATION_WEIGHTED_AUDITOR,3,1,12,5.65000000000000036e+00,1.12923124578075225e+01,M,4.69578154739852451e-03,9.77325093546900919e-02,,,NONE
RECOMBINATION_WEIGHTED_AUDITOR,3,1,12,5.65000000000000036e+00,1.12923124578075225e+01,I,1.43486153456185792e-02,1.08200869473170924e-01,,,NONE
RECOMBINATION_WEIGHTED_AUDITOR,3,1,12,5.65000000000000036e+00,1.12923124578075225e+01,U,4.95135209639254101e-02,2.17199469384467159e-01,,,NONE
RECOMBINATION_WEIGHTED_AUDITOR,3,1,12,5.65000000000000036e+00,1.12923124578075225e+01,C,3.33652872697200939e-02,8.66196248686058468e+00,,,NONE
RECOMBINATION_WEIGHTED_AUDITOR,3,1,12,5.65000000000000036e+00,1.12923124578075225e+01,J_G1,7.35799714758157784e-03,2.33082449143376079e-02,,,NONE
RECOMBINATION_WEIGHTED_AUDITOR,3,1,12,5.65000000000000036e+00,1.12923124578075225e+01,J_G2a,4.79532691627852434e-03,3.96435215229168497e-02,,,NONE
RECOMBINATION_WEIGHTED_AUDITOR,3,1,13,5.65000000000000036e+00,1.12923124578075225e+01,M,4.69578154739852451e-03,9.77325093546900781e-02,,,NONE
RECOMBINATION_WEIGHTED_AUDITOR,3,1,13,5.65000000000000036e+00,1.12923124578075225e+01,I,1.43486153456185862e-02,1.08200869473170924e-01,,,NONE
RECOMBINATION_WEIGHTED_AUDITOR,3,1,13,5.65000000000000036e+00,1.12923124578075225e+01,U,6.08182497722629667e-02,2.15982127505806476e-01,,,NONE
RECOMBINATION_WEIGHTED_AUDITOR,3,1,13,5.65000000000000036e+00,1.12923124578075225e+01,C,4.52683699906472614e-02,8.66196248686041592e+00,,,NONE
RECOMBINATION_WEIGHTED_AUDITOR,3,1,13,5.65000000000000036e+00,1.12923124578075225e+01,J_G1,4.22808137427887771e-03,3.66261315140018334e-02,,,NONE
RECOMBINATION_WEIGHTED_AUDITOR,3,1,13,5.65000000000000036e+00,1.12923124578075225e+01,J_G2a,2.53756143329169443e-03,5.02430111880830185e-02,,,NONE
RECOMBINATION_WEIGHTED_AUDITOR,3,1,14,5.65000000000000036e+00,1.12923124578075225e+01,M,4.69578154739852278e-03,9.77325093546900919e-02,,,NONE
RECOMBINATION_WEIGHTED_AUDITOR,3,1,14,5.65000000000000036e+00,1.12923124578075225e+01,I,1.43486153456185168e-02,1.08200869473170966e-01,,,NONE
RECOMBINATION_WEIGHTED_AUDITOR,3,1,14,5.65000000000000036e+00,1.12923124578075225e+01,U,4.09014939869228669e-02,2.16468648124761437e-01,,,NONE
RECOMBINATION_WEIGHTED_AUDITOR,3,1,14,5.65000000000000036e+00,1.12923124578075225e+01,C,2.43978017354505999e-02,8.66196248686049231e+00,,,NONE
RECOMBINATION_WEIGHTED_AUDITOR,3,1,14,5.65000000000000036e+00,1.12923124578075225e+01,J_G1,1.01752322958888089e-03,1.55447728317120639e-02,,,NONE
RECOMBINATION_WEIGHTED_AUDITOR,3,1,14,5.65000000000000036e+00,1.12923124578075225e+01,J_G2a,6.31301377934484508e-04,2.90792937189810405e-02,,,NONE
RECOMBINATION_WEIGHTED_AUDITOR,3,1,15,5.65000000000000036e+00,1.12923124578075225e+01,M,4.69578154739852278e-03,9.77325093546900642e-02,,,NONE
RECOMBINATION_WEIGHTED_AUDITOR,3,1,15,5.65000000000000036e+00,1.12923124578075225e+01,I,1.43486153456185740e-02,1.08200869473170924e-01,,,NONE
RECOMBINATION_WEIGHTED_AUDITOR,3,1,15,5.65000000000000036e+00,1.12923124578075225e+01,U,5.70049763958970432e-02,2.15115912909591672e-01,,,NONE
RECOMBINATION_WEIGHTED_AUDITOR,3,1,15,5.65000000000000036e+00,1.12923124578075225e+01,C,4.12363941364412082e-02,8.66196248686043191e+00,,,NONE
RECOMBINATION_WEIGHTED_AUDITOR,3,1,15,5.65000000000000036e+00,1.12923124578075225e+01,J_G1,1.04683398182892876e-03,3.33737151405966020e-02,,,NONE
RECOMBINATION_WEIGHTED_AUDITOR,3,1,15,5.65000000000000036e+00,1.12923124578075225e+01,J_G2a,5.91635551637742724e-04,4.52085666888931911e-02,,,NONE
RECOMBINATION_WEIGHTED_AUDITOR,3,1,16,5.65000000000000036e+00,1.12923124578075225e+01,M,4.69578154739852278e-03,9.77325093546900781e-02,,,NONE
RECOMBINATION_WEIGHTED_AUDITOR,3,1,16,5.65000000000000036e+00,1.12923124578075225e+01,I,1.43486153456185792e-02,1.08200869473170924e-01,,,NONE
RECOMBINATION_WEIGHTED_AUDITOR,3,1,16,5.65000000000000036e+00,1.12923124578075225e+01,U,5.59267779681515212e-02,2.14499787529491559e-01,,,NONE
RECOMBINATION_WEIGHTED_AUDITOR,3,1,16,5.65000000000000036e+00,1.12923124578075225e+01,C,4.00994831286262191e-02,8.66196248686041592e+00,,,NONE
RECOMBINATION_WEIGHTED_AUDITOR,3,1,16,5.65000000000000036e+00,1.12923124578075225e+01,J_G1,1.07103159204078720e-04,3.21931374455586075e-02,,,NONE
RECOMBINATION_WEIGHTED_AUDITOR,3,1,16,5.65000000000000036e+00,1.12923124578075225e+01,J_G2a,5.79502426386032529e-05,4.44586580130073364e-02,,,NONE
RECOMBINATION_WEIGHTED_AUDITOR,3,1,17,5.65000000000000036e+00,1.12923124578075225e+01,M,4.69578154738968002e-03,9.77325093548877533e-02,,,NONE
RECOMBINATION_WEIGHTED_AUDITOR,3,1,17,5.65000000000000036e+00,1.12923124578075225e+01,I,1.43486153456041116e-02,1.08200869473363201e-01,,,NONE
RECOMBINATION_WEIGHTED_AUDITOR,3,1,17,5.65000000000000036e+00,1.12923124578075225e+01,U,5.56129311313451682e-02,2.14532697908094400e-01,,,NONE
RECOMBINATION_WEIGHTED_AUDITOR,3,1,17,5.65000000000000036e+00,1.12923124578075225e+01,C,3.97688041093425676e-02,8.66196248687599102e+00,,,NONE
RECOMBINATION_WEIGHTED_AUDITOR,3,1,17,5.65000000000000036e+00,1.12923124578075225e+01,J_G1,2.83960181620991606e-06,3.21140248472152057e-02,,,NONE
RECOMBINATION_WEIGHTED_AUDITOR,3,1,17,5.65000000000000036e+00,1.12923124578075225e+01,J_G2a,1.54003046341043717e-06,4.36163614302262220e-02,,,NONE
RECOMBINATION_WEIGHTED_AUDITOR,3,2,0,5.65000000000000036e+00,1.12923124578075225e+01,M,1.11730970310876272e-02,9.77325093546900781e-02,,,NONE
RECOMBINATION_WEIGHTED_AUDITOR,3,2,0,5.65000000000000036e+00,1.12923124578075225e+01,I,1.19468123764514319e-02,1.06607486746261360e-01,,,NONE
RECOMBINATION_WEIGHTED_AUDITOR,3,2,0,5.65000000000000036e+00,1.12923124578075225e+01,U,1.18467677409057320e-02,1.51703308229120704e-01,,,NONE
RECOMBINATION_WEIGHTED_AUDITOR,3,2,0,5.65000000000000036e+00,1.12923124578075225e+01,C,1.17733012968354381e-02,8.53584431256234488e+00,,,NONE
RECOMBINATION_WEIGHTED_AUDITOR,3,2,0,5.65000000000000036e+00,1.12923124578075225e+01,J_G1,3.82979604883215696e-03,1.15160002340156473e-02,,,NONE
RECOMBINATION_WEIGHTED_AUDITOR,3,2,0,5.65000000000000036e+00,1.12923124578075225e+01,J_G2a,2.04234764846692807e-03,1.03027641162309475e-02,,,NONE
RECOMBINATION_WEIGHTED_AUDITOR,3,2,1,5.65000000000000036e+00,1.12923124578075225e+01,M,1.11730970310876237e-02,9.77325093546900781e-02,,,NONE
RECOMBINATION_WEIGHTED_AUDITOR,3,2,1,5.65000000000000036e+00,1.12923124578075225e+01,I,1.20472992927466906e-02,1.06607486746261360e-01,,,NONE
RECOMBINATION_WEIGHTED_AUDITOR,3,2,1,5.65000000000000036e+00,1.12923124578075225e+01,U,1.19472623499199560e-02,1.46188429714338791e-01,,,NONE
RECOMBINATION_WEIGHTED_AUDITOR,3,2,1,5.65000000000000036e+00,1.12923124578075225e+01,C,1.18738015138768228e-02,8.53584431256222764e+00,,,NONE
RECOMBINATION_WEIGHTED_AUDITOR,3,2,1,5.65000000000000036e+00,1.12923124578075225e+01,J_G1,1.25740844336959712e-03,1.15160002340157636e-02,,,NONE
RECOMBINATION_WEIGHTED_AUDITOR,3,2,1,5.65000000000000036e+00,1.12923124578075225e+01,J_G2a,4.33480930796446785e-04,1.03027641162309162e-02,,,NONE
RECOMBINATION_WEIGHTED_AUDITOR,3,2,2,5.65000000000000036e+00,1.12923124578075225e+01,M,1.11730970310876272e-02,9.77325093546900781e-02,,,NONE
RECOMBINATION_WEIGHTED_AUDITOR,3,2,2,5.65000000000000036e+00,1.12923124578075225e+01,I,1.20666864109017242e-02,1.06607486746261346e-01,,,NONE
RECOMBINATION_WEIGHTED_AUDITOR,3,2,2,5.65000000000000036e+00,1.12923124578075225e+01,U,1.19666509596913287e-02,1.45123661674922189e-01,,,NONE
RECOMBINATION_WEIGHTED_AUDITOR,3,2,2,5.65000000000000036e+00,1.12923124578075225e+01,C,1.18931912110837156e-02,8.53584431256219567e+00,,,NONE
RECOMBINATION_WEIGHTED_AUDITOR,3,2,2,5.65000000000000036e+00,1.12923124578075225e+01,J_G1,6.57073369130986508e-04,1.15160002340158399e-02,,,NONE
RECOMBINATION_WEIGHTED_AUDITOR,3,2,2,5.65000000000000036e+00,1.12923124578075225e+01,J_G2a,2.05573950632534570e-04,1.03027641162307636e-02,,,NONE
RECOMBINATION_WEIGHTED_AUDITOR,3,2,3,5.65000000000000036e+00,1.12923124578075225e+01,M,1.11730970310876202e-02,9.77325093546900919e-02,,,NONE
RECOMBINATION_WEIGHTED_AUDITOR,3,2,3,5.65000000000000036e+00,1.12923124578075225e+01,I,1.20818291395539956e-02,1.06607486746261360e-01,,,NONE
RECOMBINATION_WEIGHTED_AUDITOR,3,2,3,5.65000000000000036e+00,1.12923124578075225e+01,U,1.19817948550782361e-02,1.44291827518218507e-01,,,NONE
RECOMBINATION_WEIGHTED_AUDITOR,3,2,3,5.65000000000000036e+00,1.12923124578075225e+01,C,1.19083359570661684e-02,8.53584431256226495e+00,,,NONE
RECOMBINATION_WEIGHTED_AUDITOR,3,2,3,5.65000000000000036e+00,1.12923124578075225e+01,J_G1,3.39832223318897915e-04,1.15160002340156144e-02,,,NONE
RECOMBINATION_WEIGHTED_AUDITOR,3,2,3,5.65000000000000036e+00,1.12923124578075225e+01,J_G2a,9.81559534654466355e-05,1.03027641162315546e-02,,,NONE
RECOMBINATION_WEIGHTED_AUDITOR,3,2,4,5.65000000000000036e+00,1.12923124578075225e+01,M,1.11730970310876202e-02,9.77325093546900919e-02,,,NONE
RECOMBINATION_WEIGHTED_AUDITOR,3,2,4,5.65000000000000036e+00,1.12923124578075225e+01,I,1.21085562955045647e-02,1.06607486746261360e-01,,,NONE
RECOMBINATION_WEIGHTED_AUDITOR,3,2,4,5.65000000000000036e+00,1.12923124578075225e+01,U,1.20085240739195957e-02,1.42823254495371754e-01,,,NONE
RECOMBINATION_WEIGHTED_AUDITOR,3,2,4,5.65000000000000036e+00,1.12923124578075225e+01,C,1.19350666798555272e-02,8.53584431256205356e+00,,,NONE
RECOMBINATION_WEIGHTED_AUDITOR,3,2,4,5.65000000000000036e+00,1.12923124578075225e+01,J_G1,3.46728114637213613e-05,1.15160002340160220e-02,,,NONE
RECOMBINATION_WEIGHTED_AUDITOR,3,2,4,5.65000000000000036e+00,1.12923124578075225e+01,J_G2a,8.60525363086496055e-06,1.03027641162303993e-02,,,NONE
RECOMBINATION_WEIGHTED_AUDITOR,3,2,5,5.65000000000000036e+00,1.12923124578075225e+01,M,1.11730970310876237e-02,9.77325093546900781e-02,,,NONE
RECOMBINATION_WEIGHTED_AUDITOR,3,2,5,5.65000000000000036e+00,1.12923124578075225e+01,I,1.21114785021527553e-02,1.06607486746261360e-01,,,NONE
RECOMBINATION_WEIGHTED_AUDITOR,3,2,5,5.65000000000000036e+00,1.12923124578075225e+01,U,1.20114465063910752e-02,1.42662659593083524e-01,,,NONE
RECOMBINATION_WEIGHTED_AUDITOR,3,2,5,5.65000000000000036e+00,1.12923124578075225e+01,C,1.19379892769646504e-02,8.53584431256214415e+00,,,NONE
RECOMBINATION_WEIGHTED_AUDITOR,3,2,5,5.65000000000000036e+00,1.12923124578075225e+01,J_G1,8.86582293525428879e-07,1.15160002340155727e-02,,,NONE
RECOMBINATION_WEIGHTED_AUDITOR,3,2,5,5.65000000000000036e+00,1.12923124578075225e+01,J_G2a,2.16210546386962102e-07,1.03027641162313447e-02,,,NONE
RECOMBINATION_WEIGHTED_AUDITOR,3,2,6,5.65000000000000036e+00,1.12923124578075225e+01,M,1.11730970310876237e-02,9.77325093546900781e-02,,,NONE
RECOMBINATION_WEIGHTED_AUDITOR,3,2,6,5.65000000000000036e+00,1.12923124578075225e+01,I,1.19356840859221758e-02,1.06949484494709757e-01,,,NONE
RECOMBINATION_WEIGHTED_AUDITOR,3,2,6,5.65000000000000036e+00,1.12923124578075225e+01,U,1.18356386024363672e-02,1.65748511824958700e-01,,,NONE
RECOMBINATION_WEIGHTED_AUDITOR,3,2,6,5.65000000000000036e+00,1.12923124578075225e+01,C,1.17621715402353964e-02,8.56291384891417451e+00,,,NONE
RECOMBINATION_WEIGHTED_AUDITOR,3,2,6,5.65000000000000036e+00,1.12923124578075225e+01,J_G1,1.02610059723944758e-02,1.16881660836912725e-02,,,NONE
RECOMBINATION_WEIGHTED_AUDITOR,3,2,6,5.65000000000000036e+00,1.12923124578075225e+01,J_G2a,5.71472414153489927e-03,1.03027641162305866e-02,,,NONE
RECOMBINATION_WEIGHTED_AUDITOR,3,2,7,5.65000000000000036e+00,1.12923124578075225e+01,M,1.11730970310876202e-02,9.77325093546900781e-02,,,NONE
RECOMBINATION_WEIGHTED_AUDITOR,3,2,7,5.65000000000000036e+00,1.12923124578075225e+01,I,1.19842574818117848e-02,1.06949484494709757e-01,,,NONE
RECOMBINATION_WEIGHTED_AUDITOR,3,2,7,5.65000000000000036e+00,1.12923124578075225e+01,U,1.18842157052911953e-02,1.63083925452038758e-01,,,NONE
RECOMBINATION_WEIGHTED_AUDITOR,3,2,7,5.65000000000000036e+00,1.12923124578075225e+01,C,1.18107513454221089e-02,8.56291384891413010e+00,,,NONE
RECOMBINATION_WEIGHTED_AUDITOR,3,2,7,5.65000000000000036e+00,1.12923124578075225e+01,J_G1,1.07243940162740307e-02,1.22160048192531141e-02,,,NONE
RECOMBINATION_WEIGHTED_AUDITOR,3,2,7,5.65000000000000036e+00,1.12923124578075225e+01,J_G2a,4.91210951706370740e-03,1.03027641162304392e-02,,,NONE
RECOMBINATION_WEIGHTED_AUDITOR,3,2,8,5.65000000000000036e+00,1.12923124578075225e+01,M,1.11730970310876237e-02,9.77325093546900781e-02,,,NONE
RECOMBINATION_WEIGHTED_AUDITOR,3,2,8,5.65000000000000036e+00,1.12923124578075225e+01,I,1.20127630564070640e-02,1.06949484494709715e-01,,,NONE
RECOMBINATION_WEIGHTED_AUDITOR,3,2,8,5.65000000000000036e+00,1.12923124578075225e+01,U,1.19127234623803008e-02,1.61519467681272427e-01,,,NONE
RECOMBINATION_WEIGHTED_AUDITOR,3,2,8,5.65000000000000036e+00,1.12923124578075225e+01,C,1.18392606935606316e-02,8.56291384891412299e+00,,,NONE
RECOMBINATION_WEIGHTED_AUDITOR,3,2,8,5.65000000000000036e+00,1.12923124578075225e+01,J_G1,5.16314086886962998e-03,1.15160002340158156e-02,,,NONE
RECOMBINATION_WEIGHTED_AUDITOR,3,2,8,5.65000000000000036e+00,1.12923124578075225e+01,J_G2a,2.09041911271938378e-03,1.03027641162311886e-02,,,NONE
RECOMBINATION_WEIGHTED_AUDITOR,3,2,9,5.65000000000000036e+00,1.12923124578075225e+01,M,1.11730970310876202e-02,9.77325093546900503e-02,,,NONE
RECOMBINATION_WEIGHTED_AUDITOR,3,2,9,5.65000000000000036e+00,1.12923124578075225e+01,I,1.20305410039108513e-02,1.06949484494709673e-01,,,NONE
RECOMBINATION_WEIGHTED_AUDITOR,3,2,9,5.65000000000000036e+00,1.12923124578075225e+01,U,1.19305027736669247e-02,1.60543495564982125e-01,,,NONE
RECOMBINATION_WEIGHTED_AUDITOR,3,2,9,5.65000000000000036e+00,1.12923124578075225e+01,C,1.18570409990663601e-02,8.56291384891415497e+00,,,NONE
RECOMBINATION_WEIGHTED_AUDITOR,3,2,9,5.65000000000000036e+00,1.12923124578075225e+01,J_G1,2.48350493959908223e-03,1.15160002340157948e-02,,,NONE
RECOMBINATION_WEIGHTED_AUDITOR,3,2,9,5.65000000000000036e+00,1.12923124578075225e+01,J_G2a,9.27252001726193236e-04,1.03027641162309128e-02,,,NONE
RECOMBINATION_WEIGHTED_AUDITOR,3,2,10,5.65000000000000036e+00,1.12923124578075225e+01,M,1.11730970310876272e-02,9.77325093546900781e-02,,,NONE
RECOMBINATION_WEIGHTED_AUDITOR,3,2,10,5.65000000000000036e+00,1.12923124578075225e+01,I,1.20538608103642232e-02,1.06949484494709743e-01,,,NONE
RECOMBINATION_WEIGHTED_AUDITOR,3,2,10,5.65000000000000036e+00,1.12923124578075225e+01,U,1.19538243721013307e-02,1.59262968229839902e-01,,,NONE
RECOMBINATION_WEIGHTED_AUDITOR,3,2,10,5.65000000000000036e+00,1.12923124578075225e+01,C,1.18803639038997568e-02,8.56291384891402174e+00,,,NONE
RECOMBINATION_WEIGHTED_AUDITOR,3,2,10,5.65000000000000036e+00,1.12923124578075225e+01,J_G1,2.44516246664746749e-04,1.15160002340161122e-02,,,NONE
RECOMBINATION_WEIGHTED_AUDITOR,3,2,10,5.65000000000000036e+00,1.12923124578075225e+01,J_G2a,8.16214157461825400e-05,1.03027641162307740e-02,,,NONE
RECOMBINATION_WEIGHTED_AUDITOR,3,2,11,5.65000000000000036e+00,1.12923124578075225e+01,M,1.11730970310876202e-02,9.77325093546900503e-02,,,NONE
RECOMBINATION_WEIGHTED_AUDITOR,3,2,11,5.65000000000000036e+00,1.12923124578075225e+01,I,1.20590872736279359e-02,1.06949484494709715e-01,,,NONE
RECOMBINATION_WEIGHTED_AUDITOR,3,2,11,5.65000000000000036e+00,1.12923124578075225e+01,U,1.19590512374641075e-02,1.58975925256461481e-01,,,NONE
RECOMBINATION_WEIGHTED_AUDITOR,3,2,11,5.65000000000000036e+00,1.12923124578075225e+01,C,1.18855910624053127e-02,8.56291384891408391e+00,,,NONE
RECOMBINATION_WEIGHTED_AUDITOR,3,2,11,5.65000000000000036e+00,1.12923124578075225e+01,J_G1,6.23413484338740368e-06,1.15160002340154478e-02,,,NONE
RECOMBINATION_WEIGHTED_AUDITOR,3,2,11,5.65000000000000036e+00,1.12923124578075225e+01,J_G2a,2.02737371465677918e-06,1.03027641162309960e-02,,,NONE
RECOMBINATION_WEIGHTED_AUDITOR,3,2,12,5.65000000000000036e+00,1.12923124578075225e+01,M,1.11730970310876237e-02,9.77325093546900919e-02,,,NONE
RECOMBINATION_WEIGHTED_AUDITOR,3,2,12,5.65000000000000036e+00,1.12923124578075225e+01,I,1.18938772392665447e-02,1.08200869473170924e-01,,,NONE
RECOMBINATION_WEIGHTED_AUDITOR,3,2,12,5.65000000000000036e+00,1.12923124578075225e+01,U,1.17938285773236794e-02,2.17199469384467159e-01,,,NONE
RECOMBINATION_WEIGHTED_AUDITOR,3,2,12,5.65000000000000036e+00,1.12923124578075225e+01,C,1.17203591981327598e-02,8.66196248686058468e+00,,,NONE
RECOMBINATION_WEIGHTED_AUDITOR,3,2,12,5.65000000000000036e+00,1.12923124578075225e+01,J_G1,7.35799714758157784e-03,1.15160002340158971e-02,,,NONE
RECOMBINATION_WEIGHTED_AUDITOR,3,2,12,5.65000000000000036e+00,1.12923124578075225e+01,J_G2a,4.79532691627852434e-03,1.03027641162306682e-02,,,NONE
RECOMBINATION_WEIGHTED_AUDITOR,3,2,13,5.65000000000000036e+00,1.12923124578075225e+01,M,1.11730970310876202e-02,9.77325093546900781e-02,,,NONE
RECOMBINATION_WEIGHTED_AUDITOR,3,2,13,5.65000000000000036e+00,1.12923124578075225e+01,I,1.19160832426020678e-02,1.08200869473170924e-01,,,NONE
RECOMBINATION_WEIGHTED_AUDITOR,3,2,13,5.65000000000000036e+00,1.12923124578075225e+01,U,1.18160362675245878e-02,2.15982127505806476e-01,,,NONE
RECOMBINATION_WEIGHTED_AUDITOR,3,2,13,5.65000000000000036e+00,1.12923124578075225e+01,C,1.17425681179950166e-02,8.66196248686041592e+00,,,NONE
RECOMBINATION_WEIGHTED_AUDITOR,3,2,13,5.65000000000000036e+00,1.12923124578075225e+01,J_G1,4.22808137427887771e-03,1.15160002340159197e-02,,,NONE
RECOMBINATION_WEIGHTED_AUDITOR,3,2,13,5.65000000000000036e+00,1.12923124578075225e+01,J_G2a,2.53756143329169443e-03,1.03027641162307861e-02,,,NONE
RECOMBINATION_WEIGHTED_AUDITOR,3,2,14,5.65000000000000036e+00,1.12923124578075225e+01,M,1.11730970310876202e-02,9.77325093546900919e-02,,,NONE
RECOMBINATION_WEIGHTED_AUDITOR,3,2,14,5.65000000000000036e+00,1.12923124578075225e+01,I,1.19072091482362967e-02,1.08200869473170966e-01,,,NONE
RECOMBINATION_WEIGHTED_AUDITOR,3,2,14,5.65000000000000036e+00,1.12923124578075225e+01,U,1.18071614986646183e-02,2.16468648124761437e-01,,,NONE
RECOMBINATION_WEIGHTED_AUDITOR,3,2,14,5.65000000000000036e+00,1.12923124578075225e+01,C,1.17336928574521514e-02,8.66196248686049231e+00,,,NONE
RECOMBINATION_WEIGHTED_AUDITOR,3,2,14,5.65000000000000036e+00,1.12923124578075225e+01,J_G1,1.01752322958888089e-03,1.15160002340156560e-02,,,NONE
RECOMBINATION_WEIGHTED_AUDITOR,3,2,14,5.65000000000000036e+00,1.12923124578075225e+01,J_G2a,6.31301377934484508e-04,1.03027641162310342e-02,,,NONE
RECOMBINATION_WEIGHTED_AUDITOR,3,2,15,5.65000000000000036e+00,1.12923124578075225e+01,M,1.11730970310876202e-02,9.77325093546900642e-02,,,NONE
RECOMBINATION_WEIGHTED_AUDITOR,3,2,15,5.65000000000000036e+00,1.12923124578075225e+01,I,1.19318805630468355e-02,1.08200869473170924e-01,,,NONE
RECOMBINATION_WEIGHTED_AUDITOR,3,2,15,5.65000000000000036e+00,1.12923124578075225e+01,U,1.18318347899267241e-02,2.15115912909591672e-01,,,NONE
RECOMBINATION_WEIGHTED_AUDITOR,3,2,15,5.65000000000000036e+00,1.12923124578075225e+01,C,1.17583675165894366e-02,8.66196248686043191e+00,,,NONE
RECOMBINATION_WEIGHTED_AUDITOR,3,2,15,5.65000000000000036e+00,1.12923124578075225e+01,J_G1,1.04683398182892876e-03,1.15160002340157358e-02,,,NONE
RECOMBINATION_WEIGHTED_AUDITOR,3,2,15,5.65000000000000036e+00,1.12923124578075225e+01,J_G2a,5.91635551637742724e-04,1.03027641162310724e-02,,,NONE
RECOMBINATION_WEIGHTED_AUDITOR,3,2,16,5.65000000000000036e+00,1.12923124578075225e+01,M,1.11730970310876272e-02,9.77325093546900781e-02,,,NONE
RECOMBINATION_WEIGHTED_AUDITOR,3,2,16,5.65000000000000036e+00,1.12923124578075225e+01,I,1.19431151201870034e-02,1.08200869473170924e-01,,,NONE
RECOMBINATION_WEIGHTED_AUDITOR,3,2,16,5.65000000000000036e+00,1.12923124578075225e+01,U,1.18430702028341824e-02,2.14499787529491559e-01,,,NONE
RECOMBINATION_WEIGHTED_AUDITOR,3,2,16,5.65000000000000036e+00,1.12923124578075225e+01,C,1.17696035533318664e-02,8.66196248686041592e+00,,,NONE
RECOMBINATION_WEIGHTED_AUDITOR,3,2,16,5.65000000000000036e+00,1.12923124578075225e+01,J_G1,1.07103159204078720e-04,1.15160002340157289e-02,,,NONE
RECOMBINATION_WEIGHTED_AUDITOR,3,2,16,5.65000000000000036e+00,1.12923124578075225e+01,J_G2a,5.79502426386032529e-05,1.03027641162313516e-02,,,NONE
RECOMBINATION_WEIGHTED_AUDITOR,3,2,17,5.65000000000000036e+00,1.12923124578075225e+01,M,1.11730970310936865e-02,9.77325093548877533e-02,,,NONE
RECOMBINATION_WEIGHTED_AUDITOR,3,2,17,5.65000000000000036e+00,1.12923124578075225e+01,I,1.19425150639817998e-02,1.08200869473363201e-01,,,NONE
RECOMBINATION_WEIGHTED_AUDITOR,3,2,17,5.65000000000000036e+00,1.12923124578075225e+01,U,1.18424701009006116e-02,2.14532697908094400e-01,,,NONE
RECOMBINATION_WEIGHTED_AUDITOR,3,2,17,5.65000000000000036e+00,1.12923124578075225e+01,C,1.17690034180632681e-02,8.66196248687599102e+00,,,NONE
RECOMBINATION_WEIGHTED_AUDITOR,3,2,17,5.65000000000000036e+00,1.12923124578075225e+01,J_G1,2.83960181620991606e-06,1.15160002338655313e-02,,,NONE
RECOMBINATION_WEIGHTED_AUDITOR,3,2,17,5.65000000000000036e+00,1.12923124578075225e+01,J_G2a,1.54003046341043717e-06,1.03027641161628162e-02,,,NONE
RECOMBINATION_WEIGHTED_AUDITOR,4,1,0,5.54999999999999982e+00,1.17262920899423353e+01,M,8.34368142988261771e-03,2.32530442842188573e-02,,,NONE
RECOMBINATION_WEIGHTED_AUDITOR,4,1,0,5.54999999999999982e+00,1.17262920899423353e+01,I,2.00495019770566794e-02,2.36326135296955307e-02,,,NONE
RECOMBINATION_WEIGHTED_AUDITOR,4,1,0,5.54999999999999982e+00,1.17262920899423353e+01,U,2.55101771510291668e-02,6.46903132958113886e-02,,,NONE
RECOMBINATION_WEIGHTED_AUDITOR,4,1,0,5.54999999999999982e+00,1.17262920899423353e+01,C,3.01936589190642569e-02,2.56821380673909605e+00,,,NONE
RECOMBINATION_WEIGHTED_AUDITOR,4,1,0,5.54999999999999982e+00,1.17262920899423353e+01,J_G1,4.36246625387832956e-03,4.12827664566468994e-02,,,NONE
RECOMBINATION_WEIGHTED_AUDITOR,4,1,0,5.54999999999999982e+00,1.17262920899423353e+01,J_G2a,1.93387079266144394e-03,2.62292580372070067e-02,,,NONE
RECOMBINATION_WEIGHTED_AUDITOR,4,1,1,5.54999999999999982e+00,1.17262920899423353e+01,M,3.52414627524230044e-03,1.11730970310876237e-02,,,NONE
RECOMBINATION_WEIGHTED_AUDITOR,4,1,1,5.54999999999999982e+00,1.17262920899423353e+01,I,3.13741560429247300e-03,2.11923514369665514e-02,,,NONE
RECOMBINATION_WEIGHTED_AUDITOR,4,1,1,5.54999999999999982e+00,1.17262920899423353e+01,U,1.22036904100748713e-03,5.92549852197304938e-02,,,NONE
RECOMBINATION_WEIGHTED_AUDITOR,4,1,1,5.54999999999999982e+00,1.17262920899423353e+01,C,3.59122122567150440e-03,2.56821380673907429e+00,,,NONE
RECOMBINATION_WEIGHTED_AUDITOR,4,1,1,5.54999999999999982e+00,1.17262920899423353e+01,J_G1,1.09197866078472074e-03,1.29469080282896207e-02,,,NONE
RECOMBINATION_WEIGHTED_AUDITOR,4,1,1,5.54999999999999982e+00,1.17262920899423353e+01,J_G2a,3.09910006150653004e-04,2.47649620026884742e-03,,,NONE
RECOMBINATION_WEIGHTED_AUDITOR,4,1,2,5.54999999999999982e+00,1.17262920899423353e+01,M,2.17809078624300748e-03,1.11730970310876272e-02,,,NONE
RECOMBINATION_WEIGHTED_AUDITOR,4,1,2,5.54999999999999982e+00,1.17262920899423353e+01,I,1.79126495509623917e-03,2.11923514369665444e-02,,,NONE
RECOMBINATION_WEIGHTED_AUDITOR,4,1,2,5.54999999999999982e+00,1.17262920899423353e+01,U,1.26048846294463080e-04,5.82070022608053919e-02,,,NONE
RECOMBINATION_WEIGHTED_AUDITOR,4,1,2,5.54999999999999982e+00,1.17262920899423353e+01,C,4.93681140036430002e-03,2.56821380673905608e+00,,,NONE
RECOMBINATION_WEIGHTED_AUDITOR,4,1,2,5.54999999999999982e+00,1.17262920899423353e+01,J_G1,5.77957647788446402e-04,1.40287931029460366e-02,,,NONE
RECOMBINATION_WEIGHTED_AUDITOR,4,1,2,5.54999999999999982e+00,1.17262920899423353e+01,J_G2a,1.49795722009289688e-04,4.09894634131819768e-03,,,NONE
RECOMBINATION_WEIGHTED_AUDITOR,4,1,3,5.54999999999999982e+00,1.17262920899423353e+01,M,1.93926341381781995e-03,1.11730970310876202e-02,,,NONE
RECOMBINATION_WEIGHTED_AUDITOR,4,1,3,5.54999999999999982e+00,1.17262920899423353e+01,I,1.55242573315011101e-03,2.11923514369665583e-02,,,NONE
RECOMBINATION_WEIGHTED_AUDITOR,4,1,3,5.54999999999999982e+00,1.17262920899423353e+01,U,3.64910524407677142e-04,5.73886018605941350e-02,,,NONE
RECOMBINATION_WEIGHTED_AUDITOR,4,1,3,5.54999999999999982e+00,1.17262920899423353e+01,C,5.17546365669466300e-03,2.56821380673915423e+00,,,NONE
RECOMBINATION_WEIGHTED_AUDITOR,4,1,3,5.54999999999999982e+00,1.17262920899423353e+01,J_G1,2.99317257783284255e-04,1.41428908268019186e-02,,,NONE
RECOMBINATION_WEIGHTED_AUDITOR,4,1,3,5.54999999999999982e+00,1.17262920899423353e+01,J_G2a,7.16420440323976582e-05,4.24024043563204708e-03,,,NONE
RECOMBINATION_WEIGHTED_AUDITOR,4,1,4,5.54999999999999982e+00,1.17262920899423353e+01,M,1.72538936269865206e-03,1.11730970310876202e-02,,,NONE
RECOMBINATION_WEIGHTED_AUDITOR,4,1,4,5.54999999999999982e+00,1.17262920899423353e+01,I,1.33854235834455029e-03,2.11923514369665965e-02,,,NONE
RECOMBINATION_WEIGHTED_AUDITOR,4,1,4,5.54999999999999982e+00,1.17262920899423353e+01,U,5.78807625762131324e-04,5.59444318206258964e-02,,,NONE
RECOMBINATION_WEIGHTED_AUDITOR,4,1,4,5.54999999999999982e+00,1.17262920899423353e+01,C,5.38915722342560473e-03,2.56821380673914446e+00,,,NONE
RECOMBINATION_WEIGHTED_AUDITOR,4,1,4,5.54999999999999982e+00,1.17262920899423353e+01,J_G1,3.05801887870546759e-05,1.42567518359274763e-02,,,NONE
RECOMBINATION_WEIGHTED_AUDITOR,4,1,4,5.54999999999999982e+00,1.17262920899423353e+01,J_G2a,6.23464948702659010e-06,3.61163929508144087e-03,,,NONE
RECOMBINATION_WEIGHTED_AUDITOR,4,1,5,5.54999999999999982e+00,1.17262920899423353e+01,M,1.37308899972296149e-03,1.11730970310876237e-02,,,NONE
RECOMBINATION_WEIGHTED_AUDITOR,4,1,5,5.54999999999999982e+00,1.17262920899423353e+01,I,9.86229290013638897e-04,2.11923514369665826e-02,,,NONE
RECOMBINATION_WEIGHTED_AUDITOR,4,1,5,5.54999999999999982e+00,1.17262920899423353e+01,U,9.31130155426641458e-04,5.57865586057353924e-02,,,NONE
RECOMBINATION_WEIGHTED_AUDITOR,4,1,5,5.54999999999999982e+00,1.17262920899423353e+01,C,5.74111154357629001e-03,2.56821380673915423e+00,,,NONE
RECOMBINATION_WEIGHTED_AUDITOR,4,1,5,5.54999999999999982e+00,1.17262920899423353e+01,J_G1,7.84973931855676270e-07,1.45852694014595580e-02,,,NONE
RECOMBINATION_WEIGHTED_AUDITOR,4,1,5,5.54999999999999982e+00,1.17262920899423353e+01,J_G2a,1.57217857022908783e-07,3.92107686342232139e-03,,,NONE
RECOMBINATION_WEIGHTED_AUDITOR,4,1,6,5.54999999999999982e+00,1.17262920899423353e+01,M,5.81728461147729744e-03,1.11730970310876237e-02,,,NONE
RECOMBINATION_WEIGHTED_AUDITOR,4,1,6,5.54999999999999982e+00,1.17262920899423353e+01,I,5.43082705835605008e-03,2.15286179244701496e-02,,,NONE
RECOMBINATION_WEIGHTED_AUDITOR,4,1,6,5.54999999999999982e+00,1.17262920899423353e+01,U,3.51478624141673187e-03,7.83591402024963329e-02,,,NONE
RECOMBINATION_WEIGHTED_AUDITOR,4,1,6,5.54999999999999982e+00,1.17262920899423353e+01,C,1.29683304555079366e-03,2.60372458639491011e+00,,,NONE
RECOMBINATION_WEIGHTED_AUDITOR,4,1,6,5.54999999999999982e+00,1.17262920899423353e+01,J_G1,8.92592027185409344e-03,1.30884957093485785e-02,,,NONE
RECOMBINATION_WEIGHTED_AUDITOR,4,1,6,5.54999999999999982e+00,1.17262920899423353e+01,J_G2a,2.84720916573354133e-03,6.42065125536308429e-03,,,NONE
RECOMBINATION_WEIGHTED_AUDITOR,4,1,7,5.54999999999999982e+00,1.17262920899423353e+01,M,6.27065090045534398e-04,1.11730970310876202e-02,,,NONE
RECOMBINATION_WEIGHTED_AUDITOR,4,1,7,5.54999999999999982e+00,1.17262920899423353e+01,I,1.01393435381605022e-03,2.15286179244701670e-02,,,NONE
RECOMBINATION_WEIGHTED_AUDITOR,4,1,7,5.54999999999999982e+00,1.17262920899423353e+01,U,2.93103739704395376e-03,7.57307790553846255e-02,,,NONE
RECOMBINATION_WEIGHTED_AUDITOR,4,1,7,5.54999999999999982e+00,1.17262920899423353e+01,C,7.73815189703956803e-03,2.60372458639491411e+00,,,NONE
RECOMBINATION_WEIGHTED_AUDITOR,4,1,7,5.54999999999999982e+00,1.17262920899423353e+01,J_G1,9.85346945788132846e-03,1.77143959076782286e-02,,,NONE
RECOMBINATION_WEIGHTED_AUDITOR,4,1,7,5.54999999999999982e+00,1.17262920899423353e+01,J_G2a,3.69248307191562090e-03,6.75083797641933599e-03,,,NONE
RECOMBINATION_WEIGHTED_AUDITOR,4,1,8,5.54999999999999982e+00,1.17262920899423353e+01,M,2.74048344251581581e-03,1.11730970310876237e-02,,,NONE
RECOMBINATION_WEIGHTED_AUDITOR,4,1,8,5.54999999999999982e+00,1.17262920899423353e+01,I,3.12724718322325438e-03,2.15286179244701670e-02,,,NONE
RECOMBINATION_WEIGHTED_AUDITOR,4,1,8,5.54999999999999982e+00,1.17262920899423353e+01,U,5.04350655140254657e-03,7.41889389595460913e-02,,,NONE
RECOMBINATION_WEIGHTED_AUDITOR,4,1,8,5.54999999999999982e+00,1.17262920899423353e+01,C,9.84615935384069649e-03,2.60372458639491899e+00,,,NONE
RECOMBINATION_WEIGHTED_AUDITOR,4,1,8,5.54999999999999982e+00,1.17262920899423353e+01,J_G1,4.82942142372652129e-03,1.92211961337052303e-02,,,NONE
RECOMBINATION_WEIGHTED_AUDITOR,4,1,8,5.54999999999999982e+00,1.17262920899423353e+01,J_G2a,1.62862782039565951e-03,9.79463545637201949e-03,,,NONE
RECOMBINATION_WEIGHTED_AUDITOR,4,1,9,5.54999999999999982e+00,1.17262920899423353e+01,M,2.03606828517134469e-03,1.11730970310876202e-02,,,NONE
RECOMBINATION_WEIGHTED_AUDITOR,4,1,9,5.54999999999999982e+00,1.17262920899423353e+01,I,2.42288039639652637e-03,2.15286179244701288e-02,,,NONE
RECOMBINATION_WEIGHTED_AUDITOR,4,1,9,5.54999999999999982e+00,1.17262920899423353e+01,U,4.33948633481584349e-03,7.32275815689782117e-02,,,NONE
RECOMBINATION_WEIGHTED_AUDITOR,4,1,9,5.54999999999999982e+00,1.17262920899423353e+01,C,9.14378960601394848e-03,2.60372458639493543e+00,,,NONE
RECOMBINATION_WEIGHTED_AUDITOR,4,1,9,5.54999999999999982e+00,1.17262920899423353e+01,J_G1,2.30278754811993110e-03,1.84856398442460011e-02,,,NONE
RECOMBINATION_WEIGHTED_AUDITOR,4,1,9,5.54999999999999982e+00,1.17262920899423353e+01,J_G2a,7.12349868013762029e-04,8.60171031074884358e-03,,,NONE
RECOMBINATION_WEIGHTED_AUDITOR,4,1,10,5.54999999999999982e+00,1.17262920899423353e+01,M,2.32581447094546345e-03,1.11730970310876272e-02,,,NONE
RECOMBINATION_WEIGHTED_AUDITOR,4,1,10,5.54999999999999982e+00,1.17262920899423353e+01,I,2.71260828374597510e-03,2.15286179244701670e-02,,,NONE
RECOMBINATION_WEIGHTED_AUDITOR,4,1,10,5.54999999999999982e+00,1.17262920899423353e+01,U,4.62907957970388161e-03,7.19668174882751033e-02,,,NONE
RECOMBINATION_WEIGHTED_AUDITOR,4,1,10,5.54999999999999982e+00,1.17262920899423353e+01,C,9.43272372992279805e-03,2.60372458639493054e+00,,,NONE
RECOMBINATION_WEIGHTED_AUDITOR,4,1,10,5.54999999999999982e+00,1.17262920899423353e+01,J_G1,2.27085984272956893e-04,1.86202562628517664e-02,,,NONE
RECOMBINATION_WEIGHTED_AUDITOR,4,1,10,5.54999999999999982e+00,1.17262920899423353e+01,J_G2a,6.26859753301316680e-05,8.57638432482988634e-03,,,NONE
RECOMBINATION_WEIGHTED_AUDITOR,4,1,11,5.54999999999999982e+00,1.17262920899423353e+01,M,3.13059972928381820e-03,1.11730970310876202e-02,,,NONE
RECOMBINATION_WEIGHTED_AUDITOR,4,1,11,5.54999999999999982e+00,1.17262920899423353e+01,I,3.51733100344592872e-03,2.15286179244701358e-02,,,NONE
RECOMBINATION_WEIGHTED_AUDITOR,4,1,11,5.54999999999999982e+00,1.17262920899423353e+01,U,5.43337031990114450e-03,7.16842961551729385e-02,,,NONE
RECOMBINATION_WEIGHTED_AUDITOR,4,1,11,5.54999999999999982e+00,1.17262920899423353e+01,C,1.02350388451312845e-02,2.60372458639493454e+00,,,NONE
RECOMBINATION_WEIGHTED_AUDITOR,4,1,11,5.54999999999999982e+00,1.17262920899423353e+01,J_G1,5.83712625161692885e-06,1.93068348697555438e-02,,,NONE
RECOMBINATION_WEIGHTED_AUDITOR,4,1,11,5.54999999999999982e+00,1.17262920899423353e+01,J_G2a,1.57648184259000679e-06,9.63153468620598155e-03,,,NONE
RECOMBINATION_WEIGHTED_AUDITOR,4,1,12,5.54999999999999982e+00,1.17262920899423353e+01,M,8.34368142988261598e-03,2.85512702259130557e-02,,,NONE
RECOMBINATION_WEIGHTED_AUDITOR,4,1,12,5.54999999999999982e+00,1.17262920899423353e+01,I,2.13651412804279107e-02,2.89271637961012393e-02,,,NONE
RECOMBINATION_WEIGHTED_AUDITOR,4,1,12,5.54999999999999982e+00,1.17262920899423353e+01,U,3.07857669081514837e-02,1.28433500871924205e-01,,,NONE
RECOMBINATION_WEIGHTED_AUDITOR,4,1,12,5.54999999999999982e+00,1.17262920899423353e+01,C,3.54163148313547879e-02,2.73673884176507620e+00,,,NONE
RECOMBINATION_WEIGHTED_AUDITOR,4,1,12,5.54999999999999982e+00,1.17262920899423353e+01,J_G1,8.38138998609229066e-03,4.59723142296952977e-02,,,NONE
RECOMBINATION_WEIGHTED_AUDITOR,4,1,12,5.54999999999999982e+00,1.17262920899423353e+01,J_G2a,5.01670326998113637e-03,3.44611319415414480e-02,,,NONE
RECOMBINATION_WEIGHTED_AUDITOR,4,1,13,5.54999999999999982e+00,1.17262920899423353e+01,M,8.34368142988261598e-03,1.11730970310876202e-02,,,NONE
RECOMBINATION_WEIGHTED_AUDITOR,4,1,13,5.54999999999999982e+00,1.17262920899423353e+01,I,1.07789037035708798e-02,2.27590319641269266e-02,,,NONE
RECOMBINATION_WEIGHTED_AUDITOR,4,1,13,5.54999999999999982e+00,1.17262920899423353e+01,U,1.26871891690882622e-02,1.27231209783175037e-01,,,NONE
RECOMBINATION_WEIGHTED_AUDITOR,4,1,13,5.54999999999999982e+00,1.17262920899423353e+01,C,1.74614168239708642e-02,2.73673884176510818e+00,,,NONE
RECOMBINATION_WEIGHTED_AUDITOR,4,1,13,5.54999999999999982e+00,1.17262920899423353e+01,J_G1,4.35421387599923843e-03,2.72721268263115997e-02,,,NONE
RECOMBINATION_WEIGHTED_AUDITOR,4,1,13,5.54999999999999982e+00,1.17262920899423353e+01,J_G2a,2.19351668269677580e-03,1.85941521329183214e-02,,,NONE
RECOMBINATION_WEIGHTED_AUDITOR,4,1,14,5.54999999999999982e+00,1.17262920899423353e+01,M,8.34368142988261598e-03,3.53723574673265942e-02,,,NONE
RECOMBINATION_WEIGHTED_AUDITOR,4,1,14,5.54999999999999982e+00,1.17262920899423353e+01,I,2.13651412804280495e-02,3.57424207197124463e-02,,,NONE
RECOMBINATION_WEIGHTED_AUDITOR,4,1,14,5.54999999999999982e+00,1.17262920899423353e+01,U,3.75712100356706963e-02,1.27711642569324380e-01,,,NONE
RECOMBINATION_WEIGHTED_AUDITOR,4,1,14,5.54999999999999982e+00,1.17262920899423353e+01,C,4.21203585359327809e-02,2.73673884176505400e+00,,,NONE
RECOMBINATION_WEIGHTED_AUDITOR,4,1,14,5.54999999999999982e+00,1.17262920899423353e+01,J_G1,1.15904625077159549e-03,5.17258484906292990e-02,,,NONE
RECOMBINATION_WEIGHTED_AUDITOR,4,1,14,5.54999999999999982e+00,1.17262920899423353e+01,J_G2a,7.09284627631880733e-04,4.25170181187470228e-02,,,NONE
RECOMBINATION_WEIGHTED_AUDITOR,4,1,15,5.54999999999999982e+00,1.17262920899423353e+01,M,8.34368142988261771e-03,1.35873923521546754e-02,,,NONE
RECOMBINATION_WEIGHTED_AUDITOR,4,1,15,5.54999999999999982e+00,1.17262920899423353e+01,I,1.39717453012069628e-02,2.27590319641269370e-02,,,NONE
RECOMBINATION_WEIGHTED_AUDITOR,4,1,15,5.54999999999999982e+00,1.17262920899423353e+01,U,1.58744258177410669e-02,1.26376073486865970e-01,,,NONE
RECOMBINATION_WEIGHTED_AUDITOR,4,1,15,5.54999999999999982e+00,1.17262920899423353e+01,C,2.06311279202313000e-02,2.73673884176510240e+00,,,NONE
RECOMBINATION_WEIGHTED_AUDITOR,4,1,15,5.54999999999999982e+00,1.17262920899423353e+01,J_G1,1.11164149198601206e-03,2.98144447772379362e-02,,,NONE
RECOMBINATION_WEIGHTED_AUDITOR,4,1,15,5.54999999999999982e+00,1.17262920899423353e+01,J_G2a,5.37709417862558504e-04,2.28055391888013353e-02,,,NONE
RECOMBINATION_WEIGHTED_AUDITOR,4,1,16,5.54999999999999982e+00,1.17262920899423353e+01,M,8.34368142988261424e-03,1.40271661877687803e-02,,,NONE
RECOMBINATION_WEIGHTED_AUDITOR,4,1,16,5.54999999999999982e+00,1.17262920899423353e+01,I,1.44113554081763719e-02,2.27590319641269648e-02,,,NONE
RECOMBINATION_WEIGHTED_AUDITOR,4,1,16,5.54999999999999982e+00,1.17262920899423353e+01,U,1.63131592360655844e-02,1.25768014420453628e-01,,,NONE
RECOMBINATION_WEIGHTED_AUDITOR,4,1,16,5.54999999999999982e+00,1.17262920899423353e+01,C,2.10671879471551957e-02,2.73673884176509619e+00,,,NONE
RECOMBINATION_WEIGHTED_AUDITOR,4,1,16,5.54999999999999982e+00,1.17262920899423353e+01,J_G1,1.14475946823920405e-04,3.03519111315870664e-02,,,NONE
RECOMBINATION_WEIGHTED_AUDITOR,4,1,16,5.54999999999999982e+00,1.17262920899423353e+01,J_G2a,5.26233483855822584e-05,2.27341496544341999e-02,,,NONE
RECOMBINATION_WEIGHTED_AUDITOR,4,1,17,5.54999999999999982e+00,1.17262920899423353e+01,M,8.34368142988313466e-03,1.48234812913018432e-02,,,NONE
RECOMBINATION_WEIGHTED_AUDITOR,4,1,17,5.54999999999999982e+00,1.17262920899423353e+01,I,1.52073609586088863e-02,2.27590319641402736e-02,,,NONE
RECOMBINATION_WEIGHTED_AUDITOR,4,1,17,5.54999999999999982e+00,1.17262920899423353e+01,U,1.71075127271628248e-02,1.25800490018263267e-01,,,NONE
RECOMBINATION_WEIGHTED_AUDITOR,4,1,17,5.54999999999999982e+00,1.17262920899423353e+01,C,2.18565405506650663e-02,2.73673884177605187e+00,,,NONE
RECOMBINATION_WEIGHTED_AUDITOR,4,1,17,5.54999999999999982e+00,1.17262920899423353e+01,J_G1,3.05318706204449180e-06,3.08429785104189225e-02,,,NONE
RECOMBINATION_WEIGHTED_AUDITOR,4,1,17,5.54999999999999982e+00,1.17262920899423353e+01,J_G2a,1.42428175851152845e-06,2.42642982827124890e-02,,,NONE
RECOMBINATION_WEIGHTED_AUDITOR,4,2,0,5.54999999999999982e+00,1.17262920899423353e+01,M,3.15322505417191213e-03,8.34368142988261771e-03,,,NONE
RECOMBINATION_WEIGHTED_AUDITOR,4,2,0,5.54999999999999982e+00,1.17262920899423353e+01,I,3.26412598648533189e-03,2.00495019770566794e-02,,,NONE
RECOMBINATION_WEIGHTED_AUDITOR,4,2,0,5.54999999999999982e+00,1.17262920899423353e+01,U,4.10334007493704574e-03,5.91033530275477254e-02,,,NONE
RECOMBINATION_WEIGHTED_AUDITOR,4,2,0,5.54999999999999982e+00,1.17262920899423353e+01,C,2.43523151976713682e-03,2.56821380673909605e+00,,,NONE
RECOMBINATION_WEIGHTED_AUDITOR,4,2,0,5.54999999999999982e+00,1.17262920899423353e+01,J_G1,1.22976256293971862e-03,4.74909238860302466e-03,,,NONE
RECOMBINATION_WEIGHTED_AUDITOR,4,2,0,5.54999999999999982e+00,1.17262920899423353e+01,J_G2a,1.00641873895110042e-03,1.93387079266144394e-03,,,NONE
RECOMBINATION_WEIGHTED_AUDITOR,4,2,1,5.54999999999999982e+00,1.17262920899423353e+01,M,3.15322505417191300e-03,8.34368142988261598e-03,,,NONE
RECOMBINATION_WEIGHTED_AUDITOR,4,2,1,5.54999999999999982e+00,1.17262920899423353e+01,I,3.40994329049804654e-03,2.00495019770566725e-02,,,NONE
RECOMBINATION_WEIGHTED_AUDITOR,4,2,1,5.54999999999999982e+00,1.17262920899423353e+01,U,4.24912576124853239e-03,5.41252541174256432e-02,,,NONE
RECOMBINATION_WEIGHTED_AUDITOR,4,2,1,5.54999999999999982e+00,1.17262920899423353e+01,C,2.58107311940811417e-03,2.56821380673907429e+00,,,NONE
RECOMBINATION_WEIGHTED_AUDITOR,4,2,1,5.54999999999999982e+00,1.17262920899423353e+01,J_G1,1.09197866078472074e-03,1.22976256293933200e-03,,,NONE
RECOMBINATION_WEIGHTED_AUDITOR,4,2,1,5.54999999999999982e+00,1.17262920899423353e+01,J_G2a,3.06274039626886505e-04,1.00641873895135196e-03,,,NONE
RECOMBINATION_WEIGHTED_AUDITOR,4,2,2,5.54999999999999982e+00,1.17262920899423353e+01,M,3.15322505417191300e-03,8.34368142988261598e-03,,,NONE
RECOMBINATION_WEIGHTED_AUDITOR,4,2,2,5.54999999999999982e+00,1.17262920899423353e+01,I,3.44066583293288009e-03,2.00495019770566690e-02,,,NONE
RECOMBINATION_WEIGHTED_AUDITOR,4,2,2,5.54999999999999982e+00,1.17262920899423353e+01,U,4.27984148559227683e-03,5.30753004091382222e-02,,,NONE
RECOMBINATION_WEIGHTED_AUDITOR,4,2,2,5.54999999999999982e+00,1.17262920899423353e+01,C,2.61180093536804870e-03,2.56821380673905608e+00,,,NONE
RECOMBINATION_WEIGHTED_AUDITOR,4,2,2,5.54999999999999982e+00,1.17262920899423353e+01,J_G1,5.77957647788446402e-04,1.22976256293977110e-03,,,NONE
RECOMBINATION_WEIGHTED_AUDITOR,4,2,2,5.54999999999999982e+00,1.17262920899423353e+01,J_G2a,1.48038269136457689e-04,1.00641873895079750e-03,,,NONE
RECOMBINATION_WEIGHTED_AUDITOR,4,2,3,5.54999999999999982e+00,1.17262920899423353e+01,M,3.15322505417191257e-03,8.34368142988261077e-03,,,NONE
RECOMBINATION_WEIGHTED_AUDITOR,4,2,3,5.54999999999999982e+00,1.17262920899423353e+01,I,3.46617688666296274e-03,2.00495019770566725e-02,,,NONE
RECOMBINATION_WEIGHTED_AUDITOR,4,2,3,5.54999999999999982e+00,1.17262920899423353e+01,U,4.30534683639724122e-03,5.22031577460744731e-02,,,NONE
RECOMBINATION_WEIGHTED_AUDITOR,4,2,3,5.54999999999999982e+00,1.17262920899423353e+01,C,2.63731640897102871e-03,2.56821380673915423e+00,,,NONE
RECOMBINATION_WEIGHTED_AUDITOR,4,2,3,5.54999999999999982e+00,1.17262920899423353e+01,J_G1,2.99317257783284255e-04,1.22976256293982249e-03,,,NONE
RECOMBINATION_WEIGHTED_AUDITOR,4,2,3,5.54999999999999982e+00,1.17262920899423353e+01,J_G2a,7.08015159157631563e-05,1.00641873895122923e-03,,,NONE
RECOMBINATION_WEIGHTED_AUDITOR,4,2,4,5.54999999999999982e+00,1.17262920899423353e+01,M,3.15322505417191300e-03,8.34368142988261598e-03,,,NONE
RECOMBINATION_WEIGHTED_AUDITOR,4,2,4,5.54999999999999982e+00,1.17262920899423353e+01,I,3.51362776135111677e-03,2.00495019770566864e-02,,,NONE
RECOMBINATION_WEIGHTED_AUDITOR,4,2,4,5.54999999999999982e+00,1.17262920899423353e+01,U,4.35278700368152589e-03,5.05802530821719415e-02,,,NONE
RECOMBINATION_WEIGHTED_AUDITOR,4,2,4,5.54999999999999982e+00,1.17262920899423353e+01,C,2.68477560338197712e-03,2.56821380673914446e+00,,,NONE
RECOMBINATION_WEIGHTED_AUDITOR,4,2,4,5.54999999999999982e+00,1.17262920899423353e+01,J_G1,3.05801887870546759e-05,1.22976256293971797e-03,,,NONE
RECOMBINATION_WEIGHTED_AUDITOR,4,2,4,5.54999999999999982e+00,1.17262920899423353e+01,J_G2a,6.16150252057713610e-06,1.00641873895155384e-03,,,NONE
RECOMBINATION_WEIGHTED_AUDITOR,4,2,5,5.54999999999999982e+00,1.17262920899423353e+01,M,3.15322505417191300e-03,8.34368142988261598e-03,,,NONE
RECOMBINATION_WEIGHTED_AUDITOR,4,2,5,5.54999999999999982e+00,1.17262920899423353e+01,I,3.51857147180788471e-03,2.00495019770566482e-02,,,NONE
RECOMBINATION_WEIGHTED_AUDITOR,4,2,5,5.54999999999999982e+00,1.17262920899423353e+01,U,4.35772959110447469e-03,5.04111163186816702e-02,,,NONE
RECOMBINATION_WEIGHTED_AUDITOR,4,2,5,5.54999999999999982e+00,1.17262920899423353e+01,C,2.68972018802102284e-03,2.56821380673915423e+00,,,NONE
RECOMBINATION_WEIGHTED_AUDITOR,4,2,5,5.54999999999999982e+00,1.17262920899423353e+01,J_G1,7.84973931855676270e-07,1.22976256293965639e-03,,,NONE
RECOMBINATION_WEIGHTED_AUDITOR,4,2,5,5.54999999999999982e+00,1.17262920899423353e+01,J_G2a,1.55373325211323536e-07,1.00641873895089919e-03,,,NONE
RECOMBINATION_WEIGHTED_AUDITOR,4,2,6,5.54999999999999982e+00,1.17262920899423353e+01,M,3.15322505417191474e-03,8.34368142988261598e-03,,,NONE
RECOMBINATION_WEIGHTED_AUDITOR,4,2,6,5.54999999999999982e+00,1.17262920899423353e+01,I,3.24679110102345280e-03,2.03267271228714796e-02,,,NONE
RECOMBINATION_WEIGHTED_AUDITOR,4,2,6,5.54999999999999982e+00,1.17262920899423353e+01,U,4.08600886661016505e-03,6.87606657620017381e-02,,,NONE
RECOMBINATION_WEIGHTED_AUDITOR,4,2,6,5.54999999999999982e+00,1.17262920899423353e+01,C,2.41789382665193956e-03,2.60372458639491011e+00,,,NONE
RECOMBINATION_WEIGHTED_AUDITOR,4,2,6,5.54999999999999982e+00,1.17262920899423353e+01,J_G1,1.22976256293999791e-03,9.05557181982795563e-03,,,NONE
RECOMBINATION_WEIGHTED_AUDITOR,4,2,6,5.54999999999999982e+00,1.17262920899423353e+01,J_G2a,1.00641873895150114e-03,3.83836964945126393e-03,,,NONE
RECOMBINATION_WEIGHTED_AUDITOR,4,2,7,5.54999999999999982e+00,1.17262920899423353e+01,M,3.15322505417191213e-03,8.34368142988261598e-03,,,NONE
RECOMBINATION_WEIGHTED_AUDITOR,4,2,7,5.54999999999999982e+00,1.17262920899423353e+01,I,3.30488721266151281e-03,2.03267271228715317e-02,,,NONE
RECOMBINATION_WEIGHTED_AUDITOR,4,2,7,5.54999999999999982e+00,1.17262920899423353e+01,U,4.14409258637567571e-03,6.67787570600280600e-02,,,NONE
RECOMBINATION_WEIGHTED_AUDITOR,4,2,7,5.54999999999999982e+00,1.17262920899423353e+01,C,2.47599941536811013e-03,2.60372458639491411e+00,,,NONE
RECOMBINATION_WEIGHTED_AUDITOR,4,2,7,5.54999999999999982e+00,1.17262920899423353e+01,J_G1,1.22976256293921317e-03,9.99659392339492803e-03,,,NONE
RECOMBINATION_WEIGHTED_AUDITOR,4,2,7,5.54999999999999982e+00,1.17262920899423353e+01,J_G2a,1.00641873895183009e-03,3.69248307191562090e-03,,,NONE
RECOMBINATION_WEIGHTED_AUDITOR,4,2,8,5.54999999999999982e+00,1.17262920899423353e+01,M,3.15322505417191257e-03,8.34368142988261771e-03,,,NONE
RECOMBINATION_WEIGHTED_AUDITOR,4,2,8,5.54999999999999982e+00,1.17262920899423353e+01,I,3.34670263871585669e-03,2.03267271228715109e-02,,,NONE
RECOMBINATION_WEIGHTED_AUDITOR,4,2,8,5.54999999999999982e+00,1.17262920899423353e+01,U,4.18589897267416817e-03,6.53514003304296598e-02,,,NONE
RECOMBINATION_WEIGHTED_AUDITOR,4,2,8,5.54999999999999982e+00,1.17262920899423353e+01,C,2.51782178178050877e-03,2.60372458639491899e+00,,,NONE
RECOMBINATION_WEIGHTED_AUDITOR,4,2,8,5.54999999999999982e+00,1.17262920899423353e+01,J_G1,1.22976256293990272e-03,4.89957015285851297e-03,,,NONE
RECOMBINATION_WEIGHTED_AUDITOR,4,2,8,5.54999999999999982e+00,1.17262920899423353e+01,J_G2a,1.00641873895113230e-03,1.62862782039565951e-03,,,NONE
RECOMBINATION_WEIGHTED_AUDITOR,4,2,9,5.54999999999999982e+00,1.17262920899423353e+01,M,3.15322505417191257e-03,8.34368142988260904e-03,,,NONE
RECOMBINATION_WEIGHTED_AUDITOR,4,2,9,5.54999999999999982e+00,1.17262920899423353e+01,I,3.37915133860924952e-03,2.03267271228715213e-02,,,NONE
RECOMBINATION_WEIGHTED_AUDITOR,4,2,9,5.54999999999999982e+00,1.17262920899423353e+01,U,4.21834058820192564e-03,6.42432818897930857e-02,,,NONE
RECOMBINATION_WEIGHTED_AUDITOR,4,2,9,5.54999999999999982e+00,1.17262920899423353e+01,C,2.55027593608212659e-03,2.60372458639493543e+00,,,NONE
RECOMBINATION_WEIGHTED_AUDITOR,4,2,9,5.54999999999999982e+00,1.17262920899423353e+01,J_G1,1.22976256293963948e-03,2.33623619668225013e-03,,,NONE
RECOMBINATION_WEIGHTED_AUDITOR,4,2,9,5.54999999999999982e+00,1.17262920899423353e+01,J_G2a,7.03992344145854356e-04,1.00641873895122749e-03,,,NONE
RECOMBINATION_WEIGHTED_AUDITOR,4,2,10,5.54999999999999982e+00,1.17262920899423353e+01,M,3.15322505417191343e-03,8.34368142988261598e-03,,,NONE
RECOMBINATION_WEIGHTED_AUDITOR,4,2,10,5.54999999999999982e+00,1.17262920899423353e+01,I,3.41951427355218635e-03,2.03267271228715074e-02,,,NONE
RECOMBINATION_WEIGHTED_AUDITOR,4,2,10,5.54999999999999982e+00,1.17262920899423353e+01,U,4.25869462610621759e-03,6.28642929786138588e-02,,,NONE
RECOMBINATION_WEIGHTED_AUDITOR,4,2,10,5.54999999999999982e+00,1.17262920899423353e+01,C,2.59064573955017450e-03,2.60372458639493054e+00,,,NONE
RECOMBINATION_WEIGHTED_AUDITOR,4,2,10,5.54999999999999982e+00,1.17262920899423353e+01,J_G1,2.27085984272956893e-04,1.22976256293971515e-03,,,NONE
RECOMBINATION_WEIGHTED_AUDITOR,4,2,10,5.54999999999999982e+00,1.17262920899423353e+01,J_G2a,6.19505227687863367e-05,1.00641873895130902e-03,,,NONE
RECOMBINATION_WEIGHTED_AUDITOR,4,2,11,5.54999999999999982e+00,1.17262920899423353e+01,M,3.15322505417191300e-03,8.34368142988261771e-03,,,NONE
RECOMBINATION_WEIGHTED_AUDITOR,4,2,11,5.54999999999999982e+00,1.17262920899423353e+01,I,3.42694199365818804e-03,2.03267271228715247e-02,,,NONE
RECOMBINATION_WEIGHTED_AUDITOR,4,2,11,5.54999999999999982e+00,1.17262920899423353e+01,U,4.26612069870768197e-03,6.26104543373202233e-02,,,NONE
RECOMBINATION_WEIGHTED_AUDITOR,4,2,11,5.54999999999999982e+00,1.17262920899423353e+01,C,2.59807473374506484e-03,2.60372458639493454e+00,,,NONE
RECOMBINATION_WEIGHTED_AUDITOR,4,2,11,5.54999999999999982e+00,1.17262920899423353e+01,J_G1,5.83712625161692885e-06,1.22976256293984201e-03,,,NONE
RECOMBINATION_WEIGHTED_AUDITOR,4,2,11,5.54999999999999982e+00,1.17262920899423353e+01,J_G2a,1.55798603706188276e-06,1.00641873895110237e-03,,,NONE
RECOMBINATION_WEIGHTED_AUDITOR,4,2,12,5.54999999999999982e+00,1.17262920899423353e+01,M,3.11474354147012449e-03,8.34368142988261598e-03,,,NONE
RECOMBINATION_WEIGHTED_AUDITOR,4,2,12,5.54999999999999982e+00,1.17262920899423353e+01,I,3.15490415312973029e-03,2.13651412804279107e-02,,,NONE
RECOMBINATION_WEIGHTED_AUDITOR,4,2,12,5.54999999999999982e+00,1.17262920899423353e+01,U,3.99414112051068790e-03,1.05851757373928421e-01,,,NONE
RECOMBINATION_WEIGHTED_AUDITOR,4,2,12,5.54999999999999982e+00,1.17262920899423353e+01,C,2.32599228236561898e-03,2.73673884176507620e+00,,,NONE
RECOMBINATION_WEIGHTED_AUDITOR,4,2,12,5.54999999999999982e+00,1.17262920899423353e+01,J_G1,1.22976256294088523e-03,9.67723140469330632e-03,,,NONE
RECOMBINATION_WEIGHTED_AUDITOR,4,2,12,5.54999999999999982e+00,1.17262920899423353e+01,J_G2a,1.00641873895105207e-03,5.01670326998113637e-03,,,NONE
RECOMBINATION_WEIGHTED_AUDITOR,4,2,13,5.54999999999999982e+00,1.17262920899423353e+01,M,3.13505233601294071e-03,8.34368142988261598e-03,,,NONE
RECOMBINATION_WEIGHTED_AUDITOR,4,2,13,5.54999999999999982e+00,1.17262920899423353e+01,I,3.17521277125634412e-03,2.13651412804280044e-02,,,NONE
RECOMBINATION_WEIGHTED_AUDITOR,4,2,13,5.54999999999999982e+00,1.17262920899423353e+01,U,4.01444553664946201e-03,1.05159859631073466e-01,,,NONE
RECOMBINATION_WEIGHTED_AUDITOR,4,2,13,5.54999999999999982e+00,1.17262920899423353e+01,C,2.34630408510673157e-03,2.73673884176510818e+00,,,NONE
RECOMBINATION_WEIGHTED_AUDITOR,4,2,13,5.54999999999999982e+00,1.17262920899423353e+01,J_G1,1.22976256293996387e-03,4.41746007942012478e-03,,,NONE
RECOMBINATION_WEIGHTED_AUDITOR,4,2,13,5.54999999999999982e+00,1.17262920899423353e+01,J_G2a,1.00641873895082005e-03,2.19351668269677580e-03,,,NONE
RECOMBINATION_WEIGHTED_AUDITOR,4,2,14,5.54999999999999982e+00,1.17262920899423353e+01,M,3.12570413979334485e-03,8.34368142988261598e-03,,,NONE
RECOMBINATION_WEIGHTED_AUDITOR,4,2,14,5.54999999999999982e+00,1.17262920899423353e+01,I,3.16586465638313101e-03,2.13651412804280495e-02,,,NONE
RECOMBINATION_WEIGHTED_AUDITOR,4,2,14,5.54999999999999982e+00,1.17262920899423353e+01,U,4.00509935891958744e-03,1.05478362990140975e-01,,,NONE
RECOMBINATION_WEIGHTED_AUDITOR,4,2,14,5.54999999999999982e+00,1.17262920899423353e+01,C,2.33695450142532403e-03,2.73673884176505400e+00,,,NONE
RECOMBINATION_WEIGHTED_AUDITOR,4,2,14,5.54999999999999982e+00,1.17262920899423353e+01,J_G1,1.22976256294065863e-03,1.44032160423732689e-03,,,NONE
RECOMBINATION_WEIGHTED_AUDITOR,4,2,14,5.54999999999999982e+00,1.17262920899423353e+01,J_G2a,7.21022982002573424e-04,1.00641873895129666e-03,,,NONE
RECOMBINATION_WEIGHTED_AUDITOR,4,2,15,5.54999999999999982e+00,1.17262920899423353e+01,M,3.15322505417191257e-03,8.34368142988261771e-03,,,NONE
RECOMBINATION_WEIGHTED_AUDITOR,4,2,15,5.54999999999999982e+00,1.17262920899423353e+01,I,3.19405915731756605e-03,2.13651412804279524e-02,,,NONE
RECOMBINATION_WEIGHTED_AUDITOR,4,2,15,5.54999999999999982e+00,1.17262920899423353e+01,U,4.03328800197618950e-03,1.04517628702975582e-01,,,NONE
RECOMBINATION_WEIGHTED_AUDITOR,4,2,15,5.54999999999999982e+00,1.17262920899423353e+01,C,2.36515344752629602e-03,2.73673884176510240e+00,,,NONE
RECOMBINATION_WEIGHTED_AUDITOR,4,2,15,5.54999999999999982e+00,1.17262920899423353e+01,J_G1,1.11164149198601206e-03,1.22976256293993850e-03,,,NONE
RECOMBINATION_WEIGHTED_AUDITOR,4,2,15,5.54999999999999982e+00,1.17262920899423353e+01,J_G2a,5.31400833421726503e-04,1.00641873894995637e-03,,,NONE
RECOMBINATION_WEIGHTED_AUDITOR,4,2,16,5.54999999999999982e+00,1.17262920899423353e+01,M,3.15322505417191257e-03,8.34368142988261424e-03,,,NONE
RECOMBINATION_WEIGHTED_AUDITOR,4,2,16,5.54999999999999982e+00,1.17262920899423353e+01,I,3.21722728383134560e-03,2.13651412804280530e-02,,,NONE
RECOMBINATION_WEIGHTED_AUDITOR,4,2,16,5.54999999999999982e+00,1.17262920899423353e+01,U,4.05645128058984561e-03,1.03727926999121506e-01,,,NONE
RECOMBINATION_WEIGHTED_AUDITOR,4,2,16,5.54999999999999982e+00,1.17262920899423353e+01,C,2.38832526066998403e-03,2.73673884176509619e+00,,,NONE
RECOMBINATION_WEIGHTED_AUDITOR,4,2,16,5.54999999999999982e+00,1.17262920899423353e+01,J_G1,1.14475946823920405e-04,1.22976256293986239e-03,,,NONE
RECOMBINATION_WEIGHTED_AUDITOR,4,2,16,5.54999999999999982e+00,1.17262920899423353e+01,J_G2a,5.20059538862077209e-05,1.00641873895137624e-03,,,NONE
RECOMBINATION_WEIGHTED_AUDITOR,4,2,17,5.54999999999999982e+00,1.17262920899423353e+01,M,3.15322505417538548e-03,8.34368142988313466e-03,,,NONE
RECOMBINATION_WEIGHTED_AUDITOR,4,2,17,5.54999999999999982e+00,1.17262920899423353e+01,I,3.21059870553033842e-03,2.13651412805138455e-02,,,NONE
RECOMBINATION_WEIGHTED_AUDITOR,4,2,17,5.54999999999999982e+00,1.17262920899423353e+01,U,4.04982409247350763e-03,1.03953889034643518e-01,,,NONE
RECOMBINATION_WEIGHTED_AUDITOR,4,2,17,5.54999999999999982e+00,1.17262920899423353e+01,C,2.38169562447039821e-03,2.73673884177605187e+00,,,NONE
RECOMBINATION_WEIGHTED_AUDITOR,4,2,17,5.54999999999999982e+00,1.17262920899423353e+01,J_G1,3.05318706204449180e-06,1.22976256256510314e-03,,,NONE
RECOMBINATION_WEIGHTED_AUDITOR,4,2,17,5.54999999999999982e+00,1.17262920899423353e+01,J_G2a,1.40757161462290149e-06,1.00641873913578364e-03,,,NONE
SCRIPT_SELF_SHIELDING_AUDITOR,0,1,0,5.95000000000000018e+00,1.01174195637656954e+01,M,4.41748181973601524e-05,4.41846920437684781e-05,4.41846920437684781e-05,0.00000000000000000e+00,TWO_MODE
SCRIPT_SELF_SHIELDING_AUDITOR,0,1,0,5.95000000000000018e+00,1.01174195637656954e+01,I,4.42182368551915226e-05,1.52517722479505527e-02,1.52517722479505527e-02,0.00000000000000000e+00,TWO_MODE
SCRIPT_SELF_SHIELDING_AUDITOR,0,1,0,5.95000000000000018e+00,1.01174195637656954e+01,U,4.32999097097757439e-05,5.88684366741329609e-02,5.88684366741329609e-02,2.47636085144195768e-16,TWO_MODE
SCRIPT_SELF_SHIELDING_AUDITOR,0,1,0,5.95000000000000018e+00,1.01174195637656954e+01,C,4.41846920437642497e-05,2.01905706438183907e+00,4.51836767596519584e-03,9.55742086317590056e-01,TWO_MODE
SCRIPT_SELF_SHIELDING_AUDITOR,0,1,0,5.95000000000000018e+00,1.01174195637656954e+01,J_G1,5.81142773850886688e-17,7.17531791731269939e-03,7.17531791731269939e-03,0.00000000000000000e+00,TWO_MODE
SCRIPT_SELF_SHIELDING_AUDITOR,0,1,0,5.95000000000000018e+00,1.01174195637656954e+01,J_G2a,1.48373875597621030e-16,3.74904978427669259e-03,3.74904978427669259e-03,0.00000000000000000e+00,TWO_MODE
SCRIPT_SELF_SHIELDING_AUDITOR,0,1,1,5.95000000000000018e+00,1.01174195637656954e+01,M,4.41748181973601524e-05,4.41846920437752815e-05,,,NONE
SCRIPT_SELF_SHIELDING_AUDITOR,0,1,1,5.95000000000000018e+00,1.01174195637656954e+01,I,4.42182368551921663e-05,1.52517722479505700e-02,,,NONE
SCRIPT_SELF_SHIELDING_AUDITOR,0,1,1,5.95000000000000018e+00,1.01174195637656954e+01,U,4.32999097097527046e-05,4.98644565730699263e-02,,,NONE
SCRIPT_SELF_SHIELDING_AUDITOR,0,1,1,5.95000000000000018e+00,1.01174195637656954e+01,C,4.41846920437761760e-05,2.01905706438186217e+00,,,NONE
SCRIPT_SELF_SHIELDING_AUDITOR,0,1,1,5.95000000000000018e+00,1.01174195637656954e+01,J_G1,1.78980216941081115e-16,7.28063034876809813e-04,,,NONE
SCRIPT_SELF_SHIELDING_AUDITOR,0,1,1,5.95000000000000018e+00,1.01174195637656954e+01,J_G2a,6.47627142550966509e-17,1.95209491329476406e-04,,,NONE
SCRIPT_SELF_SHIELDING_AUDITOR,0,1,2,5.95000000000000018e+00,1.01174195637656954e+01,M,4.41748181973601524e-05,4.41846920437846802e-05,,,NONE
SCRIPT_SELF_SHIELDING_AUDITOR,0,1,2,5.95000000000000018e+00,1.01174195637656954e+01,I,4.42182368551887579e-05,1.52517722479505596e-02,,,NONE
SCRIPT_SELF_SHIELDING_AUDITOR,0,1,2,5.95000000000000018e+00,1.01174195637656954e+01,U,4.32999097097880970e-05,4.84640140176080814e-02,,,NONE
SCRIPT_SELF_SHIELDING_AUDITOR,0,1,2,5.95000000000000018e+00,1.01174195637656954e+01,C,4.41846920437739262e-05,2.01905706438180088e+00,,,NONE
SCRIPT_SELF_SHIELDING_AUDITOR,0,1,2,5.95000000000000018e+00,1.01174195637656954e+01,J_G1,5.13575292887788554e-16,3.42533977666700752e-04,,,NONE
SCRIPT_SELF_SHIELDING_AUDITOR,0,1,2,5.95000000000000018e+00,1.01174195637656954e+01,J_G2a,7.91324000990324545e-17,7.98806588137857394e-05,,,NONE
SCRIPT_SELF_SHIELDING_AUDITOR,0,1,3,5.95000000000000018e+00,1.01174195637656954e+01,M,4.41748181973601524e-05,4.41846920437603669e-05,,,NONE
SCRIPT_SELF_SHIELDING_AUDITOR,0,1,3,5.95000000000000018e+00,1.01174195637656954e+01,I,4.42182368552125426e-05,1.52517722479505232e-02,,,NONE
SCRIPT_SELF_SHIELDING_AUDITOR,0,1,3,5.95000000000000018e+00,1.01174195637656954e+01,U,4.32999097097392470e-05,4.75808582320704429e-02,,,NONE
SCRIPT_SELF_SHIELDING_AUDITOR,0,1,3,5.95000000000000018e+00,1.01174195637656954e+01,C,4.41846920437737568e-05,2.01905706438179600e+00,,,NONE
SCRIPT_SELF_SHIELDING_AUDITOR,0,1,3,5.95000000000000018e+00,1.01174195637656954e+01,J_G1,1.92683610640438918e-16,1.69071047994059622e-04,,,NONE
SCRIPT_SELF_SHIELDING_AUDITOR,0,1,3,5.95000000000000018e+00,1.01174195637656954e+01,J_G2a,2.42778672547379247e-16,3.58004216649865606e-05,,,NONE
SCRIPT_SELF_SHIELDING_AUDITOR,0,1,4,5.95000000000000018e+00,1.01174195637656954e+01,M,4.41748181973601524e-05,4.41846920437905010e-05,,,NONE
SCRIPT_SELF_SHIELDING_AUDITOR,0,1,4,5.95000000000000018e+00,1.01174195637656954e+01,I,4.42182368552171775e-05,1.52517722479505440e-02,,,NONE
SCRIPT_SELF_SHIELDING_AUDITOR,0,1,4,5.95000000000000018e+00,1.01174195637656954e+01,U,4.32999097097527656e-05,4.63202263498957920e-02,,,NONE
SCRIPT_SELF_SHIELDING_AUDITOR,0,1,4,5.95000000000000018e+00,1.01174195637656954e+01,C,4.41846920437516052e-05,2.01905706438180133e+00,,,NONE
SCRIPT_SELF_SHIELDING_AUDITOR,0,1,4,5.95000000000000018e+00,1.01174195637656954e+01,J_G1,1.87991988496102589e-16,1.84121124033257041e-05,,,NONE
SCRIPT_SELF_SHIELDING_AUDITOR,0,1,4,5.95000000000000018e+00,1.01174195637656954e+01,J_G2a,7.37489131300590895e-17,3.34811515410447250e-06,,,NONE
SCRIPT_SELF_SHIELDING_AUDITOR,0,1,5,5.95000000000000018e+00,1.01174195637656954e+01,M,4.41748181973601524e-05,4.41846920437886985e-05,,,NONE
SCRIPT_SELF_SHIELDING_AUDITOR,0,1,5,5.95000000000000018e+00,1.01174195637656954e+01,I,4.42182368552208774e-05,1.52517722479505301e-02,,,NONE
SCRIPT_SELF_SHIELDING_AUDITOR,0,1,5,5.95000000000000018e+00,1.01174195637656954e+01,U,4.32999097097763605e-05,4.61057085727637692e-02,,,NONE
SCRIPT_SELF_SHIELDING_AUDITOR,0,1,5,5.95000000000000018e+00,1.01174195637656954e+01,C,4.41846920437920392e-05,2.01905706438188481e+00,,,NONE
SCRIPT_SELF_SHIELDING_AUDITOR,0,1,5,5.95000000000000018e+00,1.01174195637656954e+01,J_G1,1.62725417587612515e-16,4.69212864623984784e-07,,,NONE
SCRIPT_SELF_SHIELDING_AUDITOR,0,1,5,5.95000000000000018e+00,1.01174195637656954e+01,J_G2a,1.48793300227982547e-16,8.29741168692248495e-08,,,NONE
SCRIPT_SELF_SHIELDING_AUDITOR,0,1,6,5.95000000000000018e+00,1.01174195637656954e+01,M,4.41748181973601524e-05,4.41846920437826337e-05,4.41846920437826337e-05,0.00000000000000000e+00,TWO_MODE
SCRIPT_SELF_SHIELDING_AUDITOR,0,1,6,5.95000000000000018e+00,1.01174195637656954e+01,I,4.42182368551942060e-05,1.55525526233678719e-02,1.55525526233678719e-02,0.00000000000000000e+00,TWO_MODE
SCRIPT_SELF_SHIELDING_AUDITOR,0,1,6,5.95000000000000018e+00,1.01174195637656954e+01,U,4.32999097097833740e-05,6.67660474456911596e-02,6.67660474456911596e-02,0.00000000000000000e+00,TWO_MODE
SCRIPT_SELF_SHIELDING_AUDITOR,0,1,6,5.95000000000000018e+00,1.01174195637656954e+01,C,4.41846920437803976e-05,2.05887491190409078e+00,4.38246202762151028e-03,9.57057149440642907e-01,TWO_MODE
SCRIPT_SELF_SHIELDING_AUDITOR,0,1,6,5.95000000000000018e+00,1.01174195637656954e+01,J_G1,4.84459466519496034e-17,8.60729213877639565e-03,8.60729213877639565e-03,0.00000000000000000e+00,TWO_MODE
SCRIPT_SELF_SHIELDING_AUDITOR,0,1,6,5.95000000000000018e+00,1.01174195637656954e+01,J_G2a,6.21704706414887919e-17,4.06697790008909554e-03,4.06697790008909554e-03,0.00000000000000000e+00,TWO_MODE
SCRIPT_SELF_SHIELDING_AUDITOR,0,1,7,5.95000000000000018e+00,1.01174195637656954e+01,M,4.41748181973601524e-05,4.41846920437724558e-05,4.41846920437724558e-05,0.00000000000000000e+00,TWO_MODE
SCRIPT_SELF_SHIELDING_AUDITOR,0,1,7,5.95000000000000018e+00,1.01174195637656954e+01,I,4.42182368552126578e-05,1.55525526233678407e-02,1.55525526233678407e-02,0.00000000000000000e+00,TWO_MODE
SCRIPT_SELF_SHIELDING_AUDITOR,0,1,7,5.95000000000000018e+00,1.01174195637656954e+01,U,4.32999097097671381e-05,6.24264301215223943e-02,6.24264301215223943e-02,0.00000000000000000e+00,TWO_MODE
SCRIPT_SELF_SHIELDING_AUDITOR,0,1,7,5.95000000000000018e+00,1.01174195637656954e+01,C,4.41846920437852223e-05,2.05887491190408678e+00,2.20422796284094067e-03,9.78383005870639977e-01,TWO_MODE
SCRIPT_SELF_SHIELDING_AUDITOR,0,1,7,5.95000000000000018e+00,1.01174195637656954e+01,J_G1,2.47529887252162062e-16,6.31724345091076115e-03,6.31724345091076115e-03,0.00000000000000000e+00,TWO_MODE
SCRIPT_SELF_SHIELDING_AUDITOR,0,1,7,5.95000000000000018e+00,1.01174195637656954e+01,J_G2a,1.26497805971320671e-16,2.19869839650687487e-03,2.19869839650687487e-03,0.00000000000000000e+00,TWO_MODE
SCRIPT_SELF_SHIELDING_AUDITOR,0,1,8,5.95000000000000018e+00,1.01174195637656954e+01,M,4.41748181973601389e-05,4.41846920437965522e-05,4.41846920437965522e-05,,ONE_MODE
SCRIPT_SELF_SHIELDING_AUDITOR,0,1,8,5.95000000000000018e+00,1.01174195637656954e+01,I,4.42182368551955612e-05,1.55525526233678928e-02,1.55525526233678928e-02,,ONE_MODE
SCRIPT_SELF_SHIELDING_AUDITOR,0,1,8,5.95000000000000018e+00,1.01174195637656954e+01,U,4.32999097097548459e-05,6.09222005375732317e-02,6.09222005375732317e-02,,ONE_MODE
SCRIPT_SELF_SHIELDING_AUDITOR,0,1,8,5.95000000000000018e+00,1.01174195637656954e+01,C,4.41846920437883936e-05,2.05887491190408722e+00,8.68344878152527426e-04,,ONE_MODE
SCRIPT_SELF_SHIELDING_AUDITOR,0,1,8,5.95000000000000018e+00,1.01174195637656954e+01,J_G1,7.39166380684896063e-17,2.82066681243357299e-03,8.68344878152652326e-04,,ONE_MODE
SCRIPT_SELF_SHIELDING_AUDITOR,0,1,8,5.95000000000000018e+00,1.01174195637656954e+01,J_G2a,2.32945168675295268e-16,8.68344878152910041e-04,8.68344878152910041e-04,,ONE_MODE
SCRIPT_SELF_SHIELDING_AUDITOR,0,1,9,5.95000000000000018e+00,1.01174195637656954e+01,M,4.41748181973601524e-05,4.41846920437848225e-05,4.41846920437848225e-05,0.00000000000000000e+00,TWO_MODE
SCRIPT_SELF_SHIELDING_AUDITOR,0,1,9,5.95000000000000018e+00,1.01174195637656954e+01,I,4.42182368551986241e-05,1.55525526233678633e-02,1.55525526233678633e-02,0.00000000000000000e+00,TWO_MODE
SCRIPT_SELF_SHIELDING_AUDITOR,0,1,9,5.95000000000000018e+00,1.01174195637656954e+01,U,4.32999097097762454e-05,5.98537648853558826e-02,5.98537648853558826e-02,0.00000000000000000e+00,TWO_MODE
SCRIPT_SELF_SHIELDING_AUDITOR,0,1,9,5.95000000000000018e+00,1.01174195637656954e+01,C,4.41846920437843685e-05,2.05887491190409655e+00,3.71725341471777011e-04,9.96691618616789010e-01,TWO_MODE
SCRIPT_SELF_SHIELDING_AUDITOR,0,1,9,5.95000000000000018e+00,1.01174195637656954e+01,J_G1,3.95379914127431775e-17,1.31831562780940301e-03,1.31831562780940301e-03,0.00000000000000000e+00,TWO_MODE
SCRIPT_SELF_SHIELDING_AUDITOR,0,1,9,5.95000000000000018e+00,1.01174195637656954e+01,J_G2a,3.08079496177020220e-16,3.69322431299696152e-04,3.69322431299696152e-04,0.00000000000000000e+00,TWO_MODE
SCRIPT_SELF_SHIELDING_AUDITOR,0,1,10,5.95000000000000018e+00,1.01174195637656954e+01,M,4.41748181973601524e-05,4.41846920437803772e-05,,,NONE
SCRIPT_SELF_SHIELDING_AUDITOR,0,1,10,5.95000000000000018e+00,1.01174195637656954e+01,I,4.42182368552063829e-05,1.55525526233679604e-02,,,NONE
SCRIPT_SELF_SHIELDING_AUDITOR,0,1,10,5.95000000000000018e+00,1.01174195637656954e+01,U,4.32999097097724506e-05,5.83586931772146419e-02,,,NONE
SCRIPT_SELF_SHIELDING_AUDITOR,0,1,10,5.95000000000000018e+00,1.01174195637656954e+01,C,4.41846920437837654e-05,2.05887491190407124e+00,,,NONE
SCRIPT_SELF_SHIELDING_AUDITOR,0,1,10,5.95000000000000018e+00,1.01174195637656954e+01,J_G1,1.26979962253474633e-16,1.28277010813833490e-04,,,NONE
SCRIPT_SELF_SHIELDING_AUDITOR,0,1,10,5.95000000000000018e+00,1.01174195637656954e+01,J_G2a,3.80997935945059068e-17,3.11081815857512176e-05,,,NONE
SCRIPT_SELF_SHIELDING_AUDITOR,0,1,11,5.95000000000000018e+00,1.01174195637656954e+01,M,4.41748181973601524e-05,4.41846920437835756e-05,,,NONE
SCRIPT_SELF_SHIELDING_AUDITOR,0,1,11,5.95000000000000018e+00,1.01174195637656954e+01,I,4.42182368552041535e-05,1.55525526233679760e-02,,,NONE
SCRIPT_SELF_SHIELDING_AUDITOR,0,1,11,5.95000000000000018e+00,1.01174195637656954e+01,U,4.32999097097619610e-05,5.80072007714107218e-02,,,NONE
SCRIPT_SELF_SHIELDING_AUDITOR,0,1,11,5.95000000000000018e+00,1.01174195637656954e+01,C,4.41846920437775177e-05,2.05887491190406813e+00,,,NONE
SCRIPT_SELF_SHIELDING_AUDITOR,0,1,11,5.95000000000000018e+00,1.01174195637656954e+01,J_G1,3.40795324046781246e-16,3.28596626148664655e-06,,,NONE
SCRIPT_SELF_SHIELDING_AUDITOR,0,1,11,5.95000000000000018e+00,1.01174195637656954e+01,J_G2a,4.82013468179505256e-17,7.68401310181432246e-07,,,NONE
SCRIPT_SELF_SHIELDING_AUDITOR,0,1,12,5.95000000000000018e+00,1.01174195637656954e+01,M,4.41748181973601524e-05,4.41846920437801265e-05,,,NONE
SCRIPT_SELF_SHIELDING_AUDITOR,0,1,12,5.95000000000000018e+00,1.01174195637656954e+01,I,4.42182368552192578e-05,1.65834332097442340e-02,,,NONE
SCRIPT_SELF_SHIELDING_AUDITOR,0,1,12,5.95000000000000018e+00,1.01174195637656954e+01,U,4.32999097097460774e-05,1.01126950289185183e-01,,,NONE
SCRIPT_SELF_SHIELDING_AUDITOR,0,1,12,5.95000000000000018e+00,1.01174195637656954e+01,C,4.41846920437712632e-05,2.19534473958154308e+00,,,NONE
SCRIPT_SELF_SHIELDING_AUDITOR,0,1,12,5.95000000000000018e+00,1.01174195637656954e+01,J_G1,5.84839335163528474e-16,9.09070573992419931e-03,,,NONE
SCRIPT_SELF_SHIELDING_AUDITOR,0,1,12,5.95000000000000018e+00,1.01174195637656954e+01,J_G2a,8.45463923629473955e-17,4.78498818119426749e-03,,,NONE
SCRIPT_SELF_SHIELDING_AUDITOR,0,1,13,5.95000000000000018e+00,1.01174195637656954e+01,M,4.41748181973601524e-05,4.41846920437827218e-05,4.41846920437827218e-05,0.00000000000000000e+00,TWO_MODE
SCRIPT_SELF_SHIELDING_AUDITOR,0,1,13,5.95000000000000018e+00,1.01174195637656954e+01,I,4.42182368552068505e-05,1.65834332097442270e-02,1.65834332097442270e-02,0.00000000000000000e+00,TWO_MODE
SCRIPT_SELF_SHIELDING_AUDITOR,0,1,13,5.95000000000000018e+00,1.01174195637656954e+01,U,4.32999097097467889e-05,9.87969403450857930e-02,9.87969403450857930e-02,8.79002498586674957e-17,TWO_MODE
SCRIPT_SELF_SHIELDING_AUDITOR,0,1,13,5.95000000000000018e+00,1.01174195637656954e+01,C,4.41846920437913277e-05,2.19534473958154219e+00,1.29978197109655979e-03,9.87376943175033550e-01,TWO_MODE
SCRIPT_SELF_SHIELDING_AUDITOR,0,1,13,5.95000000000000018e+00,1.01174195637656954e+01,J_G1,7.88903426783998568e-17,2.64283562230664551e-03,2.64283562230664551e-03,0.00000000000000000e+00,TWO_MODE
SCRIPT_SELF_SHIELDING_AUDITOR,0,1,13,5.95000000000000018e+00,1.01174195637656954e+01,J_G2a,2.10334407416738403e-17,1.20211397289891127e-03,1.20211397289891127e-03,0.00000000000000000e+00,TWO_MODE
SCRIPT_SELF_SHIELDING_AUDITOR,0,1,14,5.95000000000000018e+00,1.01174195637656954e+01,M,4.41748181973601524e-05,4.41846920437778768e-05,4.41846920437778768e-05,0.00000000000000000e+00,TWO_MODE
SCRIPT_SELF_SHIELDING_AUDITOR,0,1,14,5.95000000000000018e+00,1.01174195637656954e+01,I,4.42182368552092154e-05,1.65834332097442930e-02,1.65834332097442930e-02,0.00000000000000000e+00,TWO_MODE
SCRIPT_SELF_SHIELDING_AUDITOR,0,1,14,5.95000000000000018e+00,1.01174195637656954e+01,U,4.32999097097832588e-05,9.85985756914630890e-02,9.85985756914630890e-02,0.00000000000000000e+00,TWO_MODE
SCRIPT_SELF_SHIELDING_AUDITOR,0,1,14,5.95000000000000018e+00,1.01174195637656954e+01,C,4.41846920437889966e-05,2.19534473958154930e+00,4.64370123958794971e-04,9.95757831216356193e-01,TWO_MODE
SCRIPT_SELF_SHIELDING_AUDITOR,0,1,14,5.95000000000000018e+00,1.01174195637656954e+01,J_G1,4.28151892245935581e-16,1.00436156315946638e-03,1.00436156315946638e-03,0.00000000000000000e+00,TWO_MODE
SCRIPT_SELF_SHIELDING_AUDITOR,0,1,14,5.95000000000000018e+00,1.01174195637656954e+01,J_G2a,2.24293657448721649e-16,4.50919447322987988e-04,4.50919447322987988e-04,0.00000000000000000e+00,TWO_MODE
SCRIPT_SELF_SHIELDING_AUDITOR,0,1,15,5.95000000000000018e+00,1.01174195637656954e+01,M,4.41748181973601524e-05,4.41846920437976432e-05,,,NONE
SCRIPT_SELF_SHIELDING_AUDITOR,0,1,15,5.95000000000000018e+00,1.01174195637656954e+01,I,4.42182368551896049e-05,1.65834332097442791e-02,,,NONE
SCRIPT_SELF_SHIELDING_AUDITOR,0,1,15,5.95000000000000018e+00,1.01174195637656954e+01,U,4.32999097097708853e-05,9.78942533117752312e-02,,,NONE
SCRIPT_SELF_SHIELDING_AUDITOR,0,1,15,5.95000000000000018e+00,1.01174195637656954e+01,C,4.41846920437640939e-05,2.19534473958155196e+00,,,NONE
SCRIPT_SELF_SHIELDING_AUDITOR,0,1,15,5.95000000000000018e+00,1.01174195637656954e+01,J_G1,2.78633262878567158e-16,6.07973154955197153e-04,,,NONE
SCRIPT_SELF_SHIELDING_AUDITOR,0,1,15,5.95000000000000018e+00,1.01174195637656954e+01,J_G2a,1.69943380041964629e-16,2.60369293367364459e-04,,,NONE
SCRIPT_SELF_SHIELDING_AUDITOR,0,1,16,5.95000000000000018e+00,1.01174195637656954e+01,M,4.41748181973601524e-05,4.41846920437714190e-05,,,NONE
SCRIPT_SELF_SHIELDING_AUDITOR,0,1,16,5.95000000000000018e+00,1.01174195637656954e+01,I,4.42182368552043365e-05,1.65834332097443103e-02,,,NONE
SCRIPT_SELF_SHIELDING_AUDITOR,0,1,16,5.95000000000000018e+00,1.01174195637656954e+01,U,4.32999097097584848e-05,9.70168973984523175e-02,,,NONE
SCRIPT_SELF_SHIELDING_AUDITOR,0,1,16,5.95000000000000018e+00,1.01174195637656954e+01,C,4.41846920437787916e-05,2.19534473958152221e+00,,,NONE
SCRIPT_SELF_SHIELDING_AUDITOR,0,1,16,5.95000000000000018e+00,1.01174195637656954e+01,J_G1,1.72038522210426000e-16,6.15420102323591372e-05,,,NONE
SCRIPT_SELF_SHIELDING_AUDITOR,0,1,16,5.95000000000000018e+00,1.01174195637656954e+01,J_G2a,1.59307909357248831e-16,2.47992561972065576e-05,,,NONE
SCRIPT_SELF_SHIELDING_AUDITOR,0,1,17,5.95000000000000018e+00,1.01174195637656954e+01,M,4.41748181973629443e-05,4.41846920437590794e-05,,,NONE
SCRIPT_SELF_SHIELDING_AUDITOR,0,1,17,5.95000000000000018e+00,1.01174195637656954e+01,I,4.42182368551957984e-05,1.65834332098210614e-02,,,NONE
SCRIPT_SELF_SHIELDING_AUDITOR,0,1,17,5.95000000000000018e+00,1.01174195637656954e+01,U,4.32999097097538430e-05,9.71311910975378584e-02,,,NONE
SCRIPT_SELF_SHIELDING_AUDITOR,0,1,17,5.95000000000000018e+00,1.01174195637656954e+01,C,4.41846920437643107e-05,2.19534473959165766e+00,,,NONE
SCRIPT_SELF_SHIELDING_AUDITOR,0,1,17,5.95000000000000018e+00,1.01174195637656954e+01,J_G1,2.47926160032235143e-16,1.64248601166283877e-06,,,NONE
SCRIPT_SELF_SHIELDING_AUDITOR,0,1,17,5.95000000000000018e+00,1.01174195637656954e+01,J_G2a,1.11020881201320753e-16,6.67225438073394447e-07,,,NONE
SCRIPT_SELF_SHIELDING_AUDITOR,0,2,0,5.95000000000000018e+00,1.01174195637656954e+01,M,4.41748181973601524e-05,1.08549571932058607e-03,1.08549571932058607e-03,0.00000000000000000e+00,TWO_MODE
SCRIPT_SELF_SHIELDING_AUDITOR,0,2,0,5.95000000000000018e+00,1.01174195637656954e+01,I,1.08630209645700008e-03,1.62836130244675692e-02,1.62836130244675692e-02,0.00000000000000000e+00,TWO_MODE
SCRIPT_SELF_SHIELDING_AUDITOR,0,2,0,5.95000000000000018e+00,1.01174195637656954e+01,U,1.06704459626992348e-03,5.95600042417195608e-02,5.95600042417195608e-02,0.00000000000000000e+00,TWO_MODE
SCRIPT_SELF_SHIELDING_AUDITOR,0,2,0,5.95000000000000018e+00,1.01174195637656954e+01,C,1.09414528817968902e-03,2.15796714892619557e+00,5.10333347946371335e-03,9.60249013536651708e-01,TWO_MODE
SCRIPT_SELF_SHIELDING_AUDITOR,0,2,0,5.95000000000000018e+00,1.01174195637656954e+01,J_G1,1.06669763227045271e-03,7.20136731219010728e-03,7.20136731219010728e-03,0.00000000000000000e+00,TWO_MODE
SCRIPT_SELF_SHIELDING_AUDITOR,0,2,0,5.95000000000000018e+00,1.01174195637656954e+01,J_G2a,1.00986237799994064e-03,3.76049733198043513e-03,3.76049733198043513e-03,0.00000000000000000e+00,TWO_MODE
SCRIPT_SELF_SHIELDING_AUDITOR,0,2,1,5.95000000000000018e+00,1.01174195637656954e+01,M,4.41748181973601524e-05,1.09065217189026472e-03,,,NONE
SCRIPT_SELF_SHIELDING_AUDITOR,0,2,1,5.95000000000000018e+00,1.01174195637656954e+01,I,1.09145854879501205e-03,1.62836130244675900e-02,,,NONE
SCRIPT_SELF_SHIELDING_AUDITOR,0,2,1,5.95000000000000018e+00,1.01174195637656954e+01,U,1.07220105409318160e-03,5.05645454360330662e-02,,,NONE
SCRIPT_SELF_SHIELDING_AUDITOR,0,2,1,5.95000000000000018e+00,1.01174195637656954e+01,C,1.09930173825560271e-03,2.15796714892618136e+00,,,NONE
SCRIPT_SELF_SHIELDING_AUDITOR,0,2,1,5.95000000000000018e+00,1.01174195637656954e+01,J_G1,7.22862584627691207e-04,1.06669763227090634e-03,,,NONE
SCRIPT_SELF_SHIELDING_AUDITOR,0,2,1,5.95000000000000018e+00,1.01174195637656954e+01,J_G2a,1.93815137819980079e-04,1.00986237799979340e-03,,,NONE
SCRIPT_SELF_SHIELDING_AUDITOR,0,2,2,5.95000000000000018e+00,1.01174195637656954e+01,M,4.41748181973601524e-05,1.09145416130669950e-03,,,NONE
SCRIPT_SELF_SHIELDING_AUDITOR,0,2,2,5.95000000000000018e+00,1.01174195637656954e+01,I,1.09226053817534203e-03,1.62836130244675831e-02,,,NONE
SCRIPT_SELF_SHIELDING_AUDITOR,0,2,2,5.95000000000000018e+00,1.01174195637656954e+01,U,1.07300304432900282e-03,4.91655125927774328e-02,,,NONE
SCRIPT_SELF_SHIELDING_AUDITOR,0,2,2,5.95000000000000018e+00,1.01174195637656954e+01,C,1.10010372728310836e-03,2.15796714892616359e+00,,,NONE
SCRIPT_SELF_SHIELDING_AUDITOR,0,2,2,5.95000000000000018e+00,1.01174195637656954e+01,J_G1,3.40087306397652786e-04,1.06669763227083673e-03,,,NONE
SCRIPT_SELF_SHIELDING_AUDITOR,0,2,2,5.95000000000000018e+00,1.01174195637656954e+01,J_G2a,7.93100826794019106e-05,1.00986237800008115e-03,,,NONE
SCRIPT_SELF_SHIELDING_AUDITOR,0,2,3,5.95000000000000018e+00,1.01174195637656954e+01,M,4.41748181973601524e-05,1.09195991349105449e-03,,,NONE
SCRIPT_SELF_SHIELDING_AUDITOR,0,2,3,5.95000000000000018e+00,1.01174195637656954e+01,I,1.09276629033690860e-03,1.62836130244675623e-02,,,NONE
SCRIPT_SELF_SHIELDING_AUDITOR,0,2,3,5.95000000000000018e+00,1.01174195637656954e+01,U,1.07350879703034443e-03,4.82832574822342486e-02,,,NONE
SCRIPT_SELF_SHIELDING_AUDITOR,0,2,3,5.95000000000000018e+00,1.01174195637656954e+01,C,1.10060947922205506e-03,2.15796714892625330e+00,,,NONE
SCRIPT_SELF_SHIELDING_AUDITOR,0,2,3,5.95000000000000018e+00,1.01174195637656954e+01,J_G1,1.67863397651244915e-04,1.06669763227088357e-03,,,NONE
SCRIPT_SELF_SHIELDING_AUDITOR,0,2,3,5.95000000000000018e+00,1.01174195637656954e+01,J_G2a,3.55447043673794833e-05,1.00986237799958393e-03,,,NONE
SCRIPT_SELF_SHIELDING_AUDITOR,0,2,4,5.95000000000000018e+00,1.01174195637656954e+01,M,4.41748181973601524e-05,1.09268182842035713e-03,,,NONE
SCRIPT_SELF_SHIELDING_AUDITOR,0,2,4,5.95000000000000018e+00,1.01174195637656954e+01,I,1.09348820523365114e-03,1.62836130244676108e-02,,,NONE
SCRIPT_SELF_SHIELDING_AUDITOR,0,2,4,5.95000000000000018e+00,1.01174195637656954e+01,U,1.07423071269806270e-03,4.70239268816622855e-02,,,NONE
SCRIPT_SELF_SHIELDING_AUDITOR,0,2,4,5.95000000000000018e+00,1.01174195637656954e+01,C,1.10133139380092556e-03,2.15796714892624220e+00,,,NONE
SCRIPT_SELF_SHIELDING_AUDITOR,0,2,4,5.95000000000000018e+00,1.01174195637656954e+01,J_G1,1.82805973147305152e-05,1.06669763227111277e-03,,,NONE
SCRIPT_SELF_SHIELDING_AUDITOR,0,2,4,5.95000000000000018e+00,1.01174195637656954e+01,J_G2a,3.32420004586086619e-06,1.00986237799976781e-03,,,NONE
SCRIPT_SELF_SHIELDING_AUDITOR,0,2,5,5.95000000000000018e+00,1.01174195637656954e+01,M,4.41748181973601524e-05,1.09280467389385322e-03,,,NONE
SCRIPT_SELF_SHIELDING_AUDITOR,0,2,5,5.95000000000000018e+00,1.01174195637656954e+01,I,1.09361105070156272e-03,1.62836130244676143e-02,,,NONE
SCRIPT_SELF_SHIELDING_AUDITOR,0,2,5,5.95000000000000018e+00,1.01174195637656954e+01,U,1.07435355829726942e-03,4.68096323711385820e-02,,,NONE
SCRIPT_SELF_SHIELDING_AUDITOR,0,2,5,5.95000000000000018e+00,1.01174195637656954e+01,C,1.10145423921470488e-03,2.15796714892625019e+00,,,NONE
SCRIPT_SELF_SHIELDING_AUDITOR,0,2,5,5.95000000000000018e+00,1.01174195637656954e+01,J_G1,4.65861344162385502e-07,1.06669763227100066e-03,,,NONE
SCRIPT_SELF_SHIELDING_AUDITOR,0,2,5,5.95000000000000018e+00,1.01174195637656954e+01,J_G2a,8.23814446058730430e-08,1.00986237799963511e-03,,,NONE
SCRIPT_SELF_SHIELDING_AUDITOR,0,2,6,5.95000000000000018e+00,1.01174195637656954e+01,M,4.41748181973601524e-05,1.08642324565549832e-03,1.08642324565549832e-03,0.00000000000000000e+00,TWO_MODE
SCRIPT_SELF_SHIELDING_AUDITOR,0,2,6,5.95000000000000018e+00,1.01174195637656954e+01,I,1.08722962275035941e-03,1.65841266363679664e-02,1.65841266363679664e-02,0.00000000000000000e+00,TWO_MODE
SCRIPT_SELF_SHIELDING_AUDITOR,0,2,6,5.95000000000000018e+00,1.01174195637656954e+01,U,1.06797212354797191e-03,6.72410510830287189e-02,6.72410510830287189e-02,0.00000000000000000e+00,TWO_MODE
SCRIPT_SELF_SHIELDING_AUDITOR,0,2,6,5.95000000000000018e+00,1.01174195637656954e+01,C,1.09507281406686350e-03,2.19779237084080803e+00,5.39366222411731631e-03,9.57441522783097687e-01,TWO_MODE
SCRIPT_SELF_SHIELDING_AUDITOR,0,2,6,5.95000000000000018e+00,1.01174195637656954e+01,J_G1,1.06669763227119603e-03,8.63854019695757709e-03,8.63854019695757709e-03,0.00000000000000000e+00,TWO_MODE
SCRIPT_SELF_SHIELDING_AUDITOR,0,2,6,5.95000000000000018e+00,1.01174195637656954e+01,J_G2a,1.00986237799963272e-03,4.07939622638513449e-03,4.07939622638513449e-03,0.00000000000000000e+00,TWO_MODE
SCRIPT_SELF_SHIELDING_AUDITOR,0,2,7,5.95000000000000018e+00,1.01174195637656954e+01,M,4.41748181973601524e-05,1.08890849368507262e-03,1.08890849368507262e-03,0.00000000000000000e+00,TWO_MODE
SCRIPT_SELF_SHIELDING_AUDITOR,0,2,7,5.95000000000000018e+00,1.01174195637656954e+01,I,1.08971487066828431e-03,1.65841266363679872e-02,1.65841266363679872e-02,0.00000000000000000e+00,TWO_MODE
SCRIPT_SELF_SHIELDING_AUDITOR,0,2,7,5.95000000000000018e+00,1.01174195637656954e+01,U,1.07045737410867408e-03,6.29055049372130581e-02,6.29055049372130581e-02,0.00000000000000000e+00,TWO_MODE
SCRIPT_SELF_SHIELDING_AUDITOR,0,2,7,5.95000000000000018e+00,1.01174195637656954e+01,C,1.09755806089502860e-03,2.19779237084076318e+00,3.15943860142897746e-03,9.79355173094848097e-01,TWO_MODE
SCRIPT_SELF_SHIELDING_AUDITOR,0,2,7,5.95000000000000018e+00,1.01174195637656954e+01,J_G1,1.06669763227106875e-03,6.34017767781000757e-03,6.34017767781000757e-03,0.00000000000000000e+00,TWO_MODE
SCRIPT_SELF_SHIELDING_AUDITOR,0,2,7,5.95000000000000018e+00,1.01174195637656954e+01,J_G2a,1.00986237799976348e-03,2.20541201895212841e-03,2.20541201895212841e-03,0.00000000000000000e+00,TWO_MODE
SCRIPT_SELF_SHIELDING_AUDITOR,0,2,8,5.95000000000000018e+00,1.01174195637656954e+01,M,4.41748181973601389e-05,1.08976993369005906e-03,1.08976993369005906e-03,0.00000000000000000e+00,TWO_MODE
SCRIPT_SELF_SHIELDING_AUDITOR,0,2,8,5.95000000000000018e+00,1.01174195637656954e+01,I,1.09057631063457319e-03,1.65841266363679629e-02,1.65841266363679629e-02,0.00000000000000000e+00,TWO_MODE
SCRIPT_SELF_SHIELDING_AUDITOR,0,2,8,5.95000000000000018e+00,1.01174195637656954e+01,U,1.07131881499234068e-03,6.14027374204683465e-02,6.14027374204683465e-02,0.00000000000000000e+00,TWO_MODE
SCRIPT_SELF_SHIELDING_AUDITOR,0,2,8,5.95000000000000018e+00,1.01174195637656954e+01,C,1.09841950048288474e-03,2.19779237084080803e+00,1.46667990681090439e-03,9.96281087307966384e-01,TWO_MODE
SCRIPT_SELF_SHIELDING_AUDITOR,0,2,8,5.95000000000000018e+00,1.01174195637656954e+01,J_G1,1.06669763227123723e-03,2.83090700868154259e-03,2.83090700868154259e-03,0.00000000000000000e+00,TWO_MODE
SCRIPT_SELF_SHIELDING_AUDITOR,0,2,8,5.95000000000000018e+00,1.01174195637656954e+01,J_G2a,8.62142414737530872e-04,1.00986237800024486e-03,1.00986237800024486e-03,0.00000000000000000e+00,TWO_MODE
SCRIPT_SELF_SHIELDING_AUDITOR,0,2,9,5.95000000000000018e+00,1.01174195637656954e+01,M,4.41748181973601524e-05,1.09038179927603996e-03,1.09038179927603996e-03,0.00000000000000000e+00,TWO_MODE
SCRIPT_SELF_SHIELDING_AUDITOR,0,2,9,5.95000000000000018e+00,1.01174195637656954e+01,I,1.09118817619298846e-03,1.65841266363679664e-02,1.65841266363679664e-02,0.00000000000000000e+00,TWO_MODE
SCRIPT_SELF_SHIELDING_AUDITOR,0,2,9,5.95000000000000018e+00,1.01174195637656954e+01,U,1.07193068120285304e-03,6.03353561675291708e-02,6.03353561675291708e-02,2.48872820065873311e-16,TWO_MODE
SCRIPT_SELF_SHIELDING_AUDITOR,0,2,9,5.95000000000000018e+00,1.01174195637656954e+01,C,1.09903136577240421e-03,2.19779237084078671e+00,1.14717177569033423e-03,9.99513061867652208e-01,TWO_MODE
SCRIPT_SELF_SHIELDING_AUDITOR,0,2,9,5.95000000000000018e+00,1.01174195637656954e+01,J_G1,1.06669763227156726e-03,1.32310166304264306e-03,1.32310166304264306e-03,0.00000000000000000e+00,TWO_MODE
SCRIPT_SELF_SHIELDING_AUDITOR,0,2,9,5.95000000000000018e+00,1.01174195637656954e+01,J_G2a,3.66684413933270569e-04,1.00986237799972141e-03,1.00986237799972141e-03,0.00000000000000000e+00,TWO_MODE
SCRIPT_SELF_SHIELDING_AUDITOR,0,2,10,5.95000000000000018e+00,1.01174195637656954e+01,M,4.41748181973601524e-05,1.09123798195179711e-03,,,NONE
SCRIPT_SELF_SHIELDING_AUDITOR,0,2,10,5.95000000000000018e+00,1.01174195637656954e+01,I,1.09204435883015626e-03,1.65841266363679907e-02,,,NONE
SCRIPT_SELF_SHIELDING_AUDITOR,0,2,10,5.95000000000000018e+00,1.01174195637656954e+01,U,1.07278686475317992e-03,5.88417820745564465e-02,,,NONE
SCRIPT_SELF_SHIELDING_AUDITOR,0,2,10,5.95000000000000018e+00,1.01174195637656954e+01,C,1.09988754803310037e-03,2.19779237084076051e+00,,,NONE
SCRIPT_SELF_SHIELDING_AUDITOR,0,2,10,5.95000000000000018e+00,1.01174195637656954e+01,J_G1,1.27360746450877807e-04,1.06669763227070251e-03,,,NONE
SCRIPT_SELF_SHIELDING_AUDITOR,0,2,10,5.95000000000000018e+00,1.01174195637656954e+01,J_G2a,3.08859802887100966e-05,1.00986237799993478e-03,,,NONE
SCRIPT_SELF_SHIELDING_AUDITOR,0,2,11,5.95000000000000018e+00,1.01174195637656954e+01,M,4.41748181973601524e-05,1.09143927001584110e-03,,,NONE
SCRIPT_SELF_SHIELDING_AUDITOR,0,2,11,5.95000000000000018e+00,1.01174195637656954e+01,I,1.09224564688516364e-03,1.65841266363680045e-02,,,NONE
SCRIPT_SELF_SHIELDING_AUDITOR,0,2,11,5.95000000000000018e+00,1.01174195637656954e+01,U,1.07298815302288471e-03,5.84906455160277769e-02,,,NONE
SCRIPT_SELF_SHIELDING_AUDITOR,0,2,11,5.95000000000000018e+00,1.01174195637656954e+01,C,1.10008883599945102e-03,2.19779237084081513e+00,,,NONE
SCRIPT_SELF_SHIELDING_AUDITOR,0,2,11,5.95000000000000018e+00,1.01174195637656954e+01,J_G1,3.26249507390459510e-06,1.06669763227088010e-03,,,NONE
SCRIPT_SELF_SHIELDING_AUDITOR,0,2,11,5.95000000000000018e+00,1.01174195637656954e+01,J_G2a,7.62912729394420832e-07,1.00986237799955900e-03,,,NONE
SCRIPT_SELF_SHIELDING_AUDITOR,0,2,12,5.95000000000000018e+00,1.01174195637656954e+01,M,4.41748181973601524e-05,1.08542551677402689e-03,,,NONE
SCRIPT_SELF_SHIELDING_AUDITOR,0,2,12,5.95000000000000018e+00,1.01174195637656954e+01,I,1.08623189391358877e-03,1.76140929299469368e-02,,,NONE
SCRIPT_SELF_SHIELDING_AUDITOR,0,2,12,5.95000000000000018e+00,1.01174195637656954e+01,U,1.06697439365200600e-03,1.00853123799838740e-01,,,NONE
SCRIPT_SELF_SHIELDING_AUDITOR,0,2,12,5.95000000000000018e+00,1.01174195637656954e+01,C,1.09407508566691444e-03,2.33428747316552165e+00,,,NONE
SCRIPT_SELF_SHIELDING_AUDITOR,0,2,12,5.95000000000000018e+00,1.01174195637656954e+01,J_G1,1.06669763227102885e-03,9.12370879097550505e-03,,,NONE
SCRIPT_SELF_SHIELDING_AUDITOR,0,2,12,5.95000000000000018e+00,1.01174195637656954e+01,J_G2a,1.00986237799947985e-03,4.79959891821239368e-03,,,NONE
SCRIPT_SELF_SHIELDING_AUDITOR,0,2,13,5.95000000000000018e+00,1.01174195637656954e+01,M,4.41748181973601524e-05,1.08675990754306183e-03,1.08675990754306183e-03,0.00000000000000000e+00,TWO_MODE
SCRIPT_SELF_SHIELDING_AUDITOR,0,2,13,5.95000000000000018e+00,1.01174195637656954e+01,I,1.08756628462279635e-03,1.76140929299469610e-02,1.76140929299469610e-02,0.00000000000000000e+00,TWO_MODE
SCRIPT_SELF_SHIELDING_AUDITOR,0,2,13,5.95000000000000018e+00,1.01174195637656954e+01,U,1.06830878577813247e-03,9.85252256324184866e-02,9.85252256324184866e-02,8.95054009801001048e-17,TWO_MODE
SCRIPT_SELF_SHIELDING_AUDITOR,0,2,13,5.95000000000000018e+00,1.01174195637656954e+01,C,1.09540947579186108e-03,2.33428747316552698e+00,1.62090211308911014e-03,9.94697478771187971e-01,TWO_MODE
SCRIPT_SELF_SHIELDING_AUDITOR,0,2,13,5.95000000000000018e+00,1.01174195637656954e+01,J_G1,1.06669763227128039e-03,2.65243021721032167e-03,2.65243021721032167e-03,0.00000000000000000e+00,TWO_MODE
SCRIPT_SELF_SHIELDING_AUDITOR,0,2,13,5.95000000000000018e+00,1.01174195637656954e+01,J_G2a,1.00986237800002477e-03,1.20578457154174351e-03,1.20578457154174351e-03,0.00000000000000000e+00,TWO_MODE
SCRIPT_SELF_SHIELDING_AUDITOR,0,2,14,5.95000000000000018e+00,1.01174195637656954e+01,M,4.41748181973601524e-05,1.08687350963896767e-03,,,NONE
SCRIPT_SELF_SHIELDING_AUDITOR,0,2,14,5.95000000000000018e+00,1.01174195637656954e+01,I,1.08767988671359624e-03,1.76140929299469159e-02,,,NONE
SCRIPT_SELF_SHIELDING_AUDITOR,0,2,14,5.95000000000000018e+00,1.01174195637656954e+01,U,1.06842238798956503e-03,9.83270436676946524e-02,,,NONE
SCRIPT_SELF_SHIELDING_AUDITOR,0,2,14,5.95000000000000018e+00,1.01174195637656954e+01,C,1.09552307783289350e-03,2.33428747316551988e+00,,,NONE
SCRIPT_SELF_SHIELDING_AUDITOR,0,2,14,5.95000000000000018e+00,1.01174195637656954e+01,J_G1,9.97187551994038659e-04,1.06669763227074522e-03,,,NONE
SCRIPT_SELF_SHIELDING_AUDITOR,0,2,14,5.95000000000000018e+00,1.01174195637656954e+01,J_G2a,4.47698594127824096e-04,1.00986237799938314e-03,,,NONE
SCRIPT_SELF_SHIELDING_AUDITOR,0,2,15,5.95000000000000018e+00,1.01174195637656954e+01,M,4.41748181973601524e-05,1.08727686924287590e-03,,,NONE
SCRIPT_SELF_SHIELDING_AUDITOR,0,2,15,5.95000000000000018e+00,1.01174195637656954e+01,I,1.08808324629940090e-03,1.76140929299468882e-02,,,NONE
SCRIPT_SELF_SHIELDING_AUDITOR,0,2,15,5.95000000000000018e+00,1.01174195637656954e+01,U,1.06882574800402962e-03,9.76233736318946055e-02,,,NONE
SCRIPT_SELF_SHIELDING_AUDITOR,0,2,15,5.95000000000000018e+00,1.01174195637656954e+01,C,1.09592643724196193e-03,2.33428747316547236e+00,,,NONE
SCRIPT_SELF_SHIELDING_AUDITOR,0,2,15,5.95000000000000018e+00,1.01174195637656954e+01,J_G1,6.03630489562659691e-04,1.06669763227060037e-03,,,NONE
SCRIPT_SELF_SHIELDING_AUDITOR,0,2,15,5.95000000000000018e+00,1.01174195637656954e+01,J_G2a,2.58509512700454819e-04,1.00986237799891151e-03,,,NONE
SCRIPT_SELF_SHIELDING_AUDITOR,0,2,16,5.95000000000000018e+00,1.01174195637656954e+01,M,4.41748181973601524e-05,1.08777932140589353e-03,,,NONE
SCRIPT_SELF_SHIELDING_AUDITOR,0,2,16,5.95000000000000018e+00,1.01174195637656954e+01,I,1.08858569843984631e-03,1.76140929299470200e-02,,,NONE
SCRIPT_SELF_SHIELDING_AUDITOR,0,2,16,5.95000000000000018e+00,1.01174195637656954e+01,U,1.06932820067872432e-03,9.67468383595063292e-02,,,NONE
SCRIPT_SELF_SHIELDING_AUDITOR,0,2,16,5.95000000000000018e+00,1.01174195637656954e+01,C,1.09642888916194913e-03,2.33428747316553675e+00,,,NONE
SCRIPT_SELF_SHIELDING_AUDITOR,0,2,16,5.95000000000000018e+00,1.01174195637656954e+01,J_G1,6.11024244449850441e-05,1.06669763227168349e-03,,,NONE
SCRIPT_SELF_SHIELDING_AUDITOR,0,2,16,5.95000000000000018e+00,1.01174195637656954e+01,J_G2a,2.46221186529407534e-05,1.00986237799871202e-03,,,NONE
SCRIPT_SELF_SHIELDING_AUDITOR,0,2,17,5.95000000000000018e+00,1.01174195637656954e+01,M,4.41748181973629443e-05,1.08771386733514308e-03,,,NONE
SCRIPT_SELF_SHIELDING_AUDITOR,0,2,17,5.95000000000000018e+00,1.01174195637656954e+01,I,1.08852024437204402e-03,1.76140929299244652e-02,,,NONE
SCRIPT_SELF_SHIELDING_AUDITOR,0,2,17,5.95000000000000018e+00,1.01174195637656954e+01,U,1.06926274654130671e-03,9.68610246480619136e-02,,,NONE
SCRIPT_SELF_SHIELDING_AUDITOR,0,2,17,5.95000000000000018e+00,1.01174195637656954e+01,C,1.09636343512288926e-03,2.33428747316254004e+00,,,NONE
SCRIPT_SELF_SHIELDING_AUDITOR,0,2,17,5.95000000000000018e+00,1.01174195637656954e+01,J_G1,1.63075396872239079e-06,1.06669763210218388e-03,,,NONE
SCRIPT_SELF_SHIELDING_AUDITOR,0,2,17,5.95000000000000018e+00,1.01174195637656954e+01,J_G2a,6.62459542087155452e-07,1.00986237794840764e-03,,,NONE
SCRIPT_SELF_SHIELDING_AUDITOR,1,1,0,5.84999999999999964e+00,1.04892439548289094e+01,M,1.08097790623699354e-03,2.00129724354742716e-02,,,NONE
SCRIPT_SELF_SHIELDING_AUDITOR,1,1,0,5.84999999999999964e+00,1.04892439548289094e+01,I,1.00676132909663287e-02,3.13077105630467784e-02,,,NONE
SCRIPT_SELF_SHIELDING_AUDITOR,1,1,0,5.84999999999999964e+00,1.04892439548289094e+01,U,9.98866931307697443e-03,7.42321023192055313e-02,,,NONE
SCRIPT_SELF_SHIELDING_AUDITOR,1,1,0,5.84999999999999964e+00,1.04892439548289094e+01,C,3.43938162789315313e-02,3.59307764251420858e+00,,,NONE
SCRIPT_SELF_SHIELDING_AUDITOR,1,1,0,5.84999999999999964e+00,1.04892439548289094e+01,J_G1,7.08191279982788458e-03,5.01284602860305947e-02,,,NONE
SCRIPT_SELF_SHIELDING_AUDITOR,1,1,0,5.84999999999999964e+00,1.04892439548289094e+01,J_G2a,3.64534358862159992e-03,4.22051791259798071e-03,,,NONE
SCRIPT_SELF_SHIELDING_AUDITOR,1,1,1,5.84999999999999964e+00,1.04892439548289094e+01,M,1.08097790623699354e-03,3.80581904582033906e-02,,,NONE
SCRIPT_SELF_SHIELDING_AUDITOR,1,1,1,5.84999999999999964e+00,1.04892439548289094e+01,I,1.62836130244675900e-02,3.79504290690045251e-02,,,NONE
SCRIPT_SELF_SHIELDING_AUDITOR,1,1,1,5.84999999999999964e+00,1.04892439548289094e+01,U,3.80264496794736895e-02,6.58979824802558428e-02,,,NONE
SCRIPT_SELF_SHIELDING_AUDITOR,1,1,1,5.84999999999999964e+00,1.04892439548289094e+01,C,1.37426336260036940e-02,3.59307764251432848e+00,,,NONE
SCRIPT_SELF_SHIELDING_AUDITOR,1,1,1,5.84999999999999964e+00,1.04892439548289094e+01,J_G1,7.30706207166835573e-04,1.34174588830046908e-03,,,NONE
SCRIPT_SELF_SHIELDING_AUDITOR,1,1,1,5.84999999999999964e+00,1.04892439548289094e+01,J_G2a,1.95805554356856467e-04,5.17043166346457528e-02,,,NONE
SCRIPT_SELF_SHIELDING_AUDITOR,1,1,2,5.84999999999999964e+00,1.04892439548289094e+01,M,1.08097790623699354e-03,4.16891068001490964e-02,,,NONE
SCRIPT_SELF_SHIELDING_AUDITOR,1,1,2,5.84999999999999964e+00,1.04892439548289094e+01,I,1.62836130244675831e-02,4.15822380954725540e-02,,,NONE
SCRIPT_SELF_SHIELDING_AUDITOR,1,1,2,5.84999999999999964e+00,1.04892439548289094e+01,U,4.16576292077497218e-02,6.46684404996324957e-02,,,NONE
SCRIPT_SELF_SHIELDING_AUDITOR,1,1,2,5.84999999999999964e+00,1.04892439548289094e+01,C,1.75141041538382780e-02,3.59307764251432005e+00,,,NONE
SCRIPT_SELF_SHIELDING_AUDITOR,1,1,2,5.84999999999999964e+00,1.04892439548289094e+01,J_G1,3.43777518781672377e-04,5.58565037999977920e-03,,,NONE
SCRIPT_SELF_SHIELDING_AUDITOR,1,1,2,5.84999999999999964e+00,1.04892439548289094e+01,J_G2a,8.01245706594519376e-05,5.79613381026388430e-02,,,NONE
SCRIPT_SELF_SHIELDING_AUDITOR,1,1,3,5.84999999999999964e+00,1.04892439548289094e+01,M,1.08097790623699354e-03,4.15816396468551147e-02,,,NONE
SCRIPT_SELF_SHIELDING_AUDITOR,1,1,3,5.84999999999999964e+00,1.04892439548289094e+01,I,1.62836130244675623e-02,4.14747433514369226e-02,,,NONE
SCRIPT_SELF_SHIELDING_AUDITOR,1,1,3,5.84999999999999964e+00,1.04892439548289094e+01,U,4.15501539203846915e-02,6.37903328407590925e-02,,,NONE
SCRIPT_SELF_SHIELDING_AUDITOR,1,1,3,5.84999999999999964e+00,1.04892439548289094e+01,C,1.74022022583014586e-02,3.59307764251420236e+00,,,NONE
SCRIPT_SELF_SHIELDING_AUDITOR,1,1,3,5.84999999999999964e+00,1.04892439548289094e+01,J_G1,1.69684846370980513e-04,5.90746845208765716e-03,,,NONE
SCRIPT_SELF_SHIELDING_AUDITOR,1,1,3,5.84999999999999964e+00,1.04892439548289094e+01,J_G2a,3.59097365736714861e-05,5.91901061384829605e-02,,,NONE
SCRIPT_SELF_SHIELDING_AUDITOR,1,1,4,5.84999999999999964e+00,1.04892439548289094e+01,M,1.08097790623699354e-03,3.93763015707117650e-02,,,NONE
SCRIPT_SELF_SHIELDING_AUDITOR,1,1,4,5.84999999999999964e+00,1.04892439548289094e+01,I,1.62836130244676108e-02,3.92688548343204449e-02,,,NONE
SCRIPT_SELF_SHIELDING_AUDITOR,1,1,4,5.84999999999999964e+00,1.04892439548289094e+01,U,3.93446535628265148e-02,6.22789450133749908e-02,,,NONE
SCRIPT_SELF_SHIELDING_AUDITOR,1,1,4,5.84999999999999964e+00,1.04892439548289094e+01,C,1.51095615637123794e-02,3.59307764251432138e+00,,,NONE
SCRIPT_SELF_SHIELDING_AUDITOR,1,1,4,5.84999999999999964e+00,1.04892439548289094e+01,J_G1,1.84789560459418474e-05,4.59560325648607302e-03,,,NONE
SCRIPT_SELF_SHIELDING_AUDITOR,1,1,4,5.84999999999999964e+00,1.04892439548289094e+01,J_G2a,3.35833846671688388e-06,5.73077371208401132e-02,,,NONE
SCRIPT_SELF_SHIELDING_AUDITOR,1,1,5,5.84999999999999964e+00,1.04892439548289094e+01,M,1.08097790623699354e-03,3.95972911660436855e-02,,,NONE
SCRIPT_SELF_SHIELDING_AUDITOR,1,1,5,5.84999999999999964e+00,1.04892439548289094e+01,I,1.62836130244676143e-02,3.94898982334192586e-02,,,NONE
SCRIPT_SELF_SHIELDING_AUDITOR,1,1,5,5.84999999999999964e+00,1.04892439548289094e+01,U,3.95656590210671372e-02,6.20825762214897367e-02,,,NONE
SCRIPT_SELF_SHIELDING_AUDITOR,1,1,5,5.84999999999999964e+00,1.04892439548289094e+01,C,1.53389815676994862e-02,3.59307764251432271e+00,,,NONE
SCRIPT_SELF_SHIELDING_AUDITOR,1,1,5,5.84999999999999964e+00,1.04892439548289094e+01,J_G1,4.70916302901288865e-07,4.89984483536273514e-03,,,NONE
SCRIPT_SELF_SHIELDING_AUDITOR,1,1,5,5.84999999999999964e+00,1.04892439548289094e+01,J_G2a,8.32274744439940976e-08,5.80782079142535407e-02,,,NONE
SCRIPT_SELF_SHIELDING_AUDITOR,1,1,6,5.84999999999999964e+00,1.04892439548289094e+01,M,1.08097790623699354e-03,3.42011411364423826e-02,,,NONE
SCRIPT_SELF_SHIELDING_AUDITOR,1,1,6,5.84999999999999964e+00,1.04892439548289094e+01,I,1.65841266363679664e-02,3.40925206467231900e-02,,,NONE
SCRIPT_SELF_SHIELDING_AUDITOR,1,1,6,5.84999999999999964e+00,1.04892439548289094e+01,U,3.41691470436103067e-02,8.40504156273065989e-02,,,NONE
SCRIPT_SELF_SHIELDING_AUDITOR,1,1,6,5.84999999999999964e+00,1.04892439548289094e+01,C,9.75711736994310484e-03,3.62904520554034393e+00,,,NONE
SCRIPT_SELF_SHIELDING_AUDITOR,1,1,6,5.84999999999999964e+00,1.04892439548289094e+01,J_G1,7.51586218748645247e-03,1.34513960618397165e-02,,,NONE
SCRIPT_SELF_SHIELDING_AUDITOR,1,1,6,5.84999999999999964e+00,1.04892439548289094e+01,J_G2a,4.07939622638513449e-03,4.42849269730760178e-02,,,NONE
SCRIPT_SELF_SHIELDING_AUDITOR,1,1,7,5.84999999999999964e+00,1.04892439548289094e+01,M,1.08097790623699354e-03,3.81578019296574741e-02,,,NONE
SCRIPT_SELF_SHIELDING_AUDITOR,1,1,7,5.84999999999999964e+00,1.04892439548289094e+01,I,1.65841266363679872e-02,3.80500639444155617e-02,,,NONE
SCRIPT_SELF_SHIELDING_AUDITOR,1,1,7,5.84999999999999964e+00,1.04892439548289094e+01,U,3.81260680513738834e-02,7.98880013450099374e-02,,,NONE
SCRIPT_SELF_SHIELDING_AUDITOR,1,1,7,5.84999999999999964e+00,1.04892439548289094e+01,C,1.38458465666609874e-02,3.62904520554050647e+00,,,NONE
SCRIPT_SELF_SHIELDING_AUDITOR,1,1,7,5.84999999999999964e+00,1.04892439548289094e+01,J_G1,1.02467906316531707e-03,1.05685694373621047e-02,,,NONE
SCRIPT_SELF_SHIELDING_AUDITOR,1,1,7,5.84999999999999964e+00,1.04892439548289094e+01,J_G2a,2.20541201895212841e-03,5.16694695468248866e-02,,,NONE
SCRIPT_SELF_SHIELDING_AUDITOR,1,1,8,5.84999999999999964e+00,1.04892439548289094e+01,M,1.08097790623699354e-03,3.99659940409331227e-02,,,NONE
SCRIPT_SELF_SHIELDING_AUDITOR,1,1,8,5.84999999999999964e+00,1.04892439548289094e+01,I,1.65841266363679629e-02,3.98586915468115977e-02,,,NONE
SCRIPT_SELF_SHIELDING_AUDITOR,1,1,8,5.84999999999999964e+00,1.04892439548289094e+01,U,3.99343885596223219e-02,7.80924450939962933e-02,,,NONE
SCRIPT_SELF_SHIELDING_AUDITOR,1,1,8,5.84999999999999964e+00,1.04892439548289094e+01,C,1.57219073201957070e-02,3.62904520554050070e+00,,,NONE
SCRIPT_SELF_SHIELDING_AUDITOR,1,1,8,5.84999999999999964e+00,1.04892439548289094e+01,J_G1,2.21123948861214493e-03,4.88182095388588200e-03,,,NONE
SCRIPT_SELF_SHIELDING_AUDITOR,1,1,8,5.84999999999999964e+00,1.04892439548289094e+01,J_G2a,8.70996328517117447e-04,5.31415599112122494e-02,,,NONE
SCRIPT_SELF_SHIELDING_AUDITOR,1,1,9,5.84999999999999964e+00,1.04892439548289094e+01,M,1.08097790623699354e-03,4.10468056283226079e-02,,,NONE
SCRIPT_SELF_SHIELDING_AUDITOR,1,1,9,5.84999999999999964e+00,1.04892439548289094e+01,I,1.65841266363679664e-02,4.09397730822568320e-02,,,NONE
SCRIPT_SELF_SHIELDING_AUDITOR,1,1,9,5.84999999999999964e+00,1.04892439548289094e+01,U,4.10152797332393598e-02,7.70921578345155900e-02,,,NONE
SCRIPT_SELF_SHIELDING_AUDITOR,1,1,9,5.84999999999999964e+00,1.04892439548289094e+01,C,1.68455474514674977e-02,3.62904520554049581e+00,,,NONE
SCRIPT_SELF_SHIELDING_AUDITOR,1,1,9,5.84999999999999964e+00,1.04892439548289094e+01,J_G1,1.32310166304264306e-03,3.81221194223118004e-03,,,NONE
SCRIPT_SELF_SHIELDING_AUDITOR,1,1,9,5.84999999999999964e+00,1.04892439548289094e+01,J_G2a,3.70450140024208461e-04,5.55998192615871634e-02,,,NONE
SCRIPT_SELF_SHIELDING_AUDITOR,1,1,10,5.84999999999999964e+00,1.04892439548289094e+01,M,1.08097790623699354e-03,3.96772656458356174e-02,,,NONE
SCRIPT_SELF_SHIELDING_AUDITOR,1,1,10,5.84999999999999964e+00,1.04892439548289094e+01,I,1.65841266363679907e-02,3.95698922587143787e-02,,,NONE
SCRIPT_SELF_SHIELDING_AUDITOR,1,1,10,5.84999999999999964e+00,1.04892439548289094e+01,U,3.96456392634146546e-02,7.55697217423648981e-02,,,NONE
SCRIPT_SELF_SHIELDING_AUDITOR,1,1,10,5.84999999999999964e+00,1.04892439548289094e+01,C,1.54220243747403632e-02,3.62904520554050780e+00,,,NONE
SCRIPT_SELF_SHIELDING_AUDITOR,1,1,10,5.84999999999999964e+00,1.04892439548289094e+01,J_G1,1.28742709831897195e-04,3.20873084861183436e-03,,,NONE
SCRIPT_SELF_SHIELDING_AUDITOR,1,1,10,5.84999999999999964e+00,1.04892439548289094e+01,J_G2a,3.12031689593978838e-05,5.58647693672322532e-02,,,NONE
SCRIPT_SELF_SHIELDING_AUDITOR,1,1,11,5.84999999999999964e+00,1.04892439548289094e+01,M,1.08097790623699354e-03,3.98719800072500491e-02,,,NONE
SCRIPT_SELF_SHIELDING_AUDITOR,1,1,11,5.84999999999999964e+00,1.04892439548289094e+01,I,1.65841266363680045e-02,3.97646543728429683e-02,,,NONE
SCRIPT_SELF_SHIELDING_AUDITOR,1,1,11,5.84999999999999964e+00,1.04892439548289094e+01,U,3.98403677035966824e-02,7.52275523435932819e-02,,,NONE
SCRIPT_SELF_SHIELDING_AUDITOR,1,1,11,5.84999999999999964e+00,1.04892439548289094e+01,C,1.56242479469010515e-02,3.62904520554047361e+00,,,NONE
SCRIPT_SELF_SHIELDING_AUDITOR,1,1,11,5.84999999999999964e+00,1.04892439548289094e+01,J_G1,3.29789568868217687e-06,3.57728427842865949e-03,,,NONE
SCRIPT_SELF_SHIELDING_AUDITOR,1,1,11,5.84999999999999964e+00,1.04892439548289094e+01,J_G2a,7.70747587547711222e-07,5.65863224940572618e-02,,,NONE
SCRIPT_SELF_SHIELDING_AUDITOR,1,1,12,5.84999999999999964e+00,1.04892439548289094e+01,M,1.08097790623699354e-03,2.00129724354742751e-02,,,NONE
SCRIPT_SELF_SHIELDING_AUDITOR,1,1,12,5.84999999999999964e+00,1.04892439548289094e+01,I,4.44339837047703651e-03,3.27180726773245584e-02,,,NONE
SCRIPT_SELF_SHIELDING_AUDITOR,1,1,12,5.84999999999999964e+00,1.04892439548289094e+01,U,4.52251756147658592e-03,1.22251257983090042e-01,,,NONE
SCRIPT_SELF_SHIELDING_AUDITOR,1,1,12,5.84999999999999964e+00,1.04892439548289094e+01,C,2.01772909097639765e-02,3.75494002364490864e+00,,,NONE
SCRIPT_SELF_SHIELDING_AUDITOR,1,1,12,5.84999999999999964e+00,1.04892439548289094e+01,J_G1,9.12370879097550505e-03,3.78243529731588091e-02,,,NONE
SCRIPT_SELF_SHIELDING_AUDITOR,1,1,12,5.84999999999999964e+00,1.04892439548289094e+01,J_G2a,4.79959891821239368e-03,1.34039318628587888e-02,,,NONE
SCRIPT_SELF_SHIELDING_AUDITOR,1,1,13,5.84999999999999964e+00,1.04892439548289094e+01,M,1.08097790623699354e-03,3.53111652127405112e-02,,,NONE
SCRIPT_SELF_SHIELDING_AUDITOR,1,1,13,5.84999999999999964e+00,1.04892439548289094e+01,I,1.76140929299469610e-02,3.52027825490725671e-02,,,NONE
SCRIPT_SELF_SHIELDING_AUDITOR,1,1,13,5.84999999999999964e+00,1.04892439548289094e+01,U,3.52792412485854051e-02,1.20159894730538994e-01,,,NONE
SCRIPT_SELF_SHIELDING_AUDITOR,1,1,13,5.84999999999999964e+00,1.04892439548289094e+01,C,1.09019224718697114e-02,3.75494002364499302e+00,,,NONE
SCRIPT_SELF_SHIELDING_AUDITOR,1,1,13,5.84999999999999964e+00,1.04892439548289094e+01,J_G1,2.65243021721032167e-03,6.04241714463055017e-03,,,NONE
SCRIPT_SELF_SHIELDING_AUDITOR,1,1,13,5.84999999999999964e+00,1.04892439548289094e+01,J_G2a,1.20578457154174351e-03,4.57990307666252816e-02,,,NONE
SCRIPT_SELF_SHIELDING_AUDITOR,1,1,14,5.84999999999999964e+00,1.04892439548289094e+01,M,1.08097790623699354e-03,2.00129724354742647e-02,,,NONE
SCRIPT_SELF_SHIELDING_AUDITOR,1,1,14,5.84999999999999964e+00,1.04892439548289094e+01,I,6.51535765847164987e-03,3.27180726773245167e-02,,,NONE
SCRIPT_SELF_SHIELDING_AUDITOR,1,1,14,5.84999999999999964e+00,1.04892439548289094e+01,U,6.59442705158874102e-03,1.20220463072231804e-01,,,NONE
SCRIPT_SELF_SHIELDING_AUDITOR,1,1,14,5.84999999999999964e+00,1.04892439548289094e+01,C,1.81245389974549614e-02,3.75494002364497925e+00,,,NONE
SCRIPT_SELF_SHIELDING_AUDITOR,1,1,14,5.84999999999999964e+00,1.04892439548289094e+01,J_G1,1.00800781427473683e-03,3.50799268424023467e-02,,,NONE
SCRIPT_SELF_SHIELDING_AUDITOR,1,1,14,5.84999999999999964e+00,1.04892439548289094e+01,J_G2a,4.52296308709414186e-04,1.88386586932320216e-02,,,NONE
SCRIPT_SELF_SHIELDING_AUDITOR,1,1,15,5.84999999999999964e+00,1.04892439548289094e+01,M,1.08097790623699354e-03,3.66409317396741291e-02,,,NONE
SCRIPT_SELF_SHIELDING_AUDITOR,1,1,15,5.84999999999999964e+00,1.04892439548289094e+01,I,1.76140929299468882e-02,3.65328440002315666e-02,,,NONE
SCRIPT_SELF_SHIELDING_AUDITOR,1,1,15,5.84999999999999964e+00,1.04892439548289094e+01,U,3.66090947372409020e-02,1.19230980721725277e-01,,,NONE
SCRIPT_SELF_SHIELDING_AUDITOR,1,1,15,5.84999999999999964e+00,1.04892439548289094e+01,C,1.22756837962269324e-02,3.75494002364500501e+00,,,NONE
SCRIPT_SELF_SHIELDING_AUDITOR,1,1,15,5.84999999999999964e+00,1.04892439548289094e+01,J_G1,6.10180350924880831e-04,4.03662271051555797e-03,,,NONE
SCRIPT_SELF_SHIELDING_AUDITOR,1,1,15,5.84999999999999964e+00,1.04892439548289094e+01,J_G2a,2.61164318794579800e-04,4.74664881245651371e-02,,,NONE
SCRIPT_SELF_SHIELDING_AUDITOR,1,1,16,5.84999999999999964e+00,1.04892439548289094e+01,M,1.08097790623699354e-03,3.63792423679510854e-02,,,NONE
SCRIPT_SELF_SHIELDING_AUDITOR,1,1,16,5.84999999999999964e+00,1.04892439548289094e+01,I,1.76140929299470200e-02,3.62710957263062336e-02,,,NONE
SCRIPT_SELF_SHIELDING_AUDITOR,1,1,16,5.84999999999999964e+00,1.04892439548289094e+01,U,3.63473879978517614e-02,1.18483936585930455e-01,,,NONE
SCRIPT_SELF_SHIELDING_AUDITOR,1,1,16,5.84999999999999964e+00,1.04892439548289094e+01,C,1.20051356326767722e-02,3.75494002364490065e+00,,,NONE
SCRIPT_SELF_SHIELDING_AUDITOR,1,1,16,5.84999999999999964e+00,1.04892439548289094e+01,J_G1,6.17654333816287091e-05,3.99164712490362571e-03,,,NONE
SCRIPT_SELF_SHIELDING_AUDITOR,1,1,16,5.84999999999999964e+00,1.04892439548289094e+01,J_G2a,2.48749795630374240e-05,4.83253563942991626e-02,,,NONE
SCRIPT_SELF_SHIELDING_AUDITOR,1,1,17,5.84999999999999964e+00,1.04892439548289094e+01,M,1.08097790624078348e-03,3.59864646182175632e-02,,,NONE
SCRIPT_SELF_SHIELDING_AUDITOR,1,1,17,5.84999999999999964e+00,1.04892439548289094e+01,I,1.76140929299244652e-02,3.58782303621571486e-02,,,NONE
SCRIPT_SELF_SHIELDING_AUDITOR,1,1,17,5.84999999999999964e+00,1.04892439548289094e+01,U,3.59545844142031973e-02,1.18484055192039917e-01,,,NONE
SCRIPT_SELF_SHIELDING_AUDITOR,1,1,17,5.84999999999999964e+00,1.04892439548289094e+01,C,1.15992463027614501e-02,3.75494002363768953e+00,,,NONE
SCRIPT_SELF_SHIELDING_AUDITOR,1,1,17,5.84999999999999964e+00,1.04892439548289094e+01,J_G1,1.64844892050832794e-06,4.26652997459466346e-03,,,NONE
SCRIPT_SELF_SHIELDING_AUDITOR,1,1,17,5.84999999999999964e+00,1.04892439548289094e+01,J_G2a,6.69262779658510804e-07,4.73476344471206526e-02,,,NONE
SCRIPT_SELF_SHIELDING_AUDITOR,1,2,0,5.84999999999999964e+00,1.04892439548289094e+01,M,6.76463990989591797e-04,2.00129724354742716e-02,,,NONE
SCRIPT_SELF_SHIELDING_AUDITOR,1,2,0,5.84999999999999964e+00,1.04892439548289094e+01,I,7.15825556892480059e-04,3.13077105630467784e-02,,,NONE
SCRIPT_SELF_SHIELDING_AUDITOR,1,2,0,5.84999999999999964e+00,1.04892439548289094e+01,U,4.47496192768587740e-04,7.42321023192055313e-02,,,NONE
SCRIPT_SELF_SHIELDING_AUDITOR,1,2,0,5.84999999999999964e+00,1.04892439548289094e+01,C,5.89119791905108039e-04,3.59307764251420858e+00,,,NONE
SCRIPT_SELF_SHIELDING_AUDITOR,1,2,0,5.84999999999999964e+00,1.04892439548289094e+01,J_G1,2.86276387120349741e-04,7.10321050611689622e-03,,,NONE
SCRIPT_SELF_SHIELDING_AUDITOR,1,2,0,5.84999999999999964e+00,1.04892439548289094e+01,J_G2a,2.49090260381677449e-03,3.74184870556250717e-03,,,NONE
SCRIPT_SELF_SHIELDING_AUDITOR,1,2,1,5.84999999999999964e+00,1.04892439548289094e+01,M,7.43816726854689943e-04,2.00129724354742647e-02,,,NONE
SCRIPT_SELF_SHIELDING_AUDITOR,1,2,1,5.84999999999999964e+00,1.04892439548289094e+01,I,9.69019809418335959e-04,3.13077105630467784e-02,,,NONE
SCRIPT_SELF_SHIELDING_AUDITOR,1,2,1,5.84999999999999964e+00,1.04892439548289094e+01,U,7.00693092446230529e-04,6.58979824802558428e-02,,,NONE
SCRIPT_SELF_SHIELDING_AUDITOR,1,2,1,5.84999999999999964e+00,1.04892439548289094e+01,C,8.42315419395354547e-04,3.59307764251432848e+00,,,NONE
SCRIPT_SELF_SHIELDING_AUDITOR,1,2,1,5.84999999999999964e+00,1.04892439548289094e+01,J_G1,2.86276387120298133e-04,1.25239663060520393e-03,,,NONE
SCRIPT_SELF_SHIELDING_AUDITOR,1,2,1,5.84999999999999964e+00,1.04892439548289094e+01,J_G2a,3.46038628093536230e-04,2.49090260381696488e-03,,,NONE
SCRIPT_SELF_SHIELDING_AUDITOR,1,2,2,5.84999999999999964e+00,1.04892439548289094e+01,M,7.43816726854689401e-04,2.00129724354742647e-02,,,NONE
SCRIPT_SELF_SHIELDING_AUDITOR,1,2,2,5.84999999999999964e+00,1.04892439548289094e+01,I,1.00643055828879713e-03,3.13077105630467506e-02,,,NONE
SCRIPT_SELF_SHIELDING_AUDITOR,1,2,2,5.84999999999999964e+00,1.04892439548289094e+01,U,7.38104312690032456e-04,6.46684404996324957e-02,,,NONE
SCRIPT_SELF_SHIELDING_AUDITOR,1,2,2,5.84999999999999964e+00,1.04892439548289094e+01,C,8.79726409314592365e-04,3.59307764251432005e+00,,,NONE
SCRIPT_SELF_SHIELDING_AUDITOR,1,2,2,5.84999999999999964e+00,1.04892439548289094e+01,J_G1,2.86276387120319384e-04,6.16050790181736380e-04,,,NONE
SCRIPT_SELF_SHIELDING_AUDITOR,1,2,2,5.84999999999999964e+00,1.04892439548289094e+01,J_G2a,1.52104676169156032e-04,2.49090260381701605e-03,,,NONE
SCRIPT_SELF_SHIELDING_AUDITOR,1,2,3,5.84999999999999964e+00,1.04892439548289094e+01,M,7.43816726854689726e-04,2.00129724354742647e-02,,,NONE
SCRIPT_SELF_SHIELDING_AUDITOR,1,2,3,5.84999999999999964e+00,1.04892439548289094e+01,I,1.03315730691250283e-03,3.13077105630467437e-02,,,NONE
SCRIPT_SELF_SHIELDING_AUDITOR,1,2,3,5.84999999999999964e+00,1.04892439548289094e+01,U,7.64831410721508449e-04,6.37903328407590925e-02,,,NONE
SCRIPT_SELF_SHIELDING_AUDITOR,1,2,3,5.84999999999999964e+00,1.04892439548289094e+01,C,9.06453336121240314e-04,3.59307764251420236e+00,,,NONE
SCRIPT_SELF_SHIELDING_AUDITOR,1,2,3,5.84999999999999964e+00,1.04892439548289094e+01,J_G1,2.86276387120699342e-04,3.05105091953046862e-04,,,NONE
SCRIPT_SELF_SHIELDING_AUDITOR,1,2,3,5.84999999999999964e+00,1.04892439548289094e+01,J_G2a,6.91464659924682912e-05,2.49090260381727106e-03,,,NONE
SCRIPT_SELF_SHIELDING_AUDITOR,1,2,4,5.84999999999999964e+00,1.04892439548289094e+01,M,7.43816726854689726e-04,2.00129724354742647e-02,,,NONE
SCRIPT_SELF_SHIELDING_AUDITOR,1,2,4,5.84999999999999964e+00,1.04892439548289094e+01,I,1.07917650821684951e-03,3.13077105630467714e-02,,,NONE
SCRIPT_SELF_SHIELDING_AUDITOR,1,2,4,5.84999999999999964e+00,1.04892439548289094e+01,U,8.10851238359420437e-04,6.22789450133749908e-02,,,NONE
SCRIPT_SELF_SHIELDING_AUDITOR,1,2,4,5.84999999999999964e+00,1.04892439548289094e+01,C,9.52472855895705869e-04,3.59307764251432138e+00,,,NONE
SCRIPT_SELF_SHIELDING_AUDITOR,1,2,4,5.84999999999999964e+00,1.04892439548289094e+01,J_G1,3.26737558704887556e-05,2.86276387120159410e-04,,,NONE
SCRIPT_SELF_SHIELDING_AUDITOR,1,2,4,5.84999999999999964e+00,1.04892439548289094e+01,J_G2a,6.32738827063754453e-06,2.49090260381729621e-03,,,NONE
SCRIPT_SELF_SHIELDING_AUDITOR,1,2,5,5.84999999999999964e+00,1.04892439548289094e+01,M,7.43816726854689943e-04,2.00129724354742647e-02,,,NONE
SCRIPT_SELF_SHIELDING_AUDITOR,1,2,5,5.84999999999999964e+00,1.04892439548289094e+01,I,1.08515722740462075e-03,3.13077105630467506e-02,,,NONE
SCRIPT_SELF_SHIELDING_AUDITOR,1,2,5,5.84999999999999964e+00,1.04892439548289094e+01,U,8.16832041241848344e-04,6.20825762214897367e-02,,,NONE
SCRIPT_SELF_SHIELDING_AUDITOR,1,2,5,5.84999999999999964e+00,1.04892439548289094e+01,C,9.58453617556253158e-04,3.59307764251432271e+00,,,NONE
SCRIPT_SELF_SHIELDING_AUDITOR,1,2,5,5.84999999999999964e+00,1.04892439548289094e+01,J_G1,8.35318618701198181e-07,2.86276387120336243e-04,,,NONE
SCRIPT_SELF_SHIELDING_AUDITOR,1,2,5,5.84999999999999964e+00,1.04892439548289094e+01,J_G2a,1.58208671559958614e-07,2.49090260381726932e-03,,,NONE
SCRIPT_SELF_SHIELDING_AUDITOR,1,2,6,5.84999999999999964e+00,1.04892439548289094e+01,M,6.96390175377664829e-04,2.00129724354742682e-02,,,NONE
SCRIPT_SELF_SHIELDING_AUDITOR,1,2,6,5.84999999999999964e+00,1.04892439548289094e+01,I,7.35751710813420477e-04,3.16211082029469182e-02,,,NONE
SCRIPT_SELF_SHIELDING_AUDITOR,1,2,6,5.84999999999999964e+00,1.04892439548289094e+01,U,4.67422520710684801e-04,8.40504156273065989e-02,,,NONE
SCRIPT_SELF_SHIELDING_AUDITOR,1,2,6,5.84999999999999964e+00,1.04892439548289094e+01,C,6.09046037834553113e-04,3.62904520554034393e+00,,,NONE
SCRIPT_SELF_SHIELDING_AUDITOR,1,2,6,5.84999999999999964e+00,1.04892439548289094e+01,J_G1,2.86276387120237255e-04,1.34918489579145193e-02,,,NONE
SCRIPT_SELF_SHIELDING_AUDITOR,1,2,6,5.84999999999999964e+00,1.04892439548289094e+01,J_G2a,2.49090260381721424e-03,6.81008098971841967e-03,,,NONE
SCRIPT_SELF_SHIELDING_AUDITOR,1,2,7,5.84999999999999964e+00,1.04892439548289094e+01,M,7.43816726854689726e-04,2.00129724354742647e-02,,,NONE
SCRIPT_SELF_SHIELDING_AUDITOR,1,2,7,5.84999999999999964e+00,1.04892439548289094e+01,I,8.62150340166374239e-04,3.16211082029468835e-02,,,NONE
SCRIPT_SELF_SHIELDING_AUDITOR,1,2,7,5.84999999999999964e+00,1.04892439548289094e+01,U,5.93822390451971354e-04,7.98880013450099374e-02,,,NONE
SCRIPT_SELF_SHIELDING_AUDITOR,1,2,7,5.84999999999999964e+00,1.04892439548289094e+01,C,7.35445315290585893e-04,3.62904520554050647e+00,,,NONE
SCRIPT_SELF_SHIELDING_AUDITOR,1,2,7,5.84999999999999964e+00,1.04892439548289094e+01,J_G1,2.86276387120550535e-04,1.06003526990506042e-02,,,NONE
SCRIPT_SELF_SHIELDING_AUDITOR,1,2,7,5.84999999999999964e+00,1.04892439548289094e+01,J_G2a,2.49090260381709151e-03,3.99913194455199256e-03,,,NONE
SCRIPT_SELF_SHIELDING_AUDITOR,1,2,8,5.84999999999999964e+00,1.04892439548289094e+01,M,7.43816726854689943e-04,2.00129724354742612e-02,,,NONE
SCRIPT_SELF_SHIELDING_AUDITOR,1,2,8,5.84999999999999964e+00,1.04892439548289094e+01,I,9.16726944032911391e-04,3.16211082029468626e-02,,,NONE
SCRIPT_SELF_SHIELDING_AUDITOR,1,2,8,5.84999999999999964e+00,1.04892439548289094e+01,U,6.48399602796300963e-04,7.80924450939962933e-02,,,NONE
SCRIPT_SELF_SHIELDING_AUDITOR,1,2,8,5.84999999999999964e+00,1.04892439548289094e+01,C,7.90022233419961561e-04,3.62904520554050070e+00,,,NONE
SCRIPT_SELF_SHIELDING_AUDITOR,1,2,8,5.84999999999999964e+00,1.04892439548289094e+01,J_G1,2.86276387120362535e-04,4.89650224011042856e-03,,,NONE
SCRIPT_SELF_SHIELDING_AUDITOR,1,2,8,5.84999999999999964e+00,1.04892439548289094e+01,J_G2a,1.56458289972757425e-03,2.49090260381720080e-03,,,NONE
SCRIPT_SELF_SHIELDING_AUDITOR,1,2,9,5.84999999999999964e+00,1.04892439548289094e+01,M,7.43816726854689943e-04,2.00129724354742647e-02,,,NONE
SCRIPT_SELF_SHIELDING_AUDITOR,1,2,9,5.84999999999999964e+00,1.04892439548289094e+01,I,9.47144541438811236e-04,3.16211082029469043e-02,,,NONE
SCRIPT_SELF_SHIELDING_AUDITOR,1,2,9,5.84999999999999964e+00,1.04892439548289094e+01,U,6.78817558411799835e-04,7.70921578345155900e-02,,,NONE
SCRIPT_SELF_SHIELDING_AUDITOR,1,2,9,5.84999999999999964e+00,1.04892439548289094e+01,C,8.20440014986796172e-04,3.62904520554049581e+00,,,NONE
SCRIPT_SELF_SHIELDING_AUDITOR,1,2,9,5.84999999999999964e+00,1.04892439548289094e+01,J_G1,2.86276387120035214e-04,2.32727945340675856e-03,,,NONE
SCRIPT_SELF_SHIELDING_AUDITOR,1,2,9,5.84999999999999964e+00,1.04892439548289094e+01,J_G2a,6.84387138002611243e-04,2.49090260381719213e-03,,,NONE
SCRIPT_SELF_SHIELDING_AUDITOR,1,2,10,5.84999999999999964e+00,1.04892439548289094e+01,M,7.43816726854689618e-04,2.00129724354742647e-02,,,NONE
SCRIPT_SELF_SHIELDING_AUDITOR,1,2,10,5.84999999999999964e+00,1.04892439548289094e+01,I,9.93458632242696362e-04,3.16211082029468904e-02,,,NONE
SCRIPT_SELF_SHIELDING_AUDITOR,1,2,10,5.84999999999999964e+00,1.04892439548289094e+01,U,7.25132220858476658e-04,7.55697217423648981e-02,,,NONE
SCRIPT_SELF_SHIELDING_AUDITOR,1,2,10,5.84999999999999964e+00,1.04892439548289094e+01,C,8.66754398581509123e-04,3.62904520554050780e+00,,,NONE
SCRIPT_SELF_SHIELDING_AUDITOR,1,2,10,5.84999999999999964e+00,1.04892439548289094e+01,J_G1,2.24348831012216398e-04,2.86276387120134636e-04,,,NONE
SCRIPT_SELF_SHIELDING_AUDITOR,1,2,10,5.84999999999999964e+00,1.04892439548289094e+01,J_G2a,5.78216511452534128e-05,2.49090260381741981e-03,,,NONE
SCRIPT_SELF_SHIELDING_AUDITOR,1,2,11,5.84999999999999964e+00,1.04892439548289094e+01,M,7.43816726854689726e-04,2.00129724354742543e-02,,,NONE
SCRIPT_SELF_SHIELDING_AUDITOR,1,2,11,5.84999999999999964e+00,1.04892439548289094e+01,I,1.00387086305650346e-03,3.16211082029468626e-02,,,NONE
SCRIPT_SELF_SHIELDING_AUDITOR,1,2,11,5.84999999999999964e+00,1.04892439548289094e+01,U,7.35544584547257580e-04,7.52275523435932819e-02,,,NONE
SCRIPT_SELF_SHIELDING_AUDITOR,1,2,11,5.84999999999999964e+00,1.04892439548289094e+01,C,8.77166697278507473e-04,3.62904520554047361e+00,,,NONE
SCRIPT_SELF_SHIELDING_AUDITOR,1,2,11,5.84999999999999964e+00,1.04892439548289094e+01,J_G1,5.76922568125610047e-06,2.86276387120144827e-04,,,NONE
SCRIPT_SELF_SHIELDING_AUDITOR,1,2,11,5.84999999999999964e+00,1.04892439548289094e+01,J_G2a,1.44013758732926951e-06,2.49090260381750481e-03,,,NONE
SCRIPT_SELF_SHIELDING_AUDITOR,1,2,12,5.84999999999999964e+00,1.04892439548289094e+01,M,6.49791751675113903e-04,2.00129724354742751e-02,,,NONE
SCRIPT_SELF_SHIELDING_AUDITOR,1,2,12,5.84999999999999964e+00,1.04892439548289094e+01,I,6.89153357014162774e-04,3.27180726773245584e-02,,,NONE
SCRIPT_SELF_SHIELDING_AUDITOR,1,2,12,5.84999999999999964e+00,1.04892439548289094e+01,U,4.20823769127403062e-04,1.22251257983090042e-01,,,NONE
SCRIPT_SELF_SHIELDING_AUDITOR,1,2,12,5.84999999999999964e+00,1.04892439548289094e+01,C,5.62447473200249266e-04,3.75494002364490864e+00,,,NONE
SCRIPT_SELF_SHIELDING_AUDITOR,1,2,12,5.84999999999999964e+00,1.04892439548289094e+01,J_G1,2.86276387120423142e-04,1.03142396123477361e-02,,,NONE
SCRIPT_SELF_SHIELDING_AUDITOR,1,2,12,5.84999999999999964e+00,1.04892439548289094e+01,J_G2a,2.49090260381686600e-03,5.74694042537185479e-03,,,NONE
SCRIPT_SELF_SHIELDING_AUDITOR,1,2,13,5.84999999999999964e+00,1.04892439548289094e+01,M,7.13247796671877851e-04,2.00129724354742751e-02,,,NONE
SCRIPT_SELF_SHIELDING_AUDITOR,1,2,13,5.84999999999999964e+00,1.04892439548289094e+01,I,7.52609305661025899e-04,3.27180726773244890e-02,,,NONE
SCRIPT_SELF_SHIELDING_AUDITOR,1,2,13,5.84999999999999964e+00,1.04892439548289094e+01,U,4.84280267357523454e-04,1.20159894730538994e-01,,,NONE
SCRIPT_SELF_SHIELDING_AUDITOR,1,2,13,5.84999999999999964e+00,1.04892439548289094e+01,C,6.25903712682822073e-04,3.75494002364499302e+00,,,NONE
SCRIPT_SELF_SHIELDING_AUDITOR,1,2,13,5.84999999999999964e+00,1.04892439548289094e+01,J_G1,2.86276387120356734e-04,4.20722530864489630e-03,,,NONE
SCRIPT_SELF_SHIELDING_AUDITOR,1,2,13,5.84999999999999964e+00,1.04892439548289094e+01,J_G2a,1.99426759579237689e-03,2.49090260381786693e-03,,,NONE
SCRIPT_SELF_SHIELDING_AUDITOR,1,2,14,5.84999999999999964e+00,1.04892439548289094e+01,M,7.11409443033229330e-04,2.00129724354742647e-02,,,NONE
SCRIPT_SELF_SHIELDING_AUDITOR,1,2,14,5.84999999999999964e+00,1.04892439548289094e+01,I,7.50770954936302555e-04,3.27180726773245167e-02,,,NONE
SCRIPT_SELF_SHIELDING_AUDITOR,1,2,14,5.84999999999999964e+00,1.04892439548289094e+01,U,4.82441899874980857e-04,1.20220463072231804e-01,,,NONE
SCRIPT_SELF_SHIELDING_AUDITOR,1,2,14,5.84999999999999964e+00,1.04892439548289094e+01,C,6.24065353137599386e-04,3.75494002364497925e+00,,,NONE
SCRIPT_SELF_SHIELDING_AUDITOR,1,2,14,5.84999999999999964e+00,1.04892439548289094e+01,J_G1,2.86276387120065626e-04,1.17410314897498070e-03,,,NONE
SCRIPT_SELF_SHIELDING_AUDITOR,1,2,14,5.84999999999999964e+00,1.04892439548289094e+01,J_G2a,5.58784707700065971e-04,2.49090260381737210e-03,,,NONE
SCRIPT_SELF_SHIELDING_AUDITOR,1,2,15,5.84999999999999964e+00,1.04892439548289094e+01,M,7.41446364009242876e-04,2.00129724354742682e-02,,,NONE
SCRIPT_SELF_SHIELDING_AUDITOR,1,2,15,5.84999999999999964e+00,1.04892439548289094e+01,I,7.80807827384174201e-04,3.27180726773244820e-02,,,NONE
SCRIPT_SELF_SHIELDING_AUDITOR,1,2,15,5.84999999999999964e+00,1.04892439548289094e+01,U,5.12479052380170985e-04,1.19230980721725277e-01,,,NONE
SCRIPT_SELF_SHIELDING_AUDITOR,1,2,15,5.84999999999999964e+00,1.04892439548289094e+01,C,6.54102372655089993e-04,3.75494002364500501e+00,,,NONE
SCRIPT_SELF_SHIELDING_AUDITOR,1,2,15,5.84999999999999964e+00,1.04892439548289094e+01,J_G1,2.86276387120434201e-04,9.88447782523003146e-04,,,NONE
SCRIPT_SELF_SHIELDING_AUDITOR,1,2,15,5.84999999999999964e+00,1.04892439548289094e+01,J_G2a,4.40054888681271257e-04,2.49090260381738208e-03,,,NONE
SCRIPT_SELF_SHIELDING_AUDITOR,1,2,16,5.84999999999999964e+00,1.04892439548289094e+01,M,7.43816726854689943e-04,2.00129724354742682e-02,,,NONE
SCRIPT_SELF_SHIELDING_AUDITOR,1,2,16,5.84999999999999964e+00,1.04892439548289094e+01,I,8.03491455244416961e-04,3.27180726773245237e-02,,,NONE
SCRIPT_SELF_SHIELDING_AUDITOR,1,2,16,5.84999999999999964e+00,1.04892439548289094e+01,U,5.35162900564291810e-04,1.18483936585930455e-01,,,NONE
SCRIPT_SELF_SHIELDING_AUDITOR,1,2,16,5.84999999999999964e+00,1.04892439548289094e+01,C,6.76786115749128674e-04,3.75494002364490065e+00,,,NONE
SCRIPT_SELF_SHIELDING_AUDITOR,1,2,16,5.84999999999999964e+00,1.04892439548289094e+01,J_G1,9.98026031923340438e-05,2.86276387120323449e-04,,,NONE
SCRIPT_SELF_SHIELDING_AUDITOR,1,2,16,5.84999999999999964e+00,1.04892439548289094e+01,J_G2a,4.23186456900807184e-05,2.49090260381702256e-03,,,NONE
SCRIPT_SELF_SHIELDING_AUDITOR,1,2,17,5.84999999999999964e+00,1.04892439548289094e+01,M,7.43816726855772194e-04,2.00129724354106836e-02,,,NONE
SCRIPT_SELF_SHIELDING_AUDITOR,1,2,17,5.84999999999999964e+00,1.04892439548289094e+01,I,8.03487853716940213e-04,3.27180726772609842e-02,,,NONE
SCRIPT_SELF_SHIELDING_AUDITOR,1,2,17,5.84999999999999964e+00,1.04892439548289094e+01,U,5.35159299001233715e-04,1.18484055192039917e-01,,,NONE
SCRIPT_SELF_SHIELDING_AUDITOR,1,2,17,5.84999999999999964e+00,1.04892439548289094e+01,C,6.76782514203071628e-04,3.75494002363768953e+00,,,NONE
SCRIPT_SELF_SHIELDING_AUDITOR,1,2,17,5.84999999999999964e+00,1.04892439548289094e+01,J_G1,2.65594499193048867e-06,2.86276386347458171e-04,,,NONE
SCRIPT_SELF_SHIELDING_AUDITOR,1,2,17,5.84999999999999964e+00,1.04892439548289094e+01,J_G2a,1.12619236104850835e-06,2.49090260402780013e-03,,,NONE
SCRIPT_SELF_SHIELDING_AUDITOR,2,1,0,5.75000000000000000e+00,1.08804373309742832e+01,M,7.43816726854689726e-04,4.03004332556674075e-02,,,NONE
SCRIPT_SELF_SHIELDING_AUDITOR,2,1,0,5.75000000000000000e+00,1.08804373309742832e+01,I,1.82961956207623472e-03,4.79718772465698093e-02,,,NONE
SCRIPT_SELF_SHIELDING_AUDITOR,2,1,0,5.75000000000000000e+00,1.08804373309742832e+01,U,7.68909169770157154e-04,8.62954894609863771e-02,,,NONE
SCRIPT_SELF_SHIELDING_AUDITOR,2,1,0,5.75000000000000000e+00,1.08804373309742832e+01,C,2.61631645661642709e-02,4.35055349955846982e+00,,,NONE
SCRIPT_SELF_SHIELDING_AUDITOR,2,1,0,5.75000000000000000e+00,1.08804373309742832e+01,J_G1,7.10321050611689622e-03,4.04083161571744953e-02,,,NONE
SCRIPT_SELF_SHIELDING_AUDITOR,2,1,0,5.75000000000000000e+00,1.08804373309742832e+01,J_G2a,3.74184870556250717e-03,2.81336871108724962e-02,,,NONE
SCRIPT_SELF_SHIELDING_AUDITOR,2,1,1,5.75000000000000000e+00,1.08804373309742832e+01,M,7.43816726854689943e-04,7.27990012084997334e-02,,,NONE
SCRIPT_SELF_SHIELDING_AUDITOR,2,1,1,5.75000000000000000e+00,1.08804373309742832e+01,I,1.22326509856213843e-02,7.26498914037304322e-02,,,NONE
SCRIPT_SELF_SHIELDING_AUDITOR,2,1,1,5.75000000000000000e+00,1.08804373309742832e+01,U,4.87689723516364082e-02,8.12768091165283618e-02,,,NONE
SCRIPT_SELF_SHIELDING_AUDITOR,2,1,1,5.75000000000000000e+00,1.08804373309742832e+01,C,4.75549208477076477e-02,4.35055349955849913e+00,,,NONE
SCRIPT_SELF_SHIELDING_AUDITOR,2,1,1,5.75000000000000000e+00,1.08804373309742832e+01,J_G1,1.25239663060520393e-03,3.25780467826670278e-02,,,NONE
SCRIPT_SELF_SHIELDING_AUDITOR,2,1,1,5.75000000000000000e+00,1.08804373309742832e+01,J_G2a,3.55199492483515447e-04,5.49269869526267593e-02,,,NONE
SCRIPT_SELF_SHIELDING_AUDITOR,2,1,2,5.75000000000000000e+00,1.08804373309742832e+01,M,7.43816726854689401e-04,7.54434260097178871e-02,,,NONE
SCRIPT_SELF_SHIELDING_AUDITOR,2,1,2,5.75000000000000000e+00,1.08804373309742832e+01,I,1.22326509856213878e-02,7.52963659817982439e-02,,,NONE
SCRIPT_SELF_SHIELDING_AUDITOR,2,1,2,5.75000000000000000e+00,1.08804373309742832e+01,U,4.75027562281135768e-02,8.02962403734794467e-02,,,NONE
SCRIPT_SELF_SHIELDING_AUDITOR,2,1,2,5.75000000000000000e+00,1.08804373309742832e+01,C,5.04882383651138189e-02,4.35055349955843162e+00,,,NONE
SCRIPT_SELF_SHIELDING_AUDITOR,2,1,2,5.75000000000000000e+00,1.08804373309742832e+01,J_G1,6.16050790181736380e-04,3.60572508094229791e-02,,,NONE
SCRIPT_SELF_SHIELDING_AUDITOR,2,1,2,5.75000000000000000e+00,1.08804373309742832e+01,J_G2a,1.56131424047403880e-04,5.81562346547553205e-02,,,NONE
SCRIPT_SELF_SHIELDING_AUDITOR,2,1,3,5.75000000000000000e+00,1.08804373309742832e+01,M,7.43816726854689726e-04,7.75403572774955308e-02,,,NONE
SCRIPT_SELF_SHIELDING_AUDITOR,2,1,3,5.75000000000000000e+00,1.08804373309742832e+01,I,1.22326509856214155e-02,7.73949747266009930e-02,,,NONE
SCRIPT_SELF_SHIELDING_AUDITOR,2,1,3,5.75000000000000000e+00,1.08804373309742832e+01,U,4.65978482353189630e-02,7.96072428936448334e-02,,,NONE
SCRIPT_SELF_SHIELDING_AUDITOR,2,1,3,5.75000000000000000e+00,1.08804373309742832e+01,C,5.28240645392457353e-02,4.35055349955850534e+00,,,NONE
SCRIPT_SELF_SHIELDING_AUDITOR,2,1,3,5.75000000000000000e+00,1.08804373309742832e+01,J_G1,3.05105091953046862e-04,3.87560042699784738e-02,,,NONE
SCRIPT_SELF_SHIELDING_AUDITOR,2,1,3,5.75000000000000000e+00,1.08804373309742832e+01,J_G2a,7.09770171118425639e-05,6.08290892537552488e-02,,,NONE
SCRIPT_SELF_SHIELDING_AUDITOR,2,1,4,5.75000000000000000e+00,1.08804373309742832e+01,M,7.43816726854689726e-04,7.39378033842260918e-02,,,NONE
SCRIPT_SELF_SHIELDING_AUDITOR,2,1,4,5.75000000000000000e+00,1.08804373309742832e+01,I,1.22326509856213999e-02,7.37895673195839569e-02,,,NONE
SCRIPT_SELF_SHIELDING_AUDITOR,2,1,4,5.75000000000000000e+00,1.08804373309742832e+01,U,4.50391430592939346e-02,7.84919152611724541e-02,,,NONE
SCRIPT_SELF_SHIELDING_AUDITOR,2,1,4,5.75000000000000000e+00,1.08804373309742832e+01,C,4.88164455448439616e-02,4.35055349955850446e+00,,,NONE
SCRIPT_SELF_SHIELDING_AUDITOR,2,1,4,5.75000000000000000e+00,1.08804373309742832e+01,J_G1,3.27720169018735205e-05,3.48758641653949403e-02,,,NONE
SCRIPT_SELF_SHIELDING_AUDITOR,2,1,4,5.75000000000000000e+00,1.08804373309742832e+01,J_G2a,6.49489658093634679e-06,5.84485464081579698e-02,,,NONE
SCRIPT_SELF_SHIELDING_AUDITOR,2,1,5,5.75000000000000000e+00,1.08804373309742832e+01,M,7.43816726854689943e-04,7.37612144246230228e-02,,,NONE
SCRIPT_SELF_SHIELDING_AUDITOR,2,1,5,5.75000000000000000e+00,1.08804373309742832e+01,I,1.22326509856214329e-02,7.36128419829788216e-02,,,NONE
SCRIPT_SELF_SHIELDING_AUDITOR,2,1,5,5.75000000000000000e+00,1.08804373309742832e+01,U,4.48365160126352955e-02,7.83596450087243879e-02,,,NONE
SCRIPT_SELF_SHIELDING_AUDITOR,2,1,5,5.75000000000000000e+00,1.08804373309742832e+01,C,4.86206596206109273e-02,4.35055349955850890e+00,,,NONE
SCRIPT_SELF_SHIELDING_AUDITOR,2,1,5,5.75000000000000000e+00,1.08804373309742832e+01,J_G1,8.37830704221269403e-07,3.46810032456662393e-02,,,NONE
SCRIPT_SELF_SHIELDING_AUDITOR,2,1,5,5.75000000000000000e+00,1.08804373309742832e+01,J_G2a,1.62397013750148858e-07,5.86045945734111548e-02,,,NONE
SCRIPT_SELF_SHIELDING_AUDITOR,2,1,6,5.75000000000000000e+00,1.08804373309742832e+01,M,7.43816726854689726e-04,5.38054509636517603e-02,,,NONE
SCRIPT_SELF_SHIELDING_AUDITOR,2,1,6,5.75000000000000000e+00,1.08804373309742832e+01,I,1.25551893545253999e-02,5.36437711944441065e-02,,,NONE
SCRIPT_SELF_SHIELDING_AUDITOR,2,1,6,5.75000000000000000e+00,1.08804373309742832e+01,U,5.26717208865903133e-02,9.91358921459601222e-02,,,NONE
SCRIPT_SELF_SHIELDING_AUDITOR,2,1,6,5.75000000000000000e+00,1.08804373309742832e+01,C,2.68836753244163888e-02,4.38095380242569643e+00,,,NONE
SCRIPT_SELF_SHIELDING_AUDITOR,2,1,6,5.75000000000000000e+00,1.08804373309742832e+01,J_G1,9.95241487838978943e-03,2.80579567062842553e-02,,,NONE
SCRIPT_SELF_SHIELDING_AUDITOR,2,1,6,5.75000000000000000e+00,1.08804373309742832e+01,J_G2a,6.81008098971841967e-03,2.97482066773767026e-02,,,NONE
SCRIPT_SELF_SHIELDING_AUDITOR,2,1,7,5.75000000000000000e+00,1.08804373309742832e+01,M,7.43816726854689726e-04,7.00837038884325886e-02,,,NONE
SCRIPT_SELF_SHIELDING_AUDITOR,2,1,7,5.75000000000000000e+00,1.08804373309742832e+01,I,1.25551893545253861e-02,6.99325656009380514e-02,,,NONE
SCRIPT_SELF_SHIELDING_AUDITOR,2,1,7,5.75000000000000000e+00,1.08804373309742832e+01,U,6.34067242425954969e-02,9.64715227431865580e-02,,,NONE
SCRIPT_SELF_SHIELDING_AUDITOR,2,1,7,5.75000000000000000e+00,1.08804373309742832e+01,C,4.45572585089359374e-02,4.38095380242578436e+00,,,NONE
SCRIPT_SELF_SHIELDING_AUDITOR,2,1,7,5.75000000000000000e+00,1.08804373309742832e+01,J_G1,1.06003526990506042e-02,2.81901273349110561e-02,,,NONE
SCRIPT_SELF_SHIELDING_AUDITOR,2,1,7,5.75000000000000000e+00,1.08804373309742832e+01,J_G2a,3.99913194455199256e-03,5.10148343964102469e-02,,,NONE
SCRIPT_SELF_SHIELDING_AUDITOR,2,1,8,5.75000000000000000e+00,1.08804373309742832e+01,M,7.43816726854689943e-04,7.17646476903807534e-02,,,NONE
SCRIPT_SELF_SHIELDING_AUDITOR,2,1,8,5.75000000000000000e+00,1.08804373309742832e+01,I,1.25551893545253999e-02,7.16147560571925995e-02,,,NONE
SCRIPT_SELF_SHIELDING_AUDITOR,2,1,8,5.75000000000000000e+00,1.08804373309742832e+01,U,6.15614199234808257e-02,9.50114692601285726e-02,,,NONE
SCRIPT_SELF_SHIELDING_AUDITOR,2,1,8,5.75000000000000000e+00,1.08804373309742832e+01,C,4.64113051042168018e-02,4.38095380242574439e+00,,,NONE
SCRIPT_SELF_SHIELDING_AUDITOR,2,1,8,5.75000000000000000e+00,1.08804373309742832e+01,J_G1,4.89650224011042856e-03,3.09084017053684670e-02,,,NONE
SCRIPT_SELF_SHIELDING_AUDITOR,2,1,8,5.75000000000000000e+00,1.08804373309742832e+01,J_G2a,1.60600293381524283e-03,5.29704014524697286e-02,,,NONE
SCRIPT_SELF_SHIELDING_AUDITOR,2,1,9,5.75000000000000000e+00,1.08804373309742832e+01,M,7.43816726854689943e-04,7.26763509949317349e-02,,,NONE
SCRIPT_SELF_SHIELDING_AUDITOR,2,1,9,5.75000000000000000e+00,1.08804373309742832e+01,I,1.25551893545253999e-02,7.25271478978272988e-02,,,NONE
SCRIPT_SELF_SHIELDING_AUDITOR,2,1,9,5.75000000000000000e+00,1.08804373309742832e+01,U,6.05325015716014075e-02,9.42818908654166621e-02,,,NONE
SCRIPT_SELF_SHIELDING_AUDITOR,2,1,9,5.75000000000000000e+00,1.08804373309742832e+01,C,4.74192051413500140e-02,4.38095380242571242e+00,,,NONE
SCRIPT_SELF_SHIELDING_AUDITOR,2,1,9,5.75000000000000000e+00,1.08804373309742832e+01,J_G1,2.32727945340675856e-03,3.21671267155909033e-02,,,NONE
SCRIPT_SELF_SHIELDING_AUDITOR,2,1,9,5.75000000000000000e+00,1.08804373309742832e+01,J_G2a,7.02505282199484887e-04,5.46249199220469606e-02,,,NONE
SCRIPT_SELF_SHIELDING_AUDITOR,2,1,10,5.75000000000000000e+00,1.08804373309742832e+01,M,7.43816726854689618e-04,7.20195761012036584e-02,,,NONE
SCRIPT_SELF_SHIELDING_AUDITOR,2,1,10,5.75000000000000000e+00,1.08804373309742832e+01,I,1.25551893545253583e-02,7.18698761179237811e-02,,,NONE
SCRIPT_SELF_SHIELDING_AUDITOR,2,1,10,5.75000000000000000e+00,1.08804373309742832e+01,U,5.89652280329419423e-02,9.31670660692946462e-02,,,NONE
SCRIPT_SELF_SHIELDING_AUDITOR,2,1,10,5.75000000000000000e+00,1.08804373309742832e+01,C,4.66929679245866591e-02,4.38095380242579147e+00,,,NONE
SCRIPT_SELF_SHIELDING_AUDITOR,2,1,10,5.75000000000000000e+00,1.08804373309742832e+01,J_G1,2.25023523802742205e-04,3.17300766588012456e-02,,,NONE
SCRIPT_SELF_SHIELDING_AUDITOR,2,1,10,5.75000000000000000e+00,1.08804373309742832e+01,J_G2a,5.93523944263278790e-05,5.50851881166396218e-02,,,NONE
SCRIPT_SELF_SHIELDING_AUDITOR,2,1,11,5.75000000000000000e+00,1.08804373309742832e+01,M,7.43816726854689726e-04,7.15132421471467022e-02,,,NONE
SCRIPT_SELF_SHIELDING_AUDITOR,2,1,11,5.75000000000000000e+00,1.08804373309742832e+01,I,1.25551893545253600e-02,7.13631621792288062e-02,,,NONE
SCRIPT_SELF_SHIELDING_AUDITOR,2,1,11,5.75000000000000000e+00,1.08804373309742832e+01,U,5.86127717021481601e-02,9.29345679610528025e-02,,,NONE
SCRIPT_SELF_SHIELDING_AUDITOR,2,1,11,5.75000000000000000e+00,1.08804373309742832e+01,C,4.61336590801672344e-02,4.38095380242578081e+00,,,NONE
SCRIPT_SELF_SHIELDING_AUDITOR,2,1,11,5.75000000000000000e+00,1.08804373309742832e+01,J_G1,5.78657569354054045e-06,3.11764866448579828e-02,,,NONE
SCRIPT_SELF_SHIELDING_AUDITOR,2,1,11,5.75000000000000000e+00,1.08804373309742832e+01,J_G2a,1.47826311456627765e-06,5.49778478629884479e-02,,,NONE
SCRIPT_SELF_SHIELDING_AUDITOR,2,1,12,5.75000000000000000e+00,1.08804373309742832e+01,M,7.43816726854689726e-04,4.03004332556674005e-02,,,NONE
SCRIPT_SELF_SHIELDING_AUDITOR,2,1,12,5.75000000000000000e+00,1.08804373309742832e+01,I,1.36841485018377746e-02,4.95062554609120645e-02,,,NONE
SCRIPT_SELF_SHIELDING_AUDITOR,2,1,12,5.75000000000000000e+00,1.08804373309742832e+01,U,2.12028830468716407e-02,1.44775501173398879e-01,,,NONE
SCRIPT_SELF_SHIELDING_AUDITOR,2,1,12,5.75000000000000000e+00,1.08804373309742832e+01,C,5.81132057443428576e-03,4.48970574645730824e+00,,,NONE
SCRIPT_SELF_SHIELDING_AUDITOR,2,1,12,5.75000000000000000e+00,1.08804373309742832e+01,J_G1,1.03142396123477361e-02,2.34120546138904713e-02,,,NONE
SCRIPT_SELF_SHIELDING_AUDITOR,2,1,12,5.75000000000000000e+00,1.08804373309742832e+01,J_G2a,3.03683670771393108e-03,8.61337347667428220e-03,,,NONE
SCRIPT_SELF_SHIELDING_AUDITOR,2,1,13,5.75000000000000000e+00,1.08804373309742832e+01,M,7.43816726854689618e-04,6.54818988859635354e-02,,,NONE
SCRIPT_SELF_SHIELDING_AUDITOR,2,1,13,5.75000000000000000e+00,1.08804373309742832e+01,I,1.36841485018377833e-02,6.53274991499652458e-02,,,NONE
SCRIPT_SELF_SHIELDING_AUDITOR,2,1,13,5.75000000000000000e+00,1.08804373309742832e+01,U,6.43988198784185700e-02,1.43536080005033567e-01,,,NONE
SCRIPT_SELF_SHIELDING_AUDITOR,2,1,13,5.75000000000000000e+00,1.08804373309742832e+01,C,3.95096372079643682e-02,4.48970574645726472e+00,,,NONE
SCRIPT_SELF_SHIELDING_AUDITOR,2,1,13,5.75000000000000000e+00,1.08804373309742832e+01,J_G1,4.20722530864489630e-03,2.20853149258077690e-02,,,NONE
SCRIPT_SELF_SHIELDING_AUDITOR,2,1,13,5.75000000000000000e+00,1.08804373309742832e+01,J_G2a,2.04706290105364629e-03,4.42213084358976730e-02,,,NONE
SCRIPT_SELF_SHIELDING_AUDITOR,2,1,14,5.75000000000000000e+00,1.08804373309742832e+01,M,7.43816726854689943e-04,4.03004332556674075e-02,,,NONE
SCRIPT_SELF_SHIELDING_AUDITOR,2,1,14,5.75000000000000000e+00,1.08804373309742832e+01,I,1.36841485018377833e-02,4.95062554609120575e-02,,,NONE
SCRIPT_SELF_SHIELDING_AUDITOR,2,1,14,5.75000000000000000e+00,1.08804373309742832e+01,U,3.16194222836774022e-02,1.43814714148364109e-01,,,NONE
SCRIPT_SELF_SHIELDING_AUDITOR,2,1,14,5.75000000000000000e+00,1.08804373309742832e+01,C,4.82490485926125295e-03,4.48970574645729936e+00,,,NONE
SCRIPT_SELF_SHIELDING_AUDITOR,2,1,14,5.75000000000000000e+00,1.08804373309742832e+01,J_G1,1.17410314897498070e-03,1.37851005077999824e-02,,,NONE
SCRIPT_SELF_SHIELDING_AUDITOR,2,1,14,5.75000000000000000e+00,1.08804373309742832e+01,J_G2a,5.73577712049428128e-04,1.10040105295641719e-02,,,NONE
SCRIPT_SELF_SHIELDING_AUDITOR,2,1,15,5.75000000000000000e+00,1.08804373309742832e+01,M,7.43816726854689726e-04,6.58075024230786593e-02,,,NONE
SCRIPT_SELF_SHIELDING_AUDITOR,2,1,15,5.75000000000000000e+00,1.08804373309742832e+01,I,1.36841485018377677e-02,6.56533261604292373e-02,,,NONE
SCRIPT_SELF_SHIELDING_AUDITOR,2,1,15,5.75000000000000000e+00,1.08804373309742832e+01,U,6.47259799445469713e-02,1.42619795563155793e-01,,,NONE
SCRIPT_SELF_SHIELDING_AUDITOR,2,1,15,5.75000000000000000e+00,1.08804373309742832e+01,C,3.98654397864111193e-02,4.48970574645727893e+00,,,NONE
SCRIPT_SELF_SHIELDING_AUDITOR,2,1,15,5.75000000000000000e+00,1.08804373309742832e+01,J_G1,9.88447782523003146e-04,2.33725954365452508e-02,,,NONE
SCRIPT_SELF_SHIELDING_AUDITOR,2,1,15,5.75000000000000000e+00,1.08804373309742832e+01,J_G2a,4.51704695471821609e-04,4.36804215420803915e-02,,,NONE
SCRIPT_SELF_SHIELDING_AUDITOR,2,1,16,5.75000000000000000e+00,1.08804373309742832e+01,M,7.43816726854689943e-04,6.56512865549435387e-02,,,NONE
SCRIPT_SELF_SHIELDING_AUDITOR,2,1,16,5.75000000000000000e+00,1.08804373309742832e+01,I,1.36841485018377798e-02,6.54970029371716306e-02,,,NONE
SCRIPT_SELF_SHIELDING_AUDITOR,2,1,16,5.75000000000000000e+00,1.08804373309742832e+01,U,6.45690163192850497e-02,1.42200805203529790e-01,,,NONE
SCRIPT_SELF_SHIELDING_AUDITOR,2,1,16,5.75000000000000000e+00,1.08804373309742832e+01,C,3.96947097651772149e-02,4.48970574645730558e+00,,,NONE
SCRIPT_SELF_SHIELDING_AUDITOR,2,1,16,5.75000000000000000e+00,1.08804373309742832e+01,J_G1,1.00102743364876136e-04,2.30470996879713758e-02,,,NONE
SCRIPT_SELF_SHIELDING_AUDITOR,2,1,16,5.75000000000000000e+00,1.08804373309742832e+01,J_G2a,4.34389696737650096e-05,4.44875297423101279e-02,,,NONE
SCRIPT_SELF_SHIELDING_AUDITOR,2,1,17,5.75000000000000000e+00,1.08804373309742832e+01,M,7.43816726855772194e-04,6.51002907651579560e-02,,,NONE
SCRIPT_SELF_SHIELDING_AUDITOR,2,1,17,5.75000000000000000e+00,1.08804373309742832e+01,I,1.36841485018168903e-02,6.49456305313157317e-02,,,NONE
SCRIPT_SELF_SHIELDING_AUDITOR,2,1,17,5.75000000000000000e+00,1.08804373309742832e+01,U,6.40153974574001472e-02,1.42127261390541826e-01,,,NONE
SCRIPT_SELF_SHIELDING_AUDITOR,2,1,17,5.75000000000000000e+00,1.08804373309742832e+01,C,3.90928952891398743e-02,4.48970574647347576e+00,,,NONE
SCRIPT_SELF_SHIELDING_AUDITOR,2,1,17,5.75000000000000000e+00,1.08804373309742832e+01,J_G1,2.66393231651408075e-06,2.26255360105244163e-02,,,NONE
SCRIPT_SELF_SHIELDING_AUDITOR,2,1,17,5.75000000000000000e+00,1.08804373309742832e+01,J_G2a,1.15600664956976106e-06,4.34880448352796892e-02,,,NONE
SCRIPT_SELF_SHIELDING_AUDITOR,2,2,0,5.75000000000000000e+00,1.08804373309742832e+01,M,4.45968232843092956e-03,4.03004332556674075e-02,,,NONE
SCRIPT_SELF_SHIELDING_AUDITOR,2,2,0,5.75000000000000000e+00,1.08804373309742832e+01,I,4.60249248932269751e-03,4.79718772465698093e-02,,,NONE
SCRIPT_SELF_SHIELDING_AUDITOR,2,2,0,5.75000000000000000e+00,1.08804373309742832e+01,U,5.01369260475682116e-03,8.62954894609863771e-02,,,NONE
SCRIPT_SELF_SHIELDING_AUDITOR,2,2,0,5.75000000000000000e+00,1.08804373309742832e+01,C,2.92499504208611205e-03,4.35055349955846982e+00,,,NONE
SCRIPT_SELF_SHIELDING_AUDITOR,2,2,0,5.75000000000000000e+00,1.08804373309742832e+01,J_G1,1.55844038080272997e-03,8.47724632791188593e-03,,,NONE
SCRIPT_SELF_SHIELDING_AUDITOR,2,2,0,5.75000000000000000e+00,1.08804373309742832e+01,J_G2a,4.21801086013073433e-03,4.45774933624024962e-03,,,NONE
SCRIPT_SELF_SHIELDING_AUDITOR,2,2,1,5.75000000000000000e+00,1.08804373309742832e+01,M,4.69578154739852191e-03,4.03004332556674075e-02,,,NONE
SCRIPT_SELF_SHIELDING_AUDITOR,2,2,1,5.75000000000000000e+00,1.08804373309742832e+01,I,5.19958842897158286e-03,4.79718772465698162e-02,,,NONE
SCRIPT_SELF_SHIELDING_AUDITOR,2,2,1,5.75000000000000000e+00,1.08804373309742832e+01,U,5.61071428276495136e-03,8.12768091165283618e-02,,,NONE
SCRIPT_SELF_SHIELDING_AUDITOR,2,2,1,5.75000000000000000e+00,1.08804373309742832e+01,C,3.52233198617477299e-03,4.35055349955849913e+00,,,NONE
SCRIPT_SELF_SHIELDING_AUDITOR,2,2,1,5.75000000000000000e+00,1.08804373309742832e+01,J_G1,1.55844038080292318e-03,3.34377107621916785e-03,,,NONE
SCRIPT_SELF_SHIELDING_AUDITOR,2,2,1,5.75000000000000000e+00,1.08804373309742832e+01,J_G2a,1.01923596370384205e-03,4.21801086013069704e-03,,,NONE
SCRIPT_SELF_SHIELDING_AUDITOR,2,2,2,5.75000000000000000e+00,1.08804373309742832e+01,M,4.69578154739852364e-03,4.03004332556674214e-02,,,NONE
SCRIPT_SELF_SHIELDING_AUDITOR,2,2,2,5.75000000000000000e+00,1.08804373309742832e+01,I,5.31669350217835960e-03,4.79718772465698370e-02,,,NONE
SCRIPT_SELF_SHIELDING_AUDITOR,2,2,2,5.75000000000000000e+00,1.08804373309742832e+01,U,5.72780377310417449e-03,8.02962403734794467e-02,,,NONE
SCRIPT_SELF_SHIELDING_AUDITOR,2,2,2,5.75000000000000000e+00,1.08804373309742832e+01,C,3.63948848297755700e-03,4.35055349955843162e+00,,,NONE
SCRIPT_SELF_SHIELDING_AUDITOR,2,2,2,5.75000000000000000e+00,1.08804373309742832e+01,J_G1,1.55844038080257645e-03,1.71058959143362342e-03,,,NONE
SCRIPT_SELF_SHIELDING_AUDITOR,2,2,2,5.75000000000000000e+00,1.08804373309742832e+01,J_G2a,4.65744005561820730e-04,4.21801086013071092e-03,,,NONE
SCRIPT_SELF_SHIELDING_AUDITOR,2,2,3,5.75000000000000000e+00,1.08804373309742832e+01,M,4.69578154739852278e-03,4.03004332556674005e-02,,,NONE
SCRIPT_SELF_SHIELDING_AUDITOR,2,2,3,5.75000000000000000e+00,1.08804373309742832e+01,I,5.39906432127246552e-03,4.79718772465698023e-02,,,NONE
SCRIPT_SELF_SHIELDING_AUDITOR,2,2,3,5.75000000000000000e+00,1.08804373309742832e+01,U,5.81016343126755652e-03,7.96072428936448334e-02,,,NONE
SCRIPT_SELF_SHIELDING_AUDITOR,2,2,3,5.75000000000000000e+00,1.08804373309742832e+01,C,3.72189628969345513e-03,4.35055349955850534e+00,,,NONE
SCRIPT_SELF_SHIELDING_AUDITOR,2,2,3,5.75000000000000000e+00,1.08804373309742832e+01,J_G1,8.58851620180100194e-04,1.55844038080250468e-03,,,NONE
SCRIPT_SELF_SHIELDING_AUDITOR,2,2,3,5.75000000000000000e+00,1.08804373309742832e+01,J_G2a,2.18717232689050563e-04,4.21801086013035356e-03,,,NONE
SCRIPT_SELF_SHIELDING_AUDITOR,2,2,4,5.75000000000000000e+00,1.08804373309742832e+01,M,4.69578154739852451e-03,4.03004332556674075e-02,,,NONE
SCRIPT_SELF_SHIELDING_AUDITOR,2,2,4,5.75000000000000000e+00,1.08804373309742832e+01,I,5.53255581800050217e-03,4.79718772465698162e-02,,,NONE
SCRIPT_SELF_SHIELDING_AUDITOR,2,2,4,5.75000000000000000e+00,1.08804373309742832e+01,U,5.94363648955606016e-03,7.84919152611724541e-02,,,NONE
SCRIPT_SELF_SHIELDING_AUDITOR,2,2,4,5.75000000000000000e+00,1.08804373309742832e+01,C,3.85544916139518405e-03,4.35055349955850446e+00,,,NONE
SCRIPT_SELF_SHIELDING_AUDITOR,2,2,4,5.75000000000000000e+00,1.08804373309742832e+01,J_G1,8.82815346716631219e-05,1.55844038080251877e-03,,,NONE
SCRIPT_SELF_SHIELDING_AUDITOR,2,2,4,5.75000000000000000e+00,1.08804373309742832e+01,J_G2a,1.94430753476576650e-05,4.21801086013075342e-03,,,NONE
SCRIPT_SELF_SHIELDING_AUDITOR,2,2,5,5.75000000000000000e+00,1.08804373309742832e+01,M,4.69578154739852104e-03,4.03004332556674214e-02,,,NONE
SCRIPT_SELF_SHIELDING_AUDITOR,2,2,5,5.75000000000000000e+00,1.08804373309742832e+01,I,5.54839949382732438e-03,4.79718772465698370e-02,,,NONE
SCRIPT_SELF_SHIELDING_AUDITOR,2,2,5,5.75000000000000000e+00,1.08804373309742832e+01,U,5.95947794817593569e-03,7.83596450087243879e-02,,,NONE
SCRIPT_SELF_SHIELDING_AUDITOR,2,2,5,5.75000000000000000e+00,1.08804373309742832e+01,C,3.87130023921937851e-03,4.35055349955850890e+00,,,NONE
SCRIPT_SELF_SHIELDING_AUDITOR,2,2,5,5.75000000000000000e+00,1.08804373309742832e+01,J_G1,2.25199805796335581e-06,1.55844038080272390e-03,,,NONE
SCRIPT_SELF_SHIELDING_AUDITOR,2,2,5,5.75000000000000000e+00,1.08804373309742832e+01,J_G2a,4.87069932376518690e-07,4.21801086013045157e-03,,,NONE
SCRIPT_SELF_SHIELDING_AUDITOR,2,2,6,5.75000000000000000e+00,1.08804373309742832e+01,M,4.41089192760773640e-03,4.03004332556674214e-02,,,NONE
SCRIPT_SELF_SHIELDING_AUDITOR,2,2,6,5.75000000000000000e+00,1.08804373309742832e+01,I,4.55370394831515653e-03,4.83070896737386735e-02,,,NONE
SCRIPT_SELF_SHIELDING_AUDITOR,2,2,6,5.75000000000000000e+00,1.08804373309742832e+01,U,4.96490974795994050e-03,9.91358921459601222e-02,,,NONE
SCRIPT_SELF_SHIELDING_AUDITOR,2,2,6,5.75000000000000000e+00,1.08804373309742832e+01,C,2.87618837475323540e-03,4.38095380242569643e+00,,,NONE
SCRIPT_SELF_SHIELDING_AUDITOR,2,2,6,5.75000000000000000e+00,1.08804373309742832e+01,J_G1,1.55844038080298107e-03,2.80579567062842553e-02,,,NONE
SCRIPT_SELF_SHIELDING_AUDITOR,2,2,6,5.75000000000000000e+00,1.08804373309742832e+01,J_G2a,4.21801086013023387e-03,1.53105781850589352e-02,,,NONE
SCRIPT_SELF_SHIELDING_AUDITOR,2,2,7,5.75000000000000000e+00,1.08804373309742832e+01,M,4.69578154739852278e-03,4.03004332556674075e-02,,,NONE
SCRIPT_SELF_SHIELDING_AUDITOR,2,2,7,5.75000000000000000e+00,1.08804373309742832e+01,I,4.87006189594399366e-03,4.83070896737386457e-02,,,NONE
SCRIPT_SELF_SHIELDING_AUDITOR,2,2,7,5.75000000000000000e+00,1.08804373309742832e+01,U,5.28122980697251238e-03,9.64715227431865580e-02,,,NONE
SCRIPT_SELF_SHIELDING_AUDITOR,2,2,7,5.75000000000000000e+00,1.08804373309742832e+01,C,3.19266806509752466e-03,4.38095380242578436e+00,,,NONE
SCRIPT_SELF_SHIELDING_AUDITOR,2,2,7,5.75000000000000000e+00,1.08804373309742832e+01,J_G1,1.55844038080300644e-03,2.69461718205294409e-02,,,NONE
SCRIPT_SELF_SHIELDING_AUDITOR,2,2,7,5.75000000000000000e+00,1.08804373309742832e+01,J_G2a,4.21801086013054438e-03,1.14694234821564878e-02,,,NONE
SCRIPT_SELF_SHIELDING_AUDITOR,2,2,8,5.75000000000000000e+00,1.08804373309742832e+01,M,4.69578154739852018e-03,4.03004332556674214e-02,,,NONE
SCRIPT_SELF_SHIELDING_AUDITOR,2,2,8,5.75000000000000000e+00,1.08804373309742832e+01,I,5.04387468062953651e-03,4.83070896737386665e-02,,,NONE
SCRIPT_SELF_SHIELDING_AUDITOR,2,2,8,5.75000000000000000e+00,1.08804373309742832e+01,U,5.45502073759777592e-03,9.50114692601285726e-02,,,NONE
SCRIPT_SELF_SHIELDING_AUDITOR,2,2,8,5.75000000000000000e+00,1.08804373309742832e+01,C,3.36655197164784873e-03,4.38095380242574439e+00,,,NONE
SCRIPT_SELF_SHIELDING_AUDITOR,2,2,8,5.75000000000000000e+00,1.08804373309742832e+01,J_G1,1.55844038080310749e-03,1.28306431748146516e-02,,,NONE
SCRIPT_SELF_SHIELDING_AUDITOR,2,2,8,5.75000000000000000e+00,1.08804373309742832e+01,J_G2a,4.21801086013069964e-03,4.71375043308069376e-03,,,NONE
SCRIPT_SELF_SHIELDING_AUDITOR,2,2,9,5.75000000000000000e+00,1.08804373309742832e+01,M,4.69578154739852451e-03,4.03004332556674075e-02,,,NONE
SCRIPT_SELF_SHIELDING_AUDITOR,2,2,9,5.75000000000000000e+00,1.08804373309742832e+01,I,5.13084774007901631e-03,4.83070896737386457e-02,,,NONE
SCRIPT_SELF_SHIELDING_AUDITOR,2,2,9,5.75000000000000000e+00,1.08804373309742832e+01,U,5.54198258546916185e-03,9.42818908654166621e-02,,,NONE
SCRIPT_SELF_SHIELDING_AUDITOR,2,2,9,5.75000000000000000e+00,1.08804373309742832e+01,C,3.45356174657069585e-03,4.38095380242571242e+00,,,NONE
SCRIPT_SELF_SHIELDING_AUDITOR,2,2,9,5.75000000000000000e+00,1.08804373309742832e+01,J_G1,1.55844038080265581e-03,6.18499427175759654e-03,,,NONE
SCRIPT_SELF_SHIELDING_AUDITOR,2,2,9,5.75000000000000000e+00,1.08804373309742832e+01,J_G2a,2.00856334546302071e-03,4.21801086013105526e-03,,,NONE
SCRIPT_SELF_SHIELDING_AUDITOR,2,2,10,5.75000000000000000e+00,1.08804373309742832e+01,M,4.69578154739852364e-03,4.03004332556674075e-02,,,NONE
SCRIPT_SELF_SHIELDING_AUDITOR,2,2,10,5.75000000000000000e+00,1.08804373309742832e+01,I,5.26390086259341007e-03,4.83070896737386388e-02,,,NONE
SCRIPT_SELF_SHIELDING_AUDITOR,2,2,10,5.75000000000000000e+00,1.08804373309742832e+01,U,5.67501819983797211e-03,9.31670660692946462e-02,,,NONE
SCRIPT_SELF_SHIELDING_AUDITOR,2,2,10,5.75000000000000000e+00,1.08804373309742832e+01,C,3.58667249215243204e-03,4.38095380242579147e+00,,,NONE
SCRIPT_SELF_SHIELDING_AUDITOR,2,2,10,5.75000000000000000e+00,1.08804373309742832e+01,J_G1,5.85092943669433666e-04,1.55844038080260160e-03,,,NONE
SCRIPT_SELF_SHIELDING_AUDITOR,2,2,10,5.75000000000000000e+00,1.08804373309742832e+01,J_G2a,1.70632487713900070e-04,4.21801086013066321e-03,,,NONE
SCRIPT_SELF_SHIELDING_AUDITOR,2,2,11,5.75000000000000000e+00,1.08804373309742832e+01,M,4.69578154739852104e-03,4.03004332556673936e-02,,,NONE
SCRIPT_SELF_SHIELDING_AUDITOR,2,2,11,5.75000000000000000e+00,1.08804373309742832e+01,I,5.29167287649922463e-03,4.83070896737385971e-02,,,NONE
SCRIPT_SELF_SHIELDING_AUDITOR,2,2,11,5.75000000000000000e+00,1.08804373309742832e+01,U,5.70278650490770728e-03,9.29345679610528025e-02,,,NONE
SCRIPT_SELF_SHIELDING_AUDITOR,2,2,11,5.75000000000000000e+00,1.08804373309742832e+01,C,3.61445675563876970e-03,4.38095380242578081e+00,,,NONE
SCRIPT_SELF_SHIELDING_AUDITOR,2,2,11,5.75000000000000000e+00,1.08804373309742832e+01,J_G1,1.49528434484871992e-05,1.55844038080257970e-03,,,NONE
SCRIPT_SELF_SHIELDING_AUDITOR,2,2,11,5.75000000000000000e+00,1.08804373309742832e+01,J_G2a,4.24441718758447577e-06,4.21801086013056867e-03,,,NONE
SCRIPT_SELF_SHIELDING_AUDITOR,2,2,12,5.75000000000000000e+00,1.08804373309742832e+01,M,4.27144264957655343e-03,4.03004332556674005e-02,,,NONE
SCRIPT_SELF_SHIELDING_AUDITOR,2,2,12,5.75000000000000000e+00,1.08804373309742832e+01,I,4.41425987486863958e-03,4.95062554609120645e-02,,,NONE
SCRIPT_SELF_SHIELDING_AUDITOR,2,2,12,5.75000000000000000e+00,1.08804373309742832e+01,U,4.82548160113797746e-03,1.44775501173398879e-01,,,NONE
SCRIPT_SELF_SHIELDING_AUDITOR,2,2,12,5.75000000000000000e+00,1.08804373309742832e+01,C,2.73669379830764796e-03,4.48970574645730824e+00,,,NONE
SCRIPT_SELF_SHIELDING_AUDITOR,2,2,12,5.75000000000000000e+00,1.08804373309742832e+01,J_G1,1.55844038080305285e-03,1.48975224700924301e-02,,,NONE
SCRIPT_SELF_SHIELDING_AUDITOR,2,2,12,5.75000000000000000e+00,1.08804373309742832e+01,J_G2a,4.21801086013050101e-03,9.01795789953546006e-03,,,NONE
SCRIPT_SELF_SHIELDING_AUDITOR,2,2,13,5.75000000000000000e+00,1.08804373309742832e+01,M,4.41826293339948970e-03,4.03004332556674075e-02,,,NONE
SCRIPT_SELF_SHIELDING_AUDITOR,2,2,13,5.75000000000000000e+00,1.08804373309742832e+01,I,4.56107467442652334e-03,4.95062554609120783e-02,,,NONE
SCRIPT_SELF_SHIELDING_AUDITOR,2,2,13,5.75000000000000000e+00,1.08804373309742832e+01,U,4.97227961904658441e-03,1.43536080005033567e-01,,,NONE
SCRIPT_SELF_SHIELDING_AUDITOR,2,2,13,5.75000000000000000e+00,1.08804373309742832e+01,C,2.88356182412685636e-03,4.48970574645726472e+00,,,NONE
SCRIPT_SELF_SHIELDING_AUDITOR,2,2,13,5.75000000000000000e+00,1.08804373309742832e+01,J_G1,1.55844038080267490e-03,9.99476606537178479e-03,,,NONE
SCRIPT_SELF_SHIELDING_AUDITOR,2,2,13,5.75000000000000000e+00,1.08804373309742832e+01,J_G2a,4.21801086013062244e-03,5.42363983030732036e-03,,,NONE
SCRIPT_SELF_SHIELDING_AUDITOR,2,2,14,5.75000000000000000e+00,1.08804373309742832e+01,M,4.38523631159401690e-03,4.03004332556674075e-02,,,NONE
SCRIPT_SELF_SHIELDING_AUDITOR,2,2,14,5.75000000000000000e+00,1.08804373309742832e+01,I,4.52804930217730849e-03,4.95062554609120575e-02,,,NONE
SCRIPT_SELF_SHIELDING_AUDITOR,2,2,14,5.75000000000000000e+00,1.08804373309742832e+01,U,4.93925806751594962e-03,1.43814714148364109e-01,,,NONE
SCRIPT_SELF_SHIELDING_AUDITOR,2,2,14,5.75000000000000000e+00,1.08804373309742832e+01,C,2.85052429209870862e-03,4.48970574645729936e+00,,,NONE
SCRIPT_SELF_SHIELDING_AUDITOR,2,2,14,5.75000000000000000e+00,1.08804373309742832e+01,J_G1,1.55844038080313677e-03,1.88518965007063231e-03,,,NONE
SCRIPT_SELF_SHIELDING_AUDITOR,2,2,14,5.75000000000000000e+00,1.08804373309742832e+01,J_G2a,1.00170494073822448e-03,4.21801086013104398e-03,,,NONE
SCRIPT_SELF_SHIELDING_AUDITOR,2,2,15,5.75000000000000000e+00,1.08804373309742832e+01,M,4.52695229408521180e-03,4.03004332556674075e-02,,,NONE
SCRIPT_SELF_SHIELDING_AUDITOR,2,2,15,5.75000000000000000e+00,1.08804373309742832e+01,I,4.66975985773154540e-03,4.95062554609120783e-02,,,NONE
SCRIPT_SELF_SHIELDING_AUDITOR,2,2,15,5.75000000000000000e+00,1.08804373309742832e+01,U,5.08095204098485496e-03,1.42619795563155793e-01,,,NONE
SCRIPT_SELF_SHIELDING_AUDITOR,2,2,15,5.75000000000000000e+00,1.08804373309742832e+01,C,2.99228779020112084e-03,4.48970574645727893e+00,,,NONE
SCRIPT_SELF_SHIELDING_AUDITOR,2,2,15,5.75000000000000000e+00,1.08804373309742832e+01,J_G1,1.55844038080289716e-03,2.38181416187916275e-03,,,NONE
SCRIPT_SELF_SHIELDING_AUDITOR,2,2,15,5.75000000000000000e+00,1.08804373309742832e+01,J_G2a,1.13597426503209750e-03,4.21801086013048800e-03,,,NONE
SCRIPT_SELF_SHIELDING_AUDITOR,2,2,16,5.75000000000000000e+00,1.08804373309742832e+01,M,4.57669462498536996e-03,4.03004332556674075e-02,,,NONE
SCRIPT_SELF_SHIELDING_AUDITOR,2,2,16,5.75000000000000000e+00,1.08804373309742832e+01,I,4.71950024350149301e-03,4.95062554609120575e-02,,,NONE
SCRIPT_SELF_SHIELDING_AUDITOR,2,2,16,5.75000000000000000e+00,1.08804373309742832e+01,U,5.13068649049437751e-03,1.42200805203529790e-01,,,NONE
SCRIPT_SELF_SHIELDING_AUDITOR,2,2,16,5.75000000000000000e+00,1.08804373309742832e+01,C,3.04204723205667204e-03,4.48970574645730558e+00,,,NONE
SCRIPT_SELF_SHIELDING_AUDITOR,2,2,16,5.75000000000000000e+00,1.08804373309742832e+01,J_G1,2.36304959084525427e-04,1.55844038080263673e-03,,,NONE
SCRIPT_SELF_SHIELDING_AUDITOR,2,2,16,5.75000000000000000e+00,1.08804373309742832e+01,J_G2a,1.10265588059378742e-04,4.21801086013099194e-03,,,NONE
SCRIPT_SELF_SHIELDING_AUDITOR,2,2,17,5.75000000000000000e+00,1.08804373309742832e+01,M,4.58542842157173142e-03,4.03004332558246081e-02,,,NONE
SCRIPT_SELF_SHIELDING_AUDITOR,2,2,17,5.75000000000000000e+00,1.08804373309742832e+01,I,4.72823369640060307e-03,4.95062554610903663e-02,,,NONE
SCRIPT_SELF_SHIELDING_AUDITOR,2,2,17,5.75000000000000000e+00,1.08804373309742832e+01,U,5.13941889488252462e-03,1.42127261390541826e-01,,,NONE
SCRIPT_SELF_SHIELDING_AUDITOR,2,2,17,5.75000000000000000e+00,1.08804373309742832e+01,C,3.05078405621661422e-03,4.48970574647347576e+00,,,NONE
SCRIPT_SELF_SHIELDING_AUDITOR,2,2,17,5.75000000000000000e+00,1.08804373309742832e+01,J_G1,6.25931479215826792e-06,1.55844038088026908e-03,,,NONE
SCRIPT_SELF_SHIELDING_AUDITOR,2,2,17,5.75000000000000000e+00,1.08804373309742832e+01,J_G2a,2.90075486157263608e-06,4.21801086021740719e-03,,,NONE
SCRIPT_SELF_SHIELDING_AUDITOR,3,1,0,5.65000000000000036e+00,1.12923124578075225e+01,M,4.69578154739852278e-03,9.77325093546900781e-02,,,NONE
SCRIPT_SELF_SHIELDING_AUDITOR,3,1,0,5.65000000000000036e+00,1.12923124578075225e+01,I,1.27297622648212382e-02,1.06607486746261360e-01,,,NONE
SCRIPT_SELF_SHIELDING_AUDITOR,3,1,0,5.65000000000000036e+00,1.12923124578075225e+01,U,5.47559137070306387e-02,1.51703252269426409e-01,,,NONE
SCRIPT_SELF_SHIELDING_AUDITOR,3,1,0,5.65000000000000036e+00,1.12923124578075225e+01,C,4.19388674161083608e-02,8.53584431256213527e+00,,,NONE
SCRIPT_SELF_SHIELDING_AUDITOR,3,1,0,5.65000000000000036e+00,1.12923124578075225e+01,J_G1,3.82979604883215436e-03,3.10174041805410250e-02,,,NONE
SCRIPT_SELF_SHIELDING_AUDITOR,3,1,0,5.65000000000000036e+00,1.12923124578075225e+01,J_G2a,2.04233945048644784e-03,5.19469250587947379e-02,,,NONE
SCRIPT_SELF_SHIELDING_AUDITOR,3,1,1,5.65000000000000036e+00,1.12923124578075225e+01,M,4.69578154739852191e-03,9.77325093546900781e-02,,,NONE
SCRIPT_SELF_SHIELDING_AUDITOR,3,1,1,5.65000000000000036e+00,1.12923124578075225e+01,I,1.27297622648212243e-02,1.06607486746261360e-01,,,NONE
SCRIPT_SELF_SHIELDING_AUDITOR,3,1,1,5.65000000000000036e+00,1.12923124578075225e+01,U,4.92916739690595351e-02,1.46188399712740141e-01,,,NONE
SCRIPT_SELF_SHIELDING_AUDITOR,3,1,1,5.65000000000000036e+00,1.12923124578075225e+01,C,5.38503750230113765e-02,8.53584431256232001e+00,,,NONE
SCRIPT_SELF_SHIELDING_AUDITOR,3,1,1,5.65000000000000036e+00,1.12923124578075225e+01,J_G1,1.25740844336959473e-03,4.64749563699623086e-02,,,NONE
SCRIPT_SELF_SHIELDING_AUDITOR,3,1,1,5.65000000000000036e+00,1.12923124578075225e+01,J_G2a,4.33479778179850380e-04,6.15049603401388728e-02,,,NONE
SCRIPT_SELF_SHIELDING_AUDITOR,3,1,2,5.65000000000000036e+00,1.12923124578075225e+01,M,4.69578154739852364e-03,9.77325093546900781e-02,,,NONE
SCRIPT_SELF_SHIELDING_AUDITOR,3,1,2,5.65000000000000036e+00,1.12923124578075225e+01,I,1.27297622648212434e-02,1.06607486746261276e-01,,,NONE
SCRIPT_SELF_SHIELDING_AUDITOR,3,1,2,5.65000000000000036e+00,1.12923124578075225e+01,U,4.82157154150398559e-02,1.45123545755111716e-01,,,NONE
SCRIPT_SELF_SHIELDING_AUDITOR,3,1,2,5.65000000000000036e+00,1.12923124578075225e+01,C,5.15825822967668143e-02,8.53584431256220455e+00,,,NONE
SCRIPT_SELF_SHIELDING_AUDITOR,3,1,2,5.65000000000000036e+00,1.12923124578075225e+01,J_G1,6.57073369130980437e-04,4.47179925571098424e-02,,,NONE
SCRIPT_SELF_SHIELDING_AUDITOR,3,1,2,5.65000000000000036e+00,1.12923124578075225e+01,J_G2a,2.05571716067467353e-04,5.85955910600097704e-02,,,NONE
SCRIPT_SELF_SHIELDING_AUDITOR,3,1,3,5.65000000000000036e+00,1.12923124578075225e+01,M,4.69578154739852278e-03,9.77325093546900781e-02,,,NONE
SCRIPT_SELF_SHIELDING_AUDITOR,3,1,3,5.65000000000000036e+00,1.12923124578075225e+01,I,1.27297622648212261e-02,1.06607486746261360e-01,,,NONE
SCRIPT_SELF_SHIELDING_AUDITOR,3,1,3,5.65000000000000036e+00,1.12923124578075225e+01,U,4.74580481902041121e-02,1.44291630190543668e-01,,,NONE
SCRIPT_SELF_SHIELDING_AUDITOR,3,1,3,5.65000000000000036e+00,1.12923124578075225e+01,C,5.02988680885933168e-02,8.53584431256222942e+00,,,NONE
SCRIPT_SELF_SHIELDING_AUDITOR,3,1,3,5.65000000000000036e+00,1.12923124578075225e+01,J_G1,3.39832223318897102e-04,4.36636318219229547e-02,,,NONE
SCRIPT_SELF_SHIELDING_AUDITOR,3,1,3,5.65000000000000036e+00,1.12923124578075225e+01,J_G2a,9.81540465301075079e-05,5.72829226641236727e-02,,,NONE
SCRIPT_SELF_SHIELDING_AUDITOR,3,1,4,5.65000000000000036e+00,1.12923124578075225e+01,M,4.69578154739852451e-03,9.77325093546900642e-02,,,NONE
SCRIPT_SELF_SHIELDING_AUDITOR,3,1,4,5.65000000000000036e+00,1.12923124578075225e+01,I,1.27297622648212348e-02,1.06607486746261318e-01,,,NONE
SCRIPT_SELF_SHIELDING_AUDITOR,3,1,4,5.65000000000000036e+00,1.12923124578075225e+01,U,4.62286735898845072e-02,1.42822842213338908e-01,,,NONE
SCRIPT_SELF_SHIELDING_AUDITOR,3,1,4,5.65000000000000036e+00,1.12923124578075225e+01,C,5.06863918900950366e-02,8.53584431256214771e+00,,,NONE
SCRIPT_SELF_SHIELDING_AUDITOR,3,1,4,5.65000000000000036e+00,1.12923124578075225e+01,J_G1,3.46728114637213816e-05,4.42811246491313024e-02,,,NONE
SCRIPT_SELF_SHIELDING_AUDITOR,3,1,4,5.65000000000000036e+00,1.12923124578075225e+01,J_G2a,8.60486844650769426e-06,5.83842757393662412e-02,,,NONE
SCRIPT_SELF_SHIELDING_AUDITOR,3,1,5,5.65000000000000036e+00,1.12923124578075225e+01,M,4.69578154739852104e-03,9.77325093546900642e-02,,,NONE
SCRIPT_SELF_SHIELDING_AUDITOR,3,1,5,5.65000000000000036e+00,1.12923124578075225e+01,I,1.27297622648212278e-02,1.06607486746261360e-01,,,NONE
SCRIPT_SELF_SHIELDING_AUDITOR,3,1,5,5.65000000000000036e+00,1.12923124578075225e+01,U,4.60826408484002470e-02,1.42662213827085604e-01,,,NONE
SCRIPT_SELF_SHIELDING_AUDITOR,3,1,5,5.65000000000000036e+00,1.12923124578075225e+01,C,5.04478503178089066e-02,8.53584431256225962e+00,,,NONE
SCRIPT_SELF_SHIELDING_AUDITOR,3,1,5,5.65000000000000036e+00,1.12923124578075225e+01,J_G1,8.86582293525427608e-07,4.40838148668233620e-02,,,NONE
SCRIPT_SELF_SHIELDING_AUDITOR,3,1,5,5.65000000000000036e+00,1.12923124578075225e+01,J_G2a,2.16199958965388143e-07,5.81506121516772029e-02,,,NONE
SCRIPT_SELF_SHIELDING_AUDITOR,3,1,6,5.65000000000000036e+00,1.12923124578075225e+01,M,4.69578154739852278e-03,9.77325093546900781e-02,,,NONE
SCRIPT_SELF_SHIELDING_AUDITOR,3,1,6,5.65000000000000036e+00,1.12923124578075225e+01,I,1.30834297409176768e-02,1.06949484494709715e-01,,,NONE
SCRIPT_SELF_SHIELDING_AUDITOR,3,1,6,5.65000000000000036e+00,1.12923124578075225e+01,U,6.89886548121470961e-02,1.65748497263352390e-01,,,NONE
SCRIPT_SELF_SHIELDING_AUDITOR,3,1,6,5.65000000000000036e+00,1.12923124578075225e+01,C,5.91178288433042570e-02,8.56291384891412477e+00,,,NONE
SCRIPT_SELF_SHIELDING_AUDITOR,3,1,6,5.65000000000000036e+00,1.12923124578075225e+01,J_G1,1.02610059723944567e-02,4.87649507982856056e-02,,,NONE
SCRIPT_SELF_SHIELDING_AUDITOR,3,1,6,5.65000000000000036e+00,1.12923124578075225e+01,J_G2a,5.71471827256462249e-03,6.79966653406884336e-02,,,NONE
SCRIPT_SELF_SHIELDING_AUDITOR,3,1,7,5.65000000000000036e+00,1.12923124578075225e+01,M,4.69578154739852278e-03,9.77325093546900642e-02,,,NONE
SCRIPT_SELF_SHIELDING_AUDITOR,3,1,7,5.65000000000000036e+00,1.12923124578075225e+01,I,1.30834297409176681e-02,1.06949484494709701e-01,,,NONE
SCRIPT_SELF_SHIELDING_AUDITOR,3,1,7,5.65000000000000036e+00,1.12923124578075225e+01,U,6.54457643729962069e-02,1.63083963277114052e-01,,,NONE
SCRIPT_SELF_SHIELDING_AUDITOR,3,1,7,5.65000000000000036e+00,1.12923124578075225e+01,C,5.01845566485744909e-02,8.56291384891412299e+00,,,NONE
SCRIPT_SELF_SHIELDING_AUDITOR,3,1,7,5.65000000000000036e+00,1.12923124578075225e+01,J_G1,1.07243940162739960e-02,4.17636196396124412e-02,,,NONE
SCRIPT_SELF_SHIELDING_AUDITOR,3,1,7,5.65000000000000036e+00,1.12923124578075225e+01,J_G2a,4.91212374571192364e-03,5.73491109798426463e-02,,,NONE
SCRIPT_SELF_SHIELDING_AUDITOR,3,1,8,5.65000000000000036e+00,1.12923124578075225e+01,M,4.69578154739852018e-03,9.77325093546900919e-02,,,NONE
SCRIPT_SELF_SHIELDING_AUDITOR,3,1,8,5.65000000000000036e+00,1.12923124578075225e+01,I,1.30834297409176681e-02,1.06949484494709757e-01,,,NONE
SCRIPT_SELF_SHIELDING_AUDITOR,3,1,8,5.65000000000000036e+00,1.12923124578075225e+01,U,6.37233642733157357e-02,1.61519492705062384e-01,,,NONE
SCRIPT_SELF_SHIELDING_AUDITOR,3,1,8,5.65000000000000036e+00,1.12923124578075225e+01,C,4.83517180292222792e-02,8.56291384891436458e+00,,,NONE
SCRIPT_SELF_SHIELDING_AUDITOR,3,1,8,5.65000000000000036e+00,1.12923124578075225e+01,J_G1,5.16314086886963172e-03,4.08400477657123451e-02,,,NONE
SCRIPT_SELF_SHIELDING_AUDITOR,3,1,8,5.65000000000000036e+00,1.12923124578075225e+01,J_G2a,2.09042336541550222e-03,5.45702413056073227e-02,,,NONE
SCRIPT_SELF_SHIELDING_AUDITOR,3,1,9,5.65000000000000036e+00,1.12923124578075225e+01,M,4.69578154739852451e-03,9.77325093546901336e-02,,,NONE
SCRIPT_SELF_SHIELDING_AUDITOR,3,1,9,5.65000000000000036e+00,1.12923124578075225e+01,I,1.30834297409176872e-02,1.06949484494709798e-01,,,NONE
SCRIPT_SELF_SHIELDING_AUDITOR,3,1,9,5.65000000000000036e+00,1.12923124578075225e+01,U,6.37104731363391658e-02,1.60543493168212342e-01,,,NONE
SCRIPT_SELF_SHIELDING_AUDITOR,3,1,9,5.65000000000000036e+00,1.12923124578075225e+01,C,4.83954323247620735e-02,8.56291384891417273e+00,,,NONE
SCRIPT_SELF_SHIELDING_AUDITOR,3,1,9,5.65000000000000036e+00,1.12923124578075225e+01,J_G1,2.48350493959909437e-03,4.10214491699204056e-02,,,NONE
SCRIPT_SELF_SHIELDING_AUDITOR,3,1,9,5.65000000000000036e+00,1.12923124578075225e+01,J_G2a,9.27251813232806105e-04,5.50294430492353145e-02,,,NONE
SCRIPT_SELF_SHIELDING_AUDITOR,3,1,10,5.65000000000000036e+00,1.12923124578075225e+01,M,4.69578154739852364e-03,9.77325093546900919e-02,,,NONE
SCRIPT_SELF_SHIELDING_AUDITOR,3,1,10,5.65000000000000036e+00,1.12923124578075225e+01,I,1.30834297409176594e-02,1.06949484494709715e-01,,,NONE
SCRIPT_SELF_SHIELDING_AUDITOR,3,1,10,5.65000000000000036e+00,1.12923124578075225e+01,U,6.14804186770645175e-02,1.59262897194855729e-01,,,NONE
SCRIPT_SELF_SHIELDING_AUDITOR,3,1,10,5.65000000000000036e+00,1.12923124578075225e+01,C,4.59702778439739224e-02,8.56291384891409812e+00,,,NONE
SCRIPT_SELF_SHIELDING_AUDITOR,3,1,10,5.65000000000000036e+00,1.12923124578075225e+01,J_G1,2.44516246664747074e-04,3.90880774566236475e-02,,,NONE
SCRIPT_SELF_SHIELDING_AUDITOR,3,1,10,5.65000000000000036e+00,1.12923124578075225e+01,J_G2a,8.16208923468407011e-05,5.21718873111102002e-02,,,NONE
SCRIPT_SELF_SHIELDING_AUDITOR,3,1,11,5.65000000000000036e+00,1.12923124578075225e+01,M,4.69578154739852104e-03,9.77325093546900781e-02,,,NONE
SCRIPT_SELF_SHIELDING_AUDITOR,3,1,11,5.65000000000000036e+00,1.12923124578075225e+01,I,1.30834297409176785e-02,1.06949484494709757e-01,,,NONE
SCRIPT_SELF_SHIELDING_AUDITOR,3,1,11,5.65000000000000036e+00,1.12923124578075225e+01,U,6.15923802084595712e-02,1.58975832981707671e-01,,,NONE
SCRIPT_SELF_SHIELDING_AUDITOR,3,1,11,5.65000000000000036e+00,1.12923124578075225e+01,C,4.60890102118645811e-02,8.56291384891413188e+00,,,NONE
SCRIPT_SELF_SHIELDING_AUDITOR,3,1,11,5.65000000000000036e+00,1.12923124578075225e+01,J_G1,6.23413484338740707e-06,3.92879080790028423e-02,,,NONE
SCRIPT_SELF_SHIELDING_AUDITOR,3,1,11,5.65000000000000036e+00,1.12923124578075225e+01,J_G2a,2.02735656901740289e-06,5.22887194476310338e-02,,,NONE
SCRIPT_SELF_SHIELDING_AUDITOR,3,1,12,5.65000000000000036e+00,1.12923124578075225e+01,M,4.69578154739852364e-03,9.77325093546900781e-02,,,NONE
SCRIPT_SELF_SHIELDING_AUDITOR,3,1,12,5.65000000000000036e+00,1.12923124578075225e+01,I,1.43486153456185827e-02,1.08200869473170924e-01,,,NONE
SCRIPT_SELF_SHIELDING_AUDITOR,3,1,12,5.65000000000000036e+00,1.12923124578075225e+01,U,4.95135419359203632e-02,2.17199435913079997e-01,,,NONE
SCRIPT_SELF_SHIELDING_AUDITOR,3,1,12,5.65000000000000036e+00,1.12923124578075225e+01,C,3.33653092123500708e-02,8.66196248686058112e+00,,,NONE
SCRIPT_SELF_SHIELDING_AUDITOR,3,1,12,5.65000000000000036e+00,1.12923124578075225e+01,J_G1,7.35799714758155875e-03,2.33082449143373997e-02,,,NONE
SCRIPT_SELF_SHIELDING_AUDITOR,3,1,12,5.65000000000000036e+00,1.12923124578075225e+01,J_G2a,4.79531619555896831e-03,3.96435985354531284e-02,,,NONE
SCRIPT_SELF_SHIELDING_AUDITOR,3,1,13,5.65000000000000036e+00,1.12923124578075225e+01,M,4.69578154739852104e-03,9.77325093546901058e-02,,,NONE
SCRIPT_SELF_SHIELDING_AUDITOR,3,1,13,5.65000000000000036e+00,1.12923124578075225e+01,I,1.43486153456185758e-02,1.08200869473170966e-01,,,NONE
SCRIPT_SELF_SHIELDING_AUDITOR,3,1,13,5.65000000000000036e+00,1.12923124578075225e+01,U,6.08182715647950026e-02,2.15982174142992811e-01,,,NONE
SCRIPT_SELF_SHIELDING_AUDITOR,3,1,13,5.65000000000000036e+00,1.12923124578075225e+01,C,4.52683930824253136e-02,8.66196248686053316e+00,,,NONE
SCRIPT_SELF_SHIELDING_AUDITOR,3,1,13,5.65000000000000036e+00,1.12923124578075225e+01,J_G1,4.22808137427887771e-03,3.66261315140020069e-02,,,NONE
SCRIPT_SELF_SHIELDING_AUDITOR,3,1,13,5.65000000000000036e+00,1.12923124578075225e+01,J_G2a,2.53756955561330053e-03,5.02430472500223213e-02,,,NONE
SCRIPT_SELF_SHIELDING_AUDITOR,3,1,14,5.65000000000000036e+00,1.12923124578075225e+01,M,4.69578154739852278e-03,9.77325093546900919e-02,,,NONE
SCRIPT_SELF_SHIELDING_AUDITOR,3,1,14,5.65000000000000036e+00,1.12923124578075225e+01,I,1.43486153456185948e-02,1.08200869473170966e-01,,,NONE
SCRIPT_SELF_SHIELDING_AUDITOR,3,1,14,5.65000000000000036e+00,1.12923124578075225e+01,U,4.09015354774080464e-02,2.16468699917148011e-01,,,NONE
SCRIPT_SELF_SHIELDING_AUDITOR,3,1,14,5.65000000000000036e+00,1.12923124578075225e+01,C,2.43978447316629196e-02,8.66196248686041415e+00,,,NONE
SCRIPT_SELF_SHIELDING_AUDITOR,3,1,14,5.65000000000000036e+00,1.12923124578075225e+01,J_G1,1.01752322958888197e-03,1.55447728317123866e-02,,,NONE
SCRIPT_SELF_SHIELDING_AUDITOR,3,1,14,5.65000000000000036e+00,1.12923124578075225e+01,J_G2a,6.31303596754347377e-04,2.90793803225175111e-02,,,NONE
SCRIPT_SELF_SHIELDING_AUDITOR,3,1,15,5.65000000000000036e+00,1.12923124578075225e+01,M,4.69578154739852191e-03,9.77325093546900781e-02,,,NONE
SCRIPT_SELF_SHIELDING_AUDITOR,3,1,15,5.65000000000000036e+00,1.12923124578075225e+01,I,1.43486153456185601e-02,1.08200869473170924e-01,,,NONE
SCRIPT_SELF_SHIELDING_AUDITOR,3,1,15,5.65000000000000036e+00,1.12923124578075225e+01,U,5.70050129897402003e-02,2.15115965321414165e-01,,,NONE
SCRIPT_SELF_SHIELDING_AUDITOR,3,1,15,5.65000000000000036e+00,1.12923124578075225e+01,C,4.12364327463092886e-02,8.66196248686052606e+00,,,NONE
SCRIPT_SELF_SHIELDING_AUDITOR,3,1,15,5.65000000000000036e+00,1.12923124578075225e+01,J_G1,1.04683398182892789e-03,3.33737151405969976e-02,,,NONE
SCRIPT_SELF_SHIELDING_AUDITOR,3,1,15,5.65000000000000036e+00,1.12923124578075225e+01,J_G2a,5.91637726531391581e-04,4.52086502142201654e-02,,,NONE
SCRIPT_SELF_SHIELDING_AUDITOR,3,1,16,5.65000000000000036e+00,1.12923124578075225e+01,M,4.69578154739852191e-03,9.77325093546901474e-02,,,NONE
SCRIPT_SELF_SHIELDING_AUDITOR,3,1,16,5.65000000000000036e+00,1.12923124578075225e+01,I,1.43486153456185792e-02,1.08200869473171035e-01,,,NONE
SCRIPT_SELF_SHIELDING_AUDITOR,3,1,16,5.65000000000000036e+00,1.12923124578075225e+01,U,5.59268185357486569e-02,2.14499836834863650e-01,,,NONE
SCRIPT_SELF_SHIELDING_AUDITOR,3,1,16,5.65000000000000036e+00,1.12923124578075225e+01,C,4.00995258794573373e-02,8.66196248686029691e+00,,,NONE
SCRIPT_SELF_SHIELDING_AUDITOR,3,1,16,5.65000000000000036e+00,1.12923124578075225e+01,J_G1,1.07103159204079113e-04,3.21931374455589336e-02,,,NONE
SCRIPT_SELF_SHIELDING_AUDITOR,3,1,16,5.65000000000000036e+00,1.12923124578075225e+01,J_G2a,5.79504464176718980e-05,4.44587564625193929e-02,,,NONE
SCRIPT_SELF_SHIELDING_AUDITOR,3,1,17,5.65000000000000036e+00,1.12923124578075225e+01,M,4.69578154740519192e-03,9.77325093541788897e-02,,,NONE
SCRIPT_SELF_SHIELDING_AUDITOR,3,1,17,5.65000000000000036e+00,1.12923124578075225e+01,I,1.43486153456617287e-02,1.08200869472661040e-01,,,NONE
SCRIPT_SELF_SHIELDING_AUDITOR,3,1,17,5.65000000000000036e+00,1.12923124578075225e+01,U,5.56129692654099006e-02,2.14532747477243213e-01,,,NONE
SCRIPT_SELF_SHIELDING_AUDITOR,3,1,17,5.65000000000000036e+00,1.12923124578075225e+01,C,3.97688442815421206e-02,8.66196248681956149e+00,,,NONE
SCRIPT_SELF_SHIELDING_AUDITOR,3,1,17,5.65000000000000036e+00,1.12923124578075225e+01,J_G1,2.83960181620284799e-06,3.21140248476249751e-02,,,NONE
SCRIPT_SELF_SHIELDING_AUDITOR,3,1,17,5.65000000000000036e+00,1.12923124578075225e+01,J_G2a,1.54003590288852684e-06,4.36164544849652405e-02,,,NONE
SCRIPT_SELF_SHIELDING_AUDITOR,3,2,0,5.65000000000000036e+00,1.12923124578075225e+01,M,1.11730970310876237e-02,9.77325093546900781e-02,,,NONE
SCRIPT_SELF_SHIELDING_AUDITOR,3,2,0,5.65000000000000036e+00,1.12923124578075225e+01,I,1.19468133967169481e-02,1.06607486746261360e-01,,,NONE
SCRIPT_SELF_SHIELDING_AUDITOR,3,2,0,5.65000000000000036e+00,1.12923124578075225e+01,U,1.18467687612490331e-02,1.51703252269426409e-01,,,NONE
SCRIPT_SELF_SHIELDING_AUDITOR,3,2,0,5.65000000000000036e+00,1.12923124578075225e+01,C,1.17733023172354595e-02,8.53584431256213527e+00,,,NONE
SCRIPT_SELF_SHIELDING_AUDITOR,3,2,0,5.65000000000000036e+00,1.12923124578075225e+01,J_G1,3.82979604883215436e-03,1.15160002340159232e-02,,,NONE
SCRIPT_SELF_SHIELDING_AUDITOR,3,2,0,5.65000000000000036e+00,1.12923124578075225e+01,J_G2a,2.04233945048644784e-03,1.03027641162309752e-02,,,NONE
SCRIPT_SELF_SHIELDING_AUDITOR,3,2,1,5.65000000000000036e+00,1.12923124578075225e+01,M,1.11730970310876202e-02,9.77325093546900781e-02,,,NONE
SCRIPT_SELF_SHIELDING_AUDITOR,3,2,1,5.65000000000000036e+00,1.12923124578075225e+01,I,1.20472998390749476e-02,1.06607486746261360e-01,,,NONE
SCRIPT_SELF_SHIELDING_AUDITOR,3,2,1,5.65000000000000036e+00,1.12923124578075225e+01,U,1.19472628962902158e-02,1.46188399712740141e-01,,,NONE
SCRIPT_SELF_SHIELDING_AUDITOR,3,2,1,5.65000000000000036e+00,1.12923124578075225e+01,C,1.18738020602776502e-02,8.53584431256232001e+00,,,NONE
SCRIPT_SELF_SHIELDING_AUDITOR,3,2,1,5.65000000000000036e+00,1.12923124578075225e+01,J_G1,1.25740844336959473e-03,1.15160002340159041e-02,,,NONE
SCRIPT_SELF_SHIELDING_AUDITOR,3,2,1,5.65000000000000036e+00,1.12923124578075225e+01,J_G2a,4.33479778179850380e-04,1.03027641162306439e-02,,,NONE
SCRIPT_SELF_SHIELDING_AUDITOR,3,2,2,5.65000000000000036e+00,1.12923124578075225e+01,M,1.11730970310876272e-02,9.77325093546900781e-02,,,NONE
SCRIPT_SELF_SHIELDING_AUDITOR,3,2,2,5.65000000000000036e+00,1.12923124578075225e+01,I,1.20666885213022799e-02,1.06607486746261276e-01,,,NONE
SCRIPT_SELF_SHIELDING_AUDITOR,3,2,2,5.65000000000000036e+00,1.12923124578075225e+01,U,1.19666530702543794e-02,1.45123545755111716e-01,,,NONE
SCRIPT_SELF_SHIELDING_AUDITOR,3,2,2,5.65000000000000036e+00,1.12923124578075225e+01,C,1.18931933217652948e-02,8.53584431256220455e+00,,,NONE
SCRIPT_SELF_SHIELDING_AUDITOR,3,2,2,5.65000000000000036e+00,1.12923124578075225e+01,J_G1,6.57073369130980437e-04,1.15160002340159596e-02,,,NONE
SCRIPT_SELF_SHIELDING_AUDITOR,3,2,2,5.65000000000000036e+00,1.12923124578075225e+01,J_G2a,2.05571716067467353e-04,1.03027641162308607e-02,,,NONE
SCRIPT_SELF_SHIELDING_AUDITOR,3,2,3,5.65000000000000036e+00,1.12923124578075225e+01,M,1.11730970310876272e-02,9.77325093546900781e-02,,,NONE
SCRIPT_SELF_SHIELDING_AUDITOR,3,2,3,5.65000000000000036e+00,1.12923124578075225e+01,I,1.20818327313819834e-02,1.06607486746261360e-01,,,NONE
SCRIPT_SELF_SHIELDING_AUDITOR,3,2,3,5.65000000000000036e+00,1.12923124578075225e+01,U,1.19817984471831500e-02,1.44291630190543668e-01,,,NONE
SCRIPT_SELF_SHIELDING_AUDITOR,3,2,3,5.65000000000000036e+00,1.12923124578075225e+01,C,1.19083395493729712e-02,8.53584431256222942e+00,,,NONE
SCRIPT_SELF_SHIELDING_AUDITOR,3,2,3,5.65000000000000036e+00,1.12923124578075225e+01,J_G1,3.39832223318897102e-04,1.15160002340158919e-02,,,NONE
SCRIPT_SELF_SHIELDING_AUDITOR,3,2,3,5.65000000000000036e+00,1.12923124578075225e+01,J_G2a,9.81540465301075079e-05,1.03027641162304912e-02,,,NONE
SCRIPT_SELF_SHIELDING_AUDITOR,3,2,4,5.65000000000000036e+00,1.12923124578075225e+01,M,1.11730970310876237e-02,9.77325093546900642e-02,,,NONE
SCRIPT_SELF_SHIELDING_AUDITOR,3,2,4,5.65000000000000036e+00,1.12923124578075225e+01,I,1.21085637975768962e-02,1.06607486746261318e-01,,,NONE
SCRIPT_SELF_SHIELDING_AUDITOR,3,2,4,5.65000000000000036e+00,1.12923124578075225e+01,U,1.20085315765715728e-02,1.42822842213338908e-01,,,NONE
SCRIPT_SELF_SHIELDING_AUDITOR,3,2,4,5.65000000000000036e+00,1.12923124578075225e+01,C,1.19350741829301558e-02,8.53584431256214771e+00,,,NONE
SCRIPT_SELF_SHIELDING_AUDITOR,3,2,4,5.65000000000000036e+00,1.12923124578075225e+01,J_G1,3.46728114637213816e-05,1.15160002340157757e-02,,,NONE
SCRIPT_SELF_SHIELDING_AUDITOR,3,2,4,5.65000000000000036e+00,1.12923124578075225e+01,J_G2a,8.60486844650769426e-06,1.03027641162307237e-02,,,NONE
SCRIPT_SELF_SHIELDING_AUDITOR,3,2,5,5.65000000000000036e+00,1.12923124578075225e+01,M,1.11730970310876202e-02,9.77325093546900642e-02,,,NONE
SCRIPT_SELF_SHIELDING_AUDITOR,3,2,5,5.65000000000000036e+00,1.12923124578075225e+01,I,1.21114866132273312e-02,1.06607486746261360e-01,,,NONE
SCRIPT_SELF_SHIELDING_AUDITOR,3,2,5,5.65000000000000036e+00,1.12923124578075225e+01,U,1.20114546180925194e-02,1.42662213827085604e-01,,,NONE
SCRIPT_SELF_SHIELDING_AUDITOR,3,2,5,5.65000000000000036e+00,1.12923124578075225e+01,C,1.19379973891231353e-02,8.53584431256225962e+00,,,NONE
SCRIPT_SELF_SHIELDING_AUDITOR,3,2,5,5.65000000000000036e+00,1.12923124578075225e+01,J_G1,8.86582293525427608e-07,1.15160002340159006e-02,,,NONE
SCRIPT_SELF_SHIELDING_AUDITOR,3,2,5,5.65000000000000036e+00,1.12923124578075225e+01,J_G2a,2.16199958965388143e-07,1.03027641162306040e-02,,,NONE
SCRIPT_SELF_SHIELDING_AUDITOR,3,2,6,5.65000000000000036e+00,1.12923124578075225e+01,M,1.11730970310876202e-02,9.77325093546900781e-02,,,NONE
SCRIPT_SELF_SHIELDING_AUDITOR,3,2,6,5.65000000000000036e+00,1.12923124578075225e+01,I,1.19356843514472916e-02,1.06949484494709715e-01,,,NONE
SCRIPT_SELF_SHIELDING_AUDITOR,3,2,6,5.65000000000000036e+00,1.12923124578075225e+01,U,1.18356388679816994e-02,1.65748497263352390e-01,,,NONE
SCRIPT_SELF_SHIELDING_AUDITOR,3,2,6,5.65000000000000036e+00,1.12923124578075225e+01,C,1.17621718057954964e-02,8.56291384891412477e+00,,,NONE
SCRIPT_SELF_SHIELDING_AUDITOR,3,2,6,5.65000000000000036e+00,1.12923124578075225e+01,J_G1,1.02610059723944567e-02,1.16881660836912586e-02,,,NONE
SCRIPT_SELF_SHIELDING_AUDITOR,3,2,6,5.65000000000000036e+00,1.12923124578075225e+01,J_G2a,5.71471827256462249e-03,1.03027641162309960e-02,,,NONE
SCRIPT_SELF_SHIELDING_AUDITOR,3,2,7,5.65000000000000036e+00,1.12923124578075225e+01,M,1.11730970310876202e-02,9.77325093546900642e-02,,,NONE
SCRIPT_SELF_SHIELDING_AUDITOR,3,2,7,5.65000000000000036e+00,1.12923124578075225e+01,I,1.19842567924920464e-02,1.06949484494709701e-01,,,NONE
SCRIPT_SELF_SHIELDING_AUDITOR,3,2,7,5.65000000000000036e+00,1.12923124578075225e+01,U,1.18842150159187265e-02,1.63083963277114052e-01,,,NONE
SCRIPT_SELF_SHIELDING_AUDITOR,3,2,7,5.65000000000000036e+00,1.12923124578075225e+01,C,1.18107506560111864e-02,8.56291384891412299e+00,,,NONE
SCRIPT_SELF_SHIELDING_AUDITOR,3,2,7,5.65000000000000036e+00,1.12923124578075225e+01,J_G1,1.07243940162739960e-02,1.22160048192530707e-02,,,NONE
SCRIPT_SELF_SHIELDING_AUDITOR,3,2,7,5.65000000000000036e+00,1.12923124578075225e+01,J_G2a,4.91212374571192364e-03,1.03027641162310914e-02,,,NONE
SCRIPT_SELF_SHIELDING_AUDITOR,3,2,8,5.65000000000000036e+00,1.12923124578075225e+01,M,1.11730970310876202e-02,9.77325093546900919e-02,,,NONE
SCRIPT_SELF_SHIELDING_AUDITOR,3,2,8,5.65000000000000036e+00,1.12923124578075225e+01,I,1.20127626005338672e-02,1.06949484494709757e-01,,,NONE
SCRIPT_SELF_SHIELDING_AUDITOR,3,2,8,5.65000000000000036e+00,1.12923124578075225e+01,U,1.19127230064721562e-02,1.61519492705062384e-01,,,NONE
SCRIPT_SELF_SHIELDING_AUDITOR,3,2,8,5.65000000000000036e+00,1.12923124578075225e+01,C,1.18392602376269588e-02,8.56291384891436458e+00,,,NONE
SCRIPT_SELF_SHIELDING_AUDITOR,3,2,8,5.65000000000000036e+00,1.12923124578075225e+01,J_G1,5.16314086886963172e-03,1.15160002340159700e-02,,,NONE
SCRIPT_SELF_SHIELDING_AUDITOR,3,2,8,5.65000000000000036e+00,1.12923124578075225e+01,J_G2a,2.09042336541550222e-03,1.03027641162305676e-02,,,NONE
SCRIPT_SELF_SHIELDING_AUDITOR,3,2,9,5.65000000000000036e+00,1.12923124578075225e+01,M,1.11730970310876202e-02,9.77325093546901336e-02,,,NONE
SCRIPT_SELF_SHIELDING_AUDITOR,3,2,9,5.65000000000000036e+00,1.12923124578075225e+01,I,1.20305410475648241e-02,1.06949484494709798e-01,,,NONE
SCRIPT_SELF_SHIELDING_AUDITOR,3,2,9,5.65000000000000036e+00,1.12923124578075225e+01,U,1.19305028173242351e-02,1.60543493168212342e-01,,,NONE
SCRIPT_SELF_SHIELDING_AUDITOR,3,2,9,5.65000000000000036e+00,1.12923124578075225e+01,C,1.18570410427260992e-02,8.56291384891417273e+00,,,NONE
SCRIPT_SELF_SHIELDING_AUDITOR,3,2,9,5.65000000000000036e+00,1.12923124578075225e+01,J_G1,2.48350493959909437e-03,1.15160002340156248e-02,,,NONE
SCRIPT_SELF_SHIELDING_AUDITOR,3,2,9,5.65000000000000036e+00,1.12923124578075225e+01,J_G2a,9.27251813232806105e-04,1.03027641162302865e-02,,,NONE
SCRIPT_SELF_SHIELDING_AUDITOR,3,2,10,5.65000000000000036e+00,1.12923124578075225e+01,M,1.11730970310876202e-02,9.77325093546900919e-02,,,NONE
SCRIPT_SELF_SHIELDING_AUDITOR,3,2,10,5.65000000000000036e+00,1.12923124578075225e+01,I,1.20538621038063926e-02,1.06949484494709715e-01,,,NONE
SCRIPT_SELF_SHIELDING_AUDITOR,3,2,10,5.65000000000000036e+00,1.12923124578075225e+01,U,1.19538256656430402e-02,1.59262897194855729e-01,,,NONE
SCRIPT_SELF_SHIELDING_AUDITOR,3,2,10,5.65000000000000036e+00,1.12923124578075225e+01,C,1.18803651975139986e-02,8.56291384891409812e+00,,,NONE
SCRIPT_SELF_SHIELDING_AUDITOR,3,2,10,5.65000000000000036e+00,1.12923124578075225e+01,J_G1,2.44516246664747074e-04,1.15160002340155485e-02,,,NONE
SCRIPT_SELF_SHIELDING_AUDITOR,3,2,10,5.65000000000000036e+00,1.12923124578075225e+01,J_G2a,8.16208923468407011e-05,1.03027641162311504e-02,,,NONE
SCRIPT_SELF_SHIELDING_AUDITOR,3,2,11,5.65000000000000036e+00,1.12923124578075225e+01,M,1.11730970310876202e-02,9.77325093546900781e-02,,,NONE
SCRIPT_SELF_SHIELDING_AUDITOR,3,2,11,5.65000000000000036e+00,1.12923124578075225e+01,I,1.20590889537085435e-02,1.06949484494709757e-01,,,NONE
SCRIPT_SELF_SHIELDING_AUDITOR,3,2,11,5.65000000000000036e+00,1.12923124578075225e+01,U,1.19590529176740352e-02,1.58975832981707671e-01,,,NONE
SCRIPT_SELF_SHIELDING_AUDITOR,3,2,11,5.65000000000000036e+00,1.12923124578075225e+01,C,1.18855927427094707e-02,8.56291384891413188e+00,,,NONE
SCRIPT_SELF_SHIELDING_AUDITOR,3,2,11,5.65000000000000036e+00,1.12923124578075225e+01,J_G1,6.23413484338740707e-06,1.15160002340156820e-02,,,NONE
SCRIPT_SELF_SHIELDING_AUDITOR,3,2,11,5.65000000000000036e+00,1.12923124578075225e+01,J_G2a,2.02735656901740289e-06,1.03027641162308971e-02,,,NONE
SCRIPT_SELF_SHIELDING_AUDITOR,3,2,12,5.65000000000000036e+00,1.12923124578075225e+01,M,1.11730970310876272e-02,9.77325093546900781e-02,,,NONE
SCRIPT_SELF_SHIELDING_AUDITOR,3,2,12,5.65000000000000036e+00,1.12923124578075225e+01,I,1.18938778499131041e-02,1.08200869473170924e-01,,,NONE
SCRIPT_SELF_SHIELDING_AUDITOR,3,2,12,5.65000000000000036e+00,1.12923124578075225e+01,U,1.17938291880165923e-02,2.17199435913079997e-01,,,NONE
SCRIPT_SELF_SHIELDING_AUDITOR,3,2,12,5.65000000000000036e+00,1.12923124578075225e+01,C,1.17203598088594565e-02,8.66196248686058112e+00,,,NONE
SCRIPT_SELF_SHIELDING_AUDITOR,3,2,12,5.65000000000000036e+00,1.12923124578075225e+01,J_G1,7.35799714758155875e-03,1.15160002340158208e-02,,,NONE
SCRIPT_SELF_SHIELDING_AUDITOR,3,2,12,5.65000000000000036e+00,1.12923124578075225e+01,J_G2a,4.79531619555896831e-03,1.03027641162312684e-02,,,NONE
SCRIPT_SELF_SHIELDING_AUDITOR,3,2,13,5.65000000000000036e+00,1.12923124578075225e+01,M,1.11730970310876202e-02,9.77325093546901058e-02,,,NONE
SCRIPT_SELF_SHIELDING_AUDITOR,3,2,13,5.65000000000000036e+00,1.12923124578075225e+01,I,1.19160823919894406e-02,1.08200869473170966e-01,,,NONE
SCRIPT_SELF_SHIELDING_AUDITOR,3,2,13,5.65000000000000036e+00,1.12923124578075225e+01,U,1.18160354168472745e-02,2.15982174142992811e-01,,,NONE
SCRIPT_SELF_SHIELDING_AUDITOR,3,2,13,5.65000000000000036e+00,1.12923124578075225e+01,C,1.17425672672705986e-02,8.66196248686053316e+00,,,NONE
SCRIPT_SELF_SHIELDING_AUDITOR,3,2,13,5.65000000000000036e+00,1.12923124578075225e+01,J_G1,4.22808137427887771e-03,1.15160002340157358e-02,,,NONE
SCRIPT_SELF_SHIELDING_AUDITOR,3,2,13,5.65000000000000036e+00,1.12923124578075225e+01,J_G2a,2.53756955561330053e-03,1.03027641162309839e-02,,,NONE
SCRIPT_SELF_SHIELDING_AUDITOR,3,2,14,5.65000000000000036e+00,1.12923124578075225e+01,M,1.11730970310876237e-02,9.77325093546900919e-02,,,NONE
SCRIPT_SELF_SHIELDING_AUDITOR,3,2,14,5.65000000000000036e+00,1.12923124578075225e+01,I,1.19072082034969075e-02,1.08200869473170966e-01,,,NONE
SCRIPT_SELF_SHIELDING_AUDITOR,3,2,14,5.65000000000000036e+00,1.12923124578075225e+01,U,1.18071605538534047e-02,2.16468699917148011e-01,,,NONE
SCRIPT_SELF_SHIELDING_AUDITOR,3,2,14,5.65000000000000036e+00,1.12923124578075225e+01,C,1.17336919125885820e-02,8.66196248686041415e+00,,,NONE
SCRIPT_SELF_SHIELDING_AUDITOR,3,2,14,5.65000000000000036e+00,1.12923124578075225e+01,J_G1,1.01752322958888197e-03,1.15160002340158642e-02,,,NONE
SCRIPT_SELF_SHIELDING_AUDITOR,3,2,14,5.65000000000000036e+00,1.12923124578075225e+01,J_G2a,6.31303596754347377e-04,1.03027641162310429e-02,,,NONE
SCRIPT_SELF_SHIELDING_AUDITOR,3,2,15,5.65000000000000036e+00,1.12923124578075225e+01,M,1.11730970310876202e-02,9.77325093546900781e-02,,,NONE
SCRIPT_SELF_SHIELDING_AUDITOR,3,2,15,5.65000000000000036e+00,1.12923124578075225e+01,I,1.19318796072938448e-02,1.08200869473170924e-01,,,NONE
SCRIPT_SELF_SHIELDING_AUDITOR,3,2,15,5.65000000000000036e+00,1.12923124578075225e+01,U,1.18318338341009393e-02,2.15115965321414165e-01,,,NONE
SCRIPT_SELF_SHIELDING_AUDITOR,3,2,15,5.65000000000000036e+00,1.12923124578075225e+01,C,1.17583665607105675e-02,8.66196248686052606e+00,,,NONE
SCRIPT_SELF_SHIELDING_AUDITOR,3,2,15,5.65000000000000036e+00,1.12923124578075225e+01,J_G1,1.04683398182892789e-03,1.15160002340164037e-02,,,NONE
SCRIPT_SELF_SHIELDING_AUDITOR,3,2,15,5.65000000000000036e+00,1.12923124578075225e+01,J_G2a,5.91637726531391581e-04,1.03027641162308729e-02,,,NONE
SCRIPT_SELF_SHIELDING_AUDITOR,3,2,16,5.65000000000000036e+00,1.12923124578075225e+01,M,1.11730970310876237e-02,9.77325093546901474e-02,,,NONE
SCRIPT_SELF_SHIELDING_AUDITOR,3,2,16,5.65000000000000036e+00,1.12923124578075225e+01,I,1.19431142212039036e-02,1.08200869473171035e-01,,,NONE
SCRIPT_SELF_SHIELDING_AUDITOR,3,2,16,5.65000000000000036e+00,1.12923124578075225e+01,U,1.18430693037825524e-02,2.14499836834863650e-01,,,NONE
SCRIPT_SELF_SHIELDING_AUDITOR,3,2,16,5.65000000000000036e+00,1.12923124578075225e+01,C,1.17696026542302625e-02,8.66196248686029691e+00,,,NONE
SCRIPT_SELF_SHIELDING_AUDITOR,3,2,16,5.65000000000000036e+00,1.12923124578075225e+01,J_G1,1.07103159204079113e-04,1.15160002340156092e-02,,,NONE
SCRIPT_SELF_SHIELDING_AUDITOR,3,2,16,5.65000000000000036e+00,1.12923124578075225e+01,J_G2a,5.79504464176718980e-05,1.03027641162309475e-02,,,NONE
SCRIPT_SELF_SHIELDING_AUDITOR,3,2,17,5.65000000000000036e+00,1.12923124578075225e+01,M,1.11730970311005665e-02,9.77325093541788897e-02,,,NONE
SCRIPT_SELF_SHIELDING_AUDITOR,3,2,17,5.65000000000000036e+00,1.12923124578075225e+01,I,1.19425141602463314e-02,1.08200869472661040e-01,,,NONE
SCRIPT_SELF_SHIELDING_AUDITOR,3,2,17,5.65000000000000036e+00,1.12923124578075225e+01,U,1.18424691970962608e-02,2.14532747477243213e-01,,,NONE
SCRIPT_SELF_SHIELDING_AUDITOR,3,2,17,5.65000000000000036e+00,1.12923124578075225e+01,C,1.17690025142086745e-02,8.66196248681956149e+00,,,NONE
SCRIPT_SELF_SHIELDING_AUDITOR,3,2,17,5.65000000000000036e+00,1.12923124578075225e+01,J_G1,2.83960181620284799e-06,1.15160002338923605e-02,,,NONE
SCRIPT_SELF_SHIELDING_AUDITOR,3,2,17,5.65000000000000036e+00,1.12923124578075225e+01,J_G2a,1.54003590288852684e-06,1.03027641160344761e-02,,,NONE
SCRIPT_SELF_SHIELDING_AUDITOR,4,1,0,5.54999999999999982e+00,1.17262920899423353e+01,M,8.34368142988261598e-03,2.32530611443170880e-02,,,NONE
SCRIPT_SELF_SHIELDING_AUDITOR,4,1,0,5.54999999999999982e+00,1.17262920899423353e+01,I,2.00495019770567280e-02,2.36326303792838248e-02,,,NONE
SCRIPT_SELF_SHIELDING_AUDITOR,4,1,0,5.54999999999999982e+00,1.17262920899423353e+01,U,2.55101939461264623e-02,6.46902580804117472e-02,,,NONE
SCRIPT_SELF_SHIELDING_AUDITOR,4,1,0,5.54999999999999982e+00,1.17262920899423353e+01,C,3.01936755600894086e-02,2.56821380673916044e+00,,,NONE
SCRIPT_SELF_SHIELDING_AUDITOR,4,1,0,5.54999999999999982e+00,1.17262920899423353e+01,J_G1,4.36246625387834430e-03,4.12827664566471977e-02,,,NONE
SCRIPT_SELF_SHIELDING_AUDITOR,4,1,0,5.54999999999999982e+00,1.17262920899423353e+01,J_G2a,1.93386342377058033e-03,2.62292749862188257e-02,,,NONE
SCRIPT_SELF_SHIELDING_AUDITOR,4,1,1,5.54999999999999982e+00,1.17262920899423353e+01,M,3.52408609421409579e-03,1.11730970310876202e-02,,,NONE
SCRIPT_SELF_SHIELDING_AUDITOR,4,1,1,5.54999999999999982e+00,1.17262920899423353e+01,I,3.13735541793230951e-03,2.11923514369665826e-02,,,NONE
SCRIPT_SELF_SHIELDING_AUDITOR,4,1,1,5.54999999999999982e+00,1.17262920899423353e+01,U,1.22030883735714914e-03,5.92549556845841582e-02,,,NONE
SCRIPT_SELF_SHIELDING_AUDITOR,4,1,1,5.54999999999999982e+00,1.17262920899423353e+01,C,3.59128140571110012e-03,2.56821380673915423e+00,,,NONE
SCRIPT_SELF_SHIELDING_AUDITOR,4,1,1,5.54999999999999982e+00,1.17262920899423353e+01,J_G1,1.09197866078472074e-03,1.29469080282898080e-02,,,NONE
SCRIPT_SELF_SHIELDING_AUDITOR,4,1,1,5.54999999999999982e+00,1.17262920899423353e+01,J_G2a,3.09910219140748617e-04,2.47678150280335185e-03,,,NONE
SCRIPT_SELF_SHIELDING_AUDITOR,4,1,2,5.54999999999999982e+00,1.17262920899423353e+01,M,2.17797584858606249e-03,1.11730970310876272e-02,,,NONE
SCRIPT_SELF_SHIELDING_AUDITOR,4,1,2,5.54999999999999982e+00,1.17262920899423353e+01,I,1.79115001137164715e-03,2.11923514369665514e-02,,,NONE
SCRIPT_SELF_SHIELDING_AUDITOR,4,1,2,5.54999999999999982e+00,1.17262920899423353e+01,U,1.26163802635215173e-04,5.82068881934572346e-02,,,NONE
SCRIPT_SELF_SHIELDING_AUDITOR,4,1,2,5.54999999999999982e+00,1.17262920899423353e+01,C,4.93692626045200058e-03,2.56821380673915378e+00,,,NONE
SCRIPT_SELF_SHIELDING_AUDITOR,4,1,2,5.54999999999999982e+00,1.17262920899423353e+01,J_G1,5.77957647788448028e-04,1.40287931029464477e-02,,,NONE
SCRIPT_SELF_SHIELDING_AUDITOR,4,1,2,5.54999999999999982e+00,1.17262920899423353e+01,J_G2a,1.49795046608400799e-04,4.09948849443847810e-03,,,NONE
SCRIPT_SELF_SHIELDING_AUDITOR,4,1,3,5.54999999999999982e+00,1.17262920899423353e+01,M,1.93910724379856274e-03,1.11730970310876272e-02,,,NONE
SCRIPT_SELF_SHIELDING_AUDITOR,4,1,3,5.54999999999999982e+00,1.17262920899423353e+01,I,1.55226955587884144e-03,2.11923514369665583e-02,,,NONE
SCRIPT_SELF_SHIELDING_AUDITOR,4,1,3,5.54999999999999982e+00,1.17262920899423353e+01,U,3.65066713902497601e-04,5.73884077530317505e-02,,,NONE
SCRIPT_SELF_SHIELDING_AUDITOR,4,1,3,5.54999999999999982e+00,1.17262920899423353e+01,C,5.17561970308227232e-03,2.56821380673906408e+00,,,NONE
SCRIPT_SELF_SHIELDING_AUDITOR,4,1,3,5.54999999999999982e+00,1.17262920899423353e+01,J_G1,2.99317257783284472e-04,1.41428908268021007e-02,,,NONE
SCRIPT_SELF_SHIELDING_AUDITOR,4,1,3,5.54999999999999982e+00,1.17262920899423353e+01,J_G2a,7.16412856385002393e-05,4.24099398985065216e-03,,,NONE
SCRIPT_SELF_SHIELDING_AUDITOR,4,1,4,5.54999999999999982e+00,1.17262920899423353e+01,M,1.72513915102855716e-03,1.11730970310876237e-02,,,NONE
SCRIPT_SELF_SHIELDING_AUDITOR,4,1,4,5.54999999999999982e+00,1.17262920899423353e+01,I,1.33829213647926912e-03,2.11923514369665549e-02,,,NONE
SCRIPT_SELF_SHIELDING_AUDITOR,4,1,4,5.54999999999999982e+00,1.17262920899423353e+01,U,5.79057860154060834e-04,5.59440265123538408e-02,,,NONE
SCRIPT_SELF_SHIELDING_AUDITOR,4,1,4,5.54999999999999982e+00,1.17262920899423353e+01,C,5.38940721085304480e-03,2.56821380673909205e+00,,,NONE
SCRIPT_SELF_SHIELDING_AUDITOR,4,1,4,5.54999999999999982e+00,1.17262920899423353e+01,J_G1,3.05801887870546285e-05,1.42567518359276672e-02,,,NONE
SCRIPT_SELF_SHIELDING_AUDITOR,4,1,4,5.54999999999999982e+00,1.17262920899423353e+01,J_G2a,6.23446271507234566e-06,3.61290127600391283e-03,,,NONE
SCRIPT_SELF_SHIELDING_AUDITOR,4,1,5,5.54999999999999982e+00,1.17262920899423353e+01,M,1.37282546456919110e-03,1.11730970310876202e-02,,,NONE
SCRIPT_SELF_SHIELDING_AUDITOR,4,1,5,5.54999999999999982e+00,1.17262920899423353e+01,I,9.85965746591476247e-04,2.11923514369665583e-02,,,NONE
SCRIPT_SELF_SHIELDING_AUDITOR,4,1,5,5.54999999999999982e+00,1.17262920899423353e+01,U,9.31393699801332637e-04,5.57861204089397933e-02,,,NONE
SCRIPT_SELF_SHIELDING_AUDITOR,4,1,5,5.54999999999999982e+00,1.17262920899423353e+01,C,5.74137479717375110e-03,2.56821380673915423e+00,,,NONE
SCRIPT_SELF_SHIELDING_AUDITOR,4,1,5,5.54999999999999982e+00,1.17262920899423353e+01,J_G1,7.84973931855675634e-07,1.45852694014596881e-02,,,NONE
SCRIPT_SELF_SHIELDING_AUDITOR,4,1,5,5.54999999999999982e+00,1.17262920899423353e+01,J_G2a,1.57212623571330342e-07,3.92241339568905924e-03,,,NONE
SCRIPT_SELF_SHIELDING_AUDITOR,4,1,6,5.54999999999999982e+00,1.17262920899423353e+01,M,5.81726528673591307e-03,1.11730970310876202e-02,,,NONE
SCRIPT_SELF_SHIELDING_AUDITOR,4,1,6,5.54999999999999982e+00,1.17262920899423353e+01,I,5.43080773072354347e-03,2.15286179244701427e-02,,,NONE
SCRIPT_SELF_SHIELDING_AUDITOR,4,1,6,5.54999999999999982e+00,1.17262920899423353e+01,U,3.51476690238447693e-03,7.83591258309396660e-02,,,NONE
SCRIPT_SELF_SHIELDING_AUDITOR,4,1,6,5.54999999999999982e+00,1.17262920899423353e+01,C,1.29685239168080761e-03,2.60372458639489590e+00,,,NONE
SCRIPT_SELF_SHIELDING_AUDITOR,4,1,6,5.54999999999999982e+00,1.17262920899423353e+01,J_G1,8.92592027185413160e-03,1.30884957093487797e-02,,,NONE
SCRIPT_SELF_SHIELDING_AUDITOR,4,1,6,5.54999999999999982e+00,1.17262920899423353e+01,J_G2a,2.84714963555231194e-03,6.42064466141139319e-03,,,NONE
SCRIPT_SELF_SHIELDING_AUDITOR,4,1,7,5.54999999999999982e+00,1.17262920899423353e+01,M,6.27069795109986921e-04,1.11730970310876202e-02,,,NONE
SCRIPT_SELF_SHIELDING_AUDITOR,4,1,7,5.54999999999999982e+00,1.17262920899423353e+01,I,1.01393905877781155e-03,2.15286179244701288e-02,,,NONE
SCRIPT_SELF_SHIELDING_AUDITOR,4,1,7,5.54999999999999982e+00,1.17262920899423353e+01,U,2.93104210078242973e-03,7.57308163456723998e-02,,,NONE
SCRIPT_SELF_SHIELDING_AUDITOR,4,1,7,5.54999999999999982e+00,1.17262920899423353e+01,C,7.73815659248248185e-03,2.60372458639489945e+00,,,NONE
SCRIPT_SELF_SHIELDING_AUDITOR,4,1,7,5.54999999999999982e+00,1.17262920899423353e+01,J_G1,9.85346945788129550e-03,1.77143959076780447e-02,,,NONE
SCRIPT_SELF_SHIELDING_AUDITOR,4,1,7,5.54999999999999982e+00,1.17262920899423353e+01,J_G2a,3.69249569024666631e-03,6.75088230738235626e-03,,,NONE
SCRIPT_SELF_SHIELDING_AUDITOR,4,1,8,5.54999999999999982e+00,1.17262920899423353e+01,M,2.74050730766473450e-03,1.11730970310876202e-02,,,NONE
SCRIPT_SELF_SHIELDING_AUDITOR,4,1,8,5.54999999999999982e+00,1.17262920899423353e+01,I,3.12727104650981731e-03,2.15286179244701635e-02,,,NONE
SCRIPT_SELF_SHIELDING_AUDITOR,4,1,8,5.54999999999999982e+00,1.17262920899423353e+01,U,5.04353040184056436e-03,7.41889636135890929e-02,,,NONE
SCRIPT_SELF_SHIELDING_AUDITOR,4,1,8,5.54999999999999982e+00,1.17262920899423353e+01,C,9.84618314559676869e-03,2.60372458639492255e+00,,,NONE
SCRIPT_SELF_SHIELDING_AUDITOR,4,1,8,5.54999999999999982e+00,1.17262920899423353e+01,J_G1,4.82942142372652043e-03,1.92211961337050673e-02,,,NONE
SCRIPT_SELF_SHIELDING_AUDITOR,4,1,8,5.54999999999999982e+00,1.17262920899423353e+01,J_G2a,1.62863346815841545e-03,9.79475729354424909e-03,,,NONE
SCRIPT_SELF_SHIELDING_AUDITOR,4,1,9,5.54999999999999982e+00,1.17262920899423353e+01,M,2.03610986212479118e-03,1.11730970310876202e-02,,,NONE
SCRIPT_SELF_SHIELDING_AUDITOR,4,1,9,5.54999999999999982e+00,1.17262920899423353e+01,I,2.42292197088443337e-03,2.15286179244701358e-02,,,NONE
SCRIPT_SELF_SHIELDING_AUDITOR,4,1,9,5.54999999999999982e+00,1.17262920899423353e+01,U,4.33952789077657157e-03,7.32275792085751859e-02,,,NONE
SCRIPT_SELF_SHIELDING_AUDITOR,4,1,9,5.54999999999999982e+00,1.17262920899423353e+01,C,9.14383106937637080e-03,2.60372458639486792e+00,,,NONE
SCRIPT_SELF_SHIELDING_AUDITOR,4,1,9,5.54999999999999982e+00,1.17262920899423353e+01,J_G1,2.30278754811992416e-03,1.84856398442458623e-02,,,NONE
SCRIPT_SELF_SHIELDING_AUDITOR,4,1,9,5.54999999999999982e+00,1.17262920899423353e+01,J_G2a,7.12351371872020872e-04,8.60190717739820788e-03,,,NONE
SCRIPT_SELF_SHIELDING_AUDITOR,4,1,10,5.54999999999999982e+00,1.17262920899423353e+01,M,2.32589104186831097e-03,1.11730970310876202e-02,,,NONE
SCRIPT_SELF_SHIELDING_AUDITOR,4,1,10,5.54999999999999982e+00,1.17262920899423353e+01,I,2.71268484953802623e-03,2.15286179244701358e-02,,,NONE
SCRIPT_SELF_SHIELDING_AUDITOR,4,1,10,5.54999999999999982e+00,1.17262920899423353e+01,U,4.62915610845269533e-03,7.19667475681238095e-02,,,NONE
SCRIPT_SELF_SHIELDING_AUDITOR,4,1,10,5.54999999999999982e+00,1.17262920899423353e+01,C,9.43280008083540074e-03,2.60372458639492033e+00,,,NONE
SCRIPT_SELF_SHIELDING_AUDITOR,4,1,10,5.54999999999999982e+00,1.17262920899423353e+01,J_G1,2.27085984272956730e-04,1.86202562628522417e-02,,,NONE
SCRIPT_SELF_SHIELDING_AUDITOR,4,1,10,5.54999999999999982e+00,1.17262920899423353e+01,J_G2a,6.26858285166774791e-05,8.57673057267813524e-03,,,NONE
SCRIPT_SELF_SHIELDING_AUDITOR,4,1,11,5.54999999999999982e+00,1.17262920899423353e+01,M,3.13069062598678779e-03,1.11730970310876202e-02,,,NONE
SCRIPT_SELF_SHIELDING_AUDITOR,4,1,11,5.54999999999999982e+00,1.17262920899423353e+01,I,3.51742189211257453e-03,2.15286179244701670e-02,,,NONE
SCRIPT_SELF_SHIELDING_AUDITOR,4,1,11,5.54999999999999982e+00,1.17262920899423353e+01,U,5.43346115496074530e-03,7.16842053393627193e-02,,,NONE
SCRIPT_SELF_SHIELDING_AUDITOR,4,1,11,5.54999999999999982e+00,1.17262920899423353e+01,C,1.02351294450243827e-02,2.60372458639489768e+00,,,NONE
SCRIPT_SELF_SHIELDING_AUDITOR,4,1,11,5.54999999999999982e+00,1.17262920899423353e+01,J_G1,5.83712625161690428e-06,1.93068348697553772e-02,,,NONE
SCRIPT_SELF_SHIELDING_AUDITOR,4,1,11,5.54999999999999982e+00,1.17262920899423353e+01,J_G2a,1.57647619763170342e-06,9.63194920900830101e-03,,,NONE
SCRIPT_SELF_SHIELDING_AUDITOR,4,1,12,5.54999999999999982e+00,1.17262920899423353e+01,M,8.34368142988261424e-03,2.85512500070111280e-02,,,NONE
SCRIPT_SELF_SHIELDING_AUDITOR,4,1,12,5.54999999999999982e+00,1.17262920899423353e+01,I,2.13651412804280114e-02,2.89271435926494389e-02,,,NONE
SCRIPT_SELF_SHIELDING_AUDITOR,4,1,12,5.54999999999999982e+00,1.17262920899423353e+01,U,3.07857467840626474e-02,1.28433467806037260e-01,,,NONE
SCRIPT_SELF_SHIELDING_AUDITOR,4,1,12,5.54999999999999982e+00,1.17262920899423353e+01,C,3.54162949264791999e-02,2.73673884176509263e+00,,,NONE
SCRIPT_SELF_SHIELDING_AUDITOR,4,1,12,5.54999999999999982e+00,1.17262920899423353e+01,J_G1,8.38138998609226984e-03,4.59723142296966369e-02,,,NONE
SCRIPT_SELF_SHIELDING_AUDITOR,4,1,12,5.54999999999999982e+00,1.17262920899423353e+01,J_G2a,5.01668696969560703e-03,3.44610490365397024e-02,,,NONE
SCRIPT_SELF_SHIELDING_AUDITOR,4,1,13,5.54999999999999982e+00,1.17262920899423353e+01,M,8.34368142988261598e-03,1.11730970310876202e-02,,,NONE
SCRIPT_SELF_SHIELDING_AUDITOR,4,1,13,5.54999999999999982e+00,1.17262920899423353e+01,I,1.07788551079203761e-02,2.27590319641269197e-02,,,NONE
SCRIPT_SELF_SHIELDING_AUDITOR,4,1,13,5.54999999999999982e+00,1.17262920899423353e+01,U,1.26871406485447261e-02,1.27231255832155749e-01,,,NONE
SCRIPT_SELF_SHIELDING_AUDITOR,4,1,13,5.54999999999999982e+00,1.17262920899423353e+01,C,1.74613685448435571e-02,2.73673884176509175e+00,,,NONE
SCRIPT_SELF_SHIELDING_AUDITOR,4,1,13,5.54999999999999982e+00,1.17262920899423353e+01,J_G1,4.35421387599924017e-03,2.72721268263119432e-02,,,NONE
SCRIPT_SELF_SHIELDING_AUDITOR,4,1,13,5.54999999999999982e+00,1.17262920899423353e+01,J_G2a,2.19352005022665272e-03,1.85940117801567280e-02,,,NONE
SCRIPT_SELF_SHIELDING_AUDITOR,4,1,14,5.54999999999999982e+00,1.17262920899423353e+01,M,8.34368142988261424e-03,3.53723345648156232e-02,,,NONE
SCRIPT_SELF_SHIELDING_AUDITOR,4,1,14,5.54999999999999982e+00,1.17262920899423353e+01,I,2.13651412804280148e-02,3.57423978388522606e-02,,,NONE
SCRIPT_SELF_SHIELDING_AUDITOR,4,1,14,5.54999999999999982e+00,1.17262920899423353e+01,U,3.75711872651132567e-02,1.27711693718781105e-01,,,NONE
SCRIPT_SELF_SHIELDING_AUDITOR,4,1,14,5.54999999999999982e+00,1.17262920899423353e+01,C,4.21203360636253354e-02,2.73673884176510329e+00,,,NONE
SCRIPT_SELF_SHIELDING_AUDITOR,4,1,14,5.54999999999999982e+00,1.17262920899423353e+01,J_G1,1.15904625077160157e-03,5.17258484906290700e-02,,,NONE
SCRIPT_SELF_SHIELDING_AUDITOR,4,1,14,5.54999999999999982e+00,1.17262920899423353e+01,J_G2a,7.09287120537539003e-04,4.25169678758401809e-02,,,NONE
SCRIPT_SELF_SHIELDING_AUDITOR,4,1,15,5.54999999999999982e+00,1.17262920899423353e+01,M,8.34368142988261598e-03,1.35873478681493905e-02,,,NONE
SCRIPT_SELF_SHIELDING_AUDITOR,4,1,15,5.54999999999999982e+00,1.17262920899423353e+01,I,1.39717008335031000e-02,2.27590319641269682e-02,,,NONE
SCRIPT_SELF_SHIELDING_AUDITOR,4,1,15,5.54999999999999982e+00,1.17262920899423353e+01,U,1.58743814374317505e-02,1.26376125219106433e-01,,,NONE
SCRIPT_SELF_SHIELDING_AUDITOR,4,1,15,5.54999999999999982e+00,1.17262920899423353e+01,C,2.06310838071578212e-02,2.73673884176518811e+00,,,NONE
SCRIPT_SELF_SHIELDING_AUDITOR,4,1,15,5.54999999999999982e+00,1.17262920899423353e+01,J_G1,1.11164149198601792e-03,2.98144447772377974e-02,,,NONE
SCRIPT_SELF_SHIELDING_AUDITOR,4,1,15,5.54999999999999982e+00,1.17262920899423353e+01,J_G2a,5.37710548567593314e-04,2.28054074234070800e-02,,,NONE
SCRIPT_SELF_SHIELDING_AUDITOR,4,1,16,5.54999999999999982e+00,1.17262920899423353e+01,M,8.34368142988261945e-03,1.40271306484786706e-02,,,NONE
SCRIPT_SELF_SHIELDING_AUDITOR,4,1,16,5.54999999999999982e+00,1.17262920899423353e+01,I,1.44113198823253401e-02,2.27590319641269093e-02,,,NONE
SCRIPT_SELF_SHIELDING_AUDITOR,4,1,16,5.54999999999999982e+00,1.17262920899423353e+01,U,1.63131237820879349e-02,1.25768063074117142e-01,,,NONE
SCRIPT_SELF_SHIELDING_AUDITOR,4,1,16,5.54999999999999982e+00,1.17262920899423353e+01,C,2.10671527117635426e-02,2.73673884176506954e+00,,,NONE
SCRIPT_SELF_SHIELDING_AUDITOR,4,1,16,5.54999999999999982e+00,1.17262920899423353e+01,J_G1,1.14475946823919782e-04,3.03519111315871185e-02,,,NONE
SCRIPT_SELF_SHIELDING_AUDITOR,4,1,16,5.54999999999999982e+00,1.17262920899423353e+01,J_G2a,5.26234675034970768e-05,2.27340447115104045e-02,,,NONE
SCRIPT_SELF_SHIELDING_AUDITOR,4,1,17,5.54999999999999982e+00,1.17262920899423353e+01,M,8.34368142987659302e-03,1.48234420355383232e-02,,,NONE
SCRIPT_SELF_SHIELDING_AUDITOR,4,1,17,5.54999999999999982e+00,1.17262920899423353e+01,I,1.52073217185207943e-02,2.27590319641343478e-02,,,NONE
SCRIPT_SELF_SHIELDING_AUDITOR,4,1,17,5.54999999999999982e+00,1.17262920899423353e+01,U,1.71074735705673414e-02,1.25800538933528716e-01,,,NONE
SCRIPT_SELF_SHIELDING_AUDITOR,4,1,17,5.54999999999999982e+00,1.17262920899423353e+01,C,2.18565016456786533e-02,2.73673884176100390e+00,,,NONE
SCRIPT_SELF_SHIELDING_AUDITOR,4,1,17,5.54999999999999982e+00,1.17262920899423353e+01,J_G1,3.05318706202358788e-06,3.08429785100346396e-02,,,NONE
SCRIPT_SELF_SHIELDING_AUDITOR,4,1,17,5.54999999999999982e+00,1.17262920899423353e+01,J_G2a,1.42428475967652918e-06,2.42641792279118564e-02,,,NONE
SCRIPT_SELF_SHIELDING_AUDITOR,4,2,0,5.54999999999999982e+00,1.17262920899423353e+01,M,3.15322505417191300e-03,8.34368142988261598e-03,,,NONE
SCRIPT_SELF_SHIELDING_AUDITOR,4,2,0,5.54999999999999982e+00,1.17262920899423353e+01,I,3.26412761806084070e-03,2.00495019770567280e-02,,,NONE
SCRIPT_SELF_SHIELDING_AUDITOR,4,2,0,5.54999999999999982e+00,1.17262920899423353e+01,U,4.10334170616566060e-03,5.91032973752715352e-02,,,NONE
SCRIPT_SELF_SHIELDING_AUDITOR,4,2,0,5.54999999999999982e+00,1.17262920899423353e+01,C,2.43523315160764156e-03,2.56821380673916044e+00,,,NONE
SCRIPT_SELF_SHIELDING_AUDITOR,4,2,0,5.54999999999999982e+00,1.17262920899423353e+01,J_G1,1.22976256293928234e-03,4.74909238860302205e-03,,,NONE
SCRIPT_SELF_SHIELDING_AUDITOR,4,2,0,5.54999999999999982e+00,1.17262920899423353e+01,J_G2a,1.00641873895167071e-03,1.93386342377058033e-03,,,NONE
SCRIPT_SELF_SHIELDING_AUDITOR,4,2,1,5.54999999999999982e+00,1.17262920899423353e+01,M,3.15322505417191430e-03,8.34368142988261598e-03,,,NONE
SCRIPT_SELF_SHIELDING_AUDITOR,4,2,1,5.54999999999999982e+00,1.17262920899423353e+01,I,3.40994305122319661e-03,2.00495019770566725e-02,,,NONE
SCRIPT_SELF_SHIELDING_AUDITOR,4,2,1,5.54999999999999982e+00,1.17262920899423353e+01,U,4.24912552202655162e-03,5.41252622932236957e-02,,,NONE
SCRIPT_SELF_SHIELDING_AUDITOR,4,2,1,5.54999999999999982e+00,1.17262920899423353e+01,C,2.58107288009239979e-03,2.56821380673915423e+00,,,NONE
SCRIPT_SELF_SHIELDING_AUDITOR,4,2,1,5.54999999999999982e+00,1.17262920899423353e+01,J_G1,1.09197866078472074e-03,1.22976256293949311e-03,,,NONE
SCRIPT_SELF_SHIELDING_AUDITOR,4,2,1,5.54999999999999982e+00,1.17262920899423353e+01,J_G2a,3.06274250118116691e-04,1.00641873895132745e-03,,,NONE
SCRIPT_SELF_SHIELDING_AUDITOR,4,2,2,5.54999999999999982e+00,1.17262920899423353e+01,M,3.15322505417191300e-03,8.34368142988261771e-03,,,NONE
SCRIPT_SELF_SHIELDING_AUDITOR,4,2,2,5.54999999999999982e+00,1.17262920899423353e+01,I,3.44066731573707983e-03,2.00495019770566864e-02,,,NONE
SCRIPT_SELF_SHIELDING_AUDITOR,4,2,2,5.54999999999999982e+00,1.17262920899423353e+01,U,4.27984296806613578e-03,5.30752497244647223e-02,,,NONE
SCRIPT_SELF_SHIELDING_AUDITOR,4,2,2,5.54999999999999982e+00,1.17262920899423353e+01,C,2.61180241842816005e-03,2.56821380673915378e+00,,,NONE
SCRIPT_SELF_SHIELDING_AUDITOR,4,2,2,5.54999999999999982e+00,1.17262920899423353e+01,J_G1,5.77957647788448028e-04,1.22976256293971667e-03,,,NONE
SCRIPT_SELF_SHIELDING_AUDITOR,4,2,2,5.54999999999999982e+00,1.17262920899423353e+01,J_G2a,1.48037601659596038e-04,1.00641873895102995e-03,,,NONE
SCRIPT_SELF_SHIELDING_AUDITOR,4,2,3,5.54999999999999982e+00,1.17262920899423353e+01,M,3.15322505417191300e-03,8.34368142988261598e-03,,,NONE
SCRIPT_SELF_SHIELDING_AUDITOR,4,2,3,5.54999999999999982e+00,1.17262920899423353e+01,I,3.46618019168612066e-03,2.00495019770567003e-02,,,NONE
SCRIPT_SELF_SHIELDING_AUDITOR,4,2,3,5.54999999999999982e+00,1.17262920899423353e+01,U,4.30535014067910844e-03,5.22030447404784395e-02,,,NONE
SCRIPT_SELF_SHIELDING_AUDITOR,4,2,3,5.54999999999999982e+00,1.17262920899423353e+01,C,2.63731971456912474e-03,2.56821380673906408e+00,,,NONE
SCRIPT_SELF_SHIELDING_AUDITOR,4,2,3,5.54999999999999982e+00,1.17262920899423353e+01,J_G1,2.99317257783284472e-04,1.22976256293952130e-03,,,NONE
SCRIPT_SELF_SHIELDING_AUDITOR,4,2,3,5.54999999999999982e+00,1.17262920899423353e+01,J_G2a,7.08007664195945232e-05,1.00641873895122446e-03,,,NONE
SCRIPT_SELF_SHIELDING_AUDITOR,4,2,4,5.54999999999999982e+00,1.17262920899423353e+01,M,3.15322505417191257e-03,8.34368142988261598e-03,,,NONE
SCRIPT_SELF_SHIELDING_AUDITOR,4,2,4,5.54999999999999982e+00,1.17262920899423353e+01,I,3.51363613972549733e-03,2.00495019770566968e-02,,,NONE
SCRIPT_SELF_SHIELDING_AUDITOR,4,2,4,5.54999999999999982e+00,1.17262920899423353e+01,U,4.35279538015380472e-03,5.05799664453909989e-02,,,NONE
SCRIPT_SELF_SHIELDING_AUDITOR,4,2,4,5.54999999999999982e+00,1.17262920899423353e+01,C,2.68478398323666835e-03,2.56821380673909205e+00,,,NONE
SCRIPT_SELF_SHIELDING_AUDITOR,4,2,4,5.54999999999999982e+00,1.17262920899423353e+01,J_G1,3.05801887870546285e-05,1.22976256293967200e-03,,,NONE
SCRIPT_SELF_SHIELDING_AUDITOR,4,2,4,5.54999999999999982e+00,1.17262920899423353e+01,J_G2a,6.16131793989322986e-06,1.00641873895136757e-03,,,NONE
SCRIPT_SELF_SHIELDING_AUDITOR,4,2,5,5.54999999999999982e+00,1.17262920899423353e+01,M,3.15322505417191213e-03,8.34368142988261771e-03,,,NONE
SCRIPT_SELF_SHIELDING_AUDITOR,4,2,5,5.54999999999999982e+00,1.17262920899423353e+01,I,3.51858066506021859e-03,2.00495019770566517e-02,,,NONE
SCRIPT_SELF_SHIELDING_AUDITOR,4,2,5,5.54999999999999982e+00,1.17262920899423353e+01,U,4.35773878226716760e-03,5.04108017850802420e-02,,,NONE
SCRIPT_SELF_SHIELDING_AUDITOR,4,2,5,5.54999999999999982e+00,1.17262920899423353e+01,C,2.68972938290030225e-03,2.56821380673915423e+00,,,NONE
SCRIPT_SELF_SHIELDING_AUDITOR,4,2,5,5.54999999999999982e+00,1.17262920899423353e+01,J_G1,7.84973931855675634e-07,1.22976256293970952e-03,,,NONE
SCRIPT_SELF_SHIELDING_AUDITOR,4,2,5,5.54999999999999982e+00,1.17262920899423353e+01,J_G2a,1.55368153160329008e-07,1.00641873895129666e-03,,,NONE
SCRIPT_SELF_SHIELDING_AUDITOR,4,2,6,5.54999999999999982e+00,1.17262920899423353e+01,M,3.15322505417191257e-03,8.34368142988261771e-03,,,NONE
SCRIPT_SELF_SHIELDING_AUDITOR,4,2,6,5.54999999999999982e+00,1.17262920899423353e+01,I,3.24679124449205091e-03,2.03267271228715352e-02,,,NONE
SCRIPT_SELF_SHIELDING_AUDITOR,4,2,6,5.54999999999999982e+00,1.17262920899423353e+01,U,4.08600901004839336e-03,6.87606608693708821e-02,,,NONE
SCRIPT_SELF_SHIELDING_AUDITOR,4,2,6,5.54999999999999982e+00,1.17262920899423353e+01,C,2.41789397014366544e-03,2.60372458639489590e+00,,,NONE
SCRIPT_SELF_SHIELDING_AUDITOR,4,2,6,5.54999999999999982e+00,1.17262920899423353e+01,J_G1,1.22976256293939705e-03,9.05557181982790706e-03,,,NONE
SCRIPT_SELF_SHIELDING_AUDITOR,4,2,6,5.54999999999999982e+00,1.17262920899423353e+01,J_G2a,1.00641873895149442e-03,3.83836838766935364e-03,,,NONE
SCRIPT_SELF_SHIELDING_AUDITOR,4,2,7,5.54999999999999982e+00,1.17262920899423353e+01,M,3.15322505417191257e-03,8.34368142988261945e-03,,,NONE
SCRIPT_SELF_SHIELDING_AUDITOR,4,2,7,5.54999999999999982e+00,1.17262920899423353e+01,I,3.30488581932683601e-03,2.03267271228715282e-02,,,NONE
SCRIPT_SELF_SHIELDING_AUDITOR,4,2,7,5.54999999999999982e+00,1.17262920899423353e+01,U,4.14409119334054488e-03,6.67788046091888632e-02,,,NONE
SCRIPT_SELF_SHIELDING_AUDITOR,4,2,7,5.54999999999999982e+00,1.17262920899423353e+01,C,2.47599802180376418e-03,2.60372458639489945e+00,,,NONE
SCRIPT_SELF_SHIELDING_AUDITOR,4,2,7,5.54999999999999982e+00,1.17262920899423353e+01,J_G1,1.22976256293956597e-03,9.99659392339493844e-03,,,NONE
SCRIPT_SELF_SHIELDING_AUDITOR,4,2,7,5.54999999999999982e+00,1.17262920899423353e+01,J_G2a,1.00641873895107072e-03,3.69249569024666631e-03,,,NONE
SCRIPT_SELF_SHIELDING_AUDITOR,4,2,8,5.54999999999999982e+00,1.17262920899423353e+01,M,3.15322505417191343e-03,8.34368142988261771e-03,,,NONE
SCRIPT_SELF_SHIELDING_AUDITOR,4,2,8,5.54999999999999982e+00,1.17262920899423353e+01,I,3.34670130291755269e-03,2.03267271228715282e-02,,,NONE
SCRIPT_SELF_SHIELDING_AUDITOR,4,2,8,5.54999999999999982e+00,1.17262920899423353e+01,U,4.18589763716623910e-03,6.53514459388968294e-02,,,NONE
SCRIPT_SELF_SHIELDING_AUDITOR,4,2,8,5.54999999999999982e+00,1.17262920899423353e+01,C,2.51782044575889034e-03,2.60372458639492255e+00,,,NONE
SCRIPT_SELF_SHIELDING_AUDITOR,4,2,8,5.54999999999999982e+00,1.17262920899423353e+01,J_G1,1.22976256293975505e-03,4.89957015285850863e-03,,,NONE
SCRIPT_SELF_SHIELDING_AUDITOR,4,2,8,5.54999999999999982e+00,1.17262920899423353e+01,J_G2a,1.00641873895148792e-03,1.62863346815841545e-03,,,NONE
SCRIPT_SELF_SHIELDING_AUDITOR,4,2,9,5.54999999999999982e+00,1.17262920899423353e+01,M,3.15322505417191300e-03,8.34368142988261771e-03,,,NONE
SCRIPT_SELF_SHIELDING_AUDITOR,4,2,9,5.54999999999999982e+00,1.17262920899423353e+01,I,3.37915056458830626e-03,2.03267271228715213e-02,,,NONE
SCRIPT_SELF_SHIELDING_AUDITOR,4,2,9,5.54999999999999982e+00,1.17262920899423353e+01,U,4.21833981435068735e-03,6.42433083276288258e-02,,,NONE
SCRIPT_SELF_SHIELDING_AUDITOR,4,2,9,5.54999999999999982e+00,1.17262920899423353e+01,C,2.55027516193028977e-03,2.60372458639486792e+00,,,NONE
SCRIPT_SELF_SHIELDING_AUDITOR,4,2,9,5.54999999999999982e+00,1.17262920899423353e+01,J_G1,1.22976256293983507e-03,2.33623619668224102e-03,,,NONE
SCRIPT_SELF_SHIELDING_AUDITOR,4,2,9,5.54999999999999982e+00,1.17262920899423353e+01,J_G2a,7.03993830360363998e-04,1.00641873895119193e-03,,,NONE
SCRIPT_SELF_SHIELDING_AUDITOR,4,2,10,5.54999999999999982e+00,1.17262920899423353e+01,M,3.15322505417191213e-03,8.34368142988261598e-03,,,NONE
SCRIPT_SELF_SHIELDING_AUDITOR,4,2,10,5.54999999999999982e+00,1.17262920899423353e+01,I,3.41951507508822224e-03,2.03267271228715143e-02,,,NONE
SCRIPT_SELF_SHIELDING_AUDITOR,4,2,10,5.54999999999999982e+00,1.17262920899423353e+01,U,4.25869542746461650e-03,6.28642655877359041e-02,,,NONE
SCRIPT_SELF_SHIELDING_AUDITOR,4,2,10,5.54999999999999982e+00,1.17262920899423353e+01,C,2.59064654122346562e-03,2.60372458639492033e+00,,,NONE
SCRIPT_SELF_SHIELDING_AUDITOR,4,2,10,5.54999999999999982e+00,1.17262920899423353e+01,J_G1,2.27085984272956730e-04,1.22976256293956640e-03,,,NONE
SCRIPT_SELF_SHIELDING_AUDITOR,4,2,10,5.54999999999999982e+00,1.17262920899423353e+01,J_G2a,6.19503776777972004e-05,1.00641873895095514e-03,,,NONE
SCRIPT_SELF_SHIELDING_AUDITOR,4,2,11,5.54999999999999982e+00,1.17262920899423353e+01,M,3.15322505417191213e-03,8.34368142988261598e-03,,,NONE
SCRIPT_SELF_SHIELDING_AUDITOR,4,2,11,5.54999999999999982e+00,1.17262920899423353e+01,I,3.42694320247091677e-03,2.03267271228715109e-02,,,NONE
SCRIPT_SELF_SHIELDING_AUDITOR,4,2,11,5.54999999999999982e+00,1.17262920899423353e+01,U,4.26612190725199781e-03,6.26104130249110213e-02,,,NONE
SCRIPT_SELF_SHIELDING_AUDITOR,4,2,11,5.54999999999999982e+00,1.17262920899423353e+01,C,2.59807594276536798e-03,2.60372458639489768e+00,,,NONE
SCRIPT_SELF_SHIELDING_AUDITOR,4,2,11,5.54999999999999982e+00,1.17262920899423353e+01,J_G1,5.83712625161690428e-06,1.22976256293976329e-03,,,NONE
SCRIPT_SELF_SHIELDING_AUDITOR,4,2,11,5.54999999999999982e+00,1.17262920899423353e+01,J_G2a,1.55798045833211421e-06,1.00641873895117675e-03,,,NONE
SCRIPT_SELF_SHIELDING_AUDITOR,4,2,12,5.54999999999999982e+00,1.17262920899423353e+01,M,3.11474508703554883e-03,8.34368142988261424e-03,,,NONE
SCRIPT_SELF_SHIELDING_AUDITOR,4,2,12,5.54999999999999982e+00,1.17262920899423353e+01,I,3.15490569868172961e-03,2.13651412804280114e-02,,,NONE
SCRIPT_SELF_SHIELDING_AUDITOR,4,2,12,5.54999999999999982e+00,1.17262920899423353e+01,U,3.99414266574384461e-03,1.05851704724642753e-01,,,NONE
SCRIPT_SELF_SHIELDING_AUDITOR,4,2,12,5.54999999999999982e+00,1.17262920899423353e+01,C,2.32599382815912043e-03,2.73673884176509263e+00,,,NONE
SCRIPT_SELF_SHIELDING_AUDITOR,4,2,12,5.54999999999999982e+00,1.17262920899423353e+01,J_G1,1.22976256294079263e-03,9.67723140469343643e-03,,,NONE
SCRIPT_SELF_SHIELDING_AUDITOR,4,2,12,5.54999999999999982e+00,1.17262920899423353e+01,J_G2a,1.00641873895103515e-03,5.01668696969560703e-03,,,NONE
SCRIPT_SELF_SHIELDING_AUDITOR,4,2,13,5.54999999999999982e+00,1.17262920899423353e+01,M,3.13505161806299816e-03,8.34368142988261598e-03,,,NONE
SCRIPT_SELF_SHIELDING_AUDITOR,4,2,13,5.54999999999999982e+00,1.17262920899423353e+01,I,3.17521205331266912e-03,2.13651412804280287e-02,,,NONE
SCRIPT_SELF_SHIELDING_AUDITOR,4,2,13,5.54999999999999982e+00,1.17262920899423353e+01,U,4.01444481885472257e-03,1.05159884093786446e-01,,,NONE
SCRIPT_SELF_SHIELDING_AUDITOR,4,2,13,5.54999999999999982e+00,1.17262920899423353e+01,C,2.34630336705008834e-03,2.73673884176509175e+00,,,NONE
SCRIPT_SELF_SHIELDING_AUDITOR,4,2,13,5.54999999999999982e+00,1.17262920899423353e+01,J_G1,1.22976256293993395e-03,4.41746007942013259e-03,,,NONE
SCRIPT_SELF_SHIELDING_AUDITOR,4,2,13,5.54999999999999982e+00,1.17262920899423353e+01,J_G2a,1.00641873895147989e-03,2.19352005022665272e-03,,,NONE
SCRIPT_SELF_SHIELDING_AUDITOR,4,2,14,5.54999999999999982e+00,1.17262920899423353e+01,M,3.12570277913592305e-03,8.34368142988261424e-03,,,NONE
SCRIPT_SELF_SHIELDING_AUDITOR,4,2,14,5.54999999999999982e+00,1.17262920899423353e+01,I,3.16586329573751313e-03,2.13651412804280148e-02,,,NONE
SCRIPT_SELF_SHIELDING_AUDITOR,4,2,14,5.54999999999999982e+00,1.17262920899423353e+01,U,4.00509799855560452e-03,1.05478409346650273e-01,,,NONE
SCRIPT_SELF_SHIELDING_AUDITOR,4,2,14,5.54999999999999982e+00,1.17262920899423353e+01,C,2.33695314056626448e-03,2.73673884176510329e+00,,,NONE
SCRIPT_SELF_SHIELDING_AUDITOR,4,2,14,5.54999999999999982e+00,1.17262920899423353e+01,J_G1,1.22976256293970431e-03,1.44032160423731063e-03,,,NONE
SCRIPT_SELF_SHIELDING_AUDITOR,4,2,14,5.54999999999999982e+00,1.17262920899423353e+01,J_G2a,7.21025063216173753e-04,1.00641873895117523e-03,,,NONE
SCRIPT_SELF_SHIELDING_AUDITOR,4,2,15,5.54999999999999982e+00,1.17262920899423353e+01,M,3.15322505417191343e-03,8.34368142988261598e-03,,,NONE
SCRIPT_SELF_SHIELDING_AUDITOR,4,2,15,5.54999999999999982e+00,1.17262920899423353e+01,I,3.19405819028492069e-03,2.13651412804280322e-02,,,NONE
SCRIPT_SELF_SHIELDING_AUDITOR,4,2,15,5.54999999999999982e+00,1.17262920899423353e+01,U,4.03328703514526862e-03,1.04517661660391406e-01,,,NONE
SCRIPT_SELF_SHIELDING_AUDITOR,4,2,15,5.54999999999999982e+00,1.17262920899423353e+01,C,2.36515248034043337e-03,2.73673884176518811e+00,,,NONE
SCRIPT_SELF_SHIELDING_AUDITOR,4,2,15,5.54999999999999982e+00,1.17262920899423353e+01,J_G1,1.11164149198601792e-03,1.22976256293961367e-03,,,NONE
SCRIPT_SELF_SHIELDING_AUDITOR,4,2,15,5.54999999999999982e+00,1.17262920899423353e+01,J_G2a,5.31401950860955759e-04,1.00641873895159916e-03,,,NONE
SCRIPT_SELF_SHIELDING_AUDITOR,4,2,16,5.54999999999999982e+00,1.17262920899423353e+01,M,3.15322505417191343e-03,8.34368142988261945e-03,,,NONE
SCRIPT_SELF_SHIELDING_AUDITOR,4,2,16,5.54999999999999982e+00,1.17262920899423353e+01,I,3.21722626548018743e-03,2.13651412804280322e-02,,,NONE
SCRIPT_SELF_SHIELDING_AUDITOR,4,2,16,5.54999999999999982e+00,1.17262920899423353e+01,U,4.05645026245245524e-03,1.03727961715134237e-01,,,NONE
SCRIPT_SELF_SHIELDING_AUDITOR,4,2,16,5.54999999999999982e+00,1.17262920899423353e+01,C,2.38832424215617905e-03,2.73673884176506954e+00,,,NONE
SCRIPT_SELF_SHIELDING_AUDITOR,4,2,16,5.54999999999999982e+00,1.17262920899423353e+01,J_G1,1.14475946823919782e-04,1.22976256293976676e-03,,,NONE
SCRIPT_SELF_SHIELDING_AUDITOR,4,2,16,5.54999999999999982e+00,1.17262920899423353e+01,J_G2a,5.20060716065928643e-05,1.00641873895119366e-03,,,NONE
SCRIPT_SELF_SHIELDING_AUDITOR,4,2,17,5.54999999999999982e+00,1.17262920899423353e+01,M,3.15322505416976628e-03,8.34368142987659302e-03,,,NONE
SCRIPT_SELF_SHIELDING_AUDITOR,4,2,17,5.54999999999999982e+00,1.17262920899423353e+01,I,3.21059775146157085e-03,2.13651412803959363e-02,,,NONE
SCRIPT_SELF_SHIELDING_AUDITOR,4,2,17,5.54999999999999982e+00,1.17262920899423353e+01,U,4.04982313860467475e-03,1.03953921557231765e-01,,,NONE
SCRIPT_SELF_SHIELDING_AUDITOR,4,2,17,5.54999999999999982e+00,1.17262920899423353e+01,C,2.38169467024956089e-03,2.73673884176100390e+00,,,NONE
SCRIPT_SELF_SHIELDING_AUDITOR,4,2,17,5.54999999999999982e+00,1.17262920899423353e+01,J_G1,3.05318706202358788e-06,1.22976256276651928e-03,,,NONE
SCRIPT_SELF_SHIELDING_AUDITOR,4,2,17,5.54999999999999982e+00,1.17262920899423353e+01,J_G2a,1.40757458057778636e-06,1.00641873910439837e-03,,,NONE
