s,time_s,node_a_baseline_J,node_b_baseline_J,partition_shape_f,node_a_redistributed_J,node_b_redistributed_J,baseline_pointwise_total_J,redistributed_pointwise_total_J
0.0,0.0,1.0961549859190125e+48,1.0541124515878392e+48,0.0,1.0961549859190125e+48,1.0541124515878392e+48,2.1502674375068517e+48,2.1502674375068517e+48
0.001,638562959250.9846,1.0961672662322658e+48,1.0541242427787482e+48,0.000999,1.0965884895679202e+48,1.0537030194430937e+48,2.150291509011014e+48,2.150291509011014e+48
0.002,1277125918501.9692,1.0961795465455192e+48,1.054136033969657e+48,0.001996,1.0970211499268668e+48,1.0532944305883093e+48,2.150315580515176e+48,2.150315580515176e+48
0.003,1915688877752.9539,1.0961918268587723e+48,1.054147825160566e+48,0.002991,1.097452966995852e+48,1.0528866850234863e+48,2.1503396520193384e+48,2.1503396520193384e+48
0.004,2554251837003.9385,1.0962041071720257e+48,1.054159616351475e+48,0.003984,1.0978839407748761e+48,1.0524797827486247e+48,2.1503637235235006e+48,2.1503637235235006e+48
0.005,3192814796254.9233,1.096216387485279e+48,1.054171407542384e+48,0.004975,1.0983140712639388e+48,1.0520737237637242e+48,2.150387795027663e+48,2.150387795027663e+48
0.006,3831377755505.9077,1.0962286677985325e+48,1.0541831987332928e+48,0.005964,1.0987433584630404e+48,1.0516685080687849e+48,2.150411866531825e+48,2.150411866531825e+48
0.007,4469940714756.893,1.0962409481117857e+48,1.0541949899242018e+48,0.006951,1.0991718023721806e+48,1.051264135663807e+48,2.1504359380359874e+48,2.1504359380359874e+48
0.008,5108503674007.877,1.0962532284250392e+48,1.0542067811151108e+48,0.007936,1.0995994029913596e+48,1.0508606065487904e+48,2.15046000954015e+48,2.15046000954015e+48
0.009000000000000001,5747066633258.862,1.0962655087382923e+48,1.0542185723060197e+48,0.008919000000000002,1.100026160320577e+48,1.050457920723735e+48,2.150484081044312e+48,2.150484081044312e+48
0.01,6385629592509.847,1.0962777890515456e+48,1.0542303634969285e+48,0.0099,1.1004520743598334e+48,1.0500560781886407e+48,2.150508152548474e+48,2.150508152548474e+48
0.011,7024192551760.83,1.096290069364799e+48,1.0542421546878377e+48,0.010879,1.1008771451091287e+48,1.049655078943508e+48,2.1505322240526366e+48,2.1505322240526366e+48
0.012,7662755511011.815,1.0963023496780523e+48,1.0542539458787466e+48,0.011856,1.1013013725684624e+48,1.0492549229883365e+48,2.150556295556799e+48,2.150556295556799e+48
0.013000000000000001,8301318470262.801,1.0963146299913057e+48,1.0542657370696554e+48,0.012831,1.1017247567378351e+48,1.048855610323126e+48,2.150580367060961e+48,2.150580367060961e+48
0.014,8939881429513.785,1.096326910304559e+48,1.0542775282605644e+48,0.013804,1.1021472976172464e+48,1.048457140947877e+48,2.1506044385651234e+48,2.1506044385651234e+48
0.015,9578444388764.77,1.0963391906178122e+48,1.0542893194514734e+48,0.014775,1.1025689952066963e+48,1.0480595148625893e+48,2.1506285100692856e+48,2.1506285100692856e+48
0.016,10217007348015.754,1.0963514709310655e+48,1.0543011106423823e+48,0.015744,1.1029898495061852e+48,1.0476627320672627e+48,2.150652581573448e+48,2.150652581573448e+48
0.017,10855570307266.74,1.096363751244319e+48,1.0543129018332911e+48,0.016711,1.1034098605157128e+48,1.0472667925618973e+48,2.15067665307761e+48,2.15067665307761e+48
0.018000000000000002,11494133266517.725,1.0963760315575722e+48,1.0543246930242001e+48,0.017676,1.1038290282352788e+48,1.0468716963464935e+48,2.1507007245817723e+48,2.1507007245817723e+48
0.019,12132696225768.707,1.0963883118708257e+48,1.0543364842151092e+48,0.018639,1.104247352664884e+48,1.0464774434210509e+48,2.150724796085935e+48,2.150724796085935e+48
0.02,12771259185019.693,1.0964005921840788e+48,1.054348275406018e+48,0.0196,1.1046648338045275e+48,1.0460840337855693e+48,2.1507488675900968e+48,2.1507488675900968e+48
0.021,13409822144270.678,1.096412872497332e+48,1.054360066596927e+48,0.020559,1.1050814716542099e+48,1.0456914674400492e+48,2.150772939094259e+48,2.150772939094259e+48
0.022,14048385103521.66,1.0964251528105855e+48,1.054371857787836e+48,0.021515999999999997,1.105497266213931e+48,1.0452997443844904e+48,2.1507970105984216e+48,2.1507970105984216e+48
0.023,14686948062772.646,1.0964374331238388e+48,1.0543836489787449e+48,0.022470999999999998,1.1059122174836908e+48,1.0449088646188928e+48,2.150821082102584e+48,2.150821082102584e+48
0.024,15325511022023.63,1.0964497134370922e+48,1.0543954401696537e+48,0.023424,1.1063263254634896e+48,1.0445188281432564e+48,2.150845153606746e+48,2.150845153606746e+48
0.025,15964073981274.617,1.0964619937503455e+48,1.0544072313605627e+48,0.024375,1.1067395901533269e+48,1.0441296349575813e+48,2.1508692251109083e+48,2.1508692251109083e+48
0.026000000000000002,16602636940525.602,1.0964742740635988e+48,1.0544190225514718e+48,0.025324000000000003,1.107152011553203e+48,1.0437412850618676e+48,2.1508932966150706e+48,2.1508932966150706e+48
0.027,17241199899776.584,1.096486554376852e+48,1.0544308137423808e+48,0.026271,1.1075635896631177e+48,1.0433537784561151e+48,2.1509173681192328e+48,2.1509173681192328e+48
0.028,17879762859027.57,1.0964988346901055e+48,1.0544426049332896e+48,0.027216,1.1079743244830714e+48,1.0429671151403237e+48,2.150941439623395e+48,2.150941439623395e+48
0.029,18518325818278.555,1.0965111150033587e+48,1.0544543961241985e+48,0.028159,1.1083842160130635e+48,1.0425812951144938e+48,2.1509655111275573e+48,2.1509655111275573e+48
0.03,19156888777529.54,1.096523395316612e+48,1.0544661873151075e+48,0.029099999999999997,1.1087932642530945e+48,1.042196318378625e+48,2.1509895826317195e+48,2.1509895826317195e+48
0.031,19795451736780.523,1.0965356756298655e+48,1.0544779785060163e+48,0.030039,1.1092014692031644e+48,1.0418121849327174e+48,2.1510136541358818e+48,2.1510136541358818e+48
0.032,20434014696031.508,1.0965479559431186e+48,1.0544897696969253e+48,0.030976,1.1096088308632725e+48,1.0414288947767714e+48,2.151037725640044e+48,2.151037725640044e+48
0.033,21072577655282.492,1.096560236256372e+48,1.0545015608878344e+48,0.031911,1.1100153492334198e+48,1.0410464479107866e+48,2.1510617971442062e+48,2.1510617971442062e+48
0.034,21711140614533.48,1.0965725165696253e+48,1.0545133520787434e+48,0.032844,1.1104210243136056e+48,1.040664844334763e+48,2.1510858686483685e+48,2.1510858686483685e+48
0.035,22349703573784.465,1.0965847968828787e+48,1.0545251432696522e+48,0.033775,1.1108258561038304e+48,1.0402840840487005e+48,2.1511099401525307e+48,2.1511099401525307e+48
0.036000000000000004,22988266533035.45,1.096597077196132e+48,1.0545369344605611e+48,0.034704000000000006,1.1112298446040938e+48,1.0399041670525994e+48,2.151134011656693e+48,2.151134011656693e+48
0.037,23626829492286.43,1.0966093575093853e+48,1.0545487256514701e+48,0.035630999999999996,1.1116329898143958e+48,1.0395250933464596e+48,2.1511580831608552e+48,2.1511580831608552e+48
0.038,24265392451537.414,1.0966216378226385e+48,1.0545605168423789e+48,0.036556,1.1120352917347365e+48,1.039146862930281e+48,2.1511821546650174e+48,2.1511821546650174e+48
0.039,24903955410788.4,1.096633918135892e+48,1.0545723080332879e+48,0.037479,1.1124367503651162e+48,1.0387694758040636e+48,2.1512062261691797e+48,2.1512062261691797e+48
0.04,25542518370039.387,1.0966461984491453e+48,1.0545840992241968e+48,0.0384,1.1128373657055345e+48,1.0383929319678076e+48,2.151230297673342e+48,2.151230297673342e+48
0.041,26181081329290.37,1.0966584787623985e+48,1.054595890415106e+48,0.039319,1.1132371377559914e+48,1.038017231421513e+48,2.1512543691775045e+48,2.1512543691775045e+48
0.042,26819644288541.355,1.096670759075652e+48,1.0546076816060148e+48,0.040236,1.1136360665164873e+48,1.0376423741651795e+48,2.1512784406816667e+48,2.1512784406816667e+48
0.043000000000000003,27458207247792.34,1.0966830393889051e+48,1.0546194727969237e+48,0.041151,1.1140341519870216e+48,1.0372683601988072e+48,2.1513025121858286e+48,2.1513025121858286e+48
0.044,28096770207043.32,1.0966953197021585e+48,1.0546312639878327e+48,0.042064,1.1144313941675948e+48,1.0368951895223964e+48,2.1513265836899912e+48,2.1513265836899912e+48
0.045,28735333166294.31,1.0967076000154118e+48,1.0546430551787417e+48,0.042975,1.1148277930582067e+48,1.0365228621359468e+48,2.1513506551941535e+48,2.1513506551941535e+48
0.046,29373896125545.293,1.0967198803286652e+48,1.0546548463696505e+48,0.043884,1.1152233486588575e+48,1.0361513780394582e+48,2.1513747266983157e+48,2.1513747266983157e+48
0.047,30012459084796.277,1.0967321606419185e+48,1.0546666375605594e+48,0.044791,1.1156180609695469e+48,1.035780737232931e+48,2.151398798202478e+48,2.151398798202478e+48
0.048,30651022044047.26,1.096744440955172e+48,1.0546784287514686e+48,0.045696,1.116011929990275e+48,1.0354109397163654e+48,2.1514228697066405e+48,2.1514228697066405e+48
0.049,31289585003298.246,1.096756721268425e+48,1.0546902199423774e+48,0.046599,1.1164049557210417e+48,1.0350419854897607e+48,2.1514469412108024e+48,2.1514469412108024e+48
0.05,31928147962549.234,1.0967690015816783e+48,1.0547020111332863e+48,0.0475,1.1167971381618472e+48,1.0346738745531174e+48,2.1514710127149647e+48,2.1514710127149647e+48
0.051000000000000004,32566710921800.22,1.0967812818949318e+48,1.0547138023241953e+48,0.048399000000000005,1.1171884773126917e+48,1.0343066069064353e+48,2.1514950842191272e+48,2.1514950842191272e+48
0.052000000000000005,33205273881051.203,1.096793562208185e+48,1.0547255935151043e+48,0.049296,1.1175789731735747e+48,1.0339401825497146e+48,2.1515191557232895e+48,2.1515191557232895e+48
0.053,33843836840302.184,1.0968058425214385e+48,1.054737384706013e+48,0.050191,1.1179686257444966e+48,1.033574601482955e+48,2.1515432272274517e+48,2.1515432272274517e+48
0.054,34482399799553.168,1.0968181228346916e+48,1.054749175896922e+48,0.051084,1.118357435025457e+48,1.0332098637061567e+48,2.1515672987316136e+48,2.1515672987316136e+48
0.055,35120962758804.156,1.096830403147945e+48,1.0547609670878311e+48,0.051975,1.1187454010164562e+48,1.03284596921932e+48,2.1515913702357762e+48,2.1515913702357762e+48
0.056,35759525718055.14,1.0968426834611983e+48,1.05477275827874e+48,0.052864,1.1191325237174941e+48,1.0324829180224442e+48,2.1516154417399384e+48,2.1516154417399384e+48
0.057,36398088677306.125,1.0968549637744517e+48,1.0547845494696489e+48,0.053751,1.119518803128571e+48,1.0321207101155297e+48,2.1516395132441007e+48,2.1516395132441007e+48
0.058,37036651636557.11,1.096867244087705e+48,1.0547963406605579e+48,0.054636,1.1199042392496864e+48,1.0317593454985765e+48,2.151663584748263e+48,2.151663584748263e+48
0.059000000000000004,37675214595808.09,1.0968795244009585e+48,1.0548081318514668e+48,0.055519,1.1202888320808406e+48,1.0313988241715847e+48,2.151687656252425e+48,2.151687656252425e+48
0.06,38313777555059.08,1.0968918047142116e+48,1.0548199230423756e+48,0.05639999999999999,1.1206725816220332e+48,1.031039146134554e+48,2.1517117277565874e+48,2.1517117277565874e+48
0.061,38952340514310.06,1.096904085027465e+48,1.0548317142332848e+48,0.057279000000000004,1.121055487873265e+48,1.0306803113874848e+48,2.1517357992607496e+48,2.1517357992607496e+48
0.062,39590903473561.05,1.0969163653407183e+48,1.0548435054241937e+48,0.058156,1.1214375508345352e+48,1.0303223199303768e+48,2.151759870764912e+48,2.151759870764912e+48
0.063,40229466432812.03,1.0969286456539717e+48,1.0548552966151027e+48,0.05903100000000001,1.1218187705058444e+48,1.02996517176323e+48,2.1517839422690744e+48,2.1517839422690744e+48
0.064,40868029392063.016,1.096940925967225e+48,1.0548670878060115e+48,0.059904,1.1221991468871921e+48,1.0296088668860444e+48,2.1518080137732363e+48,2.1518080137732363e+48
0.065,41506592351314.0,1.0969532062804784e+48,1.0548788789969206e+48,0.060775,1.1225786799785788e+48,1.0292534052988202e+48,2.1518320852773992e+48,2.1518320852773992e+48
0.066,42145155310564.984,1.0969654865937315e+48,1.0548906701878294e+48,0.061644,1.1229573697800038e+48,1.0288987870015572e+48,2.1518561567815608e+48,2.1518561567815608e+48
0.067,42783718269815.97,1.096977766906985e+48,1.0549024613787384e+48,0.06251100000000001,1.1233352162914679e+48,1.0285450119942555e+48,2.1518802282857234e+48,2.1518802282857234e+48
0.068,43422281229066.96,1.0969900472202383e+48,1.0549142525696472e+48,0.063376,1.1237122195129706e+48,1.0281920802769149e+48,2.1519042997898853e+48,2.1519042997898853e+48
0.069,44060844188317.945,1.0970023275334917e+48,1.0549260437605563e+48,0.064239,1.1240883794445122e+48,1.0278399918495358e+48,2.1519283712940482e+48,2.1519283712940482e+48
0.07,44699407147568.93,1.0970146078467448e+48,1.0549378349514653e+48,0.0651,1.1244636960860921e+48,1.027488746712118e+48,2.15195244279821e+48,2.15195244279821e+48
0.07100000000000001,45337970106819.914,1.0970268881599984e+48,1.0549496261423743e+48,0.065959,1.1248381694377113e+48,1.0271383448646613e+48,2.1519765143023727e+48,2.1519765143023727e+48
0.07200000000000001,45976533066070.9,1.0970391684732514e+48,1.054961417333283e+48,0.066816,1.1252117994993686e+48,1.0267887863071658e+48,2.1520005858065343e+48,2.1520005858065343e+48
0.073,46615096025321.875,1.097051448786505e+48,1.054973208524192e+48,0.067671,1.1255845862710652e+48,1.0264400710396318e+48,2.152024657310697e+48,2.152024657310697e+48
0.074,47253658984572.86,1.0970637290997582e+48,1.054984999715101e+48,0.068524,1.1259565297528002e+48,1.026092199062059e+48,2.1520487288148594e+48,2.1520487288148594e+48
0.075,47892221943823.84,1.0970760094130117e+48,1.05499679090601e+48,0.069375,1.1263276299445742e+48,1.0257451703744474e+48,2.1520728003190216e+48,2.1520728003190216e+48
0.076,48530784903074.83,1.097088289726265e+48,1.055008582096919e+48,0.070224,1.1266978868463868e+48,1.0253989849767971e+48,2.152096871823184e+48,2.152096871823184e+48
0.077,49169347862325.81,1.097100570039518e+48,1.0550203732878279e+48,0.07107100000000001,1.1270673004582378e+48,1.0250536428691082e+48,2.152120943327346e+48,2.152120943327346e+48
0.078,49807910821576.8,1.0971128503527715e+48,1.0550321644787369e+48,0.07191600000000001,1.1274358707801279e+48,1.0247091440513804e+48,2.1521450148315083e+48,2.1521450148315083e+48
0.079,50446473780827.79,1.0971251306660248e+48,1.0550439556696458e+48,0.072759,1.1278035978120566e+48,1.024365488523614e+48,2.1521690863356706e+48,2.1521690863356706e+48
0.08,51085036740078.77,1.0971374109792782e+48,1.0550557468605546e+48,0.0736,1.1281704815540241e+48,1.0240226762858087e+48,2.1521931578398328e+48,2.1521931578398328e+48
0.081,51723599699329.76,1.0971496912925315e+48,1.0550675380514636e+48,0.074439,1.1285365220060304e+48,1.0236807073379646e+48,2.152217229343995e+48,2.152217229343995e+48
0.082,52362162658580.74,1.0971619716057849e+48,1.0550793292423726e+48,0.07527600000000001,1.1289017191680753e+48,1.0233395816800821e+48,2.1522413008481573e+48,2.1522413008481573e+48
0.083,53000725617831.73,1.097174251919038e+48,1.0550911204332815e+48,0.07611100000000001,1.1292660730401588e+48,1.0229992993121607e+48,2.1522653723523195e+48,2.1522653723523195e+48
0.084,53639288577082.71,1.0971865322322915e+48,1.0551029116241905e+48,0.07694400000000001,1.1296295836222813e+48,1.0226598602342007e+48,2.1522894438564818e+48,2.1522894438564818e+48
0.085,54277851536333.695,1.0971988125455447e+48,1.0551147028150995e+48,0.07777500000000001,1.1299922509144425e+48,1.0223212644462017e+48,2.152313515360644e+48,2.152313515360644e+48
0.08600000000000001,54916414495584.68,1.097211092858798e+48,1.0551264940060084e+48,0.07860400000000001,1.1303540749166422e+48,1.0219835119481643e+48,2.1523375868648063e+48,2.1523375868648063e+48
0.08700000000000001,55554977454835.664,1.0972233731720514e+48,1.0551382851969174e+48,0.07943100000000002,1.130715055628881e+48,1.0216466027400879e+48,2.1523616583689688e+48,2.1523616583689688e+48
0.088,56193540414086.64,1.0972356534853046e+48,1.0551500763878262e+48,0.080256,1.131075193051158e+48,1.0213105368219728e+48,2.1523857298731307e+48,2.1523857298731307e+48
0.089,56832103373337.63,1.097247933798558e+48,1.0551618675787352e+48,0.081079,1.1314344871834741e+48,1.020975314193819e+48,2.152409801377293e+48,2.152409801377293e+48
0.09,57470666332588.62,1.0972602141118113e+48,1.0551736587696441e+48,0.0819,1.1317929380258289e+48,1.0206409348556265e+48,2.1524338728814552e+48,2.1524338728814552e+48
0.091,58109229291839.6,1.0972724944250647e+48,1.055185449960553e+48,0.082719,1.1321505455782224e+48,1.0203073988073952e+48,2.1524579443856175e+48,2.1524579443856175e+48
0.092,58747792251090.586,1.097284774738318e+48,1.055197241151462e+48,0.083536,1.1325073098406546e+48,1.0199747060491254e+48,2.15248201588978e+48,2.15248201588978e+48
0.093,59386355210341.57,1.0972970550515714e+48,1.055209032342371e+48,0.084351,1.1328632308131257e+48,1.0196428565808167e+48,2.1525060873939426e+48,2.1525060873939426e+48
0.094,60024918169592.555,1.0973093353648245e+48,1.05522082353328e+48,0.085164,1.1332183084956352e+48,1.0193118504024693e+48,2.1525301588981045e+48,2.1525301588981045e+48
0.095,60663481128843.54,1.097321615678078e+48,1.0552326147241888e+48,0.08597500000000001,1.1335725428881837e+48,1.018981687514083e+48,2.1525542304022668e+48,2.1525542304022668e+48
0.096,61302044088094.52,1.0973338959913312e+48,1.0552444059150977e+48,0.086784,1.1339259339907708e+48,1.0186523679156582e+48,2.152578301906429e+48,2.152578301906429e+48
0.097,61940607047345.51,1.0973461763045845e+48,1.0552561971060067e+48,0.087591,1.1342784818033967e+48,1.0183238916071946e+48,2.1526023734105912e+48,2.1526023734105912e+48
0.098,62579170006596.49,1.097358456617838e+48,1.0552679882969155e+48,0.088396,1.1346301863260615e+48,1.017996258588692e+48,2.1526264449147535e+48,2.1526264449147535e+48
0.099,63217732965847.484,1.097370736931091e+48,1.0552797794878246e+48,0.089199,1.1349810475587646e+48,1.0176694688601511e+48,2.1526505164189157e+48,2.1526505164189157e+48
0.1,63856295925098.47,1.0973830172443445e+48,1.0552915706787336e+48,0.09000000000000001,1.1353310655015068e+48,1.0173435224215714e+48,2.1526745879230783e+48,2.1526745879230783e+48
0.101,64494858884349.45,1.0973952975575978e+48,1.0553033618696426e+48,0.090799,1.1356802401542874e+48,1.0170184192729528e+48,2.1526986594272405e+48,2.1526986594272402e+48
0.10200000000000001,65133421843600.44,1.0974075778708512e+48,1.0553151530605514e+48,0.09159600000000001,1.1360285715171071e+48,1.0166941594142955e+48,2.1527227309314028e+48,2.1527227309314028e+48
0.10300000000000001,65771984802851.42,1.0974198581841045e+48,1.0553269442514603e+48,0.09239100000000001,1.1363760595899653e+48,1.0163707428455995e+48,2.152746802435565e+48,2.152746802435565e+48
0.10400000000000001,66410547762102.41,1.097432138497358e+48,1.0553387354423693e+48,0.09318400000000002,1.1367227043728624e+48,1.0160481695668648e+48,2.1527708739397272e+48,2.1527708739397272e+48
0.105,67049110721353.38,1.097444418810611e+48,1.0553505266332783e+48,0.093975,1.1370685058657979e+48,1.0157264395780915e+48,2.1527949454438895e+48,2.1527949454438895e+48
0.106,67687673680604.37,1.0974566991238643e+48,1.0553623178241872e+48,0.094764,1.1374134640687724e+48,1.0154055528792792e+48,2.1528190169480517e+48,2.1528190169480517e+48
0.107,68326236639855.35,1.0974689794371178e+48,1.0553741090150962e+48,0.095551,1.1377575789817857e+48,1.0150855094704283e+48,2.152843088452214e+48,2.152843088452214e+48
0.108,68964799599106.336,1.097481259750371e+48,1.0553859002060052e+48,0.096336,1.1381008506048374e+48,1.0147663093515388e+48,2.1528671599563762e+48,2.1528671599563762e+48
0.109,69603362558357.32,1.0974935400636245e+48,1.055397691396914e+48,0.097119,1.1384432789379282e+48,1.0144479525226102e+48,2.1528912314605384e+48,2.1528912314605384e+48
0.11,70241925517608.31,1.0975058203768776e+48,1.055409482587823e+48,0.0979,1.1387848639810574e+48,1.0141304389836432e+48,2.1529153029647007e+48,2.1529153029647007e+48
0.111,70880488476859.3,1.097518100690131e+48,1.0554212737787319e+48,0.098679,1.1391256057342256e+48,1.0138137687346373e+48,2.152939374468863e+48,2.152939374468863e+48
0.112,71519051436110.28,1.0975303810033843e+48,1.0554330649696409e+48,0.099456,1.1394655041974324e+48,1.0134979417755927e+48,2.152963445973025e+48,2.152963445973025e+48
0.113,72157614395361.27,1.0975426613166377e+48,1.0554448561605498e+48,0.100231,1.139804559370678e+48,1.0131829581065095e+48,2.1529875174771874e+48,2.1529875174771874e+48
0.114,72796177354612.25,1.097554941629891e+48,1.0554566473514588e+48,0.10100400000000001,1.1401427712539623e+48,1.0128688177273875e+48,2.1530115889813496e+48,2.1530115889813496e+48
0.115,73434740313863.23,1.0975672219431444e+48,1.0554684385423678e+48,0.101775,1.1404801398472854e+48,1.0125555206382268e+48,2.1530356604855122e+48,2.1530356604855122e+48
0.116,74073303273114.22,1.0975795022563976e+48,1.0554802297332766e+48,0.10254400000000001,1.1408166651506469e+48,1.0122430668390272e+48,2.153059731989674e+48,2.153059731989674e+48
0.117,74711866232365.2,1.0975917825696508e+48,1.0554920209241855e+48,0.103311,1.1411523471640474e+48,1.011931456329789e+48,2.1530838034938364e+48,2.1530838034938364e+48
0.11800000000000001,75350429191616.19,1.0976040628829043e+48,1.0555038121150945e+48,0.104076,1.1414871858874866e+48,1.0116206891105122e+48,2.1531078749979986e+48,2.1531078749979986e+48
0.11900000000000001,75988992150867.17,1.0976163431961575e+48,1.0555156033060035e+48,0.104839,1.1418211813209645e+48,1.0113107651811965e+48,2.1531319465021608e+48,2.1531319465021608e+48
0.12,76627555110118.16,1.097628623509411e+48,1.0555273944969123e+48,0.1056,1.1421543334644814e+48,1.0110016845418419e+48,2.153156018006323e+48,2.153156018006323e+48
0.121,77266118069369.14,1.0976409038226641e+48,1.0555391856878212e+48,0.106359,1.1424866423180365e+48,1.0106934471924488e+48,2.1531800895104853e+48,2.1531800895104853e+48
0.122,77904681028620.12,1.0976531841359175e+48,1.0555509768787304e+48,0.107116,1.1428181078816308e+48,1.010386053133017e+48,2.153204161014648e+48,2.153204161014648e+48
0.123,78543243987871.11,1.0976654644491708e+48,1.0555627680696393e+48,0.107871,1.1431487301552635e+48,1.0100795023635466e+48,2.15322823251881e+48,2.15322823251881e+48
0.124,79181806947122.1,1.0976777447624242e+48,1.0555745592605481e+48,0.108624,1.1434785091389352e+48,1.0097737948840372e+48,2.1532523040229724e+48,2.1532523040229724e+48
0.125,79820369906373.08,1.0976900250756775e+48,1.0555863504514571e+48,0.109375,1.1438074448326454e+48,1.0094689306944892e+48,2.1532763755271346e+48,2.1532763755271346e+48
0.126,80458932865624.06,1.0977023053889308e+48,1.055598141642366e+48,0.110124,1.1441355372363944e+48,1.0091649097949024e+48,2.153300447031297e+48,2.153300447031297e+48
0.127,81097495824875.05,1.097714585702184e+48,1.0556099328332749e+48,0.110871,1.1444627863501823e+48,1.0088617321852767e+48,2.1533245185354588e+48,2.1533245185354588e+48
0.128,81736058784126.03,1.0977268660154373e+48,1.0556217240241838e+48,0.111616,1.1447891921740087e+48,1.0085593978656125e+48,2.153348590039621e+48,2.153348590039621e+48
0.129,82374621743377.02,1.0977391463286908e+48,1.055633515215093e+48,0.112359,1.145114754707874e+48,1.0082579068359097e+48,2.153372661543784e+48,2.153372661543784e+48
0.13,83013184702628.0,1.097751426641944e+48,1.0556453064060019e+48,0.1131,1.1454394739517778e+48,1.0079572590961681e+48,2.153396733047946e+48,2.153396733047946e+48
0.131,83651747661878.98,1.0977637069551975e+48,1.0556570975969107e+48,0.11383900000000001,1.1457633499057207e+48,1.0076574546463875e+48,2.1534208045521084e+48,2.1534208045521084e+48
0.132,84290310621129.97,1.0977759872684508e+48,1.0556688887878197e+48,0.11457600000000001,1.1460863825697021e+48,1.0073584934865683e+48,2.1534448760562706e+48,2.1534448760562706e+48
0.133,84928873580380.95,1.097788267581704e+48,1.0556806799787286e+48,0.11531100000000001,1.1464085719437222e+48,1.0070603756167104e+48,2.153468947560433e+48,2.153468947560433e+48
0.134,85567436539631.94,1.0978005478949573e+48,1.0556924711696376e+48,0.11604400000000001,1.146729918027781e+48,1.006763101036814e+48,2.153493019064595e+48,2.153493019064595e+48
0.135,86205999498882.94,1.0978128282082106e+48,1.0557042623605464e+48,0.116775,1.1470504208218785e+48,1.0064666697468785e+48,2.153517090568757e+48,2.153517090568757e+48
0.136,86844562458133.92,1.097825108521464e+48,1.0557160535514555e+48,0.11750400000000001,1.147370080326015e+48,1.0061710817469046e+48,2.1535411620729196e+48,2.1535411620729196e+48
0.137,87483125417384.9,1.0978373888347173e+48,1.0557278447423645e+48,0.118231,1.14768889654019e+48,1.0058763370368918e+48,2.1535652335770818e+48,2.1535652335770818e+48
0.138,88121688376635.89,1.0978496691479707e+48,1.0557396359332733e+48,0.118956,1.148006869464404e+48,1.00558243561684e+48,2.153589305081244e+48,2.153589305081244e+48
0.139,88760251335886.88,1.097861949461224e+48,1.0557514271241823e+48,0.11967900000000001,1.1483239990986565e+48,1.0052893774867498e+48,2.1536133765854063e+48,2.1536133765854063e+48
0.14,89398814295137.86,1.0978742297744773e+48,1.0557632183150912e+48,0.12040000000000001,1.1486402854429477e+48,1.0049971626466208e+48,2.1536374480895685e+48,2.1536374480895685e+48
0.14100000000000001,90037377254388.84,1.0978865100877306e+48,1.0557750095060002e+48,0.121119,1.1489557284972776e+48,1.0047057910964532e+48,2.1536615195937308e+48,2.1536615195937308e+48
0.14200000000000002,90675940213639.83,1.097898790400984e+48,1.055786800696909e+48,0.12183600000000001,1.1492703282616463e+48,1.0044152628362467e+48,2.153685591097893e+48,2.153685591097893e+48
0.14300000000000002,91314503172890.81,1.0979110707142373e+48,1.0557985918878181e+48,0.12255100000000001,1.1495840847360537e+48,1.0041255778660017e+48,2.1537096626020552e+48,2.1537096626020552e+48
0.14400000000000002,91953066132141.8,1.0979233510274907e+48,1.0558103830787271e+48,0.12326400000000001,1.1498969979205e+48,1.0038367361857178e+48,2.1537337341062178e+48,2.1537337341062178e+48
0.145,92591629091392.77,1.0979356313407438e+48,1.0558221742696359e+48,0.12397499999999999,1.1502090678149848e+48,1.0035487377953949e+48,2.1537578056103797e+48,2.1537578056103797e+48
0.146,93230192050643.75,1.0979479116539971e+48,1.0558339654605449e+48,0.12468399999999999,1.1505202944195084e+48,1.0032615826950336e+48,2.153781877114542e+48,2.153781877114542e+48
0.147,93868755009894.73,1.0979601919672505e+48,1.0558457566514538e+48,0.125391,1.1508306777340709e+48,1.0029752708846335e+48,2.1538059486187042e+48,2.1538059486187042e+48
0.148,94507317969145.72,1.0979724722805038e+48,1.0558575478423628e+48,0.12609599999999999,1.1511402177586718e+48,1.0026898023641948e+48,2.1538300201228664e+48,2.1538300201228664e+48
0.149,95145880928396.7,1.0979847525937572e+48,1.0558693390332716e+48,0.126799,1.1514489144933119e+48,1.002405177133717e+48,2.1538540916270287e+48,2.1538540916270287e+48
0.15,95784443887647.69,1.0979970329070104e+48,1.0558811302241807e+48,0.1275,1.1517567679379902e+48,1.0021213951932009e+48,2.153878163131191e+48,2.153878163131191e+48
0.151,96423006846898.67,1.0980093132202638e+48,1.0558929214150897e+48,0.12819899999999998,1.1520637780927076e+48,1.0018384565426459e+48,2.1539022346353535e+48,2.1539022346353535e+48
0.152,97061569806149.66,1.098021593533517e+48,1.0559047126059987e+48,0.12889599999999998,1.1523699449574635e+48,1.0015563611820522e+48,2.1539263061395157e+48,2.1539263061395157e+48
0.153,97700132765400.64,1.0980338738467705e+48,1.0559165037969075e+48,0.12959099999999998,1.1526752685322583e+48,1.0012751091114197e+48,2.153950377643678e+48,2.153950377643678e+48
0.154,98338695724651.62,1.0980461541600238e+48,1.0559282949878164e+48,0.13028399999999998,1.1529797488170917e+48,1.0009947003307485e+48,2.1539744491478402e+48,2.1539744491478402e+48
0.155,98977258683902.61,1.098058434473277e+48,1.0559400861787254e+48,0.130975,1.153283385811964e+48,1.0007151348400385e+48,2.1539985206520024e+48,2.1539985206520024e+48
0.156,99615821643153.6,1.0980707147865303e+48,1.0559518773696342e+48,0.131664,1.1535861795168749e+48,1.0004364126392896e+48,2.1540225921561644e+48,2.1540225921561644e+48
0.157,100254384602404.6,1.0980829950997836e+48,1.0559636685605433e+48,0.132351,1.1538881299318245e+48,1.0001585337285024e+48,2.154046663660327e+48,2.154046663660327e+48
0.158,100892947561655.58,1.098095275413037e+48,1.0559754597514523e+48,0.133036,1.154189237056813e+48,9.998814981076763e+47,2.1540707351644895e+48,2.1540707351644895e+48
0.159,101531510520906.56,1.0981075557262903e+48,1.0559872509423613e+48,0.133719,1.15448950089184e+48,9.996053057768116e+47,2.1540948066686517e+48,2.1540948066686517e+48
0.16,102170073480157.55,1.0981198360395438e+48,1.05599904213327e+48,0.1344,1.154788921436906e+48,9.993299567359078e+47,2.154118878172814e+48,2.154118878172814e+48
0.161,102808636439408.53,1.098132116352797e+48,1.056010833324179e+48,0.135079,1.1550874986920106e+48,9.990554509849655e+47,2.1541429496769762e+48,2.1541429496769762e+48
0.162,103447199398659.52,1.0981443966660503e+48,1.056022624515088e+48,0.135756,1.1553852326571537e+48,9.987817885239846e+47,2.1541670211811385e+48,2.1541670211811385e+48
0.163,104085762357910.5,1.0981566769793036e+48,1.0560344157059968e+48,0.136431,1.1556821233323358e+48,9.985089693529646e+47,2.1541910926853004e+48,2.1541910926853004e+48
0.164,104724325317161.48,1.098168957292557e+48,1.0560462068969059e+48,0.137104,1.1559781707175566e+48,9.982369934719063e+47,2.154215164189463e+48,2.154215164189463e+48
0.165,105362888276412.47,1.0981812376058103e+48,1.0560579980878149e+48,0.137775,1.1562733748128161e+48,9.97965860880809e+47,2.1542392356936252e+48,2.1542392356936252e+48
0.166,106001451235663.45,1.0981935179190636e+48,1.0560697892787238e+48,0.138444,1.1565677356181143e+48,9.97695571579673e+47,2.1542633071977874e+48,2.1542633071977874e+48
0.167,106640014194914.44,1.098205798232317e+48,1.0560815804696326e+48,0.139111,1.1568612531334514e+48,9.974261255684983e+47,2.1542873787019497e+48,2.1542873787019497e+48
0.168,107278577154165.42,1.0982180785455701e+48,1.0560933716605416e+48,0.139776,1.1571539273588268e+48,9.97157522847285e+47,2.154311450206112e+48,2.154311450206112e+48
0.169,107917140113416.4,1.0982303588588236e+48,1.0561051628514506e+48,0.140439,1.1574457582942414e+48,9.968897634160328e+47,2.154335521710274e+48,2.154335521710274e+48
0.17,108555703072667.39,1.0982426391720768e+48,1.0561169540423595e+48,0.1411,1.1577367459396945e+48,9.966228472747418e+47,2.1543595932144364e+48,2.1543595932144364e+48
0.171,109194266031918.38,1.0982549194853303e+48,1.0561287452332685e+48,0.141759,1.1580268902951865e+48,9.963567744234123e+47,2.1543836647185986e+48,2.1543836647185986e+48
0.17200000000000001,109832828991169.36,1.0982671997985835e+48,1.0561405364241775e+48,0.14241600000000001,1.158316191360717e+48,9.96091544862044e+47,2.154407736222761e+48,2.154407736222761e+48
0.17300000000000001,110471391950420.34,1.098279480111837e+48,1.0561523276150864e+48,0.143071,1.1586046491362865e+48,9.958271585906369e+47,2.1544318077269234e+48,2.1544318077269234e+48
0.17400000000000002,111109954909671.33,1.0982917604250901e+48,1.0561641188059952e+48,0.14372400000000002,1.1588922636218943e+48,9.95563615609191e+47,2.1544558792310853e+48,2.1544558792310853e+48
0.17500000000000002,111748517868922.31,1.0983040407383434e+48,1.0561759099969042e+48,0.144375,1.159179034817541e+48,9.953009159177065e+47,2.1544799507352476e+48,2.1544799507352476e+48
0.176,112387080828173.28,1.098316321051597e+48,1.0561877011878133e+48,0.14502400000000001,1.1594649627232269e+48,9.950390595161834e+47,2.1545040222394105e+48,2.1545040222394105e+48
0.177,113025643787424.27,1.09832860136485e+48,1.0561994923787221e+48,0.145671,1.159750047338951e+48,9.947780464046212e+47,2.154528093743572e+48,2.154528093743572e+48
0.178,113664206746675.27,1.0983408816781035e+48,1.0562112835696311e+48,0.146316,1.160034288664714e+48,9.945178765830206e+47,2.1545521652477346e+48,2.1545521652477346e+48
0.179,114302769705926.25,1.0983531619913566e+48,1.0562230747605399e+48,0.14695899999999998,1.1603176867005155e+48,9.94258550051381e+47,2.1545762367518965e+48,2.1545762367518965e+48
0.18,114941332665177.23,1.0983654423046102e+48,1.056234865951449e+48,0.1476,1.1606002414463563e+48,9.94000066809703e+47,2.1546003082560594e+48,2.1546003082560594e+48
0.181,115579895624428.22,1.0983777226178633e+48,1.0562466571423578e+48,0.14823899999999998,1.1608819529022352e+48,9.93742426857986e+47,2.154624379760221e+48,2.154624379760221e+48
0.182,116218458583679.2,1.0983900029311168e+48,1.056258448333267e+48,0.148876,1.1611628210681533e+48,9.934856301962304e+47,2.154648451264384e+48,2.154648451264384e+48
0.183,116857021542930.19,1.09840228324437e+48,1.0562702395241758e+48,0.14951099999999998,1.1614428459441099e+48,9.93229676824436e+47,2.1546725227685458e+48,2.1546725227685458e+48
0.184,117495584502181.17,1.0984145635576235e+48,1.0562820307150847e+48,0.150144,1.1617220275301053e+48,9.92974566742603e+47,2.1546965942727084e+48,2.1546965942727084e+48
0.185,118134147461432.16,1.0984268438708766e+48,1.0562938219059935e+48,0.150775,1.1620003658261392e+48,9.927202999507309e+47,2.15472066577687e+48,2.15472066577687e+48
0.186,118772710420683.14,1.09843912418413e+48,1.0563056130969028e+48,0.151404,1.1622778608322122e+48,9.924668764488207e+47,2.154744737281033e+48,2.154744737281033e+48
0.187,119411273379934.12,1.0984514044973833e+48,1.0563174042878116e+48,0.152031,1.1625545125483237e+48,9.922142962368713e+47,2.154768808785195e+48,2.154768808785195e+48
0.188,120049836339185.11,1.0984636848106368e+48,1.0563291954787206e+48,0.15265600000000001,1.162830320974474e+48,9.919625593148834e+47,2.1547928802893573e+48,2.1547928802893573e+48
0.189,120688399298436.1,1.09847596512389e+48,1.0563409866696294e+48,0.153279,1.163105286110663e+48,9.917116656828565e+47,2.1548169517935196e+48,2.1548169517935196e+48
0.19,121326962257687.08,1.0984882454371435e+48,1.0563527778605385e+48,0.1539,1.163379407956891e+48,9.91461615340791e+47,2.1548410232976818e+48,2.1548410232976818e+48
0.191,121965525216938.06,1.0985005257503966e+48,1.0563645690514473e+48,0.154519,1.163652686513157e+48,9.912124082886868e+47,2.154865094801844e+48,2.154865094801844e+48
0.192,122604088176189.05,1.09851280606365e+48,1.0563763602423563e+48,0.15513600000000002,1.1639251217794625e+48,9.909640445265438e+47,2.1548891663060063e+48,2.1548891663060063e+48
0.193,123242651135440.03,1.0985250863769033e+48,1.0563881514332651e+48,0.155751,1.1641967137558063e+48,9.90716524054362e+47,2.1549132378101685e+48,2.1549132378101685e+48
0.194,123881214094691.02,1.0985373666901567e+48,1.0563999426241742e+48,0.156364,1.1644674624421891e+48,9.904698468721418e+47,2.1549373093143308e+48,2.1549373093143308e+48
0.195,124519777053942.0,1.0985496470034097e+48,1.0564117338150832e+48,0.156975,1.16473736783861e+48,9.902240129798828e+47,2.154961380818493e+48,2.154961380818493e+48
0.196,125158340013192.98,1.0985619273166633e+48,1.0564235250059921e+48,0.157584,1.1650064299450705e+48,9.899790223775849e+47,2.1549854523226553e+48,2.1549854523226553e+48
0.197,125796902972443.97,1.0985742076299164e+48,1.056435316196901e+48,0.158191,1.1652746487615692e+48,9.897348750652482e+47,2.1550095238268175e+48,2.1550095238268175e+48
0.198,126435465931694.97,1.09858648794317e+48,1.0564471073878099e+48,0.15879600000000002,1.165542024288107e+48,9.894915710428729e+47,2.1550335953309797e+48,2.1550335953309797e+48
0.199,127074028890945.95,1.0985987682564231e+48,1.0564588985787187e+48,0.15939899999999999,1.165808556524683e+48,9.892491103104588e+47,2.155057666835142e+48,2.155057666835142e+48
0.2,127712591850196.94,1.0986110485696767e+48,1.056470689769628e+48,0.16000000000000003,1.1660742454712983e+48,9.890074928680062e+47,2.155081738339305e+48,2.1550817383393045e+48
0.201,128351154809447.92,1.0986233288829296e+48,1.0564824809605368e+48,0.160599,1.1663390911279517e+48,9.887667187155147e+47,2.1551058098434665e+48,2.1551058098434665e+48
0.202,128989717768698.9,1.0986356091961831e+48,1.0564942721514458e+48,0.161196,1.1666030934946444e+48,9.885267878529845e+47,2.1551298813476287e+48,2.1551298813476287e+48
0.203,129628280727949.89,1.0986478895094364e+48,1.0565060633423546e+48,0.161791,1.1668662525713757e+48,9.882877002804153e+47,2.155153952851791e+48,2.155153952851791e+48
0.20400000000000001,130266843687200.88,1.0986601698226898e+48,1.0565178545332637e+48,0.16238400000000003,1.1671285683581457e+48,9.880494559978078e+47,2.1551780243559535e+48,2.1551780243559535e+48
0.20500000000000002,130905406646451.86,1.098672450135943e+48,1.0565296457241725e+48,0.162975,1.1673900408549542e+48,9.878120550051612e+47,2.1552020958601154e+48,2.1552020958601154e+48
0.20600000000000002,131543969605702.84,1.0986847304491965e+48,1.0565414369150815e+48,0.16356400000000001,1.1676506700618018e+48,9.875754973024762e+47,2.155226167364278e+48,2.155226167364278e+48
0.20700000000000002,132182532564953.83,1.0986970107624496e+48,1.0565532281059903e+48,0.164151,1.1679104559786877e+48,9.873397828897522e+47,2.15525023886844e+48,2.15525023886844e+48
0.20800000000000002,132821095524204.81,1.098709291075703e+48,1.0565650192968994e+48,0.16473600000000002,1.1681693986056129e+48,9.871049117669896e+47,2.1552743103726025e+48,2.1552743103726025e+48
0.209,133459658483455.78,1.0987215713889565e+48,1.0565768104878082e+48,0.165319,1.1684274979425765e+48,9.868708839341882e+47,2.1552983818767647e+48,2.1552983818767647e+48
0.21,134098221442706.77,1.0987338517022098e+48,1.0565886016787173e+48,0.1659,1.1686847539895788e+48,9.866376993913483e+47,2.1553224533809273e+48,2.1553224533809273e+48
0.211,134736784401957.75,1.098746132015463e+48,1.0566003928696263e+48,0.166479,1.1689411667466198e+48,9.864053581384695e+47,2.1553465248850895e+48,2.1553465248850895e+48
0.212,135375347361208.73,1.0987584123287165e+48,1.0566121840605353e+48,0.167056,1.1691967362136998e+48,9.86173860175552e+47,2.1553705963892518e+48,2.1553705963892518e+48
0.213,136013910320459.72,1.0987706926419696e+48,1.056623975251444e+48,0.167631,1.169451462390818e+48,9.859432055025957e+47,2.1553946678934137e+48,2.1553946678934137e+48
0.214,136652473279710.7,1.098782972955223e+48,1.056635766442353e+48,0.168204,1.1697053452779754e+48,9.857133941196006e+47,2.1554187393975762e+48,2.1554187393975762e+48
0.215,137291036238961.69,1.0987952532684763e+48,1.056647557633262e+48,0.168775,1.1699583848751714e+48,9.85484426026567e+47,2.1554428109017385e+48,2.1554428109017385e+48
0.216,137929599198212.67,1.0988075335817297e+48,1.0566593488241708e+48,0.169344,1.1702105811824062e+48,9.852563012234943e+47,2.1554668824059007e+48,2.1554668824059007e+48
0.217,138568162157463.66,1.098819813894983e+48,1.05667114001508e+48,0.169911,1.1704619341996795e+48,9.850290197103834e+47,2.155490953910063e+48,2.155490953910063e+48
0.218,139206725116714.64,1.0988320942082365e+48,1.0566829312059889e+48,0.17047600000000002,1.1707124439269918e+48,9.848025814872334e+47,2.1555150254142252e+48,2.1555150254142252e+48
0.219,139845288075965.64,1.0988443745214896e+48,1.0566947223968979e+48,0.171039,1.1709621103643425e+48,9.84576986554045e+47,2.1555390969183874e+48,2.1555390969183874e+48
0.22,140483851035216.62,1.098856654834743e+48,1.0567065135878067e+48,0.1716,1.1712109335117323e+48,9.843522349108174e+47,2.1555631684225497e+48,2.1555631684225497e+48
0.221,141122413994467.6,1.0988689351479963e+48,1.0567183047787156e+48,0.172159,1.1714589133691607e+48,9.841283265575512e+47,2.155587239926712e+48,2.155587239926712e+48
0.222,141760976953718.6,1.0988812154612496e+48,1.0567300959696246e+48,0.172716,1.1717060499366277e+48,9.839052614942464e+47,2.155611311430874e+48,2.155611311430874e+48
0.223,142399539912969.56,1.098893495774503e+48,1.0567418871605334e+48,0.173271,1.1719523432141337e+48,9.836830397209027e+47,2.1556353829350364e+48,2.1556353829350364e+48
0.224,143038102872220.56,1.0989057760877561e+48,1.0567536783514425e+48,0.173824,1.1721977932016779e+48,9.834616612375207e+47,2.1556594544391986e+48,2.1556594544391986e+48
0.225,143676665831471.53,1.0989180564010095e+48,1.0567654695423515e+48,0.174375,1.1724423998992614e+48,9.832411260440998e+47,2.155683525943361e+48,2.1556835259433612e+48
0.226,144315228790722.53,1.0989303367142628e+48,1.0567772607332605e+48,0.174924,1.1726861633068834e+48,9.830214341406399e+47,2.155707597447523e+48,2.155707597447523e+48
0.227,144953791749973.5,1.0989426170275163e+48,1.0567890519241693e+48,0.17547100000000002,1.1729290834245441e+48,9.828025855271414e+47,2.1557316689516854e+48,2.1557316689516854e+48
0.228,145592354709224.5,1.0989548973407695e+48,1.0568008431150782e+48,0.176016,1.1731711602522436e+48,9.825845802036041e+47,2.1557557404558476e+48,2.1557557404558476e+48
0.229,146230917668475.5,1.098967177654023e+48,1.0568126343059872e+48,0.17655900000000002,1.1734123937899819e+48,9.823674181700283e+47,2.15577981196001e+48,2.15577981196001e+48
0.23,146869480627726.47,1.0989794579672761e+48,1.0568244254968963e+48,0.1771,1.1736527840377586e+48,9.821510994264138e+47,2.1558038834641724e+48,2.1558038834641724e+48
0.231,147508043586977.47,1.0989917382805294e+48,1.0568362166878051e+48,0.17763900000000002,1.1738923309955743e+48,9.819356239727602e+47,2.1558279549683343e+48,2.1558279549683343e+48
0.232,148146606546228.44,1.0990040185937828e+48,1.0568480078787141e+48,0.178176,1.1741310346634287e+48,9.817209918090681e+47,2.155852026472497e+48,2.155852026472497e+48
0.233,148785169505479.44,1.099016298907036e+48,1.056859799069623e+48,0.178711,1.1743688950413218e+48,9.815072029353373e+47,2.155876097976659e+48,2.155876097976659e+48
0.234,149423732464730.4,1.0990285792202895e+48,1.0568715902605319e+48,0.17924400000000001,1.1746059121292538e+48,9.812942573515676e+47,2.1559001694808214e+48,2.1559001694808214e+48
0.23500000000000001,150062295423981.4,1.0990408595335426e+48,1.0568833814514408e+48,0.17977500000000002,1.1748420859272242e+48,9.810821550577594e+47,2.1559242409849833e+48,2.1559242409849836e+48
0.23600000000000002,150700858383232.38,1.099053139846796e+48,1.0568951726423498e+48,0.18030400000000002,1.1750774164352336e+48,9.808708960539122e+47,2.1559483124891458e+48,2.1559483124891458e+48
0.23700000000000002,151339421342483.38,1.0990654201600493e+48,1.0569069638332589e+48,0.18083100000000002,1.1753119036532816e+48,9.806604803400266e+47,2.1559723839933084e+48,2.1559723839933084e+48
0.23800000000000002,151977984301734.34,1.0990777004733028e+48,1.0569187550241677e+48,0.18135600000000002,1.1755455475813684e+48,9.80450907916102e+47,2.1559964554974706e+48,2.1559964554974703e+48
0.23900000000000002,152616547260985.34,1.099089980786556e+48,1.0569305462150767e+48,0.181879,1.1757783482194939e+48,9.802421787821388e+47,2.156020527001633e+48,2.156020527001633e+48
0.24,153255110220236.3,1.0991022610998095e+48,1.0569423374059856e+48,0.1824,1.1760103055676582e+48,9.800342929381369e+47,2.156044598505795e+48,2.156044598505795e+48
0.241,153893673179487.28,1.0991145414130626e+48,1.0569541285968944e+48,0.182919,1.176241419625861e+48,9.79827250384096e+47,2.156068670009957e+48,2.156068670009957e+48
0.242,154532236138738.28,1.0991268217263159e+48,1.0569659197878034e+48,0.183436,1.1764716903941025e+48,9.796210511200167e+47,2.1560927415141193e+48,2.1560927415141193e+48
0.243,155170799097989.25,1.0991391020395693e+48,1.0569777109787124e+48,0.183951,1.1767011178723832e+48,9.794156951458985e+47,2.156116813018282e+48,2.156116813018282e+48
0.244,155809362057240.25,1.0991513823528226e+48,1.0569895021696215e+48,0.184464,1.1769297020607023e+48,9.792111824617418e+47,2.156140884522444e+48,2.156140884522444e+48
0.245,156447925016491.22,1.099163662666076e+48,1.0570012933605303e+48,0.184975,1.1771574429590603e+48,9.79007513067546e+47,2.1561649560266063e+48,2.1561649560266063e+48
0.246,157086487975742.22,1.0991759429793291e+48,1.0570130845514393e+48,0.185484,1.1773843405674566e+48,9.788046869633118e+47,2.1561890275307686e+48,2.1561890275307686e+48
0.247,157725050934993.2,1.0991882232925826e+48,1.0570248757423482e+48,0.185991,1.177610394885892e+48,9.786027041490388e+47,2.1562130990349308e+48,2.1562130990349308e+48
0.248,158363613894244.2,1.0992005036058358e+48,1.0570366669332572e+48,0.186496,1.177835605914366e+48,9.78401564624727e+47,2.156237170539093e+48,2.156237170539093e+48
0.249,159002176853495.16,1.0992127839190893e+48,1.057048458124166e+48,0.186999,1.178059973652879e+48,9.782012683903763e+47,2.1562612420432553e+48,2.1562612420432553e+48
0.25,159640739812746.16,1.0992250642323426e+48,1.057060249315075e+48,0.1875,1.1782834981014304e+48,9.780018154459871e+47,2.1562853135474175e+48,2.1562853135474175e+48
0.251,160279302771997.16,1.0992373445455957e+48,1.0570720405059841e+48,0.187999,1.1785061792600206e+48,9.778032057915591e+47,2.1563093850515798e+48,2.1563093850515798e+48
0.252,160917865731248.12,1.0992496248588491e+48,1.0570838316968929e+48,0.188496,1.1787280171286496e+48,9.776054394270924e+47,2.156333456555742e+48,2.156333456555742e+48
0.253,161556428690499.12,1.0992619051721024e+48,1.0570956228878019e+48,0.188991,1.1789490117073173e+48,9.77408516352587e+47,2.1563575280599042e+48,2.1563575280599042e+48
0.254,162194991649750.1,1.0992741854853558e+48,1.0571074140787108e+48,0.189484,1.1791691629960238e+48,9.772124365680428e+47,2.1563815995640665e+48,2.1563815995640665e+48
0.255,162833554609001.1,1.0992864657986091e+48,1.0571192052696198e+48,0.189975,1.179388470994769e+48,9.7701720007346e+47,2.1564056710682287e+48,2.1564056710682287e+48
0.256,163472117568252.06,1.0992987461118625e+48,1.0571309964605286e+48,0.190464,1.179606935703553e+48,9.768228068688381e+47,2.156429742572391e+48,2.156429742572391e+48
0.257,164110680527503.06,1.0993110264251156e+48,1.0571427876514376e+48,0.190951,1.1798245571223754e+48,9.766292569541778e+47,2.1564538140765532e+48,2.1564538140765532e+48
0.258,164749243486754.03,1.099323306738369e+48,1.0571545788423467e+48,0.191436,1.180041335251237e+48,9.764365503294788e+47,2.1564778855807158e+48,2.1564778855807158e+48
0.259,165387806446005.03,1.0993355870516224e+48,1.0571663700332555e+48,0.191919,1.1802572700901369e+48,9.762446869947408e+47,2.1565019570848777e+48,2.1565019570848777e+48
0.26,166026369405256.0,1.0993478673648756e+48,1.0571781612241645e+48,0.19240000000000002,1.1804723616390757e+48,9.760536669499644e+47,2.15652602858904e+48,2.15652602858904e+48
0.261,166664932364507.0,1.099360147678129e+48,1.0571899524150734e+48,0.192879,1.1806866098980533e+48,9.758634901951492e+47,2.1565501000932025e+48,2.1565501000932025e+48
0.262,167303495323757.97,1.0993724279913823e+48,1.0572017436059824e+48,0.193356,1.1809000148670697e+48,9.75674156730295e+47,2.1565741715973647e+48,2.1565741715973647e+48
0.263,167942058283008.97,1.0993847083046356e+48,1.0572135347968912e+48,0.193831,1.1811125765461245e+48,9.754856665554023e+47,2.1565982431015266e+48,2.1565982431015266e+48
0.264,168580621242259.94,1.0993969886178889e+48,1.0572253259878002e+48,0.194304,1.1813242949352183e+48,9.752980196704707e+47,2.156622314605689e+48,2.156622314605689e+48
0.265,169219184201510.94,1.0994092689311423e+48,1.0572371171787093e+48,0.194775,1.1815351700343509e+48,9.751112160755007e+47,2.1566463861098518e+48,2.1566463861098518e+48
0.266,169857747160761.9,1.0994215492443956e+48,1.0572489083696181e+48,0.195244,1.181745201843522e+48,9.749252557704917e+47,2.1566704576140137e+48,2.1566704576140137e+48
0.267,170496310120012.9,1.099433829557649e+48,1.057260699560527e+48,0.195711,1.1819543903627321e+48,9.74740138755444e+47,2.1566945291181762e+48,2.1566945291181762e+48
0.268,171134873079263.88,1.0994461098709023e+48,1.057272490751436e+48,0.19617600000000002,1.1821627355919807e+48,9.745558650303577e+47,2.1567186006223385e+48,2.1567186006223385e+48
0.269,171773436038514.88,1.0994583901841556e+48,1.057284281942345e+48,0.196639,1.182370237531268e+48,9.743724345952326e+47,2.1567426721265007e+48,2.1567426721265007e+48
0.27,172411998997765.88,1.0994706704974089e+48,1.0572960731332538e+48,0.1971,1.1825768961805941e+48,9.741898474500686e+47,2.1567667436306626e+48,2.1567667436306626e+48
0.271,173050561957016.84,1.0994829508106621e+48,1.0573078643241627e+48,0.197559,1.182782711539959e+48,9.74008103594866e+47,2.156790815134825e+48,2.156790815134825e+48
0.272,173689124916267.84,1.0994952311239156e+48,1.0573196555150719e+48,0.198016,1.1829876836093626e+48,9.738272030296248e+47,2.1568148866389874e+48,2.1568148866389874e+48
0.273,174327687875518.8,1.0995075114371688e+48,1.0573314467059807e+48,0.198471,1.1831918123888049e+48,9.736471457543447e+47,2.1568389581431497e+48,2.1568389581431497e+48
0.274,174966250834769.8,1.0995197917504223e+48,1.0573432378968896e+48,0.19892400000000002,1.183395097878286e+48,9.734679317690259e+47,2.156863029647312e+48,2.156863029647312e+48
0.275,175604813794020.78,1.0995320720636756e+48,1.0573550290877986e+48,0.199375,1.1835975400778057e+48,9.732895610736685e+47,2.1568871011514742e+48,2.1568871011514742e+48
0.276,176243376753271.78,1.0995443523769288e+48,1.0573668202787076e+48,0.199824,1.1837991389873641e+48,9.731120336682723e+47,2.1569111726556364e+48,2.1569111726556364e+48
0.277,176881939712522.75,1.0995566326901821e+48,1.0573786114696165e+48,0.200271,1.1839998946069613e+48,9.729353495528373e+47,2.1569352441597986e+48,2.1569352441597986e+48
0.278,177520502671773.75,1.0995689130034355e+48,1.0573904026605253e+48,0.200716,1.1841998069365975e+48,9.727595087273634e+47,2.156959315663961e+48,2.156959315663961e+48
0.279,178159065631024.72,1.0995811933166888e+48,1.0574021938514345e+48,0.201159,1.184398875976272e+48,9.725845111918513e+47,2.156983387168123e+48,2.156983387168123e+48
0.28,178797628590275.72,1.0995934736299421e+48,1.0574139850423433e+48,0.2016,1.1845971017259854e+48,9.724103569463e+47,2.1570074586722854e+48,2.1570074586722854e+48
0.281,179436191549526.7,1.0996057539431955e+48,1.0574257762332522e+48,0.20203900000000002,1.1847944841857377e+48,9.722370459907101e+47,2.1570315301764476e+48,2.1570315301764476e+48
0.28200000000000003,180074754508777.7,1.0996180342564486e+48,1.0574375674241612e+48,0.20247600000000002,1.1849910233555284e+48,9.720645783250814e+47,2.15705560168061e+48,2.15705560168061e+48
0.28300000000000003,180713317468028.66,1.0996303145697021e+48,1.0574493586150702e+48,0.202911,1.1851867192353581e+48,9.718929539494141e+47,2.157079673184772e+48,2.157079673184772e+48
0.28400000000000003,181351880427279.66,1.0996425948829554e+48,1.0574611498059791e+48,0.20334400000000002,1.1853815718252264e+48,9.717221728637081e+47,2.1571037446889343e+48,2.1571037446889343e+48
0.28500000000000003,181990443386530.62,1.0996548751962088e+48,1.057472940996888e+48,0.203775,1.1855755811251336e+48,9.715522350679631e+47,2.1571278161930966e+48,2.1571278161930966e+48
0.28600000000000003,182629006345781.62,1.099667155509462e+48,1.057484732187797e+48,0.20420400000000002,1.1857687471350793e+48,9.713831405621798e+47,2.157151887697259e+48,2.157151887697259e+48
0.28700000000000003,183267569305032.6,1.0996794358227155e+48,1.0574965233787059e+48,0.204631,1.185961069855064e+48,9.712148893463574e+47,2.1571759592014214e+48,2.1571759592014214e+48
0.28800000000000003,183906132264283.6,1.0996917161359686e+48,1.0575083145696148e+48,0.20505600000000002,1.186152549285087e+48,9.710474814204965e+47,2.1572000307055833e+48,2.1572000307055833e+48
0.289,184544695223534.53,1.099703996449222e+48,1.0575201057605238e+48,0.205479,1.1863431854251492e+48,9.708809167845967e+47,2.157224102209746e+48,2.157224102209746e+48
0.29,185183258182785.53,1.0997162767624752e+48,1.0575318969514326e+48,0.20589999999999997,1.1865329782752496e+48,9.707151954386582e+47,2.1572481737139078e+48,2.1572481737139078e+48
0.291,185821821142036.5,1.0997285570757286e+48,1.0575436881423417e+48,0.206319,1.1867219278353892e+48,9.705503173826812e+47,2.1572722452180703e+48,2.1572722452180703e+48
0.292,186460384101287.5,1.0997408373889819e+48,1.0575554793332505e+48,0.20673599999999998,1.1869100341055673e+48,9.70386282616665e+47,2.1572963167222322e+48,2.1572963167222322e+48
0.293,187098947060538.47,1.0997531177022353e+48,1.0575672705241597e+48,0.207151,1.1870972970857843e+48,9.702230911406107e+47,2.157320388226395e+48,2.157320388226395e+48
0.294,187737510019789.47,1.0997653980154886e+48,1.0575790617150685e+48,0.20756399999999997,1.1872837167760398e+48,9.700607429545172e+47,2.157344459730557e+48,2.157344459730557e+48
0.295,188376072979040.47,1.099777678328742e+48,1.0575908529059774e+48,0.20797500000000002,1.1874692931763343e+48,9.698992380583851e+47,2.1573685312347196e+48,2.1573685312347196e+48
0.296,189014635938291.44,1.0997899586419951e+48,1.0576026440968864e+48,0.20838399999999999,1.1876540262866673e+48,9.697385764522143e+47,2.1573926027388815e+48,2.1573926027388815e+48
0.297,189653198897542.44,1.0998022389552486e+48,1.0576144352877955e+48,0.208791,1.1878379161070391e+48,9.69578758136005e+47,2.157416674243044e+48,2.157416674243044e+48
0.298,190291761856793.4,1.0998145192685019e+48,1.0576262264787043e+48,0.20919599999999997,1.1880209626374496e+48,9.694197831097566e+47,2.1574407457472063e+48,2.1574407457472063e+48
0.299,190930324816044.4,1.0998267995817553e+48,1.0576380176696133e+48,0.209599,1.188203165877899e+48,9.692616513734695e+47,2.1574648172513686e+48,2.1574648172513686e+48
0.3,191568887775295.38,1.0998390798950084e+48,1.0576498088605221e+48,0.21,1.188384525828387e+48,9.691043629271436e+47,2.1574888887555305e+48,2.1574888887555305e+48
0.301,192207450734546.38,1.099851360208262e+48,1.0576616000514312e+48,0.210399,1.1885650424889139e+48,9.689479177707793e+47,2.157512960259693e+48,2.157512960259693e+48
0.302,192846013693797.34,1.0998636405215151e+48,1.05767339124234e+48,0.21079599999999998,1.1887447158594792e+48,9.68792315904376e+47,2.1575370317638553e+48,2.1575370317638553e+48
0.303,193484576653048.34,1.0998759208347686e+48,1.057685182433249e+48,0.21119100000000002,1.1889235459400835e+48,9.68637557327934e+47,2.1575611032680175e+48,2.1575611032680175e+48
0.304,194123139612299.3,1.0998882011480217e+48,1.0576969736241578e+48,0.21158399999999997,1.1891015327307262e+48,9.684836420414533e+47,2.1575851747721795e+48,2.1575851747721795e+48
0.305,194761702571550.3,1.0999004814612753e+48,1.0577087648150669e+48,0.21197500000000002,1.1892786762314081e+48,9.68330570044934e+47,2.157609246276342e+48,2.157609246276342e+48
0.306,195400265530801.28,1.0999127617745284e+48,1.0577205560059757e+48,0.21236399999999997,1.1894549764421283e+48,9.681783413383758e+47,2.1576333177805043e+48,2.1576333177805043e+48
0.307,196038828490052.28,1.0999250420877818e+48,1.0577323471968848e+48,0.21275100000000002,1.1896304333628876e+48,9.68026955921779e+47,2.1576573892846665e+48,2.1576573892846665e+48
0.308,196677391449303.25,1.0999373224010351e+48,1.0577441383877936e+48,0.213136,1.1898050469936853e+48,9.678764137951434e+47,2.1576814607888287e+48,2.1576814607888287e+48
0.309,197315954408554.25,1.0999496027142884e+48,1.0577559295787028e+48,0.21351900000000001,1.1899788173345219e+48,9.677267149584693e+47,2.157705532292991e+48,2.157705532292991e+48
0.31,197954517367805.22,1.0999618830275416e+48,1.0577677207696116e+48,0.21389999999999998,1.1901517443853972e+48,9.67577859411756e+47,2.1577296037971532e+48,2.1577296037971532e+48
0.311,198593080327056.22,1.099974163340795e+48,1.0577795119605207e+48,0.21427900000000003,1.1903238281463114e+48,9.674298471550044e+47,2.1577536753013158e+48,2.1577536753013158e+48
0.312,199231643286307.2,1.0999864436540484e+48,1.0577913031514295e+48,0.21465599999999999,1.190495068617264e+48,9.672826781882138e+47,2.1577777468054777e+48,2.1577777468054777e+48
0.313,199870206245558.2,1.0999987239673016e+48,1.0578030943423385e+48,0.21503100000000003,1.1906654657982555e+48,9.671363525113846e+47,2.15780181830964e+48,2.15780181830964e+48
0.314,200508769204809.2,1.100011004280555e+48,1.0578148855332473e+48,0.21540399999999998,1.1908350196892858e+48,9.669908701245166e+47,2.1578258898138022e+48,2.1578258898138022e+48
0.315,201147332164060.16,1.1000232845938083e+48,1.0578266767241564e+48,0.21577500000000002,1.1910037302903548e+48,9.6684623102761e+47,2.1578499613179647e+48,2.1578499613179647e+48
0.316,201785895123311.16,1.1000355649070616e+48,1.0578384679150652e+48,0.21614399999999998,1.1911715976014624e+48,9.667024352206644e+47,2.1578740328221267e+48,2.1578740328221267e+48
0.317,202424458082562.12,1.100047845220315e+48,1.0578502591059742e+48,0.216511,1.191338621622609e+48,9.665594827036803e+47,2.1578981043262892e+48,2.1578981043262892e+48
0.318,203063021041813.12,1.1000601255335683e+48,1.057862050296883e+48,0.21687599999999999,1.191504802353794e+48,9.664173734766573e+47,2.157922175830451e+48,2.157922175830451e+48
0.319,203701584001064.1,1.1000724058468216e+48,1.0578738414877921e+48,0.21723900000000002,1.191670139795018e+48,9.662761075395958e+47,2.1579462473346137e+48,2.1579462473346137e+48
0.32,204340146960315.1,1.1000846861600747e+48,1.0578856326787009e+48,0.2176,1.1918346339462803e+48,9.661356848924953e+47,2.1579703188387756e+48,2.1579703188387756e+48
0.321,204978709919566.06,1.1000969664733283e+48,1.05789742386961e+48,0.217959,1.1919982848075818e+48,9.659961055353565e+47,2.1579943903429385e+48,2.1579943903429385e+48
0.322,205617272878817.06,1.1001092467865814e+48,1.0579092150605188e+48,0.21831599999999998,1.1921610923789218e+48,9.658573694681785e+47,2.1580184618471e+48,2.1580184618471e+48
0.323,206255835838068.03,1.100121527099835e+48,1.057921006251428e+48,0.21867100000000003,1.1923230566603008e+48,9.657194766909622e+47,2.158042533351263e+48,2.158042533351263e+48
0.324,206894398797319.03,1.1001338074130881e+48,1.0579327974423368e+48,0.219024,1.1924841776517181e+48,9.655824272037068e+47,2.158066604855425e+48,2.158066604855425e+48
0.325,207532961756570.0,1.1001460877263416e+48,1.0579445886332459e+48,0.21937500000000001,1.1926444553531744e+48,9.65446221006413e+47,2.1580906763595875e+48,2.1580906763595875e+48
0.326,208171524715821.0,1.1001583680395947e+48,1.0579563798241547e+48,0.21972399999999997,1.1928038897646693e+48,9.653108580990801e+47,2.1581147478637494e+48,2.1581147478637494e+48
0.327,208810087675071.97,1.1001706483528481e+48,1.0579681710150638e+48,0.22007100000000002,1.1929624808862031e+48,9.651763384817088e+47,2.158138819367912e+48,2.158138819367912e+48
0.328,209448650634322.97,1.1001829286661014e+48,1.0579799622059726e+48,0.22041599999999997,1.1931202287177754e+48,9.650426621542985e+47,2.1581628908720742e+48,2.158162890872074e+48
0.329,210087213593573.94,1.1001952089793548e+48,1.0579917533968816e+48,0.220759,1.1932771332593867e+48,9.649098291168497e+47,2.1581869623762364e+48,2.1581869623762364e+48
0.33,210725776552824.94,1.1002074892926081e+48,1.0580035445877904e+48,0.2211,1.1934331945110366e+48,9.64777839369362e+47,2.1582110338803987e+48,2.1582110338803987e+48
0.331,211364339512075.9,1.1002197696058615e+48,1.0580153357786994e+48,0.22143900000000002,1.1935884124727253e+48,9.646466929118356e+47,2.158235105384561e+48,2.158235105384561e+48
0.332,212002902471326.9,1.1002320499191147e+48,1.0580271269696082e+48,0.221776,1.1937427871444525e+48,9.645163897442703e+47,2.1582591768887228e+48,2.1582591768887228e+48
0.333,212641465430577.9,1.1002443302323681e+48,1.0580389181605173e+48,0.22211100000000003,1.1938963185262188e+48,9.643869298666666e+47,2.1582832483928854e+48,2.1582832483928854e+48
0.334,213280028389828.88,1.1002566105456214e+48,1.0580507093514261e+48,0.22244399999999998,1.1940490066180234e+48,9.64258313279024e+47,2.1583073198970476e+48,2.1583073198970476e+48
0.335,213918591349079.88,1.1002688908588748e+48,1.0580625005423352e+48,0.22277500000000003,1.1942008514198671e+48,9.641305399813429e+47,2.15833139140121e+48,2.15833139140121e+48
0.336,214557154308330.84,1.100281171172128e+48,1.058074291733244e+48,0.223104,1.1943518529317493e+48,9.640036099736227e+47,2.158355462905372e+48,2.158355462905372e+48
0.337,215195717267581.84,1.1002934514853815e+48,1.0580860829241532e+48,0.22343100000000002,1.1945020111536705e+48,9.638775232558642e+47,2.1583795344095347e+48,2.1583795344095347e+48
0.338,215834280226832.8,1.1003057317986346e+48,1.058097874115062e+48,0.22375599999999998,1.19465132608563e+48,9.637522798280666e+47,2.1584036059136966e+48,2.1584036059136966e+48
0.339,216472843186083.8,1.100318012111888e+48,1.058109665305971e+48,0.22407900000000003,1.1947997977276287e+48,9.636278796902305e+47,2.158427677417859e+48,2.158427677417859e+48
0.34,217111406145334.78,1.1003302924251412e+48,1.0581214564968799e+48,0.2244,1.1949474260796656e+48,9.635043228423555e+47,2.158451748922021e+48,2.158451748922021e+48
0.341,217749969104585.78,1.1003425727383946e+48,1.058133247687789e+48,0.22471900000000003,1.1950942111417417e+48,9.633816092844419e+47,2.1584758204261836e+48,2.1584758204261836e+48
0.342,218388532063836.75,1.1003548530516479e+48,1.0581450388786978e+48,0.22503599999999999,1.1952401529138562e+48,9.632597390164893e+47,2.1584998919303455e+48,2.1584998919303455e+48
0.343,219027095023087.75,1.1003671333649013e+48,1.0581568300696068e+48,0.22535100000000002,1.1953852513960098e+48,9.631387120384983e+47,2.158523963434508e+48,2.158523963434508e+48
0.34400000000000003,219665657982338.72,1.1003794136781546e+48,1.0581686212605157e+48,0.225664,1.1955295065882018e+48,9.630185283504686e+47,2.1585480349386704e+48,2.1585480349386704e+48
0.34500000000000003,220304220941589.72,1.100391693991408e+48,1.0581804124514247e+48,0.22597500000000004,1.1956729184904329e+48,9.628991879523998e+47,2.158572106442833e+48,2.158572106442833e+48
0.34600000000000003,220942783900840.7,1.1004039743046612e+48,1.0581922036423335e+48,0.22628399999999999,1.1958154871027021e+48,9.627806908442925e+47,2.1585961779469945e+48,2.1585961779469945e+48
0.34700000000000003,221581346860091.7,1.1004162546179146e+48,1.0582039948332425e+48,0.22659100000000004,1.1959572124250106e+48,9.626630370261464e+47,2.158620249451157e+48,2.158620249451157e+48
0.34800000000000003,222219909819342.66,1.1004285349311677e+48,1.0582157860241514e+48,0.226896,1.1960980944573574e+48,9.625462264979617e+47,2.158644320955319e+48,2.158644320955319e+48
0.34900000000000003,222858472778593.66,1.1004408152444213e+48,1.0582275772150604e+48,0.22719900000000004,1.1962381331997435e+48,9.624302592597382e+47,2.158668392459482e+48,2.158668392459482e+48
0.35000000000000003,223497035737844.62,1.1004530955576746e+48,1.0582393684059692e+48,0.22749999999999998,1.196377328652168e+48,9.623151353114758e+47,2.1586924639636438e+48,2.1586924639636438e+48
0.35100000000000003,224135598697095.62,1.1004653758709279e+48,1.0582511595968783e+48,0.22779900000000003,1.1965156808146311e+48,9.622008546531751e+47,2.1587165354678064e+48,2.1587165354678064e+48
0.352,224774161656346.56,1.1004776561841811e+48,1.0582629507877871e+48,0.228096,1.196653189687133e+48,9.620874172848353e+47,2.1587406069719683e+48,2.1587406069719683e+48
0.353,225412724615597.56,1.1004899364974346e+48,1.0582747419786961e+48,0.22839099999999998,1.1967898552696738e+48,9.619748232064569e+47,2.1587646784761308e+48,2.1587646784761308e+48
0.354,226051287574848.53,1.1005022168106877e+48,1.058286533169605e+48,0.228684,1.1969256775622531e+48,9.618630724180397e+47,2.1587887499802928e+48,2.1587887499802928e+48
0.355,226689850534099.53,1.1005144971239411e+48,1.058298324360514e+48,0.22897499999999998,1.1970606565648713e+48,9.617521649195839e+47,2.1588128214844553e+48,2.1588128214844553e+48
0.356,227328413493350.53,1.1005267774371946e+48,1.058310115551423e+48,0.229264,1.1971947922775283e+48,9.616421007110893e+47,2.1588368929886176e+48,2.1588368929886176e+48
0.357,227966976452601.5,1.1005390577504477e+48,1.058321906742332e+48,0.229551,1.1973280847002237e+48,9.615328797925559e+47,2.1588609644927798e+48,2.1588609644927798e+48
0.358,228605539411852.5,1.1005513380637011e+48,1.058333697933241e+48,0.22983599999999998,1.1974605338329581e+48,9.61424502163984e+47,2.158885035996942e+48,2.158885035996942e+48
0.359,229244102371103.47,1.1005636183769545e+48,1.0583454891241497e+48,0.230119,1.1975921396757312e+48,9.61316967825373e+47,2.1589091075011043e+48,2.1589091075011043e+48
0.36,229882665330354.47,1.1005758986902077e+48,1.0583572803150587e+48,0.2304,1.1977229022285428e+48,9.612102767767233e+47,2.1589331790052665e+48,2.1589331790052662e+48
0.361,230521228289605.44,1.1005881790034611e+48,1.0583690715059677e+48,0.230679,1.1978528214913935e+48,9.611044290180352e+47,2.1589572505094288e+48,2.1589572505094288e+48
0.362,231159791248856.44,1.1006004593167144e+48,1.0583808626968766e+48,0.230956,1.1979818974642827e+48,9.609994245493083e+47,2.158981322013591e+48,2.158981322013591e+48
0.363,231798354208107.4,1.1006127396299676e+48,1.0583926538877856e+48,0.231231,1.1981101301472106e+48,9.608952633705426e+47,2.1590053935177532e+48,2.1590053935177532e+48
0.364,232436917167358.4,1.100625019943221e+48,1.0584044450786946e+48,0.231504,1.1982375195401775e+48,9.607919454817382e+47,2.1590294650219155e+48,2.1590294650219155e+48
0.365,233075480126609.38,1.1006373002564744e+48,1.0584162362696035e+48,0.231775,1.198364065643183e+48,9.60689470882895e+47,2.1590535365260777e+48,2.1590535365260777e+48
0.366,233714043085860.38,1.1006495805697276e+48,1.0584280274605123e+48,0.232044,1.198489768456227e+48,9.60587839574013e+47,2.15907760803024e+48,2.15907760803024e+48
0.367,234352606045111.34,1.100661860882981e+48,1.0584398186514213e+48,0.232311,1.19861462797931e+48,9.604870515550923e+47,2.1591016795344022e+48,2.1591016795344022e+48
0.368,234991169004362.34,1.1006741411962343e+48,1.0584516098423303e+48,0.232576,1.1987386442124317e+48,9.603871068261329e+47,2.1591257510385644e+48,2.1591257510385644e+48
0.369,235629731963613.3,1.1006864215094876e+48,1.0584634010332392e+48,0.232839,1.198861817155592e+48,9.602880053871349e+47,2.1591498225427267e+48,2.1591498225427267e+48
0.37,236268294922864.3,1.100698701822741e+48,1.0584751922241482e+48,0.2331,1.1989841468087911e+48,9.601897472380981e+47,2.1591738940468892e+48,2.1591738940468892e+48
0.371,236906857882115.28,1.1007109821359942e+48,1.0584869834150572e+48,0.233359,1.1991056331720287e+48,9.600923323790226e+47,2.159197965551051e+48,2.159197965551051e+48
0.372,237545420841366.28,1.1007232624492476e+48,1.0584987746059661e+48,0.233616,1.1992262762453055e+48,9.599957608099082e+47,2.1592220370552137e+48,2.1592220370552137e+48
0.373,238183983800617.25,1.1007355427625009e+48,1.058510565796875e+48,0.233871,1.1993460760286207e+48,9.599000325307551e+47,2.1592461085593756e+48,2.1592461085593756e+48
0.374,238822546759868.25,1.1007478230757542e+48,1.058522356987784e+48,0.234124,1.1994650325219746e+48,9.598051475415636e+47,2.1592701800635382e+48,2.1592701800635382e+48
0.375,239461109719119.25,1.1007601033890076e+48,1.0585341481786929e+48,0.234375,1.1995831457253675e+48,9.59711105842333e+47,2.1592942515677004e+48,2.1592942515677004e+48
0.376,240099672678370.22,1.1007723837022609e+48,1.0585459393696018e+48,0.234624,1.1997004156387989e+48,9.596179074330638e+47,2.1593183230718627e+48,2.1593183230718627e+48
0.377,240738235637621.22,1.1007846640155141e+48,1.0585577305605108e+48,0.234871,1.1998168422622691e+48,9.595255523137558e+47,2.159342394576025e+48,2.159342394576025e+48
0.378,241376798596872.2,1.1007969443287676e+48,1.0585695217514197e+48,0.235116,1.1999324255957782e+48,9.594340404844091e+47,2.1593664660801875e+48,2.1593664660801875e+48
0.379,242015361556123.2,1.1008092246420209e+48,1.0585813129423287e+48,0.235359,1.2000471656393257e+48,9.593433719450239e+47,2.1593905375843497e+48,2.1593905375843497e+48
0.38,242653924515374.16,1.1008215049552741e+48,1.0585931041332375e+48,0.2356,1.2001610623929121e+48,9.592535466955995e+47,2.1594146090885116e+48,2.1594146090885116e+48
0.381,243292487474625.16,1.1008337852685274e+48,1.0586048953241466e+48,0.235839,1.2002741158565372e+48,9.591645647361368e+47,2.1594386805926742e+48,2.1594386805926742e+48
0.382,243931050433876.12,1.1008460655817807e+48,1.0586166865150554e+48,0.236076,1.200386326030201e+48,9.590764260666351e+47,2.159462752096836e+48,2.159462752096836e+48
0.383,244569613393127.12,1.1008583458950341e+48,1.0586284777059646e+48,0.236311,1.2004976929139036e+48,9.58989130687095e+47,2.1594868236009987e+48,2.1594868236009987e+48
0.384,245208176352378.1,1.1008706262082874e+48,1.0586402688968734e+48,0.236544,1.2006082165076449e+48,9.589026785975157e+47,2.159510895105161e+48,2.1595108951051606e+48
0.385,245846739311629.1,1.1008829065215407e+48,1.0586520600877823e+48,0.236775,1.2007178968114248e+48,9.58817069797898e+47,2.1595349666093232e+48,2.159534966609323e+48
0.386,246485302270880.06,1.1008951868347941e+48,1.0586638512786913e+48,0.237004,1.2008267338252438e+48,9.587323042882416e+47,2.1595590381134854e+48,2.1595590381134854e+48
0.387,247123865230131.06,1.1009074671480474e+48,1.0586756424696001e+48,0.237231,1.2009347275491013e+48,9.586483820685462e+47,2.1595831096176476e+48,2.1595831096176476e+48
0.388,247762428189382.03,1.1009197474613006e+48,1.0586874336605092e+48,0.237456,1.2010418779829975e+48,9.585653031388124e+47,2.15960718112181e+48,2.15960718112181e+48
0.389,248400991148633.03,1.1009320277745541e+48,1.058699224851418e+48,0.237679,1.2011481851269326e+48,9.584830674990396e+47,2.159631252625972e+48,2.159631252625972e+48
0.39,249039554107884.0,1.1009443080878072e+48,1.0587110160423272e+48,0.2379,1.201253648980906e+48,9.584016751492284e+47,2.1596553241301344e+48,2.1596553241301344e+48
0.391,249678117067135.0,1.1009565884010606e+48,1.058722807233236e+48,0.238119,1.2013582695449186e+48,9.58321126089378e+47,2.1596793956342966e+48,2.1596793956342966e+48
0.392,250316680026385.97,1.1009688687143139e+48,1.0587345984241451e+48,0.238336,1.2014620468189697e+48,9.582414203194893e+47,2.159703467138459e+48,2.159703467138459e+48
0.393,250955242985636.97,1.1009811490275672e+48,1.0587463896150539e+48,0.238551,1.2015649808030594e+48,9.581625578395617e+47,2.159727538642621e+48,2.159727538642621e+48
0.394,251593805944887.94,1.1009934293408206e+48,1.0587581808059627e+48,0.238764,1.2016670714971882e+48,9.580845386495952e+47,2.1597516101467833e+48,2.1597516101467833e+48
0.395,252232368904138.94,1.1010057096540739e+48,1.0587699719968718e+48,0.238975,1.2017683189013554e+48,9.580073627495903e+47,2.1597756816509456e+48,2.1597756816509456e+48
0.396,252870931863389.94,1.1010179899673272e+48,1.0587817631877806e+48,0.239184,1.2018687230155615e+48,9.579310301395464e+47,2.1597997531551078e+48,2.1597997531551078e+48
0.397,253509494822640.9,1.1010302702805806e+48,1.0587935543786898e+48,0.239391,1.2019682838398064e+48,9.57855540819464e+47,2.1598238246592704e+48,2.1598238246592704e+48
0.398,254148057781891.9,1.1010425505938339e+48,1.0588053455695986e+48,0.239596,1.2020670013740898e+48,9.577808947893426e+47,2.1598478961634323e+48,2.1598478961634323e+48
0.399,254786620741142.88,1.1010548309070872e+48,1.0588171367605077e+48,0.239799,1.202164875618412e+48,9.577070920491828e+47,2.159871967667595e+48,2.159871967667595e+48
0.4,255425183700393.88,1.1010671112203406e+48,1.0588289279514165e+48,0.24,1.2022619065727731e+48,9.57634132598984e+47,2.159896039171757e+48,2.159896039171757e+48
0.401,256063746659644.84,1.1010793915335937e+48,1.0588407191423255e+48,0.240199,1.2023580942371727e+48,9.575620164387465e+47,2.159920110675919e+48,2.159920110675919e+48
0.402,256702309618895.84,1.1010916718468471e+48,1.0588525103332344e+48,0.240396,1.2024534386116112e+48,9.574907435684703e+47,2.1599441821800816e+48,2.1599441821800816e+48
0.403,257340872578146.8,1.1011039521601006e+48,1.0588643015241432e+48,0.240591,1.2025479396960885e+48,9.574203139881553e+47,2.1599682536842438e+48,2.1599682536842438e+48
0.404,257979435537397.8,1.1011162324733537e+48,1.0588760927150524e+48,0.240784,1.2026415974906043e+48,9.573507276978018e+47,2.159992325188406e+48,2.159992325188406e+48
0.405,258617998496648.78,1.1011285127866071e+48,1.0588878839059612e+48,0.240975,1.202734411995159e+48,9.572819846974094e+47,2.1600163966925683e+48,2.1600163966925683e+48
0.406,259256561455899.78,1.1011407930998606e+48,1.0588996750968703e+48,0.24116400000000002,1.2028263832097524e+48,9.572140849869785e+47,2.160040468196731e+48,2.160040468196731e+48
0.40700000000000003,259895124415150.75,1.1011530734131137e+48,1.0589114662877791e+48,0.241351,1.2029175111343843e+48,9.571470285665085e+47,2.1600645397008928e+48,2.1600645397008928e+48
0.40800000000000003,260533687374401.75,1.1011653537263671e+48,1.058923257478688e+48,0.241536,1.2030077957690553e+48,9.570808154359999e+47,2.1600886112050553e+48,2.1600886112050553e+48
0.40900000000000003,261172250333652.72,1.1011776340396206e+48,1.058935048669597e+48,0.24171900000000002,1.2030972371137649e+48,9.570154455954527e+47,2.1601126827092176e+48,2.1601126827092176e+48
0.41000000000000003,261810813292903.72,1.1011899143528737e+48,1.058946839860506e+48,0.2419,1.203185835168513e+48,9.569509190448667e+47,2.1601367542133798e+48,2.1601367542133798e+48
0.41100000000000003,262449376252154.7,1.1012021946661271e+48,1.058958631051415e+48,0.24207900000000002,1.2032735899333001e+48,9.56887235784242e+47,2.160160825717542e+48,2.160160825717542e+48
0.41200000000000003,263087939211405.7,1.1012144749793804e+48,1.0589704222423238e+48,0.242256,1.2033605014081259e+48,9.568243958135783e+47,2.1601848972217043e+48,2.1601848972217043e+48
0.41300000000000003,263726502170656.66,1.1012267552926337e+48,1.0589822134332329e+48,0.242431,1.2034465695929903e+48,9.567623991328763e+47,2.1602089687258665e+48,2.1602089687258665e+48
0.41400000000000003,264365065129907.66,1.1012390356058871e+48,1.0589940046241417e+48,0.24260400000000001,1.2035317944878936e+48,9.567012457421352e+47,2.1602330402300288e+48,2.1602330402300288e+48
0.41500000000000004,265003628089158.66,1.1012513159191404e+48,1.0590057958150506e+48,0.24277500000000002,1.2036161760928355e+48,9.566409356413555e+47,2.160257111734191e+48,2.160257111734191e+48
0.41600000000000004,265642191048409.62,1.1012635962323936e+48,1.0590175870059596e+48,0.242944,1.203699714407816e+48,9.565814688305372e+47,2.1602811832383533e+48,2.1602811832383533e+48
0.417,266280754007660.56,1.101275876545647e+48,1.0590293781968684e+48,0.24311099999999997,1.2037824094328354e+48,9.5652284530968e+47,2.1603052547425155e+48,2.1603052547425155e+48
0.418,266919316966911.56,1.1012881568589004e+48,1.0590411693877775e+48,0.24327600000000002,1.2038642611678936e+48,9.564650650787843e+47,2.1603293262466777e+48,2.1603293262466777e+48
0.419,267557879926162.56,1.1013004371721536e+48,1.0590529605786863e+48,0.24343899999999996,1.2039452696129904e+48,9.564081281378496e+47,2.16035339775084e+48,2.16035339775084e+48
0.42,268196442885413.53,1.101312717485407e+48,1.0590647517695955e+48,0.2436,1.2040254347681262e+48,9.563520344868764e+47,2.1603774692550025e+48,2.1603774692550025e+48
0.421,268835005844664.53,1.1013249977986602e+48,1.0590765429605043e+48,0.24375899999999998,1.2041047566333003e+48,9.562967841258642e+47,2.1604015407591645e+48,2.1604015407591645e+48
0.422,269473568803915.5,1.1013372781119136e+48,1.0590883341514132e+48,0.24391600000000002,1.2041832352085135e+48,9.562423770548134e+47,2.1604256122633267e+48,2.1604256122633267e+48
0.423,270112131763166.5,1.1013495584251667e+48,1.0591001253423222e+48,0.24407099999999998,1.204260870493765e+48,9.56188813273724e+47,2.160449683767489e+48,2.160449683767489e+48
0.424,270750694722417.47,1.1013618387384203e+48,1.0591119165332312e+48,0.24422400000000002,1.2043376624890557e+48,9.561360927825958e+47,2.1604737552716515e+48,2.1604737552716515e+48
0.425,271389257681668.47,1.1013741190516734e+48,1.05912370772414e+48,0.24437499999999998,1.2044136111943847e+48,9.560842155814287e+47,2.1604978267758134e+48,2.1604978267758134e+48
0.426,272027820640919.44,1.1013863993649269e+48,1.0591354989150491e+48,0.24452400000000002,1.2044887166097528e+48,9.560331816702231e+47,2.160521898279976e+48,2.160521898279976e+48
0.427,272666383600170.44,1.1013986796781802e+48,1.0591472901059579e+48,0.24467099999999997,1.2045629787351594e+48,9.559829910489786e+47,2.160545969784138e+48,2.160545969784138e+48
0.428,273304946559421.4,1.1014109599914336e+48,1.0591590812968669e+48,0.24481600000000003,1.204636397570605e+48,9.559336437176955e+47,2.1605700412883005e+48,2.1605700412883005e+48
0.429,273943509518672.4,1.1014232403046867e+48,1.0591708724877757e+48,0.24495899999999998,1.2047089731160889e+48,9.558851396763735e+47,2.1605941127924624e+48,2.1605941127924624e+48
0.43,274582072477923.38,1.1014355206179401e+48,1.0591826636786848e+48,0.2451,1.204780705371612e+48,9.55837478925013e+47,2.160618184296625e+48,2.160618184296625e+48
0.431,275220635437174.38,1.1014478009311933e+48,1.0591944548695936e+48,0.24523899999999998,1.2048515943371733e+48,9.557906614636135e+47,2.160642255800787e+48,2.160642255800787e+48
0.432,275859198396425.34,1.1014600812444469e+48,1.0592062460605027e+48,0.245376,1.204921640012774e+48,9.557446872921756e+47,2.1606663273049497e+48,2.1606663273049497e+48
0.433,276497761355676.34,1.1014723615577001e+48,1.0592180372514115e+48,0.24551099999999998,1.2049908423984129e+48,9.556995564106988e+47,2.1606903988091117e+48,2.1606903988091117e+48
0.434,277136324314927.3,1.1014846418709536e+48,1.0592298284423207e+48,0.24564400000000003,1.2050592014940909e+48,9.556552688191834e+47,2.1607144703132742e+48,2.1607144703132742e+48
0.435,277774887274178.3,1.1014969221842067e+48,1.0592416196332295e+48,0.24577499999999997,1.2051267172998071e+48,9.55611824517629e+47,2.160738541817436e+48,2.160738541817436e+48
0.436,278413450233429.28,1.1015092024974601e+48,1.0592534108241386e+48,0.245904,1.2051933898155625e+48,9.555692235060362e+47,2.1607626133215987e+48,2.1607626133215987e+48
0.437,279052013192680.28,1.1015214828107132e+48,1.0592652020150474e+48,0.24603099999999997,1.2052592190413562e+48,9.555274657844044e+47,2.1607866848257606e+48,2.1607866848257606e+48
0.438,279690576151931.28,1.1015337631239667e+48,1.0592769932059564e+48,0.246156,1.2053242049771892e+48,9.554865513527339e+47,2.1608107563299232e+48,2.1608107563299232e+48
0.439,280329139111182.25,1.1015460434372201e+48,1.0592887843968652e+48,0.24627899999999997,1.2053883476230607e+48,9.554464802110245e+47,2.1608348278340854e+48,2.1608348278340854e+48
0.44,280967702070433.25,1.1015583237504734e+48,1.0593005755877743e+48,0.24640000000000004,1.2054516469789709e+48,9.554072523592768e+47,2.1608588993382477e+48,2.1608588993382477e+48
0.441,281606265029684.25,1.1015706040637267e+48,1.0593123667786831e+48,0.246519,1.2055141030449197e+48,9.553688677974901e+47,2.16088297084241e+48,2.16088297084241e+48
0.442,282244827988935.2,1.1015828843769801e+48,1.059324157969592e+48,0.24663600000000002,1.2055757158209074e+48,9.553313265256648e+47,2.160907042346572e+48,2.160907042346572e+48
0.443,282883390948186.2,1.1015951646902332e+48,1.0593359491605009e+48,0.24675099999999997,1.2056364853069335e+48,9.552946285438005e+47,2.160931113850734e+48,2.160931113850734e+48
0.444,283521953907437.2,1.1016074450034866e+48,1.05934774035141e+48,0.24686400000000003,1.2056964115029988e+48,9.552587738518978e+47,2.1609551853548966e+48,2.1609551853548966e+48
0.445,284160516866688.2,1.1016197253167399e+48,1.0593595315423188e+48,0.24697499999999997,1.2057554944091025e+48,9.552237624499562e+47,2.160979256859059e+48,2.160979256859059e+48
0.446,284799079825939.1,1.1016320056299932e+48,1.0593713227332279e+48,0.24708400000000003,1.205813734025245e+48,9.551895943379761e+47,2.161003328363221e+48,2.161003328363221e+48
0.447,285437642785190.1,1.1016442859432466e+48,1.0593831139241367e+48,0.24719099999999997,1.2058711303514264e+48,9.551562695159569e+47,2.1610273998673833e+48,2.1610273998673833e+48
0.448,286076205744441.1,1.1016565662565e+48,1.0593949051150458e+48,0.24729600000000002,1.2059276833876466e+48,9.551237879838993e+47,2.161051471371546e+48,2.161051471371546e+48
0.449,286714768703692.1,1.1016688465697532e+48,1.0594066963059546e+48,0.24739899999999998,1.2059833931339051e+48,9.550921497418027e+47,2.1610755428757078e+48,2.1610755428757078e+48
0.45,287353331662943.06,1.1016811268830066e+48,1.0594184874968638e+48,0.24750000000000003,1.2060382595902027e+48,9.550613547896677e+47,2.1610996143798704e+48,2.1610996143798704e+48
0.451,287991894622194.06,1.1016934071962597e+48,1.0594302786877726e+48,0.24759899999999999,1.2060922827565387e+48,9.550314031274936e+47,2.1611236858840323e+48,2.1611236858840323e+48
0.452,288630457581445.06,1.1017056875095132e+48,1.0594420698786817e+48,0.24769600000000003,1.2061454626329137e+48,9.550022947552812e+47,2.161147757388195e+48,2.161147757388195e+48
0.453,289269020540696.06,1.1017179678227664e+48,1.0594538610695905e+48,0.24779099999999998,1.2061977992193273e+48,9.549740296730296e+47,2.1611718288923568e+48,2.1611718288923568e+48
0.454,289907583499947.0,1.1017302481360199e+48,1.0594656522604996e+48,0.24788400000000002,1.2062492925157798e+48,9.549466078807397e+47,2.1611959003965197e+48,2.1611959003965197e+48
0.455,290546146459198.0,1.1017425284492731e+48,1.0594774434514084e+48,0.24797499999999997,1.206299942522271e+48,9.549200293784106e+47,2.1612199719006816e+48,2.1612199719006816e+48
0.456,291184709418449.0,1.1017548087625266e+48,1.0594892346423172e+48,0.24806400000000003,1.2063497492388009e+48,9.54894294166043e+47,2.1612440434048438e+48,2.1612440434048438e+48
0.457,291823272377700.0,1.1017670890757797e+48,1.059501025833226e+48,0.24815099999999998,1.2063987126653692e+48,9.548694022436365e+47,2.1612681149090057e+48,2.1612681149090057e+48
0.458,292461835336951.0,1.1017793693890331e+48,1.0595128170241352e+48,0.24823600000000004,1.2064468328019767e+48,9.548453536111916e+47,2.1612921864131683e+48,2.1612921864131683e+48
0.459,293100398296201.94,1.1017916497022864e+48,1.059524608215044e+48,0.24831899999999998,1.2064941096486226e+48,9.548221482687078e+47,2.1613162579173302e+48,2.1613162579173302e+48
0.46,293738961255452.94,1.1018039300155397e+48,1.0595363994059531e+48,0.24840000000000004,1.2065405432053075e+48,9.547997862161853e+47,2.1613403294214928e+48,2.1613403294214928e+48
0.461,294377524214703.94,1.101816210328793e+48,1.0595481905968619e+48,0.24847899999999998,1.2065861334720308e+48,9.54778267453624e+47,2.1613644009256547e+48,2.1613644009256547e+48
0.462,295016087173954.94,1.1018284906420466e+48,1.059559981787771e+48,0.24855600000000003,1.2066308804487933e+48,9.547575919810243e+47,2.1613884724298176e+48,2.1613884724298176e+48
0.463,295654650133205.9,1.1018407709552997e+48,1.0595717729786798e+48,0.24863099999999996,1.206674784135594e+48,9.547377597983855e+47,2.1614125439339795e+48,2.1614125439339795e+48
0.464,296293213092456.9,1.1018530512685531e+48,1.059583564169589e+48,0.24870400000000004,1.206717844532434e+48,9.547187709057081e+47,2.161436615438142e+48,2.161436615438142e+48
0.465,296931776051707.9,1.1018653315818062e+48,1.0595953553604978e+48,0.24877499999999997,1.206760061639312e+48,9.54700625302992e+47,2.161460686942304e+48,2.161460686942304e+48
0.466,297570339010958.9,1.1018776118950597e+48,1.0596071465514069e+48,0.24884400000000004,1.2068014354562293e+48,9.546833229902372e+47,2.1614847584464666e+48,2.1614847584464666e+48
0.467,298208901970209.8,1.101889892208313e+48,1.0596189377423157e+48,0.24891099999999997,1.2068419659831851e+48,9.546668639674435e+47,2.1615088299506288e+48,2.1615088299506288e+48
0.468,298847464929460.8,1.1019021725215664e+48,1.0596307289332248e+48,0.24897600000000003,1.2068816532201799e+48,9.546512482346112e+47,2.161532901454791e+48,2.161532901454791e+48
0.46900000000000003,299486027888711.8,1.1019144528348196e+48,1.0596425201241336e+48,0.24903899999999998,1.2069204971672132e+48,9.546364757917401e+47,2.1615569729589533e+48,2.1615569729589533e+48
0.47000000000000003,300124590847962.8,1.1019267331480731e+48,1.0596543113150426e+48,0.24910000000000002,1.2069584978242855e+48,9.546225466388302e+47,2.1615810444631155e+48,2.1615810444631155e+48
0.47100000000000003,300763153807213.75,1.1019390134613262e+48,1.0596661025059514e+48,0.24915899999999996,1.206995655191396e+48,9.546094607758816e+47,2.1616051159672778e+48,2.1616051159672778e+48
0.47200000000000003,301401716766464.75,1.1019512937745796e+48,1.0596778936968605e+48,0.24921600000000002,1.2070319692685457e+48,9.545972182028945e+47,2.16162918747144e+48,2.16162918747144e+48
0.47300000000000003,302040279725715.75,1.1019635740878327e+48,1.0596896848877693e+48,0.24927099999999996,1.2070674400557336e+48,9.545858189198685e+47,2.1616532589756022e+48,2.1616532589756022e+48
0.47400000000000003,302678842684966.75,1.1019758544010863e+48,1.0597014760786783e+48,0.24932400000000002,1.207102067552961e+48,9.545752629268037e+47,2.1616773304797645e+48,2.1616773304797645e+48
0.47500000000000003,303317405644217.7,1.1019881347143395e+48,1.0597132672695871e+48,0.24937499999999999,1.2071358517602265e+48,9.545655502237e+47,2.1617014019839267e+48,2.1617014019839267e+48
0.47600000000000003,303955968603468.7,1.1020004150275929e+48,1.0597250584604962e+48,0.24942400000000003,1.2071687926775309e+48,9.54556680810558e+47,2.161725473488089e+48,2.161725473488089e+48
0.47700000000000004,304594531562719.7,1.1020126953408462e+48,1.059736849651405e+48,0.24947099999999997,1.2072008903048741e+48,9.54548654687377e+47,2.1617495449922512e+48,2.1617495449922512e+48
0.47800000000000004,305233094521970.7,1.1020249756540996e+48,1.0597486408423142e+48,0.24951600000000002,1.2072321446422561e+48,9.545414718541577e+47,2.1617736164964138e+48,2.1617736164964138e+48
0.47900000000000004,305871657481221.7,1.1020372559673527e+48,1.059760432033223e+48,0.24955899999999998,1.2072625556896765e+48,9.545351323108991e+47,2.1617976880005757e+48,2.1617976880005757e+48
0.48,306510220440472.6,1.1020495362806062e+48,1.059772223224132e+48,0.2496,1.207292123447136e+48,9.54529636057602e+47,2.161821759504738e+48,2.161821759504738e+48
0.481,307148783399723.6,1.1020618165938594e+48,1.0597840144150409e+48,0.249639,1.207320847914634e+48,9.545249830942663e+47,2.1618458310089e+48,2.1618458310089e+48
0.482,307787346358974.56,1.1020740969071127e+48,1.0597958056059498e+48,0.249676,1.2073487290921708e+48,9.545211734208918e+47,2.1618699025130624e+48,2.1618699025130624e+48
0.483,308425909318225.56,1.1020863772203661e+48,1.0598075967968588e+48,0.249711,1.2073757669797465e+48,9.545182070374785e+47,2.161893974017225e+48,2.161893974017225e+48
0.484,309064472277476.56,1.1020986575336194e+48,1.0598193879877676e+48,0.249744,1.2074019615773608e+48,9.545160839440263e+47,2.161918045521387e+48,2.161918045521387e+48
0.485,309703035236727.56,1.1021109378468727e+48,1.0598311791786767e+48,0.249775,1.2074273128850137e+48,9.545148041405357e+47,2.1619421170255494e+48,2.1619421170255494e+48
0.486,310341598195978.5,1.1021232181601261e+48,1.0598429703695855e+48,0.249804,1.2074518209027056e+48,9.545143676270061e+47,2.1619661885297117e+48,2.1619661885297117e+48
0.487,310980161155229.5,1.1021354984733792e+48,1.0598547615604945e+48,0.249831,1.2074754856304359e+48,9.545147744034379e+47,2.1619902600338736e+48,2.1619902600338736e+48
0.488,311618724114480.5,1.1021477787866327e+48,1.0598665527514035e+48,0.249856,1.2074983070682051e+48,9.54516024469831e+47,2.162014331538036e+48,2.162014331538036e+48
0.489,312257287073731.5,1.1021600590998861e+48,1.0598783439423124e+48,0.249879,1.2075202852160133e+48,9.545181178261854e+47,2.1620384030421987e+48,2.1620384030421987e+48
0.49,312895850032982.44,1.1021723394131392e+48,1.0598901351332214e+48,0.2499,1.2075414200738596e+48,9.54521054472501e+47,2.1620624745463606e+48,2.1620624745463606e+48
0.491,313534412992233.44,1.1021846197263927e+48,1.0599019263241302e+48,0.249919,1.2075617116417451e+48,9.545248344087777e+47,2.162086546050523e+48,2.162086546050523e+48
0.492,314172975951484.44,1.1021969000396461e+48,1.0599137175150393e+48,0.249936,1.2075811599196693e+48,9.545294576350161e+47,2.1621106175546854e+48,2.1621106175546854e+48
0.493,314811538910735.44,1.1022091803528992e+48,1.0599255087059481e+48,0.249951,1.2075997649076321e+48,9.545349241512152e+47,2.1621346890588474e+48,2.1621346890588474e+48
0.494,315450101869986.4,1.1022214606661527e+48,1.0599372998968571e+48,0.249964,1.2076175266056337e+48,9.545412339573761e+47,2.16215876056301e+48,2.16215876056301e+48
0.495,316088664829237.4,1.1022337409794061e+48,1.059949091087766e+48,0.249975,1.2076344450136742e+48,9.54548387053498e+47,2.162182832067172e+48,2.162182832067172e+48
0.496,316727227788488.4,1.1022460212926592e+48,1.059960882278675e+48,0.249984,1.207650520131753e+48,9.545563834395813e+47,2.1622069035713344e+48,2.1622069035713344e+48
0.497,317365790747739.4,1.1022583016059126e+48,1.059972673469584e+48,0.249991,1.2076657519598709e+48,9.545652231156258e+47,2.1622309750754966e+48,2.1622309750754966e+48
0.498,318004353706990.3,1.1022705819191659e+48,1.0599844646604928e+48,0.249996,1.2076801404980274e+48,9.545749060816314e+47,2.162255046579659e+48,2.162255046579659e+48
0.499,318642916666241.3,1.1022828622324192e+48,1.059996255851402e+48,0.249999,1.2076936857462225e+48,9.545854323375987e+47,2.162279118083821e+48,2.162279118083821e+48
0.5,319281479625492.3,1.1022951425456726e+48,1.0600080470423107e+48,0.25,1.2077063877044565e+48,9.545968018835268e+47,2.1623031895879834e+48,2.1623031895879834e+48
0.501,319920042584743.3,1.1023074228589259e+48,1.0600198382332197e+48,0.249999,1.2077182463727292e+48,9.546090147194164e+47,2.1623272610921456e+48,2.1623272610921456e+48
0.502,320558605543994.3,1.1023197031721792e+48,1.0600316294241287e+48,0.249996,1.2077292617510406e+48,9.546220708452672e+47,2.162351332596308e+48,2.162351332596308e+48
0.503,321197168503245.25,1.1023319834854326e+48,1.0600434206150376e+48,0.249991,1.2077394338393908e+48,9.546359702610794e+47,2.16237540410047e+48,2.16237540410047e+48
0.504,321835731462496.25,1.1023442637986859e+48,1.0600552118059466e+48,0.249984,1.2077487626377796e+48,9.546507129668528e+47,2.1623994756046323e+48,2.1623994756046323e+48
0.505,322474294421747.25,1.1023565441119392e+48,1.0600670029968554e+48,0.249975,1.2077572481462072e+48,9.546662989625873e+47,2.1624235471087946e+48,2.1624235471087946e+48
0.506,323112857380998.25,1.1023688244251924e+48,1.0600787941877645e+48,0.249964,1.2077648903646735e+48,9.546827282482835e+47,2.1624476186129568e+48,2.1624476186129568e+48
0.507,323751420340249.2,1.1023811047384457e+48,1.0600905853786733e+48,0.249951,1.2077716892931786e+48,9.547000008239404e+47,2.162471690117119e+48,2.162471690117119e+48
0.508,324389983299500.2,1.1023933850516992e+48,1.0601023765695825e+48,0.249936,1.2077776449317224e+48,9.547181166895592e+47,2.1624957616212816e+48,2.1624957616212816e+48
0.509,325028546258751.2,1.1024056653649524e+48,1.0601141677604913e+48,0.249919,1.2077827572803049e+48,9.547370758451388e+47,2.1625198331254435e+48,2.1625198331254435e+48
0.51,325667109218002.2,1.1024179456782057e+48,1.0601259589514002e+48,0.2499,1.207787026338926e+48,9.547568782906799e+47,2.1625439046296058e+48,2.1625439046296058e+48
0.511,326305672177253.1,1.1024302259914591e+48,1.0601377501423092e+48,0.249879,1.2077904521075863e+48,9.54777524026182e+47,2.1625679761337683e+48,2.1625679761337683e+48
0.512,326944235136504.1,1.1024425063047124e+48,1.060149541333218e+48,0.249856,1.2077930345862848e+48,9.547990130516456e+47,2.1625920476379302e+48,2.1625920476379302e+48
0.513,327582798095755.1,1.1024547866179657e+48,1.0601613325241271e+48,0.249831,1.2077947737750223e+48,9.548213453670705e+47,2.1626161191420928e+48,2.1626161191420928e+48
0.514,328221361055006.1,1.1024670669312191e+48,1.060173123715036e+48,0.249804,1.2077956696737985e+48,9.548445209724565e+47,2.162640190646255e+48,2.162640190646255e+48
0.515,328859924014257.06,1.1024793472444722e+48,1.060184914905945e+48,0.249775,1.2077957222826132e+48,9.54868539867804e+47,2.1626642621504173e+48,2.1626642621504173e+48
0.516,329498486973508.06,1.1024916275577257e+48,1.0601967060968539e+48,0.249744,1.207794931601467e+48,9.548934020531125e+47,2.1626883336545795e+48,2.1626883336545795e+48
0.517,330137049932759.06,1.102503907870979e+48,1.060208497287763e+48,0.249711,1.2077932976303593e+48,9.549191075283826e+47,2.162712405158742e+48,2.162712405158742e+48
0.518,330775612892010.06,1.1025161881842322e+48,1.0602202884786718e+48,0.249676,1.2077908203692903e+48,9.549456562936137e+47,2.162736476662904e+48,2.162736476662904e+48
0.519,331414175851261.0,1.1025284684974857e+48,1.0602320796695806e+48,0.249639,1.2077874998182603e+48,9.54973048348806e+47,2.1627605481670662e+48,2.1627605481670662e+48
0.52,332052738810512.0,1.102540748810739e+48,1.0602438708604897e+48,0.2496,1.2077833359772688e+48,9.550012836939598e+47,2.1627846196712288e+48,2.1627846196712288e+48
0.521,332691301769763.0,1.1025530291239922e+48,1.0602556620513985e+48,0.249559,1.207778328846316e+48,9.550303623290747e+47,2.1628086911753907e+48,2.1628086911753907e+48
0.522,333329864729014.0,1.1025653094372456e+48,1.0602674532423076e+48,0.249516,1.2077724784254021e+48,9.550602842541512e+47,2.1628327626795533e+48,2.1628327626795533e+48
0.523,333968427688265.0,1.102577589750499e+48,1.0602792444332164e+48,0.249471,1.2077657847145269e+48,9.550910494691885e+47,2.1628568341837155e+48,2.1628568341837155e+48
0.524,334606990647515.94,1.1025898700637522e+48,1.0602910356241256e+48,0.249424,1.2077582477136904e+48,9.551226579741874e+47,2.1628809056878778e+48,2.1628809056878778e+48
0.525,335245553606766.94,1.1026021503770055e+48,1.0603028268150344e+48,0.24937499999999999,1.2077498674228925e+48,9.551551097691474e+47,2.16290497719204e+48,2.16290497719204e+48
0.526,335884116566017.94,1.1026144306902587e+48,1.0603146180059433e+48,0.249324,1.2077406438421334e+48,9.551884048540687e+47,2.1629290486962023e+48,2.1629290486962023e+48
0.527,336522679525268.94,1.1026267110035122e+48,1.0603264091968523e+48,0.249271,1.207730576971413e+48,9.552225432289514e+47,2.1629531202003645e+48,2.1629531202003645e+48
0.528,337161242484519.9,1.1026389913167655e+48,1.0603382003877611e+48,0.249216,1.2077196668107315e+48,9.55257524893795e+47,2.1629771917045267e+48,2.1629771917045267e+48
0.529,337799805443770.9,1.1026512716300187e+48,1.0603499915786702e+48,0.249159,1.2077079133600886e+48,9.552933498486004e+47,2.163001263208689e+48,2.163001263208689e+48
0.53,338438368403021.9,1.1026635519432722e+48,1.060361782769579e+48,0.2491,1.2076953166194844e+48,9.553300180933668e+47,2.1630253347128512e+48,2.1630253347128512e+48
0.531,339076931362272.9,1.1026758322565254e+48,1.0603735739604882e+48,0.249039,1.207681876588919e+48,9.553675296280946e+47,2.1630494062170135e+48,2.1630494062170135e+48
0.532,339715494321523.8,1.1026881125697787e+48,1.060385365151397e+48,0.248976,1.2076675932683922e+48,9.554058844527835e+47,2.1630734777211757e+48,2.1630734777211757e+48
0.533,340354057280774.8,1.1027003928830322e+48,1.060397156342306e+48,0.248911,1.2076524666579044e+48,9.554450825674337e+47,2.163097549225338e+48,2.163097549225338e+48
0.534,340992620240025.8,1.1027126731962854e+48,1.0604089475332149e+48,0.248844,1.2076364967574551e+48,9.554851239720452e+47,2.1631216207295002e+48,2.1631216207295002e+48
0.535,341631183199276.8,1.1027249535095387e+48,1.0604207387241239e+48,0.248775,1.2076196835670447e+48,9.555260086666179e+47,2.1631456922336624e+48,2.1631456922336624e+48
0.536,342269746158527.75,1.1027372338227921e+48,1.0604325299150328e+48,0.248704,1.207602027086673e+48,9.55567736651152e+47,2.163169763737825e+48,2.163169763737825e+48
0.537,342908309117778.75,1.1027495141360453e+48,1.0604443211059416e+48,0.248631,1.2075835273163397e+48,9.556103079256471e+47,2.163193835241987e+48,2.163193835241987e+48
0.538,343546872077029.75,1.1027617944492987e+48,1.0604561122968508e+48,0.248556,1.2075641842560454e+48,9.55653722490104e+47,2.1632179067461495e+48,2.1632179067461495e+48
0.539,344185435036280.75,1.1027740747625521e+48,1.0604679034877596e+48,0.248479,1.2075439979057901e+48,9.556979803445216e+47,2.1632419782503117e+48,2.1632419782503117e+48
0.54,344823997995531.75,1.1027863550758052e+48,1.0604796946786685e+48,0.2484,1.207522968265573e+48,9.557430814889008e+47,2.1632660497544736e+48,2.1632660497544736e+48
0.541,345462560954782.7,1.1027986353890587e+48,1.0604914858695775e+48,0.24831899999999998,1.2075010953353949e+48,9.557890259232413e+47,2.1632901212586362e+48,2.1632901212586362e+48
0.542,346101123914033.7,1.1028109157023121e+48,1.0605032770604865e+48,0.24823599999999998,1.2074783791152557e+48,9.558358136475429e+47,2.1633141927627987e+48,2.1633141927627987e+48
0.543,346739686873284.7,1.1028231960155652e+48,1.0605150682513954e+48,0.248151,1.2074548196051548e+48,9.558834446618059e+47,2.1633382642669607e+48,2.1633382642669607e+48
0.544,347378249832535.7,1.1028354763288187e+48,1.0605268594423044e+48,0.248064,1.207430416805093e+48,9.559319189660301e+47,2.1633623357711232e+48,2.1633623357711232e+48
0.545,348016812791786.6,1.102847756642072e+48,1.0605386506332134e+48,0.247975,1.2074051707150698e+48,9.559812365602155e+47,2.1633864072752855e+48,2.1633864072752855e+48
0.546,348655375751037.6,1.1028600369553252e+48,1.0605504418241222e+48,0.247884,1.2073790813350852e+48,9.560313974443622e+47,2.1634104787794474e+48,2.1634104787794474e+48
0.547,349293938710288.6,1.1028723172685787e+48,1.0605622330150311e+48,0.24779099999999998,1.2073521486651395e+48,9.560824016184703e+47,2.16343455028361e+48,2.16343455028361e+48
0.548,349932501669539.6,1.102884597581832e+48,1.0605740242059401e+48,0.247696,1.2073243727052325e+48,9.561342490825395e+47,2.1634586217877722e+48,2.1634586217877722e+48
0.549,350571064628790.56,1.1028968778950852e+48,1.060585815396849e+48,0.24759899999999999,1.2072957534553642e+48,9.5618693983657e+47,2.1634826932919344e+48,2.1634826932919344e+48
0.55,351209627588041.56,1.1029091582083386e+48,1.060597606587758e+48,0.2475,1.2072662909155347e+48,9.56240473880562e+47,2.1635067647960967e+48,2.1635067647960967e+48
0.551,351848190547292.56,1.1029214385215919e+48,1.060609397778667e+48,0.247399,1.2072359850857439e+48,9.56294851214515e+47,2.163530836300259e+48,2.163530836300259e+48
0.552,352486753506543.56,1.1029337188348452e+48,1.060621188969576e+48,0.247296,1.2072048359659918e+48,9.563500718384294e+47,2.163554907804421e+48,2.163554907804421e+48
0.553,353125316465794.5,1.1029459991480986e+48,1.0606329801604848e+48,0.247191,1.2071728435562784e+48,9.56406135752305e+47,2.1635789793085834e+48,2.1635789793085834e+48
0.554,353763879425045.5,1.1029582794613519e+48,1.0606447713513937e+48,0.247084,1.2071400078566037e+48,9.564630429561419e+47,2.1636030508127456e+48,2.1636030508127456e+48
0.555,354402442384296.5,1.1029705597746052e+48,1.0606565625423027e+48,0.246975,1.2071063288669678e+48,9.5652079344994e+47,2.163627122316908e+48,2.163627122316908e+48
0.556,355041005343547.5,1.1029828400878585e+48,1.0606683537332116e+48,0.246864,1.2070718065873706e+48,9.565793872336995e+47,2.16365119382107e+48,2.16365119382107e+48
0.557,355679568302798.44,1.1029951204011117e+48,1.0606801449241206e+48,0.246751,1.207036441017812e+48,9.566388243074203e+47,2.1636752653252323e+48,2.1636752653252323e+48
0.558,356318131262049.44,1.1030074007143652e+48,1.0606919361150296e+48,0.246636,1.2070002321582924e+48,9.566991046711023e+47,2.1636993368293946e+48,2.1636993368293946e+48
0.559,356956694221300.44,1.1030196810276184e+48,1.0607037273059385e+48,0.246519,1.2069631800088114e+48,9.567602283247455e+47,2.1637234083335568e+48,2.1637234083335568e+48
0.56,357595257180551.44,1.1030319613408717e+48,1.0607155184968473e+48,0.24639999999999998,1.2069252845693692e+48,9.568221952683498e+47,2.163747479837719e+48,2.163747479837719e+48
0.561,358233820139802.44,1.1030442416541252e+48,1.0607273096877563e+48,0.246279,1.2068865458399658e+48,9.568850055019157e+47,2.1637715513418813e+48,2.1637715513418813e+48
0.562,358872383099053.4,1.1030565219673784e+48,1.0607391008786653e+48,0.24615599999999999,1.206846963820601e+48,9.569486590254428e+47,2.1637956228460435e+48,2.1637956228460435e+48
0.5630000000000001,359510946058304.4,1.1030688022806317e+48,1.0607508920695742e+48,0.246031,1.2068065385112747e+48,9.570131558389311e+47,2.1638196943502058e+48,2.1638196943502058e+48
0.5640000000000001,360149509017555.4,1.1030810825938851e+48,1.0607626832604832e+48,0.24590399999999998,1.2067652699119876e+48,9.570784959423808e+47,2.1638437658543683e+48,2.1638437658543683e+48
0.5650000000000001,360788071976806.4,1.1030933629071383e+48,1.0607744744513922e+48,0.245775,1.2067231580227387e+48,9.571446793357917e+47,2.1638678373585303e+48,2.1638678373585303e+48
0.5660000000000001,361426634936057.3,1.1031056432203917e+48,1.0607862656423011e+48,0.245644,1.206680202843529e+48,9.572117060191638e+47,2.1638919088626928e+48,2.1638919088626928e+48
0.5670000000000001,362065197895308.3,1.103117923533645e+48,1.06079805683321e+48,0.24551099999999998,1.2066364043743577e+48,9.572795759924972e+47,2.1639159803668547e+48,2.1639159803668547e+48
0.5680000000000001,362703760854559.3,1.1031302038468982e+48,1.0608098480241189e+48,0.24537599999999998,1.2065917626152253e+48,9.573482892557918e+47,2.163940051871017e+48,2.163940051871017e+48
0.5690000000000001,363342323813810.3,1.1031424841601517e+48,1.0608216392150279e+48,0.24523899999999998,1.2065462775661318e+48,9.574178458090478e+47,2.1639641233751795e+48,2.1639641233751795e+48
0.5700000000000001,363980886773061.25,1.103154764473405e+48,1.0608334304059368e+48,0.24509999999999998,1.2064999492270768e+48,9.57488245652265e+47,2.1639881948793418e+48,2.1639881948793418e+48
0.5710000000000001,364619449732312.25,1.1031670447866582e+48,1.0608452215968458e+48,0.24495899999999998,1.2064527775980604e+48,9.575594887854436e+47,2.164012266383504e+48,2.164012266383504e+48
0.5720000000000001,365258012691563.25,1.1031793250999117e+48,1.0608570127877548e+48,0.24481599999999998,1.206404762679083e+48,9.576315752085834e+47,2.1640363378876666e+48,2.1640363378876666e+48
0.5730000000000001,365896575650814.25,1.103191605413165e+48,1.0608688039786637e+48,0.244671,1.2063559044701442e+48,9.577045049216845e+47,2.1640604093918288e+48,2.1640604093918288e+48
0.5740000000000001,366535138610065.2,1.1032038857264182e+48,1.0608805951695725e+48,0.244524,1.2063062029712442e+48,9.577782779247466e+47,2.1640844808959907e+48,2.1640844808959907e+48
0.5750000000000001,367173701569316.2,1.1032161660396715e+48,1.0608923863604815e+48,0.24437499999999998,1.2062556581823828e+48,9.578528942177702e+47,2.164108552400153e+48,2.164108552400153e+48
0.5760000000000001,367812264528567.2,1.1032284463529248e+48,1.0609041775513905e+48,0.244224,1.2062042701035601e+48,9.579283538007551e+47,2.1641326239043152e+48,2.1641326239043152e+48
0.577,368450827487818.1,1.1032407266661782e+48,1.0609159687422996e+48,0.244071,1.2061520387347764e+48,9.580046566737014e+47,2.1641566954084778e+48,2.1641566954084778e+48
0.578,369089390447069.06,1.1032530069794316e+48,1.0609277599332084e+48,0.243916,1.2060989640760313e+48,9.580818028366087e+47,2.16418076691264e+48,2.16418076691264e+48
0.579,369727953406320.06,1.1032652872926847e+48,1.0609395511241174e+48,0.243759,1.2060450461273248e+48,9.581597922894773e+47,2.1642048384168023e+48,2.1642048384168023e+48
0.58,370366516365571.06,1.1032775676059382e+48,1.0609513423150263e+48,0.2436,1.2059902848886573e+48,9.582386250323072e+47,2.1642289099209645e+48,2.1642289099209645e+48
0.581,371005079324822.06,1.1032898479191915e+48,1.0609631335059351e+48,0.24343900000000002,1.2059346803600282e+48,9.583183010650982e+47,2.1642529814251267e+48,2.1642529814251264e+48
0.582,371643642284073.0,1.1033021282324447e+48,1.0609749246968443e+48,0.24327600000000002,1.205878232541438e+48,9.58398820387851e+47,2.164277052929289e+48,2.164277052929289e+48
0.583,372282205243324.0,1.1033144085456982e+48,1.060986715887753e+48,0.243111,1.2058209414328866e+48,9.584801830005646e+47,2.1643011244334512e+48,2.1643011244334512e+48
0.584,372920768202575.0,1.1033266888589514e+48,1.0609985070786622e+48,0.242944,1.2057628070343739e+48,9.585623889032398e+47,2.1643251959376135e+48,2.1643251959376135e+48
0.585,373559331161826.0,1.1033389691722047e+48,1.061010298269571e+48,0.24277500000000002,1.2057038293458999e+48,9.586454380958758e+47,2.1643492674417757e+48,2.1643492674417757e+48
0.586,374197894121076.94,1.1033512494854582e+48,1.06102208946048e+48,0.24260400000000001,1.2056440083674647e+48,9.587293305784735e+47,2.164373338945938e+48,2.164373338945938e+48
0.587,374836457080327.94,1.1033635297987114e+48,1.0610338806513889e+48,0.242431,1.205583344099068e+48,9.588140663510323e+47,2.1643974104501002e+48,2.1643974104501002e+48
0.588,375475020039578.94,1.1033758101119647e+48,1.0610456718422979e+48,0.242256,1.2055218365407102e+48,9.588996454135524e+47,2.1644214819542624e+48,2.1644214819542624e+48
0.589,376113582998829.94,1.1033880904252181e+48,1.0610574630332068e+48,0.24207900000000002,1.2054594856923911e+48,9.589860677660338e+47,2.164445553458425e+48,2.164445553458425e+48
0.59,376752145958080.94,1.1034003707384714e+48,1.0610692542241156e+48,0.2419,1.2053962915541107e+48,9.590733334084764e+47,2.164469624962587e+48,2.164469624962587e+48
0.591,377390708917331.9,1.1034126510517247e+48,1.0610810454150248e+48,0.24171900000000002,1.205332254125869e+48,9.591614423408804e+47,2.1644936964667495e+48,2.1644936964667495e+48
0.592,378029271876582.9,1.103424931364978e+48,1.0610928366059336e+48,0.241536,1.2052673734076661e+48,9.592503945632454e+47,2.1645177679709114e+48,2.1645177679709114e+48
0.593,378667834835833.9,1.1034372116782312e+48,1.0611046277968425e+48,0.241351,1.2052016493995018e+48,9.59340190075572e+47,2.1645418394750736e+48,2.1645418394750736e+48
0.594,379306397795084.9,1.1034494919914847e+48,1.0611164189877515e+48,0.24116400000000002,1.2051350821013765e+48,9.594308288778597e+47,2.1645659109792362e+48,2.1645659109792362e+48
0.595,379944960754335.8,1.103461772304738e+48,1.0611282101786605e+48,0.240975,1.2050676715132898e+48,9.595223109701087e+47,2.1645899824833984e+48,2.1645899824833984e+48
0.596,380583523713586.8,1.1034740526179912e+48,1.0611400013695694e+48,0.240784,1.2049994176352418e+48,9.596146363523189e+47,2.1646140539875607e+48,2.1646140539875607e+48
0.597,381222086672837.8,1.1034863329312447e+48,1.0611517925604782e+48,0.240591,1.2049303204672326e+48,9.597078050244903e+47,2.164638125491723e+48,2.164638125491723e+48
0.598,381860649632088.8,1.103498613244498e+48,1.0611635837513874e+48,0.240396,1.204860380009262e+48,9.598018169866233e+47,2.1646621969958855e+48,2.1646621969958855e+48
0.599,382499212591339.75,1.1035108935577512e+48,1.0611753749422962e+48,0.240199,1.2047895962613302e+48,9.598966722387172e+47,2.1646862685000474e+48,2.1646862685000474e+48
0.6,383137775550590.75,1.1035231738710047e+48,1.0611871661332051e+48,0.24,1.2047179692234372e+48,9.599923707807726e+47,2.16471034000421e+48,2.16471034000421e+48
0.601,383776338509841.75,1.1035354541842578e+48,1.0611989573241141e+48,0.239799,1.2046454988955826e+48,9.600889126127892e+47,2.164734411508372e+48,2.164734411508372e+48
0.602,384414901469092.75,1.1035477344975112e+48,1.061210748515023e+48,0.239596,1.2045721852777672e+48,9.601862977347671e+47,2.1647584830125344e+48,2.1647584830125344e+48
0.603,385053464428343.7,1.1035600148107645e+48,1.061222539705932e+48,0.239391,1.2044980283699903e+48,9.602845261467062e+47,2.1647825545166967e+48,2.1647825545166967e+48
0.604,385692027387594.7,1.1035722951240178e+48,1.0612343308968408e+48,0.239184,1.204423028172252e+48,9.603835978486066e+47,2.1648066260208586e+48,2.1648066260208586e+48
0.605,386330590346845.7,1.1035845754372712e+48,1.06124612208775e+48,0.238975,1.2043471846845527e+48,9.604835128404684e+47,2.164830697525021e+48,2.164830697525021e+48
0.606,386969153306096.7,1.1035968557505245e+48,1.0612579132786588e+48,0.238764,1.204270497906892e+48,9.605842711222912e+47,2.1648547690291834e+48,2.1648547690291834e+48
0.607,387607716265347.7,1.1036091360637777e+48,1.0612697044695677e+48,0.238551,1.20419296783927e+48,9.606858726940754e+47,2.1648788405333456e+48,2.1648788405333453e+48
0.608,388246279224598.6,1.1036214163770312e+48,1.0612814956604767e+48,0.238336,1.204114594481687e+48,9.60788317555821e+47,2.164902912037508e+48,2.164902912037508e+48
0.609,388884842183849.6,1.1036336966902845e+48,1.0612932868513857e+48,0.238119,1.2040353778341424e+48,9.608916057075277e+47,2.16492698354167e+48,2.16492698354167e+48
0.61,389523405143100.6,1.1036459770035377e+48,1.0613050780422946e+48,0.2379,1.2039553178966365e+48,9.609957371491959e+47,2.1649510550458324e+48,2.1649510550458324e+48
0.611,390161968102351.6,1.1036582573167912e+48,1.0613168692332034e+48,0.237679,1.2038744146691696e+48,9.61100711880825e+47,2.1649751265499946e+48,2.1649751265499946e+48
0.612,390800531061602.56,1.1036705376300443e+48,1.0613286604241126e+48,0.237456,1.2037926681517411e+48,9.612065299024157e+47,2.164999198054157e+48,2.164999198054157e+48
0.613,391439094020853.56,1.1036828179432977e+48,1.0613404516150214e+48,0.237231,1.2037100783443517e+48,9.613131912139674e+47,2.165023269558319e+48,2.165023269558319e+48
0.614,392077656980104.56,1.1036950982565512e+48,1.0613522428059303e+48,0.237004,1.2036266452470008e+48,9.614206958154807e+47,2.1650473410624813e+48,2.1650473410624813e+48
0.615,392716219939355.56,1.1037073785698043e+48,1.0613640339968393e+48,0.236775,1.2035423688596884e+48,9.615290437069551e+47,2.1650714125666436e+48,2.1650714125666436e+48
0.616,393354782898606.5,1.1037196588830577e+48,1.0613758251877483e+48,0.236544,1.2034572491824153e+48,9.616382348883908e+47,2.1650954840708058e+48,2.165095484070806e+48
0.617,393993345857857.5,1.103731939196311e+48,1.0613876163786572e+48,0.236311,1.2033712862151805e+48,9.617482693597877e+47,2.165119555574968e+48,2.165119555574968e+48
0.618,394631908817108.5,1.1037442195095643e+48,1.061399407569566e+48,0.236076,1.2032844799579846e+48,9.618591471211457e+47,2.1651436270791303e+48,2.1651436270791303e+48
0.619,395270471776359.5,1.1037564998228177e+48,1.0614111987604752e+48,0.235839,1.2031968304108275e+48,9.619708681724654e+47,2.165167698583293e+48,2.165167698583293e+48
0.62,395909034735610.44,1.103768780136071e+48,1.061422989951384e+48,0.2356,1.203108337573709e+48,9.62083432513746e+47,2.1651917700874548e+48,2.1651917700874548e+48
0.621,396547597694861.44,1.1037810604493242e+48,1.061434781142293e+48,0.235359,1.2030190014466291e+48,9.62196840144988e+47,2.165215841591617e+48,2.165215841591617e+48
0.622,397186160654112.44,1.1037933407625777e+48,1.0614465723332019e+48,0.235116,1.2029288220295883e+48,9.623110910661913e+47,2.1652399130957796e+48,2.1652399130957796e+48
0.623,397824723613363.44,1.1038056210758308e+48,1.0614583635241109e+48,0.234871,1.2028377993225858e+48,9.624261852773558e+47,2.1652639845999415e+48,2.1652639845999415e+48
0.624,398463286572614.4,1.1038179013890842e+48,1.0614701547150198e+48,0.234624,1.2027459333256224e+48,9.625421227784817e+47,2.165288056104104e+48,2.165288056104104e+48
0.625,399101849531865.4,1.1038301817023377e+48,1.0614819459059286e+48,0.234375,1.2026532240386976e+48,9.626589035695687e+47,2.1653121276082663e+48,2.1653121276082663e+48
0.626,399740412491116.4,1.1038424620155908e+48,1.0614937370968377e+48,0.234124,1.2025596714618112e+48,9.627765276506173e+47,2.1653361991124285e+48,2.1653361991124285e+48
0.627,400378975450367.4,1.1038547423288442e+48,1.0615055282877465e+48,0.233871,1.202465275594964e+48,9.628949950216268e+47,2.1653602706165908e+48,2.1653602706165908e+48
0.628,401017538409618.4,1.1038670226420977e+48,1.0615173194786555e+48,0.233616,1.2023700364381555e+48,9.630143056825976e+47,2.1653843421207533e+48,2.1653843421207533e+48
0.629,401656101368869.3,1.1038793029553508e+48,1.0615291106695645e+48,0.233359,1.2022739539913853e+48,9.631344596335299e+47,2.1654084136249152e+48,2.1654084136249152e+48
0.63,402294664328120.3,1.1038915832686042e+48,1.0615409018604734e+48,0.2331,1.2021770282546543e+48,9.632554568744232e+47,2.1654324851290778e+48,2.1654324851290775e+48
0.631,402933227287371.3,1.1039038635818575e+48,1.0615526930513824e+48,0.232839,1.2020792592279618e+48,9.633772974052781e+47,2.16545655663324e+48,2.16545655663324e+48
0.632,403571790246622.3,1.1039161438951108e+48,1.0615644842422912e+48,0.232576,1.2019806469113081e+48,9.634999812260939e+47,2.165480628137402e+48,2.165480628137402e+48
0.633,404210353205873.25,1.1039284242083642e+48,1.0615762754332003e+48,0.232311,1.2018811913046932e+48,9.636235083368714e+47,2.1655046996415645e+48,2.1655046996415645e+48
0.634,404848916165124.25,1.1039407045216175e+48,1.0615880666241091e+48,0.232044,1.2017808924081169e+48,9.637478787376097e+47,2.1655287711457268e+48,2.1655287711457268e+48
0.635,405487479124375.25,1.1039529848348707e+48,1.0615998578150181e+48,0.231775,1.2016797502215793e+48,9.638730924283095e+47,2.165552842649889e+48,2.165552842649889e+48
0.636,406126042083626.25,1.1039652651481242e+48,1.061611649005927e+48,0.231504,1.2015777647450806e+48,9.639991494089707e+47,2.1655769141540512e+48,2.1655769141540512e+48
0.637,406764605042877.2,1.1039775454613774e+48,1.061623440196836e+48,0.231231,1.2014749359786206e+48,9.641260496795929e+47,2.1656009856582135e+48,2.1656009856582135e+48
0.638,407403168002128.2,1.1039898257746307e+48,1.061635231387745e+48,0.230956,1.2013712639221992e+48,9.642537932401765e+47,2.1656250571623757e+48,2.1656250571623757e+48
0.639,408041730961379.2,1.1040021060878842e+48,1.0616470225786538e+48,0.230679,1.2012667485758166e+48,9.643823800907214e+47,2.165649128666538e+48,2.165649128666538e+48
0.64,408680293920630.2,1.1040143864011373e+48,1.061658813769563e+48,0.2304,1.2011613899394725e+48,9.645118102312277e+47,2.1656732001707002e+48,2.1656732001707002e+48
0.641,409318856879881.1,1.1040266667143907e+48,1.0616706049604717e+48,0.230119,1.2010551880131674e+48,9.64642083661695e+47,2.1656972716748624e+48,2.1656972716748624e+48
0.642,409957419839132.1,1.104038947027644e+48,1.0616823961513809e+48,0.22983599999999998,1.200948142796901e+48,9.647732003821239e+47,2.1657213431790247e+48,2.1657213431790247e+48
0.643,410595982798383.1,1.1040512273408973e+48,1.0616941873422897e+48,0.229551,1.2008402542906733e+48,9.649051603925136e+47,2.165745414683187e+48,2.165745414683187e+48
0.644,411234545757634.1,1.1040635076541507e+48,1.0617059785331986e+48,0.229264,1.2007315224944844e+48,9.650379636928649e+47,2.1657694861873492e+48,2.1657694861873492e+48
0.645,411873108716885.1,1.104075787967404e+48,1.0617177697241076e+48,0.22897499999999998,1.2006219474083342e+48,9.651716102831774e+47,2.1657935576915114e+48,2.1657935576915114e+48
0.646,412511671676136.06,1.1040880682806572e+48,1.0617295609150164e+48,0.228684,1.2005115290322227e+48,9.65306100163451e+47,2.1658176291956736e+48,2.1658176291956736e+48
0.647,413150234635387.06,1.1041003485939107e+48,1.0617413521059255e+48,0.22839099999999998,1.20040026736615e+48,9.654414333336863e+47,2.1658417006998362e+48,2.1658417006998362e+48
0.648,413788797594638.06,1.104112628907164e+48,1.0617531432968343e+48,0.228096,1.2002881624101158e+48,9.655776097938825e+47,2.165865772203998e+48,2.165865772203998e+48
0.649,414427360553889.06,1.1041249092204172e+48,1.0617649344877435e+48,0.227799,1.2001752141641205e+48,9.657146295440402e+47,2.1658898437081607e+48,2.1658898437081607e+48
0.65,415065923513140.0,1.1041371895336705e+48,1.0617767256786523e+48,0.22749999999999998,1.2000614226281639e+48,9.658524925841589e+47,2.1659139152123226e+48,2.1659139152123226e+48
0.651,415704486472391.0,1.1041494698469238e+48,1.0617885168695614e+48,0.22719899999999998,1.199946787802246e+48,9.659911989142392e+47,2.1659379867164852e+48,2.1659379867164852e+48
0.652,416343049431642.0,1.1041617501601772e+48,1.0618003080604702e+48,0.226896,1.199831309686367e+48,9.661307485342805e+47,2.1659620582206474e+48,2.1659620582206474e+48
0.653,416981612390893.0,1.1041740304734305e+48,1.061812099251379e+48,0.226591,1.1997149882805266e+48,9.66271141444283e+47,2.1659861297248093e+48,2.1659861297248093e+48
0.654,417620175350143.94,1.1041863107866838e+48,1.0618238904422881e+48,0.22628399999999999,1.1995978235847248e+48,9.664123776442471e+47,2.166010201228972e+48,2.166010201228972e+48
0.655,418258738309394.94,1.1041985910999372e+48,1.0618356816331971e+48,0.22597499999999998,1.1994798155989619e+48,9.665544571341722e+47,2.1660342727331345e+48,2.166034272733134e+48
0.656,418897301268645.94,1.1042108714131905e+48,1.061847472824106e+48,0.225664,1.1993609643232378e+48,9.666973799140589e+47,2.1660583442372967e+48,2.1660583442372967e+48
0.657,419535864227896.94,1.1042231517264438e+48,1.0618592640150149e+48,0.225351,1.1992412697575522e+48,9.668411459839064e+47,2.1660824157414586e+48,2.1660824157414586e+48
0.658,420174427187147.9,1.1042354320396972e+48,1.0618710552059238e+48,0.22503599999999999,1.1991207319019057e+48,9.669857553437155e+47,2.1661064872456212e+48,2.1661064872456212e+48
0.659,420812990146398.9,1.1042477123529505e+48,1.0618828463968328e+48,0.224719,1.1989993507562976e+48,9.671312079934857e+47,2.1661305587497834e+48,2.1661305587497834e+48
0.66,421451553105649.9,1.1042599926662037e+48,1.0618946375877417e+48,0.2244,1.1988771263207281e+48,9.672775039332174e+47,2.1661546302539457e+48,2.1661546302539457e+48
0.661,422090116064900.9,1.104272272979457e+48,1.0619064287786507e+48,0.224079,1.1987540585951976e+48,9.674246431629101e+47,2.166178701758108e+48,2.166178701758108e+48
0.662,422728679024151.8,1.1042845532927103e+48,1.0619182199695597e+48,0.22375599999999998,1.1986301475797057e+48,9.675726256825643e+47,2.16620277326227e+48,2.16620277326227e+48
0.663,423367241983402.8,1.1042968336059637e+48,1.0619300111604686e+48,0.223431,1.1985053932742527e+48,9.677214514921797e+47,2.1662268447664324e+48,2.1662268447664324e+48
0.664,424005804942653.8,1.1043091139192172e+48,1.0619418023513774e+48,0.223104,1.1983797956788385e+48,9.678711205917561e+47,2.1662509162705946e+48,2.1662509162705946e+48
0.665,424644367901904.8,1.1043213942324704e+48,1.0619535935422866e+48,0.222775,1.1982533547934627e+48,9.680216329812943e+47,2.166274987774757e+48,2.166274987774757e+48
0.666,425282930861155.8,1.1043336745457237e+48,1.0619653847331954e+48,0.22244399999999998,1.1981260706181258e+48,9.681729886607933e+47,2.166299059278919e+48,2.166299059278919e+48
0.667,425921493820406.75,1.104345954858977e+48,1.0619771759241043e+48,0.22211099999999998,1.1979979431528276e+48,9.683251876302538e+47,2.1663231307830813e+48,2.1663231307830813e+48
0.668,426560056779657.75,1.1043582351722303e+48,1.0619889671150133e+48,0.221776,1.1978689723975681e+48,9.684782298896754e+47,2.1663472022872436e+48,2.1663472022872436e+48
0.669,427198619738908.75,1.1043705154854837e+48,1.0620007583059223e+48,0.221439,1.1977391583523475e+48,9.686321154390585e+47,2.1663712737914058e+48,2.1663712737914058e+48
0.67,427837182698159.75,1.104382795798737e+48,1.0620125494968312e+48,0.2211,1.1976085010171654e+48,9.687868442784028e+47,2.166395345295568e+48,2.166395345295568e+48
0.671,428475745657410.7,1.1043950761119904e+48,1.06202434068774e+48,0.22075899999999998,1.1974770003920223e+48,9.689424164077081e+47,2.1664194167997303e+48,2.1664194167997303e+48
0.672,429114308616661.7,1.1044073564252435e+48,1.0620361318786492e+48,0.22041599999999997,1.1973446564769175e+48,9.69098831826975e+47,2.1664434883038925e+48,2.1664434883038925e+48
0.673,429752871575912.7,1.1044196367384968e+48,1.062047923069558e+48,0.220071,1.1972114692718518e+48,9.69256090536203e+47,2.1664675598080548e+48,2.1664675598080548e+48
0.674,430391434535163.7,1.1044319170517502e+48,1.062059714260467e+48,0.21972399999999997,1.1970774387768248e+48,9.694141925353923e+47,2.166491631312217e+48,2.166491631312217e+48
0.675,431029997494414.6,1.1044441973650037e+48,1.0620715054513759e+48,0.219375,1.1969425649918365e+48,9.69573137824543e+47,2.1665157028163796e+48,2.1665157028163796e+48
0.676,431668560453665.6,1.104456477678257e+48,1.0620832966422849e+48,0.219024,1.196806847916887e+48,9.697329264036549e+47,2.1665397743205418e+48,2.1665397743205418e+48
0.677,432307123412916.6,1.1044687579915102e+48,1.0620950878331938e+48,0.21867099999999998,1.196670287551976e+48,9.69893558272728e+47,2.166563845824704e+48,2.166563845824704e+48
0.678,432945686372167.6,1.1044810383047635e+48,1.0621068790241026e+48,0.21831599999999998,1.1965328838971038e+48,9.700550334317623e+47,2.166587917328866e+48,2.166587917328866e+48
0.679,433584249331418.56,1.1044933186180168e+48,1.0621186702150118e+48,0.21795899999999999,1.1963946369522703e+48,9.702173518807583e+47,2.1666119888330285e+48,2.1666119888330285e+48
0.68,434222812290669.56,1.1045055989312702e+48,1.0621304614059206e+48,0.2176,1.1962555467174758e+48,9.70380513619715e+47,2.1666360603371908e+48,2.1666360603371908e+48
0.681,434861375249920.56,1.1045178792445235e+48,1.0621422525968295e+48,0.217239,1.1961156131927198e+48,9.705445186486332e+47,2.166660131841353e+48,2.166660131841353e+48
0.682,435499938209171.56,1.104530159557777e+48,1.0621540437877385e+48,0.21687599999999999,1.1959748363780026e+48,9.707093669675128e+47,2.1666842033455156e+48,2.1666842033455156e+48
0.683,436138501168422.56,1.10454243987103e+48,1.0621658349786475e+48,0.21651099999999998,1.195833216273324e+48,9.708750585763535e+47,2.1667082748496775e+48,2.1667082748496775e+48
0.684,436777064127673.5,1.1045547201842833e+48,1.0621776261695564e+48,0.21614399999999998,1.1956907528786841e+48,9.710415934751556e+47,2.1667323463538397e+48,2.1667323463538397e+48
0.685,437415627086924.5,1.1045670004975368e+48,1.0621894173604652e+48,0.21577499999999997,1.1955474461940832e+48,9.712089716639188e+47,2.166756417858002e+48,2.166756417858002e+48
0.686,438054190046175.5,1.1045792808107902e+48,1.0622012085513742e+48,0.21540399999999998,1.1954032962195209e+48,9.713771931426435e+47,2.1667804893621645e+48,2.1667804893621645e+48
0.687,438692753005426.5,1.1045915611240435e+48,1.0622129997422832e+48,0.21503099999999997,1.1952583029549974e+48,9.715462579113292e+47,2.1668045608663268e+48,2.1668045608663268e+48
0.6880000000000001,439331315964677.44,1.1046038414372967e+48,1.0622247909331923e+48,0.21465599999999999,1.1951124664005125e+48,9.717161659699766e+47,2.166828632370489e+48,2.166828632370489e+48
0.6890000000000001,439969878923928.44,1.10461612175055e+48,1.0622365821241011e+48,0.21427899999999997,1.1949657865560663e+48,9.71886917318585e+47,2.1668527038746513e+48,2.1668527038746513e+48
0.6900000000000001,440608441883179.44,1.1046284020638033e+48,1.06224837331501e+48,0.21389999999999998,1.1948182634216588e+48,9.720585119571545e+47,2.1668767753788135e+48,2.1668767753788135e+48
0.6910000000000001,441247004842430.44,1.1046406823770567e+48,1.062260164505919e+48,0.213519,1.1946698969972902e+48,9.722309498856855e+47,2.1669008468829757e+48,2.1669008468829757e+48
0.6920000000000001,441885567801681.4,1.10465296269031e+48,1.0622719556968278e+48,0.21313599999999996,1.1945206872829602e+48,9.724042311041776e+47,2.166924918387138e+48,2.166924918387138e+48
0.6930000000000001,442524130760932.4,1.1046652430035633e+48,1.0622837468877368e+48,0.21275099999999997,1.194370634278669e+48,9.72578355612631e+47,2.1669489898913002e+48,2.1669489898913002e+48
0.6940000000000001,443162693720183.4,1.1046775233168167e+48,1.0622955380786458e+48,0.21236399999999997,1.1942197379844166e+48,9.727533234110458e+47,2.1669730613954625e+48,2.1669730613954625e+48
0.6950000000000001,443801256679434.4,1.1046898036300698e+48,1.0623073292695549e+48,0.21197499999999997,1.1940679984002026e+48,9.72929134499422e+47,2.1669971328996247e+48,2.1669971328996247e+48
0.6960000000000001,444439819638685.3,1.1047020839433233e+48,1.0623191204604637e+48,0.21158399999999997,1.1939154155260278e+48,9.731057888777592e+47,2.167021204403787e+48,2.167021204403787e+48
0.6970000000000001,445078382597936.3,1.1047143642565767e+48,1.0623309116513726e+48,0.21119099999999996,1.1937619893618917e+48,9.732832865460577e+47,2.1670452759079492e+48,2.1670452759079492e+48
0.6980000000000001,445716945557187.3,1.10472664456983e+48,1.0623427028422816e+48,0.21079599999999998,1.193607719907794e+48,9.734616275043176e+47,2.1670693474121114e+48,2.1670693474121114e+48
0.6990000000000001,446355508516438.3,1.1047389248830832e+48,1.0623544940331904e+48,0.21039899999999997,1.1934526071637351e+48,9.736408117525385e+47,2.1670934189162737e+48,2.1670934189162737e+48
0.7000000000000001,446994071475689.25,1.1047512051963367e+48,1.0623662852240994e+48,0.20999999999999996,1.1932966511297152e+48,9.738208392907209e+47,2.167117490420436e+48,2.167117490420436e+48
0.7010000000000001,447632634434940.25,1.1047634855095898e+48,1.0623780764150083e+48,0.20959899999999998,1.1931398518057336e+48,9.740017101188646e+47,2.167141561924598e+48,2.167141561924598e+48
0.7020000000000001,448271197394191.25,1.1047757658228432e+48,1.0623898676059175e+48,0.20919599999999997,1.192982209191791e+48,9.741834242369697e+47,2.1671656334287607e+48,2.1671656334287607e+48
0.7030000000000001,448909760353442.25,1.1047880461360965e+48,1.0624016587968263e+48,0.20879099999999998,1.192823723287887e+48,9.743659816450357e+47,2.1671897049329226e+48,2.1671897049329226e+48
0.704,449548323312693.1,1.1048003264493498e+48,1.0624134499877352e+48,0.208384,1.1926643940940219e+48,9.745493823430631e+47,2.167213776437085e+48,2.167213776437085e+48
0.705,450186886271944.1,1.1048126067626032e+48,1.0624252411786442e+48,0.20797500000000002,1.1925042216101955e+48,9.74733626331052e+47,2.1672378479412474e+48,2.1672378479412474e+48
0.706,450825449231195.1,1.1048248870758565e+48,1.062437032369553e+48,0.20756400000000003,1.1923432058364079e+48,9.749187136090016e+47,2.1672619194454093e+48,2.1672619194454093e+48
0.707,451464012190446.1,1.10483716738911e+48,1.0624488235604621e+48,0.20715100000000003,1.1921813467726589e+48,9.751046441769132e+47,2.1672859909495722e+48,2.1672859909495722e+48
0.708,452102575149697.06,1.104849447702363e+48,1.0624606147513711e+48,0.206736,1.1920186444189485e+48,9.752914180347857e+47,2.167310062453734e+48,2.167310062453734e+48
0.709,452741138108948.06,1.1048617280156163e+48,1.06247240594228e+48,0.206319,1.1918550987752769e+48,9.754790351826195e+47,2.1673341339578964e+48,2.1673341339578964e+48
0.71,453379701068199.06,1.1048740083288698e+48,1.0624841971331889e+48,0.20590000000000003,1.1916907098416442e+48,9.756674956204144e+47,2.1673582054620586e+48,2.1673582054620586e+48
0.711,454018264027450.06,1.1048862886421232e+48,1.0624959883240978e+48,0.20547900000000002,1.1915254776180503e+48,9.758567993481707e+47,2.1673822769662212e+48,2.1673822769662212e+48
0.712,454656826986701.06,1.1048985689553765e+48,1.0625077795150068e+48,0.20505600000000002,1.1913594021044948e+48,9.760469463658884e+47,2.1674063484703834e+48,2.1674063484703834e+48
0.713,455295389945952.0,1.1049108492686297e+48,1.0625195707059156e+48,0.204631,1.1911924833009782e+48,9.762379366735672e+47,2.1674304199745454e+48,2.1674304199745454e+48
0.714,455933952905203.0,1.104923129581883e+48,1.0625313618968247e+48,0.20420400000000002,1.1910247212075003e+48,9.764297702712075e+47,2.167454491478708e+48,2.167454491478708e+48
0.715,456572515864454.0,1.1049354098951363e+48,1.0625431530877337e+48,0.203775,1.1908561158240611e+48,9.766224471588089e+47,2.16747856298287e+48,2.16747856298287e+48
0.716,457211078823705.0,1.1049476902083897e+48,1.0625549442786427e+48,0.20334400000000002,1.1906866671506608e+48,9.768159673363716e+47,2.1675026344870324e+48,2.1675026344870324e+48
0.717,457849641782955.94,1.104959970521643e+48,1.0625667354695515e+48,0.202911,1.190516375187299e+48,9.770103308038954e+47,2.1675267059911946e+48,2.1675267059911946e+48
0.718,458488204742206.94,1.1049722508348963e+48,1.0625785266604604e+48,0.20247600000000002,1.190345239933976e+48,9.772055375613806e+47,2.167550777495357e+48,2.167550777495357e+48
0.719,459126767701457.94,1.1049845311481497e+48,1.0625903178513694e+48,0.20203900000000002,1.1901732613906919e+48,9.774015876088272e+47,2.167574848999519e+48,2.167574848999519e+48
0.72,459765330660708.94,1.1049968114614028e+48,1.0626021090422782e+48,0.2016,1.1900004395574461e+48,9.775984809462349e+47,2.167598920503681e+48,2.167598920503681e+48
0.721,460403893619959.9,1.1050090917746563e+48,1.0626139002331873e+48,0.201159,1.1898267744342395e+48,9.777962175736041e+47,2.1676229920078436e+48,2.1676229920078436e+48
0.722,461042456579210.9,1.1050213720879097e+48,1.0626256914240963e+48,0.200716,1.1896522660210716e+48,9.779947974909344e+47,2.1676470635120058e+48,2.1676470635120058e+48
0.723,461681019538461.9,1.105033652401163e+48,1.0626374826150053e+48,0.200271,1.1894769143179422e+48,9.78194220698226e+47,2.167671135016168e+48,2.167671135016168e+48
0.724,462319582497712.9,1.1050459327144163e+48,1.062649273805914e+48,0.199824,1.1893007193248515e+48,9.783944871954788e+47,2.1676952065203303e+48,2.1676952065203303e+48
0.725,462958145456963.8,1.1050582130276697e+48,1.062661064996823e+48,0.199375,1.1891236810417998e+48,9.785955969826929e+47,2.1677192780244926e+48,2.1677192780244926e+48
0.726,463596708416214.8,1.1050704933409228e+48,1.062672856187732e+48,0.19892400000000002,1.1889457994687866e+48,9.787975500598682e+47,2.1677433495286548e+48,2.1677433495286548e+48
0.727,464235271375465.8,1.1050827736541762e+48,1.0626846473786408e+48,0.198471,1.1887670746058123e+48,9.790003464270048e+47,2.167767421032817e+48,2.167767421032817e+48
0.728,464873834334716.8,1.1050950539674295e+48,1.0626964385695499e+48,0.198016,1.1885875064528766e+48,9.792039860841029e+47,2.1677914925369793e+48,2.1677914925369793e+48
0.729,465512397293967.75,1.1051073342806828e+48,1.0627082297604589e+48,0.197559,1.1884070950099796e+48,9.79408469031162e+47,2.1678155640411415e+48,2.1678155640411415e+48
0.73,466150960253218.75,1.1051196145939362e+48,1.0627200209513678e+48,0.1971,1.1882258402771215e+48,9.796137952681826e+47,2.167839635545304e+48,2.167839635545304e+48
0.731,466789523212469.75,1.1051318949071893e+48,1.0627318121422767e+48,0.196639,1.1880437422543018e+48,9.798199647951642e+47,2.167863707049466e+48,2.167863707049466e+48
0.732,467428086171720.75,1.1051441752204428e+48,1.0627436033331856e+48,0.19617600000000002,1.1878608009415211e+48,9.800269776121073e+47,2.1678877785536282e+48,2.1678877785536282e+48
0.733,468066649130971.75,1.105156455533696e+48,1.0627553945240946e+48,0.195711,1.1876770163387791e+48,9.802348337190115e+47,2.1679118500577905e+48,2.1679118500577905e+48
0.734,468705212090222.7,1.1051687358469495e+48,1.0627671857150034e+48,0.195244,1.187492388446076e+48,9.80443533115877e+47,2.1679359215619527e+48,2.1679359215619527e+48
0.735,469343775049473.7,1.1051810161602028e+48,1.0627789769059125e+48,0.194775,1.1873069172634113e+48,9.80653075802704e+47,2.1679599930661153e+48,2.1679599930661153e+48
0.736,469982338008724.7,1.1051932964734562e+48,1.0627907680968215e+48,0.194304,1.1871206027907856e+48,9.80863461779492e+47,2.167984064570278e+48,2.167984064570278e+48
0.737,470620900967975.7,1.1052055767867093e+48,1.0628025592877304e+48,0.193831,1.1869334450281983e+48,9.810746910462415e+47,2.1680081360744398e+48,2.1680081360744398e+48
0.738,471259463927226.6,1.1052178570999628e+48,1.0628143504786392e+48,0.193356,1.1867454439756501e+48,9.812867636029519e+47,2.168032207578602e+48,2.168032207578602e+48
0.739,471898026886477.6,1.105230137413216e+48,1.0628261416695482e+48,0.192879,1.1865565996331403e+48,9.81499679449624e+47,2.1680562790827642e+48,2.1680562790827642e+48
0.74,472536589845728.6,1.1052424177264693e+48,1.0628379328604572e+48,0.19240000000000002,1.1863669120006694e+48,9.817134385862571e+47,2.1680803505869265e+48,2.1680803505869265e+48
0.741,473175152804979.6,1.1052546980397227e+48,1.062849724051366e+48,0.191919,1.1861763810782374e+48,9.819280410128513e+47,2.1681044220910887e+48,2.1681044220910887e+48
0.742,473813715764230.56,1.1052669783529762e+48,1.0628615152422751e+48,0.191436,1.1859850068658441e+48,9.821434867294072e+47,2.1681284935952513e+48,2.1681284935952513e+48
0.743,474452278723481.56,1.1052792586662293e+48,1.062873306433184e+48,0.190951,1.185792789363489e+48,9.823597757359243e+47,2.1681525650994135e+48,2.1681525650994135e+48
0.744,475090841682732.56,1.1052915389794826e+48,1.062885097624093e+48,0.190464,1.185599728571173e+48,9.825769080324025e+47,2.1681766366035758e+48,2.1681766366035758e+48
0.745,475729404641983.56,1.105303819292736e+48,1.0628968888150018e+48,0.189975,1.1854058244888959e+48,9.82794883618842e+47,2.168200708107738e+48,2.168200708107738e+48
0.746,476367967601234.5,1.1053160996059893e+48,1.0629086800059108e+48,0.189484,1.1852110771166573e+48,9.830137024952428e+47,2.1682247796119002e+48,2.1682247796119002e+48
0.747,477006530560485.5,1.1053283799192427e+48,1.0629204711968198e+48,0.188991,1.1850154864544577e+48,9.832333646616048e+47,2.1682488511160625e+48,2.1682488511160625e+48
0.748,477645093519736.5,1.105340660232496e+48,1.0629322623877286e+48,0.188496,1.1848190525022965e+48,9.834538701179281e+47,2.1682729226202247e+48,2.1682729226202247e+48
0.749,478283656478987.5,1.1053529405457493e+48,1.0629440535786377e+48,0.187999,1.1846217752601742e+48,9.836752188642127e+47,2.168296994124387e+48,2.168296994124387e+48
0.75,478922219438238.5,1.1053652208590025e+48,1.0629558447695467e+48,0.1875,1.1844236547280904e+48,9.838974109004588e+47,2.1683210656285492e+48,2.1683210656285492e+48
0.751,479560782397489.44,1.1053775011722558e+48,1.0629676359604556e+48,0.186999,1.1842246909060456e+48,9.841204462266659e+47,2.1683451371327114e+48,2.1683451371327114e+48
0.752,480199345356740.44,1.1053897814855093e+48,1.0629794271513644e+48,0.186496,1.1840248837940395e+48,9.843443248428342e+47,2.1683692086368737e+48,2.1683692086368737e+48
0.753,480837908315991.44,1.1054020617987625e+48,1.0629912183422734e+48,0.185991,1.183824233392072e+48,9.84569046748964e+47,2.168393280141036e+48,2.168393280141036e+48
0.754,481476471275242.44,1.105414342112016e+48,1.0630030095331824e+48,0.185484,1.1836227397001434e+48,9.847946119450549e+47,2.1684173516451982e+48,2.1684173516451982e+48
0.755,482115034234493.4,1.105426622425269e+48,1.0630148007240912e+48,0.184975,1.1834204027182534e+48,9.850210204311069e+47,2.1684414231493604e+48,2.1684414231493604e+48
0.756,482753597193744.4,1.1054389027385225e+48,1.0630265919150003e+48,0.184464,1.1832172224464022e+48,9.852482722071206e+47,2.1684654946535226e+48,2.1684654946535226e+48
0.757,483392160152995.4,1.1054511830517758e+48,1.0630383831059093e+48,0.183951,1.1830131988845897e+48,9.854763672730954e+47,2.168489566157685e+48,2.168489566157685e+48
0.758,484030723112246.4,1.1054634633650292e+48,1.0630501742968182e+48,0.183436,1.182808332032816e+48,9.857053056290314e+47,2.1685136376618474e+48,2.1685136376618474e+48
0.759,484669286071497.3,1.1054757436782825e+48,1.063061965487727e+48,0.182919,1.1826026218910809e+48,9.859350872749286e+47,2.1685377091660094e+48,2.1685377091660094e+48
0.76,485307849030748.3,1.1054880239915358e+48,1.063073756678636e+48,0.1824,1.1823960684593845e+48,9.861657122107872e+47,2.1685617806701716e+48,2.1685617806701716e+48
0.761,485946411989999.3,1.105500304304789e+48,1.063085547869545e+48,0.18187899999999999,1.1821886717377269e+48,9.863971804366071e+47,2.168585852174334e+48,2.168585852174334e+48
0.762,486584974949250.3,1.1055125846180423e+48,1.063097339060454e+48,0.181356,1.181980431726108e+48,9.866294919523883e+47,2.168609923678496e+48,2.168609923678496e+48
0.763,487223537908501.25,1.1055248649312958e+48,1.0631091302513629e+48,0.180831,1.181771348424528e+48,9.868626467581306e+47,2.1686339951826586e+48,2.1686339951826586e+48
0.764,487862100867752.25,1.105537145244549e+48,1.0631209214422719e+48,0.180304,1.1815614218329866e+48,9.870966448538343e+47,2.168658066686821e+48,2.168658066686821e+48
0.765,488500663827003.25,1.1055494255578025e+48,1.0631327126331808e+48,0.179775,1.181350651951484e+48,9.873314862394994e+47,2.1686821381909835e+48,2.1686821381909835e+48
0.766,489139226786254.25,1.1055617058710557e+48,1.0631445038240896e+48,0.179244,1.18113903878002e+48,9.875671709151253e+47,2.1687062096951454e+48,2.1687062096951454e+48
0.767,489777789745505.2,1.105573986184309e+48,1.0631562950149986e+48,0.17871099999999998,1.1809265823185947e+48,9.878036988807129e+47,2.1687302811993076e+48,2.1687302811993076e+48
0.768,490416352704756.2,1.1055862664975623e+48,1.0631680862059075e+48,0.178176,1.1807132825672082e+48,9.880410701362616e+47,2.16875435270347e+48,2.16875435270347e+48
0.769,491054915664007.2,1.1055985468108157e+48,1.0631798773968165e+48,0.177639,1.1804991395258607e+48,9.882792846817716e+47,2.1687784242076324e+48,2.1687784242076324e+48
0.77,491693478623258.2,1.105610827124069e+48,1.0631916685877255e+48,0.17709999999999998,1.1802841531945516e+48,9.88518342517243e+47,2.1688024957117947e+48,2.1688024957117947e+48
0.771,492332041582509.2,1.1056231074373223e+48,1.0632034597786344e+48,0.176559,1.1800683235732812e+48,9.887582436426755e+47,2.168826567215957e+48,2.168826567215957e+48
0.772,492970604541760.1,1.1056353877505756e+48,1.0632152509695434e+48,0.17601599999999998,1.1798516506620496e+48,9.889989880580693e+47,2.168850638720119e+48,2.168850638720119e+48
0.773,493609167501011.1,1.1056476680638288e+48,1.0632270421604522e+48,0.175471,1.1796341344608567e+48,9.892405757634244e+47,2.168874710224281e+48,2.168874710224281e+48
0.774,494247730460262.1,1.1056599483770823e+48,1.0632388333513612e+48,0.174924,1.1794157749697028e+48,9.894830067587406e+47,2.1688987817284436e+48,2.1688987817284436e+48
0.775,494886293419513.1,1.1056722286903355e+48,1.0632506245422701e+48,0.17437499999999997,1.1791965721885873e+48,9.897262810440184e+47,2.168922853232606e+48,2.168922853232606e+48
0.776,495524856378764.06,1.105684509003589e+48,1.0632624157331791e+48,0.17382399999999998,1.1789765261175108e+48,9.899703986192573e+47,2.168946924736768e+48,2.168946924736768e+48
0.777,496163419338015.06,1.1056967893168423e+48,1.063274206924088e+48,0.17327099999999998,1.178755636756473e+48,9.902153594844574e+47,2.1689709962409303e+48,2.1689709962409303e+48
0.778,496801982297266.06,1.1057090696300954e+48,1.063285998114997e+48,0.17271599999999998,1.1785339041054735e+48,9.904611636396189e+47,2.1689950677450926e+48,2.1689950677450926e+48
0.779,497440545256517.06,1.1057213499433488e+48,1.063297789305906e+48,0.17215899999999998,1.178311328164513e+48,9.907078110847418e+47,2.1690191392492548e+48,2.1690191392492548e+48
0.78,498079108215768.0,1.1057336302566022e+48,1.063309580496815e+48,0.17159999999999997,1.1780879089335915e+48,9.909553018198257e+47,2.169043210753417e+48,2.169043210753417e+48
0.781,498717671175019.0,1.1057459105698555e+48,1.063321371687724e+48,0.171039,1.1778636464127084e+48,9.91203635844871e+47,2.1690672822575793e+48,2.1690672822575793e+48
0.782,499356234134270.0,1.1057581908831088e+48,1.0633331628786327e+48,0.170476,1.1776385406018641e+48,9.914528131598774e+47,2.1690913537617415e+48,2.1690913537617415e+48
0.783,499994797093521.0,1.1057704711963622e+48,1.0633449540695417e+48,0.16991099999999998,1.1774125915010587e+48,9.917028337648452e+47,2.1691154252659038e+48,2.1691154252659038e+48
0.784,500633360052771.94,1.1057827515096153e+48,1.0633567452604507e+48,0.169344,1.1771857991102918e+48,9.919536976597742e+47,2.169139496770066e+48,2.169139496770066e+48
0.785,501271923012022.94,1.1057950318228688e+48,1.0633685364513596e+48,0.16877499999999998,1.1769581634295638e+48,9.922054048446646e+47,2.1691635682742283e+48,2.1691635682742283e+48
0.786,501910485971273.94,1.105807312136122e+48,1.0633803276422686e+48,0.168204,1.1767296844588745e+48,9.924579553195162e+47,2.1691876397783905e+48,2.1691876397783905e+48
0.787,502549048930524.94,1.1058195924493755e+48,1.0633921188331776e+48,0.16763099999999997,1.1765003621982239e+48,9.927113490843292e+47,2.169211711282553e+48,2.169211711282553e+48
0.788,503187611889775.9,1.1058318727626288e+48,1.0634039100240865e+48,0.16705599999999998,1.176270196647612e+48,9.929655861391033e+47,2.1692357827867153e+48,2.1692357827867153e+48
0.789,503826174849026.9,1.1058441530758822e+48,1.0634157012149953e+48,0.166479,1.176039187807039e+48,9.932206664838385e+47,2.1692598542908775e+48,2.1692598542908775e+48
0.79,504464737808277.9,1.1058564333891353e+48,1.0634274924059043e+48,0.1659,1.1758073356765044e+48,9.934765901185352e+47,2.1692839257950395e+48,2.1692839257950395e+48
0.791,505103300767528.9,1.1058687137023888e+48,1.0634392835968133e+48,0.16531899999999997,1.1755746402560087e+48,9.937333570431933e+47,2.169307997299202e+48,2.169307997299202e+48
0.792,505741863726779.9,1.105880994015642e+48,1.0634510747877222e+48,0.16473599999999997,1.1753411015455517e+48,9.939909672578126e+47,2.1693320688033643e+48,2.1693320688033643e+48
0.793,506380426686030.8,1.1058932743288953e+48,1.0634628659786312e+48,0.164151,1.1751067195451334e+48,9.942494207623931e+47,2.1693561403075265e+48,2.1693561403075265e+48
0.794,507018989645281.8,1.1059055546421487e+48,1.0634746571695402e+48,0.163564,1.174871494254754e+48,9.945087175569348e+47,2.169380211811689e+48,2.169380211811689e+48
0.795,507657552604532.8,1.105917834955402e+48,1.0634864483604491e+48,0.16297499999999998,1.1746354256744132e+48,9.94768857641438e+47,2.1694042833158513e+48,2.1694042833158513e+48
0.796,508296115563783.8,1.1059301152686553e+48,1.063498239551358e+48,0.16238399999999997,1.1743985138041112e+48,9.95029841015902e+47,2.1694283548200132e+48,2.1694283548200132e+48
0.797,508934678523034.75,1.1059423955819086e+48,1.0635100307422669e+48,0.16179099999999996,1.1741607586438477e+48,9.952916676803277e+47,2.1694524263241755e+48,2.1694524263241755e+48
0.798,509573241482285.75,1.1059546758951618e+48,1.063521821933176e+48,0.16119599999999998,1.1739221601936232e+48,9.955543376347147e+47,2.169476497828338e+48,2.169476497828338e+48
0.799,510211804441536.75,1.1059669562084153e+48,1.063533613124085e+48,0.16059899999999996,1.1736827184534374e+48,9.958178508790629e+47,2.1695005693325003e+48,2.1695005693325003e+48
0.8,510850367400787.75,1.1059792365216687e+48,1.0635454043149938e+48,0.15999999999999998,1.1734424334232904e+48,9.960822074133721e+47,2.1695246408366625e+48,2.1695246408366625e+48
0.801,511488930360038.7,1.105991516834922e+48,1.0635571955059027e+48,0.15939899999999999,1.173201305103182e+48,9.963474072376428e+47,2.1695487123408247e+48,2.1695487123408247e+48
0.802,512127493319289.7,1.1060037971481753e+48,1.0635689866968117e+48,0.15879599999999996,1.1729593334931123e+48,9.966134503518747e+47,2.169572783844987e+48,2.169572783844987e+48
0.803,512766056278540.7,1.1060160774614285e+48,1.0635807778877205e+48,0.15819099999999997,1.1727165185930813e+48,9.968803367560677e+47,2.1695968553491492e+48,2.1695968553491492e+48
0.804,513404619237791.7,1.1060283577746818e+48,1.0635925690786295e+48,0.15758399999999997,1.172472860403089e+48,9.971480664502222e+47,2.1696209268533115e+48,2.1696209268533115e+48
0.805,514043182197042.6,1.1060406380879353e+48,1.0636043602695386e+48,0.15697499999999998,1.1722283589231356e+48,9.974166394343383e+47,2.1696449983574737e+48,2.1696449983574737e+48
0.806,514681745156293.6,1.1060529184011885e+48,1.0636161514604476e+48,0.15636399999999998,1.1719830141532209e+48,9.976860557084152e+47,2.169669069861636e+48,2.169669069861636e+48
0.807,515320308115544.6,1.106065198714442e+48,1.0636279426513564e+48,0.15575099999999997,1.171736826093345e+48,9.979563152724533e+47,2.1696931413657982e+48,2.1696931413657982e+48
0.808,515958871074795.6,1.106077479027695e+48,1.0636397338422653e+48,0.15513599999999997,1.1714897947435075e+48,9.982274181264529e+47,2.1697172128699604e+48,2.1697172128699604e+48
0.809,516597434034046.6,1.1060897593409484e+48,1.0636515250331743e+48,0.15451899999999996,1.1712419201037088e+48,9.984993642704138e+47,2.1697412843741227e+48,2.1697412843741227e+48
0.81,517235996993297.56,1.1061020396542018e+48,1.0636633162240831e+48,0.15389999999999995,1.1709932021739491e+48,9.987721537043358e+47,2.169765355878285e+48,2.169765355878285e+48
0.811,517874559952548.56,1.1061143199674552e+48,1.063675107414992e+48,0.15327899999999997,1.1707436409542281e+48,9.990457864282192e+47,2.169789427382447e+48,2.169789427382447e+48
0.812,518513122911799.56,1.1061266002807085e+48,1.0636868986059012e+48,0.15265599999999996,1.1704932364445457e+48,9.99320262442064e+47,2.1698134988866097e+48,2.1698134988866097e+48
0.8130000000000001,519151685871050.56,1.1061388805939616e+48,1.0636986897968102e+48,0.15203099999999997,1.170241988644902e+48,9.995955817458698e+47,2.1698375703907716e+48,2.1698375703907716e+48
0.8140000000000001,519790248830301.5,1.106151160907215e+48,1.063710480987719e+48,0.15140399999999996,1.1699898975552972e+48,9.998717443396369e+47,2.169861641894934e+48,2.169861641894934e+48
0.8150000000000001,520428811789552.5,1.1061634412204683e+48,1.063722272178628e+48,0.15077499999999996,1.169736963175731e+48,1.0001487502233653e+48,2.169885713399096e+48,2.169885713399096e+48
0.8160000000000001,521067374748803.5,1.1061757215337218e+48,1.0637340633695369e+48,0.15014399999999997,1.1694831855062035e+48,1.0004265993970551e+48,2.1699097849032587e+48,2.1699097849032587e+48
0.8170000000000001,521705937708054.5,1.106188001846975e+48,1.0637458545604457e+48,0.14951099999999995,1.1692285645467147e+48,1.0007052918607059e+48,2.1699338564074206e+48,2.1699338564074206e+48
0.8180000000000001,522344500667305.44,1.1062002821602283e+48,1.0637576457513547e+48,0.14887599999999995,1.1689731002972648e+48,1.0009848276143182e+48,2.1699579279115828e+48,2.1699579279115828e+48
0.8190000000000001,522983063626556.44,1.1062125624734816e+48,1.0637694369422638e+48,0.14823899999999995,1.1687167927578534e+48,1.001265206657892e+48,2.1699819994157454e+48,2.1699819994157454e+48
0.8200000000000001,523621626585807.44,1.1062248427867349e+48,1.0637812281331728e+48,0.14759999999999995,1.1684596419284809e+48,1.0015464289914267e+48,2.1700060709199076e+48,2.1700060709199076e+48
0.8210000000000001,524260189545058.44,1.1062371230999883e+48,1.0637930193240816e+48,0.14695899999999995,1.1682016478091472e+48,1.0018284946149227e+48,2.17003014242407e+48,2.17003014242407e+48
0.8220000000000001,524898752504309.4,1.1062494034132417e+48,1.0638048105149905e+48,0.14631599999999995,1.1679428103998522e+48,1.00211140352838e+48,2.1700542139282324e+48,2.1700542139282324e+48
0.8230000000000001,525537315463560.4,1.106261683726495e+48,1.0638166017058995e+48,0.14567099999999997,1.1676831297005959e+48,1.0023951557317986e+48,2.1700782854323947e+48,2.1700782854323947e+48
0.8240000000000001,526175878422811.4,1.1062739640397483e+48,1.0638283928968083e+48,0.14502399999999996,1.1674226057113782e+48,1.0026797512251784e+48,2.1701023569365566e+48,2.1701023569365566e+48
0.8250000000000001,526814441382062.4,1.1062862443530016e+48,1.0638401840877173e+48,0.14437499999999995,1.1671612384321992e+48,1.0029651900085196e+48,2.1701264284407188e+48,2.1701264284407188e+48
0.8260000000000001,527453004341313.3,1.1062985246662548e+48,1.0638519752786264e+48,0.14372399999999996,1.166899027863059e+48,1.0032514720818222e+48,2.1701504999448814e+48,2.1701504999448814e+48
0.8270000000000001,528091567300564.3,1.1063108049795083e+48,1.0638637664695354e+48,0.14307099999999995,1.1666359740039578e+48,1.0035385974450858e+48,2.1701745714490436e+48,2.1701745714490436e+48
0.8280000000000001,528730130259815.3,1.1063230852927615e+48,1.0638755576604442e+48,0.14241599999999996,1.166372076854895e+48,1.0038265660983107e+48,2.170198642953206e+48,2.170198642953206e+48
0.8290000000000001,529368693219066.3,1.1063353656060148e+48,1.0638873488513531e+48,0.14175899999999994,1.166107336415871e+48,1.0041153780414969e+48,2.170222714457368e+48,2.170222714457368e+48
0.8300000000000001,530007256178317.3,1.1063476459192683e+48,1.0638991400422621e+48,0.14109999999999995,1.165841752686886e+48,1.0044050332746444e+48,2.1702467859615304e+48,2.1702467859615304e+48
0.8310000000000001,530645819137568.25,1.1063599262325214e+48,1.0639109312331709e+48,0.14043899999999995,1.1655753256679392e+48,1.004695531797753e+48,2.1702708574656923e+48,2.1702708574656923e+48
0.8320000000000001,531284382096819.25,1.1063722065457748e+48,1.0639227224240799e+48,0.13977599999999996,1.1653080553590315e+48,1.0049868736108232e+48,2.1702949289698548e+48,2.1702949289698548e+48
0.833,531922945056070.2,1.1063844868590281e+48,1.063934513614989e+48,0.139111,1.1650399417601624e+48,1.0052790587138546e+48,2.170319000474017e+48,2.170319000474017e+48
0.834,532561508015321.1,1.1063967671722814e+48,1.0639463048058978e+48,0.138444,1.1647709848713321e+48,1.005572087106847e+48,2.1703430719781793e+48,2.1703430719781793e+48
0.835,533200070974572.1,1.1064090474855348e+48,1.0639580959968068e+48,0.13777500000000004,1.1645011846925406e+48,1.005865958789801e+48,2.1703671434823416e+48,2.1703671434823416e+48
0.836,533838633933823.1,1.1064213277987882e+48,1.0639698871877157e+48,0.13710400000000003,1.1642305412237879e+48,1.0061606737627161e+48,2.1703912149865038e+48,2.1703912149865038e+48
0.837,534477196893074.1,1.1064336081120415e+48,1.0639816783786247e+48,0.13643100000000002,1.1639590544650737e+48,1.0064562320255925e+48,2.170415286490666e+48,2.170415286490666e+48
0.838,535115759852325.1,1.1064458884252946e+48,1.0639934695695336e+48,0.13575600000000002,1.163686724416398e+48,1.0067526335784302e+48,2.1704393579948283e+48,2.1704393579948283e+48
0.839,535754322811576.06,1.106458168738548e+48,1.0640052607604426e+48,0.13507900000000003,1.1634135510777616e+48,1.007049878421229e+48,2.1704634294989905e+48,2.1704634294989905e+48
0.84,536392885770827.06,1.1064704490518013e+48,1.0640170519513516e+48,0.13440000000000002,1.1631395344491636e+48,1.0073479665539893e+48,2.1704875010031528e+48,2.1704875010031528e+48
0.841,537031448730078.06,1.1064827293650548e+48,1.0640288431422605e+48,0.13371900000000003,1.1628646745306044e+48,1.0076468979767109e+48,2.1705115725073153e+48,2.1705115725073153e+48
0.842,537670011689329.06,1.106495009678308e+48,1.0640406343331693e+48,0.13303600000000002,1.162588971322084e+48,1.0079466726893934e+48,2.1705356440114772e+48,2.1705356440114772e+48
0.843,538308574648580.0,1.1065072899915615e+48,1.0640524255240783e+48,0.13235100000000002,1.1623124248236024e+48,1.0082472906920374e+48,2.1705597155156398e+48,2.1705597155156398e+48
0.844,538947137607831.0,1.1065195703048146e+48,1.0640642167149873e+48,0.13166400000000003,1.1620350350351592e+48,1.0085487519846427e+48,2.1705837870198017e+48,2.1705837870198017e+48
0.845,539585700567082.0,1.1065318506180679e+48,1.0640760079058962e+48,0.130975,1.1617568019567547e+48,1.0088510565672094e+48,2.170607858523964e+48,2.170607858523964e+48
0.846,540224263526333.0,1.1065441309313213e+48,1.0640877990968052e+48,0.130284,1.1614777255883894e+48,1.0091542044397371e+48,2.1706319300281265e+48,2.1706319300281265e+48
0.847,540862826485583.94,1.1065564112445746e+48,1.0640995902877142e+48,0.129591,1.1611978059300625e+48,1.0094581956022262e+48,2.1706560015322888e+48,2.1706560015322888e+48
0.848,541501389444834.94,1.106568691557828e+48,1.0641113814786231e+48,0.128896,1.1609170429817744e+48,1.0097630300546767e+48,2.1706800730364513e+48,2.1706800730364513e+48
0.849,542139952404085.94,1.1065809718710813e+48,1.064123172669532e+48,0.128199,1.1606354367435251e+48,1.0100687077970881e+48,2.1707041445406132e+48,2.1707041445406132e+48
0.85,542778515363336.94,1.1065932521843346e+48,1.0641349638604409e+48,0.1275,1.1603529872153144e+48,1.0103752288294611e+48,2.1707282160447755e+48,2.1707282160447755e+48
0.851,543417078322587.9,1.1066055324975878e+48,1.0641467550513499e+48,0.12679900000000002,1.1600696943971424e+48,1.0106825931517953e+48,2.1707522875489377e+48,2.1707522875489377e+48
0.852,544055641281838.9,1.1066178128108413e+48,1.0641585462422588e+48,0.126096,1.1597855582890093e+48,1.0109908007640908e+48,2.1707763590531003e+48,2.1707763590531003e+48
0.853,544694204241089.9,1.1066300931240946e+48,1.0641703374331678e+48,0.125391,1.1595005788909149e+48,1.0112998516663475e+48,2.1708004305572625e+48,2.1708004305572625e+48
0.854,545332767200340.9,1.1066423734373478e+48,1.0641821286240768e+48,0.12468400000000002,1.1592147562028591e+48,1.0116097458585655e+48,2.1708245020614248e+48,2.1708245020614248e+48
0.855,545971330159591.8,1.1066546537506013e+48,1.0641939198149857e+48,0.12397500000000002,1.1589280902248423e+48,1.0119204833407447e+48,2.170848573565587e+48,2.170848573565587e+48
0.856,546609893118842.8,1.1066669340638544e+48,1.0642057110058945e+48,0.12326400000000001,1.1586405809568637e+48,1.0122320641128852e+48,2.170872645069749e+48,2.170872645069749e+48
0.857,547248456078093.8,1.1066792143771078e+48,1.0642175021968035e+48,0.12255100000000001,1.1583522283989243e+48,1.012544488174987e+48,2.1708967165739115e+48,2.1708967165739115e+48
0.858,547887019037344.8,1.1066914946903611e+48,1.0642292933877125e+48,0.12183600000000001,1.1580630325510234e+48,1.0128577555270501e+48,2.1709207880780737e+48,2.1709207880780737e+48
0.859,548525581996595.8,1.1067037750036145e+48,1.0642410845786216e+48,0.121119,1.1577729934131615e+48,1.0131718661690746e+48,2.170944859582236e+48,2.170944859582236e+48
0.86,549164144955846.75,1.1067160553168678e+48,1.0642528757695304e+48,0.12040000000000001,1.157482110985338e+48,1.0134868201010601e+48,2.1709689310863982e+48,2.1709689310863982e+48
0.861,549802707915097.75,1.1067283356301212e+48,1.0642646669604394e+48,0.11967900000000001,1.1571903852675537e+48,1.0138026173230069e+48,2.1709930025905604e+48,2.1709930025905604e+48
0.862,550441270874348.75,1.1067406159433744e+48,1.0642764581513483e+48,0.118956,1.1568978162598075e+48,1.0141192578349152e+48,2.1710170740947227e+48,2.1710170740947227e+48
0.863,551079833833599.75,1.1067528962566278e+48,1.0642882493422571e+48,0.118231,1.1566044039621005e+48,1.0144367416367844e+48,2.171041145598885e+48,2.171041145598885e+48
0.864,551718396792850.7,1.106765176569881e+48,1.0643000405331661e+48,0.11750400000000001,1.156310148374432e+48,1.0147550687286152e+48,2.171065217103047e+48,2.171065217103047e+48
0.865,552356959752101.7,1.1067774568831343e+48,1.064311831724075e+48,0.116775,1.1560150494968023e+48,1.0150742391104071e+48,2.1710892886072094e+48,2.1710892886072094e+48
0.866,552995522711352.7,1.1067897371963878e+48,1.0643236229149842e+48,0.11604400000000001,1.1557191073292114e+48,1.0153942527821605e+48,2.171113360111372e+48,2.171113360111372e+48
0.867,553634085670603.7,1.1068020175096409e+48,1.064335414105893e+48,0.11531100000000001,1.1554223218716591e+48,1.0157151097438748e+48,2.171137431615534e+48,2.171137431615534e+48
0.868,554272648629854.6,1.1068142978228943e+48,1.064347205296802e+48,0.11457600000000001,1.1551246931241457e+48,1.0160368099955506e+48,2.171161503119696e+48,2.171161503119696e+48
0.869,554911211589105.6,1.1068265781361476e+48,1.0643589964877109e+48,0.11383900000000001,1.1548262210866709e+48,1.0163593535371877e+48,2.1711855746238584e+48,2.1711855746238584e+48
0.87,555549774548356.6,1.106838858449401e+48,1.0643707876786197e+48,0.1131,1.1545269057592348e+48,1.016682740368786e+48,2.1712096461280206e+48,2.1712096461280206e+48
0.871,556188337507607.6,1.1068511387626543e+48,1.0643825788695287e+48,0.112359,1.1542267471418376e+48,1.0170069704903454e+48,2.171233717632183e+48,2.171233717632183e+48
0.872,556826900466858.56,1.1068634190759078e+48,1.0643943700604377e+48,0.111616,1.1539257452344791e+48,1.0173320439018663e+48,2.1712577891363454e+48,2.1712577891363454e+48
0.873,557465463426109.56,1.1068756993891609e+48,1.0644061612513468e+48,0.110871,1.153623900037159e+48,1.0176579606033486e+48,2.1712818606405076e+48,2.1712818606405076e+48
0.874,558104026385360.56,1.1068879797024143e+48,1.0644179524422556e+48,0.110124,1.153321211549878e+48,1.017984720594792e+48,2.17130593214467e+48,2.17130593214467e+48
0.875,558742589344611.56,1.1069002600156676e+48,1.0644297436331645e+48,0.109375,1.1530176797726355e+48,1.0183123238761966e+48,2.171330003648832e+48,2.171330003648832e+48
0.876,559381152303862.56,1.1069125403289209e+48,1.0644415348240735e+48,0.108624,1.1527133047054318e+48,1.0186407704475626e+48,2.1713540751529944e+48,2.1713540751529944e+48
0.877,560019715263113.5,1.1069248206421743e+48,1.0644533260149823e+48,0.107871,1.152408086348267e+48,1.0189700603088896e+48,2.1713781466571566e+48,2.1713781466571566e+48
0.878,560658278222364.5,1.1069371009554276e+48,1.0644651172058913e+48,0.107116,1.1521020247011408e+48,1.019300193460178e+48,2.171402218161319e+48,2.171402218161319e+48
0.879,561296841181615.5,1.1069493812686808e+48,1.0644769083968002e+48,0.106359,1.1517951197640533e+48,1.0196311699014278e+48,2.171426289665481e+48,2.171426289665481e+48
0.88,561935404140866.5,1.1069616615819341e+48,1.0644886995877094e+48,0.1056,1.1514873715370045e+48,1.019962989632639e+48,2.1714503611696436e+48,2.1714503611696436e+48
0.881,562573967100117.44,1.1069739418951876e+48,1.0645004907786182e+48,0.104839,1.1511787800199945e+48,1.0202956526538112e+48,2.171474432673806e+48,2.171474432673806e+48
0.882,563212530059368.5,1.1069862222084408e+48,1.0645122819695271e+48,0.104076,1.1508693452130231e+48,1.0206291589649448e+48,2.171498504177968e+48,2.171498504177968e+48
0.883,563851093018619.4,1.1069985025216943e+48,1.0645240731604361e+48,0.103311,1.1505590671160907e+48,1.0209635085660397e+48,2.1715225756821304e+48,2.1715225756821304e+48
0.884,564489655977870.4,1.1070107828349475e+48,1.0645358643513449e+48,0.102544,1.1502479457291969e+48,1.0212987014570956e+48,2.1715466471862926e+48,2.1715466471862926e+48
0.885,565128218937121.4,1.1070230631482008e+48,1.0645476555422539e+48,0.10177499999999999,1.1499359810523418e+48,1.0216347376381129e+48,2.171570718690455e+48,2.171570718690455e+48
0.886,565766781896372.4,1.1070353434614541e+48,1.0645594467331628e+48,0.101004,1.1496231730855253e+48,1.0219716171090916e+48,2.171594790194617e+48,2.171594790194617e+48
0.887,566405344855623.4,1.1070476237747074e+48,1.064571237924072e+48,0.10023099999999999,1.1493095218287477e+48,1.0223093398700317e+48,2.1716188616987793e+48,2.1716188616987793e+48
0.888,567043907814874.4,1.1070599040879608e+48,1.0645830291149808e+48,0.09945599999999999,1.148995027282009e+48,1.0226479059209326e+48,2.1716429332029416e+48,2.1716429332029416e+48
0.889,567682470774125.4,1.107072184401214e+48,1.0645948203058897e+48,0.09867899999999999,1.1486796894453086e+48,1.0229873152617952e+48,2.1716670047071038e+48,2.1716670047071038e+48
0.89,568321033733376.4,1.1070844647144675e+48,1.0646066114967987e+48,0.09789999999999999,1.1483635083186473e+48,1.0233275678926189e+48,2.171691076211266e+48,2.171691076211266e+48
0.891,568959596692627.2,1.1070967450277206e+48,1.0646184026877075e+48,0.09711899999999998,1.1480464839020244e+48,1.0236686638134037e+48,2.1717151477154283e+48,2.1717151477154283e+48
0.892,569598159651878.2,1.107109025340974e+48,1.0646301938786165e+48,0.09633599999999999,1.1477286161954404e+48,1.0240106030241501e+48,2.1717392192195905e+48,2.1717392192195905e+48
0.893,570236722611129.2,1.1071213056542273e+48,1.0646419850695254e+48,0.09555099999999998,1.1474099051988952e+48,1.0243533855248575e+48,2.1717632907237528e+48,2.1717632907237528e+48
0.894,570875285570380.2,1.1071335859674808e+48,1.0646537762604346e+48,0.09476399999999999,1.1470903509123888e+48,1.0246970113155265e+48,2.1717873622279153e+48,2.1717873622279153e+48
0.895,571513848529631.2,1.107145866280734e+48,1.0646655674513434e+48,0.09397499999999999,1.1467699533359209e+48,1.0250414803961565e+48,2.1718114337320772e+48,2.1718114337320772e+48
0.896,572152411488882.2,1.1071581465939873e+48,1.0646773586422523e+48,0.09318399999999999,1.1464487124694918e+48,1.0253867927667478e+48,2.1718355052362395e+48,2.1718355052362395e+48
0.897,572790974448133.2,1.1071704269072406e+48,1.0646891498331613e+48,0.09239099999999999,1.1461266283131014e+48,1.0257329484273005e+48,2.1718595767404017e+48,2.1718595767404017e+48
0.898,573429537407384.2,1.1071827072204939e+48,1.0647009410240703e+48,0.09159599999999998,1.1458037008667498e+48,1.0260799473778143e+48,2.171883648244564e+48,2.171883648244564e+48
0.899,574068100366635.2,1.1071949875337473e+48,1.064712732214979e+48,0.09079899999999998,1.145479930130437e+48,1.0264277896182895e+48,2.1719077197487262e+48,2.1719077197487262e+48
0.9,574706663325886.1,1.1072072678470006e+48,1.064724523405888e+48,0.08999999999999998,1.1451553161041628e+48,1.0267764751487258e+48,2.1719317912528884e+48,2.1719317912528884e+48
0.901,575345226285137.1,1.107219548160254e+48,1.0647363145967972e+48,0.08919899999999999,1.1448298587879275e+48,1.0271260039691237e+48,2.1719558627570513e+48,2.1719558627570513e+48
0.902,575983789244388.1,1.1072318284735073e+48,1.064748105787706e+48,0.08839599999999997,1.1445035581817308e+48,1.0274763760794824e+48,2.1719799342612133e+48,2.1719799342612133e+48
0.903,576622352203639.1,1.1072441087867606e+48,1.064759896978615e+48,0.08759099999999997,1.1441764142855727e+48,1.0278275914798028e+48,2.1720040057653755e+48,2.1720040057653755e+48
0.904,577260915162890.1,1.1072563891000138e+48,1.0647716881695239e+48,0.08678399999999997,1.1438484270994534e+48,1.0281796501700843e+48,2.1720280772695377e+48,2.1720280772695377e+48
0.905,577899478122141.1,1.1072686694132673e+48,1.0647834793604329e+48,0.08597499999999998,1.143519596623373e+48,1.0285325521503271e+48,2.1720521487737003e+48,2.1720521487737003e+48
0.906,578538041081392.1,1.1072809497265206e+48,1.0647952705513417e+48,0.08516399999999998,1.1431899228573313e+48,1.028886297420531e+48,2.1720762202778622e+48,2.1720762202778622e+48
0.907,579176604040643.1,1.1072932300397738e+48,1.0648070617422506e+48,0.08435099999999998,1.1428594058013281e+48,1.0292408859806963e+48,2.1721002917820245e+48,2.1721002917820245e+48
0.908,579815166999894.0,1.1073055103530271e+48,1.0648188529331597e+48,0.08353599999999997,1.1425280454553637e+48,1.0295963178308231e+48,2.172124363286187e+48,2.172124363286187e+48
0.909,580453729959145.0,1.1073177906662804e+48,1.0648306441240686e+48,0.08271899999999997,1.1421958418194381e+48,1.0299525929709108e+48,2.172148434790349e+48,2.172148434790349e+48
0.91,581092292918396.0,1.1073300709795338e+48,1.0648424353149775e+48,0.08189999999999997,1.1418627948935515e+48,1.0303097114009599e+48,2.1721725062945115e+48,2.1721725062945115e+48
0.911,581730855877647.0,1.1073423512927871e+48,1.0648542265058865e+48,0.08107899999999997,1.1415289046777032e+48,1.0306676731209703e+48,2.1721965777986737e+48,2.1721965777986737e+48
0.912,582369418836898.0,1.1073546316060405e+48,1.0648660176967954e+48,0.08025599999999997,1.141194171171894e+48,1.031026478130942e+48,2.172220649302836e+48,2.172220649302836e+48
0.913,583007981796149.0,1.1073669119192938e+48,1.0648778088877044e+48,0.07943099999999997,1.1408585943761233e+48,1.031386126430875e+48,2.1722447208069982e+48,2.1722447208069982e+48
0.914,583646544755400.0,1.107379192232547e+48,1.0648896000786132e+48,0.07860399999999997,1.140522174290391e+48,1.031746618020769e+48,2.17226879231116e+48,2.17226879231116e+48
0.915,584285107714651.0,1.1073914725458004e+48,1.0649013912695223e+48,0.07777499999999997,1.140184910914698e+48,1.0321079529006247e+48,2.1722928638153227e+48,2.1722928638153227e+48
0.916,584923670673902.0,1.1074037528590538e+48,1.0649131824604313e+48,0.07694399999999997,1.1398468042490436e+48,1.0324701310704415e+48,2.172316935319485e+48,2.172316935319485e+48
0.917,585562233633152.9,1.107416033172307e+48,1.0649249736513401e+48,0.07611099999999997,1.1395078542934279e+48,1.0328331525302193e+48,2.1723410068236472e+48,2.1723410068236472e+48
0.918,586200796592403.9,1.1074283134855603e+48,1.064936764842249e+48,0.07527599999999997,1.1391680610478508e+48,1.0331970172799587e+48,2.1723650783278094e+48,2.1723650783278094e+48
0.919,586839359551654.9,1.1074405937988138e+48,1.064948556033158e+48,0.07443899999999996,1.1388274245123126e+48,1.0335617253196592e+48,2.1723891498319717e+48,2.1723891498319717e+48
0.92,587477922510905.9,1.1074528741120669e+48,1.064960347224067e+48,0.07359999999999997,1.1384859446868128e+48,1.033927276649321e+48,2.172413221336134e+48,2.172413221336134e+48
0.921,588116485470156.9,1.1074651544253203e+48,1.0649721384149758e+48,0.07275899999999996,1.1381436215713522e+48,1.034293671268944e+48,2.172437292840296e+48,2.172437292840296e+48
0.922,588755048429407.9,1.1074774347385736e+48,1.064983929605885e+48,0.07191599999999997,1.13780045516593e+48,1.0346609091785285e+48,2.1724613643444584e+48,2.1724613643444584e+48
0.923,589393611388658.9,1.107489715051827e+48,1.0649957207967939e+48,0.07107099999999997,1.1374564454705468e+48,1.0350289903780742e+48,2.172485435848621e+48,2.172485435848621e+48
0.924,590032174347909.9,1.1075019953650803e+48,1.0650075119877027e+48,0.07022399999999997,1.1371115924852021e+48,1.0353979148675809e+48,2.172509507352783e+48,2.172509507352783e+48
0.925,590670737307160.8,1.1075142756783338e+48,1.0650193031786117e+48,0.06937499999999996,1.1367658962098963e+48,1.0357676826470491e+48,2.1725335788569454e+48,2.1725335788569454e+48
0.926,591309300266411.8,1.1075265559915869e+48,1.0650310943695206e+48,0.06852399999999996,1.1364193566446289e+48,1.0361382937164786e+48,2.1725576503611073e+48,2.1725576503611073e+48
0.927,591947863225662.8,1.1075388363048401e+48,1.0650428855604296e+48,0.06767099999999997,1.1360719737894004e+48,1.0365097480758693e+48,2.1725817218652696e+48,2.1725817218652696e+48
0.928,592586426184913.8,1.1075511166180936e+48,1.0650546767513384e+48,0.06681599999999996,1.1357237476442109e+48,1.0368820457252213e+48,2.1726057933694318e+48,2.172605793369432e+48
0.929,593224989144164.8,1.1075633969313469e+48,1.0650664679422475e+48,0.06595899999999996,1.1353746782090598e+48,1.0372551866645346e+48,2.1726298648735944e+48,2.1726298648735944e+48
0.93,593863552103415.8,1.1075756772446003e+48,1.0650782591331565e+48,0.06509999999999996,1.1350247654839476e+48,1.0376291708938091e+48,2.172653936377757e+48,2.172653936377757e+48
0.931,594502115062666.8,1.1075879575578536e+48,1.0650900503240653e+48,0.06423899999999996,1.1346740094688741e+48,1.0380039984130448e+48,2.172678007881919e+48,2.172678007881919e+48
0.932,595140678021917.8,1.1076002378711068e+48,1.0651018415149743e+48,0.06337599999999996,1.1343224101638392e+48,1.038379669222242e+48,2.172702079386081e+48,2.172702079386081e+48
0.933,595779240981168.8,1.1076125181843601e+48,1.0651136327058832e+48,0.06251099999999996,1.133969967568843e+48,1.0387561833214003e+48,2.1727261508902433e+48,2.1727261508902433e+48
0.934,596417803940419.6,1.1076247984976136e+48,1.0651254238967922e+48,0.061643999999999956,1.1336166816838858e+48,1.03913354071052e+48,2.172750222394406e+48,2.172750222394406e+48
0.935,597056366899670.6,1.1076370788108668e+48,1.065137215087701e+48,0.060774999999999954,1.1332625525089672e+48,1.0395117413896006e+48,2.1727742938985678e+48,2.1727742938985678e+48
0.936,597694929858921.6,1.1076493591241201e+48,1.0651490062786101e+48,0.05990399999999995,1.1329075800440872e+48,1.039890785358643e+48,2.1727983654027304e+48,2.1727983654027304e+48
0.937,598333492818172.6,1.1076616394373735e+48,1.0651607974695191e+48,0.05903099999999995,1.1325517642892462e+48,1.0402706726176464e+48,2.1728224369068926e+48,2.1728224369068926e+48
0.9380000000000001,598972055777423.6,1.1076739197506267e+48,1.065172588660428e+48,0.05815599999999995,1.1321951052444436e+48,1.0406514031666111e+48,2.172846508411055e+48,2.172846508411055e+48
0.9390000000000001,599610618736674.6,1.1076862000638801e+48,1.0651843798513369e+48,0.05727899999999995,1.1318376029096801e+48,1.0410329770055369e+48,2.172870579915217e+48,2.172870579915217e+48
0.9400000000000001,600249181695925.6,1.1076984803771334e+48,1.0651961710422458e+48,0.05639999999999995,1.131479257284955e+48,1.0414153941344242e+48,2.1728946514193793e+48,2.1728946514193793e+48
0.9410000000000001,600887744655176.6,1.1077107606903868e+48,1.0652079622331548e+48,0.05551899999999995,1.131120068370269e+48,1.0417986545532727e+48,2.1729187229235416e+48,2.1729187229235416e+48
0.9420000000000001,601526307614427.5,1.10772304100364e+48,1.0652197534240636e+48,0.05463599999999995,1.1307600361656213e+48,1.0421827582620824e+48,2.1729427944277038e+48,2.1729427944277038e+48
0.9430000000000001,602164870573678.5,1.1077353213168935e+48,1.0652315446149727e+48,0.053750999999999945,1.1303991606710127e+48,1.0425677052608535e+48,2.172966865931866e+48,2.172966865931866e+48
0.9440000000000001,602803433532929.5,1.1077476016301466e+48,1.0652433358058817e+48,0.052863999999999946,1.1300374418864424e+48,1.0429534955495859e+48,2.1729909374360283e+48,2.1729909374360283e+48
0.9450000000000001,603441996492180.5,1.1077598819433999e+48,1.0652551269967906e+48,0.051974999999999945,1.129674879811911e+48,1.0433401291282795e+48,2.1730150089401905e+48,2.1730150089401905e+48
0.9460000000000001,604080559451431.5,1.1077721622566533e+48,1.0652669181876994e+48,0.05108399999999994,1.1293114744474185e+48,1.0437276059969343e+48,2.1730390804443528e+48,2.1730390804443528e+48
0.9470000000000001,604719122410682.5,1.1077844425699066e+48,1.0652787093786084e+48,0.050190999999999944,1.1289472257929647e+48,1.0441159261555503e+48,2.173063151948515e+48,2.173063151948515e+48
0.9480000000000001,605357685369933.5,1.10779672288316e+48,1.0652905005695174e+48,0.049295999999999944,1.1285821338485497e+48,1.0445050896041277e+48,2.1730872234526773e+48,2.1730872234526773e+48
0.9490000000000001,605996248329184.5,1.1078090031964132e+48,1.0653022917604262e+48,0.04839899999999994,1.1282161986141731e+48,1.0448950963426662e+48,2.1731112949568395e+48,2.1731112949568395e+48
0.9500000000000001,606634811288435.4,1.1078212835096666e+48,1.0653140829513353e+48,0.04749999999999994,1.1278494200898355e+48,1.0452859463711664e+48,2.1731353664610017e+48,2.1731353664610017e+48
0.9510000000000001,607273374247686.4,1.1078335638229199e+48,1.0653258741422443e+48,0.04659899999999994,1.1274817982755365e+48,1.0456776396896276e+48,2.173159437965164e+48,2.173159437965164e+48
0.9520000000000001,607911937206937.4,1.1078458441361733e+48,1.0653376653331532e+48,0.04569599999999994,1.1271133331712764e+48,1.0460701762980501e+48,2.1731835094693266e+48,2.1731835094693266e+48
0.9530000000000001,608550500166188.4,1.1078581244494266e+48,1.065349456524062e+48,0.044790999999999935,1.126744024777055e+48,1.0464635561964337e+48,2.1732075809734885e+48,2.1732075809734885e+48
0.9540000000000001,609189063125439.4,1.10787040476268e+48,1.065361247714971e+48,0.04388399999999994,1.1263738730928723e+48,1.0468577793847788e+48,2.173231652477651e+48,2.173231652477651e+48
0.9550000000000001,609827626084690.4,1.1078826850759331e+48,1.06537303890588e+48,0.04297499999999994,1.126002878118728e+48,1.0472528458630851e+48,2.173255723981813e+48,2.173255723981813e+48
0.9560000000000001,610466189043941.4,1.1078949653891864e+48,1.0653848300967888e+48,0.042063999999999935,1.1256310398546227e+48,1.0476487556313525e+48,2.1732797954859752e+48,2.1732797954859752e+48
0.9570000000000001,611104752003192.4,1.1079072457024398e+48,1.0653966212876979e+48,0.04115099999999993,1.1252583583005564e+48,1.0480455086895814e+48,2.1733038669901378e+48,2.1733038669901378e+48
0.9580000000000001,611743314962443.4,1.1079195260156931e+48,1.0654084124786069e+48,0.04023599999999993,1.1248848334565284e+48,1.0484431050377716e+48,2.1733279384943e+48,2.1733279384943e+48
0.9590000000000001,612381877921694.2,1.1079318063289466e+48,1.0654202036695158e+48,0.03931899999999993,1.1245104653225395e+48,1.048841544675923e+48,2.1733520099984626e+48,2.1733520099984626e+48
0.96,613020440880945.2,1.1079440866421998e+48,1.0654319948604246e+48,0.03840000000000003,1.1241352538985891e+48,1.0492408276040354e+48,2.1733760815026245e+48,2.1733760815026245e+48
0.961,613659003840196.2,1.1079563669554531e+48,1.0654437860513336e+48,0.03747900000000003,1.1237591991846773e+48,1.0496409538221094e+48,2.1734001530067867e+48,2.1734001530067867e+48
0.962,614297566799447.2,1.1079686472687064e+48,1.0654555772422427e+48,0.03655600000000003,1.1233823011808044e+48,1.0500419233301448e+48,2.1734242245109493e+48,2.1734242245109493e+48
0.963,614936129758698.1,1.1079809275819597e+48,1.0654673684331515e+48,0.03563100000000003,1.1230045598869701e+48,1.050443736128141e+48,2.1734482960151112e+48,2.1734482960151112e+48
0.964,615574692717949.1,1.1079932078952131e+48,1.0654791596240605e+48,0.034704000000000026,1.1226259753031749e+48,1.0508463922160987e+48,2.1734723675192738e+48,2.1734723675192738e+48
0.965,616213255677200.1,1.1080054882084664e+48,1.0654909508149695e+48,0.03377500000000003,1.122246547429418e+48,1.0512498915940178e+48,2.173496439023436e+48,2.173496439023436e+48
0.966,616851818636451.1,1.1080177685217198e+48,1.0655027420058783e+48,0.032844000000000026,1.1218662762657002e+48,1.0516542342618979e+48,2.1735205105275982e+48,2.1735205105275982e+48
0.967,617490381595702.1,1.1080300488349731e+48,1.0655145331967872e+48,0.03191100000000003,1.1214851618120209e+48,1.0520594202197394e+48,2.1735445820317605e+48,2.1735445820317605e+48
0.968,618128944554953.1,1.1080423291482264e+48,1.0655263243876962e+48,0.030976000000000028,1.1211032040683804e+48,1.0524654494675421e+48,2.1735686535359227e+48,2.1735686535359227e+48
0.969,618767507514204.1,1.1080546094614796e+48,1.0655381155786053e+48,0.030039000000000027,1.1207204030347785e+48,1.0528723220053064e+48,2.173592725040085e+48,2.173592725040085e+48
0.97,619406070473455.1,1.1080668897747329e+48,1.0655499067695141e+48,0.029100000000000025,1.1203367587112154e+48,1.0532800378330316e+48,2.1736167965442472e+48,2.1736167965442472e+48
0.971,620044633432706.0,1.1080791700879863e+48,1.0655616979604231e+48,0.028159000000000024,1.1199522710976911e+48,1.0536885969507183e+48,2.1736408680484094e+48,2.1736408680484094e+48
0.972,620683196391957.0,1.1080914504012396e+48,1.065573489151332e+48,0.027216000000000025,1.1195669401942055e+48,1.0540979993583661e+48,2.1736649395525717e+48,2.1736649395525717e+48
0.973,621321759351208.0,1.108103730714493e+48,1.065585280342241e+48,0.026271000000000023,1.1191807660007587e+48,1.0545082450559753e+48,2.173689011056734e+48,2.173689011056734e+48
0.974,621960322310459.0,1.1081160110277462e+48,1.0655970715331498e+48,0.025324000000000024,1.1187937485173504e+48,1.0549193340435456e+48,2.173713082560896e+48,2.173713082560896e+48
0.975,622598885269710.0,1.1081282913409996e+48,1.0656088627240588e+48,0.02437500000000002,1.118405887743981e+48,1.0553312663210774e+48,2.1737371540650584e+48,2.1737371540650584e+48
0.976,623237448228961.0,1.1081405716542529e+48,1.0656206539149679e+48,0.02342400000000002,1.1180171836806502e+48,1.0557440418885706e+48,2.1737612255692206e+48,2.1737612255692206e+48
0.977,623876011188212.0,1.1081528519675063e+48,1.0656324451058767e+48,0.02247100000000002,1.1176276363273584e+48,1.0561576607460247e+48,2.173785297073383e+48,2.173785297073383e+48
0.978,624514574147463.0,1.1081651322807596e+48,1.0656442362967857e+48,0.021516000000000018,1.1172372456841051e+48,1.0565721228934401e+48,2.173809368577545e+48,2.173809368577545e+48
0.979,625153137106713.9,1.108177412594013e+48,1.0656560274876946e+48,0.020559000000000018,1.1168460117508909e+48,1.0569874283308168e+48,2.1738334400817077e+48,2.1738334400817077e+48
0.98,625791700065964.9,1.1081896929072661e+48,1.0656678186786036e+48,0.019600000000000017,1.1164539345277148e+48,1.0574035770581549e+48,2.1738575115858696e+48,2.1738575115858696e+48
0.981,626430263025215.9,1.1082019732205194e+48,1.0656796098695124e+48,0.018639000000000017,1.1160610140145778e+48,1.057820569075454e+48,2.1738815830900318e+48,2.1738815830900318e+48
0.982,627068825984466.9,1.1082142535337729e+48,1.0656914010604214e+48,0.017676000000000015,1.1156672502114795e+48,1.0582384043827148e+48,2.173905654594194e+48,2.173905654594194e+48
0.983,627707388943717.9,1.1082265338470261e+48,1.0657031922513305e+48,0.016711000000000014,1.11527264311842e+48,1.0586570829799367e+48,2.1739297260983566e+48,2.1739297260983566e+48
0.984,628345951902968.9,1.1082388141602796e+48,1.0657149834422393e+48,0.015744000000000015,1.1148771927353992e+48,1.0590766048671197e+48,2.173953797602519e+48,2.173953797602519e+48
0.985,628984514862219.9,1.1082510944735328e+48,1.0657267746331483e+48,0.014775000000000012,1.114480899062417e+48,1.059496970044264e+48,2.173977869106681e+48,2.173977869106681e+48
0.986,629623077821470.9,1.1082633747867861e+48,1.0657385658240572e+48,0.013804000000000012,1.1140837620994735e+48,1.0599181785113698e+48,2.1740019406108434e+48,2.1740019406108434e+48
0.987,630261640780721.9,1.1082756551000394e+48,1.0657503570149662e+48,0.01283100000000001,1.1136857818465688e+48,1.0603402302684368e+48,2.1740260121150056e+48,2.1740260121150056e+48
0.988,630900203739972.8,1.1082879354132928e+48,1.065762148205875e+48,0.01185600000000001,1.113286958303703e+48,1.0607631253154649e+48,2.174050083619168e+48,2.174050083619168e+48
0.989,631538766699223.8,1.1083002157265461e+48,1.065773939396784e+48,0.01087900000000001,1.1128872914708758e+48,1.0611868636524543e+48,2.17407415512333e+48,2.17407415512333e+48
0.99,632177329658474.8,1.1083124960397994e+48,1.0657857305876931e+48,0.00990000000000001,1.1124867813480872e+48,1.0616114452794053e+48,2.1740982266274926e+48,2.1740982266274926e+48
0.991,632815892617725.8,1.1083247763530528e+48,1.065797521778602e+48,0.008919000000000009,1.1120854279353375e+48,1.0620368701963174e+48,2.174122298131655e+48,2.174122298131655e+48
0.992,633454455576976.8,1.108337056666306e+48,1.0658093129695109e+48,0.007936000000000007,1.1116832312326263e+48,1.0624631384031905e+48,2.1741463696358168e+48,2.1741463696358168e+48
0.993,634093018536227.8,1.1083493369795594e+48,1.0658211041604198e+48,0.006951000000000006,1.1112801912399542e+48,1.062890249900025e+48,2.1741704411399794e+48,2.1741704411399794e+48
0.994,634731581495478.8,1.1083616172928126e+48,1.0658328953513288e+48,0.005964000000000005,1.1108763079573206e+48,1.0633182046868209e+48,2.1741945126441416e+48,2.1741945126441416e+48
0.995,635370144454729.8,1.108373897606066e+48,1.0658446865422376e+48,0.004975000000000005,1.1104715813847259e+48,1.0637470027635778e+48,2.174218584148304e+48,2.174218584148304e+48
0.996,636008707413980.6,1.1083861779193194e+48,1.0658564777331466e+48,0.003984000000000003,1.1100660115221698e+48,1.0641766441302962e+48,2.174242655652466e+48,2.174242655652466e+48
0.997,636647270373231.6,1.1083984582325728e+48,1.0658682689240557e+48,0.0029910000000000028,1.1096595983696524e+48,1.064607128786976e+48,2.1742667271566283e+48,2.1742667271566283e+48
0.998,637285833332482.6,1.1084107385458259e+48,1.0658800601149647e+48,0.0019960000000000017,1.1092523419271736e+48,1.065038456733617e+48,2.1742907986607906e+48,2.1742907986607906e+48
0.999,637924396291733.6,1.1084230188590793e+48,1.0658918513058735e+48,0.000999000000000001,1.1088442421947338e+48,1.065470627970219e+48,2.1743148701649528e+48,2.1743148701649528e+48
1.0,638562959250984.6,1.1084352991723326e+48,1.0659036424967824e+48,0.0,1.1084352991723326e+48,1.0659036424967824e+48,2.174338941669115e+48,2.174338941669115e+48
