s,time_s,baseline_J,null_shape_g,plus_J,minus_J
0.0,0.0,1.0961549859190125e+48,-0.0,1.0961549859190125e+48,1.0961549859190125e+48
0.001,638562959250.9846,1.0961672662322658e+48,-0.000498501,1.0938957769506886e+48,1.0984387555138429e+48
0.002,1277125918501.9692,1.0961795465455192e+48,-0.000994008,1.0916502105606326e+48,1.1007088825304058e+48
0.003,1915688877752.9539,1.0961918268587723e+48,-0.001486527,1.0894182594090076e+48,1.102965394308537e+48
0.004,2554251837003.9385,1.0962041071720257e+48,-0.001976064,1.0871998961559785e+48,1.105208318188073e+48
0.005,3192814796254.9233,1.096216387485279e+48,-0.002462625,1.0849950934617083e+48,1.1074376815088498e+48
0.006,3831377755505.9077,1.0962286677985325e+48,-0.0029462159999999998,1.0828038239863611e+48,1.1096535116107038e+48
0.007,4469940714756.893,1.0962409481117857e+48,-0.0034268429999999997,1.0806260603901004e+48,1.1118558358334711e+48
0.008,5108503674007.877,1.0962532284250392e+48,-0.003904512,1.0784617753330904e+48,1.114044681516988e+48
0.009000000000000001,5747066633258.862,1.0962655087382923e+48,-0.004379229000000001,1.0763109414754943e+48,1.1162200760010903e+48
0.01,6385629592509.847,1.0962777890515456e+48,-0.004851,1.0741735314774764e+48,1.1183820466256147e+48
0.011,7024192551760.83,1.096290069364799e+48,-0.005319831,1.0720495179992006e+48,1.1205306207303974e+48
0.012,7662755511011.815,1.0963023496780523e+48,-0.005785728,1.0699388737008303e+48,1.1226658256552742e+48
0.013000000000000001,8301318470262.801,1.0963146299913057e+48,-0.006248697,1.0678415712425297e+48,1.1247876887400817e+48
0.014,8939881429513.785,1.096326910304559e+48,-0.006708744,1.065757583284462e+48,1.126896237324656e+48
0.015,9578444388764.77,1.0963391906178122e+48,-0.0071658749999999995,1.0636868824867914e+48,1.1289914987488331e+48
0.016,10217007348015.754,1.0963514709310655e+48,-0.007620096000000001,1.0616294415096816e+48,1.1310735003524494e+48
0.017,10855570307266.74,1.096363751244319e+48,-0.008071413,1.0595852330132966e+48,1.1331422694753413e+48
0.018000000000000002,11494133266517.725,1.0963760315575722e+48,-0.008519832,1.0575542296577998e+48,1.1351978334573446e+48
0.019,12132696225768.707,1.0963883118708257e+48,-0.008965359,1.0555364041033554e+48,1.137240219638296e+48
0.02,12771259185019.693,1.0964005921840788e+48,-0.009408,1.0535317290101266e+48,1.139269455358031e+48
0.021,13409822144270.678,1.096412872497332e+48,-0.009847761,1.0515401770382779e+48,1.1412855679563862e+48
0.022,14048385103521.66,1.0964251528105855e+48,-0.010284647999999999,1.0495617208479728e+48,1.1432885847731982e+48
0.023,14686948062772.646,1.0964374331238388e+48,-0.010718666999999998,1.0475963330993749e+48,1.1452785331483027e+48
0.024,15325511022023.63,1.0964497134370922e+48,-0.011149824,1.0456439864526483e+48,1.1472554404215361e+48
0.025,15964073981274.617,1.0964619937503455e+48,-0.011578125,1.0437046535679565e+48,1.1492193339327345e+48
0.026000000000000002,16602636940525.602,1.0964742740635988e+48,-0.012003576,1.0417783071054635e+48,1.151170241021734e+48
0.027,17241199899776.584,1.096486554376852e+48,-0.012426182999999999,1.039864919725333e+48,1.153108189028371e+48
0.028,17879762859027.57,1.0964988346901055e+48,-0.012845951999999999,1.0379644640877291e+48,1.1550332052924818e+48
0.029,18518325818278.555,1.0965111150033587e+48,-0.013262889,1.0360769128528151e+48,1.1569453171539024e+48
0.03,19156888777529.54,1.096523395316612e+48,-0.013676999999999998,1.034202238680755e+48,1.158844551952469e+48
0.031,19795451736780.523,1.0965356756298655e+48,-0.014088291,1.0323404142317127e+48,1.1607309370280182e+48
0.032,20434014696031.508,1.0965479559431186e+48,-0.014496767999999998,1.0304914121658515e+48,1.1626044997203857e+48
0.033,21072577655282.492,1.096560236256372e+48,-0.014902437,1.028655205143336e+48,1.164465267369408e+48
0.034,21711140614533.48,1.0965725165696253e+48,-0.015305303999999999,1.0268317658243295e+48,1.166313267314921e+48
0.035,22349703573784.465,1.0965847968828787e+48,-0.015705374999999997,1.025021066868996e+48,1.1681485268967614e+48
0.036000000000000004,22988266533035.45,1.096597077196132e+48,-0.016102656,1.023223080937499e+48,1.169971073454765e+48
0.037,23626829492286.43,1.0966093575093853e+48,-0.016497153,1.0214377806900023e+48,1.1717809343287682e+48
0.038,24265392451537.414,1.0966216378226385e+48,-0.016888872,1.0196651387866701e+48,1.173578136858607e+48
0.039,24903955410788.4,1.096633918135892e+48,-0.017277819,1.017905127887666e+48,1.175362708384118e+48
0.04,25542518370039.387,1.0966461984491453e+48,-0.017664,1.0161577206531534e+48,1.1771346762451371e+48
0.041,26181081329290.37,1.0966584787623985e+48,-0.018047421,1.0144228897432966e+48,1.1788940677815005e+48
0.042,26819644288541.355,1.096670759075652e+48,-0.018428088000000002,1.0127006078182594e+48,1.1806409103330445e+48
0.043000000000000003,27458207247792.34,1.0966830393889051e+48,-0.018806007,1.010990847538205e+48,1.1823752312396051e+48
0.044,28096770207043.32,1.0966953197021585e+48,-0.019181184,1.009293581563298e+48,1.184097057841019e+48
0.045,28735333166294.31,1.0967076000154118e+48,-0.019553625,1.0076087825537016e+48,1.185806417477122e+48
0.046,29373896125545.293,1.0967198803286652e+48,-0.019923336,1.0059364231695798e+48,1.1875033374877507e+48
0.047,30012459084796.277,1.0967321606419185e+48,-0.020290323,1.0042764760710964e+48,1.1891878452127406e+48
0.048,30651022044047.26,1.096744440955172e+48,-0.020654592,1.0026289139184152e+48,1.1908599679919287e+48
0.049,31289585003298.246,1.096756721268425e+48,-0.021016149,1.0009937093716997e+48,1.1925197331651504e+48
0.05,31928147962549.234,1.0967690015816783e+48,-0.021375,9.993708350911142e+47,1.1941671680722425e+48
0.051000000000000004,32566710921800.22,1.0967812818949318e+48,-0.021731151000000004,9.977602637368223e+47,1.1958023000530413e+48
0.052000000000000005,33205273881051.203,1.096793562208185e+48,-0.022084608,9.961619679689877e+47,1.1974251564473824e+48
0.053,33843836840302.184,1.0968058425214385e+48,-0.022435377,9.945759204477742e+47,1.1990357645951028e+48
0.054,34482399799553.168,1.0968181228346916e+48,-0.022783464,9.930020938333454e+47,1.2006341518360377e+48
0.055,35120962758804.156,1.096830403147945e+48,-0.023128875,9.914404607858657e+47,1.2022203455100244e+48
0.056,35759525718055.14,1.0968426834611983e+48,-0.023471616,9.898909939654982e+47,1.2037943729568984e+48
0.057,36398088677306.125,1.0968549637744517e+48,-0.023811693000000002,9.883536660324072e+47,1.2053562615164963e+48
0.058,37036651636557.11,1.096867244087705e+48,-0.024149112,9.868284496467562e+47,1.2069060385286538e+48
0.059000000000000004,37675214595808.09,1.0968795244009585e+48,-0.024483879,9.853153174687092e+47,1.2084437313332077e+48
0.06,38313777555059.08,1.0968918047142116e+48,-0.024815999999999998,9.838142421584296e+47,1.2099693672699935e+48
0.061,38952340514310.06,1.096904085027465e+48,-0.025145481,9.823251963760817e+47,1.2114829736788483e+48
0.062,39590903473561.05,1.0969163653407183e+48,-0.025472328,9.80848152781829e+47,1.2129845778996076e+48
0.063,40229466432812.03,1.0969286456539717e+48,-0.025796547000000003,9.793830840358355e+47,1.2144742072721079e+48
0.064,40868029392063.016,1.096940925967225e+48,-0.026118144,9.779299627982646e+47,1.2159518891361853e+48
0.065,41506592351314.0,1.0969532062804784e+48,-0.026437125000000002,9.764887617292805e+47,1.2174176508316763e+48
0.066,42145155310564.984,1.0969654865937315e+48,-0.026753495999999998,9.750594534890466e+47,1.2188715196984165e+48
0.067,42783718269815.97,1.096977766906985e+48,-0.027067263000000005,9.73642010737727e+47,1.2203135230762429e+48
0.068,43422281229066.96,1.0969900472202383e+48,-0.027378432,9.722364061354856e+47,1.2217436883049909e+48
0.069,44060844188317.945,1.0970023275334917e+48,-0.027687009000000002,9.70842612342486e+47,1.2231620427244974e+48
0.07,44699407147568.93,1.0970146078467448e+48,-0.027993,9.694606020188916e+47,1.224568613674598e+48
0.07100000000000001,45337970106819.914,1.0970268881599984e+48,-0.028296411,9.680903478248672e+47,1.2259634284951296e+48
0.07200000000000001,45976533066070.9,1.0970391684732514e+48,-0.028597248,9.667318224205753e+47,1.2273465145259274e+48
0.073,46615096025321.875,1.097051448786505e+48,-0.028895516999999996,9.65384998466181e+47,1.2287178991068289e+48
0.074,47253658984572.86,1.0970637290997582e+48,-0.029191223999999998,9.640498486218471e+47,1.2300776095776693e+48
0.075,47892221943823.84,1.0970760094130117e+48,-0.029484375,9.627263455477378e+47,1.2314256732782855e+48
0.076,48530784903074.83,1.097088289726265e+48,-0.029774975999999998,9.614144619040169e+47,1.232762117548513e+48
0.077,49169347862325.81,1.097100570039518e+48,-0.030063033000000003,9.60114170350848e+47,1.2340869697281882e+48
0.078,49807910821576.8,1.0971128503527715e+48,-0.030348552,9.588254435483952e+47,1.2354002571571478e+48
0.079,50446473780827.79,1.0971251306660248e+48,-0.030631539,9.57548254156822e+47,1.2367020071752274e+48
0.08,51085036740078.77,1.0971374109792782e+48,-0.030912,9.562825748362926e+47,1.2379922471222638e+48
0.081,51723599699329.76,1.0971496912925315e+48,-0.031189941000000002,9.550283782469702e+47,1.2392710043380927e+48
0.082,52362162658580.74,1.0971619716057849e+48,-0.031465368,9.537856370490192e+47,1.2405383061625506e+48
0.083,53000725617831.73,1.097174251919038e+48,-0.031738287000000004,9.525543239026027e+47,1.2417941799354734e+48
0.084,53639288577082.71,1.0971865322322915e+48,-0.032008704000000006,9.51334411467885e+47,1.243038652996698e+48
0.085,54277851536333.695,1.0971988125455447e+48,-0.032276625,9.501258724050299e+47,1.2442717526860596e+48
0.08600000000000001,54916414495584.68,1.097211092858798e+48,-0.032542056,9.48928679374201e+47,1.245493506343395e+48
0.08700000000000001,55554977454835.664,1.0972233731720514e+48,-0.032805003000000006,9.477428050355623e+47,1.2467039413085406e+48
0.088,56193540414086.64,1.0972356534853046e+48,-0.033065472,9.465682220492772e+47,1.247903084921332e+48
0.089,56832103373337.63,1.097247933798558e+48,-0.033323469,9.454049030755099e+47,1.2490909645216061e+48
0.09,57470666332588.62,1.0972602141118113e+48,-0.033579000000000005,9.44252820774424e+47,1.2502676074491986e+48
0.091,58109229291839.6,1.0972724944250647e+48,-0.033832071000000005,9.431119478061835e+47,1.251433041043946e+48
0.092,58747792251090.586,1.097284774738318e+48,-0.034082688,9.419822568309517e+47,1.2525872926456842e+48
0.093,59386355210341.57,1.0972970550515714e+48,-0.034330857,9.408637205088931e+47,1.2537303895942497e+48
0.094,60024918169592.555,1.0973093353648245e+48,-0.034576584,9.397563115001706e+47,1.2548623592294784e+48
0.095,60663481128843.54,1.097321615678078e+48,-0.03481987500000001,9.38660002464949e+47,1.255983228891207e+48
0.096,61302044088094.52,1.0973338959913312e+48,-0.035060736,9.375747660633914e+47,1.257093025919271e+48
0.097,61940607047345.51,1.0973461763045845e+48,-0.035299173,9.365005749556617e+47,1.2581917776535074e+48
0.098,62579170006596.49,1.097358456617838e+48,-0.035535192,9.354374018019239e+47,1.259279511433752e+48
0.099,63217732965847.484,1.097370736931091e+48,-0.035768799000000004,9.343852192623413e+47,1.2603562545998408e+48
0.1,63856295925098.47,1.0973830172443445e+48,-0.036000000000000004,9.333439999970785e+47,1.2614220344916105e+48
0.101,64494858884349.45,1.0973952975575978e+48,-0.036228801000000005,9.323137166662987e+47,1.2624768784488968e+48
0.10200000000000001,65133421843600.44,1.0974075778708512e+48,-0.036455208,9.312943419301661e+47,1.2635208138115363e+48
0.10300000000000001,65771984802851.42,1.0974198581841045e+48,-0.03667922700000001,9.302858484488439e+47,1.2645538679193651e+48
0.10400000000000001,66410547762102.41,1.097432138497358e+48,-0.036900864000000005,9.292882088824964e+47,1.2655760681122195e+48
0.105,67049110721353.38,1.097444418810611e+48,-0.037120125000000004,9.28301395891287e+47,1.2665874417299351e+48
0.106,67687673680604.37,1.0974566991238643e+48,-0.037337016,9.273253821353799e+47,1.2675880161123488e+48
0.107,68326236639855.35,1.0974689794371178e+48,-0.037551543,9.263601402749387e+47,1.2685778185992968e+48
0.108,68964799599106.336,1.097481259750371e+48,-0.037763712000000005,9.25405642970127e+47,1.269556876530615e+48
0.109,69603362558357.32,1.0974935400636245e+48,-0.037973529,9.244618628811091e+47,1.2705252172461398e+48
0.11,70241925517608.31,1.0975058203768776e+48,-0.038181,9.235287726680482e+47,1.271482868085707e+48
0.111,70880488476859.3,1.097518100690131e+48,-0.038386131000000004,9.226063449911085e+47,1.2724298563891535e+48
0.112,71519051436110.28,1.0975303810033843e+48,-0.038588928,9.216945525104537e+47,1.273366209496315e+48
0.113,72157614395361.27,1.0975426613166377e+48,-0.038789397,9.207933678862477e+47,1.2742919547470278e+48
0.114,72796177354612.25,1.097554941629891e+48,-0.038987544000000006,9.199027637786538e+47,1.2752071194811283e+48
0.115,73434740313863.23,1.0975672219431444e+48,-0.039183375,9.190227128478365e+47,1.2761117310384524e+48
0.116,74073303273114.22,1.0975795022563976e+48,-0.039376896,9.181531877539587e+47,1.2770058167588364e+48
0.117,74711866232365.2,1.0975917825696508e+48,-0.039568113,9.172941611571851e+47,1.2778894039821165e+48
0.11800000000000001,75350429191616.19,1.0976040628829043e+48,-0.039757032000000005,9.164456057176792e+47,1.2787625200481293e+48
0.11900000000000001,75988992150867.17,1.0976163431961575e+48,-0.039943659,9.156074940956046e+47,1.2796251922967105e+48
0.12,76627555110118.16,1.097628623509411e+48,-0.040128,9.147797989511253e+47,1.2804774480676967e+48
0.121,77266118069369.14,1.0976409038226641e+48,-0.040310061,9.139624929444046e+47,1.2813193147009236e+48
0.122,77904681028620.12,1.0976531841359175e+48,-0.040489848,9.131555487356072e+47,1.2821508195362279e+48
0.123,78543243987871.11,1.0976654644491708e+48,-0.040667366999999996,9.123589389848961e+47,1.2829719899134455e+48
0.124,79181806947122.1,1.0976777447624242e+48,-0.040842624,9.115726363524354e+47,1.2837828531724131e+48
0.125,79820369906373.08,1.0976900250756775e+48,-0.041015625,9.10796613498389e+47,1.284583436652966e+48
0.126,80458932865624.06,1.0977023053889308e+48,-0.041186376,9.100308430829203e+47,1.2853737676949412e+48
0.127,81097495824875.05,1.097714585702184e+48,-0.041354883,9.092752977661934e+47,1.2861538736381747e+48
0.128,81736058784126.03,1.0977268660154373e+48,-0.041521152000000006,9.08529950208372e+47,1.2869237818225026e+48
0.129,82374621743377.02,1.0977391463286908e+48,-0.041685189,9.077947730696203e+47,1.2876835195877613e+48
0.13,83013184702628.0,1.097751426641944e+48,-0.041847,9.070697390101014e+47,1.2884331142737867e+48
0.131,83651747661878.98,1.0977637069551975e+48,-0.042006591,9.063548206899796e+47,1.2891725932204153e+48
0.132,84290310621129.97,1.0977759872684508e+48,-0.042163968,9.056499907694184e+47,1.2899019837674832e+48
0.133,84928873580380.95,1.097788267581704e+48,-0.042319137,9.049552219085815e+47,1.2906213132548265e+48
0.134,85567436539631.94,1.0978005478949573e+48,-0.042472104000000004,9.04270486767633e+47,1.2913306090222816e+48
0.135,86205999498882.94,1.0978128282082106e+48,-0.042622875,9.035957580067368e+47,1.2920298984096844e+48
0.136,86844562458133.92,1.097825108521464e+48,-0.042771456000000006,9.029310082860564e+47,1.2927192087568717e+48
0.137,87483125417384.9,1.0978373888347173e+48,-0.042917853,9.022762102657555e+47,1.293398567403679e+48
0.138,88121688376635.89,1.0978496691479707e+48,-0.043062072,9.016313366059983e+47,1.2940680016899432e+48
0.139,88760251335886.88,1.097861949461224e+48,-0.043204119,9.009963599669482e+47,1.2947275389554998e+48
0.14,89398814295137.86,1.0978742297744773e+48,-0.043344,9.003712530087692e+47,1.2953772065401854e+48
0.14100000000000001,90037377254388.84,1.0978865100877306e+48,-0.043481721,8.99755988391625e+47,1.2960170317838362e+48
0.14200000000000002,90675940213639.83,1.097898790400984e+48,-0.043617288000000004,8.991505387756795e+47,1.2966470420262885e+48
0.14300000000000002,91314503172890.81,1.0979110707142373e+48,-0.043750707,8.985548768210962e+47,1.2972672646073783e+48
0.14400000000000002,91953066132141.8,1.0979233510274907e+48,-0.043881984000000006,8.979689751880393e+47,1.2978777268669421e+48
0.145,92591629091392.77,1.0979356313407438e+48,-0.04401112499999999,8.973928065366723e+47,1.2984784561448154e+48
0.146,93230192050643.75,1.0979479116539971e+48,-0.044138135999999994,8.968263435271591e+47,1.299069479780835e+48
0.147,93868755009894.73,1.0979601919672505e+48,-0.044263023,8.962695588196636e+47,1.2996508251148374e+48
0.148,94507317969145.72,1.0979724722805038e+48,-0.04438579199999999,8.957224250743495e+47,1.3002225194866582e+48
0.149,95145880928396.7,1.0979847525937572e+48,-0.044506449,8.951849149513807e+47,1.3007845902361338e+48
0.15,95784443887647.69,1.0979970329070104e+48,-0.044625,8.946570011109203e+47,1.3013370647031004e+48
0.151,96423006846898.67,1.0980093132202638e+48,-0.04474145099999999,8.941386562131332e+47,1.3018799702273944e+48
0.152,97061569806149.66,1.098021593533517e+48,-0.04485580799999999,8.936298529181824e+47,1.3024133341488518e+48
0.153,97700132765400.64,1.0980338738467705e+48,-0.04496807699999999,8.931305638862322e+47,1.3029371838073088e+48
0.154,98338695724651.62,1.0980461541600238e+48,-0.04507826399999999,8.926407617774459e+47,1.3034515465426017e+48
0.155,98977258683902.61,1.098058434473277e+48,-0.045186375,8.921604192519874e+47,1.3039564496945667e+48
0.156,99615821643153.6,1.0980707147865303e+48,-0.045292415999999995,8.916895089700208e+47,1.3044519206030399e+48
0.157,100254384602404.6,1.0980829950997836e+48,-0.04539639299999999,8.912280035917097e+47,1.3049379866078575e+48
0.158,100892947561655.58,1.098095275413037e+48,-0.04549831199999999,8.90775875777218e+47,1.3054146750488561e+48
0.159,101531510520906.56,1.0981075557262903e+48,-0.045598178999999996,8.903330981867093e+47,1.3058820132658714e+48
0.16,102170073480157.55,1.0981198360395438e+48,-0.045695999999999994,8.898996434803476e+47,1.3063400285987399e+48
0.161,102808636439408.53,1.098132116352797e+48,-0.045791781,8.894754843182964e+47,1.3067887483872977e+48
0.162,103447199398659.52,1.0981443966660503e+48,-0.045885527999999995,8.890605933607197e+47,1.307228199971381e+48
0.163,104085762357910.5,1.0981566769793036e+48,-0.04597724699999999,8.886549432677813e+47,1.3076584106908258e+48
0.164,104724325317161.48,1.098168957292557e+48,-0.046066944,8.88258506699645e+47,1.308079407885469e+48
0.165,105362888276412.47,1.0981812376058103e+48,-0.046154625,8.878712563164746e+47,1.308491218895146e+48
0.166,106001451235663.45,1.0981935179190636e+48,-0.046240296,8.874931647784336e+47,1.3088938710596935e+48
0.167,106640014194914.44,1.098205798232317e+48,-0.046323962999999996,8.871242047456862e+47,1.3092873917189478e+48
0.168,107278577154165.42,1.0982180785455701e+48,-0.046405631999999995,8.86764348878396e+47,1.3096718082127443e+48
0.169,107917140113416.4,1.0982303588588236e+48,-0.046485308999999995,8.864135698367268e+47,1.3100471478809203e+48
0.17,108555703072667.39,1.0982426391720768e+48,-0.04656299999999999,8.860718402808424e+47,1.3104134380633113e+48
0.171,109194266031918.38,1.0982549194853303e+48,-0.04663871099999999,8.857391328709066e+47,1.3107707060997539e+48
0.17200000000000001,109832828991169.36,1.0982671997985835e+48,-0.046712448,8.854154202670832e+47,1.3111189793300838e+48
0.17300000000000001,110471391950420.34,1.098279480111837e+48,-0.046784216999999996,8.851006751295362e+47,1.3114582850941378e+48
0.17400000000000002,111109954909671.33,1.0982917604250901e+48,-0.046854024,8.847948701184287e+47,1.3117886507317515e+48
0.17500000000000002,111748517868922.31,1.0983040407383434e+48,-0.046921874999999995,8.844979778939252e+47,1.3121101035827615e+48
0.176,112387080828173.28,1.098316321051597e+48,-0.04698777600000001,8.842099711161896e+47,1.3124226709870043e+48
0.177,113025643787424.27,1.09832860136485e+48,-0.047051733,8.839308224453849e+47,1.3127263802843153e+48
0.178,113664206746675.27,1.0983408816781035e+48,-0.047113752,8.836605045416755e+47,1.3130212588145315e+48
0.179,114302769705926.25,1.0983531619913566e+48,-0.047173838999999995,8.833989900652248e+47,1.3133073339174884e+48
0.18,114941332665177.23,1.0983654423046102e+48,-0.047232,8.831462516761974e+47,1.313584632933023e+48
0.181,115579895624428.22,1.0983777226178633e+48,-0.047288240999999995,8.82902262034756e+47,1.3138531832009706e+48
0.182,116218458583679.2,1.0983900029311168e+48,-0.047342568,8.826669938010652e+47,1.3141130120611684e+48
0.183,116857021542930.19,1.09840228324437e+48,-0.04739498699999999,8.824404196352884e+47,1.3143641468534517e+48
0.184,117495584502181.17,1.0984145635576235e+48,-0.047445504,8.822225121975896e+47,1.3146066149176574e+48
0.185,118134147461432.16,1.0984268438708766e+48,-0.047494125,8.820132441481321e+47,1.3148404435936211e+48
0.186,118772710420683.14,1.09843912418413e+48,-0.047540856000000006,8.818125881470805e+47,1.3150656602211796e+48
0.187,119411273379934.12,1.0984514044973833e+48,-0.047585703,8.816205168545979e+47,1.3152822921401687e+48
0.188,120049836339185.11,1.0984636848106368e+48,-0.047628672000000004,8.814370029308487e+47,1.3154903666904248e+48
0.189,120688399298436.1,1.09847596512389e+48,-0.047669769,8.81262019035996e+47,1.315689911211784e+48
0.19,121326962257687.08,1.0984882454371435e+48,-0.047709,8.810955378302044e+47,1.3158809530440825e+48
0.191,121965525216938.06,1.0985005257503966e+48,-0.047746370999999996,8.809375319736367e+47,1.3160635195271564e+48
0.192,122604088176189.05,1.09851280606365e+48,-0.04778188800000001,8.807879741264575e+47,1.3162376380008426e+48
0.193,123242651135440.03,1.0985250863769033e+48,-0.047815557,8.806468369488303e+47,1.3164033358049763e+48
0.194,123881214094691.02,1.0985373666901567e+48,-0.047847384,8.805140931009191e+47,1.3165606402793943e+48
0.195,124519777053942.0,1.0985496470034097e+48,-0.047877375,8.80389715242887e+47,1.3167095787639323e+48
0.196,125158340013192.98,1.0985619273166633e+48,-0.047905536,8.80273676034899e+47,1.3168501785984276e+48
0.197,125796902972443.97,1.0985742076299164e+48,-0.047931873,8.801659481371175e+47,1.3169824671227152e+48
0.198,126435465931694.97,1.09858648794317e+48,-0.04795639200000001,8.800665042097076e+47,1.3171064716766324e+48
0.199,127074028890945.95,1.0985987682564231e+48,-0.047979099,8.799753169128321e+47,1.3172222196000141e+48
0.2,127712591850196.94,1.0986110485696767e+48,-0.04800000000000001,8.798923589066555e+47,1.317329738232698e+48
0.201,128351154809447.92,1.0986233288829296e+48,-0.048019100999999995,8.798176028513407e+47,1.3174290549145186e+48
0.202,128989717768698.9,1.0986356091961831e+48,-0.048036408,8.797510214070524e+47,1.3175201969853137e+48
0.203,129628280727949.89,1.0986478895094364e+48,-0.048051926999999994,8.796925872339541e+47,1.3176031917849186e+48
0.20400000000000001,130266843687200.88,1.0986601698226898e+48,-0.04806566400000001,8.796422729922095e+47,1.3176780666531701e+48
0.20500000000000002,130905406646451.86,1.098672450135943e+48,-0.048077625,8.796000513419825e+47,1.3177448489299037e+48
0.20600000000000002,131543969605702.84,1.0986847304491965e+48,-0.048087816,8.795658949434368e+47,1.3178035659549563e+48
0.20700000000000002,132182532564953.83,1.0986970107624496e+48,-0.048096243,8.79539776456736e+47,1.3178542450681632e+48
0.20800000000000002,132821095524204.81,1.098709291075703e+48,-0.048102912000000005,8.795216685420444e+47,1.3178969136093617e+48
0.209,133459658483455.78,1.0987215713889565e+48,-0.048107829000000005,8.795115438595255e+47,1.3179315989183875e+48
0.21,134098221442706.77,1.0987338517022098e+48,-0.048111,8.795093750693428e+47,1.3179583283350768e+48
0.211,134736784401957.75,1.098746132015463e+48,-0.048112431000000004,8.795151348316605e+47,1.3179771291992656e+48
0.212,135375347361208.73,1.0987584123287165e+48,-0.04811212800000001,8.795287958066424e+47,1.3179880288507905e+48
0.213,136013910320459.72,1.0987706926419696e+48,-0.048110097000000004,8.795503306544519e+47,1.3179910546294873e+48
0.214,136652473279710.7,1.098782972955223e+48,-0.048106344,8.795797120352534e+47,1.3179862338751926e+48
0.215,137291036238961.69,1.0987952532684763e+48,-0.04810087500000001,8.796169126092101e+47,1.3179735939277425e+48
0.216,137929599198212.67,1.0988075335817297e+48,-0.048093696000000005,8.796619050364863e+47,1.3179531621269732e+48
0.217,138568162157463.66,1.098819813894983e+48,-0.048084813000000004,8.797146619772454e+47,1.3179249658127207e+48
0.218,139206725116714.64,1.0988320942082365e+48,-0.04807423200000001,8.797751560916514e+47,1.3178890323248215e+48
0.219,139845288075965.64,1.0988443745214896e+48,-0.048061959,8.798433600398678e+47,1.3178453890031114e+48
0.22,140483851035216.62,1.098856654834743e+48,-0.04804800000000001,8.799192464820588e+47,1.3177940631874272e+48
0.221,141122413994467.6,1.0988689351479963e+48,-0.04803236100000001,8.800027880783878e+47,1.3177350822176048e+48
0.222,141760976953718.6,1.0988812154612496e+48,-0.048015048000000005,8.80093957489019e+47,1.31766847343348e+48
0.223,142399539912969.56,1.098893495774503e+48,-0.047996067,8.80192727374116e+47,1.31759426417489e+48
0.224,143038102872220.56,1.0989057760877561e+48,-0.047975424,8.802990703938423e+47,1.3175124817816699e+48
0.225,143676665831471.53,1.0989180564010095e+48,-0.047953125000000006,8.804129592083624e+47,1.3174231535936567e+48
0.226,144315228790722.53,1.0989303367142628e+48,-0.047929176000000004,8.805343664778393e+47,1.3173263069506863e+48
0.227,144953791749973.5,1.0989426170275163e+48,-0.047903583000000007,8.806632648624376e+47,1.317221969192595e+48
0.228,145592354709224.5,1.0989548973407695e+48,-0.047876352000000004,8.807996270223202e+47,1.3171101676592188e+48
0.229,146230917668475.5,1.098967177654023e+48,-0.04784748900000001,8.809434256176517e+47,1.3169909296903942e+48
0.23,146869480627726.47,1.0989794579672761e+48,-0.047817000000000005,8.810946333085952e+47,1.316864282625957e+48
0.231,147508043586977.47,1.0989917382805294e+48,-0.04778489100000001,8.812532227553149e+47,1.3167302538057438e+48
0.232,148146606546228.44,1.0990040185937828e+48,-0.047751168000000004,8.814191666179746e+47,1.316588870569591e+48
0.233,148785169505479.44,1.099016298907036e+48,-0.047715837000000004,8.81592437556738e+47,1.316440160257334e+48
0.234,149423732464730.4,1.0990285792202895e+48,-0.04767890400000001,8.81773008231769e+47,1.31628415020881e+48
0.23500000000000001,150062295423981.4,1.0990408595335426e+48,-0.047640375000000006,8.81960851303231e+47,1.3161208677638542e+48
0.23600000000000002,150700858383232.38,1.099053139846796e+48,-0.04760025600000001,8.821559394312885e+47,1.3159503402623036e+48
0.23700000000000002,151339421342483.38,1.0990654201600493e+48,-0.04755855300000001,8.823582452761046e+47,1.315772595043994e+48
0.23800000000000002,151977984301734.34,1.0990777004733028e+48,-0.047515272000000004,8.825677414978436e+47,1.3155876594487619e+48
0.23900000000000002,152616547260985.34,1.099089980786556e+48,-0.04747041900000001,8.827844007566689e+47,1.3153955608164432e+48
0.24,153255110220236.3,1.0991022610998095e+48,-0.047424,8.830081957127444e+47,1.3151963264868745e+48
0.241,153893673179487.28,1.0991145414130626e+48,-0.047376021000000004,8.832390990262339e+47,1.3149899837998913e+48
0.242,154532236138738.28,1.0991268217263159e+48,-0.047326488,8.834770833573013e+47,1.3147765600953304e+48
0.243,155170799097989.25,1.0991391020395693e+48,-0.047275407000000005,8.837221213661106e+47,1.314556082713028e+48
0.244,155809362057240.25,1.0991513823528226e+48,-0.047222784,8.83974185712825e+47,1.3143285789928202e+48
0.245,156447925016491.22,1.099163662666076e+48,-0.047168625,8.84233249057609e+47,1.3140940762745431e+48
0.246,157086487975742.22,1.0991759429793291e+48,-0.047112936,8.844992840606253e+47,1.313852601898033e+48
0.247,157725050934993.2,1.0991882232925826e+48,-0.047055723,8.847722633820391e+47,1.313604183203126e+48
0.248,158363613894244.2,1.0992005036058358e+48,-0.046996992,8.850521596820131e+47,1.3133488475296586e+48
0.249,159002176853495.16,1.0992127839190893e+48,-0.046936749,8.853389456207118e+47,1.3130866222174667e+48
0.25,159640739812746.16,1.0992250642323426e+48,-0.046875,8.856325938582985e+47,1.3128175346063866e+48
0.251,160279302771997.16,1.0992373445455957e+48,-0.046811751,8.85933077054937e+47,1.3125416120362544e+48
0.252,160917865731248.12,1.0992496248588491e+48,-0.046747008,8.862403678707915e+47,1.3122588818469067e+48
0.253,161556428690499.12,1.0992619051721024e+48,-0.046680777,8.865544389660254e+47,1.3119693713781794e+48
0.254,162194991649750.1,1.0992741854853558e+48,-0.046613064,8.868752630008028e+47,1.3116731079699089e+48
0.255,162833554609001.1,1.0992864657986091e+48,-0.046543875,8.872028126352873e+47,1.3113701189619309e+48
0.256,163472117568252.06,1.0992987461118625e+48,-0.046473216,8.875370605296427e+47,1.3110604316940823e+48
0.257,164110680527503.06,1.0993110264251156e+48,-0.046401093000000004,8.878779793440326e+47,1.3107440735061987e+48
0.258,164749243486754.03,1.099323306738369e+48,-0.046327511999999994,8.882255417386214e+47,1.3104210717381167e+48
0.259,165387806446005.03,1.0993355870516224e+48,-0.046252479,8.885797203735723e+47,1.3100914537296724e+48
0.26,166026369405256.0,1.0993478673648756e+48,-0.046176,8.889404879090492e+47,1.309755246820702e+48
0.261,166664932364507.0,1.099360147678129e+48,-0.046098081,8.893078170052163e+47,1.3094124783510418e+48
0.262,167303495323757.97,1.0993724279913823e+48,-0.046018727999999995,8.896816803222368e+47,1.3090631756605278e+48
0.263,167942058283008.97,1.0993847083046356e+48,-0.045937947,8.90062050520275e+47,1.3087073660889963e+48
0.264,168580621242259.94,1.0993969886178889e+48,-0.045855744,8.904489002594943e+47,1.3083450769762835e+48
0.265,169219184201510.94,1.0994092689311423e+48,-0.045772125,8.908422022000588e+47,1.3079763356622259e+48
0.266,169857747160761.9,1.0994215492443956e+48,-0.045687095999999996,8.91241929002132e+47,1.3076011694866593e+48
0.267,170496310120012.9,1.099433829557649e+48,-0.04560066299999999,8.91648053325878e+47,1.30721960578942e+48
0.268,171134873079263.88,1.0994461098709023e+48,-0.045512832,8.920605478314602e+47,1.3068316719103444e+48
0.269,171773436038514.88,1.0994583901841556e+48,-0.045423609,8.924793851790427e+47,1.3064373951892685e+48
0.27,172411998997765.88,1.0994706704974089e+48,-0.045333,8.929045380287894e+47,1.3060368029660283e+48
0.271,173050561957016.84,1.0994829508106621e+48,-0.045241011,8.933359790408637e+47,1.3056299225804606e+48
0.272,173689124916267.84,1.0994952311239156e+48,-0.045147648,8.937736808754298e+47,1.3052167813724014e+48
0.273,174327687875518.8,1.0995075114371688e+48,-0.045052917,8.94217616192651e+47,1.3047974066816866e+48
0.274,174966250834769.8,1.0995197917504223e+48,-0.044956824,8.946677576526919e+47,1.3043718258481527e+48
0.275,175604813794020.78,1.0995320720636756e+48,-0.04485937499999999,8.951240779157153e+47,1.3039400662116358e+48
0.276,176243376753271.78,1.0995443523769288e+48,-0.044760575999999996,8.955865496418856e+47,1.3035021551119721e+48
0.277,176881939712522.75,1.0995566326901821e+48,-0.044660433,8.960551454913665e+47,1.3030581198889977e+48
0.278,177520502671773.75,1.0995689130034355e+48,-0.044558952,8.965298381243219e+47,1.3026079878825492e+48
0.279,178159065631024.72,1.0995811933166888e+48,-0.044456139,8.970106002009152e+47,1.3021517864324624e+48
0.28,178797628590275.72,1.0995934736299421e+48,-0.044351999999999996,8.974974043813105e+47,1.3016895428785737e+48
0.281,179436191549526.7,1.0996057539431955e+48,-0.044246541,8.979902233256718e+47,1.3012212845607193e+48
0.28200000000000003,180074754508777.7,1.0996180342564486e+48,-0.044139767999999996,8.98489029694162e+47,1.3007470388187352e+48
0.28300000000000003,180713317468028.66,1.0996303145697021e+48,-0.04403168699999999,8.989937961469462e+47,1.300266832992458e+48
0.28400000000000003,181351880427279.66,1.0996425948829554e+48,-0.043922304,8.995044953441872e+47,1.2997806944217235e+48
0.28500000000000003,181990443386530.62,1.0996548751962088e+48,-0.04381162499999999,9.000210999460492e+47,1.2992886504463684e+48
0.28600000000000003,182629006345781.62,1.099667155509462e+48,-0.043699655999999996,9.005435826126957e+47,1.2987907284062284e+48
0.28700000000000003,183267569305032.6,1.0996794358227155e+48,-0.043586402999999996,9.01071916004291e+47,1.29828695564114e+48
0.28800000000000003,183906132264283.6,1.0996917161359686e+48,-0.043471871999999995,9.016060727809981e+47,1.2977773594909391e+48
0.289,184544695223534.53,1.099703996449222e+48,-0.043356069000000004,9.021460256029818e+47,1.2972619672954623e+48
0.29,185183258182785.53,1.0997162767624752e+48,-0.043239,9.026917471304049e+47,1.2967408063945454e+48
0.291,185821821142036.5,1.0997285570757286e+48,-0.043120671000000006,9.03243210023432e+47,1.2962139041280252e+48
0.292,186460384101287.5,1.0997408373889819e+48,-0.043001088,9.038003869422264e+47,1.2956812878357373e+48
0.293,187098947060538.47,1.0997531177022353e+48,-0.042880257000000005,9.04363250546952e+47,1.2951429848575186e+48
0.294,187737510019789.47,1.0997653980154886e+48,-0.042758184,9.049317734977727e+47,1.2945990225332045e+48
0.295,188376072979040.47,1.099777678328742e+48,-0.04263487500000001,9.055059284548524e+47,1.2940494282026317e+48
0.296,189014635938291.44,1.0997899586419951e+48,-0.042510336,9.060856880783543e+47,1.293494229205636e+48
0.297,189653198897542.44,1.0998022389552486e+48,-0.042384573,9.06671025028443e+47,1.2929334528820541e+48
0.298,190291761856793.4,1.0998145192685019e+48,-0.042257592,9.072619119652817e+47,1.292367126571722e+48
0.299,190930324816044.4,1.0998267995817553e+48,-0.042129399000000005,9.078583215490345e+47,1.2917952776144761e+48
0.3,191568887775295.38,1.0998390798950084e+48,-0.042,9.084602264398649e+47,1.2912179333501519e+48
0.301,192207450734546.38,1.099851360208262e+48,-0.041869401,9.090675992979373e+47,1.2906351211185867e+48
0.302,192846013693797.34,1.0998636405215151e+48,-0.041737607999999995,9.096804127834146e+47,1.2900468682596157e+48
0.303,193484576653048.34,1.0998759208347686e+48,-0.041604627000000005,9.102986395564613e+47,1.2894532021130759e+48
0.304,194123139612299.3,1.0998882011480217e+48,-0.04147046399999999,9.109222522772406e+47,1.2888541500188028e+48
0.305,194761702571550.3,1.0999004814612753e+48,-0.04133512500000001,9.11551223605917e+47,1.2882497393166335e+48
0.306,195400265530801.28,1.0999127617745284e+48,-0.04119861599999999,9.12185526202654e+47,1.2876399973464028e+48
0.307,196038828490052.28,1.0999250420877818e+48,-0.041060943,9.12825132727615e+47,1.2870249514479486e+48
0.308,196677391449303.25,1.0999373224010351e+48,-0.040922112,9.134700158409644e+47,1.2864046289611058e+48
0.309,197315954408554.25,1.0999496027142884e+48,-0.040782129,9.141201482028655e+47,1.2857790572257112e+48
0.31,197954517367805.22,1.0999618830275416e+48,-0.040641,9.147755024734824e+47,1.2851482635816009e+48
0.311,198593080327056.22,1.099974163340795e+48,-0.040498731,9.154360513129789e+47,1.2845122753686112e+48
0.312,199231643286307.2,1.0999864436540484e+48,-0.040355327999999996,9.161017673815186e+47,1.2838711199265781e+48
0.313,199870206245558.2,1.0999987239673016e+48,-0.040210797000000006,9.167726233392653e+47,1.283224824595338e+48
0.314,200508769204809.2,1.100011004280555e+48,-0.040065144,9.174485918463831e+47,1.282573416714727e+48
0.315,201147332164060.16,1.1000232845938083e+48,-0.039918375000000006,9.181296455630353e+47,1.2819169236245814e+48
0.316,201785895123311.16,1.1000355649070616e+48,-0.039770495999999995,9.18815757149386e+47,1.2812553726647372e+48
0.317,202424458082562.12,1.100047845220315e+48,-0.039621513000000004,9.195068992655991e+47,1.280588791175031e+48
0.318,203063021041813.12,1.1000601255335683e+48,-0.039471431999999994,9.202030445718383e+47,1.2799172064952984e+48
0.319,203701584001064.1,1.1000724058468216e+48,-0.039320259,9.209041657282671e+47,1.2792406459653761e+48
0.32,204340146960315.1,1.1000846861600747e+48,-0.039167999999999994,9.216102353950495e+47,1.2785591369251e+48
0.321,204978709919566.06,1.1000969664733283e+48,-0.039014661,9.223212262323496e+47,1.277872706714307e+48
0.322,205617272878817.06,1.1001092467865814e+48,-0.03886024799999999,9.230371109003307e+47,1.2771813826728322e+48
0.323,206255835838068.03,1.100121527099835e+48,-0.038704767,9.23757862059157e+47,1.2764851921405131e+48
0.324,206894398797319.03,1.1001338074130881e+48,-0.038548224,9.244834523689918e+47,1.2757841624571845e+48
0.325,207532961756570.0,1.1001460877263416e+48,-0.038390625,9.252138544899994e+47,1.2750783209626837e+48
0.326,208171524715821.0,1.1001583680395947e+48,-0.038231975999999994,9.259490410823432e+47,1.2743676949968462e+48
0.327,208810087675071.97,1.1001706483528481e+48,-0.038072283,9.266889848061873e+47,1.273652311899509e+48
0.328,209448650634322.97,1.1001829286661014e+48,-0.037911551999999994,9.274336583216954e+47,1.2729321990105074e+48
0.329,210087213593573.94,1.1001952089793548e+48,-0.037749789,9.281830342890314e+47,1.2722073836696783e+48
0.33,210725776552824.94,1.1002074892926081e+48,-0.037586999999999995,9.289370853683586e+47,1.2714778932168577e+48
0.331,211364339512075.9,1.1002197696058615e+48,-0.037423191,9.296957842198415e+47,1.2707437549918816e+48
0.332,212002902471326.9,1.1002320499191147e+48,-0.03725836799999999,9.30459103503643e+47,1.2700049963345864e+48
0.333,212641465430577.9,1.1002443302323681e+48,-0.037092537,9.312270158799278e+47,1.2692616445848084e+48
0.334,213280028389828.88,1.1002566105456214e+48,-0.03692570399999999,9.319994940088593e+47,1.2685137270823834e+48
0.335,213918591349079.88,1.1002688908588748e+48,-0.036757875,9.327765105506014e+47,1.2677612711671482e+48
0.336,214557154308330.84,1.100281171172128e+48,-0.036589055999999995,9.335580381653175e+47,1.2670043041789384e+48
0.337,215195717267581.84,1.1002934514853815e+48,-0.036419253,9.34344049513172e+47,1.266242853457591e+48
0.338,215834280226832.8,1.1003057317986346e+48,-0.03624847199999999,9.351345172543281e+47,1.2654769463429411e+48
0.339,216472843186083.8,1.100318012111888e+48,-0.036076719,9.359294140489502e+47,1.264706610174826e+48
0.34,217111406145334.78,1.1003302924251412e+48,-0.03590399999999999,9.367287125572013e+47,1.263931872293081e+48
0.341,217749969104585.78,1.1003425727383946e+48,-0.035730321,9.37532385439246e+47,1.2631527600375432e+48
0.342,218388532063836.75,1.1003548530516479e+48,-0.035555687999999995,9.383404053552478e+47,1.262369300748048e+48
0.343,219027095023087.75,1.1003671333649013e+48,-0.035380107,9.391527449653704e+47,1.2615815217644323e+48
0.34400000000000003,219665657982338.72,1.1003794136781546e+48,-0.035203583999999996,9.399693769297776e+47,1.2607894504265316e+48
0.34500000000000003,220304220941589.72,1.100391693991408e+48,-0.035026125,9.407902739086333e+47,1.2599931140741828e+48
0.34600000000000003,220942783900840.7,1.1004039743046612e+48,-0.03484773599999999,9.41615408562101e+47,1.2591925400472213e+48
0.34700000000000003,221581346860091.7,1.1004162546179146e+48,-0.034668423,9.42444753550345e+47,1.2583877556854842e+48
0.34800000000000003,222219909819342.66,1.1004285349311677e+48,-0.034488191999999994,9.432782815335283e+47,1.2575787883288071e+48
0.34900000000000003,222858472778593.66,1.1004408152444213e+48,-0.034307049,9.441159651718159e+47,1.2567656653170267e+48
0.35000000000000003,223497035737844.62,1.1004530955576746e+48,-0.03412499999999999,9.449577771253706e+47,1.2559484139899786e+48
0.35100000000000003,224135598697095.62,1.1004653758709279e+48,-0.033942050999999994,9.458036900543562e+47,1.2551270616874995e+48
0.352,224774161656346.56,1.1004776561841811e+48,-0.033758208000000005,9.46653676618937e+47,1.2543016357494253e+48
0.353,225412724615597.56,1.1004899364974346e+48,-0.033573477000000004,9.475077094792767e+47,1.2534721635155924e+48
0.354,226051287574848.53,1.1005022168106877e+48,-0.033387864,9.483657612955385e+47,1.2526386723258369e+48
0.355,226689850534099.53,1.1005144971239411e+48,-0.033201375000000005,9.49227804727887e+47,1.2518011895199952e+48
0.356,227328413493350.53,1.1005267774371946e+48,-0.033014016,9.500938124364859e+47,1.2509597424379032e+48
0.357,227966976452601.5,1.1005390577504477e+48,-0.032825793000000006,9.509637570814981e+47,1.2501143584193972e+48
0.358,228605539411852.5,1.1005513380637011e+48,-0.032636712,9.518376113230887e+47,1.2492650648043135e+48
0.359,229244102371103.47,1.1005636183769545e+48,-0.032446779,9.527153478214205e+47,1.2484118889324886e+48
0.36,229882665330354.47,1.1005758986902077e+48,-0.032256,9.535969392366575e+47,1.2475548581437578e+48
0.361,230521228289605.44,1.1005881790034611e+48,-0.032064381,9.544823582289638e+47,1.2466939997779584e+48
0.362,231159791248856.44,1.1006004593167144e+48,-0.031871928,9.553715774585028e+47,1.245829341174926e+48
0.363,231798354208107.4,1.1006127396299676e+48,-0.031678647000000004,9.562645695854384e+47,1.2449609096744968e+48
0.364,232436917167358.4,1.100625019943221e+48,-0.031484544,9.571613072699349e+47,1.2440887326165073e+48
0.365,233075480126609.38,1.1006373002564744e+48,-0.031289625,9.580617631721553e+47,1.2432128373407934e+48
0.366,233714043085860.38,1.1006495805697276e+48,-0.031093896000000003,9.58965909952264e+47,1.2423332511871913e+48
0.367,234352606045111.34,1.100661860882981e+48,-0.030897363,9.598737202704245e+47,1.2414500014955376e+48
0.368,234991169004362.34,1.1006741411962343e+48,-0.030700032000000002,9.607851667868006e+47,1.240563115605668e+48
0.369,235629731963613.3,1.1006864215094876e+48,-0.030501909,9.617002221615561e+47,1.2396726208574191e+48
0.37,236268294922864.3,1.100698701822741e+48,-0.030303,9.62618859054855e+47,1.2387785445906271e+48
0.371,236906857882115.28,1.1007109821359942e+48,-0.030103311,9.635410501268606e+47,1.2378809141451277e+48
0.372,237545420841366.28,1.1007232624492476e+48,-0.029902848,9.644667680377373e+47,1.2369797568607579e+48
0.373,238183983800617.25,1.1007355427625009e+48,-0.029701617,9.653959854476484e+47,1.2360751000773533e+48
0.374,238822546759868.25,1.1007478230757542e+48,-0.029499624,9.663286750167581e+47,1.2351669711347502e+48
0.375,239461109719119.25,1.1007601033890076e+48,-0.029296875,9.6726480940523e+47,1.2342553973727851e+48
0.376,240099672678370.22,1.1007723837022609e+48,-0.029093376,9.682043612732278e+47,1.2333404061312939e+48
0.377,240738235637621.22,1.1007846640155141e+48,-0.028889133,9.691473032809153e+47,1.232422024750113e+48
0.378,241376798596872.2,1.1007969443287676e+48,-0.028684151999999997,9.700936080884565e+47,1.2315002805690786e+48
0.379,242015361556123.2,1.1008092246420209e+48,-0.028478439,9.71043248356015e+47,1.2305752009280266e+48
0.38,242653924515374.16,1.1008215049552741e+48,-0.028272,9.719961967437546e+47,1.2296468131667936e+48
0.381,243292487474625.16,1.1008337852685274e+48,-0.028064840999999997,9.729524259118392e+47,1.2287151446252156e+48
0.382,243931050433876.12,1.1008460655817807e+48,-0.027856968,9.739119085204326e+47,1.2277802226431288e+48
0.383,244569613393127.12,1.1008583458950341e+48,-0.027648386999999996,9.748746172296986e+47,1.2268420745603696e+48
0.384,245208176352378.1,1.1008706262082874e+48,-0.027439104,9.758405246998007e+47,1.2259007277167741e+48
0.385,245846739311629.1,1.1008829065215407e+48,-0.027229125,9.76809603590903e+47,1.2249562094521784e+48
0.386,246485302270880.06,1.1008951868347941e+48,-0.027018455999999996,9.777818265631692e+47,1.224008547106419e+48
0.387,247123865230131.06,1.1009074671480474e+48,-0.026807103,9.787571662767631e+47,1.2230577680193316e+48
0.388,247762428189382.03,1.1009197474613006e+48,-0.026595071999999997,9.797355953918485e+47,1.2221038995307528e+48
0.389,248400991148633.03,1.1009320277745541e+48,-0.026382368999999996,9.807170865685892e+47,1.221146968980519e+48
0.39,249039554107884.0,1.1009443080878072e+48,-0.026168999999999998,9.817016124671488e+47,1.2201870037084656e+48
0.391,249678117067135.0,1.1009565884010606e+48,-0.025954970999999997,9.826891457476915e+47,1.2192240310544297e+48
0.392,250316680026385.97,1.1009688687143139e+48,-0.025740287999999997,9.836796590703809e+47,1.218258078358247e+48
0.393,250955242985636.97,1.1009811490275672e+48,-0.025524956999999997,9.846731250953805e+47,1.2172891729597539e+48
0.394,251593805944887.94,1.1009934293408206e+48,-0.025308983999999996,9.856695164828546e+47,1.2163173421987866e+48
0.395,252232368904138.94,1.1010057096540739e+48,-0.025092374999999997,9.866688058929666e+47,1.2153426134151812e+48
0.396,252870931863389.94,1.1010179899673272e+48,-0.024875135999999996,9.876709659858804e+47,1.214365013948774e+48
0.397,253509494822640.9,1.1010302702805806e+48,-0.024657272999999993,9.8867596942176e+47,1.2133845711394011e+48
0.398,254148057781891.9,1.1010425505938339e+48,-0.024438791999999994,9.896837888607688e+47,1.212401312326899e+48
0.399,254786620741142.88,1.1010548309070872e+48,-0.024219698999999997,9.906943969630708e+47,1.2114152648511035e+48
0.4,255425183700393.88,1.1010671112203406e+48,-0.023999999999999994,9.9170776638883e+47,1.2104264560518511e+48
0.401,256063746659644.84,1.1010793915335937e+48,-0.023779700999999993,9.927238697982097e+47,1.2094349132689778e+48
0.402,256702309618895.84,1.1010916718468471e+48,-0.023558807999999994,9.937426798513743e+47,1.20844066384232e+48
0.403,257340872578146.8,1.1011039521601006e+48,-0.023337326999999995,9.947641692084872e+47,1.207443735111714e+48
0.404,257979435537397.8,1.1011162324733537e+48,-0.023115263999999993,9.957883105297119e+47,1.2064441544169955e+48
0.405,258617998496648.78,1.1011285127866071e+48,-0.022892624999999993,9.96815076475213e+47,1.2054419490980012e+48
0.406,259256561455899.78,1.1011407930998606e+48,-0.022669415999999994,9.978444397051538e+47,1.2044371464945673e+48
0.40700000000000003,259895124415150.75,1.1011530734131137e+48,-0.022445642999999994,9.988763728796978e+47,1.2034297739465295e+48
0.40800000000000003,260533687374401.75,1.1011653537263671e+48,-0.022221311999999993,9.999108486590095e+47,1.2024198587937247e+48
0.40900000000000003,261172250333652.72,1.1011776340396206e+48,-0.021996428999999994,1.0009478397032522e+48,1.2014074283759889e+48
0.41000000000000003,261810813292903.72,1.1011899143528737e+48,-0.021770999999999992,1.0019873186725897e+48,1.2003925100331576e+48
0.41100000000000003,262449376252154.7,1.1012021946661271e+48,-0.021545030999999992,1.0030292582271861e+48,1.1993751311050681e+48
0.41200000000000003,263087939211405.7,1.1012144749793804e+48,-0.021318527999999993,1.0040736310272049e+48,1.1983553189315559e+48
0.41300000000000003,263726502170656.66,1.1012267552926337e+48,-0.021091496999999994,1.0051204097328099e+48,1.1973331008524574e+48
0.41400000000000003,264365065129907.66,1.1012390356058871e+48,-0.020863943999999992,1.0061695670041651e+48,1.196308504207609e+48
0.41500000000000004,265003628089158.66,1.1012513159191404e+48,-0.020635874999999995,1.0072210755014342e+48,1.1952815563368465e+48
0.41600000000000004,265642191048409.62,1.1012635962323936e+48,-0.02040729599999999,1.008274907884781e+48,1.1942522845800063e+48
0.417,266280754007660.56,1.101275876545647e+48,-0.020178213,1.009331036814369e+48,1.1932207162769249e+48
0.418,266919316966911.56,1.1012881568589004e+48,-0.019948632000000004,1.0103894349503626e+48,1.1921868787674381e+48
0.419,267557879926162.56,1.1013004371721536e+48,-0.019718559,1.011450074952925e+48,1.1911507993913822e+48
0.42,268196442885413.53,1.101312717485407e+48,-0.019488000000000005,1.0125129294822204e+48,1.1901125054885937e+48
0.421,268835005844664.53,1.1013249977986602e+48,-0.019256961000000003,1.0135779711984122e+48,1.1890720243989082e+48
0.422,269473568803915.5,1.1013372781119136e+48,-0.019025448000000004,1.0146451727616648e+48,1.1880293834621625e+48
0.423,270112131763166.5,1.1013495584251667e+48,-0.018793467,1.015714506832141e+48,1.1869846100181924e+48
0.424,270750694722417.47,1.1013618387384203e+48,-0.018561024000000006,1.016785946070006e+48,1.1859377314068346e+48
0.425,271389257681668.47,1.1013741190516734e+48,-0.018328125,1.0178594631354221e+48,1.1848887749679247e+48
0.426,272027820640919.44,1.1013863993649269e+48,-0.018094776000000003,1.0189350306885543e+48,1.1838377680412995e+48
0.427,272666383600170.44,1.1013986796781802e+48,-0.017860983,1.0200126213895656e+48,1.1827847379667947e+48
0.428,273304946559421.4,1.1014109599914336e+48,-0.017626752000000006,1.0210922078986203e+48,1.1817297120842469e+48
0.429,273943509518672.4,1.1014232403046867e+48,-0.017392089,1.0221737628758815e+48,1.1806727177334919e+48
0.43,274582072477923.38,1.1014355206179401e+48,-0.017157000000000002,1.023257258981514e+48,1.1796137822543664e+48
0.431,275220635437174.38,1.1014478009311933e+48,-0.016921491,1.0243426688756807e+48,1.1785529329867058e+48
0.432,275859198396425.34,1.1014600812444469e+48,-0.016685568,1.0254299652185461e+48,1.1774901972703476e+48
0.433,276497761355676.34,1.1014723615577001e+48,-0.016449237,1.0265191206702733e+48,1.176425602445127e+48
0.434,277136324314927.3,1.1014846418709536e+48,-0.016212504000000003,1.0276101078910267e+48,1.1753591758508804e+48
0.435,277774887274178.3,1.1014969221842067e+48,-0.015975375,1.0287028995409694e+48,1.174290944827444e+48
0.436,278413450233429.28,1.1015092024974601e+48,-0.015737856,1.029797468280266e+48,1.1732209367146542e+48
0.437,279052013192680.28,1.1015214828107132e+48,-0.015499952999999999,1.0308937867690795e+48,1.172149178852347e+48
0.438,279690576151931.28,1.1015337631239667e+48,-0.015261672,1.0319918276675746e+48,1.1710756985803588e+48
0.439,280329139111182.25,1.1015460434372201e+48,-0.015023018999999999,1.0330915636359145e+48,1.1700005232385257e+48
0.44,280967702070433.25,1.1015583237504734e+48,-0.014784000000000002,1.0341929673342628e+48,1.168923680166684e+48
0.441,281606265029684.25,1.1015706040637267e+48,-0.014544620999999999,1.0352960114227838e+48,1.1678451967046695e+48
0.442,282244827988935.2,1.1015828843769801e+48,-0.014304888,1.036400668561641e+48,1.1667651001923192e+48
0.443,282883390948186.2,1.1015951646902332e+48,-0.014064806999999997,1.037506911410998e+48,1.1656834179694684e+48
0.444,283521953907437.2,1.1016074450034866e+48,-0.013824384,1.0386147126310192e+48,1.164600177375954e+48
0.445,284160516866688.2,1.1016197253167399e+48,-0.013583624999999997,1.039724044881868e+48,1.1635154057516119e+48
0.446,284799079825939.1,1.1016320056299932e+48,-0.013342536,1.0408348808237081e+48,1.1624291304362783e+48
0.447,285437642785190.1,1.1016442859432466e+48,-0.013101122999999996,1.0419471931167036e+48,1.1613413787697897e+48
0.448,286076205744441.1,1.1016565662565e+48,-0.012859391999999999,1.043060954421018e+48,1.160252178091982e+48
0.449,286714768703692.1,1.1016688465697532e+48,-0.012617348999999996,1.0441761373968151e+48,1.1591615557426912e+48
0.45,287353331662943.06,1.1016811268830066e+48,-0.012374999999999999,1.045292714704259e+48,1.1580695390617543e+48
0.451,287991894622194.06,1.1016934071962597e+48,-0.012132350999999996,1.046410659003513e+48,1.1569761553890065e+48
0.452,288630457581445.06,1.1017056875095132e+48,-0.011889407999999999,1.0475299429547415e+48,1.1558814320642848e+48
0.453,289269020540696.06,1.1017179678227664e+48,-0.011646176999999995,1.0486505392181078e+48,1.154785396427425e+48
0.454,289907583499947.0,1.1017302481360199e+48,-0.011402663999999998,1.0497724204537761e+48,1.1536880758182636e+48
0.455,290546146459198.0,1.1017425284492731e+48,-0.011158874999999995,1.0508955593219097e+48,1.1525894975766366e+48
0.456,291184709418449.0,1.1017548087625266e+48,-0.010914815999999997,1.052019928482673e+48,1.1514896890423802e+48
0.457,291823272377700.0,1.1017670890757797e+48,-0.010670492999999994,1.0531455005962289e+48,1.1503886775553305e+48
0.458,292461835336951.0,1.1017793693890331e+48,-0.010425911999999997,1.0542722483227422e+48,1.149286490455324e+48
0.459,293100398296201.94,1.1017916497022864e+48,-0.010181078999999994,1.055400144322376e+48,1.1481831550821968e+48
0.46,293738961255452.94,1.1018039300155397e+48,-0.009935999999999997,1.0565291612552943e+48,1.147078698775785e+48
0.461,294377524214703.94,1.101816210328793e+48,-0.009690680999999994,1.057659271781661e+48,1.1459731488759249e+48
0.462,295016087173954.94,1.1018284906420466e+48,-0.009445127999999995,1.05879044856164e+48,1.144866532722453e+48
0.463,295654650133205.9,1.1018407709552997e+48,-0.009199346999999993,1.0599226642553947e+48,1.1437588776552047e+48
0.464,296293213092456.9,1.1018530512685531e+48,-0.008953343999999995,1.061055891523089e+48,1.1426502110140172e+48
0.465,296931776051707.9,1.1018653315818062e+48,-0.008707124999999993,1.0621901030248868e+48,1.1415405601387257e+48
0.466,297570339010958.9,1.1018776118950597e+48,-0.008460695999999995,1.0633252714209522e+48,1.1404299523691672e+48
0.467,298208901970209.8,1.101889892208313e+48,-0.008214062999999992,1.0644613693714483e+48,1.1393184150451776e+48
0.468,298847464929460.8,1.1019021725215664e+48,-0.007967231999999994,1.0655983695365394e+48,1.1382059755065933e+48
0.46900000000000003,299486027888711.8,1.1019144528348196e+48,-0.007720208999999993,1.0667362445763892e+48,1.1370926610932501e+48
0.47000000000000003,300124590847962.8,1.1019267331480731e+48,-0.0074729999999999935,1.0678749671511615e+48,1.1359784991449846e+48
0.47100000000000003,300763153807213.75,1.1019390134613262e+48,-0.007225610999999991,1.0690145099210198e+48,1.1348635170016326e+48
0.47200000000000003,301401716766464.75,1.1019512937745796e+48,-0.006978047999999993,1.0701548455461283e+48,1.133747742003031e+48
0.47300000000000003,302040279725715.75,1.1019635740878327e+48,-0.006730316999999991,1.0712959466866504e+48,1.132631201489015e+48
0.47400000000000003,302678842684966.75,1.1019758544010863e+48,-0.006482423999999993,1.0724377860027506e+48,1.1315139227994221e+48
0.47500000000000003,303317405644217.7,1.1019881347143395e+48,-0.006234374999999992,1.0735803361545916e+48,1.1303959332740874e+48
0.47600000000000003,303955968603468.7,1.1020004150275929e+48,-0.005986175999999992,1.0747235698023382e+48,1.1292772602528476e+48
0.47700000000000004,304594531562719.7,1.1020126953408462e+48,-0.005737832999999991,1.0758674596061537e+48,1.1281579310755387e+48
0.47800000000000004,305233094521970.7,1.1020249756540996e+48,-0.005489351999999992,1.0770119782262021e+48,1.1270379730819971e+48
0.47900000000000004,305871657481221.7,1.1020372559673527e+48,-0.00524073899999999,1.0781570983226466e+48,1.1259174136120588e+48
0.48,306510220440472.6,1.1020495362806062e+48,-0.004992000000000004,1.0793027925556519e+48,1.1247962800055604e+48
0.481,307148783399723.6,1.1020618165938594e+48,-0.0047431410000000045,1.0804490335853812e+48,1.1236745996023377e+48
0.482,307787346358974.56,1.1020740969071127e+48,-0.004494168000000004,1.0815957940719985e+48,1.122552399742227e+48
0.483,308425909318225.56,1.1020863772203661e+48,-0.004245087000000003,1.0827430466756677e+48,1.1214297077650646e+48
0.484,309064472277476.56,1.1020986575336194e+48,-0.003995904000000003,1.0838907640565522e+48,1.1203065510106867e+48
0.485,309703035236727.56,1.1021109378468727e+48,-0.0037466250000000034,1.085038918874816e+48,1.1191829568189294e+48
0.486,310341598195978.5,1.1021232181601261e+48,-0.0034972560000000033,1.0861874837906232e+48,1.118058952529629e+48
0.487,310980161155229.5,1.1021354984733792e+48,-0.0032478030000000027,1.0873364314641369e+48,1.1169345654826216e+48
0.488,311618724114480.5,1.1021477787866327e+48,-0.0029982720000000028,1.0884857345555218e+48,1.1158098230177436e+48
0.489,312257287073731.5,1.1021600590998861e+48,-0.002748669000000002,1.089635365724941e+48,1.1146847524748313e+48
0.49,312895850032982.44,1.1021723394131392e+48,-0.0024990000000000025,1.0907852976325581e+48,1.1135593811937203e+48
0.491,313534412992233.44,1.1021846197263927e+48,-0.002249271000000002,1.0919355029385378e+48,1.1124337365142475e+48
0.492,314172975951484.44,1.1021969000396461e+48,-0.0019994880000000015,1.0930859543030433e+48,1.111307845776249e+48
0.493,314811538910735.44,1.1022091803528992e+48,-0.0017496570000000017,1.0942366243862382e+48,1.1101817363195603e+48
0.494,315450101869986.4,1.1022214606661527e+48,-0.0014997840000000012,1.0953874858482867e+48,1.1090554354840186e+48
0.495,316088664829237.4,1.1022337409794061e+48,-0.0012498750000000012,1.0965385113493525e+48,1.1079289706094596e+48
0.496,316727227788488.4,1.1022460212926592e+48,-0.000999936000000001,1.0976896735495991e+48,1.1068023690357193e+48
0.497,317365790747739.4,1.1022583016059126e+48,-0.0007499730000000007,1.0988409451091908e+48,1.1056756581026345e+48
0.498,318004353706990.3,1.1022705819191659e+48,-0.0004999920000000004,1.099992298688291e+48,1.1045488651500408e+48
0.499,318642916666241.3,1.1022828622324192e+48,-0.0002499990000000002,1.1011437069470637e+48,1.1034220175177747e+48
0.5,319281479625492.3,1.1022951425456726e+48,0.0,1.1022951425456726e+48,1.1022951425456726e+48
0.501,319920042584743.3,1.1023074228589259e+48,0.0002499990000000002,1.1034465781442814e+48,1.1011682675735704e+48
0.502,320558605543994.3,1.1023197031721792e+48,0.0004999920000000004,1.104597986403054e+48,1.1000414199413043e+48
0.503,321197168503245.25,1.1023319834854326e+48,0.0007499730000000007,1.1057493399821544e+48,1.0989146269887108e+48
0.504,321835731462496.25,1.1023442637986859e+48,0.000999936000000001,1.106900611541746e+48,1.0977879160556258e+48
0.505,322474294421747.25,1.1023565441119392e+48,0.0012498750000000012,1.1080517737419927e+48,1.0966613144818856e+48
0.506,323112857380998.25,1.1023688244251924e+48,0.0014997840000000012,1.1092027992430583e+48,1.0955348496073265e+48
0.507,323751420340249.2,1.1023811047384457e+48,0.0017496570000000017,1.1103536607051068e+48,1.0944085487717847e+48
0.508,324389983299500.2,1.1023933850516992e+48,0.0019994880000000015,1.111504330788302e+48,1.0932824393150963e+48
0.509,325028546258751.2,1.1024056653649524e+48,0.002249271000000002,1.1126547821528073e+48,1.0921565485770976e+48
0.51,325667109218002.2,1.1024179456782057e+48,0.0024990000000000025,1.1138049874587868e+48,1.0910309038976246e+48
0.511,326305672177253.1,1.1024302259914591e+48,0.002748669000000002,1.1149549193664043e+48,1.089905532616514e+48
0.512,326944235136504.1,1.1024425063047124e+48,0.0029982720000000028,1.1161045505358233e+48,1.0887804620736015e+48
0.513,327582798095755.1,1.1024547866179657e+48,0.0032478030000000027,1.117253853627208e+48,1.0876557196087233e+48
0.514,328221361055006.1,1.1024670669312191e+48,0.0034972560000000033,1.118402801300722e+48,1.0865313325617162e+48
0.515,328859924014257.06,1.1024793472444722e+48,0.0037466250000000034,1.1195513662165289e+48,1.0854073282724156e+48
0.516,329498486973508.06,1.1024916275577257e+48,0.003995904000000003,1.120699521034793e+48,1.0842837340806584e+48
0.517,330137049932759.06,1.102503907870979e+48,0.004245087000000003,1.1218472384156774e+48,1.0831605773262805e+48
0.518,330775612892010.06,1.1025161881842322e+48,0.004494168000000004,1.1229944910193465e+48,1.082037885349118e+48
0.519,331414175851261.0,1.1025284684974857e+48,0.0047431410000000045,1.1241412515059639e+48,1.0809156854890074e+48
0.52,332052738810512.0,1.102540748810739e+48,0.004992000000000004,1.1252874925356932e+48,1.0797940050857847e+48
0.521,332691301769763.0,1.1025530291239922e+48,0.005240739000000005,1.1264331867686983e+48,1.0786728714792861e+48
0.522,333329864729014.0,1.1025653094372456e+48,0.005489352000000005,1.1275783068651433e+48,1.077552312009348e+48
0.523,333968427688265.0,1.102577589750499e+48,0.005737833000000005,1.1287228254851914e+48,1.0764323540158064e+48
0.524,334606990647515.94,1.1025898700637522e+48,0.005986176000000005,1.1298667152890069e+48,1.0753130248384975e+48
0.525,335245553606766.94,1.1026021503770055e+48,0.0062343750000000055,1.1310099489367534e+48,1.0741943518172576e+48
0.526,335884116566017.94,1.1026144306902587e+48,0.006482424000000006,1.1321524990885947e+48,1.0730763622919228e+48
0.527,336522679525268.94,1.1026267110035122e+48,0.006730317000000006,1.1332943384046946e+48,1.0719590836023297e+48
0.528,337161242484519.9,1.1026389913167655e+48,0.006978048000000006,1.1344354395452169e+48,1.070842543088314e+48
0.529,337799805443770.9,1.1026512716300187e+48,0.007225611000000006,1.1355757751703253e+48,1.0697267680897122e+48
0.53,338438368403021.9,1.1026635519432722e+48,0.0074730000000000065,1.1367153179401837e+48,1.0686117859463606e+48
0.531,339076931362272.9,1.1026758322565254e+48,0.007720209000000007,1.1378540405149559e+48,1.067497623998095e+48
0.532,339715494321523.8,1.1026881125697787e+48,0.007967232000000006,1.1389919155548057e+48,1.0663843095847518e+48
0.533,340354057280774.8,1.1027003928830322e+48,0.008214063000000008,1.140128915719897e+48,1.0652718700461674e+48
0.534,340992620240025.8,1.1027126731962854e+48,0.008460696000000007,1.1412650136703931e+48,1.0641603327221778e+48
0.535,341631183199276.8,1.1027249535095387e+48,0.008707125000000008,1.1424001820664582e+48,1.0630497249526193e+48
0.536,342269746158527.75,1.1027372338227921e+48,0.008953344000000009,1.1435343935682562e+48,1.0619400740773281e+48
0.537,342908309117778.75,1.1027495141360453e+48,0.009199347000000007,1.1446676208359504e+48,1.0608314074361401e+48
0.538,343546872077029.75,1.1027617944492987e+48,0.009445128000000007,1.1457998365297052e+48,1.0597237523688922e+48
0.539,344185435036280.75,1.1027740747625521e+48,0.009690681000000008,1.1469310133096842e+48,1.05861713621542e+48
0.54,344823997995531.75,1.1027863550758052e+48,0.009936000000000009,1.1480611238360506e+48,1.0575115863155599e+48
0.541,345462560954782.7,1.1027986353890587e+48,0.010181079000000008,1.1491901407689692e+48,1.0564071300091481e+48
0.542,346101123914033.7,1.1028109157023121e+48,0.01042591200000001,1.1503180367686032e+48,1.055303794636021e+48
0.543,346739686873284.7,1.1028231960155652e+48,0.01067049300000001,1.1514447844951162e+48,1.0542016075360143e+48
0.544,347378249832535.7,1.1028354763288187e+48,0.01091481600000001,1.1525703566086725e+48,1.0531005960489649e+48
0.545,348016812791786.6,1.102847756642072e+48,0.01115887500000001,1.1536947257694355e+48,1.0520007875147084e+48
0.546,348655375751037.6,1.1028600369553252e+48,0.01140266400000001,1.1548178646375691e+48,1.0509022092730813e+48
0.547,349293938710288.6,1.1028723172685787e+48,0.01164617700000001,1.1559397458732374e+48,1.0498048886639199e+48
0.548,349932501669539.6,1.102884597581832e+48,0.011889408000000011,1.1570603421366037e+48,1.0487088530270601e+48
0.549,350571064628790.56,1.1028968778950852e+48,0.01213235100000001,1.158179626087832e+48,1.0476141297023385e+48
0.55,351209627588041.56,1.1029091582083386e+48,0.012375000000000011,1.1592975703870863e+48,1.046520746029591e+48
0.551,351848190547292.56,1.1029214385215919e+48,0.012617349000000012,1.1604141476945301e+48,1.0454287293486537e+48
0.552,352486753506543.56,1.1029337188348452e+48,0.012859392000000011,1.1615293306703272e+48,1.0443381069993632e+48
0.553,353125316465794.5,1.1029459991480986e+48,0.013101123000000011,1.1626430919746419e+48,1.0432489063215554e+48
0.554,353763879425045.5,1.1029582794613519e+48,0.013342536000000012,1.1637554042676372e+48,1.0421611546550666e+48
0.555,354402442384296.5,1.1029705597746052e+48,0.013583625000000012,1.1648662402094772e+48,1.0410748793397332e+48
0.556,355041005343547.5,1.1029828400878585e+48,0.013824384000000012,1.1659755724603259e+48,1.039990107715391e+48
0.557,355679568302798.44,1.1029951204011117e+48,0.014064807000000012,1.1670833736803469e+48,1.0389068671218765e+48
0.558,356318131262049.44,1.1030074007143652e+48,0.014304888000000012,1.1681896165297043e+48,1.037825184899026e+48
0.559,356956694221300.44,1.1030196810276184e+48,0.014544621000000013,1.1692942736685615e+48,1.0367450883866754e+48
0.56,357595257180551.44,1.1030319613408717e+48,0.014784000000000012,1.1703973177570823e+48,1.0356666049246611e+48
0.561,358233820139802.44,1.1030442416541252e+48,0.015023019000000012,1.1714987214554309e+48,1.0345897618528194e+48
0.562,358872383099053.4,1.1030565219673784e+48,0.015261672000000013,1.1725984574237705e+48,1.0335145865109863e+48
0.5630000000000001,359510946058304.4,1.1030688022806317e+48,0.015499953000000014,1.1736964983222654e+48,1.032441106238998e+48
0.5640000000000001,360149509017555.4,1.1030810825938851e+48,0.015737856000000012,1.1747928168110792e+48,1.031369348376691e+48
0.5650000000000001,360788071976806.4,1.1030933629071383e+48,0.015975375000000014,1.1758873855503755e+48,1.030299340263901e+48
0.5660000000000001,361426634936057.3,1.1031056432203917e+48,0.016212504000000013,1.1769801772003187e+48,1.0292311092404647e+48
0.5670000000000001,362065197895308.3,1.103117923533645e+48,0.016449237000000012,1.1780711644210718e+48,1.0281646826462182e+48
0.5680000000000001,362703760854559.3,1.1031302038468982e+48,0.016685568000000015,1.1791603198727992e+48,1.0271000878209973e+48
0.5690000000000001,363342323813810.3,1.1031424841601517e+48,0.016921491000000014,1.1802476162156644e+48,1.026037352104639e+48
0.5700000000000001,363980886773061.25,1.103154764473405e+48,0.017157000000000013,1.1813330261098312e+48,1.0249765028369787e+48
0.5710000000000001,364619449732312.25,1.1031670447866582e+48,0.017392089000000013,1.1824165222154634e+48,1.023917567357853e+48
0.5720000000000001,365258012691563.25,1.1031793250999117e+48,0.017626752000000013,1.183498077192725e+48,1.0228605730070984e+48
0.5730000000000001,365896575650814.25,1.103191605413165e+48,0.017860983000000014,1.1845776637017795e+48,1.0218055471245504e+48
0.5740000000000001,366535138610065.2,1.1032038857264182e+48,0.018094776000000014,1.1856552544027908e+48,1.0207525170500456e+48
0.5750000000000001,367173701569316.2,1.1032161660396715e+48,0.018328125000000015,1.1867308219559228e+48,1.0197015101234202e+48
0.5760000000000001,367812264528567.2,1.1032284463529248e+48,0.018561024000000016,1.1878043390213392e+48,1.0186525536845103e+48
0.577,368450827487818.1,1.1032407266661782e+48,0.01879346699999999,1.1888757782592037e+48,1.0176056750731527e+48
0.578,369089390447069.06,1.1032530069794316e+48,0.01902544799999999,1.1899451123296805e+48,1.0165609016291828e+48
0.579,369727953406320.06,1.1032652872926847e+48,0.01925696099999999,1.1910123138929326e+48,1.0155182606924369e+48
0.58,370366516365571.06,1.1032775676059382e+48,0.01948799999999999,1.1920773556091247e+48,1.0144777796027517e+48
0.581,371005079324822.06,1.1032898479191915e+48,0.019718558999999993,1.19314021013842e+48,1.0134394856999629e+48
0.582,371643642284073.0,1.1033021282324447e+48,0.019948631999999994,1.1942008501409825e+48,1.012403406323907e+48
0.583,372282205243324.0,1.1033144085456982e+48,0.02017821299999999,1.195259248276976e+48,1.0113695688144204e+48
0.584,372920768202575.0,1.1033266888589514e+48,0.02040729599999999,1.1963153772065641e+48,1.0103380005113388e+48
0.585,373559331161826.0,1.1033389691722047e+48,0.020635874999999995,1.1973692095899109e+48,1.0093087287544986e+48
0.586,374197894121076.94,1.1033512494854582e+48,0.020863943999999992,1.1984207180871801e+48,1.0082817808837362e+48
0.587,374836457080327.94,1.1033635297987114e+48,0.021091496999999994,1.1994698753585352e+48,1.0072571842388877e+48
0.588,375475020039578.94,1.1033758101119647e+48,0.021318527999999993,1.2005166540641402e+48,1.0062349661597892e+48
0.589,376113582998829.94,1.1033880904252181e+48,0.021545030999999992,1.2015610268641591e+48,1.0052151539862772e+48
0.59,376752145958080.94,1.1034003707384714e+48,0.021770999999999992,1.2026029664187554e+48,1.0041977750581875e+48
0.591,377390708917331.9,1.1034126510517247e+48,0.021996428999999994,1.203642445388093e+48,1.0031828567153564e+48
0.592,378029271876582.9,1.103424931364978e+48,0.022221311999999993,1.2046794364323356e+48,1.0021704262976204e+48
0.593,378667834835833.9,1.1034372116782312e+48,0.022445642999999994,1.2057139122116471e+48,1.0011605111448154e+48
0.594,379306397795084.9,1.1034494919914847e+48,0.022669415999999994,1.2067458453861915e+48,1.0001531385967779e+48
0.595,379944960754335.8,1.103461772304738e+48,0.022892624999999993,1.207775208616132e+48,9.991483359933439e+47
0.596,380583523713586.8,1.1034740526179912e+48,0.023115263999999993,1.208801974561633e+48,9.981461306743494e+47
0.597,381222086672837.8,1.1034863329312447e+48,0.023337326999999995,1.2098261158828581e+48,9.971465499796313e+47
0.598,381860649632088.8,1.103498613244498e+48,0.023558807999999994,1.2108476052399708e+48,9.961496212490251e+47
0.599,382499212591339.75,1.1035108935577512e+48,0.023779700999999993,1.2118664152931353e+48,9.951553718223672e+47
0.6,383137775550590.75,1.1035231738710047e+48,0.023999999999999994,1.2128825187025152e+48,9.941638290394941e+47
0.601,383776338509841.75,1.1035354541842578e+48,0.024219698999999997,1.2138958881282741e+48,9.931750202402414e+47
0.602,384414901469092.75,1.1035477344975112e+48,0.024438791999999994,1.2149064962305763e+48,9.921889727644461e+47
0.603,385053464428343.7,1.1035600148107645e+48,0.024657272999999993,1.2159143156695852e+48,9.912057139519438e+47
0.604,385692027387594.7,1.1035722951240178e+48,0.024875135999999996,1.2169193191054646e+48,9.90225271142571e+47
0.605,386330590346845.7,1.1035845754372712e+48,0.025092374999999997,1.2179214791983785e+48,9.892476716761639e+47
0.606,386969153306096.7,1.1035968557505245e+48,0.025308983999999996,1.2189207686084905e+48,9.882729428925584e+47
0.607,387607716265347.7,1.1036091360637777e+48,0.025524956999999997,1.2199171599959644e+48,9.87301112131591e+47
0.608,388246279224598.6,1.1036214163770312e+48,0.025740287999999997,1.2209106260209642e+48,9.863322067330981e+47
0.609,388884842183849.6,1.1036336966902845e+48,0.025954970999999997,1.2219011393436536e+48,9.853662540369154e+47
0.61,389523405143100.6,1.1036459770035377e+48,0.026168999999999998,1.2228886726241961e+48,9.844032813828793e+47
0.611,390161968102351.6,1.1036582573167912e+48,0.026382368999999996,1.223873198522756e+48,9.834433161108263e+47
0.612,390800531061602.56,1.1036705376300443e+48,0.026595071999999997,1.2248546896994965e+48,9.824863855605921e+47
0.613,391439094020853.56,1.1036828179432977e+48,0.026807103,1.225833118814582e+48,9.815325170720135e+47
0.614,392077656980104.56,1.1036950982565512e+48,0.027018455999999996,1.226808458528176e+48,9.805817379849263e+47
0.615,392716219939355.56,1.1037073785698043e+48,0.027229125,1.227780681500442e+48,9.796340756391666e+47
0.616,393354782898606.5,1.1037196588830577e+48,0.027439104,1.2287497603915444e+48,9.78689557374571e+47
0.617,393993345857857.5,1.103731939196311e+48,0.027648386999999996,1.2297156678616467e+48,9.777482105309753e+47
0.618,394631908817108.5,1.1037442195095643e+48,0.027856968,1.2306783765709124e+48,9.768100624482162e+47
0.619,395270471776359.5,1.1037564998228177e+48,0.028064840999999997,1.2316378591795059e+48,9.758751404661295e+47
0.62,395909034735610.44,1.103768780136071e+48,0.028272,1.2325940883475905e+48,9.749434719245514e+47
0.621,396547597694861.44,1.1037810604493242e+48,0.028478439,1.23354703673533e+48,9.740150841633184e+47
0.622,397186160654112.44,1.1037933407625777e+48,0.028684151999999997,1.2344966770028887e+48,9.730900045222666e+47
0.623,397824723613363.44,1.1038056210758308e+48,0.028889133,1.2354429818104296e+48,9.72168260341232e+47
0.624,398463286572614.4,1.1038179013890842e+48,0.029093376,1.2363859238181173e+48,9.712498789600512e+47
0.625,399101849531865.4,1.1038301817023377e+48,0.029296875,1.2373254756861152e+48,9.703348877185601e+47
0.626,399740412491116.4,1.1038424620155908e+48,0.029499624,1.2382616100745868e+48,9.694233139565947e+47
0.627,400378975450367.4,1.1038547423288442e+48,0.029701617,1.2391942996436967e+48,9.685151850139918e+47
0.628,401017538409618.4,1.1038670226420977e+48,0.029902848,1.240123517053608e+48,9.676105282305874e+47
0.629,401656101368869.3,1.1038793029553508e+48,0.030103311,1.2410492349644843e+48,9.667093709462172e+47
0.63,402294664328120.3,1.1038915832686042e+48,0.030303,1.2419714260364903e+48,9.658117405007181e+47
0.631,402933227287371.3,1.1039038635818575e+48,0.030501909,1.242890062929789e+48,9.64917664233926e+47
0.632,403571790246622.3,1.1039161438951108e+48,0.030700032000000002,1.2438051183045445e+48,9.64027169485677e+47
0.633,404210353205873.25,1.1039284242083642e+48,0.030897363,1.2447165648209208e+48,9.631402835958076e+47
0.634,404848916165124.25,1.1039407045216175e+48,0.031093896000000003,1.2456243751390811e+48,9.622570339041538e+47
0.635,405487479124375.25,1.1039529848348707e+48,0.031289625,1.2465285219191898e+48,9.613774477505517e+47
0.636,406126042083626.25,1.1039652651481242e+48,0.031484544,1.2474289778214104e+48,9.60501552474838e+47
0.637,406764605042877.2,1.1039775454613774e+48,0.031678647000000004,1.2483257155059066e+48,9.596293754168483e+47
0.638,407403168002128.2,1.1039898257746307e+48,0.031871928,1.2492187076328423e+48,9.587609439164191e+47
0.639,408041730961379.2,1.1040021060878842e+48,0.032064381,1.2501079268623815e+48,9.578962853133868e+47
0.64,408680293920630.2,1.1040143864011373e+48,0.032256,1.2509933458546875e+48,9.570354269475871e+47
0.641,409318856879881.1,1.1040266667143907e+48,0.032446779,1.2518749372699248e+48,9.561783961588566e+47
0.642,409957419839132.1,1.104038947027644e+48,0.032636712,1.2527526737682566e+48,9.553252202870314e+47
0.643,410595982798383.1,1.1040512273408973e+48,0.032825793000000006,1.2536265280098468e+48,9.544759266719477e+47
0.644,411234545757634.1,1.1040635076541507e+48,0.033014016,1.2544964726548594e+48,9.53630542653442e+47
0.645,411873108716885.1,1.104075787967404e+48,0.033201375000000005,1.2553624803634579e+48,9.5278909557135e+47
0.646,412511671676136.06,1.1040880682806572e+48,0.033387864,1.2562245237958065e+48,9.51951612765508e+47
0.647,413150234635387.06,1.1041003485939107e+48,0.033573477000000004,1.2570825756120685e+48,9.511181215757528e+47
0.648,413788797594638.06,1.104112628907164e+48,0.033758208000000005,1.2579366084724082e+48,9.502886493419198e+47
0.649,414427360553889.06,1.1041249092204172e+48,0.03394205100000001,1.2587865950369889e+48,9.494632234038456e+47
0.65,415065923513140.0,1.1041371895336705e+48,0.034125,1.2596325079659747e+48,9.486418711013663e+47
0.651,415704486472391.0,1.1041494698469238e+48,0.034307049000000006,1.2604743199195292e+48,9.478246197743184e+47
0.652,416343049431642.0,1.1041617501601772e+48,0.034488192,1.2613120035578166e+48,9.470114967625378e+47
0.653,416981612390893.0,1.1041740304734305e+48,0.034668423000000004,1.2621455315410003e+48,9.462025294058607e+47
0.654,417620175350143.94,1.1041863107866838e+48,0.034847736000000004,1.2629748765292441e+48,9.453977450441235e+47
0.655,418258738309394.94,1.1041985910999372e+48,0.035026125000000005,1.263800011182712e+48,9.445971710171625e+47
0.656,418897301268645.94,1.1042108714131905e+48,0.03520358400000001,1.2646209081615675e+48,9.438008346648134e+47
0.657,419535864227896.94,1.1042231517264438e+48,0.03538010700000001,1.2654375401259747e+48,9.430087633269128e+47
0.658,420174427187147.9,1.1042354320396972e+48,0.035555688,1.2662498797360973e+48,9.422209843432971e+47
0.659,420812990146398.9,1.1042477123529505e+48,0.03573032100000001,1.267057899652099e+48,9.414375250538019e+47
0.66,421451553105649.9,1.1042599926662037e+48,0.035904000000000005,1.2678615725341436e+48,9.406584127982639e+47
0.661,422090116064900.9,1.104272272979457e+48,0.03607671900000001,1.268660871042395e+48,9.398836749165191e+47
0.662,422728679024151.8,1.1042845532927103e+48,0.036248472000000004,1.2694557678370168e+48,9.391133387484038e+47
0.663,423367241983402.8,1.1042968336059637e+48,0.036419253000000006,1.2702462355781732e+48,9.383474316337542e+47
0.664,424005804942653.8,1.1043091139192172e+48,0.03658905600000001,1.2710322469260278e+48,9.375859809124066e+47
0.665,424644367901904.8,1.1043213942324704e+48,0.03675787500000001,1.271813774540744e+48,9.368290139241969e+47
0.666,425282930861155.8,1.1043336745457237e+48,0.036925704000000004,1.2725907910824858e+48,9.360765580089617e+47
0.667,425921493820406.75,1.104345954858977e+48,0.037092537,1.2733632692114173e+48,9.353286405065367e+47
0.668,426560056779657.75,1.1043582351722303e+48,0.03725836800000001,1.274131181587702e+48,9.345852887567586e+47
0.669,427198619738908.75,1.1043705154854837e+48,0.03742319100000001,1.274894500871504e+48,9.338465300994634e+47
0.67,427837182698159.75,1.104382795798737e+48,0.03758700000000001,1.2756531997229865e+48,9.331123918744874e+47
0.671,428475745657410.7,1.1043950761119904e+48,0.037749789000000006,1.276407250802314e+48,9.323829014216668e+47
0.672,429114308616661.7,1.1044073564252435e+48,0.037911552,1.2771566267696496e+48,9.316580860808375e+47
0.673,429752871575912.7,1.1044196367384968e+48,0.038072283000000005,1.2779013002851576e+48,9.30937973191836e+47
0.674,430391434535163.7,1.1044319170517502e+48,0.03823197600000001,1.2786412440090019e+48,9.302225900944986e+47
0.675,431029997494414.6,1.1044441973650037e+48,0.038390625000000005,1.2793764306013458e+48,9.295119641286615e+47
0.676,431668560453665.6,1.104456477678257e+48,0.038548224000000006,1.2801068327223533e+48,9.288061226341606e+47
0.677,432307123412916.6,1.1044687579915102e+48,0.03870476700000001,1.2808324230321883e+48,9.281050929508322e+47
0.678,432945686372167.6,1.1044810383047635e+48,0.03886024800000001,1.2815531741910144e+48,9.274089024185126e+47
0.679,433584249331418.56,1.1044933186180168e+48,0.039014661000000006,1.2822690588589955e+48,9.26717578377038e+47
0.68,434222812290669.56,1.1045055989312702e+48,0.03916800000000001,1.2829800496962956e+48,9.260311481662448e+47
0.681,434861375249920.56,1.1045178792445235e+48,0.03932025900000001,1.283686119363078e+48,9.25349639125969e+47
0.682,435499938209171.56,1.104530159557777e+48,0.03947143200000001,1.284387240519507e+48,9.246730785960469e+47
0.683,436138501168422.56,1.10454243987103e+48,0.03962151300000001,1.285083385825746e+48,9.240014939163141e+47
0.684,436777064127673.5,1.1045547201842833e+48,0.03977049600000001,1.2857745279419589e+48,9.233349124266078e+47
0.685,437415627086924.5,1.1045670004975368e+48,0.039918375000000006,1.2864606395283098e+48,9.226733614667637e+47
0.686,438054190046175.5,1.1045792808107902e+48,0.04006514400000001,1.2871416932449623e+48,9.220168683766181e+47
0.687,438692753005426.5,1.1045915611240435e+48,0.040210797000000006,1.2878176617520798e+48,9.213654604960071e+47
0.6880000000000001,439331315964677.44,1.1046038414372967e+48,0.04035532800000001,1.2884885177098265e+48,9.20719165164767e+47
0.6890000000000001,439969878923928.44,1.10461612175055e+48,0.040498731,1.2891542337783662e+48,9.200780097227338e+47
0.6900000000000001,440608441883179.44,1.1046284020638033e+48,0.04064100000000001,1.2898147826178625e+48,9.19442021509744e+47
0.6910000000000001,441247004842430.44,1.1046406823770567e+48,0.04078212900000001,1.2904701368884796e+48,9.188112278656339e+47
0.6920000000000001,441885567801681.4,1.10465296269031e+48,0.040922112000000004,1.2911202692503807e+48,9.181856561302393e+47
0.6930000000000001,442524130760932.4,1.1046652430035633e+48,0.04106094300000001,1.29176515236373e+48,9.175653336433965e+47
0.6940000000000001,443162693720183.4,1.1046775233168167e+48,0.04119861600000001,1.2924047588886913e+48,9.169502877449421e+47
0.6950000000000001,443801256679434.4,1.1046898036300698e+48,0.04133512500000001,1.2930390614854279e+48,9.163405457747118e+47
0.6960000000000001,444439819638685.3,1.1047020839433233e+48,0.041470464000000005,1.2936680328141044e+48,9.157361350725422e+47
0.6970000000000001,445078382597936.3,1.1047143642565767e+48,0.041604627000000005,1.294291645534884e+48,9.151370829782694e+47
0.6980000000000001,445716945557187.3,1.10472664456983e+48,0.04173760800000001,1.2949098723079307e+48,9.145434168317293e+47
0.6990000000000001,446355508516438.3,1.1047389248830832e+48,0.04186940100000001,1.295522685793408e+48,9.139551639727585e+47
0.7000000000000001,446994071475689.25,1.1047512051963367e+48,0.04200000000000001,1.2961300586514802e+48,9.133723517411932e+47
0.7010000000000001,447632634434940.25,1.1047634855095898e+48,0.04212939900000001,1.2967319635423106e+48,9.12795007476869e+47
0.7020000000000001,448271197394191.25,1.1047757658228432e+48,0.04225759200000001,1.2973283731260634e+48,9.12223158519623e+47
0.7030000000000001,448909760353442.25,1.1047880461360965e+48,0.04238457300000001,1.2979192600629022e+48,9.116568322092908e+47
0.704,449548323312693.1,1.1048003264493498e+48,0.042510335999999996,1.2985045970129906e+48,9.11096055885709e+47
0.705,450186886271944.1,1.1048126067626032e+48,0.042634874999999996,1.2990843566364929e+48,9.105408568887136e+47
0.706,450825449231195.1,1.1048248870758565e+48,0.042758184,1.2996585115935722e+48,9.099912625581408e+47
0.707,451464012190446.1,1.10483716738911e+48,0.042880257,1.3002270345443932e+48,9.094473002338267e+47
0.708,452102575149697.06,1.104849447702363e+48,0.04300108799999999,1.3007898981491185e+48,9.089089972556076e+47
0.709,452741138108948.06,1.1048617280156163e+48,0.04312067099999999,1.3013470750679129e+48,9.083763809633198e+47
0.71,453379701068199.06,1.1048740083288698e+48,0.043239,1.30189853796094e+48,9.078494786967995e+47
0.711,454018264027450.06,1.1048862886421232e+48,0.043356069,1.3024442594883635e+48,9.07328317795883e+47
0.712,454656826986701.06,1.1048985689553765e+48,0.043471871999999995,1.3029842123103468e+48,9.068129256004062e+47
0.713,455295389945952.0,1.1049108492686297e+48,0.043586402999999996,1.3035183690870542e+48,9.063033294502053e+47
0.714,455933952905203.0,1.104923129581883e+48,0.043699655999999996,1.3040467024786493e+48,9.057995566851167e+47
0.715,456572515864454.0,1.1049354098951363e+48,0.04381162499999999,1.3045691851452959e+48,9.053016346449767e+47
0.716,457211078823705.0,1.1049476902083897e+48,0.043922304,1.3050857897471579e+48,9.048095906696216e+47
0.717,457849641782955.94,1.104959970521643e+48,0.04403168699999999,1.3055964889443989e+48,9.043234520988871e+47
0.718,458488204742206.94,1.1049722508348963e+48,0.044139767999999996,1.3061012553971829e+48,9.038432462726097e+47
0.719,459126767701457.94,1.1049845311481497e+48,0.044246541,1.3066000617656735e+48,9.03369000530626e+47
0.72,459765330660708.94,1.1049968114614028e+48,0.044351999999999996,1.3070928807100344e+48,9.029007422127713e+47
0.721,460403893619959.9,1.1050090917746563e+48,0.044456139,1.3075796848904299e+48,9.024384986588827e+47
0.722,461042456579210.9,1.1050213720879097e+48,0.044558952,1.3080604469670234e+48,9.01982297208796e+47
0.723,461681019538461.9,1.105033652401163e+48,0.044660433,1.3085351395999786e+48,9.015321652023474e+47
0.724,462319582497712.9,1.1050459327144163e+48,0.044760575999999996,1.3090037354494595e+48,9.01088129979373e+47
0.725,462958145456963.8,1.1050582130276697e+48,0.04485937499999999,1.30946620717563e+48,9.006502188797095e+47
0.726,463596708416214.8,1.1050704933409228e+48,0.044956824,1.3099225274386534e+48,9.002184592431922e+47
0.727,464235271375465.8,1.1050827736541762e+48,0.045052917,1.310372668898694e+48,8.997928784096585e+47
0.728,464873834334716.8,1.1050950539674295e+48,0.045147648,1.3108166042159153e+48,8.993735037189437e+47
0.729,465512397293967.75,1.1051073342806828e+48,0.045241011,1.3112543060504812e+48,8.989603625108843e+47
0.73,466150960253218.75,1.1051196145939362e+48,0.045333,1.3116857470625559e+48,8.985534821253166e+47
0.731,466789523212469.75,1.1051318949071893e+48,0.045423609,1.3121108999123022e+48,8.981528899020764e+47
0.732,467428086171720.75,1.1051441752204428e+48,0.045512832,1.3125297372598849e+48,8.977586131810006e+47
0.733,468066649130971.75,1.105156455533696e+48,0.04560066299999999,1.3129422317654671e+48,8.97370679301925e+47
0.734,468705212090222.7,1.1051687358469495e+48,0.045687095999999996,1.3133483560892132e+48,8.969891156046858e+47
0.735,469343775049473.7,1.1051810161602028e+48,0.045772125,1.3137480828912863e+48,8.966139494291192e+47
0.736,469982338008724.7,1.1051932964734562e+48,0.045855744,1.314141384831851e+48,8.962452081150614e+47
0.737,470620900967975.7,1.1052055767867093e+48,0.045937947,1.31452823457107e+48,8.958829190023486e+47
0.738,471259463927226.6,1.1052178570999628e+48,0.046018727999999995,1.3149086047691083e+48,8.955271094308172e+47
0.739,471898026886477.6,1.105230137413216e+48,0.046098081,1.3152824680861288e+48,8.951778067403032e+47
0.74,472536589845728.6,1.1052424177264693e+48,0.046176,1.3156497971822957e+48,8.948350382706429e+47
0.741,473175152804979.6,1.1052546980397227e+48,0.046252479,1.3160105647177728e+48,8.944988313616727e+47
0.742,473813715764230.56,1.1052669783529762e+48,0.046327511999999994,1.3163647433527238e+48,8.941692133532285e+47
0.743,474452278723481.56,1.1052792586662293e+48,0.046401093000000004,1.3167123057473123e+48,8.938462115851463e+47
0.744,475090841682732.56,1.1052915389794826e+48,0.046473216,1.3170532245617024e+48,8.935298533972628e+47
0.745,475729404641983.56,1.105303819292736e+48,0.046543875,1.317387472456058e+48,8.93220166129414e+47
0.746,476367967601234.5,1.1053160996059893e+48,0.046613064,1.3177150220905423e+48,8.929171771214362e+47
0.747,477006530560485.5,1.1053283799192427e+48,0.046680777,1.3180358461253197e+48,8.926209137131657e+47
0.748,477645093519736.5,1.105340660232496e+48,0.046747008,1.3183499172205536e+48,8.923314032444384e+47
0.749,478283656478987.5,1.1053529405457493e+48,0.046811751,1.318657208036408e+48,8.920486730550906e+47
0.75,478922219438238.5,1.1053652208590025e+48,0.046875,1.3189576912330468e+48,8.917727504849583e+47
0.751,479560782397489.44,1.1053775011722558e+48,0.046936749,1.3192513394706333e+48,8.915036628738784e+47
0.752,480199345356740.44,1.1053897814855093e+48,0.046996992,1.319538125409332e+48,8.912414375616865e+47
0.753,480837908315991.44,1.1054020617987625e+48,0.047055723,1.319818021709306e+48,8.90986101888219e+47
0.754,481476471275242.44,1.105414342112016e+48,0.047112936,1.3200910010307196e+48,8.907376831933123e+47
0.755,482115034234493.4,1.105426622425269e+48,0.047168625,1.3203570360337362e+48,8.90496208816802e+47
0.756,482753597193744.4,1.1054389027385225e+48,0.047222784,1.3206160993785201e+48,8.90261706098525e+47
0.757,483392160152995.4,1.1054511830517758e+48,0.047275407000000005,1.3208681637252345e+48,8.90034202378317e+47
0.758,484030723112246.4,1.1054634633650292e+48,0.047326488,1.3211132017340438e+48,8.898137249960147e+47
0.759,484669286071497.3,1.1054757436782825e+48,0.047376021000000004,1.321351186065111e+48,8.89600301291454e+47
0.76,485307849030748.3,1.1054880239915358e+48,0.047424,1.3215820893786008e+48,8.893939586044707e+47
0.761,485946411989999.3,1.105500304304789e+48,0.047470419,1.3218058843346762e+48,8.891947242749019e+47
0.762,486584974949250.3,1.1055125846180423e+48,0.047515272,1.3220225435935015e+48,8.890026256425832e+47
0.763,487223537908501.25,1.1055248649312958e+48,0.047558552999999996,1.3222320398152405e+48,8.88817690047351e+47
0.764,487862100867752.25,1.105537145244549e+48,0.047600256,1.3224343456600566e+48,8.886399448290415e+47
0.765,488500663827003.25,1.1055494255578025e+48,0.047640375,1.322629433788114e+48,8.884694173274909e+47
0.766,489139226786254.25,1.1055617058710557e+48,0.047678904,1.322817276859576e+48,8.883061348825354e+47
0.767,489777789745505.2,1.105573986184309e+48,0.047715837,1.322997847534607e+48,8.88150124834011e+47
0.768,490416352704756.2,1.1055862664975623e+48,0.047751168000000004,1.3231711184733704e+48,8.880014145217542e+47
0.769,491054915664007.2,1.1055985468108157e+48,0.047784891,1.3233370623360302e+48,8.878600312856012e+47
0.77,491693478623258.2,1.105610827124069e+48,0.047817,1.3234956517827499e+48,8.877260024653881e+47
0.771,492332041582509.2,1.1056231074373223e+48,0.047847489,1.3236468594736935e+48,8.87599355400951e+47
0.772,492970604541760.1,1.1056353877505756e+48,0.047876352,1.3237906580690248e+48,8.874801174321263e+47
0.773,493609167501011.1,1.1056476680638288e+48,0.047903583,1.3239270202289075e+48,8.873683158987501e+47
0.774,494247730460262.1,1.1056599483770823e+48,0.047929176000000004,1.3240559186135056e+48,8.872639781406589e+47
0.775,494886293419513.1,1.1056722286903355e+48,0.047953125,1.3241773258829827e+48,8.871671314976884e+47
0.776,495524856378764.06,1.105684509003589e+48,0.047975423999999996,1.3242912146975026e+48,8.870778033096753e+47
0.777,496163419338015.06,1.1056967893168423e+48,0.047996066999999996,1.3243975577172291e+48,8.869960209164554e+47
0.778,496801982297266.06,1.1057090696300954e+48,0.048015048,1.3244963276023259e+48,8.869218116578649e+47
0.779,497440545256517.06,1.1057213499433488e+48,0.048032360999999996,1.3245874970129571e+48,8.868552028737405e+47
0.78,498079108215768.0,1.1057336302566022e+48,0.048048,1.3246710386092864e+48,8.86796221903918e+47
0.781,498717671175019.0,1.1057459105698555e+48,0.048061959,1.3247469250514773e+48,8.867448960882337e+47
0.782,499356234134270.0,1.1057581908831088e+48,0.048074232,1.3248151289996938e+48,8.867012527665237e+47
0.783,499994797093521.0,1.1057704711963622e+48,0.048084813,1.3248756231140999e+48,8.866653192786246e+47
0.784,500633360052771.94,1.1057827515096153e+48,0.048093696000000005,1.3249283800548588e+48,8.866371229643719e+47
0.785,501271923012022.94,1.1057950318228688e+48,0.048100875,1.324973372482135e+48,8.866166911636026e+47
0.786,501910485971273.94,1.105807312136122e+48,0.048106344,1.3250105730560917e+48,8.866040512161525e+47
0.787,502549048930524.94,1.1058195924493755e+48,0.048110097,1.3250399544368932e+48,8.865992304618578e+47
0.788,503187611889775.9,1.1058318727626288e+48,0.048112128000000004,1.3250614892847028e+48,8.866022562405547e+47
0.789,503826174849026.9,1.1058441530758822e+48,0.048112431000000004,1.3250751502596847e+48,8.866131558920797e+47
0.79,504464737808277.9,1.1058564333891353e+48,0.048111,1.3250809100220022e+48,8.866319567562685e+47
0.791,505103300767528.9,1.1058687137023888e+48,0.048107829,1.3250787412318198e+48,8.866586861729577e+47
0.792,505741863726779.9,1.105880994015642e+48,0.048102912,1.3250686165493007e+48,8.866933714819834e+47
0.793,506380426686030.8,1.1058932743288953e+48,0.048096243000000004,1.325050508634609e+48,8.867360400231817e+47
0.794,507018989645281.8,1.1059055546421487e+48,0.048087816000000005,1.3250243901479085e+48,8.86786719136389e+47
0.795,507657552604532.8,1.105917834955402e+48,0.048077625,1.3249902337493626e+48,8.868454361614414e+47
0.796,508296115563783.8,1.1059301152686553e+48,0.048065664,1.3249480120991356e+48,8.86912218438175e+47
0.797,508934678523034.75,1.1059423955819086e+48,0.048051926999999994,1.3248976978573908e+48,8.869870933064263e+47
0.798,509573241482285.75,1.1059546758951618e+48,0.048036408,1.3248392636842925e+48,8.870700881060312e+47
0.799,510211804441536.75,1.1059669562084153e+48,0.048019100999999995,1.3247726822400042e+48,8.871612301768263e+47
0.8,510850367400787.75,1.1059792365216687e+48,0.048,1.32469792618469e+48,8.872605468586475e+47
0.801,511488930360038.7,1.105991516834922e+48,0.047979099000000004,1.324614968178513e+48,8.87368065491331e+47
0.802,512127493319289.7,1.1060037971481753e+48,0.047956391999999994,1.3245237808816376e+48,8.874838134147129e+47
0.803,512766056278540.7,1.1060160774614285e+48,0.047931873,1.3244243369542274e+48,8.876078179686297e+47
0.804,513404619237791.7,1.1060283577746818e+48,0.047905536,1.3243166090564461e+48,8.877401064929175e+47
0.805,514043182197042.6,1.1060406380879353e+48,0.047877375,1.3242005698484579e+48,8.878807063274126e+47
0.806,514681745156293.6,1.1060529184011885e+48,0.047847384,1.3240761919904261e+48,8.88029644811951e+47
0.807,515320308115544.6,1.106065198714442e+48,0.047815557,1.323943448142515e+48,8.88186949286369e+47
0.808,515958871074795.6,1.106077479027695e+48,0.047781888,1.3238023109648875e+48,8.883526470905027e+47
0.809,516597434034046.6,1.1060897593409484e+48,0.047746370999999996,1.3236527531177082e+48,8.885267655641885e+47
0.81,517235996993297.56,1.1061020396542018e+48,0.047708999999999994,1.3234947472611409e+48,8.887093320472627e+47
0.811,517874559952548.56,1.1061143199674552e+48,0.047669769,1.3233282660553492e+48,8.889003738795613e+47
0.812,518513122911799.56,1.1061266002807085e+48,0.047628672,1.3231532821604966e+48,8.890999184009204e+47
0.8130000000000001,519151685871050.56,1.1061388805939616e+48,0.047585703,1.322969768236747e+48,8.893079929511762e+47
0.8140000000000001,519790248830301.5,1.106151160907215e+48,0.04754085599999999,1.3227776969442646e+48,8.895246248701655e+47
0.8150000000000001,520428811789552.5,1.1061634412204683e+48,0.047494125,1.3225770409432128e+48,8.897498414977238e+47
0.8160000000000001,521067374748803.5,1.1061757215337218e+48,0.047445504,1.3223677728937557e+48,8.899836701736879e+47
0.8170000000000001,521705937708054.5,1.106188001846975e+48,0.04739498699999999,1.3221498654560567e+48,8.902261382378934e+47
0.8180000000000001,522344500667305.44,1.1062002821602283e+48,0.047342567999999995,1.32192329129028e+48,8.904772730301767e+47
0.8190000000000001,522983063626556.44,1.1062125624734816e+48,0.047288240999999995,1.3216880230565889e+48,8.907371018903743e+47
0.8200000000000001,523621626585807.44,1.1062248427867349e+48,0.047231999999999996,1.3214440334151477e+48,8.91005652158322e+47
0.8210000000000001,524260189545058.44,1.1062371230999883e+48,0.047173838999999995,1.3211912950261201e+48,8.912829511738565e+47
0.8220000000000001,524898752504309.4,1.1062494034132417e+48,0.047113751999999995,1.3209297805496697e+48,8.915690262768138e+47
0.8230000000000001,525537315463560.4,1.106261683726495e+48,0.047051733,1.3206594626459604e+48,8.918639048070297e+47
0.8240000000000001,526175878422811.4,1.1062739640397483e+48,0.046987775999999995,1.3203803139751556e+48,8.92167614104341e+47
0.8250000000000001,526814441382062.4,1.1062862443530016e+48,0.046921874999999995,1.3200923071974197e+48,8.924801815085834e+47
0.8260000000000001,527453004341313.3,1.1062985246662548e+48,0.046854024,1.3197954149729163e+48,8.928016343595934e+47
0.8270000000000001,528091567300564.3,1.1063108049795083e+48,0.046784216999999996,1.3194896099618091e+48,8.931319999972075e+47
0.8280000000000001,528730130259815.3,1.1063230852927615e+48,0.046712448,1.3191748648242619e+48,8.934713057612612e+47
0.8290000000000001,529368693219066.3,1.1063353656060148e+48,0.04663871099999999,1.3188511522204384e+48,8.938195789915912e+47
0.8300000000000001,530007256178317.3,1.1063476459192683e+48,0.04656299999999999,1.3185184448105027e+48,8.941768470280338e+47
0.8310000000000001,530645819137568.25,1.1063599262325214e+48,0.046485308999999995,1.3181767152546181e+48,8.945431372104246e+47
0.8320000000000001,531284382096819.25,1.1063722065457748e+48,0.046405631999999995,1.317825936212949e+48,8.949184768786006e+47
0.833,531922945056070.2,1.1063844868590281e+48,0.046323962999999996,1.3174660803456589e+48,8.953028933723973e+47
0.834,532561508015321.1,1.1063967671722814e+48,0.046240296,1.3170971203129113e+48,8.956964140316514e+47
0.835,533200070974572.1,1.1064090474855348e+48,0.046154625000000005,1.3167190287748707e+48,8.96099066196199e+47
0.836,533838633933823.1,1.1064213277987882e+48,0.046066944000000005,1.3163317783917002e+48,8.965108772058763e+47
0.837,534477196893074.1,1.1064336081120415e+48,0.045977247000000006,1.3159353418235638e+48,8.969318744005192e+47
0.838,535115759852325.1,1.1064458884252946e+48,0.045885528,1.3155296917306253e+48,8.97362085119964e+47
0.839,535754322811576.06,1.106458168738548e+48,0.045791781000000004,1.3151148007730487e+48,8.978015367040474e+47
0.84,536392885770827.06,1.1064704490518013e+48,0.045696,1.3146906416109975e+48,8.982502564926052e+47
0.841,537031448730078.06,1.1064827293650548e+48,0.04559817900000001,1.3142571869046358e+48,8.987082718254737e+47
0.842,537670011689329.06,1.106495009678308e+48,0.045498312,1.3138144093141271e+48,8.99175610042489e+47
0.843,538308574648580.0,1.1065072899915615e+48,0.04539639300000001,1.3133622814996354e+48,8.996522984834876e+47
0.844,538947137607831.0,1.1065195703048146e+48,0.04529241600000001,1.3129007761213242e+48,9.00138364488305e+47
0.845,539585700567082.0,1.1065318506180679e+48,0.045186375,1.3124298658393575e+48,9.006338353967782e+47
0.846,540224263526333.0,1.1065441309313213e+48,0.045078264,1.3119495233138992e+48,9.011387385487434e+47
0.847,540862826485583.94,1.1065564112445746e+48,0.044968077,1.311459721205113e+48,9.016531012840362e+47
0.848,541501389444834.94,1.106568691557828e+48,0.044855808000000004,1.3109604321731627e+48,9.021769509424933e+47
0.849,542139952404085.94,1.1065809718710813e+48,0.044741451,1.3104516288782119e+48,9.027103148639507e+47
0.85,542778515363336.94,1.1065932521843346e+48,0.044625,1.3099332839804246e+48,9.032532203882445e+47
0.851,543417078322587.9,1.1066055324975878e+48,0.044506449000000003,1.3094053701399646e+48,9.038056948552111e+47
0.852,544055641281838.9,1.1066178128108413e+48,0.044385792,1.3088678600169956e+48,9.04367765604687e+47
0.853,544694204241089.9,1.1066300931240946e+48,0.044263023,1.3083207262716815e+48,9.049394599765077e+47
0.854,545332767200340.9,1.1066423734373478e+48,0.044138136,1.3077639415641858e+48,9.055208053105099e+47
0.855,545971330159591.8,1.1066546537506013e+48,0.044011125000000005,1.3071974785546728e+48,9.061118289465297e+47
0.856,546609893118842.8,1.1066669340638544e+48,0.043881984000000006,1.3066213099033056e+48,9.067125582244032e+47
0.857,547248456078093.8,1.1066792143771078e+48,0.043750707,1.3060354082702489e+48,9.073230204839668e+47
0.858,547887019037344.8,1.1066914946903611e+48,0.043617288000000004,1.3054397463156656e+48,9.079432430650566e+47
0.859,548525581996595.8,1.1067037750036145e+48,0.043481721,1.3048342966997201e+48,9.08573253307509e+47
0.86,549164144955846.75,1.1067160553168678e+48,0.043344,1.3042190320825759e+48,9.092130785511597e+47
0.861,549802707915097.75,1.1067283356301212e+48,0.043204119,1.303593925124397e+48,9.098627461358455e+47
0.862,550441270874348.75,1.1067406159433744e+48,0.043062072,1.3029589484853467e+48,9.10522283401402e+47
0.863,551079833833599.75,1.1067528962566278e+48,0.042917853,1.3023140748255895e+48,9.11191717687666e+47
0.864,551718396792850.7,1.106765176569881e+48,0.042771456000000006,1.3016592768052887e+48,9.118710763344734e+47
0.865,552356959752101.7,1.1067774568831343e+48,0.042622875,1.3009945270846081e+48,9.125603866816606e+47
0.866,552995522711352.7,1.1067897371963878e+48,0.042472104000000004,1.300319798323712e+48,9.132596760690635e+47
0.867,553634085670603.7,1.1068020175096409e+48,0.042319137,1.2996350631827634e+48,9.139689718365184e+47
0.868,554272648629854.6,1.1068142978228943e+48,0.042163968,1.2989402943219267e+48,9.14688301323862e+47
0.869,554911211589105.6,1.1068265781361476e+48,0.042006591,1.2982354644013656e+48,9.154176918709296e+47
0.87,555549774548356.6,1.106838858449401e+48,0.041847,1.2975205460812437e+48,9.161571708175584e+47
0.871,556188337507607.6,1.1068511387626543e+48,0.041685189,1.2967955120217248e+48,9.169067655035838e+47
0.872,556826900466858.56,1.1068634190759078e+48,0.041521152000000006,1.296060334882973e+48,9.176665032688425e+47
0.873,557465463426109.56,1.1068756993891609e+48,0.041354883,1.2953149873251515e+48,9.184364114531702e+47
0.874,558104026385360.56,1.1068879797024143e+48,0.041186376,1.2945594420084248e+48,9.192165173964039e+47
0.875,558742589344611.56,1.1069002600156676e+48,0.041015625,1.2937936715929563e+48,9.200068484383789e+47
0.876,559381152303862.56,1.1069125403289209e+48,0.040842624,1.2930176487389095e+48,9.208074319189322e+47
0.877,560019715263113.5,1.1069248206421743e+48,0.040667366999999996,1.292231346106449e+48,9.216182951778996e+47
0.878,560658278222364.5,1.1069371009554276e+48,0.040489848,1.291434736355738e+48,9.224394655551172e+47
0.879,561296841181615.5,1.1069493812686808e+48,0.040310061,1.2906277921469403e+48,9.232709703904213e+47
0.88,561935404140866.5,1.1069616615819341e+48,0.040128,1.2898104861402198e+48,9.241128370236484e+47
0.881,562573967100117.44,1.1069739418951876e+48,0.039943659,1.2889827909957405e+48,9.249650927946346e+47
0.882,563212530059368.5,1.1069862222084408e+48,0.039757032000000005,1.2881446793736659e+48,9.258277650432158e+47
0.883,563851093018619.4,1.1069985025216943e+48,0.039568113,1.28729612393416e+48,9.267008811092286e+47
0.884,564489655977870.4,1.1070107828349475e+48,0.039376896,1.2864370973373862e+48,9.275844683325088e+47
0.885,565128218937121.4,1.1070230631482008e+48,0.039183375,1.2855675722435088e+48,9.284785540528928e+47
0.886,565766781896372.4,1.1070353434614541e+48,0.038987544,1.2846875213126913e+48,9.293831656102168e+47
0.887,566405344855623.4,1.1070476237747074e+48,0.038789396999999996,1.2837969172050974e+48,9.302983303443173e+47
0.888,567043907814874.4,1.1070599040879608e+48,0.038588927999999995,1.2828957325808914e+48,9.312240755950302e+47
0.889,567682470774125.4,1.107072184401214e+48,0.038386131,1.2819839401002366e+48,9.321604287021916e+47
0.89,568321033733376.4,1.1070844647144675e+48,0.038181,1.2810615124232969e+48,9.331074170056381e+47
0.891,568959596692627.2,1.1070967450277206e+48,0.03797352899999999,1.280128422210236e+48,9.340650678452053e+47
0.892,569598159651878.2,1.107109025340974e+48,0.037763712,1.279184642121218e+48,9.350334085607302e+47
0.893,570236722611129.2,1.1071213056542273e+48,0.03755154299999999,1.2782301448164064e+48,9.360124664920483e+47
0.894,570875285570380.2,1.1071335859674808e+48,0.037337015999999994,1.2772649029559652e+48,9.370022689789963e+47
0.895,571513848529631.2,1.107145866280734e+48,0.037120125,1.2762888892000581e+48,9.3800284336141e+47
0.896,572152411488882.2,1.1071581465939873e+48,0.036900864,1.2753020762088489e+48,9.390142169791258e+47
0.897,572790974448133.2,1.1071704269072406e+48,0.036679226999999995,1.274304436642501e+48,9.400364171719801e+47
0.898,573429537407384.2,1.1071827072204939e+48,0.036455207999999996,1.273295943161179e+48,9.410694712798087e+47
0.899,574068100366635.2,1.1071949875337473e+48,0.03622880099999999,1.2722765684250462e+48,9.421134066424484e+47
0.9,574706663325886.1,1.1072072678470006e+48,0.036,1.2712462850942664e+48,9.431682505997348e+47
0.901,575345226285137.1,1.107219548160254e+48,0.035768799,1.2702050658290036e+48,9.442340304915045e+47
0.902,575983789244388.1,1.1072318284735073e+48,0.03553519199999999,1.2691528832894214e+48,9.453107736575932e+47
0.903,576622352203639.1,1.1072441087867606e+48,0.03529917299999999,1.2680897101356834e+48,9.463985074378377e+47
0.904,577260915162890.1,1.1072563891000138e+48,0.03506073599999999,1.2670155190279537e+48,9.47497259172074e+47
0.905,577899478122141.1,1.1072686694132673e+48,0.03481987499999999,1.2659302826263963e+48,9.486070562001383e+47
0.906,578538041081392.1,1.1072809497265206e+48,0.034576583999999994,1.2648339735911743e+48,9.497279258618668e+47
0.907,579176604040643.1,1.1072932300397738e+48,0.03433085699999999,1.2637265645824522e+48,9.508598954970955e+47
0.908,579815166999894.0,1.1073055103530271e+48,0.03408268799999999,1.2626080282603932e+48,9.52002992445661e+47
0.909,580453729959145.0,1.1073177906662804e+48,0.03383207099999999,1.2614783372851616e+48,9.531572440473992e+47
0.91,581092292918396.0,1.1073300709795338e+48,0.03357899999999999,1.260337464316921e+48,9.543226776421466e+47
0.911,581730855877647.0,1.1073423512927871e+48,0.03332346899999999,1.259185382015835e+48,9.554993205697392e+47
0.912,582369418836898.0,1.1073546316060405e+48,0.03306547199999999,1.258022063042068e+48,9.566872001700131e+47
0.913,583007981796149.0,1.1073669119192938e+48,0.03280500299999999,1.256847480055783e+48,9.578863437828047e+47
0.914,583646544755400.0,1.107379192232547e+48,0.032542055999999986,1.2556616057171439e+48,9.5909677874795e+47
0.915,584285107714651.0,1.1073914725458004e+48,0.03227662499999999,1.254464412686315e+48,9.603185324052857e+47
0.916,584923670673902.0,1.1074037528590538e+48,0.03200870399999999,1.2532558736234601e+48,9.615516320946475e+47
0.917,585562233633152.9,1.107416033172307e+48,0.03173828699999999,1.2520359611887424e+48,9.627961051558717e+47
0.918,586200796592403.9,1.1074283134855603e+48,0.03146536799999999,1.250804648042326e+48,9.640519789287946e+47
0.919,586839359551654.9,1.1074405937988138e+48,0.03118994099999999,1.249561906844375e+48,9.653192807532525e+47
0.92,587477922510905.9,1.1074528741120669e+48,0.03091199999999999,1.2483077102550525e+48,9.665980379690813e+47
0.921,588116485470156.9,1.1074651544253203e+48,0.03063153899999999,1.247042030934523e+48,9.678882779161176e+47
0.922,588755048429407.9,1.1074774347385736e+48,0.030348551999999987,1.2457648415429497e+48,9.691900279341975e+47
0.923,589393611388658.9,1.107489715051827e+48,0.03006303299999999,1.244476114740497e+48,9.70503315363157e+47
0.924,590032174347909.9,1.1075019953650803e+48,0.029774975999999988,1.2431758231873282e+48,9.718281675428324e+47
0.925,590670737307160.8,1.1075142756783338e+48,0.029484374999999986,1.2418639395436074e+48,9.731646118130601e+47
0.926,591309300266411.8,1.1075265559915869e+48,0.029191223999999984,1.240540436469498e+48,9.745126755136758e+47
0.927,591947863225662.8,1.1075388363048401e+48,0.02889551699999999,1.2392052866251641e+48,9.758723859845162e+47
0.928,592586426184913.8,1.1075511166180936e+48,0.028597247999999985,1.2378584626707697e+48,9.772437705654175e+47
0.929,593224989144164.8,1.1075633969313469e+48,0.028296410999999987,1.236499937266478e+48,9.786268565962156e+47
0.93,593863552103415.8,1.1075756772446003e+48,0.027992999999999987,1.2351296830724534e+48,9.800216714167472e+47
0.931,594502115062666.8,1.1075879575578536e+48,0.027687008999999988,1.2337476727488593e+48,9.814282423668479e+47
0.932,595140678021917.8,1.1076002378711068e+48,0.027378431999999987,1.2323538789558595e+48,9.828465967863542e+47
0.933,595779240981168.8,1.1076125181843601e+48,0.027067262999999984,1.2309482743536179e+48,9.842767620151024e+47
0.934,596417803940419.6,1.1076247984976136e+48,0.026753495999999984,1.2295308316022985e+48,9.857187653929286e+47
0.935,597056366899670.6,1.1076370788108668e+48,0.026437124999999985,1.2281015233620647e+48,9.87172634259669e+47
0.936,597694929858921.6,1.1076493591241201e+48,0.026118143999999982,1.2266603222930805e+48,9.886383959551597e+47
0.937,598333492818172.6,1.1076616394373735e+48,0.025796546999999982,1.2252072010555097e+48,9.901160778192373e+47
0.9380000000000001,598972055777423.6,1.1076739197506267e+48,0.02547232799999998,1.2237421323095158e+48,9.916057071917375e+47
0.9390000000000001,599610618736674.6,1.1076862000638801e+48,0.02514548099999998,1.2222650887152633e+48,9.931073114124969e+47
0.9400000000000001,600249181695925.6,1.1076984803771334e+48,0.02481599999999998,1.2207760429329153e+48,9.946209178213514e+47
0.9410000000000001,600887744655176.6,1.1077107606903868e+48,0.024483878999999983,1.2192749676226359e+48,9.961465537581377e+47
0.9420000000000001,601526307614427.5,1.10772304100364e+48,0.02414911199999998,1.2177618354445887e+48,9.976842465626914e+47
0.9430000000000001,602164870573678.5,1.1077353213168935e+48,0.023811692999999978,1.2162366190589379e+48,9.992340235748491e+47
0.9440000000000001,602803433532929.5,1.1077476016301466e+48,0.02347161599999998,1.2146992911258466e+48,1.0007959121344466e+48
0.9450000000000001,603441996492180.5,1.1077598819433999e+48,0.02312887499999998,1.2131498243054792e+48,1.0023699395813206e+48
0.9460000000000001,604080559451431.5,1.1077721622566533e+48,0.02278346399999998,1.2115881912579995e+48,1.0039561332553072e+48
0.9470000000000001,604719122410682.5,1.1077844425699066e+48,0.02243537699999998,1.2100143646435708e+48,1.0055545204962425e+48
0.9480000000000001,605357685369933.5,1.10779672288316e+48,0.022084607999999978,1.2084283171223574e+48,1.0071651286439627e+48
0.9490000000000001,605996248329184.5,1.1078090031964132e+48,0.021731150999999976,1.2068300213545225e+48,1.0087879850383038e+48
0.9500000000000001,606634811288435.4,1.1078212835096666e+48,0.021374999999999974,1.2052194500002306e+48,1.0104231170191026e+48
0.9510000000000001,607273374247686.4,1.1078335638229199e+48,0.021016148999999977,1.203596575719645e+48,1.0120705519261947e+48
0.9520000000000001,607911937206937.4,1.1078458441361733e+48,0.020654591999999975,1.2019613711729299e+48,1.0137303170994168e+48
0.9530000000000001,608550500166188.4,1.1078581244494266e+48,0.020290322999999975,1.2003138090202487e+48,1.0154024398786045e+48
0.9540000000000001,609189063125439.4,1.10787040476268e+48,0.019923335999999976,1.1986538619217653e+48,1.0170869476035947e+48
0.9550000000000001,609827626084690.4,1.1078826850759331e+48,0.019553624999999974,1.1969815025376433e+48,1.018783867614223e+48
0.9560000000000001,610466189043941.4,1.1078949653891864e+48,0.019181183999999973,1.1952967035280468e+48,1.020493227250326e+48
0.9570000000000001,611104752003192.4,1.1079072457024398e+48,0.018806006999999972,1.1935994375531399e+48,1.0222150538517398e+48
0.9580000000000001,611743314962443.4,1.1079195260156931e+48,0.01842808799999997,1.1918896772730857e+48,1.0239493747583006e+48
0.9590000000000001,612381877921694.2,1.1079318063289466e+48,0.01804742099999997,1.1901673953480484e+48,1.0256962173098448e+48
0.96,613020440880945.2,1.1079440866421998e+48,0.017664000000000013,1.1884325644381917e+48,1.027455608846208e+48
0.961,613659003840196.2,1.1079563669554531e+48,0.017277819000000014,1.1866851572036793e+48,1.0292275767072269e+48
0.962,614297566799447.2,1.1079686472687064e+48,0.016888872000000013,1.184925146304675e+48,1.0310121482327378e+48
0.963,614936129758698.1,1.1079809275819597e+48,0.016497153000000014,1.1831525044013426e+48,1.0328093507625767e+48
0.964,615574692717949.1,1.1079932078952131e+48,0.01610265600000001,1.1813672041538462e+48,1.03461921163658e+48
0.965,616213255677200.1,1.1080054882084664e+48,0.01570537500000001,1.1795692182223491e+48,1.0364417581945836e+48
0.966,616851818636451.1,1.1080177685217198e+48,0.015305304000000011,1.1777585192670156e+48,1.038277017776424e+48
0.967,617490381595702.1,1.1080300488349731e+48,0.014902437000000013,1.175935079948009e+48,1.0401250177219372e+48
0.968,618128944554953.1,1.1080423291482264e+48,0.014496768000000012,1.1740988729254934e+48,1.0419857853709593e+48
0.969,618767507514204.1,1.1080546094614796e+48,0.014088291000000011,1.1722498708596324e+48,1.0438593480633269e+48
0.97,619406070473455.1,1.1080668897747329e+48,0.01367700000000001,1.1703880464105901e+48,1.0457457331388757e+48
0.971,620044633432706.0,1.1080791700879863e+48,0.01326288900000001,1.1685133722385301e+48,1.0476449679374426e+48
0.972,620683196391957.0,1.1080914504012396e+48,0.012845952000000011,1.166625821003616e+48,1.0495570797988633e+48
0.973,621321759351208.0,1.108103730714493e+48,0.01242618300000001,1.164725365366012e+48,1.051482096062974e+48
0.974,621960322310459.0,1.1081160110277462e+48,0.01200357600000001,1.1628119779858814e+48,1.053420044069611e+48
0.975,622598885269710.0,1.1081282913409996e+48,0.01157812500000001,1.1608856315233886e+48,1.0553709511586106e+48
0.976,623237448228961.0,1.1081405716542529e+48,0.01114982400000001,1.1589462986386968e+48,1.057334844669809e+48
0.977,623876011188212.0,1.1081528519675063e+48,0.010718667000000008,1.1569939519919702e+48,1.0593117519430424e+48
0.978,624514574147463.0,1.1081651322807596e+48,0.010284648000000007,1.1550285642433723e+48,1.0613017003181469e+48
0.979,625153137106713.9,1.108177412594013e+48,0.009847761000000009,1.1530501080530674e+48,1.0633047171349587e+48
0.98,625791700065964.9,1.1081896929072661e+48,0.009408000000000008,1.1510585560812183e+48,1.065320829733314e+48
0.981,626430263025215.9,1.1082019732205194e+48,0.008965359000000008,1.1490538809879897e+48,1.0673500654530491e+48
0.982,627068825984466.9,1.1082142535337729e+48,0.008519832000000007,1.1470360554335453e+48,1.0693924516340005e+48
0.983,627707388943717.9,1.1082265338470261e+48,0.008071413000000006,1.1450050520780485e+48,1.0714480156160038e+48
0.984,628345951902968.9,1.1082388141602796e+48,0.007620096000000007,1.1429608435816636e+48,1.0735167847388955e+48
0.985,628984514862219.9,1.1082510944735328e+48,0.007165875000000006,1.1409034026045537e+48,1.075598786342512e+48
0.986,629623077821470.9,1.1082633747867861e+48,0.006708744000000006,1.1388327018068831e+48,1.0776940477666891e+48
0.987,630261640780721.9,1.1082756551000394e+48,0.006248697000000005,1.1367487138488156e+48,1.0798025963512632e+48
0.988,630900203739972.8,1.1082879354132928e+48,0.005785728000000005,1.1346514113905148e+48,1.0819244594360709e+48
0.989,631538766699223.8,1.1083002157265461e+48,0.005319831000000005,1.1325407670921445e+48,1.0840596643609477e+48
0.99,632177329658474.8,1.1083124960397994e+48,0.004851000000000005,1.1304167536138685e+48,1.0862082384657302e+48
0.991,632815892617725.8,1.1083247763530528e+48,0.0043792290000000044,1.1282793436158508e+48,1.0883702090902548e+48
0.992,633454455576976.8,1.108337056666306e+48,0.0039045120000000036,1.1261285097582547e+48,1.0905456035743572e+48
0.993,634093018536227.8,1.1083493369795594e+48,0.0034268430000000028,1.1239642247012447e+48,1.092734449257874e+48
0.994,634731581495478.8,1.1083616172928126e+48,0.0029462160000000024,1.121786461104984e+48,1.0949367734806413e+48
0.995,635370144454729.8,1.108373897606066e+48,0.002462625000000002,1.1195951916296368e+48,1.0971526035824953e+48
0.996,636008707413980.6,1.1083861779193194e+48,0.0019760640000000018,1.1173903889353666e+48,1.099381966903272e+48
0.997,636647270373231.6,1.1083984582325728e+48,0.0014865270000000014,1.1151720256823374e+48,1.1016248907828081e+48
0.998,637285833332482.6,1.1084107385458259e+48,0.0009940080000000009,1.1129400745307125e+48,1.1038814025609393e+48
0.999,637924396291733.6,1.1084230188590793e+48,0.0004985010000000005,1.1106945081406565e+48,1.1061515295775022e+48
1.0,638562959250984.6,1.1084352991723326e+48,0.0,1.1084352991723326e+48,1.1084352991723326e+48
