ln_a,z,x_hii,x_heii,x_heiii,w,T,Tcmb,ne_per_h,Gamma_hi,Gamma_hei,Gamma_heii,Nactive,Eactive,emitted_N,emitted_E,abs_HI,abs_HeI,abs_HeII,out_N,out_E,redshift_E,escape_E,work_E,cmb_reservoir_E,number_residual,energy_residual,ci_HI,ci_HeI,ci_HeII,rr_HII,rr_HeII,rr_HeIII,dr_HeII,ci_floor_HI,ci_floor_HeI,ci_floor_HeII,ce_cap_HI_E,ce_cap_HeI_E,ce_cap_HeII_E,excluded_dr_E,underflow_N_bound,underflow_E_bound,cmb_absolute_exchange_E,accepted_steps,rejected_steps,max_residual,packet_count,endpoint_stage_steps
-2.5649493574615367,12,0.0002,0,0,0.0000000000000067046568077842106,30.000000000000004,35.4315,0.0002,0,0,0,0,0,0,0,0,0,0,0,0,0,0,0,0,0,0,0,0,0,0,0,0,0,0,0,0,0,0,0,0,0,0,0,0,0,0,512,0
-2.5644590985471205,11.993628196157031,0.006869644308460497,0.023119668250267858,0.00007665482483028754,0.00000000000021116480272502728,937.4672114767287,35.414133648625985,0.008706984668981163,0.0000000000000007852323725767382,0.000000000000002833396905551621,0.0000000000000008013629872776865,0.0001543347706026266,0.000000000000015366200355104977,0.008661546321737174,0.0000000000004379256645181804,0.006669824485892883,0.0018313347574299072,0.00000605230781191188,0,0,0.000000000000000006829462971694409,0.00000000000000000581784176481142,0.00000000000000010274050452096603,0.0000000000000000035560494435398105,0.00000000000000015439038936193583,0.00000000000000000000000005139586569695936,0.00000000000015688467578260036,0.000000000000012254664192125858,0.00000000000000018775196096695272,0.00000018017758738890218,0.00000004609361844554139,0.0000000006111149719199197,0,0.00000000000015688467578260036,0.000000000000012254664192125858,0.00000000000000018775196096695272,0.00000000000000000000000000000000000000001092804236447625,0.00000000000000000000000000000000000000000000000000000000000034276805393436795,0.0000000000000000000000000000000000000000000732167802351562,0.00000000000000000000000000000000000000000015982501158223207,0,0,0.000000000000000003556083696075934,1256,0,0.0000000000000009987076429742309,512,0
-2.5639688396327047,11.987259515382084,0.013634957431491375,0.046708935393200805,0.0003203136168658431,0.00000000000042570132499612703,1874.964050754742,35.39677580917387,0.01737308079677552,0.0000000000000007920577634608805,0.000000000000002864925505298422,0.0000000000000008053271152253827,0.0001558159470010527,0.000000000000015498044784308987,0.01733004931048909,0.0000000000008761579828232627,0.01343586238605432,0.0037130767006429443,0.000025294276791182065,0,0,0.000000000000000014395980588046942,0.000000000000000030015486073153247,0.00000000000000041509938124350417,0.000000000000000029312246829776815,0.0000000000000004128641872824801,-0.0000000000000000000000002840404129774984,0.0000000000006198081163949656,0.00000000000004784683735616418,0.0000000000000015274359040302923,0.0000009049551753127207,0.00000024125252697171437,0.000000006359671723934551,0,0.0000000000006198081163949656,0.00000000000004784683735616418,0.0000000000000015274359040302923,0.00000000000000000000000000000000000000003514054374273672,0.00000000000000000000000000000000000000000000000000000000000034276805393436795,0.0000000000000000000000000000000000000000004384888026815567,0.0000000000000000000000000000000000000000004614389957890889,0.00000000000000000000000000000000000000000000000000000000000000000000000000000000000000000000000000000000000000000000000000000000000000000000000000000000000000000000000000000000000000000000000000000000000000000000000000000000000000000000000000000000000000000000000000000000000000000000000000000012365634356232995,0.00000000000000000000000000000000000000000000000000000000000000000000000000000000000000000000000000000000000000000000000000000000000000000000000000000000000000000000000000000000000000000000000000000000000000000000000000000000000000000000000000000000000000000000000000000000000000000000000000000007192329749245248,0.00000000000000002931228108231294,2513,0,0.0000000000000009987076429742309,512,0
-2.5634785807182885,11.98089395614441,0.020416313867195404,0.06982513636970109,0.0007289748518137655,0.0000000000006397503139987206,2795.6133745890475,35.37942647747159,0.026043925925616083,0.0000000000000007988946374090161,0.0000000000000028989178313766705,0.0000000000000008106172526184605,0.00015735976678188192,0.00000000000001563919610371801,0.026004289293496987,0.0000000000013147187163934306,0.02021866151726429,0.005570692729686127,0.000057575279765238553,0,0,0.00000000000000002203190942690484,0.00000000000000007911338548011915,0.0000000000000009375749258601655,0.00000000000000009942450378124605,0.000000000000000548172618408671,-0.00000000000000000000000018882174627370139,0.000000000001384679012274506,0.00000000000010562890554599059,0.000000000000005157748826105995,0.0000023476514406213288,0.0000006313175657702375,0.000000024633574578394718,0,0.000000000001384679012274506,0.00000000000010562890554599059,0.000000000000005157748826105995,0.00000000000000000000000000000000000000003514054374273672,0.00000000000000000000000000000000000000000000000000000000000034276805393436795,0.0000000000000000000000000000000000000000012344942818384932,0.0000000000000000000000000000000000000000008540104994533694,0.0000000000000000000000000000000000000000000000000000000000000000000000000000000000000000000000000000000000000000000000000000000000000000000000000000000000000000000000000000000000000000000000000000000000000000000000000000000000000000000000000000000000000000000000000000000000000000000000000000005596825219133961,0.0000000000000000000000000000000000000000000000000000000000000000000000000000000000000000000000000000000000000000000000000000000000000000000000000000000000000000000000000000000000000000000000000000000000000000000000000000000000000000000000000000000000000000000000000000000000000000000000000000002986597575570383,0.00000000000000009942453803378218,3769,0,0.0000000000000009987076429742309,512,0
-2.5629883218038727,11.974531516914036,0.027215310650556043,0.09246884710130221,0.0013012092342423707,0.0000000000008533007617836707,3699.744486753736,35.362085649349204,0.034720936879749746,0.0000000000000008059876658662544,0.0000000000000029320531031430666,0.0000000000000008149685517347732,0.00015896637935118617,0.000000000000015787184790775458,0.03468584673909558,0.0000000000017536427213151516,0.027019943647425625,0.007404145533940622,0.00010279117837979666,0,0,0.0000000000000000297390529458303,0.0000000000000001581337297690578,0.0000000000000016696836561473342,0.0000000000000002353831964476831,0.0000000000000016445178552260131,-0.00000000000000000000000070661742268629,0.0000000000024470168909315636,0.00000000000018444774151072848,0.000000000000012180926258202469,0.000004632999298248012,0.0000012463497383970586,0.00000006413358338103696,0,0.0000000000024470168909315636,0.00000000000018444774151072848,0.000000000000012180926258202469,0.00000000000000000000000000000000000000003514054374273672,0.00000000000000000000000000000000000000000000000000000000000034276805393436795,0.0000000000000000000000000000000000000000025592393766948554,0.0000000000000000000000000000000000000000013206638745505739,0.0000000000000000000000000000000000000000000000000000000000000000000000000000000000000000000000000000000000000000000000000000000000000000000000000000000000000000000000000000000000000000000000000000000000000000000000000000000000000000000000000000000000000000000000000000000000000000000000000000014274309212955531,0.0000000000000000000000000000000000000000000000000000000000000000000000000000000000000000000000000000000000000000000000000000000000000000000000000000000000000000000000000000000000000000000000000000000000000000000000000000000000000000000000000000000000000000000000000000000000000000000000000000007377423426743637,0.00000000000000023538323070021917,5026,0,0.0000000000000009987076429742309,512,0
-2.5624980628894565,11.968172196161712,0.034029860279623056,0.11464335546540017,0.002035799618188185,0.0000000000010662901002536572,4587.464670852095,35.344753320638745,0.043402093545552786,0.0000000000000008132077313627434,0.0000000000000029658302941561254,0.0000000000000008193832359182959,0.000160596723068869,0.00000000000001593672210064807,0.043372799097961545,0.000000000002192839466762123,0.03383772510255887,0.009213621722788272,0.00016085554954834718,0,0,0.00000000000000003751392860799834,0.00000000000000027150654225189134,0.0000000000000026109022991948517,0.0000000000000004580295261666866,0.0000000000000028102520310824275,-0.0000000000000000000000009592548607487504,0.000000000003802326506029772,0.00000000000028317381218954537,0.00000000000002366330149988795,0.00000786482671432855,0.000002109479628212992,0.00000013452708348947123,0,0.000000000003802326506029772,0.00000000000028317381218954537,0.00000000000002366330149988795,0.00000000000000000000000000000000000000003514054374273672,0.00000000000000000000000000000000000000000000000000000000000034276805393436795,0.000000000000000000000000000000000000000004490457375055285,0.0000000000000000000000000000000000000000018517614949453582,0.0000000000000000000000000000000000000000000000000000000000000000000000000000000000000000000000000000000000000000000000000000000000000000000000000000000000000000000000000000000000000000000000000000000000000000000000000000000000000000000000000000000000000000000000000000000000000000000000000000026036971333761846,0.0000000000000000000000000000000000000000000000000000000000000000000000000000000000000000000000000000000000000000000000000000000000000000000000000000000000000000000000000000000000000000000000000000000000000000000000000000000000000000000000000000000000000000000000000000000000000000000000000000013272772239269174,0.0000000000000004580295604192227,6282,0,0.0000000000000009987076429742309,512,0
-2.5620078039750407,11.961815992358964,0.04086214643011387,0.13634659397980115,0.0029311824211637237,0.000000000001278753907476537,5459.285377398765,35.327429487174356,0.05208916949501875,0.000000000000000820562655159931,0.0000000000000030003343281758294,0.0000000000000008239148363233444,0.0001622656288656342,0.000000000000016090118421634042,0.05206705564576933,0.0000000000026323961724254215,0.04067428115065114,0.010998853468236579,0.00023165539801863413,0,0,0.00000000000000004536273309550147,0.00000000000000042334825998917775,0.00000000000000376070440821139,0.0000000000000007875776151530043,0.0000000000000026575963651964685,-0.0000000000000000000000007613454368469029,0.000000000005446091934249561,0.00000000000040070122760945206,0.000000000000040634999087995644,0.000012134725954190561,0.0000032395422428064162,0.00000024625954637452407,0,0.000000000005446091934249561,0.00000000000040070122760945206,0.000000000000040634999087995644,0.00000000000000000000000000000000000000003514054374273672,0.00000000000000000000000000000000000000000000000000000000000034276805393436795,0.000000000000000000000000000000000000000007092618437993398,0.0000000000000000000000000000000000000000024408073085139004,0.000000000000000000000000000000000000000000000000000000000000000000000000000000000000000000000000000000000000000000000000000000000000000000000000000000000000000000000000000000000000000000000000000000000000000000000000000000000000000000000000000000000000000000000000000000000000000000000000000004207136091152724,0.0000000000000000000000000000000000000000000000000000000000000000000000000000000000000000000000000000000000000000000000000000000000000000000000000000000000000000000000000000000000000000000000000000000000000000000000000000000000000000000000000000000000000000000000000000000000000000000000000000021241572770239188,0.0000000000000007875776494055405,7539,0,0.0000000000000009987076429742309,512,0
-2.5615175450606245,11.955462903978043,0.0477101415211925,0.15758210681530505,0.00398632459066427,0.0000000000014906456882117845,6315.370186543356,35.31011414479215,0.06078025383671621,0.0000000000000008280157851875482,0.0000000000000030349045083016717,0.0000000000000008280952371776534,0.00016384225216217393,0.00000000000001622657697542238,0.06076671486893356,0.0000000000030722259863104265,0.04752769746241529,0.012760054863893738,0.00031512029046409896,0,0,0.00000000000000005328377236246024,0.0000000000000006184957300852051,0.000000000000005118563564535545,0.0000000000000012436349474760647,0.000000000000001734723475976807,-0.0000000000000000000000007924454891743361,0.000000000013451337956999434,0.0000000000005359489578795582,0.00000000000006409039906930096,0.00001755595463937545,0.000004652385008117884,0.00000041045442315958776,0,0.00000000000587088395875794,0.0000000000005359489578795582,0.00000000000006409039906930096,0.00000000000000000000000000000000000000003514054374273672,0.00000000000000000000000000000000000000000000000000000000000034276805393436795,0.000000000000000000000000000000000000000010420618068154492,0.0000000000000000000000000000000000000000030830335670931206,0.000000000000000000000000000000000000000000000000000000000000000000000000000000000000000000000000000000000000000000000000000000000000000000000000000000000000000000000000000000000000000000000000000000000000000000000000000000000000000000000000000000000000000000000000000000000000000000000000000006115340645566359,0.0000000000000000000000000000000000000000000000000000000000000000000000000000000000000000000000000000000000000000000000000000000000000000000000000000000000000000000000000000000000000000000000000000000000000000000000000000000000000000000000000000000000000000000000000000000000000000000000000000030672245617474607,0.0000000000000012436349817286009,8795,0,0.0000000000000009987076429742309,512,0
-2.5610272861462087,11.949112929491971,0.05457608596037662,0.17834670041541112,0.005199337414399728,0.0000000000017019767585285544,7156.104442868373,35.29280728933036,0.06947703663755114,0.0000000000000008355190515491464,0.0000000000000030724741991461705,0.0000000000000008338990942931344,0.00016554870066855216,0.000000000000016382362343076967,0.0694737128965533,0.0000000000035124201202399804,0.05440021307365896,0.01449683827543803,0.00041111284678848996,0,0,0.00000000000000006128058761370187,0.0000000000000008621456654085166,0.0000000000000066839082207989975,0.000000000000001845198213307319,0.0000000000000007355227538141662,-0.00000000000000000000000016963664905872638,0.000000000172412327229653,0.0000000000006878586759522861,0.00000000000009498800106267095,0.000024127285654694595,0.000006361605348096584,0.000000638840483560374,0,0.00000000000587088395875794,0.0000000000006878586759522861,0.00000000000009498800106267095,0.00000000000000000000000000000000000000003514054374273672,0.00000000000000000000000000000000000000000000000000000000000034276805393436795,0.000000000000000000000000000000000000000012959554669765296,0.000000000000000000000000000000000000000006099793993639155,0.000000000000000000000000000000000000000000000000000000000000000000000000000000000000000000000000000000000000000000000000000000000000000000000000000000000000000000000000000000000000000000000000000000000000000000000000000000000000000000000000000000000000000000000000000000000000000000000000000008446257566569685,0.000000000000000000000000000000000000000000000000000000000000000000000000000000000000000000000000000000000000000000000000000000000000000000000000000000000000000000000000000000000000000000000000000000000000000000000000000000000000000000000000000000000000000000000000000000000000000000000000000004212573013081234,0.0000000000000018451982475598552,10051,0,0.0000000000000009987076429742309,512,0
-2.5605370272317924,11.942766067374494,0.06145851198434933,0.19864158658065068,0.006568825211812906,0.0000000000019127261591247847,7981.745364651226,35.27550891662918,0.07817792543205536,0.0000000000000008432920183062721,0.0000000000000031091948705916294,0.0000000000000008387484286319904,0.00016732365134185977,0.000000000000016545522430063534,0.07818647338591794,0.0000000000039529441366609815,0.06129041362676234,0.01620920096155555,0.0005195351462616576,0,0,0.00000000000000006935591511266053,0.0000000000000011770518431517535,0.000000000000008456183106989436,0.0000000000000026106968883020567,0.000000000000003469446951953614,0.000000000000000000000000781944172804034,0.000000001914918046599342,0.0000000000008553981252474805,0.0000000000001342506292159982,0.000031903557285635515,0.000008378978791877784,0.0000009436823054989827,0,0.00000000000587088395875794,0.0000000000008553981252474805,0.0000000000001342506292159982,0.00000000000000000000000000000000000000003514054374273672,0.00000000000000000000000000000000000000000000000000000000000034276805393436795,0.000000000000000000000000000000000000000012959554669765296,0.0000000000000000000000000000000000000032317041214037644,0.000000000000000000000000000000000000000000000000000000000000000000000000000000000000000000000000000000000000000000000000000000000000000000000000000000000000000000000000000000000000000000000000000000000000000000000000000000000000000000000000000000000000000000000000000000000000000000000000000011081709249569299,0.000000000000000000000000000000000000000000000000000000000000000000000000000000000000000000000000000000000000000000000000000000000000000000000000000000000000000000000000000000000000000000000000000000000000000000000000000000000000000000000000000000000000000000000000000000000000000000000000000005499641766220936,0.000000000000002610696922554593,11308,0,0.0000000000000009987076429742309,512,0
-2.5600467683173767,11.936422316100135,0.06835855522694953,0.21846972338306286,0.008093773386426282,0.0000000000021227547491441006,8792.03675224335,35.258219022530916,0.08688412918662707,0.0000000000000008512095649638521,0.0000000000000031466369428641385,0.0000000000000008436668109484152,0.00016912520169723897,0.000000000000016710392390445864,0.08690623167799622,0.0000000000043937766451615205,0.06819947990379664,0.01789730669104211,0.000640319881457853,0,0,0.00000000000000007750624794903803,0.000000000000001645638390925601,0.000000000000010434753721691509,0.000000000000003557957414775563,-0.000000000000002373101715136272,0.0000000000000000000000011769552270407825,0.000000014183261333463316,0.0000000000010375575528330434,0.00000000000018276565409395667,0.00004093886005829308,0.000010714841852922006,0.0000013377721860192074,0,0.00000000000587088395875794,0.0000000000010375575528330434,0.00000000000018276565409395667,0.00000000000000000000000000000000000000003514054374273672,0.00000000000000000000000000000000000000000000000000000000000034276805393436795,0.000000000000000000000000000000000000000012959554669765296,0.0000000000000000000000000000000000009540231212918983,0.000000000000000000000000000000000000000000000000000000000000000000000000000000000000000000000000000000000000000000000000000000000000000000000000000000000000000000000000000000000000000000000000000000000000000000000000000000000000000000000000000000000000000000000000000000000000000000000000000014127590292585505,0.000000000000000000000000000000000000000000000000000000000000000000000000000000000000000000000000000000000000000000000000000000000000000000000000000000000000000000000000000000000000000000000000000000000000000000000000000000000000000000000000000000000000000000000000000000000000000000000000000006983864216232079,0.000000000000003557957449028099,12564,0,0.0000000000000009987076429742309,512,0
-2.5595565094029604,11.930081674144134,0.07527530446345594,0.23782975589556551,0.009772376996798738,0.000000000002331864095318985,9586.503797394966,35.24093760287984,0.09559434471786354,0.0000000000000008592780151438694,0.0000000000000031848918422467027,0.0000000000000008487142898673946,0.000170970152166154,0.000000000000016879609618342932,0.09563173676725237,0.000000000004834935660839045,0.07512651361662052,0.019560915169857605,0.0007733378286073189,0,0,0.00000000000000008573812780801356,0.000000000000002507391846678422,0.000000000000012618840897578542,0.000000000000004704180707393826,-0.0000000000000007771561172376096,0.000000000000000000000000529104786349837,0.00000007623190196251672,0.0000000000011591027091529604,0.00000000000021764321346086079,0.000051285385011006184,0.000013378363720688338,0.0000018343817094134472,0.000000000000000000000001291044421342682,0.00000000000587088395875794,0.0000000000011566690506066776,0.00000000000021764321346086079,0.00000000000000000000000000000000000000003514054374273672,0.00000000000000000000000000000000000000000000000000000000000034276805393436795,0.000000000000000000000000000000000000000012959554669765296,0.000000000000000000000000000000000018775104457040566,0.000000000000000000000000000000000000000000000000000000000000000000000000000000000000000000000000000000000000000000000000000000000000000000000000000000000000000000000000000000000000000000000000000000000000000000000000000000000000000000000000000000000000000000000000000000000000000000000000000017496903260894652,0.000000000000000000000000000000000000000000000000000000000000000000000000000000000000000000000000000000000000000000000000000000000000000000000000000000000000000000000000000000000000000000000000000000000000000000000000000000000000000000000000000000000000000000000000000000000000000000000000000008605772461196752,0.000000000000004704180741646362,13821,0,0.0000000000000009987076429742309,512,0
-2.5590662504885446,11.923744139982508,0.08221009439375083,0.25672479484416394,0.011603855444288089,0.0000000000025394501524792717,10363.01012248901,35.22366465352233,0.10431002905686189,0.0000000000000008674589641715766,0.0000000000000032232373611077398,0.0000000000000008534083039841771,0.00017272030339840093,0.000000000000017031344370958873,0.10436424979300779,0.00000000000527640358963386,0.0820727696130584,0.02120021871628453,0.0009185411602699072,0,0,0.00000000000000009404997419344454,0.000000000000004324366811099006,0.000000000000015007293634580054,0.000000000000006065792667321499,0.0000000000000034416913763379853,0.000000000000000000000000406320164173997,0.0000003193542565412243,0.0000000000011956259054292049,0.00000000000021764321346087348,0.0000629945735036253,0.000016377905229586168,0.000002447309622872917,0.00000000000000000000007747901042816957,0.00000000000587088395875794,0.0000000000011566690506066776,0.00000000000021764321346086079,0.00000000000000000000000000000000000000003514054374273672,0.00000000000000000000000000000000000000000000000000000000000034276805393436795,0.000000000000000000000000000000000000000012959554669765296,0.000000000000000000000000000000000018775104457040566,0.000000000000000000000000000000000000000000000000000000000000000000000000000000000000000000000000000000000000000000000000000000000000000000000000000000000000000000000000000000000000000000000000000000000000000000000000000000000000000000000000000000000000000000000000000000000000000000000000000021233992151294455,0.000000000000000000000000000000000000000000000000000000000000000000000000000000000000000000000000000000000000000000000000000000000000000000000000000000000000000000000000000000000000000000000000000000000000000000000000000000000000000000000000000000000000000000000000000000000000000000000000000010418727873383087,0.000000000000006065792701574035,15077,0,0.0000000000000009987076429742309,512,0
-2.5585759915741284,11.917409712091992,0.08916227872195609,0.27515259959042027,0.013585912952428643,0.0000000000027444239421767503,11117.538683358576,35.20640017030673,0.11302999652421485,0.0000000000000008757138815564227,0.0000000000000032648175967661055,0.00000000000000085977848736738885,0.00017460975356980494,0.000000000000017203550640588913,0.11310254201354376,0.000000000005718202349436622,0.08903730187939486,0.022814867311462577,0.0010757630691219044,0,0,0.00000000000000010244547662590505,0.00000000000000820016129062882,0.000000000000017598121364954336,0.000000000000007658115902880234,0.000000000000005398459457239824,0.0000000000000000000000012310773960261857,0.000001096476557885843,0.000000000001456316247244061,0.00000000000021764321346141392,0.00007611963393011013,0.00001972158584722454,0.00000319099414802577,0.000000000000000000002079661590985117,0.00000000000587088395875794,0.0000000000011566690506066776,0.00000000000021764321346086079,0.00000000000000000000000000000000000000003514054374273672,0.00000000000000000000000000000000000000000000000000000000000034276805393436795,0.000000000000000000000000000000000000000012959554669765296,0.000000000000000000000000000000000018775104457040566,0.00000000000000000000000000000000000000000000000000000000000000000000000000000000000000000000000000000000000000000000000000000000000000000000000000000000000000000000000000000000000000000000000000000000000000000000000000000000000000000000000000000000000000000000000000000000000000000000000000002532843925361403,0.000000000000000000000000000000000000000000000000000000000000000000000000000000000000000000000000000000000000000000000000000000000000000000000000000000000000000000000000000000000000000000000000000000000000000000000000000000000000000000000000000000000000000000000000000000000000000000000000000012374313952105125,0.00000000000000765811593713277,16333,0,0.0000000000000009987076429742309,512,0
-2.5580857326597126,11.911078388950097,0.09613433669982452,0.2931144557821639,0.015717174797384555,0.000000000002944916725129929,11843.021750176384,35.18914414908349,0.12175661080852974,0.0000000000000008842578296612076,0.0000000000000033055647358425,0.0000000000000008651777940683356,0.0001765742630041267,0.000000000000017383736521679002,0.12184820562916533,0.000000000006160367057877551,0.09602185867849353,0.024404862418264967,0.0012449102694141688,0,0,0.00000000000000011092772643317865,0.000000000000015996546192987694,0.000000000000020387917765800253,0.000000000000009494855351487182,0.000000000000011463052729254741,0.0000000000000000000000017052522198236733,0.000003196409228431931,0.00000000000284330908989408,0.00000000000021764321347309598,0.00009071838782418072,0.0000234179016654453,0.000004080680364872087,0.000000000000000000033949535536951046,0.00000000000587088395875794,0.0000000000011566690506066776,0.00000000000021764321346086079,0.00000000000000000000000000000000000000003514054374273672,0.00000000000000000000000000000000000000000000000000000000000034276805393436795,0.000000000000000000000000000000000000000012959554669765296,0.000000000000000000000000000000000018775104457040566,0.000000000000000000000000000000000000000000000000000000000000000000000000000000000000000000000000000000000000000000000000000000000000000000000000000000000000000000000000000000000000000000000000000000000000000000000000000000000000000000000000000000000000000000000000000000000000000000000000000029747635640640785,0.00000000000000000000000000000000000000000000000000000000000000000000000000000000000000000000000000000000000000000000000000000000000000000000000000000000000000000000000000000000000000000000000000000000000000000000000000000000000000000000000000000000000000000000000000000000000000000000000000001449777707480451,0.000000000000009494855385739718,17590,0,0.0000000000000009987076429742309,512,0
-2.5575954737452964,11.90475016903505,0.10312569951227137,0.310612984796883,0.01799679554969052,0.000000000003138122236953732,12528.877282404146,35.17189658570503,0.13048937655671328,0.000000000000000892966291003417,0.0000000000000033471230760425993,0.0000000000000008706528130163291,0.00017856865109725347,0.00000000000001756581558815817,0.1305993038324756,0.0000000000066028065115253876,0.10302444854437029,0.025970354149419103,0.001425932487599711,0,0,0.00000000000000011949309927500917,0.00000000000003044179915527964,0.000000000000023370979551707784,0.000000000000011587276532899318,0.00000000000001074140776324839,0.0000000000000000000000028999789053372748,0.000008109076811121828,0.000000000008579164066429865,0.0000000000002176432136349528,0.00010685810882941191,0.000027476762211218172,0.000005132839157910987,0.00000000000000000036553126260968745,0.00000000000587088395875794,0.0000000000011566690506066776,0.00000000000021764321346086079,0.00000000000000000000000000000000000000003514054374273672,0.00000000000000000000000000000000000000000000000000000000000034276805393436795,0.000000000000000000000000000000000000000012959554669765296,0.000000000000000000000000000000000018775104457040566,0.00000000000000000000000000000000000000000000000000000000000000000000000000000000000000000000000000000000000000000000000000000000000000000000000000000000000000000000000000000000000000000000000000000000000000000000000000000000000000000000000000000000000000000000000000000000000000000000000000003455835402792382,0.000000000000000000000000000000000000000000000000000000000000000000000000000000000000000000000000000000000000000000000000000000000000000000000000000000000000000000000000000000000000000000000000000000000000000000000000000000000000000000000000000000000000000000000000000000000000000000000000000016777029360966428,0.000000000000011587276567151855,18847,0,0.0000000000000009987076429742309,512,1
-2.5571052148308806,11.898425050825855,0.11014092892653098,0.3276474969732531,0.020422702339687678,0.000000000003320579308077073,13162.18245785733,35.15465747602587,0.13923247379384376,0.0000000000000009018516447596557,0.0000000000000033896092779598562,0.000000000000000876274517618753,0.00018061287518620362,0.000000000000017752879691381426,0.13935776005860387,0.000000000007045608578200592,0.11004732636592811,0.027511136641495314,0.0016186841760183128,0.000000000000000000000000000000000000000000000000000000000000000000000000000000000000000000000000000000000000000000000000000000000000000000000000000000000000000000000000000000000000000000000000000000000000000000000000000000000000000000000000000000000000000000000000000000000000000000000000000000000000000000000000000000000005,0,0.00000000000000012814864709310487,0.000000000000055006245233797683,0.00000000000002653851811868624,0.000000000000013943253224595133,0.000000000000024064084058750268,0.000000000000000000000004459020489543665,0.000018222814694575154,0.000000000027559279327862694,0.00000000000021764321514295215,0.000124620254001625,0.00003191040750139316,0.00000636557047155857,0.0000000000000000027445846553671366,0.00000000000587088395875794,0.0000000000011566690506066776,0.00000000000021764321346086079,0.00000000000000000000000000000000000000003514054374273672,0.00000000000000000000000000000000000000000000000000000000000034276805393436795,0.000000000000000000000000000000000000000012959554669765296,0.000000000000000000000000000000000018775104457040566,0.00000000000000000000000000000000000000000000000000000000000000000000000000000000000000000000000000000000000000000000000000000000000000000000000000000000000000000000000000000000000000000000000000000000000000000000000000000000000000000000000000000000000000000000000000000000000000000000000000003943163282970239,0.000000000000000000000000000000000000000000000000000000000000000000000000000000000000000000000000000000000000000000000000000000000000000000000000000000000000000000000000000000000000000000000000000000000000000000000000000000000000000000000000000000000000000000000000000000000000000000000000000019091965922912116,0.00000000000001394325325884767,20105,0,0.0000000000000009987076429742309,512,2
-2.5566149559164644,11.89210303280223,0.11718121842348561,0.3442207324950552,0.02299430212439485,0.000000000003488432740911514,13728.857677760418,35.13742681590248,0.1479872186927365,0.0000000000000009108703812295554,0.000000000000003432222918891143,0.0000000000000008815436971551637,0.000182560200977428,0.000000000000017921933461111335,0.14812165869117488,0.000000000007488685760465084,0.1170885646797581,0.02902739494338701,0.0018231388670770163,0.00000000000000000000000000000000000000000000000000000000000000000000000000000000000000000000000000000000000000000000000000000000000000000000000000000000000000000000000000000000000000000000000000000000000000000000000000000000000000000000000000000000000000000000000000000000000000000000000000000000000000000000000000000000001,0,0.0000000000000001368928490569656,0.00000000000009346078815598635,0.00000000000002987811363759639,0.000000000000016566400492392172,0.000000000000024674706722294104,0.00000000000000000000000081102474121410135,0.00003675959341517895,0.00000000007887271325301386,0.00000000000021764322491977049,0.00014410584958665898,0.00003673439440288377,0.000007799225895606465,0.000000000000000014984743978951743,0.00000000000587088395875794,0.0000000000011566690506066776,0.00000000000021764321346086079,0.00000000000000000000000000000000000000003514054374273672,0.00000000000000000000000000000000000000000000000000000000000034276805393436795,0.000000000000000000000000000000000000000012959554669765296,0.000000000000000000000000000000000018775104457040566,0.000000000000000000000000000000000000000000000000000000000000000000000000000000000000000000000000000000000000000000000000000000000000000000000000000000000000000000000000000000000000000000000000000000000000000000000000000000000000000000000000000000000000000000000000000000000000000000000000000044403040147342067,0.0000000000000000000000000000000000000000000000000000000000000000000000000000000000000000000000000000000000000000000000000000000000000000000000000000000000000000000000000000000000000000000000000000000000000000000000000000000000000000000000000000000000000000000000000000000000000000000000000000214336372850871,0.000000000000016566400526644708,21363,0,0.0000000000000009987076429742309,512,3
-2.5561246970020486,11.88578411344467,0.12425221885413958,0.36033142208889946,0.025708820516345838,0.000000000003638294476051517,14217.005043407427,35.12020460119344,0.1567587238374231,0.0000000000000009200043172154515,0.0000000000000034783748763814572,0.0000000000000008885539616554815,0.00018465935613923252,0.00000000000001811288359521397,0.15689295021703095,0.000000000007932129947748177,0.124150361056041,0.03051882914448371,0.002039100660390709,0.000000000000000000000000000000000000000000000000000000000000000000000000000000000000000000000000000000000000000000000000000000000000000000000000000000000000000000000000000000000000000000000000000000000000000000000000000000000000000000000000000000000000000000000000000000000000000000000000000000000000000000000000000000000015,0,0.00000000000000014572971502200782,0.00000000000014917130438321732,0.00000000000003337370243150549,0.00000000000001945550043180077,0.000000000000023703261575747092,-0.000000000000000000000009790458031389351,0.00006729624024913898,0.00000000019418616461898617,0.00000000000021764327032517773,0.0001654384420367492,0.0000419680803552555,0.00000945693563437704,0.00000000000000006162533532950033,0.00000000000587088395875794,0.0000000000011566690506066776,0.00000000000021764321346086079,0.00000000000000000000000000000000000000003514054374273672,0.00000000000000000000000000000000000000000000000000000000000034276805393436795,0.000000000000000000000000000000000000000012959554669765296,0.000000000000000000000000000000000018775104457040566,0.00000000000000000000000000000000000000000000000000000000000000000000000000000000000000000000000000000000000000000000000000000000000000000000000000000000000000000000000000000000000000000000000000000000000000000000000000000000000000000000000000000000000000000000000000000000000000000000000000004923986763949247,0.00000000000000000000000000000000000000000000000000000000000000000000000000000000000000000000000000000000000000000000000000000000000000000000000000000000000000000000000000000000000000000000000000000000000000000000000000000000000000000000000000000000000000000000000000000000000000000000000000002370734434020437,0.000000000000019455500466053307,22620,0,0.0000000000000009987076429742309,512,3
-2.5556344380876324,11.879468291234383,0.13135544751553502,0.37598103745726585,0.028564811472432224,0.0000000000037679058676795056,14619.485215005578,35.102990827759314,0.1655483943893874,0.0000000000000009294587408030676,0.0000000000000035237362801040017,0.0000000000000008945796070007296,0.00018684206431068067,0.00000000000001831259025826899,0.16567004659118922,0.000000000008375906443980639,0.13123125860691598,0.03198546428475081,0.002266481635234935,0.00000000000000000000000000000000000000000000000000000000000000000000000000000000000000000000000000000000000000000000000000000000000000000000000000000000000000000000000000000000000000000000000000000000000000000000000000000000000000000000000000000000000000000000000000000000000000000000000000000000000000000000000000000000002,0,0.00000000000000015466268833069725,0.0000000000002243763729931616,0.00000000000003700641843222787,0.00000000000002260474225948092,0.000000000000023175905639050143,-0.000000000000000000000012921465896873272,0.00011295404442333806,0.00000000041339147990797593,0.00000000000021764342600942596,0.00018876513567787662,0.00004763451947547862,0.000011364940261447298,0.0000000000000001974670443080987,0.00000000000587088395875794,0.0000000000011566690506066776,0.00000000000021764321346086079,0.00000000000000000000000000000000000000003514054374273672,0.00000000000000000000000000000000000000000000000000000000000034276805393436795,0.000000000000000000000000000000000000000012959554669765296,0.000000000000000000000000000000000018775104457040566,0.00000000000000000000000000000000000000000000000000000000000000000000000000000000000000000000000000000000000000000000000000000000000000000000000000000000000000000000000000000000000000000000000000000000000000000000000000000000000000000000000000000000000000000000000000000000000000000000000000005417393300546627,0.000000000000000000000000000000000000000000000000000000000000000000000000000000000000000000000000000000000000000000000000000000000000000000000000000000000000000000000000000000000000000000000000000000000000000000000000000000000000000000000000000000000000000000000000000000000000000000000000000026016585503692425,0.000000000000022604742293733457,23877,0,0.0000000000000009987076429742309,512,4
-2.5551441791732166,11.873155564653352,0.1384937532688489,0.39117200558934784,0.03156147353118239,0.000000000003876572218327829,14935.371885691588,35.08578549146271,0.1743591442676683,0.0000000000000009391158374208093,0.0000000000000035700498766055376,0.0000000000000009006952740111623,0.00018906024167898697,0.000000000000018514552424745853,0.17445419233881443,0.000000000008819993705068371,0.13833242937711387,0.0334274546622787,0.0025052480577576514,0.000000000000000000000000000000000000000000000000000000000000000000000000000000000000000000000000000000000000000000000000000000000000000000000000000000000000000000000000000000000000000000000000000000000000000000000000000000000000000000000000000000000000000000000000000000000000000000000000000000000000000000000000000000000025,0,0.00000000000000016368820411412242,0.00000000000031972401167677866,0.000000000000040755920187538747,0.00000000000002600450049978218,0.000000000000014765966227514582,-0.000000000000000000000008921272153355115,0.00017557738666971746,0.0000000007725779894100631,0.0000000000002176438333680972,0.00021425349479660606,0.00005375971480793172,0.000013552779198829039,0.0000000000000005098522553468147,0.00000000000587088395875794,0.0000000000011566690506066776,0.00000000000021764321346086079,0.00000000000000000000000000000000000000003514054374273672,0.00000000000000000000000000000000000000000000000000000000000034276805393436795,0.000000000000000000000000000000000000000012959554669765296,0.000000000000000000000000000000000018775104457040566,0.00000000000000000000000000000000000000000000000000000000000000000000000000000000000000000000000000000000000000000000000000000000000000000000000000000000000000000000000000000000000000000000000000000000000000000000000000000000000000000000000000000000000000000000000000000000000000000000000000005897367328762897,0.000000000000000000000000000000000000000000000000000000000000000000000000000000000000000000000000000000000000000000000000000000000000000000000000000000000000000000000000000000000000000000000000000000000000000000000000000000000000000000000000000000000000000000000000000000000000000000000000000028253388751017883,0.000000000000026004500534034716,25134,0,0.0000000000000009987076429742309,512,4
-2.5546539202588003,11.866845932184274,0.14566613532032188,0.40590445024144717,0.03469636454207672,0.0000000000039653289877653625,15170.440681243266,35.06858858816824,0.18318959684602718,0.0000000000000009489851688470164,0.00000000000000361743933894207,0.000000000000000906980516194929,0.00019133647980567792,0.00000000000001872230612879384,0.18324412715386246,0.000000000009264409874847567,0.14545290598384766,0.03484464497047329,0.002755239719750713,0.00000000000000000000000000000000000000000000000000000000000000000000000000000000000000000000000000000000000000000000000000000000000000000000000000000000000000000000000000000000000000000000000000000000000000000000000000000000000000000000000000000000000000000000000000000000000000000000000000000000000000000000000000000000003,0,0.00000000000000017281382609512064,0.0000000000004342713313744745,0.00000000000004460206399746304,0.000000000000029642772709937454,0.000000000000014904744105592727,-0.000000000000000000000010313908262770564,0.0002553163901629806,0.000000001290612779343857,0.00000000000021764467762872255,0.00024208705353898462,0.00006037140974773237,0.000016053045595217625,0.0000000000000010970518679801317,0.00000000000587088395875794,0.0000000000011566690506066776,0.00000000000021764321346086079,0.00000000000000000000000000000000000000003514054374273672,0.00000000000000000000000000000000000000000000000000000000000034276805393436795,0.000000000000000000000000000000000000000012959554669765296,0.000000000000000000000000000000000018775104457040566,0.00000000000000000000000000000000000000000000000000000000000000000000000000000000000000000000000000000000000000000000000000000000000000000000000000000000000000000000000000000000000000000000000000000000000000000000000000000000000000000000000000000000000000000000000000000000000000000000000000006386947501246879,0.000000000000000000000000000000000000000000000000000000000000000000000000000000000000000000000000000000000000000000000000000000000000000000000000000000000000000000000000000000000000000000000000000000000000000000000000000000000000000000000000000000000000000000000000000000000000000000000000000030524729519895274,0.00000000000002964277274418999,26391,0,0.0000000000000009987076429742309,512,4
-2.5541636613443846,11.860539392310619,0.15287223270501984,0.42018090166092315,0.03796896594377341,0.0000000000040363660347909215,15334.687661704953,35.051400113742595,0.1920395090377938,0.0000000000000009590165764384681,0.000000000000003665009295399118,0.0000000000000009129171974030034,0.0001935142045436592,0.000000000000018911538822333762,0.19204112155037126,0.000000000009709137233606567,0.1525939342310704,0.036237222098342424,0.0030164510164310166,0.000000000000000000000000000000000000000000000000000000000000000000000000000000000000000000000000000000000000000000000000000000000000000000000000000000000000000000000000000000000000000000000000000000000000000000000000000000000000000000000000000000000000000000000000000000000000000000000000000000000000000000000000000000000035,0,0.00000000000000018203825869866334,0.0000000000005658716861473594,0.000000000000048526335344267595,0.00000000000003350663206577649,0.000000000000016264767310758543,-0.000000000000000000000011141088875323591,0.00035075689724478045,0.000000001962597249817302,0.00000000000021764611845450635,0.00027245842313647426,0.00006749767108685574,0.0000189010737207489,0.00000000000000203136085628187,0.00000000000587088395875794,0.0000000000011566690506066776,0.00000000000021764321346086079,0.00000000000000000000000000000000000000003514054374273672,0.00000000000000000000000000000000000000000000000000000000000034276805393436795,0.000000000000000000000000000000000000000012959554669765296,0.000000000000000000000000000000000018775104457040566,0.0000000000000000000000000000000000000000000000000000000000000000000000000000000000000000000000000000000000000000000000000000000000000000000000000000000000000000000000000000000000000000000000000000000000000000000000000000000000000000000000000000000000000000000000000000000000000000000000000000686315036617926,0.000000000000000000000000000000000000000000000000000000000000000000000000000000000000000000000000000000000000000000000000000000000000000000000000000000000000000000000000000000000000000000000000000000000000000000000000000000000000000000000000000000000000000000000000000000000000000000000000000032724274848707303,0.00000000000003350663210002902,27648,0,0.0000000000000009987076429742309,512,4
-2.5536734024299683,11.854235943516574,0.16010835395649345,0.43400119474004195,0.0413759540392818,0.000000000004092605350015764,15440.649607122159,35.03422006405442,0.20090465154743598,0.0000000000000009692002670010532,0.0000000000000037164434388569235,0.000000000000000920662936266259,0.00019585703569561033,0.000000000000019124178911711132,0.20084393765040418,0.000000000010154197856768913,0.1597544854425951,0.037604937938763475,0.0032886572333762584,0.00000000000000000000000000000000000000000000000000000000000000000000000000000000000000000000000000000000000000000000000000000000000000000000000000000000000000000000000000000000000000000000000000000000000000000000000000000000000000000000000000000000000000000000000000000000000000000000000000000000000000000000000000000000004,0,0.00000000000000019136574295356933,0.0000000000007117259751453344,0.00000000000005251274638357473,0.000000000000037583473520358934,0.00000000000002628453010800058,-0.000000000000000000000012309158373127965,0.000459432915434091,0.000000002763027725850965,0.00000000000021764822072672808,0.0003055644013700543,0.00007516579815051395,0.000022134546283984474,0.0000000000000033319226857716766,0.00000000000587088395875794,0.0000000000011566690506066776,0.00000000000021764321346086079,0.00000000000000000000000000000000000000003514054374273672,0.00000000000000000000000000000000000000000000000000000000000034276805393436795,0.000000000000000000000000000000000000000012959554669765296,0.000000000000000000000000000000000018775104457040566,0.00000000000000000000000000000000000000000000000000000000000000000000000000000000000000000000000000000000000000000000000000000000000000000000000000000000000000000000000000000000000000000000000000000000000000000000000000000000000000000000000000000000000000000000000000000000000000000000000000007348853098937626,0.0000000000000000000000000000000000000000000000000000000000000000000000000000000000000000000000000000000000000000000000000000000000000000000000000000000000000000000000000000000000000000000000000000000000000000000000000000000000000000000000000000000000000000000000000000000000000000000000000000349572246428192,0.000000000000037583473554611463,28904,0,0.0000000000000009987076429742309,512,4
-2.5531831435155525,11.847935584287093,0.1673731493929563,0.44736707175022156,0.044915763103555814,0.000000000004137076580180854,15500.894673601091,35.01704843497447,0.2097835650211668,0.000000000000000979727678487779,0.0000000000000037671018977297566,0.000000000000000927402084338829,0.00019829124727233522,0.000000000000019346298138636736,0.20965417947308615,0.000000000010599627125462756,0.16693628203239672,0.038947831950974066,0.003571774242479622,0.000000000000000000000000000000000000000000000000000000000000000000000000000000000000000000000000000000000000000000000000000000000000000000000000000000000000000000000000000000000000000000000000000000000000000000000000000000000000000000000000000000000000000000000000000000000000000000000000000000000000000000000000000000000044,0,0.00000000000000020080018027144716,0.0000000000008689179129024047,0.00000000000005654828370716437,0.00000000000004186188843435267,0.00000000000003658184866139891,-0.00000000000000000000001336252118442596,0.0005784678468135139,0.000000003655364722237304,0.00000000000021765093595697067,0.0003416004860813654,0.00008340127576594213,0.000025792945050120076,0.000000000000004964044637701004,0.00000000000587088395875794,0.0000000000011566690506066776,0.00000000000021764321346086079,0.00000000000000000000000000000000000000003514054374273672,0.00000000000000000000000000000000000000000000000000000000000034276805393436795,0.000000000000000000000000000000000000000012959554669765296,0.000000000000000000000000000000000018775104457040566,0.00000000000000000000000000000000000000000000000000000000000000000000000000000000000000000000000000000000000000000000000000000000000000000000000000000000000000000000000000000000000000000000000000000000000000000000000000000000000000000000000000000000000000000000000000000000000000000000000000007821205972935644,0.0000000000000000000000000000000000000000000000000000000000000000000000000000000000000000000000000000000000000000000000000000000000000000000000000000000000000000000000000000000000000000000000000000000000000000000000000000000000000000000000000000000000000000000000000000000000000000000000000000371189848504576,0.0000000000000418618884686052,30161,0,0.0000000000000009987076429742309,512,4
-2.5526928846011363,11.841638313107847,0.17466159115984786,0.46028089649396514,0.04858761111448464,0.000000000004172520301737168,15526.616878471561,34.99988522237543,0.2186712847432374,0.0000000000000009904761020838873,0.0000000000000038188079842814185,0.0000000000000009342361129519896,0.00020076421594409475,0.000000000000019570821622241103,0.21846989584750767,0.000000000011045333158668726,0.1741372978072196,0.04026605238579699,0.003865781438576561,0.00000000000000000000000000000000000000000000000000000000000000000000000000000000000000000000000000000000000000000000000000000000000000000000000000000000000000000000000000000000000000000000000000000000000000000000000000000000000000000000000000000000000000000000000000000000000000000000000000000000000000000000000000000000005,0,0.00000000000000021033787124231568,0.0000000000010347521238798383,0.00000000000006062277753422051,0.000000000000046332049035957195,0.00000000000002955968803064479,-0.000000000000000000000012333392180136354,0.0007050524966661316,0.000000004601393537258439,0.00000000000021765413251081917,0.0003807591438599363,0.00009222743914215189,0.000029917403442345888,0.000000000000006857382991733615,0.00000000000587088395875794,0.0000000000011566690506066776,0.00000000000021764321346086079,0.00000000000000000000000000000000000000003514054374273672,0.00000000000000000000000000000000000000000000000000000000000034276805393436795,0.000000000000000000000000000000000000000012959554669765296,0.000000000000000000000000000000000018775104457040566,0.00000000000000000000000000000000000000000000000000000000000000000000000000000000000000000000000000000000000000000000000000000000000000000000000000000000000000000000000000000000000000000000000000000000000000000000000000000000000000000000000000000000000000000000000000000000000000000000000000008302959070361371,0.00000000000000000000000000000000000000000000000000000000000000000000000000000000000000000000000000000000000000000000000000000000000000000000000000000000000000000000000000000000000000000000000000000000000000000000000000000000000000000000000000000000000000000000000000000000000000000000000000003931310862671683,0.000000000000046332049070209725,31417,0,0.0000000000000009987076429742309,512,4
-2.5522026256867205,11.835344128465277,0.1819732608503355,0.4727436267309102,0.05238870473619811,0.000000000004201352941785809,15527.460238016189,34.982730422132114,0.22756702686638597,0.0000000000000010020629130269068,0.0000000000000038717013476549705,0.0000000000000009412557223321273,0.0002033100694341404,0.000000000000019802003212931816,0.22729302447297262,0.000000000011491404477141116,0.18135973865148836,0.04155947514516427,0.004170500606910982,0.000000000000000000000000000000000000000000000000000000000000000000000000000000000000000000000000000000000000000000000000000000000000000000000000000000000000000000000000000000000000000000000000000000000000000000000000000000000000000000000000000000000000000000000000000000000000000000000000000000000000000000000000000000000054,0,0.0000000000000002199869410534943,0.0000000000012069462689436472,0.00000000000006472860737354112,0.000000000000050985798151767364,0.000000000000025146551507759796,-0.000000000000000000000012818068320304144,0.0008367494087388187,0.000000005567817873806719,0.0000000000002176576470582897,0.00042322720971082556,0.00010166507082692535,0.00003455023322062601,0.000000000000008929965024625263,0.00000000000587088395875794,0.0000000000011566690506066776,0.00000000000021764321346086079,0.00000000000000000000000000000000000000003514054374273672,0.00000000000000000000000000000000000000000000000000000000000034276805393436795,0.000000000000000000000000000000000000000012959554669765296,0.000000000000000000000000000000000018775104457040566,0.00000000000000000000000000000000000000000000000000000000000000000000000000000000000000000000000000000000000000000000000000000000000000000000000000000000000000000000000000000000000000000000000000000000000000000000000000000000000000000000000000000000000000000000000000000000000000000000000000008771411710180658,0.00000000000000000000000000000000000000000000000000000000000000000000000000000000000000000000000000000000000000000000000000000000000000000000000000000000000000000000000000000000000000000000000000000000000000000000000000000000000000000000000000000000000000000000000000000000000000000000000000004143657253107339,0.000000000000050985798186019894,32675,0,0.0000000000000009987076429742309,512,4
-2.5517123667723043,11.82905302884654,0.1893040910715124,0.4847577083277525,0.05631863144953442,0.000000000004225433912520743,15510.801475673848,34.96558403012124,0.23646685195784037,0.0000000000000010126078836975306,0.000000000000003924765915234385,0.0000000000000009479220072824316,0.00020573641074732242,0.000000000000020013513247465492,0.23612163552595905,0.000000000011937752933204133,0.18860167730197833,0.04282827914221013,0.004485942671056571,0.00000000000000000000000000000000000000000000000000000000000000000000000000000000000000000000000000000000000000000000000000000000000000000000000000000000000000000000000000000000000000000000000000000000000000000000000000000000000000000000000000000000000000000000000000000000000000000000000000000000000000000000000000000000006,0,0.00000000000000022974612295030527,0.0000000000013836763283584717,0.00000000000006886025262820632,0.00000000000005581657957675642,0.00000000000003327893516313907,-0.000000000000000000000013677560675535024,0.0009716003874124922,0.000000006528944644357073,0.00000000000021766132523388553,0.00046918661769554127,0.00011173253082582829,0.00003973492526089916,0.000000000000011105582214416868,0.00000000000587088395875794,0.0000000000011566690506066776,0.00000000000021764321346086079,0.00000000000000000000000000000000000000003514054374273672,0.00000000000000000000000000000000000000000000000000000000000034276805393436795,0.000000000000000000000000000000000000000012959554669765296,0.000000000000000000000000000000000018775104457040566,0.00000000000000000000000000000000000000000000000000000000000000000000000000000000000000000000000000000000000000000000000000000000000000000000000000000000000000000000000000000000000000000000000000000000000000000000000000000000000000000000000000000000000000000000000000000000000000000000000000009249159975573599,0.000000000000000000000000000000000000000000000000000000000000000000000000000000000000000000000000000000000000000000000000000000000000000000000000000000000000000000000000000000000000000000000000000000000000000000000000000000000000000000000000000000000000000000000000000000000000000000000000000043591500882807113,0.00000000000005581657961100895,33933,0,0.0000000000000009987076429742309,512,5
-2.5512221078578885,11.822765012739556,0.19665435500175624,0.49632413239969836,0.060373568120600886,0.000000000004246253736645355,15482.431205091287,34.948446042221654,0.24537050778919572,0.0000000000000010246611416236084,0.000000000000003982030432268378,0.0000000000000009564670781805533,0.00020835911965196832,0.000000000000020250363684400585,0.24495752695590461,0.000000000012384467433230398,0.1958650607307202,0.044072256773498186,0.004811850332068177,0.000000000000000000000000000000000000000000000000000000000000000000000000000000000000000000000000000000000000000000000000000000000000000000000000000000000000000000000000000000000000000000000000000000000000000000000000000000000000000000000000000000000000000000000000000000000000000000000000000000000000000000000000000000000064,0,0.0000000000000002396199236985233,0.0000000000015635340189282683,0.0000000000000730138022781391,0.0000000000000608191258397897,0.00000000000003391731340229853,-0.00000000000000000000001633843268505619,0.0011081078291638763,0.000000007466662823046067,0.00000000000021766504200177262,0.0005188135579429859,0.00012244577801316154,0.000045516006977939415,0.000000000000013322029325722359,0.00000000000587088395875794,0.0000000000011566690506066776,0.00000000000021764321346086079,0.00000000000000000000000000000000000000003514054374273672,0.00000000000000000000000000000000000000000000000000000000000034276805393436795,0.000000000000000000000000000000000000000012959554669765296,0.000000000000000000000000000000000018775104457040566,0.00000000000000000000000000000000000000000000000000000000000000000000000000000000000000000000000000000000000000000000000000000000000000000000000000000000000000000000000000000000000000000000000000000000000000000000000000000000000000000000000000000000000000000000000000000000000000000000000000009713645470226767,0.000000000000000000000000000000000000000000000000000000000000000000000000000000000000000000000000000000000000000000000000000000000000000000000000000000000000000000000000000000000000000000000000000000000000000000000000000000000000000000000000000000000000000000000000000000000000000000000000000045676398264738555,0.00000000000006081912587404223,35189,0,0.0000000000000009987076429742309,512,5
-2.5507318489434723,11.816480078632965,0.20402184512900115,0.5074450718591159,0.0645518882490924,0.000000000004264906501098775,15446.573413575516,34.93131645431415,0.25427570157826174,0.0000000000000010356366205001146,0.000000000000004038501933350961,0.000000000000000963977189390968,0.0002110611841054821,0.00000000000002049696328810764,0.25379959993294354,0.000000000012831524017760946,0.20314893317661464,0.04529146495552884,0.005148140616743584,0.00000000000000000000000000000000000000000000000000000000000000000000000000000000000000000000000000000000000000000000000000000000000000000000000000000000000000000000000000000000000000000000000000000000000000000000000000000000000000000000000000000000000000000000000000000000000000000000000000000000000000000000000000000000007,0,0.0000000000000002496125926631433,0.0000000000017454811840710401,0.000000000000077186625366018,0.0000000000000659893564879798,0.000000000000048960835385969403,-0.000000000000000000000016330354749386726,0.0012451920149090746,0.000000008369528449628258,0.00000000000021766870868580185,0.0005722800623347182,0.0001338185796513526,0.000051938913088419466,0.000000000000015533997530956316,0.00000000000587088395875794,0.0000000000011566690506066776,0.00000000000021764321346086079,0.00000000000000000000000000000000000000003514054374273672,0.00000000000000000000000000000000000000000000000000000000000034276805393436795,0.000000000000000000000000000000000000000012959554669765296,0.000000000000000000000000000000000018775104457040566,0.00000000000000000000000000000000000000000000000000000000000000000000000000000000000000000000000000000000000000000000000000000000000000000000000000000000000000000000000000000000000000000000000000000000000000000000000000000000000000000000000000000000000000000000000000000000000000000000000000010187342429241842,0.000000000000000000000000000000000000000000000000000000000000000000000000000000000000000000000000000000000000000000000000000000000000000000000000000000000000000000000000000000000000000000000000000000000000000000000000000000000000000000000000000000000000000000000000000000000000000000000000000047791679024516436,0.00000000000006598935652223233,36447,0,0.0000000000000009987076429742309,512,6
-2.5502415900290565,11.810198225016173,0.2114059259429778,0.5181229950283428,0.06885286365107027,0.000000000004282138129164298,15406.067289296592,34.914195262281574,0.2631818777059107,0.0000000000000010483078168735447,0.000000000000004096126232764152,0.0000000000000009715882263694785,0.00021382525125403608,0.000000000000020746552647512113,0.26264827116931616,0.000000000013278882614284391,0.21045359062546068,0.04648605278903015,0.005494802503628538,0.000000000000000000000000000000000000000000000000000000000000000000000000000000000000000000000000000000000000000000000000000000000000000000000000000000000000000000000000000000000000000000000000000000000000000000000000000000000000000000000000000000000000000000000000000000000000000000000000000000000000000000000000000000000074,0,0.00000000000000025972036707775746,0.0000000000019287570338627793,0.00000000000008137697898389493,0.00000000000007132401803736105,0.00000000000005723199691942682,-0.000000000000000000000015808520105139406,0.0013820888983286557,0.00000000923095735652374,0.00000000000021767226744947565,0.0006297535806220974,0.00014586265053656864,0.00005905011034369249,0.000000000000017710496995891903,0.00000000000587088395875794,0.0000000000011566690506066776,0.00000000000021764321346086079,0.00000000000000000000000000000000000000003514054374273672,0.00000000000000000000000000000000000000000000000000000000000034276805393436795,0.000000000000000000000000000000000000000012959554669765296,0.000000000000000000000000000000000018775104457040566,0.00000000000000000000000000000000000000000000000000000000000000000000000000000000000000000000000000000000000000000000000000000000000000000000000000000000000000000000000000000000000000000000000000000000000000000000000000000000000000000000000000000000000000000000000000000000000000000000000000010647803292555624,0.00000000000000000000000000000000000000000000000000000000000000000000000000000000000000000000000000000000000000000000000000000000000000000000000000000000000000000000000000000000000000000000000000000000000000000000000000000000000000000000000000000000000000000000000000000000000000000000000000004983771913588341,0.00000000000007132401807161358,37704,0,0.0000000000000009987076429742309,512,7
-2.5497513311146403,11.803919450379299,0.21880610809127937,0.5283598802337833,0.07327340193987282,0.0000000000042985665019488475,15363.22251517852,34.897082462008775,0.2720882147318211,0.0000000000000010597719696392548,0.000000000000004155065039339875,0.0000000000000009794056598955695,0.00021664224341114418,0.000000000000021003012561400574,0.27150344617444305,0.00000000001372658729174485,0.21777922254226026,0.04765594222772741,0.0058516391610859255,0.00000000000000000000000000000000000000000000000000000000000000000000000000000000000000000000000000000000000000000000000000000000000000000000000000000000000000000000000000000000000000000000000000000000000000000000000000000000000000000000000000000000000000000000000000000000000000000000000000000000000000000000000000000000008,0,0.0000000000000002699519066728109,0.0000000000021128228638833617,0.00000000000008558379642568653,0.00000000000007682059172577696,0.000000000000041744385725905886,-0.000000000000000000000010520703415908821,0.0015182844659471439,0.000000010047921378418135,0.00000000000021767568527022467,0.0006913989167382169,0.00015858789349237125,0.00006689690289573983,0.000000000000019832316198000145,0.00000000000587088395875794,0.0000000000011566690506066776,0.00000000000021764321346086079,0.00000000000000000000000000000000000000003514054374273672,0.00000000000000000000000000000000000000000000000000000000000034276805393436795,0.000000000000000000000000000000000000000012959554669765296,0.000000000000000000000000000000000018775104457040566,0.00000000000000000000000000000000000000000000000000000000000000000000000000000000000000000000000000000000000000000000000000000000000000000000000000000000000000000000000000000000000000000000000000000000000000000000000000000000000000000000000000000000000000000000000000000000000000000000000000011117378345102091,0.00000000000000000000000000000000000000000000000000000000000000000000000000000000000000000000000000000000000000000000000000000000000000000000000000000000000000000000000000000000000000000000000000000000000000000000000000000000000000000000000000000000000000000000000000000000000000000000000000005191314671938043,0.00000000000007682059176002949,38963,0,0.0000000000000009987076429742309,512,8
-2.5492610722002245,11.797643753213228,0.22622159510823295,0.5381582729779758,0.07781321917143709,0.000000000004314554392844577,15319.380340497726,34.87997804938265,0.28099407231777374,0.0000000000000010729047567309037,0.000000000000004214179325404496,0.0000000000000009868697906896315,0.00021937178329515606,0.000000000000021239822610241598,0.28036489110319,0.000000000014174586975572445,0.2251255230187092,0.04880131993054874,0.00621867637068623,0.000000000000000000000000000000000000000000000000000000000000000000000000000000000000000000000000000000000000000000000000000000000000000000000000000000000000000000000000000000000000000000000000000000000000000000000000000000000000000000000000000000000000000000000000000000000000000000000000000000000000000000000000000000000084,0,0.00000000000000028030610853620684,0.0000000000022973062039551304,0.00000000000008980649095186039,0.00000000000008247708167941733,0.00000000000004934941344458821,-0.000000000000000000000012646816084111525,0.0016534493942685728,0.00000001081977748387007,0.00000000000021767894688137984,0.0007573773045531979,0.00017200242271382614,0.00007552748895165354,0.000000000000021888934084583542,0.00000000000587088395875794,0.0000000000011566690506066776,0.00000000000021764321346086079,0.00000000000000000000000000000000000000003514054374273672,0.00000000000000000000000000000000000000000000000000000000000034276805393436795,0.000000000000000000000000000000000000000012959554669765296,0.000000000000000000000000000000000018775104457040566,0.00000000000000000000000000000000000000000000000000000000000000000000000000000000000000000000000000000000000000000000000000000000000000000000000000000000000000000000000000000000000000000000000000000000000000000000000000000000000000000000000000000000000000000000000000000000000000000000000000011573772218957944,0.00000000000000000000000000000000000000000000000000000000000000000000000000000000000000000000000000000000000000000000000000000000000000000000000000000000000000000000000000000000000000000000000000000000000000000000000000000000000000000000000000000000000000000000000000000000000000000000000000005391994112092179,0.00000000000008247708171366986,40220,0,0.0000000000000009987076429742309,512,8
-2.5487708132858082,11.79137113200956,0.23365279617219425,0.5475205000859571,0.08246802835193415,0.000000000004330411881129162,15275.65493804533,34.862882020292055,0.2898993664450752,0.0000000000000010847711313332083,0.000000000000004277893270589886,0.0000000000000009962947075691407,0.0002222759668009072,0.00000000000002150295351350611,0.2892332117942128,0.000000000014622944572033008,0.23249327311202855,0.0499220378173011,0.006595624898127495,0.00000000000000000000000000000000000000000000000000000000000000000000000000000000000000000000000000000000000000000000000000000000000000000000000000000000000000000000000000000000000000000000000000000000000000000000000000000000000000000000000000000000000000000000000000000000000000000000000000000000000000000000000000000000009,0,0.0000000000000002907877380970727,0.0000000000024819424931739796,0.00000000000009404477479917966,0.0000000000000882918775211699,0.00000000000004524158825347513,-0.000000000000000000000010582095726996741,0.0017873718718772582,0.000000011547247726168769,0.00000000000021768204763721604,0.0008278488115183906,0.00018611290889689332,0.00008499108109066836,0.000000000000023875227459338498,0.00000000000587088395875794,0.0000000000011566690506066776,0.00000000000021764321346086079,0.00000000000000000000000000000000000000003514054374273672,0.00000000000000000000000000000000000000000000000000000000000034276805393436795,0.000000000000000000000000000000000000000012959554669765296,0.000000000000000000000000000000000018775104457040566,0.00000000000000000000000000000000000000000000000000000000000000000000000000000000000000000000000000000000000000000000000000000000000000000000000000000000000000000000000000000000000000000000000000000000000000000000000000000000000000000000000000000000000000000000000000000000000000000000000000012039167561096003,0.00000000000000000000000000000000000000000000000000000000000000000000000000000000000000000000000000000000000000000000000000000000000000000000000000000000000000000000000000000000000000000000000000000000000000000000000000000000000000000000000000000000000000000000000000000000000000000000000000005595513028014993,0.00000000000008829187755542243,41476,0,0.0000000000000009987076429742309,512,8
-2.5482805543713924,11.785101585260659,0.24109890832861436,0.5564492988650502,0.08723616013035013,0.000000000004346334826992972,15232.739829539138,34.84579437062792,0.2988032466806473,0.0000000000000010985328177477629,0.0000000000000043408119934626955,0.0000000000000010046568893820707,0.00022530839900423147,0.00000000000002177755821117912,0.29810783163535615,0.000000000015071647600639812,0.2398819351258573,0.051018185264708145,0.0069824028458283895,0.000000000000000000000000000000000000000000000000000000000000000000000000000000000000000000000000000000000000000000000000000000000000000000000000000000000000000000000000000000000000000000000000000000000000000000000000000000000000000000000000000000000000000000000000000000000000000000000000000000000000000000000000000000000094,0,0.00000000000000030140153590695915,0.0000000000026665651916337063,0.00000000000009829862478498802,0.0000000000000942637071133825,0.00000000000004196643033083092,-0.000000000000000000000007447856687245034,0.0019199438161400556,0.000000012232067530990302,0.00000000000021768499115083326,0.0009029706131883039,0.0002009244181603054,0.00009533757260099293,0.000000000000025790520254788842,0.00000000000587088395875794,0.0000000000011566690506066776,0.00000000000021764321346086079,0.00000000000000000000000000000000000000003514054374273672,0.00000000000000000000000000000000000000000000000000000000000034276805393436795,0.000000000000000000000000000000000000000012959554669765296,0.000000000000000000000000000000000018775104457040566,0.00000000000000000000000000000000000000000000000000000000000000000000000000000000000000000000000000000000000000000000000000000000000000000000000000000000000000000000000000000000000000000000000000000000000000000000000000000000000000000000000000000000000000000000000000000000000000000000000000012491442867500367,0.00000000000000000000000000000000000000000000000000000000000000000000000000000000000000000000000000000000000000000000000000000000000000000000000000000000000000000000000000000000000000000000000000000000000000000000000000000000000000000000000000000000000000000000000000000000000000000000000000005792249061152828,0.00000000000009426370714763503,42733,0,0.0000000000000009987076429742309,512,8
-2.547790295456976,11.778835111459603,0.24856021726209215,0.5649474437211408,0.0921169503464027,0.000000000004362403822019582,15190.895532864522,34.82871509628315,0.3077061128737195,0.00000000000000111107018304438,0.000000000000004405019122814617,0.0000000000000010131312940197215,0.00022836796780714664,0.000000000000022054537207852058,0.3069893176404063,0.000000000015520659090781816,0.24729200818493532,0.05208993270315977,0.007379008784525879,0.0000000000000000000000000000000000000000000000000000000000000000000000000000000000000000000000000000000000000000000000000000000000000000000000000000000000000000000000000000000000000000000000000000000000000000000000000000000000000000000000000000000000000000000000000000000000000000000000000000000000000000000000000000000001,0,0.00000000000000031214369469624334,0.000000000002851058577387191,0.00000000000010256814411379921,0.00000000000010039151473657064,0.000000000000021760371282653068,-0.0000000000000000000000015865065654825648,0.0020511086420736723,0.000000012876347276255473,0.00000000000021768778442258355,0.0009828995647200253,0.0002164407846682133,0.00010661796792606063,0.000000000000027636154954175273,0.00000000000587088395875794,0.0000000000011566690506066776,0.00000000000021764321346086079,0.00000000000000000000000000000000000000003514054374273672,0.00000000000000000000000000000000000000000000000000000000000034276805393436795,0.000000000000000000000000000000000000000012959554669765296,0.000000000000000000000000000000000018775104457040566,0.0000000000000000000000000000000000000000000000000000000000000000000000000000000000000000000000000000000000000000000000000000000000000000000000000000000000000000000000000000000000000000000000000000000000000000000000000000000000000000000000000000000000000000000000000000000000000000000000000001295260528013591,0.00000000000000000000000000000000000000000000000000000000000000000000000000000000000000000000000000000000000000000000000000000000000000000000000000000000000000000000000000000000000000000000000000000000000000000000000000000000000000000000000000000000000000000000000000000000000000000000000000005991712565056723,0.00000000000010039151477082317,43991,0,0.0000000000000009987076429742309,512,8
-2.5473000365425604,11.772571709100236,0.25603579838058715,0.5730180125323296,0.09710702008883633,0.000000000004378751600236239,15150.57391706868,34.81164419315269,0.31660674991032417,0.0000000000000011254000398007271,0.000000000000004470695823468883,0.000000000000001021838326530463,0.00023153035696017794,0.00000000000002234026398144959,0.3158767486060081,0.000000000015970005150986657,0.25472273189069616,0.05313725879440978,0.007785227563970727,0.000000000000000000000000000000000000000000000000000000000000000000000000000000000000000000000000000000000000000000000000000000000000000000000000000000000000000000000000000000000000000000000000000000000000000000000000000000000000000000000000000000000000000000000000000000000000000000000000000000000000000000000000000000000104,0,0.00000000000000032302350725881345,0.0000000000030353546449592626,0.00000000000010685355145508183,0.00000000000010667441693947303,0.000000000000028699265186560297,0.0000000000000000000000010469004627624257,0.00218085683040081,0.000000013482460465098038,0.0000000000002176904370281576,0.0010677903403107048,0.0002326644383227919,0.00011888387296842631,0.00000000000002941514582561808,0.00000000000587088395875794,0.0000000000011566690506066776,0.00000000000021764321346086079,0.00000000000000000000000000000000000000003514054374273672,0.00000000000000000000000000000000000000000000000000000000000034276805393436795,0.000000000000000000000000000000000000000012959554669765296,0.000000000000000000000000000000000018775104457040566,0.00000000000000000000000000000000000000000000000000000000000000000000000000000000000000000000000000000000000000000000000000000000000000000000000000000000000000000000000000000000000000000000000000000000000000000000000000000000000000000000000000000000000000000000000000000000000000000000000000013400693899883783,0.0000000000000000000000000000000000000000000000000000000000000000000000000000000000000000000000000000000000000000000000000000000000000000000000000000000000000000000000000000000000000000000000000000000000000000000000000000000000000000000000000000000000000000000000000000000000000000000000000000618446998152957,0.00000000000010667441697372556,45248,0,0.0000000000000009987076429742309,512,8
-2.546809777628144,11.766311376677107,0.2635266350431432,0.580663818375951,0.10220622334915559,0.000000000004395394647555723,15111.789798233329,34.794581657133456,0.32550634018058494,0.000000000000001139198975775838,0.000000000000004536565272412819,0.0000000000000010301973912987186,0.00023457140865615323,0.000000000000022604934628910507,0.3247712710876912,0.000000000016419664821359607,0.26217522413445393,0.05416037536301965,0.008201100181596513,0.00000000000000000000000000000000000000000000000000000000000000000000000000000000000000000000000000000000000000000000000000000000000000000000000000000000000000000000000000000000000000000000000000000000000000000000000000000000000000000000000000000000000000000000000000000000000000000000000000000000000000000000000000000000011,0,0.00000000000000033404011510641584,0.0000000000032194174532369118,0.00000000000011115514175147742,0.00000000000011311170472707446,0.00000000000003502753642692369,0.0000000000000000000000008401053096241687,0.002309208386424704,0.000000014052843650022346,0.00000000000021769295956321623,0.0011577974775375279,0.00024959664805601953,0.000132187812148151,0.000000000000031131368311844127,0.00000000000587088395875794,0.0000000000011566690506066776,0.00000000000021764321346086079,0.00000000000000000000000000000000000000003514054374273672,0.00000000000000000000000000000000000000000000000000000000000034276805393436795,0.000000000000000000000000000000000000000012959554669765296,0.000000000000000000000000000000000018775104457040566,0.00000000000000000000000000000000000000000000000000000000000000000000000000000000000000000000000000000000000000000000000000000000000000000000000000000000000000000000000000000000000000000000000000000000000000000000000000000000000000000000000000000000000000000000000000000000000000000000000000013857573476528233,0.00000000000000000000000000000000000000000000000000000000000000000000000000000000000000000000000000000000000000000000000000000000000000000000000000000000000000000000000000000000000000000000000000000000000000000000000000000000000000000000000000000000000000000000000000000000000000000000000000006379856951678894,0.00000000000011311170476132699,46505,0,0.0000000000000009987076429742309,512,8
-2.5463195187137284,11.76005411268554,0.2710314639525293,0.5878885753982112,0.10740982147442217,0.0000000000044123945556819345,15074.74279836065,34.777527484124434,0.33440316540098103,0.0000000000000011532764284566129,0.000000000000004607493433130609,0.0000000000000010406092339156406,0.00023782610362867965,0.000000000000022898412438060353,0.33367167969479994,0.000000000016869661450086006,0.269648346122494,0.0551592015952412,0.008626305873484069,0.000000000000000000000000000000000000000000000000000000000000000000000000000000000000000000000000000000000000000000000000000000000000000000000000000000000000000000000000000000000000000000000000000000000000000000000000000000000000000000000000000000000000000000000000000000000000000000000000000000000000000000000000000000000114,0,0.00000000000000034519855686638883,0.0000000000034032225899754555,0.0000000000001154732194202256,0.00000000000011970270085027682,0.00000000000004796163466380676,0.000000000000000000000003996962569250372,0.0024361919235916457,0.000000014589812944516924,0.00000000000021769536218500006,0.0012530740933573445,0.0002672374845458828,0.0001465831257253866,0.000000000000032788736578566484,0.00000000000587088395875794,0.0000000000011566690506066776,0.00000000000021764321346086079,0.00000000000000000000000000000000000000003514054374273672,0.00000000000000000000000000000000000000000000000000000000000034276805393436795,0.000000000000000000000000000000000000000012959554669765296,0.000000000000000000000000000000000018775104457040566,0.00000000000000000000000000000000000000000000000000000000000000000000000000000000000000000000000000000000000000000000000000000000000000000000000000000000000000000000000000000000000000000000000000000000000000000000000000000000000000000000000000000000000000000000000000000000000000000000000000014301437414187148,0.0000000000000000000000000000000000000000000000000000000000000000000000000000000000000000000000000000000000000000000000000000000000000000000000000000000000000000000000000000000000000000000000000000000000000000000000000000000000000000000000000000000000000000000000000000000000000000000000000000656860657114482,0.00000000000011970270088452934,47762,0,0.0000000000000009987076429742309,512,8
-2.545829259799312,11.753799915621562,0.27855184317915477,0.5946957054642128,0.11271612100928459,0.000000000004429775660362462,15039.466218926133,34.760481670026564,0.34329878640147965,0.000000000000001167780551332531,0.0000000000000046776379950091535,0.0000000000000010499308583700042,0.00024119952344654047,0.00000000000002320393819406928,0.34257959593569803,0.000000000017320030790722617,0.2771437586270897,0.05613387289093344,0.009060764894279427,0.00000000000000000000000000000000000000000000000000000000000000000000000000000000000000000000000000000000000000000000000000000000000000000000000000000000000000000000000000000000000000000000000000000000000000000000000000000000000000000000000000000000000000000000000000000000000000000000000000000000000000000000000000000000012,0,0.00000000000000035650420910313655,0.0000000000035867707122775988,0.00000000000011980815011050115,0.00000000000012644688935852206,0.0000000000000510702591327572,-0.0000000000000000000000004879073144355749,0.002561857670686227,0.00000001509566296893785,0.00000000000021769765540708913,0.0013537731184184794,0.0002855858965445312,0.00016212376218974886,0.00000000000003439165123561465,0.00000000000587088395875794,0.0000000000011566690506066776,0.00000000000021764321346086079,0.00000000000000000000000000000000000000003514054374273672,0.00000000000000000000000000000000000000000000000000000000000034276805393436795,0.000000000000000000000000000000000000000012959554669765296,0.000000000000000000000000000000000018775104457040566,0.0000000000000000000000000000000000000000000000000000000000000000000000000000000000000000000000000000000000000000000000000000000000000000000000000000000000000000000000000000000000000000000000000000000000000000000000000000000000000000000000000000000000000000000000000000000000000000000000000001475397990315056,0.00000000000000000000000000000000000000000000000000000000000000000000000000000000000000000000000000000000000000000000000000000000000000000000000000000000000000000000000000000000000000000000000000000000000000000000000000000000000000000000000000000000000000000000000000000000000000000000000000006759887998379673,0.00000000000012644688939277458,49019,0,0.0000000000000009987076429742309,512,8
-2.545339000884896,11.74754878398196,0.28608555387142703,0.6010883811449929,0.11812452279675963,0.0000000000044474964929697546,15005.80867371544,34.74344421074284,0.3521911401928885,0.000000000000001182603359319407,0.000000000000004749221011866815,0.0000000000000010593776353474661,0.00024462624114115496,0.000000000000023512572806726967,0.35149304729799435,0.00000000001777067996298169,0.28465934601232284,0.05708459025026683,0.009504484794321696,0.000000000000000000000000000000000000000000000000000000000000000000000000000000000000000000000000000000000000000000000000000000000000000000000000000000000000000000000000000000000000000000000000000000000000000000000000000000000000000000000000000000000000000000000000000000000000000000000000000000000000000000000000000000000124,0,0.00000000000000036795316981019056,0.0000000000037700639815342285,0.00000000000012416028320026513,0.00000000000013334375393945129,0.0000000000000581756864903582,0.0000000000000000000000009014976207120888,0.002686254146385914,0.000000015572494936085932,0.0000000000002176998487061945,0.0014600462870782243,0.00030463972205624617,0.00017886457374736566,0.00000000000003594416646673041,0.00000000000587088395875794,0.0000000000011566690506066776,0.00000000000021764321346086079,0.00000000000000000000000000000000000000003514054374273672,0.00000000000000000000000000000000000000000000000000000000000034276805393436795,0.000000000000000000000000000000000000000012959554669765296,0.000000000000000000000000000000000018775104457040566,0.00000000000000000000000000000000000000000000000000000000000000000000000000000000000000000000000000000000000000000000000000000000000000000000000000000000000000000000000000000000000000000000000000000000000000000000000000000000000000000000000000000000000000000000000000000000000000000000000000015193554960917798,0.00000000000000000000000000000000000000000000000000000000000000000000000000000000000000000000000000000000000000000000000000000000000000000000000000000000000000000000000000000000000000000000000000000000000000000000000000000000000000000000000000000000000000000000000000000000000000000000000000006944598376361499,0.0000000000001333437539737038,50277,0,0.0000000000000009987076429742309,512,9
-2.54484874197048,11.741300716264258,0.29363460315317597,0.6070708631263498,0.1236313839623179,0.000000000004465608056119143,14973.892573071771,34.72641510217823,0.3610819950782538,0.000000000000001197766151384382,0.0000000000000048224657779727375,0.0000000000000010690902033546098,0.0002481473184433848,0.00000000000002383072090749216,0.36041399267148194,0.000000000018221698449527408,0.2921972127425396,0.05801139928064454,0.009957233329889287,0.00000000000000000000000000000000000000000000000000000000000000000000000000000000000000000000000000000000000000000000000000000000000000000000000000000000000000000000000000000000000000000000000000000000000000000000000000000000000000000000000000000000000000000000000000000000000000000000000000000000000000000000000000000000013,0,0.00000000000000037955555134462136,0.000000000003953113949213928,0.0000000000001285299844743583,0.00000000000014039286638224327,0.000000000000034861002973229915,-0.000000000000000000000002177811456487268,0.0028094358708912297,0.00000001602228733149587,0.0000000000002177019510583999,0.0015720454600502839,0.00032439579588977715,0.00019686091203434042,0.000000000000037450277763196207,0.00000000000587088395875794,0.0000000000011566690506066776,0.00000000000021764321346086079,0.00000000000000000000000000000000000000003514054374273672,0.00000000000000000000000000000000000000000000000000000000000034276805393436795,0.000000000000000000000000000000000000000012959554669765296,0.000000000000000000000000000000000018775104457040566,0.00000000000000000000000000000000000000000000000000000000000000000000000000000000000000000000000000000000000000000000000000000000000000000000000000000000000000000000000000000000000000000000000000000000000000000000000000000000000000000000000000000000000000000000000000000000000000000000000000015641714856002871,0.00000000000000000000000000000000000000000000000000000000000000000000000000000000000000000000000000000000000000000000000000000000000000000000000000000000000000000000000000000000000000000000000000000000000000000000000000000000000000000000000000000000000000000000000000000000000000000000000000007131738504005314,0.00000000000014039286641649579,51535,0,0.0000000000000009987076429742309,512,10
-2.544358483056064,11.735055710966693,0.30119685768027293,0.6126463107122091,0.12923670366231732,0.000000000004484069580214011,14943.569323607455,34.709394340239726,0.3699694669989711,0.0000000000000012131796619981927,0.000000000000004895914772631631,0.0000000000000010784621902090943,0.0002515531979889337,0.000000000000024127242712154537,0.36934048112854595,0.000000000018672997144874597,0.29975531647671594,0.05891454505124933,0.01041906640263642,0.000000000000000000000000000000000000000000000000000000000000000000000000000000000000000000000000000000000000000000000000000000000000000000000000000000000000000000000000000000000000000000000000000000000000000000000000000000000000000000000000000000000000000000000000000000000000000000000000000000000000000000000000000000000133,0,0.0000000000000003913106831293138,0.000000000004135940092145229,0.00000000000013291762863776001,0.00000000000014759384208953145,0.00000000000004463096558993129,-0.0000000000000000000000030017608947725106,0.002931462176962493,0.000000016446894546399296,0.00000000000021770397094510815,0.0016899209731986381,0.00034484983695396093,0.0002161687453080606,0.00000000000003891389819398772,0.00000000000587088395875794,0.0000000000011566690506066776,0.00000000000021764321346086079,0.00000000000000000000000000000000000000003514054374273672,0.00000000000000000000000000000000000000000000000000000000000034276805393436795,0.000000000000000000000000000000000000000012959554669765296,0.000000000000000000000000000000000018775104457040566,0.00000000000000000000000000000000000000000000000000000000000000000000000000000000000000000000000000000000000000000000000000000000000000000000000000000000000000000000000000000000000000000000000000000000000000000000000000000000000000000000000000000000000000000000000000000000000000000000000000016076938354972928,0.00000000000000000000000000000000000000000000000000000000000000000000000000000000000000000000000000000000000000000000000000000000000000000000000000000000000000000000000000000000000000000000000000000000000000000000000000000000000000000000000000000000000000000000000000000000000000000000000000007312386339382255,0.00000000000014759384212378397,52793,0,0.0000000000000009987076429742309,512,11
-2.543868224141648,11.72881376658827,0.30877420594777794,0.6178198889187841,0.13493532085046625,0.000000000004502904901851335,14914.873379441186,34.69238192083633,0.37885503731249237,0.0000000000000012289384533348271,0.0000000000000049749633199488275,0.0000000000000010899922990498405,0.0002551949022089222,0.000000000000024454922000936154,0.37827449911215066,0.000000000019124669627884545,0.30733564815064196,0.05979402274178478,0.010889633317578902,0.00000000000000000000000000000000000000000000000000000000000000000000000000000000000000000000000000000000000000000000000000000000000000000000000000000000000000000000000000000000000000000000000000000000000000000000000000000000000000000000000000000000000000000000000000000000000000000000000000000000000000000000000000000000014,0,0.0000000000000004032240492142409,0.000000000004318553782188978,0.0000000000001373235539151638,0.00000000000015494629118642465,0.00000000000006394884621840902,-0.0000000000000000000000015218830801268595,0.003052381664178985,0.00000001684796509842043,0.00000000000021770591558791821,0.0018138238668357293,0.00036599671318570016,0.00023684482960751173,0.000000000000040338364526463724,0.00000000000587088395875794,0.0000000000011566690506066776,0.00000000000021764321346086079,0.00000000000000000000000000000000000000003514054374273672,0.00000000000000000000000000000000000000000000000000000000000034276805393436795,0.000000000000000000000000000000000000000012959554669765296,0.000000000000000000000000000000000018775104457040566,0.00000000000000000000000000000000000000000000000000000000000000000000000000000000000000000000000000000000000000000000000000000000000000000000000000000000000000000000000000000000000000000000000000000000000000000000000000000000000000000000000000000000000000000000000000000000000000000000000000016520615888586085,0.00000000000000000000000000000000000000000000000000000000000000000000000000000000000000000000000000000000000000000000000000000000000000000000000000000000000000000000000000000000000000000000000000000000000000000000000000000000000000000000000000000000000000000000000000000000000000000000000000007495361558781956,0.00000000000015494629122067717,54050,0,0.0000000000000009987076429742309,512,11
-2.543377965227232,11.722574881628702,0.31636493581786834,0.6225957466656283,0.1407255369814802,0.000000000004522113041404639,14887.788604672727,34.675377839879026,0.3877370532359148,0.0000000000000012451663785612058,0.000000000000005053233123217145,0.0000000000000011004012142896592,0.00025896728966014833,0.000000000000024795775546563685,0.38721442934576317,0.000000000019576680574391178,0.31493658555968723,0.060650019562154364,0.011368856934310938,0.000000000000000000000000000000000000000000000000000000000000000000000000000000000000000000000000000000000000000000000000000000000000000000000000000000000000000000000000000000000000000000000000000000000000000000000000000000000000000000000000000000000000000000000000000000000000000000000000000000000000000000000000000000000143,0,0.0000000000000004153016173592503,0.000000000004500979966415011,0.00000000000014174812931238011,0.00000000000016244990353045802,0.00000000000004951594689828198,-0.000000000000000000000008956815070300753,0.0031722535582975704,0.000000017227084915759533,0.0000000000002177077921878871,0.0019439032999069511,0.00038783018547470404,0.0002589461202070944,0.00000000000004172716905073136,0.00000000000587088395875794,0.0000000000011566690506066776,0.00000000000021764321346086079,0.00000000000000000000000000000000000000003514054374273672,0.00000000000000000000000000000000000000000000000000000000000034276805393436795,0.000000000000000000000000000000000000000012959554669765296,0.000000000000000000000000000000000018775104457040566,0.00000000000000000000000000000000000000000000000000000000000000000000000000000000000000000000000000000000000000000000000000000000000000000000000000000000000000000000000000000000000000000000000000000000000000000000000000000000000000000000000000000000000000000000000000000000000000000000000000016951468124909211,0.00000000000000000000000000000000000000000000000000000000000000000000000000000000000000000000000000000000000000000000000000000000000000000000000000000000000000000000000000000000000000000000000000000000000000000000000000000000000000000000000000000000000000000000000000000000000000000000000000007671917851621586,0.00000000000016244990356471054,55308,0,0.0000000000000009987076429742309,512,12
-2.542887706312816,11.71633905458846,0.3239700233681789,0.626977559918018,0.14660683838975042,0.000000000004541637718999475,14862.08960056525,34.65838209328084,0.39661669994956195,0.0000000000000012617665202622454,0.0000000000000051331320558635395,0.0000000000000011109534216042546,0.00026280047020318026,0.000000000000025140142061212716,0.39616153920887703,0.00000000002002900802459615,0.32255920606854027,0.061482778115971255,0.011856754554212926,0.000000000000000000000000000000000000000000000000000000000000000000000000000000000000000000000000000000000000000000000000000000000000000000000000000000000000000000000000000000000000000000000000000000000000000000000000000000000000000000000000000000000000000000000000000000000000000000000000000000000000000000000000000000000143,0,0.00000000000000042753957055622885,0.000000000004683235049424962,0.00000000000014619168845409884,0.00000000000017010436109526958,0.00000000000005057065877167588,-0.000000000000000000000006707917779922209,0.0032911264024803035,0.000000017585662934808253,0.00000000000021770960687063092,0.0020803091026283796,0.00041034320360581306,0.0002825304710353814,0.00000000000004308328506058914,0.00000000000587088395875794,0.0000000000011566690506066776,0.00000000000021764321346086079,0.00000000000000000000000000000000000000003514054374273672,0.00000000000000000000000000000000000000000000000000000000000034276805393436795,0.000000000000000000000000000000000000000012959554669765296,0.000000000000000000000000000000000018775104457040566,0.00000000000000000000000000000000000000000000000000000000000000000000000000000000000000000000000000000000000000000000000000000000000000000000000000000000000000000000000000000000000000000000000000000000000000000000000000000000000000000000000000000000000000000000000000000000000000000000000000017390280438620146,0.00000000000000000000000000000000000000000000000000000000000000000000000000000000000000000000000000000000000000000000000000000000000000000000000000000000000000000000000000000000000000000000000000000000000000000000000000000000000000000000000000000000000000000000000000000000000000000000000000007850571589796736,0.0000000000001701043611295221,56565,0,0.0000000000000009987076429742309,512,12
-2.5423974473984,11.710106283968726,0.3315881732753114,0.6309707816983718,0.15257534215717974,0.000000000004561519312950128,14837.897492579337,34.64139467695676,0.4054924995394744,0.0000000000000012787585230084973,0.000000000000005214902861812967,0.0000000000000011218086223603038,0.0002667413863987068,0.00000000000002549538870824751,0.4051145452465419,0.000000000020481670474840967,0.3302023119748183,0.06229241432437238,0.012353077560994997,0.000000000000000000000000000000000000000000000000000000000000000000000000000000000000000000000000000000000000000000000000000000000000000000000000000000000000000000000000000000000000000000000000000000000000000000000000000000000000000000000000000000000000000000000000000000000000000000000000000000000000000000000000000000000153,0,0.0000000000000004399487801802608,0.000000000004865339788568727,0.00000000000015065456840442673,0.0000000000001779093745499196,0.000000000000042521541843143495,-0.000000000000000000000010494854021766539,0.0034090508373136015,0.00000001792501731635402,0.00000000000021771136542397832,0.002223189536606811,0.0004335277344299145,0.00030765581196809166,0.00000000000004440960464248246,0.00000000000587088395875794,0.0000000000011566690506066776,0.00000000000021764321346086079,0.00000000000000000000000000000000000000003514054374273672,0.00000000000000000000000000000000000000000000000000000000000034276805393436795,0.000000000000000000000000000000000000000012959554669765296,0.000000000000000000000000000000000018775104457040566,0.00000000000000000000000000000000000000000000000000000000000000000000000000000000000000000000000000000000000000000000000000000000000000000000000000000000000000000000000000000000000000000000000000000000000000000000000000000000000000000000000000000000000000000000000000000000000000000000000000017819275282699228,0.00000000000000000000000000000000000000000000000000000000000000000000000000000000000000000000000000000000000000000000000000000000000000000000000000000000000000000000000000000000000000000000000000000000000000000000000000000000000000000000000000000000000000000000000000000000000000000000000000008023129581835997,0.00000000000017790937458417212,57823,0,0.0000000000000009987076429742309,512,12
-2.541907188483984,11.703876568271443,0.3392204479316859,0.6345790029025221,0.15863121842896252,0.000000000004581713747345538,14815.029085037962,34.624415586823815,0.4143658247548791,0.0000000000000012960469912312758,0.000000000000005296915723471255,0.0000000000000011323371584761084,0.0002705640832221368,0.0000000000000258282832993206,0.41407474130898414,0.000000000020934649860676485,0.33786706314718284,0.06307921623068302,0.012857897847944862,0.000000000000000000000000000000000000000000000000000000000000000000000000000000000000000000000000000000000000000000000000000000000000000000000000000000000000000000000000000000000000000000000000000000000000000000000000000000000000000000000000000000000000000000000000000000000000000000000000000000000000000000000000000000000153,0,0.0000000000000004525290008540743,0.00000000000504731730792074,0.00000000000015513710880525452,0.00000000000018586470966118765,0.00000000000004873879078104437,-0.000000000000000000000010646719212352446,0.003526077654453836,0.00000001824637200069004,0.00000000000021771307324596426,0.002372692869736629,0.00045737489820491754,0.00033438060377751606,0.000000000000045708890000388397,0.00000000000587088395875794,0.0000000000011566690506066776,0.00000000000021764321346086079,0.00000000000000000000000000000000000000003514054374273672,0.00000000000000000000000000000000000000000000000000000000000034276805393436795,0.000000000000000000000000000000000000000012959554669765296,0.000000000000000000000000000000000018775104457040566,0.00000000000000000000000000000000000000000000000000000000000000000000000000000000000000000000000000000000000000000000000000000000000000000000000000000000000000000000000000000000000000000000000000000000000000000000000000000000000000000000000000000000000000000000000000000000000000000000000000018250075133759147,0.00000000000000000000000000000000000000000000000000000000000000000000000000000000000000000000000000000000000000000000000000000000000000000000000000000000000000000000000000000000000000000000000000000000000000000000000000000000000000000000000000000000000000000000000000000000000000000000000000008197119707820927,0.00000000000018586470969544017,59080,0,0.0000000000000009987076429742309,512,12
-2.541416929569568,11.697649905999265,0.3468654061366473,0.6378088282298486,0.16476891753030412,0.0000000000046022401095715715,14793.539850126017,34.60744481880099,0.42323487955431494,0.0000000000000013137549145344247,0.000000000000005385135995464091,0.0000000000000011451404187951665,0.0002746474289323355,0.000000000000026194927614439224,0.42304086678601277,0.000000000021387968683027495,0.3455521257269404,0.06384325741964676,0.013370836210554616,0.000000000000000000000000000000000000000000000000000000000000000000000000000000000000000000000000000000000000000000000000000000000000000000000000000000000000000000000000000000000000000000000000000000000000000000000000000000000000000000000000000000000000000000000000000000000000000000000000000000000000000000000000000000000163,0,0.000000000000000465286050623486,0.000000000005229181219785735,0.00000000000015963960885182787,0.00000000000019397007867373374,0.0000000000000613398221105399,-0.00000000000000000000002488973538474989,0.0036422469481116547,0.000000018550813947478487,0.00000000000021771473488562698,0.002528966538190949,0.00048187498934627204,0.0003627637741764305,0.000000000000046983460358832966,0.00000000000587088395875794,0.0000000000011566690506066776,0.00000000000021764321346086079,0.00000000000000000000000000000000000000003514054374273672,0.00000000000000000000000000000000000000000000000000000000000034276805393436795,0.000000000000000000000000000000000000000012959554669765296,0.000000000000000000000000000000000018775104457040566,0.00000000000000000000000000000000000000000000000000000000000000000000000000000000000000000000000000000000000000000000000000000000000000000000000000000000000000000000000000000000000000000000000000000000000000000000000000000000000000000000000000000000000000000000000000000000000000000000000000018677963830638914,0.00000000000000000000000000000000000000000000000000000000000000000000000000000000000000000000000000000000000000000000000000000000000000000000000000000000000000000000000000000000000000000000000000000000000000000000000000000000000000000000000000000000000000000000000000000000000000000000000000008366776325787284,0.00000000000019397007870798626,60336,0,0.0000000000000009987076429742309,512,12
-2.540926670655152,11.6914262956556,0.3545245245443355,0.6406651733874409,0.1709867712606423,0.000000000004623099100463423,14773.39190400739,34.59048236880934,0.43210126527397164,0.0000000000000013319910504763517,0.000000000000005472611728853496,0.0000000000000011567921275726208,0.0002788762053048004,0.000000000000026576123005218668,0.432014555221577,0.00000000002184166296366432,0.3532590754079214,0.06458478371984804,0.013891819888564636,0.000000000000000000000000000000000000000000000000000000000000000000000000000000000000000000000000000000000000000000000000000000000000000000000000000000000000000000000000000000000000000000000000000000000000000000000000000000000000000000000000000000000000000000000000000000000000000000000000000000000000000000000000000000000163,0,0.0000000000000004782267690296953,0.0000000000054109551075521786,0.00000000000016416239732466268,0.00000000000020222529295606648,0.00000000000006189493362285248,-0.00000000000000000000002364896446592035,0.0037576064956465365,0.000000018839391131592964,0.00000000000021771635496382017,0.0026921573590165467,0.000507017455392365,0.00039286426294940437,0.000000000000048235771798007705,0.00000000000587088395875794,0.0000000000011566690506066776,0.00000000000021764321346086079,0.00000000000000000000000000000000000000003514054374273672,0.00000000000000000000000000000000000000000000000000000000000034276805393436795,0.000000000000000000000000000000000000000012959554669765296,0.000000000000000000000000000000000018775104457040566,0.0000000000000000000000000000000000000000000000000000000000000000000000000000000000000000000000000000000000000000000000000000000000000000000000000000000000000000000000000000000000000000000000000000000000000000000000000000000000000000000000000000000000000000000000000000000000000000000000000001910132296530213,0.00000000000000000000000000000000000000000000000000000000000000000000000000000000000000000000000000000000000000000000000000000000000000000000000000000000000000000000000000000000000000000000000000000000000000000000000000000000000000000000000000000000000000000000000000000000000000000000000000008535288423371912,0.000000000000202225292990319,61593,0,0.0000000000000009987076429742309,512,12
-2.540436411740736,11.685205735744567,0.36219546786542206,0.643152247103601,0.1772843780618996,0.0000000000046442341303782535,14754.40194596586,34.573528232771814,0.44096291548863786,0.0000000000000013506593269001348,0.000000000000005561927556806495,0.0000000000000011686074801797163,0.00028317411769458853,0.000000000000026961273714219326,0.44099381947586236,0.000000000022295639132325885,0.3609856842659839,0.06530408435513804,0.014420876737115932,0.000000000000000000000000000000000000000000000000000000000000000000000000000000000000000000000000000000000000000000000000000000000000000000000000000000000000000000000000000000000000000000000000000000000000000000000000000000000000000000000000000000000000000000000000000000000000000000000000000000000000000000000000000000000173,0,0.0000000000000004913473064578515,0.000000000005592654330493792,0.00000000000016870576857619817,0.00000000000021063012071390106,0.00000000000007005507285384738,-0.00000000000000000000002482834307366197,0.003872194905273689,0.00000001911303953302816,0.00000000000021771793742093483,0.002862411305616535,0.0005327909550598972,0.0004247416271912666,0.00000000000004946791620533652,0.00000000000587088395875794,0.0000000000011566690506066776,0.00000000000021764321346086079,0.00000000000000000000000000000000000000003514054374273672,0.00000000000000000000000000000000000000000000000000000000000034276805393436795,0.000000000000000000000000000000000000000012959554669765296,0.000000000000000000000000000000000018775104457040566,0.00000000000000000000000000000000000000000000000000000000000000000000000000000000000000000000000000000000000000000000000000000000000000000000000000000000000000000000000000000000000000000000000000000000000000000000000000000000000000000000000000000000000000000000000000000000000000000000000000019527397991450095,0.00000000000000000000000000000000000000000000000000000000000000000000000000000000000000000000000000000000000000000000000000000000000000000000000000000000000000000000000000000000000000000000000000000000000000000000000000000000000000000000000000000000000000000000000000000000000000000000000000008702080528053836,0.00000000000021063012074815357,62851,0,0.0000000000000009987076429742309,512,12
-2.53994615282632,11.678988224771043,0.36988012073256904,0.6452766907639683,0.1836576537488783,0.000000000004665688413174869,14736.669149343054,34.55658240661347,0.44982159427954727,0.0000000000000013697901373657533,0.000000000000005653387982493277,0.000000000000001180772499291488,0.00028759655593468993,0.00000000000002735898959268799,0.4499806329648522,0.00000000002274998733655517,0.36873394349258526,0.06600134915043154,0.014957743765974578,0.000000000000000000000000000000000000000000000000000000000000000000000000000000000000000000000000000000000000000000000000000000000000000000000000000000000000000000000000000000000000000000000000000000000000000000000000000000000000000000000000000000000000000000000000000000000000000000000000000000000000000000000000000000000173,0,0.0000000000000005046595781191985,0.000000000005774296187903077,0.00000000000017327002088664305,0.00000000000021918437488496286,0.00000000000007388534228880417,-0.00000000000000000000002673150471738749,0.003986051242484604,0.000000019372636244888224,0.0000000000002177194860047566,0.003039874002280865,0.0005591834298950202,0.00045845531234144603,0.00000000000005068192948956667,0.00000000000587088395875794,0.0000000000011566690506066776,0.00000000000021764321346086079,0.00000000000000000000000000000000000000003514054374273672,0.00000000000000000000000000000000000000000000000000000000000034276805393436795,0.000000000000000000000000000000000000000012959554669765296,0.000000000000000000000000000000000018775104457040566,0.00000000000000000000000000000000000000000000000000000000000000000000000000000000000000000000000000000000000000000000000000000000000000000000000000000000000000000000000000000000000000000000000000000000000000000000000000000000000000000000000000000000000000000000000000000000000000000000000000019945015968552394,0.00000000000000000000000000000000000000000000000000000000000000000000000000000000000000000000000000000000000000000000000000000000000000000000000000000000000000000000000000000000000000000000000000000000000000000000000000000000000000000000000000000000000000000000000000000000000000000000000000008865156057008085,0.00000000000021918437491921537,64107,0,0.0000000000000009987076429742309,512,12
-2.539455893911904,11.672773761240615,0.37757623620405306,0.6470425344283726,0.19010697118652797,0.000000000004687420012275304,14720.057889198488,34.53964488626129,0.45867543174100794,0.000000000000001389269532459551,0.000000000000005745134532736579,0.0000000000000011926285801550099,0.00029189793272431814,0.000000000000027733626297422055,0.4589730302928493,0.00000000002320461780871998,0.3765017095004558,0.0666769128304249,0.015502510029328054,0.000000000000000000000000000000000000000000000000000000000000000000000000000000000000000000000000000000000000000000000000000000000000000000000000000000000000000000000000000000000000000000000000000000000000000000000000000000000000000000000000000000000000000000000000000000000000000000000000000000000000000000000000000000000183,0,0.0000000000000005181636965271206,0.000000000005955901038751964,0.0000000000001778554580002794,0.0000000000002278879006782394,0.00000000000008376632720796806,-0.000000000000000000000018992842346041784,0.004099216178250614,0.000000019619006641734042,0.00000000000021772100434329278,0.003224689474428945,0.000586182006095827,0.0004940649358808956,0.000000000000051879830858139043,0.00000000000587088395875794,0.0000000000011566690506066776,0.00000000000021764321346086079,0.00000000000000000000000000000000000000003514054374273672,0.00000000000000000000000000000000000000000000000000000000000034276805393436795,0.000000000000000000000000000000000000000012959554669765296,0.000000000000000000000000000000000018775104457040566,0.00000000000000000000000000000000000000000000000000000000000000000000000000000000000000000000000000000000000000000000000000000000000000000000000000000000000000000000000000000000000000000000000000000000000000000000000000000000000000000000000000000000000000000000000000000000000000000000000000020367441620030756,0.0000000000000000000000000000000000000000000000000000000000000000000000000000000000000000000000000000000000000000000000000000000000000000000000000000000000000000000000000000000000000000000000000000000000000000000000000000000000000000000000000000000000000000000000000000000000000000000000000000902888001939861,0.0000000000002278879007124919,65364,0,0.0000000000000009987076429742309,512,12
-2.538965634997488,11.666562343659624,0.3852855402968803,0.6484577851924545,0.196626441976236,0.000000000004709450030430357,14704.60105496707,34.522715667644306,0.467525856282006,0.0000000000000014092651806570523,0.00000000000000584381771082979,0.000000000000001206893913292493,0.000296489604947387,0.000000000000028145021434280256,0.46797301263246777,0.000000000023659624822843118,0.38429082314368695,0.06733092921426054,0.016054770669643913,0.000000000000000000000000000000000000000000000000000000000000000000000000000000000000000000000000000000000000000000000000000000000000000000000000000000000000000000000000000000000000000000000000000000000000000000000000000000000000000000000000000000000000000000000000000000000000000000000000000000000000000000000000000000000183,0,0.0000000000000005318660568670291,0.000000000006137478479182758,0.0000000000001824623450816692,0.00000000000023674050085349696,0.00000000000007099876242477876,-0.00000000000000000000003090941304563384,0.004211719322511958,0.00000001985288193023201,0.00000000000021772249541903874,0.0034170021690926706,0.0006137732379802743,0.0005316305138517557,0.000000000000053063263869326613,0.00000000000587088395875794,0.0000000000011566690506066776,0.00000000000021764321346086079,0.00000000000000000000000000000000000000003514054374273672,0.00000000000000000000000000000000000000000000000000000000000034276805393436795,0.000000000000000000000000000000000000000012959554669765296,0.000000000000000000000000000000000018775104457040566,0.0000000000000000000000000000000000000000000000000000000000000000000000000000000000000000000000000000000000000000000000000000000000000000000000000000000000000000000000000000000000000000000000000000000000000000000000000000000000000000000000000000000000000000000000000000000000000000000000000002077927864296473,0.00000000000000000000000000000000000000000000000000000000000000000000000000000000000000000000000000000000000000000000000000000000000000000000000000000000000000000000000000000000000000000000000000000000000000000000000000000000000000000000000000000000000000000000000000000000000000000000000000009187308483983617,0.00000000000023674050088774947,66620,0,0.0000000000000009987076429742309,512,12
-2.538475376083072,11.660353970535121,0.39300618920738345,0.649528085605956,0.20321446889302172,0.000000000004731781878585679,14690.305016618762,34.50579474669347,0.47637121736990967,0.0000000000000014298573569521527,0.0000000000000059417977271685866,0.0000000000000012199742177904403,0.0003012435064511293,0.00000000000002857253743153821,0.47697895070191415,0.000000000024114972789585398,0.39209954459321006,0.06796370343502323,0.01661445916730041,0.00000000000000000000000000000000000000000000000000000000000000000000000000000000000000000000000000000000000000000000000000000000000000000000000000000000000000000000000000000000000000000000000000000000000000000000000000000000000000000000000000000000000000000000000000000000000000000000000000000000000000000000000000000000019,0,0.000000000000000545774344456246,0.0000000000063190485391314265,0.0000000000001870909796600313,0.00000000000024574206171063594,0.00000000000007066569551739121,-0.000000000000000000000037468696809237925,0.004323598928195476,0.000000020074979256972544,0.00000000000021772396245607256,0.003616954313800078,0.0006419428916057503,0.0005712116233412293,0.000000000000054234082546136315,0.00000000000587088395875794,0.0000000000011566690506066776,0.00000000000021764321346086079,0.00000000000000000000000000000000000000003514054374273672,0.00000000000000000000000000000000000000000000000000000000000034276805393436795,0.000000000000000000000000000000000000000012959554669765296,0.000000000000000000000000000000000018775104457040566,0.00000000000000000000000000000000000000000000000000000000000000000000000000000000000000000000000000000000000000000000000000000000000000000000000000000000000000000000000000000000000000000000000000000000000000000000000000000000000000000000000000000000000000000000000000000000000000000000000000021197954162089906,0.00000000000000000000000000000000000000000000000000000000000000000000000000000000000000000000000000000000000000000000000000000000000000000000000000000000000000000000000000000000000000000000000000000000000000000000000000000000000000000000000000000000000000000000000000000000000000000000000000009347114452742163,0.00000000000024574206174488846,67877,0,0.0000000000000009987076429742309,512,12
-2.537985117168656,11.65414864037491,0.40073904806170074,0.6502581695001736,0.20987080469849503,0.00000000000475436256753813,14676.975103452342,34.48888211934182,0.48521271481674,0.0000000000000014509644966567822,0.0000000000000060419027941219624,0.0000000000000012332466663892072,0.00030607797834151607,0.00000000000002900466622375957,0.4859921213023265,0.000000000024570639591393783,0.3999288522588451,0.06857557490262124,0.01718161616260127,0.000000000000000000000000000000000000000000000000000000000000000000000000000000000000000000000000000000000000000000000000000000000000000000000000000000000000000000000000000000000000000000000000000000000000000000000000000000000000000000000000000000000000000000000000000000000000000000000000000000000000000000000000000000000193,0,0.00000000000000055988492943402685,0.000000000006500622380548834,0.00000000000019174162790278061,0.00000000000025489243837952986,0.0000000000000826561041833429,-0.00000000000000000000002963309920985866,0.004434884148509044,0.000000020285939535792,0.00000000000021772540816856538,0.0038246883454306512,0.0006706761728190229,0.0006128684234735205,0.00000000000005539383995669151,0.00000000000587088395875794,0.0000000000011566690506066776,0.00000000000021764321346086079,0.00000000000000000000000000000000000000003514054374273672,0.00000000000000000000000000000000000000000000000000000000000034276805393436795,0.000000000000000000000000000000000000000012959554669765296,0.000000000000000000000000000000000018775104457040566,0.0000000000000000000000000000000000000000000000000000000000000000000000000000000000000000000000000000000000000000000000000000000000000000000000000000000000000000000000000000000000000000000000000000000000000000000000000000000000000000000000000000000000000000000000000000000000000000000000000002160395062721756,0.00000000000000000000000000000000000000000000000000000000000000000000000000000000000000000000000000000000000000000000000000000000000000000000000000000000000000000000000000000000000000000000000000000000000000000000000000000000000000000000000000000000000000000000000000000000000000000000000000009500887011938415,0.00000000000025489243841378237,69135,0,0.0000000000000009987076429742309,512,12
-2.53749485825424,11.647946351687507,0.4084826642532686,0.6506557812944146,0.2165912085138629,0.000000000004777237009410384,14664.746878319875,34.471977781524295,0.4940488378050165,0.0000000000000014726163856363622,0.0000000000000061444707149012544,0.0000000000000012469223360841232,0.0003110565140652797,0.000000000000029451312254429535,0.49501123143778486,0.000000000025026643856774476,0.4077774036578592,0.06916680479361459,0.017755966472325684,0.0000000000000000000000000000000000000000000000000000000000000000000000000000000000000000000000000000000000000000000000000000000000000000000000000000000000000000000000000000000000000000000000000000000000000000000000000000000000000000000000000000000000000000000000000000000000000000000000000000000000000000000000000000000002,0,0.0000000000000005742107438775081,0.00000000000668221358905006,0.00000000000019641456198827568,0.00000000000026419151481972925,0.00000000000007988054662178001,-0.000000000000000000000029752652657766714,0.004545605609547872,0.00000002048637076242307,0.00000000000021772683524062564,0.004040345013914221,0.0006999576634842899,0.000656660537248401,0.0000000000000565441068567138,0.00000000000587088395875794,0.0000000000011566690506066776,0.00000000000021764321346086079,0.00000000000000000000000000000000000000003514054374273672,0.00000000000000000000000000000000000000000000000000000000000034276805393436795,0.000000000000000000000000000000000000000012959554669765296,0.000000000000000000000000000000000018775104457040566,0.0000000000000000000000000000000000000000000000000000000000000000000000000000000000000000000000000000000000000000000000000000000000000000000000000000000000000000000000000000000000000000000000000000000000000000000000000000000000000000000000000000000000000000000000000000000000000000000000000002201771062855687,0.00000000000000000000000000000000000000000000000000000000000000000000000000000000000000000000000000000000000000000000000000000000000000000000000000000000000000000000000000000000000000000000000000000000000000000000000000000000000000000000000000000000000000000000000000000000000000000000000000009656340599288204,0.00000000000026419151485398176,70391,0,0.0000000000000009987076429742309,512,12
-2.537004599339824,11.641747102982178,0.4162380072461439,0.6507253511385584,0.22337630071013048,0.000000000004800367897059464,14653.474743408815,34.45508172917793,0.5028810035007876,0.0000000000000014946933193354675,0.00000000000000624743576102239,0.0000000000000012603171826262426,0.0003159138941907497,0.000000000000029874358950506154,0.5040375845755809,0.00000000002548296739228904,0.4156462761307482,0.06973777581589836,0.018337618734820944,0.000000000000000000000000000000000000000000000000000000000000000000000000000000000000000000000000000000000000000000000000000000000000000000000000000000000000000000000000000000000000000000000000000000000000000000000000000000000000000000000000000000000000000000000000000000000000000000000000000000000000000000000000000000000203,0,0.0000000000000005887525773735714,0.0000000000068638380835252385,0.0000000000002011100626851489,0.00000000000027363922180952135,0.00000000000007738254481637341,-0.00000000000000000000004016672732283862,0.004655795284803513,0.00000002067684872083123,0.00000000000021772824633156334,0.004264064169182081,0.0007297713467389012,0.0007026476263545029,0.00000000000005768647122721288,0.00000000000587088395875794,0.0000000000011566690506066776,0.00000000000021764321346086079,0.00000000000000000000000000000000000000003514054374273672,0.00000000000000000000000000000000000000000000000000000000000034276805393436795,0.000000000000000000000000000000000000000012959554669765296,0.000000000000000000000000000000000018775104457040566,0.00000000000000000000000000000000000000000000000000000000000000000000000000000000000000000000000000000000000000000000000000000000000000000000000000000000000000000000000000000000000000000000000000000000000000000000000000000000000000000000000000000000000000000000000000000000000000000000000000022418828102680692,0.00000000000000000000000000000000000000000000000000000000000000000000000000000000000000000000000000000000000000000000000000000000000000000000000000000000000000000000000000000000000000000000000000000000000000000000000000000000000000000000000000000000000000000000000000000000000000000000000000009805839360396128,0.00000000000027363922184377387,71648,0,0.0000000000000009987076429742309,512,12
-2.536514340425408,11.635550892768897,0.4240034423468723,0.6504761659138898,0.2302199135187771,0.000000000004823776274309692,14643.223834022281,34.438193958241634,0.5117073365272494,0.0000000000000015173986322825982,0.0000000000000063581769119313,0.000000000000001276272323713612,0.00032109537613286723,0.000000000000030337531768058274,0.5130699107330916,0.0000000000259396328605423,0.42353395181518666,0.07028871772899134,0.018926145812880185,0.000000000000000000000000000000000000000000000000000000000000000000000000000000000000000000000000000000000000000000000000000000000000000000000000000000000000000000000000000000000000000000000000000000000000000000000000000000000000000000000000000000000000000000000000000000000000000000000000000000000000000000000000000000000208,0,0.0000000000000006035173273514165,0.000000000007045502001407795,0.0000000000002058283747983522,0.0000000000002832354321496545,0.00000000000009947598300641403,-0.000000000000000000000047055590861756805,0.00476547562667343,0.000000020857887188249388,0.0000000000002177296436374786,0.004495985094763207,0.0007601007368711517,0.0007508894826789092,0.00000000000005882223287086409,0.00000000000587088395875794,0.0000000000011566690506066776,0.00000000000021764321346086079,0.00000000000000000000000000000000000000003514054374273672,0.00000000000000000000000000000000000000000000000000000000000034276805393436795,0.000000000000000000000000000000000000000012959554669765296,0.000000000000000000000000000000000018775104457040566,0.000000000000000000000000000000000000000000000000000000000000000000000000000000000000000000000000000000000000000000000000000000000000000000000000000000000000000000000000000000000000000000000000000000000000000000000000000000000000000000000000000000000000000000000000000000000000000000000000000228276248248641,0.00000000000000000000000000000000000000000000000000000000000000000000000000000000000000000000000000000000000000000000000000000000000000000000000000000000000000000000000000000000000000000000000000000000000000000000000000000000000000000000000000000000000000000000000000000000000000000000000000009956921243805791,0.000000000000283235432183907,72904,0,0.0000000000000009987076429742309,512,12
-2.536024081510992,11.629357719558397,0.4317803437945708,0.64991450220755,0.23712057065994657,0.000000000004847469957229788,14633.985753495806,34.42131446465641,0.5205294735467374,0.0000000000000015407979116968752,0.000000000000006468327176110779,0.0000000000000012910115674457676,0.0003264608593889012,0.00000000000003081882509924551,0.5221098555789873,0.000000000026396676553591502,0.4314419120122433,0.07081999244985922,0.019521490257581074,0.00000000000000000000000000000000000000000000000000000000000000000000000000000000000000000000000000000000000000000000000000000000000000000000000000000000000000000000000000000000000000000000000000000000000000000000000000000000000000000000000000000000000000000000000000000000000000000000000000000000000000000000000000000000021,0,0.0000000000000006185138974939994,0.000000000007227220858888685,0.00000000000021056977749092365,0.00000000000029298011503856686,0.00000000000008526512829121202,-0.000000000000000000000045675879449412497,0.004874677032036694,0.0000000210299942738549,0.00000000000021773102963851296,0.0047362452494846535,0.0007909287797275325,0.0008014452057090057,0.00000000000005995291345106289,0.00000000000587088395875794,0.0000000000011566690506066776,0.00000000000021764321346086079,0.00000000000000000000000000000000000000003514054374273672,0.00000000000000000000000000000000000000000000000000000000000034276805393436795,0.000000000000000000000000000000000000000012959554669765296,0.000000000000000000000000000000000018775104457040566,0.0000000000000000000000000000000000000000000000000000000000000000000000000000000000000000000000000000000000000000000000000000000000000000000000000000000000000000000000000000000000000000000000000000000000000000000000000000000000000000000000000000000000000000000000000000000000000000000000000002322380496813888,0.0000000000000000000000000000000000000000000000000000000000000000000000000000000000000000000000000000000000000000000000000000000000000000000000000000000000000000000000000000000000000000000000000000000000000000000000000000000000000000000000000000000000000000000000000000000000000000000000000001010213342342522,0.00000000000029298011507281937,74161,0,0.0000000000000009987076429742309,512,12
-2.535533822596576,11.623167581862111,0.43956624201971545,0.6490455222431061,0.2440782330055083,0.000000000004871397592789644,14625.60839093848,34.40444324436518,0.5293453463555673,0.0000000000000015648107835795874,0.0000000000000065809445157891204,0.0000000000000013059769843574074,0.00033192069707935727,0.00000000000003130553912921975,0.5311554172377886,0.000000000026854004206052617,0.43936780115965424,0.07133198692217574,0.020123708459007475,0.000000000000000000000000000000000000000000000000000000000000000000000000000000000000000000000000000000000000000000000000000000000000000000000000000000000000000000000000000000000000000000000000000000000000000000000000000000000000000000000000000000000000000000000000000000000000000000000000000000000000000000000000000000000217,0,0.0000000000000006337388192091022,0.000000000007409002407271272,0.00000000000021533452217551694,0.00000000000030287319991810536,0.00000000000012823075934420558,-0.000000000000000000000047595196964476944,0.004983422318377583,0.000000021193627999944944,0.00000000000021773240645870147,0.0049849814580894495,0.0008222379645361616,0.000854374274591617,0.00000000000006107981137755781,0.00000000000587088395875794,0.0000000000011566690506066776,0.00000000000021764321346086079,0.00000000000000000000000000000000000000003514054374273672,0.00000000000000000000000000000000000000000000000000000000000034276805393436795,0.000000000000000000000000000000000000000012959554669765296,0.000000000000000000000000000000000018775104457040566,0.0000000000000000000000000000000000000000000000000000000000000000000000000000000000000000000000000000000000000000000000000000000000000000000000000000000000000000000000000000000000000000000000000000000000000000000000000000000000000000000000000000000000000000000000000000000000000000000000000002362752314279558,0.00000000000000000000000000000000000000000000000000000000000000000000000000000000000000000000000000000000000000000000000000000000000000000000000000000000000000000000000000000000000000000000000000000000000000000000000000000000000000000000000000000000000000000000000000000000000000000000000000010248808134291412,0.0000000000003028731999523579,75418,0,0.0000000000000009987076429742309,512,12
-2.53504356368216,11.616980478192227,0.44736289646017335,0.6478779293221546,0.2510885547642797,0.000000000004895606931732275,14618.204241867683,34.387580293312915,0.5381567153168086,0.0000000000000015894837486895779,0.000000000000006696465367814137,0.00000000000000132141353346129,0.0003375501407661774,0.000000000000031809251228242326,0.5402085837591694,0.00000000002731170663528255,0.44731349034672324,0.07182502724749597,0.02073251602431821,0.00000000000000000000000000000000000000000000000000000000000000000000000000000000000000000000000000000000000000000000000000000000000000000000000000000000000000000000000000000000000000000000000000000000000000000000000000000000000000000000000000000000000000000000000000000000000000000000000000000000000000000000000000000000022,0,0.0000000000000006492064196402527,0.000000000007590855927663367,0.00000000000022012286713136225,0.0000000000003129146502579288,0.00000000000013433698597964394,-0.00000000000000000000004880042496636085,0.005091735289249773,0.000000021349224883566706,0.00000000000021773377624234852,0.005242329175572841,0.0008540103793089918,0.0009097353852630047,0.00000000000006220425953871612,0.00000000000587088395875794,0.0000000000011566690506066776,0.00000000000021764321346086079,0.00000000000000000000000000000000000000003514054374273672,0.00000000000000000000000000000000000000000000000000000000000034276805393436795,0.000000000000000000000000000000000000000012959554669765296,0.000000000000000000000000000000000018775104457040566,0.0000000000000000000000000000000000000000000000000000000000000000000000000000000000000000000000000000000000000000000000000000000000000000000000000000000000000000000000000000000000000000000000000000000000000000000000000000000000000000000000000000000000000000000000000000000000000000000000000002401867653760448,0.00000000000000000000000000000000000000000000000000000000000000000000000000000000000000000000000000000000000000000000000000000000000000000000000000000000000000000000000000000000000000000000000000000000000000000000000000000000000000000000000000000000000000000000000000000000000000000000000000010389693470783103,0.0000000000003129146502921813,76675,0,0.0000000000000009987076429742309,512,12
-2.5345533047677438,11.610796407061642,0.455167950797716,0.6464164262880961,0.2581524599601971,0.000000000004920063470924116,14611.671482394375,34.3707256074465,0.5469617412878599,0.0000000000000016146760180548658,0.000000000000006812548380847477,0.0000000000000013366055815127755,0.00034306059057030117,0.000000000000032289014033157384,0.5492673751723121,0.000000000027769693406614355,0.4552767309555314,0.07229953926282925,0.021348044363506555,0.000000000000000000000000000000000000000000000000000000000000000000000000000000000000000000000000000000000000000000000000000000000000000000000000000000000000000000000000000000000000000000000000000000000000000000000000000000000000000000000000000000000000000000000000000000000000000000000000000000000000000000000000000000000227,0,0.0000000000000006649181823801021,0.000000000007772793631952562,0.00000000000022493508280752133,0.00000000000032310447561356744,0.0000000000001254552017826427,-0.00000000000000000000005296540859753605,0.005199641972365823,0.00000002149720294103051,0.00000000000021773514120940753,0.0055084221299539415,0.0008862276351042535,0.0009675869984583035,0.0000000000000633276611427058,0.00000000000587088395875794,0.0000000000011566690506066776,0.00000000000021764321346086079,0.00000000000000000000000000000000000000003514054374273672,0.00000000000000000000000000000000000000000000000000000000000034276805393436795,0.000000000000000000000000000000000000000012959554669765296,0.000000000000000000000000000000000018775104457040566,0.00000000000000000000000000000000000000000000000000000000000000000000000000000000000000000000000000000000000000000000000000000000000000000000000000000000000000000000000000000000000000000000000000000000000000000000000000000000000000000000000000000000000000000000000000000000000000000000000000024417243591674386,0.00000000000000000000000000000000000000000000000000000000000000000000000000000000000000000000000000000000000000000000000000000000000000000000000000000000000000000000000000000000000000000000000000000000000000000000000000000000000000000000000000000000000000000000000000000000000000000000000000010531943251328832,0.0000000000003231044756478199,77931,0,0.0000000000000009987076429742309,512,12
-2.534063045853328,11.604615366984,0.46298296809173645,0.6446713910411838,0.26526356842067816,0.000000000004944789042729165,14606.048159527125,34.35387918271489,0.5557617992403581,0.0000000000000016406476269719785,0.0000000000000069374482746803065,0.0000000000000013545348893444316,0.00034893660482368185,0.0000000000000328129007529088,0.5583338074883578,0.000000000028228059494314785,0.4632592027109311,0.0727558199147802,0.021969848257900625,0.000000000000000000000000000000000000000000000000000000000000000000000000000000000000000000000000000000000000000000000000000000000000000000000000000000000000000000000000000000000000000000000000000000000000000000000000000000000000000000000000000000000000000000000000000000000000000000000000000000000000000000000000000000000237,0,0.000000000000000680881843994589,0.000000000007954817822234156,0.00000000000022977140507128655,0.00000000000033344262736307936,0.00000000000007771561172376096,-0.00000000000000000000005371827220193002,0.005307159141707161,0.000000021637936206121217,0.00000000000021773650319436803,0.005783393760674828,0.0009188710688211491,0.0010279875933410488,0.00000000000006445116523166017,0.00000000000587088395875794,0.0000000000011566690506066776,0.00000000000021764321346086079,0.00000000000000000000000000000000000000003514054374273672,0.00000000000000000000000000000000000000000000000000000000000034276805393436795,0.000000000000000000000000000000000000000012959554669765296,0.000000000000000000000000000000000018775104457040566,0.00000000000000000000000000000000000000000000000000000000000000000000000000000000000000000000000000000000000000000000000000000000000000000000000000000000000000000000000000000000000000000000000000000000000000000000000000000000000000000000000000000000000000000000000000000000000000000000000000024803264860992413,0.00000000000000000000000000000000000000000000000000000000000000000000000000000000000000000000000000000000000000000000000000000000000000000000000000000000000000000000000000000000000000000000000000000000000000000000000000000000000000000000000000000000000000000000000000000000000000000000000000010668488046258414,0.0000000000003334426273973318,79188,0,0.0000000000000009987076429742309,512,12
-2.5335727869389117,11.598437356473653,0.47080599066344525,0.6426495559514444,0.2724205851248065,0.000000000004969794130624995,14601.364901525845,34.33704101506894,0.5645552585214234,0.0000000000000016674338369140241,0.000000000000007061924367218605,0.0000000000000013712164543979513,0.0003550230596793154,0.000000000000033357317729343754,0.5674062393314544,0.000000000028686769041954186,0.4712590539809863,0.07319427939214075,0.022597882898701564,0.000000000000000000000000000000000000000000000000000000000000000000000000000000000000000000000000000000000000000000000000000000000000000000000000000000000000000000000000000000000000000000000000000000000000000000000000000000000000000000000000000000000000000000000000000000000000000000000000000000000000000000000000000000000247,0,0.00000000000000069710760090501805,0.000000000008136940074679804,0.00000000000023463210657101715,0.0000000000003439291560624471,0.000000000000053512749786932545,-0.00000000000000000000005664248491427568,0.005414311659754605,0.000000021771798355815317,0.00000000000021773786437554767,0.006067374977066057,0.0009519216052225901,0.0010909945996061385,0.00000000000006557617448769941,0.00000000000587088395875794,0.0000000000011566690506066776,0.00000000000021764321346086079,0.00000000000000000000000000000000000000003514054374273672,0.00000000000000000000000000000000000000000000000000000000000034276805393436795,0.000000000000000000000000000000000000000012959554669765296,0.000000000000000000000000000000000018775104457040566,0.00000000000000000000000000000000000000000000000000000000000000000000000000000000000000000000000000000000000000000000000000000000000000000000000000000000000000000000000000000000000000000000000000000000000000000000000000000000000000000000000000000000000000000000000000000000000000000000000000025196567597090603,0.00000000000000000000000000000000000000000000000000000000000000000000000000000000000000000000000000000000000000000000000000000000000000000000000000000000000000000000000000000000000000000000000000000000000000000000000000000000000000000000000000000000000000000000000000000000000000000000000000010806291710366576,0.00000000000034392915609669956,80445,0,0.0000000000000009987076429742309,512,12
-2.533082528024496,11.592262374045704,0.4786377860547487,0.640356342843113,0.2796237391943834,0.000000000004995030122055862,14597.453695837301,34.32021110046156,0.5733433508888445,0.0000000000000016949739757918265,0.000000000000007189358619277688,0.0000000000000013881721571673826,0.00036122373178441457,0.000000000000033908400530171044,0.5764859569941087,0.00000000002914579977309857,0.4792771647168759,0.07361534444961318,0.0232322240959345,0.000000000000000000000000000000000000000000000000000000000000000000000000000000000000000000000000000000000000000000000000000000000000000000000000000000000000000000000000000000000000000000000000000000000000000000000000000000000000000000000000000000000000000000000000000000000000000000000000000000000000000000000000000000000257,0,0.0000000000000007135925210539561,0.000000000008319164459956018,0.0000000000002395174345749554,0.00000000000035456407322231494,0.00000000000009936496070395151,-0.00000000000000000000006431975497453347,0.005521117364358279,0.000000021899128058502492,0.0000000000002177392266530439,0.006360496026254096,0.0009853598720305427,0.0011566657387150315,0.00000000000006670390696324691,0.00000000000587088395875794,0.0000000000011566690506066776,0.00000000000021764321346086079,0.00000000000000000000000000000000000000003514054374273672,0.00000000000000000000000000000000000000000000000000000000000034276805393436795,0.000000000000000000000000000000000000000012959554669765296,0.000000000000000000000000000000000018775104457040566,0.00000000000000000000000000000000000000000000000000000000000000000000000000000000000000000000000000000000000000000000000000000000000000000000000000000000000000000000000000000000000000000000000000000000000000000000000000000000000000000000000000000000000000000000000000000000000000000000000000025577371059234328,0.00000000000000000000000000000000000000000000000000000000000000000000000000000000000000000000000000000000000000000000000000000000000000000000000000000000000000000000000000000000000000000000000000000000000000000000000000000000000000000000000000000000000000000000000000000000000000000000000000010938468530775683,0.0000000000003545640732565674,81702,0,0.0000000000000009987076429742309,512,12
-2.5325922691100797,11.586090418215965,0.48647716360916593,0.6378011879253345,0.28686864267267953,0.000000000005020545914057759,14594.454394884118,34.30338943484761,0.5821249378147471,0.0000000000000017234099692327607,0.000000000000007320257846540504,0.0000000000000014056797684088218,0.0003676269042104658,0.000000000000034479526091442893,0.5855720569252212,0.00000000002960517920884948,0.48731245390741196,0.07401939404260803,0.023872582071119693,0.000000000000000000000000000000000000000000000000000000000000000000000000000000000000000000000000000000000000000000000000000000000000000000000000000000000000000000000000000000000000000000000000000000000000000000000000000000000000000000000000000000000000000000000000000000000000000000000000000000000000000000000000000000000267,0,0.0000000000000007303524167686225,0.000000000008501496351670494,0.00000000000024442764463463645,0.0000000000003653474249635604,0.00000000000012889689315898067,-0.00000000000000000000005816113682013476,0.00562759513485062,0.000000022020250105791032,0.00000000000021774059200197777,0.006662885432864133,0.001019166278736738,0.0012250576498246085,0.0000000000000678356426080428,0.00000000000587088395875794,0.0000000000011566690506066776,0.00000000000021764321346086079,0.00000000000000000000000000000000000000003514054374273672,0.00000000000000000000000000000000000000000000000000000000000034276805393436795,0.000000000000000000000000000000000000000012959554669765296,0.000000000000000000000000000000000018775104457040566,0.0000000000000000000000000000000000000000000000000000000000000000000000000000000000000000000000000000000000000000000000000000000000000000000000000000000000000000000000000000000000000000000000000000000000000000000000000000000000000000000000000000000000000000000000000000000000000000000000000002596532345513538,0.0000000000000000000000000000000000000000000000000000000000000000000000000000000000000000000000000000000000000000000000000000000000000000000000000000000000000000000000000000000000000000000000000000000000000000000000000000000000000000000000000000000000000000000000000000000000000000000000000001107179188609072,0.0000000000003653474249978129,82961,0,0.0000000000000009987076429742309,512,12
-2.532102010195664,11.57992148750099,0.4943238242720123,0.6349888677266229,0.2941565828955339,0.000000000005046310786610391,14592.261286352063,34.28657601418394,0.5909003006023563,0.000000000000001752506480398471,0.000000000000007452036045011563,0.000000000000001422996099172517,0.000373919607970887,0.000000000000035026845131776876,0.5946646489192087,0.000000000030064862611331276,0.49536472766229556,0.0744068869848961,0.024519114664149723,0.000000000000000000000000000000000000000000000000000000000000000000000000000000000000000000000000000000000000000000000000000000000000000000000000000000000000000000000000000000000000000000000000000000000000000000000000000000000000000000000000000000000000000000000000000000000000000000000000000000000000000000000000000000000277,0,0.0000000000000007473899034951278,0.000000000008683944008190319,0.00000000000024936300686836656,0.0000000000003762793075448509,0.00000000000010347278589506459,-0.0000000000000000000000600158308498435,0.005733766270969929,0.000000022135477722599753,0.00000000000021774196253373087,0.006974669661019808,0.0010533209132932953,0.0012962265410509082,0.00000000000006897276407058516,0.00000000000587088395875794,0.0000000000011566690506066776,0.00000000000021764321346086079,0.00000000000000000000000000000000000000003514054374273672,0.00000000000000000000000000000000000000000000000000000000000034276805393436795,0.000000000000000000000000000000000000000012959554669765296,0.000000000000000000000000000000000018775104457040566,0.0000000000000000000000000000000000000000000000000000000000000000000000000000000000000000000000000000000000000000000000000000000000000000000000000000000000000000000000000000000000000000000000000000000000000000000000000000000000000000000000000000000000000000000000000000000000000000000000000002634080004236443,0.00000000000000000000000000000000000000000000000000000000000000000000000000000000000000000000000000000000000000000000000000000000000000000000000000000000000000000000000000000000000000000000000000000000000000000000000000000000000000000000000000000000000000000000000000000000000000000000000000011199578668624124,0.0000000000003762793075791034,84219,0,0.0000000000000009987076429742309,512,12
-2.5316117512812477,11.573755580418043,0.5021775615701801,0.6319305818262517,0.30148104724475105,0.0000000000050723459490473315,14590.925759681044,34.26977083442937,0.5996690886477396,0.000000000000001782306700287465,0.000000000000007593887589237992,0.0000000000000014432537553488063,0.0003806235319828072,0.000000000000035622851357300646,0.603764053524194,0.00000000003052490792655244,0.5034338928967529,0.07477817327575481,0.025171363819819447,0.000000000000000000000000000000000000000000000000000000000000000000000000000000000000000000000000000000000000000000000000000000000000000000000000000000000000000000000000000000000000000000000000000000000000000000000000000000000000000000000000000000000000000000000000000000000000000000000000000000000000000000000000000000000287,0,0.0000000000000007647136415383918,0.00000000000886650613879715,0.0000000000002543237588756979,0.0000000000003873597579068993,0.00000000000011579626146840383,-0.0000000000000000000000345800270138379,0.005839643407873949,0.000000022245092798242226,0.00000000000021774334004116914,0.007295974734213335,0.0010878037520152754,0.001370228511256601,0.00000000000007011643454759273,0.00000000000587088395875794,0.0000000000011566690506066776,0.00000000000021764321346086079,0.00000000000000000000000000000000000000003514054374273672,0.00000000000000000000000000000000000000000000000000000000000034276805393436795,0.000000000000000000000000000000000000000012959554669765296,0.000000000000000000000000000000000018775104457040566,0.0000000000000000000000000000000000000000000000000000000000000000000000000000000000000000000000000000000000000000000000000000000000000000000000000000000000000000000000000000000000000000000000000000000000000000000000000000000000000000000000000000000000000000000000000000000000000000000000000002674437817146139,0.0000000000000000000000000000000000000000000000000000000000000000000000000000000000000000000000000000000000000000000000000000000000000000000000000000000000000000000000000000000000000000000000000000000000000000000000000000000000000000000000000000000000000000000000000000000000000000000000000001133751035159636,0.00000000000038735975794115177,85478,0,0.0000000000000009987076429742309,512,12
-2.531121492366832,11.567592695485136,0.5100380465559514,0.6286332735171092,0.3088409812905859,0.000000000005098665351273004,14590.473893059912,34.252973891544734,0.6084313546689736,0.0000000000000018133600027811835,0.00000000000000773563872496907,0.0000000000000014622381436390428,0.0003875773672688358,0.000000000000036242651238273816,0.6128702991994315,0.00000000003098531595163451,0.5115197232398018,0.07513369756023557,0.025829301032255943,0.000000000000000000000000000000000000000000000000000000000000000000000000000000000000000000000000000000000000000000000000000000000000000000000000000000000000000000000000000000000000000000000000000000000000000000000000000000000000000000000000000000000000000000000000000000000000000000000000000000000000000000000000000000000296,0,0.00000000000000078233562084297,0.000000000009049190167145644,0.0000000000002593101762909944,0.000000000000398588915734261,0.0000000000001305622276959184,-0.00000000000000000000003533612179249965,0.005945246973174304,0.00000002234937850555431,0.00000000000021774472670651353,0.0076269236567919185,0.0011225945299895128,0.0014471182990224447,0.00000000000007126809529977447,0.00000000000587088395875794,0.0000000000011566690506066776,0.00000000000021764321346086079,0.00000000000000000000000000000000000000003514054374273672,0.00000000000000000000000000000000000000000000000000000000000034276805393436795,0.000000000000000000000000000000000000000012959554669765296,0.000000000000000000000000000000000018775104457040566,0.00000000000000000000000000000000000000000000000000000000000000000000000000000000000000000000000000000000000000000000000000000000000000000000000000000000000000000000000000000000000000000000000000000000000000000000000000000000000000000000000000000000000000000000000000000000000000000000000000027229474696414223,0.00000000000000000000000000000000000000000000000000000000000000000000000000000000000000000000000000000000000000000000000000000000000000000000000000000000000000000000000000000000000000000000000000000000000000000000000000000000000000000000000000000000000000000000000000000000000000000000000000011502009219134806,0.00000000000039858891576851346,86737,0,0.0000000000000009987076429742309,512,12
-2.5306312334524157,11.561432831220984,0.5179043918849893,0.62510237572834,0.31623695793737666,0.000000000005125222305559033,14590.762238529682,34.236185181492786,0.6171867306957598,0.0000000000000018453518395232554,0.00000000000000788099694086437,0.0000000000000014815582466857718,0.0003946718067913111,0.00000000000003687082678792707,0.6219830513694851,0.000000000031446028645680785,0.5196214395026398,0.07547391356523873,0.026493026494956433,0.000000000000000000000000000000000000000000000000000000000000000000000000000000000000000000000000000000000000000000000000000000000000000000000000000000000000000000000000000000000000000000000000000000000000000000000000000000000000000000000000000000000000000000000000000000000000000000000000000000000000000000000000000000000306,0,0.0000000000000008002535891418994,0.000000000009231996513097343,0.00000000000026432251261844007,0.00000000000040996688587205674,0.0000000000001412203687323199,-0.00000000000000000000003152979850504861,0.006050591038046156,0.000000022448593284373892,0.000000000000217746124503301,0.007967638655461165,0.0011576728296255232,0.001526950868555672,0.00000000000007242904146578436,0.00000000000587088395875794,0.0000000000011566690506066776,0.00000000000021764321346086079,0.00000000000000000000000000000000000000003514054374273672,0.00000000000000000000000000000000000000000000000000000000000034276805393436795,0.000000000000000000000000000000000000000012959554669765296,0.000000000000000000000000000000000018775104457040566,0.00000000000000000000000000000000000000000000000000000000000000000000000000000000000000000000000000000000000000000000000000000000000000000000000000000000000000000000000000000000000000000000000000000000000000000000000000000000000000000000000000000000000000000000000000000000000000000000000000027812015645420837,0.0000000000000000000000000000000000000000000000000000000000000000000000000000000000000000000000000000000000000000000000000000000000000000000000000000000000000000000000000000000000000000000000000000000000000000000000000000000000000000000000000000000000000000000000000000000000000000000000000001169665398268919,0.0000000000004099668859063092,87995,0,0.0000000000000009987076429742309,512,12
-2.530140974538,11.555275986145052,0.5257766137588613,0.6213477706748425,0.3236646070178588,0.0000000000051520672914664356,14591.921455871123,34.219404700238336,0.6259353230781161,0.0000000000000018783543534325853,0.000000000000008030616679121024,0.0000000000000015015331059829181,0.0004020099373521004,0.000000000000037522945047976034,0.631102657756284,0.000000000031907101170013795,0.527739163028583,0.07579923598922779,0.02716224880125158,0.000000000000000000000000000000000000000000000000000000000000000000000000000000000000000000000000000000000000000000000000000000000000000000000000000000000000000000000000000000000000000000000000000000000000000000000000000000000000000000000000000000000000000000000000000000000000000000000000000000000000000000000000000000000316,0,0.000000000000000818485335808196,0.000000000009414926458866606,0.0000000000002693610300229547,0.00000000000042149380602321345,0.0000000000001304512053934559,-0.000000000000000000000034386156557770783,0.0061556905341372216,0.00000002254298598491685,0.0000000000002177475355253732,0.008318239803627666,0.0011930181879806477,0.0016097798263923627,0.00000000000007360065325518223,0.00000000000587088395875794,0.0000000000011566690506066776,0.00000000000021764321346086079,0.00000000000000000000000000000000000000003514054374273672,0.00000000000000000000000000000000000000000000000000000000000034276805393436795,0.000000000000000000000000000000000000000012959554669765296,0.000000000000000000000000000000000018775104457040566,0.00000000000000000000000000000000000000000000000000000000000000000000000000000000000000000000000000000000000000000000000000000000000000000000000000000000000000000000000000000000000000000000000000000000000000000000000000000000000000000000000000000000000000000000000000000000000000000000000000028481518303118377,0.0000000000000000000000000000000000000000000000000000000000000000000000000000000000000000000000000000000000000000000000000000000000000000000000000000000000000000000000000000000000000000000000000000000000000000000000000000000000000000000000000000000000000000000000000000000000000000000000000001191733516483129,0.0000000000004214938060574659,89254,0,0.0000000000000009987076429742309,512,12
-2.5296507156235837,11.549122158777509,0.5336539042592994,0.6173740395964472,0.3311256501352303,0.0000000000051791731062845106,14593.863054227959,34.2026324437481,0.6346769574066868,0.0000000000000019119253003160725,0.000000000000008181629623724857,0.0000000000000015213894147343674,0.00040925030621348886,0.0000000000000381519574943699,0.6402287349703824,0.000000000032368477787564516,0.5358721860078934,0.0761101417859443,0.027837156870470333,0.000000000000000000000000000000000000000000000000000000000000000000000000000000000000000000000000000000000000000000000000000000000000000000000000000000000000000000000000000000000000000000000000000000000000000000000000000000000000000000000000000000000000000000000000000000000000000000000000000000000000000000000000000000000326,0,0.0000000000000008370349399071861,0.00000000000959798418998208,0.00000000000027442600820368443,0.0000000000004331698712906695,0.00000000000013922196728799463,-0.000000000000000000000052609979428079674,0.006260563026663972,0.000000022632798048969125,0.0000000000002177489620702732,0.00867884477502338,0.0012286099661678626,0.0016956581758190829,0.0000000000000747844522518538,0.00000000000587088395875794,0.0000000000011566690506066776,0.00000000000021764321346086079,0.00000000000000000000000000000000000000003514054374273672,0.00000000000000000000000000000000000000000000000000000000000034276805393436795,0.000000000000000000000000000000000000000012959554669765296,0.000000000000000000000000000000000018775104457040566,0.00000000000000000000000000000000000000000000000000000000000000000000000000000000000000000000000000000000000000000000000000000000000000000000000000000000000000000000000000000000000000000000000000000000000000000000000000000000000000000000000000000000000000000000000000000000000000000000000000029246415720960295,0.00000000000000000000000000000000000000000000000000000000000000000000000000000000000000000000000000000000000000000000000000000000000000000000000000000000000000000000000000000000000000000000000000000000000000000000000000000000000000000000000000000000000000000000000000000000000000000000000000012166385430948486,0.00000000000043316987132492195,90515,0,0.0000000000000009987076429742309,512,13
-2.529160456709168,11.542971347639268,0.5415360416195677,0.6131928761056091,0.33861352286037344,0.000000000005206560429534615,14596.635959375022,34.185868407990824,0.6434112986058589,0.0000000000000019469998345653163,0.00000000000000834431051590031,0.0000000000000015444292715872399,0.0004169716496329533,0.00000000000003883546766807651,0.6493616666227262,0.00000000003283021801614006,0.5440203944211556,0.07640701528627906,0.028517285265788946,0.000000000000000000000000000000000000000000000000000000000000000000000000000000000000000000000000000000000000000000000000000000000000000000000000000000000000000000000000000000000000000000000000000000000000000000000000000000000000000000000000000000000000000000000000000000000000000000000000000000000000000000000000000000000336,0,0.000000000000000855912379410772,0.0000000000097811646108636,0.0000000000002795176961501542,0.0000000000004449952170549593,0.00000000000013022916078853086,-0.00000000000000000000005709484931176562,0.006365217835021987,0.000000022718248069858435,0.00000000000021775040617128692,0.009049570636376906,0.0012644275597691016,0.0017846387244163865,0.00000000000007598176963412988,0.00000000000587088395875794,0.0000000000011566690506066776,0.00000000000021764321346086079,0.00000000000000000000000000000000000000003514054374273672,0.00000000000000000000000000000000000000000000000000000000000034276805393436795,0.000000000000000000000000000000000000000012959554669765296,0.000000000000000000000000000000000018775104457040566,0.00000000000000000000000000000000000000000000000000000000000000000000000000000000000000000000000000000000000000000000000000000000000000000000000000000000000000000000000000000000000000000000000000000000000000000000000000000000000000000000000000000000000000000000000000000000000000000000000000030096308540513946,0.0000000000000000000000000000000000000000000000000000000000000000000000000000000000000000000000000000000000000000000000000000000000000000000000000000000000000000000000000000000000000000000000000000000000000000000000000000000000000000000000000000000000000000000000000000000000000000000000000001243949646508421,0.00000000000044499521708921176,91772,0,0.0000000000000009987076429742309,512,13
-2.5286701977947517,11.53682355125195,0.5494227029433246,0.6088111331590366,0.34612747751199385,0.000000000005234246563874949,14600.275042649531,34.16911258893718,0.6521384467472475,0.000000000000001983304448210928,0.000000000000008507419893664488,0.0000000000000015661777854271433,0.00042498676835670115,0.000000000000039546852284396736,0.6585014928274461,0.0000000000332923229092303,0.5521835621404703,0.07669031779995687,0.029202626118758276,0.000000000000000000000000000000000000000000000000000000000000000000000000000000000000000000000000000000000000000000000000000000000000000000000000000000000000000000000000000000000000000000000000000000000000000000000000000000000000000000000000000000000000000000000000000000000000000000000000000000000000000000000000000000000346,0,0.0000000000000008751318905970769,0.000000000009964470743717435,0.00000000000028463638230762253,0.0000000000004569700865228989,0.00000000000009592326932761353,-0.000000000000000000000052765075792933367,0.006469671741861352,0.000000022799556284015795,0.00000000000021775187031406641,0.009430530938771603,0.001300450283303168,0.0018767726312055785,0.00000000000007719424982374731,0.00000000000587088395875794,0.0000000000011566690506066776,0.00000000000021764321346086079,0.00000000000000000000000000000000000000003514054374273672,0.00000000000000000000000000000000000000000000000000000000000034276805393436795,0.000000000000000000000000000000000000000012959554669765296,0.000000000000000000000000000000000018775104457040566,0.0000000000000000000000000000000000000000000000000000000000000000000000000000000000000000000000000000000000000000000000000000000000000000000000000000000000000000000000000000000000000000000000000000000000000000000000000000000000000000000000000000000000000000000000000000000000000000000000000003103953709569921,0.00000000000000000000000000000000000000000000000000000000000000000000000000000000000000000000000000000000000000000000000000000000000000000000000000000000000000000000000000000000000000000000000000000000000000000000000000000000000000000000000000000000000000000000000000000000000000000000000000012738609580274827,0.0000000000004569700865571514,93032,0,0.0000000000000009987076429742309,512,14
-2.528179938880336,11.530678768137918,0.5573129027650444,0.6042339507918711,0.3536685075839242,0.000000000005262187244809439,14604.648012294356,34.15236498255989,0.6608579790250223,0.00000000000000202050400009137,0.000000000000008675067219469275,0.0000000000000015883468454192005,0.00043317603868056376,0.000000000000040269071510430794,0.6676478032955834,0.000000000033754732577313226,0.5603608052176932,0.07696051283180538,0.02989330920747034,0.000000000000000000000000000000000000000000000000000000000000000000000000000000000000000000000000000000000000000000000000000000000000000000000000000000000000000000000000000000000000000000000000000000000000000000000000000000000000000000000000000000000000000000000000000000000000000000000000000000000000000000000000000000000356,0,0.0000000000000008946923780395196,0.000000000010147899078821952,0.0000000000002897823361980635,0.0000000000004690946925492002,0.00000000000006605826996519681,-0.00000000000000000000004840945287995883,0.006573935754053998,0.00000002287692512385778,0.00000000000021775335684576146,0.009821838206469135,0.0013366574158275365,0.001972111240555483,0.00000000000007842343117627793,0.00000000000587088395875794,0.0000000000011566690506066776,0.00000000000021764321346086079,0.00000000000000000000000000000000000000003514054374273672,0.00000000000000000000000000000000000000000000000000000000000034276805393436795,0.000000000000000000000000000000000000000012959554669765296,0.000000000000000000000000000000000018775104457040566,0.00000000000000000000000000000000000000000000000000000000000000000000000000000000000000000000000000000000000000000000000000000000000000000000000000000000000000000000000000000000000000000000000000000000000000000000000000000000000000000000000000000000000000000000000000000000000000000000000000032065884780357864,0.00000000000000000000000000000000000000000000000000000000000000000000000000000000000000000000000000000000000000000000000000000000000000000000000000000000000000000000000000000000000000000000000000000000000000000000000000000000000000000000000000000000000000000000000000000000000000000000000000013059785878680755,0.0000000000004690946925834526,94293,0,0.0000000000000009987076429742309,512,15
-2.5276896799659196,11.524536996820236,0.5652066313768837,0.5994713262116965,0.36123232631519925,0.000000000005290434328735556,14609.88629306108,34.135625584833555,0.6695699981275754,0.0000000000000020592900420637457,0.000000000000008848094500113849,0.0000000000000016113008129774173,0.00044167029366493456,0.000000000000041020455933369954,0.6768009591201208,0.00000000003421750265034262,0.5685522123672825,0.07721803060069662,0.030589045858554546,0.000000000000000000000000000000000000000000000000000000000000000000000000000000000000000000000000000000000000000000000000000000000000000000000000000000000000000000000000000000000000000000000000000000000000000000000000000000000000000000000000000000000000000000000000000000000000000000000000000000000000000000000000000000000366,0,0.0000000000000009146141001424154,0.000000000010331446471859008,0.00000000000029495583668668593,0.0000000000004813692818143751,0.00000000000007782663402622347,-0.00000000000000000000006000936850130793,0.006678021478502144,0.00000002295055001665519,0.00000000000021775486829163467,0.010223602468663278,0.0013730283516765085,0.00207070430759221,0.00000000000007967096770019193,0.00000000000587088395875794,0.0000000000011566690506066776,0.00000000000021764321346086079,0.00000000000000000000000000000000000000003514054374273672,0.00000000000000000000000000000000000000000000000000000000000034276805393436795,0.000000000000000000000000000000000000000012959554669765296,0.000000000000000000000000000000000018775104457040566,0.0000000000000000000000000000000000000000000000000000000000000000000000000000000000000000000000000000000000000000000000000000000000000000000000000000000000000000000000000000000000000000000000000000000000000000000000000000000000000000000000000000000000000000000000000000000000000000000000000003318405113721953,0.00000000000000000000000000000000000000000000000000000000000000000000000000000000000000000000000000000000000000000000000000000000000000000000000000000000000000000000000000000000000000000000000000000000000000000000000000000000000000000000000000000000000000000000000000000000000000000000000000013404865717156885,0.0000000000004813692818486275,95552,0,0.0000000000000009987076429742309,512,16
-2.527199421051504,11.518398235822723,0.5731031570309626,0.5945273330632023,0.3688211617916217,0.0000000000053189646257457744,14615.913843943952,34.11889439173483,0.6782744457135766,0.0000000000000020992054167976173,0.000000000000009023350152982855,0.0000000000000016342376350132958,0.0004501011934415994,0.00000000000004175066999158181,0.6859606547515966,0.0000000000346805789254456,0.5767571446334829,0.07746334794961111,0.03129006097515698,0.000000000000000000000000000000000000000000000000000000000000000000000000000000000000000000000000000000000000000000000000000000000000000000000000000000000000000000000000000000000000000000000000000000000000000000000000000000000000000000000000000000000000000000000000000000000000000000000000000000000000000000000000000000000375,0,0.0000000000000009349032051946083,0.000000000010515112636061295,0.0000000000003001571831951296,0.0000000000004937941661112831,0.00000000000009592326932761353,-0.00000000000000000000006209024472976164,0.006781943302638011,0.000000023020621426185315,0.00000000000021775640746894827,0.010635930904919984,0.0014095424289827707,0.0021726008339514767,0.00000000000008093870536056272,0.00000000000587088395875794,0.0000000000011566690506066776,0.00000000000021764321346086079,0.00000000000000000000000000000000000000003514054374273672,0.00000000000000000000000000000000000000000000000000000000000034276805393436795,0.000000000000000000000000000000000000000012959554669765296,0.000000000000000000000000000000000018775104457040566,0.00000000000000000000000000000000000000000000000000000000000000000000000000000000000000000000000000000000000000000000000000000000000000000000000000000000000000000000000000000000000000000000000000000000000000000000000000000000000000000000000000000000000000000000000000000000000000000000000000034383135620200983,0.00000000000000000000000000000000000000000000000000000000000000000000000000000000000000000000000000000000000000000000000000000000000000000000000000000000000000000000000000000000000000000000000000000000000000000000000000000000000000000000000000000000000000000000000000000000000000000000000000013770018567559784,0.0000000000004937941661455356,96810,0,0.0000000000000009987076429742309,512,16
-2.5267091621370876,11.51226248366989,0.5810022045822905,0.5894137961484077,0.3764284816320968,0.000000000005347798340214819,14622.777406085153,34.10217139924228,0.6869709487464432,0.00000000000000214069321780539,0.00000000000000921234133799621,0.000000000000001660649571166599,0.0004590884569460293,0.00000000000004254229525928612,0.6951272650058382,0.00000000003514402091561259,0.584975426756926,0.07769686219295446,0.03199588759911851,0.000000000000000000000000000000000000000000000000000000000000000000000000000000000000000000000000000000000000000000000000000000000000000000000000000000000000000000000000000000000000000000000000000000000000000000000000000000000000000000000000000000000000000000000000000000000000000000000000000000000000000000000000000000000385,0,0.000000000000000955571509812105,0.00000000001069888826056854,0.0000000000003053866466136432,0.0000000000005063695993142259,0.00000000000010680345496894006,-0.00000000000000000000006516632263269321,0.006885707718960751,0.0000000230873128791489,0.000000000000217757976993231,0.011058929893352214,0.001446179139620881,0.002277849575770906,0.00000000000008222833372882326,0.00000000000587088395875794,0.0000000000011566690506066776,0.00000000000021764321346086079,0.00000000000000000000000000000000000000003514054374273672,0.00000000000000000000000000000000000000000000000000000000000034276805393436795,0.000000000000000000000000000000000000000012959554669765296,0.000000000000000000000000000000000018775104457040566,0.00000000000000000000000000000000000000000000000000000000000000000000000000000000000000000000000000000000000000000000000000000000000000000000000000000000000000000000000000000000000000000000000000000000000000000000000000000000000000000000000000000000000000000000000000000000000000000000000000035671232671421582,0.0000000000000000000000000000000000000000000000000000000000000000000000000000000000000000000000000000000000000000000000000000000000000000000000000000000000000000000000000000000000000000000000000000000000000000000000000000000000000000000000000000000000000000000000000000000000000000000000000001415697515679422,0.0000000000005063695993484784,98067,0,0.0000000000000009987076429742309,512,16
-2.526218903222672,11.506129738886996,0.5889033773766672,0.5841371496623753,0.38405390979178344,0.000000000005376956481124351,14630.521517579396,34.0854566033365,0.6956595591592417,0.0000000000000021834298860328663,0.000000000000009402626580791628,0.0000000000000016857665192560947,0.0004684305548780143,0.00000000000004336731955433483,0.7043007554587772,0.000000000035607828038839426,0.5932067508584428,0.07791903115370707,0.03270654289189414,0.000000000000000000000000000000000000000000000000000000000000000000000000000000000000000000000000000000000000000000000000000000000000000000000000000000000000000000000000000000000000000000000000000000000000000000000000000000000000000000000000000000000000000000000000000000000000000000000000000000000000000000000000000000000395,0,0.0000000000000009766362081049192,0.00000000001088277145926794,0.0000000000003106445388458713,0.0000000000005190959491308273,0.00000000000014477308241112041,-0.00000000000000000000004680679044313734,0.006989328284664533,0.000000023150799298446625,0.00000000000021775958003013623,0.011492701766200642,0.0014829180317284505,0.0023864973822559973,0.00000000000008354190943806201,0.00000000000587088395875794,0.0000000000011566690506066776,0.00000000000021764321346086079,0.00000000000000000000000000000000000000003514054374273672,0.00000000000000000000000000000000000000000000000000000000000034276805393436795,0.000000000000000000000000000000000000000012959554669765296,0.000000000000000000000000000000000018775104457040566,0.00000000000000000000000000000000000000000000000000000000000000000000000000000000000000000000000000000000000000000000000000000000000000000000000000000000000000000000000000000000000000000000000000000000000000000000000000000000000000000000000000000000000000000000000000000000000000000000000000037038155147651304,0.00000000000000000000000000000000000000000000000000000000000000000000000000000000000000000000000000000000000000000000000000000000000000000000000000000000000000000000000000000000000000000000000000000000000000000000000000000000000000000000000000000000000000000000000000000000000000000000000000014562092631701455,0.0000000000005190959491650798,99326,0,0.0000000000000009987076429742309,512,16
-2.5257286443082556,11.500000000000002,0.596805713691619,0.5787019072596625,0.39169894304524233,0.000000000005406397777636539,14639.024690070593,34.06875,0.7043399079034728,0.000000000000002228041942233656,0.000000000000009598798630412656,0.000000000000001711421498261861,0.0004780107281040622,0.00000000000004420719328157444,0.7134807596118308,0.000000000036071941179419275,0.6014502479020711,0.07813030893734034,0.03342219204447102,0.000000000000000000000000000000000000000000000000000000000000000000000000000000000000000000000000000000000000000000000000000000000000000000000000000000000000000000000000000000000000000000000000000000000000000000000000000000000000000000000000000000000000000000000000000000000000000000000000000000000000000000000000000000000405,0,0.0000000000000009980980217800364,0.000000000011066754253327217,0.000000000000315931156568918,0.0000000000005319735598022977,0.00000000000015576429035490946,-0.0000000000000000000000668142215092637,0.007092813297889765,0.00000002321124256612115,0.00000000000021776121969922562,0.011937347508107219,0.0015197387033764579,0.0024985912779814327,0.00000000000008488143522005575,0.00000000000587088395875794,0.0000000000011566690506066776,0.00000000000021764321346086079,0.00000000000000000000000000000000000000003514054374273672,0.00000000000000000000000000000000000000000000000000000000000034276805393436795,0.000000000000000000000000000000000000000012959554669765296,0.000000000000000000000000000000000018775104457040566,0.00000000000000000000000000000000000000000000000000000000000000000000000000000000000000000000000000000000000000000000000000000000000000000000000000000000000000000000000000000000000000000000000000000000000000000000000000000000000000000000000000000000000000000000000000000000000000000000000000038491937091281844,0.00000000000000000000000000000000000000000000000000000000000000000000000000000000000000000000000000000000000000000000000000000000000000000000000000000000000000000000000000000000000000000000000000000000000000000000000000000000000000000000000000000000000000000000000000000000000000000000000000014986987869075242,0.0000000000005319735598365502,100583,0,0.0000000000000009987076429742309,512,16
