shape_lane,interval_index,substep,z_mid,macro_index,mass_relative_residual,ionization_absolute_residual,temperature_relative_residual,J_G1_relative_residual,J_G2a_relative_residual,kappa_G1_relative_residual,kappa_G2a_relative_residual,capacity_violation_max,capacity_slack_min,transfer_relative_residual,kkt_stationarity_max,kkt_complementarity_max,active_capacity_nodes
LOCAL_NEUTRAL_HAZARD_PRIMARY,0,1,5.95,0,0.0,2.220446049250313e-16,1.2503132987670907e-16,3.527799161700024e-15,1.3646784280660775e-16,4.336808689942018e-19,1.0842021724855044e-18,3.2451855365842673e+32,-3.2451855365842673e+32,0.0,8.881784197001252e-16,3.3588390930052447e-18,1408
LOCAL_NEUTRAL_HAZARD_PRIMARY,0,1,5.95,1,1.6838031336487404e-16,2.220446049250313e-16,1.2503132987670907e-16,5.432453845220177e-16,1.310453587583007e-15,5.963111948670274e-19,2.710505431213761e-20,2.028240960365167e+31,-2.028240960365167e+31,0.0,8.881784197001252e-16,3.760787233634262e-18,1416
LOCAL_NEUTRAL_HAZARD_PRIMARY,0,1,5.95,2,1.8182217414354993e-16,3.3306690738754696e-16,2.5006265975341813e-16,1.924465450270232e-15,2.0014816468065195e-15,1.3552527156068805e-19,0.0,1.0141204801825835e+31,-1.0141204801825835e+31,2.2532340143223225e-16,8.881784197001252e-16,3.7242494123541525e-18,1417
LOCAL_NEUTRAL_HAZARD_PRIMARY,0,1,5.95,3,1.8601974812947882e-16,2.220446049250313e-16,1.2503132987670907e-16,1.75451483871953e-15,1.228084174128619e-15,5.421010862427522e-20,6.776263578034403e-21,5.070602400912918e+30,-5.070602400912918e+30,0.0,8.881784197001252e-16,2.8765987764943018e-18,1417
LOCAL_NEUTRAL_HAZARD_PRIMARY,0,1,5.95,4,2.165260153908721e-16,3.3306690738754696e-16,2.5006265975341813e-16,2.3495217804161995e-15,3.879569308513195e-15,6.776263578034403e-21,1.2705494208814505e-21,6.338253001141147e+29,-6.338253001141147e+29,2.683301886376102e-16,8.881784197001252e-16,4.9116898152182385e-18,1416
LOCAL_NEUTRAL_HAZARD_PRIMARY,0,1,5.95,5,1.3307275381518245e-16,1.1102230246251565e-16,0.0,2.195148431230474e-15,3.7630695704145394e-16,5.293955920339377e-23,1.9852334701272664e-23,9.903520314283042e+27,-9.903520314283042e+27,0.0,8.881784197001252e-16,3.6233543654954865e-18,1416
LOCAL_NEUTRAL_HAZARD_PRIMARY,0,1,5.95,6,0.0,1.1102230246251565e-16,1.2503132987670907e-16,1.4704439053247496e-15,1.258014528866654e-16,6.071532165918825e-18,3.686287386450715e-18,1.6225927682921336e+32,-1.6225927682921336e+32,0.0,4.440892098500626e-16,3.462360142166817e-18,1408
LOCAL_NEUTRAL_HAZARD_PRIMARY,0,1,5.95,7,0.0,1.1102230246251565e-16,0.0,3.005236468682084e-15,1.16350031057666e-16,9.974659986866641e-18,8.673617379884035e-19,1.6225927682921336e+32,-1.6225927682921336e+32,1.8567096022958677e-16,4.440892098500626e-16,3.0490099435174015e-18,1414
LOCAL_NEUTRAL_HAZARD_PRIMARY,0,1,5.95,8,1.7077571898191327e-16,0.0,3.7509398963012725e-16,1.3087298701433687e-15,2.7987281794883716e-15,2.6020852139652106e-18,1.5178830414797062e-18,4.056481920730334e+31,-4.056481920730334e+31,0.0,4.440892098500626e-16,3.4707987925599374e-18,1414
LOCAL_NEUTRAL_HAZARD_PRIMARY,0,1,5.95,9,1.8497490654546478e-16,1.1102230246251565e-16,3.7509398963012725e-16,4.000224478312866e-16,1.0389884689643227e-15,0.0,1.8973538018496328e-19,4.056481920730334e+31,-4.056481920730334e+31,1.1461521488992698e-16,4.440892098500626e-16,4.590059097376665e-18,1414
LOCAL_NEUTRAL_HAZARD_PRIMARY,0,1,5.95,10,1.208611961516295e-16,0.0,3.7509398963012725e-16,6.423547771547689e-16,4.240070275179888e-15,1.1519648082658485e-19,5.929230630780102e-20,5.070602400912918e+30,-5.070602400912918e+30,1.4977741821826879e-16,4.440892098500626e-16,4.9530364550902046e-18,1414
LOCAL_NEUTRAL_HAZARD_PRIMARY,0,1,5.95,11,0.0,1.1102230246251565e-16,0.0,1.2538070104548324e-15,4.876548604712691e-16,1.6940658945086007e-21,6.352747104407253e-22,7.922816251426434e+28,-7.922816251426434e+28,1.8344629871459008e-16,4.440892098500626e-16,3.033063116908434e-18,1414
LOCAL_NEUTRAL_HAZARD_PRIMARY,0,1,5.95,12,1.931771943832365e-16,1.1102230246251565e-16,5.001253195068363e-16,1.7403132150715247e-15,2.3522997985876345e-15,6.071532165918825e-18,0.0,1.6225927682921336e+32,-1.6225927682921336e+32,0.0,4.440892098500626e-16,2.21334538960325e-18,1394
LOCAL_NEUTRAL_HAZARD_PRIMARY,0,1,5.95,13,1.7108064045889061e-16,0.0,2.5006265975341813e-16,1.396791718711585e-15,6.384244555955806e-16,6.505213034913027e-19,1.734723475976807e-18,8.112963841460668e+31,-8.112963841460668e+31,2.120119397371616e-16,4.440892098500626e-16,2.2771063655880945e-18,1398
LOCAL_NEUTRAL_HAZARD_PRIMARY,0,1,5.95,14,1.1282151909979752e-16,1.1102230246251565e-16,3.7509398963012725e-16,3.937993028065756e-16,5.673329967611049e-16,8.673617379884035e-19,6.505213034913027e-19,2.028240960365167e+31,-2.028240960365167e+31,1.398142363991732e-16,4.440892098500626e-16,3.346358914635589e-18,1399
LOCAL_NEUTRAL_HAZARD_PRIMARY,0,1,5.95,15,1.8800822309621064e-16,1.1102230246251565e-16,2.5006265975341813e-16,3.903299480718669e-15,1.9650602366524668e-15,6.505213034913027e-19,1.8973538018496328e-19,2.028240960365167e+31,-2.028240960365167e+31,1.1649473592759517e-16,4.440892098500626e-16,4.3427579093438184e-18,1399
LOCAL_NEUTRAL_HAZARD_PRIMARY,0,1,5.95,16,1.1733617756360193e-16,1.1102230246251565e-16,2.5006265975341813e-16,9.372385671024418e-16,1.7730014350337786e-15,6.776263578034403e-21,1.1858461261560205e-20,2.535301200456459e+30,-2.535301200456459e+30,1.4540903365732335e-16,4.440892098500626e-16,3.720814774739563e-18,1399
LOCAL_NEUTRAL_HAZARD_PRIMARY,0,1,5.95,17,1.3719788225830774e-16,1.1102230246251565e-16,2.5006265975341813e-16,9.406398682090553e-16,2.4337494226167525e-15,1.0587911840678754e-22,4.764560328305439e-22,3.961408125713217e+28,-3.961408125713217e+28,1.700226809262888e-16,4.440892098500626e-16,2.6376300576153288e-18,1399
LOCAL_NEUTRAL_HAZARD_PRIMARY,0,2,5.95,0,1.2122560105817851e-16,4.440892098500626e-16,2.501093466304697e-16,2.47203424098814e-15,1.3508061019226487e-15,6.071532165918825e-18,6.505213034913027e-19,3.2451855365842673e+32,-3.2451855365842673e+32,1.9645438621278637e-16,4.440892098500626e-16,2.4813320272492677e-18,1408
LOCAL_NEUTRAL_HAZARD_PRIMARY,0,2,5.95,1,0.0,2.220446049250313e-16,0.0,3.582760156235068e-16,1.6214155895522088e-16,6.505213034913027e-19,4.0657581468206416e-20,2.028240960365167e+31,-2.028240960365167e+31,1.3493866005378634e-16,8.881784197001252e-16,4.45290562276304e-18,1416
LOCAL_NEUTRAL_HAZARD_PRIMARY,0,2,5.95,2,1.79825391699392e-16,1.1102230246251565e-16,2.501093466304697e-16,1.5230461225206519e-15,1.9811360433269265e-16,1.3552527156068805e-19,3.3881317890172014e-20,1.0141204801825835e+31,-1.0141204801825835e+31,0.0,8.881784197001252e-16,3.2032725053019747e-18,1416
LOCAL_NEUTRAL_HAZARD_PRIMARY,0,2,5.95,3,0.0,2.220446049250313e-16,1.2505467331523485e-16,1.9285348256934144e-15,3.0942554760802227e-15,1.3552527156068805e-20,5.759824041329242e-20,2.535301200456459e+30,-2.535301200456459e+30,1.490727923400168e-16,8.881784197001252e-16,3.769821402070979e-18,1416
LOCAL_NEUTRAL_HAZARD_PRIMARY,0,2,5.95,4,2.141454539044297e-16,1.1102230246251565e-16,3.7516401994570456e-16,8.854481140744407e-16,1.1815792107264138e-15,1.6940658945086007e-21,1.4823076576950256e-21,6.338253001141147e+29,-6.338253001141147e+29,1.7351868474903721e-16,8.881784197001252e-16,3.4024660434953608e-18,1416
LOCAL_NEUTRAL_HAZARD_PRIMARY,0,2,5.95,5,1.3160954267171706e-16,0.0,1.2505467331523485e-16,3.1216534960269836e-15,2.79361271113458e-15,2.6469779601696886e-22,0.0,9.903520314283042e+27,-9.903520314283042e+27,2.132822745329944e-16,8.881784197001252e-16,4.1820086111944754e-18,1416
LOCAL_NEUTRAL_HAZARD_PRIMARY,0,2,5.95,6,2.0630117832636723e-16,1.1102230246251565e-16,2.501093466304697e-16,8.485514995281741e-16,1.1207038231546863e-15,1.3010426069826053e-17,2.8189256484623115e-18,1.6225927682921336e+32,-1.6225927682921336e+32,0.0,4.440892098500626e-16,4.27335142589196e-18,1408
LOCAL_NEUTRAL_HAZARD_PRIMARY,0,2,5.95,7,1.48183512331835e-16,0.0,3.7516401994570456e-16,2.9729773469310606e-15,3.3398517421389736e-15,7.806255641895632e-18,6.505213034913027e-19,1.6225927682921336e+32,-1.6225927682921336e+32,0.0,4.440892098500626e-16,2.4778968612122112e-18,1413
LOCAL_NEUTRAL_HAZARD_PRIMARY,0,2,5.95,8,1.6890312721161668e-16,1.1102230246251565e-16,2.501093466304697e-16,1.4796360753200496e-15,5.832164945042477e-16,2.6020852139652106e-18,7.047314121155779e-19,8.112963841460668e+31,-8.112963841460668e+31,1.368595407906196e-16,4.440892098500626e-16,3.1478894560893155e-18,1414
LOCAL_NEUTRAL_HAZARD_PRIMARY,0,2,5.95,9,1.829454852465414e-16,1.1102230246251565e-16,2.501093466304697e-16,1.9786424264108965e-16,1.1998313477962512e-15,6.505213034913027e-19,2.168404344971009e-19,4.056481920730334e+31,-4.056481920730334e+31,0.0,4.440892098500626e-16,2.905421220805785e-18,1414
LOCAL_NEUTRAL_HAZARD_PRIMARY,0,2,5.95,10,1.1953415241412934e-16,1.1102230246251565e-16,0.0,2.923113910318403e-15,6.359043653758641e-16,7.453889935837843e-20,6.776263578034403e-21,5.070602400912918e+30,-5.070602400912918e+30,1.9371327788025142e-16,4.440892098500626e-16,2.9389033070747996e-18,1414
LOCAL_NEUTRAL_HAZARD_PRIMARY,0,2,5.95,11,1.4640426737333363e-16,2.220446049250313e-16,2.501093466304697e-16,1.3953917979981046e-15,5.309674882890624e-15,1.2705494208814505e-21,1.0587911840678754e-22,1.188422437713965e+29,-1.188422437713965e+29,1.1862906941561622e-16,4.440892098500626e-16,5.435582836385603e-18,1414
LOCAL_NEUTRAL_HAZARD_PRIMARY,0,2,5.95,12,1.910673643262032e-16,1.1102230246251565e-16,3.7516401994570456e-16,9.18203820811278e-16,1.4817014758631465e-15,7.806255641895632e-18,8.673617379884035e-19,3.2451855365842673e+32,-3.2451855365842673e+32,1.5481887264879307e-16,4.440892098500626e-16,2.873098611326847e-18,1394
LOCAL_NEUTRAL_HAZARD_PRIMARY,0,2,5.95,13,1.6920985811824596e-16,2.220446049250313e-16,2.501093466304697e-16,2.7635962636454612e-15,1.4745142952104056e-15,6.505213034913027e-19,1.734723475976807e-18,8.112963841460668e+31,-8.112963841460668e+31,1.371080800078656e-16,4.440892098500626e-16,3.2454665594225342e-18,1398
LOCAL_NEUTRAL_HAZARD_PRIMARY,0,2,5.95,14,1.115876772153606e-16,1.1102230246251565e-16,2.501093466304697e-16,1.6881459460138067e-15,0.0,3.7947076036992655e-19,5.149960319306146e-19,2.028240960365167e+31,-2.028240960365167e+31,0.0,4.440892098500626e-16,1.875249041785235e-18,1399
LOCAL_NEUTRAL_HAZARD_PRIMARY,0,2,5.95,15,1.8595136343370873e-16,1.1102230246251565e-16,1.2505467331523485e-16,1.9307001388069433e-15,7.294068250049281e-16,6.505213034913027e-19,1.3552527156068805e-19,1.0141204801825835e+31,-1.0141204801825835e+31,1.5067345779241832e-16,4.440892098500626e-16,2.9365754128623133e-18,1398
LOCAL_NEUTRAL_HAZARD_PRIMARY,0,2,5.95,16,0.0,2.220446049250313e-16,2.501093466304697e-16,3.1788958746256606e-15,1.2763479235205662e-15,2.371692252312041e-20,1.1858461261560205e-20,1.2676506002282294e+30,-1.2676506002282294e+30,0.0,4.440892098500626e-16,3.042731955908482e-18,1398
LOCAL_NEUTRAL_HAZARD_PRIMARY,0,2,5.95,17,0.0,0.0,1.2505467331523485e-16,4.032351933724868e-15,6.115178469229728e-15,1.6940658945086007e-21,1.3234889800848443e-21,3.961408125713217e+28,-3.961408125713217e+28,0.0,4.440892098500626e-16,2.6397523185247875e-18,1398
LOCAL_NEUTRAL_HAZARD_PRIMARY,1,1,5.85,0,1.345821348716845e-16,1.1102230246251565e-16,2.5019608446349793e-16,1.993162012249695e-15,2.259131942846617e-15,6.5052130349130266e-18,6.5052130349130266e-18,8.112963841460668e+31,-8.112963841460668e+31,1.8848639140791826e-16,8.881784197001252e-16,2.9006641860745707e-18,1376
LOCAL_NEUTRAL_HAZARD_PRIMARY,1,1,5.85,1,0.0,1.1102230246251565e-16,3.7529412669524693e-16,1.0598067287420179e-15,1.859282714579934e-15,6.505213034913027e-19,2.981555974335137e-19,2.028240960365167e+31,-2.028240960365167e+31,0.0,4.440892098500626e-16,2.034221845814952e-18,1379
LOCAL_NEUTRAL_HAZARD_PRIMARY,1,1,5.85,2,1.1529806876130097e-16,1.1102230246251565e-16,0.0,8.97719796621579e-16,2.114884378511722e-16,4.336808689942018e-19,1.4907779871675686e-19,1.0141204801825835e+31,-1.0141204801825835e+31,0.0,8.881784197001252e-16,4.192514984868496e-18,1380
LOCAL_NEUTRAL_HAZARD_PRIMARY,1,1,5.85,3,1.1809873940931825e-16,1.1102230246251565e-16,1.2509804223174897e-16,1.0875747497959572e-15,8.141152285125343e-16,2.710505431213761e-20,6.098637220230962e-20,5.070602400912918e+30,-5.070602400912918e+30,1.6540089249074553e-16,8.881784197001252e-16,4.294378451325732e-18,1380
LOCAL_NEUTRAL_HAZARD_PRIMARY,1,1,5.85,4,1.4083524760307607e-16,1.1102230246251565e-16,1.2509804223174897e-16,2.3203679029699306e-15,7.942940692152416e-16,3.3881317890172014e-21,2.541098841762901e-21,6.338253001141147e+29,-6.338253001141147e+29,0.0,4.440892098500626e-16,2.560943694863817e-18,1380
LOCAL_NEUTRAL_HAZARD_PRIMARY,1,1,5.85,5,3.4538038868027543e-16,3.3306690738754696e-16,2.5019608446349793e-16,2.0627712558907667e-15,1.9854040752905939e-16,1.164670302474663e-21,2.117582368135751e-22,1.9807040628566084e+28,-1.9807040628566084e+28,1.209289464524351e-16,4.440892098500626e-16,2.940246383600168e-18,1380
LOCAL_NEUTRAL_HAZARD_PRIMARY,1,1,5.85,6,1.4354788843070625e-16,1.1102230246251565e-16,1.2509804223174897e-16,2.6234079165072324e-16,4.810078099268118e-15,7.806255641895632e-18,1.3010426069826053e-17,1.6225927682921336e+32,-1.6225927682921336e+32,2.0104320317349135e-16,4.440892098500626e-16,3.0019717037928136e-18,1376
LOCAL_NEUTRAL_HAZARD_PRIMARY,1,1,5.85,7,1.975276357161079e-16,1.1102230246251565e-16,6.254902111587449e-16,1.335601724560838e-15,1.9817349221177715e-15,1.734723475976807e-18,1.951563910473908e-18,1.6225927682921336e+32,-1.6225927682921336e+32,1.3832174417118835e-16,4.440892098500626e-16,2.2168111520001155e-18,1376
LOCAL_NEUTRAL_HAZARD_PRIMARY,1,1,5.85,8,2.2073296997598803e-16,2.220446049250313e-16,1.2509804223174897e-16,1.2649966823358491e-15,1.6449025544350457e-16,8.673617379884035e-19,1.734723475976807e-18,8.112963841460668e+31,-8.112963841460668e+31,1.545716339512455e-16,4.440892098500626e-16,3.638872636866143e-18,1376
LOCAL_NEUTRAL_HAZARD_PRIMARY,1,1,5.85,9,0.0,1.1102230246251565e-16,2.5019608446349793e-16,3.8021458180173463e-16,1.3161341849794082e-15,8.673617379884035e-19,6.505213034913027e-19,4.056481920730334e+31,-4.056481920730334e+31,1.6544630789582179e-16,4.440892098500626e-16,4.583125108913171e-18,1376
LOCAL_NEUTRAL_HAZARD_PRIMARY,1,1,5.85,10,1.567094565679651e-16,3.3306690738754696e-16,5.003921689269959e-16,6.144257506109796e-16,3.198953672293633e-15,1.3552527156068805e-20,2.371692252312041e-20,2.535301200456459e+30,-2.535301200456459e+30,2.1947638143914015e-16,4.440892098500626e-16,2.581235663004481e-18,1376
LOCAL_NEUTRAL_HAZARD_PRIMARY,1,1,5.85,11,1.9152660254707463e-16,2.220446049250313e-16,1.2509804223174897e-16,5.973318886676155e-16,5.235189778814917e-16,1.2705494208814505e-21,8.470329472543003e-22,7.922816251426434e+28,-7.922816251426434e+28,1.3411942902799062e-16,4.440892098500626e-16,2.1305398766323273e-18,1376
LOCAL_NEUTRAL_HAZARD_PRIMARY,1,1,5.85,12,1.8214999253204776e-16,4.440892098500626e-16,1.2509804223174897e-16,6.863254043883185e-16,1.4709228613158292e-15,2.3418766925686896e-17,4.336808689942018e-19,8.112963841460668e+31,-8.112963841460668e+31,1.2755331463599933e-16,4.440892098500626e-16,2.3324656524680933e-18,1357
LOCAL_NEUTRAL_HAZARD_PRIMARY,1,1,5.85,13,1.163298663329777e-16,1.1102230246251565e-16,2.5019608446349793e-16,8.412818607975394e-16,9.033517107656266e-16,4.336808689942018e-19,3.2526065174565133e-19,4.056481920730334e+31,-4.056481920730334e+31,3.258470634155724e-16,4.440892098500626e-16,1.745602677028518e-18,1358
LOCAL_NEUTRAL_HAZARD_PRIMARY,1,1,5.85,14,2.0818312727971201e-16,2.220446049250313e-16,2.5019608446349793e-16,4.898740201620804e-15,3.569499443444966e-15,2.2768245622195593e-18,0.0,4.056481920730334e+31,-4.056481920730334e+31,0.0,4.440892098500626e-16,1.9374371192225834e-18,1358
LOCAL_NEUTRAL_HAZARD_PRIMARY,1,1,5.85,15,1.2600389407513246e-16,2.220446049250313e-16,1.2509804223174897e-16,7.833063109539614e-16,1.7545228679761036e-15,1.0299920638612292e-18,4.607859233063394e-19,2.028240960365167e+31,-2.028240960365167e+31,1.7647230310480232e-16,4.579669976578771e-16,3.2077271306728447e-18,1358
LOCAL_NEUTRAL_HAZARD_PRIMARY,1,1,5.85,16,1.577263635352279e-16,2.220446049250313e-16,1.2509804223174897e-16,6.905917004375554e-16,1.9004761008786983e-15,6.776263578034403e-21,2.710505431213761e-20,1.2676506002282294e+30,-1.2676506002282294e+30,2.2090059071357085e-16,4.579669976578771e-16,2.3944559021091923e-18,1358
LOCAL_NEUTRAL_HAZARD_PRIMARY,1,1,5.85,17,1.8521498127827743e-16,1.1102230246251565e-16,2.5019608446349793e-16,1.621900341885701e-16,1.1158389175229068e-16,4.235164736271502e-22,9.529120656610879e-22,3.961408125713217e+28,-3.961408125713217e+28,1.2969961982388445e-16,4.440892098500626e-16,3.41625448707781e-18,1358
LOCAL_NEUTRAL_HAZARD_PRIMARY,1,2,5.85,0,0.0,3.3306690738754696e-16,0.0,1.366190287298553e-15,2.2008672161073906e-15,9.974659986866641e-18,2.168404344971009e-19,1.6225927682921336e+32,-1.6225927682921336e+32,1.596089515704093e-16,8.881784197001252e-16,4.360408704408337e-18,1387
LOCAL_NEUTRAL_HAZARD_PRIMARY,1,2,5.85,1,1.1220269810421801e-16,1.1102230246251565e-16,3.7439385672411724e-16,4.7548308951584686e-15,9.056652013954459e-16,2.168404344971009e-18,5.692061405548898e-19,2.028240960365167e+31,-2.028240960365167e+31,1.321269973253752e-16,8.881784197001252e-16,3.5786929330558665e-18,1390
LOCAL_NEUTRAL_HAZARD_PRIMARY,1,2,5.85,2,1.164735803992517e-16,0.0,0.0,1.969061917612166e-15,6.181019717678514e-16,5.421010862427522e-19,9.486769009248164e-20,1.0141204801825835e+31,-1.0141204801825835e+31,0.0,8.881784197001252e-16,2.585349110461145e-18,1390
LOCAL_NEUTRAL_HAZARD_PRIMARY,1,2,5.85,3,0.0,1.1102230246251565e-16,1.247979522413724e-16,5.421569257110653e-16,1.3596318499290296e-15,2.710505431213761e-19,0.0,5.070602400912918e+30,-5.070602400912918e+30,1.4052728049435099e-16,8.881784197001252e-16,2.6488926680008243e-18,1390
LOCAL_NEUTRAL_HAZARD_PRIMARY,1,2,5.85,4,0.0,2.220446049250313e-16,0.0,8.412402526589644e-16,4.642851735383697e-16,3.049318610115481e-20,6.3527471044072525e-21,6.338253001141147e+29,-6.338253001141147e+29,1.676626409283367e-16,4.440892098500626e-16,3.1623885062148073e-18,1390
LOCAL_NEUTRAL_HAZARD_PRIMARY,1,2,5.85,5,0.0,1.1102230246251565e-16,1.247979522413724e-16,2.0565864052079307e-15,1.7407790981320186e-15,4.764560328305439e-22,1.852884572118782e-22,9.903520314283042e+27,-9.903520314283042e+27,2.0559845600570934e-16,4.440892098500626e-16,2.979372936802957e-18,1390
LOCAL_NEUTRAL_HAZARD_PRIMARY,1,2,5.85,6,1.4460029281966016e-16,1.1102230246251565e-16,1.247979522413724e-16,6.538855242669404e-16,2.4185922765580355e-15,2.6020852139652106e-18,6.938893903907228e-18,3.2451855365842673e+32,-3.2451855365842673e+32,0.0,4.440892098500626e-16,3.371795496628038e-18,1385
LOCAL_NEUTRAL_HAZARD_PRIMARY,1,2,5.85,7,1.992397874162549e-16,1.1102230246251565e-16,1.247979522413724e-16,2.1638453877023116e-15,9.009580883312997e-16,5.204170427930421e-18,6.505213034913027e-19,1.6225927682921336e+32,-1.6225927682921336e+32,1.1730981208047353e-16,4.440892098500626e-16,3.498859591750598e-18,1386
LOCAL_NEUTRAL_HAZARD_PRIMARY,1,2,5.85,8,0.0,1.1102230246251565e-16,1.247979522413724e-16,9.008598685923767e-16,2.5639668313915292e-15,3.0357660829594124e-18,1.0842021724855044e-18,8.112963841460668e+31,-8.112963841460668e+31,1.3116630636799803e-16,4.440892098500626e-16,2.607247195952114e-18,1386
LOCAL_NEUTRAL_HAZARD_PRIMARY,1,2,5.85,9,0.0,0.0,0.0,2.4639847464688442e-15,1.831700122626681e-15,1.5178830414797062e-18,5.421010862427522e-20,2.028240960365167e+31,-2.028240960365167e+31,1.4043912686281496e-16,4.440892098500626e-16,2.4519050315363813e-18,1386
LOCAL_NEUTRAL_HAZARD_PRIMARY,1,2,5.85,10,0.0,1.1102230246251565e-16,0.0,1.3476837107540607e-15,5.419913443718997e-16,1.8973538018496328e-19,6.098637220230962e-20,5.070602400912918e+30,-5.070602400912918e+30,0.0,4.440892098500626e-16,3.231176170218991e-18,1386
LOCAL_NEUTRAL_HAZARD_PRIMARY,1,2,5.85,11,0.0,1.1102230246251565e-16,2.495959044827448e-16,4.466556718744757e-16,3.4001135084289707e-16,1.1011428314305904e-20,8.470329472543003e-22,7.922816251426434e+28,-7.922816251426434e+28,0.0,4.440892098500626e-16,3.925710032181736e-18,1387
LOCAL_NEUTRAL_HAZARD_PRIMARY,1,2,5.85,12,1.8339572708502834e-16,0.0,1.247979522413724e-16,1.5396020559292401e-15,2.507726628363288e-15,3.0357660829594124e-17,7.806255641895632e-18,1.6225927682921336e+32,-1.6225927682921336e+32,0.0,4.440892098500626e-16,3.484366483689368e-18,1381
LOCAL_NEUTRAL_HAZARD_PRIMARY,1,2,5.85,13,0.0,2.220446049250313e-16,1.247979522413724e-16,5.242246422510842e-15,8.800535848001059e-16,5.204170427930421e-18,4.336808689942018e-19,8.112963841460668e+31,-8.112963841460668e+31,0.0,4.440892098500626e-16,2.169165761758995e-18,1383
LOCAL_NEUTRAL_HAZARD_PRIMARY,1,2,5.85,14,2.0974247318470337e-16,2.220446049250313e-16,1.247979522413724e-16,0.0,1.0095791645990903e-15,4.336808689942018e-19,3.7947076036992655e-19,1.0141204801825835e+31,-1.0141204801825835e+31,2.469873154721498e-16,4.440892098500626e-16,1.9514104618495782e-18,1384
LOCAL_NEUTRAL_HAZARD_PRIMARY,1,2,5.85,15,0.0,1.1102230246251565e-16,2.495959044827448e-16,4.462615469002278e-16,1.1395149280726763e-15,7.047314121155779e-19,8.673617379884035e-19,1.0141204801825835e+31,-1.0141204801825835e+31,1.495374235662106e-16,4.440892098500626e-16,2.6943574988758097e-18,1383
LOCAL_NEUTRAL_HAZARD_PRIMARY,1,2,5.85,16,1.5899566531481618e-16,2.220446049250313e-16,3.7439385672411724e-16,2.478675905051612e-15,1.8514613804048683e-16,5.421010862427522e-20,1.3552527156068805e-20,2.535301200456459e+30,-2.535301200456459e+30,0.0,4.440892098500626e-16,2.803813784248687e-18,1383
LOCAL_NEUTRAL_HAZARD_PRIMARY,1,2,5.85,17,0.0,0.0,2.495959044827448e-16,1.4553336274134326e-15,8.69648468228157e-16,1.2705494208814505e-21,1.6940658945086007e-21,3.961408125713217e+28,-3.961408125713217e+28,2.1985955975052845e-16,4.440892098500626e-16,2.588532746436003e-18,1383
LOCAL_NEUTRAL_HAZARD_PRIMARY,2,1,5.75,0,0.0,0.0,2.5297945640865075e-16,5.825723870063217e-16,1.3108934117297628e-15,2.6020852139652106e-18,8.673617379884035e-18,6.084722881095501e+31,-6.084722881095501e+31,1.844645197326212e-16,4.440892098500626e-16,3.425343961965905e-18,1324
LOCAL_NEUTRAL_HAZARD_PRIMARY,2,1,5.75,1,1.941654728699277e-16,1.1102230246251565e-16,3.7946918461297614e-16,4.061634654041553e-15,1.1734628532943977e-15,5.854691731421724e-18,4.336808689942018e-19,4.056481920730334e+31,-4.056481920730334e+31,1.3504125754047967e-16,4.440892098500626e-16,2.3288870731216865e-18,1323
LOCAL_NEUTRAL_HAZARD_PRIMARY,2,1,5.75,2,0.0,0.0,1.2648972820432537e-16,2.7667853534280603e-15,1.925973490329899e-15,1.734723475976807e-18,8.131516293641283e-20,1.5211807202738753e+31,-1.5211807202738753e+31,2.7089322576249314e-16,4.440892098500626e-16,2.3930250809726265e-18,1324
LOCAL_NEUTRAL_HAZARD_PRIMARY,2,1,5.75,3,0.0,0.0,2.5297945640865075e-16,2.3556513966215573e-15,1.139210308214592e-16,3.7947076036992655e-19,1.3552527156068805e-19,5.070602400912918e+30,-5.070602400912918e+30,1.3499854296016736e-16,4.440892098500626e-16,2.385139698931902e-18,1324
LOCAL_NEUTRAL_HAZARD_PRIMARY,2,1,5.75,4,1.213909986132521e-16,0.0,0.0,1.0026222628723584e-15,1.6018069007169103e-16,2.710505431213761e-20,3.3881317890172014e-21,3.1691265005705735e+29,-3.1691265005705735e+29,1.688538426995184e-16,4.440892098500626e-16,2.6323513234684795e-18,1324
LOCAL_NEUTRAL_HAZARD_PRIMARY,2,1,5.75,5,1.4919876553602686e-16,1.1102230246251565e-16,1.2648972820432537e-16,5.263958330249333e-16,1.5985261158914224e-15,4.235164736271502e-22,2.3822801641527197e-22,1.9807040628566084e+28,-1.9807040628566084e+28,2.0753420908123525e-16,4.440892098500626e-16,2.9346317126238278e-18,1324
LOCAL_NEUTRAL_HAZARD_PRIMARY,2,1,5.75,6,1.5823104649041043e-16,1.1102230246251565e-16,1.2648972820432537e-16,1.994831972578241e-15,4.361987219669227e-15,8.673617379884035e-18,5.204170427930421e-18,8.112963841460668e+31,-8.112963841460668e+31,0.0,4.440892098500626e-16,2.791794927631736e-18,1317
LOCAL_NEUTRAL_HAZARD_PRIMARY,2,1,5.75,7,1.784955231777745e-16,2.220446049250313e-16,0.0,8.186366194866718e-15,3.930464075219862e-15,1.1622647289044608e-16,2.7755575615628914e-17,1.6225927682921336e+32,-1.6225927682921336e+32,1.2414287442041798e-16,4.440892098500626e-16,1.9542028824865156e-18,1318
LOCAL_NEUTRAL_HAZARD_PRIMARY,2,1,5.75,8,0.0,2.220446049250313e-16,1.2648972820432537e-16,6.415123494076857e-16,3.5420488824723613e-15,6.938893903907228e-18,1.0842021724855044e-17,8.112963841460668e+31,-8.112963841460668e+31,1.3585573734818188e-16,4.440892098500626e-16,3.0323091601567973e-18,1318
LOCAL_NEUTRAL_HAZARD_PRIMARY,2,1,5.75,9,2.067070501089268e-16,0.0,2.5297945640865075e-16,1.1977237354228322e-15,9.924499907646521e-15,8.673617379884035e-19,1.1167282376600696e-17,4.056481920730334e+31,-4.056481920730334e+31,1.4376387097355936e-16,4.440892098500626e-16,2.7536140695039704e-18,1319
LOCAL_NEUTRAL_HAZARD_PRIMARY,2,1,5.75,10,0.0,2.220446049250313e-16,1.2648972820432537e-16,3.2849435092921344e-15,4.380835123828898e-16,2.168404344971009e-19,1.6263032587282567e-19,5.070602400912918e+30,-5.070602400912918e+30,1.9242639388120794e-16,4.440892098500626e-16,1.8530483538786423e-18,1319
LOCAL_NEUTRAL_HAZARD_PRIMARY,2,1,5.75,11,1.7019416127972891e-16,1.1102230246251565e-16,3.7946918461297614e-16,1.057049693392005e-15,1.100721938019711e-15,1.3552527156068805e-20,7.623296525288703e-21,1.5845632502852868e+29,-1.5845632502852868e+29,0.0,4.440892098500626e-16,2.1965857044531342e-18,1319
LOCAL_NEUTRAL_HAZARD_PRIMARY,2,1,5.75,12,0.0,0.0,2.5297945640865075e-16,3.9780651890863804e-15,1.2959952585503685e-15,6.938893903907228e-18,1.9949319973733282e-17,1.6225927682921336e+32,-1.6225927682921336e+32,1.9963103792053607e-16,4.440892098500626e-16,1.9815437570562695e-18,1299
LOCAL_NEUTRAL_HAZARD_PRIMARY,2,1,5.75,13,1.1126549744336117e-16,2.220446049250313e-16,2.5297945640865075e-16,8.235326363469867e-16,3.078427172313642e-16,1.734723475976807e-18,4.7704895589362195e-18,4.056481920730334e+31,-4.056481920730334e+31,0.0,4.440892098500626e-16,1.3176300678903138e-18,1297
LOCAL_NEUTRAL_HAZARD_PRIMARY,2,1,5.75,14,1.4619299237979253e-16,0.0,2.5297945640865075e-16,1.746458993593277e-15,1.9900588455675295e-15,1.4094628242311558e-18,5.421010862427522e-20,2.028240960365167e+31,-2.028240960365167e+31,2.0335320428259932e-16,4.440892098500626e-16,1.4788440694699697e-18,1298
LOCAL_NEUTRAL_HAZARD_PRIMARY,2,1,5.75,15,1.200654947989384e-16,1.1102230246251565e-16,1.2648972820432537e-16,3.455775928795837e-16,8.774009745452125e-16,3.2526065174565133e-18,3.2526065174565133e-19,2.028240960365167e+31,-2.028240960365167e+31,0.0,4.440892098500626e-16,1.5651044930580618e-18,1297
LOCAL_NEUTRAL_HAZARD_PRIMARY,2,1,5.75,16,0.0,1.1102230246251565e-16,6.324486410216269e-16,1.926366170821493e-15,1.0169018614594338e-15,5.421010862427522e-20,6.776263578034403e-21,1.2676506002282294e+30,-1.2676506002282294e+30,0.0,6.661338147750939e-16,1.4210914053888078e-18,1297
LOCAL_NEUTRAL_HAZARD_PRIMARY,2,1,5.75,17,0.0,3.3306690738754696e-16,2.5297945640865075e-16,2.1464032791718413e-15,8.053165528648586e-16,6.3527471044072525e-21,2.752857078576476e-21,7.922816251426434e+28,-7.922816251426434e+28,1.23861219147161e-16,4.440892098500626e-16,2.1362928586251463e-18,1297
LOCAL_NEUTRAL_HAZARD_PRIMARY,2,2,5.75,0,1.3920853882346537e-16,2.220446049250313e-16,1.2725500527939393e-16,4.345258506713225e-15,1.2520810885490878e-15,6.071532165918825e-18,4.336808689942018e-19,4.056481920730334e+31,-4.056481920730334e+31,0.0,8.881784197001252e-16,2.1850855068652274e-18,1344
LOCAL_NEUTRAL_HAZARD_PRIMARY,2,2,5.75,1,2.0515070511162504e-16,1.1102230246251565e-16,2.5451001055878786e-16,2.8792478314185474e-15,7.472108378290503e-16,5.204170427930421e-18,1.0842021724855044e-19,4.056481920730334e+31,-4.056481920730334e+31,0.0,8.881784197001252e-16,2.5259308140422657e-18,1344
LOCAL_NEUTRAL_HAZARD_PRIMARY,2,2,5.75,2,0.0,3.3306690738754696e-16,1.2725500527939393e-16,4.894089641310457e-16,8.17584900567734e-16,4.336808689942018e-19,5.149960319306146e-19,1.0141204801825835e+31,-1.0141204801825835e+31,0.0,8.881784197001252e-16,3.2143769248602165e-18,1344
LOCAL_NEUTRAL_HAZARD_PRIMARY,2,2,5.75,3,2.0553170528160118e-16,0.0,1.2725500527939393e-16,2.1563429202080977e-15,4.352401713312487e-15,1.6263032587282567e-19,5.421010862427522e-20,2.028240960365167e+31,-2.028240960365167e+31,0.0,8.881784197001252e-16,2.729793482849948e-18,1344
LOCAL_NEUTRAL_HAZARD_PRIMARY,2,2,5.75,4,0.0,3.3306690738754696e-16,0.0,2.476580913262677e-15,3.671863069779803e-15,1.6263032587282567e-19,6.268043809681823e-20,6.338253001141147e+29,-6.338253001141147e+29,1.920870813554571e-16,8.881784197001252e-16,2.1934748459434572e-18,1344
LOCAL_NEUTRAL_HAZARD_PRIMARY,2,2,5.75,5,0.0,0.0,2.5451001055878786e-16,3.0339219624914253e-15,1.9085116888131075e-15,8.470329472543003e-22,8.999725064576941e-22,1.9807040628566084e+28,-1.9807040628566084e+28,1.1806517298580288e-16,8.881784197001252e-16,2.101297434893629e-18,1344
LOCAL_NEUTRAL_HAZARD_PRIMARY,2,2,5.75,6,1.6601163398690712e-16,0.0,2.5451001055878786e-16,3.1030947987803733e-15,0.0,3.469446951953614e-17,1.214306433183765e-17,4.867778304876401e+32,-4.867778304876401e+32,1.2386392453719876e-16,4.440892098500626e-16,3.834595215798792e-18,1344
LOCAL_NEUTRAL_HAZARD_PRIMARY,2,2,5.75,7,1.8791874488020371e-16,1.1102230246251565e-16,0.0,4.97096439864046e-16,2.2246675746114895e-15,2.7755575615628914e-17,1.474514954580286e-17,3.2451855365842673e+32,-3.2451855365842673e+32,1.402091689357289e-16,4.440892098500626e-16,2.2884042893430763e-18,1344
LOCAL_NEUTRAL_HAZARD_PRIMARY,2,2,5.75,8,2.0603841407357423e-16,0.0,0.0,5.2198654024776e-16,1.5224117928654638e-15,0.0,3.469446951953614e-18,8.112963841460668e+31,-8.112963841460668e+31,0.0,4.440892098500626e-16,2.5188935540068295e-18,1344
LOCAL_NEUTRAL_HAZARD_PRIMARY,2,2,5.75,9,2.182384338548736e-16,3.3306690738754696e-16,3.8176501583818177e-16,0.0,1.3270941749401533e-15,1.734723475976807e-18,4.336808689942018e-19,8.112963841460668e+31,-8.112963841460668e+31,0.0,4.440892098500626e-16,2.3514374013614906e-18,1344
LOCAL_NEUTRAL_HAZARD_PRIMARY,2,2,5.75,10,1.4626663397769767e-16,1.1102230246251565e-16,1.2725500527939393e-16,1.7584847280557665e-16,1.5342403986138286e-15,3.7947076036992655e-19,1.4907779871675686e-19,5.070602400912918e+30,-5.070602400912918e+30,0.0,4.440892098500626e-16,2.895062932437078e-18,1344
LOCAL_NEUTRAL_HAZARD_PRIMARY,2,2,5.75,11,1.8000354375083535e-16,0.0,2.5451001055878786e-16,8.60101466219783e-16,1.4017850828690579e-15,2.541098841762901e-21,4.235164736271502e-22,1.5845632502852868e+29,-1.5845632502852868e+29,1.3430351129090292e-16,4.440892098500626e-16,2.7724737696658403e-18,1344
LOCAL_NEUTRAL_HAZARD_PRIMARY,2,2,5.75,12,1.5034572310983794e-16,2.220446049250313e-16,1.2725500527939393e-16,6.743493476939362e-16,1.9451949482004835e-15,8.673617379884035e-18,6.071532165918825e-18,1.6225927682921336e+32,-1.6225927682921336e+32,0.0,4.440892098500626e-16,1.988494008789476e-18,1324
LOCAL_NEUTRAL_HAZARD_PRIMARY,2,2,5.75,13,1.167460624922056e-16,1.1102230246251565e-16,0.0,1.0051395394604313e-15,4.4104735104017776e-16,0.0,8.673617379884035e-19,8.112963841460668e+31,-8.112963841460668e+31,1.742121937754087e-16,4.440892098500626e-16,1.7940879471671664e-18,1324
LOCAL_NEUTRAL_HAZARD_PRIMARY,2,2,5.75,14,0.0,1.1102230246251565e-16,1.2725500527939393e-16,8.881630343827888e-16,5.702328709579156e-16,3.2526065174565133e-19,4.336808689942018e-19,2.028240960365167e+31,-2.028240960365167e+31,1.1440858219367797e-16,4.440892098500626e-16,1.7192531157696683e-18,1325
LOCAL_NEUTRAL_HAZARD_PRIMARY,2,2,5.75,15,0.0,1.1102230246251565e-16,0.0,1.0544624682259573e-15,8.380369887228239e-16,3.686287386450715e-18,1.8431436932253575e-18,2.028240960365167e+31,-2.028240960365167e+31,0.0,4.440892098500626e-16,1.906866963108323e-18,1324
LOCAL_NEUTRAL_HAZARD_PRIMARY,2,2,5.75,16,1.5831398161036618e-16,1.1102230246251565e-16,1.2725500527939393e-16,6.531033097582212e-16,6.475195101045062e-16,2.574980159653073e-19,4.743384504624082e-20,2.535301200456459e+30,-2.535301200456459e+30,1.1812058348221794e-16,4.440892098500626e-16,1.783450994289013e-18,1324
LOCAL_NEUTRAL_HAZARD_PRIMARY,2,2,5.75,17,0.0,0.0,0.0,3.338874122332911e-15,3.333141866578715e-15,7.199780051661553e-21,2.964615315390051e-21,1.188422437713965e+29,-1.188422437713965e+29,1.3967520763413082e-16,4.440892098500626e-16,2.0727850324014046e-18,1324
LOCAL_NEUTRAL_HAZARD_PRIMARY,3,1,5.65,0,0.0,3.3306690738754696e-16,2.5556146381314623e-16,2.8137955900426553e-16,1.3093591436566324e-15,3.0357660829594124e-18,3.469446951953614e-18,8.112963841460668e+31,-8.112963841460668e+31,3.1261644493076043e-16,4.440892098500626e-16,2.8275415712138157e-18,1376
LOCAL_NEUTRAL_HAZARD_PRIMARY,3,1,5.65,1,0.0,3.3306690738754696e-16,2.5556146381314623e-16,1.9282988278016675e-15,4.241203308712399e-15,8.673617379884035e-19,4.87890977618477e-19,1.0141204801825835e+31,-1.0141204801825835e+31,1.3317319104571561e-16,4.440892098500626e-16,2.8248722004360434e-18,1376
LOCAL_NEUTRAL_HAZARD_PRIMARY,3,1,5.65,2,0.0,3.3306690738754696e-16,1.2778073190657312e-16,4.510108807156792e-15,1.2195093785529046e-15,5.421010862427522e-20,4.0657581468206416e-20,2.028240960365167e+31,-2.028240960365167e+31,1.300377489111178e-16,4.440892098500626e-16,3.181431737659425e-18,1376
LOCAL_NEUTRAL_HAZARD_PRIMARY,3,1,5.65,3,1.1130933564731865e-16,2.220446049250313e-16,1.2778073190657312e-16,0.0,2.554065771488808e-15,1.0842021724855044e-19,6.098637220230962e-20,5.070602400912918e+30,-5.070602400912918e+30,1.2768994977057824e-16,8.881784197001252e-16,3.132280569668289e-18,1376
LOCAL_NEUTRAL_HAZARD_PRIMARY,3,1,5.65,4,1.4009206823345193e-16,2.220446049250313e-16,2.5556146381314623e-16,1.9424916054618976e-15,1.0621090569865458e-15,5.759824041329242e-20,5.929230630780102e-21,6.338253001141147e+29,-6.338253001141147e+29,1.6070843520856833e-16,8.881784197001252e-16,3.942230174359297e-18,1376
LOCAL_NEUTRAL_HAZARD_PRIMARY,3,1,5.65,5,1.717092366440256e-16,2.220446049250313e-16,2.5556146381314623e-16,1.3353702719233265e-15,2.075862431880173e-15,4.235164736271502e-22,2.779326858178173e-22,4.951760157141521e+27,-4.951760157141521e+27,1.9697848050850457e-16,8.881784197001252e-16,2.4098011089919104e-18,1376
LOCAL_NEUTRAL_HAZARD_PRIMARY,3,1,5.65,6,0.0,1.1102230246251565e-16,0.0,2.3104731813146368e-15,4.679450886242385e-16,1.214306433183765e-17,1.214306433183765e-17,1.6225927682921336e+32,-1.6225927682921336e+32,1.1514493516210577e-16,4.440892098500626e-16,3.8189284495463675e-18,1376
LOCAL_NEUTRAL_HAZARD_PRIMARY,3,1,5.65,7,0.0,1.1102230246251565e-16,1.2778073190657312e-16,1.004836563876149e-15,2.1776313678370298e-15,6.938893903907228e-18,3.0357660829594124e-18,1.6225927682921336e+32,-1.6225927682921336e+32,0.0,4.440892098500626e-16,2.2936293902980494e-18,1376
LOCAL_NEUTRAL_HAZARD_PRIMARY,3,1,5.65,8,0.0,2.220446049250313e-16,1.2778073190657312e-16,4.591735866721973e-15,6.396281358527523e-16,9.974659986866641e-18,2.6020852139652106e-18,8.112963841460668e+31,-8.112963841460668e+31,1.249895957620052e-16,4.440892098500626e-16,2.8335353548797828e-18,1376
LOCAL_NEUTRAL_HAZARD_PRIMARY,3,1,5.65,9,1.1546842454100566e-16,0.0,2.5556146381314623e-16,8.678270021646354e-16,3.6049631412642767e-16,2.8189256484623115e-18,3.7947076036992655e-19,2.028240960365167e+31,-2.028240960365167e+31,1.3246110260190008e-16,4.440892098500626e-16,3.3929924380594165e-18,1376
LOCAL_NEUTRAL_HAZARD_PRIMARY,3,1,5.65,10,1.5028128106041926e-16,2.220446049250313e-16,2.5556146381314623e-16,1.514967016245456e-15,1.4077688366529902e-15,6.776263578034403e-20,4.743384504624082e-20,5.070602400912918e+30,-5.070602400912918e+30,1.7239712301279314e-16,4.440892098500626e-16,2.427973902185683e-18,1376
LOCAL_NEUTRAL_HAZARD_PRIMARY,3,1,5.65,11,1.8521036368096078e-16,0.0,1.2778073190657312e-16,1.519268566535093e-15,9.660695728276356e-16,8.893845946170154e-21,1.2705494208814505e-21,7.922816251426434e+28,-7.922816251426434e+28,0.0,4.440892098500626e-16,3.520613128832483e-18,1376
LOCAL_NEUTRAL_HAZARD_PRIMARY,3,1,5.65,12,1.3296409991257099e-16,1.1102230246251565e-16,0.0,3.6614118682108525e-15,4.1824290269765387e-16,1.5178830414797062e-17,1.3010426069826053e-18,8.112963841460668e+31,-8.112963841460668e+31,0.0,4.440892098500626e-16,2.017037642684329e-18,1355
LOCAL_NEUTRAL_HAZARD_PRIMARY,3,1,5.65,13,0.0,2.220446049250313e-16,2.5556146381314623e-16,2.166425604706801e-15,3.951904037341339e-16,6.071532165918825e-18,3.686287386450715e-18,8.112963841460668e+31,-8.112963841460668e+31,0.0,4.440892098500626e-16,2.1554024040556025e-18,1355
LOCAL_NEUTRAL_HAZARD_PRIMARY,3,1,5.65,14,1.2220930809395082e-16,1.1102230246251565e-16,2.5556146381314623e-16,9.26684527158721e-16,3.971313867740183e-16,6.505213034913027e-19,3.2526065174565133e-19,2.028240960365167e+31,-2.028240960365167e+31,1.4019399470191344e-16,4.440892098500626e-16,2.932534445897133e-18,1356
LOCAL_NEUTRAL_HAZARD_PRIMARY,3,1,5.65,15,0.0,1.1102230246251565e-16,3.833421957197194e-16,2.573536831059744e-16,2.4012514073991255e-15,2.168404344971009e-19,8.131516293641283e-19,1.0141204801825835e+31,-1.0141204801825835e+31,0.0,4.440892098500626e-16,2.2167251638461893e-18,1355
LOCAL_NEUTRAL_HAZARD_PRIMARY,3,1,5.65,16,1.515926962772179e-16,1.1102230246251565e-16,0.0,1.100484616760818e-15,7.210368152509544e-16,2.0328790734103208e-20,1.0164395367051604e-20,2.535301200456459e+30,-2.535301200456459e+30,0.0,4.440892098500626e-16,3.604379054538762e-18,1355
LOCAL_NEUTRAL_HAZARD_PRIMARY,3,1,5.65,17,0.0,0.0,2.5556146381314623e-16,3.7060458629689966e-16,1.4837864022620404e-15,2.329340604949326e-21,1.0587911840678754e-21,3.961408125713217e+28,-3.961408125713217e+28,0.0,4.440892098500626e-16,2.122945479962256e-18,1355
LOCAL_NEUTRAL_HAZARD_PRIMARY,3,2,5.65,0,0.0,1.1102230246251565e-16,2.557645604958451e-16,7.410668144460578e-16,5.826999482291014e-16,3.0357660829594124e-18,1.734723475976807e-18,8.112963841460668e+31,-8.112963841460668e+31,0.0,8.881784197001252e-16,3.754815588349668e-18,1376
LOCAL_NEUTRAL_HAZARD_PRIMARY,3,2,5.65,1,2.026730196424331e-16,2.220446049250313e-16,3.836468407437676e-16,3.1976013269250457e-15,1.2011040753458492e-15,1.4094628242311558e-18,1.8973538018496328e-19,2.028240960365167e+31,-2.028240960365167e+31,1.2710614884386438e-16,8.881784197001252e-16,3.483627195907165e-18,1376
LOCAL_NEUTRAL_HAZARD_PRIMARY,3,2,5.65,2,1.9785774871159008e-16,2.220446049250313e-16,2.557645604958451e-16,2.879571639150666e-15,5.427143921439108e-16,5.421010862427522e-20,2.0328790734103208e-19,2.028240960365167e+31,-2.028240960365167e+31,1.2408625727300268e-16,8.881784197001252e-16,3.421018819058225e-18,1376
LOCAL_NEUTRAL_HAZARD_PRIMARY,3,2,5.65,3,1.942521058573813e-16,5.551115123125783e-16,1.2788228024792254e-16,6.959646955018269e-16,5.68313896164508e-16,5.149960319306146e-19,1.3552527156068805e-20,5.070602400912918e+30,-5.070602400912918e+30,1.218249825452988e-16,8.881784197001252e-16,2.6864220166497632e-18,1376
LOCAL_NEUTRAL_HAZARD_PRIMARY,3,2,5.65,4,2.4440834181502144e-16,1.1102230246251565e-16,1.2788228024792254e-16,1.705307558281724e-15,5.401908869633086e-16,6.776263578034403e-21,5.082197683525802e-21,6.338253001141147e+29,-6.338253001141147e+29,0.0,8.881784197001252e-16,3.0592858354610455e-18,1376
LOCAL_NEUTRAL_HAZARD_PRIMARY,3,2,5.65,5,2.995585639403668e-16,1.1102230246251565e-16,1.2788228024792254e-16,1.1723175592689777e-15,2.855426563112739e-15,9.529120656610879e-22,1.9852334701272664e-22,1.9807040628566084e+28,-1.9807040628566084e+28,1.8786780540810926e-16,4.440892098500626e-16,2.4505048228471902e-18,1376
LOCAL_NEUTRAL_HAZARD_PRIMARY,3,2,5.65,6,1.754582790365478e-16,1.1102230246251565e-16,1.2788228024792254e-16,3.466647330798264e-14,2.332378934112679e-14,1.9949319973733282e-16,6.982261990806649e-17,1.6225927682921336e+32,-1.6225927682921336e+32,2.200769117710275e-16,4.440892098500626e-16,2.8372229998774786e-18,1372
LOCAL_NEUTRAL_HAZARD_PRIMARY,3,2,5.65,7,0.0,1.1102230246251565e-16,2.557645604958451e-16,2.6464290230099194e-15,2.4227609580001207e-16,8.673617379884035e-18,2.6020852139652106e-18,1.6225927682921336e+32,-1.6225927682921336e+32,0.0,4.440892098500626e-16,2.646644173662288e-18,1370
LOCAL_NEUTRAL_HAZARD_PRIMARY,3,2,5.65,8,1.9029314411822255e-16,0.0,1.2788228024792254e-16,1.3925518534649227e-14,2.41953929091943e-15,4.2934406030425976e-17,6.288372600415926e-18,1.6225927682921336e+32,-1.6225927682921336e+32,0.0,4.440892098500626e-16,2.436974108650321e-18,1368
LOCAL_NEUTRAL_HAZARD_PRIMARY,3,2,5.65,9,2.0162763679245142e-16,2.220446049250313e-16,1.2788228024792254e-16,1.7522842654225863e-14,5.29420754547398e-15,2.1467203015212988e-17,2.168404344971009e-18,4.056481920730334e+31,-4.056481920730334e+31,0.0,4.440892098500626e-16,2.211688368259801e-18,1368
LOCAL_NEUTRAL_HAZARD_PRIMARY,3,2,5.65,10,0.0,1.1102230246251565e-16,2.557645604958451e-16,1.8136159129243027e-15,1.7086224596839688e-15,4.336808689942018e-19,4.743384504624082e-20,5.070602400912918e+30,-5.070602400912918e+30,0.0,8.881784197001252e-16,3.883609001809658e-18,1367
LOCAL_NEUTRAL_HAZARD_PRIMARY,3,2,5.65,11,1.6165214762684167e-16,0.0,1.2788228024792254e-16,7.409785116208673e-16,2.8661791930785767e-16,1.6940658945086007e-21,6.352747104407253e-22,7.922816251426434e+28,-7.922816251426434e+28,0.0,4.440892098500626e-16,2.9867496219965688e-18,1367
LOCAL_NEUTRAL_HAZARD_PRIMARY,3,2,5.65,12,1.1626915832545936e-16,2.220446049250313e-16,0.0,7.714422011753522e-16,1.4890345032059304e-15,2.0816681711721685e-17,2.168404344971009e-18,1.6225927682921336e+32,-1.6225927682921336e+32,0.0,4.85722573273506e-16,2.7325796232361006e-18,1352
LOCAL_NEUTRAL_HAZARD_PRIMARY,3,2,5.65,13,2.0795383314236996e-16,1.1102230246251565e-16,3.836468407437676e-16,2.1256513150338692e-15,1.6414564355240948e-15,1.734723475976807e-18,3.903127820947816e-18,8.112963841460668e+31,-8.112963841460668e+31,1.3041800489615923e-16,4.440892098500626e-16,1.8177724689023882e-18,1353
LOCAL_NEUTRAL_HAZARD_PRIMARY,3,2,5.65,14,0.0,3.3306690738754696e-16,2.557645604958451e-16,1.1970565370629788e-14,7.069364876228533e-15,8.023096076392733e-18,2.2768245622195593e-18,2.028240960365167e+31,-2.028240960365167e+31,1.3401990684364953e-16,4.440892098500626e-16,2.4918662788080964e-18,1353
LOCAL_NEUTRAL_HAZARD_PRIMARY,3,2,5.65,15,2.140088845367531e-16,2.220446049250313e-16,1.2788228024792254e-16,2.2593002704271727e-15,1.2572015298747572e-15,3.2526065174565133e-19,2.710505431213761e-19,2.028240960365167e+31,-2.028240960365167e+31,1.342154233446017e-16,8.881784197001252e-16,3.1308307288965432e-18,1353
LOCAL_NEUTRAL_HAZARD_PRIMARY,3,2,5.65,16,2.649694546646345e-16,1.1102230246251565e-16,3.836468407437676e-16,1.2421441885053829e-15,1.4439632749277556e-15,1.3552527156068805e-20,2.710505431213761e-20,1.2676506002282294e+30,-1.2676506002282294e+30,1.661752857045274e-16,4.440892098500626e-16,1.747185464402374e-18,1353
LOCAL_NEUTRAL_HAZARD_PRIMARY,3,2,5.65,17,0.0,0.0,3.836468407437676e-16,3.2535265551213226e-16,2.6412990323336903e-15,2.117582368135751e-21,2.2234614865425384e-21,3.961408125713217e+28,-3.961408125713217e+28,0.0,4.440892098500626e-16,1.802583770151742e-18,1353
LOCAL_NEUTRAL_HAZARD_PRIMARY,4,1,5.55,0,3.620129469000681e-16,0.0,8.713118077692726e-16,4.522324419400458e-16,1.0684146566838113e-15,3.0357660829594124e-18,2.927345865710862e-18,8.112963841460668e+31,-8.112963841460668e+31,1.5201294951125557e-16,4.440892098500626e-16,3.703664728180602e-18,1440
LOCAL_NEUTRAL_HAZARD_PRIMARY,4,1,5.55,1,2.1122544306267894e-16,2.220446049250313e-16,1.2447311539561035e-16,1.1308684790652226e-15,3.500184749988789e-15,1.0842021724855044e-19,1.6263032587282567e-19,2.028240960365167e+31,-2.028240960365167e+31,1.7739146009406754e-16,8.881784197001252e-16,3.7553406268451056e-18,1440
LOCAL_NEUTRAL_HAZARD_PRIMARY,4,1,5.55,2,2.0297699515727152e-16,1.1102230246251565e-16,1.2447311539561035e-16,2.2892512453462674e-15,0.0,1.0842021724855044e-19,6.776263578034403e-20,1.0141204801825835e+31,-1.0141204801825835e+31,0.0,8.881784197001252e-16,4.782519734407245e-18,1440
LOCAL_NEUTRAL_HAZARD_PRIMARY,4,1,5.55,3,1.987208265740932e-16,0.0,1.2447311539561035e-16,3.9783246956096265e-15,1.0814976200020989e-14,7.047314121155779e-19,3.1170812458958252e-19,5.070602400912918e+30,-5.070602400912918e+30,1.6688982665131814e-16,8.881784197001252e-16,4.664556685082793e-18,1440
LOCAL_NEUTRAL_HAZARD_PRIMARY,4,1,5.55,4,1.2470249251393612e-16,0.0,0.0,1.4422085206541738e-15,4.530751326683857e-15,2.0328790734103208e-20,1.1434944787933055e-20,6.338253001141147e+29,-6.338253001141147e+29,0.0,8.881784197001252e-16,3.688173086775905e-18,1440
LOCAL_NEUTRAL_HAZARD_PRIMARY,4,1,5.55,5,0.0,0.0,2.489462307912207e-16,7.900880991455252e-15,1.4437883977989436e-15,2.0117032497289633e-21,1.0587911840678754e-22,1.4855280471424563e+28,-1.4855280471424563e+28,2.5566020420268587e-16,8.881784197001252e-16,5.341027495830438e-18,1440
LOCAL_NEUTRAL_HAZARD_PRIMARY,4,1,5.55,6,1.87849898187056e-16,2.220446049250313e-16,2.489462307912207e-16,1.4230091863625556e-15,3.660427045054009e-15,6.938893903907228e-18,4.119968255444917e-18,1.6225927682921336e+32,-1.6225927682921336e+32,1.5776019798919556e-16,8.881784197001252e-16,5.102992573832926e-18,1440
LOCAL_NEUTRAL_HAZARD_PRIMARY,4,1,5.55,7,0.0,2.220446049250313e-16,2.489462307912207e-16,1.575511973238311e-15,1.5667894638733976e-15,0.0,1.951563910473908e-18,1.6225927682921336e+32,-1.6225927682921336e+32,0.0,4.440892098500626e-16,6.562142349641958e-18,1440
LOCAL_NEUTRAL_HAZARD_PRIMARY,4,1,5.55,8,1.842746947028215e-16,3.3306690738754696e-16,2.489462307912207e-16,1.461144264287369e-16,0.0,5.204170427930421e-18,0.0,8.112963841460668e+31,-8.112963841460668e+31,0.0,8.881784197001252e-16,4.99487152418344e-18,1440
LOCAL_NEUTRAL_HAZARD_PRIMARY,4,1,5.55,9,1.9687062938733366e-16,0.0,2.489462307912207e-16,3.2175375838769747e-15,1.8853380383203368e-15,2.3852447794681098e-18,1.3010426069826053e-18,4.056481920730334e+31,-4.056481920730334e+31,1.6533599309953426e-16,4.440892098500626e-16,2.9483631065384532e-18,1440
LOCAL_NEUTRAL_HAZARD_PRIMARY,4,1,5.55,10,0.0,1.1102230246251565e-16,0.0,1.942128175506052e-15,4.532085977096138e-15,2.439454888092385e-19,1.3552527156068805e-19,5.070602400912918e+30,-5.070602400912918e+30,2.14397096354852e-16,8.881784197001252e-16,3.9977463774146364e-18,1440
LOCAL_NEUTRAL_HAZARD_PRIMARY,4,1,5.55,11,0.0,1.1102230246251565e-16,2.489462307912207e-16,2.0069570566045675e-15,3.5837197884174865e-15,3.8116482626443515e-21,7.411538288475128e-22,7.922816251426434e+28,-7.922816251426434e+28,0.0,8.881784197001252e-16,3.8104823107858e-18,1440
LOCAL_NEUTRAL_HAZARD_PRIMARY,4,1,5.55,12,0.0,2.220446049250313e-16,0.0,1.0356857181270975e-15,4.2833160295957824e-15,1.3877787807814457e-17,6.071532165918825e-18,1.6225927682921336e+32,-1.6225927682921336e+32,0.0,4.440892098500626e-16,4.0201198211679824e-18,1420
LOCAL_NEUTRAL_HAZARD_PRIMARY,4,1,5.55,13,1.8406465697207274e-16,2.220446049250313e-16,1.2447311539561035e-16,3.5653414257854706e-15,1.5071248874270407e-15,2.6020852139652106e-18,6.505213034913027e-19,8.112963841460668e+31,-8.112963841460668e+31,1.5458127476764564e-16,4.440892098500626e-16,2.288166186090407e-18,1421
LOCAL_NEUTRAL_HAZARD_PRIMARY,4,1,5.55,14,0.0,0.0,3.734193461868311e-16,3.230761951650293e-15,4.2480549158958334e-16,2.8189256484623115e-18,2.710505431213761e-19,4.056481920730334e+31,-4.056481920730334e+31,0.0,4.440892098500626e-16,3.481953590293876e-18,1421
LOCAL_NEUTRAL_HAZARD_PRIMARY,4,1,5.55,15,1.8242674912024132e-16,3.3306690738754696e-16,2.489462307912207e-16,1.5869507984309094e-15,4.034713176599661e-15,1.1926223897340549e-18,5.421010862427522e-19,2.028240960365167e+31,-2.028240960365167e+31,1.5320572615416874e-16,4.440892098500626e-16,3.550002244702407e-18,1421
LOCAL_NEUTRAL_HAZARD_PRIMARY,4,1,5.55,16,2.2469750245471913e-16,3.3306690738754696e-16,6.223655769780519e-16,1.7336702185030161e-15,2.453989125906049e-16,6.098637220230962e-20,0.0,2.535301200456459e+30,-2.535301200456459e+30,1.8870557193294688e-16,4.440892098500626e-16,3.346127593479062e-18,1421
LOCAL_NEUTRAL_HAZARD_PRIMARY,4,1,5.55,17,0.0,1.1102230246251565e-16,4.978924615824414e-16,3.6112272140370886e-15,1.1333524816971296e-15,2.541098841762901e-21,7.411538288475128e-22,7.922816251426434e+28,-7.922816251426434e+28,0.0,4.440892098500626e-16,3.856496043396355e-18,1421
LOCAL_NEUTRAL_HAZARD_PRIMARY,4,2,5.55,0,1.7429044613648194e-16,3.3306690738754696e-16,0.0,1.3372730518014347e-15,2.594636305925401e-15,4.7704895589362195e-18,5.421010862427522e-19,8.112963841460668e+31,-8.112963841460668e+31,0.0,8.881784197001252e-16,4.08218301814777e-18,1408
LOCAL_NEUTRAL_HAZARD_PRIMARY,4,2,5.55,1,2.030405681440063e-16,1.1102230246251565e-16,2.463911604304645e-16,7.961981925858121e-16,1.0119250242307501e-15,1.8431436932253575e-18,6.2341624917916505e-19,3.0423614405477506e+31,-3.0423614405477506e+31,1.128007669763308e-16,8.881784197001252e-16,3.754625805435862e-18,1408
LOCAL_NEUTRAL_HAZARD_PRIMARY,4,2,5.55,2,1.9504144023259095e-16,1.1102230246251565e-16,1.2319558021523226e-16,1.053021804573678e-15,3.3147786266891232e-15,2.710505431213761e-19,1.2197274440461925e-19,1.0141204801825835e+31,-1.0141204801825835e+31,2.1671357848841697e-16,8.881784197001252e-16,4.843349527532486e-18,1408
LOCAL_NEUTRAL_HAZARD_PRIMARY,4,2,5.55,3,0.0,0.0,0.0,3.340422663473194e-15,7.295578266554259e-16,8.131516293641283e-20,5.421010862427522e-20,5.070602400912918e+30,-5.070602400912918e+30,0.0,4.440892098500626e-16,3.529353220004524e-18,1408
LOCAL_NEUTRAL_HAZARD_PRIMARY,4,2,5.55,4,0.0,3.3306690738754696e-16,1.2319558021523226e-16,2.4877299216469593e-15,6.5493409255793555e-16,1.3552527156068805e-20,1.1858461261560205e-20,3.1691265005705735e+29,-3.1691265005705735e+29,1.3302790342596406e-16,8.881784197001252e-16,5.016682963995551e-18,1408
LOCAL_NEUTRAL_HAZARD_PRIMARY,4,2,5.55,5,1.4612679454078972e-16,0.0,0.0,1.5142869632332637e-15,4.869761644258045e-15,1.5881867761018131e-22,4.764560328305439e-22,1.9807040628566084e+28,-1.9807040628566084e+28,0.0,4.440892098500626e-16,4.457375738346614e-18,1408
LOCAL_NEUTRAL_HAZARD_PRIMARY,4,2,5.55,6,0.0,2.220446049250313e-16,1.2319558021523226e-16,3.4286645653537847e-15,3.0502559411097758e-15,3.469446951953614e-18,6.071532165918825e-18,1.6225927682921336e+32,-1.6225927682921336e+32,2.0101939788815504e-16,4.440892098500626e-16,2.732654326672903e-18,1408
LOCAL_NEUTRAL_HAZARD_PRIMARY,4,2,5.55,7,0.0,1.1102230246251565e-16,3.695867406456968e-16,5.647108578925358e-16,5.662106358098848e-16,1.9081958235744878e-17,3.469446951953614e-18,1.6225927682921336e+32,-1.6225927682921336e+32,1.8848024164248378e-16,4.440892098500626e-16,2.3354807211991057e-18,1408
LOCAL_NEUTRAL_HAZARD_PRIMARY,4,2,5.55,8,1.7726560055876539e-16,3.3306690738754696e-16,2.463911604304645e-16,2.0163144255793156e-15,8.986118020030848e-16,3.903127820947816e-18,1.1926223897340549e-18,8.112963841460668e+31,-8.112963841460668e+31,0.0,4.440892098500626e-16,3.79791559249439e-18,1408
LOCAL_NEUTRAL_HAZARD_PRIMARY,4,2,5.55,9,1.8931036248768013e-16,2.220446049250313e-16,2.463911604304645e-16,1.3592018822440008e-15,1.0272338675585629e-15,2.6020852139652106e-18,1.0842021724855044e-19,8.112963841460668e+31,-8.112963841460668e+31,0.0,4.440892098500626e-16,4.014645085887384e-18,1408
LOCAL_NEUTRAL_HAZARD_PRIMARY,4,2,5.55,10,0.0,2.220446049250313e-16,0.0,1.1485932593013067e-15,6.253485194685689e-16,1.4907779871675686e-19,1.3552527156068805e-20,5.070602400912918e+30,-5.070602400912918e+30,0.0,4.440892098500626e-16,4.111750496428869e-18,1408
LOCAL_NEUTRAL_HAZARD_PRIMARY,4,2,5.55,11,0.0,2.220446049250313e-16,3.695867406456968e-16,8.145623310153617e-16,3.1082265589628087e-15,6.3527471044072525e-21,1.5881867761018131e-21,7.922816251426434e+28,-7.922816251426434e+28,1.663975518781721e-16,4.440892098500626e-16,4.119434534751625e-18,1408
LOCAL_NEUTRAL_HAZARD_PRIMARY,4,2,5.55,12,0.0,2.220446049250313e-16,0.0,1.458367815754063e-15,4.000768518468882e-15,3.469446951953614e-18,9.974659986866641e-18,1.6225927682921336e+32,-1.6225927682921336e+32,1.7766688906116007e-16,4.440892098500626e-16,3.2179299588193045e-18,1391
LOCAL_NEUTRAL_HAZARD_PRIMARY,4,2,5.55,13,0.0,2.220446049250313e-16,0.0,5.59092430986002e-15,4.19379644510054e-15,8.673617379884035e-19,1.951563910473908e-18,8.112963841460668e+31,-8.112963841460668e+31,0.0,4.440892098500626e-16,2.7222452443769397e-18,1391
LOCAL_NEUTRAL_HAZARD_PRIMARY,4,2,5.55,14,1.352339868445698e-16,2.220446049250313e-16,6.159779010761613e-16,5.266683146854764e-15,4.441769047553856e-15,3.686287386450715e-18,7.047314121155779e-19,2.028240960365167e+31,-2.028240960365167e+31,1.5026058660863541e-16,5.551115123125783e-16,3.478807345723718e-18,1391
LOCAL_NEUTRAL_HAZARD_PRIMARY,4,2,5.55,15,1.7580245226043958e-16,2.220446049250313e-16,1.2319558021523226e-16,3.5977287953929936e-15,0.0,1.0842021724855044e-19,1.1384122811097797e-18,2.028240960365167e+31,-2.028240960365167e+31,0.0,4.440892098500626e-16,3.528555657705822e-18,1391
LOCAL_NEUTRAL_HAZARD_PRIMARY,4,2,5.55,16,2.1647942493699245e-16,1.1102230246251565e-16,1.2319558021523226e-16,1.7088487017642626e-15,5.214556057908902e-15,1.0842021724855044e-19,8.470329472543003e-20,2.535301200456459e+30,-2.535301200456459e+30,1.2026682840134982e-16,4.440892098500626e-16,2.1488848525199556e-18,1391
LOCAL_NEUTRAL_HAZARD_PRIMARY,4,2,5.55,17,0.0,1.1102230246251565e-16,1.2319558021523226e-16,8.89881026773143e-16,1.8635617040172587e-15,3.1763735522036263e-21,2.0117032497289633e-21,7.922816251426434e+28,-7.922816251426434e+28,1.4034054237480534e-16,4.440892098500626e-16,2.6190512286721883e-18,1391
RECOMBINATION_WEIGHTED_AUDITOR,0,1,5.95,0,2.451288716514582e-16,1.1102230246251565e-16,2.5006265975341813e-16,8.819497904250051e-16,9.68926671998576e-15,9.107298248878237e-18,1.4094628242311558e-17,1.6225927682921336e+32,-1.6225927682921336e+32,1.5188816053355675e-16,8.881784197001252e-16,8.604346211261299e-18,1428
RECOMBINATION_WEIGHTED_AUDITOR,0,1,5.95,1,1.6838044014270923e-16,0.0,1.2503132987670907e-16,2.7162269226100865e-15,0.0,2.168404344971009e-19,8.131516293641283e-20,2.028240960365167e+31,-2.028240960365167e+31,2.0866571245406885e-16,8.881784197001252e-16,6.303488790476338e-18,1430
RECOMBINATION_WEIGHTED_AUDITOR,0,1,5.95,2,1.8182249383404619e-16,4.440892098500626e-16,1.2503132987670907e-16,1.5395723602161848e-15,4.00302889213165e-16,3.2526065174565133e-19,8.809142651444724e-20,1.0141204801825835e+31,-1.0141204801825835e+31,1.1266189880457909e-16,8.881784197001252e-16,9.272604986228418e-18,1430
RECOMBINATION_WEIGHTED_AUDITOR,0,1,5.95,3,1.8602023814566909e-16,1.1102230246251565e-16,2.5006265975341813e-16,0.0,1.228117052842031e-15,1.2197274440461925e-19,6.776263578034403e-21,5.070602400912918e+30,-5.070602400912918e+30,1.1526292926495333e-16,8.881784197001252e-16,7.001238418776946e-18,1430
RECOMBINATION_WEIGHTED_AUDITOR,0,1,5.95,4,2.1652696851805605e-16,2.220446049250313e-16,1.2503132987670907e-16,7.831739268053992e-16,2.2383280396376137e-15,1.8634724839594607e-20,3.1763735522036263e-21,3.1691265005705735e+29,-3.1691265005705735e+29,0.0,8.881784197001252e-16,1.0492917159149301e-17,1429
RECOMBINATION_WEIGHTED_AUDITOR,0,1,5.95,5,0.0,1.1102230246251565e-16,1.2503132987670907e-16,1.2347709925671411e-15,3.763285311503578e-16,1.0587911840678754e-22,0.0,1.9807040628566084e+28,-1.9807040628566084e+28,0.0,8.881784197001252e-16,6.450963196500116e-18,1429
RECOMBINATION_WEIGHTED_AUDITOR,0,1,5.95,6,2.085811896777189e-16,1.1102230246251565e-16,3.7509398963012725e-16,2.205665857987125e-15,1.0064081374639767e-15,2.0816681711721685e-17,2.168404344971009e-19,3.2451855365842673e+32,-3.2451855365842673e+32,0.0,8.881784197001252e-16,4.11282970985243e-18,1426
RECOMBINATION_WEIGHTED_AUDITOR,0,1,5.95,7,1.4982491461972143e-16,2.220446049250313e-16,1.2503132987670907e-16,1.502618234341042e-15,2.443332434368812e-15,5.637851296924623e-18,2.3852447794681098e-18,1.6225927682921336e+32,-1.6225927682921336e+32,1.8567074967850938e-16,8.881784197001252e-16,9.690630387538847e-18,1426
RECOMBINATION_WEIGHTED_AUDITOR,0,1,5.95,8,1.707756467829297e-16,4.440892098500626e-16,3.7509398963012725e-16,1.8696141002048122e-16,5.744740105320588e-15,6.505213034913027e-19,1.3552527156068805e-18,8.112963841460668e+31,-8.112963841460668e+31,2.1163397586775708e-16,8.881784197001252e-16,6.200038870593701e-18,1426
RECOMBINATION_WEIGHTED_AUDITOR,0,1,5.95,9,1.849749700716971e-16,0.0,0.0,9.000505076203945e-15,7.792434729074875e-15,4.9873299934333204e-18,1.2197274440461925e-18,4.056481920730334e+31,-4.056481920730334e+31,0.0,8.881784197001252e-16,1.2041400931163954e-17,1426
RECOMBINATION_WEIGHTED_AUDITOR,0,1,5.95,10,0.0,2.220446049250313e-16,1.2503132987670907e-16,6.937431593271508e-15,5.5250393448235686e-15,4.743384504624082e-19,6.268043809681823e-20,2.535301200456459e+30,-2.535301200456459e+30,1.4977771725433282e-16,8.881784197001252e-16,8.775270930056133e-18,1426
RECOMBINATION_WEIGHTED_AUDITOR,0,1,5.95,11,1.4803029634217466e-16,1.1102230246251565e-16,1.2503132987670907e-16,1.5672587630685403e-16,1.7881101955945204e-15,2.541098841762901e-21,1.0058516248644817e-21,1.5845632502852868e+29,-1.5845632502852868e+29,1.8344676629213744e-16,8.881784197001252e-16,5.417815793829804e-18,1426
RECOMBINATION_WEIGHTED_AUDITOR,0,1,5.95,12,0.0,1.1102230246251565e-16,3.7509398963012725e-16,5.80104405023842e-16,2.352318942872494e-15,9.540979117872439e-18,6.071532165918825e-18,1.6225927682921336e+32,-1.6225927682921336e+32,1.196977715016141e-16,8.881784197001252e-16,6.8053242499528606e-18,1418
RECOMBINATION_WEIGHTED_AUDITOR,0,1,5.95,13,0.0,2.220446049250313e-16,2.5006265975341813e-16,4.7890001784397265e-15,2.9792732734115286e-15,3.469446951953614e-18,1.1926223897340549e-18,8.112963841460668e+31,-8.112963841460668e+31,0.0,8.881784197001252e-16,5.958397098940715e-18,1408
RECOMBINATION_WEIGHTED_AUDITOR,0,1,5.95,14,1.1282109723238555e-16,2.220446049250313e-16,2.5006265975341813e-16,2.887861553914891e-15,9.928129870294625e-16,2.168404344971009e-19,8.131516293641283e-20,4.056481920730334e+31,-4.056481920730334e+31,2.796274271987031e-16,8.881784197001252e-16,5.6458577064141064e-18,1408
RECOMBINATION_WEIGHTED_AUDITOR,0,1,5.95,15,1.8800764142397677e-16,3.3306690738754696e-16,3.7509398963012725e-16,1.734799769208299e-15,2.2106549375479442e-15,4.87890977618477e-19,2.168404344971009e-19,2.028240960365167e+31,-2.028240960365167e+31,1.1649437550850198e-16,8.881784197001252e-16,5.964834485174536e-18,1408
RECOMBINATION_WEIGHTED_AUDITOR,0,1,5.95,16,1.1733585372580113e-16,0.0,1.2503132987670907e-16,2.008368358076663e-15,2.2565110643945243e-15,4.743384504624082e-20,6.776263578034403e-21,1.2676506002282294e+30,-1.2676506002282294e+30,1.4540863234084404e-16,8.881784197001252e-16,5.243482752137329e-18,1408
RECOMBINATION_WEIGHTED_AUDITOR,0,1,5.95,17,0.0,1.1102230246251565e-16,1.2503132987670907e-16,2.978692915981838e-15,1.684876407190509e-15,8.470329472543003e-22,1.2176098616780567e-21,3.961408125713217e+28,-3.961408125713217e+28,1.7002220858337904e-16,8.881784197001252e-16,5.222946478280137e-18,1408
RECOMBINATION_WEIGHTED_AUDITOR,0,2,5.95,0,0.0,4.440892098500626e-16,0.0,8.433999175136002e-15,6.754065279800292e-16,3.3393426912553537e-17,1.0842021724855044e-18,3.2451855365842673e+32,-3.2451855365842673e+32,1.9645460067582165e-16,8.881784197001252e-16,8.50014525044149e-18,1428
RECOMBINATION_WEIGHTED_AUDITOR,0,2,5.95,1,0.0,0.0,0.0,1.612242070305779e-15,1.1349979515986013e-15,0.0,1.6263032587282567e-19,1.0141204801825835e+31,-1.0141204801825835e+31,1.3493876160122787e-16,8.881784197001252e-16,8.890817876691988e-18,1429
RECOMBINATION_WEIGHTED_AUDITOR,0,2,5.95,2,3.5965141543350996e-16,2.220446049250313e-16,3.7516401994570456e-16,9.51903826575407e-16,1.9811685091728707e-15,1.8973538018496328e-19,3.3881317890172014e-20,1.0141204801825835e+31,-1.0141204801825835e+31,0.0,8.881784197001252e-16,8.226797166340375e-18,1430
RECOMBINATION_WEIGHTED_AUDITOR,0,2,5.95,3,1.8397641081592624e-16,2.220446049250313e-16,1.2505467331523485e-16,5.785604477080238e-16,2.210241654718768e-16,1.4907779871675686e-19,7.792703114739563e-20,2.535301200456459e+30,-2.535301200456459e+30,1.4907318482639858e-16,8.881784197001252e-16,1.0737732113131574e-17,1429
RECOMBINATION_WEIGHTED_AUDITOR,0,2,5.95,4,0.0,2.220446049250313e-16,1.2505467331523485e-16,0.0,1.9201648512567362e-15,8.470329472543003e-21,5.293955920339377e-21,3.1691265005705735e+29,-3.1691265005705735e+29,1.7351944816049924e-16,8.881784197001252e-16,7.307394701959994e-18,1429
RECOMBINATION_WEIGHTED_AUDITOR,0,2,5.95,5,1.3161017259079915e-16,0.0,5.002186932609394e-16,2.578757235848376e-15,7.450060992403654e-16,6.352747104407253e-22,3.970466940254533e-23,9.903520314283042e+27,-9.903520314283042e+27,2.1328329535999427e-16,8.881784197001252e-16,8.072716385227608e-18,1429
RECOMBINATION_WEIGHTED_AUDITOR,0,2,5.95,6,2.0630103847104888e-16,2.220446049250313e-16,2.501093466304697e-16,0.0,6.226110787128246e-16,1.734723475976807e-18,8.673617379884035e-19,3.2451855365842673e+32,-3.2451855365842673e+32,1.671624786106022e-16,8.881784197001252e-16,1.0610766587336117e-17,1426
RECOMBINATION_WEIGHTED_AUDITOR,0,2,5.95,7,1.4818334437348289e-16,1.1102230246251565e-16,5.002186932609394e-16,1.4864886734655303e-15,2.0729959695956215e-15,1.0842021724855044e-17,5.421010862427522e-18,1.6225927682921336e+32,-1.6225927682921336e+32,1.2007062745714686e-16,8.881784197001252e-16,6.497190386507029e-18,1426
RECOMBINATION_WEIGHTED_AUDITOR,0,2,5.95,8,1.689030558397423e-16,2.220446049250313e-16,5.002186932609394e-16,2.959272150640099e-15,8.748220407582373e-16,3.686287386450715e-18,1.0842021724855044e-19,8.112963841460668e+31,-8.112963841460668e+31,2.737189659182303e-16,8.881784197001252e-16,7.357095310352371e-18,1426
RECOMBINATION_WEIGHTED_AUDITOR,0,2,5.95,9,1.829455480442418e-16,2.220446049250313e-16,2.501093466304697e-16,7.914569705643585e-16,8.227437352283363e-15,3.144186300207963e-18,1.6263032587282567e-18,4.056481920730334e+31,-4.056481920730334e+31,1.4823789297668572e-16,8.881784197001252e-16,7.974898976997572e-18,1426
RECOMBINATION_WEIGHTED_AUDITOR,0,2,5.95,10,1.195343909464506e-16,4.440892098500626e-16,1.2505467331523485e-16,1.2709190914427847e-15,1.2718315865618748e-16,1.1519648082658485e-19,8.470329472543003e-21,2.535301200456459e+30,-2.535301200456459e+30,0.0,8.881784197001252e-16,5.291088747298303e-18,1426
RECOMBINATION_WEIGHTED_AUDITOR,0,2,5.95,11,1.4640464034474723e-16,2.220446049250313e-16,1.2505467331523485e-16,4.651305993327015e-16,1.4481274669812837e-15,5.293955920339377e-21,1.164670302474663e-21,7.922816251426434e+28,-7.922816251426434e+28,0.0,8.881784197001252e-16,5.343345114087669e-18,1426
RECOMBINATION_WEIGHTED_AUDITOR,0,2,5.95,12,0.0,2.220446049250313e-16,1.2505467331523485e-16,1.836407641622558e-15,4.021793880033423e-15,2.6020852139652106e-18,3.0357660829594124e-18,6.490371073168535e+32,-6.490371073168535e+32,0.0,8.881784197001252e-16,6.725316221344903e-18,1417
RECOMBINATION_WEIGHTED_AUDITOR,0,2,5.95,13,0.0,2.220446049250313e-16,1.2505467331523485e-16,1.3817981318227322e-15,2.1064201092845802e-16,2.168404344971009e-18,1.4094628242311558e-18,8.112963841460668e+31,-8.112963841460668e+31,1.3710772315087487e-16,8.881784197001252e-16,6.452358701597415e-18,1408
RECOMBINATION_WEIGHTED_AUDITOR,0,2,5.95,14,0.0,1.1102230246251565e-16,2.501093466304697e-16,1.298573804626007e-16,1.4038868198505674e-16,5.421010862427522e-20,5.963111948670274e-19,2.028240960365167e+31,-2.028240960365167e+31,1.8083479489346832e-16,8.881784197001252e-16,5.664705438933271e-18,1408
RECOMBINATION_WEIGHTED_AUDITOR,0,2,5.95,15,0.0,2.220446049250313e-16,1.2505467331523485e-16,1.2871334258712967e-15,9.725257914966896e-16,0.0,5.421010862427522e-20,1.0141204801825835e+31,-1.0141204801825835e+31,1.5067299184849863e-16,8.881784197001252e-16,4.129728678652719e-18,1408
RECOMBINATION_WEIGHTED_AUDITOR,0,2,5.95,16,1.1605157867178515e-16,1.1102230246251565e-16,3.7516401994570456e-16,9.271779634324854e-16,5.264850684707173e-15,1.3552527156068805e-20,3.8963515573697816e-20,1.2676506002282294e+30,-1.2676506002282294e+30,0.0,8.881784197001252e-16,5.9182665402638055e-18,1408
RECOMBINATION_WEIGHTED_AUDITOR,0,2,5.95,17,2.7139184881511117e-16,1.1102230246251565e-16,0.0,3.10180917978836e-16,0.0,1.7999450129153882e-21,1.1117307432712692e-21,3.961408125713217e+28,-3.961408125713217e+28,0.0,8.881784197001252e-16,5.183819147722734e-18,1408
RECOMBINATION_WEIGHTED_AUDITOR,1,1,5.85,0,0.0,1.1102230246251565e-16,0.0,2.2423072637809074e-15,2.8239316281116625e-15,7.37257477290143e-18,1.951563910473908e-18,1.6225927682921336e+32,-1.6225927682921336e+32,0.0,8.881784197001252e-16,7.372017802060036e-18,1395
RECOMBINATION_WEIGHTED_AUDITOR,1,1,5.85,1,0.0,0.0,0.0,2.4728823670647086e-15,1.0412077434913032e-14,6.505213034913027e-19,2.1412992906588713e-18,2.028240960365167e+31,-2.028240960365167e+31,0.0,8.881784197001252e-16,5.1123546550371515e-18,1397
RECOMBINATION_WEIGHTED_AUDITOR,1,1,5.85,2,1.152985142507471e-16,2.220446049250313e-16,0.0,4.847686901756526e-15,1.2689586314295202e-15,5.963111948670274e-19,5.421010862427522e-20,1.0141204801825835e+31,-1.0141204801825835e+31,1.61479091608541e-16,8.881784197001252e-16,5.3134852521742695e-18,1397
RECOMBINATION_WEIGHTED_AUDITOR,1,1,5.85,3,1.1809942379944555e-16,2.220446049250313e-16,1.2509804223174897e-16,3.8065116242858514e-15,2.326126182541356e-16,2.710505431213761e-19,5.421010862427522e-20,5.070602400912918e+30,-5.070602400912918e+30,1.6540185100002716e-16,8.881784197001252e-16,7.222961034892606e-18,1397
RECOMBINATION_WEIGHTED_AUDITOR,1,1,5.85,4,2.816734274566392e-16,1.1102230246251565e-16,1.2509804223174897e-16,2.1094253663363e-15,9.532225904391372e-16,3.3881317890172014e-20,7.623296525288703e-21,3.1691265005705735e+29,-3.1691265005705735e+29,1.972461201756884e-16,8.881784197001252e-16,5.975821976766434e-18,1397
RECOMBINATION_WEIGHTED_AUDITOR,1,1,5.85,5,1.726921419803893e-16,0.0,0.0,1.8693864506510077e-14,3.3754594989602576e-15,7.940933880509066e-21,2.6469779601696886e-22,9.903520314283042e+27,-9.903520314283042e+27,1.2093031031727176e-16,8.881784197001252e-16,6.253711016415145e-18,1397
RECOMBINATION_WEIGHTED_AUDITOR,1,1,5.85,6,0.0,1.1102230246251565e-16,0.0,3.935111874760847e-16,3.413600481502395e-15,4.336808689942018e-18,9.540979117872439e-18,3.2451855365842673e+32,-3.2451855365842673e+32,0.0,8.881784197001252e-16,5.7840190923320376e-18,1393
RECOMBINATION_WEIGHTED_AUDITOR,1,1,5.85,7,1.975271563005869e-16,1.1102230246251565e-16,2.5019608446349793e-16,1.6695021557010467e-15,3.302858145746922e-15,1.6479873021779667e-17,1.3010426069826053e-18,3.2451855365842673e+32,-3.2451855365842673e+32,1.3832140845314663e-16,8.881784197001252e-16,4.9051342406839056e-18,1392
RECOMBINATION_WEIGHTED_AUDITOR,1,1,5.85,8,2.207327768254582e-16,1.1102230246251565e-16,2.5019608446349793e-16,3.6142762352452824e-16,1.9738750494458987e-15,3.903127820947816e-18,1.1926223897340549e-18,8.112963841460668e+31,-8.112963841460668e+31,1.5457149869463665e-16,8.881784197001252e-16,7.958459384264436e-18,1392
RECOMBINATION_WEIGHTED_AUDITOR,1,1,5.85,9,0.0,4.440892098500626e-16,1.2509804223174897e-16,8.744935381439897e-15,8.272870722537784e-15,1.3877787807814457e-17,2.3310346708438345e-18,4.056481920730334e+31,-4.056481920730334e+31,0.0,8.881784197001252e-16,5.673915631756093e-18,1392
RECOMBINATION_WEIGHTED_AUDITOR,1,1,5.85,10,1.5671011514069215e-16,2.220446049250313e-16,1.2509804223174897e-16,1.0076582310020065e-14,8.76255490412973e-15,1.179069862577986e-18,2.1006417091906648e-19,5.070602400912918e+30,-5.070602400912918e+30,2.19477303790364e-16,8.881784197001252e-16,6.178261781744227e-18,1392
RECOMBINATION_WEIGHTED_AUDITOR,1,1,5.85,11,1.915276576302312e-16,3.3306690738754696e-16,3.7529412669524693e-16,1.2095970745519215e-14,2.4431649328411488e-15,4.277516383634217e-20,6.352747104407253e-22,7.922816251426434e+28,-7.922816251426434e+28,1.3412016786608759e-16,8.881784197001252e-16,6.263749430446954e-18,1392
RECOMBINATION_WEIGHTED_AUDITOR,1,1,5.85,12,0.0,1.1102230246251565e-16,0.0,3.4316270219415936e-16,7.354697902158269e-16,1.734723475976807e-18,2.6020852139652106e-18,1.6225927682921336e+32,-1.6225927682921336e+32,0.0,8.881784197001252e-16,4.35777692574917e-18,1376
RECOMBINATION_WEIGHTED_AUDITOR,1,1,5.85,13,1.163294911249585e-16,2.220446049250313e-16,3.7529412669524693e-16,6.309613955981549e-16,2.5809761315905925e-16,5.637851296924623e-18,4.445228907190568e-18,8.112963841460668e+31,-8.112963841460668e+31,1.6292300621749261e-16,8.881784197001252e-16,5.00128189653231e-18,1376
RECOMBINATION_WEIGHTED_AUDITOR,1,1,5.85,14,2.0818138775600418e-16,1.1102230246251565e-16,0.0,1.1304785080663399e-15,4.3753895152480435e-15,1.3010426069826053e-18,1.5720931501039814e-18,2.028240960365167e+31,-2.028240960365167e+31,2.9156439354921843e-16,8.881784197001252e-16,4.373647748328675e-18,1376
RECOMBINATION_WEIGHTED_AUDITOR,1,1,5.85,15,1.2600333301164615e-16,0.0,0.0,0.0,2.33932618706545e-15,5.421010862427522e-20,0.0,2.028240960365167e+31,-2.028240960365167e+31,0.0,8.881784197001252e-16,5.3214599219161125e-18,1376
RECOMBINATION_WEIGHTED_AUDITOR,1,1,5.85,16,3.1545143770161344e-16,1.1102230246251565e-16,1.2509804223174897e-16,1.6574200810501342e-15,4.751117390740988e-15,0.0,9.486769009248164e-20,1.2676506002282294e+30,-1.2676506002282294e+30,0.0,8.881784197001252e-16,6.063931356863497e-18,1376
RECOMBINATION_WEIGHTED_AUDITOR,1,1,5.85,17,1.8521423951996163e-16,2.220446049250313e-16,1.2509804223174897e-16,3.730370786337112e-15,1.0042399360667829e-15,3.1763735522036263e-21,1.0587911840678754e-22,7.922816251426434e+28,-7.922816251426434e+28,0.0,8.881784197001252e-16,6.2154552929912666e-18,1376
RECOMBINATION_WEIGHTED_AUDITOR,1,2,5.85,0,1.3554071696371012e-16,3.3306690738754696e-16,0.0,4.098570861895661e-15,7.015305736933369e-15,1.8214596497756474e-17,5.854691731421724e-18,1.6225927682921336e+32,-1.6225927682921336e+32,1.5960924514586455e-16,8.881784197001252e-16,5.479083927384468e-18,1400
RECOMBINATION_WEIGHTED_AUDITOR,1,2,5.85,1,1.1220289666452839e-16,2.220446049250313e-16,1.247979522413724e-16,1.0566290878129933e-15,6.158579106974956e-15,1.4094628242311558e-18,1.5449880957918438e-18,4.056481920730334e+31,-4.056481920730334e+31,1.3212723114486473e-16,8.881784197001252e-16,1.0042980713686675e-17,1408
RECOMBINATION_WEIGHTED_AUDITOR,1,2,5.85,2,2.3294807816143736e-16,4.440892098500626e-16,4.991918089654896e-16,6.086191381710334e-15,6.181156128027333e-16,7.589415207398531e-19,1.8973538018496328e-19,1.0141204801825835e+31,-1.0141204801825835e+31,0.0,8.881784197001252e-16,6.0378656430635166e-18,1408
RECOMBINATION_WEIGHTED_AUDITOR,1,2,5.85,3,1.1933695235842209e-16,2.220446049250313e-16,1.247979522413724e-16,2.3493466780812836e-15,1.4729868552970705e-15,1.8973538018496328e-19,4.0657581468206416e-20,5.070602400912918e+30,-5.070602400912918e+30,1.405281107450206e-16,8.881784197001252e-16,4.450450110651592e-18,1408
RECOMBINATION_WEIGHTED_AUDITOR,1,2,5.85,4,2.8476240011332823e-16,3.3306690738754696e-16,3.7439385672411724e-16,8.412402526589646e-16,4.6431912832567505e-16,2.710505431213761e-20,5.505714157152952e-21,6.338253001141147e+29,-6.338253001141147e+29,0.0,8.881784197001252e-16,7.828245795649624e-18,1408
RECOMBINATION_WEIGHTED_AUDITOR,1,2,5.85,5,0.0,0.0,4.991918089654896e-16,2.570733006509914e-15,2.708097278044801e-15,5.293955920339377e-23,1.1911400820763599e-22,1.9807040628566084e+28,-1.9807040628566084e+28,2.0560082131463564e-16,8.881784197001252e-16,5.584146037432505e-18,1408
RECOMBINATION_WEIGHTED_AUDITOR,1,2,5.85,6,1.4460025021492013e-16,1.1102230246251565e-16,0.0,7.45429497664312e-15,5.895312921653692e-15,5.2909066017292616e-17,1.1709383462843448e-17,3.2451855365842673e+32,-3.2451855365842673e+32,1.7027751735211708e-16,8.881784197001252e-16,5.9776668010047446e-18,1399
RECOMBINATION_WEIGHTED_AUDITOR,1,2,5.85,7,1.9923929529577976e-16,1.1102230246251565e-16,0.0,9.154730486432857e-15,2.960260934120876e-15,4.0766001685454967e-17,7.806255641895632e-18,1.6225927682921336e+32,-1.6225927682921336e+32,1.1730952232629733e-16,8.881784197001252e-16,5.267365610908129e-18,1402
RECOMBINATION_WEIGHTED_AUDITOR,1,2,5.85,8,1.1138677680875058e-16,0.0,1.247979522413724e-16,2.70257960577713e-15,6.409891048010061e-16,3.903127820947816e-18,9.75781955236954e-19,8.112963841460668e+31,-8.112963841460668e+31,0.0,8.881784197001252e-16,7.939299594512337e-18,1403
RECOMBINATION_WEIGHTED_AUDITOR,1,2,5.85,9,0.0,1.1102230246251565e-16,2.495959044827448e-16,9.476864409495557e-16,1.282194312991703e-15,2.168404344971009e-19,5.421010862427522e-19,4.056481920730334e+31,-4.056481920730334e+31,0.0,8.881784197001252e-16,5.05580272546306e-18,1403
RECOMBINATION_WEIGHTED_AUDITOR,1,2,5.85,10,1.5828631432699673e-16,1.1102230246251565e-16,1.247979522413724e-16,1.2251670097764188e-15,5.42003934303116e-16,1.0842021724855044e-19,1.0164395367051604e-20,5.070602400912918e+30,-5.070602400912918e+30,0.0,8.881784197001252e-16,8.299797813670682e-18,1403
RECOMBINATION_WEIGHTED_AUDITOR,1,2,5.85,11,1.93475180875829e-16,0.0,1.247979522413724e-16,1.488852239581586e-15,1.5300989072163337e-15,1.6517142471458857e-20,2.117582368135751e-22,1.5845632502852868e+29,-1.5845632502852868e+29,1.1391568624474167e-16,8.881784197001252e-16,5.0345778670589455e-18,1403
RECOMBINATION_WEIGHTED_AUDITOR,1,2,5.85,12,1.8339640077834116e-16,1.1102230246251565e-16,0.0,1.0264013706194939e-15,7.165014663480826e-16,2.6020852139652106e-18,4.336808689942018e-19,1.6225927682921336e+32,-1.6225927682921336e+32,2.159628615402466e-16,8.881784197001252e-16,7.436092878879243e-18,1393
RECOMBINATION_WEIGHTED_AUDITOR,1,2,5.85,13,0.0,1.1102230246251565e-16,0.0,8.387594276017347e-16,1.6343670193828076e-15,2.168404344971009e-18,1.0842021724855044e-19,6.084722881095501e+31,-6.084722881095501e+31,1.3801530951298598e-16,8.881784197001252e-16,6.973157985318164e-18,1393
RECOMBINATION_WEIGHTED_AUDITOR,1,2,5.85,14,0.0,1.1102230246251565e-16,0.0,2.817722426116761e-15,2.243444684304062e-15,4.336808689942018e-19,9.75781955236954e-19,2.028240960365167e+31,-2.028240960365167e+31,1.234926088381418e-16,8.881784197001252e-16,5.493855202113426e-18,1391
RECOMBINATION_WEIGHTED_AUDITOR,1,2,5.85,15,1.2698711667469589e-16,1.1102230246251565e-16,2.495959044827448e-16,1.3387846407006836e-15,1.2819336693339028e-15,9.75781955236954e-19,4.607859233063394e-19,2.028240960365167e+31,-2.028240960365167e+31,0.0,8.881784197001252e-16,5.71186601984336e-18,1393
RECOMBINATION_WEIGHTED_AUDITOR,1,2,5.85,16,1.5899500435951874e-16,1.1102230246251565e-16,2.495959044827448e-16,2.3409716881043013e-15,3.8880092737152524e-15,4.743384504624082e-20,1.3552527156068805e-20,1.2676506002282294e+30,-1.2676506002282294e+30,0.0,8.881784197001252e-16,4.275528480114784e-18,1393
RECOMBINATION_WEIGHTED_AUDITOR,1,2,5.85,17,1.8670472974847468e-16,1.1102230246251565e-16,4.991918089654896e-16,9.702224182756218e-16,5.435221256837443e-15,2.329340604949326e-21,1.4823076576950256e-21,3.961408125713217e+28,-3.961408125713217e+28,0.0,8.881784197001252e-16,4.203599831623737e-18,1393
RECOMBINATION_WEIGHTED_AUDITOR,2,1,5.75,0,0.0,0.0,2.5297945640865075e-16,9.709539783438682e-16,2.0599807226982308e-15,1.734723475976807e-18,2.168404344971009e-18,8.112963841460668e+31,-8.112963841460668e+31,1.8446468365948611e-16,8.881784197001252e-16,5.074901087272621e-18,1350
RECOMBINATION_WEIGHTED_AUDITOR,2,1,5.75,1,1.9416551945311708e-16,1.1102230246251565e-16,2.5297945640865075e-16,8.61558866008813e-16,9.778866912897827e-16,2.168404344971009e-18,2.168404344971009e-19,4.056481920730334e+31,-4.056481920730334e+31,0.0,8.881784197001252e-16,3.2778167224474747e-18,1350
RECOMBINATION_WEIGHTED_AUDITOR,2,1,5.75,2,1.947488261449373e-16,1.1102230246251565e-16,0.0,2.405900307328744e-15,2.13999678401091e-16,1.0842021724855044e-18,6.2341624917916505e-19,2.028240960365167e+31,-2.028240960365167e+31,0.0,8.881784197001252e-16,5.12791834022416e-18,1348
RECOMBINATION_WEIGHTED_AUDITOR,2,1,5.75,3,1.941050047396266e-16,0.0,3.7946918461297614e-16,1.6489559776350871e-15,3.417712186007619e-15,3.2526065174565133e-19,2.439454888092385e-19,5.070602400912918e+30,-5.070602400912918e+30,0.0,8.881784197001252e-16,5.768712056989868e-18,1349
RECOMBINATION_WEIGHTED_AUDITOR,2,1,5.75,4,1.213921927407488e-16,0.0,2.5297945640865075e-16,2.578171533100346e-15,4.485300814190673e-15,1.2197274440461925e-19,1.0164395367051604e-20,6.338253001141147e+29,-6.338253001141147e+29,0.0,8.881784197001252e-16,7.333208498993884e-18,1349
RECOMBINATION_WEIGHTED_AUDITOR,2,1,5.75,5,1.4920035820351136e-16,0.0,2.5297945640865075e-16,3.5093055534995503e-16,3.397069439220584e-15,1.9058241313221758e-21,4.764560328305439e-22,1.9807040628566084e+28,-1.9807040628566084e+28,2.0753642446810885e-16,8.881784197001252e-16,5.547996477196632e-18,1349
RECOMBINATION_WEIGHTED_AUDITOR,2,1,5.75,6,1.5823116395334975e-16,1.1102230246251565e-16,1.2648972820432537e-16,1.4081166865258178e-15,1.744798590535279e-15,1.214306433183765e-17,2.5153490401663703e-17,3.2451855365842673e+32,-3.2451855365842673e+32,0.0,8.881784197001252e-16,6.90757641214186e-18,1337
RECOMBINATION_WEIGHTED_AUDITOR,2,1,5.75,7,0.0,1.1102230246251565e-16,1.2648972820432537e-16,1.5883994109442896e-15,1.7468616504364596e-15,5.204170427930421e-18,1.1275702593849246e-17,3.2451855365842673e+32,-3.2451855365842673e+32,1.2414263762225687e-16,8.881784197001252e-16,5.756003838226828e-18,1338
RECOMBINATION_WEIGHTED_AUDITOR,2,1,5.75,8,1.9533627932384332e-16,1.1102230246251565e-16,1.2648972820432537e-16,2.9509568072753552e-15,3.1878273234013648e-15,1.3877787807814457e-17,2.168404344971009e-18,8.112963841460668e+31,-8.112963841460668e+31,0.0,8.881784197001252e-16,4.181333074172433e-18,1338
RECOMBINATION_WEIGHTED_AUDITOR,2,1,5.75,9,2.0670696237066072e-16,1.1102230246251565e-16,3.7946918461297614e-16,0.0,5.55771055232355e-15,8.673617379884035e-19,6.830473686658678e-18,8.112963841460668e+31,-8.112963841460668e+31,1.437638099519698e-16,8.881784197001252e-16,6.675010607693048e-18,1338
RECOMBINATION_WEIGHTED_AUDITOR,2,1,5.75,10,0.0,1.1102230246251565e-16,2.5297945640865075e-16,1.2621098746227685e-14,3.06661439334967e-15,4.391018798566293e-18,1.2197274440461925e-19,5.070602400912918e+30,-5.070602400912918e+30,1.9242682104705802e-16,8.881784197001252e-16,6.923549121891925e-18,1338
RECOMBINATION_WEIGHTED_AUDITOR,2,1,5.75,11,0.0,0.0,1.2648972820432537e-16,9.302037301849651e-15,1.467650744573768e-15,6.691560283308973e-20,4.658681209898652e-21,1.5845632502852868e+29,-1.5845632502852868e+29,0.0,8.881784197001252e-16,3.687264324098967e-18,1339
RECOMBINATION_WEIGHTED_AUDITOR,2,1,5.75,12,0.0,1.1102230246251565e-16,0.0,4.4200724323182e-16,3.702875268656889e-16,2.168404344971009e-17,4.336808689942018e-18,1.6225927682921336e+32,-1.6225927682921336e+32,0.0,8.881784197001252e-16,5.383294157140622e-18,1332
RECOMBINATION_WEIGHTED_AUDITOR,2,1,5.75,13,1.1126547256866239e-16,1.1102230246251565e-16,1.2648972820432537e-16,9.882391636163841e-16,5.23332283624344e-15,8.673617379884035e-18,9.107298248878237e-18,8.112963841460668e+31,-8.112963841460668e+31,1.5476932241782773e-16,8.881784197001252e-16,4.074302022706159e-18,1332
RECOMBINATION_WEIGHTED_AUDITOR,2,1,5.75,14,1.4619170235338175e-16,0.0,3.7946918461297614e-16,1.528151619394118e-15,2.985013904908441e-15,2.4936649967166602e-18,4.336808689942018e-19,2.028240960365167e+31,-2.028240960365167e+31,0.0,8.881784197001252e-16,4.482331270171719e-18,1332
RECOMBINATION_WEIGHTED_AUDITOR,2,1,5.75,15,1.2006534761370747e-16,1.1102230246251565e-16,2.5297945640865075e-16,8.639439821989593e-16,2.6321931428872665e-15,4.336808689942018e-19,4.336808689942018e-19,2.028240960365167e+31,-2.028240960365167e+31,1.6700987347685203e-16,8.881784197001252e-16,3.5178482263961614e-18,1332
RECOMBINATION_WEIGHTED_AUDITOR,2,1,5.75,16,1.5062183871124322e-16,1.1102230246251565e-16,1.2648972820432537e-16,1.7123254851746597e-15,1.4688531081746175e-15,0.0,2.0328790734103208e-19,2.535301200456459e+30,-2.535301200456459e+30,2.0951369171852247e-16,8.881784197001252e-16,4.886578569095732e-18,1332
RECOMBINATION_WEIGHTED_AUDITOR,2,1,5.75,17,0.0,1.1102230246251565e-16,1.2648972820432537e-16,2.2726622955885878e-15,2.281722914228215e-15,3.8116482626443515e-21,3.1763735522036263e-21,7.922816251426434e+28,-7.922816251426434e+28,2.47722184113537e-16,8.881784197001252e-16,5.006393529900037e-18,1332
RECOMBINATION_WEIGHTED_AUDITOR,2,2,5.75,0,0.0,1.1102230246251565e-16,1.2725500527939393e-16,1.5800940024411696e-15,0.0,2.0816681711721685e-17,2.6020852139652106e-18,8.112963841460668e+31,-8.112963841460668e+31,0.0,8.881784197001252e-16,4.8567114194640395e-18,1364
RECOMBINATION_WEIGHTED_AUDITOR,2,2,5.75,1,2.051507567220685e-16,3.3306690738754696e-16,5.090200211175757e-16,1.5022162598705446e-15,1.6812260703376905e-15,8.673617379884035e-19,7.589415207398531e-19,1.0141204801825835e+31,-1.0141204801825835e+31,1.5306624746176278e-16,8.881784197001252e-16,7.051110748600964e-18,1365
RECOMBINATION_WEIGHTED_AUDITOR,2,2,5.75,2,2.0602961099398906e-16,1.1102230246251565e-16,1.2725500527939393e-16,2.079988097556941e-15,1.0219936567078758e-15,1.6263032587282567e-18,4.87890977618477e-19,2.028240960365167e+31,-2.028240960365167e+31,1.5372197463341957e-16,8.881784197001252e-16,6.272885881197866e-18,1365
RECOMBINATION_WEIGHTED_AUDITOR,2,2,5.75,3,2.0553276004016727e-16,0.0,0.0,3.1147175514116925e-15,2.3938778604499096e-15,1.6263032587282567e-19,2.710505431213761e-20,5.070602400912918e+30,-5.070602400912918e+30,0.0,8.881784197001252e-16,9.465753078545393e-18,1365
RECOMBINATION_WEIGHTED_AUDITOR,2,2,5.75,4,0.0,0.0,0.0,2.0395372226869073e-15,1.2240202588230133e-15,6.776263578034403e-20,2.0328790734103208e-20,6.338253001141147e+29,-6.338253001141147e+29,0.0,8.881784197001252e-16,5.05840118402876e-18,1365
RECOMBINATION_WEIGHTED_AUDITOR,2,2,5.75,5,1.5824149434837884e-16,4.440892098500626e-16,2.5451001055878786e-16,2.141591973523356e-15,2.4812123289623512e-15,1.0587911840678754e-21,5.823351512373315e-22,1.9807040628566084e+28,-1.9807040628566084e+28,1.1806649958139074e-16,8.881784197001252e-16,5.433364605153998e-18,1365
RECOMBINATION_WEIGHTED_AUDITOR,2,2,5.75,6,0.0,1.1102230246251565e-16,1.2725500527939393e-16,1.5515473993901877e-15,2.2914641923661492e-15,1.734723475976807e-17,3.469446951953614e-18,6.490371073168535e+32,-6.490371073168535e+32,2.47728040560465e-16,8.881784197001252e-16,6.317991962045541e-18,1363
RECOMBINATION_WEIGHTED_AUDITOR,2,2,5.75,7,1.8791837035959838e-16,2.220446049250313e-16,2.5451001055878786e-16,3.3554009690823117e-15,5.561633049267892e-16,2.2551405187698492e-17,0.0,3.2451855365842673e+32,-3.2451855365842673e+32,0.0,8.881784197001252e-16,7.324978429918336e-18,1363
RECOMBINATION_WEIGHTED_AUDITOR,2,2,5.75,8,2.0603811414907372e-16,0.0,0.0,2.740429336300741e-15,1.691559812684503e-15,0.0,6.5052130349130266e-18,8.112963841460668e+31,-8.112963841460668e+31,1.5372831897287608e-16,8.881784197001252e-16,6.729547819240714e-18,1362
RECOMBINATION_WEIGHTED_AUDITOR,2,2,5.75,9,0.0,3.3306690738754696e-16,2.5451001055878786e-16,4.0606887082482834e-16,9.47922808097369e-16,8.673617379884035e-19,2.168404344971009e-19,8.112963841460668e+31,-8.112963841460668e+31,3.25662198853152e-16,8.881784197001252e-16,4.865104260240207e-18,1362
RECOMBINATION_WEIGHTED_AUDITOR,2,2,5.75,10,1.4626697469064446e-16,3.3306690738754696e-16,2.5451001055878786e-16,1.0550908368334609e-15,2.092166333405411e-15,2.168404344971009e-19,6.776263578034403e-20,5.070602400912918e+30,-5.070602400912918e+30,2.1826423944234182e-16,8.881784197001252e-16,4.7685096642097125e-18,1362
RECOMBINATION_WEIGHTED_AUDITOR,2,2,5.75,11,0.0,1.1102230246251565e-16,5.090200211175757e-16,2.150253665549459e-16,2.6283855233284334e-15,3.3881317890172014e-21,1.2705494208814505e-21,1.5845632502852868e+29,-1.5845632502852868e+29,0.0,8.881784197001252e-16,5.311255495189646e-18,1362
RECOMBINATION_WEIGHTED_AUDITOR,2,2,5.75,12,0.0,1.1102230246251565e-16,1.2725500527939393e-16,4.495662317959575e-16,3.5367483394578017e-15,1.734723475976807e-18,7.806255641895632e-18,1.6225927682921336e+32,-1.6225927682921336e+32,0.0,8.881784197001252e-16,3.913744374992568e-18,1353
RECOMBINATION_WEIGHTED_AUDITOR,2,2,5.75,13,0.0,2.220446049250313e-16,1.2725500527939393e-16,0.0,1.470156893831712e-16,1.734723475976807e-18,7.37257477290143e-18,8.112963841460668e+31,-8.112963841460668e+31,1.7421215321858477e-16,8.881784197001252e-16,6.767738495676018e-18,1353
RECOMBINATION_WEIGHTED_AUDITOR,2,2,5.75,14,1.5333747320667302e-16,1.1102230246251565e-16,0.0,6.661222757870919e-15,9.69371731387734e-15,7.26415455565288e-18,4.662069341687669e-18,2.028240960365167e+31,-2.028240960365167e+31,1.1440753129081312e-16,8.881784197001252e-16,3.831076159260451e-18,1344
RECOMBINATION_WEIGHTED_AUDITOR,2,2,5.75,15,0.0,1.1102230246251565e-16,2.5451001055878786e-16,2.2846686811562397e-15,1.3408541995875144e-15,2.3852447794681098e-18,5.421010862427522e-19,2.028240960365167e+31,-2.028240960365167e+31,1.8821299937752525e-16,8.881784197001252e-16,5.468606544051677e-18,1352
RECOMBINATION_WEIGHTED_AUDITOR,2,2,5.75,16,1.5831379602668875e-16,3.3306690738754696e-16,1.2725500527939393e-16,3.2655165487911047e-15,3.2375862296172633e-15,2.710505431213761e-20,2.0328790734103208e-19,1.2676506002282294e+30,-1.2676506002282294e+30,0.0,8.881784197001252e-16,3.616842419380955e-18,1352
RECOMBINATION_WEIGHTED_AUDITOR,2,2,5.75,17,1.8720288988567765e-16,1.1102230246251565e-16,0.0,2.5683647094927473e-16,2.820341763616474e-15,3.8116482626443515e-21,5.929230630780102e-21,3.961408125713217e+28,-3.961408125713217e+28,0.0,8.881784197001252e-16,6.095449775683696e-18,1352
RECOMBINATION_WEIGHTED_AUDITOR,3,1,5.65,0,1.3625646385169116e-16,0.0,1.2778073190657312e-16,0.0,9.820224796070765e-16,4.336808689942018e-19,2.168404344971009e-19,8.112963841460668e+31,-8.112963841460668e+31,0.0,8.881784197001252e-16,8.3679596201721e-18,1392
RECOMBINATION_WEIGHTED_AUDITOR,3,1,5.65,1,0.0,2.220446049250313e-16,2.5556146381314623e-16,2.1425542531129624e-15,5.2051544933417416e-15,3.2526065174565133e-19,5.692061405548898e-19,2.028240960365167e+31,-2.028240960365167e+31,1.331734210306116e-16,8.881784197001252e-16,6.769701246126688e-18,1391
RECOMBINATION_WEIGHTED_AUDITOR,3,1,5.65,2,0.0,0.0,1.2778073190657312e-16,1.0250247288992698e-15,1.6260420283439066e-15,5.963111948670274e-19,3.1170812458958252e-19,1.0141204801825835e+31,-1.0141204801825835e+31,0.0,8.881784197001252e-16,5.263686713168039e-18,1391
RECOMBINATION_WEIGHTED_AUDITOR,3,1,5.65,3,1.1130993525359022e-16,2.220446049250313e-16,2.5556146381314623e-16,7.927634942709864e-16,8.51379544132462e-16,6.2341624917916505e-19,6.776263578034403e-21,5.070602400912918e+30,-5.070602400912918e+30,1.2769063761669865e-16,8.881784197001252e-16,6.5022359636028215e-18,1391
RECOMBINATION_WEIGHTED_AUDITOR,3,1,5.65,4,1.4009341977438684e-16,0.0,1.2778073190657312e-16,1.699680154779159e-15,6.676500480845624e-15,3.7269449679189215e-20,1.6940658945086007e-20,6.338253001141147e+29,-6.338253001141147e+29,0.0,8.881784197001252e-16,5.754057997327936e-18,1391
RECOMBINATION_WEIGHTED_AUDITOR,3,1,5.65,5,0.0,2.220446049250313e-16,0.0,2.522366069188503e-15,3.397078133543968e-15,1.164670302474663e-21,2.514629062161204e-22,1.9807040628566084e+28,-1.9807040628566084e+28,1.9698050306339253e-16,8.881784197001252e-16,6.792890935252758e-18,1391
RECOMBINATION_WEIGHTED_AUDITOR,3,1,5.65,6,2.0074725147054553e-16,1.1102230246251565e-16,1.2778073190657312e-16,1.6803441318651917e-15,2.5736960379582386e-15,8.673617379884035e-19,3.469446951953614e-18,1.6225927682921336e+32,-1.6225927682921336e+32,1.1514490814173264e-16,8.881784197001252e-16,6.90614471306837e-18,1389
RECOMBINATION_WEIGHTED_AUDITOR,3,1,5.65,7,2.0325574720400529e-16,2.220446049250313e-16,1.2778073190657312e-16,3.2154770044036776e-15,1.0207586450383619e-14,2.2551405187698492e-17,2.42861286636753e-17,2.4338891524382005e+32,-2.4338891524382005e+32,0.0,8.881784197001252e-16,8.600049320317301e-18,1388
RECOMBINATION_WEIGHTED_AUDITOR,3,1,5.65,8,2.1791065510886542e-16,1.1102230246251565e-16,0.0,6.261458000075422e-16,1.2792530708403182e-15,4.336808689942018e-19,1.5178830414797062e-18,8.112963841460668e+31,-8.112963841460668e+31,1.249895188193727e-16,8.881784197001252e-16,6.119730391271137e-18,1388
RECOMBINATION_WEIGHTED_AUDITOR,3,1,5.65,9,1.1546850082920612e-16,1.1102230246251565e-16,3.833421957197194e-16,1.7356540043292708e-15,3.064227422351971e-15,1.951563910473908e-18,5.421010862427522e-20,4.056481920730334e+31,-4.056481920730334e+31,0.0,8.881784197001252e-16,4.566176765376857e-18,1388
RECOMBINATION_WEIGHTED_AUDITOR,3,1,5.65,10,0.0,0.0,2.5556146381314623e-16,2.6167612098785148e-15,1.151829656717374e-15,2.574980159653073e-19,4.743384504624082e-20,2.535301200456459e+30,-2.535301200456459e+30,1.7239771924586982e-16,8.881784197001252e-16,5.080581407149172e-18,1388
RECOMBINATION_WEIGHTED_AUDITOR,3,1,5.65,11,1.8521115430062205e-16,2.220446049250313e-16,2.5556146381314623e-16,2.7009218960623887e-15,1.4491341464335547e-15,8.046812998915853e-21,6.352747104407253e-22,1.5845632502852868e+29,-1.5845632502852868e+29,0.0,8.881784197001252e-16,5.21065872971776e-18,1388
RECOMBINATION_WEIGHTED_AUDITOR,3,1,5.65,12,1.3296455316688937e-16,0.0,0.0,7.322823736421699e-16,0.0,0.0,2.6020852139652106e-18,1.6225927682921336e+32,-1.6225927682921336e+32,1.525320137471907e-16,8.881784197001252e-16,6.0492509456520195e-18,1369
RECOMBINATION_WEIGHTED_AUDITOR,3,1,5.65,13,0.0,1.1102230246251565e-16,0.0,2.1664256047067997e-15,5.269182913575145e-16,6.071532165918825e-18,8.673617379884035e-19,4.056481920730334e+31,-4.056481920730334e+31,2.728793906997588e-16,8.881784197001252e-16,5.9735648283594475e-18,1371
RECOMBINATION_WEIGHTED_AUDITOR,3,1,5.65,14,0.0,2.220446049250313e-16,0.0,3.9715051163945177e-16,1.8532378253981954e-15,6.505213034913027e-19,1.0842021724855044e-19,1.0141204801825835e+31,-1.0141204801825835e+31,1.401929361176986e-16,8.881784197001252e-16,4.220883324710265e-18,1376
RECOMBINATION_WEIGHTED_AUDITOR,3,1,5.65,15,0.0,0.0,0.0,6.433842077649353e-16,2.542483243800081e-15,1.0842021724855044e-18,0.0,1.0141204801825835e+31,-1.0141204801825835e+31,0.0,8.881784197001252e-16,6.164929883135978e-18,1372
RECOMBINATION_WEIGHTED_AUDITOR,3,1,5.65,16,0.0,3.3306690738754696e-16,2.5556146381314623e-16,9.43272528652129e-16,2.3433543425217597e-15,1.0164395367051604e-19,6.437450399132683e-20,1.2676506002282294e+30,-1.2676506002282294e+30,1.7390118507217726e-16,8.881784197001252e-16,5.816658867647642e-18,1372
RECOMBINATION_WEIGHTED_AUDITOR,3,1,5.65,17,1.7855114009421216e-16,1.1102230246251565e-16,1.2778073190657312e-16,2.9648366903751973e-15,1.6957450863146344e-15,2.117582368135751e-22,7.411538288475128e-22,3.961408125713217e+28,-3.961408125713217e+28,2.048272588949956e-16,8.881784197001252e-16,3.573416150485486e-18,1372
RECOMBINATION_WEIGHTED_AUDITOR,3,2,5.65,0,1.1907660554085465e-16,3.3306690738754696e-16,1.2788228024792254e-16,1.111600221669086e-15,1.4567545016177727e-15,4.336808689942018e-19,1.951563910473908e-18,4.056481920730334e+31,-4.056481920730334e+31,1.4935750969123218e-16,8.881784197001252e-16,4.324801275921195e-18,1386
RECOMBINATION_WEIGHTED_AUDITOR,3,2,5.65,1,2.026733658985819e-16,4.440892098500626e-16,0.0,7.523767828058925e-16,3.4317531861277843e-16,7.589415207398531e-19,5.149960319306146e-19,2.028240960365167e+31,-2.028240960365167e+31,2.5421273199601175e-16,8.881784197001252e-16,4.7583347148665164e-18,1387
RECOMBINATION_WEIGHTED_AUDITOR,3,2,5.65,2,0.0,4.440892098500626e-16,2.557645604958451e-16,1.4397858195753316e-15,3.437253559530909e-15,5.421010862427522e-19,3.9302328752599536e-19,1.0141204801825835e+31,-1.0141204801825835e+31,1.2408670601656145e-16,8.881784197001252e-16,6.8647361863487886e-18,1386
RECOMBINATION_WEIGHTED_AUDITOR,3,2,5.65,3,1.9425314064024642e-16,3.3306690738754696e-16,3.836468407437676e-16,1.739911738754566e-16,3.978310760858511e-15,2.439454888092385e-19,2.574980159653073e-19,5.070602400912918e+30,-5.070602400912918e+30,0.0,8.881784197001252e-16,5.095336183487758e-18,1387
RECOMBINATION_WEIGHTED_AUDITOR,3,2,5.65,4,1.2220533642531925e-16,4.440892098500626e-16,1.2788228024792254e-16,5.329086119630383e-15,1.7557219965911043e-15,3.3881317890172014e-20,1.4399560103323106e-20,6.338253001141147e+29,-6.338253001141147e+29,0.0,8.881784197001252e-16,8.508238679173596e-18,1387
RECOMBINATION_WEIGHTED_AUDITOR,3,2,5.65,5,0.0,1.1102230246251565e-16,1.2788228024792254e-16,1.5630900790253023e-15,3.5275121255444947e-15,1.9058241313221758e-21,3.3087224502121107e-22,9.903520314283042e+27,-9.903520314283042e+27,0.0,8.881784197001252e-16,6.990738466708797e-18,1387
RECOMBINATION_WEIGHTED_AUDITOR,3,2,5.65,6,1.7545823825259484e-16,1.1102230246251565e-16,1.2788228024792254e-16,9.219806730846453e-16,8.329918455097518e-16,8.673617379884035e-18,6.071532165918825e-18,1.6225927682921336e+32,-1.6225927682921336e+32,2.2007686061580998e-16,8.881784197001252e-16,4.9946830431652176e-18,1381
RECOMBINATION_WEIGHTED_AUDITOR,3,2,5.65,7,1.775528658635553e-16,4.440892098500626e-16,0.0,1.7642860153399468e-15,2.1804719201749865e-15,2.6020852139652106e-18,9.107298248878237e-18,1.6225927682921336e+32,-1.6225927682921336e+32,1.113520735810004e-16,8.881784197001252e-16,5.9645697806665235e-18,1383
RECOMBINATION_WEIGHTED_AUDITOR,3,2,5.65,8,0.0,1.1102230246251565e-16,1.2788228024792254e-16,5.496915211045752e-16,1.7079058142951776e-15,1.734723475976807e-18,6.288372600415926e-18,8.112963841460668e+31,-8.112963841460668e+31,1.1934205158232677e-16,8.881784197001252e-16,4.391344885909985e-18,1382
RECOMBINATION_WEIGHTED_AUDITOR,3,2,5.65,9,2.016277686016759e-16,2.220446049250313e-16,0.0,2.0951224912661367e-15,1.604309899161158e-15,1.3010426069826053e-18,6.505213034913027e-19,4.056481920730334e+31,-4.056481920730334e+31,1.2645062086781666e-16,8.881784197001252e-16,5.0573569696706054e-18,1381
RECOMBINATION_WEIGHTED_AUDITOR,3,2,5.65,10,1.3117416717943866e-16,0.0,1.2788228024792254e-16,1.4508927303394422e-15,2.0503804004868687e-15,2.710505431213761e-19,6.776263578034403e-21,5.070602400912918e+30,-5.070602400912918e+30,1.645314531494639e-16,8.881784197001252e-16,6.577940404043418e-18,1380
RECOMBINATION_WEIGHTED_AUDITOR,3,2,5.65,11,1.6165283019303185e-16,1.1102230246251565e-16,0.0,2.222935534862603e-15,8.598714327231156e-16,5.505714157152952e-21,2.329340604949326e-21,1.5845632502852868e+29,-1.5845632502852868e+29,2.0276076935941164e-16,8.881784197001252e-16,5.447713695613223e-18,1380
RECOMBINATION_WEIGHTED_AUDITOR,3,2,5.65,12,1.162695511033126e-16,0.0,1.2788228024792254e-16,1.2857370019589195e-16,2.481748738066529e-16,1.734723475976807e-18,3.469446951953614e-18,1.6225927682921336e+32,-1.6225927682921336e+32,0.0,8.881784197001252e-16,7.004395205375099e-18,1367
RECOMBINATION_WEIGHTED_AUDITOR,3,2,5.65,13,2.0795354671446945e-16,3.3306690738754696e-16,3.836468407437676e-16,6.712583100106952e-16,5.862319413708305e-16,8.673617379884035e-19,1.951563910473908e-18,1.6225927682921336e+32,-1.6225927682921336e+32,0.0,8.881784197001252e-16,4.64890130347685e-18,1368
RECOMBINATION_WEIGHTED_AUDITOR,3,2,5.65,14,2.136955311554281e-16,0.0,1.2788228024792254e-16,1.975724381560255e-15,0.0,2.3852447794681098e-18,9.215718466126788e-19,1.0141204801825835e+31,-1.0141204801825835e+31,0.0,8.881784197001252e-16,4.699860260877981e-18,1376
RECOMBINATION_WEIGHTED_AUDITOR,3,2,5.65,15,2.1400840842502919e-16,3.3306690738754696e-16,0.0,7.907550946495096e-16,3.6458582717674815e-15,0.0,9.75781955236954e-19,1.0141204801825835e+31,-1.0141204801825835e+31,0.0,8.881784197001252e-16,3.719946989275084e-18,1369
RECOMBINATION_WEIGHTED_AUDITOR,3,2,5.65,16,0.0,0.0,0.0,5.520640837801697e-16,2.246150422234735e-15,8.131516293641283e-20,1.9651164376299768e-19,2.535301200456459e+30,-2.535301200456459e+30,1.6617495924190496e-16,8.881784197001252e-16,4.911478426881305e-18,1369
RECOMBINATION_WEIGHTED_AUDITOR,3,2,5.65,17,3.120923522152722e-16,1.1102230246251565e-16,3.836468407437676e-16,9.760579665363966e-16,1.5093041184202015e-15,3.1763735522036263e-21,1.2705494208814505e-21,7.922816251426434e+28,-7.922816251426434e+28,0.0,8.881784197001252e-16,4.567891907887588e-18,1369
RECOMBINATION_WEIGHTED_AUDITOR,4,1,5.55,0,0.0,3.3306690738754696e-16,0.0,1.0552090311934413e-15,4.2736733788260505e-16,2.168404344971009e-18,5.421010862427522e-19,1.6225927682921336e+32,-1.6225927682921336e+32,1.520130863355435e-16,8.881784197001252e-16,6.1926831998243475e-18,1445
RECOMBINATION_WEIGHTED_AUDITOR,4,1,5.55,1,0.0,2.220446049250313e-16,1.2447311539561035e-16,4.846579195993812e-16,4.000225207637586e-15,2.3852447794681098e-18,4.607859233063394e-19,2.028240960365167e+31,-2.028240960365167e+31,0.0,8.881784197001252e-16,6.083215642549836e-18,1440
RECOMBINATION_WEIGHTED_AUDITOR,4,1,5.55,2,0.0,2.220446049250313e-16,1.2447311539561035e-16,7.630837484487566e-16,6.896669021841203e-16,1.3552527156068805e-18,0.0,1.0141204801825835e+31,-1.0141204801825835e+31,0.0,8.881784197001252e-16,5.820975784157237e-18,1440
RECOMBINATION_WEIGHTED_AUDITOR,4,1,5.55,3,1.9872133295394896e-16,0.0,3.734193461868311e-16,5.893814363866116e-16,1.4420184816594937e-15,5.421010862427522e-20,9.486769009248164e-20,5.070602400912918e+30,-5.070602400912918e+30,0.0,8.881784197001252e-16,1.3311338499938939e-17,1440
RECOMBINATION_WEIGHTED_AUDITOR,4,1,5.55,4,1.2470311411682652e-16,0.0,1.2447311539561035e-16,2.1633127809812624e-15,2.4596334110500664e-15,1.5246593050577406e-20,3.8116482626443515e-21,9.50737950171172e+29,-9.50737950171172e+29,2.094564667088588e-16,8.881784197001252e-16,1.0844648831628073e-17,1440
RECOMBINATION_WEIGHTED_AUDITOR,4,1,5.55,5,1.522120322517819e-16,2.220446049250313e-16,1.2447311539561035e-16,1.5362824150051897e-15,3.2085363974979396e-15,6.352747104407253e-22,3.970466940254533e-22,1.9807040628566084e+28,-1.9807040628566084e+28,0.0,8.881784197001252e-16,8.855607026207239e-18,1440
RECOMBINATION_WEIGHTED_AUDITOR,4,1,5.55,6,1.878497995827588e-16,3.3306690738754696e-16,2.489462307912207e-16,4.269027559087665e-15,1.2919129025316201e-15,3.469446951953614e-18,1.3010426069826053e-18,1.6225927682921336e+32,-1.6225927682921336e+32,3.1552023035856805e-16,8.881784197001252e-16,6.113503248887475e-18,1434
RECOMBINATION_WEIGHTED_AUDITOR,4,1,5.55,7,1.7625207574248e-16,2.220446049250313e-16,1.2447311539561035e-16,1.861968695645276e-15,1.1191293180930952e-15,0.0,3.0357660829594124e-18,1.6225927682921336e+32,-1.6225927682921336e+32,1.4802010878628367e-16,8.881784197001252e-16,8.182151307347249e-18,1440
RECOMBINATION_WEIGHTED_AUDITOR,4,1,5.55,8,1.8427453108395462e-16,1.1102230246251565e-16,3.734193461868311e-16,7.305721321436839e-16,2.5373298985763983e-16,3.0357660829594124e-18,7.589415207398531e-19,1.6225927682921336e+32,-1.6225927682921336e+32,0.0,8.881784197001252e-16,8.356137890869033e-18,1440
RECOMBINATION_WEIGHTED_AUDITOR,4,1,5.55,9,1.968705885764711e-16,1.1102230246251565e-16,1.2447311539561035e-16,1.2257286033817039e-15,4.35077577174134e-16,4.336808689942018e-19,2.710505431213761e-19,8.112963841460668e+31,-8.112963841460668e+31,0.0,8.881784197001252e-16,8.187124826546713e-18,1440
RECOMBINATION_WEIGHTED_AUDITOR,4,1,5.55,10,1.276447596121121e-16,1.1102230246251565e-16,2.489462307912207e-16,9.71064087753026e-16,6.180159378623542e-16,8.131516293641283e-20,5.421010862427522e-20,5.070602400912918e+30,-5.070602400912918e+30,2.1439737517065802e-16,8.881784197001252e-16,5.722345406221039e-18,1440
RECOMBINATION_WEIGHTED_AUDITOR,4,1,5.55,11,1.55825464216481e-16,2.220446049250313e-16,3.734193461868311e-16,9.444503795786194e-16,2.8158047787850134e-15,8.470329472543003e-22,2.329340604949326e-21,1.5845632502852868e+29,-1.5845632502852868e+29,1.3086542140188539e-16,8.881784197001252e-16,6.47691683912893e-18,1440
RECOMBINATION_WEIGHTED_AUDITOR,4,1,5.55,12,1.6584885222394536e-16,3.3306690738754696e-16,1.2447311539561035e-16,1.390777964342103e-14,1.6474428882690334e-15,6.938893903907228e-17,1.1709383462843448e-17,1.6225927682921336e+32,-1.6225927682921336e+32,1.3928326826707508e-16,8.881784197001252e-16,7.587240362267835e-18,1430
RECOMBINATION_WEIGHTED_AUDITOR,4,1,5.55,13,1.840644772325308e-16,1.1102230246251565e-16,1.2447311539561035e-16,4.86182921698019e-16,5.274919979334592e-15,5.637851296924623e-18,4.9873299934333204e-18,8.112963841460668e+31,-8.112963841460668e+31,1.5458112381869123e-16,8.881784197001252e-16,6.015560989728952e-18,1432
RECOMBINATION_WEIGHTED_AUDITOR,4,1,5.55,14,0.0,1.1102230246251565e-16,1.2447311539561035e-16,6.213003753173645e-16,2.9736069967228473e-15,3.686287386450715e-18,8.673617379884035e-19,4.056481920730334e+31,-4.056481920730334e+31,1.1781237156452991e-16,8.881784197001252e-16,5.690387067573416e-18,1435
RECOMBINATION_WEIGHTED_AUDITOR,4,1,5.55,15,1.8242647654296653e-16,3.3306690738754696e-16,0.0,3.8086819162341846e-15,1.1527693002206527e-14,2.8189256484623115e-18,3.74049749507499e-18,2.028240960365167e+31,-2.028240960365167e+31,1.532054972381818e-16,8.881784197001252e-16,8.226589005889036e-18,1432
RECOMBINATION_WEIGHTED_AUDITOR,4,1,5.55,16,1.1234858319044666e-16,0.0,0.0,2.504190315615469e-15,2.822072519546245e-15,1.2874900798265365e-19,3.3881317890172014e-20,5.070602400912918e+30,-5.070602400912918e+30,0.0,8.881784197001252e-16,8.763766982441904e-18,1432
RECOMBINATION_WEIGHTED_AUDITOR,4,1,5.55,17,0.0,0.0,3.734193461868311e-16,2.2570170087680296e-16,1.4166837806637477e-15,4.658681209898652e-21,2.541098841762901e-21,7.922816251426434e+28,-7.922816251426434e+28,0.0,8.881784197001252e-16,7.381139941531775e-18,1432
RECOMBINATION_WEIGHTED_AUDITOR,4,2,5.55,0,1.742905999904743e-16,4.440892098500626e-16,3.695867406456968e-16,1.4858589464460399e-15,0.0,2.6020852139652106e-18,2.8189256484623115e-18,1.6225927682921336e+32,-1.6225927682921336e+32,0.0,8.881784197001252e-16,6.26463855831869e-18,1426
RECOMBINATION_WEIGHTED_AUDITOR,4,2,5.55,1,2.030407044741774e-16,1.1102230246251565e-16,2.463911604304645e-16,3.5032720473775738e-15,4.722333383469357e-15,2.6020852139652106e-18,5.963111948670274e-19,2.028240960365167e+31,-2.028240960365167e+31,0.0,8.881784197001252e-16,6.996260947666081e-18,1426
RECOMBINATION_WEIGHTED_AUDITOR,4,2,5.55,2,1.9504174891630454e-16,0.0,2.463911604304645e-16,1.5043168636766844e-15,6.455152829678e-15,5.421010862427522e-20,4.336808689942018e-19,1.0141204801825835e+31,-1.0141204801825835e+31,0.0,8.881784197001252e-16,5.4625263244629196e-18,1426
RECOMBINATION_WEIGHTED_AUDITOR,4,2,5.55,3,1.9089501189076873e-16,0.0,1.2319558021523226e-16,1.4523576797709552e-16,1.0943531740353873e-15,1.8973538018496328e-19,3.3881317890172014e-20,5.070602400912918e+30,-5.070602400912918e+30,2.1210641745212385e-16,8.881784197001252e-16,1.1802956796956668e-17,1426
RECOMBINATION_WEIGHTED_AUDITOR,4,2,5.55,4,0.0,3.3306690738754696e-16,1.2319558021523226e-16,1.2438649608234802e-15,5.63262256013137e-15,6.776263578034403e-21,2.244637310223896e-20,6.338253001141147e+29,-6.338253001141147e+29,1.330285518544488e-16,8.881784197001252e-16,5.510894392447741e-18,1426
RECOMBINATION_WEIGHTED_AUDITOR,4,2,5.55,5,1.461275602273904e-16,4.440892098500626e-16,1.2319558021523226e-16,4.326534180666474e-16,1.1363194136959019e-15,1.4293680984916318e-21,2.6469779601696886e-23,1.9807040628566084e+28,-1.9807040628566084e+28,1.623646054648433e-16,8.881784197001252e-16,1.0150902877668109e-17,1426
RECOMBINATION_WEIGHTED_AUDITOR,4,2,5.55,6,0.0,1.1102230246251565e-16,2.463911604304645e-16,3.74036134402231e-15,5.228999964311946e-15,6.938893903907228e-18,9.324138683375338e-18,3.2451855365842673e+32,-3.2451855365842673e+32,2.010192943825813e-16,8.881784197001252e-16,5.420205495697413e-18,1423
RECOMBINATION_WEIGHTED_AUDITOR,4,2,5.55,7,1.6963132216770271e-16,2.220446049250313e-16,1.2319558021523226e-16,5.929464007871621e-15,7.134215678023216e-15,2.3418766925686896e-17,1.474514954580286e-17,3.2451855365842673e+32,-3.2451855365842673e+32,0.0,8.881784197001252e-16,8.270671314015903e-18,1422
RECOMBINATION_WEIGHTED_AUDITOR,4,2,5.55,8,0.0,1.1102230246251565e-16,1.2319558021523226e-16,2.0163144255793152e-15,1.4120986518726231e-15,8.673617379884035e-19,1.5178830414797062e-18,8.112963841460668e+31,-8.112963841460668e+31,0.0,8.881784197001252e-16,6.077601478673971e-18,1422
RECOMBINATION_WEIGHTED_AUDITOR,4,2,5.55,9,1.893103240518911e-16,2.220446049250313e-16,1.2319558021523226e-16,1.2081794508835555e-15,1.4674754976763307e-16,6.505213034913027e-19,3.7947076036992655e-19,4.056481920730334e+31,-4.056481920730334e+31,2.103456461414695e-16,8.881784197001252e-16,6.898875163444659e-18,1422
RECOMBINATION_WEIGHTED_AUDITOR,4,2,5.55,10,0.0,4.440892098500626e-16,0.0,9.571610494177555e-16,1.6676074218800358e-15,2.574980159653073e-19,6.776263578034403e-21,5.070602400912918e+30,-5.070602400912918e+30,1.3631700656624323e-16,8.881784197001252e-16,6.5270614165961624e-18,1422
RECOMBINATION_WEIGHTED_AUDITOR,4,2,5.55,11,0.0,3.3306690738754696e-16,3.695867406456968e-16,9.309283783032703e-16,1.1655952855426447e-15,4.658681209898652e-21,1.6940658945086007e-21,7.922816251426434e+28,-7.922816251426434e+28,0.0,8.881784197001252e-16,3.687008585408902e-18,1422
RECOMBINATION_WEIGHTED_AUDITOR,4,2,5.55,12,1.5989996341596676e-16,2.220446049250313e-16,1.2319558021523226e-16,1.0208574710278444e-15,5.001002072440735e-16,2.6020852139652106e-18,2.168404344971009e-18,1.6225927682921336e+32,-1.6225927682921336e+32,1.7766733690397942e-16,8.881784197001252e-16,6.193791047804006e-18,1403
RECOMBINATION_WEIGHTED_AUDITOR,4,2,5.55,13,1.7741993476163137e-16,2.220446049250313e-16,1.2319558021523226e-16,1.4376662511068634e-15,1.9062649221303688e-16,1.0408340855860843e-17,5.421010862427522e-18,8.112963841460668e+31,-8.112963841460668e+31,1.9713404962311102e-16,8.881784197001252e-16,4.566846647369534e-18,1408
RECOMBINATION_WEIGHTED_AUDITOR,4,2,5.55,14,1.3523355865107194e-16,2.220446049250313e-16,1.2319558021523226e-16,1.237058134493794e-14,7.164067868658296e-16,7.697835424647081e-18,1.6263032587282567e-19,6.084722881095501e+31,-6.084722881095501e+31,1.5026011083617856e-16,8.881784197001252e-16,5.542382828493989e-18,1408
RECOMBINATION_WEIGHTED_AUDITOR,4,2,5.55,15,1.7580219442916971e-16,2.220446049250313e-16,3.695867406456968e-16,2.3463448665606498e-15,5.832272649632206e-16,3.2526065174565133e-19,7.589415207398531e-19,4.056481920730334e+31,-4.056481920730334e+31,1.953365531726401e-16,8.881784197001252e-16,5.295610559142089e-18,1408
RECOMBINATION_WEIGHTED_AUDITOR,4,2,5.55,16,2.1647910721697784e-16,2.220446049250313e-16,2.463911604304645e-16,3.037953247580913e-15,1.4898652534759262e-15,6.776263578034403e-21,5.082197683525802e-20,2.535301200456459e+30,-2.535301200456459e+30,1.202666518895243e-16,8.881784197001252e-16,6.522877946447156e-18,1408
RECOMBINATION_WEIGHTED_AUDITOR,4,2,5.55,17,1.2630581275507257e-16,0.0,3.695867406456968e-16,2.447172823620639e-15,2.1502531509762797e-15,5.293955920339377e-21,4.235164736271502e-22,7.922816251426434e+28,-7.922816251426434e+28,1.4034035348266334e-16,8.881784197001252e-16,6.494859505140184e-18,1408
SCRIPT_SELF_SHIELDING_AUDITOR,0,1,5.95,0,1.2256455279408841e-16,0.0,1.2503132987670907e-16,2.204874476062515e-15,5.458766369902212e-16,2.168404344971009e-18,1.734723475976807e-18,3.2451855365842673e+32,-3.2451855365842673e+32,0.0,7.216449660063518e-16,1.3080510075491581e-17,1450
SCRIPT_SELF_SHIELDING_AUDITOR,0,1,5.95,1,1.6838046182181e-16,2.220446049250313e-16,2.5006265975341813e-16,3.6216358968134525e-15,9.828473283106229e-16,4.87890977618477e-19,6.776263578034403e-20,3.0423614405477506e+31,-3.0423614405477506e+31,0.0,8.881784197001252e-16,1.6302554466759524e-17,1448
SCRIPT_SELF_SHIELDING_AUDITOR,0,1,5.95,2,0.0,1.1102230246251565e-16,1.2503132987670907e-16,2.6942516303783247e-15,1.2009235393345266e-15,2.710505431213761e-20,8.131516293641283e-20,1.0141204801825835e+31,-1.0141204801825835e+31,0.0,8.881784197001252e-16,2.3412704805072403e-17,1449
SCRIPT_SELF_SHIELDING_AUDITOR,0,1,5.95,3,0.0,2.220446049250313e-16,2.5006265975341813e-16,0.0,2.2329942648144726e-15,2.846030702774449e-19,1.0164395367051604e-20,5.070602400912918e+30,-5.070602400912918e+30,0.0,8.881784197001252e-16,1.8073331063921796e-17,1449
SCRIPT_SELF_SHIELDING_AUDITOR,0,1,5.95,4,0.0,2.220446049250313e-16,2.5006265975341813e-16,1.5663478536107997e-15,8.953784358102205e-16,5.082197683525802e-21,1.4823076576950256e-21,6.338253001141147e+29,-6.338253001141147e+29,1.3416629120916424e-16,8.881784197001252e-16,1.0025189933001783e-17,1450
SCRIPT_SELF_SHIELDING_AUDITOR,0,1,5.95,5,2.6614811302125674e-16,1.1102230246251565e-16,1.2503132987670907e-16,1.3719677695190465e-16,3.0108084933677194e-15,3.441071348220595e-22,7.940933880509066e-23,1.9807040628566084e+28,-1.9807040628566084e+28,0.0,8.881784197001252e-16,1.4822382003136417e-17,1450
SCRIPT_SELF_SHIELDING_AUDITOR,0,1,5.95,6,2.0858116695239962e-16,1.1102230246251565e-16,1.2503132987670907e-16,2.4507398422079172e-15,2.5160189438268803e-16,5.204170427930421e-18,6.505213034913027e-19,3.2451855365842673e+32,-3.2451855365842673e+32,1.2924226165977298e-16,8.881784197001252e-16,1.2839183452771477e-17,1445
SCRIPT_SELF_SHIELDING_AUDITOR,0,1,5.95,7,1.498247468635785e-16,0.0,1.2503132987670907e-16,5.342642610990372e-15,6.980898419496424e-16,5.637851296924623e-18,8.673617379884035e-19,1.6225927682921336e+32,-1.6225927682921336e+32,0.0,8.881784197001252e-16,1.8565760191703423e-17,1444
SCRIPT_SELF_SHIELDING_AUDITOR,0,1,5.95,8,1.707755232861917e-16,2.220446049250313e-16,1.2503132987670907e-16,3.739228200409626e-16,3.3879057598326844e-15,2.3852447794681098e-18,1.1926223897340549e-18,8.112963841460668e+31,-8.112963841460668e+31,2.1163382282423963e-16,8.881784197001252e-16,1.699219373039711e-17,1445
SCRIPT_SELF_SHIELDING_AUDITOR,0,1,5.95,9,1.8497493735442282e-16,1.1102230246251565e-16,3.7509398963012725e-16,2.6001459109033635e-15,2.4243096280794663e-15,3.3610267347050637e-18,2.439454888092385e-19,4.056481920730334e+31,-4.056481920730334e+31,2.2923046795990127e-16,8.881784197001252e-16,1.7151161868407125e-17,1446
SCRIPT_SELF_SHIELDING_AUDITOR,0,1,5.95,10,0.0,0.0,2.5006265975341813e-16,3.2117738857738463e-15,4.754149697424721e-15,9.486769009248164e-20,6.268043809681823e-20,2.535301200456459e+30,-2.535301200456459e+30,1.497778785207158e-16,8.881784197001252e-16,1.3612551604484574e-17,1447
SCRIPT_SELF_SHIELDING_AUDITOR,0,1,5.95,11,0.0,0.0,2.5006265975341813e-16,4.701776289205624e-15,1.62557749765263e-16,1.4823076576950256e-21,6.352747104407253e-22,7.922816251426434e+28,-7.922816251426434e+28,0.0,8.881784197001252e-16,1.5109844904694464e-17,1447
SCRIPT_SELF_SHIELDING_AUDITOR,0,1,5.95,12,1.9317765600749907e-16,2.220446049250313e-16,2.5006265975341813e-16,3.016542906123977e-15,6.415434931040219e-16,0.0,9.540979117872439e-18,3.2451855365842673e+32,-3.2451855365842673e+32,0.0,8.881784197001252e-16,1.68272813350355e-17,1439
SCRIPT_SELF_SHIELDING_AUDITOR,0,1,5.95,13,1.7108002872286087e-16,1.1102230246251565e-16,5.001253195068363e-16,3.3922084597281355e-15,0.0,4.9873299934333204e-18,6.505213034913027e-19,4.056481920730334e+31,-4.056481920730334e+31,0.0,8.881784197001252e-16,1.5619020035997664e-17,1440
SCRIPT_SELF_SHIELDING_AUDITOR,0,1,5.95,14,1.1282096841126254e-16,2.220446049250313e-16,1.2503132987670907e-16,3.9379930280657564e-16,9.502580846207415e-15,0.0,1.7618285302889447e-18,4.056481920730334e+31,-4.056481920730334e+31,1.398135539575821e-16,8.881784197001252e-16,1.5223914261100492e-17,1440
SCRIPT_SELF_SHIELDING_AUDITOR,0,1,5.95,15,1.88007447542393e-16,1.1102230246251565e-16,1.2503132987670907e-16,1.7347997692082982e-15,1.3386667435616275e-14,6.505213034913027e-19,1.2061749168901237e-18,2.028240960365167e+31,-2.028240960365167e+31,1.1649425537448057e-16,8.881784197001252e-16,1.704269452024203e-17,1440
SCRIPT_SELF_SHIELDING_AUDITOR,0,1,5.95,16,0.0,1.1102230246251565e-16,1.2503132987670907e-16,2.410042029691995e-15,3.7071054052253875e-15,2.371692252312041e-20,2.879912020664621e-20,1.2676506002282294e+30,-1.2676506002282294e+30,0.0,8.881784197001252e-16,1.178610367887642e-17,1440
SCRIPT_SELF_SHIELDING_AUDITOR,0,1,5.95,17,0.0,2.220446049250313e-16,0.0,4.703199341023955e-16,8.61154373847117e-15,1.9058241313221758e-21,2.064642808932357e-21,3.961408125713217e+28,-3.961408125713217e+28,0.0,8.881784197001252e-16,1.2790809276689168e-17,1440
SCRIPT_SELF_SHIELDING_AUDITOR,0,2,5.95,0,0.0,1.1102230246251565e-16,5.002186932609394e-16,2.47203424098814e-15,1.350819132512334e-15,9.540979117872439e-18,4.7704895589362195e-18,2.4338891524382005e+32,-2.4338891524382005e+32,1.9645478807572547e-16,7.216449660063518e-16,1.6866295690355975e-17,1450
SCRIPT_SELF_SHIELDING_AUDITOR,0,2,5.95,1,0.0,3.3306690738754696e-16,3.7516401994570456e-16,7.165520312470136e-16,1.6214273646646944e-15,3.2526065174565133e-19,1.0842021724855044e-19,3.0423614405477506e+31,-3.0423614405477506e+31,0.0,8.881784197001252e-16,1.6351383389353222e-17,1448
SCRIPT_SELF_SHIELDING_AUDITOR,0,2,5.95,2,0.0,5.551115123125783e-16,2.501093466304697e-16,9.519038265754077e-16,7.924772173492948e-16,1.6263032587282567e-19,1.3552527156068805e-20,1.0141204801825835e+31,-1.0141204801825835e+31,1.4571012905219043e-16,1.7763568394002505e-15,1.1472745394767538e-17,1449
SCRIPT_SELF_SHIELDING_AUDITOR,0,2,5.95,3,1.8397684971414164e-16,2.220446049250313e-16,5.002186932609394e-16,2.314241790832097e-15,2.2102952728169147e-16,2.710505431213761e-20,4.404571325722362e-20,5.070602400912918e+30,-5.070602400912918e+30,0.0,8.881784197001252e-16,1.468326411428971e-17,1449
SCRIPT_SELF_SHIELDING_AUDITOR,0,2,5.95,4,2.141473632975065e-16,1.1102230246251565e-16,0.0,1.5495341996302711e-15,5.908511142005291e-16,2.202285662861181e-20,4.446922973085077e-21,3.1691265005705735e+29,-3.1691265005705735e+29,1.735202319001409e-16,8.881784197001252e-16,1.7312814104426336e-17,1450
SCRIPT_SELF_SHIELDING_AUDITOR,0,2,5.95,5,1.3161083036445567e-16,1.1102230246251565e-16,1.2505467331523485e-16,1.3572406504465146e-15,2.607677457783584e-15,3.441071348220595e-22,7.940933880509066e-23,9.903520314283042e+27,-9.903520314283042e+27,0.0,8.881784197001252e-16,1.3735508047003073e-17,1450
SCRIPT_SELF_SHIELDING_AUDITOR,0,2,5.95,6,2.0630101600454882e-16,3.3306690738754696e-16,2.501093466304697e-16,1.212216427897392e-16,3.73566439387188e-16,0.0,4.336808689942018e-19,3.2451855365842673e+32,-3.2451855365842673e+32,1.6716246040635141e-16,8.881784197001252e-16,1.5042889684909933e-17,1445
SCRIPT_SELF_SHIELDING_AUDITOR,0,2,5.95,7,0.0,2.220446049250313e-16,3.7516401994570456e-16,8.258270408141835e-16,1.1516559491260795e-16,3.0357660829594124e-18,8.673617379884035e-19,1.6225927682921336e+32,-1.6225927682921336e+32,0.0,8.881784197001252e-16,1.3509412420075812e-17,1443
SCRIPT_SELF_SHIELDING_AUDITOR,0,2,5.95,8,1.6890293375777892e-16,0.0,3.7516401994570456e-16,3.6990901883001244e-16,3.2076638759740936e-15,2.6020852139652106e-18,6.505213034913027e-19,8.112963841460668e+31,-8.112963841460668e+31,0.0,8.881784197001252e-16,1.694718868841365e-17,1444
SCRIPT_SELF_SHIELDING_AUDITOR,0,2,5.95,9,1.8294551570217608e-16,2.220446049250313e-16,3.7516401994570456e-16,5.935927279232692e-16,2.228261159015022e-15,1.3010426069826053e-18,2.439454888092385e-19,4.056481920730334e+31,-4.056481920730334e+31,1.4823786677041983e-16,8.881784197001252e-16,2.0426922364501192e-17,1445
SCRIPT_SELF_SHIELDING_AUDITOR,0,2,5.95,10,0.0,0.0,1.2505467331523485e-16,8.896433640099494e-16,7.376694693749941e-15,1.3552527156068805e-20,1.0164395367051604e-19,2.535301200456459e+30,-2.535301200456459e+30,0.0,8.881784197001252e-16,1.797392487219624e-17,1447
SCRIPT_SELF_SHIELDING_AUDITOR,0,2,5.95,11,1.4640486084148965e-16,0.0,0.0,3.255914195328912e-15,1.4481477555706634e-15,2.329340604949326e-21,2.6469779601696886e-22,1.5845632502852868e+29,-1.5845632502852868e+29,1.186295502935055e-16,8.881784197001252e-16,1.8563551138989384e-17,1447
SCRIPT_SELF_SHIELDING_AUDITOR,0,2,5.95,12,1.9106782070223312e-16,0.0,1.2505467331523485e-16,1.1477547760140978e-16,6.350220295940099e-16,3.469446951953614e-18,5.637851296924623e-18,3.2451855365842673e+32,-3.2451855365842673e+32,1.5481924244309424e-16,8.881784197001252e-16,1.7394066282582056e-17,1439
SCRIPT_SELF_SHIELDING_AUDITOR,0,2,5.95,13,1.6920925335341007e-16,4.440892098500626e-16,0.0,1.9739973311753295e-16,4.212818660721199e-15,8.673617379884035e-19,1.8431436932253575e-18,8.112963841460668e+31,-8.112963841460668e+31,0.0,8.881784197001252e-16,1.1351422763579401e-17,1440
SCRIPT_SELF_SHIELDING_AUDITOR,0,2,5.95,14,1.11587132803589e-16,0.0,2.501093466304697e-16,3.765864033415416e-15,5.896288813643155e-15,2.168404344971009e-18,1.0570971181733668e-18,4.056481920730334e+31,-4.056481920730334e+31,1.8083458850951014e-16,8.881784197001252e-16,1.026377594433817e-17,1440
SCRIPT_SELF_SHIELDING_AUDITOR,0,2,5.95,15,0.0,1.1102230246251565e-16,2.501093466304697e-16,6.006622654066047e-15,2.1881705503081383e-15,1.2468324983583301e-18,4.336808689942018e-19,3.0423614405477506e+31,-3.0423614405477506e+31,1.5067283654119676e-16,8.881784197001252e-16,1.5613661361741746e-17,1440
SCRIPT_SELF_SHIELDING_AUDITOR,0,2,5.95,16,1.1605147151520157e-16,3.3306690738754696e-16,0.0,8.477055665668435e-15,9.2533242211381e-15,2.405573570202213e-19,8.809142651444724e-20,1.2676506002282294e+30,-1.2676506002282294e+30,1.88069355042158e-16,8.881784197001252e-16,1.4403797822292655e-17,1440
SCRIPT_SELF_SHIELDING_AUDITOR,0,2,5.95,17,1.3569579683961984e-16,2.220446049250313e-16,1.2505467331523485e-16,9.15033708037566e-15,8.894613977792063e-15,7.093900933254765e-21,3.0704944337968387e-21,3.961408125713217e+28,-3.961408125713217e+28,2.1990432917627112e-16,8.881784197001252e-16,1.3627745043195715e-17,1440
SCRIPT_SELF_SHIELDING_AUDITOR,1,1,5.85,0,0.0,1.1102230246251565e-16,1.2509804223174897e-16,1.7440167607184832e-15,1.4119736078400102e-15,3.0357660829594124e-18,8.673617379884035e-19,1.6225927682921336e+32,-1.6225927682921336e+32,1.8848705106886733e-16,8.881784197001252e-16,1.490336214553403e-17,1417
SCRIPT_SELF_SHIELDING_AUDITOR,1,1,5.85,1,1.111141241321828e-16,1.1102230246251565e-16,0.0,3.35605464101639e-15,1.8593043235519895e-15,7.589415207398531e-19,3.7947076036992655e-19,2.028240960365167e+31,-2.028240960365167e+31,1.556187254132573e-16,8.881784197001252e-16,1.4263793425069528e-17,1412
SCRIPT_SELF_SHIELDING_AUDITOR,1,1,5.85,2,1.152988063997106e-16,5.551115123125783e-16,2.5019608446349793e-16,5.386318779729474e-16,4.86441182194169e-15,1.6263032587282567e-19,2.439454888092385e-19,1.0141204801825835e+31,-1.0141204801825835e+31,0.0,8.881784197001252e-16,1.5027853253303693e-17,1413
SCRIPT_SELF_SHIELDING_AUDITOR,1,1,5.85,3,1.1809994747716432e-16,0.0,2.5019608446349793e-16,1.6313621246939361e-15,1.7446420835530977e-15,2.168404344971009e-19,8.809142651444724e-20,1.0141204801825835e+31,-1.0141204801825835e+31,0.0,1.7763568394002505e-15,1.0719556892185222e-17,1415
SCRIPT_SELF_SHIELDING_AUDITOR,1,1,5.85,4,1.40837984321188e-16,2.220446049250313e-16,0.0,2.1094253663363005e-15,2.5420880219884255e-15,1.6940658945086007e-20,3.8116482626443515e-21,6.338253001141147e+29,-6.338253001141147e+29,0.0,8.881784197001252e-16,1.5099311748722868e-17,1416
SCRIPT_SELF_SHIELDING_AUDITOR,1,1,5.85,5,1.7269385481119563e-16,2.220446049250313e-16,2.5019608446349793e-16,1.2892320349317294e-16,5.957116305534766e-16,0.0,1.3234889800848443e-22,9.903520314283042e+27,-9.903520314283042e+27,0.0,8.881784197001252e-16,1.2151488153001195e-17,1416
SCRIPT_SELF_SHIELDING_AUDITOR,1,1,5.85,6,1.435478970252109e-16,1.1102230246251565e-16,2.5019608446349793e-16,9.181927707775314e-16,1.2413107273787216e-15,1.474514954580286e-17,3.469446951953614e-18,3.2451855365842673e+32,-3.2451855365842673e+32,0.0,8.881784197001252e-16,1.1942542313456781e-17,1411
SCRIPT_SELF_SHIELDING_AUDITOR,1,1,5.85,7,1.9752684582916623e-16,3.3306690738754696e-16,1.2509804223174897e-16,5.008506467103142e-16,9.247942261038651e-16,0.0,6.505213034913027e-19,1.6225927682921336e+32,-1.6225927682921336e+32,0.0,8.881784197001252e-16,1.1276672004671968e-17,1408
SCRIPT_SELF_SHIELDING_AUDITOR,1,1,5.85,8,2.2073256451672406e-16,1.1102230246251565e-16,0.0,1.6264243058603782e-15,2.1383550917628963e-15,1.734723475976807e-18,2.0599841277224584e-18,8.112963841460668e+31,-8.112963841460668e+31,1.5457135002220253e-16,8.881784197001252e-16,9.964709417071222e-18,1408
SCRIPT_SELF_SHIELDING_AUDITOR,1,1,5.85,9,1.1813122639881534e-16,2.220446049250313e-16,0.0,1.3307510363060712e-15,1.3161374816178987e-15,8.673617379884035e-19,5.421010862427522e-19,6.084722881095501e+31,-6.084722881095501e+31,1.654463915120224e-16,8.881784197001252e-16,1.4627037803425702e-17,1408
SCRIPT_SELF_SHIELDING_AUDITOR,1,1,5.85,10,1.567104011948157e-16,3.3306690738754696e-16,1.2509804223174897e-16,4.91540600488784e-16,8.345374586165647e-16,9.486769009248164e-20,3.049318610115481e-20,5.070602400912918e+30,-5.070602400912918e+30,2.1947770441790308e-16,8.881784197001252e-16,1.3160450449515953e-17,1411
SCRIPT_SELF_SHIELDING_AUDITOR,1,1,5.85,11,1.9152815186332007e-16,4.440892098500626e-16,3.7529412669524693e-16,1.3439967495021352e-15,8.725716814086966e-16,4.235164736271502e-22,5.293955920339377e-22,1.5845632502852868e+29,-1.5845632502852868e+29,0.0,8.881784197001252e-16,1.639417450452859e-17,1411
SCRIPT_SELF_SHIELDING_AUDITOR,1,1,5.85,12,0.0,1.1102230246251565e-16,0.0,2.7453016175532745e-15,5.516039379972594e-15,8.673617379884035e-19,2.0816681711721685e-17,3.2451855365842673e+32,-3.2451855365842673e+32,1.2755389325840302e-16,8.881784197001252e-16,1.7223044612075415e-17,1407
SCRIPT_SELF_SHIELDING_AUDITOR,1,1,5.85,13,0.0,2.220446049250313e-16,2.5019608446349793e-16,8.412818607975396e-16,2.322865825304477e-15,4.336808689942018e-18,3.7947076036992655e-18,8.112963841460668e+31,-8.112963841460668e+31,1.62922748488803e-16,8.881784197001252e-16,1.2580044496704997e-17,1408
SCRIPT_SELF_SHIELDING_AUDITOR,1,1,5.85,14,2.0818102916897682e-16,1.1102230246251565e-16,2.5019608446349793e-16,3.203022439521296e-15,1.957399485686389e-15,2.2768245622195593e-18,5.963111948670274e-19,2.028240960365167e+31,-2.028240960365167e+31,1.4578194566856582e-16,8.881784197001252e-16,1.2198771049120702e-17,1408
SCRIPT_SELF_SHIELDING_AUDITOR,1,1,5.85,15,1.2600312510800416e-16,2.220446049250313e-16,0.0,2.238018031297033e-16,2.6317262709319995e-15,8.131516293641283e-19,6.776263578034403e-19,2.028240960365167e+31,-2.028240960365167e+31,0.0,8.881784197001252e-16,9.559976561947403e-18,1408
SCRIPT_SELF_SHIELDING_AUDITOR,1,1,5.85,16,0.0,2.220446049250313e-16,2.5019608446349793e-16,1.795538421137644e-15,3.800872563610414e-16,1.0842021724855044e-19,3.3881317890172014e-21,2.535301200456459e+30,-2.535301200456459e+30,0.0,8.881784197001252e-16,1.0474189761728595e-17,1408
SCRIPT_SELF_SHIELDING_AUDITOR,1,1,5.85,17,1.852139603283222e-16,1.1102230246251565e-16,2.5019608446349793e-16,2.270660478627522e-15,2.34321326528821e-15,2.964615315390051e-21,6.352747104407253e-22,3.961408125713217e+28,-3.961408125713217e+28,2.5939780977653876e-16,8.881784197001252e-16,9.264158863283048e-18,1408
SCRIPT_SELF_SHIELDING_AUDITOR,1,2,5.85,0,1.355409496664899e-16,3.3306690738754696e-16,4.991918089654896e-16,1.4903894043256942e-15,4.2642289855472656e-15,8.673617379884035e-19,8.023096076392733e-18,1.6225927682921336e+32,-1.6225927682921336e+32,1.5960951917064364e-16,8.881784197001252e-16,1.6226176115143645e-17,1421
SCRIPT_SELF_SHIELDING_AUDITOR,1,2,5.85,1,1.1220295308616836e-16,1.1102230246251565e-16,1.247979522413724e-16,1.4088387837506574e-15,1.4490811635609308e-15,1.3010426069826053e-18,2.710505431213761e-19,2.028240960365167e+31,-2.028240960365167e+31,1.321272975855297e-16,8.881784197001252e-16,1.3639584051048957e-17,1427
SCRIPT_SELF_SHIELDING_AUDITOR,1,2,5.85,2,0.0,0.0,3.7439385672411724e-16,3.580112577476667e-16,2.884581274263473e-15,8.131516293641283e-19,2.168404344971009e-19,1.0141204801825835e+31,-1.0141204801825835e+31,0.0,8.881784197001252e-16,1.003443988488569e-17,1427
SCRIPT_SELF_SHIELDING_AUDITOR,1,2,5.85,3,0.0,2.220446049250313e-16,2.495959044827448e-16,1.2650328266591524e-15,3.3992928812250435e-16,1.0842021724855044e-19,2.0328790734103208e-20,5.070602400912918e+30,-5.070602400912918e+30,2.8105749206320124e-16,8.881784197001252e-16,1.2960210939976283e-17,1427
SCRIPT_SELF_SHIELDING_AUDITOR,1,2,5.85,4,1.423825102729074e-16,2.220446049250313e-16,0.0,2.103100631647411e-16,1.5478285270613415e-15,4.0657581468206416e-20,4.235164736271502e-22,6.338253001141147e+29,-6.338253001141147e+29,1.6766596411554048e-16,8.881784197001252e-16,1.6079601221676934e-17,1421
SCRIPT_SELF_SHIELDING_AUDITOR,1,2,5.85,5,0.0,1.1102230246251565e-16,2.495959044827448e-16,2.5707330065099146e-15,2.3213911026143894e-15,2.6469779601696886e-22,2.3822801641527197e-22,1.9807040628566084e+28,-1.9807040628566084e+28,0.0,1.7763568394002505e-15,1.3688666718187179e-17,1421
SCRIPT_SELF_SHIELDING_AUDITOR,1,2,5.85,6,1.4460030161856325e-16,1.1102230246251565e-16,0.0,1.0462168388271047e-15,3.4767270981802633e-15,1.9081958235744878e-17,9.540979117872439e-18,3.2451855365842673e+32,-3.2451855365842673e+32,1.7027757788371863e-16,8.881784197001252e-16,1.0399871228505034e-17,1423
SCRIPT_SELF_SHIELDING_AUDITOR,1,2,5.85,7,1.9923897659660223e-16,0.0,3.7439385672411724e-16,1.165147516455091e-15,1.287061544857145e-15,6.071532165918825e-18,2.168404344971009e-19,3.2451855365842673e+32,-3.2451855365842673e+32,1.1730933468034012e-16,8.881784197001252e-16,1.692705840731228e-17,1423
SCRIPT_SELF_SHIELDING_AUDITOR,1,2,5.85,8,0.0,1.1102230246251565e-16,0.0,2.1620636846217045e-15,2.5639449743295553e-15,4.336808689942018e-19,3.2526065174565133e-19,8.112963841460668e+31,-8.112963841460668e+31,1.3116606103155583e-16,8.881784197001252e-16,1.3877350605722418e-17,1423
SCRIPT_SELF_SHIELDING_AUDITOR,1,2,5.85,9,0.0,1.1102230246251565e-16,1.247979522413724e-16,1.7058355937092e-15,2.198045652778901e-15,1.734723475976807e-18,1.0842021724855044e-19,4.056481920730334e+31,-4.056481920730334e+31,1.4043919915973437e-16,8.881784197001252e-16,1.2284053616523772e-17,1424
SCRIPT_SELF_SHIELDING_AUDITOR,1,2,5.85,10,3.1657321754354966e-16,2.220446049250313e-16,3.7439385672411724e-16,2.695367421508122e-15,2.303539962526743e-15,1.3552527156068805e-20,4.0657581468206416e-20,5.070602400912918e+30,-5.070602400912918e+30,0.0,8.881784197001252e-16,1.392680603885451e-17,1423
SCRIPT_SELF_SHIELDING_AUDITOR,1,2,5.85,11,1.9347568971709264e-16,1.1102230246251565e-16,2.495959044827448e-16,2.8288192552050137e-15,2.3801887081060005e-15,9.740878893424454e-21,0.0,7.922816251426434e+28,-7.922816251426434e+28,1.13915985843902e-16,8.881784197001252e-16,1.3085802786607295e-17,1423
SCRIPT_SELF_SHIELDING_AUDITOR,1,2,5.85,12,1.83396572199912e-16,1.1102230246251565e-16,1.247979522413724e-16,3.0792041118584806e-15,1.9703847311556507e-15,7.806255641895632e-18,0.0,1.6225927682921336e+32,-1.6225927682921336e+32,2.1596306340185786e-16,8.881784197001252e-16,1.388700703754541e-17,1420
SCRIPT_SELF_SHIELDING_AUDITOR,1,2,5.85,13,1.1720288449114654e-16,2.220446049250313e-16,1.247979522413724e-16,1.2581391414026021e-15,5.154513971596311e-15,3.0357660829594124e-18,3.7947076036992655e-18,8.112963841460668e+31,-8.112963841460668e+31,0.0,8.881784197001252e-16,1.1276202626275855e-17,1414
SCRIPT_SELF_SHIELDING_AUDITOR,1,2,5.85,14,0.0,2.220446049250313e-16,1.247979522413724e-16,7.513926469644692e-16,1.2338872557209423e-15,8.673617379884035e-19,2.168404344971009e-19,4.056481920730334e+31,-4.056481920730334e+31,2.469847852347737e-16,8.881784197001252e-16,1.8985081300790356e-17,1415
SCRIPT_SELF_SHIELDING_AUDITOR,1,2,5.85,15,1.2698690362530422e-16,2.220446049250313e-16,0.0,8.925230938004557e-16,1.2819260268978554e-15,2.168404344971009e-19,5.149960319306146e-19,1.5211807202738753e+31,-1.5211807202738753e+31,2.9907299127644597e-16,8.881784197001252e-16,1.1811116604457392e-17,1413
SCRIPT_SELF_SHIELDING_AUDITOR,1,2,5.85,16,0.0,1.1102230246251565e-16,3.7439385672411724e-16,1.2393379525258061e-15,7.405690353181967e-16,1.6263032587282567e-19,2.371692252312041e-20,1.2676506002282294e+30,-1.2676506002282294e+30,0.0,8.881784197001252e-16,1.1041837013978527e-17,1413
SCRIPT_SELF_SHIELDING_AUDITOR,1,2,5.85,17,0.0,2.220446049250313e-16,3.7439385672411724e-16,1.131926154654892e-15,8.696304828374414e-16,1.0587911840678754e-21,2.4352197233561135e-21,3.961408125713217e+28,-3.961408125713217e+28,0.0,8.881784197001252e-16,1.1718864416709942e-17,1413
SCRIPT_SELF_SHIELDING_AUDITOR,2,1,5.75,0,0.0,1.1102230246251565e-16,1.2648972820432537e-16,4.0780067090442516e-15,3.745434617787007e-16,2.6020852139652106e-18,1.3010426069826053e-18,8.112963841460668e+31,-8.112963841460668e+31,1.8446493795602453e-16,8.881784197001252e-16,1.1062494661847567e-17,1382
SCRIPT_SELF_SHIELDING_AUDITOR,2,1,5.75,1,1.9416548541186936e-16,2.220446049250313e-16,2.5297945640865075e-16,1.3538782180138507e-15,1.9557719499762275e-16,2.3852447794681098e-18,1.1926223897340549e-18,2.028240960365167e+31,-2.028240960365167e+31,1.3504126626334656e-16,8.881784197001252e-16,9.86337066496413e-18,1376
SCRIPT_SELF_SHIELDING_AUDITOR,2,1,5.75,2,0.0,1.1102230246251565e-16,1.2648972820432537e-16,8.420651075650622e-16,2.5680112908562563e-15,1.0842021724855044e-19,1.3552527156068805e-19,1.0141204801825835e+31,-1.0141204801825835e+31,1.3544715256871093e-16,8.881784197001252e-16,1.2295798565961417e-17,1376
SCRIPT_SELF_SHIELDING_AUDITOR,2,1,5.75,3,1.9410553080187583e-16,1.1102230246251565e-16,3.7946918461297614e-16,3.8868248044255675e-15,3.4177572859330357e-15,3.2526065174565133e-19,2.439454888092385e-19,1.0141204801825835e+31,-1.0141204801825835e+31,1.3499956808802627e-16,1.7763568394002505e-15,9.375694003989115e-18,1376
SCRIPT_SELF_SHIELDING_AUDITOR,2,1,5.75,4,1.213929319484395e-16,1.1102230246251565e-16,1.2648972820432537e-16,3.151098540455982e-15,3.203893083680671e-16,2.710505431213761e-20,2.202285662861181e-20,1.2676506002282294e+30,-1.2676506002282294e+30,1.6885653195225823e-16,8.881784197001252e-16,9.719021244870623e-18,1376
SCRIPT_SELF_SHIELDING_AUDITOR,2,1,5.75,5,1.4920135855105452e-16,0.0,5.059589128173015e-16,5.263958330249331e-16,9.991752866712814e-16,2.117582368135751e-22,2.6469779601696886e-23,2.9710560942849127e+28,-2.9710560942849127e+28,2.0753781594300091e-16,8.881784197001252e-16,1.4818420008914927e-17,1376
SCRIPT_SELF_SHIELDING_AUDITOR,2,1,5.75,6,0.0,1.1102230246251565e-16,3.7946918461297614e-16,1.8774889153677574e-15,1.3086018160435871e-15,2.6020852139652106e-17,1.9081958235744878e-17,3.2451855365842673e+32,-3.2451855365842673e+32,0.0,1.7763568394002505e-15,1.2709905809148275e-17,1369
SCRIPT_SELF_SHIELDING_AUDITOR,2,1,5.75,7,1.7849506257006413e-16,1.1102230246251565e-16,1.2648972820432537e-16,0.0,1.0190003094002396e-15,1.3877787807814457e-17,1.734723475976807e-18,3.2451855365842673e+32,-3.2451855365842673e+32,2.482851081394432e-16,8.881784197001252e-16,1.0006092233938731e-17,1369
SCRIPT_SELF_SHIELDING_AUDITOR,2,1,5.75,8,0.0,1.1102230246251565e-16,0.0,5.132098795261489e-16,1.2397077701588853e-15,1.5612511283791264e-17,2.6020852139652106e-18,1.6225927682921336e+32,-1.6225927682921336e+32,0.0,8.881784197001252e-16,9.912611309559985e-18,1370
SCRIPT_SELF_SHIELDING_AUDITOR,2,1,5.75,9,0.0,2.220446049250313e-16,1.2648972820432537e-16,6.654020752349073e-16,6.153172763445232e-15,3.0357660829594124e-18,2.710505431213761e-18,8.112963841460668e+31,-8.112963841460668e+31,1.4376377020049275e-16,8.881784197001252e-16,1.2889321972104328e-17,1370
SCRIPT_SELF_SHIELDING_AUDITOR,2,1,5.75,10,1.3833798743665959e-16,1.1102230246251565e-16,2.5297945640865075e-16,3.4578352729390937e-16,2.9205943354135626e-16,8.673617379884035e-19,8.131516293641283e-20,5.070602400912918e+30,-5.070602400912918e+30,1.924269594685384e-16,8.881784197001252e-16,1.2873441455954625e-17,1369
SCRIPT_SELF_SHIELDING_AUDITOR,2,1,5.75,11,1.7019491074118392e-16,2.220446049250313e-16,0.0,3.8053788962112215e-15,2.018029951658201e-15,5.929230630780102e-21,8.046812998915853e-21,1.5845632502852868e+29,-1.5845632502852868e+29,2.3673966780773433e-16,8.881784197001252e-16,1.084855570751025e-17,1369
SCRIPT_SELF_SHIELDING_AUDITOR,2,1,5.75,12,1.435176131775613e-16,1.1102230246251565e-16,2.5297945640865075e-16,2.652043459390919e-15,3.1474481334397576e-15,7.806255641895632e-18,1.474514954580286e-17,3.2451855365842673e+32,-3.2451855365842673e+32,0.0,8.881784197001252e-16,1.3329479395838174e-17,1363
SCRIPT_SELF_SHIELDING_AUDITOR,2,1,5.75,13,1.1126533126075374e-16,1.1102230246251565e-16,3.7946918461297614e-16,2.3058913817715605e-15,1.2313655923885499e-15,2.6020852139652106e-18,7.37257477290143e-18,1.2169445762191002e+32,-1.2169445762191002e+32,0.0,8.881784197001252e-16,1.3694356315898216e-17,1359
SCRIPT_SELF_SHIELDING_AUDITOR,2,1,5.75,14,1.4619146830587422e-16,2.220446049250313e-16,0.0,4.3661474839831885e-16,1.9900002756798788e-16,3.2526065174565133e-19,8.131516293641283e-19,4.056481920730334e+31,-4.056481920730334e+31,0.0,8.881784197001252e-16,1.2795147242203065e-17,1356
SCRIPT_SELF_SHIELDING_AUDITOR,2,1,5.75,15,0.0,2.220446049250313e-16,1.2648972820432537e-16,6.911551857591671e-16,1.052872324442653e-15,1.951563910473908e-18,2.168404344971009e-19,2.028240960365167e+31,-2.028240960365167e+31,1.6700961534306823e-16,8.881784197001252e-16,9.67321741800631e-18,1359
SCRIPT_SELF_SHIELDING_AUDITOR,2,1,5.75,16,1.5062161105391253e-16,0.0,1.2648972820432537e-16,4.2808137129366473e-16,3.615621416076791e-15,1.7618285302889447e-19,1.4230153513872246e-19,2.535301200456459e+30,-2.535301200456459e+30,0.0,8.881784197001252e-16,9.287512625734195e-18,1359
SCRIPT_SELF_SHIELDING_AUDITOR,2,1,5.75,17,1.7809010497100717e-16,5.551115123125783e-16,2.5297945640865075e-16,2.272662295578335e-15,2.684367414886886e-15,1.1434944787933055e-20,2.964615315390051e-21,7.922816251426434e+28,-7.922816251426434e+28,0.0,8.881784197001252e-16,1.0771435132663075e-17,1359
SCRIPT_SELF_SHIELDING_AUDITOR,2,2,5.75,0,1.3920886763363686e-16,1.1102230246251565e-16,2.5451001055878786e-16,1.1850705018308796e-15,3.219658463632163e-15,6.071532165918825e-18,8.673617379884035e-19,8.112963841460668e+31,-8.112963841460668e+31,2.0773190723297855e-16,8.881784197001252e-16,1.1191398264553524e-17,1388
SCRIPT_SELF_SHIELDING_AUDITOR,2,2,5.75,1,0.0,2.220446049250313e-16,1.2725500527939393e-16,1.3770315715480008e-15,2.6152386381958145e-15,6.505213034913027e-19,2.2768245622195593e-18,2.028240960365167e+31,-2.028240960365167e+31,1.5306621932201806e-16,8.881784197001252e-16,9.587776786876974e-18,1383
SCRIPT_SELF_SHIELDING_AUDITOR,2,2,5.75,2,2.0602989098375615e-16,1.1102230246251565e-16,1.2725500527939393e-16,1.835283615491422e-15,5.109998430095611e-15,1.1926223897340549e-18,2.710505431213761e-20,2.028240960365167e+31,-2.028240960365167e+31,1.5372218353824482e-16,8.881784197001252e-16,1.0991069634138519e-17,1384
SCRIPT_SELF_SHIELDING_AUDITOR,2,2,5.75,3,2.0553334541249285e-16,1.1102230246251565e-16,2.5451001055878786e-16,4.791873156017994e-16,8.705125272432198e-16,5.421010862427522e-20,6.776263578034403e-20,1.0141204801825835e+31,-1.0141204801825835e+31,0.0,8.881784197001252e-16,1.2962646183107529e-17,1385
SCRIPT_SELF_SHIELDING_AUDITOR,2,2,5.75,4,1.287268462248145e-16,1.1102230246251565e-16,2.5451001055878786e-16,1.1654498415353768e-15,1.071053425374041e-15,1.1519648082658485e-19,6.776263578034403e-21,1.2676506002282294e+30,-1.2676506002282294e+30,0.0,8.881784197001252e-16,1.4979452978747994e-17,1386
SCRIPT_SELF_SHIELDING_AUDITOR,2,2,5.75,5,1.5824261110472624e-16,2.220446049250313e-16,1.2725500527939393e-16,8.923299889680662e-16,2.481304750195834e-15,2.117582368135751e-21,5.293955920339377e-22,1.9807040628566084e+28,-1.9807040628566084e+28,1.180673328110905e-16,8.881784197001252e-16,1.3824752661353263e-17,1386
SCRIPT_SELF_SHIELDING_AUDITOR,2,2,5.75,6,1.6601189507297887e-16,1.1102230246251565e-16,3.8176501583818177e-16,1.5515473993901879e-15,1.45820768766522e-15,5.204170427930421e-18,9.540979117872439e-18,6.490371073168535e+32,-6.490371073168535e+32,1.2386411933767576e-16,8.881784197001252e-16,1.0386476716204143e-17,1387
SCRIPT_SELF_SHIELDING_AUDITOR,2,2,5.75,7,1.8791823821270026e-16,1.1102230246251565e-16,5.090200211175757e-16,0.0,2.6417696837218193e-15,3.469446951953614e-18,7.806255641895632e-18,3.2451855365842673e+32,-3.2451855365842673e+32,0.0,8.881784197001252e-16,1.2183738367415416e-17,1385
SCRIPT_SELF_SHIELDING_AUDITOR,2,2,5.75,8,2.0603798204069965e-16,1.1102230246251565e-16,2.5451001055878786e-16,5.219865402477604e-16,2.1990226911449183e-15,0.0,4.336808689942018e-19,8.112963841460668e+31,-8.112963841460668e+31,1.5372822040471386e-16,8.881784197001252e-16,9.574572417384748e-18,1384
SCRIPT_SELF_SHIELDING_AUDITOR,2,2,5.75,9,0.0,0.0,1.2725500527939393e-16,1.4889191930243711e-15,1.137506116955826e-15,5.637851296924623e-18,4.336808689942018e-19,4.056481920730334e+31,-4.056481920730334e+31,1.6283105225033515e-16,1.7763568394002505e-15,9.577101497626662e-18,1385
SCRIPT_SELF_SHIELDING_AUDITOR,2,2,5.75,10,1.462670850974041e-16,1.1102230246251565e-16,1.2725500527939393e-16,2.1101816736669225e-15,4.184345846093194e-16,4.336808689942018e-19,1.3552527156068805e-19,1.0141204801825835e+31,-1.0141204801825835e+31,0.0,8.881784197001252e-16,9.62415752833947e-18,1385
SCRIPT_SELF_SHIELDING_AUDITOR,2,2,5.75,11,1.8000437576082439e-16,3.3306690738754696e-16,1.2725500527939393e-16,2.5803043986593507e-15,4.380664632622151e-15,1.0164395367051604e-20,3.8116482626443515e-21,1.188422437713965e+29,-1.188422437713965e+29,1.3430413206680897e-16,8.881784197001252e-16,1.2037391591899472e-17,1385
SCRIPT_SELF_SHIELDING_AUDITOR,2,2,5.75,12,1.5034629996510118e-16,0.0,1.2725500527939393e-16,3.37174673846968e-16,3.713590658901147e-15,1.8214596497756474e-17,1.474514954580286e-17,1.6225927682921336e+32,-1.6225927682921336e+32,2.2435153857702583e-16,8.881784197001252e-16,1.3174892640748104e-17,1381
SCRIPT_SELF_SHIELDING_AUDITOR,2,2,5.75,13,1.167458809175014e-16,1.1102230246251565e-16,3.8176501583818177e-16,3.3504651315347677e-16,1.9111969981515673e-15,6.071532165918825e-18,2.168404344971009e-18,1.6225927682921336e+32,-1.6225927682921336e+32,1.742119228238505e-16,8.881784197001252e-16,1.1073045621098236e-17,1385
SCRIPT_SELF_SHIELDING_AUDITOR,2,2,5.75,14,1.533372176651392e-16,0.0,0.0,6.661222757870911e-16,3.421296529804976e-15,1.0842021724855044e-18,2.4936649967166602e-18,4.056481920730334e+31,-4.056481920730334e+31,0.0,8.881784197001252e-16,1.1001670201212162e-17,1379
SCRIPT_SELF_SHIELDING_AUDITOR,2,2,5.75,15,1.2612831916863623e-16,2.220446049250313e-16,2.5451001055878786e-16,3.5148748940865204e-16,3.016907814843283e-15,3.686287386450715e-18,0.0,3.0423614405477506e+31,-3.0423614405477506e+31,1.8821269609020058e-16,8.881784197001252e-16,1.1889586543384119e-17,1385
SCRIPT_SELF_SHIELDING_AUDITOR,2,2,5.75,16,1.58313546423808e-16,4.440892098500626e-16,1.2725500527939393e-16,6.531033097582204e-16,2.1583806690131857e-16,6.776263578034403e-20,6.098637220230962e-20,2.535301200456459e+30,-2.535301200456459e+30,0.0,8.881784197001252e-16,1.0715940281033627e-17,1385
SCRIPT_SELF_SHIELDING_AUDITOR,2,2,5.75,17,3.744051986900664e-16,2.220446049250313e-16,1.2725500527939393e-16,1.7978552966407984e-15,3.589509187205963e-15,1.6940658945086007e-21,4.0234064994579266e-21,7.922816251426434e+28,-7.922816251426434e+28,1.3967484134417027e-16,8.881784197001252e-16,9.663315542779963e-18,1385
SCRIPT_SELF_SHIELDING_AUDITOR,3,1,5.65,0,0.0,2.220446049250313e-16,1.2778073190657312e-16,1.406897795021327e-16,3.4370924751090422e-15,2.8189256484623115e-18,8.673617379884035e-19,2.028240960365167e+31,-2.028240960365167e+31,0.0,8.881784197001252e-16,1.2349799891543134e-17,1411
SCRIPT_SELF_SHIELDING_AUDITOR,3,1,5.65,1,1.1608943082503475e-16,0.0,1.2778073190657312e-16,4.285108506225927e-16,1.927840123619992e-16,1.0842021724855044e-18,1.3552527156068805e-19,2.028240960365167e+31,-2.028240960365167e+31,1.331734980245638e-16,8.881784197001252e-16,1.1091278299030222e-17,1408
SCRIPT_SELF_SHIELDING_AUDITOR,3,1,5.65,2,0.0,1.1102230246251565e-16,0.0,7.995192885414309e-15,2.0325746292810647e-16,1.1926223897340549e-18,8.131516293641283e-20,1.0141204801825835e+31,-1.0141204801825835e+31,0.0,8.881784197001252e-16,9.058267509079252e-18,1408
SCRIPT_SELF_SHIELDING_AUDITOR,3,1,5.65,3,0.0,3.3306690738754696e-16,1.2778073190657312e-16,1.3873361149742264e-15,6.598319656591313e-15,3.5236570605778894e-19,2.0328790734103208e-20,7.605903601369376e+30,-7.605903601369376e+30,1.2769110605461546e-16,8.881784197001252e-16,1.6136853890254284e-17,1408
SCRIPT_SELF_SHIELDING_AUDITOR,3,1,5.65,4,0.0,1.1102230246251565e-16,1.2778073190657312e-16,1.3354629787550541e-15,2.1244361551095296e-15,2.710505431213761e-20,4.235164736271502e-21,3.1691265005705735e+29,-3.1691265005705735e+29,1.607111847147147e-16,8.881784197001252e-16,1.4064326465582295e-17,1410
SCRIPT_SELF_SHIELDING_AUDITOR,3,1,5.65,5,1.7171238092043884e-16,1.1102230246251565e-16,3.833421957197194e-16,2.967489493162945e-16,3.397244490182117e-15,2.117582368135751e-22,4.896909226313924e-22,9.903520314283042e+27,-9.903520314283042e+27,0.0,8.881784197001252e-16,1.2791872669607983e-17,1411
SCRIPT_SELF_SHIELDING_AUDITOR,3,1,5.65,6,2.0074731534140985e-16,1.1102230246251565e-16,0.0,1.0502150824157444e-15,2.3397260737488064e-15,9.540979117872439e-18,8.239936510889834e-18,1.6225927682921336e+32,-1.6225927682921336e+32,1.1514494477687837e-16,8.881784197001252e-16,1.1570525126295282e-17,1408
SCRIPT_SELF_SHIELDING_AUDITOR,3,1,5.65,7,2.032555884625013e-16,0.0,0.0,8.038692511009186e-16,1.3610075843590407e-15,4.336808689942018e-18,1.734723475976807e-18,1.6225927682921336e+32,-1.6225927682921336e+32,0.0,8.881784197001252e-16,1.4341307383411903e-17,1408
SCRIPT_SELF_SHIELDING_AUDITOR,3,1,5.65,8,4.358210920841286e-16,2.220446049250313e-16,5.111229276262925e-16,2.0871526666918055e-16,5.59672079909839e-15,6.938893903907228e-18,1.951563910473908e-18,8.112963841460668e+31,-8.112963841460668e+31,1.2498945626067409e-16,8.881784197001252e-16,1.0169984266162142e-17,1408
SCRIPT_SELF_SHIELDING_AUDITOR,3,1,5.65,9,1.154685062586428e-16,1.1102230246251565e-16,2.5556146381314623e-16,1.7356540043292694e-15,8.11119188449493e-15,1.3010426069826053e-18,3.144186300207963e-18,4.056481920730334e+31,-4.056481920730334e+31,2.6492239269069725e-16,8.881784197001252e-16,1.1895304788657786e-17,1408
SCRIPT_SELF_SHIELDING_AUDITOR,3,1,5.65,10,1.5028200510600694e-16,1.1102230246251565e-16,2.5556146381314623e-16,1.79041556465372e-15,2.5596378731129987e-16,1.6263032587282567e-19,6.776263578034403e-21,5.070602400912918e+30,-5.070602400912918e+30,1.7239795361109104e-16,8.881784197001252e-16,1.1685436113468818e-17,1408
SCRIPT_SELF_SHIELDING_AUDITOR,3,1,5.65,11,1.8521147958274685e-16,1.1102230246251565e-16,6.389036595328656e-16,2.1944990405506894e-15,1.127113868194758e-15,8.046812998915853e-21,1.4823076576950256e-21,7.922816251426434e+28,-7.922816251426434e+28,0.0,8.881784197001252e-16,1.2317790666715274e-17,1408
SCRIPT_SELF_SHIELDING_AUDITOR,3,1,5.65,12,1.329646555356738e-16,0.0,0.0,1.318108272555907e-15,4.740143749021783e-15,2.6020852139652106e-18,1.0408340855860843e-17,1.6225927682921336e+32,-1.6225927682921336e+32,0.0,8.881784197001252e-16,1.4298954927408797e-17,1401
SCRIPT_SELF_SHIELDING_AUDITOR,3,1,5.65,13,1.1893650224467055e-16,1.1102230246251565e-16,0.0,1.6566784035993183e-15,1.3172915119578418e-15,6.938893903907228e-18,1.951563910473908e-18,6.084722881095501e+31,-6.084722881095501e+31,1.3643955297361516e-16,8.881784197001252e-16,1.6309989211104942e-17,1394
SCRIPT_SELF_SHIELDING_AUDITOR,3,1,5.65,14,0.0,1.1102230246251565e-16,1.2778073190657312e-16,1.3238350387981725e-15,2.1179786421605094e-15,2.4936649967166602e-18,5.963111948670274e-19,2.028240960365167e+31,-2.028240960365167e+31,1.4019277186588502e-16,8.881784197001252e-16,9.301530963918938e-18,1399
SCRIPT_SELF_SHIELDING_AUDITOR,3,1,5.65,15,1.2242142970353378e-16,2.220446049250313e-16,2.5556146381314623e-16,9.007378908709102e-16,2.824970997209285e-16,5.421010862427522e-19,2.168404344971009e-19,2.028240960365167e+31,-2.028240960365167e+31,1.4043733276080477e-16,8.881784197001252e-16,9.448263548040467e-18,1397
SCRIPT_SELF_SHIELDING_AUDITOR,3,1,5.65,16,1.5159223372173408e-16,5.551115123125783e-16,1.2778073190657312e-16,5.345210995695402e-15,1.0815443548915068e-15,1.1519648082658485e-19,6.776263578034403e-21,1.2676506002282294e+30,-1.2676506002282294e+30,1.7390099938130627e-16,8.881784197001252e-16,8.746095077826352e-18,1396
SCRIPT_SELF_SHIELDING_AUDITOR,3,1,5.65,17,0.0,2.220446049250313e-16,2.5556146381314623e-16,1.1118137588934687e-15,8.478695484322686e-16,2.964615315390051e-21,1.2705494208814505e-21,3.961408125713217e+28,-3.961408125713217e+28,2.0482703885325394e-16,8.881784197001252e-16,1.2769106806171342e-17,1393
SCRIPT_SELF_SHIELDING_AUDITOR,3,2,5.65,0,1.1907674784141136e-16,1.1102230246251565e-16,0.0,1.4821336288921145e-15,5.390013291491394e-15,8.673617379884035e-19,1.0842021724855044e-18,1.6225927682921336e+32,-1.6225927682921336e+32,1.4935768817848987e-16,8.881784197001252e-16,1.1711933076764123e-17,1408
SCRIPT_SELF_SHIELDING_AUDITOR,3,2,5.65,1,2.0267348181762342e-16,3.3306690738754696e-16,3.836468407437676e-16,4.326166501133885e-15,3.4317623111110072e-15,6.505213034913027e-19,7.318364664277155e-19,2.028240960365167e+31,-2.028240960365167e+31,1.2710643869649813e-16,8.881784197001252e-16,1.3439671808701036e-17,1408
SCRIPT_SELF_SHIELDING_AUDITOR,3,2,5.65,2,0.0,0.0,1.2788228024792254e-16,8.998661372345829e-16,3.9800210681414076e-15,7.047314121155779e-19,1.3552527156068805e-20,1.0141204801825835e+31,-1.0141204801825835e+31,1.2408697466240945e-16,8.881784197001252e-16,1.5248801541573158e-17,1408
SCRIPT_SELF_SHIELDING_AUDITOR,3,2,5.65,3,3.8850769069886854e-16,4.440892098500626e-16,5.115291209916902e-16,0.0,3.410046901217338e-15,6.776263578034403e-19,2.778268066994105e-19,5.070602400912918e+30,-5.070602400912918e+30,1.2182607346571917e-16,8.881784197001252e-16,1.0357639955722154e-17,1408
SCRIPT_SELF_SHIELDING_AUDITOR,3,2,5.65,4,1.222062378064491e-16,2.220446049250313e-16,1.2788228024792254e-16,4.263268895704308e-16,4.051847512891776e-16,1.6940658945086007e-20,1.4399560103323106e-20,6.338253001141147e+29,-6.338253001141147e+29,1.5328300017120843e-16,8.881784197001252e-16,9.693255215801308e-18,1408
SCRIPT_SELF_SHIELDING_AUDITOR,3,2,5.65,5,0.0,4.440892098500626e-16,0.0,3.907725197563256e-16,1.5118649441148633e-15,1.164670302474663e-21,1.1911400820763599e-22,1.9807040628566084e+28,-1.9807040628566084e+28,0.0,8.881784197001252e-16,1.5510824207837546e-17,1408
SCRIPT_SELF_SHIELDING_AUDITOR,3,2,5.65,6,0.0,3.3306690738754696e-16,3.836468407437676e-16,2.581545884637005e-15,2.0824817524644504e-16,0.0,6.071532165918825e-18,1.6225927682921336e+32,-1.6225927682921336e+32,0.0,8.881784197001252e-16,1.2517232368507294e-17,1408
SCRIPT_SELF_SHIELDING_AUDITOR,3,2,5.65,7,1.7755272858427548e-16,2.220446049250313e-16,2.557645604958451e-16,2.8228576245439125e-15,1.332506758082777e-15,5.204170427930421e-18,6.071532165918825e-18,3.2451855365842673e+32,-3.2451855365842673e+32,1.1135198748645953e-16,8.881784197001252e-16,1.1647907678932296e-17,1408
SCRIPT_SELF_SHIELDING_AUDITOR,3,2,5.65,8,0.0,1.1102230246251565e-16,0.0,1.8323050703485818e-16,1.1386015598544143e-15,4.336808689942018e-19,4.336808689942018e-19,1.6225927682921336e+32,-1.6225927682921336e+32,0.0,8.881784197001252e-16,1.0531367769276561e-17,1408
SCRIPT_SELF_SHIELDING_AUDITOR,3,2,5.65,9,2.0162777798254773e-16,1.1102230246251565e-16,2.557645604958451e-16,1.5237254481935525e-15,3.6899135181627794e-15,4.336808689942018e-18,1.6263032587282567e-18,4.056481920730334e+31,-4.056481920730334e+31,2.5290125350203903e-16,8.881784197001252e-16,1.51154991669523e-17,1408
SCRIPT_SELF_SHIELDING_AUDITOR,3,2,5.65,10,1.3117434357866523e-16,2.220446049250313e-16,1.2788228024792254e-16,2.2972468230374495e-15,1.7086612905717688e-15,5.149960319306146e-19,4.743384504624082e-20,5.070602400912918e+30,-5.070602400912918e+30,0.0,1.7763568394002505e-15,1.5414780144516522e-17,1408
SCRIPT_SELF_SHIELDING_AUDITOR,3,2,5.65,11,1.6165311101904342e-16,0.0,1.2788228024792254e-16,1.9265441302142546e-15,1.5764442920905558e-15,3.3881317890172014e-21,1.4823076576950256e-21,1.5845632502852868e+29,-1.5845632502852868e+29,0.0,1.7763568394002505e-15,1.5350699245193246e-17,1408
SCRIPT_SELF_SHIELDING_AUDITOR,3,2,5.65,12,0.0,0.0,0.0,1.8000318027424886e-15,2.481754286424837e-16,4.336808689942018e-18,3.0357660829594124e-18,1.6225927682921336e+32,-1.6225927682921336e+32,1.458367391003145e-16,8.881784197001252e-16,1.6723659347521856e-17,1396
SCRIPT_SELF_SHIELDING_AUDITOR,3,2,5.65,13,2.0795333171929983e-16,0.0,3.836468407437676e-16,1.2306402350196085e-15,2.8139043117298117e-15,2.6020852139652106e-18,4.336808689942018e-19,8.112963841460668e+31,-8.112963841460668e+31,1.3041769042926325e-16,8.881784197001252e-16,1.666230195776176e-17,1391
SCRIPT_SELF_SHIELDING_AUDITOR,3,2,5.65,14,2.1369528307716117e-16,0.0,2.557645604958451e-16,3.1379151942427582e-15,1.4138359797419889e-15,3.3610267347050637e-18,2.168404344971009e-19,2.028240960365167e+31,-2.028240960365167e+31,2.6803749710699573e-16,8.881784197001252e-16,1.4622655196083125e-17,1395
SCRIPT_SELF_SHIELDING_AUDITOR,3,2,5.65,15,2.1400816454541347e-16,4.440892098500626e-16,2.557645604958451e-16,6.213075743674725e-15,7.543127315973017e-16,3.3610267347050637e-18,1.1926223897340549e-18,2.028240960365167e+31,-2.028240960365167e+31,1.3421497180286935e-16,8.881784197001252e-16,1.1479371218255642e-17,1390
SCRIPT_SELF_SHIELDING_AUDITOR,3,2,5.65,16,1.3248432694186022e-16,1.1102230246251565e-16,1.2788228024792254e-16,1.9322242932305957e-15,3.3692137856839853e-15,5.421010862427522e-20,6.776263578034403e-21,2.535301200456459e+30,-2.535301200456459e+30,1.6617478349570736e-16,8.881784197001252e-16,1.423611200519931e-17,1390
SCRIPT_SELF_SHIELDING_AUDITOR,3,2,5.65,17,1.5604601006904803e-16,2.220446049250313e-16,1.2788228024792254e-16,1.626763277564219e-15,3.0185975749808506e-15,4.235164736271502e-21,2.117582368135751e-21,3.961408125713217e+28,-3.961408125713217e+28,1.9572814790343142e-16,8.881784197001252e-16,1.6570437474346356e-17,1390
SCRIPT_SELF_SHIELDING_AUDITOR,4,1,5.55,0,1.8100681621594252e-16,1.1102230246251565e-16,2.489462307912207e-16,3.768603682833715e-15,8.547379326894023e-15,1.2576745200831851e-17,8.348356728138384e-18,1.2169445762191002e+32,-1.2169445762191002e+32,1.5201323737309692e-16,8.881784197001252e-16,1.689607519444683e-17,1466
SCRIPT_SELF_SHIELDING_AUDITOR,4,1,5.55,1,2.1122555960657144e-16,1.1102230246251565e-16,1.2447311539561035e-16,4.846579195993811e-16,1.3334074861424609e-15,2.168404344971009e-19,5.421010862427522e-20,2.028240960365167e+31,-2.028240960365167e+31,1.7739155797001918e-16,8.881784197001252e-16,1.4445883592558353e-17,1465
SCRIPT_SELF_SHIELDING_AUDITOR,4,1,5.55,2,2.0297748921542594e-16,1.1102230246251565e-16,3.734193461868311e-16,2.2892512453462686e-15,3.965602567718859e-15,4.336808689942018e-19,1.7618285302889447e-19,2.028240960365167e+31,-2.028240960365167e+31,1.7046465925730216e-16,8.881784197001252e-16,1.230062653135192e-17,1465
SCRIPT_SELF_SHIELDING_AUDITOR,4,1,5.55,3,0.0,2.220446049250313e-16,2.489462307912207e-16,1.620798950063181e-15,1.4420337468520084e-15,3.2526065174565133e-19,3.3881317890172014e-20,5.070602400912918e+30,-5.070602400912918e+30,1.6689055169627075e-16,8.881784197001252e-16,1.7412675641097145e-17,1466
SCRIPT_SELF_SHIELDING_AUDITOR,4,1,5.55,4,0.0,0.0,1.2447311539561035e-16,9.013803254088591e-16,2.459707096716354e-15,6.776263578034403e-21,1.6940658945086007e-21,6.338253001141147e+29,-6.338253001141147e+29,2.0945739702710602e-16,8.881784197001252e-16,2.4502726824802987e-17,1467
SCRIPT_SELF_SHIELDING_AUDITOR,4,1,5.55,5,1.5221277217242495e-16,1.1102230246251565e-16,2.489462307912207e-16,2.1946891642931265e-15,4.812964809716075e-16,3.1763735522036263e-22,1.1911400820763599e-22,1.9807040628566084e+28,-1.9807040628566084e+28,1.2783140851369772e-16,8.881784197001252e-16,1.797346113036363e-17,1467
SCRIPT_SELF_SHIELDING_AUDITOR,4,1,5.55,6,0.0,2.220446049250313e-16,0.0,4.743363954541851e-16,2.1531888787008388e-15,1.734723475976807e-18,1.0842021724855044e-18,2.4338891524382005e+32,-2.4338891524382005e+32,3.155202582133146e-16,8.881784197001252e-16,1.653449067564433e-17,1462
SCRIPT_SELF_SHIELDING_AUDITOR,4,1,5.55,7,0.0,2.220446049250313e-16,2.489462307912207e-16,5.72913444813931e-16,1.1191254937029327e-16,8.673617379884035e-19,5.854691731421724e-18,1.6225927682921336e+32,-1.6225927682921336e+32,1.480199861741557e-16,8.881784197001252e-16,1.441988758477088e-17,1460
SCRIPT_SELF_SHIELDING_AUDITOR,4,1,5.55,8,1.8427438822296768e-16,1.1102230246251565e-16,3.734193461868311e-16,2.922288528574738e-16,1.5223926597858574e-15,0.0,9.75781955236954e-19,8.112963841460668e+31,-8.112963841460668e+31,3.0951482274901173e-16,8.881784197001252e-16,1.5274165675905408e-17,1461
SCRIPT_SELF_SHIELDING_AUDITOR,4,1,5.55,9,0.0,1.1102230246251565e-16,1.2447311539561035e-16,9.192964525362783e-16,8.701533173475083e-16,2.6020852139652106e-18,5.421010862427522e-20,8.112963841460668e+31,-8.112963841460668e+31,3.3067177179631855e-16,1.7763568394002505e-15,1.6682655145024654e-17,1461
SCRIPT_SELF_SHIELDING_AUDITOR,4,1,5.55,10,0.0,0.0,2.489462307912207e-16,9.71064087753026e-16,1.6480463607671111e-15,2.981555974335137e-19,1.2197274440461925e-19,7.605903601369376e+30,-7.605903601369376e+30,0.0,1.7763568394002505e-15,1.9571458010284626e-17,1462
SCRIPT_SELF_SHIELDING_AUDITOR,4,1,5.55,11,0.0,1.1102230246251565e-16,0.0,2.2430696514992223e-15,2.5598316922383827e-15,1.2705494208814505e-21,9.529120656610879e-22,1.5845632502852868e+29,-1.5845632502852868e+29,1.3086550920930925e-16,8.881784197001252e-16,1.9473057248446602e-17,1462
SCRIPT_SELF_SHIELDING_AUDITOR,4,1,5.55,12,1.6584901921665235e-16,1.1102230246251565e-16,1.2447311539561035e-16,1.1836408207166826e-15,2.965406834092005e-15,4.336808689942018e-18,3.469446951953614e-18,2.4338891524382005e+32,-2.4338891524382005e+32,0.0,8.881784197001252e-16,2.072057352164932e-17,1453
SCRIPT_SELF_SHIELDING_AUDITOR,4,1,5.55,13,1.8406439224442933e-16,3.3306690738754696e-16,2.489462307912207e-16,1.2964877911947165e-15,4.709742751059244e-15,3.469446951953614e-18,5.204170427930421e-18,8.112963841460668e+31,-8.112963841460668e+31,0.0,8.881784197001252e-16,1.571044408444242e-17,1456
SCRIPT_SELF_SHIELDING_AUDITOR,4,1,5.55,14,1.402826746193987e-16,1.1102230246251565e-16,3.734193461868311e-16,6.213003753173642e-16,1.9823989423402894e-15,7.589415207398531e-19,4.87890977618477e-19,4.056481920730334e+31,-4.056481920730334e+31,1.1781226785852581e-16,8.881784197001252e-16,1.741773178564354e-17,1454
SCRIPT_SELF_SHIELDING_AUDITOR,4,1,5.55,15,3.648527288414892e-16,1.1102230246251565e-16,7.468386923736622e-16,2.063036037960183e-15,3.074045003098023e-15,6.505213034913027e-19,3.2526065174565133e-19,2.028240960365167e+31,-2.028240960365167e+31,0.0,8.881784197001252e-16,1.421508832475636e-17,1455
SCRIPT_SELF_SHIELDING_AUDITOR,4,1,5.55,16,0.0,1.1102230246251565e-16,2.489462307912207e-16,3.0820803884498064e-15,3.4355587688231213e-15,6.776263578034403e-20,8.470329472543003e-20,2.535301200456459e+30,-2.535301200456459e+30,0.0,8.881784197001252e-16,1.6011148513201817e-17,1455
SCRIPT_SELF_SHIELDING_AUDITOR,4,1,5.55,17,1.3109040810128029e-16,3.3306690738754696e-16,2.489462307912207e-16,2.2570170087834814e-16,2.4083573523756195e-15,1.4823076576950256e-21,5.293955920339377e-22,7.922816251426434e+28,-7.922816251426434e+28,0.0,8.881784197001252e-16,1.6174925918675064e-17,1455
SCRIPT_SELF_SHIELDING_AUDITOR,4,2,5.55,0,1.7429076982676652e-16,3.3306690738754696e-16,2.463911604304645e-16,2.228788419669058e-15,4.540646510795391e-15,9.107298248878237e-18,4.9873299934333204e-18,1.6225927682921336e+32,-1.6225927682921336e+32,1.9365718578378351e-16,8.881784197001252e-16,1.8303618568271332e-17,1444
SCRIPT_SELF_SHIELDING_AUDITOR,4,2,5.55,1,0.0,1.1102230246251565e-16,0.0,1.114677469620137e-15,2.529819716775164e-15,9.75781955236954e-19,3.7947076036992655e-19,4.056481920730334e+31,-4.056481920730334e+31,1.1280082791108134e-16,8.881784197001252e-16,1.6663834121653603e-17,1444
SCRIPT_SELF_SHIELDING_AUDITOR,4,2,5.55,2,0.0,3.3306690738754696e-16,0.0,3.610360472824041e-15,5.582860051793151e-15,6.505213034913027e-19,1.6263032587282567e-19,1.0141204801825835e+31,-1.0141204801825835e+31,0.0,8.881784197001252e-16,8.889284679699214e-18,1440
SCRIPT_SELF_SHIELDING_AUDITOR,4,2,5.55,3,1.908953473847685e-16,4.440892098500626e-16,2.463911604304645e-16,1.5975934477480492e-15,1.2767588853210375e-15,2.710505431213761e-19,6.776263578034403e-21,5.070602400912918e+30,-5.070602400912918e+30,0.0,8.881784197001252e-16,1.300656305467398e-17,1440
SCRIPT_SELF_SHIELDING_AUDITOR,4,2,5.55,4,1.1972573762181016e-16,1.1102230246251565e-16,0.0,1.7769499440335427e-16,3.9298543968600184e-16,3.3881317890172014e-21,2.541098841762901e-21,6.338253001141147e+29,-6.338253001141147e+29,1.330291296364834e-16,8.881784197001252e-16,1.8378624748147325e-17,1441
SCRIPT_SELF_SHIELDING_AUDITOR,4,2,5.55,5,0.0,1.1102230246251565e-16,1.2319558021523226e-16,2.163267090333236e-16,1.7857042352865086e-15,1.0587911840678754e-22,3.705769144237564e-22,1.9807040628566084e+28,-1.9807040628566084e+28,0.0,8.881784197001252e-16,1.3716977779947278e-17,1442
SCRIPT_SELF_SHIELDING_AUDITOR,4,2,5.55,6,1.8091665672120555e-16,2.220446049250313e-16,2.463911604304645e-16,7.792419466713145e-16,4.357501402695371e-16,1.3877787807814457e-17,8.673617379884035e-19,4.867778304876401e+32,-4.867778304876401e+32,0.0,8.881784197001252e-16,1.5347428505011477e-17,1440
SCRIPT_SELF_SHIELDING_AUDITOR,4,2,5.55,7,1.696311844265597e-16,1.1102230246251565e-16,3.695867406456968e-16,3.529442861828346e-15,7.926879220371818e-16,2.3418766925686896e-17,6.505213034913027e-19,1.6225927682921336e+32,-1.6225927682921336e+32,1.8847984795677099e-16,8.881784197001252e-16,1.3731082428075899e-17,1440
SCRIPT_SELF_SHIELDING_AUDITOR,4,2,5.55,8,0.0,0.0,1.2319558021523226e-16,2.0163144255793156e-15,1.925582393192277e-15,5.637851296924623e-18,1.4094628242311558e-18,1.6225927682921336e+32,-1.6225927682921336e+32,0.0,8.881784197001252e-16,1.703490316886417e-17,1440
SCRIPT_SELF_SHIELDING_AUDITOR,4,2,5.55,9,0.0,0.0,0.0,1.3592018822440002e-15,2.934944799322929e-16,3.0357660829594124e-18,3.2526065174565133e-19,8.112963841460668e+31,-8.112963841460668e+31,0.0,8.881784197001252e-16,1.8192033376822425e-17,1440
SCRIPT_SELF_SHIELDING_AUDITOR,4,2,5.55,10,0.0,1.1102230246251565e-16,2.463911604304645e-16,1.5314576790684088e-15,1.2507084956271947e-15,9.486769009248164e-20,1.9651164376299768e-19,5.070602400912918e+30,-5.070602400912918e+30,0.0,8.881784197001252e-16,1.1791294490429726e-17,1440
SCRIPT_SELF_SHIELDING_AUDITOR,4,2,5.55,11,2.995150783712852e-16,4.440892098500626e-16,3.695867406456968e-16,2.3273209457581765e-15,7.770663061609612e-16,4.235164736271502e-21,2.541098841762901e-21,1.5845632502852868e+29,-1.5845632502852868e+29,0.0,8.881784197001252e-16,1.6947011966528473e-17,1440
SCRIPT_SELF_SHIELDING_AUDITOR,4,2,5.55,12,0.0,2.220446049250313e-16,2.463911604304645e-16,1.3125310341786563e-14,6.668024429016962e-16,5.204170427930421e-17,5.204170427930421e-18,1.6225927682921336e+32,-1.6225927682921336e+32,1.7766751257560674e-16,8.881784197001252e-16,1.419677596221115e-17,1431
SCRIPT_SELF_SHIELDING_AUDITOR,4,2,5.55,13,1.774198543356981e-16,1.1102230246251565e-16,3.695867406456968e-16,3.3545545859160123e-15,5.3375335876787175e-15,1.0408340855860843e-17,5.854691731421724e-18,8.112963841460668e+31,-8.112963841460668e+31,1.9713396026060524e-16,8.881784197001252e-16,1.4751519938738714e-17,1434
SCRIPT_SELF_SHIELDING_AUDITOR,4,2,5.55,14,1.3523344176825936e-16,0.0,0.0,1.22481003415227e-15,7.164047189827392e-16,2.710505431213761e-18,9.75781955236954e-19,4.056481920730334e+31,-4.056481920730334e+31,1.5025998096586717e-16,8.881784197001252e-16,1.1914541260557262e-17,1433
SCRIPT_SELF_SHIELDING_AUDITOR,4,2,5.55,15,1.7580208837258078e-16,1.1102230246251565e-16,2.463911604304645e-16,7.821149555202162e-16,1.9440867951501007e-15,3.2526065174565133e-19,1.6263032587282567e-19,2.028240960365167e+31,-2.028240960365167e+31,1.953364353315142e-16,8.881784197001252e-16,1.408424125132084e-17,1434
SCRIPT_SELF_SHIELDING_AUDITOR,4,2,5.55,16,0.0,4.440892098500626e-16,1.2319558021523226e-16,1.3291045458166483e-15,2.9797237620659635e-15,2.0328790734103208e-20,3.3881317890172014e-20,2.535301200456459e+30,-2.535301200456459e+30,2.40533153188397e-16,8.881784197001252e-16,1.48388790807212e-17,1434
SCRIPT_SELF_SHIELDING_AUDITOR,4,2,5.55,17,0.0,2.220446049250313e-16,1.2319558021523226e-16,1.1234747963036203e-14,9.747793744429333e-15,1.6940658945086007e-20,6.45862622281404e-21,7.922816251426434e+28,-7.922816251426434e+28,0.0,8.881784197001252e-16,1.582035041931502e-17,1434
