ln_a,z,x_hii,x_heii,x_heiii,w,T,Tcmb,ne_per_h,Gamma_hi,Gamma_hei,Gamma_heii,Nactive,Eactive,emitted_N,emitted_E,abs_HI,abs_HeI,abs_HeII,out_N,out_E,redshift_E,escape_E,work_E,cmb_reservoir_E,number_residual,energy_residual,ci_HI,ci_HeI,ci_HeII,rr_HII,rr_HeII,rr_HeIII,dr_HeII,ci_floor_HI,ci_floor_HeI,ci_floor_HeII,ce_cap_HI_E,ce_cap_HeI_E,ce_cap_HeII_E,excluded_dr_E,underflow_N_bound,underflow_E_bound,cmb_absolute_exchange_E,accepted_steps,rejected_steps,max_residual,packet_count,endpoint_stage_steps,primary_ln_a,primary_accepted_macros,primary_rejected_lte,primary_rejected_physical,primary_trial_evaluations,primary_guarded_microsteps,primary_last_error,primary_max_error,primary_last_guard,primary_max_guard,primary_last_was_guarded,primary_last_error_measured,primary_last_error_factor
-2.5649493574615367,12.0,0.0002,0.0,0.0,6.7046568077842106e-15,30.000000000000004,35.4315,0.0002,0.0,0.0,0.0,0.0,0.0,0.0,0.0,0.0,0.0,0.0,0.0,0.0,0.0,0.0,0.0,0.0,0.0,0.0,0.0,0.0,0.0,0.0,0.0,0.0,0.0,0.0,0.0,0.0,0.0,0.0,0.0,0.0,0.0,0.0,0.0,0.0,0.0,0.0,1024.0,0.0,-2.5649493574615367,0.0,0.0,0.0,0.0,0.0,0.0,0.0,0.0,0.0,0.0,0.0,0.0
-2.5644590985471205,11.993628196157031,0.006869922803060415,0.023120868720781628,7.665944021691831e-05,2.111604001083738e-13,937.4473436901585,35.414133648625985,0.008707358666314266,7.852069604646192e-16,2.833094815678261e-15,8.011384673458929e-16,0.00015427275011811273,1.5356357229696097e-14,0.008661858248375048,4.3792123938212723e-13,0.006670102941590879,0.0018314298847596268,6.052671905782432e-06,0.0,0.0,6.831964943404944e-18,5.816537891051176e-18,1.0271273147125252e-16,3.556056254288731e-18,-6.47051856539349e-16,2.8353554199815695e-25,1.5683922275150408e-13,1.2251080210728318e-14,1.8774630766706673e-16,1.8013868679468056e-07,4.608258774290233e-08,6.108362135379324e-10,0.0,1.5683922275150408e-13,1.2251080210728318e-14,1.8774630766706673e-16,1.0924786537185869e-41,3.438127379664554e-61,7.320381969466833e-44,1.5975258029442889e-43,0.0,0.0,3.556092348139192e-18,11303.0,11.0,9.959811036347065e-16,1024.0,1.0,-2.564458835199905,5652.0,11.0,0.0,16987.0,1.0,0.718780579636919,0.9943385110329243,0.00047580816289240034,0.00047580816289240034,0.0,1.0,1.0
-2.5642237742682013,11.990570839720434,0.010115017531776311,0.03450126587065625,0.00017294698267832074,3.142009332777026e-13,1389.5829539274505,35.40580082365803,0.012866109097777328,7.884278340527259e-16,2.849340286586345e-15,8.038705063750568e-16,0.00015505575815098085,1.54316466740823e-14,0.012821732746467782,6.482379444710386e-13,0.009915465308164785,0.002737555657739864,1.3656022411373245e-05,0.0,0.0,1.0455471792466027e-17,1.468526553233327e-17,2.2644021210347127e-16,1.1774918989812292e-17,-7.788908407135864e-16,2.7505370954522063e-25,3.411530935641528e-13,2.6497923975101062e-14,6.164285240730644e-16,4.4777672911098254e-07,1.1780092412083817e-07,2.3132531749744093e-09,0.0,3.411530935641528e-13,2.6497923975101062e-14,6.164285240730644e-16,2.3396550066473904e-41,3.438127379664554e-61,2.0223454213085337e-43,2.9159459633567776e-43,0.0,8.450286532113151e-297,1.1774955083662754e-17,11599.0,14.0,9.959811036347065e-16,1024.0,1.0,-2.5642223694686033,5800.0,14.0,0.0,17440.0,1.0,0.8099890057689858,0.9943385110329243,0.00047580816289240034,0.00047580816289240034,0.0,1.0,1.0
-2.5639688396327047,11.987259515382084,0.013635113795419323,0.04670755608846248,0.0003203470358050288,4.257098057325055e-13,1875.00131319894,35.39677580917387,0.017373133544898733,7.920102212334989e-16,2.8659936478676317e-15,8.060690139067738e-16,0.0001558622795481782,1.550594210334847e-14,0.017330148792904884,8.761739224913037e-13,0.01343601906059451,0.0037129705324133438,2.5296920347417824e-05,0.0,0.0,1.439952914731049e-17,3.0026270818464973e-17,4.1517809581623968e-16,2.932977409791593e-17,-1.4328815911568427e-15,6.554235053810672e-25,6.199247867312176e-13,4.785538318081829e-14,1.5283584022857899e-15,9.052657945549402e-07,2.413384400327545e-07,6.364890654544462e-09,0.0,6.199247867312176e-13,4.785538318081829e-14,1.5283584022857899e-15,3.513214348886043e-41,3.438127379664554e-61,4.3867826403546995e-43,4.614335707602269e-43,5.24944656362066e-296,3.922591150344151e-296,2.9329810191766395e-17,11913.0,20.0,9.959811036347065e-16,1024.0,1.0,-2.563967235881222,5957.0,20.0,0.0,17929.0,1.0,0.8099887094207731,0.9943385110329243,0.00047580816289240034,0.00047580816289240034,0.0,1.0,1.0
-2.563517801431442,11.981403086046894,0.019873729595979495,0.0679916459617702,0.0006903396413968488,6.226515299236962e-13,2722.602801394013,35.38081411102081,0.025350492115287167,7.98373419783724e-16,2.895621341746155e-15,8.098281963348372e-16,0.00015729354925688303,1.563667704392031e-14,0.025310603968367328,1.279645242785422e-12,0.019675933006249847,0.00542285438551254,5.4523027346350925e-05,0.0,0.0,2.142186344439446e-17,7.417068756943444e-17,8.88242763844104e-16,9.171808813973341e-17,-1.7069679003611782e-15,-1.3530542246350794e-26,1.3127504620636026e-12,1.0023651684984212e-13,4.759137654515892e-15,2.203411582287258e-06,5.923643100755087e-07,2.2529346095937814e-08,0.0,1.3127504620636026e-12,1.0023651684984212e-13,4.759137654515892e-15,3.513214348886043e-41,3.438127379664554e-61,1.1529210159969035e-42,8.197470223326079e-43,1.5798077933106503e-295,1.1690182971017996e-295,9.171812423358387e-17,12476.0,32.0,9.99493841452988e-16,1024.0,2.0,-2.5635168901711722,6239.0,32.0,0.0,18809.0,2.0,0.8099900699673541,0.9943385110329243,0.0004657311965073591,0.00047580816289240034,0.0,1.0,1.0
-2.5634785807182885,11.98089395614441,0.020416859418165706,0.06982349410151471,0.0007290753427311588,6.397576685692493e-13,2795.6444205920207,35.37942647747159,0.02604435769082179,7.989721691367549e-16,2.898373597061562e-15,8.102618246678593e-16,0.0001574206161836269,1.5648381481826102e-14,0.026004782863274612,1.314743313894186e-12,0.020219207807908254,0.0055705712076724355,5.758323150842966e-05,0.0,0.0,2.2035377350445448e-17,7.913940861717957e-17,9.377719791714433e-16,9.947277295731291e-17,-1.8665624601510444e-15,-1.17533963990689e-25,1.384960581889087e-12,1.0564937141303395e-13,5.160202593571548e-15,2.3483911267072154e-06,6.315148112595984e-07,2.4651824288123036e-08,0.0,1.384960581889087e-12,1.0564937141303395e-13,5.160202593571548e-15,3.513214348886043e-41,3.438127379664554e-61,1.2349405638434345e-42,8.540423480322159e-43,1.5798077933106503e-295,1.1690182971017996e-295,9.947280905116337e-17,12516.0,32.0,9.99493841452988e-16,1024.0,2.0,-2.563478298079086,6259.0,32.0,0.0,18869.0,2.0,0.8099893888685127,0.9943385110329243,0.0004657311965073591,0.00047580816289240034,0.0,1.0,1.0
-2.5629883218038727,11.974531516914036,0.027215193080814427,0.0924687608352286,0.0013014980758667084,8.532878922008878e-13,3699.68894846272,35.362085649349204,0.0347208581061009,8.059862935458908e-16,2.932030225426627e-15,8.149519140984625e-16,0.00015896185426402725,1.578646427249066e-14,0.034685765059332525,1.7536296361927368e-12,0.027019827324136613,0.007404161857193579,0.00010281402373760828,0.0,0.0,2.9740666320251824e-17,1.5817871423571864e-16,1.669995026861496e-15,2.35473553453839e-16,-7.008282842946301e-16,2.3728936029048035e-25,2.4474644514530065e-12,1.8447971642577604e-13,1.2185563139075105e-14,4.634245768615988e-06,1.2466801862434915e-06,6.417565505431879e-08,0.0,2.4474644514530065e-12,1.8447971642577604e-13,1.2185563139075105e-14,3.513214348886043e-41,3.438127379664554e-61,2.5600046385507616e-42,1.3207356844568649e-42,2.637590581771662e-295,1.9585900790615544e-295,2.3547358954768945e-16,13110.0,41.0,9.99493841452988e-16,1024.0,2.0,-2.5629874521863725,6556.0,41.0,0.0,19787.0,2.0,0.8099881572154216,0.9943385110329243,0.0004657311965073591,0.00047580816289240034,0.0,1.0,1.0
-2.5624980628894565,11.968172196161712,0.03403028195902595,0.11464244413309256,0.0020361366869404715,1.0662901115837633e-12,4587.463072575207,35.344753320638745,0.043402496499050175,8.132052182871589e-16,2.9657776342783637e-15,8.193442467658704e-16,0.00016058604517824336,1.593501324297936e-14,0.04337319370231154,2.1928481285744025e-12,0.03383814857495354,0.009213576848799686,0.00016088223337756233,0.0,0.0,3.751687206604592e-17,2.715721849241302e-16,2.611328128314947e-15,4.581731404007448e-16,-2.5118795932144167e-15,2.617251156906064e-25,3.802933024186621e-12,2.8321645639779674e-13,2.3670548117476927e-14,7.8666197291561e-06,2.1099422380668407e-06,1.3460022172266014e-07,0.0,3.802933024186621e-12,2.8321645639779674e-13,2.3670548117476927e-14,3.513214348886043e-41,3.438127379664554e-61,4.491552991658337e-42,1.851860931036235e-42,3.7075667972568305e-295,2.7478270499604123e-295,4.581731764945952e-16,13719.0,53.0,9.99493841452988e-16,1024.0,3.0,-2.562496618654347,6861.0,53.0,0.0,20736.0,3.0,0.8099886834299487,0.9943385110329243,0.00045787722453844706,0.00047580816289240034,0.0,1.0,1.0
-2.562262738610537,11.965120829435168,0.03730738426453399,0.12511866903780589,0.002445983759050948,1.1683389392630703e-12,5007.902731316845,35.33643682062555,0.047571381887368806,8.167085753260163e-16,2.9822072859698064e-15,8.214766585198471e-16,0.00016138083929014916,1.600792856728435e-14,0.047545344840823275,2.4037863638692837e-12,0.037117165866916275,0.010073511732104475,0.00019328640251053684,0.0,0.0,4.1274984958765075e-17,3.394192149234703e-16,3.137290044144003e-15,6.018236241675733e-16,-1.8388068845354155e-15,5.985750331072202e-25,4.556296264951405e-12,3.373553816239678e-13,3.107128980480126e-14,9.781606937018928e-06,2.6180905845849094e-06,1.824215639020657e-07,0.0,4.556296264951405e-12,3.373553816239678e-13,3.107128980480126e-14,3.513214348886043e-41,3.438127379664554e-61,5.6534531331894245e-42,2.1277072835016832e-42,3.948064253528522e-295,2.998350465250523e-295,6.018236602614237e-16,14013.0,59.0,9.99493841452988e-16,1024.0,3.0,-2.562260851880082,7008.0,59.0,0.0,21195.0,3.0,0.8099889222681391,0.9943385110329243,0.00045787722453844706,0.00047580816289240034,0.0,1.0,1.0
-2.5620078039750407,11.961815992358964,0.04086206524033742,0.13634632546214706,0.002931708206855094,1.2787476089046124e-12,5459.258580885097,35.327429487174356,0.05208915012527351,8.205339896548835e-16,2.999995588436228e-15,8.236836576905067e-16,0.00016220006600680694,1.6079812760587447e-14,0.05206697383630215,2.632383063219179e-12,0.0406742023640368,0.010998874383394306,0.00023169702286361714,0.0,0.0,4.5365192146130933e-17,4.234376337824598e-16,3.761247872743153e-15,7.877870567413483e-16,-6.175615574477433e-16,7.674038885990003e-27,5.446859532173166e-12,4.0075429568572914e-13,4.064542287160435e-14,1.2137129144556105e-05,3.240146768441375e-06,2.463749946505861e-07,0.0,5.446859532173166e-12,4.0075429568572914e-13,4.064542287160435e-14,3.513214348886043e-41,3.438127379664554e-61,7.094077939742216e-42,2.4409310709706748e-42,4.7881944903533995e-295,3.542261273891288e-295,7.877870928351987e-16,14322.0,65.0,9.99493841452988e-16,1024.0,4.0,-2.562007595298099,7163.0,65.0,0.0,21676.0,4.0,0.6820439414799269,0.9943385110329243,0.0004492936593318348,0.00047580816289240034,0.0,1.0,1.0
-2.561556765773778,11.955971036436965,0.047162277083339615,0.15589818708458653,0.0038964263036204002,1.473720936001405e-12,6247.475316125363,35.31149905980895,0.06008525390111546,8.27331109307254e-16,3.0331043030661745e-15,8.284244997417599e-16,0.00016376309912870688,1.6223726310444364e-14,0.060071025247755164,3.037051914013623e-12,0.04697936068728846,0.012619893577613851,0.00030800788372338403,0.0,0.0,5.265078109999256e-17,6.013404005106995e-16,5.002933063651378e-15,1.202318942664261e-15,-7.563394355258879e-16,-1.6620352639920454e-24,1.1528089179279392e-11,5.245638839866654e-13,6.196631153945072e-14,1.7083615474741548e-05,4.529363279832626e-06,3.9528086795169747e-07,0.0,5.8698459235099365e-12,5.245638839866654e-13,6.196631153945072e-14,3.513214348886043e-41,3.438127379664554e-61,1.0128328501407265e-41,3.029940335833704e-42,5.484984834020953e-295,4.1462406233026265e-295,1.2023189787581114e-15,14877.0,74.0,9.99493841452988e-16,1024.0,5.0,-2.561555831840426,7441.0,74.0,0.0,22535.0,5.0,0.8099870812093499,0.9943385110329243,0.00044701746796942934,0.00047580816289240034,0.0,1.0,1.0
-2.5615175450606245,11.955462903978043,0.04771072033348167,0.15757967926710115,0.003986674029529495,1.4906524955349073e-12,6315.396575847297,35.31011414479215,0.060780696175020625,8.27971199870386e-16,3.0360364045932454e-15,8.288565095669045e-16,0.00016389096283560641,1.6234837035947013e-14,0.06076720990637369,3.0722506594876565e-12,0.04752827933510286,0.012759891560515754,0.00031514804791816673,0.0,0.0,5.32873058100128e-17,6.186120996542037e-16,5.119214412101991e-15,1.2439170237546902e-15,-1.2975731600306517e-15,-2.5081990253683115e-24,1.3465828624803811e-11,5.360115438581447e-13,6.410447812277026e-14,1.755901508486573e-05,4.65314289657634e-06,4.106245983652444e-07,0.0,5.8698459235099365e-12,5.360115438581447e-13,6.410447812277026e-14,3.513214348886043e-41,3.438127379664554e-61,1.0422473661906538e-41,3.0831856655906635e-42,5.787476764857849e-295,4.293811608570866e-295,1.2439170598485407e-15,14917.0,74.0,9.99493841452988e-16,1024.0,5.0,-2.5615169770072637,7461.0,74.0,0.0,22595.0,5.0,0.8099874932364497,0.9943385110329243,0.00044701746796942934,0.00047580816289240034,0.0,1.0,1.0
-2.5610272861462087,11.949112929491971,0.05457626382933181,0.17834404015408742,0.005199739314642065,1.7019823342948198e-12,7156.127691569305,35.29280728933036,0.06947706794380851,8.355973964497675e-16,3.0719160956317174e-15,8.33533441585645e-16,0.0001656124409014401,1.6391888466461122e-14,0.0694738128149386,3.5124361276376367e-12,0.05440039467188874,0.01449666089223298,0.0004111448099156576,0.0,0.0,6.12840372595283e-17,8.622943952123758e-16,6.684674682695184e-15,1.8455669845714603e-15,2.220446049250313e-16,-2.997318030154306e-24,1.7265845156238194e-10,6.879306096587757e-13,9.500615807864355e-14,2.4131015212457175e-05,6.362513810454449e-06,6.390746441872483e-07,0.0,5.8698459235099365e-12,6.879306096587757e-13,9.500615807864355e-14,3.513214348886043e-41,3.438127379664554e-61,1.296077955377924e-41,6.1111618038384e-42,6.782061502541913e-295,5.041863594537855e-295,1.845567020665311e-15,15519.0,86.0,9.99493841452988e-16,1024.0,5.0,-2.5610262272231448,7762.0,86.0,0.0,23534.0,5.0,0.8099879528244899,0.9943385110329243,0.00044701746796942934,0.00047580816289240034,0.0,1.0,1.0
-2.5605370272317924,11.942766067374494,0.06145882141896464,0.19864016935934087,0.006569556896674217,1.9127113326000206e-12,7981.681334469712,35.27550891662918,0.07817823850996643,8.432907524736876e-16,3.1091691972417823e-15,8.387299899878369e-16,0.00016731855135511395,1.654470885367129e-14,0.07818678717867264,3.952939691086654e-12,0.06129072748812486,0.016209147912386042,0.0005195932268086786,0.0,0.0,6.935743997937657e-17,1.1772558457064122e-15,8.457061842163361e-15,2.6111611745440236e-15,2.0539125955565396e-15,-1.027513417155714e-24,1.9171018935564253e-09,8.55478695079507e-13,1.3427344066960486e-13,3.1907986258578825e-05,8.380050924266837e-06,9.439982581489328e-07,0.0,5.8698459235099365e-12,8.55478695079507e-13,1.3427344066960486e-13,3.513214348886043e-41,3.438127379664554e-61,1.296077955377924e-41,3.241567171386421e-39,7.7433250042949174e-295,5.763132424548123e-295,2.6111612106378743e-15,16107.0,95.0,9.99493841452988e-16,1024.0,5.0,-2.5605355074807123,8056.0,95.0,0.0,24443.0,5.0,0.8099856399530098,0.9943385110329243,0.00044701746796942934,0.00047580816289240034,0.0,1.0,1.0
-2.560301702952873,11.939720678623479,0.06476853120929424,0.20821551183102707,0.007282198182564625,2.0136304576275225e-12,8372.581574009291,35.26720870958829,0.08235641869846448,8.470642251686249e-16,3.1270399331964652e-15,8.410767193205975e-16,0.00016818492986598704,1.6624424642911933e-14,0.08237126555801882,4.164503605932525e-12,0.06460461087724596,0.01702243811036432,0.0005760316405443017,0.0,0.0,7.326072183901596e-17,1.3735601706980188e-15,9.381125439620914e-15,3.0421365016076567e-15,1.7486012637846216e-15,-2.0324086144369313e-24,5.245672941878821e-09,9.411558725269229e-13,1.563549599625189e-13,3.6084913620809915e-05,9.461004969019734e-06,1.1212578666119462e-06,0.0,5.8698459235099365e-12,9.411558725269229e-13,1.563549599625189e-13,3.513214348886043e-41,3.438127379664554e-61,1.296077955377924e-41,5.756706849979383e-38,8.027729408553215e-295,5.948046486487099e-295,3.0421365377015074e-15,16397.0,101.0,9.99493841452988e-16,1024.0,5.0,-2.560300323875187,8201.0,101.0,0.0,24896.0,5.0,0.8129892643214023,0.9943385110329243,0.00044701746796942934,0.00047580816289240034,0.0,1.0,1.0
-2.5600467683173767,11.936422316100135,0.0683586103842846,0.2184676590979009,0.008094484977541097,2.1227527976677138e-12,8792.0286353404,35.258219022530916,0.08688413373057274,8.512066612788171e-16,3.146581135574801e-15,8.436263319483963e-16,0.00016911398668081835,1.670860048429372e-14,0.08690623168088646,4.393776645167636e-12,0.06819954013212605,0.017897201106225797,0.000640376455855676,0.0,0.0,7.75091597771662e-17,1.6459537394773786e-15,1.0435729901129407e-14,3.558513514448078e-15,1.8735013540549517e-15,-4.089051035882252e-24,1.4195131034975719e-08,1.0376455334980337e-12,1.82792649738968e-13,4.0943942968046804e-05,1.0716048675610965e-05,1.3381683378628176e-06,0.0,5.8698459235099365e-12,1.0376455334980337e-12,1.82792649738968e-13,3.513214348886043e-41,3.438127379664554e-61,1.296077955377924e-41,9.558933175666398e-37,8.79292334808858e-295,6.523661768980214e-295,3.558513550541928e-15,16749.0,106.0,9.99493841452988e-16,1024.0,5.0,-2.5600457206665483,8377.0,106.0,0.0,25439.0,5.0,0.8123059074440794,0.9943385110329243,0.00044701746796942934,0.00047580816289240034,0.0,1.0,1.0
-2.559595730116114,11.930588811113601,0.07472162898563983,0.23629662125279802,0.009633347549803266,2.315174325568413e-12,9523.539413308872,35.24231980469012,0.09489768027661914,8.588200186497703e-16,3.1822244222742014e-15,8.485817626405776e-16,0.00017075906285330298,1.685617168849038e-14,0.09493373080587067,4.799627943436052e-12,0.07457197517878132,0.01942867811699982,0.0007623184472394347,0.0,0.0,8.50792145371286e-17,2.413986606897115e-15,1.2437588774192802e-14,4.605362053208723e-15,3.2057689836051395e-15,-2.4896197733285462e-24,6.732949922905293e-08,1.1585545378626938e-12,2.176935935694384e-13,5.0413522615056665e-05,1.3154265319529879e-05,1.7910093148418173e-06,8.318909715706324e-25,5.8698459235099365e-12,1.156832706110446e-12,2.176935935694384e-13,3.513214348886043e-41,3.438127379664554e-61,1.296077955377924e-41,1.8826122934347725e-35,1.4166158572469413e-294,9.335372438155416e-295,4.6053620893025736e-15,17558.0,111.0,9.99493841452988e-16,1024.0,6.0,-2.5595955545330225,8782.0,111.0,0.0,26667.0,6.0,0.8113627874729059,0.9943385110329243,0.0004308933393358253,0.00047580816289240034,0.0,1.0,1.0
-2.5595565094029604,11.930081674144134,0.0752756458933064,0.2378283602994771,0.009773294487684272,2.331856063807032e-12,9586.467709293003,35.24093760287984,0.09559472083605738,8.592467794961274e-16,3.1845160743311286e-15,8.484786538495495e-16,0.0001709012856045211,1.6868885583701206e-14,0.09563205101568036,4.834931204096024e-12,0.07512686034775687,0.019560878665802355,0.0007734107165203554,0.0,0.0,8.574055706123045e-17,2.5078116692702833e-15,1.2619855910475675e-14,4.704775135571454e-15,3.760880495917718e-15,-4.3637008486439995e-24,7.625855816890167e-08,1.159265533309858e-12,2.176935935694384e-13,5.129071298202259e-05,1.3379604815304527e-05,1.8348361314764443e-06,1.2909918045214397e-24,5.8698459235099365e-12,1.156832706110446e-12,2.176935935694384e-13,3.513214348886043e-41,3.438127379664554e-61,1.296077955377924e-41,1.8826122934347725e-35,1.506346239806539e-294,9.766543991696413e-295,4.704775171665304e-15,17676.0,114.0,9.99493841452988e-16,1024.0,6.0,-2.55955565184507,8841.0,114.0,0.0,26853.0,6.0,0.8113034303075215,0.9943385110329243,0.0004308933393358253,0.00047580816289240034,0.0,1.0,1.0
-2.5590662504885446,11.923744139982508,0.08221029031432325,0.2567219293568086,0.011604310937362403,2.5394557009095268e-12,10363.032400079786,35.22366465352233,0.10431007067470749,8.674177173398182e-16,3.2244438788361837e-15,8.541912744635048e-16,0.00017277183993849186,1.7040020215283324e-14,0.10436435001276666,5.276419646979427e-12,0.08207297088304351,0.021200029673710107,0.0009185776160727674,0.0,0.0,9.405349178001076e-17,4.3246993626713634e-15,1.5008296119966617e-14,6.06637848981954e-15,-1.7763568394002505e-15,7.4074670088977185e-25,3.193594770549977e-07,1.1957829801711736e-12,2.1769359356945025e-13,6.299992816595807e-05,1.6379125363857482e-05,2.447805446172328e-06,7.745744213076396e-23,5.8698459235099365e-12,1.156832706110446e-12,2.176935935694384e-13,3.513214348886043e-41,3.438127379664554e-61,1.296077955377924e-41,1.8826122934347725e-35,2.9602751651234484e-294,1.6946963190013685e-294,6.0663785259133905e-15,19036.0,118.0,9.99493841452988e-16,1024.0,6.0,-2.559066124562549,9521.0,118.0,0.0,28905.0,6.0,0.8107427249326756,0.9943385110329243,0.0004308933393358253,0.00047580816289240034,0.0,1.0,1.0
-2.5585759915741284,11.917409712091992,0.08916285301455595,0.27514984015287114,0.013586311315843886,2.744429309457713e-12,11117.556514779002,35.20640017030673,0.11303041586596851,8.760836946909635e-16,3.264248515841129e-15,8.594019192115388e-16,0.00017468072107359125,1.721355961000437e-14,0.1131030392461563,5.718227129587253e-12,0.0890378814353552,0.022814682055838916,0.001075795033872838,0.0,0.0,1.0244894500537631e-16,8.200119049506302e-15,1.759909855975112e-14,7.658670154097229e-15,-1.5765166949677223e-14,3.856406488601713e-24,1.09636977873673e-06,1.456407982744159e-12,2.1769359356999104e-13,7.612479054505686e-05,1.9722730815541362e-05,3.191509155615021e-06,2.0787420346992134e-21,5.8698459235099365e-12,1.156832706110446e-12,2.176935935694384e-13,3.513214348886043e-41,3.438127379664554e-61,1.296077955377924e-41,1.8826122934347725e-35,5.205204191474253e-294,2.786684287440529e-294,7.658670190191078e-15,20932.0,122.0,9.99493841452988e-16,1024.0,8.0,-2.558575977443902,10470.0,122.0,0.0,31760.0,8.0,0.874348147866648,0.9943385110329243,0.00042011081120476153,0.00047580816289240034,0.0,1.0,1.0
-2.558340667295209,11.91437028960497,0.09250659860341014,0.28383037163405933,0.014591001447968212,2.841367550558685e-12,11469.952335366148,35.19811622431834,0.11721810185577822,8.797848688000087e-16,3.2842445976920575e-15,8.623396509235946e-16,0.00017554982990098335,1.7289923304858344e-14,0.11729978088682734,5.93040250494157e-12,0.0923876760944094,0.023581034431012053,0.001155520531483479,0.0,0.0,1.0650886220747224e-16,1.1304940892017111e-14,1.8913638299427508e-14,8.509018297949268e-15,-2.142730437526552e-14,3.521979951885938e-25,1.8668080266960705e-06,1.8667918832807256e-12,2.1769359357203286e-13,8.294429899219522e-05,2.145234745323121e-05,3.599364756449053e-06,8.401118379795565e-21,5.8698459235099365e-12,1.156832706110446e-12,2.176935935694384e-13,3.513214348886043e-41,3.438127379664554e-61,1.296077955377924e-41,1.8826122934347725e-35,6.540592475771165e-294,3.4322930724197234e-294,8.509018334043117e-15,22092.0,124.0,9.99493841452988e-16,1024.0,8.0,-2.558340424943076,11050.0,124.0,0.0,33506.0,8.0,0.8103493973304096,0.9943385110329243,0.00042011081120476153,0.00047580816289240034,0.0,1.0,1.0
-2.5580857326597126,11.911078388950097,0.09613420360467273,0.2931129913652365,0.0157179318403495,2.944903119362124e-12,11842.968308488364,35.18914414908349,0.121756481634615,8.845758384862023e-16,3.3055368612926987e-15,8.651574915732706e-16,0.00017657279438662395,1.73829205902262e-14,0.12184808202678836,6.160352969129903e-12,0.09602173103541907,0.024404807630610082,0.0012449705663513371,0.0,0.0,1.1092917789211215e-16,1.5995330533659776e-14,2.0388851698184002e-14,9.495357408838748e-15,-2.1246893133763933e-14,-2.261821987449685e-26,3.1958517518273083e-06,2.8428811016300155e-12,2.176935935816645e-13,9.07232824641805e-05,2.341895932535547e-05,4.08121075210605e-06,3.3927754211807776e-20,5.8698459235099365e-12,1.156832706110446e-12,2.176935935694384e-13,3.513214348886043e-41,3.438127379664554e-61,1.296077955377924e-41,1.8826122934347725e-35,8.209954215233092e-294,4.235200554505121e-294,9.495357444932598e-15,23478.0,124.0,9.99493841452988e-16,1024.0,8.0,-2.558085609077831,11743.0,124.0,0.0,35585.0,8.0,0.8102727336092146,0.9943385110329243,0.00042011081120476153,0.00047580816289240034,0.0,1.0,1.0
-2.55763469445845,11.905256312465339,0.10256580987277417,0.30922851903833093,0.017809614339878467,3.1230125247338137e-12,12475.759913148324,35.17327607962428,0.12979063206104427,8.925417759076166e-16,3.343576926723142e-15,8.700783282780617e-16,0.00017840218754275656,1.7549621318752243e-14,0.12989916846935406,6.56740255969507e-12,0.10246376191605529,0.025845939386000955,0.001411064979735391,0.0,0.0,1.1880744312789053e-16,2.896028199083371e-14,2.312629949827988e-14,1.1410706026341698e-14,-1.96787031114809e-14,9.5384264385021e-24,7.560896191076514e-06,7.801713138313764e-12,2.1769359371223008e-13,0.00010551293943822436,2.713939025748553e-05,5.042795225991092e-06,3.0631226865084444e-19,5.8698459235099365e-12,1.156832706110446e-12,2.176935935694384e-13,3.513214348886043e-41,3.438127379664554e-61,1.296077955377924e-41,1.8826122934347725e-35,1.1628636897910854e-293,5.873978025140494e-294,1.1410706062435548e-14,26416.0,128.0,9.99493841452988e-16,1024.0,8.0,-2.557634421715048,13212.0,128.0,0.0,40004.0,8.0,0.8101773682369732,0.9943385110329243,0.00042011081120476153,0.00047580816289240034,0.0,1.0,1.0
-2.5575954737452964,11.90475016903505,0.10312605228309216,0.3106113243288246,0.017997382518426308,3.1381243553291067e-12,12528.882483421103,35.17189658570503,0.13048969091722457,8.932857698465856e-16,3.3470671747287856e-15,8.706114303114445e-16,0.00017856132716696416,1.7564053910888807e-14,0.13059961827594216,6.602813414445643e-12,0.10302480726411843,0.025970270337352705,0.001425979347280176,0.0,0.0,1.19496037203725e-16,3.043862868570034e-14,2.337186831717347e-14,1.1587714052205126e-14,-2.3897550605056495e-14,9.103025705918036e-24,8.10761686388037e-06,8.577019516183302e-12,2.1769359374343045e-13,0.00010686259785623424,2.7477700091692244e-05,5.133359201210442e-06,3.653444812814891e-19,5.8698459235099365e-12,1.156832706110446e-12,2.176935935694384e-13,3.513214348886043e-41,3.438127379664554e-61,1.296077955377924e-41,1.8826122934347725e-35,1.1953844540776972e-293,6.027766900203834e-294,1.1587714088298975e-14,26694.0,128.0,9.99493841452988e-16,1024.0,8.0,-2.557595334428407,13351.0,128.0,0.0,40421.0,8.0,0.8101707421242603,0.9943385110329243,0.00042011081120476153,0.00047580816289240034,0.0,1.0,1.0
-2.5571052148308806,11.898425050825855,0.11014072830737616,0.32764654571662244,0.020423514443505774,3.320578415902348e-12,13162.180515050755,35.15465747602587,0.1392323263023999,9.02141975125646e-16,3.3891904323317005e-15,8.76033816417825e-16,0.00018054464271267113,1.774179327759587e-14,0.13935755272279318,7.045592630087145e-12,0.11004713282326446,0.0275111264660255,0.00161874879077884,0.0,0.0,1.2815108078759365e-16,5.5000268435145724e-14,2.6539364988294627e-14,1.3943625024688027e-14,-1.1712852909795402e-14,1.1828521200794906e-23,1.821979731796814e-05,2.7552401789321155e-11,2.176935952507127e-13,0.00012462431317245573,3.191121777546732e-05,6.366071772556374e-06,2.7434000225379594e-18,5.8698459235099365e-12,1.156832706110446e-12,2.176935935694384e-13,3.513214348886043e-41,3.438127379664554e-61,1.296077955377924e-41,1.8826122934347725e-35,1.642239481475125e-293,8.154681263015773e-294,1.3943625060781875e-14,30552.0,132.0,9.99493841452988e-16,1024.0,8.0,-2.557105004954269,15280.0,132.0,0.0,46220.0,8.0,0.8101056211110803,0.9943385110329243,0.00042011081120476153,0.00047580816289240034,0.0,1.0,1.0
-2.5566149559164644,11.89210303280223,0.11718161228799609,0.3442188018480773,0.02299443368716408,3.4884501647161035e-12,13728.92331567695,35.13742681590248,0.14798748091081756,9.111605158330404e-16,3.4335168999862778e-15,8.823504427665029e-16,0.00018261932770152644,1.7931163560421805e-14,0.14812199058310496,7.488706955146793e-12,0.11708896794785943,0.029027253580849816,0.0018231497266968098,0.0,0.0,1.368964062153023e-16,9.345034232553318e-14,2.9878913229988145e-14,1.656669236737809e-14,2.609024107869118e-15,-3.2360210291869423e-24,3.675369204069975e-05,7.885310532824855e-11,2.176936050230383e-13,0.00014410935186902406,3.6735064812635205e-05,7.799698980664015e-06,1.4978587475938008e-17,5.8698459235099365e-12,1.156832706110446e-12,2.176935935694384e-13,3.513214348886043e-41,3.438127379664554e-61,1.296077955377924e-41,1.8826122934347725e-35,2.1604703872611712e-293,1.0608023806558924e-293,1.656669240347194e-14,34946.0,136.0,9.99493841452988e-16,1024.0,8.0,-2.5566148578748686,17477.0,136.0,0.0,52823.0,8.0,0.8100583155434364,0.9943385110329243,0.00042011081120476153,0.00047580816289240034,0.0,1.0,1.0
-2.556379631637545,11.889069564890608,0.12057160634572804,0.3520096236061839,0.024279607377217922,3.5628041126707547e-12,13973.621096724424,35.12915909910935,0.15219546200577694,9.155669189934438e-16,3.454588373287281e-15,8.850817318094903e-16,0.0001836238328750707,1.802206847706102e-14,0.15233125693853886,7.701514071113987e-12,0.1204760169981667,0.02974623912124716,0.0019253769862305028,0.0,0.0,1.4112630017153368e-16,1.1786452121340432e-13,3.1538421732605174e-14,1.7920494248031134e-14,-1.942890293094024e-14,-1.8983148823238428e-24,4.969905087272638e-05,1.238360263299736e-10,2.1769361922652378e-13,0.0001541097032774849,3.9194693759322056e-05,8.565877720640838e-06,3.052967671791821e-17,5.8698459235099365e-12,1.156832706110446e-12,2.176935935694384e-13,3.513214348886043e-41,3.438127379664554e-61,1.296077955377924e-41,1.8826122934347725e-35,2.4328862960212582e-293,1.1893206352654234e-293,1.7920494284124982e-14,37200.0,138.0,9.99493841452988e-16,1024.0,8.0,-2.556379614318536,18604.0,138.0,0.0,56210.0,8.0,0.8100405890409546,0.9943385110329243,0.00042011081120476153,0.00047580816289240034,0.0,1.0,1.0
-2.5561246970020486,11.88578411344467,0.12425215308699604,0.36032965864864497,0.025708880441709363,3.638315033008256e-12,14217.087621354718,35.12020460119344,0.15675852831321158,9.204151543324343e-16,3.477790956256693e-15,8.881635351665404e-16,0.00018473434988849,1.8123304340493566e-14,0.15689284210117357,7.932141490650186e-12,0.12415030675982731,0.030518695173722788,0.0020391058177204532,0.0,0.0,1.4573322620191458e-16,1.4915718683460094e-13,3.337447286470935e-14,1.9455727572401347e-14,-1.4516166046973922e-14,-3.919414386823526e-24,6.728769272227663e-05,1.941513514493765e-10,2.1769365041654144e-13,0.0001654413655189914,4.196859758021642e-05,9.45736201389266e-06,6.160842825033072e-17,5.8698459235099365e-12,1.156832706110446e-12,2.176935935694384e-13,3.513214348886043e-41,3.438127379664554e-61,1.296077955377924e-41,1.8826122934347725e-35,2.7491912846528637e-293,1.338078387643546e-293,1.9455727608495195e-14,39714.0,140.0,9.99493841452988e-16,1024.0,8.0,-2.556124656735906,19861.0,140.0,0.0,59987.0,8.0,0.8100233634811334,0.9943385110329243,0.00042011081120476153,0.00047580816289240034,0.0,1.0,1.0
-2.555673658800786,11.879973443071949,0.1307858950936245,0.3747451111354187,0.028331631331916626,3.758315495285915e-12,14590.527610296303,35.10436761909259,0.16484445091988123,9.289858398445446e-16,3.5199516867416385e-15,8.9401073274731e-16,0.00018667549006128137,1.8297349701759465e-14,0.16496763829080552,8.340384038030269e-12,0.13066403952290379,0.031869012745709475,0.002247910532126145,0.0,0.0,1.539461851286561e-16,2.1759871280711101e-13,3.671197734127603e-14,2.234360052106059e-14,-4.829470157119431e-15,-2.4505225646883445e-23,0.00010867961538010673,3.9104658229810267e-10,2.1769378663983846e-13,0.00018682404462464012,4.7165047226338095e-05,1.1202795613754734e-05,1.8137811472057605e-16,5.8698459235099365e-12,1.156832706110446e-12,2.176935935694384e-13,3.513214348886043e-41,3.438127379664554e-61,1.296077955377924e-41,1.8826122934347725e-35,3.3521275389937564e-293,1.6208445429185496e-293,2.2343600557154438e-14,44258.0,142.0,9.99493841452988e-16,1024.0,8.0,-2.5556735694167374,22133.0,142.0,0.0,66809.0,8.0,0.8099962116818774,0.9983494386506625,0.00042011081120476153,0.00047580816289240034,0.0,1.0,1.0
-2.5556344380876324,11.879468291234383,0.13135547229403402,0.3759802850461293,0.028565364211417296,3.7679103722996916e-12,14619.502074421678,35.102990827759314,0.16554844704158378,9.297897746122813e-16,3.5237059002329626e-15,8.945567258224191e-16,0.00018684005498626982,1.8311656806565937e-14,0.16567011192730977,8.375896461684523e-12,0.13123129734837036,0.031985448873806506,0.0022665256501467495,0.0,0.0,1.5466410147081196e-16,2.243581918989029e-13,3.7007163126295834e-14,2.2604900297532838e-14,1.1102230246251565e-16,-2.803043677303717e-23,0.00011294227925062819,4.133332818957613e-10,2.1769380606607197e-13,0.00018876733355202848,4.763487206711202e-05,1.1365317884310448e-05,1.974239282575859e-16,5.8698459235099365e-12,1.156832706110446e-12,2.176935935694384e-13,3.513214348886043e-41,3.438127379664554e-61,1.296077955377924e-41,1.8826122934347725e-35,3.4076271261827626e-293,1.646648192631045e-293,2.2604900333626686e-14,44652.0,142.0,9.99493841452988e-16,1024.0,8.0,-2.5556343741067407,22330.0,142.0,0.0,67400.0,8.0,0.809993972820286,0.9983494386506625,0.00042011081120476153,0.00047580816289240034,0.0,1.0,1.0
-2.5551441791732166,11.873155564653352,0.1384934645540247,0.39117116708955124,0.03156181802867028,3.876592602623277e-12,14935.454002026709,35.08578549146271,0.17435884374983196,9.394478654568618e-16,3.5699905563376045e-15,9.006520678828217e-16,0.0001890525225296092,1.8512704247965852e-14,0.17445389947299977,8.819987276431442e-12,0.13833215555346257,0.03342741584142176,0.0025052755555974144,0.0,0.0,1.6369117330915737e-16,3.1970366382049856e-13,4.0756652160712775e-14,2.6004604003603205e-14,1.1546319456101628e-14,-3.196600703119962e-23,0.0001755639758388814,7.72510233200465e-10,2.1769421339927057e-13,0.0002142549752424614,5.375989406874488e-05,1.355307986762773e-05,5.09790589759712e-16,5.8698459235099365e-12,1.156832706110446e-12,2.176935935694384e-13,3.513214348886043e-41,3.438127379664554e-61,1.296077955377924e-41,1.8826122934347725e-35,4.135062281064774e-293,1.9858793940936182e-293,2.6004604039697053e-14,49548.0,144.0,9.99493841452988e-16,1024.0,10.0,-2.5551440721828915,24779.0,144.0,0.0,74749.0,10.0,0.8099674874715712,0.9983494386506625,0.00040229157954181817,0.00047580816289240034,0.0,1.0,1.0
-2.5546539202588003,11.866845932184274,0.14566609585136225,0.4059041458476314,0.034697018730679326,3.965343688799999e-12,15170.496445737166,35.06858858816824,0.1831896366389141,9.492855030339905e-16,3.616971953952741e-15,9.067345573248254e-16,0.00019126436831181154,1.8710723937677485e-14,0.18324410872837943,9.264398032567294e-12,0.14545288020816494,0.034844672574611595,0.0027552915772931824,0.0,0.0,1.7281628958355325e-16,4.3425085322346784e-13,4.460279346604579e-14,2.964282694841109e-14,2.1094237467877974e-15,-2.5335637433704258e-23,0.0002553033004356394,1.2905575859853851e-09,2.1769505768415467e-13,0.00024208765720547698,6.037139845607183e-05,1.6053256667950488e-05,1.097001603888408e-15,5.8698459235099365e-12,1.156832706110446e-12,2.176935935694384e-13,3.513214348886043e-41,3.438127379664554e-61,1.296077955377924e-41,1.8826122934347725e-35,4.930821650706834e-293,2.3551636036161876e-293,2.964282698450494e-14,54220.0,148.0,9.99493841452988e-16,1024.0,10.0,-2.5546538686386633,27115.0,148.0,0.0,81769.0,10.0,0.8099432247014466,0.9983494386506625,0.00040229157954181817,0.00047580816289240034,0.0,1.0,1.0
-2.554418595979881,11.86381840718236,0.1491209866908315,0.4128135159159533,0.036250532450494984,4.001486613581554e-12,15257.446996377763,35.06033706877552,0.18743529570269543,9.540416618432925e-16,3.641047951982228e-15,9.103710924015853e-16,0.00019236358738754036,1.8810733954043574e-14,0.1874658055615397,9.477835383745804e-12,0.1488780339662796,0.03551614926790354,0.00287925873997406,0.0,0.0,1.772316972910911e-16,4.954539264297662e-13,4.647774063381647e-14,3.147009794348871e-14,5.051514762044462e-15,-2.973003443789222e-23,0.00029928946035458957,1.5950790700407054e-09,2.1769566807610167e-13,0.00025633673576956774,6.372599194264437e-05,1.737459936337668e-05,1.499574309723199e-15,5.8698459235099365e-12,1.156832706110446e-12,2.176935935694384e-13,3.513214348886043e-41,3.438127379664554e-61,1.296077955377924e-41,1.8826122934347725e-35,5.335272225239473e-293,2.542226031834764e-293,3.147009797958256e-14,56344.0,150.0,9.99493841452988e-16,1024.0,10.0,-2.5544183937127056,28177.0,150.0,0.0,84961.0,10.0,0.8099273202964469,0.9983494386506625,0.00040229157954181817,0.00047580816289240034,0.0,1.0,1.0
-2.5541636613443846,11.860539392310619,0.15287198528187576,0.4201799625115757,0.0379687685962477,4.036395311921213e-12,15334.803145132826,35.051400113742595,0.19203915631114454,9.593246872103558e-16,3.666402395268264e-15,9.13749844713119e-16,0.0001935771812987471,1.8921274219807828e-14,0.19204084529663257,9.709145129385679e-12,0.15259370036456263,0.03623713219092241,0.0030164355598567786,0.0,0.0,1.8204184804231972e-16,5.658501204568521e-13,4.8527058460274093e-14,3.350663779737566e-14,8.021361352916756e-15,-3.051844095923182e-23,0.00035074314976815647,1.9625445152898487e-09,2.176964984995905e-13,0.000272458232421495,6.749748705483869e-05,1.890119721302354e-05,2.0313005852967245e-15,5.8698459235099365e-12,1.156832706110446e-12,2.176935935694384e-13,3.513214348886043e-41,3.438127379664554e-61,1.296077955377924e-41,1.8826122934347725e-35,5.794223192945272e-293,2.75389014585909e-293,3.350663783346951e-14,58536.0,152.0,9.99493841452988e-16,1024.0,10.0,-2.5541635632490736,29273.0,152.0,0.0,88255.0,10.0,0.8099120739751626,0.9983494386506625,0.00040229157954181817,0.00047580816289240034,0.0,1.0,1.0
-2.553712623143122,11.85474010570406,0.15952842619850835,0.43291149708620885,0.041098246820016594,4.088604300368762e-12,15434.114129216297,35.035594158096416,0.20019484651900113,9.687494159175473e-16,3.711687560559793e-15,9.196228254474812e-16,0.0001957441218115897,1.9117499246202795e-14,0.20013948152728653,1.0118593839899339e-11,0.15918092756376984,0.03749635062413077,0.0032664592175832793,0.0,0.0,1.90619168199739e-16,6.995833906585591e-13,5.219260210910099e-14,3.724973882148444e-14,8.93729534823251e-15,-1.5758436903988734e-23,0.00045030823687809555,2.6950917736878175e-09,2.176984089474407e-13,0.0003028096021073311,7.45314318831244e-05,2.186078464201815e-05,3.2149724516708352e-15,5.8698459235099365e-12,1.156832706110446e-12,2.176935935694384e-13,3.513214348886043e-41,3.438127379664554e-61,1.296077955377924e-41,1.8826122934347725e-35,6.646704514876082e-293,3.145881947299363e-293,3.724973885757829e-14,62118.0,156.0,9.99493841452988e-16,1024.0,10.0,-2.553712598499291,31064.0,156.0,0.0,93640.0,10.0,0.8098832452549182,0.9983494386506625,0.00040229157954181817,0.00047580816289240034,0.0,1.0,1.0
-2.5536734024299683,11.854235943516574,0.160108451584006,0.4340003835889956,0.04137570024499075,4.092631376161526e-12,15440.747877218408,35.03422006405442,0.20090464506392522,9.696269340474342e-16,3.715844548198644e-15,9.202565200312684e-16,0.00019593605815232108,1.9135033763258114e-14,0.20084401909121585,1.0154213613010602e-11,0.1597545923390736,0.03760485348680104,0.00328863720719608,0.0,0.0,1.913693170350585e-16,7.117070786418183e-13,5.25134770487369e-14,3.7583442897463046e-14,7.188694084447889e-15,-1.4745463771038054e-23,0.0004594225035585882,2.7630294384171445e-09,2.1769860100295285e-13,0.00030556325859384416,7.516542082559136e-05,2.2134556493706095e-05,3.331977962412739e-15,5.8698459235099365e-12,1.156832706110446e-12,2.176935935694384e-13,3.513214348886043e-41,3.438127379664554e-61,1.296077955377924e-41,1.8826122934347725e-35,6.724588002182245e-293,3.181441605977405e-293,3.75834429335569e-14,62408.0,156.0,9.99493841452988e-16,1024.0,10.0,-2.553673397194264,31209.0,156.0,0.0,94075.0,10.0,0.8098799340127628,0.9983494386506625,0.00040229157954181817,0.00047580816289240034,0.0,1.0,1.0
-2.5531831435155525,11.847935584287093,0.1673725508245909,0.4473669383650867,0.04491615169383584,4.137080524108601e-12,15500.916039072605,35.01704843497447,0.20978301727875606,9.800722679155843e-16,3.767066472392543e-15,9.27375927429318e-16,0.00019828850502782124,1.934522037517924e-14,0.20965363477945106,1.0599603709354377e-11,0.16693568987440421,0.038947851558995356,0.0035718048410155645,1e-323,0.0,2.008015379082211e-16,8.689005313606019e-13,5.6549017646933926e-14,4.186182504067237e-14,-8.104628079763643e-15,-2.168441051110691e-23,0.0005784594929332294,3.655403835034213e-09,2.177013164007884e-13,0.00034159854271519367,8.340073605545847e-05,2.5792865404421562e-05,4.964180245985052e-15,5.8698459235099365e-12,1.156832706110446e-12,2.176935935694384e-13,3.513214348886043e-41,3.438127379664554e-61,1.296077955377924e-41,1.8826122934347725e-35,7.691245090781443e-293,3.623563163550379e-293,4.186182507676623e-14,65806.0,160.0,9.99493841452988e-16,1024.0,10.0,-2.553183123339386,32908.0,160.0,0.0,99184.0,10.0,0.8098393650338342,0.9983494386506625,0.00040229157954181817,0.00047580816289240034,0.0,1.0,1.0
-2.5526928846011363,11.841638313107847,0.17466148368068646,0.46028071631476614,0.04858777135106601,4.172534908302506e-12,15526.672385357719,34.99988522237543,0.21867118833991528,9.90822819540364e-16,3.818746183422896e-15,9.341912528463816e-16,0.0002007561452888112,1.956888730823455e-14,0.21846979213890153,1.1045330883358447e-11,0.17413719200974545,0.04026605009903847,0.0038657938848226815,2e-323,0.0,2.1034088684019567e-16,1.034737824778628e-12,6.062351929232013e-14,4.6331956553990064e-14,-6.106226635438361e-15,-4.1876018510497026e-24,0.000705047962581856,4.601493470008056e-09,2.1770451329806814e-13,0.00038075629161030177,9.222672690426156e-05,2.9917199430223022e-05,6.857683845026979e-15,5.8698459235099365e-12,1.156832706110446e-12,2.176935935694384e-13,3.513214348886043e-41,3.438127379664554e-61,1.296077955377924e-41,1.8826122934347725e-35,8.652941500664591e-293,4.0613694329244974e-293,4.633195659008392e-14,68734.0,164.0,9.99493841452988e-16,1024.0,10.0,-2.5526927929553693,34372.0,164.0,0.0,103588.0,10.0,0.809790552599094,0.9983494386506625,0.00040229157954181817,0.00047580816289240034,0.0,1.0,1.0
-2.552457560322217,11.838616719372801,0.17816830629099756,0.46631905989553957,0.05039627959626509,4.1870704781802244e-12,15529.66988454433,34.99164986865056,0.22294027621900306,9.960538902489481e-16,3.843938165797984e-15,9.375056033668545e-16,0.00020196455663150004,1.967868950152893e-14,0.22270394749235536,1.1259398958692052e-11,0.17760126404085727,0.040889990433759196,0.004010728461105908,2.5e-323,0.0,2.1495841207033287e-16,1.1167218532946919e-12,6.259079491538716e-14,4.8543274379680797e-14,-1.4988010832439613e-15,1.3968366359635698e-23,0.0007677585321753452,5.064631945640205e-09,2.1770617083005182e-13,0.0004007162820047174,9.667922271191144e-05,3.207480898722531e-05,7.835208258477043e-15,5.8698459235099365e-12,1.156832706110446e-12,2.176935935694384e-13,3.513214348886043e-41,3.438127379664554e-61,1.296077955377924e-41,1.8826122934347725e-35,9.111193885715265e-293,4.2686066565910935e-293,4.8543274415774654e-14,69981.0,166.0,9.99493841452988e-16,1024.0,11.0,-2.552457304121337,34996.0,166.0,0.0,105464.0,11.0,0.8097625015082429,0.9983494386506625,0.0004039963926009808,0.00047580816289240034,0.0,1.0,1.0
-2.5522026256867205,11.835344128465277,0.18197261969615272,0.4727437649704859,0.052389272104624005,4.201357919519188e-12,15527.485060357341,34.982730422132114,0.22756648621034226,1.001767088215873e-15,3.871176254225824e-15,9.410041306301202e-16,0.0002032254212674459,1.9789696076463323e-14,0.22729239480577434,1.1491379174116184e-11,0.18135909429275388,0.041559530001139426,0.004170545090604735,3e-323,0.0,2.1998942042293136e-16,1.2069355182838263e-12,6.472935880603441e-14,5.098569045101473e-14,-8.854028621385623e-15,1.0294521217163852e-23,0.0008367490738659803,5.567980284209286e-09,2.1770802822700374e-13,0.00042322367043652376,0.00010166422107288379,3.454992466823696e-05,8.930450472022436e-15,5.8698459235099365e-12,1.156832706110446e-12,2.176935935694384e-13,3.513214348886043e-41,3.438127379664554e-61,1.296077955377924e-41,1.8826122934347725e-35,9.609331969055398e-293,4.494707020921557e-293,5.098569048710859e-14,71214.0,168.0,9.99493841452988e-16,1024.0,12.0,-2.5522025084194784,35613.0,168.0,0.0,107319.0,12.0,0.8097474323437969,0.9983494386506625,0.0004041602303240042,0.00047580816289240034,0.0,1.0,1.0
-2.551751587485458,11.829556203322783,0.1887168116032426,0.48381284303375965,0.05599916989918385,4.223661690505148e-12,15512.696314435134,34.96695543215624,0.2357545365636737,1.0119875938326004e-15,3.921809855550105e-15,9.481363258236748e-16,0.00020560600839517423,2.0006516030267344e-14,0.23541497560465566,1.1902043101942009e-11,0.18802145006442605,0.04272763402095487,0.004460285510877816,4e-323,0.0,2.289647434114379e-16,1.369396186736866e-12,6.852962243508572e-14,5.542360028282652e-14,-1.7486012637846216e-15,1.9881415269682732e-23,0.0009607345754168857,6.452897712755675e-09,2.1771140937252948e-13,0.0004653730365702593,0.00011090261071139712,3.929841379189918e-05,1.0929830364084773e-14,5.8698459235099365e-12,1.156832706110446e-12,2.176935935694384e-13,3.513214348886043e-41,3.438127379664554e-61,1.296077955377924e-41,1.8826122934347725e-35,1.048647823652712e-292,4.889473180216458e-293,5.542360031892038e-14,73132.0,172.0,9.99493841452988e-16,1024.0,12.0,-2.5517515383994587,36572.0,172.0,0.0,110208.0,12.0,0.809639972062191,0.9983494386506625,0.0004041602303240042,0.00047580816289240034,0.0,1.0,1.0
-2.5517123667723043,11.82905302884654,0.18930402995141288,0.48475748070681424,0.056318193757713644,4.225451856070221e-12,15510.869090700959,34.96558403012124,0.23646670375843193,1.0129370305892653e-15,3.926275159342699e-15,9.487834856398662e-16,0.00020580385414282245,2.00238135315507e-14,0.23612154877222416,1.1937765041313276e-11,0.1886016115399674,0.04282822565367118,0.004485907724444642,5e-323,0.0,2.2974975334349863e-16,1.3836659871802876e-12,6.886100331007336e-14,5.5816444214913294e-14,1.887379141862766e-15,2.1858893921567313e-23,0.0009716008124634611,6.529123161731246e-09,2.1771170649174317e-13,0.0004691824009879701,0.00011173156715950482,3.9734533264266894e-05,1.110610828924664e-14,5.8698459235099365e-12,1.156832706110446e-12,2.176935935694384e-13,3.513214348886043e-41,3.438127379664554e-61,1.296077955377924e-41,1.8826122934347725e-35,1.056073763800193e-292,4.9233983558059255e-293,5.581644425100715e-14,73280.0,172.0,9.99493841452988e-16,1024.0,12.0,-2.5517121578287,36646.0,172.0,0.0,110430.0,12.0,0.8096299940904779,0.9983494386506625,0.0004041602303240042,0.00047580816289240034,0.0,1.0,1.0
-2.5512221078578885,11.822765012739556,0.19665401616305755,0.49632393688273263,0.060373107849072336,4.246267843352248e-12,15482.487631525895,34.948446042221654,0.24537008084049522,1.024385856126548e-15,3.9814128362273875e-15,9.560419967472617e-16,0.00020843275954965555,2.0261464167754706e-14,0.24495716361960432,1.2384473475993867e-11,0.1958647133571932,0.04407220396541407,0.004811813537446314,6.4e-323,0.0,2.3962354609700165e-16,1.5635268165964416e-12,7.301456193867416e-14,6.081899045730544e-14,-1.1102230246251565e-15,3.709711176844262e-23,0.0011081117946335334,7.46688782579258e-09,2.1771542357887767e-13,0.0005188089887397556,0.00012244474293234459,4.551554957980175e-05,1.3322713297759003e-14,5.8698459235099365e-12,1.156832706110446e-12,2.176935935694384e-13,3.513214348886043e-41,3.438127379664554e-61,1.296077955377924e-41,1.8826122934347725e-35,1.150730788672596e-292,5.347492891262135e-293,6.081899049339929e-14,74980.0,176.0,9.99493841452988e-16,1024.0,12.0,-2.5512216628808444,37496.0,176.0,0.0,112992.0,12.0,0.80950486219918,0.9983494386506625,0.0004041602303240042,0.00047580816289240034,0.0,1.0,1.0
-2.5507318489434723,11.816480078632965,0.20402144329928953,0.5074451548741865,0.06455223187938046,4.264899155085621e-12,15446.55075889309,34.93131645431415,0.2542753605597854,1.0359969775471327e-15,4.0384616488321485e-15,9.639473172757193e-16,0.00021105760799259977,2.0495717942886526e-14,0.2537992440322787,1.2831504704870491e-11,0.20314852155303148,0.04529149757757115,0.005148167293681633,7.4e-323,0.0,2.4961389302993646e-16,1.7454749004312946e-12,7.718738732547454e-14,6.598921795727495e-14,-1.8318679906315083e-15,3.752201118465638e-23,0.0012451970361287796,8.369766171855563e-09,2.1771909036133006e-13,0.0005722752898387448,0.00013381751940578986,5.193846131723085e-05,1.5534730248073116e-14,5.8698459235099365e-12,1.156832706110446e-12,2.176935935694384e-13,3.513214348886043e-41,3.438127379664554e-61,1.296077955377924e-41,1.8826122934347725e-35,1.244722361599662e-292,5.767205978697922e-293,6.59892179933688e-14,76354.0,180.0,9.99493841452988e-16,1024.0,12.0,-2.5507315592115933,38183.0,180.0,0.0,115065.0,12.0,0.8092745282045191,0.9983494386506625,0.0004041602303240042,0.00047580816289240034,0.0,1.0,1.0
-2.550496524664553,11.81346440454476,0.20756392296675505,0.5126256666804978,0.06660136171094207,4.273313298560012e-12,15427.556113024373,34.92309723458674,0.2585503748169431,1.0416883852238143e-15,4.0659720653109766e-15,9.675862664360155e-16,0.0002123817108767716,2.0616252370599423e-14,0.25804590925242665,1.304620771499965e-11,0.20665230715688826,0.045867955086112175,0.005313265298562156,8e-323,0.0,2.544518151258658e-16,1.8333197932808906e-12,7.919665068174106e-14,6.85295125083497e-14,1.2712053631958042e-14,3.6387869016663755e-23,0.0013109682260999504,8.788684009394894e-09,2.1772081461425653e-13,0.0005993524162001416,0.00013951426492635514,5.526305844302105e-05,1.65853238979983e-14,5.8698459235099365e-12,1.156832706110446e-12,2.176935935694384e-13,3.513214348886043e-41,3.438127379664554e-61,1.296077955377924e-41,1.8826122934347725e-35,1.2896114580329746e-292,5.966985789234224e-293,6.852951254444356e-14,76910.0,182.0,9.99493841452988e-16,1024.0,12.0,-2.5504959450844176,38461.0,182.0,0.0,115905.0,12.0,0.8091261839198772,0.9983494386506625,0.0004041602303240042,0.00047580816289240034,0.0,1.0,1.0
-2.5502415900290565,11.810198225016173,0.2114055581878849,0.5181229745599271,0.068852985358614,4.282142803600561e-12,15406.08812611746,34.914195262281574,0.26318152755187085,1.0479378520764592e-15,4.0960590381787e-15,9.715415326539325e-16,0.00021380682420851535,2.074430284026792e-14,0.26264789015527157,1.3278874249891377e-11,0.2104532118393186,0.04648605977903013,0.005494811712707122,8.4e-323,0.0,2.5972340899818884e-16,1.9287524470286243e-12,8.137774764202902e-14,7.132390392420061e-14,-7.216449660063518e-15,3.199670318674358e-23,0.0013820955639981054,9.231209779116648e-09,2.1772264925159034e-13,0.0006297492153962938,0.00014586164822916496,5.904971092983886e-05,1.7711296861270572e-14,5.8698459235099365e-12,1.156832706110446e-12,2.176935935694384e-13,3.513214348886043e-41,3.438127379664554e-61,1.296077955377924e-41,1.8826122934347725e-35,1.3379470919384964e-292,6.181491364437393e-293,7.132390396029447e-14,77442.0,185.0,9.99493841452988e-16,1024.0,12.0,-2.550241294814229,38727.0,185.0,0.0,116712.0,12.0,0.8089327356384115,0.9983494386506625,0.0004041602303240042,0.00047580816289240034,0.0,1.0,1.0
-2.549790551827794,11.80442163907934,0.21821311151902056,0.5275570595651964,0.07291595515041988,4.297270807664245e-12,15366.6992411995,34.89845117731075,0.2713753986137077,1.0590210560090158e-15,4.150764031995102e-15,9.79096841363123e-16,0.00021633699097839556,2.0970672976478847e-14,0.270794384539019,1.3690740716510155e-11,0.2171919859885502,0.04756329806865545,0.005822763490829468,9e-323,0.0,2.6913154845963797e-16,2.098075679653464e-12,8.524743933792824e-14,7.63748849040394e-14,-5.495603971894525e-15,2.5156307261842176e-23,0.0015074319153899278,9.984491906547047e-09,2.177257994200137e-13,0.0006863063848684878,0.00015754373347039868,6.624071601546772e-05,1.9665750890088488e-14,5.8698459235099365e-12,1.156832706110446e-12,2.176935935694384e-13,3.513214348886043e-41,3.438127379664554e-61,1.296077955377924e-41,1.8826122934347725e-35,1.4226886498764124e-292,6.55652798795988e-293,7.637488494013326e-14,78228.0,191.0,9.99493841452988e-16,1024.0,12.0,-2.549789397205464,39120.0,191.0,0.0,117909.0,12.0,0.8081664146408345,0.9983494386506625,0.0004041602303240042,0.00047580816289240034,0.0,1.0,1.0
-2.5497513311146403,11.803919450379299,0.2188056624494058,0.5283598284204408,0.07327405717056547,4.298563018913975e-12,15363.214004336673,34.897082462008775,0.2720878684568983,1.0600936962320526e-15,4.1544738516259906e-15,9.791481123906653e-16,0.0002165608221683889,2.0990283516166982e-14,0.27150300526958265,1.372656609130346e-11,0.21777876477093241,0.04765598900964981,0.0058516906668284775,9.4e-323,0.0,2.699543969758378e-16,2.112820485296198e-12,8.55845749893923e-14,7.682052348125796e-14,-3.552713678800501e-15,2.6408387290608966e-23,0.0015182931233747403,1.0048186045767369e-08,2.1772606721609912e-13,0.0006913954448479873,0.00015858703746998384,6.68966798977805e-05,1.9833195115162407e-14,5.8698459235099365e-12,1.156832706110446e-12,2.176935935694384e-13,3.513214348886043e-41,3.438127379664554e-61,1.296077955377924e-41,1.8826122934347725e-35,1.4302470605440501e-292,6.589684539903597e-293,7.682052351735181e-14,78286.0,193.0,9.99493841452988e-16,1024.0,12.0,-2.5497505727399608,39149.0,193.0,0.0,118002.0,12.0,0.7256715381829315,0.9983494386506625,0.0004041602303240042,0.00047580816289240034,0.0,1.0,1.0
-2.5492610722002245,11.797643753213228,0.22622144477765663,0.5381579069865656,0.07781277203349957,4.314565361440682e-12,15319.4221001333,34.87997804938265,0.2809938224924117,1.0725104347912813e-15,4.215818801864855e-15,9.877625733900398e-16,0.00021943403218245585,2.1250507680600996e-14,0.2803646957576946,1.4174596749416975e-11,0.22512536519233578,0.048801255243815116,0.006218641289376691,1e-322,0.0,2.803097439007595e-16,2.297302409577366e-12,8.98072726691161e-14,8.247709275138598e-14,1.5432100042289676e-14,2.900140464050664e-23,0.0016534557955662406,1.0820002675159579e-08,2.1772932860846868e-13,0.0007573762101452875,0.00017200193062755426,7.552770800501706e-05,2.188970551359641e-14,5.8698459235099365e-12,1.156832706110446e-12,2.176935935694384e-13,3.513214348886043e-41,3.438127379664554e-61,1.296077955377924e-41,1.8826122934347725e-35,1.489661028085178e-292,6.851435018478667e-293,8.247709278747984e-14,78911.0,201.0,9.99493841452988e-16,1024.0,13.0,-2.5492604933200904,39462.0,201.0,0.0,118963.0,13.0,0.8099695374483551,0.9983494386506625,0.00040587293670901146,0.00047580816289240034,0.0,1.0,1.0
-2.5487708132858082,11.79137113200956,0.23365248475240036,0.547519841693734,0.0824676458287471,4.330420438699864e-12,15275.689854498174,34.862882020292055,0.28989894264854993,1.0852332436278637e-15,4.277251159062786e-15,9.958475782343692e-16,0.0002223637307147867,2.151472911804406e-14,0.2892328708677021,1.4622951159990373e-11,0.2324929560847657,0.04992195557549189,0.006595595476744766,1e-322,0.0,2.9079137583375073e-16,2.4819404808947436e-12,9.404557142566492e-14,8.82919995104138e-14,1.4988010832439613e-14,2.821461370630093e-23,0.001787379238083388,1.1547462444570433e-08,2.1773242939350385e-13,0.0008278505703384351,0.00018611284483414106,8.499185890645624e-05,2.3876023930559094e-14,5.8698459235099365e-12,1.156832706110446e-12,2.176935935694384e-13,3.513214348886043e-41,3.438127379664554e-61,1.296077955377924e-41,1.8826122934347725e-35,1.4911268670870246e-292,6.860039068338798e-293,8.829199954650766e-14,79464.0,211.0,9.99493841452988e-16,1024.0,14.0,-2.548768756099078,39739.0,211.0,0.0,119822.0,14.0,0.8099769899783652,0.9983494386506625,0.0004060375343193934,0.00047580816289240034,0.0,1.0,1.0
-2.548535489006889,11.788361365970932,0.237224839367516,0.5518594753132573,0.0847429176566497,4.338038872932337e-12,15254.930724376467,34.85467890295378,0.2941731533643494,1.0913425450738646e-15,4.307890450383833e-15,1.0002639599596741e-15,0.00022372530799535714,2.163430468492166e-14,0.2934919810230127,1.48382746749065e-11,0.23603697354973674,0.05045120662418701,0.006780075541107631,1e-322,0.0,2.9586859116692685e-16,2.570569318985353e-12,9.608547842666088e-14,9.113900576794149e-14,1.404432126150823e-14,1.9293341552945813e-23,0.0018511864535936352,1.1881361899718716e-08,2.177338614833405e-13,0.000863320635704063,0.00019313484999931336,8.98452000138836e-05,2.4804158207900548e-14,5.8698459235099365e-12,1.156832706110446e-12,2.176935935694384e-13,3.513214348886043e-41,3.438127379664554e-61,1.296077955377924e-41,1.8826122934347725e-35,1.4917348045496851e-292,6.863998663759809e-293,9.113900580403534e-14,79712.0,214.0,9.99493841452988e-16,1024.0,14.0,-2.5485343673314746,39863.0,214.0,0.0,120203.0,14.0,0.8099768378406624,0.9983494386506625,0.0004060375343193934,0.00047580816289240034,0.0,1.0,1.0
-2.5482805543713924,11.785101585260659,0.24109860131291985,0.5564483773875147,0.08723677537943433,4.346323496747518e-12,15232.703244761804,34.84579437062792,0.2988029640613185,1.0981492415049301e-15,4.3407633573940936e-15,1.0046226650450138e-15,0.00022529340422270075,2.1775882128907208e-14,0.2981075353010324,1.50716295505481e-11,0.23988162750612288,0.051018161503258073,0.006982452887440317,1e-322,0.0,3.0140272007692265e-16,2.666562514473267e-12,9.829943013833611e-14,9.426394048230171e-14,1.1601830607332886e-14,1.8191511127631038e-23,0.0019199495588013205,1.2232248442723016e-08,2.177353727462469e-13,0.0009029757518898985,0.00020092483282090184,9.533904191631954e-05,2.5791237423806652e-14,5.8698459235099365e-12,1.156832706110446e-12,2.176935935694384e-13,3.513214348886043e-41,3.438127379664554e-61,1.296077955377924e-41,1.8826122934347725e-35,1.4923483143748154e-292,6.86796170678489e-293,9.426394051839557e-14,79994.0,219.0,9.99493841452988e-16,1024.0,14.0,-2.5482785631642804,40004.0,219.0,0.0,120641.0,14.0,0.8099793146621203,0.9983494386506625,0.0004060375343193934,0.00047580816289240034,0.0,1.0,1.0
-2.54782951617013,11.77933631631469,0.24796232606011592,0.5642822244102944,0.09172284611673284,4.361110092655822e-12,15194.19914356097,34.83008113011568,0.306993477374097,1.1103067642865194e-15,4.399590662808538e-15,1.0122915097072682e-15,0.0002281128015893703,2.2030262180885274e-14,0.3062780930253052,1.5484714812806684e-11,0.24669798545223165,0.052005035436804466,0.007346959334692845,1e-322,0.0,3.112822256781978e-16,2.8363036009440728e-12,1.0222681763085245e-13,9.989590203974085e-14,1.3156142841808105e-14,1.954860432010085e-23,0.0020406732702021274,1.2826406115681916e-08,2.1773794782332995e-13,0.0009763326621942361,0.0002151742742010247,0.00010568200990873507,2.7491702710608713e-14,5.8698459235099365e-12,1.156832706110446e-12,2.176935935694384e-13,3.513214348886043e-41,3.438127379664554e-61,1.296077955377924e-41,1.8826122934347725e-35,1.493541073442293e-292,6.875737928243129e-293,9.98959020758347e-14,80506.0,229.0,9.998136121703332e-16,1024.0,14.0,-2.5478287406400777,40260.0,229.0,0.0,121439.0,14.0,0.8099853045173304,0.9983494386506625,0.0004060375343193934,0.00047580816289240034,0.0,1.0,1.0
-2.547790295456976,11.778835111459603,0.248559719677112,0.5649462858533508,0.09211736032083856,4.362405590402198e-12,15190.907434124041,34.82871509628315,0.30770558861093,1.1114307435466396e-15,4.404941918053596e-15,1.0130826074239728e-15,0.0002283585549743799,2.205238542758123e-14,0.30698878957153125,1.5520647500207617e-11,0.24729151325561305,0.05208987449984044,0.007379043261114185,1e-322,0.0,3.12146704760359e-16,2.8510565550432602e-12,1.0256896156434574e-13,1.0039185441861186e-13,1.0769163338864018e-14,1.9273954507339102e-23,0.0020511142355965706,1.287651038385297e-08,2.177381659695871e-13,0.0009829078139743609,0.00021644162572301891,0.00010662007811120425,2.7636853196837155e-14,5.8698459235099365e-12,1.156832706110446e-12,2.176935935694384e-13,3.513214348886043e-41,3.438127379664554e-61,1.296077955377924e-41,1.8826122934347725e-35,1.493541073442293e-292,6.875737928243129e-293,1.0039185445470572e-13,80542.0,229.0,9.998136121703332e-16,1024.0,14.0,-2.5477888138516604,40278.0,229.0,0.0,121493.0,14.0,0.8099841996466076,0.9983494386506625,0.0004060375343193934,0.00047580816289240034,0.0,1.0,1.0
-2.5473000365425604,11.772571709100236,0.2560356241422409,0.5730165448672755,0.09710806725274893,4.378746560437552e-12,15150.557833744013,34.81164419315269,0.31660662514535454,1.1249588723138924e-15,4.470029658562469e-15,1.0215752252863857e-15,0.00023143303434380313,2.2326661733994487e-14,0.31587653660369175,1.5969988930197993e-11,0.2547225636077501,0.053137226887585265,0.007785313074004599,1e-322,0.0,3.2302595218714105e-16,3.0353536704314638e-12,1.0685438350806292e-13,1.0667487434442233e-13,-7.993605777301127e-15,2.3419551092907596e-23,0.0021808626372798495,1.3482609723906882e-08,2.1774081855146015e-13,0.0010678021026606134,0.0002326657291049727,0.00011888671216678865,2.9415838261852375e-14,5.8698459235099365e-12,1.156832706110446e-12,2.176935935694384e-13,3.513214348886043e-41,3.438127379664554e-61,1.296077955377924e-41,1.8826122934347725e-35,1.4947552688145806e-292,6.883497528773259e-293,1.0667487438051619e-13,81082.0,239.0,9.998136121703332e-16,1024.0,14.0,-2.547299470425083,40548.0,239.0,0.0,122333.0,14.0,0.7318015858107083,0.9983494386506625,0.0004060375343193934,0.00047580816289240034,0.0,1.0,1.0
-2.546809777628144,11.766311376677107,0.2635263147923326,0.5806623364240279,0.10220599877237715,4.395404238391065e-12,15111.827858738585,34.794581657133456,0.3255058674740786,1.1387925881230063e-15,4.5383537670238165e-15,1.0311252399718595e-15,0.00023463874159934754,2.261629269523524e-14,0.32477088317177766,1.6419670421695465e-11,0.2621749159931639,0.05416024236290629,0.008201086074101024,1e-322,0.0,3.340436928192127e-16,3.2194145428635454e-12,1.1115597840738252e-13,1.1311225677276088e-13,-7.105427357601002e-15,3.191753941718284e-23,0.0023092114879812407,1.4052957684878791e-08,2.1774334088116588e-13,0.0011578126886745922,0.0002495983740049644,0.00013219143439820562,3.1131949558041496e-14,5.8698459235099365e-12,1.156832706110446e-12,2.176935935694384e-13,3.513214348886043e-41,3.438127379664554e-61,1.296077955377924e-41,1.8826122934347725e-35,1.4959844734117906e-292,6.891381122744183e-293,1.1311225680885474e-13,81622.0,247.0,9.998136121703332e-16,1024.0,14.0,-2.546809092435054,40818.0,247.0,0.0,123167.0,14.0,0.809987142322144,0.9983494386506625,0.0004060375343193934,0.00047580816289240034,0.0,1.0,1.0
-2.5465744533492245,11.763307507113508,0.26712711457792065,0.5841824374574089,0.10469080566119016,4.403517190084107e-12,15093.819616657427,34.78639461063786,0.32977690790264086,1.1455433291369008e-15,4.570958560185095e-15,1.0353745092321956e-15,0.00023619223939634197,2.275559721536959e-14,0.3290425741937183,1.6635632181585427e-11,0.26575966311439203,0.054642693184858884,0.008404025655058704,1e-322,0.0,3.3938173988110573e-16,3.307673932481358e-12,1.1322658312586796e-13,1.1625684038767648e-13,-1.2323475573339238e-14,3.7817663630158734e-23,0.0023703315825849953,1.431472387401756e-08,2.1774450844141762e-13,0.001202880118913206,0.00025797777965481537,0.00013896205044976805,3.193456051673913e-14,5.8698459235099365e-12,1.156832706110446e-12,2.176935935694384e-13,3.513214348886043e-41,3.438127379664554e-61,1.296077955377924e-41,1.8826122934347725e-35,1.4964060255842829e-292,6.894447730268288e-293,1.1625684042377034e-13,81886.0,252.0,9.998136121703332e-16,1024.0,14.0,-2.5465724606650952,40950.0,252.0,0.0,123578.0,14.0,0.80998981612087,0.9983494386506625,0.0004060375343193934,0.00047580816289240034,0.0,1.0,1.0
-2.5463195187137284,11.76005411268554,0.2710315811518258,0.5878868483715511,0.10740965406738093,4.4124026561946595e-12,15074.770959519221,34.777527484124434,0.33440311982337684,1.1529682887474898e-15,4.606827386229075e-15,1.0401384763089333e-15,0.00023790820807477722,2.2910489401182345e-14,0.33367173818932727,1.6869676854935055e-11,0.2696484787239327,0.05515905418284368,0.008626297074455903,1e-322,0.0,3.4520217807533437e-16,3.403220785496302e-12,1.1547407114491462e-13,1.1970336794588895e-13,-2.020605904817785e-14,4.3733943714473553e-23,0.0024361953713768745,1.4589917099126747e-08,2.17745743493838e-13,0.0012530929433368157,0.0002672396328056867,0.00014658754304258458,3.278931849961915e-14,5.8698459235099365e-12,1.156832706110446e-12,2.176935935694384e-13,3.513214348886043e-41,3.438127379664554e-61,1.296077955377924e-41,1.8826122934347725e-35,1.497206777267117e-292,6.899074252377439e-293,1.197033679819828e-13,82168.0,257.0,9.998136121703332e-16,1024.0,14.0,-2.5463185441437846,41091.0,257.0,0.0,124016.0,14.0,0.8099908492525109,0.9983494386506625,0.0004060375343193934,0.00047580816289240034,0.0,1.0,1.0
-2.5458684805124654,11.754300138559152,0.27794933401611427,0.5941642907827632,0.1122886452724301,4.4283620816241156e-12,15042.196939324498,34.76184502764297,0.34258682727882134,1.166155442069582e-15,4.671814623451474e-15,1.0490681460564986e-15,0.00024092502175488757,2.3179541336136383e-14,0.34186635648994823,1.7283972710181785e-11,0.27654301635988304,0.056056679725878286,0.00902573538240245,1e-322,0.0,3.555956686068608e-16,3.57209393871254e-12,1.1946158777145364e-13,1.2590249214612713e-13,-2.9531932455029164e-14,5.551480509481863e-23,0.002551854005631086,1.505637405620394e-08,2.1774785695916044e-13,0.0013455363492469897,0.00028409456732789254,0.00016084233480130416,3.4265854718033436e-14,5.8698459235099365e-12,1.156832706110446e-12,2.176935935694384e-13,3.513214348886043e-41,3.438127379664554e-61,1.296077955377924e-41,1.8826122934347725e-35,1.498145507406038e-292,6.905646767469348e-293,1.25902492182221e-13,82661.0,265.0,9.998136121703332e-16,1024.0,15.0,-2.5458676657972887,41338.0,265.0,0.0,124779.0,15.0,0.8099900259175524,0.9983494386506625,0.00040787239620641906,0.00047580816289240034,0.0,1.0,1.0
-2.545829259799312,11.753799915621562,0.27855136768758937,0.5946935177668893,0.1127170517839908,4.429763929171844e-12,15039.431690857744,34.760481670026564,0.34329828516139493,1.1673763335695573e-15,4.677579611176746e-15,1.0498921487077936e-15,0.0002411827470089516,2.3202029770864043e-14,0.34257910637496153,1.732000845827411e-11,0.2771433036744755,0.056133776236003866,0.009060843717435076,1e-322,0.0,3.565052285822858e-16,3.5867682473649635e-12,1.1980901135014242e-13,1.2644766115568027e-13,-3.813616089587413e-14,5.203806158268168e-23,0.002561859739434654,1.509574518807201e-08,2.177480366073417e-13,0.0013537957261682127,0.0002855884724281026,0.00016212910313176523,3.439217428270035e-14,5.8698459235099365e-12,1.156832706110446e-12,2.176935935694384e-13,3.513214348886043e-41,3.438127379664554e-61,1.296077955377924e-41,1.8826122934347725e-35,1.4984185936841923e-292,6.906791524849624e-293,1.2644766119177412e-13,82697.0,265.0,9.998136121703332e-16,1024.0,15.0,-2.545827470880147,41356.0,265.0,0.0,124833.0,15.0,0.8099897834358567,0.9983494386506625,0.00040787239620641906,0.00047580816289240034,0.0,1.0,1.0
-2.545339000884896,11.74754878398196,0.2860856559195964,0.6010860922712293,0.11812519783012267,4.447498407093279e-12,15005.81483907749,34.74344421074284,0.35219116812471285,1.182194015079951e-15,4.749136373769282e-15,1.0593282433656742e-15,0.00024460563292521875,2.3510101038650035e-14,0.35149308861264383,1.7770680868248093e-11,0.28465947284984067,0.057084465825964686,0.00950454430387177,1e-322,0.0,3.6795614312479847e-16,3.770061834583993e-12,1.2416115746116272e-13,1.3334463595247578e-13,-4.1522341120980855e-14,4.7226843097949424e-23,0.002686255834095733,1.5572564341465388e-08,2.1775022985845448e-13,0.0014600727641745745,0.0003046427062746468,0.00017887079119016037,3.594466598750679e-14,5.8698459235099365e-12,1.156832706110446e-12,2.176935935694384e-13,3.513214348886043e-41,3.438127379664554e-61,1.296077955377924e-41,1.8826122934347725e-35,1.4995448039925154e-292,6.914076591797259e-293,1.3334463598856963e-13,83241.0,275.0,9.998136121703332e-16,1024.0,15.0,-2.545337814379823,41628.0,275.0,0.0,125679.0,15.0,0.8099925782202255,0.9983494386506625,0.00040787239620641906,0.00047580816289240034,0.0,1.0,1.0
-2.54484874197048,11.741300716264258,0.2936342594707822,0.6070681834828606,0.12363274714149924,4.465603104607427e-12,14973.879505235875,34.72641510217823,0.3610816550838763,1.1972979283462919e-15,4.8217133316941295e-15,1.0688214044743057e-15,0.00024804345794060973,2.3816411296408085e-14,0.36041358746905094,1.8221677946818984e-11,0.29219689717631037,0.058011298722127444,0.009957348112624885,1e-322,0.0,3.795579250077845e-16,3.953113019047782e-12,1.2853087461366256e-13,1.4039386153989608e-13,-4.7628567756419216e-14,4.126532657388561e-23,0.00280943808166032,1.6022350253445488e-08,2.1775233221632006e-13,0.0015720757870153472,0.0003243991688266024,0.00019686807536126597,3.74507852624979e-14,5.8698459235099365e-12,1.156832706110446e-12,2.176935935694384e-13,3.513214348886043e-41,3.438127379664554e-61,1.296077955377924e-41,1.8826122934347725e-35,1.5006931690270142e-292,6.921391853755523e-293,1.4039386157598993e-13,83773.0,285.0,9.998136121703332e-16,1024.0,15.0,-2.544847794318767,41894.0,285.0,0.0,126507.0,15.0,0.7391513028749144,0.9983494386506625,0.00040787239620641906,0.00047580816289240034,0.0,1.0,1.0
-2.5446134176915605,11.738302731623826,0.2972627856664248,0.6097950093862817,0.12631073297691847,4.4744241217804464e-12,14959.135569892587,34.71824409504073,0.36534829687748677,1.2046444249359942e-15,4.858713547594289e-15,1.0742167292448713e-15,0.0002497476340017002,2.3969867921606026e-14,0.3646978927893913,1.8438279256748023e-11,0.2958225504964349,0.0584477255045276,0.010177869154374823,1e-322,0.0,3.8518121185408775e-16,4.0408957828595825e-12,1.306346861425805e-13,1.438314487154422e-13,-5.229150445984487e-14,4.5123348649621217e-23,0.002868150548714805,1.62291875150147e-08,2.177533115098967e-13,0.0016279153785463667,0.0003341304944704791,0.0002059691827362283,3.815836609141842e-14,5.8698459235099365e-12,1.156832706110446e-12,2.176935935694384e-13,3.513214348886043e-41,3.438127379664554e-61,1.296077955377924e-41,1.8826122934347725e-35,1.5009827703750626e-292,6.923711910398046e-293,1.4383144875153607e-13,84027.0,288.0,9.998136121703332e-16,1024.0,15.0,-2.544611840133964,42021.0,288.0,0.0,126897.0,15.0,0.808741789807517,0.9983494386506625,0.00040787239620641906,0.00047580816289240034,0.0,1.0,1.0
-2.544358483056064,11.735055710966693,0.30119716468880786,0.6126439785688422,0.12923661413103002,4.4840791237456665e-12,14943.600006629975,34.709394340239726,0.36996957575440537,1.2127610735730838e-15,4.897876880360771e-15,1.0794291695329352e-15,0.0002516264385844583,2.4139355950530196e-14,0.36934071011169695,1.8673016336231385e-11,0.299755658485175,0.0589143576485825,0.010419067539303975,1e-322,0.0,3.913142059319701e-16,4.135937093319057e-12,1.3291852461547644e-13,1.4759493489781036e-13,-5.101474798152594e-14,4.7873077951506477e-23,0.0029314617357644457,1.644693254906732e-08,2.177543519379009e-13,0.0016899555319469025,0.000344853619163953,0.0002161769502357585,3.891430883571619e-14,5.8698459235099365e-12,1.156832706110446e-12,2.176935935694384e-13,3.513214348886043e-41,3.438127379664554e-61,1.296077955377924e-41,1.8826122934347725e-35,1.5018474902849758e-292,6.92866266568703e-293,1.4759493493390422e-13,84307.0,293.0,9.998136121703332e-16,1024.0,15.0,-2.54435634577394,42161.0,293.0,0.0,127332.0,15.0,0.809992289316114,0.9983494386506625,0.00040787239620641906,0.00047580816289240034,0.0,1.0,1.0
-2.5439074448548014,11.729313009532058,0.30816755102389287,0.6174181636742185,0.13447601473521575,4.501391714523508e-12,14917.135569602266,34.69374260747963,0.37814414521952316,1.2272746430212303e-15,4.9678750595144465e-15,1.0885530514330914e-15,0.0002549841090117198,2.444061845600595e-14,0.37755952120487524,1.9088536186089152e-11,0.3067285278404298,0.05972433360846665,0.010851675646905342,1e-322,0.0,4.022685158026233e-16,4.3039501405066175e-12,1.3697130924035908e-13,1.5435372181312e-13,-6.17284001691587e-14,5.331437541845686e-23,0.0030427476183574847,1.6816742112391864e-08,2.177561436199641e-13,0.0018037244346971102,0.0003642837086276649,0.00023514816803350607,4.0226187762247245e-14,5.8698459235099365e-12,1.156832706110446e-12,2.176935935694384e-13,3.513214348886043e-41,3.438127379664554e-61,1.296077955377924e-41,1.8826122934347725e-35,1.5028896904790712e-292,6.934997283828403e-293,1.5435372184921386e-13,84815.0,303.0,9.998136121703332e-16,1024.0,15.0,-2.543907077576289,42415.0,303.0,0.0,128124.0,15.0,0.25340019129727803,0.9983494386506625,0.00040787239620641906,0.00047580816289240034,0.0,1.0,1.0
-2.543868224141648,11.72881376658827,0.30877413945761895,0.6178173576362358,0.1349352823172093,4.502912784410771e-12,14914.902275745659,34.69238192083633,0.378854764900039,1.2286104837768512e-15,4.974265211951994e-15,1.0894940474623557e-15,0.00025528173590532913,2.4467543898278146e-14,0.37827436511834467,1.9124680861019258e-11,0.30733561990893227,0.059793823994271196,0.010889639479172247,1e-322,0.0,4.03227625759791e-16,4.318552098082738e-12,1.3732446614405767e-13,1.5494749420661807e-13,-6.361577931102147e-14,5.294925272619713e-23,0.0030523818951328063,1.6847999400707163e-08,2.1775629659687491e-13,0.0018138623462490996,0.00036600084589910516,0.00023685403330091635,4.033878873888887e-14,5.8698459235099365e-12,1.156832706110446e-12,2.176935935694384e-13,3.513214348886043e-41,3.438127379664554e-61,1.296077955377924e-41,1.8826122934347725e-35,1.5030463129297059e-292,6.936097340052095e-293,1.5494749424271192e-13,84851.0,303.0,9.998136121703332e-16,1024.0,15.0,-2.543866856281319,42433.0,303.0,0.0,128178.0,15.0,0.8099953039627816,0.9983494386506625,0.00040787239620641906,0.00047580816289240034,0.0,1.0,1.0
-2.543377965227232,11.722574881628702,0.3163650906461341,0.6225925782452881,0.14072669442143027,4.522101468227381e-12,14887.74961562793,34.675377839879026,0.387737140679409,1.2447402971368965e-15,5.053167296857125e-15,1.100357938663663e-15,0.0002589486463169035,2.479361602294513e-14,0.3872145572248189,1.9576671750373603e-11,0.31493678453256574,0.06064986532731666,0.011368958718555125,1e-322,0.0,4.153024700833932e-16,4.500977552762865e-12,1.4174905260120823e-13,1.6245121581422165e-13,-6.444844657949034e-14,4.8748726178076283e-23,0.0031722524614676405,1.7227104242560778e-08,2.1775817311061518e-13,0.0019439463476967594,0.0003878347122631197,0.0002589565276140095,4.172754268987941e-14,5.8698459235099365e-12,1.156832706110446e-12,2.176935935694384e-13,3.513214348886043e-41,3.438127379664554e-61,1.296077955377924e-41,1.8826122934347725e-35,1.5041846836371683e-292,6.943165672537587e-293,1.624512158503155e-13,85371.0,310.0,9.998136121703332e-16,1024.0,15.0,-2.5433772322917494,42693.0,310.0,0.0,128979.0,15.0,0.809993261087508,0.9983494386506625,0.00040787239620641906,0.00047580816289240034,0.0,1.0,1.0
-2.542887706312816,11.71633905458846,0.3239699426484845,0.6269744172834483,0.14660769001918925,4.541639538576362e-12,14862.097512530598,34.65838209328084,0.39661650559494444,1.2613330690467438e-15,5.1330334052867524e-15,1.110903042269918e-15,0.00026277856499985736,2.51375556046548e-14,0.3961613876866249,2.0029004698399242e-11,0.32255917373299087,0.06148260210914435,0.01185683327941895,1e-322,0.0,4.2754247291252543e-16,4.683233153501083e-12,1.4619262584835213e-13,1.7010577922946298e-13,-7.088774012231625e-14,5.58056107789193e-23,0.0032911252453811895,1.758567575893115e-08,2.1775998777388684e-13,0.0020803563296745253,0.00041034806561480156,0.0002825419623395344,4.308364953004602e-14,5.8698459235099365e-12,1.156832706110446e-12,2.176935935694384e-13,3.513214348886043e-41,3.438127379664554e-61,1.296077955377924e-41,1.8826122934347725e-35,1.5056462827676793e-292,6.951106735893881e-293,1.7010577926555684e-13,85912.0,320.0,9.998136121703332e-16,1024.0,16.0,-2.542885482885194,42964.0,320.0,0.0,129820.0,16.0,0.8099957070068474,0.9983494386506625,0.00040976689058822176,0.00047580816289240034,0.0,1.0,1.0
-2.5426523820338964,11.713346943341959,0.32762514633027434,0.6289392858839689,0.14946185946338328,4.551138527760265e-12,14850.298898452838,34.65022709407851,0.4008774888153324,1.269850917627038e-15,5.171977668525513e-15,1.1160374940394346e-15,0.0002646601272958269,2.5306460610715825e-14,0.40045821104295637,2.0246243316803063e-11,0.3262254258709181,0.061874097776606206,0.012094027268070517,1e-322,0.0,4.3347730590585675e-16,4.770661276319374e-12,1.4833238397435322e-13,1.7383346660293765e-13,-6.578071420904053e-14,5.878152227954953e-23,0.003347844371796136,1.7750885452568123e-08,2.177608385437453e-13,0.002148123912219842,0.0004213935263346053,0.00029440678434456113,4.372383017674544e-14,5.8698459235099365e-12,1.156832706110446e-12,2.176935935694384e-13,3.513214348886043e-41,3.438127379664554e-61,1.296077955377924e-41,1.8826122934347725e-35,1.5063058234919131e-292,6.954238659954872e-293,1.738334666390315e-13,86139.0,322.0,9.998136121703332e-16,1024.0,17.0,-2.542651879207132,43078.0,322.0,0.0,130166.0,17.0,0.809997105212337,0.9983494386506625,0.00041000114269111506,0.00047580816289240034,0.0,1.0,1.0
-2.5423974473984,11.710106283968726,0.33158846041446516,0.6309671819681018,0.15257693180945958,4.561514763659512e-12,14837.880156098492,34.64139467695676,0.40549275348712466,1.2782614095059805e-15,5.2140581754316565e-15,1.1215346149328088e-15,0.0002666305383091994,2.5480331931903222e-14,0.4051147587112923,2.048166350762569e-11,0.3302026515894532,0.062292260838469594,0.012353215744994556,1e-322,0.0,4.3995109047140117e-16,4.86533898944387e-12,1.5065552291017001e-13,1.779109093388859e-13,-6.572520305780927e-14,5.445821110925285e-23,0.0034090501481457798,1.7925026672590305e-08,2.177617463342941e-13,0.002223241322912976,0.00043353293890072126,0.0003076684971046642,4.44099765933891e-14,5.8698459235099365e-12,1.156832706110446e-12,2.176935935694384e-13,3.513214348886043e-41,3.438127379664554e-61,1.296077955377924e-41,1.8826122934347725e-35,1.5075475060394316e-292,6.96086052475607e-293,1.7791090937497975e-13,86441.0,330.0,9.998136121703332e-16,1024.0,17.0,-2.542397389297103,43229.0,330.0,0.0,130643.0,17.0,0.7422001690222723,0.9983494386506625,0.00041000114269111506,0.00047580816289240034,0.0,1.0,1.0
-2.5419464091971373,11.70437483314135,0.3386094860048208,0.6343014303390314,0.15814366039668315,4.580094250141171e-12,14816.835722077896,34.62577360772674,0.41365596635737856,1.2945889385647628e-15,5.292200329321817e-15,1.1323646021646928e-15,0.0002703383774148589,2.5814053570372967e-14,0.4133577279243641,2.089841345066613e-11,0.3372532826926044,0.06301688479024167,0.012817222064039572,1e-322,0.0,4.515194465496661e-16,5.032760926576434e-12,1.5477873569213654e-13,1.8522437874716078e-13,-6.361577931102147e-14,4.0224888459658756e-23,0.003516744767548014,1.8221294037955685e-08,2.1776331917334052e-13,0.002360541455099991,0.0004554484797163438,0.00033219624347479294,4.5606187056310014e-14,5.8698459235099365e-12,1.156832706110446e-12,2.176935935694384e-13,3.513214348886043e-41,3.438127379664554e-61,1.296077955377924e-41,1.8826122934347725e-35,1.5143041919359248e-292,6.989941851029215e-293,1.8522437878325464e-13,86903.0,335.0,9.998136121703332e-16,1024.0,17.0,-2.5419454474195655,43460.0,335.0,0.0,131351.0,17.0,0.8099951030593646,0.9983494386506625,0.00041000114269111506,0.00047580816289240034,0.0,1.0,1.0
-2.541907188483984,11.703876568271443,0.33922056190259636,0.6345760922646158,0.15863117971162202,4.581722803327325e-12,14815.059577324002,34.624415586823815,0.4143657028253222,1.2956134962977252e-15,5.299071594774691e-15,1.133346714156573e-15,0.0002706437773359803,2.5841208967766323e-14,0.41407477786098684,2.093466488161605e-11,0.337867236408598,0.06307898892493878,0.012857908750049062,1e-322,0.0,4.525324268597607e-16,5.047314710324704e-12,1.5513807026383052e-13,1.8586633761566852e-13,-6.500355809180292e-14,4.3433444507569523e-23,0.003526074745181283,1.8246365435200983e-08,2.1776345403644355e-13,0.002372749250951506,0.0004573804362854384,0.00033439456251543404,4.5709187367829674e-14,5.8698459235099365e-12,1.156832706110446e-12,2.176935935694384e-13,3.513214348886043e-41,3.438127379664554e-61,1.296077955377924e-41,1.8826122934347725e-35,1.5150992494127674e-292,6.993106029432696e-293,1.8586633765176237e-13,86971.0,338.0,9.998136121703332e-16,1024.0,17.0,-2.541906505760761,43494.0,338.0,0.0,131462.0,17.0,0.8099907732171027,0.9983494386506625,0.00041000114269111506,0.00047580816289240034,0.0,1.0,1.0
-2.541416929569568,11.697649905999265,0.34686595636399287,0.6378057636806781,0.16476892835584106,4.602247933402621e-12,14793.561946336862,34.60744481880099,0.42323518955286343,1.313418465837637e-15,5.384403194718654e-15,1.1446112451004252e-15,0.0002747396231108909,2.6208141239408594e-14,0.4230413533765018,2.138799358894757e-11,0.345552739302252,0.06384302217828924,0.01337085227277775,1e-322,0.0,4.652895876340309e-16,5.229179798346048e-12,1.596405877314216e-13,1.9397182094698723e-13,-7.194245199571014e-14,4.812187837012594e-23,0.0036422446233731914,1.8550805703147526e-08,2.1776511569069482e-13,0.0025290275613903644,0.0004818808314212447,0.0003627789817538239,4.6983769561406875e-14,5.8698459235099365e-12,1.156832706110446e-12,2.176935935694384e-13,3.513214348886043e-41,3.438127379664554e-61,1.296077955377924e-41,1.8826122934347725e-35,1.5289374261494893e-292,7.050562017073173e-293,1.939718209830811e-13,87510.0,348.0,9.998136121703332e-16,1024.0,18.0,-2.5414160863499937,43764.0,348.0,0.0,132300.0,18.0,0.35305320432889103,0.9983494386506625,0.00041058013577045956,0.00047580816289240034,0.0,1.0,1.0
-2.540926670655152,11.6914262956556,0.3545244625497344,0.6406613098948967,0.17098807172386693,4.623087316898635e-12,14773.355829553959,34.59048236880934,0.4321011036031,1.3319859880360644e-15,5.472531972706966e-15,1.1567430310026913e-15,0.0002788614154682613,2.6573795133250085e-14,0.4320144708066023,2.1841649438127182e-11,0.3532590826524807,0.06458458752775699,0.013891939210818511,1e-322,0.0,4.782274076294303e-16,5.41095322376132e-12,1.6416338851151107e-13,2.0222714128222898e-13,-7.793765632868599e-14,4.662907585840915e-23,0.0037576032188078477,1.8839374196822502e-08,2.1776673571323315e-13,0.00269222332130625,0.0005070236077001357,0.00039288091705603947,4.823604662715639e-14,5.8698459235099365e-12,1.156832706110446e-12,2.176935935694384e-13,3.513214348886043e-41,3.438127379664554e-61,1.296077955377924e-41,1.8826122934347725e-35,1.5490952783528451e-292,7.132474925923651e-293,2.0222714131832283e-13,87998.0,353.0,9.998136121703332e-16,1024.0,18.0,-2.540926123878417,44008.0,353.0,0.0,133047.0,18.0,0.8099952387847587,0.9983494386506625,0.00041058013577045956,0.00047580816289240034,0.0,1.0,1.0
-2.5406913463762324,11.688440046296382,0.35820508278758667,0.6419009665888503,0.1740008702956451,4.633203855382969e-12,14764.117073080602,34.582343346180785,0.43635529651233457,1.3408795855847202e-15,5.515176993176923e-15,1.162397841058816e-15,0.0002809270178306673,2.675991550255381e-14,0.4363238366025397,2.2059529029637786e-11,0.35696544056745294,0.06493260093601706,0.014144868081157133,1e-322,0.0,4.845034216274125e-16,5.4981771614088966e-12,1.6634162622308767e-13,2.0624284954963685e-13,-8.193445921733655e-14,4.608300740715344e-23,0.0038126992823282273,1.8972530650694045e-08,2.1776749973794484e-13,0.002773057061940487,0.0005193169965582491,0.00040795726857038254,4.88298574161389e-14,5.8698459235099365e-12,1.156832706110446e-12,2.176935935694384e-13,3.513214348886043e-41,3.438127379664554e-61,1.296077955377924e-41,1.8826122934347725e-35,1.5611274986705915e-292,7.180846243658712e-293,2.062428495857307e-13,88257.0,356.0,9.998136121703332e-16,1024.0,19.0,-2.540690113512235,44138.0,356.0,0.0,133444.0,19.0,0.8099956286515178,0.9983494386506625,0.00041103810102017174,0.00047580816289240034,0.0,1.0,1.0
-2.540436411740736,11.685205735744567,0.36219593774711545,0.643148533501979,0.17728532452553944,4.644236038623584e-12,14754.404842307127,34.573528232771814,0.4409632416328832,1.3506527270441552e-15,5.5618148748223385e-15,1.1685567986424242e-15,0.0002831571904523746,2.695871622789739e-14,0.44099422734565913,2.2295648083762698e-11,0.36098622838627176,0.06530387233188349,0.014420969436961301,1e-322,0.0,4.913501395109759e-16,5.592652819365297e-12,1.687067747520433e-13,2.1063207734433878e-13,-9.020562075079397e-14,3.768518548517954e-23,0.003872191495270361,1.9113018721868612e-08,2.1776831815391961e-13,0.0028624821341675685,0.0005327973900417685,0.0004247596062253561,4.946818226372135e-14,5.8698459235099365e-12,1.156832706110446e-12,2.176935935694384e-13,3.513214348886043e-41,3.438127379664554e-61,1.296077955377924e-41,1.8826122934347725e-35,1.5754920345701325e-292,7.238100969306819e-293,2.1063207738043263e-13,88535.0,361.0,9.998136121703332e-16,1024.0,19.0,-2.5404348423483283,44277.0,361.0,0.0,133876.0,19.0,0.8099978153529602,0.9983494386506625,0.00041103810102017174,0.00047580816289240034,0.0,1.0,1.0
-2.5399853735394733,11.679485513483225,0.369264870294013,0.6451158238812025,0.18314663173667428,4.663958610625221e-12,14738.037131940066,34.55793776699853,0.44911295613779334,1.368081198496161e-15,5.6465022172900444e-15,1.1801993082889195e-15,0.00028713498045880055,2.7312674529410906e-14,0.4492613541668411,2.2713615932060385e-11,0.36811338795505705,0.06594617810792813,0.014914653123316919,1e-322,0.0,5.035899866242955e-16,5.759766183134838e-12,1.729051282722954e-13,2.1849660224518657e-13,-8.021361352916756e-14,2.918396598663651e-23,0.003976965994440475,1.9352344757771048e-08,2.177697440324084e-13,0.0030254836552188634,0.000557056227224989,0.00045570851275492406,5.058570972019021e-14,5.8698459235099365e-12,1.156832706110446e-12,2.176935935694384e-13,3.513214348886043e-41,3.438127379664554e-61,1.296077955377924e-41,1.8826122934347725e-35,1.605157653937529e-292,7.355776880453093e-293,2.1849660228128043e-13,89023.0,369.0,9.998136121703332e-16,1024.0,19.0,-2.539983325282021,44521.0,369.0,0.0,134632.0,19.0,0.8099953825019839,0.9983494386506625,0.00041103810102017174,0.00047580816289240034,0.0,1.0,1.0
-2.53994615282632,11.678988224771043,0.36988010462754134,0.64527245611764,0.18365938692410874,4.665683946757625e-12,14736.65578200789,34.55658240661347,0.44982151751958277,1.3697170791480149e-15,5.652435468816448e-15,1.180492629057867e-15,0.0002874842442238992,2.7343253746359432e-14,0.44998054841584606,2.2749973786133784e-11,0.3687340058273204,0.06600115835935262,0.014957899984871837,1e-322,0.0,5.046617860630238e-16,5.774295942816653e-12,1.732710452551897e-13,2.1918644601158315e-13,-7.72715225139109e-14,3.5265035958608375e-23,0.003986048530207949,1.9372615007951373e-08,2.1776986675885271e-13,0.003039949729721636,0.0005591901233507959,0.0004584747016176449,5.068221141027818e-14,5.8698459235099365e-12,1.156832706110446e-12,2.176935935694384e-13,3.513214348886043e-41,3.438127379664554e-61,1.296077955377924e-41,1.8826122934347725e-35,1.6080274902105449e-292,7.366873415966894e-293,2.19186446047677e-13,89064.0,371.0,9.998136121703332e-16,1024.0,20.0,-2.5399456831091802,44542.0,371.0,0.0,134699.0,20.0,0.7493482225110677,0.9983494386506625,0.00041167015702153634,0.00047580816289240034,0.0,1.0,1.0
-2.539455893911904,11.672773761240615,0.37757680482192857,0.6470393158551916,0.19010690748217385,4.687428695919507e-12,14720.082244037407,34.53964488626129,0.45867573620241847,1.389283590973982e-15,5.747512753441021e-15,1.1936854844201558e-15,0.00029199138999398845,2.7747587981593683e-14,0.4589735419753982,2.320464331032913e-11,0.3765023639943362,0.06667666067082509,0.015502525920186722,1e-322,0.0,5.181670173471474e-16,5.9558989522423056e-12,1.7785649017386633e-13,2.278900658776256e-13,-5.623279619726418e-14,4.254810275819636e-23,0.0040992113106933445,1.9618974509591045e-08,2.1777138499427753e-13,0.003224770482824768,0.0005861889736329913,0.0004940858560334584,5.188004548333973e-14,5.8698459235099365e-12,1.156832706110446e-12,2.176935935694384e-13,3.513214348886043e-41,3.438127379664554e-61,1.296077955377924e-41,1.8826122934347725e-35,1.6467325983149766e-292,7.518474847216813e-293,2.278900659137195e-13,89593.0,379.0,9.998136121703332e-16,1024.0,21.0,-2.53945568922104,44807.0,379.0,0.0,135516.0,21.0,0.8099963653614884,0.9983494386506625,0.0004119054920749973,0.00047580816289240034,0.0,1.0,1.0
-2.538965634997488,11.666562343659624,0.38528568515295886,0.6484544562253952,0.19662642866622876,4.709457417027698e-12,14704.625260164175,34.522715667644306,0.46752573622331567,1.40936002829937e-15,5.8430338585281645e-15,1.2063286553521097e-15,0.00029659335557247733,2.8158969459580792e-14,0.46797311592680285,2.3659641368824835e-11,0.3842910580519594,0.06733067253541344,0.016054791983803763,1e-322,0.0,5.318695082547427e-16,6.137477690041808e-12,1.8246339549253548e-13,2.367427776864178e-13,-5.3734794391857577e-14,5.869751174858711e-23,0.004211715216669094,1.985285046908984e-08,2.1777287609526017e-13,0.0034170881153811864,0.0006137804230759637,0.0005316528788049808,5.306349689967075e-14,5.8698459235099365e-12,1.156832706110446e-12,2.176935935694384e-13,3.513214348886043e-41,3.438127379664554e-61,1.296077955377924e-41,1.8826122934347725e-35,1.69150257952834e-292,7.692011451010739e-293,2.367427777225117e-13,90129.0,389.0,9.998136121703332e-16,1024.0,21.0,-2.538964647879061,45075.0,389.0,0.0,136350.0,21.0,0.8099996800603497,0.9983494386506625,0.0004119054920749973,0.00047580816289240034,0.0,1.0,1.0
-2.5387303107185684,11.663581944703584,0.3889900897401867,0.6490103480422184,0.19978108607147246,4.720132723076964e-12,14697.59990423831,34.51459259028962,0.4717721308074364,1.4190682020113874e-15,5.89051203744401e-15,1.2131030548493045e-15,0.000298758376759864,2.834910892699353e-14,0.47229510979663175,2.387815061542724e-11,0.38803670223398556,0.0676370607881896,0.016322588397638928,1e-322,0.0,5.385186134362862e-16,6.2246315222730274e-12,1.846824168239404e-13,2.4104500034996824e-13,-5.77871084317394e-14,4.630918960589841e-23,0.004265493177097712,1.9960884521474933e-08,2.1777358308830202e-13,0.0035121056706085055,0.0006272306874069595,0.0005503973922261774,5.362695817945102e-14,5.8698459235099365e-12,1.156832706110446e-12,2.176935935694384e-13,3.513214348886043e-41,3.438127379664554e-61,1.296077955377924e-41,1.8826122934347725e-35,1.7152303513990578e-292,7.78344923004463e-293,2.410450003860621e-13,90373.0,392.0,9.998136121703332e-16,1024.0,21.0,-2.5387281102375256,45197.0,392.0,0.0,136725.0,21.0,0.8099960742852702,0.9983494386506625,0.0004119054920749973,0.00047580816289240034,0.0,1.0,1.0
-2.538475376083072,11.660353970535121,0.3930065236963627,0.6495238147726656,0.2032158363422537,4.731770083420098e-12,14690.266383305128,34.50579474669347,0.47637143060087633,1.4298521793413782e-15,5.941706288965053e-15,1.21991921714923e-15,0.00030122665748234535,2.856988940941504e-14,0.4769792750404325,2.41149681925243e-11,0.392099975559544,0.06796348164242796,0.016614591180933457,1e-322,0.0,5.457747561985714e-16,6.319047267916491e-12,1.870920432087451e-13,2.457444447582882e-13,-4.4797499043625066e-14,3.6234388238943954e-23,0.004323593930787293,2.0074942537512124e-08,2.1777434308690596e-13,0.0036170457936749896,0.0006419503135006248,0.0005712356804594138,5.423428613506428e-14,5.8698459235099365e-12,1.156832706110446e-12,2.176935935694384e-13,3.513214348886043e-41,3.438127379664554e-61,1.296077955377924e-41,1.8826122934347725e-35,1.7422568861749526e-292,7.88702896698713e-293,2.457444447943821e-13,90648.0,397.0,9.998136121703332e-16,1024.0,22.0,-2.5384746885192375,45335.0,397.0,0.0,137152.0,22.0,0.8099968635011444,0.9983494386506625,0.00041248716646493316,0.00047580816289240034,0.0,1.0,1.0
-2.5380243378818093,11.654644954841773,0.40012003523868944,0.6502080701539181,0.20933688320091579,4.752546312817739e-12,14678.00522870786,34.49023482442125,0.48450544338782753,1.4491790801100492e-15,6.03343751919031e-15,1.2319909180327864e-15,0.00030567034986984264,2.896721429893861e-14,0.4852708203781053,2.453417283459232e-11,0.3993019138875243,0.06852715656880526,0.0171360795718618,1e-322,0.0,5.587508463512163e-16,6.486095149718717e-12,1.9136983728356275e-13,2.5415741390349434e-13,-4.413136522884997e-14,3.857698958308827e-23,0.004425997486086204,2.0269420060106274e-08,2.177756738580339e-13,0.003807876134615535,0.0006683647312035396,0.0006094835299152741,5.5301630366482706e-14,5.8698459235099365e-12,1.156832706110446e-12,2.176935935694384e-13,3.513214348886043e-41,3.438127379664554e-61,1.296077955377924e-41,1.8826122934347725e-35,1.7943061630642107e-292,8.084787822017373e-293,2.541574139395882e-13,91146.0,407.0,9.998136121703332e-16,1024.0,22.0,-2.538023788062966,45584.0,407.0,0.0,137929.0,22.0,0.8100016485694115,0.9983494386506625,0.00041248716646493316,0.00047580816289240034,0.0,1.0,1.0
-2.537985117168656,11.65414864037491,0.40073909510015143,0.6502541647595512,0.2098717705615845,4.754364266067631e-12,14676.98144119082,34.48888211934182,0.48521259819615564,1.4509553575516247e-15,6.041766233143152e-15,1.2331954499924796e-15,0.0003060597525429126,2.9001985337825245e-14,0.4859921213188344,2.4570639591322397e-11,0.39992900095938255,0.06857534261373245,0.01718171799313652,1e-322,0.0,5.598876461342199e-16,6.500621569889528e-12,1.917427071376944e-13,2.548949273174575e-13,-4.0023540037736893e-14,3.9106902163005054e-23,0.0044348791694229905,2.0285901496160893e-08,2.1777578879440215e-13,0.003824785028348564,0.0006706837952724584,0.00061289400166351,5.5394041403077544e-14,5.8698459235099365e-12,1.156832706110446e-12,2.176935935694384e-13,3.513214348886043e-41,3.438127379664554e-61,1.296077955377924e-41,1.8826122934347725e-35,1.7990151292604495e-292,8.103070090405198e-293,2.548949273535514e-13,91182.0,407.0,9.998136121703332e-16,1024.0,22.0,-2.537983246280755,45602.0,407.0,0.0,137983.0,22.0,0.8099996407438252,0.9983494386506625,0.00041248716646493316,0.00047580816289240034,0.0,1.0,1.0
-2.53749485825424,11.647946351687507,0.40848304514998623,0.6506511975742375,0.21659300945204188,4.777232866353132e-12,14664.731331945908,34.471977781524295,0.49404914118774845,1.4725363443947436e-15,6.143405984684324e-15,1.2466373134482524e-15,0.00031093641690325583,2.943473451945782e-14,0.495011556247234,2.502663924817424e-11,0.40777789104730694,0.06916659291308751,0.017756135869907885,1e-322,0.0,5.742128516901411e-16,6.682213955463533e-12,1.964156602670085e-13,2.64194119926376e-13,-2.836619827917275e-14,3.3901480417602994e-23,0.004545601290159186,2.048633353287608e-08,2.1777721588909815e-13,0.0040404471871690485,0.0006999654762315787,0.000656687755504561,5.654432494265897e-14,5.8698459235099365e-12,1.156832706110446e-12,2.176935935694384e-13,3.513214348886043e-41,3.438127379664554e-61,1.296077955377924e-41,1.8826122934347725e-35,1.8617278197503488e-292,8.339329384586138e-293,2.641941199624699e-13,91707.0,417.0,9.998136121703332e-16,1024.0,23.0,-2.53749393790353,45865.0,417.0,0.0,138800.0,23.0,0.7564508456330961,0.9983494386506625,0.0004129472540610994,0.00047580816289240034,0.0,1.0,1.0
-2.537004599339824,11.641747102982178,0.4162381404074158,0.6507220885986295,0.22337614393055436,4.800375883798034e-12,14653.500505300855,34.45508172917793,0.5028808543384478,1.4947172709470094e-15,6.2500600331165445e-15,1.261425889311671e-15,0.0003160156375899668,2.9889279743190986e-14,0.504037688181405,2.5482983989907265e-11,0.4156465233487984,0.06973751387297523,0.01833763532200498,1e-322,0.0,5.887557374080764e-16,6.863836779313431e-12,2.0111116952846365e-13,2.736419182137382e-13,-3.6415315207705135e-14,3.927492322492989e-23,0.004655789059405594,2.067680478454393e-08,2.177786268958228e-13,0.004264172000464125,0.0007297793500444546,0.0007026765908779738,5.768663242738383e-14,5.8698459235099365e-12,1.156832706110446e-12,2.176935935694384e-13,3.513214348886043e-41,3.438127379664554e-61,1.296077955377924e-41,1.8826122934347725e-35,1.9303452575362007e-292,8.595356191654504e-293,2.736419182498321e-13,92233.0,425.0,9.998136121703332e-16,1024.0,23.0,-2.537004386855622,46128.0,425.0,0.0,139613.0,23.0,0.8099980148039589,0.9983494386506625,0.0004129472540610994,0.00047580816289240034,0.0,1.0,1.0
-2.5367692750609043,11.638772542967704,0.41996428418783943,0.6506418546233257,0.226653863064487,4.8115763654769074e-12,14648.451059689229,34.446974565858476,0.5071181984577577,1.5055565177423146e-15,6.3011140203839785e-15,1.2681532544524849e-15,0.0003184807972867232,3.0108510411724114e-14,0.5083724480632055,2.570214089434207e-11,0.4194302511262524,0.07000444168142948,0.018619274458188163,1e-322,0.0,5.958145586858467e-16,6.951030138916925e-12,2.03373104235023e-13,2.782296218698691e-13,-4.873879078104437e-14,3.890656935840237e-23,0.004708497627287328,2.0764849967636316e-08,2.1777929918045635e-13,0.004374464565370597,0.0007442742077041378,0.000725548427014292,5.823253635089171e-14,5.8698459235099365e-12,1.156832706110446e-12,2.176935935694384e-13,3.513214348886043e-41,3.438127379664554e-61,1.296077955377924e-41,1.8826122934347725e-35,1.9652592533163534e-292,8.725497874911844e-293,2.78229621905963e-13,92492.0,430.0,9.998136121703332e-16,1024.0,24.0,-2.536768469971431,46258.0,430.0,0.0,140016.0,24.0,0.8100010183665426,0.9983494386506625,0.000413530390665696,0.00047580816289240034,0.0,1.0,1.0
-2.536514340425408,11.635550892768897,0.4240039681659027,0.6504728312700906,0.23021981173085482,4.823783389904311e-12,14643.243165270995,34.438193958241634,0.51170758301315,1.5174971195479163e-15,6.357335532135553e-15,1.2756664996484052e-15,0.00032120525113035883,3.0352129851745047e-14,0.5130704246843638,2.5939658472694228e-11,0.4235345964520267,0.07028845458429957,0.018926168396846372,1e-322,0.0,6.035206913510299e-16,7.045501893647206e-12,2.0582950055938385e-13,2.832382411945856e-13,-6.084022174945858e-14,2.8993326704837177e-23,0.0047654701125542705,2.085784483917665e-08,2.1778002422794405e-13,0.004496098398341553,0.0007601088893742662,0.0007509201025387152,5.882241300976683e-14,5.8698459235099365e-12,1.156832706110446e-12,2.176935935694384e-13,3.513214348886043e-41,3.438127379664554e-61,1.296077955377924e-41,1.8826122934347725e-35,2.004788372218013e-292,8.870609340369591e-293,2.832382412306795e-13,92769.0,435.0,9.998136121703332e-16,1024.0,25.0,-2.5365142594270402,46397.0,435.0,0.0,140446.0,25.0,0.8100016438076724,0.9983494386506625,0.0004137667934981375,0.00047580816289240034,0.0,1.0,1.0
-2.536063302224145,11.629853061688598,0.43115777259151994,0.6499665314814713,0.2365676059988464,4.845554784745658e-12,14634.66164288862,34.422664519632264,0.5198236997082961,1.5388319196831606e-15,6.4591898978880615e-15,1.2896659605109464e-15,0.00032602643671165543,3.0779565135603415e-14,0.5213863857216073,2.6360091583787917e-11,0.43080865373745403,0.07077796903782684,0.0194737365095783,1.1e-322,0.0,6.173061181452787e-16,7.2126807682899504e-12,2.1019074837618545e-13,2.921979836661604e-13,-3.652633751016765e-14,2.1975216195207583e-23,0.004865951891384781,2.1016498874462826e-08,2.1778129968663358e-13,0.004716833036974742,0.0007884528847621564,0.0007973465625350713,5.986277675831886e-14,5.8698459235099365e-12,1.156832706110446e-12,2.176935935694384e-13,3.513214348886043e-41,3.438127379664554e-61,1.296077955377924e-41,1.8826122934347725e-35,2.076718085570897e-292,9.134807621786424e-293,2.921979837022543e-13,93249.0,443.0,9.998136121703332e-16,1024.0,25.0,-2.5360617397093472,46637.0,443.0,0.0,141190.0,25.0,0.8099989665270838,0.9983494386506625,0.0004137667934981375,0.00047580816289240034,0.0,1.0,1.0
-2.536024081510992,11.629357719558397,0.43178024415021665,0.649910088550174,0.23712194046949409,4.847457949889082e-12,14633.951625472659,34.42131446465641,0.5205292417414663,1.5407905317607202e-15,6.468215097280926e-15,1.2909493289724682e-15,0.00032644136470183163,3.0815791111166426e-14,0.5221097705438189,2.6396662928212158e-11,0.431441937794402,0.07081976044953943,0.01952163093513376,1.1e-322,0.0,6.185140260893377e-16,7.227220429399703e-12,2.1057091738489072e-13,2.929830292145583e-13,-4.18554080283684e-14,2.183304452742503e-23,0.004874670839255482,2.1029949430150046e-08,2.177814101975065e-13,0.004736364483096435,0.0007909370831343653,0.0008014777404078254,5.995307250616898e-14,5.8698459235099365e-12,1.156832706110446e-12,2.176935935694384e-13,3.513214348886043e-41,3.438127379664554e-61,1.296077955377924e-41,1.8826122934347725e-35,2.0827773824347656e-292,9.156769977299082e-293,2.9298302925065217e-13,93283.0,443.0,9.998136121703332e-16,1024.0,25.0,-2.53602344747997,46654.0,443.0,0.0,141241.0,25.0,0.8099985148065948,0.9983494386506625,0.0004137667934981375,0.00047580816289240034,0.0,1.0,1.0
-2.535533822596576,11.623167581862111,0.4395666719778085,0.6490414809716671,0.2440791544862218,4.871399277405932e-12,14625.611116999395,34.40444324436518,0.5293456027628699,1.5648006323516172e-15,6.580785453701068e-15,1.305926243549259e-15,0.00033190125337507397,3.1302748611044103e-14,0.5311558281379922,2.6854013224645565e-11,0.43936836234009446,0.07133174906276618,0.020123815481738597,1.2e-322,0.0,6.3374141695413e-16,7.409002344056165e-12,2.1533567843152075e-13,3.028762211541896e-13,-1.787459069646502e-14,3.0489360390821754e-23,0.004983416105681715,2.1193583100429236e-08,2.1778278701549234e-13,0.004985106467610124,0.0008222464043450037,0.0008544085488510963,6.107996965862235e-14,5.8698459235099365e-12,1.156832706110446e-12,2.176935935694384e-13,3.513214348886043e-41,3.438127379664554e-61,1.296077955377924e-41,1.8826122934347725e-35,2.1602706917102533e-292,9.438762470618912e-293,3.028762211902835e-13,93812.0,452.0,9.999657993055797e-16,1024.0,26.0,-2.5355318619595515,46919.0,452.0,0.0,142061.0,26.0,0.8100015231724529,0.9983494386506625,0.0004144030268439765,0.00047580816289240034,0.0,1.0,1.0
-2.53504356368216,11.616980478192227,0.4473628431826473,0.6478732522033082,0.2510903601447639,4.895602953798413e-12,14618.193606455885,34.387580293312915,0.5381565778531343,1.589394146057046e-15,6.69527318010988e-15,1.321122825465953e-15,0.00033742146517145183,3.179176566095555e-14,0.540208498588991,2.7311692984820352e-11,0.447313573387483,0.07182480908060541,0.02073269465572531,1.3e-322,0.0,6.492083844466778e-16,7.59085709104837e-12,2.2012404323536018e-13,3.129177870411092e-13,-5.773159728050814e-15,2.5904324104834464e-23,0.005091729830092561,2.1349181935846522e-08,2.1778415682919908e-13,0.005242460034564224,0.0008540189285571458,0.0009097714866377697,6.220443941030101e-14,5.8698459235099365e-12,1.156832706110446e-12,2.176935935694384e-13,3.513214348886043e-41,3.438127379664554e-61,1.296077955377924e-41,1.8826122934347725e-35,2.237245901155173e-292,9.716471558284391e-293,3.129177870772031e-13,94334.0,462.0,9.999657993055797e-16,1024.0,26.0,-2.5350421606269036,47180.0,462.0,0.0,142874.0,26.0,0.7633474361269155,0.9983494386506625,0.0004144030268439765,0.00047580816289240034,0.0,1.0,1.0
-2.5348082394032403,11.614011745680171,0.45110826688860967,0.6472084307016197,0.2544738665918649,4.90731309465626e-12,14614.95581285646,34.3794890128513,0.5423837535111372,1.6014287576382338e-15,6.753501839095887e-15,1.3294679970625335e-15,0.00034015639097076904,3.2035610180156276e-14,0.544556058402138,2.7531498871155718e-11,0.45113378111484154,0.0720548519981806,0.021027268898164232,1.3e-322,0.0,6.567191618395918e-16,7.678175688501346e-12,2.224309174708454e-13,3.177904331759589e-13,1.8984813721090177e-14,2.3981775415502232e-23,0.005143573769116183,2.142113655862457e-08,2.1778481246237122e-13,0.005369087994978569,0.000869428896080073,0.0009372267990428961,6.27437052341852e-14,5.8698459235099365e-12,1.156832706110446e-12,2.176935935694384e-13,3.513214348886043e-41,3.438127379664554e-61,1.296077955377924e-41,1.8826122934347725e-35,2.274029483404062e-292,9.848320559186151e-293,3.1779043321205277e-13,94582.0,465.0,9.999657993055797e-16,1024.0,26.0,-2.534808228380676,47304.0,465.0,0.0,143255.0,26.0,0.8099995029426341,0.9983494386506625,0.0004144030268439765,0.00047580816289240034,0.0,1.0,1.0
-2.5345533047677438,11.610796407061642,0.4551684550004556,0.6464133531255353,0.25815215470529185,4.920070871148859e-12,14611.691542024502,34.3707256074465,0.5469619546743597,1.6147126735361602e-15,6.815457178687068e-15,1.3377724587073546e-15,0.0003431716691975557,3.230498545133291e-14,0.5492678906515878,2.7769719097557185e-11,0.45527737944133895,0.07229928121375777,0.021348058327313922,1.4e-322,0.0,6.649211680197338e-16,7.772793158776093e-12,2.249362680847145e-13,3.231077027879469e-13,2.0317081350640365e-14,1.78490066552458e-23,0.005199634704017001,2.1497155987196026e-08,2.1778552172109108e-13,0.0055085591445230364,0.000886236303149369,0.0009676250613437398,6.332778897486503e-14,5.8698459235099365e-12,1.156832706110446e-12,2.176935935694384e-13,3.513214348886043e-41,3.438127379664554e-61,1.296077955377924e-41,1.8826122934347725e-35,2.3137249651926633e-292,9.989876124494649e-293,3.2310770282404077e-13,94857.0,470.0,9.999657993055797e-16,1024.0,27.0,-2.534553186576193,47442.0,470.0,0.0,143682.0,27.0,0.8099997811774229,0.9983494386506625,0.000414865246544659,0.00047580816289240034,0.0,1.0,1.0
-2.534102266566481,11.605109738682456,0.46235756712383574,0.6448181281470443,0.2646927568803226,4.9428069710583764e-12,14606.48336269201,34.35522659277903,0.5550578546428638,1.638557062527748e-15,6.9263943936263645e-15,1.3524202872457816e-15,0.0003485716372353322,3.278511395304857e-14,0.5576084015520846,2.8191394277286194e-11,0.4626202107867553,0.07271972239276077,0.021919896735367202,1.43e-322,0.0,6.795983665712843e-16,7.940253060220574e-12,2.293848091273122e-13,3.326134466517077e-13,3.4083846855992306e-14,2.0718289405039115e-23,0.005298564941905041,2.1626890438397695e-08,2.1778677483497866e-13,0.005761208604435792,0.0009162530963701018,0.0010231001397904584,6.436139693047135e-14,5.8698459235099365e-12,1.156832706110446e-12,2.176935935694384e-13,3.513214348886043e-41,3.438127379664554e-61,1.296077955377924e-41,1.8826122934347725e-35,2.38368980732157e-292,1.0237988892914886e-292,3.3261344668780157e-13,95349.0,477.0,9.999657993055797e-16,1024.0,27.0,-2.534101624427786,47688.0,477.0,0.0,144441.0,27.0,0.8100062269784453,0.9983494386506625,0.000414865246544659,0.00047580816289240034,0.0,1.0,1.0
-2.534063045853328,11.604615366984,0.46298304226369363,0.6446682739144721,0.26526332712009426,4.944795673367093e-12,14606.069621775512,34.35387918271489,0.555761589223272,1.6407481197925355e-15,6.936526125656e-15,1.3538818476139264e-15,0.00034905258221510656,3.282815195131857e-14,0.5583339115480738,2.822807616245194e-11,0.4632594263221681,0.07275556352251601,0.02196986912121005,1.5e-322,0.0,6.808850701064434e-16,7.954818549116749e-12,2.2977261015568677e-13,3.3344596817550333e-13,3.5416114485542494e-14,1.7939479534743788e-23,0.005307152629112767,2.1637891588654745e-08,2.1778688373798858e-13,0.005783536687198185,0.0009188798155053294,0.001028027506704003,6.445131589105907e-14,5.8698459235099365e-12,1.156832706110446e-12,2.176935935694384e-13,3.513214348886043e-41,3.438127379664554e-61,1.296077955377924e-41,1.8826122934347725e-35,2.389689827060199e-292,1.0258960071063323e-292,3.334459682115972e-13,95385.0,477.0,9.999657993055797e-16,1024.0,27.0,-2.53406159726455,47706.0,477.0,0.0,144495.0,27.0,0.8100036040995141,0.9983494386506625,0.000414865246544659,0.00047580816289240034,0.0,1.0,1.0
-2.5335727869389117,11.598437356473653,0.4708062654876528,0.6426452300550388,0.2724219052905183,4.96978209820467e-12,14601.328290634117,34.33704101506894,0.5645554002747114,1.6674260877967599e-15,7.061794564519311e-15,1.3711469149050136e-15,0.0003550007837144967,3.335386534516883e-14,0.5674065660837405,2.8686764412053298e-11,0.47125948521398775,0.0731940509186683,0.02259802916738232,1.6e-322,0.0,6.97107433429008e-16,8.136940536917879e-12,2.346333266562705e-13,3.439326021599728e-13,1.2323475573339238e-14,1.9496905531816285e-23,0.005414304572139355,2.1771752976477278e-08,2.1778824489594978e-13,0.006067524298079557,0.0009519304262294467,0.0010910366446855425,6.557630915265139e-14,5.8698459235099365e-12,1.156832706110446e-12,2.176935935694384e-13,3.513214348886043e-41,3.438127379664554e-61,1.296077955377924e-41,1.8826122934347725e-35,2.4651307494434116e-292,1.0523732594370829e-292,3.439326021960667e-13,95898.0,485.0,9.999657993055797e-16,1024.0,28.0,-2.5335722491657013,47963.0,485.0,0.0,145288.0,28.0,0.8100003229110914,0.9983494386506625,0.00041545108350895626,0.00047580816289240034,0.0,1.0,1.0
-2.533082528024496,11.592262374045704,0.47863776569769145,0.6403524884559065,0.27962456507939254,4.995031636027315e-12,14597.459836378646,34.32021110046156,0.5733431566409566,1.694960257107496e-15,7.189165043687276e-15,1.3881215999085455e-15,0.0003612026084718445,3.3905472693461765e-14,0.5764859570136635,2.9145799773019155e-11,0.4792773069149013,0.07361511424503757,0.023232333245272643,1.7e-322,0.0,7.135949481956896e-16,8.319165259757776e-12,2.395186715041928e-13,3.54567625379712e-13,1.9872992140790302e-14,1.0540090461515532e-23,0.005521110282275323,2.1899083699801882e-08,2.177896071765444e-13,0.006360651499078631,0.0009853687596855572,0.0011567096866133993,6.670404416404785e-14,5.8698459235099365e-12,1.156832706110446e-12,2.176935935694384e-13,3.513214348886043e-41,3.438127379664554e-61,1.296077955377924e-41,1.8826122934347725e-35,2.54005888189729e-292,1.07841570851877e-292,3.545676254158059e-13,96427.0,495.0,9.999657993055797e-16,1024.0,29.0,-2.5330806531991903,48228.0,495.0,0.0,146111.0,29.0,0.8100035671295462,0.9983494386506625,0.00041568857917612687,0.00047580816289240034,0.0,1.0,1.0
-2.5328472037455763,11.589299457619324,0.48239968977579994,0.6391582518885628,0.2830970523996851,5.007244210424637e-12,14595.907380104993,34.312135671741466,0.5775590863564263,1.708508762703681e-15,7.251440929865397e-15,1.3964082332497593e-15,0.0003642467714158333,3.417651054036056e-14,0.5808464350393184,2.936625710692933e-11,0.4831320668604275,0.07381115845051296,0.023538962956982823,1.7e-322,0.0,7.216049833043369e-16,8.406671165770146e-12,2.4187245954357734e-13,3.597251552374991e-13,2.0650148258027912e-14,1.3545082530555828e-23,0.005572259559829817,2.195797862072414e-08,2.177902620467597e-13,0.006504636644045704,0.00100155112250692,0.001189195662511669,6.72467040684102e-14,5.8698459235099365e-12,1.156832706110446e-12,2.176935935694384e-13,3.513214348886043e-41,3.438127379664554e-61,1.296077955377924e-41,1.8826122934347725e-35,2.575635617796338e-292,1.0906970034333e-292,3.5972515527359296e-13,96695.0,509.0,9.999657993055797e-16,1024.0,29.0,-2.5328466479056972,48362.0,509.0,0.0,146555.0,29.0,0.4454445168175123,0.9983494386506625,0.00041568857917612687,0.00047580816289240034,0.0,1.0,1.0
-2.5325922691100797,11.586090418215965,0.4864770741185741,0.6377966497836833,0.2868703998946135,5.020542233742629e-12,14594.445192768351,34.30338943484761,0.5821247675059091,1.7233114197641291e-15,7.31893423571655e-15,1.4053839963146785e-15,0.0003674893478649496,3.446110818420142e-14,0.5855719714427026,2.9605165508093774e-11,0.48731253205275715,0.07401918340768994,0.02387276663442928,1.8e-322,0.0,7.303542298121889e-16,8.501498332791338e-12,2.4442890107529837e-13,3.6535108627268165e-13,3.8746783559417963e-14,2.040809667533173e-23,0.005627588830020213,2.202020852215977e-08,2.1779097256071693e-13,0.006663046763788661,0.0010191751900673024,0.0012251034850956507,6.783580480277668e-14,5.8698459235099365e-12,1.156832706110446e-12,2.176935935694384e-13,3.513214348886043e-41,3.438127379664554e-61,1.296077955377924e-41,1.8826122934347725e-35,2.6144976520072425e-292,1.104037171144222e-292,3.6535108630877553e-13,96975.0,523.0,9.999657993055797e-16,1024.0,29.0,-2.532591901180786,48502.0,523.0,0.0,147017.0,29.0,0.7675424383015687,0.9983494386506625,0.00041568857917612687,0.00047580816289240034,0.0,1.0,1.0
-2.532141230908817,11.580414890668889,0.49369584714654596,0.6352203307111115,0.2935716760957052,5.0442455893505265e-12,14592.424541723118,34.28792078451806,0.5901982431651661,1.7501144723899426e-15,7.444227441433507e-15,1.4226596164991268e-15,0.0003735260841821179,3.499892177936027e-14,0.5939370790379502,3.002809074533611e-11,0.4947201167031544,0.07437624776364152,0.024467188487024567,1.83e-322,0.0,7.460190856043235e-16,8.669344432589871e-12,2.489685109213636e-13,3.754030268130621e-13,5.229150445984487e-14,4.915262296154944e-23,0.005725275655181162,2.2126426363152815e-08,2.177922331523293e-13,0.006949545211360344,0.0010505851420894194,0.0012904772165536007,6.88816854673074e-14,5.8698459235099365e-12,1.156832706110446e-12,2.176935935694384e-13,3.513214348886043e-41,3.438127379664554e-61,1.296077955377924e-41,1.8826122934347725e-35,2.6823794731269685e-292,1.1272017653886635e-292,3.7540302684915597e-13,97489.0,547.0,9.999657993055797e-16,1024.0,29.0,-2.532141181187955,48759.0,547.0,0.0,147860.0,29.0,0.8100024596557808,0.9983494386506625,0.00041568857917612687,0.00047580816289240034,0.0,1.0,1.0
-2.532102010195664,11.57992148750099,0.49432385083758124,0.6349862009063238,0.29415608481821415,5.046317393920079e-12,14592.282687431587,34.28657601418394,0.5909000379856932,1.7524233737875486e-15,7.455258468821149e-15,1.4242272063049629e-15,0.000374038669265745,3.504387596340681e-14,0.5946647376299525,3.006487898764439e-11,0.4953649296865441,0.07440664607077238,0.024519123203421474,1.83e-322,0.0,7.473926515996966e-16,8.683944427065522e-12,2.493642720792159e-13,3.7628305139080543e-13,5.1181281435219717e-14,4.8965214854017896e-23,0.005733758296193676,2.2135434382234733e-08,2.1779234302515311e-13,0.006974837144726348,0.0010533298594608074,0.0012962744022262235,6.897287887852317e-14,5.8698459235099365e-12,1.156832706110446e-12,2.176935935694384e-13,3.513214348886043e-41,3.438127379664554e-61,1.296077955377924e-41,1.8826122934347725e-35,2.688475339160348e-292,1.1292498634301593e-292,3.762830514268993e-13,97535.0,550.0,9.999657993055797e-16,1024.0,29.0,-2.532101935125504,48782.0,550.0,0.0,147938.0,29.0,0.7016139606935454,0.9983494386506625,0.00041568857917612687,0.00047580816289240034,0.0,1.0,1.0
-2.5316117512812477,11.573755580418043,0.5021775770289936,0.6319279010023027,0.30148062319745345,5.072352155315562e-12,14590.945899683944,34.26977083442937,0.5996688255077206,1.782543550978018e-15,7.59286638306292e-15,1.4425468627568633e-15,0.00038074786572177624,3.563883050525781e-14,0.6037641539423948,3.052492456771808e-11,0.5034340888938492,0.07477793709955187,0.02517138008331796,1.93e-322,0.0,7.647167154203873e-16,8.86650769492698e-12,2.543250433556479e-13,3.873636081981762e-13,4.596323321948148e-14,5.118180040171859e-23,0.005839636197438123,2.2245052424482877e-08,2.1779372056944608e-13,0.007296148061847585,0.0010878126971826314,0.0013702782521842819,7.011657540651645e-14,5.8698459235099365e-12,1.156832706110446e-12,2.176935935694384e-13,3.513214348886043e-41,3.438127379664554e-61,1.296077955377924e-41,1.8826122934347725e-35,2.7627846740049166e-292,1.154550867743747e-292,3.8736360823427006e-13,98087.0,578.0,9.999657993055797e-16,1024.0,29.0,-2.531610107717772,49058.0,578.0,0.0,148850.0,29.0,0.8100058367833818,0.9983494386506625,0.00041568857917612687,0.00047580816289240034,0.0,1.0,1.0
-2.531121492366832,11.567592695485136,0.5100378828274861,0.6286292672356426,0.30884220909808147,5.098653218240121e-12,14590.441647136344,34.252973891544734,0.6084310685194707,1.8133495519560617e-15,7.735478469557836e-15,1.4621599624955913e-15,0.0003875515352548076,3.623869834776272e-14,0.6128702353617466,3.0985302704632697e-11,0.5115197468099495,0.07513348714154543,0.02582944987504733,2.03e-322,0.0,7.823351006358898e-16,9.049191516710516e-12,2.5931147540331914e-13,3.985928636210965e-13,5.051514762044462e-14,7.579688597370673e-23,0.00594523930794337,2.2349338808646833e-08,2.1779510721946996e-13,0.007627103289953306,0.001122603464464446,0.0014471702096544936,7.126822526742071e-14,5.8698459235099365e-12,1.156832706110446e-12,2.176935935694384e-13,3.513214348886043e-41,3.438127379664554e-61,1.296077955377924e-41,1.8826122934347725e-35,2.851103930302331e-292,1.1847190647396714e-292,3.985928636571904e-13,98635.0,607.0,9.999657993055797e-16,1024.0,29.0,-2.5311197005850983,49332.0,607.0,0.0,149759.0,29.0,0.8099976715497141,0.9983494386506625,0.00041568857917612687,0.00047580816289240034,0.0,1.0,1.0
-2.5308861680879122,11.564635583750054,0.5138130747344486,0.6269634615180937,0.31238754530203594,5.1113762560041755e-12,14590.50346029656,34.24491428351077,0.6126345393756722,1.8285717203306066e-15,7.804818664931913e-15,1.471403006494859e-15,0.000390956789923952,3.6541848333863154e-14,0.6172435877134593,3.120641369809152e-11,0.5154066620741716,0.07529867403845776,0.026147294810965623,2.08e-322,0.0,7.908993254851706e-16,9.136923221981387e-12,2.617141533567756e-13,4.040357554657953e-13,5.972999872483342e-14,7.906037198416985e-23,0.005995835818215744,2.2397579865236143e-08,2.1779577664431268e-13,0.007789423157478596,0.001139406423848508,0.001485120182103308,7.18242359599773e-14,5.8698459235099365e-12,1.156832706110446e-12,2.176935935694384e-13,3.513214348886043e-41,3.438127379664554e-61,1.296077955377924e-41,1.8826122934347725e-35,2.8999704870125665e-292,1.2012246982140157e-292,4.040357555018892e-13,98903.0,621.0,9.999657993055797e-16,1024.0,29.0,-2.5308839760244273,49466.0,621.0,0.0,150203.0,29.0,0.8100029992975248,0.9983494386506625,0.00041568857917612687,0.00047580816289240034,0.0,1.0,1.0
-2.5306312334524157,11.561432831220984,0.5179043436930082,0.6250989330350781,0.31623764447529845,5.125223739294241e-12,14590.768140278396,34.236185181492786,0.6171865191129299,1.845335426088086e-15,7.880769152802617e-15,1.4815087770961838e-15,0.00039464905342302296,3.6867775781217987e-14,0.6219830732285677,3.1446029124873196e-11,0.5196215847256432,0.07547370490542506,0.026493134544131432,2.1e-322,0.0,8.002558355258341e-16,9.231998140837874e-12,2.643238280581859e-13,4.0997093308948404e-13,5.495603971894525e-14,1.0041197154569488e-22,0.006050583388179974,2.2448555398811797e-08,2.177965050239318e-13,0.007967824420348003,0.0011576817609820862,0.001527004717380608,7.24291768450917e-14,5.8698459235099365e-12,1.156832706110446e-12,2.176935935694384e-13,3.513214348886043e-41,3.438127379664554e-61,1.296077955377924e-41,1.8826122934347725e-35,2.9580396075454636e-292,1.2206774089967667e-292,4.099709331255779e-13,99183.0,634.0,9.999657993055797e-16,1024.0,29.0,-2.5306303089921007,49606.0,634.0,0.0,150662.0,29.0,0.810005916040708,0.9997208947026492,0.00041568857917612687,0.00047580816289240034,0.0,1.0,1.0
-2.530180195251153,11.555768422679858,0.5251465194805787,0.6216521820993379,0.3230707270999647,5.149907956531099e-12,14591.795431795335,34.220746836013944,0.6252354907673628,1.8754784159343956e-15,8.01915258920407e-15,1.5004828893084527e-15,0.00040128265910109183,3.745297133537965e-14,0.6303727709276484,3.187019191771798e-11,0.527089251720591,0.0757735551515589,0.027108681396475806,2.2e-322,0.0,8.170170835330916e-16,9.400290141572643e-12,2.6895831268819624e-13,4.205703143991905e-13,7.838174553853605e-14,8.191673003689202e-23,0.006147284280074592,2.2535571221669432e-08,2.1779780266467733e-13,0.008290016519608354,0.0011901901186898692,0.0016030976783051377,7.35066603534086e-14,5.8698459235099365e-12,1.156832706110446e-12,2.176935935694384e-13,3.513214348886043e-41,3.438127379664554e-61,1.296077955377924e-41,1.8826122934347725e-35,3.072523476319283e-292,1.2586284499123868e-292,4.205703144352844e-13,99688.0,660.0,9.999657993055797e-16,1024.0,30.0,-2.5301790645336757,49859.0,660.0,0.0,151497.0,30.0,0.810002626531263,0.9997208947026492,0.0004176016607803214,0.00047580816289240034,0.0,1.0,1.0
-2.530140974538,11.555275986145052,0.5257764682872768,0.6213435794426392,0.32366627613630317,5.152063948703954e-12,14591.91380979289,34.219404700238336,0.6259351102647962,1.87810650552221e-15,8.029155336079851e-15,1.5012324220126318e-15,0.00040186108183410345,3.7503517777427e-14,0.6311025595241331,3.1907087145757096e-11,0.5277392162540359,0.07579904577124882,0.027162436417089052,2.2e-322,0.0,8.184869824712268e-16,9.41492923686636e-12,2.6936236540359694e-13,4.214979612377482e-13,7.482903185973555e-14,8.435949778333768e-23,0.006155683682739781,2.2542951147610393e-08,2.177979160883279e-13,0.008318431649018753,0.0011930270842091715,0.0016098356697338981,7.360081838893486e-14,5.8698459235099365e-12,1.156832706110446e-12,2.176935935694384e-13,3.513214348886043e-41,3.438127379664554e-61,1.296077955377924e-41,1.8826122934347725e-35,3.083298533928618e-292,1.262170894836862e-292,4.2149796127384207e-13,99738.0,664.0,9.999657993055797e-16,1024.0,30.0,-2.5301398966809696,49884.0,664.0,0.0,151584.0,30.0,0.7754912288708933,0.9997208947026492,0.0004176016607803214,0.00047580816289240034,0.0,1.0,1.0
-2.5296507156235837,11.549122158777509,0.5336538732791223,0.6173719441546613,0.33112493041447577,5.1791789357618665e-12,14593.882121020933,34.2026324437481,0.6346766473567759,1.912128263246607e-15,8.185210207667842e-15,1.5226927368490996e-15,0.00040938400152390806,3.8170246232120134e-14,0.6402288324157674,3.236849440866402e-11,0.5358723618918441,0.07610992841570319,0.02783715810676435,2.3e-322,0.0,8.370374244827868e-16,9.597985490628417e-12,2.7442735329326573e-13,4.3317411020929774e-13,6.80566714095221e-14,1.1427370915449366e-22,0.006260554618088059,2.263276271736572e-08,2.177993425721088e-13,0.008679043230315656,0.0012286188455642648,0.0016957162321867083,7.478457410586934e-14,5.8698459235099365e-12,1.156832706110446e-12,2.176935935694384e-13,3.513214348886043e-41,3.438127379664554e-61,1.296077955377924e-41,1.8826122934347725e-35,3.226745699466159e-292,1.3090292450536053e-292,4.331741102453916e-13,100278.0,689.0,9.999657993055797e-16,1024.0,30.0,-2.5296503066751725,50154.0,689.0,0.0,152469.0,30.0,0.8100041015391563,0.9997208947026492,0.0004176016607803214,0.00047580816289240034,0.0,1.0,1.0
-2.529160456709168,11.542971347639268,0.5415360019368378,0.6131907721997566,0.3386128922283645,5.206566196001572e-12,14596.654713529699,34.185868407990824,0.6434109932518236,1.947106941935591e-15,8.343162189121063e-15,1.5436600718274987e-15,0.00041710069759966944,3.885210729624388e-14,0.649361771453585,3.2830234807188236e-11,0.5440205669887324,0.07640680823036765,0.028517295536939324,2.4e-322,0.0,8.559152752704665e-16,9.781166992255372e-12,2.79519061090072e-13,4.4499956271234855e-13,5.4067861299245124e-14,1.3970951299049926e-22,0.006365210185956764,2.2718215814603286e-08,2.178007867168677e-13,0.009049775237344834,0.0012644363883925593,0.001784698782319283,7.598192212589237e-14,5.8698459235099365e-12,1.156832706110446e-12,2.176935935694384e-13,3.513214348886043e-41,3.438127379664554e-61,1.296077955377924e-41,1.8826122934347725e-35,3.3881972230809455e-292,1.3610620778529316e-292,4.4499956274844244e-13,100834.0,717.0,9.999657993055797e-16,1024.0,30.0,-2.5291597885579593,50432.0,717.0,0.0,153387.0,30.0,0.810008400545351,0.9997208947026492,0.0004176016607803214,0.00047580816289240034,0.0,1.0,1.0
-2.528925132430248,11.540020029223435,0.5453209899586953,0.6111112624443591,0.3422174626692307,5.219812500681747e-12,14598.27780518164,34.177824589648466,0.6476009521520758,1.964254544567957e-15,8.42191269431495e-15,1.5547462376989534e-15,0.0004207886363761879,3.9174236252696634e-14,0.6537479311978587,3.305198459763923e-11,0.5479369727242193,0.07654447427237843,0.028845695564954622,2.47e-322,0.0,8.650963366757424e-16,9.869138548085202e-12,2.8197265294360453e-13,4.507288772476213e-13,6.983302824892235e-14,1.5525146121854638e-22,0.006415372424060494,2.275774880341776e-08,2.1780148686601613e-13,0.009231355189073906,0.0012817029421357334,0.0018285274597400938,7.656192970668616e-14,5.8698459235099365e-12,1.156832706110446e-12,2.176935935694384e-13,3.513214348886043e-41,3.438127379664554e-61,1.296077955377924e-41,1.8826122934347725e-35,3.4718700239044487e-292,1.387756772045872e-292,4.5072887728371516e-13,101088.0,729.0,9.999657993055797e-16,1024.0,30.0,-2.5289240883053683,50559.0,729.0,0.0,153804.0,30.0,0.8100036770185594,0.9997208947026492,0.0004176016607803214,0.00047580816289240034,0.0,1.0,1.0
-2.5286701977947517,11.53682355125195,0.5494224506511018,0.6088075733543752,0.3461285926223525,5.234234426308094e-12,14600.244199607949,34.16911258893718,0.6521380894878713,1.9831447255075607e-15,8.507225087896973e-15,1.5660904127181907e-15,0.0004249547492913705,3.954228531640689e-14,0.6585013939159958,3.329230884859004e-11,0.5521835290754845,0.07669013355983616,0.029202776531444395,2.5e-322,0.0,8.751309914408316e-16,9.964472988575102e-12,2.846377627786375e-13,4.56974530414949e-13,6.061817714453355e-14,1.5720955282482425e-22,0.00646966374264736,2.279952540956884e-08,2.1780225085290796e-13,0.0094307421665128,0.001300459045332322,0.0018768350088789675,7.719439725218636e-14,5.8698459235099365e-12,1.156832706110446e-12,2.176935935694384e-13,3.513214348886043e-41,3.438127379664554e-61,1.296077955377924e-41,1.8826122934347725e-35,3.5674130975258124e-292,1.418029596986226e-292,4.569745304510429e-13,101376.0,745.0,9.999657993055797e-16,1024.0,30.0,-2.528669050660019,50703.0,745.0,0.0,154284.0,30.0,0.8098970097262927,0.9997208947026492,0.0004176016607803214,0.00047580816289240034,0.0,1.0,1.0
-2.528219159593489,11.531170239933372,0.556681418034467,0.6046041023881232,0.35306490814755714,5.2599415419784184e-12,14604.270819013313,34.1537044889384,0.6601604116147226,2.0175205967591843e-15,8.660827445255034e-15,1.5863307132466972e-15,0.0004324888614658333,4.0207312426185977e-14,0.666915844159849,3.3717726118833504e-11,0.5597061920348,0.0769391885909816,0.029837974672684228,2.6e-322,0.0,8.93116299738442e-16,1.0133222819343519e-11,2.893710456153477e-13,4.681237421687378e-13,8.271161533457416e-14,1.8501703857338424e-22,0.006565593343877583,2.287084701369809e-08,2.178036175910475e-13,0.00979036734368399,0.0013337632615654108,0.0019644292928674392,7.832459892896506e-14,5.8698459235099365e-12,1.156832706110446e-12,2.176935935694384e-13,3.513214348886043e-41,3.438127379664554e-61,1.296077955377924e-41,1.8826122934347725e-35,3.7477551793342967e-292,1.4746161316512405e-292,4.681237422048317e-13,101884.0,770.0,9.999657993055797e-16,1024.0,30.0,-2.5282188803675747,50957.0,770.0,0.0,155121.0,30.0,0.43821081796875067,0.9997208947026492,0.0004176016607803214,0.00047580816289240034,0.0,1.0,1.0
-2.528179938880336,11.530678768137918,0.5573127670337734,0.604231025823648,0.35366903546867895,5.262188588869999e-12,14604.65412072858,34.15236498255989,0.6608576957254318,2.0206340426131186e-15,8.674801094817937e-15,1.5882987989557253e-15,0.00043315368767570667,4.026594506220862e-14,0.6676477964626807,3.37547324266086e-11,0.5603608951530025,0.07696033230247813,0.029893415319607763,2.6e-322,0.0,8.946944123267702e-16,1.0147901546795894e-11,2.897837335000382e-13,4.690992357572134e-13,8.337774914934926e-14,1.8821590109849165e-22,0.006573927765672558,2.2876896374610333e-08,2.1780373739801016e-13,0.009822055884374839,0.0013366661299022264,0.0019721756775971278,7.84235877840961e-14,5.8698459235099365e-12,1.156832706110446e-12,2.176935935694384e-13,3.513214348886043e-41,3.438127379664554e-61,1.296077955377924e-41,1.8826122934347725e-35,3.7641734524248954e-292,1.4797386924934572e-292,4.690992357933073e-13,101920.0,770.0,9.999657993055797e-16,1024.0,30.0,-2.528179774787633,50975.0,770.0,0.0,155175.0,30.0,0.8100085717304748,0.9997208947026492,0.0004176016607803214,0.00047580816289240034,0.0,1.0,1.0
-2.5276896799659196,11.524536996820236,0.5652064660268897,0.5994675798261396,0.3612338896506586,5.290431355429782e-12,14609.879872470314,34.135625584833555,0.6695697838527416,2.059174158374554e-15,8.84649055270598e-15,1.6109954967645741e-15,0.00044151386141902946,4.10000852582538e-14,0.6768008949443884,3.4217489329723553e-11,0.5685522783364564,0.07721786688917137,0.030589235857455457,2.7e-322,0.0,9.146155618855833e-16,1.0331450053282115e-11,2.949572549211042e-13,4.813739354130245e-13,1.1368683772161603e-13,2.2231771432069733e-22,0.006678014301555226,2.2950524326692328e-08,2.1780524889606082e-13,0.010223826610585067,0.001373036986185176,0.00207077088528959,7.967116056669912e-14,5.8698459235099365e-12,1.156832706110446e-12,2.176935935694384e-13,3.513214348886043e-41,3.438127379664554e-61,1.296077955377924e-41,1.8826122934347725e-35,3.978284090256797e-292,1.5459908537849532e-292,4.813739354491184e-13,102470.0,797.0,9.999657993055797e-16,1024.0,30.0,-2.5276881945675416,51250.0,797.0,0.0,156081.0,30.0,0.8063823697870998,0.9997208947026492,0.0004176016607803214,0.00047580816289240034,0.0,1.0,1.0
-2.527199421051504,11.518398235822723,0.573103088338209,0.5945258843761664,0.3688202103759454,5.318969624031037e-12,14615.93035082115,34.11889439173483,0.6782741124272661,2.0992799384291362e-15,9.027339097981406e-15,1.6356225857772921e-15,0.00045024435996265884,4.177015007169694e-14,0.6859607818491986,3.4680596250578345e-11,0.5767573156536003,0.07746316703846848,0.03129005479725693,2.8e-322,0.0,9.349053799560467e-16,1.0515114824283566e-11,3.001586119513489e-13,4.937989037275523e-13,8.970602038971265e-14,2.4472267669352035e-22,0.00678193467879106,2.302059613350421e-08,2.1780678801770305e-13,0.010636161993634667,0.0014095509996076654,0.002172669767833256,8.093885884660661e-14,5.8698459235099365e-12,1.156832706110446e-12,2.176935935694384e-13,3.513214348886043e-41,3.438127379664554e-61,1.296077955377924e-41,1.8826122934347725e-35,4.20956673580075e-292,1.6165809675821957e-292,4.937989037636462e-13,103009.0,822.0,9.999657993055797e-16,1024.0,31.0,-2.527197702417668,51520.0,822.0,0.0,156964.0,31.0,0.8100068290154567,0.9997208947026492,0.0004195320606794441,0.00047580816289240034,0.0,1.0,1.0
-2.526964096772584,11.515452699376361,0.5768943255321105,0.5920921661282638,0.37246945925695746,5.332770835013057e-12,14619.118332495802,34.11086633215027,0.6824494111617562,2.118997603879422e-15,9.114556449529244e-15,1.6470614926137395e-15,0.0004545034746695016,4.214388193008651e-14,0.6903598889122341,3.490300310616692e-11,0.5807004313955795,0.0775767014869698,0.03162825255509466,2.87e-322,0.0,9.447780655427437e-16,1.0603314034408503e-11,3.0266523629478436e-13,4.998163536610517e-13,7.938094626069869e-14,2.56419527542903e-22,0.006831760744679495,2.3053020324557675e-08,2.1780753743673876e-13,0.010837866607595776,0.0014271225358135511,0.0022227689298022412,8.155504189236828e-14,5.8698459235099365e-12,1.156832706110446e-12,2.176935935694384e-13,3.513214348886043e-41,3.438127379664554e-61,1.296077955377924e-41,1.8826122934347725e-35,4.326449370621589e-292,1.651907873394028e-292,4.998163536971456e-13,103272.0,834.0,9.999657993055797e-16,1024.0,32.0,-2.5269636172235117,51652.0,834.0,0.0,157394.0,32.0,0.1049308941353149,0.9997208947026492,0.00041968227798317716,0.00047580816289240034,0.0,1.0,1.0
-2.5267091621370876,11.51226248366989,0.5810020905839827,0.5894123340299663,0.37642763625885095,5.347803650606538e-12,14622.794931667318,34.10217139924228,0.686970585837746,2.1406456638566903e-15,9.211028849476116e-15,1.6598079437719096e-15,0.00045922198180190513,4.2559604394149674e-14,0.6951273605384815,3.5144037555756176e-11,0.5849755581524189,0.07769668850190735,0.03199589190243279,2.9e-322,0.0,9.55574195527429e-16,1.0698891463078335e-11,3.0538809590895007e-13,5.063744446243893e-13,7.949196856316121e-14,2.7588412133204144e-22,0.006885699845339069,2.3087290628550718e-08,2.1780835759542443e-13,0.011059167413215906,0.0014461876189477297,0.002277920619097097,8.222852412567932e-14,5.8698459235099365e-12,1.156832706110446e-12,2.176935935694384e-13,3.513214348886043e-41,3.438127379664554e-61,1.296077955377924e-41,1.8826122934347725e-35,4.457770942716593e-292,1.6913062880892732e-292,5.063744446604832e-13,103560.0,850.0,9.999657993055797e-16,1024.0,32.0,-2.5267091185705834,51796.0,850.0,0.0,157874.0,32.0,0.8100113335939431,0.9997208947026492,0.00041968227798317716,0.00047580816289240034,0.0,1.0,1.0
-2.526258123935825,11.506620247833133,0.5882709270086042,0.5845623210267428,0.38344394694135764,5.3746022018002905e-12,14629.846776498132,34.0867934854692,0.6949643650277718,2.1799899374170767e-15,9.386756701736518e-15,1.6835053697757028e-15,0.00046766382176181305,4.3298582312084985e-14,0.7035665517934355,3.557070066456803e-11,0.5925477364229182,0.0779015083412941,0.032649643207542337,3e-322,0.0,9.749354406501112e-16,1.0868060192099026e-11,3.102243190312858e-13,5.180772169660424e-13,8.093525849517391e-14,3.013263875165826e-22,0.006981035657373932,2.3145813893300445e-08,2.178098310885991e-13,0.011457845071122491,0.0014799840158608757,0.0023777526597991133,8.343608884608325e-14,5.8698459235099365e-12,1.156832706110446e-12,2.176935935694384e-13,3.513214348886043e-41,3.438127379664554e-61,1.296077955377924e-41,1.8826122934347725e-35,4.700875343575268e-292,1.7635287126777137e-292,5.180772170021363e-13,104056.0,875.0,9.999657993055797e-16,1024.0,32.0,-2.526257821919648,52044.0,875.0,0.0,158693.0,32.0,0.8100083834156977,0.9997208947026492,0.00041968227798317716,0.00047580816289240034,0.0,1.0,1.0
-2.526218903222672,11.506129738886996,0.5889030622652163,0.5841340985575181,0.38405490697627004,5.376944404449997e-12,14630.491943035215,34.0854566033365,0.6956591606212735,2.1835740678345466e-15,9.402386508568731e-15,1.6856690973853095e-15,0.0004683980968477095,4.336219139747403e-14,0.704300659000999,3.560781398808649e-11,0.5932066883950575,0.07791887736808638,0.03270669514108867,3e-322,0.0,9.766348905736247e-16,1.0882774591967278e-11,3.106460049287469e-13,5.191008953509555e-13,8.126832540256146e-14,2.9717755975674633e-22,0.006989320161518156,2.3150778813748495e-08,2.1780996063624226e-13,0.011492946290794438,0.0014829263976952989,0.0023865709063786403,8.354210200849397e-14,5.8698459235099365e-12,1.156832706110446e-12,2.176935935694384e-13,3.513214348886043e-41,3.438127379664554e-61,1.296077955377924e-41,1.8826122934347725e-35,4.722699895812148e-292,1.7699547529561611e-292,5.191008953870494e-13,104092.0,875.0,9.999657993055797e-16,1024.0,32.0,-2.5262178289464376,52062.0,875.0,0.0,158747.0,32.0,0.8100077689966444,0.9997208947026492,0.00041968227798317716,0.00047580816289240034,0.0,1.0,1.0
-2.5257286443082556,11.500000000000002,0.5968055252554383,0.5786995539316228,0.39169930535023606,5.406399041365079e-12,14639.030714311757,34.06875,0.7043395908842879,2.2280190431034747e-15,9.598493468162635e-15,1.7113753841882748e-15,0.00047798449328484286,4.420391118716336e-14,0.7134807596360859,3.6071941179046075e-11,0.6014503187936384,0.0781301600324024,0.03342229631684497,3.1e-322,0.0,9.980998129688498e-16,1.1066757545163163e-11,3.1593263992145366e-13,5.319786049322908e-13,8.471001677889944e-14,2.987220610567477e-22,0.007092805176631547,2.3211224357417246e-08,2.1781160032619492e-13,0.01193759871425237,0.0015197469844504667,0.0024986669473497816,8.488164179967387e-14,5.8698459235099365e-12,1.156832706110446e-12,2.176935935694384e-13,3.513214348886043e-41,3.438127379664554e-61,1.296077955377924e-41,1.8826122934347725e-35,5.004101456861154e-292,1.8523162684136748e-292,5.319786049683847e-13,104640.0,903.0,9.999657993055797e-16,1024.0,32.0,-2.5257286443082556,52336.0,903.0,0.0,159653.0,32.0,0.11197946624659644,0.9997208947026492,0.00041968227798317716,0.00047580816289240034,0.0,1.0,1.0
