ln_a,z,x_hii,x_heii,x_heiii,w,T,Tcmb,ne_per_h,Gamma_hi,Gamma_hei,Gamma_heii,Nactive,Eactive,emitted_N,emitted_E,out_N,out_E,abs_HI,abs_HeI,abs_HeII,ci_HI,ci_HeI,ci_HeII,rr_HII,rr_HeII,rr_HeIII,dr_HeII,escape_E,work_E,cmb_reservoir_E,redshift_E,ci_floor_HI,ci_floor_HeI,ci_floor_HeII,ce_cap_HI_E,ce_cap_HeI_E,ce_cap_HeII_E,excluded_dr_E,elapsed_s,number_residual,energy_residual,emitted_N_exact,emitted_E_exact,source_N_error,source_E_error,ieee_underflow_N_bound,ieee_underflow_E_bound
-2.5649493574615367,12.0,0.0002,0.0,0.0,6.7046568077842106e-15,30.0,35.43149999999999,0.0002,0.0,0.0,0.0,0.0,0.0,0.0,0.0,0.0,0.0,0.0,0.0,0.0,0.0,0.0,0.0,0.0,0.0,0.0,0.0,0.0,0.0,0.0,0.0,0.0,0.0,0.0,0.0,0.0,0.0,0.0,0.0,0.0,0.0,0.0,0.0,0.0,0.0,5.356615618076814e-289,5.356615618935037e-289
-2.5644590985471205,11.99362819615703,0.006869951808608357,0.023120607660650445,7.661222625415216e-05,2.1116116490271037e-13,937.4507381865312,35.414133648625985,0.008707359607015627,7.852017309391417e-16,2.8334979798237953e-15,8.01419576006562e-16,0.00015429589879462546,1.536013952239782e-14,0.008661882178307679,4.379250735306785e-13,0.0,0.0,0.00667013182269397,0.0018314055134378308,6.04894337520518e-06,1.5676223891989335e-13,1.2245157784322517e-14,1.875280783040319e-16,1.8001424238122377e-07,4.60486944516045e-08,6.097237491117685e-10,0.0,5.812361761550921e-18,1.0265978807162889e-16,3.551824116510939e-18,6.832145595507152e-18,1.5676223891989335e-13,1.2245157784322517e-14,1.875280783040319e-16,1.0919667124949375e-41,3.440642707385501e-61,7.314047142871134e-44,1.5971431537088737e-43,8661878652231.126,-6.045511313779173e-15,-1.3252863207712998e-25,0.008661878652231126,4.379246013649434e-13,3.5260765522682203e-09,4.721657351230993e-19,5.356615618076814e-289,5.356615618935037e-289
-2.5642237742682013,11.990570839720432,0.010115109426916463,0.03450132395826642,0.00017282687643757548,3.142027917341356e-13,1389.5910744659345,35.40580082365803,0.012866186614638165,7.884538188578527e-16,2.8491270949942748e-15,8.037276573938626e-16,0.00015507109142483733,1.5433912131967707e-14,0.012821825091761939,6.482428755459482e-13,0.0,0.0,0.00991555681072921,0.0027375506544211644,1.364653517406591e-05,3.4094062244750255e-13,2.648176198769986e-14,6.155736172674606e-16,4.4738415369580305e-07,1.1769381312555876e-07,2.308087504472508e-09,0.0,1.4671897227412486e-17,2.262944467503737e-16,1.1758380637753316e-17,1.0455765828969689e-17,3.4094062244750255e-13,2.648176198769986e-14,6.155736172674606e-16,2.338271158658689e-41,3.440642707385501e-61,2.0202155204934275e-43,2.915058807255687e-43,12821844049959.768,-1.2660011927678738e-14,-2.7757806444192787e-25,0.012821844049959766,6.482428546716929e-13,-1.8958197827573242e-08,2.087425525869343e-20,5.356615618076814e-289,5.356615618935037e-289
-2.5639688396327047,11.987259515382084,0.013635076578315825,0.046708270607523195,0.0003201583130461004,4.2570874669898945e-13,1874.9966669182827,35.39677580917387,0.017373122938864408,7.920098820821729e-16,2.8659795747623814e-15,8.060572067726921e-16,0.00015585904132085402,1.5505416898913092e-14,0.01733013400856003,8.761715539176986e-13,0.0,0.0,0.013435981113454837,0.0037130118453463992,2.5282008415615995e-05,6.195631523725379e-13,4.7828144382570026e-14,1.5265297529547917e-15,9.045357585768141e-07,2.411411387583541e-07,6.3521240293410495e-09,0.0,3.000113578890147e-17,4.1492912790176625e-16,2.929415978315913e-17,1.4399546845424402e-17,6.195631523725379e-13,4.7828144382570026e-14,1.5265297529547917e-15,3.5097769300020365e-41,3.440642707385501e-61,4.382697770992481e-43,4.6129959946589894e-43,17330130988232.943,-2.2325891135821507e-14,-4.897248499612041e-25,0.017330130988232932,8.761714414769952e-13,3.02032709953437e-09,1.1244070337231547e-19,5.356615618076814e-289,5.356615618935037e-289
-2.563517801431442,11.981403086046896,0.019873637596865192,0.06799288382191154,0.0006900231955992179,6.226531660858301e-13,2722.610064736363,35.38081411102081,0.025350447876847558,7.984553687463807e-16,2.895515425415453e-15,8.097551291092212e-16,0.00015727342936723243,1.5633420881591437e-14,0.025310537788242396,1.2796417441335303e-12,0.0,0.0,0.019675839597040876,0.005422926752636958,5.449800915717965e-05,1.312128233581626e-12,1.0019042975022437e-13,4.754919359316933e-15,2.2020014878390694e-06,5.919881968253228e-07,2.2493719891050585e-08,0.0,7.412113255334135e-17,8.8781290219714e-16,9.163552287156722e-17,2.1422138381967356e-17,1.312128233581626e-12,1.0019042975022437e-13,4.754919359316933e-15,3.5097769300020365e-41,3.440642707385501e-61,1.1521037517598431e-42,8.195453083951996e-43,25310556394506.613,-4.015190957495918e-14,-8.804949879714845e-25,0.025310556394506627,1.2796433388655458e-12,-1.8606264230724978e-08,-1.5947320155664623e-18,5.356615618076814e-289,5.356615618935037e-289
-2.5634785807182885,11.98089395614441,0.020416815358632497,0.06982471665483835,0.0007287437783900495,6.397584392675017e-13,2795.6477881599294,35.37942647747158,0.026044357796391845,7.989694671168919e-16,2.8983112881165103e-15,8.102144566537166e-16,0.00015740762340289854,1.5646297109143673e-14,0.026004768067164525,1.3147409431410665e-12,0.0,0.0,0.02021916227096696,0.005570641155617553,5.755701713007537e-05,1.3843146868413133e-12,1.0560160212168274e-13,5.155725466803048e-15,2.3469137187984695e-06,6.311215209157722e-07,2.4613578121924817e-08,0.0,7.908741494456691e-17,9.373256038205847e-16,9.93850572620576e-17,2.203555031406568e-17,1.3843146868413133e-12,1.0560160212168274e-13,5.155725466803048e-15,3.5097769300020365e-41,3.440642707385501e-61,1.234082856001413e-42,8.5383523923387e-43,26004761684000.656,-4.7042231221539055e-14,-1.0315523849904456e-24,0.026004761684000673,1.3147407567436882e-12,6.383163851653162e-09,1.8639737824717524e-19,5.356615618076814e-289,5.356615618935037e-289
-2.5629883218038727,11.974531516914036,0.027215190791555426,0.09246993491018975,0.0013009880976992826,8.532915946474021e-13,3699.704968729061,35.362085649349204,0.03472086798410187,8.060182108051976e-16,2.931821376709605e-15,8.148119049798806e-16,0.0001589789935908339,1.578898866009245e-14,0.03468578904123274,1.7536334783501464e-12,0.0,0.0,0.027019822691459194,0.0074042136734197425,0.00010277368268928481,2.4465351879519264e-12,1.8441222437792768e-13,1.2177423995565705e-14,4.631902350331875e-06,1.2460677181802431e-06,6.409604099257832e-08,0.0,1.5809458461471766e-16,1.6693496027128491e-15,2.353128775559276e-16,2.9741020516903184e-17,2.4465351879519264e-12,1.8441222437792768e-13,1.2177423995565705e-14,3.5097769300020365e-41,3.440642707385501e-61,2.5586188995532795e-42,1.3204683422271623e-42,34685775418905.6,-7.368411436559086e-14,-1.617606617809998e-24,0.03468577541890567,1.7536327837432404e-12,1.3622327071916018e-08,6.946069059987589e-19,5.356615618076814e-289,5.356615618935037e-289
-2.5624980628894565,11.968172196161712,0.03403022656203887,0.11464435250523969,0.0020355093044052246,1.0662932095680286e-12,4587.476416443243,35.344753320638745,0.043402492702621774,8.133087059011597e-16,2.9657607495910657e-15,8.193307590491221e-16,0.00016058365973646633,1.5934440750765575e-14,0.043373183242314164,2.192847898976871e-12,0.0,0.0,0.03383808988196968,0.009213677134935698,0.00016083256556013542,3.801727601986032e-12,2.83130449278459e-13,2.3657870567140118e-14,7.863323732552754e-06,2.109097615286996e-06,1.3446260443333708e-07,0.0,2.7145164782309293e-16,2.6104869578500445e-15,4.579209125243141e-16,3.751715899367227e-17,3.801727601986032e-12,2.83130449278459e-13,2.3657870567140118e-14,3.5097769300020365e-41,3.440642707385501e-61,4.489588701798654e-42,1.8515425686920112e-42,43373176875760.516,-1.1218803663837207e-13,-2.4629625856193178e-24,0.04337317687576057,2.1928477592278563e-12,6.366553596814928e-09,1.397490149037165e-19,5.356615618076814e-289,5.356615618935037e-289
-2.562262738610537,11.965120829435168,0.037307386988632764,0.12512095088501557,0.0024453094306515722,1.1683414502577995e-12,5007.913154683096,35.33643682062555,0.04757145828439477,8.167053971886623e-16,2.9821349135921425e-15,8.214235005838257e-16,0.00016136609086012888,1.6005572344779653e-14,0.04754540157017861,2.403785559403248e-12,0.0,0.0,0.03711716480467788,0.010073637680367876,0.00019323299412897136,4.554959527319086e-12,3.3726081498445634e-13,3.105612020765312e-14,9.777820600087855e-06,2.617129468268971e-06,1.8224963490324034e-07,0.0,3.392795460487985e-16,3.1363557585760697e-15,6.015208908111515e-16,4.127521550940452e-17,4.554959527319086e-12,3.3726081498445634e-13,3.105612020765312e-14,3.5097769300020365e-41,3.440642707385501e-61,5.6511932742513755e-42,2.127366113773642e-42,47545399869765.97,-1.4375306500724605e-13,-3.153222188574945e-24,0.047545399869766004,2.403785728323608e-12,1.7004126023900668e-09,-1.6892035992366304e-19,5.356615618076814e-289,5.356615618935037e-289
-2.5620078039750407,11.961815992358964,0.0408620149980396,0.13634831454314236,0.002930903455923433,1.2787515766194543e-12,5459.275617809873,35.327429487174356,0.052089129849749276,8.206355556987487e-16,3.0004292697757452e-15,8.239671331672188e-16,0.00016222511207082552,1.6083658771255165e-14,0.05206697296300876,2.6323863651269574e-12,0.0,0.0,0.04067414778171905,0.010998966793086358,0.00023163327597543993,5.445380621127727e-12,4.0065063477115073e-13,4.0627317332411473e-14,1.2132789124873773e-05,3.2390567186521844e-06,2.4616107474340747e-07,0.0,4.232760544235106e-16,3.760210977043244e-15,7.87424059491816e-16,4.536545004245083e-17,5.445380621127727e-12,4.0065063477115073e-13,4.0627317332411473e-14,3.5097769300020365e-41,3.440642707385501e-61,7.09148671693861e-42,2.440567474509325e-42,52066970740758.96,-1.5708268019665184e-13,-3.447259046943404e-24,0.05206697074075902,2.6323859201206747e-12,2.222249738392801e-09,4.450062826290119e-19,5.356615618076814e-289,5.356615618935037e-289
-2.561556765773778,11.955971036436967,0.04716207972600893,0.15590099521507172,0.0038955556699112794,1.473723162000728e-12,6247.485373213182,35.31149905980895,0.06008514076981637,8.274356101716784e-16,3.0330807261035007e-15,8.284048316002201e-16,0.0001637591166191234,1.6222890911482018e-14,0.06007090113872236,3.037047138160682e-12,0.0,0.0,0.04697915795984006,0.012620045213576497,0.0003079388484790653,1.1508657583977922e-11,5.244448394476374e-13,6.19424944922148e-14,1.707824533975433e-05,4.528038970689888e-06,3.949798638011155e-07,0.0,6.011366811602136e-16,5.0017178106701704e-15,1.2018383017619582e-15,5.265088768955853e-17,5.876091197985958e-12,5.244448394476374e-13,6.19424944922148e-14,3.5097769300020365e-41,3.440642707385501e-61,1.0125127886830058e-41,3.02953901098503e-42,60070910902804.99,-2.0761170560490427e-13,-4.556763511144169e-24,0.06007091090280507,3.037046669311617e-12,-9.764082709029509e-09,4.688490650444175e-19,5.356615618076814e-289,5.356615618935037e-289
-2.5615175450606245,11.955462903978043,0.04771059137142863,0.15758250984956496,0.003985790748628127,1.4906545552621457e-12,6315.40555135592,35.31011414479215,0.06078065121459872,8.280763617248312e-16,3.0360223150262588e-15,8.288436616084523e-16,0.00016388885981406584,1.623430120146494e-14,0.06076715572346342,3.072247418576384e-12,0.0,0.0,0.04752814490885995,0.012760043948887969,0.00031507800569382903,1.3440342807267407e-11,5.358911230488871e-13,6.408010694924482e-14,1.7553550871631168e-05,4.651796934918042e-06,4.1031507674090985e-07,0.0,6.184043373650877e-16,5.117982845052917e-15,1.2434248420179327e-15,5.3287385931768995e-17,5.876091197985958e-12,5.358911230488871e-13,6.408010694924482e-14,3.5097769300020365e-41,3.440642707385501e-61,1.0419216206622281e-41,3.08278113307026e-42,60767161703540.766,-2.0760476671100037e-13,-4.556763511144169e-24,0.06076716170354082,3.0722475035190656e-12,-5.9800774054874495e-09,-8.494268152171709e-20,5.356615618076814e-289,5.356615618935037e-289
-2.5610272861462087,11.949112929491971,0.054576114539474606,0.17834731757150193,0.005198742215263324,1.7019862384295276e-12,7156.144405827486,35.29280728933036,0.06947701996068739,8.357006787492376e-16,3.0718507134932996e-15,8.334851254800089e-16,0.00016560039388348506,1.6389772751342965e-14,0.0694737441462129,3.512432566828972e-12,0.0,0.0,0.0544002387761303,0.014496839309452676,0.00041106566647271535,1.7224411068684236e-10,6.877944259523561e-13,9.497479315705456e-14,2.4124408899816948e-05,6.360905922136782e-06,6.386495732171831e-07,0.0,8.620307813636334e-16,6.683250823397397e-15,1.8449289942578e-15,6.128427926534453e-17,5.876091197985958e-12,6.877944259523561e-13,9.497479315705456e-14,3.5097769300020365e-41,3.440642707385501e-61,1.2950028455037558e-41,6.091983059121858e-42,69473754457131.57,-2.7372548672133235e-13,-6.012811415564904e-24,0.06947375445713162,3.5124327466915786e-12,-1.0310918716061046e-08,-1.7986260677741174e-19,5.356615618076814e-289,5.356615618935037e-289
-2.5605370272317924,11.942766067374494,0.06145869890219857,0.19864344004726242,0.006568359659744609,1.91271828272766e-12,7981.710705069612,35.275508916629185,0.07817818516799475,8.434246774294056e-16,3.108956294227622e-15,8.385857016233216e-16,0.00016733791104038602,1.6547358748107908e-14,0.07818674293549034,3.952942047900707e-12,0.0,0.0,0.06129059715175102,0.016209309726562423,0.000519498145789034,1.9131884607062665e-09,8.553273734380266e-13,1.3423424430095674e-13,3.19001627409813e-05,8.378171601394278e-06,9.434359434313908e-07,0.0,1.1768958272294462e-15,8.45544334156447e-15,2.610357689807003e-15,6.935786921923658e-17,5.876091197985958e-12,8.553273734380266e-13,1.3423424430095674e-13,3.5097769300020365e-41,3.440642707385501e-61,1.2950028455037558e-41,3.2228767870815e-39,78186753698008.16,-3.4747205113205837e-13,-7.627994652674063e-24,0.07818675369800825,3.952941887081246e-12,-1.0762517904661095e-08,1.608194611064723e-19,5.356615618076814e-289,5.356615618935037e-289
-2.560301702952873,11.939720678623479,0.06476848186819754,0.2082193030744349,0.007281011715667835,2.0136342778060852e-12,8372.597006587966,35.26720870958829,0.08235648132917943,8.472652514904146e-16,3.127024126874209e-15,8.41061909917832e-16,0.00016818356962870095,1.6623831555771517e-14,0.08237131577396728,4.164502652923443e-12,0.0,0.0,0.06460455312416921,0.017022641742198114,0.0005759373375855656,5.2359174172438536e-09,9.409976650307072e-13,1.5631184244260898e-13,3.607649188915929e-05,9.458996552044353e-06,1.1206233470490606e-06,0.0,1.3731178561859075e-15,9.379415771159125e-15,3.0412490572393943e-15,7.326084243624866e-17,5.876091197985958e-12,9.409976650307072e-13,1.5631184244260898e-13,3.5097769300020365e-41,3.440642707385501e-61,1.2950028455037558e-41,5.726489847060861e-38,82371270297806.05,-3.8567760096697157e-13,-8.468099962298232e-24,0.0823712702978061,4.164501392524034e-12,4.547616118399933e-08,1.2603994082788584e-18,5.356615618076814e-289,5.356615618935037e-289
-2.5600467683173767,11.936422316100135,0.06835843462659441,0.21847152507125264,0.008093230430540978,2.1227592243645578e-12,8792.05577107896,35.258219022530916,0.08688406509493662,8.513138212837815e-16,3.146563322019236e-15,8.436127998898128e-16,0.0001691116000233933,1.6708025686633696e-14,0.08690614885083792,4.393774827012512e-12,0.0,0.0,0.0681993554063752,0.017897405143712145,0.0006402767002984225,1.417342400854929e-08,1.037481068796746e-12,1.8274577120528182e-13,4.093495320479882e-05,1.0713920923817923e-05,1.3374559647767326e-06,0.0,1.6453903992349012e-15,1.043393516377003e-14,3.55754415145708e-15,7.750951731414489e-17,5.876091197985958e-12,1.037481068796746e-12,1.8274577120528182e-13,3.5097769300020365e-41,3.440642707385501e-61,1.2950028455037558e-41,9.522399775013651e-37,86906164126038.02,-4.2875425432242764e-13,-9.413218435625421e-24,0.0869061641260381,4.3937751623025235e-12,-1.5275200188069604e-08,-3.352900114932908e-19,5.356615618076814e-289,5.356615618935037e-289
-2.559595730116114,11.930588811113601,0.07472148731280492,0.23630051254558598,0.009631994746166514,2.3151798822680594e-12,9523.562660927053,35.24231980469012,0.09489763221053538,8.58663262521473e-16,3.181753689386574e-15,8.482646662775765e-16,0.00017077839783263178,1.6859155656474777e-14,0.09493368927480673,4.799628133264752e-12,0.0,0.0,0.07457182381593078,0.01942887625205888,0.0007622108084788966,6.72643644851002e-08,1.1580624877762121e-12,2.1754443110726324e-13,5.040376749034069e-05,1.3151993341730526e-05,1.790170841192433e-06,8.323970092840453e-25,2.4131216342884445e-15,1.2435686674642363e-14,4.6042816315243605e-15,8.507937966177967e-17,5.876091197985958e-12,1.156336505212928e-12,2.1754443110726324e-13,3.5097769300020365e-41,3.440642707385501e-61,1.2950028455037558e-41,1.8634789066534714e-35,94933688123457.38,-5.05540054263065e-13,-1.1104738164811007e-23,0.0949336881234574,4.799628255801108e-12,1.1513493353154658e-09,-1.225363565165619e-19,5.356615618076814e-289,5.356615618935037e-289
-2.5595565094029604,11.930081674144136,0.07527547934241684,0.2378321471952479,0.009771906897913133,2.3318634260583898e-12,9586.498683625216,35.24093760287984,0.09559463415750163,8.59354450157015e-16,3.184987278394528e-15,8.48767268204081e-16,0.0001709275700133393,1.687285728573089e-14,0.09563197775414099,4.834932929271034e-12,0.0,0.0,0.07512668405883449,0.01956106580376343,0.0007733003210241639,7.61883231910276e-08,1.158772785368584e-12,2.1754443110726331e-13,5.1280904740863544e-05,1.3377323883162178e-05,1.8339871959371545e-06,1.2907426872677509e-24,2.5069171067588398e-15,1.2617947086866234e-14,4.7036872522154324e-15,8.574087943929812e-17,5.876091197985958e-12,1.156336505212928e-12,2.1754443110726324e-13,3.5097769300020365e-41,3.440642707385501e-61,1.2950028455037558e-41,1.8634789066534714e-35,95631990444544.72,-5.055539320508728e-13,-1.11063537519449e-23,0.0956319904445447,4.834932810144594e-12,-1.2690403713988552e-08,1.191264401506313e-19,5.356615618076814e-289,5.356615618935037e-289
-2.5590662504885446,11.923744139982508,0.08221005415160401,0.2567261544353617,0.011602992070382484,2.539461165046535e-12,10363.05566897429,35.22366465352233,0.10430995982866664,8.675264651132818e-16,3.2244280083351976e-15,8.541768599704284e-16,0.00017276941626519272,1.7039426640739893e-14,0.104364223191629,5.276414804047551e-12,0.0,0.0,0.08207272451035216,0.021200256743448262,0.0009184725209580582,3.191865971265336e-07,1.1952647827960741e-12,2.1754443110727816e-13,6.298954534526048e-05,1.6376757347905537e-05,2.4468314085666515e-06,7.737362616119506e-23,4.323320824219856e-15,1.5006316002361945e-14,6.065208476435671e-15,9.405362284978069e-17,5.876091197985958e-12,1.156336505212928e-12,2.1754443110726324e-13,3.5097769300020365e-41,3.440642707385501e-61,1.2950028455037558e-41,1.8634789066534714e-35,104364237360247.14,-6.05321348601251e-13,-1.3297897699070255e-23,0.10436423736024708,5.276415068568316e-12,-1.4168618084342555e-08,-2.6452076563339187e-19,5.356615618076814e-289,5.356615618935037e-289
-2.5585759915741284,11.917409712091994,0.0891626092508765,0.27515413826373,0.013585003527700399,2.744436733562049e-12,11117.587624146941,35.20640017030672,0.11303030493396578,8.759007330840385e-16,3.2641763414701945e-15,8.593519369643467e-16,0.0001746642055028335,1.7211265887169912e-14,0.1131028978322187,5.718221964393615e-12,0.0,0.0,0.08903762721437573,0.02281491571742873,0.0010756906941992467,1.0960122064803261e-06,1.4557877301699785e-12,2.175444311078182e-13,7.611397570571503e-05,1.9720314297909876e-05,3.1904159141313455e-06,2.077441298135654e-21,8.198091810924907e-15,1.7597072104924564e-14,7.657440691930036e-15,1.0244923553746853e-16,5.876091197985958e-12,1.156336505212928e-12,2.1754443110726324e-13,3.5097769300020365e-41,3.440642707385501e-61,1.2950028455037558e-41,1.8634789066534714e-35,113102909583325.27,-7.121664369336145e-13,-1.5643730217482357e-23,0.11310290958332526,5.718222175709524e-12,-1.1751106560042857e-08,-2.1131590925115446e-19,5.356615618076814e-289,5.356615618935037e-289
-2.558340667295209,11.91437028960497,0.09250647661677106,0.283834293456876,0.014589556665836055,2.841376350064144e-12,11469.98824524299,35.19811622431834,0.11721806136323537,8.800420724591903e-16,3.283820783519687e-15,8.6205327917265e-16,0.0001755855445073014,1.72947177400488e-14,0.11729976202473734,5.9304054959973075e-12,0.0,0.0,0.09238754360139283,0.023581227556597275,0.0011554053214733212,1.8663198126679174e-06,1.8660540473080635e-12,2.1754443110985903e-13,8.293330443449432e-05,2.1449917196585142e-05,3.598216493286604e-06,8.396943322355047e-21,1.1302532972142568e-14,1.891159491830855e-14,8.507765227784703e-15,1.0650915378559172e-16,5.876091197985958e-12,1.156336505212928e-12,2.1754443110726324e-13,3.5097769300020365e-41,3.440642707385501e-61,1.2950028455037558e-41,1.8634789066534714e-35,117299755903501.92,-7.666089985036706e-13,-1.6840880283696798e-23,0.11729975590350193,5.930405043369519e-12,6.121235407441361e-09,4.526277882759627e-19,5.356615618076814e-289,5.356615618935037e-289
-2.5580857326597126,11.911078388950097,0.09613403635358543,0.29311697342856785,0.015716509223458894,2.9449137941434437e-12,11843.012001694438,35.18914414908349,0.12175640413322902,8.843944741148191e-16,3.3053170534045446e-15,8.650078220564819e-16,0.000176588824681344,1.7385565540081498e-14,0.12184800639728598,6.160354649192288e-12,0.0,0.0,0.09602155327411403,0.024405007251563693,0.0012448570461001049,3.1952003323696294e-06,2.841941772515657e-12,2.1754443111948707e-13,9.071212086099638e-05,2.3416518719316602e-05,4.080002360372867e-06,3.3915324543515606e-20,1.599249842558145e-14,2.0386794092558213e-14,9.494083115946005e-15,1.1092965172927427e-16,5.876091197985958e-12,1.156336505212928e-12,2.1754443110726324e-13,3.5097769300020365e-41,3.440642707385501e-61,1.2950028455037558e-41,1.8634789066534714e-35,121848011827359.45,-8.268108420139697e-13,-1.816485393992181e-23,0.12184801182735953,6.1603543698759624e-12,-5.430073557466386e-09,2.7931632553027767e-19,5.356615618076814e-289,5.356615618935037e-289
-2.55763469445845,11.905256312465339,0.10256577489531063,0.3092326932359841,0.01780828019096817,3.1230230980507125e-12,12475.801285206164,35.17327607962428,0.12979071597040961,8.923216276675878e-16,3.3435192696849653e-15,8.700580606299478e-16,0.00017839168850927696,1.754850521758706e-14,0.12989922770311813,6.567403859730425e-12,0.0,0.0,0.10246371652329204,0.025846161150677446,0.0014109583397353502,7.559873470395543e-06,7.800075095440249e-12,2.1754443125002212e-13,0.00010550150145181477,2.7136940560227067e-05,5.041482771201064e-06,3.0624256286741955e-19,2.895662060045555e-14,2.3124222459853187e-14,1.1409399507004971e-14,1.1880786400094742e-16,5.876091197985958e-12,1.156336505212928e-12,2.1754443110726324e-13,3.5097769300020365e-41,3.440642707385501e-61,1.2950028455037558e-41,1.8634789066534714e-35,129899188941314.17,-9.040268533766493e-13,-1.9862836017642966e-23,0.12989918894131416,6.567403310377912e-12,3.8761803961007146e-08,5.493525125761165e-19,5.356615618076814e-289,5.356615618935037e-289
-2.5575954737452964,11.90475016903505,0.103125883482987,0.31061548153728513,0.017996045648514317,3.1381346751310128e-12,12528.924220382247,35.17189658570503,0.1304896392330644,8.930747699865137e-16,3.3470459906460816e-15,8.70597592454094e-16,0.00017855454454599931,1.7563366284495566e-14,0.13059954563430717,6.6028118198451345e-12,0.0,0.0,0.10302462805990628,0.025970490545514847,0.0014258724834321653,8.106559843423475e-06,8.575299780912745e-12,2.1754443128121696e-13,0.00010685113676270393,2.7475249948077345e-05,5.13203771437302e-06,3.652654102900799e-19,3.043489711423578e-14,2.3369789974700955e-14,1.1586405091059888e-14,1.1949642406001405e-16,5.876091197985958e-12,1.156336505212928e-12,2.1754443110726324e-13,3.5097769300020365e-41,3.440642707385501e-61,1.2950028455037558e-41,1.8634789066534714e-35,130599548809396.2,-9.078848783872218e-13,-1.9950885516440115e-23,0.1305995488093962,6.60281188955061e-12,-3.1750890250314967e-09,-6.970547543628438e-20,5.356615618076814e-289,5.356615618935037e-289
-2.5571052148308806,11.898425050825855,0.11014061471818033,0.3276504567477629,0.020422085103033845,3.3205899364196157e-12,13162.226509969882,35.15465747602587,0.13923229579348273,9.019311936726327e-16,3.3897031452953614e-15,8.76328356749826e-16,0.00018056797238015713,1.7745806705022416e-14,0.1393575314634199,7.045595508910333e-12,0.0,0.0,0.11004700903885654,0.02751131993768659,0.0016186345134598628,1.821825663271561e-05,2.7549177021832002e-11,2.1754443278830394e-13,0.0001246125773088868,3.190876648864918e-05,6.364637122106706e-06,2.7430512839763817e-18,5.4995636383291196e-14,2.653727315373252e-14,1.394228853013596e-14,1.2815142319075455e-16,5.876091197985958e-12,1.156336505212928e-12,2.1754443110726324e-13,3.5097769300020365e-41,3.440642707385501e-61,1.2950028455037558e-41,1.8634789066534714e-35,139357525249886.78,-1.0367262603949712e-12,-2.2790279904256416e-23,0.1393575252498867,7.045594973388602e-12,6.21353318797091e-09,5.3552173042459665e-19,5.356615618076814e-289,5.356615618935037e-289
-2.5566149559164644,11.892103032802233,0.11718147584890241,0.3442229318598406,0.022993155956225985,3.4884598070107965e-12,13728.961399039254,35.13742681590248,0.14798746877829394,9.109465474947475e-16,3.4334998355895354e-15,8.823348933294467e-16,0.00018261231341965627,1.7930423862371422e-14,0.1481219574069477,7.488704160039147e-12,0.0,0.0,0.11708882147583023,0.029027476312736566,0.0018230473038106146,3.675172240486516e-05,7.884793530197282e-11,2.1754444256008982e-13,0.0001440973493326267,3.673261663186017e-05,7.798149589270643e-06,1.497765477443388e-17,9.344499905957599e-14,2.987681378595154e-14,1.6565334069589462e-14,1.3689654779396371e-16,5.876091197985958e-12,1.156336505212928e-12,2.1754443110726324e-13,3.5097769300020365e-41,3.440642707385501e-61,1.2950028455037558e-41,1.8634789066534714e-35,148121945872753.88,-1.1506351427215122e-12,-2.52823230582858e-23,0.14812194587275362,7.488703860220566e-12,1.1534194072071458e-08,2.9981858104715336e-19,5.356615618076814e-289,5.356615618935037e-289
-2.556379631637545,11.889069564890608,0.12057139826513723,0.3520136773675188,0.02427830823202832,3.562816354304729e-12,13973.670167006414,35.12915909910935,0.15219536883078794,9.154510997292157e-16,3.4545597538622116e-15,8.850666913765655e-16,0.00018361768090740334,1.8021329066752254e-14,0.15233114355796348,7.701511582501135e-12,0.0,0.0,0.12047579891623045,0.02974645414400546,0.0019252728156014772,4.969691473422976e-05,1.238299514316606e-10,2.1754445676326678e-13,0.00015409756582737702,3.91922468185006e-05,8.564271185214026e-06,3.0528448731265825e-17,1.1785890859787307e-13,3.1536319880091335e-14,1.7919126311062465e-14,1.4112669918651494e-16,5.876091197985958e-12,1.156336505212928e-12,2.1754443110726324e-13,3.5097769300020365e-41,3.440642707385501e-61,1.2950028455037558e-41,1.8634789066534714e-35,152331158133266.94,-1.2186918141310343e-12,-2.676866322146702e-23,0.15233115813326678,7.701511921295268e-12,-1.4575303297625908e-08,-3.3879413274499868e-19,5.356615618076814e-289,5.356615618935037e-289
-2.5561246970020486,11.88578411344467,0.12425204955916709,0.36033376833991937,0.025707645371607656,3.638326274063126e-12,14217.131248818489,35.12020460119345,0.15675855422362509,9.201960576496128e-16,3.4777115303223155e-15,8.8811266081557e-16,0.0001847166898825444,1.8120917510702096e-14,0.1568928361802944,7.93213929184796e-12,0.0,0.0,0.12415019317146347,0.030518919673681935,0.0020390066439747454,6.728548080972053e-05,1.9414484254168864e-10,2.1754448795336221e-13,0.00016542909310605282,4.196615375879005e-05,9.455693802219142e-06,6.160726981395374e-17,1.4915142959399054e-13,3.337236978484832e-14,1.9454351233282513e-14,1.4573353292460626e-16,5.876091197985958e-12,1.156336505212928e-12,2.1754443110726324e-13,3.5097769300020365e-41,3.440642707385501e-61,1.2950028455037558e-41,1.8634789066534714e-35,156892815405329.53,-1.291716733575754e-12,-2.836324772261905e-23,0.15689281540532926,7.932138789049517e-12,2.0774965137082546e-08,5.02798442773779e-19,5.356615618076814e-289,5.356615618935037e-289
-2.555673658800786,11.879973443071949,0.13078588537177044,0.37474900113282394,0.02833029870185591,3.75832828859942e-12,14590.576256284994,35.10436761909259,0.16484453788781273,9.290109889407776e-16,3.5196828193409548e-15,8.938299056265532e-16,0.0001866876375852141,1.8298969843952696e-14,0.1649677229123507,8.340387604536122e-12,0.0,0.0,0.13066401952564966,0.03186921220361765,0.0022478035440998854,0.00010867735738013779,3.910399928440687e-10,2.1754462417867523e-13,0.00018681151125923465,4.716260770904328e-05,1.1201015223547253e-05,1.8137842941624726e-16,2.1759279257506674e-13,3.6709872792310076e-14,2.2342209060291524e-14,1.5394659182766548e-16,5.876091197985958e-12,1.156336505212928e-12,2.1754443110726324e-13,3.5097769300020365e-41,3.440642707385501e-61,1.2950028455037558e-41,1.8634789066534714e-35,164967715119119.0,-1.3982703883641534e-12,-3.070584906676337e-23,0.16496771511911879,8.340387089470157e-12,7.793231920905086e-09,5.150659658508794e-19,5.356615618076814e-289,5.356615618935037e-289
-2.5556344380876324,11.879468291234385,0.13135544558068388,0.37598411139778404,0.028563988898443544,3.76792412257618e-12,14619.554741688062,35.102990827759314,0.16554850525394738,9.296004782821338e-16,3.52348001475341e-15,8.944016584843253e-16,0.0001868569901126357,1.831441020814677e-14,0.16567017252210384,8.375901144093228e-12,0.0,0.0,0.1312312603108451,0.03198563993763515,0.0022664152820781724,0.00011294004838357723,4.133269650081375e-10,2.1754464360559062e-13,0.00018875477854466687,4.763243283869939e-05,1.1363527155443105e-05,1.9742472378635152e-16,2.24352292882629e-13,3.700505866168046e-14,2.2603507803314862e-14,1.5466459616135577e-16,5.876091197985958e-12,1.156336505212928e-12,2.1754443110726324e-13,3.5097769300020365e-41,3.440642707385501e-61,1.2950028455037558e-41,1.8634789066534714e-35,165670138578422.38,-1.4327983244299958e-12,-3.1466790606826797e-23,0.1656701385784222,8.37589999905422e-12,3.394368164322259e-08,1.145039007558288e-18,5.356615618076814e-289,5.356615618935037e-289
-2.5551441791732166,11.873155564653352,0.13849343913196058,0.3911750895970667,0.03156056163455239,3.876604788335702e-12,14935.499926932038,35.08578549146271,0.17435892962139515,9.392394141172386e-16,3.5699665080318454e-15,9.006386362308985e-16,0.00018904566125693836,1.8512014565392345e-14,0.1744539631676764,8.819988674339802e-12,0.0,0.0,0.138332119168812,0.03342762388762843,0.002505174448421694,0.0001755620776003835,7.72507571647913e-10,2.1754505095209017e-13,0.00021424211445178612,5.375745763931514e-05,1.3551161700897031e-05,5.09800034012272e-16,3.1969798673851854e-13,4.0754548268495674e-14,2.6003196689483946e-14,1.6369157532477762e-16,5.876091197985958e-12,1.156336505212928e-12,2.1754443110726324e-13,3.5097769300020365e-41,3.440642707385501e-61,1.2950028455037558e-41,1.8634789066534714e-35,174453920126255.72,-1.5573375922173227e-12,-3.4197132863105345e-23,0.17445392012625555,8.819987729586077e-12,4.304142084410323e-08,9.447537254511452e-19,5.356615618076814e-289,5.356615618935037e-289
-2.5546539202588003,11.866845932184274,0.14566610454323967,0.40590786919934196,0.03469564305191173,3.965355600803887e-12,15170.540991510592,35.06858858816824,0.18318972206717377,9.492892216407812e-16,3.617532326560476e-15,9.070360178399051e-16,0.00019129204665211386,1.8714957383752536e-14,0.18324420538252031,9.264403511876321e-12,0.0,0.0,0.1454528769366338,0.03484485547965462,0.002755180917891039,0.00025530206411345093,1.2905628074101557e-09,2.1754589527108654e-13,0.00024207445750746057,6.0368960906888295e-05,1.6051203483978517e-05,1.0970311999133586e-15,4.342456894954909e-13,4.460069118981355e-14,2.9641404846684227e-14,1.7281664352682973e-16,5.876091197985958e-12,1.156336505212928e-12,2.1754443110726324e-13,3.5097769300020365e-41,3.440642707385501e-61,1.2950028455037558e-41,1.8634789066534714e-35,183244164786533.8,-1.68873248718171e-12,-3.7074493548568123e-23,0.18324416478653352,9.264402220172483e-12,4.0595986794400574e-08,1.291703838033284e-18,5.356615618076814e-289,5.356615618935037e-289
-2.554418595979881,11.86381840718236,0.14912086826135884,0.41281725493132904,0.03624919822449547,4.0014987534941595e-12,15257.493693759214,35.06033706877552,0.1874352617913841,9.539507633531727e-16,3.6408095875890346e-15,9.102074190430008e-16,0.00019238071962958896,1.8813315049188832e-14,0.1874657715162514,9.477837583553822e-12,0.0,0.0,0.14887790283308047,0.03551633667841319,0.002879151283315478,0.00029928878064736054,1.5950913554651264e-09,2.1754650569667882e-13,0.0002563233523689423,6.37235506748545e-05,1.737247633601957e-05,1.4996225901009866e-15,4.954492197623971e-13,4.647563982897313e-14,3.1468668777474516e-14,1.7723217249805923e-16,5.876091197985958e-12,1.156336505212928e-12,2.1754443110726324e-13,3.5097769300020365e-41,3.440642707385501e-61,1.2950028455037558e-41,1.8634789066534714e-35,187465779313013.62,-1.812661132305493e-12,-3.979029552064164e-23,0.18746577931301334,9.477837311201948e-12,-7.796761930523033e-09,2.723518743239196e-19,5.356615618076814e-289,5.356615618935037e-289
-2.5541636613443846,11.86053939231062,0.15287194744359212,0.42018382544607097,0.03796758340654048,4.036403707399751e-12,15334.834075509616,35.051400113742595,0.19203923630615674,9.593240587618357e-16,3.6663843937867495e-15,9.137332928304682e-16,0.00019357268598358104,1.8920546115970908e-14,0.19204090271631252,9.709144315232985e-12,0.0,0.0,0.1525936490876155,0.03623734114690953,0.003016339793955437,0.00035074300357318877,1.962563769643071e-09,2.175473361590194e-13,0.0002724446475963459,6.749504215990305e-05,1.889899891979205e-05,2.031369833880509e-15,5.658458300850224e-13,4.8524958831607916e-14,3.350520057776515e-14,1.82041995511724e-16,5.876091197985958e-12,1.156336505212928e-12,2.1754443110726324e-13,3.5097769300020365e-41,3.440642707385501e-61,1.2950028455037558e-41,1.8634789066534714e-35,192040877300380.1,-1.8484658248496544e-12,-4.058516439051681e-23,0.19204087730037986,9.709143710513714e-12,2.5415932664030194e-08,6.047192709205402e-19,5.356615618076814e-289,5.356615618935037e-289
-2.553712623143122,11.85474010570406,0.15952840139110522,0.4329153751399938,0.04109712495154064,4.088613862801746e-12,15434.148969050995,35.035594158096416,0.20019495073661114,9.687220135190504e-16,3.711487813813774e-15,9.195488008258371e-16,0.00019571724958123403,1.911368878458915e-14,0.20013953898635325,1.0118593024739318e-11,0.0,0.0,0.15918088767341956,0.03749656575788754,0.003266368303447863,0.0004503093256596465,2.6951280465110603e-09,2.1754924671069583e-13,0.0003027956079736613,7.452897210179628e-05,2.1858439070101308e-05,3.2150954783181e-15,6.995800637374739e-13,5.2190505048462446e-14,3.724828596237903e-14,1.9061960781384925e-16,5.876091197985958e-12,1.156336505212928e-12,2.1754443110726324e-13,3.5097769300020365e-41,3.440642707385501e-61,1.2950028455037558e-41,1.8634789066534714e-35,200139569300019.62,-2.0170531911389844e-12,-4.430747714700544e-23,0.20013956930001933,1.0118594894017196e-11,-3.0313666077308454e-08,-1.869277878220841e-18,5.356615618076814e-289,5.356615618935037e-289
-2.5536734024299683,11.854235943516574,0.16010842118160726,0.4340042263768355,0.04137456051304277,4.092639879914092e-12,15440.77883810293,35.03422006405442,0.20090473808183787,9.696222917668117e-16,3.715756082895547e-15,9.202049512267163e-16,0.00019592053076945498,1.9132623889593868e-14,0.20084407655253647,1.01542127978516e-11,0.0,0.0,0.15975454672455414,0.03760506442491068,0.0032885448702852033,0.0004594236855412601,2.7630670098404817e-09,2.175494387751187e-13,0.00030554922848785717,7.516295982610492e-05,2.2132198420431687e-05,3.3321055289896585e-15,7.117038212743554e-13,5.25113801474736e-14,3.758198862496916e-14,1.9136963810440302e-16,5.876091197985958e-12,1.156336505212928e-12,2.1754443110726324e-13,3.5097769300020365e-41,3.440642707385501e-61,1.2950028455037558e-41,1.8634789066534714e-35,200844062412404.72,-2.016997679987753e-12,-4.430263038560376e-23,0.20084406241240443,1.0154212440486302e-11,1.4140132037487874e-08,3.573652971555717e-19,5.356615618076814e-289,5.356615618935037e-289
-2.5531831435155525,11.847935584287093,0.16737256912750423,0.44737059587326894,0.04491482721101308,4.137090442559689e-12,15500.95202392541,35.01704843497447,0.20978311520344856,9.801002865806538e-16,3.766833767652703e-15,9.27214795316338e-16,0.00019830947217467314,1.93481607835e-14,0.20965373164705775,1.0599609200360859e-11,0.0,0.0,0.16693569117203472,0.03894803325749097,0.0035716977431601927,0.0005784619449546516,3.655459956533008e-09,2.175521543049721e-13,0.00034158398948488467,8.339824839741892e-05,2.579033198197847e-05,4.964373763700946e-15,8.688981952212261e-13,5.654692259169448e-14,4.186035000760227e-14,2.0080205365850797e-16,5.876091197985958e-12,1.156336505212928e-12,2.1754443110726324e-13,3.5097769300020365e-41,3.440642707385501e-61,1.2950028455037558e-41,1.8634789066534714e-35,209653724870641.94,-2.1972146324600317e-12,-4.825435651510514e-23,0.20965372487064152,1.0599608650139901e-11,6.776416233700289e-09,5.502209577074498e-19,5.356615618076814e-289,5.356615618935037e-289
-2.5526928846011363,11.841638313107847,0.17466147775643368,0.4602844512733348,0.048586581078133274,4.172542551273803e-12,15526.699617525492,34.99988522237543,0.21867128934298113,9.90821430289533e-16,3.818718489516636e-15,9.341783950557334e-16,0.00020075193569813124,1.956825750362281e-14,0.21846986472297433,1.1045332476477044e-11,0.0,0.0,0.17413716713152394,0.040266248466218166,0.003865697187148866,0.0007050517357779455,4.601569647299034e-09,2.1755535135501848e-13,0.00038074111086802107,9.22241979282155e-05,2.9914470671693242e-05,6.857952153590589e-15,1.0347364057876677e-12,6.0621425591652e-14,4.633045668394017e-14,2.1034130582890604e-16,5.876091197985958e-12,1.156336505212928e-12,2.1754443110726324e-13,3.5097769300020365e-41,3.440642707385501e-61,1.2950028455037558e-41,1.8634789066534714e-35,218469869426617.03,-2.385230901680302e-12,-5.237410370653135e-23,0.2184698694266165,1.1045332579700678e-11,-4.703642170200695e-09,-1.0322363438035791e-19,5.356615618076814e-289,5.356615618935037e-289
-2.552457560322217,11.8386167193728,0.17816821112377637,0.4663228337661588,0.05039517489919059,4.187076620163082e-12,15529.692326797669,34.99164986865056,0.22294030456308217,9.960476034932383e-16,3.843825537533363e-15,9.374489229815044e-16,0.00020194666471417698,1.9675964213648075e-14,0.22270393244994277,1.1259396548392459e-11,0.0,0.0,0.1776011487661875,0.040890198601468086,0.004010638415118766,0.0007677631066908044,5.064720244851118e-09,2.1755700897938254e-13,0.00040070074910182884,9.667666628450865e-05,3.2071975926548726e-05,7.835521478953207e-15,1.1167210079349248e-12,6.258870210183256e-14,4.8541761243057264e-14,2.149587671973643e-16,5.876091197985958e-12,1.156336505212928e-12,2.1754443110726324e-13,3.5097769300020365e-41,3.440642707385501e-61,1.2950028455037558e-41,1.8634789066534714e-35,222703922650668.3,-2.454259018236371e-12,-5.388952443812264e-23,0.22270392265066788,1.12593965425828e-11,9.799274891530985e-09,5.809659411413575e-21,5.356615618076814e-289,5.356615618935037e-289
-2.5522026256867205,11.835344128465279,0.18197264013277759,0.4727473978110349,0.052387922326223885,4.201364961879067e-12,15527.50996913916,34.982730422132114,0.22756658032726307,1.0017741974782467e-15,3.871790511031379e-15,9.413133995367088e-16,0.0002032548647158052,1.979410665255422e-14,0.22729249181758496,1.1491384673745601e-11,0.0,0.0,0.18135909372051034,0.041559707652527214,0.0041704355772802125,0.0008367541366457042,5.568077065326694e-09,2.1755886644588958e-13,0.00042320772437843743,0.0001016616308117735,3.4546972795893824e-05,8.930797045284337e-15,1.2069349332132213e-12,6.47272656335987e-14,5.0984160131594005e-14,2.1998978965672073e-16,5.876091197985958e-12,1.156336505212928e-12,2.1754443110726324e-13,3.5097769300020365e-41,3.440642707385501e-61,1.2950028455037558e-41,1.8634789066534714e-35,227292500835284.44,-2.5513757773154566e-12,-5.602371504199481e-23,0.22729250083528402,1.1491384469568167e-11,-9.017699059699069e-09,2.0417743346108203e-19,5.356615618076814e-289,5.356615618935037e-289
-2.551751587485458,11.829556203322783,0.18871678736779662,0.48381659484529504,0.055998040788235656,4.223665467760037e-12,15512.709082201907,34.96695543215624,0.23575463024319923,1.0119864776993384e-15,3.921780244992722e-15,9.481115517169726e-16,0.00020559909103786414,2.0005402688076083e-14,0.2354150332351904,1.1902042284936996e-11,0.0,0.0,0.1880214025562185,0.04272783840522697,0.004460193179961556,0.0009607410316602179,6.4530169370434684e-09,2.1756224776552626e-13,0.0004653562200819916,0.00011089993979636663,3.929522321315076e-05,1.0930260847338177e-14,1.3693965055090318e-12,6.85275295826687e-14,5.542203645436898e-14,2.289649404225446e-16,5.876091197985958e-12,1.156336505212928e-12,2.1754443110726324e-13,3.5097769300020365e-41,3.440642707385501e-61,1.2950028455037558e-41,1.8634789066534714e-35,235415055010083.9,-2.745526028746781e-12,-6.029532742400693e-23,0.23541505501008345,1.1902042069596767e-11,-2.1774893055326316e-08,2.153402293651366e-19,5.356615618076814e-289,5.356615618935037e-289
-2.5517123667723043,11.829053028846541,0.18930400497836725,0.4847612317233799,0.05631705737376488,4.22545537556382e-12,15510.88092846909,34.96558403012124,0.23646679548922853,1.0129364833219843e-15,3.926256538620211e-15,9.48765978802296e-16,0.00020579905575485665,2.0023034931923587e-14,0.23612160640502441,1.1937764224310234e-11,0.0,0.0,0.18860156315584584,0.04282842939318088,0.004485814797497344,0.0009716073257328006,6.5292435815666e-09,2.1756254489430006e-13,0.0004691655032112854,0.00011172888842827273,3.973132083873604e-05,1.1106543285805837e-14,1.3836663238083645e-12,6.885891026794753e-14,5.581487699854158e-14,2.2974991365489587e-16,5.876091197985958e-12,1.156336505212928e-12,2.1754443110726324e-13,3.5097769300020365e-41,3.440642707385501e-61,1.2950028455037558e-41,1.8634789066534714e-35,236121623855095.2,-2.7454982731711652e-12,-6.029532742400693e-23,0.23612162385509466,1.1937764560318653e-11,-1.7450070249891425e-08,-3.3600841947088022e-19,5.356615618076814e-289,5.356615618935037e-289
-2.5512221078578885,11.822765012739556,0.19665399750561796,0.4963277295420677,0.060372003458619615,4.246271689418848e-12,15482.500411077346,34.948446042221654,0.24537018722608955,1.0243805730597613e-15,3.981313731830363e-15,9.55989937996952e-16,0.00020841644322906988,2.02589651859722e-14,0.2449572212941974,1.2384472657980304e-11,0.0,0.0,0.19586466863192212,0.04407241339329263,0.004811722822810877,0.0011081197625141066,7.467033184867805e-09,2.175662621696213e-13,0.0005187908888181682,0.0001224419392056602,4.551202366373859e-05,1.3323238754616868e-14,1.5635280061981849e-12,7.301246792920185e-14,6.081737700301675e-14,2.396238927630019e-16,5.876091197985958e-12,1.156336505212928e-12,2.1754443110726324e-13,3.5097769300020365e-41,3.440642707385501e-61,1.2950028455037558e-41,1.8634789066534714e-35,244957243247933.9,-2.9427016379202087e-12,-6.462348535570529e-23,0.24495724324793375,1.238447309270207e-11,-2.1953736356605802e-08,-4.347217659351747e-19,5.356615618076814e-289,5.356615618935037e-289
-2.5507318489434723,11.816480078632967,0.20402146926429887,0.5074489300789743,0.06455088107205185,4.264904773836929e-12,15446.569825992026,34.93131645431415,0.2542754712819103,1.0360257237890855e-15,4.038221890661545e-15,9.637794552979667e-16,0.00021107987466365252,2.049879800999616e-14,0.2537993412583607,1.283151021626417e-11,0.0,0.0,0.20314851863754851,0.045291685999547006,0.0051480567434464145,0.001245206270094855,8.369935913794397e-09,2.175699291260302e-13,0.0005722556433444314,0.00013381454175485433,5.1934553765154576e-05,1.5535338856045332e-14,1.7454766746771857e-12,7.718529033228993e-14,6.598754488255969e-14,2.4961444510444653e-16,5.876091197985958e-12,1.156336505212928e-12,2.1754443110726324e-13,3.5097769300020365e-41,3.440642707385501e-61,1.2950028455037558e-41,1.8634789066534714e-35,253799363779186.88,-3.155087302531001e-12,-6.928606982411942e-23,0.25379936377918666,1.2831510307645311e-11,-2.2520825981864334e-08,-9.13811415820291e-20,5.356615618076814e-289,5.356615618935037e-289
-2.550496524664553,11.81346440454476,0.2075638276111694,0.5126295447802459,0.06660020350192072,4.273315114659266e-12,15427.562347301895,34.92309723458674,0.2585504027520184,1.0416877690085614e-15,4.0659511158103956e-15,9.675667494843773e-16,0.0002123763136678124,2.061537715113455e-14,0.2580458941667116,1.3046205298065242e-11,0.0,0.0,0.20665218137880803,0.04586816673016596,0.005313169740812642,0.001310978096120885,8.788866510476792e-09,2.1757165346574944e-13,0.0005993318637594998,0.00013951118095013456,5.5258938246997245e-05,1.658597397632041e-14,1.833321832388441e-12,7.919455166529319e-14,6.852780512496908e-14,2.5445199834965655e-16,5.876091197985958e-12,1.156336505212928e-12,2.1754443110726324e-13,3.5097769300020365e-41,3.440642707385501e-61,1.2950028455037558e-41,1.8634789066534714e-35,258045892238692.2,-3.257116798494053e-12,-7.153981387589965e-23,0.25804589223869207,1.3046204989651133e-11,1.9280195218129847e-09,3.0841410882905024e-19,5.356615618076814e-289,5.356615618935037e-289
-2.5502415900290565,11.810198225016173,0.2114055583964494,0.5181269068133105,0.0688517588290537,4.282146596406996e-12,15406.100428817392,34.914195262281574,0.2631816445389298,1.0479364088142189e-15,4.096028181116974e-15,9.715296013468586e-16,0.00021380256234274718,2.0743681816238596e-14,0.26264796300834337,1.327887584901301e-11,0.0,0.0,0.210453179781424,0.046486270166755994,0.0054947104944534295,0.0013821061412733935,9.231407189663572e-09,2.1757348819928785e-13,0.0006297275262480044,0.00014585842637993696,5.904532395623267e-05,1.7711992892815038e-14,1.928754748728485e-12,8.137564584646707e-14,7.132215386570105e-14,2.597238655913391e-16,5.876091197985958e-12,1.156336505212928e-12,2.1754443110726324e-13,3.5097769300020365e-41,3.440642707385501e-61,1.2950028455037558e-41,1.8634789066534714e-35,262647990217678.8,-3.3671954113856373e-12,-7.396481016387249e-23,0.2626479902176788,1.3278876446249186e-11,-2.7209335451416905e-08,-5.972361766623178e-19,5.356615618076814e-289,5.356615618935037e-289
-2.549790551827794,11.804421639079342,0.2182131073392827,0.5275611018405179,0.07291458645075301,4.297272671756654e-12,15366.704782280995,34.89845117731074,0.2713754974504951,1.0590688344648601e-15,4.1502006247547465e-15,9.787280993777834e-16,0.00021636377144254425,2.097414939249049e-14,0.27079446552620867,1.3690743612144715e-11,0.0,0.0,0.21719194567419223,0.04756350560040681,0.005822650476637863,0.0015074438203557632,9.984719006727436e-09,2.1757663854731306e-13,0.0006862821552651461,0.000157540193690072,6.623575705914556e-05,1.966653252716969e-14,2.0980783840610408e-12,8.524533070138898e-14,7.637304116809126e-14,2.6913177662360415e-16,5.876091197985958e-12,1.156336505212928e-12,2.1754443110726324e-13,3.5097769300020365e-41,3.440642707385501e-61,1.2950028455037558e-41,1.8634789066534714e-35,270794476660824.7,-3.529232461829679e-12,-7.75368733169091e-23,0.27079447666082435,1.3690744006552687e-11,-1.1134615673924486e-08,-3.944079717155378e-19,5.356615618076814e-289,5.356615618935037e-289
-2.5497513311146403,11.803919450379299,0.21880568323891722,0.5283638861503864,0.0732725994561068,4.298566643038856e-12,15363.225695182471,34.897082462008775,0.27208797942806984,1.0601048616499205e-15,4.155149845530446e-15,9.794663232893384e-16,0.00021659231186119717,2.0994896587250792e-14,0.2715031026404002,1.3726571611309175e-11,0.0,0.0,0.21777874905518324,0.04765619070232117,0.005851570567505388,0.0015183051504867524,1.0048415957224267e-08,2.1757690635954743e-13,0.0006913709667525405,0.0001585834659941726,6.689166329347515e-05,1.9833984473194912e-14,2.1128232244159787e-12,8.558246566689717e-14,7.681867068757285e-14,2.699548080168684e-16,5.876091197985958e-12,1.156336505212928e-12,2.1754443110726324e-13,3.5097769300020365e-41,3.440642707385501e-61,1.2950028455037558e-41,1.8634789066534714e-35,271503127335741.28,-3.5291214395272164e-12,-7.753041096837353e-23,0.27150312733574095,1.3726571749791727e-11,-2.4695340772318275e-08,-1.3848255211049023e-19,5.356615618076814e-289,5.356615618935037e-289
-2.5492610722002245,11.797643753213228,0.2262214164896842,0.5381622736561484,0.07781149780619037,4.314565945403355e-12,15319.422875243812,34.87997804938265,0.28099393774772596,1.0725104974063368e-15,4.215802577183078e-15,9.877446658655976e-16,0.0002194290921040099,2.1249696855177888e-14,0.28036475360442586,1.4174595929509608e-11,0.0,0.0,0.22512529443396928,0.04880149528349183,0.006218534791114798,0.001653469729976644,1.0820275972136385e-08,2.1758016799211802e-13,0.0007573476742611746,0.00017199783040343437,7.552180663312759e-05,2.1890610022931485e-14,2.297305703706813e-12,8.980515208160844e-14,8.247509538612044e-14,2.8030995445271135e-16,5.876091197985958e-12,1.156336505212928e-12,2.1754443110726324e-13,3.5097769300020365e-41,3.440642707385501e-61,1.2950028455037558e-41,1.8634789066534714e-35,280364779909148.6,-3.746003507387741e-12,-8.229962418762458e-23,0.2803647799091483,1.4174596459725114e-11,-2.6304722455794405e-08,-5.302155057355625e-19,5.356615618076814e-289,5.356615618935037e-289
-2.5487708132858082,11.79137113200956,0.23365245712795263,0.5475245320551483,0.08246633702688869,4.330421699750667e-12,15275.692785036266,34.862882020292055,0.2898990786628678,1.085227721436187e-15,4.2771427490520955e-15,9.95795712804237e-16,0.0002223467284546191,2.1512158014225643e-14,0.2892329287563858,1.4622950339053023e-11,0.0,0.0,0.23249287903300053,0.049922217814277636,0.006595485176687863,0.0017873952558528736,1.15477822580559e-08,2.1758326902682183e-13,0.0008278171609002881,0.00018610811871738725,8.498488530896567e-05,2.387704975156821e-14,2.4819443630907006e-12,9.404343705676227e-14,8.828983417604616e-14,2.907917980970068e-16,5.876091197985958e-12,1.156336505212928e-12,2.1754443110726324e-13,3.5097769300020365e-41,3.440642707385501e-61,1.2950028455037558e-41,1.8634789066534714e-35,289232952717187.44,-3.9651615324487466e-12,-8.708984003961623e-23,0.2892329527171871,1.4622950817679025e-11,-2.3960801287525868e-08,-4.786260022270833e-19,5.356615618076814e-289,5.356615618935037e-289
-2.548535489006889,11.788361365970934,0.23722477061346045,0.5518642994297895,0.08474125401309497,4.3380409675426094e-12,15254.9375411744,34.85467890295378,0.29417320278103776,1.0914037572537516e-15,4.3074029901900445e-15,9.999262128941289e-16,0.0002237661119080722,2.1639821844746024e-14,0.29349200601286474,1.483827867882927e-11,0.0,0.0,0.2360368521289986,0.050451451095882595,0.00677993667203867,0.0018512032086282393,1.188170106474404e-08,2.175847012136303e-13,0.0008632847241659511,0.00019312981101540596,8.983767122243339e-05,2.4805230672664743e-14,2.5705732237697e-12,9.608333609775822e-14,9.113675497378716e-14,2.958690001467098e-16,5.876091197985958e-12,1.156336505212928e-12,2.1754443110726324e-13,3.5097769300020365e-41,3.440642707385501e-61,1.2950028455037558e-41,1.8634789066534714e-35,293491993056610.6,-4.036770917537069e-12,-8.865695955949208e-23,0.29349199305661017,1.4838278071468096e-11,1.295625456920746e-08,6.073611743215223e-19,5.356615618076814e-289,5.356615618935037e-289
-2.5482805543713924,11.785101585260659,0.2410986111207557,0.5564533779088568,0.08723512329067537,4.346326729582468e-12,15232.712985877433,34.84579437062793,0.29880310779103525,1.0981792272748827e-15,4.340518313795205e-15,1.004447532221116e-15,0.00022531721965038428,2.1779128323735665e-14,0.29810763288692566,1.5071635082327312e-11,0.0,0.0,0.2398815808529111,0.0510184204889163,0.006982314321253811,0.0019199674345993626,1.2232610101432967e-08,2.175862126002007e-13,0.0009029371667542605,0.00020091946890599206,9.533090378648994e-05,2.5792371735206053e-14,2.666566798904781e-12,9.829728046336237e-14,9.42616020182332e-14,3.0140336881944137e-16,5.876091197985958e-12,1.156336505212928e-12,2.1754443110726324e-13,3.5097769300020365e-41,3.440642707385501e-61,1.2950028455037558e-41,1.8634789066534714e-35,298107650542592.8,-4.194034008975223e-12,-9.211108485175453e-23,0.29810765054259225,1.507163506545752e-11,-1.7655666595395303e-08,1.686979283104494e-20,5.356615618076814e-289,5.356615618935037e-289
-2.54782951617013,11.779336316314689,0.24796231168472918,0.5642875135496174,0.0917213081413476,4.361112075831016e-12,15194.204295052068,34.83008113011569,0.30699363772412225,1.1102922473453925e-15,4.39948925966662e-15,1.0122761907509461e-15,0.00022810353853288483,2.202915501313034e-14,0.30627816614553055,1.548471641790688e-11,0.0,0.0,0.2466979082690573,0.052005325659179834,0.007346828674342937,0.0020406927208366553,1.2826801490469934e-08,2.1758878785814075e-13,0.0009762893051640899,0.00021516835245660124,0.00010567276866465264,2.7492927622251265e-14,2.83630821923302e-12,1.0222465378974124e-13,9.989340920171652e-14,3.1128281939214894e-16,5.876091197985958e-12,1.156336505212928e-12,2.1754443110726324e-13,3.5097769300020365e-41,3.440642707385501e-61,1.2950028455037558e-41,1.8634789066534714e-35,306278139551729.1,-4.417632926134729e-12,-9.703216326159149e-23,0.3062781395517286,1.548471614012266e-11,2.6593801938368244e-08,2.777842198225611e-19,5.356615618076814e-289,5.356615618935037e-289
-2.547790295456976,11.778835111459603,0.2485597017932085,0.5649515883017328,0.09211581099655433,4.362407189832961e-12,15190.911293619562,34.82871509628315,0.3077057447112223,1.1114294999039078e-15,4.404909870570094e-15,1.0130717905382272e-15,0.00022835431289094864,2.2051781724703873e-14,0.30698886269462383,1.552064910530753e-11,0.0,0.0,0.24729143195358783,0.052090164824187615,0.0073789115995398155,0.0020511338440785004,1.2876908931025276e-08,2.1758900602135536e-13,0.0009828640044570827,0.00021643565120413183,0.00010661073160836988,2.7638086710177306e-14,2.851061217732531e-12,1.0256679642441518e-13,1.0038934725129925e-13,3.1214726653394634e-16,5.876091197985958e-12,1.156336505212928e-12,2.1754443110726324e-13,3.5097769300020365e-41,3.440642707385501e-61,1.2950028455037558e-41,1.8634789066534714e-35,306988878171615.56,-4.41768843728596e-12,-9.703539443585927e-23,0.306988878171615,1.5520649445042403e-11,-1.5476991188645428e-08,-3.3973487459278015e-19,5.356615618076814e-289,5.356615618935037e-289
-2.5473000365425604,11.772571709100234,0.25603562310835737,0.5730221393935339,0.09710623755040562,4.3787480911789344e-12,15150.561482818652,34.81164419315269,0.3166067768842267,1.124974008059282e-15,4.470775176962314e-15,1.0219031579445455e-15,0.00023146673533175002,2.2331490628334484e-14,0.315876634334841,1.5969994470637293e-11,0.0,0.0,0.25472249208749276,0.053137517524118875,0.00778515798322605,0.0021808838430432942,1.3483041684149291e-08,2.175916587815555e-13,0.0010677528221778136,0.0002326591431359174,0.00011887607156950676,2.941716247669547e-14,3.0353586188007403e-12,1.0685220191305524e-13,1.0667219580440095e-13,3.230264749700434e-16,5.876091197985958e-12,1.156336505212928e-12,2.1754443110726324e-13,3.5097769300020365e-41,3.440642707385501e-61,1.2950028455037558e-41,1.8634789066534714e-35,315876640393961.0,-4.6715409318665024e-12,-1.0260593887352107e-22,0.31587664039396046,1.596999419859012e-11,-6.059119483925457e-09,2.7204717297488033e-19,5.356615618076814e-289,5.356615618935037e-289
-2.546809777628144,11.766311376677109,0.263526268015343,0.5806681636637485,0.10220439596000133,4.395402914317973e-12,15111.821582784676,34.794581657133456,0.3255060276666918,1.138792944411503e-15,4.538339168960796e-15,1.0311060990007377e-15,0.00023463349549231294,2.2615426108304256e-14,0.3247709412332059,1.6419669598868708e-11,0.0,0.0,0.2621747915061238,0.05416056868923781,0.008200947537459456,0.0023092343151630878,1.4053420432463218e-08,2.1759418128042744e-13,0.0011577578059430832,0.0002495911933837141,0.0001321794355716735,3.113336180593096e-14,3.219419869556563e-12,1.1115378036689942e-13,1.1310940908793269e-13,3.340440179317821e-16,5.876091197985958e-12,1.156336505212928e-12,2.1754443110726324e-13,3.5097769300020365e-41,3.440642707385501e-61,1.2950028455037558e-41,1.8634789066534714e-35,324770942002854.75,-4.8924753137669086e-12,-1.0745593144946675e-22,0.3247709420028543,1.6419669568435104e-11,-7.696484005670357e-10,3.043360324765685e-20,5.356615618076814e-289,5.356615618935037e-289
-2.5465744533492245,11.763307507113508,0.26712696106370964,0.5841884073697218,0.10468911269780538,4.4035180830344585e-12,15093.822136480367,34.78639461063786,0.32977695838728854,1.1456780961174754e-15,4.570912778785597e-15,1.0353629512015904e-15,0.00023618897874409103,2.2754942165971123e-14,0.3290425202160251,1.663563099679192e-11,0.0,0.0,0.2657594285247409,0.05464302338114858,0.008403879326430308,0.002370355061857393,1.4315199520533066e-08,2.1759534891040244e-13,0.0012028225228876747,0.00025797032256401803,0.00013894937682115108,3.1936009256410825e-14,3.307679339905497e-12,1.1322437683380038e-13,1.1625391205801693e-13,3.393823719265952e-16,5.876091197985958e-12,1.156336505212928e-12,2.1754443110726324e-13,3.5097769300020365e-41,3.440642707385501e-61,1.2950028455037558e-41,1.8634789066534714e-35,329042530973552.94,-4.961198118991206e-12,-1.0896812100679026e-22,0.32904253097355257,1.6635631252071264e-11,-1.075752747992098e-08,-2.552793430790296e-19,5.356615618076814e-289,5.356615618935037e-289
-2.5463195187137284,11.76005411268554,0.27103153822687964,0.5878929147676,0.10740804708061368,4.4124022354358905e-12,15074.767577967512,34.777527484124434,0.33440330208968183,1.1529619093389793e-15,4.60670561646085e-15,1.0400858310474113e-15,0.00023789015763937748,2.2907802435601575e-14,0.3336717962928505,1.686967603108717e-11,0.0,0.0,0.26964835086446565,0.055159398483789056,0.00862615678180511,0.0024362196938289746,1.4590407174697153e-08,2.1759658404472133e-13,0.0012530323314137828,0.0002672318756202918,0.00014657411776372624,3.279081095155734e-14,3.4032264268349146e-12,1.1547185619376807e-13,1.197003523387775e-13,3.452027305126986e-16,5.876091197985958e-12,1.156336505212928e-12,2.1754443110726324e-13,3.5097769300020365e-41,3.440642707385501e-61,1.2950028455037558e-41,1.8634789066534714e-35,333671787794982.1,-5.151323811958264e-12,-1.1314279816076882e-22,0.33367178779498163,1.686967579708669e-11,8.497868853041268e-09,2.340004804814467e-19,5.356615618076814e-289,5.356615618935037e-289
-2.5458684805124654,11.754300138559152,0.27794923956887874,0.5941706138321113,0.11228677457451178,4.428362885699589e-12,15042.198513306159,34.76184502764297,0.34258693664633677,1.1664426157463458e-15,4.671489541744687e-15,1.0488565805772202e-15,0.000240944184547039,2.3181595514558465e-14,0.3418663703457805,1.72839747490383e-11,0.0,0.0,0.27654283034522037,0.05605702293703977,0.00902557287362531,0.002551879428261501,1.5056885851846027e-08,2.1759869762654479e-13,0.0013454702046024176,0.00028408627757906815,0.00016082751269724327,3.4267408944787406e-14,3.572099612432552e-12,1.1945935573009228e-13,1.258993174709275e-13,3.5559634851449393e-16,5.876091197985958e-12,1.156336505212928e-12,2.1754443110726324e-13,3.5097769300020365e-41,3.440642707385501e-61,1.2950028455037558e-41,1.8634789066534714e-35,341866349872804.56,-5.347944309619379e-12,-1.1743056641411986e-22,0.3418663498728043,1.7283973950567102e-11,2.047297620322297e-08,7.984711962064037e-19,5.356615618076814e-289,5.356615618935037e-289
-2.545829259799312,11.753799915621562,0.2785513625641809,0.5946998827750131,0.11271509326865076,4.4297656797101594e-12,15039.435644635148,34.760481670026564,0.34329847329936364,1.1674072339475044e-15,4.677326133220332e-15,1.0497080253283953e-15,0.0002412080574432487,2.3205431868472702e-14,0.34257920432193667,1.7320014010566457e-11,0.0,0.0,0.27714320633802697,0.05613411577745153,0.009060674143595968,0.002561885293423787,1.5096259160124083e-08,2.175988772868078e-13,0.001353729067269126,0.0002855801333871075,0.00016211414892008805,3.4393735065019716e-14,3.5867739568571075e-12,1.198067778351859e-13,1.2644447210496307e-13,3.565060175106322e-16,5.876091197985958e-12,1.156336505212928e-12,2.1754443110726324e-13,3.5097769300020365e-41,3.440642707385501e-61,1.2950028455037558e-41,1.8634789066534714e-35,342579182570553.4,-5.418943072044158e-12,-1.1899768593399572e-22,0.3425791825705532,1.7320013127232455e-11,2.1751383472157215e-08,8.833340010807372e-19,5.356615618076814e-289,5.356615618935037e-289
-2.545339000884896,11.747548783981962,0.28608562746100885,0.6010926386647737,0.11812338782992236,4.4474988452214426e-12,15005.814193299126,34.74344421074283,0.35219137069716294,1.1821927031789991e-15,4.749101184994082e-15,1.059317939716178e-15,0.00024460123195421766,2.350949236418047e-14,0.3514931620066883,1.777068247938833e-11,0.0,0.0,0.28465934501161544,0.05708483086627708,0.00950438489118678,0.002686282504160565,1.5573098898316062e-08,2.1760107065208025e-13,0.001460000054766262,0.00030463382133776235,0.0001788542732526194,3.5946288409818194e-14,3.770067573447838e-12,1.241589054097987e-13,1.3334127834308634e-13,3.679568445590625e-16,5.876091197985958e-12,1.156336505212928e-12,2.1754443110726324e-13,3.5097769300020365e-41,3.440642707385501e-61,1.2950028455037558e-41,1.8634789066534714e-35,351493131133252.06,-5.654754442474541e-12,-1.2416756476245214e-22,0.3514931311332517,1.7770681801735512e-11,3.087343658503272e-08,6.776528178895192e-19,5.356615618076814e-289,5.356615618935037e-289
-2.54484874197048,11.741300716264256,0.29363424788062037,0.6070749895072326,0.12363065786136966,4.46560367131844e-12,14973.879369089107,34.72641510217823,0.3610818509250918,1.1973587525565968e-15,4.822534398524997e-15,1.0691598453518918e-15,0.000248080040457,2.3821473298663776e-14,0.360413685561828,1.822168350778746e-11,0.0,0.0,0.2921967788569659,0.05801166166758466,0.009957164990948859,0.0028094657755895645,1.602290348389855e-08,2.1760317311347577e-13,0.0015719967519346634,0.00032438974029791006,0.00019684989684780652,3.745246417096843e-14,3.953118715624696e-12,1.285286031109912e-13,1.4039033220583907e-13,3.7955858614212185e-16,5.876091197985958e-12,1.156336505212928e-12,2.1754443110726324e-13,3.5097769300020365e-41,3.440642707385501e-61,1.2950028455037558e-41,1.8634789066534714e-35,360413638290259.44,-5.871636510335065e-12,-1.2892062211036426e-22,0.36041363829025863,1.8221682063635875e-11,4.727156938111321e-08,1.4441515867214532e-18,5.356615618076814e-289,5.356615618935037e-289
-2.5446134176915605,11.738302731623826,0.29726258605947986,0.609801893458734,0.12630869098152742,4.4744253307041435e-12,14959.139389443155,34.71824409504073,0.3653483183296211,1.204816952698527e-15,4.858439124726619e-15,1.074021497680258e-15,0.0002497735261522089,2.3973077101951474e-14,0.3646978010626561,1.8438280234106055e-11,0.0,0.0,0.29582224049856415,0.05844809809167525,0.010177688940291247,0.0028681788306452742,1.622974971689123e-08,2.17604152459886e-13,0.0016278332697290932,0.0003341208129451513,0.00020595017880931958,3.816007455406462e-14,4.040901577266114e-12,1.3063240565400718e-13,1.4382783844469988e-13,3.8518204382301293e-16,5.876091197985958e-12,1.156336505212928e-12,2.1754443110726324e-13,3.5097769300020365e-41,3.440642707385501e-61,1.2950028455037558e-41,1.8634789066534714e-35,364697812750765.4,-5.9732774282394985e-12,-1.3115336352940388e-22,0.3646978127507644,1.8438280040601484e-11,-1.1688108314533707e-08,1.9350457081772893e-19,5.356615618076814e-289,5.356615618935037e-289
-2.544358483056064,11.735055710966694,0.3011970885904233,0.6126508722765595,0.12923481021004557,4.4840771450827925e-12,14943.591521944012,34.70939434023972,0.36996975906647467,1.2130311934556842e-15,4.8978635533868225e-15,1.0794086858603717e-15,0.0002516245370577328,2.4138507406771417e-14,0.369340747424317,1.867301505032447e-11,0.0,0.0,0.2997554681326382,0.05891474952460449,0.010418905223906106,0.0029314905196602035,1.6447503066397063e-08,2.1760519293637136e-13,0.0016898700618744706,0.00034484367049458195,0.00021615704964642857,3.8916044285286194e-14,4.135942868383678e-12,1.3291623392325516e-13,1.4759123660386952e-13,3.9131466932578463e-16,5.876091197985958e-12,1.156336505212928e-12,2.1754443110726324e-13,3.5097769300020365e-41,3.440642707385501e-61,1.2950028455037558e-41,1.8634789066534714e-35,369340708852281.75,-6.1104454829319366e-12,-1.3418097381831867e-22,0.369340708852281,1.8673014156151786e-11,3.85720360096542e-08,8.941726843563388e-19,5.356615618076814e-289,5.356615618935037e-289
-2.5439074448548014,11.72931300953206,0.3081673283719894,0.6174252061956506,0.13447426611755905,4.501391887849233e-12,14917.13555799369,34.69374260747963,0.378144202458629,1.2275098515191898e-15,4.967568194453581e-15,1.088480819127678e-15,0.0002549548956299147,2.4436343481065972e-14,0.37755939614036566,1.9088531334018976e-11,0.0,0.0,0.3067281840284337,0.05972474114724143,0.010851516062662995,0.0030427773422650327,1.681732664923715e-08,2.1760698470355824e-13,0.001803632998708469,0.0003642733082219188,0.000235126632546999,4.022797144298347e-14,4.303955971370118e-12,1.369690008714535e-13,1.5434987079504962e-13,4.0226935753570596e-16,5.876091197985958e-12,1.156336505212928e-12,2.1754443110726324e-13,3.5097769300020365e-41,3.440642707385501e-61,1.2950028455037558e-41,1.8634789066534714e-35,377559414707090.9,-6.397604668251233e-12,-1.4046560776916101e-22,0.37755941470708987,1.9088532963295985e-11,-1.8566724213631147e-08,-1.6292770085733017e-18,5.356615618076814e-289,5.356615618935037e-289
-2.543868224141648,11.72881376658827,0.3087740431885499,0.6178244016623707,0.1349335033170349,4.5029119369345624e-12,14914.897637882133,34.69238192083633,0.378854943843532,1.2288754778086426e-15,4.974127813989297e-15,1.089440685373973e-15,0.00025526626574921493,2.4464813664073645e-14,0.3782743746707554,1.9124678963815605e-11,0.0,0.0,0.3073354018427244,0.05979422921039065,0.010889477345493621,0.0030524116926174453,1.6848585130114237e-08,2.1760713768733983e-13,0.0018137703467910066,0.0003659904026666763,0.00023683234699794863,4.034057628236356e-14,4.3185579214501735e-12,1.3732215606934971e-13,1.5494362887586173e-13,4.032283335717072e-16,5.876091197985958e-12,1.156336505212928e-12,2.1754443110726324e-13,3.5097769300020365e-41,3.440642707385501e-61,1.2950028455037558e-41,1.8634789066534714e-35,378274347633498.06,-6.397549157100002e-12,-1.4047207011769658e-22,0.3782743476334967,1.9124678322676973e-11,2.703725870967233e-08,6.411386325772049e-19,5.356615618076814e-289,5.356615618935037e-289
-2.543377965227232,11.722574881628702,0.3163650050241856,0.6225999050439185,0.1407245556126238,4.52210286765289e-12,14887.752648453758,34.675377839879026,0.3877372957822776,1.2450474814010819e-15,5.052902527380127e-15,1.100163650459512e-15,0.0002589793198062313,2.479726500571927e-14,0.38721457892401906,1.9576675641618606e-11,0.0,0.0,0.31493656937015374,0.0606502639596027,0.01136876626778024,0.003172283074203369,1.7227703344098498e-08,2.1760901427904465e-13,0.0019438474201704564,0.00038782376701103707,0.00025893293015910715,4.1729374355312136e-14,4.500983217672047e-12,1.4174672143931579e-13,1.6244717634849124e-13,4.153034241671656e-16,5.876091197985958e-12,1.156336505212928e-12,2.1754443110726324e-13,3.5097769300020365e-41,3.440642707385501e-61,1.2950028455037558e-41,1.8634789066534714e-35,387214559451624.2,-6.676159625129685e-12,-1.4660160770368523e-22,0.38721455945162275,1.9576674806784094e-11,1.947239630650799e-08,8.348345115298066e-19,5.356615618076814e-289,5.356615618935037e-289
-2.542887706312816,11.716339054588458,0.32396981075986264,0.6269818062732145,0.1466057425805122,4.541639799695677e-12,14862.09691700943,34.65838209328084,0.3966166495573026,1.261610120571479e-15,5.132994734816021e-15,1.110893322448957e-15,0.0002627778426587378,2.5137027074931922e-14,0.39616135685790177,2.0029004021907346e-11,0.0,0.0,0.32255890469659876,0.06148302030165109,0.011856654010015495,0.0032911566061437983,1.758628609558202e-08,2.1761082901250999e-13,0.002080250542879013,0.0004103366625999486,0.00028251643808738914,4.308552153233936e-14,4.683238657449724e-12,1.4619027399547456e-13,1.701015717778958e-13,4.275433393683179e-16,5.876091197985958e-12,1.156336505212928e-12,2.1754443110726324e-13,3.5097769300020365e-41,3.440642707385501e-61,1.2950028455037558e-41,1.8634789066534714e-35,396161349127853.6,-6.977696198617878e-12,-1.5322551495264502e-22,0.39616134912785206,2.002900385222154e-11,7.730049711440756e-09,1.696858049128622e-19,5.356615618076814e-289,5.356615618935037e-289
-2.5426523820338964,11.713346943341959,0.32762499135193085,0.6289466726811977,0.14946004448559394,4.5511379220613164e-12,14850.295500941065,34.65022709407851,0.4008776304297508,1.2695608260908776e-15,5.1718017620967235e-15,1.1159798767853014e-15,0.00026463398181224035,2.5303199961005152e-14,0.4004581474040927,2.024623980888913e-11,0.0,0.0,0.32622512988890257,0.061874526035737176,0.012093857490577748,0.0033478762007344864,1.7751501483760572e-08,2.176116798202199e-13,0.0021480147377055743,0.00042138190560625326,0.0002943802945642492,4.372572444454655e-14,4.770666824311248e-12,1.483300224012844e-13,1.7382917855239089e-13,4.334781316946441e-16,5.876091197985958e-12,1.156336505212928e-12,2.1754443110726324e-13,3.5097769300020365e-41,3.440642707385501e-61,1.2950028455037558e-41,1.8634789066534714e-35,400458146044205.06,-7.06296132690909e-12,-1.5511252072503162e-22,0.40045814604420366,2.0246239991434217e-11,1.3598890347132908e-09,-1.8254508686095194e-19,5.356615618076814e-289,5.356615618935037e-289
-2.5423974473984,11.710106283968726,0.33158831897804186,0.6309747927397134,0.1525747066119658,4.561515172346195e-12,14837.880405295873,34.64139467695676,0.4054928615541191,1.2785663986165532e-15,5.2149609482786405e-15,1.1218847889037095e-15,0.0002666728830413172,2.548569786746119e-14,0.40511472474667487,2.048166618253507e-11,0.0,0.0,0.3302023651753296,0.06229267416121202,0.01235301251989231,0.003409082201579762,1.792564716067594e-08,2.1761258763723155e-13,0.0022231283988670123,0.00043352108536658714,0.00030764094548102906,4.441188585103827e-14,4.865344289108953e-12,1.5065314959556262e-13,1.7790653100956016e-13,4.399519144425348e-16,5.876091197985958e-12,1.156336505212928e-12,2.1754443110726324e-13,3.5097769300020365e-41,3.440642707385501e-61,1.2950028455037558e-41,1.8634789066534714e-35,405114721486922.0,-7.199629781240446e-12,-1.5810135692273298e-22,0.40511472148692074,2.048166570291684e-11,3.25975413328905e-09,4.796182279900605e-19,5.356615618076814e-289,5.356615618935037e-289
-2.5419464091971373,11.70437483314135,0.33860929461998956,0.6343089776624151,0.1581417872569826,4.58009250764273e-12,14816.82900598445,34.62577360772675,0.41365607505496693,1.294436717878251e-15,5.292169417559596e-15,1.1323355488305691e-15,0.00027032770344597487,2.581263130257963e-14,0.4133576317614575,2.089840922711186e-11,0.0,0.0,0.3372529388495877,0.06301732050103365,0.012817044699895381,0.003516777592589092,1.822192359800381e-08,2.1761416053895765e-13,0.0023604218221865685,0.0004554362292751244,0.00033216675877224757,4.560813351207069e-14,5.032766209688614e-12,1.547763430013316e-13,1.8521984480898973e-13,4.515201209652257e-16,5.876091197985958e-12,1.156336505212928e-12,2.1754443110726324e-13,3.5097769300020365e-41,3.440642707385501e-61,1.2950028455037558e-41,1.8634789066534714e-35,413357642033256.6,-7.494838083488276e-12,-1.6457663015537465e-22,0.4133576420332554,2.089840874900035e-11,-1.027179791224242e-08,4.781115088107724e-19,5.356615618076814e-289,5.356615618935037e-289
-2.541907188483984,11.703876568271443,0.339220358002354,0.6345836498324651,0.158629294849671,4.581720845682738e-12,14815.052303377235,34.62441558682382,0.4143657979653914,1.295898989857902e-15,5.2990582394070725e-15,1.1333248462407316e-15,0.0002706416825980905,2.5840295107510184e-14,0.41407467596702024,2.0934660532373902e-11,0.0,0.0,0.33786687948455824,0.06307942448976632,0.012857730302602654,0.0035261075890011804,1.8246995417313985e-08,2.1761429540504262e-13,0.002372629071204775,0.00045736815654756207,0.00033436491995148795,4.5711135521871367e-14,5.04731994707176e-12,1.551356758437596e-13,1.8586179082249947e-13,4.525330548273305e-16,5.876091197985958e-12,1.156336505212928e-12,2.1754443110726324e-13,3.5097769300020365e-41,3.440642707385501e-61,1.2950028455037558e-41,1.8634789066534714e-35,414074681357048.0,-7.494893594639507e-12,-1.6457986132964244e-22,0.4140746813570468,2.0934660602973557e-11,-5.390026536211678e-09,-7.05996552550735e-20,5.356615618076814e-289,5.356615618935037e-289
-2.541416929569568,11.697649905999265,0.34686573654729247,0.6378133873411899,0.16476709404405065,4.602247207973219e-12,14793.558704315172,34.60744481880099,0.4232352819759207,1.3136856288965162e-15,5.384247888536306e-15,1.1445573106567098e-15,0.0002747229506283875,2.620527974529002e-14,0.42304122351697027,2.1387988623868583e-11,0.0,0.0,0.3455523583501229,0.06384346655129929,0.01337067565715537,0.003642278213074717,1.8551443950360092e-08,2.1761595711981982e-13,0.002528900015904871,0.00048186815123015924,0.0003627471802110679,4.698575401758681e-14,5.2291849589099935e-12,1.5963817205018704e-13,1.9396710697347875e-13,4.652904800501344e-16,5.876091197985958e-12,1.156336505212928e-12,2.1754443110726324e-13,3.5097769300020365e-41,3.440642707385501e-61,1.2950028455037558e-41,1.8634789066534714e-35,423041233569997.9,-7.764289211564801e-12,-1.7049291023968947e-22,0.4230412335699965,2.1387988796674646e-11,-1.0053026244793983e-08,-1.728060626615572e-19,5.356615618076814e-289,5.356615618935037e-289
-2.540926670655152,11.691426295655601,0.35452427944325066,0.6406691950805465,0.1709858694492803,4.6230887908416085e-12,14773.359643276592,34.59048236880933,0.4321011952837065,1.331863078909112e-15,5.472253041827917e-15,1.1565373887483283e-15,0.0002788877904763561,2.657748681815196e-14,0.4320143722397646,2.1841650702068325e-11,0.0,0.0,0.35325873008421843,0.0645850230973398,0.013891731259655968,0.003757637379269628,1.8840019459385723e-08,2.1761757719227757e-13,0.0026920880202371687,0.000507010527061819,0.000392846829667204,4.8238060880426105e-14,5.410958120895255e-12,1.6416094999621384e-13,2.0222225374248875e-13,4.782285577359752e-16,5.876091197985958e-12,1.156336505212928e-12,2.1754443110726324e-13,3.5097769300020365e-41,3.440642707385501e-61,1.2950028455037558e-41,1.8634789066534714e-35,432014382961023.56,-8.07404143543522e-12,-1.773042255961808e-22,0.432014382961022,2.18416505284793e-11,-1.0721257437396048e-08,1.7358902465425558e-19,5.356615618076814e-289,5.356615618935037e-289
-2.5406913463762324,11.688440046296382,0.35820504891803095,0.6419087079249579,0.17399898853972576,4.6332020941279455e-12,14764.108730900742,34.582343346180785,0.43635557668153696,1.3406081939186688e-15,5.515161472293766e-15,1.1623738721514336e-15,0.0002809164666265437,2.6758716391720758e-14,0.4363238844558717,2.205952796315964e-11,0.0,0.0,0.35696523334721436,0.06493305028079238,0.014144684353077914,0.0038127336978240676,1.8973178677016254e-08,2.176183412390452e-13,0.002772918127007437,0.0005193037435528459,0.0004079221001592441,4.8831884980568785e-14,5.4981819380054306e-12,1.6633917709107387e-13,2.0623788208234638e-13,4.845041608424496e-16,5.876091197985958e-12,1.156336505212928e-12,2.1754443110726324e-13,3.5097769300020365e-41,3.440642707385501e-61,1.2950028455037558e-41,1.8634789066534714e-35,436323839407062.8,-8.16052780905352e-12,-1.791944625428352e-22,0.4363238394070611,2.2059526704306946e-11,4.50488106262803e-08,1.25885269281669e-18,5.356615618076814e-289,5.356615618935037e-289
-2.540436411740736,11.685205735744567,0.362195756466076,0.6431563664990535,0.17728335278649385,4.6442364727487924e-12,14754.405000432302,34.573528232771814,0.4409633674191319,1.350493623963931e-15,5.561773766221341e-15,1.168547865493119e-15,0.0002831503151085254,2.695805693707224e-14,0.4409941187968041,2.2295645701227707e-11,0.0,0.0,0.36098586945096234,0.06530432162546666,0.01442077739689626,0.00387222619020592,1.911366961512991e-08,2.1761915967859824e-13,0.0028623391750918986,0.0005327839533861258,0.00042472322975905337,4.947022415436754e-14,5.592657469435226e-12,1.68704313939567e-13,2.1062702232410334e-13,4.91351204708331e-16,5.876091197985958e-12,1.156336505212928e-12,2.1754443110726324e-13,3.5097769300020365e-41,3.440642707385501e-61,1.2950028455037558e-41,1.8634789066534714e-35,440994134368931.94,-8.370359960707674e-12,-1.837988858744292e-22,0.44099413436893015,2.229564604302643e-11,-1.5572126033092104e-08,-3.4179872253284263e-19,5.356615618076814e-289,5.356615618935037e-289
-2.5399853735394733,11.679485513483225,0.36926477316998835,0.6451237525053198,0.18314451531646841,4.663957479812867e-12,14738.031681220975,34.55793776699853,0.4491131507861665,1.3679705374219816e-15,5.645768895769161e-15,1.1797469489859142e-15,0.000287164806820727,2.7316556656085305e-14,0.44926134088160463,2.271361677493566e-11,0.0,0.0,0.36811310539780123,0.06594662320788146,0.014914447460414308,0.003977001146492761,1.935300027242522e-08,2.1762058559561326e-13,0.0030253333743052754,0.0005570424696377566,0.00045566993564752074,5.058777504424032e-14,5.7597705756500886e-12,1.7290264623396748e-13,2.1849139007783911e-13,5.035907983621642e-16,5.876091197985958e-12,1.156336505212928e-12,2.1754443110726324e-13,3.5097769300020365e-41,3.440642707385501e-61,1.2950028455037558e-41,1.8634789066534714e-35,449261340728128.9,-8.686884545028306e-12,-1.907717599443098e-22,0.44926134072812696,2.271361692377993e-11,1.534776750133915e-10,-1.4884426882772695e-19,5.356615618076814e-289,5.356615618935037e-289
-2.53994615282632,11.678988224771043,0.36987995768108395,0.6452804734594827,0.18365713810528372,4.665684469653142e-12,14736.656171525407,34.55658240661347,0.44982164844450895,1.3695853010939413e-15,5.6534277226741245e-15,1.1808561125131013e-15,0.00028752306057481435,2.7348728160250037e-14,0.4499804795221153,2.274997570684466e-11,0.0,0.0,0.3687336727889473,0.06600159998611446,0.014957683677790254,0.003986083720908344,1.937327086765608e-08,2.176207083253062e-13,0.0030397988287712494,0.0005591763410640281,0.0004584359328538391,5.0684278738236045e-14,5.774300314566408e-12,1.7326856143167035e-13,2.1918122067542169e-13,5.046628080018819e-16,5.876091197985958e-12,1.156336505212928e-12,2.1754443110726324e-13,3.5097769300020365e-41,3.440642707385501e-61,1.2950028455037558e-41,1.8634789066534714e-35,449980492636019.8,-8.688438857262781e-12,-1.9080407168698765e-22,0.44998049263601775,2.274997558513139e-11,-1.3113902463945948e-08,1.2171326818621902e-19,5.356615618076814e-289,5.356615618935037e-289
-2.539455893911904,11.672773761240615,0.3775766445725313,0.6470471449058031,0.19010504999150835,4.687426992963661e-12,14720.075320952385,34.53964488626129,0.45867590074796444,1.3891233388274596e-15,5.747500528748428e-15,1.1936624271681338e-15,0.0002919826748342844,2.774646612828317e-14,0.45897344776783944,2.3204639121921954e-11,0.0,0.0,0.37650200901638736,0.06667711800799173,0.01550233805965391,0.004099247103044787,1.961963495222963e-08,2.1762222660500378e-13,0.0032246115469000062,0.0005861748725243237,0.0004940446394892401,5.188214037765742e-14,5.9559031920485e-12,1.7785398381311035e-13,2.278846730083996e-13,5.18167847996979e-16,5.876091197985958e-12,1.156336505212928e-12,2.1754443110726324e-13,3.5097769300020365e-41,3.440642707385501e-61,1.2950028455037558e-41,1.8634789066534714e-35,458973462608143.1,-8.97215635120574e-12,-1.970402380238132e-22,0.45897346260814137,2.320463939978951e-11,-1.4840301931773325e-08,-2.7786755503810155e-19,5.356615618076814e-289,5.356615618935037e-289
-2.538965634997488,11.666562343659626,0.385285556368979,0.6484622673922413,0.19662464483095177,4.70945700907107e-12,14704.622025451365,34.522715667644306,0.4675259424522009,1.4091870522341506e-15,5.842861223937744e-15,1.206274391323505e-15,0.0002965692839098837,2.8155839590218757e-14,0.46797303657969264,2.3659637504613183e-11,0.0,0.0,0.3842907258672141,0.06733113398592677,0.016054607433361002,0.004211751575346753,1.9853514636789603e-08,2.1762371774676496e-13,0.0034169210735816055,0.0006137660322945254,0.0005316091574507811,5.3065617462669554e-14,6.137481789082466e-12,1.8246086656541364e-13,2.3673721907789226e-13,5.318706269262338e-16,5.876091197985958e-12,1.156336505212928e-12,2.1754443110726324e-13,3.5097769300020365e-41,3.440642707385501e-61,1.2950028455037558e-41,1.8634789066534714e-35,467973049134654.94,-9.280909374353996e-12,-2.038192416376267e-22,0.4679730491346531,2.3659637732172844e-11,-1.2554960460153808e-08,-2.2755966126002243e-19,5.356615618076814e-289,5.356615618935037e-289
-2.5387303107185684,11.663581944703584,0.3889901221457991,0.6490184251309381,0.19977884657826953,4.720132935678517e-12,14697.597566796378,34.51459259028961,0.4717724472737578,1.4191267250654303e-15,5.889898584146217e-15,1.2126795522464188e-15,0.00029880850718733983,2.8355531160478553e-14,0.4722952092768649,2.387815630553671e-11,0.0,0.0,0.3880365270420635,0.06763750711376378,0.016322366604480266,0.004265529598976112,1.996154978532551e-08,2.1762442474969183e-13,0.003511934495240062,0.0006272161508492025,0.0005503524011502134,5.362908452839059e-14,6.224635315343915e-12,1.8467987558457842e-13,2.410393563332576e-13,5.385196917399466e-16,5.876091197985958e-12,1.156336505212928e-12,2.1754443110726324e-13,3.5097769300020365e-41,3.440642707385501e-61,1.2950028455037558e-41,1.8634789066534714e-35,472295202292336.06,-9.370060283231396e-12,-2.0579672028951127e-22,0.4722952022923344,2.3878155824449314e-11,6.984530509512865e-09,4.810873944620085e-19,5.356615618076814e-289,5.356615618935037e-289
-2.538475376083072,11.660353970535121,0.39300645053129935,0.6495318630727834,0.20321367603122015,4.731771774170431e-12,14690.269543844406,34.505794746693475,0.47637165172618545,1.429720647456063e-15,5.9414091783276786e-15,1.2197007119086408e-15,0.0003012546052566405,2.857375756358024e-14,0.47697925081861864,2.4114971100863013e-11,0.0,0.0,0.39209969011392565,0.06796393180825562,0.0166143742815646,0.004323630694116997,2.0075609547600717e-08,2.1762518477033432e-13,0.003616870276742822,0.0006419356387584751,0.0005711893319489765,5.423642661127949e-14,6.319051050979841e-12,1.8708949024866505e-13,2.457387146540859e-13,5.457761443358406e-16,5.876091197985958e-12,1.156336505212928e-12,2.1754443110726324e-13,3.5097769300020365e-41,3.440642707385501e-61,1.2950028455037558e-41,1.8634789066534714e-35,476979257068470.6,-9.616141216639562e-12,-2.1119601249098045e-22,0.47697925706846883,2.4114970827633624e-11,-6.2498501929297845e-09,2.7322938855362907e-19,5.356615618076814e-289,5.356615618935037e-289
-2.5380243378818093,11.654644954841773,0.40012000437561646,0.6502159642662699,0.2093349920017817,4.752547373495561e-12,14678.005746813866,34.49023482442125,0.4845057371337612,1.449165453612851e-15,6.0333177402344325e-15,1.2319800781031685e-15,0.0003056605252455241,2.896613137762119e-14,0.48527082037924196,2.4534172834638127e-11,0.0,0.0,0.39930166274192525,0.06852761558500658,0.017135881517201166,0.004426034588340669,2.0270088787181583e-08,2.176265155679104e-13,0.0038076929546488375,0.0006683498338784722,0.0006094347804359823,5.530378754051547e-14,6.486098648091316e-12,1.9136726275796863e-13,2.54151531557095e-13,5.587521848400718e-16,5.876091197985958e-12,1.156336505212928e-12,2.1754443110726324e-13,3.5097769300020365e-41,3.440642707385501e-61,1.2950028455037558e-41,1.8634789066534714e-35,485270820569261.06,-9.863443395374816e-12,-2.1661146056378855e-22,0.4852708205692592,2.4534173149273217e-11,-1.9001722417755218e-10,-3.1463509026240434e-19,5.356615618076814e-289,5.356615618935037e-289
-2.537985117168656,11.654148640374911,0.4007390293766091,0.6502620525978325,0.20986987606004304,4.754364984909819e-12,14676.981240636502,34.48888211934182,0.4852128560648658,1.450786418552872e-15,6.041723915332414e-15,1.2331873474783865e-15,0.00030605265550041666,2.9001328421166934e-14,0.4859920871335136,2.457063884098896e-11,0.0,0.0,0.39992871416759884,0.06857580085086966,0.017181519449599548,0.004434916321997176,2.0286570485457826e-08,2.176266305073697e-13,0.0038246011129862575,0.000670668874921304,0.0006128450240242594,5.539620055425764e-14,6.500625062056459e-12,1.9174013062794077e-13,2.5488903066530077e-13,5.598889518465563e-16,5.876091197985958e-12,1.156336505212928e-12,2.1754443110726324e-13,3.5097769300020365e-41,3.440642707385501e-61,1.2950028455037558e-41,1.8634789066534714e-35,485992091266007.75,-9.945100298835996e-12,-2.18395068759606e-22,0.48599209126600607,2.4570638931701115e-11,-4.132492459341108e-09,-9.071215441486544e-20,5.356615618076814e-289,5.356615618935037e-289
-2.53749485825424,11.647946351687507,0.4084830149513913,0.6506592346098873,0.21659083737603282,4.777233577357283e-12,14664.73107805859,34.471977781524295,0.4940494025325981,1.4723987527833476e-15,6.144494294492911e-15,1.2470157120511163e-15,0.0003109777307462987,2.9440452420665164e-14,0.49501156191844164,2.50266428181649e-11,0.0,0.0,0.4077776307209636,0.06916704078069065,0.017755912675820915,0.00454563880215466,2.0487004097953012e-08,2.1762805762866433e-13,0.004040254571726578,0.000699950321381835,0.0006566360410885338,5.654650094923395e-14,6.682217130841196e-12,1.964130594744669e-13,2.6418805359581455e-13,5.742141119737626e-16,5.876091197985958e-12,1.156336505212928e-12,2.1754443110726324e-13,3.5097769300020365e-41,3.440642707385501e-61,1.2950028455037558e-41,1.8634789066534714e-35,495011556587252.2,-1.0220158053186879e-11,-2.244341334660967e-22,0.4950115565872506,2.5026642290084984e-11,5.3311910441777854e-09,5.280799160332324e-19,5.356615618076814e-289,5.356615618935037e-289
-2.537004599339824,11.641747102982178,0.4162381030530356,0.6507298119481001,0.22337440944780773,4.800374502123457e-12,14653.493522272729,34.45508172917792,0.5028811528564868,1.494575929503849e-15,6.25004701592271e-15,1.2614015765700102e-15,0.00031600663470478224,2.9888080520033174e-14,0.5040376685008466,2.548298142949933e-11,0.0,0.0,0.4156462466443911,0.06973797131596784,0.018337443895280137,0.00465582703684745,2.067747667550603e-08,2.1762946866487383e-13,0.004263970628202465,0.0007297639884471899,0.0007026220969865976,5.768882755709397e-14,6.863839782941826e-12,2.0110854502895565e-13,2.7363568543983264e-13,5.887568125313708e-16,5.876091197985958e-12,1.156336505212928e-12,2.1754443110726324e-13,3.5097769300020365e-41,3.440642707385501e-61,1.2950028455037558e-41,1.8634789066534714e-35,504037657895696.1,-1.0502820835256443e-11,-2.3064121923451217e-22,0.5040376578956945,2.5482981148672174e-11,1.0605152089837588e-08,2.80827155571028e-19,5.356615618076814e-289,5.356615618935037e-289
-2.5367692750609043,11.638772542967704,0.41996435249904723,0.6506496367829854,0.22665204046114376,4.811577310712959e-12,14648.450290081277,34.446974565858476,0.5071185933705161,1.5055544204241377e-15,6.301057700254238e-15,1.26814506994716e-15,0.00031847519033907027,3.010782413816149e-14,0.5083725224036642,2.570214252608452e-11,0.0,0.0,0.4194300757525813,0.07000489672419595,0.018619074725886968,0.004708535747617419,2.076552207374979e-08,2.1763014095987825e-13,0.004374259001150825,0.0007442587598605704,0.0007254925844353322,5.823473816430328e-14,6.951032981044339e-12,2.0337046814539278e-13,2.7822330965748323e-13,5.958160090821675e-16,5.876091197985958e-12,1.156336505212928e-12,2.1754443110726324e-13,3.5097769300020365e-41,3.440642707385501e-61,1.2950028455037558e-41,1.8634789066534714e-35,508372545055393.6,-1.0660805571660603e-11,-2.3411150039811354e-22,0.5083725450553923,2.5702143042712756e-11,-2.2651728159850393e-08,-5.166282369937665e-19,5.356615618076814e-289,5.356615618935037e-289
-2.536514340425408,11.635550892768899,0.4240039542630602,0.6504804616455949,0.2302181697331447,4.823783345294181e-12,14643.239999005415,34.438193958241634,0.5117079122455774,1.5174866142231236e-15,6.357143727080141e-15,1.2756119566268876e-15,0.00032118208425532276,3.034890936640002e-14,0.5130704092785611,2.5939656004107173e-11,0.0,0.0,0.423534333936593,0.0702889118094805,0.018925981437410165,0.004765508525411257,2.0858517480905444e-08,2.1763086602383108e-13,0.004495888198943475,0.0007600933485653833,0.0007508627744847737,5.882462570715876e-14,7.045504715773202e-12,2.0582685230326997e-13,2.8323184337820155e-13,6.035220790006699e-16,5.876091197985958e-12,1.156336505212928e-12,2.1754443110726324e-13,3.5097769300020365e-41,3.440642707385501e-61,1.2950028455037558e-41,1.8634789066534714e-35,513070400058405.6,-1.0822009954836176e-11,-2.376690232669451e-22,0.5130704000584044,2.5939655753530342e-11,9.220156638178878e-09,2.5057683099018846e-19,5.356615618076814e-289,5.356615618935037e-289
-2.536063302224145,11.629853061688596,0.4311577881465571,0.6499743030630495,0.2365656903506775,4.845555868516642e-12,14634.661926246981,34.422664519632264,0.5198240263384838,1.5388592064563095e-15,6.458749031831892e-15,1.2894037230858345e-15,0.0003260455264436521,3.0781904765028875e-14,0.5213863984537294,2.6360093623488965e-11,0.0,0.0,0.43080841202400166,0.0707784156504703,0.01947352524164064,0.004865990539390262,2.1017171551050006e-08,2.1763214149883975e-13,0.004716614416834595,0.0007884371875513693,0.000797286529962652,5.986499993446913e-14,7.21268324362725e-12,2.1018807692348438e-13,2.9219142915864917e-13,6.173076578213636e-16,5.876091197985958e-12,1.156336505212928e-12,2.1754443110726324e-13,3.5097769300020365e-41,3.440642707385501e-61,1.2950028455037558e-41,1.8634789066534714e-35,521386392237507.2,-1.1173173497525113e-11,-2.453689115470774e-22,0.5213863922375067,2.636009313278747e-11,6.216222647736913e-09,4.907014950018621e-19,5.356615618076814e-289,5.356615618935037e-289
-2.536024081510992,11.629357719558397,0.4317802718846133,0.6499179384547186,0.23711991116140219,4.847459875435655e-12,14633.954446269854,34.42131446465641,0.520529568788102,1.540825714429408e-15,6.467893729961525e-15,1.2907161875218306e-15,0.0003264733808690539,3.0819893592416606e-14,0.5221097955168982,2.6396666929012748e-11,0.0,0.0,0.43144170742717813,0.07082020425727395,0.019521410440403928,0.0048747095368476615,2.103062221716618e-08,2.1763225201227162e-13,0.004736145079412078,0.0007909213707745144,0.0008014174541950398,5.995529738004018e-14,7.2272229041734235e-12,2.10568243903027e-13,2.9297646052981533e-13,6.18515694066004e-16,5.876091197985958e-12,1.156336505212928e-12,2.1754443110726324e-13,3.5097769300020365e-41,3.440642707385501e-61,1.2950028455037558e-41,1.8634789066534714e-35,522109787945958.2,-1.117306247522265e-11,-2.4538183624414855e-22,0.5221097879459575,2.6396666350904635e-11,7.570940652179559e-09,5.781081129043435e-19,5.356615618076814e-289,5.356615618935037e-289
-2.535533822596576,11.623167581862111,0.43956669748820176,0.649049075243957,0.24407742124718504,4.87140029349246e-12,14625.61097215393,34.40444324436518,0.5293459541517539,1.5647996150628016e-15,6.5807428221697706e-15,1.3059190216881425e-15,0.00033189649809821755,3.1302154858526215e-14,0.5311558281392718,2.685401322468417e-11,0.0,0.0,0.4393681203081349,0.07133219592300945,0.02012361539855555,0.004983455084896322,2.119425548978984e-08,2.1763362884765647e-13,0.004984877904829254,0.0008222305521141148,0.0008543453003111972,6.10822059041843e-14,7.409004500536295e-12,2.153329801055385e-13,3.0286948540442224e-13,6.337430057000681e-16,5.876091197985958e-12,1.156336505212928e-12,2.1754443110726324e-13,3.5097769300020365e-41,3.440642707385501e-61,1.2950028455037558e-41,1.8634789066534714e-35,531155826432510.56,-1.1473710870291143e-11,-2.5195727587909156e-22,0.5311558264325101,2.6854013187221155e-11,1.7067616209232028e-09,3.746301640487516e-20,5.356615618076814e-289,5.356615618935037e-289
-2.53504356368216,11.616980478192227,0.4473628901314501,0.6478809657073171,0.2510883472103823,4.895603854960853e-12,14618.193241177716,34.38758029331291,0.5381569159310355,1.589430724250673e-15,6.696463823824151e-15,1.3215180477783898e-15,0.00033746783867435196,3.179778331546449e-14,0.5402085235999122,2.7311696991995458e-11,0.0,0.0,0.4473133431563382,0.07182524314910514,0.020732469443949218,0.00509176906281859,2.1349853602750454e-08,2.1763499867610204e-13,0.00524222208770708,0.0008540029527628996,0.0009097051907155983,6.220668529953888e-14,7.590858909521542e-12,2.2012131954686496e-13,3.129108825124713e-13,6.49209924431176e-16,5.876091197985958e-12,1.156336505212928e-12,2.1754443110726324e-13,3.5097769300020365e-41,3.440642707385501e-61,1.2950028455037558e-41,1.8634789066534714e-35,540208520395735.2,-1.1845302516633183e-11,-2.6009983503391042e-22,0.5402085203957351,2.7311696509083782e-11,3.204177145832432e-09,4.829116766795088e-19,5.356615618076814e-289,5.356615618935037e-289
-2.5348082394032403,11.614011745680171,0.45110839955675225,0.6472160423777413,0.2544719580193631,4.907314906959461e-12,14614.95731400328,34.37948901285131,0.542384185747526,1.6014631655696296e-15,6.753140789572615e-15,1.3292201834577985e-15,0.00034018643454575184,3.203940938601919e-14,0.5445561549148006,2.7531504024716315e-11,0.0,0.0,0.4511336318233891,0.07205528621528783,0.021027050429615692,0.0051436132208123155,2.1421808008981414e-08,2.176356543199522e-13,0.005368845487449711,0.0008694128688411045,0.0009371590072520293,6.274595833286686e-14,7.678177458416281e-12,2.2242818196781622e-13,3.1778344866856204e-13,6.567209491367307e-16,5.876091197985958e-12,1.156336505212928e-12,2.1754443110726324e-13,3.5097769300020365e-41,3.440642707385501e-61,1.2950028455037558e-41,1.8634789066534714e-35,544556178956555.06,-1.1962209001126212e-11,-2.6263953800838964e-22,0.5445561789565551,2.7531504095700977e-11,-2.404175447612289e-08,-7.098466259377719e-20,5.356615618076814e-289,5.356615618935037e-289
-2.5345533047677438,11.610796407061642,0.45516848649404656,0.6464206414926682,0.2581506202393875,4.920069822082119e-12,14611.685149851122,34.3707256074465,0.5469623192812658,1.6147143349652246e-15,6.815441150854158e-15,1.3377469062641757e-15,0.00034316402416563366,3.23037366148039e-14,0.5492678752015143,2.7769716622141828e-11,0.0,0.0,0.45527712396534153,0.07229971939413685,0.02134786780576183,0.005199674294690701,2.1497826791182353e-08,2.1763636358575618e-13,0.0055083117659858365,0.0008862202288437139,0.0009675556818172692,6.333004679592568e-14,7.772794779538956e-12,2.2493351960848935e-13,3.2310063254803007e-13,6.649225307027615e-16,5.876091197985958e-12,1.156336505212928e-12,2.1754443110726324e-13,3.5097769300020365e-41,3.440642707385501e-61,1.2950028455037558e-41,1.8634789066534714e-35,549267874716888.75,-1.2108425373469345e-11,-2.6585778757910377e-22,0.5492678747168889,2.776971656327758e-11,4.846254508805714e-10,5.886424680315337e-20,5.356615618076814e-289,5.356615618935037e-289
-2.534102266566481,11.605109738682456,0.46235759964463974,0.6448252623355917,0.2646913553935089,4.942808292190067e-12,14606.483919453873,34.35522659277903,0.5550582291016879,1.6387084977302845e-15,6.925996991954828e-15,1.3523506575598985e-15,0.0003485358989943285,3.278032021289437e-14,0.5576083558586178,2.8191391136010943e-11,0.0,0.0,0.4626199472913689,0.07272015883163437,0.021919713824291868,0.005298604840756033,2.162756012432009e-08,2.1763761671412942e-13,0.005760952487485069,0.0009162369542015522,0.001023027872390311,6.436366458019962e-14,7.940254491955785e-12,2.29382037783937e-13,3.326062248795204e-13,6.796002262217542e-16,5.876091197985958e-12,1.156336505212928e-12,2.1754443110726324e-13,3.5097769300020365e-41,3.440642707385501e-61,1.2950028455037558e-41,1.8634789066534714e-35,557608367319601.4,-1.2328249532345126e-11,-2.7070454898078166e-22,0.5576083673196018,2.819139262742904e-11,-1.1460984050692957e-08,-1.491418095714714e-18,5.356615618076814e-289,5.356615618935037e-289
-2.534063045853328,11.604615366984,0.46298309926062287,0.6446754067417536,0.26526189932780514,4.944796002000977e-12,14606.06706610488,34.35387918271489,0.5557619838972568,1.6407363695897939e-15,6.9363137498970326e-15,1.3538271183471884e-15,0.000349027970643215,3.28247867391412e-14,0.558333896085722,2.822807368476009e-11,0.0,0.0,0.4632591864633211,0.07275599776900706,0.021969683870343384,0.0053071925511999065,2.163856118343432e-08,2.1763772561808122e-13,0.005783279753897831,0.0009188636651706435,0.0010279549762605526,6.445358416145572e-14,7.954819958668065e-12,2.2976983666080366e-13,3.334387322956607e-13,6.80886772173644e-16,5.876091197985958e-12,1.156336505212928e-12,2.1754443110726324e-13,3.5097769300020365e-41,3.440642707385501e-61,1.2950028455037558e-41,1.8634789066534714e-35,558333894280749.0,-1.2407297411698437e-11,-2.7243645838831456e-22,0.5583338942807495,2.8228073596765674e-11,1.8049725047930565e-09,8.799441696940552e-20,5.356615618076814e-289,5.356615618935037e-289
-2.5335727869389117,11.598437356473653,0.4708063647181548,0.6426525721964729,0.27242007712791877,4.96978425882526e-12,14601.331171798227,34.33704101506894,0.5645557904907056,1.667462494740119e-15,7.061441246165902e-15,1.3708970665321751e-15,0.00035503456485996257,3.3358153917340656e-14,0.5674065911489888,2.8686768427591536e-11,0.0,0.0,0.4712592775083279,0.07319447001669545,0.02259780904636651,0.005414344682924144,2.177242091640372e-08,2.176390867838269e-13,0.006067257473096973,0.0009519142108098392,0.0010909608522747217,6.557858257498544e-14,8.13694158060684e-12,2.346305267826813e-13,3.439251955365121e-13,6.971094265719988e-16,5.876091197985958e-12,1.156336505212928e-12,2.1754443110726324e-13,3.5097769300020365e-41,3.440642707385501e-61,1.2950028455037558e-41,1.8634789066534714e-35,567406583975682.8,-1.2738921029153971e-11,-2.797292187107059e-22,0.5674065839756838,2.868676785669259e-11,7.173305061058954e-09,5.70898946291434e-19,5.356615618076814e-289,5.356615618935037e-289
-2.533082528024496,11.592262374045704,0.47863786755991633,0.6403594900898022,0.2796230589062779,4.995032950236583e-12,14597.45999467037,34.32021110046156,0.5733435734469445,1.694961587969569e-15,7.18912336686114e-15,1.388115321608305e-15,0.00036119796012749043,3.390489976051377e-14,0.5764859570150982,2.914579977303871e-11,0.0,0.0,0.47927709188705725,0.07361553184606874,0.023232135308788506,0.0055211505830887846,2.1899749575478582e-08,2.1764044907112224e-13,0.006360374910229987,0.0009853525092194868,0.0011566306585104806,6.670632213379459e-14,8.319165971673607e-12,2.3951584582118356e-13,3.5456005275749e-13,7.135968664778552e-16,5.876091197985958e-12,1.156336505212928e-12,2.1754443110726324e-13,3.5097769300020365e-41,3.440642707385501e-61,1.2950028455037558e-41,1.8634789066534714e-35,576485948693584.2,-1.3056222769591841e-11,-2.867085551291221e-22,0.576485948693585,2.914579959038118e-11,8.321513145226334e-09,1.8265753172547087e-19,5.356615618076814e-289,5.356615618935037e-289
-2.5328472037455763,11.589299457619324,0.4823997837172377,0.6391650299567805,0.28309575937448145,5.007244931204678e-12,14595.905737331377,34.312135671741466,0.5775595112466385,1.7085147775429483e-15,7.25118143448515e-15,1.3963501763231924e-15,0.0003642190560506303,3.417277564946555e-14,0.5808464137723298,2.936625449788247e-11,0.0,0.0,0.4831318391561738,0.07381157522563633,0.023538780320911307,0.005572300055010857,2.1958643533177575e-08,2.1764110394869604e-13,0.0065043554939470125,0.0010015348685873037,0.0011891151073540566,6.724898721355663e-14,8.40667184877299e-12,2.418696223620748e-13,3.5971750717528086e-13,7.216068959522306e-16,5.876091197985958e-12,1.156336505212928e-12,2.1754443110726324e-13,3.5097769300020365e-41,3.440642707385501e-61,1.2950028455037558e-41,1.8634789066534714e-35,580846416163671.0,-1.3557710509815024e-11,-2.9773978407934097e-22,0.5808464161636718,2.9366254765900255e-11,-2.3913420132970487e-09,-2.6801778234067847e-19,5.356615618076814e-289,5.356615618935037e-289
-2.5325922691100797,11.586090418215964,0.48647719805041456,0.6378037402044889,0.28686861102935557,5.0205433289697095e-12,14594.444851092252,34.30338943484761,0.582125168755404,1.723352169195492e-15,7.320233768465001e-15,1.405798280371131e-15,0.00036753835915834493,3.446736834660842e-14,0.5855719965459228,2.960516953002686e-11,0.0,0.0,0.48731232930972396,0.07401958569453175,0.02387254316840278,0.005627629289113958,2.202087191935447e-08,2.1764181445963465e-13,0.006662760548423171,0.001019158933717061,0.0012250212452502031,6.783808580450274e-14,8.501498707676883e-12,2.4442605000239187e-13,3.653433519231099e-13,7.303560946848297e-16,5.876091197985958e-12,1.156336505212928e-12,2.1754443110726324e-13,3.5097769300020365e-41,3.440642707385501e-61,1.2950028455037558e-41,1.8634789066534714e-35,585571993329940.5,-1.4105938639374926e-11,-3.0977913940110886e-22,0.5855719933299415,2.960516904533603e-11,3.215981370097154e-09,4.84690829086011e-19,5.356615618076814e-289,5.356615618935037e-289
-2.532141230908817,11.58041489066889,0.4936959620008071,0.63522689501968,0.29357041235425646,5.0442451443188315e-12,14592.419463999933,34.28792078451806,0.5901986767161908,1.7501149619915624e-15,7.444171196648423e-15,1.4226259392976629e-15,0.00037351426176715144,3.4997118148834164e-14,0.5939370635317078,3.002808826083333e-11,0.0,0.0,0.49471989576086695,0.07437664998631414,0.02446700350770251,0.005725316386597229,2.2127087490898174e-08,2.1764307505957246e-13,0.006949250146657242,0.0010505688996014135,0.0012903920062682574,6.888397241903462e-14,8.66934465922764e-12,2.4896563726232896e-13,3.753951473003818e-13,7.460208435687001e-16,5.876091197985958e-12,1.156336505212928e-12,2.1754443110726324e-13,3.5097769300020365e-41,3.440642707385501e-61,1.2950028455037558e-41,1.8634789066534714e-35,593937058310738.6,-1.505717772687376e-11,-3.3063960047393053e-22,0.5939370583107395,3.0028087432234026e-11,5.220968324337605e-09,8.285993048517385e-19,5.356615618076814e-289,5.356615618935037e-289
-2.532102010195664,11.57992148750099,0.49432396726091465,0.6349927615780055,0.2941548109384351,5.046316694190456e-12,14592.276878163437,34.28657601418394,0.5909004712178785,1.7525103437055243e-15,7.45523651942625e-15,1.4242004125969949e-15,0.00037403143969832174,3.504254574393333e-14,0.5946647253853294,3.006487657474849e-11,0.0,0.0,0.49536470955557643,0.07440704720778847,0.024518937167121477,0.0057337990142307515,2.2136095235344175e-08,2.1764318493146828e-13,0.006974541308892741,0.001053313618833043,0.0012961889353573358,6.897516518358551e-14,8.683944600257197e-12,2.4936139628475615e-13,3.762751588523936e-13,7.473943481274355e-16,5.876091197985958e-12,1.156336505212928e-12,2.1754443110726324e-13,3.5097769300020365e-41,3.440642707385501e-61,1.2950028455037558e-41,1.8634789066534714e-35,594664722783770.8,-1.5144774323516685e-11,-3.32558917988995e-22,0.5946647227837717,3.0064876469240214e-11,2.6015577470062112e-09,1.0550827653607383e-19,5.356615618076814e-289,5.356615618935037e-289
-2.5316117512812477,11.573755580418043,0.5021777246203831,0.6319342464426255,0.30147946674408366,5.072352864586345e-12,14590.943889801094,34.26977083442937,0.5996692914570246,1.782530712410377e-15,7.592633156463696e-15,1.4424921235168158e-15,0.0003807218066828847,3.563532190664869e-14,0.6037641423758029,3.0524922167690267e-11,0.0,0.0,0.5034338899719716,0.07477833054992787,0.025171200031050202,0.005839677147252126,2.2245710531663853e-08,2.1764456248076384e-13,0.007295842498840931,0.001087796491354873,0.0013701894988400946,7.011886542081548e-14,8.866507650067634e-12,2.543221425926098e-13,3.873555573804518e-13,7.647187786765524e-16,5.876091197985958e-12,1.156336505212928e-12,2.1754443110726324e-13,3.5097769300020365e-41,3.440642707385501e-61,1.2950028455037558e-41,1.8634789066534714e-35,603764141957692.9,-1.6170287331362942e-11,-3.5506727793838713e-22,0.6037641419576941,3.0524922109958824e-11,4.1810876982850687e-10,5.77314423413076e-20,5.356615618076814e-289,5.356615618935037e-289
-2.531121492366832,11.567592695485136,0.5100380659911488,0.6286358118857416,0.3088406378248635,5.09865561269082e-12,14590.444592955828,34.252973891544734,0.6084315202702647,1.81343383557655e-15,7.735083465533915e-15,1.4618909330284871e-15,0.00038758773989544905,3.624318776349361e-14,0.6128702584449585,3.0985306689485826e-11,0.0,0.0,0.5115195733701499,0.07513386361630678,0.025829233701354298,0.005945280355764842,2.23499938693318e-08,2.176459491282018e-13,0.007626787734765624,0.0011225873048663576,0.00144707808381952,7.127051367987362e-14,9.049191112551418e-12,2.5930854848036895e-13,3.9858465041006147e-13,7.82337463134737e-16,5.876091197985958e-12,1.156336505212928e-12,2.1754443110726324e-13,3.5097769300020365e-41,3.440642707385501e-61,1.2950028455037558e-41,1.8634789066534714e-35,612870255757862.1,-1.7252088646557695e-11,-3.788164088066088e-22,0.6128702557578639,3.098530621553574e-11,2.687094546871549e-09,4.739500891648145e-19,5.356615618076814e-289,5.356615618935037e-289
-2.5308861680879122,11.564635583750054,0.5138132353626246,0.6269695685266733,0.31238642010250106,5.111375789114748e-12,14590.498115922654,34.24491428351077,0.61263500447302,1.82859069754784e-15,7.804785386645349e-15,1.4713741052941575e-15,0.00039094739674166865,3.654033876355144e-14,0.6172435721782858,3.120641120904669e-11,0.0,0.0,0.5154064612921678,0.0752990512073761,0.026147112264218373,0.0059958769394211145,2.2398233393960822e-08,2.1764661855243114e-13,0.007789102868963989,0.001139390292708626,0.0014850264668701111,7.182652407829494e-14,9.13692268711343e-12,2.6171121422626666e-13,4.0402746640912925e-13,7.909012195227458e-16,5.876091197985958e-12,1.156336505212928e-12,2.1754443110726324e-13,3.5097769300020365e-41,3.440642707385501e-61,1.2950028455037558e-41,1.8634789066534714e-35,617243569754713.0,-1.778188707390882e-11,-3.9047448556477806e-22,0.617243569754715,3.120641088181058e-11,2.4235708995234972e-09,3.272361141447928e-19,5.356615618076814e-289,5.356615618935037e-289
-2.5306312334524157,11.561432831220984,0.517904531943451,0.6251050652168247,0.3162364161284072,5.125225343044742e-12,14590.768590373526,34.236185181492786,0.6171869975334752,1.845287579404991e-15,7.880730362373957e-15,1.4815035667370205e-15,0.00039464389128912125,3.6867218550786484e-14,0.6219830682342138,3.144602901532418e-11,0.0,0.0,0.5196214062959559,0.07547407595496243,0.0264929420737149,0.006050624543114365,2.2449207230563177e-08,2.1764734692904646e-13,0.007967498895618735,0.0011576656663162327,0.0015269092216898344,7.243146301799827e-14,9.23199741055714e-12,2.643208752233695e-13,4.099625599090122e-13,8.002581259428906e-16,5.876091197985958e-12,1.156336505212928e-12,2.1754443110726324e-13,3.5097769300020365e-41,3.440642707385501e-61,1.2950028455037558e-41,1.8634789066534714e-35,621983069094037.5,-1.8291479442211767e-11,-4.016284991371728e-22,0.6219830690940398,3.144602903419703e-11,-8.598259881864578e-10,-1.887284945843331e-20,5.356615618076814e-289,5.356615618935037e-289
-2.530180195251153,11.555768422679856,0.525146713857381,0.6216582623622363,0.3230693787231011,5.149907862986867e-12,14591.791215261557,34.220746836013944,0.6252359522633103,1.875480459788672e-15,8.018061531375798e-15,1.4998936477708131e-15,0.00040131816409178786,3.7457209757388204e-14,0.630372777190217,3.187019320651453e-11,0.0,0.0,0.5270890700088312,0.07577391269681098,0.027108476301315524,0.0061473255227230865,2.2536219988231795e-08,2.1764864456434011e-13,0.008289681674172713,0.001190174094641777,0.0016029990339198764,7.350894301916336e-14,9.400289111341658e-12,2.6895533568190006e-13,4.205617930974647e-13,8.170190765356371e-16,5.876091197985958e-12,1.156336505212928e-12,2.1754443110726324e-13,3.5097769300020365e-41,3.440642707385501e-61,1.2950028455037558e-41,1.8634789066534714e-35,630372778617167.6,-1.9167445408641015e-11,-4.208539860304951e-22,0.6303727786171704,3.187019339229945e-11,-1.4269534442945542e-09,-1.8578492067577487e-19,5.356615618076814e-289,5.356615618935037e-289
-2.530140974538,11.555275986145052,0.525776686710751,0.6213497950322453,0.3236647572588219,5.152065236705405e-12,14591.9134409957,34.219404700238336,0.6259355795699527,1.8781513307512572e-15,8.030571614928943e-15,1.5016685404390177e-15,0.00040191268368268955,3.7510015547916645e-14,0.6311025886813452,3.1907091269523494e-11,0.0,0.0,0.527739057832841,0.07579940054908017,0.027162217596485867,0.0061557249248347734,2.2543599615951554e-08,2.1764875798728543e-13,0.008318096046923804,0.0011930110696276835,0.001609736760480681,7.360310060269144e-14,9.414928173602542e-12,2.693593864014479e-13,4.2148942786579386e-13,8.18489214804443e-16,5.876091197985958e-12,1.156336505212928e-12,2.1754443110726324e-13,3.5097769300020365e-41,3.440642707385501e-61,1.2950028455037558e-41,1.8634789066534714e-35,631102586879520.0,-1.9255375072191327e-11,-4.2277330354555956e-22,0.6311025868795229,3.190709081434786e-11,1.8018222469606826e-09,4.551756354251838e-19,5.356615618076814e-289,5.356615618935037e-289
-2.5296507156235837,11.549122158777509,0.5336540823309317,0.617377561506112,0.33112395473962375,5.179178591655412e-12,14593.876906211777,34.202632443748094,0.6346771458297759,1.912038005548769e-15,8.185180301813087e-15,1.5226649074992562e-15,0.00040937332813838933,3.8168743417281824e-14,0.640228814643898,3.2368491866606634e-11,0.0,0.0,0.5358721836634743,0.07611027894115784,0.02783697869095018,0.006260596045118406,2.263340788983757e-08,2.1765018446745358e-13,0.008678697377660732,0.0012286029235123279,0.0016956138433027743,7.478685422414012e-14,9.597984216653075e-12,2.744243482676026e-13,4.331654169320797e-13,8.370395003880589e-16,5.876091197985958e-12,1.156336505212928e-12,2.1754443110726324e-13,3.5097769300020365e-41,3.440642707385501e-61,1.2950028455037558e-41,1.8634789066534714e-35,640228814031220.0,-2.0177304271840057e-11,-4.429875297648242e-22,0.6402288140312229,3.2368491804575855e-11,6.126751328494606e-10,6.203077819853732e-20,5.356615618076814e-289,5.356615618935037e-289
-2.529160456709168,11.542971347639268,0.5415362439710019,0.6131961444322576,0.3386120379655537,5.206567283769983e-12,14596.653260652423,34.185868407990824,0.6434115245260044,1.9470931522835173e-15,8.342907727827279e-15,1.543605522760719e-15,0.0004170732083977665,3.884845996143371e-14,0.6493617558773372,3.283023231133039e-11,0.0,0.0,0.5440204113432462,0.07640714910149762,0.028517122203098363,0.006365251767808339,2.271885752858618e-08,2.176516286059788e-13,0.009049419140052589,0.001264420578347193,0.0017845928902459874,7.59841983973906e-14,9.781165491744837e-12,2.795160300189923e-13,4.449907108566364e-13,8.559177480318256e-16,5.876091197985958e-12,1.156336505212928e-12,2.1754443110726324e-13,3.5097769300020365e-41,3.440642707385501e-61,1.2950028455037558e-41,1.8634789066534714e-35,649361755469593.5,-2.1097346092346925e-11,-4.632017559840888e-22,0.6493617554695968,3.283023225364796e-11,4.0774039700153253e-10,5.768243189001384e-20,5.356615618076814e-289,5.356615618935037e-289
-2.528925132430248,11.540020029223435,0.5453212488895992,0.6111170089132326,0.3422160676747236,5.219813516341913e-12,14598.27648288429,34.177824589648466,0.6476014444892845,1.9643007165517098e-15,8.42098209226662e-15,1.5541795902827437e-15,0.00042084779407832584,3.918152070110795e-14,0.6537479566308754,3.305198871457565e-11,0.0,0.0,0.5479368289479056,0.07654480205349945,0.028845477813813757,0.006415413925207352,2.275838867418967e-08,2.176523287437717e-13,0.009230993983513826,0.0012816871864471818,0.0018284198397111498,7.65641982387756e-14,9.869136766832757e-12,2.8196960812993176e-13,4.5071994469784e-13,8.650987009426288e-16,5.876091197985958e-12,1.156336505212928e-12,2.1754443110726324e-13,3.5097769300020365e-41,3.440642707385501e-61,1.2950028455037558e-41,1.8634789066534714e-35,653747953720368.6,-2.157818368431208e-11,-4.737483087941399e-22,0.6537479537203712,3.305198831807669e-11,2.910504171005357e-09,3.9649896475062393e-19,5.356615618076814e-289,5.356615618935037e-289
-2.5286701977947517,11.536823551251949,0.5494227342984478,0.6088131610111529,0.34612730428962324,5.234237050231223e-12,14600.247121505756,34.16911258893719,0.6521386108450583,1.9832787280000266e-15,8.50677724261498e-15,1.5657993270064701e-15,0.00042499344778867265,3.9546981524287636e-14,0.658501420615519,3.329231292571547e-11,0.0,0.0,0.5521834045097183,0.07669045729182532,0.029202565344136875,0.006469705354353031,2.2800163480798957e-08,2.1765309272768949e-13,0.009430375565623124,0.0013004433576403755,0.0018767255320158846,7.719666402825831e-14,9.964471132200622e-12,2.846347044541259e-13,4.569655157517057e-13,8.751337728591191e-16,5.876091197985958e-12,1.156336505212928e-12,2.1754443110726324e-13,3.5097769300020365e-41,3.440642707385501e-61,1.2950028455037558e-41,1.8634789066534714e-35,658501416118713.1,-2.2049806425172847e-11,-4.841009911481239e-22,0.6585014161187163,3.329231241051388e-11,4.496802707976144e-09,5.152015927751826e-19,5.356615618076814e-289,5.356615618935037e-289
-2.528219159593489,11.53117023993337,0.5566817075256139,0.6046092495750258,0.3530639759535991,5.259943660568074e-12,14604.272093890686,34.1537044889384,0.6601609602742105,2.0175879797526464e-15,8.660737801660461e-15,1.5863252081479553e-15,0.00043248220989628003,4.020651114939222e-14,0.6669158400912351,3.3717726029687616e-11,0.0,0.0,0.5597060637298054,0.07693950579182347,0.029837788336760127,0.0065656349803125645,2.2871481606231603e-08,2.176544594510951e-13,0.009789991184504776,0.0013337477004411273,0.0019643165511673355,7.832685596928603e-14,1.0133220654695091e-11,2.893679625492449e-13,4.681145806484075e-13,8.931190384827586e-16,5.876091197985958e-12,1.156336505212928e-12,2.1754443110726324e-13,3.5097769300020365e-41,3.440642707385501e-61,1.2950028455037558e-41,1.8634789066534714e-35,666915842558793.5,-2.2949753208934e-11,-5.038240788786851e-22,0.6669158425587971,3.3717726398914403e-11,-2.467562043584337e-09,-3.6922678764300793e-19,5.356615618076814e-289,5.356615618935037e-289
-2.528179938880336,11.530678768137916,0.557313064300521,0.6042361569458828,0.353668104900565,5.26219047484857e-12,14604.65469260634,34.15236498255989,0.6608582511489693,2.020634978363931e-15,8.674767176526077e-15,1.588294754228537e-15,0.000433149544455154,4.026544685247314e-14,0.6676478004374191,3.375473251401345e-11,0.0,0.0,0.5603607736943316,0.07696064837341264,0.029893228802214983,0.006573969418025659,2.287753070474603e-08,2.1765457925712615e-13,0.009821678811837159,0.0013366505787774639,0.0019720626260722554,7.842584421962347e-14,1.0147899368650006e-11,2.897806481409598e-13,4.690900604487283e-13,8.946971260695596e-16,5.876091197985958e-12,1.156336505212928e-12,2.1754443110726324e-13,3.5097769300020365e-41,3.440642707385501e-61,1.2950028455037558e-41,1.8634789066534714e-35,667647800906201.0,-2.3004709248652944e-11,-5.050131510092301e-22,0.6676478009062047,3.375473252430287e-11,-4.687855659213369e-10,-1.0289422424169287e-20,5.356615618076814e-289,5.356615618935037e-289
-2.5276896799659196,11.524536996820238,0.5652067768683722,0.5994728053348983,0.36123265781016,5.290432835431164e-12,14609.87954048822,34.135625584833555,0.6695703127332578,2.0592739943473463e-15,8.848032935881894e-15,1.611456732393269e-15,0.0004415686916489054,4.100682711841953e-14,0.6768009171703633,3.421749331431903e-11,0.0,0.0,0.5685521597658569,0.07721816677462738,0.030589021914347043,0.0066780559794431555,2.29511548845215e-08,2.1765609073630988e-13,0.010223438876928706,0.0013730215826721001,0.0020706541927099616,7.96734044992353e-14,1.0331447549554525e-11,2.94954142021426e-13,4.813645977061751e-13,9.146182120075204e-16,5.876091197985958e-12,1.156336505212928e-12,2.1754443110726324e-13,3.5097769300020365e-41,3.440642707385501e-61,1.2950028455037558e-41,1.8634789066534714e-35,676800914763301.0,-2.3883006683433905e-11,-5.243097237364437e-22,0.6768009147633044,3.42174928443272e-11,2.4070588855451547e-09,4.699918296009437e-19,5.356615618076814e-289,5.356615618935037e-289
-2.527199421051504,11.518398235822723,0.5731033995450199,0.5945304597115045,0.3688195452097606,5.318969641991573e-12,14615.925680821707,34.11889439173483,0.678274679818522,2.0992275437247322e-15,9.027297679305297e-15,1.6355937633951742e-15,0.00045023314832189396,4.17685271592017e-14,0.6859607621847408,3.4680593659181235e-11,0.0,0.0,0.5767571866023572,0.077463460491667,0.031289881917609445,0.006781976471000569,2.302122297043776e-08,2.1765762984123382e-13,0.010635763528337897,0.0014095357558674185,0.002172549401267064,8.094109188334788e-14,1.0515112110727417e-11,3.001554718421409e-13,4.937894051840863e-13,9.349078887172234e-16,5.876091197985958e-12,1.156336505212928e-12,2.1754443110726324e-13,3.5097769300020365e-41,3.440642707385501e-61,1.2950028455037558e-41,1.8634789066534714e-35,685960762624812.4,-2.478528493554677e-11,-5.441232843465029e-22,0.6859607626248158,3.4680593620078966e-11,-4.4007497645992544e-10,3.910226865910505e-20,5.356615618076814e-289,5.356615618935037e-289
-2.526964096772584,11.515452699376363,0.5768946660124146,0.5920967777973851,0.37246867837800474,5.332772897102909e-12,14619.119161130406,34.11086633215027,0.6824499924245246,2.118943658405564e-15,9.114515159418753e-15,1.6470577903383945e-15,0.00045449812435593523,4.214333221091864e-14,0.6903598821148562,3.490300295719518e-11,0.0,0.0,0.5807003264554451,0.07757698875740628,0.03162806875245143,0.006831802518309833,2.3053645295392465e-08,2.176583792479147e-13,0.010837462961341504,0.0014271073760711947,0.0022226467754581924,8.155726671772903e-14,1.06033111428683e-11,3.026620826807118e-13,4.998067768026548e-13,9.447810154820407e-16,5.876091197985958e-12,1.156336505212928e-12,2.1754443110726324e-13,3.5097769300020365e-41,3.440642707385501e-61,1.2950028455037558e-41,1.8634789066534714e-35,690359882966647.1,-2.519751074459009e-11,-5.532158087360507e-22,0.6903598829666511,3.490300299561997e-11,-8.517948568709244e-10,-3.8424788350378514e-20,5.356615618076814e-289,5.356615618935037e-289
-2.5267091621370876,11.51226248366989,0.5810024430878219,0.5894166509095294,0.3764270920101391,5.3478051098909686e-12,14622.793892453508,34.10217139924228,0.6869711932138594,2.1406311092145427e-15,9.210753715541659e-15,1.6597537993814817e-15,0.0004591931104331102,4.2555824821810405e-14,0.6951273488868093,3.514403513824086e-11,0.0,0.0,0.5849754596016693,0.0776969712729214,0.031995724876169834,0.006885741719442312,2.3087913659516145e-08,2.1765919939886365e-13,0.011058758233291123,0.0014461725513056204,0.0022777965597976036,8.223074402631236e-14,1.0698888521080597e-11,3.053849285105826e-13,5.063647862571057e-13,9.555771332463697e-16,5.876091197985958e-12,1.156336505212928e-12,2.1754443110726324e-13,3.5097769300020365e-41,3.440642707385501e-61,1.2950028455037558e-41,1.8634789066534714e-35,695127349429159.2,-2.5615620735663924e-11,-5.623341825197407e-22,0.6951273494291631,3.5144035101233514e-11,-5.423538285143081e-10,3.700734328493501e-20,5.356615618076814e-289,5.356615618935037e-289
-2.526258123935825,11.506620247833133,0.5882713096870276,0.5845667710726393,0.3834430847536214,5.374604368606882e-12,14629.847743908455,34.0867934854692,0.6949649628907024,2.1800256402369723e-15,9.386067586580075e-15,1.6831579989611703e-15,0.00046768635436854013,4.3301291625438546e-14,0.7035665686993131,3.557070282223578e-11,0.0,0.0,0.5925476580070206,0.07790177669456598,0.03264944761699886,0.006981077480917274,2.314643331362259e-08,2.176606728641403e-13,0.011457425800911332,0.001479969117790366,0.0023776251366675,8.343829018269495e-14,1.086805691206813e-11,3.1022112528630547e-13,5.180674072012285e-13,9.749385452276e-16,5.876091197985958e-12,1.156336505212928e-12,2.1754443110726324e-13,3.5097769300020365e-41,3.440642707385501e-61,1.2950028455037558e-41,1.8634789066534714e-35,703566565371778.2,-2.635913709525539e-11,-5.786516125720563e-22,0.7035665653717819,3.557070238969201e-11,3.3275312505409715e-09,4.325437735329284e-19,5.356615618076814e-289,5.356615618935037e-289
-2.526218903222672,11.506129738886996,0.588903452055572,0.5841386603898813,0.38405390665094313,5.3769472444286054e-12,14630.494789955614,34.0854566033365,0.6956597526101853,2.183515566812755e-15,9.40187256497443e-15,1.6853524614167632e-15,0.00046843584854450664,4.336702442427872e-14,0.7043006839621054,3.560781804004809e-11,0.0,0.0,0.5932066161179289,0.07791914365612791,0.03270648831310048,0.006989362001278828,2.3151397964294724e-08,2.176608024100911e-13,0.011492526063636732,0.0014829115147460337,0.0023864430514016328,8.354430224736699e-14,1.0882771303424422e-11,3.1064280879526123e-13,5.190910715766025e-13,9.766381453703548e-16,5.876091197985958e-12,1.156336505212928e-12,2.1754443110726324e-13,3.5097769300020365e-41,3.440642707385501e-61,1.2950028455037558e-41,1.8634789066534714e-35,704300680118328.4,-2.6403546016240398e-11,-5.79633889549463e-22,0.7043006801183325,3.560781753764626e-11,3.843772966583003e-09,5.024018322882797e-19,5.356615618076814e-289,5.356615618935037e-289
-2.5257286443082556,11.500000000000002,0.596805925888207,0.5787036318742651,0.3916986735339149,5.406401188154602e-12,14639.031414523495,34.06875,0.704340213699425,2.228021938232786e-15,9.59846628134387e-15,1.71137258516426e-15,0.0004779808249029837,4.420346932893861e-14,0.7134807596379387,3.607194117935625e-11,0.0,0.0,0.6014502465274524,0.07813041740775693,0.03342211485057323,0.007092846993220602,2.3211839552003263e-08,2.1766244206893877e-13,0.011937167632466434,0.0015197322978133855,0.002498535361271287,8.488382147520797e-14,1.1066753948616092e-11,3.159294156195639e-13,5.319686198948149e-13,9.981030039724608e-16,5.876091197985958e-12,1.156336505212928e-12,2.1754443110726324e-13,3.5097769300020365e-41,3.440642707385501e-61,1.2950028455037558e-41,1.8634789066534714e-35,713480759637936.0,-2.7253088674683568e-11,-5.983294638628685e-22,0.7134807596379403,3.607194117935616e-11,-1.6653345369377348e-15,9.04728794979874e-26,5.356615618076814e-289,5.356615618935037e-289
