ln_a,z,x_hii,x_heii,x_heiii,w,T,Tcmb,ne_per_h,Gamma_hi,Gamma_hei,Gamma_heii,Nactive,Eactive,emitted_N,emitted_E,out_N,out_E,abs_HI,abs_HeI,abs_HeII,ci_HI,ci_HeI,ci_HeII,rr_HII,rr_HeII,rr_HeIII,dr_HeII,escape_E,work_E,cmb_reservoir_E,redshift_E,ci_floor_HI,ci_floor_HeI,ci_floor_HeII,ce_cap_HI_E,ce_cap_HeI_E,ce_cap_HeII_E,excluded_dr_E,elapsed_s,number_residual,energy_residual,emitted_N_exact,emitted_E_exact,source_N_error,source_E_error,ieee_underflow_N_bound,ieee_underflow_E_bound
-2.5649493574615367,12.0,0.0002,0.0,0.0,6.7046568077842106e-15,30.0,35.43149999999999,0.0002,0.0,0.0,0.0,0.0,0.0,0.0,0.0,0.0,0.0,0.0,0.0,0.0,0.0,0.0,0.0,0.0,0.0,0.0,0.0,0.0,0.0,0.0,0.0,0.0,0.0,0.0,0.0,0.0,0.0,0.0,0.0,0.0,0.0,0.0,0.0,0.0,0.0,5.356615618076814e-289,5.356615618935037e-289
-2.5644590985471205,11.99362819615703,0.006869954689718272,0.023120613479635843,7.661242579771019e-05,2.1116154332005105e-13,937.4524152653087,35.414133648625985,0.008707362979026004,7.851916039576599e-16,2.8336123596788175e-15,8.014975090870287e-16,0.00015429344872363535,1.5359825860939603e-14,0.008661883100205376,4.379252211968726e-13,0.0,0.0,0.006670134703818227,0.0018314059885375935,6.048959124683501e-06,1.567622376815759e-13,1.2245157910580478e-14,1.8752787546881915e-16,1.8001425672219857e-07,4.604864719053732e-08,6.09719788648646e-10,0.0,5.812359869131821e-18,1.0265979767095337e-16,3.551825061522971e-18,6.832185226828938e-18,1.567622376815759e-13,1.2245157910580478e-14,1.8752787546881915e-16,1.0919666986173333e-41,3.458148641946927e-61,7.314039341002092e-44,1.5971430141250448e-43,8661878652231.121,-1.2351231148954867e-15,-2.6606700611294286e-26,0.008661878652231126,4.379246013649434e-13,4.4479742493386265e-09,6.198319292228759e-19,5.356615618076814e-289,5.356615618935037e-289
-2.5642237742682013,11.990570839720432,0.010115134632010298,0.03450131520935099,0.00017282655670870594,3.1420253192447063e-13,1389.5898942974402,35.40580082365803,0.012866211078544645,7.884639057937535e-16,2.849011148168886e-15,8.036486943231605e-16,0.00015507332072965422,1.5434189372493288e-14,0.012821851784814027,6.482434116542894e-13,0.0,0.0,0.009915582015647139,0.002737549938498129,1.3646509936638594e-05,3.409405742278264e-13,2.648175796652003e-14,6.155737222576786e-16,4.473839777830637e-07,1.1769383568685046e-07,2.3080918300264637e-09,0.0,1.4671894619603223e-17,2.262944177656711e-16,1.1758376012150128e-17,1.045573823710615e-17,3.409405742278264e-13,2.648175796652003e-14,6.155737222576786e-16,2.3382708497121126e-41,3.458148641946927e-61,2.0202159046758976e-43,2.9150603265065398e-43,12821844049959.754,-2.465042059363043e-15,-5.301145283085199e-26,0.012821844049959766,6.482428546716929e-13,7.73485426056042e-09,5.569825964858773e-19,5.356615618076814e-289,5.356615618935037e-289
-2.5639688396327047,11.987259515382084,0.01363506798545482,0.04670833182025804,0.00032016024202804506,4.257081707439099e-13,1874.9941360850298,35.39677580917387,0.017373119483163828,7.920093642419847e-16,2.8659691050235977e-15,8.060493095202473e-16,0.00015585689054325565,1.5505072295959693e-14,0.017330128402104,8.761706557198491e-13,0.0,0.0,0.013435972520552838,0.0037130168302876494,2.5282160715791264e-05,6.195631531366073e-13,4.782814387315785e-14,1.5265302623529302e-15,9.045357175801712e-07,2.4114120763008805e-07,6.352136156328938e-09,0.0,3.0001138670055615e-17,4.1492910526324913e-16,2.929415730800479e-17,1.4399494835487722e-17,6.195631531366073e-13,4.782814387315785e-14,1.5265302623529302e-15,3.5020413151201e-41,3.458148641946927e-61,4.382699100037508e-43,4.612997891394645e-43,17330130988232.926,-4.461708780212348e-15,-9.683425383768964e-26,0.017330130988232932,8.761714414769952e-13,-2.586128932530185e-09,-7.857571461510507e-19,5.356615618076814e-289,5.356615618935037e-289
-2.563517801431442,11.981403086046896,0.019873675705642968,0.06799276364363842,0.0006900170916592514,6.226538871745376e-13,2722.6131495770805,35.38081411102081,0.025350475534086935,7.984857995093801e-16,2.8959638273311833e-15,8.100577209581227e-16,0.00015727921341561496,1.5634390345739336e-14,0.025310571229202525,1.2796438302564807e-12,0.0,0.0,0.01967587770564512,0.005422916782887406,5.449752724620366e-05,1.3121281832582117e-12,1.0019042665942302e-13,4.754918393521427e-15,2.202001314305099e-06,5.919880956788087e-07,2.2493698912426626e-08,0.0,7.412112282737024e-17,8.878129040317329e-16,9.163551835265475e-17,2.1422194287813072e-17,1.3121281832582117e-12,1.0019042665942302e-13,4.754918393521427e-15,3.5020413151201e-41,3.458148641946927e-61,1.1521035445234097e-42,8.195453081923879e-43,25310556394506.598,-8.180955912706622e-15,-1.7791653311992612e-25,0.025310556394506627,1.2796433388655458e-12,1.4834695898774397e-08,4.913909348962957e-19,5.356615618076814e-289,5.356615618935037e-289
-2.5634785807182885,11.98089395614441,0.020416810090575242,0.06982481985851269,0.0007287494690597129,6.397586578616902e-13,2795.648733824798,35.37942647747158,0.026044361574519885,7.989545209532878e-16,2.8982638678869114e-15,8.101843118771303e-16,0.00015739823447247046,1.5644916349888622e-14,0.026004762456237812,1.3147400441169915e-12,0.0,0.0,0.02021915700292758,0.00557064975245342,5.755746637456804e-05,1.3843146949490927e-12,1.0560160348319882e-13,5.1557248719493305e-15,2.346913736670885e-06,6.311214348846984e-07,2.4613559220119868e-08,0.0,7.908741032540208e-17,9.373256484537843e-16,9.938506577251398e-17,2.2035587923468132e-17,1.3843146949490927e-12,1.0560160348319882e-13,5.1557248719493305e-15,3.5020413151201e-41,3.458148641946927e-61,1.2340826920718445e-42,8.538352270266269e-43,26004761684000.652,-9.776901510605285e-15,-2.1406529524077376e-25,0.026004761684000673,1.3147407567436882e-12,7.722371388185767e-10,-7.126266967738252e-19,5.356615618076814e-289,5.356615618935037e-289
-2.5629883218038727,11.974531516914036,0.027215190706026043,0.09246990955797059,0.0013009861114902477,8.532913889693498e-13,3699.7040849244845,35.362085649349204,0.03472086558346955,8.060231413258314e-16,2.9317090466490276e-15,8.147358494925904e-16,0.00015898231840117771,1.578944306762905e-14,0.034685789965403065,1.7536336264577062e-12,0.0,0.0,0.02701982260590537,0.007404211515178471,0.00010277352590068442,2.4465351827563565e-12,1.8441222333785886e-13,1.2177424507378066e-14,4.631902325866488e-06,1.2460677738698009e-06,6.409605836873167e-08,0.0,1.5809458777170296e-16,1.669349568966079e-15,2.3531286971127883e-16,2.974099564953341e-17,2.4465351827563565e-12,1.8441222333785886e-13,1.2177424507378066e-14,3.5020413151201e-41,3.458148641946927e-61,2.5586190158740802e-42,1.3204684860358357e-42,34685775418905.63,-1.7361112547575885e-14,-3.792590796812954e-25,0.03468577541890567,1.7536327837432404e-12,1.4546497395517832e-08,8.427144658817404e-19,5.356615618076814e-289,5.356615618935037e-289
-2.5624980628894565,11.968172196161712,0.03403023817874425,0.1146443492817346,0.002035508965433501,1.0662931509527997e-12,4587.476118041973,35.344753320638745,0.043402504011318066,8.132049097185186e-16,2.965763799994491e-15,8.193324734978006e-16,0.0001605828112643955,1.5934489277713257e-14,0.043373193702407865,2.1928481285748464e-12,0.0,0.0,0.03383810149863475,0.009213676853680939,0.0001608325388008027,3.801727602398955e-12,2.8313044922133207e-13,2.365787064503029e-14,7.863323692226513e-06,2.109097608692974e-06,1.3446260602628735e-07,0.0,2.7145164684782034e-16,2.6104869689956713e-15,4.579209156298591e-16,3.751715210116043e-17,3.801727602398955e-12,2.8313044922133207e-13,2.365787064503029e-14,3.5020413151201e-41,3.458148641946927e-61,4.4895886954845855e-42,1.8515426470177106e-42,43373176875760.5,-2.6978419498391304e-14,-5.87669819953445e-25,0.04337317687576057,2.1928477592278563e-12,1.682664729774075e-08,3.6934699015304703e-19,5.356615618076814e-289,5.356615618935037e-289
-2.562262738610537,11.965120829435168,0.03730740788306851,0.12512101516300844,0.0024453163393320983,1.168341874459632e-12,5007.914852663987,35.33643682062555,0.04757148534425319,8.1682190395007e-16,2.9825203225788866e-15,8.216835045397362e-16,0.00016135899561298437,1.6004462632452696e-14,0.04754542153384107,2.403785598120848e-12,0.0,0.0,0.03711718569852396,0.010073643300181016,0.00019323353949343076,4.554959431134598e-12,3.3726080931888266e-13,3.105611787496146e-14,9.777820010415996e-06,2.6171292808702122e-06,1.8224957721589473e-07,0.0,3.392795202180847e-16,3.1363557972948862e-15,6.015208832754219e-16,4.127526747941882e-17,4.554959431134598e-12,3.3726080931888266e-13,3.105611787496146e-14,3.5020413151201e-41,3.458148641946927e-61,5.651192861937921e-42,2.127366084754046e-42,47545399869765.92,-2.969152701481903e-14,-6.470426471239992e-25,0.047545399869766004,2.403785728323608e-12,2.16640750685948e-08,-1.3020275973386034e-19,5.356615618076814e-289,5.356615618935037e-289
-2.5620078039750407,11.961815992358964,0.040862044194538594,0.13634832047589862,0.0029309042460981963,1.2787519619035383e-12,5459.277118885169,35.327429487174356,0.0520891596393882,8.205213693924816e-16,3.0005468694403832e-15,8.240472391733744e-16,0.0001622211395263514,1.6083305569642197e-14,0.05206699877980111,2.6323870597050752e-12,0.0,0.0,0.040674176978162745,0.010998967323759802,0.00023163333831737598,5.445380605593598e-12,4.0065063478540727e-13,4.062731619711987e-14,1.2132789069497063e-05,3.239056634385417e-06,2.461610344616035e-07,0.0,4.2327604623335643e-16,3.760210987792179e-15,7.874240600950905e-16,4.5365491112312596e-17,5.445380605593598e-12,4.0065063478540727e-13,4.062731619711987e-14,3.5020413151201e-41,3.458148641946927e-61,7.091486529453443e-42,2.44056751633207e-42,52066970740758.9,-3.4833247397614286e-14,-7.605376432799566e-25,0.05206697074075902,2.6323859201206747e-12,2.8039042088146005e-08,1.139584400480632e-18,5.356615618076814e-289,5.356615618935037e-289
-2.561556765773778,11.955971036436967,0.04716206961159544,0.15590105234430607,0.0038955637619472365,1.4737227230861364e-12,6247.483536273722,35.31149905980895,0.06008513644329548,8.27480877728514e-16,3.0330639710248464e-15,8.283924037190493e-16,0.0001637562970332162,1.6222356846304252e-14,0.06007089399201462,3.037046203314769e-12,0.0,0.0,0.04697914784498114,0.012620050362606557,0.0003079394873472364,1.1508663877633936e-11,5.244448346148718e-13,6.194249449649366e-14,1.7078244894314044e-05,4.528038953101482e-06,3.9497988702877834e-07,0.0,6.011366725491798e-16,5.001717827320278e-15,1.2018382938901454e-15,5.265085152399313e-17,5.87305259993738e-12,5.244448346148718e-13,6.194249449649366e-14,3.5020413151201e-41,3.458148641946927e-61,1.0125127857178033e-41,3.02953908248819e-42,60070910902804.93,-4.646977247446671e-14,-1.0182237911358314e-24,0.06007091090280507,3.037046669311617e-12,-1.6910790448521063e-08,-4.659968481454163e-19,5.356615618076814e-289,5.356615618935037e-289
-2.5615175450606245,11.955462903978043,0.0477106113976437,0.15758255998259335,0.003985797760952192,1.4906539774773128e-12,6315.402964439924,35.31011414479215,0.060780676305893525,8.281219709950796e-16,3.0360114233781745e-15,8.288354494927744e-16,0.00016388720825227633,1.6233953285797312e-14,0.06076717916297217,3.072247155085404e-12,0.0,0.0,0.047528164934879165,0.012760048460436858,0.00031507855935739015,1.3440333797011398e-11,5.358911193433429e-13,6.408010804812069e-14,1.7553550675748195e-05,4.651797008620781e-06,4.1031513577096136e-07,0.0,6.184043407041517e-16,5.1179828214341135e-15,1.2434248264102237e-15,5.3287332725433784e-17,5.87305259993738e-12,5.358911193433429e-13,6.408010804812069e-14,3.5020413151201e-41,3.458148641946927e-61,1.0419216379488757e-41,3.082781260188891e-42,60767161703540.69,-4.6476711368370616e-14,-1.0174159975688851e-24,0.06076716170354082,3.0722475035190656e-12,1.7459431345123733e-08,-3.4843366141464943e-19,5.356615618076814e-289,5.356615618935037e-289
-2.5610272861462087,11.949112929491971,0.05457613188836216,0.17834740465525864,0.005198756974732774,1.7019864605384899e-12,7156.14517423584,35.29280728933036,0.06947704651505092,8.357312032943312e-16,3.07179042455908e-15,8.33455260593011e-16,0.00016559097880387253,1.638835173919477e-14,0.06947376128481347,3.5124321643080317e-12,0.0,0.0,0.05440025612476597,0.014496847349564853,0.0004110668316196583,1.7224438636045398e-10,6.877944251646804e-13,9.497479121734226e-14,2.4124408648169294e-05,6.360905779623433e-06,6.386494988876177e-07,0.0,8.620307677349994e-16,6.683250869320318e-15,1.8449290035905966e-15,6.128431827902559e-17,5.87305259993738e-12,6.877944251646804e-13,9.497479121734226e-14,3.5020413151201e-41,3.458148641946927e-61,1.2958873649534526e-41,6.092023225692508e-42,69473754457131.445,-5.910549827348177e-14,-1.2940852942479984e-24,0.06947375445713162,3.5124327466915786e-12,6.8276818504520165e-09,-5.823835469577208e-19,5.356615618076814e-289,5.356615618935037e-289
-2.5605370272317924,11.942766067374494,0.061458714473364956,0.19864341827393805,0.0065683553733699475,1.91271807738961e-12,7981.709757318208,35.275508916629185,0.07817819834341848,8.434819290111189e-16,3.1088402761110386e-15,8.385074934444433e-16,0.00016734212823754874,1.654784556688198e-14,0.0781867603275382,3.952942557963497e-12,0.0,0.0,0.06129061272255364,0.016209307669237873,0.0005194978074345832,1.9131870595076967e-09,8.553273682206963e-13,1.3423424433241389e-13,3.190016237567099e-05,8.378171621495945e-06,9.434359869799936e-07,0.0,1.1768958082203347e-15,8.455443307041542e-15,2.6103576559423915e-15,6.935784374138261e-17,5.87305259993738e-12,8.553273682206963e-13,1.3423424433241389e-13,3.5020413151201e-41,3.458148641946927e-61,1.2958873649534526e-41,3.222859811356305e-39,78186753698008.03,-7.455147610357926e-14,-1.638205353767129e-24,0.07818675369800825,3.952941887081246e-12,6.629529952784097e-09,6.708822508717189e-19,5.356615618076814e-289,5.356615618935037e-289
-2.560301702952873,11.939720678623479,0.06476842068374591,0.20821934914080903,0.0072810215228470065,2.0136337146025658e-12,8372.595068548284,35.26720870958829,0.08235642533004878,8.472176232427907e-16,3.1270116525364134e-15,8.410526286128877e-16,0.0001681803927607561,1.6623408308137294e-14,0.08237125659734164,4.1645005746002894e-12,0.0,0.0,0.06460449193928819,0.017022646153302477,0.0005759381119084528,5.235915588907847e-09,9.409976595968234e-13,1.563118430944441e-13,3.6076491457779364e-05,9.45899658639822e-06,1.1206234189492018e-06,0.0,1.373117838936223e-15,9.379415758273333e-15,3.041249033824885e-15,7.326079076892999e-17,5.87305259993738e-12,9.409976595968234e-13,1.563118430944441e-13,3.5020413151201e-41,3.458148641946927e-61,1.2958873649534526e-41,5.726466400891827e-38,82371270297805.89,-8.175404797583496e-14,-1.8005718607233386e-24,0.0823712702978061,4.164501392524034e-12,-1.3700464457366834e-08,-8.179237449856654e-19,5.356615618076814e-289,5.356615618935037e-289
-2.5600467683173767,11.936422316100135,0.06835844394571626,0.2184715222894956,0.008093229805746326,2.122759166612874e-12,8792.055464003231,35.258219022530916,0.08688407409579428,8.513612137741746e-16,3.1465672381562935e-15,8.436144136006107e-16,0.00016911274944657038,1.6708118111784976e-14,0.08690615900025803,4.393775049810289e-12,0.0,0.0,0.06819936472504054,0.01789740487471357,0.0006402766509664499,1.4173425906518232e-08,1.0374810648664702e-12,1.8274577025100933e-13,4.0934952750143595e-05,1.0713920863504012e-05,1.3374559586968712e-06,0.0,1.6453903994287963e-15,1.0433935174551599e-14,3.557544137513088e-15,7.750951036480906e-17,5.87305259993738e-12,1.0374810648664702e-12,1.8274577025100933e-13,3.5020413151201e-41,3.458148641946927e-61,1.2958873649534526e-41,9.522404425268019e-37,86906164126037.89,-9.088563235337688e-14,-2.000904665326025e-24,0.0869061641260381,4.3937751623025235e-12,-5.125780078163444e-09,-1.124922343414865e-19,5.356615618076814e-289,5.356615618935037e-289
-2.559595730116114,11.930588811113601,0.07472146903772879,0.23630046244530106,0.009631980823350542,2.3151803678178444e-12,9523.56485644421,35.24231980469012,0.09489760778183422,8.587021757054021e-16,3.181907626026391e-15,8.483672737200052e-16,0.0001707820731897668,1.6859750732560632e-14,0.09493366852078422,4.799628520662364e-12,0.0,0.0,0.0745718055407023,0.019428871197533514,0.0007622097092491257,6.7264349655816e-08,1.1582435844148376e-12,2.176004120639952e-13,5.040376732308577e-05,1.315199327184433e-05,1.7901707811577722e-06,8.311345246349907e-25,2.4131215368104576e-15,1.2435686649897813e-14,4.6042816022492575e-15,8.507941743547463e-17,5.87305259993738e-12,1.1565211645249639e-12,2.176004120639952e-13,3.5020413151201e-41,3.458148641946927e-61,1.2958873649534526e-41,1.8715729421787001e-35,94933688123457.23,-1.0950962359146388e-13,-2.409648210200861e-24,0.0949336881234574,4.799628255801108e-12,-1.9602673179131003e-08,2.648612562764147e-19,5.356615618076814e-289,5.356615618935037e-289
-2.5595565094029604,11.930081674144136,0.07527548558362931,0.23783215338327288,0.009771908174620687,2.3318638116735326e-12,9586.500212350662,35.24093760287984,0.09559464108882781,8.593916528752996e-16,3.185108483642299e-15,8.488497989153742e-16,0.0001709253935274789,1.6872536362735737e-14,0.0956319825078905,4.834933162007546e-12,0.0,0.0,0.0751266902995894,0.019561066392945095,0.0007733004217189887,7.618833681332331e-08,1.1589538861032713e-12,2.176004120639952e-13,5.128090429684551e-05,1.3377323743981316e-05,1.8339870981147483e-06,1.289484577400818e-24,2.5069171432335758e-15,1.2617947098255153e-14,4.7036872345641025e-15,8.574092127916975e-17,5.87305259993738e-12,1.1565211645249639e-12,2.176004120639952e-13,3.5020413151201e-41,3.458148641946927e-61,1.2958873649534526e-41,1.8715729421787001e-35,95631990444544.56,-1.0953737916707951e-13,-2.4104560037678072e-24,0.0956319904445447,4.834932810144594e-12,-7.936654208839933e-09,3.518629514975929e-19,5.356615618076814e-289,5.356615618935037e-289
-2.5590662504885446,11.923744139982508,0.0822100427373503,0.2567261938569992,0.01160300400483173,2.5394605774824976e-12,10363.05332744384,35.22366465352233,0.10430995341103419,8.675737555854922e-16,3.2244165516369513e-15,8.541683103913497e-16,0.00017276767816345464,1.7039061542322587e-14,0.10436421503511592,5.276413844175068e-12,0.0,0.0,0.0820727130956422,0.021200260797916225,0.0009184734632630208,3.1918652784769087e-07,1.1954458525572904e-12,2.1760041206401007e-13,6.298954481978646e-05,1.6376757388129197e-05,2.4468315202227426e-06,7.737221512079674e-23,4.3233205624566e-15,1.5006315978010462e-14,6.06520843756647e-15,9.405356730374788e-17,5.87305259993738e-12,1.1565211645249639e-12,2.176004120639952e-13,3.5020413151201e-41,3.458148641946927e-61,1.2958873649534526e-41,1.8715729421787001e-35,104364237360246.88,-1.310340724813841e-13,-2.8789762725966705e-24,0.10436423736024708,5.276415068568316e-12,-2.2325131160405576e-08,-1.2243932483797645e-18,5.356615618076814e-289,5.356615618935037e-289
-2.5585759915741284,11.917409712091994,0.08916259545916544,0.2751542100077425,0.013585026870888445,2.744436953919964e-12,11117.588558236826,35.20640017030672,0.11303030049202223,8.759319917241491e-16,3.264102396900869e-15,8.593223609278822e-16,0.00017465414504387966,1.7209788702164224e-14,0.11310288332814077,5.7182208644587766e-12,0.0,0.0,0.08903761342186174,0.022814923224143864,0.0010756925369370402,1.0960125316054526e-06,1.455969100021555e-12,2.1760041206454995e-13,7.611397522786012e-05,1.97203141288946e-05,3.1904157687114886e-06,2.0774449727672317e-21,8.198092705587417e-15,1.7597072151923464e-14,7.657440699945819e-15,1.024492752190344e-16,5.87305259993738e-12,1.1565211645249639e-12,2.176004120639952e-13,3.5020413151201e-41,3.458148641946927e-61,1.2958873649534526e-41,1.8715729421787001e-35,113102909583325.03,-1.5423773369604987e-13,-3.38788621977285e-24,0.11310290958332526,5.718222175709524e-12,-2.625518449872466e-08,-1.3112507476024813e-18,5.356615618076814e-289,5.356615618935037e-289
-2.558340667295209,11.91437028960497,0.09250645363283123,0.2838342885945529,0.014589553875241202,2.8413767869281867e-12,11469.990237061702,35.19811622431834,0.1172180375548077,8.799836587832417e-16,3.283950683253006e-15,8.62141444284529e-16,0.00017558325426084446,1.729455915017047e-14,0.1172997359256162,5.9304052306973766e-12,0.0,0.0,0.09238752061775118,0.023581226952377205,0.001155405101060416,1.8663198727181661e-06,1.8662352476075493e-12,2.176004120665909e-13,8.293330479266459e-05,2.1449917154357903e-05,3.598216390554938e-06,8.39694579138985e-21,1.1302533110712063e-14,1.89115949223974e-14,8.507765241885833e-15,1.0650919810691905e-16,5.87305259993738e-12,1.1565211645249639e-12,2.176004120639952e-13,3.5020413151201e-41,3.458148641946927e-61,1.2958873649534526e-41,1.8715729421787001e-35,117299755903501.73,-1.665473314815813e-13,-3.654458096865134e-24,0.11729975590350193,5.930405043369519e-12,-1.997788573460113e-08,1.8732785727963705e-19,5.356615618076814e-289,5.356615618935037e-289
-2.5580857326597126,11.911078388950097,0.0961340200883266,0.29311695511262814,0.015716502775142426,2.944913581644028e-12,11843.011331860562,35.18914414908349,0.12175638540381972,8.844535324385033e-16,3.3051965941719133e-15,8.649271774314009e-16,0.00017659328143531083,1.7386070613494652e-14,0.12184799212413108,6.160354464683047e-12,0.0,0.0,0.09602153700891654,0.024405005296503985,0.0012448565371004244,3.195199838273506e-06,2.842122139051268e-12,2.1760041207621889e-13,9.07121204282467e-05,2.3416518732528632e-05,4.080002438360998e-06,3.391528827215145e-20,1.599249724258944e-14,2.038679405770588e-14,9.494083066342887e-15,1.1092962471842789e-16,5.87305259993738e-12,1.1565211645249639e-12,2.176004120639952e-13,3.5020413151201e-41,3.458148641946927e-61,1.2958873649534526e-41,1.8715729421787001e-35,121848011827359.34,-1.7483237080284653e-13,-3.841058410829733e-24,0.12184801182735953,6.1603543698759624e-12,-1.9703228451573018e-08,9.480708457232792e-20,5.356615618076814e-289,5.356615618935037e-289
-2.55763469445845,11.905256312465339,0.10256572066703698,0.30923268627837086,0.017808278924489614,3.1230229565147394e-12,12475.801287242568,35.17327607962428,0.1297906609928804,8.923787677314857e-16,3.3435389359053588e-15,8.700603044401561e-16,0.00017839433567436516,1.754871291706531e-14,0.12989917537221776,6.567402711059743e-12,0.0,0.0,0.10246366229510614,0.02584616050146067,0.0014109582397760407,7.559873899802511e-06,7.800257137861819e-12,2.1760041220675373e-13,0.00010550150196894195,2.7136940613932462e-05,5.041482797095e-06,3.062426674336458e-19,2.8956621506361295e-14,2.3124222477809088e-14,1.140939954802967e-14,1.1880785120955584e-16,5.87305259993738e-12,1.1565211645249639e-12,2.176004120639952e-13,3.5020413151201e-41,3.458148641946927e-61,1.2958873649534526e-41,1.8715729421787001e-35,129899188941314.14,-2.0050627824730327e-13,-4.4073217012591006e-24,0.12989918894131416,6.567403310377912e-12,-1.3569096402044067e-08,-5.99318169261481e-19,5.356615618076814e-289,5.356615618935037e-289
-2.5575954737452964,11.90475016903505,0.1031258610319814,0.31061547910479526,0.017996044782039918,3.1381346119586623e-12,12528.924204151643,35.17189658570503,0.1304896164532084,8.93124048738726e-16,3.347050995993024e-15,8.70599105267303e-16,0.00017855575991642314,1.7563460943843493e-14,0.1305995240683637,6.602811346491523e-12,0.0,0.0,0.10302460560820824,0.025970490285018643,0.001425872415019823,8.106560151327695e-06,8.57548164275249e-12,2.1760041223794857e-13,0.00010685113637814833,2.7475249896495556e-05,5.132037707958939e-06,3.6526550185857664e-19,3.043489766303327e-14,2.3369789985424213e-14,1.1586405080083841e-14,1.1949641649639225e-16,5.87305259993738e-12,1.1565211645249639e-12,2.176004120639952e-13,3.5020413151201e-41,3.458148641946927e-61,1.2958873649534526e-41,1.8715729421787001e-35,130599548809396.2,-2.0056178939853453e-13,-4.408129494826047e-24,0.1305995488093962,6.60281188955061e-12,-2.4741032500497084e-08,-5.430590866000915e-19,5.356615618076814e-289,5.356615618935037e-289
-2.5571052148308806,11.898425050825855,0.11014058927558511,0.32765046329881514,0.020422086757015786,3.320590320729706e-12,13162.228299799697,35.15465747602587,0.1392322711292309,9.01970167260245e-16,3.3898286006711806e-15,8.764136116167406e-16,0.00018056563368977182,1.7745474798244173e-14,0.13935750445843295,7.045595045010767e-12,0.0,0.0,0.11004698359528729,0.027511320585343953,0.0016186346438864635,1.8218257392594e-05,2.7549361874117807e-11,2.1760041374503638e-13,0.00012461257709488112,3.190876638027567e-05,6.364636971241328e-06,2.7430522890366435e-18,5.499563746729919e-14,2.6537273166121894e-14,1.3942288524046104e-14,1.2815146575724686e-16,5.87305259993738e-12,1.1565211645249639e-12,2.176004120639952e-13,3.5020413151201e-41,3.458148641946927e-61,1.2958873649534526e-41,1.8715729421787001e-35,139357525249886.77,-2.254862963013693e-13,-4.952582358947864e-24,0.1393575252498867,7.045594973388602e-12,-2.0791453753110645e-08,7.162216519887555e-20,5.356615618076814e-289,5.356615618935037e-289
-2.5566149559164644,11.892103032802233,0.11718143275553945,0.34422296096307775,0.02299317266878624,3.4884592133098912e-12,13728.959489469724,35.13742681590248,0.14798743062138026,9.109956703589037e-16,3.4334877134395256e-15,8.823259987848439e-16,0.00018261048256131658,1.7930040531143763e-14,0.14812191742062045,7.48870249861477e-12,0.0,0.0,0.11708877838452893,0.02902747992985921,0.0018230486234198605,3.6751720250245805e-05,7.88481026619558e-11,2.1760042351681507e-13,0.00014409734923982208,3.673261671797682e-05,7.798149785916908e-06,1.497764864706772e-17,9.344499615116184e-14,2.9876813761217806e-14,1.656533404487105e-14,1.3689648972325377e-16,5.87305259993738e-12,1.1565211645249639e-12,2.176004120639952e-13,3.5020413151201e-41,3.458148641946927e-61,1.2958873649534526e-41,1.8715729421787001e-35,148121945872753.6,-2.511324481702104e-13,-5.526923585046695e-24,0.14812194587275362,7.488703860220566e-12,-2.8452133177259142e-08,-1.3616057955222374e-18,5.356615618076814e-289,5.356615618935037e-289
-2.556379631637545,11.889069564890608,0.12057139563881926,0.3520136744491662,0.024278307165357445,3.5628162827992924e-12,13973.669920891767,35.12915909910935,0.15219536580565196,9.154016747103809e-16,3.45456758125518e-15,8.850683169911464e-16,0.00018361774801256637,1.80214111396122e-14,0.15233114059882805,7.701511517528106e-12,0.0,0.0,0.12047579628966466,0.029746453829464062,0.0019252727314221243,4.9696915636189814e-05,1.2383013730422183e-10,2.1760043772000094e-13,0.0001540975664816813,3.9192246884360544e-05,8.564271216770369e-06,3.052845118806151e-17,1.178589099849477e-13,3.1536319892496457e-14,1.791912635552727e-14,1.41126691076459e-16,5.87305259993738e-12,1.1565211645249639e-12,2.176004120639952e-13,3.5020413151201e-41,3.458148641946927e-61,1.2958873649534526e-41,1.8715729421787001e-35,152331158133266.66,-2.6462165791940606e-13,-5.824191617682939e-24,0.15233115813326678,7.701511921295268e-12,-1.7534438734312374e-08,-4.0376716168623157e-19,5.356615618076814e-289,5.356615618935037e-289
-2.5561246970020486,11.88578411344467,0.12425200444348009,0.36033382544336356,0.02570767681559873,3.638326491046196e-12,14217.132506780701,35.12020460119345,0.15675851858094542,9.202282386849137e-16,3.4776233858303286e-15,8.880833960659734e-16,0.0001847059587196678,1.8119381971338563e-14,0.1568927897994878,7.932137489323105e-12,0.0,0.0,0.12415014805012464,0.030518926664172625,0.002039009126190327,6.728548657093593e-05,1.9414506879322482e-10,2.176004689101356e-13,0.00016542909321554567,4.196615366267491e-05,9.45569359750048e-06,6.160730342065938e-17,1.4915143663260386e-13,3.3372369833192474e-14,1.9454351282153717e-14,1.4573357343711486e-16,5.87305259993738e-12,1.1565211645249639e-12,2.176004120639952e-13,3.5020413151201e-41,3.458148641946927e-61,1.2958873649534526e-41,1.8715729421787001e-35,156892815405329.22,-2.8052560274716143e-13,-6.1650805029342844e-24,0.15689281540532926,7.932138789049517e-12,-2.5605841474929392e-08,-1.29972641237843e-18,5.356615618076814e-289,5.356615618935037e-289
-2.555673658800786,11.879973443071949,0.13078589967066379,0.3747490227583488,0.028330314489588056,3.75832793324524e-12,14590.574659723292,35.10436761909259,0.16484455638678416,9.28855052015781e-16,3.51951110488711e-15,8.937281181594557e-16,0.00018668325717472744,1.8298511277422108e-14,0.1649677370336446,8.340387324925728e-12,0.0,0.0,0.13066403382804026,0.03186921515746311,0.0022478047906596826,0.000108677354987182,3.91040147307182e-10,2.1760060513536312e-13,0.00018681151236381543,4.716260787643057e-05,1.1201015383490637e-05,1.8137839963409588e-16,2.1759279034832914e-13,3.6709872782398355e-14,2.234220910575947e-14,1.5394656100158646e-16,5.87305259993738e-12,1.1565211645249639e-12,2.176004120639952e-13,3.5020413151201e-41,3.458148641946927e-61,1.2958873649534526e-41,1.8715729421787001e-35,164967715119118.78,-3.0683788843077764e-13,-6.74507628400174e-24,0.16496771511911879,8.340387089470157e-12,2.1914525805133422e-08,2.354555719582842e-19,5.356615618076814e-289,5.356615618935037e-289
-2.5556344380876324,11.879468291234385,0.13135539721909528,0.3759840964457975,0.028563980429435268,3.767923906077457e-12,14619.554499369558,35.102990827759314,0.16554845437472698,9.296614837636111e-16,3.5233542474203708e-15,8.943182735450305e-16,0.00018686169134625468,1.8314933749862306e-14,0.16567012634952602,8.375900259844334e-12,0.0,0.0,0.13123121195552395,0.031985638088715185,0.0022664146136295573,0.00011294004252912798,4.133270893156076e-10,2.176006245622332e-13,0.00018875477895798594,4.763243294472704e-05,1.136352731279657e-05,1.9742466175751567e-16,2.2435228648610478e-13,3.7005058627081965e-14,2.2603507787325598e-14,1.5466456745972697e-16,5.87305259993738e-12,1.1565211645249639e-12,2.176004120639952e-13,3.5020413151201e-41,3.458148641946927e-61,1.2958873649534526e-41,1.8715729421787001e-35,165670138578422.25,-3.1105673592435323e-13,-6.835549163499727e-24,0.1656701385784222,8.37589999905422e-12,-1.2228896173471782e-08,2.6079011402391166e-19,5.356615618076814e-289,5.356615618935037e-289
-2.5551441791732166,11.873155564653352,0.13849338480932033,0.3911750874328218,0.03156056056951212,3.876604717787621e-12,14935.500306526037,35.08578549146271,0.17435887495972924,9.392794974915874e-16,3.5699728779292245e-15,9.006400604224334e-16,0.00018904680909771694,1.851210941410969e-14,0.1744539096518783,8.819987499659443e-12,0.0,0.0,0.13833206484530822,0.03342762363275044,0.002505174364375511,0.00017556207913563938,7.725077663814816e-10,2.1760103190885e-13,0.00021424211512367943,5.375745770498247e-05,1.3551161736894246e-05,5.098000524448124e-16,3.1969798864409574e-13,4.0754548279466104e-14,2.6003196733212437e-14,1.6369156706100716e-16,5.87305259993738e-12,1.1565211645249639e-12,2.176004120639952e-13,3.5020413151201e-41,3.458148641946927e-61,1.2958873649534526e-41,1.8715729421787001e-35,174453920126255.28,-3.4641733925866447e-13,-7.60456863923262e-24,0.17445392012625555,8.819987729586077e-12,-1.0474377254432454e-08,-2.299266337360815e-19,5.356615618076814e-289,5.356615618935037e-289
-2.5546539202588003,11.866845932184274,0.14566606884312663,0.4059078761506811,0.03469564496664057,3.965355987075774e-12,15170.542888173655,35.06858858816824,0.18318968721817627,9.491098138362325e-16,3.617663036587782e-15,9.071243478447715e-16,0.00019128661311930146,1.8714550439486128e-14,0.18324416509721786,9.2644027569132e-12,0.0,0.0,0.14545284123519284,0.03484485617964192,0.002755181068880352,0.0002553020664824665,1.2905630211040332e-09,2.1760187622790133e-13,0.00024207445854891198,6.036896094155754e-05,1.6051203310542293e-05,1.097031245837862e-15,4.3424569216703377e-13,4.460069120356637e-14,2.9641404904328653e-14,1.7281668733667325e-16,5.87305259993738e-12,1.1565211645249639e-12,2.176004120639952e-13,3.5020413151201e-41,3.458148641946927e-61,1.2958873649534526e-41,1.8715729421787001e-35,183244164786533.2,-3.8347103270552907e-13,-8.418824554714506e-24,0.18324416478653352,9.264402220172483e-12,3.1068433936631834e-10,5.367407167665128e-19,5.356615618076814e-289,5.356615618935037e-289
-2.554418595979881,11.86381840718236,0.14912088930285752,0.4128172481513537,0.03624919510643934,4.0014984828808564e-12,15257.492420796209,35.06033706877552,0.18743528180529692,9.539091325980413e-16,3.6406723550523634e-15,9.101185516510517e-16,0.0001923828877522048,1.881362392079863e-14,0.18746579370613897,9.477838020053713e-12,0.0,0.0,0.1488779238835109,0.03551633589711218,0.0028791510373618033,0.0002992887722836787,1.5950914258968267e-09,2.1760248665299123e-13,0.00025632335293741164,6.372355079734439e-05,1.7372476544720466e-05,1.499622362784236e-15,4.954492119169113e-13,4.6475639799143206e-14,3.1468668769335365e-14,1.7723214040058044e-16,5.87305259993738e-12,1.1565211645249639e-12,2.176004120639952e-13,3.5020413151201e-41,3.458148641946927e-61,1.2958873649534526e-41,1.8715729421787001e-35,187465779313013.06,-4.0190073491430667e-13,-8.819490163919879e-24,0.18746577931301334,9.477837311201948e-12,1.439312563578099e-08,7.088517651521793e-19,5.356615618076814e-289,5.356615618935037e-289
-2.5541636613443846,11.86053939231062,0.15287192147877163,0.4201838446282677,0.03796760476521887,4.0364031185584395e-12,15334.832092735736,35.051400113742595,0.1920392152281431,9.591529854758209e-16,3.666371597976766e-15,9.1372405848432e-16,0.00019356779195420866,1.8920078473066542e-14,0.19204087675314782,9.709142958689155e-12,0.0,0.0,0.15259362313251543,0.03623734434773421,0.003016341480528365,0.0003507429951338511,1.962563827844077e-09,2.1760331711522656e-13,0.0002724446488781419,6.74950423891356e-05,1.8898999281324904e-05,2.0313695611732178e-15,5.658458227096207e-13,4.8524958806903355e-14,3.350520060995434e-14,1.8204193564549265e-16,5.87305259993738e-12,1.1565211645249639e-12,2.176004120639952e-13,3.5020413151201e-41,3.458148641946927e-61,1.2958873649534526e-41,1.8715729421787001e-35,192040877300379.53,-4.1561198926842735e-13,-9.113527022288338e-24,0.19204087730037986,9.709143710513714e-12,-5.472320374622086e-10,-7.518245589158492e-19,5.356615618076814e-289,5.356615618935037e-289
-2.553712623143122,11.85474010570406,0.15952844223379856,0.43291533764465867,0.0410970793643459,4.088614615995103e-12,15434.151442047707,35.035594158096416,0.20019498142116832,9.687130914728991e-16,3.71207833525712e-15,9.198842752747872e-16,0.00019572397383598347,1.911481048408282e-14,0.2001395763933166,1.0118595217925863e-11,0.0,0.0,0.1591809285161579,0.0374965591987066,0.0032663647041701596,0.0004503093261870874,2.6951282464769747e-09,2.1760522766744979e-13,0.00030279560854678725,7.452897206808781e-05,2.185843878151127e-05,3.2150954875262333e-15,6.995800643049772e-13,5.219050505229385e-14,3.7248285982435335e-14,1.906196723127472e-16,5.87305259993738e-12,1.1565211645249639e-12,2.176004120639952e-13,3.5020413151201e-41,3.458148641946927e-61,1.2958873649534526e-41,1.8715729421787001e-35,200139569300019.03,-4.4594883341630975e-13,-9.78399568285378e-24,0.20013956930001933,1.0118594894017196e-11,7.093297255122977e-09,3.239086670396989e-19,5.356615618076814e-289,5.356615618935037e-289
-2.5536734024299683,11.854235943516574,0.16010842104694498,0.4340042694285434,0.041374599573202935,4.092640109491125e-12,15440.779590467951,35.03422006405442,0.20090474751338833,9.694315376647076e-16,3.7156535874873326e-15,9.201760303842822e-16,0.00019590612318040395,1.9130963283453835e-14,0.20084407156300776,1.0154211900934674e-11,0.0,0.0,0.15975454657818933,0.03760507090746032,0.0032885479537261278,0.00045942369853221637,2.7630673661695447e-09,2.1760541973268383e-13,0.00030554922977678637,7.516295986012439e-05,2.2132198164556193e-05,3.3321059567602855e-15,7.117038339249151e-13,5.251138019689109e-14,3.758198873665292e-14,1.9136968110450045e-16,5.87305259993738e-12,1.1565211645249639e-12,2.176004120639952e-13,3.5020413151201e-41,3.458148641946927e-61,1.2958873649534526e-41,1.8715729421787001e-35,200844062412404.1,-4.515832152662824e-13,-9.911627066431298e-24,0.20084406241240443,1.0154212440486302e-11,9.15060333062101e-09,-5.395516283531586e-19,5.356615618076814e-289,5.356615618935037e-289
-2.5531831435155525,11.847935584287093,0.1673725922072886,0.4473705841691073,0.04491481686086715,4.137090237812811e-12,15500.951009940114,35.01704843497447,0.2097831357249866,9.799516951868488e-16,3.766701773712743e-15,9.271283227520028e-16,0.00019831158923415486,1.9348640669740456e-14,0.2096537542986131,1.0599609827242413e-11,0.0,0.0,0.16693571426600373,0.0389480315165677,0.003571696926326884,0.0005784619321746638,3.6554599583323554e-09,2.176081352606443e-13,0.00034158399088973237,8.33982486035683e-05,2.579033226550385e-05,4.964373239270797e-15,8.6889818403947e-13,5.6546922557402844e-14,4.1860350021396e-14,2.008020251138008e-16,5.87305259993738e-12,1.1565211645249639e-12,2.176004120639952e-13,3.5020413151201e-41,3.458148641946927e-61,1.2958873649534526e-41,1.8715729421787001e-35,209653724870641.03,-4.806155473602303e-13,-1.0567555442791707e-23,0.20965372487064152,1.0599608650139901e-11,2.94279715873369e-08,1.1771025120418439e-18,5.356615618076814e-289,5.356615618935037e-289
-2.5526928846011363,11.841638313107847,0.17466150494991622,0.46028444926714185,0.04858657985250296,4.172542492154857e-12,15526.69907636062,34.99988522237543,0.21867131618455948,9.908220025492348e-16,3.818726565060626e-15,9.341797343334222e-16,0.00020075262120431434,1.9568344597185288e-14,0.21846989224768826,1.1045333080611971e-11,0.0,0.0,0.17413719432432806,0.04026624821118355,0.0038656970904593496,0.000705051737599607,4.601569847663557e-09,2.1761133231184424e-13,0.0003807411120113378,9.222419803767207e-05,2.9914470742513084e-05,6.8579522044554285e-15,1.034736407946573e-12,6.062142560257343e-14,4.6330456742579714e-14,2.103412989977783e-16,5.87305259993738e-12,1.1565211645249639e-12,2.176004120639952e-13,3.5020413151201e-41,3.458148641946927e-61,1.2958873649534526e-41,1.8715729421787001e-35,218469869426616.16,-5.130063041036692e-13,-1.1284876130240036e-23,0.2184698694266165,1.1045332579700678e-11,2.2821071754552946e-08,5.009112932141375e-19,5.356615618076814e-289,5.356615618935037e-289
-2.552457560322217,11.8386167193728,0.1781682127695349,0.46632286307120613,0.05039520296001942,4.187077070498148e-12,15529.693896991022,34.99164986865056,0.22294031295305422,9.960148148229419e-16,3.8442904335960366e-15,9.3774407748321e-16,0.00020193535949160647,1.967462384151189e-14,0.22270392951813298,1.125939607860627e-11,0.0,0.0,0.1776011503978814,0.04089020313023354,0.004010640629990512,0.0007677631207047669,5.064720621062498e-09,2.17612989937324e-13,0.00040070074905126734,9.667666616527203e-05,3.2071975469744576e-05,7.835522075413442e-15,1.1167210206662627e-12,6.258870214404804e-14,4.854176129114215e-14,2.1495882678128052e-16,5.87305259993738e-12,1.1565211645249639e-12,2.176004120639952e-13,3.5020413151201e-41,3.458148641946927e-61,1.2958873649534526e-41,1.8715729421787001e-35,222703922650667.56,-5.359046539865631e-13,-1.1793786077416215e-23,0.22270392265066788,1.12593965425828e-11,6.867465096593861e-09,-4.639765301811926e-19,5.356615618076814e-289,5.356615618935037e-289
-2.5522026256867205,11.835344128465279,0.18197267108549267,0.47274740508116003,0.05238792437719189,4.201365364176603e-12,15527.511077427107,34.982730422132114,0.22756661217777244,1.0017638340341986e-15,3.871927769408733e-15,9.414051751697961e-16,0.0002032515026576348,1.9793738642101663e-14,0.22729252030166974,1.1491385428739066e-11,0.0,0.0,0.18135912467108897,0.041559708388435625,0.004170435738930746,0.0008367541397906281,5.568077294926046e-09,2.1761484740285224e-13,0.00042320772538714904,0.00010166163084455707,3.454697252794471e-05,8.930797161639259e-15,1.2069349363775682e-12,6.472726564730512e-14,5.0984160181486586e-14,2.199898363847401e-16,5.87305259993738e-12,1.1565211645249639e-12,2.176004120639952e-13,3.5020413151201e-41,3.458148641946927e-61,1.2958873649534526e-41,1.8715729421787001e-35,227292500835283.53,-5.56776846849516e-13,-1.2238072539236689e-23,0.22729250083528402,1.1491384469568167e-11,1.9466385725586122e-08,9.59170898685402e-19,5.356615618076814e-289,5.356615618935037e-289
-2.551751587485458,11.829556203322783,0.18871680767126164,0.4838166063310394,0.055998070599368545,4.223665011917738e-12,15512.70710217271,34.96695543215624,0.23575465616045452,1.011985313934251e-15,3.921758084986448e-15,9.480979278398306e-16,0.000205595035741965,2.0004767586078195e-14,0.2354150550892862,1.1902041975108843e-11,0.0,0.0,0.18802142285377502,0.04272784166550165,0.0044601955336630444,0.0009607410372921331,6.453017179321315e-09,2.176182287227646e-13,0.00046535621980578316,0.00011089993979137037,3.929522340419352e-05,1.0930261099774223e-14,1.3693965106979705e-12,6.85275295989176e-14,5.542203647073692e-14,2.289648999991474e-16,5.87305259993738e-12,1.1565211645249639e-12,2.176004120639952e-13,3.5020413151201e-41,3.458148641946927e-61,1.2958873649534526e-41,1.8715729421787001e-35,235415055010082.84,-6.045441924840134e-13,-1.3293050937668578e-23,0.23541505501008345,1.1902042069596767e-11,7.920275546524636e-11,-9.44879237184403e-20,5.356615618076814e-289,5.356615618935037e-289
-2.5517123667723043,11.829053028846541,0.18930402474197558,0.48476124136470605,0.05631708325506591,4.2254547949579055e-12,15510.878506962781,34.96558403012124,0.2364668201005154,1.0129358064729773e-15,3.926242809919742e-15,9.487563793435501e-16,0.00020579629004076778,2.002259532099447e-14,0.23612162825997726,1.193776391448208e-11,0.0,0.0,0.1886015829302995,0.042828432197775664,0.004485816841256783,0.0009716073158222377,6.529243625097289e-09,2.1761852585011778e-13,0.00046916550414649816,0.00011172888860501894,3.973132133761394e-05,1.1106542834632876e-14,1.383666315115617e-12,6.885891024315049e-14,5.5814877000541667e-14,2.297498524215805e-16,5.87305259993738e-12,1.1565211645249639e-12,2.176004120639952e-13,3.5020413151201e-41,3.458148641946927e-61,1.2958873649534526e-41,1.8715729421787001e-35,236121623855094.12,-6.045441924840134e-13,-1.329466652480247e-23,0.23612162385509466,1.1937764560318653e-11,4.404882597563997e-09,-6.458365725544571e-19,5.356615618076814e-289,5.356615618935037e-289
-2.5512221078578885,11.822765012739556,0.1966540226068751,0.4963277590188993,0.06037204964575387,4.246271935109294e-12,15482.500900977426,34.948446042221654,0.24537022194717037,1.0243608486481139e-15,3.981196714365832e-15,9.55961358393859e-16,0.00020840361100927555,2.0257294312848482e-14,0.24495724316499107,1.2384472347763189e-11,0.0,0.0,0.1958646937178828,0.04407241936671744,0.00481172646872913,0.0011081197782968877,7.467033562185798e-09,2.1762224312771256e-13,0.0005187908893048599,0.0001224419391597146,4.5512023229331714e-05,1.3323239440262266e-14,1.563528020924142e-12,7.301246797814605e-14,6.081737708604438e-14,2.39623938170564e-16,5.87305259993738e-12,1.1565211645249639e-12,2.176004120639952e-13,3.5020413151201e-41,3.458148641946927e-61,1.2958873649534526e-41,1.8715729421787001e-35,244957243247933.12,-6.524503159965889e-13,-1.4364185207439393e-23,0.24495724324793375,1.238447309270207e-11,-8.294268050157427e-11,-7.44938881314759e-19,5.356615618076814e-289,5.356615618935037e-289
-2.5507318489434723,11.816480078632967,0.20402149593388488,0.5074489215290893,0.06455086898703633,4.264904565423475e-12,15446.568792100516,34.93131645431415,0.25427549536834504,1.036036141803447e-15,4.038082183869522e-15,9.63689484867287e-16,0.00021108432462449246,2.0499341211254517e-14,0.2537993698059419,1.2831510973064783e-11,0.0,0.0,0.2031485453203125,0.04529168437058933,0.005148055789715434,0.0012452062575216713,8.369935945135023e-09,2.1762591008167078e-13,0.0005722556439497386,0.00013381454186813972,5.193455411438647e-05,1.553533830105495e-14,1.7454766631452694e-12,7.718529029780929e-14,6.598754485044834e-14,2.4961441532264117e-16,5.87305259993738e-12,1.1565211645249639e-12,2.176004120639952e-13,3.5020413151201e-41,3.458148641946927e-61,1.2958873649534526e-41,1.8715729421787001e-35,253799363779186.28,-7.00162150479855e-13,-1.5415932431603496e-23,0.25379936377918666,1.2831510307645311e-11,6.0267552615123066e-09,6.654194725582362e-19,5.356615618076814e-289,5.356615618935037e-289
-2.550496524664553,11.81346440454476,0.20756382001315385,0.5126295500520813,0.06660023252938023,4.273314555448989e-12,15427.56035840888,34.92309723458674,0.25855040015348346,1.0416869247452943e-15,4.065934988255707e-15,9.67556081255062e-16,0.00021237318817891277,2.0614883475384098e-14,0.25804588844571913,1.3046204381514328e-11,0.0,0.0,0.20665217378581427,0.04586816943807604,0.005313172032923868,0.0013109780912153655,8.788866625327644e-09,2.1762763442206498e-13,0.0005993318638760923,0.0001395111810211182,5.525893871672527e-05,1.6585973762886894e-14,1.8333218279306475e-12,7.919455165180912e-14,6.852780511207786e-14,2.5445193999520074e-16,5.87305259993738e-12,1.1565211645249639e-12,2.176004120639952e-13,3.5020413151201e-41,3.458148641946927e-61,1.2958873649534526e-41,1.8715729421787001e-35,258045892238691.84,-7.260303469536211e-13,-1.5991081451269273e-23,0.25804589223869207,1.3046204989651133e-11,-3.79297293573444e-09,-6.081368047798071e-19,5.356615618076814e-289,5.356615618935037e-289
-2.5502415900290565,11.810198225016173,0.21140558563996772,0.5181269049126295,0.06885175748279562,4.282146534597242e-12,15406.099897879407,34.914195262281574,0.26318167141982723,1.0479371080403482e-15,4.096037914695569e-15,9.715308409795403e-16,0.00021380331374265966,2.0743772806076502e-14,0.2626479906350209,1.327887645541063e-11,0.0,0.0,0.21045320702191297,0.04648626991042243,0.0054947103881971444,0.0013821061444579108,9.231407403931248e-09,2.1762946915627892e-13,0.0006297275264034595,0.00014585842638365797,5.904532398352637e-05,1.7711993027326147e-14,1.9287547517869094e-12,8.13756458570198e-14,7.132215388618142e-14,2.5972385860333755e-16,5.87305259993738e-12,1.1565211645249639e-12,2.176004120639952e-13,3.5020413151201e-41,3.458148641946927e-61,1.2958873649534526e-41,1.8715729421787001e-35,262647990217678.47,-7.456812944894864e-13,-1.6440214674491425e-23,0.2626479902176788,1.3278876446249186e-11,4.1734210531885196e-10,9.16144372109246e-21,5.356615618076814e-289,5.356615618935037e-289
-2.549790551827794,11.804421639079342,0.21821314343229498,0.5275611005359632,0.07291454919957184,4.297273193978124e-12,15366.70630707071,34.89845117731074,0.2713755275587508,1.0590620892897216e-15,4.1504031297080654e-15,9.788437597263756e-16,0.000216367493390867,2.0974822393209054e-14,0.27079449935908645,1.3690745210221213e-11,0.0,0.0,0.21719198177307691,0.047563502556400274,0.005822647535421501,0.0015074438133618796,9.984719124542574e-09,2.1763261950351908e-13,0.0006862821541439355,0.00015754019355736012,6.6235756725554e-05,1.9666532247564484e-14,2.0980783769902844e-12,8.524533067561249e-14,7.637304108744265e-14,2.691318209111942e-16,5.87305259993738e-12,1.1565211645249639e-12,2.176004120639952e-13,3.5020413151201e-41,3.458148641946927e-61,1.2958873649534526e-41,1.8715729421787001e-35,270794476660824.28,-7.968625759247061e-13,-1.7580819191019623e-23,0.27079447666082435,1.3690744006552687e-11,2.2698262103215683e-08,1.2036685257067582e-18,5.356615618076814e-289,5.356615618935037e-289
-2.5497513311146403,11.803919450379299,0.2188057144493095,0.5283638936335441,0.07327260152081673,4.298567050114168e-12,15363.226784751236,34.897082462008775,0.27208801155524454,1.0600945624681998e-15,4.155295102820465e-15,9.79561937041528e-16,0.0002165887819511057,2.0994519421153978e-14,0.2715031312299835,1.3726572369121184e-11,0.0,0.0,0.21777878026114533,0.04765619145603526,0.005851570730054833,0.001518305154830175,1.0048416192219123e-08,2.17632887316631e-13,0.0006913709666661558,0.00015858346592931646,6.689166283955381e-05,1.9833984658099247e-14,2.112823228416394e-12,8.558246567968811e-14,7.681867069917308e-14,2.699548565669218e-16,5.87305259993738e-12,1.1565211645249639e-12,2.176004120639952e-13,3.5020413151201e-41,3.458148641946927e-61,1.2958873649534526e-41,1.8715729421787001e-35,271503127335740.88,-7.969180870759374e-13,-1.758405036528741e-23,0.27150312733574095,1.3726571749791727e-11,3.894242539548287e-09,6.19329456734096e-19,5.356615618076814e-289,5.356615618935037e-289
-2.5492610722002245,11.797643753213228,0.22622143653053203,0.5381622742135378,0.0778115280909163,4.3145653651617024e-12,15319.420534903982,34.87997804938265,0.28099396261437704,1.0725097374484026e-15,4.2157875120641085e-15,9.87734684104635e-16,0.0002194261558322669,2.1249232965828363e-14,0.28036477554045336,1.4174595618576864e-11,0.0,0.0,0.22512531448270698,0.04880149771844664,0.006218537182630315,0.001653469721954088,1.0820276063071182e-08,2.176361489482365e-13,0.0007573476741293481,0.00017199783045428692,7.552180724927835e-05,2.18906096941665e-14,2.297305696090406e-12,8.980515205719431e-14,8.247509534679436e-14,2.803098908146913e-16,5.87305259993738e-12,1.1565211645249639e-12,2.176004120639952e-13,3.5020413151201e-41,3.458148641946927e-61,1.2958873649534526e-41,1.8715729421787001e-35,280364779909148.53,-8.371636717185993e-13,-1.8488779160267283e-23,0.2803647799091483,1.4174596459725114e-11,-4.368694961343067e-09,-8.41148250282866e-19,5.356615618076814e-289,5.356615618935037e-289
-2.5487708132858082,11.79137113200956,0.2336524830152746,0.5475245484043864,0.08246638984346517,4.330421960531325e-12,15275.693308588887,34.862882020292055,0.28989911418037856,1.0852072305040991e-15,4.277011439208053e-15,9.95767483019357e-16,0.00022233318422373201,2.1510427439014937e-14,0.2892329507083127,1.462295002772991e-11,0.0,0.0,0.23249290490290847,0.04992222327457588,0.006595489345720317,0.0017873952723811298,1.154778260184872e-08,2.1763924998478714e-13,0.0008278171600154361,0.00018610811855670228,8.498488461174656e-05,2.3877050421270996e-14,2.4819443788217662e-12,9.404343710469941e-14,8.828983422755685e-14,2.9079184570078064e-16,5.87305259993738e-12,1.1565211645249639e-12,2.176004120639952e-13,3.5020413151201e-41,3.458148641946927e-61,1.2958873649534526e-41,1.8715729421787001e-35,289232952717187.44,-8.842926391139372e-13,-1.951306140315521e-23,0.2892329527171871,1.4622950817679025e-11,-2.008874400161176e-09,-7.899491162467879e-19,5.356615618076814e-289,5.356615618935037e-289
-2.548535489006889,11.788361365970934,0.23722477570479486,0.5518643067580002,0.0847412462564828,4.3380414296242554e-12,15254.939116723355,34.85467890295378,0.2941732072261869,1.0913863662646009e-15,4.30756402578813e-15,1.000028316131411e-15,0.00022376392933957226,2.1639664179324123e-14,0.2934920082705809,1.4838279040525393e-11,0.0,0.0,0.2360368572191341,0.05045145106202272,0.006779936059171445,0.0018512032098609256,1.1881701265607361e-08,2.1764068217045536e-13,0.0008632847242009156,0.0001931298109767404,8.983767071937822e-05,2.4805230724048987e-14,2.5705732248585435e-12,9.608333610168648e-14,9.113675497490385e-14,2.958690517309256e-16,5.87305259993738e-12,1.1565211645249639e-12,2.176004120639952e-13,3.5020413151201e-41,3.458148641946927e-61,1.2958873649534526e-41,1.8715729421787001e-35,293491993056610.5,-9.1310292660296e-13,-2.0136678036837767e-23,0.29349199305661017,1.4838278071468096e-11,1.5213970749883288e-08,9.690572967431504e-19,5.356615618076814e-289,5.356615618935037e-289
-2.5482805543713924,11.785101585260659,0.24109863771656084,0.5564533724646961,0.0872351096255617,4.346326515244013e-12,15232.711969236829,34.84579437062793,0.29880313179938867,1.0981895247191696e-15,4.340369319383054e-15,1.0043536323000478e-15,0.0002253218578211965,2.1779686693557994e-14,0.2981076615402405,1.50716358419532e-11,0.0,0.0,0.23988160745838494,0.05101841898027425,0.006982313242820081,0.001919967424302974,1.2232610185702991e-08,2.1764219355621439e-13,0.0009029371661278798,0.0002009194688908825,9.533090417757845e-05,2.5792371336987847e-14,2.666566788754031e-12,9.829728042900396e-14,9.426160194435724e-14,3.0140333760879907e-16,5.87305259993738e-12,1.1565211645249639e-12,2.176004120639952e-13,3.5020413151201e-41,3.458148641946927e-61,1.2958873649534526e-41,1.8715729421787001e-35,298107650542593.0,-9.4002583495012e-13,-2.071505823077133e-23,0.29810765054259225,1.507163506545752e-11,1.0997648236532598e-08,7.764956795119892e-19,5.356615618076814e-289,5.356615618935037e-289
-2.54782951617013,11.779336316314689,0.2479622808289194,0.5642875073364872,0.09172130618332046,4.3611119108268286e-12,15194.204067216167,34.83008113011569,0.30699360606864007,1.1104947793567269e-15,4.399522454350489e-15,1.0122777490493342e-15,0.00022810872105270187,2.202944238193063e-14,0.30627813965888023,1.5484715836563018e-11,0.0,0.0,0.24669787740329,0.052005325013894974,0.007346828519657714,0.002040692728818347,1.2826801736903969e-08,2.1764476881543733e-13,0.0009762893031896452,0.00021516835226328705,0.00010567276856058048,2.7492927936243345e-14,2.8363082267593185e-12,1.0222465380819993e-13,9.989340918608907e-14,3.1128280528882016e-16,5.87305259993738e-12,1.1565211645249639e-12,2.176004120639952e-13,3.5020413151201e-41,3.458148641946927e-61,1.2958873649534526e-41,1.8715729421787001e-35,306278139551729.3,-9.848233339937451e-13,-2.171025990524919e-23,0.3062781395517286,1.548471614012266e-11,1.0715162090946251e-10,-3.035596426923308e-19,5.356615618076814e-289,5.356615618935037e-289
-2.547790295456976,11.778835111459603,0.24855972908253046,0.56495158651019,0.09211580957045586,4.362407124736817e-12,15190.910771998984,34.82871509628315,0.3077057716339332,1.111430322760764e-15,4.4049212112735335e-15,1.0130729252724938e-15,0.0002283551287961178,2.2051876464546888e-14,0.3069888904236423,1.55206497139763e-11,0.0,0.0,0.24729145923693013,0.05209016457003064,0.007378911486885781,0.002051133848755526,1.2876909150623215e-08,2.1764498697842e-13,0.000982864003155884,0.0002164356510716338,0.0001066107315411179,2.7638086894820276e-14,2.8510612221113804e-12,1.0256679643480316e-13,1.0038934723723592e-13,3.121472593512341e-16,5.87305259993738e-12,1.1565211645249639e-12,2.176004120639952e-13,3.5020413151201e-41,3.458148641946927e-61,1.2958873649534526e-41,1.8715729421787001e-35,306988878171615.8,-9.99644811372491e-13,-2.2036608506295503e-23,0.306988878171615,1.5520649445042403e-11,1.2252027281611788e-08,2.68933897793778e-19,5.356615618076814e-289,5.356615618935037e-289
-2.5473000365425604,11.772571709100234,0.25603565457986727,0.5730221469428682,0.09710623950962559,4.378748501874431e-12,15150.562552340703,34.81164419315269,0.3166068092610872,1.124963851515919e-15,4.470930322918841e-15,1.0220030443684434e-15,0.00023146306560767324,2.2331106830924686e-14,0.31587666303031314,1.5969995231278347e-11,0.0,0.0,0.25472252355185243,0.05313751827461039,0.007785158137188375,0.0021808838485325435,1.3483041916390262e-08,2.1764763973866786e-13,0.0010677528205183919,0.00023265914295225571,0.0001188760708566373,2.9417162691932855e-14,3.035358623854915e-12,1.0685220192462389e-13,1.066721957804322e-13,3.2302652550785083e-16,5.87305259993738e-12,1.1565211645249639e-12,2.176004120639952e-13,3.5020413151201e-41,3.458148641946927e-61,1.2958873649534526e-41,1.8715729421787001e-35,315876640393961.4,-1.0542677841840487e-12,-2.3251530030982762e-23,0.31587664039396046,1.596999419859012e-11,2.263635268118236e-08,1.0326882267561031e-18,5.356615618076814e-289,5.356615618935037e-289
-2.546809777628144,11.766311376677109,0.26352628806461104,0.58066815564454,0.10220443052970002,4.395402335843771e-12,15111.819326285899,34.794581657133456,0.3255060525412379,1.13881253041046e-15,4.538322223996883e-15,1.0310957171730323e-15,0.0002346306376830067,2.26149411398915e-14,0.3247709632506084,1.6419669286827433e-11,0.0,0.0,0.26217481155925554,0.05416057078521604,0.008200950267351832,0.002309234309635884,1.4053420561684498e-08,2.1765016223682046e-13,0.0011577578042810289,0.00024959119327065736,0.00013217943627737006,3.113336160731691e-14,3.219419863869964e-12,1.1115378034339768e-13,1.1310940901216274e-13,3.3404395173678997e-16,5.87305259993738e-12,1.1565211645249639e-12,2.176004120639952e-13,3.5020413151201e-41,3.458148641946927e-61,1.2958873649534526e-41,1.8715729421787001e-35,324770942002855.25,-1.1019518630916991e-12,-2.4298430493745188e-23,0.3247709420028543,1.6419669568435104e-11,2.124775411171953e-08,-2.8160767156480567e-19,5.356615618076814e-289,5.356615618935037e-289
-2.5465744533492245,11.763307507113508,0.2671269833605869,0.5841884050150407,0.104689111130203,4.403518002991199e-12,15093.821627861415,34.78639461063786,0.32977698025075375,1.1457391826593914e-15,4.570928350673977e-15,1.0353641278082389e-15,0.0002361908400033273,2.2755075539933675e-14,0.32904254393118293,1.6635631517350183e-11,0.0,0.0,0.2657594508160376,0.05464302307139393,0.008403879202627916,0.0023703550664684585,1.4315199734773186e-08,2.1765132986742443e-13,0.0012028225219198993,0.0002579703224634768,0.0001389493767769119,3.193600942426757e-14,3.3076793444170175e-12,1.1322437684595149e-13,1.1625391205882569e-13,3.393823634971897e-16,5.87305259993738e-12,1.1565211645249639e-12,2.176004120639952e-13,3.5020413151201e-41,3.458148641946927e-61,1.2958873649534526e-41,1.8715729421787001e-35,329042530973553.25,-1.120215031846783e-12,-2.4695864928682775e-23,0.32904253097355257,1.6635631252071264e-11,1.2957630357579575e-08,2.6527891947785577e-19,5.356615618076814e-289,5.356615618935037e-289
-2.5463195187137284,11.76005411268554,0.27103154703619603,0.587892918415894,0.10740810602300685,4.4124025095268385e-12,15074.768318089491,34.777527484124434,0.334403320493715,1.1531387885173735e-15,4.6065604821076024e-15,1.0400579525030292e-15,0.00023787863322719335,2.290607388537118e-14,0.3336718031476216,1.6869675385485845e-11,0.0,0.0,0.26964835965425876,0.05515940342487413,0.008626161434110196,0.0024362197106773766,1.4590407484505256e-08,2.1765256500249613e-13,0.0012530323287409137,0.0002672318753355883,0.00014657411672205125,3.279081156130626e-14,3.4032264433632014e-12,1.1547185624035386e-13,1.197003523627732e-13,3.452027801778447e-16,5.87305259993738e-12,1.1565211645249639e-12,2.176004120639952e-13,3.5020413151201e-41,3.458148641946927e-61,1.2958873649534526e-41,1.8715729421787001e-35,333671787794982.06,-1.1513012765362873e-12,-2.5377642699185466e-23,0.33367178779498163,1.686967579708669e-11,1.5352639992638473e-08,-4.1160084319927004e-19,5.356615618076814e-289,5.356615618935037e-289
-2.5458684805124654,11.754300138559152,0.27794919557020326,0.5941706065277342,0.11228680485006566,4.428362537926335e-12,15042.197753092192,34.76184502764297,0.3425868968513505,1.1663861567808329e-15,4.671252485852184e-15,1.0487398763708089e-15,0.0002409401514076428,2.31810648978218e-14,0.3418663265173356,1.728397318873928e-11,0.0,0.0,0.27654278634986,0.05605702475058463,0.009025575264273906,0.0025518794252069724,1.50568860070288e-08,2.1765467858309126e-13,0.0013454702048645633,0.00028408627760999404,0.00016082751317059212,3.4267408834777465e-14,3.5720996094404183e-12,1.1945935572130447e-13,1.258993174617346e-13,3.555963114111957e-16,5.87305259993738e-12,1.1565211645249639e-12,2.176004120639952e-13,3.5020413151201e-41,3.458148641946927e-61,1.2958873649534526e-41,1.8715729421787001e-35,341866349872804.7,-1.2094214518754143e-12,-2.6647494186425075e-23,0.3418663498728043,1.7283973950567102e-11,-2.3355468670160917e-08,-7.618278220845148e-19,5.356615618076814e-289,5.356615618935037e-289
-2.545829259799312,11.753799915621562,0.27855134991891856,0.5946998804014527,0.11271507818715462,4.429765453391768e-12,15039.435037143412,34.760481670026564,0.3432984580854261,1.1676173862813561e-15,4.67716584335056e-15,1.0496097085316231e-15,0.0002412155969819447,2.3206063353895247e-14,0.3425791966498732,1.732001397335767e-11,0.0,0.0,0.27714319369902224,0.0561341143992833,0.009060672953376439,0.002561885285270718,1.509625927965267e-08,2.1765485824307113e-13,0.0013537290653749868,0.0002855801332496376,0.00016211414934504315,3.439373478427093e-14,3.5867739483403485e-12,1.1980677780139805e-13,1.2644447200299428e-13,3.56505983864786e-16,5.87305259993738e-12,1.1565211645249639e-12,2.176004120639952e-13,3.5020413151201e-41,3.458148641946927e-61,1.2958873649534526e-41,1.8715729421787001e-35,342579182570553.5,-1.2093104295729518e-12,-2.665072536069286e-23,0.3425791825705532,1.7320013127232455e-11,1.4079319987647665e-08,8.461252134672514e-19,5.356615618076814e-289,5.356615618935037e-289
-2.545339000884896,11.747548783981962,0.28608559431056746,0.6010926370372449,0.11812338636650468,4.447498767930875e-12,15005.81428388148,34.74344421074283,0.35219133718716644,1.1823957370123895e-15,4.749113754318139e-15,1.0593189635264475e-15,0.00024460487007607406,2.3509650711303224e-14,0.3514931321226587,1.7770681823472138e-11,0.0,0.0,0.2846593118537615,0.057084830622052364,0.009504384775509146,0.0026862825093795415,1.557309911237861e-08,2.176570516091161e-13,0.00146000005257348,0.0003046338211351746,0.00017885427310801536,3.5946288590887704e-14,3.770067578530753e-12,1.2415890542044175e-13,1.3334127831957003e-13,3.679568357655998e-16,5.87305259993738e-12,1.1565211645249639e-12,2.176004120639952e-13,3.5020413151201e-41,3.458148641946927e-61,1.2958873649534526e-41,1.8715729421787001e-35,351493131133251.8,-1.2596590437397026e-12,-2.776224930881099e-23,0.3514931311332517,1.7770681801735512e-11,9.894070007732125e-10,2.173662628727432e-20,5.356615618076814e-289,5.356615618935037e-289
-2.54484874197048,11.741300716264256,0.293634198337817,0.6070749969726046,0.12363065960160212,4.4656040721967865e-12,14973.881219474113,34.72641510217823,0.3610818022464335,1.1975114797077575e-15,4.822701589601612e-15,1.0692644994250667e-15,0.00024807850153918474,2.3821135414271608e-14,0.36041363533216125,1.8221682536516565e-11,0.0,0.0,0.29219672930767165,0.05801166239419299,0.009957165127440095,0.00280946578034362,1.6022903700195233e-08,2.1765915407048192e-13,0.0015719967501984088,0.00032438974014810363,0.000196849895952334,3.745246433760202e-14,3.953118720202547e-12,1.285286031215121e-13,1.4039033218771132e-13,3.7955863691743707e-16,5.87305259993738e-12,1.1565211645249639e-12,2.176004120639952e-13,3.5020413151201e-41,3.458148641946927e-61,1.2958873649534526e-41,1.8715729421787001e-35,360413638290259.0,-1.3173351298689795e-12,-2.9015944924711674e-23,0.36041363829025863,1.8221682063635875e-11,-2.958097378158442e-09,4.728806900356255e-19,5.356615618076814e-289,5.356615618935037e-289
-2.5446134176915605,11.738302731623826,0.2972625805103315,0.6098018895843768,0.1263086864350336,4.474425045486756e-12,14959.138503967011,34.71824409504073,0.365348311756735,1.2048884766934227e-15,4.858257932410738e-15,1.0739167025210073e-15,0.0002497776092853169,2.3973442512081338e-14,0.3646977985748483,1.8438280128222073e-11,0.0,0.0,0.29582223495548116,0.058448097426792765,0.010177688581937242,0.0028681788235026544,1.6229749849066018e-08,2.1766013341623022e-13,0.0016278332686523373,0.00033412081286670356,0.00020595017938910727,3.816007431540868e-14,4.040901569814732e-12,1.3063240562590136e-13,1.4382783837064795e-13,3.851820049837583e-16,5.87305259993738e-12,1.1565211645249639e-12,2.176004120639952e-13,3.5020413151201e-41,3.458148641946927e-61,1.2958873649534526e-41,1.8715729421787001e-35,364697812750765.2,-1.3518630659348219e-12,-2.9784964400444567e-23,0.3646978127507644,1.8438280040601484e-11,-1.4175916107639353e-08,8.762058949366837e-20,5.356615618076814e-289,5.356615618935037e-289
-2.544358483056064,11.735055710966694,0.3011970306619019,0.6126508562550776,0.1292348489433708,4.484076560311487e-12,14943.590120563305,34.70939434023972,0.3699697059888876,1.2129671802522828e-15,4.897844044748879e-15,1.0793979070613416e-15,0.00025162029806942145,2.413796688634846e-14,0.36934069010918286,1.8673012994002397e-11,0.0,0.0,0.2997554102093354,0.058914751317592606,0.010418908282801261,0.0029314905138676578,1.6447503204812252e-08,2.176611738927861e-13,0.0016898700613010428,0.00034484367044245774,0.0002161570506475615,3.891604408881035e-14,4.135942862450408e-12,1.3291623390172044e-13,1.4759123655483974e-13,3.913145986123097e-16,5.87305259993738e-12,1.1565211645249639e-12,2.176004120639952e-13,3.5020413151201e-41,3.458148641946927e-61,1.2958873649534526e-41,1.8715729421787001e-35,369340708852281.9,-1.384170555951414e-12,-3.0495822739357325e-23,0.369340708852281,1.8673014156151786e-11,-1.8743098129103686e-08,-1.162149388778551e-18,5.356615618076814e-289,5.356615618935037e-289
-2.5439074448548014,11.72931300953206,0.30816732663286156,0.6174252354791548,0.13447418679176273,4.5013925875691895e-12,14917.137999155464,34.69374260747963,0.37814419050623105,1.227444293446332e-15,4.968378958067506e-15,1.0888691487363738e-15,0.00025496323304443583,2.443769775568896e-14,0.3775593925224485,1.9088532647046212e-11,0.0,0.0,0.30672818229207116,0.05972473719666603,0.010851509799213418,0.003042777340923598,1.6817326830779956e-08,2.176629656602267e-13,0.0018036330001325192,0.0003642733083538079,0.0002351266316603639,4.0227971405683076e-14,4.303955969955519e-12,1.3696900087121927e-13,1.5434987081305418e-13,4.022694307765355e-16,5.87305259993738e-12,1.1565211645249639e-12,2.176004120639952e-13,3.5020413151201e-41,3.458148641946927e-61,1.2958873649534526e-41,1.8715729421787001e-35,377559414707090.7,-1.453503983839255e-12,-3.2024168168019755e-23,0.37755941470708987,1.9088532963295985e-11,-2.2184641346179035e-08,-3.16249772667502e-19,5.356615618076814e-289,5.356615618935037e-289
-2.543868224141648,11.72881376658827,0.30877399856078536,0.6178243930729311,0.1349335678729411,4.502912220983089e-12,14914.898937972355,34.69238192083633,0.37885490873069166,1.2287902359570549e-15,4.97396986899526e-15,1.089413189513653e-15,0.00025525052416932285,2.446295368499746e-14,0.3782743237955684,1.9124677048090865e-11,0.0,0.0,0.30733535720037725,0.05979423362870404,0.01088948244086433,0.003052411706248685,1.6848585394401524e-08,2.1766311864478619e-13,0.0018137703458398105,0.00036599040257492496,0.00023683234584982238,4.034057672848518e-14,4.3185579355012474e-12,1.3732215611493954e-13,1.549436289464558e-13,4.032283846446497e-16,5.87305259993738e-12,1.1565211645249639e-12,2.176004120639952e-13,3.5020413151201e-41,3.458148641946927e-61,1.2958873649534526e-41,1.8715729421787001e-35,378274347633497.75,-1.4534484726880237e-12,-3.2017705819484184e-23,0.3782743476334967,1.9124678322676973e-11,-2.383792829796505e-08,-1.274586107507149e-18,5.356615618076814e-289,5.356615618935037e-289
-2.543377965227232,11.722574881628702,0.3163649657929735,0.6225999057029543,0.14072453927615486,4.5221026348210845e-12,14887.752305796235,34.675377839879026,0.3877372540236522,1.2449930096026683e-15,5.05272905490045e-15,1.1000604049383053e-15,0.0002589833814069872,2.4797828416031738e-14,0.38721454123314347,1.957667494594948e-11,0.0,0.0,0.3149365301494077,0.06065026272197258,0.01136876497883983,0.003172283064478923,1.722770346851633e-08,2.1766499523527775e-13,0.0019438474209127123,0.00038782376707297033,0.0002589329309400079,4.1729374041692506e-14,4.500983207595293e-12,1.4174672140712524e-13,1.624471762966663e-13,4.153033881851466e-16,5.87305259993738e-12,1.1565211645249639e-12,2.176004120639952e-13,3.5020413151201e-41,3.458148641946927e-61,1.2958873649534526e-41,1.8715729421787001e-35,387214559451623.8,-1.5163426070330388e-12,-3.340387958036406e-23,0.38721455945162275,1.9576674806784094e-11,-1.8218479280740496e-08,1.391653864749785e-19,5.356615618076814e-289,5.356615618935037e-289
-2.542887706312816,11.716339054588458,0.32396977891156586,0.6269818048772805,0.14660574111078292,4.541639723278523e-12,14862.09699116943,34.65838209328084,0.3966166173667379,1.2615460847338e-15,5.13300857250059e-15,1.1108942667411446e-15,0.0002627778614744638,2.51371073867809e-14,0.3961613246788924,2.002900331557783e-11,0.0,0.0,0.3225588728463294,0.06148302007544025,0.011856653894059955,0.003291156608681464,1.7586286289336037e-08,2.1766680996936307e-13,0.0020802505434446635,0.00041033666262562854,0.00028251643816317313,4.3085521610392234e-14,4.6832386602181045e-12,1.4619027400707871e-13,1.701015718114514e-13,4.2754333031002705e-16,5.87305259993738e-12,1.1565211645249639e-12,2.176004120639952e-13,3.5020413151201e-41,3.458148641946927e-61,1.2958873649534526e-41,1.8715729421787001e-35,396161349127852.75,-1.5883960813312115e-12,-3.4993617320114413e-23,0.39616134912785206,2.002900385222154e-11,-2.444895963460425e-08,-5.366437104526453e-19,5.356615618076814e-289,5.356615618935037e-289
-2.5426523820338964,11.713346943341959,0.3276249657862819,0.6289466692288596,0.14946008749290077,4.5511384071179185e-12,14850.297274819235,34.65022709407851,0.4008776113821762,1.2695966183765607e-15,5.1724232173844496e-15,1.1163313786707622e-15,0.0002646219727426562,2.530174769298462e-14,0.40045811632786427,2.0246238715341358e-11,0.0,0.0,0.3262251043107068,0.06187452915841213,0.012093860884393093,0.0033478762119268524,1.775150172814988e-08,2.1766766077750932e-13,0.0021480147363512558,0.00042138190552044397,0.00029438029306595736,4.3725724801578946e-14,4.77066683589679e-12,1.4833002243811363e-13,1.7382917860137905e-13,4.3347820210720143e-16,5.87305259993738e-12,1.1565211645249639e-12,2.176004120639952e-13,3.5020413151201e-41,3.458148641946927e-61,1.2958873649534526e-41,1.8715729421787001e-35,400458146044204.4,-1.6096568522527832e-12,-3.545890641467549e-23,0.40045814604420366,2.0246239991434217e-11,-2.9716339389196378e-08,-1.2760928589981799e-18,5.356615618076814e-289,5.356615618935037e-289
-2.5423974473984,11.710106283968726,0.33158829816053575,0.6309747999460175,0.15257470801444264,4.561515580439617e-12,14837.881932942073,34.64139467695676,0.40549284152697546,1.2784910005109018e-15,5.215143332564099e-15,1.1219947978940925e-15,0.0002666681644041501,2.548529347594349e-14,0.405114699993783,2.0481665770921405e-11,0.0,0.0,0.33020234435700796,0.06229267484095901,0.012353012629765984,0.003409082203345365,1.792564735573333e-08,2.1766856859405545e-13,0.002223128399816834,0.00043352108547288026,0.0003076409446329244,4.4411885911860027e-14,4.865344290947601e-12,1.506531496051485e-13,1.779065310401437e-13,4.399519680510568e-16,5.87305259993738e-12,1.1565211645249639e-12,2.176004120639952e-13,3.5020413151201e-41,3.458148641946927e-61,1.2958873649534526e-41,1.8715729421787001e-35,405114721486921.4,-1.6459611451580258e-12,-3.626669998162181e-23,0.40511472148692074,2.048166570291684e-11,-2.149313771404593e-08,6.800456349129591e-20,5.356615618076814e-289,5.356615618935037e-289
-2.5419464091971373,11.70437483314135,0.3386093015908528,0.6343089527569241,0.15814183591883785,4.580092079839973e-12,14816.82749606849,34.62577360772675,0.413656087743058,1.2943679821527617e-15,5.2921309525003555e-15,1.1323207214013545e-15,0.00027032150426906283,2.5811834987499852e-14,0.4133576382427705,2.089840856812998e-11,0.0,0.0,0.3372529458179016,0.06301732237659272,0.012817048542295413,0.0035167775965831614,1.822192379460761e-08,2.1767014149586884e-13,0.0023604218236311573,0.00045543622933158506,0.000332166759446919,4.5608133628945713e-14,5.032766214202931e-12,1.5477634302169035e-13,1.8521984487815594e-13,4.515200747747727e-16,5.87305259993738e-12,1.1565211645249639e-12,2.176004120639952e-13,3.5020413151201e-41,3.458148641946927e-61,1.2958873649534526e-41,1.8715729421787001e-35,413357642033256.06,-1.711686348215835e-12,-3.77368842734641e-23,0.4133576420332554,2.089840874900035e-11,-3.790484925936255e-09,-1.8087036923795884e-19,5.356615618076814e-289,5.356615618935037e-289
-2.541907188483984,11.703876568271443,0.3392203326428397,0.634583626362873,0.15862933761050182,4.581720276113356e-12,14815.050664656212,34.62441558682382,0.4143657775047247,1.2958311951782265e-15,5.2990357697616474e-15,1.1333136844306694e-15,0.0002706371203746389,2.5839719820807724e-14,0.41407465094884455,2.09346591819919e-11,0.0,0.0,0.33786685413398587,0.06307942601285509,0.012857733679917263,0.0035261075820173563,1.824699555945645e-08,2.1767027636143016e-13,0.0023726290731627617,0.00045736815664355494,0.0003343649214110883,4.5711135299470815e-14,5.047319939954879e-12,1.551356758245723e-13,1.858617908164243e-13,4.525329820459952e-16,5.87305259993738e-12,1.1565211645249639e-12,2.176004120639952e-13,3.5020413151201e-41,3.458148641946927e-61,1.2958873649534526e-41,1.8715729421787001e-35,414074681357047.4,-1.711686348215835e-12,-3.773365309919632e-23,0.4140746813570468,2.0934660602973557e-11,-3.04082022339891e-08,-1.420981656765429e-18,5.356615618076814e-289,5.356615618935037e-289
-2.541416929569568,11.697649905999265,0.34686572500683754,0.6378133669816543,0.1647671636913988,4.60224751443456e-12,14793.559710592386,34.60744481880099,0.42323527982508374,1.3135964481646208e-15,5.384078612930287e-15,1.1445302185318157e-15,0.0002747065879055128,2.6203371748419232e-14,0.42304120498651837,2.1387987415135558e-11,0.0,0.0,0.3455523467998897,0.06384347044254585,0.013370681154404266,0.003642278223813966,1.855144418514952e-08,2.1767193807705749e-13,0.0025289000168653535,0.0004818681513333994,0.0003627471789851724,4.698575435008079e-14,5.229184970392688e-12,1.5963817209415855e-13,1.9396710707908112e-13,4.652905347813659e-16,5.87305259993738e-12,1.1565211645249639e-12,2.176004120639952e-13,3.5020413151201e-41,3.458148641946927e-61,1.2958873649534526e-41,1.8715729421787001e-35,423041233569996.94,-1.773026170326375e-12,-3.907782159459499e-23,0.4230412335699965,2.1387988796674646e-11,-2.8583478139942997e-08,-1.3815390872947894e-18,5.356615618076814e-289,5.356615618935037e-289
-2.540926670655152,11.691426295655601,0.35452427250605906,0.6406691986568256,0.17098585201526773,4.6230885610713006e-12,14773.359001008703,34.59048236880933,0.4321011858761139,1.331804564697703e-15,5.472064117474342e-15,1.1564286049344808e-15,0.0002788919167217863,2.6578058127286132e-14,0.4320143669662653,2.1841650718419863e-11,0.0,0.0,0.353258723159824,0.06458502200347346,0.013891729884405598,0.0037576373690632135,1.8840019593938432e-08,2.1767355814853642e-13,0.0026920880228275173,0.000507010527226715,0.0003928468307863336,4.8238060570409146e-14,5.410958110180748e-12,1.6416094996545902e-13,2.022222537143658e-13,4.782285207290863e-16,5.87305259993738e-12,1.1565211645249639e-12,2.176004120639952e-13,3.5020413151201e-41,3.458148641946927e-61,1.2958873649534526e-41,1.8715729421787001e-35,432014382961022.7,-1.8403611967698907e-12,-4.05447747121695e-23,0.432014382961022,2.18416505284793e-11,-1.599475674129991e-08,1.899405629821419e-19,5.356615618076814e-289,5.356615618935037e-289
-2.5406913463762324,11.688440046296382,0.358204987253654,0.6419086804485803,0.1739990346301677,4.633201552970331e-12,14764.107557499496,34.582343346180785,0.4363555201254105,1.3406538469391874e-15,5.515133768896135e-15,1.1623616958240657e-15,0.0002809129768304844,2.6758109192533394e-14,0.43632382441111284,2.2059525842472707e-11,0.0,0.0,0.3569651716887953,0.06493305175040173,0.014144687993206197,0.003812733694009945,1.8973178837229783e-08,2.176743221955918e-13,0.0027729181291507353,0.0005193037436303793,0.0004079221015685156,4.8831884858898526e-14,5.498181934220172e-12,1.6633917708374655e-13,2.062378821012536e-13,4.845040915244594e-16,5.87305259993738e-12,1.1565211645249639e-12,2.176004120639952e-13,3.5020413151201e-41,3.458148641946927e-61,1.2958873649534526e-41,1.8715729421787001e-35,436323839407061.75,-1.87916349148054e-12,-4.138811119606145e-23,0.4363238394070611,2.2059526704306946e-11,-1.499594826093187e-08,-8.618342392543372e-19,5.356615618076814e-289,5.356615618935037e-289
-2.540436411740736,11.685205735744567,0.3621957570826201,0.643156365365375,0.17728335133542805,4.6442364018472316e-12,14754.404772291042,34.573528232771814,0.44096336771705935,1.3504258137082368e-15,5.561788546459934e-15,1.1685487313916534e-15,0.0002831503058144641,2.6958136861658233e-14,0.4409941190795634,2.2295645707414026e-11,0.0,0.0,0.3609858700677763,0.0653043214215194,0.01442077728253675,0.003872226191759927,1.911366980261818e-08,2.1767514063539765e-13,0.002862339176915044,0.0005327839534971676,0.000424723229957467,4.947022420050639e-14,5.592657471277437e-12,1.687043139516656e-13,2.1062702237697875e-13,4.913511961932605e-16,5.87305259993738e-12,1.1565211645249639e-12,2.176004120639952e-13,3.5020413151201e-41,3.458148641946927e-61,1.2958873649534526e-41,1.8715729421787001e-35,440994134368930.9,-1.9164669851079452e-12,-4.2212060634346694e-23,0.44099413436893015,2.229564604302643e-11,-1.52893667726417e-08,-3.356124035214462e-19,5.356615618076814e-289,5.356615618935037e-289
-2.5399853735394733,11.679485513483225,0.36926479941831314,0.6451237875504701,0.18314445803304602,4.663957943087536e-12,14738.032952549524,34.55793776699853,0.4491131707564628,1.3681269019756777e-15,5.6460645265405855e-15,1.1798827686774783e-15,0.0002871726025082712,2.731747135030916e-14,0.4492613686491492,2.2713618252528356e-11,0.0,0.0,0.3681131316547807,0.06594662145235795,0.014914442937526612,0.003977001138629601,1.935300042621689e-08,2.1767656655200393e-13,0.0030253333750963453,0.0005570424697667493,0.0004556699351353879,5.058777481804665e-14,5.759770567037428e-12,1.729026462052544e-13,2.1849139001930506e-13,5.0359084737666e-16,5.87305259993738e-12,1.1565211645249639e-12,2.176004120639952e-13,3.5020413151201e-41,3.458148641946927e-61,1.2958873649534526e-41,1.8715729421787001e-35,449261340728127.8,-1.975641872320466e-12,-4.351099268999637e-23,0.44926134072812696,2.271361692377993e-11,2.792102221649273e-08,1.3287484270640037e-18,5.356615618076814e-289,5.356615618935037e-289
-2.53994615282632,11.678988224771043,0.36987996951707397,0.6452804802408532,0.18365713905817735,4.6656848808915135e-12,14736.657349725101,34.55658240661347,0.44982166096632725,1.3695063995304042e-15,5.653628514783409e-15,1.1809721119136034e-15,0.0002875183054392924,2.7348330297874704e-14,0.44998048728245454,2.2749976009367453e-11,0.0,0.0,0.3687336846260285,0.06600160059691688,0.014957683752074399,0.003986083721580027,1.9373271056124216e-08,2.1767668928207747e-13,0.003039798830533516,0.0005591763412661253,0.00045843593190965614,5.068427876694045e-14,5.774300315273708e-12,1.7326856143960926e-13,2.1918122071285237e-13,5.04662864657483e-16,5.87305259993738e-12,1.1565211645249639e-12,2.176004120639952e-13,3.5020413151201e-41,3.458148641946927e-61,1.2958873649534526e-41,1.8715729421787001e-35,449980492636018.94,-1.995459353310025e-12,-4.3950432390415166e-23,0.44998049263601775,2.274997558513139e-11,-5.353563203858158e-09,4.242360625989345e-19,5.356615618076814e-289,5.356615618935037e-289
-2.539455893911904,11.672773761240615,0.3775766520583414,0.6470471145310309,0.1901050966402847,4.687426440258105e-12,14720.073466053971,34.53964488626129,0.4586759132013625,1.3890512363582504e-15,5.747474308030093e-15,1.1936508730101203e-15,0.00029197773598154737,2.7745851640369812e-14,0.4589734552860383,2.3204638482753055e-11,0.0,0.0,0.37650201651093534,0.06667711929284219,0.01550234174422146,0.004099247096732597,1.96196351047823e-08,2.1767820756144615e-13,0.0032246115493253166,0.0005861748725843788,0.0004940446412587642,5.188214018400081e-14,5.955903185520928e-12,1.7785398379603617e-13,2.2788467300630914e-13,5.181677731787167e-16,5.87305259993738e-12,1.1565211645249639e-12,2.176004120639952e-13,3.5020413151201e-41,3.458148641946927e-61,1.2958873649534526e-41,1.8715729421787001e-35,458973462608142.25,-2.0577428649914964e-12,-4.5336606151295044e-23,0.45897346260814137,2.320463939978951e-11,-7.3221030905124e-09,-9.170364540881417e-19,5.356615618076814e-289,5.356615618935037e-289
-2.538965634997488,11.666562343659626,0.3852855781288085,0.6484622358209112,0.1966247190552695,4.7094573339179134e-12,14704.622745100909,34.522715667644306,0.4675259734391861,1.4090936378365457e-15,5.842682098412712e-15,1.206247703659042e-15,0.00029655236856776003,2.8153889997814368e-14,0.4679730506336557,2.365963700815076e-11,0.0,0.0,0.38429074761788784,0.06733113735339738,0.01605461329166868,0.004211751585143152,1.9853514857443125e-08,2.1767969870393078e-13,0.003416921074220936,0.0006137660324235299,0.0005316091559440105,5.306561775829801e-14,6.137481799689311e-12,1.8246086660693718e-13,2.3673721917770016e-13,5.318706855841934e-16,5.87305259993738e-12,1.1565211645249639e-12,2.176004120639952e-13,3.5020413151201e-41,3.458148641946927e-61,1.2958873649534526e-41,1.8715729421787001e-35,467973049134654.1,-2.134070697934476e-12,-4.7000660899204455e-23,0.4679730491346531,2.3659637732172844e-11,1.4990025887229308e-09,-7.240220847185785e-19,5.356615618076814e-289,5.356615618935037e-289
-2.5387303107185684,11.663581944703584,0.38899015080403493,0.6490184398739739,0.19977883306694308,4.720133388421245e-12,14697.598714119084,34.51459259028961,0.4717724749625502,1.4189079689180603e-15,5.890129160707084e-15,1.2128032835639285e-15,0.00029880381843469273,2.835536763720074e-14,0.47229523227501224,2.3878157127073513e-11,0.0,0.0,0.38803655570614126,0.06763750721133133,0.016322365536963375,0.004265529596367102,1.996154996224351e-08,2.1768040570632433e-13,0.003511934498471608,0.0006272161511760014,0.0005503524003171056,5.362908446406593e-14,6.224635312517256e-12,1.846798755833912e-13,2.410393563670616e-13,5.385197522777713e-16,5.87305259993738e-12,1.1565211645249639e-12,2.176004120639952e-13,3.5020413151201e-41,3.458148641946927e-61,1.2958873649534526e-41,1.8715729421787001e-35,472295202292335.4,-2.141620214501927e-12,-4.716221961259372e-23,0.4722952022923344,2.3878155824449314e-11,2.998267784048991e-08,1.3026241989320266e-18,5.356615618076814e-289,5.356615618935037e-289
-2.538475376083072,11.660353970535121,0.3930064761571159,0.6495318694150912,0.20321365765979071,4.731771547077241e-12,14690.268619438748,34.505794746693475,0.4763716749519585,1.4296577868232497e-15,5.941201982433652e-15,1.2195856753972863e-15,0.0003012587586368674,2.857433361277012e-14,0.4769792782025317,2.41149718345346e-11,0.0,0.0,0.39209971575059804,0.06796393085866545,0.016614372832442433,0.004323630685290082,2.0075609696133384e-08,2.1768116572668104e-13,0.0036168702787706427,0.0006419356388351314,0.0005711893332029175,5.423642635052911e-14,6.319051041519908e-12,1.870894902191233e-13,2.4573871461241353e-13,5.457761063039355e-16,5.87305259993738e-12,1.1565211645249639e-12,2.176004120639952e-13,3.5020413151201e-41,3.458148641946927e-61,1.2958873649534526e-41,1.8715729421787001e-35,476979257068469.9,-2.18897122650219e-12,-4.818973302974943e-23,0.47697925706846883,2.4114970827633624e-11,2.1134062888616967e-08,1.006900974557339e-18,5.356615618076814e-289,5.356615618935037e-289
-2.5380243378818093,11.654644954841773,0.40012000258114383,0.6502159615686722,0.20933499018180166,4.752547233151416e-12,14678.005334912057,34.49023482442125,0.48450573483895504,1.449174210677392e-15,6.0333492711894116e-15,1.2319810886967968e-15,0.00030566283276807607,2.896633213184406e-14,0.48527082037917213,2.4534172834638143e-11,0.0,0.0,0.3993016609423341,0.06852761522830793,0.01713588137351991,0.0044260345932024036,2.0270088983194463e-08,2.1768249652484453e-13,0.003807692954391201,0.0006683498338301648,0.0006094347804374337,5.530378767960065e-14,6.486098653471852e-12,1.9136726277786375e-13,2.541515316013328e-13,5.587521706046352e-16,5.87305259993738e-12,1.1565211645249639e-12,2.176004120639952e-13,3.5020413151201e-41,3.458148641946927e-61,1.2958873649534526e-41,1.8715729421787001e-35,485270820569260.25,-2.242150909381735e-12,-4.936588046322327e-23,0.4852708205692592,2.4534173149273217e-11,-1.900870572058011e-10,-3.14635074106533e-19,5.356615618076814e-289,5.356615618935037e-289
-2.537985117168656,11.654148640374911,0.400739060367993,0.6502620517520689,0.20986987465337395,4.754364918772718e-12,14676.980748376938,34.48888211934182,0.4852128867673733,1.4508830028488511e-15,6.041739053525617e-15,1.2331881241784607e-15,0.00030605494741300096,2.900145738102606e-14,0.48599212011832943,2.4570639564994343e-11,0.0,0.0,0.39992874515699667,0.06857580067305512,0.01718151933862255,0.00443491632447845,2.0286570674290474e-08,2.1768261146420426e-13,0.0038246011134805626,0.0006706688749298734,0.000612845024100153,5.539620062558073e-14,6.500625064844246e-12,1.9174013064010854e-13,2.548890307001138e-13,5.598889439527022e-16,5.87305259993738e-12,1.1565211645249639e-12,2.176004120639952e-13,3.5020413151201e-41,3.458148641946927e-61,1.2958873649534526e-41,1.8715729421787001e-35,485992091266007.0,-2.2420953982305036e-12,-4.9362649288955484e-23,0.48599209126600607,2.4570638931701115e-11,2.8852323363803833e-08,6.332932283639229e-19,5.356615618076814e-289,5.356615618935037e-289
-2.53749485825424,11.647946351687507,0.40848303592791096,0.6506592408759571,0.21659083778205254,4.777233982861543e-12,14664.732122070438,34.471977781524295,0.49404942406791585,1.472559832998897e-15,6.144716875112011e-15,1.2471384224041803e-15,0.0003109764134677709,2.94401413489583e-14,0.4950115821261042,2.5026643394410215e-11,0.0,0.0,0.4077776516961785,0.06916704130756336,0.017755912706583058,0.004545638803516365,2.0487004286893316e-08,2.176840385854633e-13,0.00404025457178244,0.0006999503215099814,0.0006566360397965588,5.654650099731095e-14,6.682217132190236e-12,1.9641305948029702e-13,2.6418805360579534e-13,5.74214171103646e-16,5.87305259993738e-12,1.1565211645249639e-12,2.176004120639952e-13,3.5020413151201e-41,3.458148641946927e-61,1.2958873649534526e-41,1.8715729421787001e-35,495011556587251.6,-2.311484337269576e-12,-5.08942258918857e-23,0.4950115565872506,2.5026642290084984e-11,2.55388535874701e-08,1.1043252311228035e-18,5.356615618076814e-289,5.356615618935037e-289
-2.537004599339824,11.641747102982178,0.416238098762864,0.650729775205788,0.2233744598477206,4.800373961403587e-12,14653.491864580643,34.45508172917792,0.5028811536234874,1.4947168649530564e-15,6.25001594703093e-15,1.2613896136970156e-15,0.00031600431798017495,2.9887488947471535e-14,0.5040376669498989,2.5482980588320876e-11,0.0,0.0,0.41564624235934855,0.06973797239407736,0.018337447876096626,0.0046558270325278905,2.067747683908791e-08,2.1768544962140803e-13,0.004263970629011401,0.0007297639883244347,0.0007026220988626398,5.768882742095896e-14,6.863839778433038e-12,2.0110854501393425e-13,2.736356854174173e-13,5.887567345034741e-16,5.87305259993738e-12,1.1565211645249639e-12,2.176004120639952e-13,3.5020413151201e-41,3.458148641946927e-61,1.2958873649534526e-41,1.8715729421787001e-35,504037657895696.0,-2.3961943540484754e-12,-5.2765075792933367e-23,0.5040376578956945,2.5482981148672174e-11,9.054204386238496e-09,-5.603512981133061e-19,5.356615618076814e-289,5.356615618935037e-289
-2.5367692750609043,11.638772542967704,0.4199643798919505,0.6506496358183848,0.2266520389943422,4.811577234318465e-12,14648.449807353865,34.446974565858476,0.5071186204556665,1.5055558370781822e-15,6.301075798459507e-15,1.2681458626482893e-15,0.0003184763047288213,3.010793761586819e-14,0.508372550594122,2.570214314484735e-11,0.0,0.0,0.41943010314442253,0.07000489653229666,0.018619074610243126,0.004708535749932623,2.076552226138097e-08,2.176861219167055e-13,0.004374259002403626,0.0007442587599134588,0.0007254925845916483,5.823473823185403e-14,6.951032983697806e-12,2.0337046815926283e-13,2.782233097056122e-13,5.958159999968143e-16,5.87305259993738e-12,1.1565211645249639e-12,2.176004120639952e-13,3.5020413151201e-41,3.458148641946927e-61,1.2958873649534526e-41,1.8715729421787001e-35,508372545055394.06,-2.4308333124167802e-12,-5.349855235172062e-23,0.5083725450553923,2.5702143042712756e-11,5.538729697107669e-09,1.0213459455838216e-19,5.356615618076814e-289,5.356615618935037e-289
-2.536514340425408,11.635550892768899,0.42400395572620514,0.650480419559914,0.23021824803923485,4.823783675959535e-12,14643.240906080178,34.438193958241634,0.5117079227502881,1.5174647121105042e-15,6.3569561473761206e-15,1.275585669411752e-15,0.0003211657577760552,3.0346948535626386e-14,0.5130704034359307,2.5939655067969105e-11,0.0,0.0,0.4235343353890784,0.0702889146690708,0.018925987617531236,0.004765508535096785,2.085851769302874e-08,2.1768684698097762e-13,0.004495888197969063,0.0007600933486491298,0.0007508627725461322,5.882462599631571e-14,7.045504726287427e-12,2.0582685234195598e-13,2.832318434569939e-13,6.035221402773603e-16,5.87305259993738e-12,1.1565211645249639e-12,2.176004120639952e-13,3.5020413151201e-41,3.458148641946927e-61,1.2958873649534526e-41,1.8715729421787001e-35,513070400058406.3,-2.4741320103771614e-12,-5.447759815485956e-23,0.5130704000584044,2.5939655753530342e-11,3.3775262586743793e-09,-6.855612364633715e-19,5.356615618076814e-289,5.356615618935037e-289
-2.536063302224145,11.629853061688596,0.4311577839820068,0.6499742731072804,0.23656573274581438,4.845555572634002e-12,14634.661031109576,34.422664519632264,0.5198240265029733,1.5388599224249901e-15,6.458414272122842e-15,1.2892633426127826e-15,0.00032604097613159714,3.0781259325307977e-14,0.521386394062407,2.636009291996271e-11,0.0,0.0,0.430808407861642,0.07077841663245328,0.019473528589622965,0.004865990537697699,2.101717172520873e-08,2.1768812245549154e-13,0.004716614417331644,0.0007884371874783934,0.0007972865309605326,5.986499987942258e-14,7.212683241898417e-12,2.1018807691826484e-13,2.9219142915334707e-13,6.173076163365053e-16,5.87305259993738e-12,1.1565211645249639e-12,2.176004120639952e-13,3.5020413151201e-41,3.458148641946927e-61,1.2958873649534526e-41,1.8715729421787001e-35,521386392237508.5,-2.557176692619123e-12,-5.624828165360588e-23,0.5213863922375067,2.636009313278747e-11,1.8249003419512633e-09,-2.1282476019766577e-19,5.356615618076814e-289,5.356615618935037e-289
-2.536024081510992,11.629357719558397,0.4317802699508731,0.6499179473869993,0.23711989201300468,4.847459642739602e-12,14633.953782688135,34.42131446465641,0.5205295645361107,1.5408345082367535e-15,6.467664860532151e-15,1.2905940783034394e-15,0.0003264785939573612,3.0820494518500174e-14,0.5221097964791508,2.6396667083234525e-11,0.0,0.0,0.4314417055018947,0.07082020345070675,0.019521408930034786,0.004874709529487478,2.1030622375929756e-08,2.176882329686875e-13,0.0047361450805080176,0.0007909213707422248,0.0008014174555415357,5.995529716110346e-14,7.227222896182691e-12,2.1056824387495395e-13,2.9297646047474637e-13,6.185156532844631e-16,5.87305259993738e-12,1.1565211645249639e-12,2.176004120639952e-13,3.5020413151201e-41,3.458148641946927e-61,1.2958873649534526e-41,1.8715729421787001e-35,522109787945959.44,-2.557176692619123e-12,-5.623535695653474e-23,0.5221097879459575,2.6396666350904635e-11,8.533193263104977e-09,7.323298893566262e-19,5.356615618076814e-289,5.356615618935037e-289
-2.535533822596576,11.623167581862111,0.43956669682063293,0.6490490747095126,0.24407741990821807,4.8714002239807735e-12,14625.610771833126,34.40444324436518,0.5293459532305762,1.5648006976362735e-15,6.580757746551169e-15,1.3059197136236911e-15,0.00033189743097483996,3.130225098042455e-14,0.5311558281391959,2.6854013224684194e-11,0.0,0.0,0.4393681196376611,0.07133219577507538,0.020123615292857347,0.00498345508769246,2.119425567764803e-08,2.1768960980450132e-13,0.004984877904719337,0.0008222305520803161,0.0008543453003209801,6.10822059837702e-14,7.409004503674141e-12,2.1533298011794185e-13,3.028694854341121e-13,6.337429967658004e-16,5.87305259993738e-12,1.1565211645249639e-12,2.176004120639952e-13,3.5020413151201e-41,3.458148641946927e-61,1.2958873649534526e-41,1.8715729421787001e-35,531155826432512.0,-2.6272317654729704e-12,-5.779924530214281e-23,0.5311558264325101,2.6854013187221155e-11,1.706685792690621e-09,3.7463039023095033e-20,5.356615618076814e-289,5.356615618935037e-289
-2.53504356368216,11.616980478192227,0.4473628942351135,0.6478809714677035,0.25108834698150356,4.8956042476870005e-12,14618.194372971264,34.38758029331291,0.5381569204533275,1.5894226631019766e-15,6.6967122366597526e-15,1.3216483313959937e-15,0.0003374642913168643,3.1797439107028496e-14,0.5402085245633284,2.7311697146324213e-11,0.0,0.0,0.4473133472589372,0.07182524358597554,0.02073246942438349,0.0050917690637900855,2.13498537893084e-08,2.176909796328852e-13,0.005242222087612403,0.00085400295293461,0.0009097051892192941,6.220668533745626e-14,7.59085891042886e-12,2.201213195508945e-13,3.1291088251723967e-13,6.492099852221464e-16,5.87305259993738e-12,1.1565211645249639e-12,2.176004120639952e-13,3.5020413151201e-41,3.458148641946927e-61,1.2958873649534526e-41,1.8715729421787001e-35,540208520395736.44,-2.7152724513257454e-12,-5.975410573415289e-23,0.5402085203957351,2.7311696509083782e-11,4.167593270487657e-09,6.372404308494494e-19,5.356615618076814e-289,5.356615618935037e-289
-2.5348082394032403,11.614011745680171,0.45110842505680326,0.6472160419754032,0.25447195354844965,4.907314636091861e-12,14614.956284093796,34.37948901285131,0.5423842105098797,1.6014703485595395e-15,6.752878207037251e-15,1.3290900411067208e-15,0.00034018957157241057,3.2039737067546485e-14,0.5445561828119581,2.7531504585001516e-11,0.0,0.0,0.4511336573291675,0.07205528583044266,0.021027050078039882,0.005143613215410815,2.1421808174417898e-08,2.176916352764468e-13,0.00536884548777398,0.0008694128687256581,0.0009371590086431246,6.274595816709028e-14,7.678177452566416e-12,2.2242818194546922e-13,3.177834486178995e-13,6.567209036120777e-16,5.87305259993738e-12,1.1565211645249639e-12,2.176004120639952e-13,3.5020413151201e-41,3.458148641946927e-61,1.2958873649534526e-41,1.8715729421787001e-35,544556178956556.2,-2.7355895326763857e-12,-6.018385191176833e-23,0.5445561789565551,2.7531504095700977e-11,3.855402996855162e-09,4.893005386187071e-19,5.356615618076814e-289,5.356615618935037e-289
-2.5345533047677438,11.610796407061642,0.45516848020989076,0.6464205988939145,0.2581506742507433,4.92006929944819e-12,14611.683607783478,34.3707256074465,0.5469623181621592,1.614712048238209e-15,6.81540453865999e-15,1.3377345453631603e-15,0.00034315928662757145,3.2303054209426494e-14,0.5492678693420247,2.7769715683418304e-11,0.0,0.0,0.45527711768570306,0.07229972029494225,0.02134787207197083,0.005199674291096561,2.1497826959749172e-08,2.1769234454232033e-13,0.005508311766907864,0.0008862202286536033,0.0009675556839719331,6.33300466783036e-14,7.772794775821526e-12,2.24933519595946e-13,3.2310063253020156e-13,6.6492244976817845e-16,5.87305259993738e-12,1.1565211645249639e-12,2.176004120639952e-13,3.5020413151201e-41,3.458148641946927e-61,1.2958873649534526e-41,1.8715729421787001e-35,549267874716889.56,-2.780886632081092e-12,-6.114674184356834e-23,0.5492678747168889,2.776971656327758e-11,-5.374864220364373e-09,-8.798592770525177e-19,5.356615618076814e-289,5.356615618935037e-289
-2.534102266566481,11.605109738682456,0.4623576396835046,0.6448253427543994,0.2646912484509168,4.9428088757976135e-12,14606.485380350727,34.35522659277903,0.5550582586037335,1.6386037630067551e-15,6.927142656047749e-15,1.3528237610221402e-15,0.0003485468596878345,3.278198547754334e-14,0.5576083963105617,2.8191393437022282e-11,0.0,0.0,0.46261998733067167,0.07272015673787197,0.021919705379504422,0.0052986048396929195,2.1627560306742287e-08,2.1769359767083036e-13,0.005760952486859588,0.0009162369544215894,0.0010230278704392028,6.436366456077422e-14,7.940254490518493e-12,2.2938203777732244e-13,3.3260622485088103e-13,6.796003093563864e-16,5.87305259993738e-12,1.1565211645249639e-12,2.176004120639952e-13,3.5020413151201e-41,3.458148641946927e-61,1.2958873649534526e-41,1.8715729421787001e-35,557608367319602.2,-2.8257396422759484e-12,-6.212901882097506e-23,0.5576083673196018,2.819139262742904e-11,2.8990959854979792e-08,8.0959324377176725e-19,5.356615618076814e-289,5.356615618935037e-289
-2.534063045853328,11.604615366984,0.4629831012120454,0.6446753549715022,0.2652619812404342,4.944796338735201e-12,14606.067964280615,34.35387918271489,0.5557619946951273,1.6407147476163039e-15,6.936119589544563e-15,1.3538012479478174e-15,0.00034901132993663084,3.2822801004563674e-14,0.558333890221561,2.822807274517319e-11,0.0,0.0,0.46325918840505864,0.0727560001488193,0.021969690334900736,0.005307192559807473,2.1638561386977496e-08,2.1769370657518454e-13,0.005783279752820309,0.0009188636653209219,0.0010279549740315076,6.445358442454758e-14,7.954819968036959e-12,2.297698366967084e-13,3.334387323721794e-13,6.808868367102684e-16,5.87305259993738e-12,1.1565211645249639e-12,2.176004120639952e-13,3.5020413151201e-41,3.458148641946927e-61,1.2958873649534526e-41,1.8715729421787001e-35,558333894280749.6,-2.8457236567192012e-12,-6.257168969566164e-23,0.5583338942807495,2.8228073596765674e-11,-4.0591885408503e-09,-8.515924831129663e-19,5.356615618076814e-289,5.356615618935037e-289
-2.5335727869389117,11.598437356473653,0.4708063626791875,0.6426525834926123,0.27242005735092434,4.9697840272258434e-12,14601.330529288762,34.33704101506894,0.5645557862208554,1.667470854037416e-15,7.061187169600609e-15,1.3707669440404345e-15,0.0003550398008947503,3.33587548229693e-14,0.5674065921147792,2.8686768582381456e-11,0.0,0.0,0.47125927547729635,0.07319446934708358,0.022597807486579715,0.005414344676256375,2.177242108108887e-08,2.1769506774026877e-13,0.006067257474364753,0.0009519142107384526,0.0010909608538297066,6.55785823715762e-14,8.136941573355245e-12,2.346305267564401e-13,3.439251954834693e-13,6.971093837317078e-16,5.87305259993738e-12,1.1565211645249639e-12,2.176004120639952e-13,3.5020413151201e-41,3.458148641946927e-61,1.2958873649534526e-41,1.8715729421787001e-35,567406583975683.5,-2.9247715360725124e-12,-6.427451853478448e-23,0.5674065839756838,2.868676785669259e-11,8.13909539765234e-09,7.256888665775699e-19,5.356615618076814e-289,5.356615618935037e-289
-2.533082528024496,11.592262374045704,0.4786378669230388,0.6403594898529361,0.2796230576501527,4.9950328840576075e-12,14597.459808813299,34.32021110046156,0.5733435725930315,1.6949606964608999e-15,7.189137800614588e-15,1.3881159390641742e-15,0.0003611988268420683,3.3904990236368384e-14,0.5764859570150145,2.914579977303865e-11,0.0,0.0,0.479277091247366,0.07361553172816639,0.023232135209623295,0.005521150585793,2.1899749761687314e-08,2.1769643002796452e-13,0.006360374910119654,0.0009853525091842211,0.0011566306585131594,6.67063222125708e-14,8.319165974726485e-12,2.3951584583384123e-13,3.545600527894418e-13,7.135968574714203e-16,5.87305259993738e-12,1.1565211645249639e-12,2.176004120639952e-13,3.5020413151201e-41,3.458148641946927e-61,1.2958873649534526e-41,1.8715729421787001e-35,576485948693585.2,-3.0166980025114754e-12,-6.632954536909591e-23,0.576485948693585,2.914579959038118e-11,8.321429434410277e-09,1.8265747356433405e-19,5.356615618076814e-289,5.356615618935037e-289
-2.5328472037455763,11.589299457619324,0.48239978794959765,0.6391649984132493,0.2830958111448198,5.007245409974779e-12,14595.907045550373,34.312135671741466,0.5775595211629836,1.7085108228428217e-15,7.252093430118447e-15,1.3967924741663779e-15,0.0003642061627098409,3.41712954171735e-14,0.5808464107752167,2.936625401455935e-11,0.0,0.0,0.48313184338126686,0.07381157682274533,0.023538784405357695,0.005572300061305627,2.1958643730576995e-08,2.17697084905711e-13,0.006504355492973878,0.00100153486884233,0.0011891151046685652,6.724898741567779e-14,8.406671855515213e-12,2.418696223884838e-13,3.5971750722953586e-13,7.216069804828411e-16,5.87305259993738e-12,1.1565211645249639e-12,2.176004120639952e-13,3.5020413151201e-41,3.458148641946927e-61,1.2958873649534526e-41,1.8715729421787001e-35,580846416163673.0,-3.13693515607838e-12,-6.895972122307311e-23,0.5808464161636718,2.9366254765900255e-11,-5.388455126542624e-09,-7.513409070579243e-19,5.356615618076814e-289,5.356615618935037e-289
-2.5325922691100797,11.586090418215964,0.48647720209147516,0.6378037455411647,0.2868686100904192,5.020543708077516e-12,14594.445915233331,34.30338943484761,0.582125173069528,1.7233447831493826e-15,7.320512481433425e-15,1.4059371373644438e-15,0.00036753502485907703,3.4467048648933047e-14,0.5855719975128812,2.960516968492408e-11,0.0,0.0,0.4873123333502067,0.07401958604195283,0.023872543092595625,0.005627629289640556,2.202087210412583e-08,2.1769779541640158e-13,0.0066627605483711,0.001019158933947487,0.0012250212435696987,6.783808583151145e-14,8.50149870807808e-12,2.444260500047377e-13,3.6534335192470535e-13,7.30356157499471e-16,5.87305259993738e-12,1.1565211645249639e-12,2.176004120639952e-13,3.5020413151201e-41,3.458148641946927e-61,1.2958873649534526e-41,1.8715729421787001e-35,585571993329941.9,-3.2669422722619856e-12,-7.1835466321402e-23,0.5855719933299415,2.960516904533603e-11,4.182939772334748e-09,6.395880502072316e-19,5.356615618076814e-289,5.356615618935037e-289
-2.532141230908817,11.58041489066889,0.49369595734821903,0.6352268432114998,0.29357047652031887,5.044244798809783e-12,14592.418452340802,34.28792078451806,0.5901986781049667,1.7501095052069841e-15,7.444103216795875e-15,1.4226100137443435e-15,0.0003735070083070842,3.4996137199713704e-14,0.5939370576508558,3.002808731865142e-11,0.0,0.0,0.49471989110297926,0.0743766509617407,0.024467008574316426,0.0057253163916160185,2.212708767925886e-08,2.176990560165057e-13,0.0069492501463752545,0.0010505688994051597,0.0012903920071405774,6.888397256156529e-14,8.669344664989184e-12,2.489656372859172e-13,3.7539514736254454e-13,7.460207932117158e-16,5.87305259993738e-12,1.1565211645249639e-12,2.176004120639952e-13,3.5020413151201e-41,3.458148641946927e-61,1.2958873649534526e-41,1.8715729421787001e-35,593937058310740.4,-3.5124125830066077e-12,-7.717982856031882e-23,0.5939370583107395,3.0028087432234026e-11,-6.598837032356641e-10,-1.1358260621505414e-19,5.356615618076814e-289,5.356615618935037e-289
-2.532102010195664,11.57992148750099,0.4943239587084212,0.6349927135740562,0.2941548684314813,5.046316193049556e-12,14592.275457556725,34.28657601418394,0.590900467953449,1.7524876467619284e-15,7.455193542614059e-15,1.4241876511542098e-15,0.00037402595633722653,3.504180606230337e-14,0.5946647166320398,3.006487556952239e-11,0.0,0.0,0.49536470100702285,0.07440704795666517,0.024518941708479097,0.00573379901131056,2.213609540744681e-08,2.1769916588805504e-13,0.006974541309911245,0.0010533136185699962,0.0012961889377904319,6.897516508089268e-14,8.6839445973032e-12,2.493613962747289e-13,3.762751588397522e-13,7.473942643633616e-16,5.87305259993738e-12,1.1565211645249639e-12,2.176004120639952e-13,3.5020413151201e-41,3.458148641946927e-61,1.2958873649534526e-41,1.8715729421787001e-35,594664722783772.6,-3.535505221918811e-12,-7.768389174609333e-23,0.5946647227837717,3.0064876469240214e-11,-6.1517319016601846e-09,-8.997178253019073e-19,5.356615618076814e-289,5.356615618935037e-289
-2.5316117512812477,11.573755580418043,0.50217772846873,0.6319341859229017,0.3014795518295547,5.072353203417564e-12,14590.944755773835,34.26977083442937,0.5996693039620467,1.7825095204544785e-15,7.592434039806025e-15,1.4424666696902143e-15,0.00038070493811563627,3.5633318911855936e-14,0.6037641379889158,3.052492125754164e-11,0.0,0.0,0.5034338938116432,0.07477833248955576,0.025171206745809787,0.005839677154823481,2.224571072893123e-08,2.1770054343783677e-13,0.007295842497734938,0.0010877964915811747,0.0013701894963258022,7.011886566428925e-14,8.866507658277866e-12,2.543221426256487e-13,3.873555574541732e-13,7.647188465536402e-16,5.87305259993738e-12,1.1565211645249639e-12,2.176004120639952e-13,3.5020413151201e-41,3.458148641946927e-61,1.2958873649534526e-41,1.8715729421787001e-35,603764141957694.0,-3.791522651397372e-12,-8.331259732057526e-23,0.6037641419576941,3.0524922109958824e-11,-3.968778305996068e-09,-8.524171821836816e-19,5.356615618076814e-289,5.356615618935037e-289
-2.531121492366832,11.567592695485136,0.5100380652375587,0.6286358252750043,0.3088406175626161,5.0986553843828145e-12,14590.443964663564,34.252973891544734,0.6084315173744195,1.8134623327071687e-15,7.734799697340483e-15,1.4617516708212474e-15,0.000387593257231745,3.624379176364949e-14,0.6128702610622968,3.0985306881019264e-11,0.0,0.0,0.5115195726239729,0.07513386307358741,0.0258292321034676,0.005945280349773566,2.2349994038405496e-08,2.1770193008466112e-13,0.0076267877361867464,0.0011225873047505206,0.0014470780855840718,7.127051348760886e-14,9.049191106064197e-12,2.5930854845613807e-13,3.985846503599198e-13,7.823374182481305e-16,5.87305259993738e-12,1.1565211645249639e-12,2.176004120639952e-13,3.5020413151201e-41,3.458148641946927e-61,1.2958873649534526e-41,1.8715729421787001e-35,612870255757864.1,-4.037326029049382e-12,-8.866988425656322e-23,0.6128702557578639,3.098530621553574e-11,5.30443289292748e-09,6.654835273569208e-19,5.356615618076814e-289,5.356615618935037e-289
-2.5308861680879122,11.564635583750054,0.5138132300782356,0.6269695169857599,0.31238648082947196,5.1113753339780775e-12,14590.496814700784,34.24491428351077,0.6126350047080806,1.8285713504124904e-15,7.804733703586615e-15,1.4713604354654412e-15,0.00039094128038528,3.653951917182324e-14,0.6172435662864357,3.120641026513085e-11,0.0,0.0,0.5154064560089671,0.07529905193230864,0.026147117060614383,0.005995876938941257,2.2398233571246734e-08,2.177025995091222e-13,0.0077891028696729795,0.00113939029242557,0.0014850264690316765,7.182652404919854e-14,9.136922686858941e-12,2.6171121422675507e-13,4.040274664206598e-13,7.909011422419649e-16,5.87305259993738e-12,1.1565211645249639e-12,2.176004120639952e-13,3.5020413151201e-41,3.458148641946927e-61,1.2958873649534526e-41,1.8715729421787001e-35,617243569754715.0,-4.160338740177849e-12,-9.134529655028942e-23,0.617243569754715,3.120641088181058e-11,-3.4682792193763134e-09,-6.166797290446244e-19,5.356615618076814e-289,5.356615618935037e-289
-2.5306312334524157,11.561432831220984,0.5179045319715792,0.6251050652386295,0.31623641497270677,5.1252252816686025e-12,14590.768416957586,34.236185181492786,0.6171869973808457,1.8452682423769425e-15,7.880743772944129e-15,1.48150410604642e-15,0.0003946444326085192,3.686729631521992e-14,0.6219830686062134,3.144602902349107e-11,0.0,0.0,0.5196214063214409,0.07547407586541126,0.026492941982474642,0.006050624545694769,2.2449207415450223e-08,2.1770332788588853e-13,0.007967498895556601,0.0011576656662826105,0.0015269092216891765,7.24314630969803e-14,9.231997413473638e-12,2.6432087523621926e-13,4.0996255994339634e-13,8.002581170008833e-16,5.87305259993738e-12,1.1565211645249639e-12,2.176004120639952e-13,3.5020413151201e-41,3.458148641946927e-61,1.2958873649534526e-41,1.8715729421787001e-35,621983069094039.8,-4.278133403090578e-12,-9.391084891891092e-23,0.6219830690940398,3.144602903419703e-11,-4.878263348828682e-10,-1.0705959561378021e-20,5.356615618076814e-289,5.356615618935037e-289
-2.530180195251153,11.555768422679856,0.5251467200101413,0.6216583240861442,0.3230693053045165,5.149908199477086e-12,14591.792173528049,34.220746836013944,0.6252359516966026,1.8755054299736276e-15,8.018504082796728e-15,1.5000616454374317e-15,0.00040132676613651623,3.74583458736062e-14,0.6303727852181341,3.187019426369248e-11,0.0,0.0,0.527089076169328,0.07577391177381158,0.02710847050436066,0.0061473255161994984,2.253622016100499e-08,2.1770462552079205e-13,0.008289681675385976,0.0011901740949059802,0.0016029990331692086,7.350894282388299e-14,9.400289103956823e-12,2.689553356533626e-13,4.2056179302728906e-13,8.170191262933874e-16,5.87305259993738e-12,1.1565211645249639e-12,2.176004120639952e-13,3.5020413151201e-41,3.458148641946927e-61,1.2958873649534526e-41,1.8715729421787001e-35,630372778617170.1,-4.497402450454047e-12,-9.868652448669754e-23,0.6303727786171704,3.187019339229945e-11,6.600963664560311e-09,8.713930285530749e-19,5.356615618076814e-289,5.356615618935037e-289
-2.530140974538,11.555275986145052,0.5257766921230045,0.6213498000970938,0.32366475554159213,5.152065598947331e-12,14591.914419529185,34.219404700238336,0.6259355851109212,1.8781457163043594e-15,8.030885730671148e-15,1.5018171627449549e-15,0.0004019096319228713,3.750972551776841e-14,0.6311025911540695,3.190709145796471e-11,0.0,0.0,0.5277390632449227,0.07579940081365656,0.027162217459051993,0.006155724924997598,2.2543599799585015e-08,2.1770473894403953e-13,0.008318096046915564,0.0011930110699179255,0.0016097367586177258,7.360310062111373e-14,9.414928173583182e-12,2.6935938640230747e-13,4.214894278642941e-13,8.184892795363437e-16,5.87305259993738e-12,1.1565211645249639e-12,2.176004120639952e-13,3.5020413151201e-41,3.458148641946927e-61,1.2958873649534526e-41,1.8715729421787001e-35,631102586879522.6,-4.515388063452974e-12,-9.910011479297406e-23,0.6311025868795229,3.190709081434786e-11,4.274546605564922e-09,6.436168527677167e-19,5.356615618076814e-289,5.356615618935037e-289
-2.5296507156235837,11.549122158777509,0.5336540748132403,0.6173775084924443,0.3311240155938651,5.179178115596722e-12,14593.875582611598,34.202632443748094,0.6346771437353593,1.9120555037411454e-15,8.185130312720312e-15,1.5226517528064463e-15,0.00040936792556771877,3.81679618628877e-14,0.6402288071373435,3.23684908857507e-11,0.0,0.0,0.5358721761492657,0.0761102795598139,0.02783698349794766,0.006260596042785841,2.26334080643879e-08,2.177061654240566e-13,0.008678697378811157,0.0012286029231753802,0.0016956138460182087,7.478685413275263e-14,9.597984214383722e-12,2.7442434826006233e-13,4.331654169254666e-13,8.370394140200469e-16,5.87305259993738e-12,1.1565211645249639e-12,2.176004120639952e-13,3.5020413151201e-41,3.458148641946927e-61,1.2958873649534526e-41,1.8715729421787001e-35,640228814031222.6,-4.7486459209267196e-12,-1.0417305839339692e-22,0.6402288140312229,3.2368491804575855e-11,-6.893879356262289e-09,-9.188251546146052e-19,5.356615618076814e-289,5.356615618935037e-289
-2.529160456709168,11.542971347639268,0.5415362466195032,0.6131960761713185,0.3386121258345179,5.206567619651234e-12,14596.654107943756,34.185868407990824,0.6434115356595311,1.947072402000404e-15,8.342705255286152e-15,1.5435804926687981e-15,0.0004170561938269586,3.88464471140755e-14,0.6493617499698767,3.283023136480772e-11,0.0,0.0,0.5440204139839401,0.07640715064980383,0.02851712913731789,0.0063652517744477504,2.2718857721363474e-08,2.1770760956303394e-13,0.0090494191388832,0.0012644205786511344,0.0017845928874421625,7.598419862817572e-14,9.781165498869766e-12,2.795160300491358e-13,4.449907109261881e-13,8.559178191216998e-16,5.87305259993738e-12,1.1565211645249639e-12,2.176004120639952e-13,3.5020413151201e-41,3.458148641946927e-61,1.2958873649534526e-41,1.8715729421787001e-35,649361755469597.4,-4.988010005035903e-12,-1.0949157123817147e-22,0.6493617554695968,3.283023225364796e-11,-5.499720123758323e-09,-8.888402386881216e-19,5.356615618076814e-289,5.356615618935037e-289
-2.528925132430248,11.540020029223435,0.545321253235827,0.6111170284105628,0.34221604808991235,5.219813887507424e-12,14598.277497307983,34.177824589648466,0.6476014472824365,1.964313589108604e-15,8.421343680734473e-15,1.5543380755641072e-15,0.0004208476459026158,3.9181571372651774e-14,0.6537479592598383,3.3051989093740724e-11,0.0,0.0,0.5479368332960715,0.07654480204692916,0.028845476265838353,0.006415413923623273,2.2758388855297357e-08,2.177083097004473e-13,0.009230993983866755,0.0012816871867829054,0.001828419837905196,7.656419820192845e-14,9.86913676486893e-12,2.819696081230118e-13,4.507199446778811e-13,8.650987676321989e-16,5.87305259993738e-12,1.1565211645249639e-12,2.176004120639952e-13,3.5020413151201e-41,3.458148641946927e-61,1.2958873649534526e-41,1.8715729421787001e-35,653747953720371.8,-5.096700839146706e-12,-1.1182447905951243e-22,0.6537479537203712,3.305198831807669e-11,5.539467107240625e-09,7.756640366477724e-19,5.356615618076814e-289,5.356615618935037e-289
-2.5286701977947517,11.536823551251949,0.5494227300203864,0.6088131761942661,0.3461272836635161,5.234236826295611e-12,14600.246550305535,34.16911258893719,0.6521386045089099,1.983263766513772e-15,8.506458560223216e-15,1.5656495935007548e-15,0.0004249983047868509,3.9547565743469845e-14,0.6585014191283501,3.3292313027649765e-11,0.0,0.0,0.5521834002386558,0.07669045686195457,0.029202563717741943,0.006469705348979371,2.2800163653057556e-08,2.1770907368415695e-13,0.009430375567248002,0.0013004433574793275,0.0018767255339979516,7.719666384224796e-14,9.964471126443558e-12,2.846347044320306e-13,4.569655157057998e-13,8.751337257180024e-16,5.87305259993738e-12,1.1565211645249639e-12,2.176004120639952e-13,3.5020413151201e-41,3.458148641946927e-61,1.2958873649534526e-41,1.8715729421787001e-35,658501416118716.6,-5.211053810683097e-12,-1.1433833263984936e-22,0.6585014161187163,3.329231241051388e-11,3.0096338754503904e-09,6.171358868407047e-19,5.356615618076814e-289,5.356615618935037e-289
-2.528219159593489,11.53117023993337,0.556681705434368,0.6046092495408847,0.35306397467089107,5.259943570032797e-12,14604.27186180361,34.1537044889384,0.6601609579777364,2.0175707136041016e-15,8.660757517746425e-15,1.5863257935855713e-15,0.00043248335386481955,4.020663066108858e-14,0.6669158389172757,3.371772600392126e-11,0.0,0.0,0.5597060616347171,0.07693950568781081,0.029837788235453577,0.006565634983942515,2.2871481791459365e-08,2.1771044040799592e-13,0.009789991184290383,0.0013337477003899137,0.0019643165511273675,7.832685608898467e-14,1.0133220658767442e-11,2.8936796256770476e-13,4.681145806987955e-13,8.931190258346947e-16,5.87305259993738e-12,1.1565211645249639e-12,2.176004120639952e-13,3.5020413151201e-41,3.458148641946927e-61,1.2958873649534526e-41,1.8715729421787001e-35,666915842558797.2,-5.429323657324403e-12,-1.191786316929917e-22,0.6669158425587971,3.3717726398914403e-11,-3.6415214177409894e-09,-3.9499314060660797e-19,5.356615618076814e-289,5.356615618935037e-289
-2.528179938880336,11.530678768137916,0.5573130652159686,0.604236157169459,0.3536681038500076,5.262190419108509e-12,14604.654531465305,34.15236498255989,0.6608582519161902,2.0206359013684654e-15,8.674779383626758e-15,1.588295225648403e-15,0.000433150303793746,4.026552312098749e-14,0.6676478019439457,3.375473254708315e-11,0.0,0.0,0.5603607746073404,0.07696064830809393,0.029893228719272906,0.006573969420463275,2.287753088860217e-08,2.1771056021397102e-13,0.009821678811833682,0.001336650578746399,0.001972062626069068,7.842584430008621e-14,1.0147899371394328e-11,2.8978064815388224e-13,4.690900604851371e-13,8.946971173036543e-16,5.87305259993738e-12,1.1565211645249639e-12,2.176004120639952e-13,3.5020413151201e-41,3.458148641946927e-61,1.2958873649534526e-41,1.8715729421787001e-35,667647800906204.9,-5.444755757366693e-12,-1.1951467381684136e-22,0.6676478009062047,3.375473252430287e-11,1.0377410042394786e-09,2.2780276188723353e-20,5.356615618076814e-289,5.356615618935037e-289
-2.5276896799659196,11.524536996820238,0.5652067815190281,0.5994728103256152,0.36123265525813775,5.290433177498243e-12,14609.880446344865,34.135625584833555,0.6695703173749669,2.059291307538031e-15,8.848388430032378e-15,1.6116165497595828e-15,0.0004415662725855903,4.1006577448637e-14,0.6768009193733648,3.4217493497334375e-11,0.0,0.0,0.5685521644167718,0.07721816696750908,0.030589021710836578,0.006678055979288102,2.2951155067415797e-08,2.1771207169305323e-13,0.0102234388770289,0.0013730215830249507,0.0020706541906750785,7.967340451012729e-14,1.0331447549167726e-11,2.9495414202102676e-13,4.813645977023536e-13,9.146182784100903e-16,5.87305259993738e-12,1.1565211645249639e-12,2.176004120639952e-13,3.5020413151201e-41,3.458148641946927e-61,1.2958873649534526e-41,1.8715729421787001e-35,676800914763305.0,-5.661804358680911e-12,-1.243743599155904e-22,0.6768009147633044,3.42174928443272e-11,4.6100604444987425e-09,6.530071751024806e-19,5.356615618076814e-289,5.356615618935037e-289
-2.527199421051504,11.518398235822723,0.5731033953883881,0.5945304020244178,0.3688196093317108,5.318969194118403e-12,14615.924438358841,34.11889439173483,0.6782746812321648,2.0992041691142625e-15,9.027240100746821e-15,1.6355802210626298e-15,0.0004502266252449458,4.1767674871447426e-14,0.6859607570621453,3.468059272764622e-11,0.0,0.0,0.5767571824488853,0.07746346099927232,0.03128988698287012,0.006781976469164935,2.3021223146660294e-08,2.1771361079784812e-13,0.010635763529658282,0.0014095357554569617,0.0021725494042686014,8.094109179993006e-14,1.0515112109048413e-11,3.0015547183698136e-13,4.937894051840005e-13,9.349077999870803e-16,5.87305259993738e-12,1.1565211645249639e-12,2.176004120639952e-13,3.5020413151201e-41,3.458148641946927e-61,1.2958873649534526e-41,1.8715729421787001e-35,685960762624817.0,-5.8725246887547655e-12,-1.2900786381559446e-22,0.6859607626248158,3.4680593620078966e-11,-5.562670435388384e-09,-8.924327487119247e-19,5.356615618076814e-289,5.356615618935037e-289
-2.526964096772584,11.515452699376363,0.5768946653149081,0.592096778066763,0.372468677332966,5.332772838521721e-12,14619.119007519637,34.11086633215027,0.6824499915832787,2.118921017023594e-15,9.114528060576014e-15,1.647058252954683e-15,0.00045449858485962927,4.214340423634924e-14,0.6903598817122493,3.4903002948359876e-11,0.0,0.0,0.5807003257553475,0.07757698869613681,0.03162806866993764,0.006831802520898213,2.3053645479057782e-08,2.1771436020477338e-13,0.01083746296133331,0.0014271073760378226,0.0022226467754475412,8.155726680734456e-14,1.06033111457683e-11,3.0266208269472575e-13,4.998067768427849e-13,9.447810060254872e-16,5.87305259993738e-12,1.1565211645249639e-12,2.176004120639952e-13,3.5020413151201e-41,3.458148641946927e-61,1.2958873649534526e-41,1.8715729421787001e-35,690359882966652.4,-5.967781824267604e-12,-1.3110812708965489e-22,0.6903598829666511,3.490300299561997e-11,-1.2544018046511951e-09,-4.7260091881164934e-20,5.356615618076814e-289,5.356615618935037e-289
-2.5267091621370876,11.51226248366989,0.5810024473442512,0.5894165759320327,0.37642718234003897,5.347805438911531e-12,14622.794687779153,34.10217139924228,0.6869712058136284,2.14061762035777e-15,9.210549295328826e-15,1.6597291958079644e-15,0.0004591761205692202,4.2553810876054295e-14,0.6951273444675415,3.514403422137495e-11,0.0,0.0,0.5849754638511551,0.07769697248533959,0.03199573200439217,0.006885741725212011,2.3087913849072004e-08,2.1771518035591098e-13,0.011058758232110702,0.0014461725516917334,0.002277796556712114,8.223074424982951e-14,1.0698888527164195e-11,3.053849285378862e-13,5.063647863222022e-13,9.555772076081062e-16,5.87305259993738e-12,1.1565211645249639e-12,2.176004120639952e-13,3.5020413151201e-41,3.458148641946927e-61,1.2958873649534526e-41,1.8715729421787001e-35,695127349429165.2,-6.0854654648778705e-12,-1.3368660415534753e-22,0.6951273494291631,3.5144035101233514e-11,-4.961621558052798e-09,-8.798585629630045e-19,5.356615618076814e-289,5.356615618935037e-289
-2.526258123935825,11.506620247833133,0.5882713057815746,0.5845667243804306,0.38344313705655914,5.3746041370183164e-12,14629.847108018606,34.0867934854692,0.6949649635573811,2.1800962773265495e-15,9.385580262174604e-15,1.6829781659614604e-15,0.0004676813491352346,4.330052011735658e-14,0.7035665643435434,3.5570702110494545e-11,0.0,0.0,0.5925476541030879,0.0779017771373032,0.03264945174775343,0.006981077480255575,2.3146433492619284e-08,2.1771665382082262e-13,0.011457425801763241,0.0014799691175750073,0.0023776251382427935,8.343829014837401e-14,1.0868056911533436e-11,3.102211252857315e-13,5.180674072081851e-13,9.74938498880263e-16,5.87305259993738e-12,1.1565211645249639e-12,2.176004120639952e-13,3.5020413151201e-41,3.458148641946927e-61,1.2958873649534526e-41,1.8715729421787001e-35,703566565371783.2,-6.263656260330208e-12,-1.3763509911058112e-22,0.7035665653717819,3.557070238969201e-11,-1.0282384943494094e-09,-2.791974643614565e-19,5.356615618076814e-289,5.356615618935037e-289
-2.526218903222672,11.506129738886996,0.5889034476069248,0.5841386770560807,0.3840538857672422,5.376947027355547e-12,14630.494252320897,34.0854566033365,0.6956597461798641,2.1835411450396246e-15,9.401512419923175e-15,1.6851906384115855e-15,0.0004684412262435172,4.336761259310702e-14,0.7043006828979783,3.5607818151764023e-11,0.0,0.0,0.5932066116759067,0.0779191433229588,0.03270648666658803,0.006989361996491229,2.315139813886627e-08,2.1771678336655876e-13,0.011492526065467858,0.001482911514537264,0.0023864430536024175,8.354430206361483e-14,1.0882771298381913e-11,3.106428087754031e-13,5.190910715357344e-13,9.766380960705428e-16,5.87305259993738e-12,1.1565211645249639e-12,2.176004120639952e-13,3.5020413151201e-41,3.458148641946927e-61,1.2958873649534526e-41,1.8715729421787001e-35,704300680118333.4,-6.281197784119286e-12,-1.379905282800375e-22,0.7043006801183325,3.560781753764626e-11,2.779645846828771e-09,6.141177632794401e-19,5.356615618076814e-289,5.356615618935037e-289
-2.5257286443082556,11.500000000000002,0.5968059253660428,0.5787036322364302,0.391698672592816,5.406401138299156e-12,14639.031284800363,34.06875,0.7043402130572582,2.2280220043541516e-15,9.59847709363475e-15,1.7113729935574401e-15,0.0004779814900005208,4.420353669957132e-14,0.7134807596378329,3.607194117935614e-11,0.0,0.0,0.6014502460030519,0.07813041736202331,0.033422114776269066,0.007092846995509021,2.321183973507638e-08,2.177184230257895e-13,0.01193716763251386,0.001519732297785098,0.0024985353612644854,8.488382155889644e-14,1.1066753951169018e-11,3.159294156324568e-13,5.31968619932744e-13,9.981029953986972e-16,5.87305259993738e-12,1.1565211645249639e-12,2.176004120639952e-13,3.5020413151201e-41,3.458148641946927e-61,1.2958873649534526e-41,1.8715729421787001e-35,713480759637941.0,-6.488032333606952e-12,-1.42527096952008e-22,0.7134807596379403,3.607194117935616e-11,-1.0746958878371515e-13,-1.9387045606711586e-26,5.356615618076814e-289,5.356615618935037e-289
