history_provenance,interval_index,z_mid,sequence,level,delta_chi_cMpc,group,component,finite_cell_deposition_rate,differential_hazard_rate,relative_difference,observed_order
CANONICAL_DIRECT_REEVOLVED,0,5.95,STRESS_1_cMpc,0,1.0,G1,EFFECTIVE_HI_SUBGRID,3.941410100084521e+50,4.025240782605081e+50,0.020826252899660138,
CANONICAL_DIRECT_REEVOLVED,0,5.95,STRESS_1_cMpc,0,1.0,G1,EXPLICIT_HI_ATOMIC,0.0,0.0,0.0,
CANONICAL_DIRECT_REEVOLVED,0,5.95,STRESS_1_cMpc,0,1.0,G1,EXPLICIT_HEI_ATOMIC,0.0,0.0,0.0,
CANONICAL_DIRECT_REEVOLVED,0,5.95,STRESS_1_cMpc,0,1.0,G1,EXPLICIT_HEII_ATOMIC,0.0,0.0,0.0,
CANONICAL_DIRECT_REEVOLVED,0,5.95,STRESS_1_cMpc,0,1.0,G1,TOTAL_PHYSICAL,3.941410100084521e+50,4.025240782605081e+50,0.020826252899660138,
CANONICAL_DIRECT_REEVOLVED,0,5.95,STRESS_1_cMpc,0,1.0,G2a,EFFECTIVE_HI_SUBGRID,9.718435065682861e+49,9.819056446195713e+49,0.010247561062940695,
CANONICAL_DIRECT_REEVOLVED,0,5.95,STRESS_1_cMpc,0,1.0,G2a,EXPLICIT_HI_ATOMIC,0.0,0.0,0.0,
CANONICAL_DIRECT_REEVOLVED,0,5.95,STRESS_1_cMpc,0,1.0,G2a,EXPLICIT_HEI_ATOMIC,6.585753786371366e+48,6.654262600321941e+48,0.010295477961338801,
CANONICAL_DIRECT_REEVOLVED,0,5.95,STRESS_1_cMpc,0,1.0,G2a,EXPLICIT_HEII_ATOMIC,0.0,0.0,0.0,
CANONICAL_DIRECT_REEVOLVED,0,5.95,STRESS_1_cMpc,0,1.0,G2a,TOTAL_PHYSICAL,1.0377010444319998e+50,1.0484482706227906e+50,0.01025060223944748,
CANONICAL_DIRECT_REEVOLVED,0,5.95,STRESS_1_cMpc,0,1.0,G2b,EFFECTIVE_HI_SUBGRID,0.0,0.0,0.0,
CANONICAL_DIRECT_REEVOLVED,0,5.95,STRESS_1_cMpc,0,1.0,G2b,EXPLICIT_HI_ATOMIC,9.609613936586316e+47,9.614376044788035e+47,0.000495311206836015,
CANONICAL_DIRECT_REEVOLVED,0,5.95,STRESS_1_cMpc,0,1.0,G2b,EXPLICIT_HEI_ATOMIC,1.5462924789035094e+48,1.5470485527076108e+48,0.0004887201521750047,
CANONICAL_DIRECT_REEVOLVED,0,5.95,STRESS_1_cMpc,0,1.0,G2b,EXPLICIT_HEII_ATOMIC,0.0,0.0,0.0,
CANONICAL_DIRECT_REEVOLVED,0,5.95,STRESS_1_cMpc,0,1.0,G2b,TOTAL_PHYSICAL,2.507253872562141e+48,2.508486157186414e+48,0.0004912463322719647,
CANONICAL_DIRECT_REEVOLVED,0,5.95,STRESS_1_cMpc,0,1.0,G3,EFFECTIVE_HI_SUBGRID,0.0,0.0,0.0,
CANONICAL_DIRECT_REEVOLVED,0,5.95,STRESS_1_cMpc,0,1.0,G3,EXPLICIT_HI_ATOMIC,0.0,0.0,0.0,
CANONICAL_DIRECT_REEVOLVED,0,5.95,STRESS_1_cMpc,0,1.0,G3,EXPLICIT_HEI_ATOMIC,0.0,0.0,0.0,
CANONICAL_DIRECT_REEVOLVED,0,5.95,STRESS_1_cMpc,0,1.0,G3,EXPLICIT_HEII_ATOMIC,0.0,0.0,0.0,
CANONICAL_DIRECT_REEVOLVED,0,5.95,STRESS_1_cMpc,0,1.0,G3,TOTAL_PHYSICAL,0.0,0.0,0.0,
CANONICAL_DIRECT_REEVOLVED,0,5.95,STRESS_1_cMpc,1,0.5,G1,EFFECTIVE_HI_SUBGRID,3.98301307301623e+50,4.025240782605081e+50,0.010490728845672115,0.9892883772514577
CANONICAL_DIRECT_REEVOLVED,0,5.95,STRESS_1_cMpc,1,0.5,G1,EXPLICIT_HI_ATOMIC,0.0,0.0,0.0,
CANONICAL_DIRECT_REEVOLVED,0,5.95,STRESS_1_cMpc,1,0.5,G1,EXPLICIT_HEI_ATOMIC,0.0,0.0,0.0,
CANONICAL_DIRECT_REEVOLVED,0,5.95,STRESS_1_cMpc,1,0.5,G1,EXPLICIT_HEII_ATOMIC,0.0,0.0,0.0,
CANONICAL_DIRECT_REEVOLVED,0,5.95,STRESS_1_cMpc,1,0.5,G1,TOTAL_PHYSICAL,3.98301307301623e+50,4.025240782605081e+50,0.010490728845672115,0.9892883772514577
CANONICAL_DIRECT_REEVOLVED,0,5.95,STRESS_1_cMpc,1,0.5,G2a,EFFECTIVE_HI_SUBGRID,9.768569043218936e+49,9.819056446195713e+49,0.005141777446074031,0.9949415148973053
CANONICAL_DIRECT_REEVOLVED,0,5.95,STRESS_1_cMpc,1,0.5,G2a,EXPLICIT_HI_ATOMIC,0.0,0.0,0.0,
CANONICAL_DIRECT_REEVOLVED,0,5.95,STRESS_1_cMpc,1,0.5,G2a,EXPLICIT_HEI_ATOMIC,6.619887440011088e+48,6.654262600321941e+48,0.005165885745054711,0.994923167227897
CANONICAL_DIRECT_REEVOLVED,0,5.95,STRESS_1_cMpc,1,0.5,G2a,EXPLICIT_HEII_ATOMIC,0.0,0.0,0.0,
CANONICAL_DIRECT_REEVOLVED,0,5.95,STRESS_1_cMpc,1,0.5,G2a,TOTAL_PHYSICAL,1.0430557787220043e+50,1.0484482706227906e+50,0.005143307544952225,0.9949403453075211
CANONICAL_DIRECT_REEVOLVED,0,5.95,STRESS_1_cMpc,1,0.5,G2b,EFFECTIVE_HI_SUBGRID,0.0,0.0,0.0,
CANONICAL_DIRECT_REEVOLVED,0,5.95,STRESS_1_cMpc,1,0.5,G2b,EXPLICIT_HI_ATOMIC,9.611994581820713e+47,9.614376044788035e+47,0.0002476981299908134,0.9997522866117448
CANONICAL_DIRECT_REEVOLVED,0,5.95,STRESS_1_cMpc,1,0.5,G2b,EXPLICIT_HEI_ATOMIC,1.5466704516410194e+48,1.5470485527076108e+48,0.0002444015515412579,0.9997551508620443
CANONICAL_DIRECT_REEVOLVED,0,5.95,STRESS_1_cMpc,1,0.5,G2b,EXPLICIT_HEII_ATOMIC,0.0,0.0,0.0,
CANONICAL_DIRECT_REEVOLVED,0,5.95,STRESS_1_cMpc,1,0.5,G2b,TOTAL_PHYSICAL,2.5078699098230905e+48,2.508486157186414e+48,0.00024566504445640714,0.999754043984605
CANONICAL_DIRECT_REEVOLVED,0,5.95,STRESS_1_cMpc,1,0.5,G3,EFFECTIVE_HI_SUBGRID,0.0,0.0,0.0,
CANONICAL_DIRECT_REEVOLVED,0,5.95,STRESS_1_cMpc,1,0.5,G3,EXPLICIT_HI_ATOMIC,0.0,0.0,0.0,
CANONICAL_DIRECT_REEVOLVED,0,5.95,STRESS_1_cMpc,1,0.5,G3,EXPLICIT_HEI_ATOMIC,0.0,0.0,0.0,
CANONICAL_DIRECT_REEVOLVED,0,5.95,STRESS_1_cMpc,1,0.5,G3,EXPLICIT_HEII_ATOMIC,0.0,0.0,0.0,
CANONICAL_DIRECT_REEVOLVED,0,5.95,STRESS_1_cMpc,1,0.5,G3,TOTAL_PHYSICAL,0.0,0.0,0.0,
CANONICAL_DIRECT_REEVOLVED,0,5.95,STRESS_1_cMpc,2,0.25,G1,EFFECTIVE_HI_SUBGRID,4.00404814600669e+50,4.025240782605081e+50,0.0052649363710050535,0.9946269120635095
CANONICAL_DIRECT_REEVOLVED,0,5.95,STRESS_1_cMpc,2,0.25,G1,EXPLICIT_HI_ATOMIC,0.0,0.0,0.0,
CANONICAL_DIRECT_REEVOLVED,0,5.95,STRESS_1_cMpc,2,0.25,G1,EXPLICIT_HEI_ATOMIC,0.0,0.0,0.0,
CANONICAL_DIRECT_REEVOLVED,0,5.95,STRESS_1_cMpc,2,0.25,G1,EXPLICIT_HEII_ATOMIC,0.0,0.0,0.0,
CANONICAL_DIRECT_REEVOLVED,0,5.95,STRESS_1_cMpc,2,0.25,G1,TOTAL_PHYSICAL,4.00404814600669e+50,4.025240782605081e+50,0.0052649363710050535,0.9946269120635095
CANONICAL_DIRECT_REEVOLVED,0,5.95,STRESS_1_cMpc,2,0.25,G2a,EFFECTIVE_HI_SUBGRID,9.793768388061032e+49,9.819056446195713e+49,0.002575406127182303,0.9974672114903307
CANONICAL_DIRECT_REEVOLVED,0,5.95,STRESS_1_cMpc,2,0.25,G2a,EXPLICIT_HI_ATOMIC,0.0,0.0,0.0,
CANONICAL_DIRECT_REEVOLVED,0,5.95,STRESS_1_cMpc,2,0.25,G2a,EXPLICIT_HEI_ATOMIC,6.637044709575937e+48,6.654262600321941e+48,0.002587497936310966,0.9974580234550049
CANONICAL_DIRECT_REEVOLVED,0,5.95,STRESS_1_cMpc,2,0.25,G2a,EXPLICIT_HEII_ATOMIC,0.0,0.0,0.0,
CANONICAL_DIRECT_REEVOLVED,0,5.95,STRESS_1_cMpc,2,0.25,G2a,TOTAL_PHYSICAL,1.0457472859018629e+50,1.0484482706227906e+50,0.002576173566792529,0.9974666257852288
CANONICAL_DIRECT_REEVOLVED,0,5.95,STRESS_1_cMpc,2,0.25,G2b,EFFECTIVE_HI_SUBGRID,0.0,0.0,0.0,
CANONICAL_DIRECT_REEVOLVED,0,5.95,STRESS_1_cMpc,2,0.25,G2b,EXPLICIT_HI_ATOMIC,9.613185211067342e+47,9.614376044788035e+47,0.00012385969876210228,0.9998761345197932
CANONICAL_DIRECT_REEVOLVED,0,5.95,STRESS_1_cMpc,2,0.25,G2b,EXPLICIT_HEI_ATOMIC,1.546859486130007e+48,1.5470485527076108e+48,0.00012221114668503104,0.9998775668008664
CANONICAL_DIRECT_REEVOLVED,0,5.95,STRESS_1_cMpc,2,0.25,G2b,EXPLICIT_HEII_ATOMIC,0.0,0.0,0.0,
CANONICAL_DIRECT_REEVOLVED,0,5.95,STRESS_1_cMpc,2,0.25,G2b,TOTAL_PHYSICAL,2.5081780072367412e+48,2.508486157186414e+48,0.00012284299388696704,0.9998770133026198
CANONICAL_DIRECT_REEVOLVED,0,5.95,STRESS_1_cMpc,2,0.25,G3,EFFECTIVE_HI_SUBGRID,0.0,0.0,0.0,
CANONICAL_DIRECT_REEVOLVED,0,5.95,STRESS_1_cMpc,2,0.25,G3,EXPLICIT_HI_ATOMIC,0.0,0.0,0.0,
CANONICAL_DIRECT_REEVOLVED,0,5.95,STRESS_1_cMpc,2,0.25,G3,EXPLICIT_HEI_ATOMIC,0.0,0.0,0.0,
CANONICAL_DIRECT_REEVOLVED,0,5.95,STRESS_1_cMpc,2,0.25,G3,EXPLICIT_HEII_ATOMIC,0.0,0.0,0.0,
CANONICAL_DIRECT_REEVOLVED,0,5.95,STRESS_1_cMpc,2,0.25,G3,TOTAL_PHYSICAL,0.0,0.0,0.0,
CANONICAL_DIRECT_REEVOLVED,0,5.95,STRESS_1_cMpc,3,0.125,G1,EFFECTIVE_HI_SUBGRID,4.014624681899578e+50,4.025240782605081e+50,0.002637382775057808,0.9973091246458475
CANONICAL_DIRECT_REEVOLVED,0,5.95,STRESS_1_cMpc,3,0.125,G1,EXPLICIT_HI_ATOMIC,0.0,0.0,0.0,
CANONICAL_DIRECT_REEVOLVED,0,5.95,STRESS_1_cMpc,3,0.125,G1,EXPLICIT_HEI_ATOMIC,0.0,0.0,0.0,
CANONICAL_DIRECT_REEVOLVED,0,5.95,STRESS_1_cMpc,3,0.125,G1,EXPLICIT_HEII_ATOMIC,0.0,0.0,0.0,
CANONICAL_DIRECT_REEVOLVED,0,5.95,STRESS_1_cMpc,3,0.125,G1,TOTAL_PHYSICAL,4.014624681899578e+50,4.025240782605081e+50,0.002637382775057808,0.9973091246458475
CANONICAL_DIRECT_REEVOLVED,0,5.95,STRESS_1_cMpc,3,0.125,G2a,EFFECTIVE_HI_SUBGRID,9.80640130557276e+49,9.819056446195713e+49,0.001288834695298633,0.9987327183140705
CANONICAL_DIRECT_REEVOLVED,0,5.95,STRESS_1_cMpc,3,0.125,G2a,EXPLICIT_HI_ATOMIC,0.0,0.0,0.0,
CANONICAL_DIRECT_REEVOLVED,0,5.95,STRESS_1_cMpc,3,0.125,G2a,EXPLICIT_HEI_ATOMIC,6.645646061960381e+48,6.654262600321941e+48,0.001294890039527935,0.9987281207522
CANONICAL_DIRECT_REEVOLVED,0,5.95,STRESS_1_cMpc,3,0.125,G2a,EXPLICIT_HEII_ATOMIC,0.0,0.0,0.0,
CANONICAL_DIRECT_REEVOLVED,0,5.95,STRESS_1_cMpc,3,0.125,G2a,TOTAL_PHYSICAL,1.0470965911768802e+50,1.0484482706227906e+50,0.0012892190142175478,0.9987324252344437
CANONICAL_DIRECT_REEVOLVED,0,5.95,STRESS_1_cMpc,3,0.125,G2b,EFFECTIVE_HI_SUBGRID,0.0,0.0,0.0,
CANONICAL_DIRECT_REEVOLVED,0,5.95,STRESS_1_cMpc,3,0.125,G2b,EXPLICIT_HI_ATOMIC,9.61378060236588e+47,9.614376044788035e+47,6.19325080880484e-05,0.9999380650670778
CANONICAL_DIRECT_REEVOLVED,0,5.95,STRESS_1_cMpc,3,0.125,G2b,EXPLICIT_HEI_ATOMIC,1.5469540154073354e+48,1.5470485527076108e+48,6.110816632737171e-05,0.9999387812466292
CANONICAL_DIRECT_REEVOLVED,0,5.95,STRESS_1_cMpc,3,0.125,G2b,EXPLICIT_HEII_ATOMIC,0.0,0.0,0.0,
CANONICAL_DIRECT_REEVOLVED,0,5.95,STRESS_1_cMpc,3,0.125,G2b,TOTAL_PHYSICAL,2.5083320756439234e+48,2.508486157186414e+48,6.142411511786504e-05,0.9999385044832519
CANONICAL_DIRECT_REEVOLVED,0,5.95,STRESS_1_cMpc,3,0.125,G3,EFFECTIVE_HI_SUBGRID,0.0,0.0,0.0,
CANONICAL_DIRECT_REEVOLVED,0,5.95,STRESS_1_cMpc,3,0.125,G3,EXPLICIT_HI_ATOMIC,0.0,0.0,0.0,
CANONICAL_DIRECT_REEVOLVED,0,5.95,STRESS_1_cMpc,3,0.125,G3,EXPLICIT_HEI_ATOMIC,0.0,0.0,0.0,
CANONICAL_DIRECT_REEVOLVED,0,5.95,STRESS_1_cMpc,3,0.125,G3,EXPLICIT_HEII_ATOMIC,0.0,0.0,0.0,
CANONICAL_DIRECT_REEVOLVED,0,5.95,STRESS_1_cMpc,3,0.125,G3,TOTAL_PHYSICAL,0.0,0.0,0.0,
CANONICAL_DIRECT_REEVOLVED,0,5.95,STRESS_1_cMpc,4,0.0625,G1,EFFECTIVE_HI_SUBGRID,4.019927775734717e+50,4.025240782605081e+50,0.0013199227468138944,0.9986534779452237
CANONICAL_DIRECT_REEVOLVED,0,5.95,STRESS_1_cMpc,4,0.0625,G1,EXPLICIT_HI_ATOMIC,0.0,0.0,0.0,
CANONICAL_DIRECT_REEVOLVED,0,5.95,STRESS_1_cMpc,4,0.0625,G1,EXPLICIT_HEI_ATOMIC,0.0,0.0,0.0,
CANONICAL_DIRECT_REEVOLVED,0,5.95,STRESS_1_cMpc,4,0.0625,G1,EXPLICIT_HEII_ATOMIC,0.0,0.0,0.0,
CANONICAL_DIRECT_REEVOLVED,0,5.95,STRESS_1_cMpc,4,0.0625,G1,TOTAL_PHYSICAL,4.019927775734717e+50,4.025240782605081e+50,0.0013199227468138944,0.9986534779452237
CANONICAL_DIRECT_REEVOLVED,0,5.95,STRESS_1_cMpc,4,0.0625,G2a,EFFECTIVE_HI_SUBGRID,9.8127260951907e+49,9.819056446195713e+49,0.0006447005412078503,0.9993661371816923
CANONICAL_DIRECT_REEVOLVED,0,5.95,STRESS_1_cMpc,4,0.0625,G2a,EXPLICIT_HI_ATOMIC,0.0,0.0,0.0,
CANONICAL_DIRECT_REEVOLVED,0,5.95,STRESS_1_cMpc,4,0.0625,G2a,EXPLICIT_HEI_ATOMIC,6.649952430972719e+48,6.654262600321941e+48,0.0006477305763397265,0.9993638375156921
CANONICAL_DIRECT_REEVOLVED,0,5.95,STRESS_1_cMpc,4,0.0625,G2a,EXPLICIT_HEII_ATOMIC,0.0,0.0,0.0,
CANONICAL_DIRECT_REEVOLVED,0,5.95,STRESS_1_cMpc,4,0.0625,G2a,TOTAL_PHYSICAL,1.0477721338287972e+50,1.0484482706227906e+50,0.0006448928506428198,0.9993659905845731
CANONICAL_DIRECT_REEVOLVED,0,5.95,STRESS_1_cMpc,4,0.0625,G2b,EFFECTIVE_HI_SUBGRID,0.0,0.0,0.0,
CANONICAL_DIRECT_REEVOLVED,0,5.95,STRESS_1_cMpc,4,0.0625,G2b,EXPLICIT_HI_ATOMIC,9.614078317186186e+47,9.614376044788035e+47,3.096691875397849e-05,0.9999690319836239
CANONICAL_DIRECT_REEVOLVED,0,5.95,STRESS_1_cMpc,4,0.0625,G2b,EXPLICIT_HEI_ATOMIC,1.5470012830545548e+48,1.5470485527076108e+48,3.055473144215146e-05,0.9999693900746232
CANONICAL_DIRECT_REEVOLVED,0,5.95,STRESS_1_cMpc,4,0.0625,G2b,EXPLICIT_HEII_ATOMIC,0.0,0.0,0.0,
CANONICAL_DIRECT_REEVOLVED,0,5.95,STRESS_1_cMpc,4,0.0625,G2b,TOTAL_PHYSICAL,2.5084091147731736e+48,2.508486157186414e+48,3.071271213503169e-05,0.9999692516977469
CANONICAL_DIRECT_REEVOLVED,0,5.95,STRESS_1_cMpc,4,0.0625,G3,EFFECTIVE_HI_SUBGRID,0.0,0.0,0.0,
CANONICAL_DIRECT_REEVOLVED,0,5.95,STRESS_1_cMpc,4,0.0625,G3,EXPLICIT_HI_ATOMIC,0.0,0.0,0.0,
CANONICAL_DIRECT_REEVOLVED,0,5.95,STRESS_1_cMpc,4,0.0625,G3,EXPLICIT_HEI_ATOMIC,0.0,0.0,0.0,
CANONICAL_DIRECT_REEVOLVED,0,5.95,STRESS_1_cMpc,4,0.0625,G3,EXPLICIT_HEII_ATOMIC,0.0,0.0,0.0,
CANONICAL_DIRECT_REEVOLVED,0,5.95,STRESS_1_cMpc,4,0.0625,G3,TOTAL_PHYSICAL,0.0,0.0,0.0,
CANONICAL_DIRECT_REEVOLVED,0,5.95,STRESS_1_cMpc,5,0.03125,G1,EFFECTIVE_HI_SUBGRID,4.022583038673067e+50,4.025240782605081e+50,0.0006602695529418555,0.9993264676869514
CANONICAL_DIRECT_REEVOLVED,0,5.95,STRESS_1_cMpc,5,0.03125,G1,EXPLICIT_HI_ATOMIC,0.0,0.0,0.0,
CANONICAL_DIRECT_REEVOLVED,0,5.95,STRESS_1_cMpc,5,0.03125,G1,EXPLICIT_HEI_ATOMIC,0.0,0.0,0.0,
CANONICAL_DIRECT_REEVOLVED,0,5.95,STRESS_1_cMpc,5,0.03125,G1,EXPLICIT_HEII_ATOMIC,0.0,0.0,0.0,
CANONICAL_DIRECT_REEVOLVED,0,5.95,STRESS_1_cMpc,5,0.03125,G1,TOTAL_PHYSICAL,4.022583038673067e+50,4.025240782605081e+50,0.0006602695529418555,0.9993264676869514
CANONICAL_DIRECT_REEVOLVED,0,5.95,STRESS_1_cMpc,5,0.03125,G2a,EFFECTIVE_HI_SUBGRID,9.815890575168906e+49,9.819056446195713e+49,0.00032242110473189176,0.9996830130819596
CANONICAL_DIRECT_REEVOLVED,0,5.95,STRESS_1_cMpc,5,0.03125,G2a,EXPLICIT_HI_ATOMIC,0.0,0.0,0.0,
CANONICAL_DIRECT_REEVOLVED,0,5.95,STRESS_1_cMpc,5,0.03125,G2a,EXPLICIT_HEI_ATOMIC,6.652107040364825e+48,6.654262600321941e+48,0.0003239367134402075,0.9996818630276495
CANONICAL_DIRECT_REEVOLVED,0,5.95,STRESS_1_cMpc,5,0.03125,G2a,EXPLICIT_HEII_ATOMIC,0.0,0.0,0.0,
CANONICAL_DIRECT_REEVOLVED,0,5.95,STRESS_1_cMpc,5,0.03125,G2a,TOTAL_PHYSICAL,1.0481101279205386e+50,1.0484482706227906e+50,0.0003225172969679928,0.9996829397687257
CANONICAL_DIRECT_REEVOLVED,0,5.95,STRESS_1_cMpc,5,0.03125,G2b,EFFECTIVE_HI_SUBGRID,0.0,0.0,0.0,
CANONICAL_DIRECT_REEVOLVED,0,5.95,STRESS_1_cMpc,5,0.03125,G2b,EXPLICIT_HI_ATOMIC,9.614227179389375e+47,9.614376044788035e+47,1.5483625558907962e-05,0.999984515828305
CANONICAL_DIRECT_REEVOLVED,0,5.95,STRESS_1_cMpc,5,0.03125,G2b,EXPLICIT_HEI_ATOMIC,1.5470249176303468e+48,1.5470485527076108e+48,1.5277527794861238e-05,0.9999846948871552
CANONICAL_DIRECT_REEVOLVED,0,5.95,STRESS_1_cMpc,5,0.03125,G2b,EXPLICIT_HEII_ATOMIC,0.0,0.0,0.0,
CANONICAL_DIRECT_REEVOLVED,0,5.95,STRESS_1_cMpc,5,0.03125,G2b,TOTAL_PHYSICAL,2.5084476355692846e+48,2.508486157186414e+48,1.535651971568042e-05,0.9999846257057039
CANONICAL_DIRECT_REEVOLVED,0,5.95,STRESS_1_cMpc,5,0.03125,G3,EFFECTIVE_HI_SUBGRID,0.0,0.0,0.0,
CANONICAL_DIRECT_REEVOLVED,0,5.95,STRESS_1_cMpc,5,0.03125,G3,EXPLICIT_HI_ATOMIC,0.0,0.0,0.0,
CANONICAL_DIRECT_REEVOLVED,0,5.95,STRESS_1_cMpc,5,0.03125,G3,EXPLICIT_HEI_ATOMIC,0.0,0.0,0.0,
CANONICAL_DIRECT_REEVOLVED,0,5.95,STRESS_1_cMpc,5,0.03125,G3,EXPLICIT_HEII_ATOMIC,0.0,0.0,0.0,
CANONICAL_DIRECT_REEVOLVED,0,5.95,STRESS_1_cMpc,5,0.03125,G3,TOTAL_PHYSICAL,0.0,0.0,0.0,
CANONICAL_DIRECT_REEVOLVED,0,5.95,STRESS_1_cMpc,6,0.015625,G1,EFFECTIVE_HI_SUBGRID,4.023911600343754e+50,4.025240782605081e+50,0.00033021186386423905,0.9996631659987124
CANONICAL_DIRECT_REEVOLVED,0,5.95,STRESS_1_cMpc,6,0.015625,G1,EXPLICIT_HI_ATOMIC,0.0,0.0,0.0,
CANONICAL_DIRECT_REEVOLVED,0,5.95,STRESS_1_cMpc,6,0.015625,G1,EXPLICIT_HEI_ATOMIC,0.0,0.0,0.0,
CANONICAL_DIRECT_REEVOLVED,0,5.95,STRESS_1_cMpc,6,0.015625,G1,EXPLICIT_HEII_ATOMIC,0.0,0.0,0.0,
CANONICAL_DIRECT_REEVOLVED,0,5.95,STRESS_1_cMpc,6,0.015625,G1,TOTAL_PHYSICAL,4.023911600343754e+50,4.025240782605081e+50,0.00033021186386423905,0.9996631659987124
CANONICAL_DIRECT_REEVOLVED,0,5.95,STRESS_1_cMpc,6,0.015625,G2a,EFFECTIVE_HI_SUBGRID,9.81747333675735e+49,9.819056446195713e+49,0.00016122826536736417,0.999841492662014
CANONICAL_DIRECT_REEVOLVED,0,5.95,STRESS_1_cMpc,6,0.015625,G2a,EXPLICIT_HI_ATOMIC,0.0,0.0,0.0,
CANONICAL_DIRECT_REEVOLVED,0,5.95,STRESS_1_cMpc,6,0.015625,G2a,EXPLICIT_HEI_ATOMIC,6.653184701492698e+48,6.654262600321941e+48,0.00016198621755494734,0.9998409175858143
CANONICAL_DIRECT_REEVOLVED,0,5.95,STRESS_1_cMpc,6,0.015625,G2a,EXPLICIT_HEII_ATOMIC,0.0,0.0,0.0,
CANONICAL_DIRECT_REEVOLVED,0,5.95,STRESS_1_cMpc,6,0.015625,G2a,TOTAL_PHYSICAL,1.0482791806906619e+50,1.0484482706227906e+50,0.0001612763708678987,0.9998414560040912
CANONICAL_DIRECT_REEVOLVED,0,5.95,STRESS_1_cMpc,6,0.015625,G2b,EFFECTIVE_HI_SUBGRID,0.0,0.0,0.0,
CANONICAL_DIRECT_REEVOLVED,0,5.95,STRESS_1_cMpc,6,0.015625,G2b,EXPLICIT_HI_ATOMIC,9.614301611689267e+47,9.614376044788035e+47,7.741854325418866e-06,0.9999922578860546
CANONICAL_DIRECT_REEVOLVED,0,5.95,STRESS_1_cMpc,6,0.015625,G2b,EXPLICIT_HEI_ATOMIC,1.5470367351062946e+48,1.5470485527076108e+48,7.638804415981878e-06,0.9999923474846565
CANONICAL_DIRECT_REEVOLVED,0,5.95,STRESS_1_cMpc,6,0.015625,G2b,EXPLICIT_HEII_ATOMIC,0.0,0.0,0.0,
CANONICAL_DIRECT_REEVOLVED,0,5.95,STRESS_1_cMpc,6,0.015625,G2b,TOTAL_PHYSICAL,2.5084668962752208e+48,2.508486157186414e+48,7.678300770366485e-06,0.9999923128231386
CANONICAL_DIRECT_REEVOLVED,0,5.95,STRESS_1_cMpc,6,0.015625,G3,EFFECTIVE_HI_SUBGRID,0.0,0.0,0.0,
CANONICAL_DIRECT_REEVOLVED,0,5.95,STRESS_1_cMpc,6,0.015625,G3,EXPLICIT_HI_ATOMIC,0.0,0.0,0.0,
CANONICAL_DIRECT_REEVOLVED,0,5.95,STRESS_1_cMpc,6,0.015625,G3,EXPLICIT_HEI_ATOMIC,0.0,0.0,0.0,
CANONICAL_DIRECT_REEVOLVED,0,5.95,STRESS_1_cMpc,6,0.015625,G3,EXPLICIT_HEII_ATOMIC,0.0,0.0,0.0,
CANONICAL_DIRECT_REEVOLVED,0,5.95,STRESS_1_cMpc,6,0.015625,G3,TOTAL_PHYSICAL,0.0,0.0,0.0,
CANONICAL_DIRECT_REEVOLVED,0,5.95,STRESS_1_cMpc,7,0.0078125,G1,EFFECTIVE_HI_SUBGRID,4.024576113879186e+50,4.025240782605081e+50,0.0001651252090972219,0.99983156603317
CANONICAL_DIRECT_REEVOLVED,0,5.95,STRESS_1_cMpc,7,0.0078125,G1,EXPLICIT_HI_ATOMIC,0.0,0.0,0.0,
CANONICAL_DIRECT_REEVOLVED,0,5.95,STRESS_1_cMpc,7,0.0078125,G1,EXPLICIT_HEI_ATOMIC,0.0,0.0,0.0,
CANONICAL_DIRECT_REEVOLVED,0,5.95,STRESS_1_cMpc,7,0.0078125,G1,EXPLICIT_HEII_ATOMIC,0.0,0.0,0.0,
CANONICAL_DIRECT_REEVOLVED,0,5.95,STRESS_1_cMpc,7,0.0078125,G1,TOTAL_PHYSICAL,4.024576113879186e+50,4.025240782605081e+50,0.0001651252090972219,0.99983156603317
CANONICAL_DIRECT_REEVOLVED,0,5.95,STRESS_1_cMpc,7,0.0078125,G2a,EFFECTIVE_HI_SUBGRID,9.818264847989806e+49,9.819056446195713e+49,8.061856149263237e-05,0.9999207428649151
CANONICAL_DIRECT_REEVOLVED,0,5.95,STRESS_1_cMpc,7,0.0078125,G2a,EXPLICIT_HI_ATOMIC,0.0,0.0,0.0,
CANONICAL_DIRECT_REEVOLVED,0,5.95,STRESS_1_cMpc,7,0.0078125,G2a,EXPLICIT_HEI_ATOMIC,6.653723621190887e+48,6.654262600321941e+48,8.099757455143613e-05,0.9999204553025075
CANONICAL_DIRECT_REEVOLVED,0,5.95,STRESS_1_cMpc,7,0.0078125,G2a,EXPLICIT_HEII_ATOMIC,0.0,0.0,0.0,
CANONICAL_DIRECT_REEVOLVED,0,5.95,STRESS_1_cMpc,7,0.0078125,G2a,TOTAL_PHYSICAL,1.048363721010889e+50,1.0484482706227906e+50,8.064261658934388e-05,0.9999207245272282
CANONICAL_DIRECT_REEVOLVED,0,5.95,STRESS_1_cMpc,7,0.0078125,G2b,EFFECTIVE_HI_SUBGRID,0.0,0.0,0.0,
CANONICAL_DIRECT_REEVOLVED,0,5.95,STRESS_1_cMpc,7,0.0078125,G2b,EXPLICIT_HI_ATOMIC,9.61433882813879e+47,9.614376044788035e+47,3.870937549411613e-06,0.9999961288799833
CANONICAL_DIRECT_REEVOLVED,0,5.95,STRESS_1_cMpc,7,0.0078125,G2b,EXPLICIT_HEI_ATOMIC,1.5470426438912812e+48,1.5470485527076108e+48,3.819412337917182e-06,0.9999961736486028
CANONICAL_DIRECT_REEVOLVED,0,5.95,STRESS_1_cMpc,7,0.0078125,G2b,EXPLICIT_HEII_ATOMIC,0.0,0.0,0.0,
CANONICAL_DIRECT_REEVOLVED,0,5.95,STRESS_1_cMpc,7,0.0078125,G2b,TOTAL_PHYSICAL,2.50847652670516e+48,2.508486157186414e+48,3.839160613363324e-06,0.9999961564086985
CANONICAL_DIRECT_REEVOLVED,0,5.95,STRESS_1_cMpc,7,0.0078125,G3,EFFECTIVE_HI_SUBGRID,0.0,0.0,0.0,
CANONICAL_DIRECT_REEVOLVED,0,5.95,STRESS_1_cMpc,7,0.0078125,G3,EXPLICIT_HI_ATOMIC,0.0,0.0,0.0,
CANONICAL_DIRECT_REEVOLVED,0,5.95,STRESS_1_cMpc,7,0.0078125,G3,EXPLICIT_HEI_ATOMIC,0.0,0.0,0.0,
CANONICAL_DIRECT_REEVOLVED,0,5.95,STRESS_1_cMpc,7,0.0078125,G3,EXPLICIT_HEII_ATOMIC,0.0,0.0,0.0,
CANONICAL_DIRECT_REEVOLVED,0,5.95,STRESS_1_cMpc,7,0.0078125,G3,TOTAL_PHYSICAL,0.0,0.0,0.0,
CANONICAL_DIRECT_REEVOLVED,0,5.95,STRESS_1_cMpc,8,0.00390625,G1,EFFECTIVE_HI_SUBGRID,4.02490842884065e+50,4.025240782605081e+50,8.256742450456397e-05,0.999915778776367
CANONICAL_DIRECT_REEVOLVED,0,5.95,STRESS_1_cMpc,8,0.00390625,G1,EXPLICIT_HI_ATOMIC,0.0,0.0,0.0,
CANONICAL_DIRECT_REEVOLVED,0,5.95,STRESS_1_cMpc,8,0.00390625,G1,EXPLICIT_HEI_ATOMIC,0.0,0.0,0.0,
CANONICAL_DIRECT_REEVOLVED,0,5.95,STRESS_1_cMpc,8,0.00390625,G1,EXPLICIT_HEII_ATOMIC,0.0,0.0,0.0,
CANONICAL_DIRECT_REEVOLVED,0,5.95,STRESS_1_cMpc,8,0.00390625,G1,TOTAL_PHYSICAL,4.02490842884065e+50,4.025240782605081e+50,8.256742450456397e-05,0.999915778776367
CANONICAL_DIRECT_REEVOLVED,0,5.95,STRESS_1_cMpc,8,0.00390625,G2a,EFFECTIVE_HI_SUBGRID,9.818660636220391e+49,9.819056446195713e+49,4.031038801854017e-05,0.9999603705604098
CANONICAL_DIRECT_REEVOLVED,0,5.95,STRESS_1_cMpc,8,0.00390625,G2a,EXPLICIT_HI_ATOMIC,0.0,0.0,0.0,
CANONICAL_DIRECT_REEVOLVED,0,5.95,STRESS_1_cMpc,8,0.00390625,G2a,EXPLICIT_HEI_ATOMIC,6.653993103326839e+48,6.654262600321941e+48,4.0499903789386585e-05,0.9999602267959746
CANONICAL_DIRECT_REEVOLVED,0,5.95,STRESS_1_cMpc,8,0.00390625,G2a,EXPLICIT_HEII_ATOMIC,0.0,0.0,0.0,
CANONICAL_DIRECT_REEVOLVED,0,5.95,STRESS_1_cMpc,8,0.00390625,G2a,TOTAL_PHYSICAL,1.0484059946553076e+50,1.0484482706227906e+50,4.032241615312604e-05,0.9999603614066988
CANONICAL_DIRECT_REEVOLVED,0,5.95,STRESS_1_cMpc,8,0.00390625,G2b,EFFECTIVE_HI_SUBGRID,0.0,0.0,0.0,
CANONICAL_DIRECT_REEVOLVED,0,5.95,STRESS_1_cMpc,8,0.00390625,G2b,EXPLICIT_HI_ATOMIC,9.614357436438447e+47,9.614376044788035e+47,1.9354713713602558e-06,0.9999980644596118
CANONICAL_DIRECT_REEVOLVED,0,5.95,STRESS_1_cMpc,8,0.00390625,G2b,EXPLICIT_HEI_ATOMIC,1.547045598295528e+48,1.5470485527076108e+48,1.9097087014663728e-06,0.9999980868082984
CANONICAL_DIRECT_REEVOLVED,0,5.95,STRESS_1_cMpc,8,0.00390625,G2b,EXPLICIT_HEII_ATOMIC,0.0,0.0,0.0,
CANONICAL_DIRECT_REEVOLVED,0,5.95,STRESS_1_cMpc,8,0.00390625,G2b,TOTAL_PHYSICAL,2.5084813419393725e+48,2.508486157186414e+48,1.91958286383988e-06,0.9999980781231138
CANONICAL_DIRECT_REEVOLVED,0,5.95,STRESS_1_cMpc,8,0.00390625,G3,EFFECTIVE_HI_SUBGRID,0.0,0.0,0.0,
CANONICAL_DIRECT_REEVOLVED,0,5.95,STRESS_1_cMpc,8,0.00390625,G3,EXPLICIT_HI_ATOMIC,0.0,0.0,0.0,
CANONICAL_DIRECT_REEVOLVED,0,5.95,STRESS_1_cMpc,8,0.00390625,G3,EXPLICIT_HEI_ATOMIC,0.0,0.0,0.0,
CANONICAL_DIRECT_REEVOLVED,0,5.95,STRESS_1_cMpc,8,0.00390625,G3,EXPLICIT_HEII_ATOMIC,0.0,0.0,0.0,
CANONICAL_DIRECT_REEVOLVED,0,5.95,STRESS_1_cMpc,8,0.00390625,G3,TOTAL_PHYSICAL,0.0,0.0,0.0,
CANONICAL_DIRECT_REEVOLVED,0,5.95,FLEXRT_2_hinv_ckpc,0,0.0029411764705882353,G1,EFFECTIVE_HI_SUBGRID,4.0249905361614006e+50,4.025240782605081e+50,6.216931040785745e-05,
CANONICAL_DIRECT_REEVOLVED,0,5.95,FLEXRT_2_hinv_ckpc,0,0.0029411764705882353,G1,EXPLICIT_HI_ATOMIC,0.0,0.0,0.0,
CANONICAL_DIRECT_REEVOLVED,0,5.95,FLEXRT_2_hinv_ckpc,0,0.0029411764705882353,G1,EXPLICIT_HEI_ATOMIC,0.0,0.0,0.0,
CANONICAL_DIRECT_REEVOLVED,0,5.95,FLEXRT_2_hinv_ckpc,0,0.0029411764705882353,G1,EXPLICIT_HEII_ATOMIC,0.0,0.0,0.0,
CANONICAL_DIRECT_REEVOLVED,0,5.95,FLEXRT_2_hinv_ckpc,0,0.0029411764705882353,G1,TOTAL_PHYSICAL,4.0249905361614006e+50,4.025240782605081e+50,6.216931040785745e-05,
CANONICAL_DIRECT_REEVOLVED,0,5.95,FLEXRT_2_hinv_ckpc,0,0.0029411764705882353,G2a,EFFECTIVE_HI_SUBGRID,9.818758422544697e+49,9.819056446195713e+49,3.0351556959611536e-05,
CANONICAL_DIRECT_REEVOLVED,0,5.95,FLEXRT_2_hinv_ckpc,0,0.0029411764705882353,G2a,EXPLICIT_HI_ATOMIC,0.0,0.0,0.0,
CANONICAL_DIRECT_REEVOLVED,0,5.95,FLEXRT_2_hinv_ckpc,0,0.0029411764705882353,G2a,EXPLICIT_HEI_ATOMIC,6.654059683555301e+48,6.654262600321941e+48,3.049425290641101e-05,
CANONICAL_DIRECT_REEVOLVED,0,5.95,FLEXRT_2_hinv_ckpc,0,0.0029411764705882353,G2a,EXPLICIT_HEII_ATOMIC,0.0,0.0,0.0,
CANONICAL_DIRECT_REEVOLVED,0,5.95,FLEXRT_2_hinv_ckpc,0,0.0029411764705882353,G2a,TOTAL_PHYSICAL,1.0484164390900223e+50,1.0484482706227906e+50,3.0360613546998415e-05,
CANONICAL_DIRECT_REEVOLVED,0,5.95,FLEXRT_2_hinv_ckpc,0,0.0029411764705882353,G2b,EFFECTIVE_HI_SUBGRID,0.0,0.0,0.0,
CANONICAL_DIRECT_REEVOLVED,0,5.95,FLEXRT_2_hinv_ckpc,0,0.0029411764705882353,G2b,EXPLICIT_HI_ATOMIC,9.61436203379076e+47,9.614376044788035e+47,1.4572965744190724e-06,
CANONICAL_DIRECT_REEVOLVED,0,5.95,FLEXRT_2_hinv_ckpc,0,0.0029411764705882353,G2b,EXPLICIT_HEI_ATOMIC,1.5470463282083734e+48,1.5470485527076108e+48,1.43789878699519e-06,
CANONICAL_DIRECT_REEVOLVED,0,5.95,FLEXRT_2_hinv_ckpc,0,0.0029411764705882353,G2b,EXPLICIT_HEII_ATOMIC,0.0,0.0,0.0,
CANONICAL_DIRECT_REEVOLVED,0,5.95,FLEXRT_2_hinv_ckpc,0,0.0029411764705882353,G2b,TOTAL_PHYSICAL,2.5084825315874486e+48,2.508486157186414e+48,1.4453334553932421e-06,
CANONICAL_DIRECT_REEVOLVED,0,5.95,FLEXRT_2_hinv_ckpc,0,0.0029411764705882353,G3,EFFECTIVE_HI_SUBGRID,0.0,0.0,0.0,
CANONICAL_DIRECT_REEVOLVED,0,5.95,FLEXRT_2_hinv_ckpc,0,0.0029411764705882353,G3,EXPLICIT_HI_ATOMIC,0.0,0.0,0.0,
CANONICAL_DIRECT_REEVOLVED,0,5.95,FLEXRT_2_hinv_ckpc,0,0.0029411764705882353,G3,EXPLICIT_HEI_ATOMIC,0.0,0.0,0.0,
CANONICAL_DIRECT_REEVOLVED,0,5.95,FLEXRT_2_hinv_ckpc,0,0.0029411764705882353,G3,EXPLICIT_HEII_ATOMIC,0.0,0.0,0.0,
CANONICAL_DIRECT_REEVOLVED,0,5.95,FLEXRT_2_hinv_ckpc,0,0.0029411764705882353,G3,TOTAL_PHYSICAL,0.0,0.0,0.0,
CANONICAL_DIRECT_REEVOLVED,0,5.95,FLEXRT_2_hinv_ckpc,1,0.0014705882352941176,G1,EFFECTIVE_HI_SUBGRID,4.025115656633231e+50,4.025240782605081e+50,3.108533839533052e-05,0.9999682922004547
CANONICAL_DIRECT_REEVOLVED,0,5.95,FLEXRT_2_hinv_ckpc,1,0.0014705882352941176,G1,EXPLICIT_HI_ATOMIC,0.0,0.0,0.0,
CANONICAL_DIRECT_REEVOLVED,0,5.95,FLEXRT_2_hinv_ckpc,1,0.0014705882352941176,G1,EXPLICIT_HEI_ATOMIC,0.0,0.0,0.0,
CANONICAL_DIRECT_REEVOLVED,0,5.95,FLEXRT_2_hinv_ckpc,1,0.0014705882352941176,G1,EXPLICIT_HEII_ATOMIC,0.0,0.0,0.0,
CANONICAL_DIRECT_REEVOLVED,0,5.95,FLEXRT_2_hinv_ckpc,1,0.0014705882352941176,G1,TOTAL_PHYSICAL,4.025115656633231e+50,4.025240782605081e+50,3.108533839533052e-05,0.9999682922004547
CANONICAL_DIRECT_REEVOLVED,0,5.95,FLEXRT_2_hinv_ckpc,1,0.0014705882352941176,G2a,EFFECTIVE_HI_SUBGRID,9.818907432829203e+49,9.819056446195713e+49,1.5175935419738069e-05,0.9999850804825849
CANONICAL_DIRECT_REEVOLVED,0,5.95,FLEXRT_2_hinv_ckpc,1,0.0014705882352941176,G2a,EXPLICIT_HI_ATOMIC,0.0,0.0,0.0,
CANONICAL_DIRECT_REEVOLVED,0,5.95,FLEXRT_2_hinv_ckpc,1,0.0014705882352941176,G2a,EXPLICIT_HEI_ATOMIC,6.654161140885587e+48,6.654262600321941e+48,1.5247284702768566e-05,0.9999850263801663
CANONICAL_DIRECT_REEVOLVED,0,5.95,FLEXRT_2_hinv_ckpc,1,0.0014705882352941176,G2a,EXPLICIT_HEII_ATOMIC,0.0,0.0,0.0,
CANONICAL_DIRECT_REEVOLVED,0,5.95,FLEXRT_2_hinv_ckpc,1,0.0014705882352941176,G2a,TOTAL_PHYSICAL,1.0484323546917762e+50,1.0484482706227906e+50,1.5180463796303174e-05,0.9999850770572459
CANONICAL_DIRECT_REEVOLVED,0,5.95,FLEXRT_2_hinv_ckpc,1,0.0014705882352941176,G2b,EFFECTIVE_HI_SUBGRID,0.0,0.0,0.0,
CANONICAL_DIRECT_REEVOLVED,0,5.95,FLEXRT_2_hinv_ckpc,1,0.0014705882352941176,G2b,EXPLICIT_HI_ATOMIC,9.614369039285857e+47,9.614376044788035e+47,7.286486555442778e-07,0.9999992707118369
CANONICAL_DIRECT_REEVOLVED,0,5.95,FLEXRT_2_hinv_ckpc,1,0.0014705882352941176,G2b,EXPLICIT_HEI_ATOMIC,1.5470474404574365e+48,1.5470485527076108e+48,7.189497526173932e-07,0.9999992793648245
CANONICAL_DIRECT_REEVOLVED,0,5.95,FLEXRT_2_hinv_ckpc,1,0.0014705882352941176,G2b,EXPLICIT_HEII_ATOMIC,0.0,0.0,0.0,
CANONICAL_DIRECT_REEVOLVED,0,5.95,FLEXRT_2_hinv_ckpc,1,0.0014705882352941176,G2b,TOTAL_PHYSICAL,2.5084843443860223e+48,2.508486157186414e+48,7.22667090057189e-07,0.9999992766020029
CANONICAL_DIRECT_REEVOLVED,0,5.95,FLEXRT_2_hinv_ckpc,1,0.0014705882352941176,G3,EFFECTIVE_HI_SUBGRID,0.0,0.0,0.0,
CANONICAL_DIRECT_REEVOLVED,0,5.95,FLEXRT_2_hinv_ckpc,1,0.0014705882352941176,G3,EXPLICIT_HI_ATOMIC,0.0,0.0,0.0,
CANONICAL_DIRECT_REEVOLVED,0,5.95,FLEXRT_2_hinv_ckpc,1,0.0014705882352941176,G3,EXPLICIT_HEI_ATOMIC,0.0,0.0,0.0,
CANONICAL_DIRECT_REEVOLVED,0,5.95,FLEXRT_2_hinv_ckpc,1,0.0014705882352941176,G3,EXPLICIT_HEII_ATOMIC,0.0,0.0,0.0,
CANONICAL_DIRECT_REEVOLVED,0,5.95,FLEXRT_2_hinv_ckpc,1,0.0014705882352941176,G3,TOTAL_PHYSICAL,0.0,0.0,0.0,
CANONICAL_DIRECT_REEVOLVED,0,5.95,FLEXRT_2_hinv_ckpc,2,0.0007352941176470588,G1,EFFECTIVE_HI_SUBGRID,4.025178218931635e+50,4.025240782605081e+50,1.554284000005628e-05,0.999984145940095
CANONICAL_DIRECT_REEVOLVED,0,5.95,FLEXRT_2_hinv_ckpc,2,0.0007352941176470588,G1,EXPLICIT_HI_ATOMIC,0.0,0.0,0.0,
CANONICAL_DIRECT_REEVOLVED,0,5.95,FLEXRT_2_hinv_ckpc,2,0.0007352941176470588,G1,EXPLICIT_HEI_ATOMIC,0.0,0.0,0.0,
CANONICAL_DIRECT_REEVOLVED,0,5.95,FLEXRT_2_hinv_ckpc,2,0.0007352941176470588,G1,EXPLICIT_HEII_ATOMIC,0.0,0.0,0.0,
CANONICAL_DIRECT_REEVOLVED,0,5.95,FLEXRT_2_hinv_ckpc,2,0.0007352941176470588,G1,TOTAL_PHYSICAL,4.025178218931635e+50,4.025240782605081e+50,1.554284000005628e-05,0.999984145940095
CANONICAL_DIRECT_REEVOLVED,0,5.95,FLEXRT_2_hinv_ckpc,2,0.0007352941176470588,G2a,EFFECTIVE_HI_SUBGRID,9.8189819391272e+49,9.819056446195713e+49,7.588006945724626e-06,0.9999925401332606
CANONICAL_DIRECT_REEVOLVED,0,5.95,FLEXRT_2_hinv_ckpc,2,0.0007352941176470588,G2a,EXPLICIT_HI_ATOMIC,0.0,0.0,0.0,
CANONICAL_DIRECT_REEVOLVED,0,5.95,FLEXRT_2_hinv_ckpc,2,0.0007352941176470588,G2a,EXPLICIT_HEI_ATOMIC,6.654211870340503e+48,6.654262600321941e+48,7.623681914165196e-06,0.9999925131745305
CANONICAL_DIRECT_REEVOLVED,0,5.95,FLEXRT_2_hinv_ckpc,2,0.0007352941176470588,G2a,EXPLICIT_HEII_ATOMIC,0.0,0.0,0.0,
CANONICAL_DIRECT_REEVOLVED,0,5.95,FLEXRT_2_hinv_ckpc,2,0.0007352941176470588,G2a,TOTAL_PHYSICAL,1.0484403126161251e+50,1.0484482706227906e+50,7.5902711545459095e-06,0.9999925384547249
CANONICAL_DIRECT_REEVOLVED,0,5.95,FLEXRT_2_hinv_ckpc,2,0.0007352941176470588,G2b,EFFECTIVE_HI_SUBGRID,0.0,0.0,0.0,
CANONICAL_DIRECT_REEVOLVED,0,5.95,FLEXRT_2_hinv_ckpc,2,0.0007352941176470588,G2b,EXPLICIT_HI_ATOMIC,9.614372542036061e+47,9.614376044788035e+47,3.6432441983472843e-07,0.9999996354395949
CANONICAL_DIRECT_REEVOLVED,0,5.95,FLEXRT_2_hinv_ckpc,2,0.0007352941176470588,G2b,EXPLICIT_HEI_ATOMIC,1.5470479965823847e+48,1.5470485527076108e+48,3.594749660886461e-07,0.9999996396825471
CANONICAL_DIRECT_REEVOLVED,0,5.95,FLEXRT_2_hinv_ckpc,2,0.0007352941176470588,G2b,EXPLICIT_HEII_ATOMIC,0.0,0.0,0.0,
CANONICAL_DIRECT_REEVOLVED,0,5.95,FLEXRT_2_hinv_ckpc,2,0.0007352941176470588,G2b,TOTAL_PHYSICAL,2.5084852507859907e+48,2.508486157186414e+48,3.6133363571576277e-07,0.9999996379137414
CANONICAL_DIRECT_REEVOLVED,0,5.95,FLEXRT_2_hinv_ckpc,2,0.0007352941176470588,G3,EFFECTIVE_HI_SUBGRID,0.0,0.0,0.0,
CANONICAL_DIRECT_REEVOLVED,0,5.95,FLEXRT_2_hinv_ckpc,2,0.0007352941176470588,G3,EXPLICIT_HI_ATOMIC,0.0,0.0,0.0,
CANONICAL_DIRECT_REEVOLVED,0,5.95,FLEXRT_2_hinv_ckpc,2,0.0007352941176470588,G3,EXPLICIT_HEI_ATOMIC,0.0,0.0,0.0,
CANONICAL_DIRECT_REEVOLVED,0,5.95,FLEXRT_2_hinv_ckpc,2,0.0007352941176470588,G3,EXPLICIT_HEII_ATOMIC,0.0,0.0,0.0,
CANONICAL_DIRECT_REEVOLVED,0,5.95,FLEXRT_2_hinv_ckpc,2,0.0007352941176470588,G3,TOTAL_PHYSICAL,0.0,0.0,0.0,
CANONICAL_DIRECT_REEVOLVED,0,5.95,FLEXRT_2_hinv_ckpc,3,0.0003676470588235294,G1,EFFECTIVE_HI_SUBGRID,4.025209500596477e+50,4.025240782605081e+50,7.771462700883881e-06,0.9999920729874883
CANONICAL_DIRECT_REEVOLVED,0,5.95,FLEXRT_2_hinv_ckpc,3,0.0003676470588235294,G1,EXPLICIT_HI_ATOMIC,0.0,0.0,0.0,
CANONICAL_DIRECT_REEVOLVED,0,5.95,FLEXRT_2_hinv_ckpc,3,0.0003676470588235294,G1,EXPLICIT_HEI_ATOMIC,0.0,0.0,0.0,
CANONICAL_DIRECT_REEVOLVED,0,5.95,FLEXRT_2_hinv_ckpc,3,0.0003676470588235294,G1,EXPLICIT_HEII_ATOMIC,0.0,0.0,0.0,
CANONICAL_DIRECT_REEVOLVED,0,5.95,FLEXRT_2_hinv_ckpc,3,0.0003676470588235294,G1,TOTAL_PHYSICAL,4.025209500596477e+50,4.025240782605081e+50,7.771462700883881e-06,0.9999920729874883
CANONICAL_DIRECT_REEVOLVED,0,5.95,FLEXRT_2_hinv_ckpc,3,0.0003676470588235294,G2a,EFFECTIVE_HI_SUBGRID,9.819019192565141e+49,9.819056446195713e+49,3.7940132818526507e-06,0.9999962700710413
CANONICAL_DIRECT_REEVOLVED,0,5.95,FLEXRT_2_hinv_ckpc,3,0.0003676470588235294,G2a,EXPLICIT_HI_ATOMIC,0.0,0.0,0.0,
CANONICAL_DIRECT_REEVOLVED,0,5.95,FLEXRT_2_hinv_ckpc,3,0.0003676470588235294,G2a,EXPLICIT_HEI_ATOMIC,6.654237235265407e+48,6.654262600321941e+48,3.8118508477290578e-06,0.9999962566202926
CANONICAL_DIRECT_REEVOLVED,0,5.95,FLEXRT_2_hinv_ckpc,3,0.0003676470588235294,G2a,EXPLICIT_HEII_ATOMIC,0.0,0.0,0.0,
CANONICAL_DIRECT_REEVOLVED,0,5.95,FLEXRT_2_hinv_ckpc,3,0.0003676470588235294,G2a,TOTAL_PHYSICAL,1.0484442916091683e+50,1.0484482706227906e+50,3.7951453913715352e-06,0.9999962692418342
CANONICAL_DIRECT_REEVOLVED,0,5.95,FLEXRT_2_hinv_ckpc,3,0.0003676470588235294,G2b,EFFECTIVE_HI_SUBGRID,0.0,0.0,0.0,
CANONICAL_DIRECT_REEVOLVED,0,5.95,FLEXRT_2_hinv_ckpc,3,0.0003676470588235294,G2b,EXPLICIT_HI_ATOMIC,9.614374293411823e+47,9.614376044788035e+47,1.821622332916422e-07,0.9999998148795365
CANONICAL_DIRECT_REEVOLVED,0,5.95,FLEXRT_2_hinv_ckpc,3,0.0003676470588235294,G2b,EXPLICIT_HEI_ATOMIC,1.5470482746449635e+48,1.5470485527076108e+48,1.7973750517466107e-07,0.9999998223668964
CANONICAL_DIRECT_REEVOLVED,0,5.95,FLEXRT_2_hinv_ckpc,3,0.0003676470588235294,G2b,EXPLICIT_HEII_ATOMIC,0.0,0.0,0.0,
CANONICAL_DIRECT_REEVOLVED,0,5.95,FLEXRT_2_hinv_ckpc,3,0.0003676470588235294,G2b,TOTAL_PHYSICAL,2.508485703986146e+48,2.508486157186414e+48,1.8066684030327894e-07,0.9999998207647529
CANONICAL_DIRECT_REEVOLVED,0,5.95,FLEXRT_2_hinv_ckpc,3,0.0003676470588235294,G3,EFFECTIVE_HI_SUBGRID,0.0,0.0,0.0,
CANONICAL_DIRECT_REEVOLVED,0,5.95,FLEXRT_2_hinv_ckpc,3,0.0003676470588235294,G3,EXPLICIT_HI_ATOMIC,0.0,0.0,0.0,
CANONICAL_DIRECT_REEVOLVED,0,5.95,FLEXRT_2_hinv_ckpc,3,0.0003676470588235294,G3,EXPLICIT_HEI_ATOMIC,0.0,0.0,0.0,
CANONICAL_DIRECT_REEVOLVED,0,5.95,FLEXRT_2_hinv_ckpc,3,0.0003676470588235294,G3,EXPLICIT_HEII_ATOMIC,0.0,0.0,0.0,
CANONICAL_DIRECT_REEVOLVED,0,5.95,FLEXRT_2_hinv_ckpc,3,0.0003676470588235294,G3,TOTAL_PHYSICAL,0.0,0.0,0.0,
CANONICAL_DIRECT_REEVOLVED,0,5.95,FLEXRT_2_hinv_ckpc,4,0.0001838235294117647,G1,EFFECTIVE_HI_SUBGRID,4.025225141557806e+50,4.025240782605081e+50,3.885742026146052e-06,0.9999960363280853
CANONICAL_DIRECT_REEVOLVED,0,5.95,FLEXRT_2_hinv_ckpc,4,0.0001838235294117647,G1,EXPLICIT_HI_ATOMIC,0.0,0.0,0.0,
CANONICAL_DIRECT_REEVOLVED,0,5.95,FLEXRT_2_hinv_ckpc,4,0.0001838235294117647,G1,EXPLICIT_HEI_ATOMIC,0.0,0.0,0.0,
CANONICAL_DIRECT_REEVOLVED,0,5.95,FLEXRT_2_hinv_ckpc,4,0.0001838235294117647,G1,EXPLICIT_HEII_ATOMIC,0.0,0.0,0.0,
CANONICAL_DIRECT_REEVOLVED,0,5.95,FLEXRT_2_hinv_ckpc,4,0.0001838235294117647,G1,TOTAL_PHYSICAL,4.025225141557806e+50,4.025240782605081e+50,3.885742026146052e-06,0.9999960363280853
CANONICAL_DIRECT_REEVOLVED,0,5.95,FLEXRT_2_hinv_ckpc,4,0.0001838235294117647,G2a,EFFECTIVE_HI_SUBGRID,9.81903781935635e+49,9.819056446195713e+49,1.8970090930681502e-06,0.9999981351195681
CANONICAL_DIRECT_REEVOLVED,0,5.95,FLEXRT_2_hinv_ckpc,4,0.0001838235294117647,G2a,EXPLICIT_HI_ATOMIC,0.0,0.0,0.0,
CANONICAL_DIRECT_REEVOLVED,0,5.95,FLEXRT_2_hinv_ckpc,4,0.0001838235294117647,G2a,EXPLICIT_HEI_ATOMIC,6.654249917777219e+48,6.654262600321941e+48,1.905927896818755e-06,0.9999981280922962
CANONICAL_DIRECT_REEVOLVED,0,5.95,FLEXRT_2_hinv_ckpc,4,0.0001838235294117647,G2a,EXPLICIT_HEII_ATOMIC,0.0,0.0,0.0,
CANONICAL_DIRECT_REEVOLVED,0,5.95,FLEXRT_2_hinv_ckpc,4,0.0001838235294117647,G2a,TOTAL_PHYSICAL,1.048446281113407e+50,1.0484482706227906e+50,1.8975751493837455e-06,0.9999981344927529
CANONICAL_DIRECT_REEVOLVED,0,5.95,FLEXRT_2_hinv_ckpc,4,0.0001838235294117647,G2b,EFFECTIVE_HI_SUBGRID,0.0,0.0,0.0,
CANONICAL_DIRECT_REEVOLVED,0,5.95,FLEXRT_2_hinv_ckpc,4,0.0001838235294117647,G2b,EXPLICIT_HI_ATOMIC,9.614375169099873e+47,9.614376044788035e+47,9.108112246829468e-08,0.9999999077739293
CANONICAL_DIRECT_REEVOLVED,0,5.95,FLEXRT_2_hinv_ckpc,4,0.0001838235294117647,G2b,EXPLICIT_HEI_ATOMIC,1.5470484136762784e+48,1.5470485527076108e+48,8.986875825101895e-08,0.999999909078799
CANONICAL_DIRECT_REEVOLVED,0,5.95,FLEXRT_2_hinv_ckpc,4,0.0001838235294117647,G2b,EXPLICIT_HEII_ATOMIC,0.0,0.0,0.0,
CANONICAL_DIRECT_REEVOLVED,0,5.95,FLEXRT_2_hinv_ckpc,4,0.0001838235294117647,G2b,TOTAL_PHYSICAL,2.508485930586266e+48,2.508486157186414e+48,9.033342577915989e-08,0.9999999101241209
CANONICAL_DIRECT_REEVOLVED,0,5.95,FLEXRT_2_hinv_ckpc,4,0.0001838235294117647,G3,EFFECTIVE_HI_SUBGRID,0.0,0.0,0.0,
CANONICAL_DIRECT_REEVOLVED,0,5.95,FLEXRT_2_hinv_ckpc,4,0.0001838235294117647,G3,EXPLICIT_HI_ATOMIC,0.0,0.0,0.0,
CANONICAL_DIRECT_REEVOLVED,0,5.95,FLEXRT_2_hinv_ckpc,4,0.0001838235294117647,G3,EXPLICIT_HEI_ATOMIC,0.0,0.0,0.0,
CANONICAL_DIRECT_REEVOLVED,0,5.95,FLEXRT_2_hinv_ckpc,4,0.0001838235294117647,G3,EXPLICIT_HEII_ATOMIC,0.0,0.0,0.0,
CANONICAL_DIRECT_REEVOLVED,0,5.95,FLEXRT_2_hinv_ckpc,4,0.0001838235294117647,G3,TOTAL_PHYSICAL,0.0,0.0,0.0,
CANONICAL_DIRECT_REEVOLVED,0,5.95,FLEXRT_2_hinv_ckpc,5,9.191176470588235e-05,G1,EFFECTIVE_HI_SUBGRID,4.025232962070702e+50,4.025240782605081e+50,1.9428736815862745e-06,0.9999980184746387
CANONICAL_DIRECT_REEVOLVED,0,5.95,FLEXRT_2_hinv_ckpc,5,9.191176470588235e-05,G1,EXPLICIT_HI_ATOMIC,0.0,0.0,0.0,
CANONICAL_DIRECT_REEVOLVED,0,5.95,FLEXRT_2_hinv_ckpc,5,9.191176470588235e-05,G1,EXPLICIT_HEI_ATOMIC,0.0,0.0,0.0,
CANONICAL_DIRECT_REEVOLVED,0,5.95,FLEXRT_2_hinv_ckpc,5,9.191176470588235e-05,G1,EXPLICIT_HEII_ATOMIC,0.0,0.0,0.0,
CANONICAL_DIRECT_REEVOLVED,0,5.95,FLEXRT_2_hinv_ckpc,5,9.191176470588235e-05,G1,TOTAL_PHYSICAL,4.025232962070702e+50,4.025240782605081e+50,1.9428736815862745e-06,0.9999980184746387
CANONICAL_DIRECT_REEVOLVED,0,5.95,FLEXRT_2_hinv_ckpc,5,9.191176470588235e-05,G2a,EFFECTIVE_HI_SUBGRID,9.81904713277001e+49,9.819056446195713e+49,9.485051598339303e-07,0.9999990671585319
CANONICAL_DIRECT_REEVOLVED,0,5.95,FLEXRT_2_hinv_ckpc,5,9.191176470588235e-05,G2a,EXPLICIT_HI_ATOMIC,0.0,0.0,0.0,
CANONICAL_DIRECT_REEVOLVED,0,5.95,FLEXRT_2_hinv_ckpc,5,9.191176470588235e-05,G2a,EXPLICIT_HEI_ATOMIC,6.654256259045468e+48,6.654262600321941e+48,9.529645663065544e-07,0.9999990645638743
CANONICAL_DIRECT_REEVOLVED,0,5.95,FLEXRT_2_hinv_ckpc,5,9.191176470588235e-05,G2a,EXPLICIT_HEII_ATOMIC,0.0,0.0,0.0,
CANONICAL_DIRECT_REEVOLVED,0,5.95,FLEXRT_2_hinv_ckpc,5,9.191176470588235e-05,G2a,TOTAL_PHYSICAL,1.0484472758674562e+50,1.0484482706227906e+50,9.487881875963691e-07,0.9999990680379726
CANONICAL_DIRECT_REEVOLVED,0,5.95,FLEXRT_2_hinv_ckpc,5,9.191176470588235e-05,G2b,EFFECTIVE_HI_SUBGRID,0.0,0.0,0.0,
CANONICAL_DIRECT_REEVOLVED,0,5.95,FLEXRT_2_hinv_ckpc,5,9.191176470588235e-05,G2b,EXPLICIT_HI_ATOMIC,9.61437560694394e+47,9.614376044788035e+47,4.5540562668669815e-08,0.9999999545552719
CANONICAL_DIRECT_REEVOLVED,0,5.95,FLEXRT_2_hinv_ckpc,5,9.191176470588235e-05,G2b,EXPLICIT_HEI_ATOMIC,1.5470484831919423e+48,1.5470485527076108e+48,4.493438059387313e-08,0.9999999528556759
CANONICAL_DIRECT_REEVOLVED,0,5.95,FLEXRT_2_hinv_ckpc,5,9.191176470588235e-05,G2b,EXPLICIT_HEII_ATOMIC,0.0,0.0,0.0,
CANONICAL_DIRECT_REEVOLVED,0,5.95,FLEXRT_2_hinv_ckpc,5,9.191176470588235e-05,G2b,TOTAL_PHYSICAL,2.5084860438863362e+48,2.508486157186414e+48,4.516671437731523e-08,0.9999999524794224
CANONICAL_DIRECT_REEVOLVED,0,5.95,FLEXRT_2_hinv_ckpc,5,9.191176470588235e-05,G3,EFFECTIVE_HI_SUBGRID,0.0,0.0,0.0,
CANONICAL_DIRECT_REEVOLVED,0,5.95,FLEXRT_2_hinv_ckpc,5,9.191176470588235e-05,G3,EXPLICIT_HI_ATOMIC,0.0,0.0,0.0,
CANONICAL_DIRECT_REEVOLVED,0,5.95,FLEXRT_2_hinv_ckpc,5,9.191176470588235e-05,G3,EXPLICIT_HEI_ATOMIC,0.0,0.0,0.0,
CANONICAL_DIRECT_REEVOLVED,0,5.95,FLEXRT_2_hinv_ckpc,5,9.191176470588235e-05,G3,EXPLICIT_HEII_ATOMIC,0.0,0.0,0.0,
CANONICAL_DIRECT_REEVOLVED,0,5.95,FLEXRT_2_hinv_ckpc,5,9.191176470588235e-05,G3,TOTAL_PHYSICAL,0.0,0.0,0.0,
CANONICAL_DIRECT_REEVOLVED,1,5.85,STRESS_1_cMpc,0,1.0,G1,EFFECTIVE_HI_SUBGRID,3.2879055927298566e+50,3.3871112126870307e+50,0.029289153419463088,
CANONICAL_DIRECT_REEVOLVED,1,5.85,STRESS_1_cMpc,0,1.0,G1,EXPLICIT_HI_ATOMIC,0.0,0.0,0.0,
CANONICAL_DIRECT_REEVOLVED,1,5.85,STRESS_1_cMpc,0,1.0,G1,EXPLICIT_HEI_ATOMIC,0.0,0.0,0.0,
CANONICAL_DIRECT_REEVOLVED,1,5.85,STRESS_1_cMpc,0,1.0,G1,EXPLICIT_HEII_ATOMIC,0.0,0.0,0.0,
CANONICAL_DIRECT_REEVOLVED,1,5.85,STRESS_1_cMpc,0,1.0,G1,TOTAL_PHYSICAL,3.2879055927298566e+50,3.3871112126870307e+50,0.029289153419463088,
CANONICAL_DIRECT_REEVOLVED,1,5.85,STRESS_1_cMpc,0,1.0,G2a,EFFECTIVE_HI_SUBGRID,1.3438430182556986e+50,1.3630359034709724e+50,0.014080982875358647,
CANONICAL_DIRECT_REEVOLVED,1,5.85,STRESS_1_cMpc,0,1.0,G2a,EXPLICIT_HI_ATOMIC,0.0,0.0,0.0,
CANONICAL_DIRECT_REEVOLVED,1,5.85,STRESS_1_cMpc,0,1.0,G2a,EXPLICIT_HEI_ATOMIC,5.794487128628932e+48,5.877015099384524e+48,0.014042497655695232,
CANONICAL_DIRECT_REEVOLVED,1,5.85,STRESS_1_cMpc,0,1.0,G2a,EXPLICIT_HEII_ATOMIC,0.0,0.0,0.0,
CANONICAL_DIRECT_REEVOLVED,1,5.85,STRESS_1_cMpc,0,1.0,G2a,TOTAL_PHYSICAL,1.401787889541988e+50,1.4218060544648173e+50,0.01407939209427855,
CANONICAL_DIRECT_REEVOLVED,1,5.85,STRESS_1_cMpc,0,1.0,G2b,EFFECTIVE_HI_SUBGRID,0.0,0.0,0.0,
CANONICAL_DIRECT_REEVOLVED,1,5.85,STRESS_1_cMpc,0,1.0,G2b,EXPLICIT_HI_ATOMIC,2.3195232953909563e+48,2.320816854929854e+48,0.0005573725200029596,
CANONICAL_DIRECT_REEVOLVED,1,5.85,STRESS_1_cMpc,0,1.0,G2b,EXPLICIT_HEI_ATOMIC,2.3335735567912412e+48,2.334836800673938e+48,0.0005410416189826604,
CANONICAL_DIRECT_REEVOLVED,1,5.85,STRESS_1_cMpc,0,1.0,G2b,EXPLICIT_HEII_ATOMIC,0.0,0.0,0.0,
CANONICAL_DIRECT_REEVOLVED,1,5.85,STRESS_1_cMpc,0,1.0,G2b,TOTAL_PHYSICAL,4.653096852182199e+48,4.65565365560379e+48,0.0005491824802116552,
CANONICAL_DIRECT_REEVOLVED,1,5.85,STRESS_1_cMpc,0,1.0,G3,EFFECTIVE_HI_SUBGRID,0.0,0.0,0.0,
CANONICAL_DIRECT_REEVOLVED,1,5.85,STRESS_1_cMpc,0,1.0,G3,EXPLICIT_HI_ATOMIC,0.0,0.0,0.0,
CANONICAL_DIRECT_REEVOLVED,1,5.85,STRESS_1_cMpc,0,1.0,G3,EXPLICIT_HEI_ATOMIC,0.0,0.0,0.0,
CANONICAL_DIRECT_REEVOLVED,1,5.85,STRESS_1_cMpc,0,1.0,G3,EXPLICIT_HEII_ATOMIC,0.0,0.0,0.0,
CANONICAL_DIRECT_REEVOLVED,1,5.85,STRESS_1_cMpc,0,1.0,G3,TOTAL_PHYSICAL,0.0,0.0,0.0,
CANONICAL_DIRECT_REEVOLVED,1,5.85,STRESS_1_cMpc,1,0.5,G1,EFFECTIVE_HI_SUBGRID,3.336978412262445e+50,3.3871112126870307e+50,0.01480104941249173,0.9846670255031057
CANONICAL_DIRECT_REEVOLVED,1,5.85,STRESS_1_cMpc,1,0.5,G1,EXPLICIT_HI_ATOMIC,0.0,0.0,0.0,
CANONICAL_DIRECT_REEVOLVED,1,5.85,STRESS_1_cMpc,1,0.5,G1,EXPLICIT_HEI_ATOMIC,0.0,0.0,0.0,
CANONICAL_DIRECT_REEVOLVED,1,5.85,STRESS_1_cMpc,1,0.5,G1,EXPLICIT_HEII_ATOMIC,0.0,0.0,0.0,
CANONICAL_DIRECT_REEVOLVED,1,5.85,STRESS_1_cMpc,1,0.5,G1,TOTAL_PHYSICAL,3.336978412262445e+50,3.3871112126870307e+50,0.01480104941249173,0.9846670255031057
CANONICAL_DIRECT_REEVOLVED,1,5.85,STRESS_1_cMpc,1,0.5,G2a,EFFECTIVE_HI_SUBGRID,1.3533923394479341e+50,1.3630359034709724e+50,0.007075062365181212,0.9929332697696842
CANONICAL_DIRECT_REEVOLVED,1,5.85,STRESS_1_cMpc,1,0.5,G2a,EXPLICIT_HI_ATOMIC,0.0,0.0,0.0,
CANONICAL_DIRECT_REEVOLVED,1,5.85,STRESS_1_cMpc,1,0.5,G2a,EXPLICIT_HEI_ATOMIC,5.8355490853960126e+48,5.877015099384524e+48,0.007055624885642106,0.9929537953241925
CANONICAL_DIRECT_REEVOLVED,1,5.85,STRESS_1_cMpc,1,0.5,G2a,EXPLICIT_HEII_ATOMIC,0.0,0.0,0.0,
CANONICAL_DIRECT_REEVOLVED,1,5.85,STRESS_1_cMpc,1,0.5,G2a,TOTAL_PHYSICAL,1.4117478303018946e+50,1.4218060544648173e+50,0.007074258919729165,0.9929341159616124
CANONICAL_DIRECT_REEVOLVED,1,5.85,STRESS_1_cMpc,1,0.5,G2b,EFFECTIVE_HI_SUBGRID,0.0,0.0,0.0,
CANONICAL_DIRECT_REEVOLVED,1,5.85,STRESS_1_cMpc,1,0.5,G2b,EXPLICIT_HI_ATOMIC,2.3201699486487984e+48,2.320816854929854e+48,0.0002787407716732572,0.9997178331357263
CANONICAL_DIRECT_REEVOLVED,1,5.85,STRESS_1_cMpc,1,0.5,G2b,EXPLICIT_HEI_ATOMIC,2.3342050585057598e+48,2.334836800673938e+48,0.0002705723020966773,0.9997254146282405
CANONICAL_DIRECT_REEVOLVED,1,5.85,STRESS_1_cMpc,1,0.5,G2b,EXPLICIT_HEII_ATOMIC,0.0,0.0,0.0,
CANONICAL_DIRECT_REEVOLVED,1,5.85,STRESS_1_cMpc,1,0.5,G2b,TOTAL_PHYSICAL,4.6543750071545576e+48,4.65565365560379e+48,0.00027464423769871514,0.9997215789301128
CANONICAL_DIRECT_REEVOLVED,1,5.85,STRESS_1_cMpc,1,0.5,G3,EFFECTIVE_HI_SUBGRID,0.0,0.0,0.0,
CANONICAL_DIRECT_REEVOLVED,1,5.85,STRESS_1_cMpc,1,0.5,G3,EXPLICIT_HI_ATOMIC,0.0,0.0,0.0,
CANONICAL_DIRECT_REEVOLVED,1,5.85,STRESS_1_cMpc,1,0.5,G3,EXPLICIT_HEI_ATOMIC,0.0,0.0,0.0,
CANONICAL_DIRECT_REEVOLVED,1,5.85,STRESS_1_cMpc,1,0.5,G3,EXPLICIT_HEII_ATOMIC,0.0,0.0,0.0,
CANONICAL_DIRECT_REEVOLVED,1,5.85,STRESS_1_cMpc,1,0.5,G3,TOTAL_PHYSICAL,0.0,0.0,0.0,
CANONICAL_DIRECT_REEVOLVED,1,5.85,STRESS_1_cMpc,2,0.25,G1,EFFECTIVE_HI_SUBGRID,3.36191061198123e+50,3.3871112126870307e+50,0.007440145635433378,0.9922967018948358
CANONICAL_DIRECT_REEVOLVED,1,5.85,STRESS_1_cMpc,2,0.25,G1,EXPLICIT_HI_ATOMIC,0.0,0.0,0.0,
CANONICAL_DIRECT_REEVOLVED,1,5.85,STRESS_1_cMpc,2,0.25,G1,EXPLICIT_HEI_ATOMIC,0.0,0.0,0.0,
CANONICAL_DIRECT_REEVOLVED,1,5.85,STRESS_1_cMpc,2,0.25,G1,EXPLICIT_HEII_ATOMIC,0.0,0.0,0.0,
CANONICAL_DIRECT_REEVOLVED,1,5.85,STRESS_1_cMpc,2,0.25,G1,TOTAL_PHYSICAL,3.36191061198123e+50,3.3871112126870307e+50,0.007440145635433378,0.9922967018948358
CANONICAL_DIRECT_REEVOLVED,1,5.85,STRESS_1_cMpc,2,0.25,G2a,EFFECTIVE_HI_SUBGRID,1.3582022736093002e+50,1.3630359034709724e+50,0.003546223433559853,0.9964594274248697
CANONICAL_DIRECT_REEVOLVED,1,5.85,STRESS_1_cMpc,2,0.25,G2a,EXPLICIT_HI_ATOMIC,0.0,0.0,0.0,
CANONICAL_DIRECT_REEVOLVED,1,5.85,STRESS_1_cMpc,2,0.25,G2a,EXPLICIT_HEI_ATOMIC,5.856231296718363e+48,5.877015099384524e+48,0.003536455550086597,0.9964697335309541
CANONICAL_DIRECT_REEVOLVED,1,5.85,STRESS_1_cMpc,2,0.25,G2a,EXPLICIT_HEII_ATOMIC,0.0,0.0,0.0,
CANONICAL_DIRECT_REEVOLVED,1,5.85,STRESS_1_cMpc,2,0.25,G2a,TOTAL_PHYSICAL,1.4167645865764839e+50,1.4218060544648173e+50,0.0035458196794858014,0.9964598523027403
CANONICAL_DIRECT_REEVOLVED,1,5.85,STRESS_1_cMpc,2,0.25,G2b,EFFECTIVE_HI_SUBGRID,0.0,0.0,0.0,
CANONICAL_DIRECT_REEVOLVED,1,5.85,STRESS_1_cMpc,2,0.25,G2b,EXPLICIT_HI_ATOMIC,2.320493370154148e+48,2.320816854929854e+48,0.00013938401688995132,0.999858904807572
CANONICAL_DIRECT_REEVOLVED,1,5.85,STRESS_1_cMpc,2,0.25,G2b,EXPLICIT_HEI_ATOMIC,2.3345208995263925e+48,2.334836800673938e+48,0.00013529902709021198,0.9998626960877992
CANONICAL_DIRECT_REEVOLVED,1,5.85,STRESS_1_cMpc,2,0.25,G2b,EXPLICIT_HEII_ATOMIC,0.0,0.0,0.0,
CANONICAL_DIRECT_REEVOLVED,1,5.85,STRESS_1_cMpc,2,0.25,G2b,TOTAL_PHYSICAL,4.655014269680541e+48,4.65565365560379e+48,0.00013733537125972393,0.9998607779695168
CANONICAL_DIRECT_REEVOLVED,1,5.85,STRESS_1_cMpc,2,0.25,G3,EFFECTIVE_HI_SUBGRID,0.0,0.0,0.0,
CANONICAL_DIRECT_REEVOLVED,1,5.85,STRESS_1_cMpc,2,0.25,G3,EXPLICIT_HI_ATOMIC,0.0,0.0,0.0,
CANONICAL_DIRECT_REEVOLVED,1,5.85,STRESS_1_cMpc,2,0.25,G3,EXPLICIT_HEI_ATOMIC,0.0,0.0,0.0,
CANONICAL_DIRECT_REEVOLVED,1,5.85,STRESS_1_cMpc,2,0.25,G3,EXPLICIT_HEII_ATOMIC,0.0,0.0,0.0,
CANONICAL_DIRECT_REEVOLVED,1,5.85,STRESS_1_cMpc,2,0.25,G3,TOTAL_PHYSICAL,0.0,0.0,0.0,
CANONICAL_DIRECT_REEVOLVED,1,5.85,STRESS_1_cMpc,3,0.125,G1,EFFECTIVE_HI_SUBGRID,3.374477146657641e+50,3.3871112126870307e+50,0.0037300416892325715,0.9961391062998197
CANONICAL_DIRECT_REEVOLVED,1,5.85,STRESS_1_cMpc,3,0.125,G1,EXPLICIT_HI_ATOMIC,0.0,0.0,0.0,
CANONICAL_DIRECT_REEVOLVED,1,5.85,STRESS_1_cMpc,3,0.125,G1,EXPLICIT_HEI_ATOMIC,0.0,0.0,0.0,
CANONICAL_DIRECT_REEVOLVED,1,5.85,STRESS_1_cMpc,3,0.125,G1,EXPLICIT_HEII_ATOMIC,0.0,0.0,0.0,
CANONICAL_DIRECT_REEVOLVED,1,5.85,STRESS_1_cMpc,3,0.125,G1,TOTAL_PHYSICAL,3.374477146657641e+50,3.3871112126870307e+50,0.0037300416892325715,0.9961391062998197
CANONICAL_DIRECT_REEVOLVED,1,5.85,STRESS_1_cMpc,3,0.125,G2a,EFFECTIVE_HI_SUBGRID,1.3606161180939704e+50,1.3630359034709724e+50,0.0017752910035898231,0.9982279087711395
CANONICAL_DIRECT_REEVOLVED,1,5.85,STRESS_1_cMpc,3,0.125,G2a,EXPLICIT_HI_ATOMIC,0.0,0.0,0.0,
CANONICAL_DIRECT_REEVOLVED,1,5.85,STRESS_1_cMpc,3,0.125,G2a,EXPLICIT_HEI_ATOMIC,5.866610462870008e+48,5.877015099384524e+48,0.0017703947222470651,0.9982330726841226
CANONICAL_DIRECT_REEVOLVED,1,5.85,STRESS_1_cMpc,3,0.125,G2a,EXPLICIT_HEII_ATOMIC,0.0,0.0,0.0,
CANONICAL_DIRECT_REEVOLVED,1,5.85,STRESS_1_cMpc,3,0.125,G2a,TOTAL_PHYSICAL,1.4192822227226707e+50,1.4218060544648173e+50,0.0017750886164967323,0.9982281216568484
CANONICAL_DIRECT_REEVOLVED,1,5.85,STRESS_1_cMpc,3,0.125,G2b,EFFECTIVE_HI_SUBGRID,0.0,0.0,0.0,
CANONICAL_DIRECT_REEVOLVED,1,5.85,STRESS_1_cMpc,3,0.125,G2b,EXPLICIT_HI_ATOMIC,2.3206551046322965e+48,2.320816854929854e+48,6.969541660033569e-05,0.9999294494630936
CANONICAL_DIRECT_REEVOLVED,1,5.85,STRESS_1_cMpc,3,0.125,G2b,EXPLICIT_HEI_ATOMIC,2.3346788425834574e+48,2.334836800673938e+48,6.765273291696526e-05,0.999931345237223
CANONICAL_DIRECT_REEVOLVED,1,5.85,STRESS_1_cMpc,3,0.125,G2b,EXPLICIT_HEII_ATOMIC,0.0,0.0,0.0,
CANONICAL_DIRECT_REEVOLVED,1,5.85,STRESS_1_cMpc,3,0.125,G2b,TOTAL_PHYSICAL,4.6553339472157555e+48,4.65565365560379e+48,6.867099910873417e-05,0.9999303861173995
CANONICAL_DIRECT_REEVOLVED,1,5.85,STRESS_1_cMpc,3,0.125,G3,EFFECTIVE_HI_SUBGRID,0.0,0.0,0.0,
CANONICAL_DIRECT_REEVOLVED,1,5.85,STRESS_1_cMpc,3,0.125,G3,EXPLICIT_HI_ATOMIC,0.0,0.0,0.0,
CANONICAL_DIRECT_REEVOLVED,1,5.85,STRESS_1_cMpc,3,0.125,G3,EXPLICIT_HEI_ATOMIC,0.0,0.0,0.0,
CANONICAL_DIRECT_REEVOLVED,1,5.85,STRESS_1_cMpc,3,0.125,G3,EXPLICIT_HEII_ATOMIC,0.0,0.0,0.0,
CANONICAL_DIRECT_REEVOLVED,1,5.85,STRESS_1_cMpc,3,0.125,G3,TOTAL_PHYSICAL,0.0,0.0,0.0,
CANONICAL_DIRECT_REEVOLVED,1,5.85,STRESS_1_cMpc,4,0.0625,G1,EFFECTIVE_HI_SUBGRID,3.380785711138787e+50,3.3871112126870307e+50,0.0018675210676727773,0.9980672367362698
CANONICAL_DIRECT_REEVOLVED,1,5.85,STRESS_1_cMpc,4,0.0625,G1,EXPLICIT_HI_ATOMIC,0.0,0.0,0.0,
CANONICAL_DIRECT_REEVOLVED,1,5.85,STRESS_1_cMpc,4,0.0625,G1,EXPLICIT_HEI_ATOMIC,0.0,0.0,0.0,
CANONICAL_DIRECT_REEVOLVED,1,5.85,STRESS_1_cMpc,4,0.0625,G1,EXPLICIT_HEII_ATOMIC,0.0,0.0,0.0,
CANONICAL_DIRECT_REEVOLVED,1,5.85,STRESS_1_cMpc,4,0.0625,G1,TOTAL_PHYSICAL,3.380785711138787e+50,3.3871112126870307e+50,0.0018675210676727773,0.9980672367362698
CANONICAL_DIRECT_REEVOLVED,1,5.85,STRESS_1_cMpc,4,0.0625,G2a,EFFECTIVE_HI_SUBGRID,1.36182526710755e+50,1.3630359034709724e+50,0.0008881911036528662,0.9991135027658251
CANONICAL_DIRECT_REEVOLVED,1,5.85,STRESS_1_cMpc,4,0.0625,G2a,EXPLICIT_HI_ATOMIC,0.0,0.0,0.0,
CANONICAL_DIRECT_REEVOLVED,1,5.85,STRESS_1_cMpc,4,0.0625,G2a,EXPLICIT_HEI_ATOMIC,5.871809592786502e+48,5.877015099384524e+48,0.0008857398713452314,0.9991160874404694
CANONICAL_DIRECT_REEVOLVED,1,5.85,STRESS_1_cMpc,4,0.0625,G2a,EXPLICIT_HEII_ATOMIC,0.0,0.0,0.0,
CANONICAL_DIRECT_REEVOLVED,1,5.85,STRESS_1_cMpc,4,0.0625,G2a,TOTAL_PHYSICAL,1.420543363035415e+50,1.4218060544648173e+50,0.0008880897823138619,0.9991136093205664
CANONICAL_DIRECT_REEVOLVED,1,5.85,STRESS_1_cMpc,4,0.0625,G2b,EFFECTIVE_HI_SUBGRID,0.0,0.0,0.0,
CANONICAL_DIRECT_REEVOLVED,1,5.85,STRESS_1_cMpc,4,0.0625,G2b,EXPLICIT_HI_ATOMIC,2.3207359778035352e+48,2.320816854929854e+48,3.484856038807052e-05,0.9999647239941312
CANONICAL_DIRECT_REEVOLVED,1,5.85,STRESS_1_cMpc,4,0.0625,G2b,EXPLICIT_HEI_ATOMIC,2.334757819749416e+48,2.334836800673938e+48,3.382717134632378e-05,0.9999656719298169
CANONICAL_DIRECT_REEVOLVED,1,5.85,STRESS_1_cMpc,4,0.0625,G2b,EXPLICIT_HEII_ATOMIC,0.0,0.0,0.0,
CANONICAL_DIRECT_REEVOLVED,1,5.85,STRESS_1_cMpc,4,0.0625,G2b,TOTAL_PHYSICAL,4.655493797552951e+48,4.65565365560379e+48,3.433632797120517e-05,0.9999651923384825
CANONICAL_DIRECT_REEVOLVED,1,5.85,STRESS_1_cMpc,4,0.0625,G3,EFFECTIVE_HI_SUBGRID,0.0,0.0,0.0,
CANONICAL_DIRECT_REEVOLVED,1,5.85,STRESS_1_cMpc,4,0.0625,G3,EXPLICIT_HI_ATOMIC,0.0,0.0,0.0,
CANONICAL_DIRECT_REEVOLVED,1,5.85,STRESS_1_cMpc,4,0.0625,G3,EXPLICIT_HEI_ATOMIC,0.0,0.0,0.0,
CANONICAL_DIRECT_REEVOLVED,1,5.85,STRESS_1_cMpc,4,0.0625,G3,EXPLICIT_HEII_ATOMIC,0.0,0.0,0.0,
CANONICAL_DIRECT_REEVOLVED,1,5.85,STRESS_1_cMpc,4,0.0625,G3,TOTAL_PHYSICAL,0.0,0.0,0.0,
CANONICAL_DIRECT_REEVOLVED,1,5.85,STRESS_1_cMpc,5,0.03125,G1,EFFECTIVE_HI_SUBGRID,3.383946341379512e+50,3.3871112126870307e+50,0.0009343865934086213,0.9990330386072903
CANONICAL_DIRECT_REEVOLVED,1,5.85,STRESS_1_cMpc,5,0.03125,G1,EXPLICIT_HI_ATOMIC,0.0,0.0,0.0,
CANONICAL_DIRECT_REEVOLVED,1,5.85,STRESS_1_cMpc,5,0.03125,G1,EXPLICIT_HEI_ATOMIC,0.0,0.0,0.0,
CANONICAL_DIRECT_REEVOLVED,1,5.85,STRESS_1_cMpc,5,0.03125,G1,EXPLICIT_HEII_ATOMIC,0.0,0.0,0.0,
CANONICAL_DIRECT_REEVOLVED,1,5.85,STRESS_1_cMpc,5,0.03125,G1,TOTAL_PHYSICAL,3.383946341379512e+50,3.3871112126870307e+50,0.0009343865934086213,0.9990330386072903
CANONICAL_DIRECT_REEVOLVED,1,5.85,STRESS_1_cMpc,5,0.03125,G2a,EFFECTIVE_HI_SUBGRID,1.3624303992374247e+50,1.3630359034709724e+50,0.00044423204994512965,0.9995566384291308
CANONICAL_DIRECT_REEVOLVED,1,5.85,STRESS_1_cMpc,5,0.03125,G2a,EXPLICIT_HI_ATOMIC,0.0,0.0,0.0,
CANONICAL_DIRECT_REEVOLVED,1,5.85,STRESS_1_cMpc,5,0.03125,G2a,EXPLICIT_HEI_ATOMIC,5.874411548431365e+48,5.877015099384524e+48,0.00044300566003854536,0.9995579314474073
CANONICAL_DIRECT_REEVOLVED,1,5.85,STRESS_1_cMpc,5,0.03125,G2a,EXPLICIT_HEII_ATOMIC,0.0,0.0,0.0,
CANONICAL_DIRECT_REEVOLVED,1,5.85,STRESS_1_cMpc,5,0.03125,G2a,TOTAL_PHYSICAL,1.4211745147217385e+50,1.4218060544648173e+50,0.0004441813572924159,0.9995566917352281
CANONICAL_DIRECT_REEVOLVED,1,5.85,STRESS_1_cMpc,5,0.03125,G2b,EFFECTIVE_HI_SUBGRID,0.0,0.0,0.0,
CANONICAL_DIRECT_REEVOLVED,1,5.85,STRESS_1_cMpc,5,0.03125,G2b,EXPLICIT_HI_ATOMIC,2.3207764158722952e+48,2.320816854929854e+48,1.74244932221809e-05,0.9999823618096615
CANONICAL_DIRECT_REEVOLVED,1,5.85,STRESS_1_cMpc,5,0.03125,G2b,EXPLICIT_HEI_ATOMIC,2.3347973097418424e+48,2.334836800673938e+48,1.6913786901237732e-05,0.9999828357495713
CANONICAL_DIRECT_REEVOLVED,1,5.85,STRESS_1_cMpc,5,0.03125,G2b,EXPLICIT_HEII_ATOMIC,0.0,0.0,0.0,
CANONICAL_DIRECT_REEVOLVED,1,5.85,STRESS_1_cMpc,5,0.03125,G2b,TOTAL_PHYSICAL,4.655573725614139e+48,4.65565365560379e+48,1.7168371095423293e-05,0.9999825960126406
CANONICAL_DIRECT_REEVOLVED,1,5.85,STRESS_1_cMpc,5,0.03125,G3,EFFECTIVE_HI_SUBGRID,0.0,0.0,0.0,
CANONICAL_DIRECT_REEVOLVED,1,5.85,STRESS_1_cMpc,5,0.03125,G3,EXPLICIT_HI_ATOMIC,0.0,0.0,0.0,
CANONICAL_DIRECT_REEVOLVED,1,5.85,STRESS_1_cMpc,5,0.03125,G3,EXPLICIT_HEI_ATOMIC,0.0,0.0,0.0,
CANONICAL_DIRECT_REEVOLVED,1,5.85,STRESS_1_cMpc,5,0.03125,G3,EXPLICIT_HEII_ATOMIC,0.0,0.0,0.0,
CANONICAL_DIRECT_REEVOLVED,1,5.85,STRESS_1_cMpc,5,0.03125,G3,TOTAL_PHYSICAL,0.0,0.0,0.0,
CANONICAL_DIRECT_REEVOLVED,1,5.85,STRESS_1_cMpc,6,0.015625,G1,EFFECTIVE_HI_SUBGRID,3.385528246474251e+50,3.3871112126870307e+50,0.00046734993727113976,0.999516374282394
CANONICAL_DIRECT_REEVOLVED,1,5.85,STRESS_1_cMpc,6,0.015625,G1,EXPLICIT_HI_ATOMIC,0.0,0.0,0.0,
CANONICAL_DIRECT_REEVOLVED,1,5.85,STRESS_1_cMpc,6,0.015625,G1,EXPLICIT_HEI_ATOMIC,0.0,0.0,0.0,
CANONICAL_DIRECT_REEVOLVED,1,5.85,STRESS_1_cMpc,6,0.015625,G1,EXPLICIT_HEII_ATOMIC,0.0,0.0,0.0,
CANONICAL_DIRECT_REEVOLVED,1,5.85,STRESS_1_cMpc,6,0.015625,G1,TOTAL_PHYSICAL,3.385528246474251e+50,3.3871112126870307e+50,0.00046734993727113976,0.999516374282394
CANONICAL_DIRECT_REEVOLVED,1,5.85,STRESS_1_cMpc,6,0.015625,G2a,EFFECTIVE_HI_SUBGRID,1.3627331048245897e+50,1.3630359034709724e+50,0.0002221501617174146,0.9997782909702368
CANONICAL_DIRECT_REEVOLVED,1,5.85,STRESS_1_cMpc,6,0.015625,G2a,EXPLICIT_HI_ATOMIC,0.0,0.0,0.0,
CANONICAL_DIRECT_REEVOLVED,1,5.85,STRESS_1_cMpc,6,0.015625,G2a,EXPLICIT_HEI_ATOMIC,5.875713124423237e+48,5.877015099384524e+48,0.00022153677322069956,0.9997789376475235
CANONICAL_DIRECT_REEVOLVED,1,5.85,STRESS_1_cMpc,6,0.015625,G2a,EXPLICIT_HEII_ATOMIC,0.0,0.0,0.0,
CANONICAL_DIRECT_REEVOLVED,1,5.85,STRESS_1_cMpc,6,0.015625,G2a,TOTAL_PHYSICAL,1.421490236068822e+50,1.4218060544648173e+50,0.0002221248073909268,0.9997783176300594
CANONICAL_DIRECT_REEVOLVED,1,5.85,STRESS_1_cMpc,6,0.015625,G2b,EFFECTIVE_HI_SUBGRID,0.0,0.0,0.0,
CANONICAL_DIRECT_REEVOLVED,1,5.85,STRESS_1_cMpc,6,0.015625,G2b,EXPLICIT_HI_ATOMIC,2.320796635277473e+48,2.320816854929854e+48,8.712299868913401e-06,0.9999911808554502
CANONICAL_DIRECT_REEVOLVED,1,5.85,STRESS_1_cMpc,6,0.015625,G2b,EXPLICIT_HEI_ATOMIC,2.33481705509043e+48,2.334836800673938e+48,8.456943758263279e-06,0.9999914178446657
CANONICAL_DIRECT_REEVOLVED,1,5.85,STRESS_1_cMpc,6,0.015625,G2b,EXPLICIT_HEII_ATOMIC,0.0,0.0,0.0,
CANONICAL_DIRECT_REEVOLVED,1,5.85,STRESS_1_cMpc,6,0.015625,G2b,TOTAL_PHYSICAL,4.655613690367903e+48,4.65565365560379e+48,8.584237326003275e-06,0.9999912979444754
CANONICAL_DIRECT_REEVOLVED,1,5.85,STRESS_1_cMpc,6,0.015625,G3,EFFECTIVE_HI_SUBGRID,0.0,0.0,0.0,
CANONICAL_DIRECT_REEVOLVED,1,5.85,STRESS_1_cMpc,6,0.015625,G3,EXPLICIT_HI_ATOMIC,0.0,0.0,0.0,
CANONICAL_DIRECT_REEVOLVED,1,5.85,STRESS_1_cMpc,6,0.015625,G3,EXPLICIT_HEI_ATOMIC,0.0,0.0,0.0,
CANONICAL_DIRECT_REEVOLVED,1,5.85,STRESS_1_cMpc,6,0.015625,G3,EXPLICIT_HEII_ATOMIC,0.0,0.0,0.0,
CANONICAL_DIRECT_REEVOLVED,1,5.85,STRESS_1_cMpc,6,0.015625,G3,TOTAL_PHYSICAL,0.0,0.0,0.0,
CANONICAL_DIRECT_REEVOLVED,1,5.85,STRESS_1_cMpc,7,0.0078125,G1,EFFECTIVE_HI_SUBGRID,3.3863195968876332e+50,3.3871112126870307e+50,0.00023371414449939454,0.9997581508725539
CANONICAL_DIRECT_REEVOLVED,1,5.85,STRESS_1_cMpc,7,0.0078125,G1,EXPLICIT_HI_ATOMIC,0.0,0.0,0.0,
CANONICAL_DIRECT_REEVOLVED,1,5.85,STRESS_1_cMpc,7,0.0078125,G1,EXPLICIT_HEI_ATOMIC,0.0,0.0,0.0,
CANONICAL_DIRECT_REEVOLVED,1,5.85,STRESS_1_cMpc,7,0.0078125,G1,EXPLICIT_HEII_ATOMIC,0.0,0.0,0.0,
CANONICAL_DIRECT_REEVOLVED,1,5.85,STRESS_1_cMpc,7,0.0078125,G1,TOTAL_PHYSICAL,3.3863195968876332e+50,3.3871112126870307e+50,0.00023371414449939454,0.9997581508725539
CANONICAL_DIRECT_REEVOLVED,1,5.85,STRESS_1_cMpc,7,0.0078125,G2a,EFFECTIVE_HI_SUBGRID,1.3628844925132965e+50,1.3630359034709724e+50,0.00011108361657264524,0.9998891384193629
CANONICAL_DIRECT_REEVOLVED,1,5.85,STRESS_1_cMpc,7,0.0078125,G2a,EXPLICIT_HI_ATOMIC,0.0,0.0,0.0,
CANONICAL_DIRECT_REEVOLVED,1,5.85,STRESS_1_cMpc,7,0.0078125,G2a,EXPLICIT_HEI_ATOMIC,5.876364062023806e+48,5.877015099384524e+48,0.0001107768739247636,0.9998894618066603
CANONICAL_DIRECT_REEVOLVED,1,5.85,STRESS_1_cMpc,7,0.0078125,G2a,EXPLICIT_HEII_ATOMIC,0.0,0.0,0.0,
CANONICAL_DIRECT_REEVOLVED,1,5.85,STRESS_1_cMpc,7,0.0078125,G2a,TOTAL_PHYSICAL,1.4216481331335342e+50,1.4218060544648173e+50,0.00011107093740892344,0.9998891517497193
CANONICAL_DIRECT_REEVOLVED,1,5.85,STRESS_1_cMpc,7,0.0078125,G2b,EFFECTIVE_HI_SUBGRID,0.0,0.0,0.0,
CANONICAL_DIRECT_REEVOLVED,1,5.85,STRESS_1_cMpc,7,0.0078125,G2b,EXPLICIT_HI_ATOMIC,2.3208067450727632e+48,2.320816854929854e+48,4.356163248807566e-06,0.9999955904826738
CANONICAL_DIRECT_REEVOLVED,1,5.85,STRESS_1_cMpc,7,0.0078125,G2b,EXPLICIT_HEI_ATOMIC,2.334826927852819e+48,2.334836800673938e+48,4.228484456042744e-06,0.9999957089414772
CANONICAL_DIRECT_REEVOLVED,1,5.85,STRESS_1_cMpc,7,0.0078125,G2b,EXPLICIT_HEII_ATOMIC,0.0,0.0,0.0,
CANONICAL_DIRECT_REEVOLVED,1,5.85,STRESS_1_cMpc,7,0.0078125,G2b,TOTAL_PHYSICAL,4.655633672925582e+48,4.65565365560379e+48,4.292131607348006e-06,0.9999956490680666
CANONICAL_DIRECT_REEVOLVED,1,5.85,STRESS_1_cMpc,7,0.0078125,G3,EFFECTIVE_HI_SUBGRID,0.0,0.0,0.0,
CANONICAL_DIRECT_REEVOLVED,1,5.85,STRESS_1_cMpc,7,0.0078125,G3,EXPLICIT_HI_ATOMIC,0.0,0.0,0.0,
CANONICAL_DIRECT_REEVOLVED,1,5.85,STRESS_1_cMpc,7,0.0078125,G3,EXPLICIT_HEI_ATOMIC,0.0,0.0,0.0,
CANONICAL_DIRECT_REEVOLVED,1,5.85,STRESS_1_cMpc,7,0.0078125,G3,EXPLICIT_HEII_ATOMIC,0.0,0.0,0.0,
CANONICAL_DIRECT_REEVOLVED,1,5.85,STRESS_1_cMpc,7,0.0078125,G3,TOTAL_PHYSICAL,0.0,0.0,0.0,
CANONICAL_DIRECT_REEVOLVED,1,5.85,STRESS_1_cMpc,8,0.00390625,G1,EFFECTIVE_HI_SUBGRID,3.386715371607422e+50,3.3871112126870307e+50,0.00011686686818133391,0.9998790663722742
CANONICAL_DIRECT_REEVOLVED,1,5.85,STRESS_1_cMpc,8,0.00390625,G1,EXPLICIT_HI_ATOMIC,0.0,0.0,0.0,
CANONICAL_DIRECT_REEVOLVED,1,5.85,STRESS_1_cMpc,8,0.00390625,G1,EXPLICIT_HEI_ATOMIC,0.0,0.0,0.0,
CANONICAL_DIRECT_REEVOLVED,1,5.85,STRESS_1_cMpc,8,0.00390625,G1,EXPLICIT_HEII_ATOMIC,0.0,0.0,0.0,
CANONICAL_DIRECT_REEVOLVED,1,5.85,STRESS_1_cMpc,8,0.00390625,G1,TOTAL_PHYSICAL,3.386715371607422e+50,3.3871112126870307e+50,0.00011686686818133391,0.9998790663722742
CANONICAL_DIRECT_REEVOLVED,1,5.85,STRESS_1_cMpc,8,0.00390625,G2a,EFFECTIVE_HI_SUBGRID,1.3629601950832528e+50,1.3630359034709724e+50,5.5543942405903735e-05,0.9999445674406028
CANONICAL_DIRECT_REEVOLVED,1,5.85,STRESS_1_cMpc,8,0.00390625,G2a,EXPLICIT_HI_ATOMIC,0.0,0.0,0.0,
CANONICAL_DIRECT_REEVOLVED,1,5.85,STRESS_1_cMpc,8,0.00390625,G2a,EXPLICIT_HEI_ATOMIC,5.876689568233035e+48,5.877015099384524e+48,5.5390558980163016e-05,0.9999447291518764
CANONICAL_DIRECT_REEVOLVED,1,5.85,STRESS_1_cMpc,8,0.00390625,G2a,EXPLICIT_HEII_ATOMIC,0.0,0.0,0.0,
CANONICAL_DIRECT_REEVOLVED,1,5.85,STRESS_1_cMpc,8,0.00390625,G2a,TOTAL_PHYSICAL,1.4217270907655835e+50,1.4218060544648173e+50,5.5537602323364735e-05,0.9999445741189575
CANONICAL_DIRECT_REEVOLVED,1,5.85,STRESS_1_cMpc,8,0.00390625,G2b,EFFECTIVE_HI_SUBGRID,0.0,0.0,0.0,
CANONICAL_DIRECT_REEVOLVED,1,5.85,STRESS_1_cMpc,8,0.00390625,G2b,EXPLICIT_HI_ATOMIC,2.320811799993583e+48,2.320816854929854e+48,2.1780849532536795e-06,0.9999977950727312
CANONICAL_DIRECT_REEVOLVED,1,5.85,STRESS_1_cMpc,8,0.00390625,G2b,EXPLICIT_HEI_ATOMIC,2.3348318642560374e+48,2.334836800673938e+48,2.1142453722491474e-06,0.999997854475525
CANONICAL_DIRECT_REEVOLVED,1,5.85,STRESS_1_cMpc,8,0.00390625,G2b,EXPLICIT_HEII_ATOMIC,0.0,0.0,0.0,
CANONICAL_DIRECT_REEVOLVED,1,5.85,STRESS_1_cMpc,8,0.00390625,G2b,TOTAL_PHYSICAL,4.6556436642496206e+48,4.65565365560379e+48,2.1460690396211865e-06,0.9999978246326714
CANONICAL_DIRECT_REEVOLVED,1,5.85,STRESS_1_cMpc,8,0.00390625,G3,EFFECTIVE_HI_SUBGRID,0.0,0.0,0.0,
CANONICAL_DIRECT_REEVOLVED,1,5.85,STRESS_1_cMpc,8,0.00390625,G3,EXPLICIT_HI_ATOMIC,0.0,0.0,0.0,
CANONICAL_DIRECT_REEVOLVED,1,5.85,STRESS_1_cMpc,8,0.00390625,G3,EXPLICIT_HEI_ATOMIC,0.0,0.0,0.0,
CANONICAL_DIRECT_REEVOLVED,1,5.85,STRESS_1_cMpc,8,0.00390625,G3,EXPLICIT_HEII_ATOMIC,0.0,0.0,0.0,
CANONICAL_DIRECT_REEVOLVED,1,5.85,STRESS_1_cMpc,8,0.00390625,G3,TOTAL_PHYSICAL,0.0,0.0,0.0,
CANONICAL_DIRECT_REEVOLVED,1,5.85,FLEXRT_2_hinv_ckpc,0,0.0029411764705882353,G1,EFFECTIVE_HI_SUBGRID,3.3868131614661874e+50,3.3871112126870307e+50,8.799569961767183e-05,
CANONICAL_DIRECT_REEVOLVED,1,5.85,FLEXRT_2_hinv_ckpc,0,0.0029411764705882353,G1,EXPLICIT_HI_ATOMIC,0.0,0.0,0.0,
CANONICAL_DIRECT_REEVOLVED,1,5.85,FLEXRT_2_hinv_ckpc,0,0.0029411764705882353,G1,EXPLICIT_HEI_ATOMIC,0.0,0.0,0.0,
CANONICAL_DIRECT_REEVOLVED,1,5.85,FLEXRT_2_hinv_ckpc,0,0.0029411764705882353,G1,EXPLICIT_HEII_ATOMIC,0.0,0.0,0.0,
CANONICAL_DIRECT_REEVOLVED,1,5.85,FLEXRT_2_hinv_ckpc,0,0.0029411764705882353,G1,TOTAL_PHYSICAL,3.3868131614661874e+50,3.3871112126870307e+50,8.799569961767183e-05,
CANONICAL_DIRECT_REEVOLVED,1,5.85,FLEXRT_2_hinv_ckpc,0,0.0029411764705882353,G2a,EFFECTIVE_HI_SUBGRID,1.3629788989673218e+50,1.3630359034709724e+50,4.1821718346102645e-05,
CANONICAL_DIRECT_REEVOLVED,1,5.85,FLEXRT_2_hinv_ckpc,0,0.0029411764705882353,G2a,EXPLICIT_HI_ATOMIC,0.0,0.0,0.0,
CANONICAL_DIRECT_REEVOLVED,1,5.85,FLEXRT_2_hinv_ckpc,0,0.0029411764705882353,G2a,EXPLICIT_HEI_ATOMIC,5.876769991256369e+48,5.877015099384524e+48,4.170622739785553e-05,
CANONICAL_DIRECT_REEVOLVED,1,5.85,FLEXRT_2_hinv_ckpc,0,0.0029411764705882353,G2a,EXPLICIT_HEII_ATOMIC,0.0,0.0,0.0,
CANONICAL_DIRECT_REEVOLVED,1,5.85,FLEXRT_2_hinv_ckpc,0,0.0029411764705882353,G2a,TOTAL_PHYSICAL,1.421746598879886e+50,1.4218060544648173e+50,4.181694454364805e-05,
CANONICAL_DIRECT_REEVOLVED,1,5.85,FLEXRT_2_hinv_ckpc,0,0.0029411764705882353,G2b,EFFECTIVE_HI_SUBGRID,0.0,0.0,0.0,
CANONICAL_DIRECT_REEVOLVED,1,5.85,FLEXRT_2_hinv_ckpc,0,0.0029411764705882353,G2b,EXPLICIT_HI_ATOMIC,2.3208130488587546e+48,2.320816854929854e+48,1.6399704660984519e-06,
CANONICAL_DIRECT_REEVOLVED,1,5.85,FLEXRT_2_hinv_ckpc,0,0.0029411764705882353,G2b,EXPLICIT_HEI_ATOMIC,2.3348330838402705e+48,2.334836800673938e+48,1.5919029829124073e-06,
CANONICAL_DIRECT_REEVOLVED,1,5.85,FLEXRT_2_hinv_ckpc,0,0.0029411764705882353,G2b,EXPLICIT_HEII_ATOMIC,0.0,0.0,0.0,
CANONICAL_DIRECT_REEVOLVED,1,5.85,FLEXRT_2_hinv_ckpc,0,0.0029411764705882353,G2b,TOTAL_PHYSICAL,4.655646132699024e+48,4.65565365560379e+48,1.615864349549808e-06,
CANONICAL_DIRECT_REEVOLVED,1,5.85,FLEXRT_2_hinv_ckpc,0,0.0029411764705882353,G3,EFFECTIVE_HI_SUBGRID,0.0,0.0,0.0,
CANONICAL_DIRECT_REEVOLVED,1,5.85,FLEXRT_2_hinv_ckpc,0,0.0029411764705882353,G3,EXPLICIT_HI_ATOMIC,0.0,0.0,0.0,
CANONICAL_DIRECT_REEVOLVED,1,5.85,FLEXRT_2_hinv_ckpc,0,0.0029411764705882353,G3,EXPLICIT_HEI_ATOMIC,0.0,0.0,0.0,
CANONICAL_DIRECT_REEVOLVED,1,5.85,FLEXRT_2_hinv_ckpc,0,0.0029411764705882353,G3,EXPLICIT_HEII_ATOMIC,0.0,0.0,0.0,
CANONICAL_DIRECT_REEVOLVED,1,5.85,FLEXRT_2_hinv_ckpc,0,0.0029411764705882353,G3,TOTAL_PHYSICAL,0.0,0.0,0.0,
CANONICAL_DIRECT_REEVOLVED,1,5.85,FLEXRT_2_hinv_ckpc,1,0.0014705882352941176,G1,EFFECTIVE_HI_SUBGRID,3.3869621823734276e+50,3.3871112126870307e+50,4.3999238361251435e-05,0.9999544699097276
CANONICAL_DIRECT_REEVOLVED,1,5.85,FLEXRT_2_hinv_ckpc,1,0.0014705882352941176,G1,EXPLICIT_HI_ATOMIC,0.0,0.0,0.0,
CANONICAL_DIRECT_REEVOLVED,1,5.85,FLEXRT_2_hinv_ckpc,1,0.0014705882352941176,G1,EXPLICIT_HEI_ATOMIC,0.0,0.0,0.0,
CANONICAL_DIRECT_REEVOLVED,1,5.85,FLEXRT_2_hinv_ckpc,1,0.0014705882352941176,G1,EXPLICIT_HEII_ATOMIC,0.0,0.0,0.0,
CANONICAL_DIRECT_REEVOLVED,1,5.85,FLEXRT_2_hinv_ckpc,1,0.0014705882352941176,G1,TOTAL_PHYSICAL,3.3869621823734276e+50,3.3871112126870307e+50,4.3999238361251435e-05,0.9999544699097276
CANONICAL_DIRECT_REEVOLVED,1,5.85,FLEXRT_2_hinv_ckpc,1,0.0014705882352941176,G2a,EFFECTIVE_HI_SUBGRID,1.3630074008068478e+50,1.3630359034709724e+50,2.0911161659079464e-05,0.9999791308461876
CANONICAL_DIRECT_REEVOLVED,1,5.85,FLEXRT_2_hinv_ckpc,1,0.0014705882352941176,G2a,EXPLICIT_HI_ATOMIC,0.0,0.0,0.0,
CANONICAL_DIRECT_REEVOLVED,1,5.85,FLEXRT_2_hinv_ckpc,1,0.0014705882352941176,G2a,EXPLICIT_HEI_ATOMIC,5.876892543552812e+48,5.877015099384524e+48,2.0853414469813645e-05,0.9999791917148435
CANONICAL_DIRECT_REEVOLVED,1,5.85,FLEXRT_2_hinv_ckpc,1,0.0014705882352941176,G2a,EXPLICIT_HEII_ATOMIC,0.0,0.0,0.0,
CANONICAL_DIRECT_REEVOLVED,1,5.85,FLEXRT_2_hinv_ckpc,1,0.0014705882352941176,G2a,TOTAL_PHYSICAL,1.4217763262423755e+50,1.4218060544648173e+50,2.0908774687244594e-05,0.9999791333356796
CANONICAL_DIRECT_REEVOLVED,1,5.85,FLEXRT_2_hinv_ckpc,1,0.0014705882352941176,G2b,EFFECTIVE_HI_SUBGRID,0.0,0.0,0.0,
CANONICAL_DIRECT_REEVOLVED,1,5.85,FLEXRT_2_hinv_ckpc,1,0.0014705882352941176,G2b,EXPLICIT_HI_ATOMIC,2.320814951893209e+48,2.320816854929854e+48,8.199857049037185e-07,0.9999991698119515
CANONICAL_DIRECT_REEVOLVED,1,5.85,FLEXRT_2_hinv_ckpc,1,0.0014705882352941176,G2b,EXPLICIT_HEI_ATOMIC,2.3348349422560636e+48,2.334836800673938e+48,7.95951937196566e-07,0.9999991920773603
CANONICAL_DIRECT_REEVOLVED,1,5.85,FLEXRT_2_hinv_ckpc,1,0.0014705882352941176,G2b,EXPLICIT_HEII_ATOMIC,0.0,0.0,0.0,
CANONICAL_DIRECT_REEVOLVED,1,5.85,FLEXRT_2_hinv_ckpc,1,0.0014705882352941176,G2b,TOTAL_PHYSICAL,4.655649894149274e+48,4.65565365560379e+48,8.079326330102303e-07,0.9999991817461095
CANONICAL_DIRECT_REEVOLVED,1,5.85,FLEXRT_2_hinv_ckpc,1,0.0014705882352941176,G3,EFFECTIVE_HI_SUBGRID,0.0,0.0,0.0,
CANONICAL_DIRECT_REEVOLVED,1,5.85,FLEXRT_2_hinv_ckpc,1,0.0014705882352941176,G3,EXPLICIT_HI_ATOMIC,0.0,0.0,0.0,
CANONICAL_DIRECT_REEVOLVED,1,5.85,FLEXRT_2_hinv_ckpc,1,0.0014705882352941176,G3,EXPLICIT_HEI_ATOMIC,0.0,0.0,0.0,
CANONICAL_DIRECT_REEVOLVED,1,5.85,FLEXRT_2_hinv_ckpc,1,0.0014705882352941176,G3,EXPLICIT_HEII_ATOMIC,0.0,0.0,0.0,
CANONICAL_DIRECT_REEVOLVED,1,5.85,FLEXRT_2_hinv_ckpc,1,0.0014705882352941176,G3,TOTAL_PHYSICAL,0.0,0.0,0.0,
CANONICAL_DIRECT_REEVOLVED,1,5.85,FLEXRT_2_hinv_ckpc,2,0.0007352941176470588,G1,EFFECTIVE_HI_SUBGRID,3.387036696354389e+50,3.3871112126870307e+50,2.1999966331989674e-05,0.9999772346241269
CANONICAL_DIRECT_REEVOLVED,1,5.85,FLEXRT_2_hinv_ckpc,2,0.0007352941176470588,G1,EXPLICIT_HI_ATOMIC,0.0,0.0,0.0,
CANONICAL_DIRECT_REEVOLVED,1,5.85,FLEXRT_2_hinv_ckpc,2,0.0007352941176470588,G1,EXPLICIT_HEI_ATOMIC,0.0,0.0,0.0,
CANONICAL_DIRECT_REEVOLVED,1,5.85,FLEXRT_2_hinv_ckpc,2,0.0007352941176470588,G1,EXPLICIT_HEII_ATOMIC,0.0,0.0,0.0,
CANONICAL_DIRECT_REEVOLVED,1,5.85,FLEXRT_2_hinv_ckpc,2,0.0007352941176470588,G1,TOTAL_PHYSICAL,3.387036696354389e+50,3.3871112126870307e+50,2.1999966331989674e-05,0.9999772346241269
CANONICAL_DIRECT_REEVOLVED,1,5.85,FLEXRT_2_hinv_ckpc,2,0.0007352941176470588,G2a,EFFECTIVE_HI_SUBGRID,1.3630216520358337e+50,1.3630359034709724e+50,1.0455656452151483e-05,0.9999895653838667
CANONICAL_DIRECT_REEVOLVED,1,5.85,FLEXRT_2_hinv_ckpc,2,0.0007352941176470588,G2a,EXPLICIT_HI_ATOMIC,0.0,0.0,0.0,
CANONICAL_DIRECT_REEVOLVED,1,5.85,FLEXRT_2_hinv_ckpc,2,0.0007352941176470588,G2a,EXPLICIT_HEI_ATOMIC,5.876953821026753e+48,5.877015099384524e+48,1.0426782428705049e-05,0.9999895958209819
CANONICAL_DIRECT_REEVOLVED,1,5.85,FLEXRT_2_hinv_ckpc,2,0.0007352941176470588,G2a,EXPLICIT_HEII_ATOMIC,0.0,0.0,0.0,
CANONICAL_DIRECT_REEVOLVED,1,5.85,FLEXRT_2_hinv_ckpc,2,0.0007352941176470588,G2a,TOTAL_PHYSICAL,1.421791190246101e+50,1.4218060544648173e+50,1.0454462948445194e-05,0.9999895666474687
CANONICAL_DIRECT_REEVOLVED,1,5.85,FLEXRT_2_hinv_ckpc,2,0.0007352941176470588,G2b,EFFECTIVE_HI_SUBGRID,0.0,0.0,0.0,
CANONICAL_DIRECT_REEVOLVED,1,5.85,FLEXRT_2_hinv_ckpc,2,0.0007352941176470588,G2b,EXPLICIT_HI_ATOMIC,2.320815903411258e+48,2.320816854929854e+48,4.099929702581742e-07,0.9999995854596954
CANONICAL_DIRECT_REEVOLVED,1,5.85,FLEXRT_2_hinv_ckpc,2,0.0007352941176470588,G2b,EXPLICIT_HEI_ATOMIC,2.334835871464741e+48,2.334836800673938e+48,3.9797607992913123e-07,0.9999995964167365
CANONICAL_DIRECT_REEVOLVED,1,5.85,FLEXRT_2_hinv_ckpc,2,0.0007352941176470588,G2b,EXPLICIT_HEII_ATOMIC,0.0,0.0,0.0,
CANONICAL_DIRECT_REEVOLVED,1,5.85,FLEXRT_2_hinv_ckpc,2,0.0007352941176470588,G2b,TOTAL_PHYSICAL,4.655651774876e+48,4.65565365560379e+48,4.0396643081998205e-07,0.9999995917445057
CANONICAL_DIRECT_REEVOLVED,1,5.85,FLEXRT_2_hinv_ckpc,2,0.0007352941176470588,G3,EFFECTIVE_HI_SUBGRID,0.0,0.0,0.0,
CANONICAL_DIRECT_REEVOLVED,1,5.85,FLEXRT_2_hinv_ckpc,2,0.0007352941176470588,G3,EXPLICIT_HI_ATOMIC,0.0,0.0,0.0,
CANONICAL_DIRECT_REEVOLVED,1,5.85,FLEXRT_2_hinv_ckpc,2,0.0007352941176470588,G3,EXPLICIT_HEI_ATOMIC,0.0,0.0,0.0,
CANONICAL_DIRECT_REEVOLVED,1,5.85,FLEXRT_2_hinv_ckpc,2,0.0007352941176470588,G3,EXPLICIT_HEII_ATOMIC,0.0,0.0,0.0,
CANONICAL_DIRECT_REEVOLVED,1,5.85,FLEXRT_2_hinv_ckpc,2,0.0007352941176470588,G3,TOTAL_PHYSICAL,0.0,0.0,0.0,
CANONICAL_DIRECT_REEVOLVED,1,5.85,FLEXRT_2_hinv_ckpc,3,0.0003676470588235294,G1,EFFECTIVE_HI_SUBGRID,3.3870739542267448e+50,3.3871112126870307e+50,1.1000069955292137e-05,0.9999886172557743
CANONICAL_DIRECT_REEVOLVED,1,5.85,FLEXRT_2_hinv_ckpc,3,0.0003676470588235294,G1,EXPLICIT_HI_ATOMIC,0.0,0.0,0.0,
CANONICAL_DIRECT_REEVOLVED,1,5.85,FLEXRT_2_hinv_ckpc,3,0.0003676470588235294,G1,EXPLICIT_HEI_ATOMIC,0.0,0.0,0.0,
CANONICAL_DIRECT_REEVOLVED,1,5.85,FLEXRT_2_hinv_ckpc,3,0.0003676470588235294,G1,EXPLICIT_HEII_ATOMIC,0.0,0.0,0.0,
CANONICAL_DIRECT_REEVOLVED,1,5.85,FLEXRT_2_hinv_ckpc,3,0.0003676470588235294,G1,TOTAL_PHYSICAL,3.3870739542267448e+50,3.3871112126870307e+50,1.1000069955292137e-05,0.9999886172557743
CANONICAL_DIRECT_REEVOLVED,1,5.85,FLEXRT_2_hinv_ckpc,3,0.0003676470588235294,G2a,EFFECTIVE_HI_SUBGRID,1.3630287777276333e+50,1.3630359034709724e+50,5.227847132242943e-06,0.9999947825783168
CANONICAL_DIRECT_REEVOLVED,1,5.85,FLEXRT_2_hinv_ckpc,3,0.0003676470588235294,G2a,EXPLICIT_HI_ATOMIC,0.0,0.0,0.0,
CANONICAL_DIRECT_REEVOLVED,1,5.85,FLEXRT_2_hinv_ckpc,3,0.0003676470588235294,G2a,EXPLICIT_HEI_ATOMIC,5.876984460095157e+48,5.877015099384524e+48,5.2134100132990455e-06,0.9999947978011038
CANONICAL_DIRECT_REEVOLVED,1,5.85,FLEXRT_2_hinv_ckpc,3,0.0003676470588235294,G2a,EXPLICIT_HEII_ATOMIC,0.0,0.0,0.0,
CANONICAL_DIRECT_REEVOLVED,1,5.85,FLEXRT_2_hinv_ckpc,3,0.0003676470588235294,G2a,TOTAL_PHYSICAL,1.4217986223285855e+50,1.4218060544648173e+50,5.227250375300504e-06,0.9999947833873057
CANONICAL_DIRECT_REEVOLVED,1,5.85,FLEXRT_2_hinv_ckpc,3,0.0003676470588235294,G2b,EFFECTIVE_HI_SUBGRID,0.0,0.0,0.0,
CANONICAL_DIRECT_REEVOLVED,1,5.85,FLEXRT_2_hinv_ckpc,3,0.0003676470588235294,G2b,EXPLICIT_HI_ATOMIC,2.3208163791704875e+48,2.320816854929854e+48,2.0499651463310192e-07,0.9999997923608653
CANONICAL_DIRECT_REEVOLVED,1,5.85,FLEXRT_2_hinv_ckpc,3,0.0003676470588235294,G2b,EXPLICIT_HEI_ATOMIC,2.334836336069274e+48,2.334836800673938e+48,1.9898806804050987e-07,0.9999997964449387
CANONICAL_DIRECT_REEVOLVED,1,5.85,FLEXRT_2_hinv_ckpc,3,0.0003676470588235294,G2b,EXPLICIT_HEII_ATOMIC,0.0,0.0,0.0,
CANONICAL_DIRECT_REEVOLVED,1,5.85,FLEXRT_2_hinv_ckpc,3,0.0003676470588235294,G2b,TOTAL_PHYSICAL,4.655652715239762e+48,4.65565365560379e+48,2.0198324391900356e-07,0.9999997963701686
CANONICAL_DIRECT_REEVOLVED,1,5.85,FLEXRT_2_hinv_ckpc,3,0.0003676470588235294,G3,EFFECTIVE_HI_SUBGRID,0.0,0.0,0.0,
CANONICAL_DIRECT_REEVOLVED,1,5.85,FLEXRT_2_hinv_ckpc,3,0.0003676470588235294,G3,EXPLICIT_HI_ATOMIC,0.0,0.0,0.0,
CANONICAL_DIRECT_REEVOLVED,1,5.85,FLEXRT_2_hinv_ckpc,3,0.0003676470588235294,G3,EXPLICIT_HEI_ATOMIC,0.0,0.0,0.0,
CANONICAL_DIRECT_REEVOLVED,1,5.85,FLEXRT_2_hinv_ckpc,3,0.0003676470588235294,G3,EXPLICIT_HEII_ATOMIC,0.0,0.0,0.0,
CANONICAL_DIRECT_REEVOLVED,1,5.85,FLEXRT_2_hinv_ckpc,3,0.0003676470588235294,G3,TOTAL_PHYSICAL,0.0,0.0,0.0,
CANONICAL_DIRECT_REEVOLVED,1,5.85,FLEXRT_2_hinv_ckpc,4,0.0001838235294117647,G1,EFFECTIVE_HI_SUBGRID,3.3870925833833958e+50,3.3871112126870307e+50,5.500056675185008e-06,0.9999943086052708
CANONICAL_DIRECT_REEVOLVED,1,5.85,FLEXRT_2_hinv_ckpc,4,0.0001838235294117647,G1,EXPLICIT_HI_ATOMIC,0.0,0.0,0.0,
CANONICAL_DIRECT_REEVOLVED,1,5.85,FLEXRT_2_hinv_ckpc,4,0.0001838235294117647,G1,EXPLICIT_HEI_ATOMIC,0.0,0.0,0.0,
CANONICAL_DIRECT_REEVOLVED,1,5.85,FLEXRT_2_hinv_ckpc,4,0.0001838235294117647,G1,EXPLICIT_HEII_ATOMIC,0.0,0.0,0.0,
CANONICAL_DIRECT_REEVOLVED,1,5.85,FLEXRT_2_hinv_ckpc,4,0.0001838235294117647,G1,TOTAL_PHYSICAL,3.3870925833833958e+50,3.3871112126870307e+50,5.500056675185008e-06,0.9999943086052708
CANONICAL_DIRECT_REEVOLVED,1,5.85,FLEXRT_2_hinv_ckpc,4,0.0001838235294117647,G2a,EFFECTIVE_HI_SUBGRID,1.3630323405928602e+50,1.3630359034709724e+50,2.6139282927775527e-06,0.9999973912331594
CANONICAL_DIRECT_REEVOLVED,1,5.85,FLEXRT_2_hinv_ckpc,4,0.0001838235294117647,G2a,EXPLICIT_HI_ATOMIC,0.0,0.0,0.0,
CANONICAL_DIRECT_REEVOLVED,1,5.85,FLEXRT_2_hinv_ckpc,4,0.0001838235294117647,G2a,EXPLICIT_HEI_ATOMIC,5.876999779712224e+48,5.877015099384524e+48,2.6067097058339703e-06,0.9999973992131941
CANONICAL_DIRECT_REEVOLVED,1,5.85,FLEXRT_2_hinv_ckpc,4,0.0001838235294117647,G2a,EXPLICIT_HEII_ATOMIC,0.0,0.0,0.0,
CANONICAL_DIRECT_REEVOLVED,1,5.85,FLEXRT_2_hinv_ckpc,4,0.0001838235294117647,G2a,TOTAL_PHYSICAL,1.4218023383899827e+50,1.4218060544648173e+50,2.6136299131388434e-06,0.9999973915797776
CANONICAL_DIRECT_REEVOLVED,1,5.85,FLEXRT_2_hinv_ckpc,4,0.0001838235294117647,G2b,EFFECTIVE_HI_SUBGRID,0.0,0.0,0.0,
CANONICAL_DIRECT_REEVOLVED,1,5.85,FLEXRT_2_hinv_ckpc,4,0.0001838235294117647,G2b,EXPLICIT_HI_ATOMIC,2.3208166170501535e+48,2.320816854929854e+48,1.0249826472751202e-07,0.9999998956884081
CANONICAL_DIRECT_REEVOLVED,1,5.85,FLEXRT_2_hinv_ckpc,4,0.0001838235294117647,G2b,EXPLICIT_HEI_ATOMIC,2.3348365683715902e+48,2.334836800673938e+48,9.949404083075626e-08,0.9999999012455747
CANONICAL_DIRECT_REEVOLVED,1,5.85,FLEXRT_2_hinv_ckpc,4,0.0001838235294117647,G2b,EXPLICIT_HEII_ATOMIC,0.0,0.0,0.0,
CANONICAL_DIRECT_REEVOLVED,1,5.85,FLEXRT_2_hinv_ckpc,4,0.0001838235294117647,G2b,TOTAL_PHYSICAL,4.655653185421743e+48,4.65565365560379e+48,1.0099162906932887e-07,0.9999998984340314
CANONICAL_DIRECT_REEVOLVED,1,5.85,FLEXRT_2_hinv_ckpc,4,0.0001838235294117647,G3,EFFECTIVE_HI_SUBGRID,0.0,0.0,0.0,
CANONICAL_DIRECT_REEVOLVED,1,5.85,FLEXRT_2_hinv_ckpc,4,0.0001838235294117647,G3,EXPLICIT_HI_ATOMIC,0.0,0.0,0.0,
CANONICAL_DIRECT_REEVOLVED,1,5.85,FLEXRT_2_hinv_ckpc,4,0.0001838235294117647,G3,EXPLICIT_HEI_ATOMIC,0.0,0.0,0.0,
CANONICAL_DIRECT_REEVOLVED,1,5.85,FLEXRT_2_hinv_ckpc,4,0.0001838235294117647,G3,EXPLICIT_HEII_ATOMIC,0.0,0.0,0.0,
CANONICAL_DIRECT_REEVOLVED,1,5.85,FLEXRT_2_hinv_ckpc,4,0.0001838235294117647,G3,TOTAL_PHYSICAL,0.0,0.0,0.0,
CANONICAL_DIRECT_REEVOLVED,1,5.85,FLEXRT_2_hinv_ckpc,5,9.191176470588235e-05,G1,EFFECTIVE_HI_SUBGRID,3.3871018980168412e+50,3.3871112126870307e+50,2.7500337616859767e-06,0.999997154463854
CANONICAL_DIRECT_REEVOLVED,1,5.85,FLEXRT_2_hinv_ckpc,5,9.191176470588235e-05,G1,EXPLICIT_HI_ATOMIC,0.0,0.0,0.0,
CANONICAL_DIRECT_REEVOLVED,1,5.85,FLEXRT_2_hinv_ckpc,5,9.191176470588235e-05,G1,EXPLICIT_HEI_ATOMIC,0.0,0.0,0.0,
CANONICAL_DIRECT_REEVOLVED,1,5.85,FLEXRT_2_hinv_ckpc,5,9.191176470588235e-05,G1,EXPLICIT_HEII_ATOMIC,0.0,0.0,0.0,
CANONICAL_DIRECT_REEVOLVED,1,5.85,FLEXRT_2_hinv_ckpc,5,9.191176470588235e-05,G1,TOTAL_PHYSICAL,3.3871018980168412e+50,3.3871112126870307e+50,2.7500337616859767e-06,0.999997154463854
CANONICAL_DIRECT_REEVOLVED,1,5.85,FLEXRT_2_hinv_ckpc,5,9.191176470588235e-05,G2a,EFFECTIVE_HI_SUBGRID,1.3630341220303055e+50,1.3630359034709724e+50,1.3069653281289838e-06,0.9999986955342495
CANONICAL_DIRECT_REEVOLVED,1,5.85,FLEXRT_2_hinv_ckpc,5,9.191176470588235e-05,G2a,EXPLICIT_HI_ATOMIC,0.0,0.0,0.0,
CANONICAL_DIRECT_REEVOLVED,1,5.85,FLEXRT_2_hinv_ckpc,5,9.191176470588235e-05,G2a,EXPLICIT_HEI_ATOMIC,5.877007439541468e+48,5.877015099384524e+48,1.3033560280720156e-06,0.9999986992110655
CANONICAL_DIRECT_REEVOLVED,1,5.85,FLEXRT_2_hinv_ckpc,5,9.191176470588235e-05,G2a,EXPLICIT_HEII_ATOMIC,0.0,0.0,0.0,
CANONICAL_DIRECT_REEVOLVED,1,5.85,FLEXRT_2_hinv_ckpc,5,9.191176470588235e-05,G2a,TOTAL_PHYSICAL,1.4218041964257205e+50,1.4218060544648173e+50,1.3068161378137527e-06,0.9999986959327641
CANONICAL_DIRECT_REEVOLVED,1,5.85,FLEXRT_2_hinv_ckpc,5,9.191176470588235e-05,G2b,EFFECTIVE_HI_SUBGRID,0.0,0.0,0.0,
CANONICAL_DIRECT_REEVOLVED,1,5.85,FLEXRT_2_hinv_ckpc,5,9.191176470588235e-05,G2b,EXPLICIT_HI_ATOMIC,2.3208167359899993e+48,2.320816854929854e+48,5.1249134251453636e-08,0.9999999468601355
CANONICAL_DIRECT_REEVOLVED,1,5.85,FLEXRT_2_hinv_ckpc,5,9.191176470588235e-05,G2b,EXPLICIT_HEI_ATOMIC,2.3348366845227598e+48,2.334836800673938e+48,4.974702229174074e-08,0.999999945584299
CANONICAL_DIRECT_REEVOLVED,1,5.85,FLEXRT_2_hinv_ckpc,5,9.191176470588235e-05,G2b,EXPLICIT_HEII_ATOMIC,0.0,0.0,0.0,
CANONICAL_DIRECT_REEVOLVED,1,5.85,FLEXRT_2_hinv_ckpc,5,9.191176470588235e-05,G2b,TOTAL_PHYSICAL,4.655653420512759e+48,4.65565365560379e+48,5.049581613786074e-08,0.999999954195742
CANONICAL_DIRECT_REEVOLVED,1,5.85,FLEXRT_2_hinv_ckpc,5,9.191176470588235e-05,G3,EFFECTIVE_HI_SUBGRID,0.0,0.0,0.0,
CANONICAL_DIRECT_REEVOLVED,1,5.85,FLEXRT_2_hinv_ckpc,5,9.191176470588235e-05,G3,EXPLICIT_HI_ATOMIC,0.0,0.0,0.0,
CANONICAL_DIRECT_REEVOLVED,1,5.85,FLEXRT_2_hinv_ckpc,5,9.191176470588235e-05,G3,EXPLICIT_HEI_ATOMIC,0.0,0.0,0.0,
CANONICAL_DIRECT_REEVOLVED,1,5.85,FLEXRT_2_hinv_ckpc,5,9.191176470588235e-05,G3,EXPLICIT_HEII_ATOMIC,0.0,0.0,0.0,
CANONICAL_DIRECT_REEVOLVED,1,5.85,FLEXRT_2_hinv_ckpc,5,9.191176470588235e-05,G3,TOTAL_PHYSICAL,0.0,0.0,0.0,
CANONICAL_DIRECT_REEVOLVED,2,5.75,STRESS_1_cMpc,0,1.0,G1,EFFECTIVE_HI_SUBGRID,3.1388654938587197e+50,3.300063862815698e+50,0.048847045287008416,
CANONICAL_DIRECT_REEVOLVED,2,5.75,STRESS_1_cMpc,0,1.0,G1,EXPLICIT_HI_ATOMIC,0.0,0.0,0.0,
CANONICAL_DIRECT_REEVOLVED,2,5.75,STRESS_1_cMpc,0,1.0,G1,EXPLICIT_HEI_ATOMIC,0.0,0.0,0.0,
CANONICAL_DIRECT_REEVOLVED,2,5.75,STRESS_1_cMpc,0,1.0,G1,EXPLICIT_HEII_ATOMIC,0.0,0.0,0.0,
CANONICAL_DIRECT_REEVOLVED,2,5.75,STRESS_1_cMpc,0,1.0,G1,TOTAL_PHYSICAL,3.1388654938587197e+50,3.300063862815698e+50,0.048847045287008416,
CANONICAL_DIRECT_REEVOLVED,2,5.75,STRESS_1_cMpc,0,1.0,G2a,EFFECTIVE_HI_SUBGRID,1.6583179267727575e+50,1.7000480839164428e+50,0.024546456972881898,
CANONICAL_DIRECT_REEVOLVED,2,5.75,STRESS_1_cMpc,0,1.0,G2a,EXPLICIT_HI_ATOMIC,0.0,0.0,0.0,
CANONICAL_DIRECT_REEVOLVED,2,5.75,STRESS_1_cMpc,0,1.0,G2a,EXPLICIT_HEI_ATOMIC,4.376976502234311e+48,4.487024501737735e+48,0.02452582985914268,
CANONICAL_DIRECT_REEVOLVED,2,5.75,STRESS_1_cMpc,0,1.0,G2a,EXPLICIT_HEII_ATOMIC,0.0,0.0,0.0,
CANONICAL_DIRECT_REEVOLVED,2,5.75,STRESS_1_cMpc,0,1.0,G2a,TOTAL_PHYSICAL,1.7020876917951006e+50,1.7449183289338202e+50,0.024545926550550885,
CANONICAL_DIRECT_REEVOLVED,2,5.75,STRESS_1_cMpc,0,1.0,G2b,EFFECTIVE_HI_SUBGRID,0.0,0.0,0.0,
CANONICAL_DIRECT_REEVOLVED,2,5.75,STRESS_1_cMpc,0,1.0,G2b,EXPLICIT_HI_ATOMIC,4.651967024884755e+48,4.655297182061024e+48,0.0007153479243176148,
CANONICAL_DIRECT_REEVOLVED,2,5.75,STRESS_1_cMpc,0,1.0,G2b,EXPLICIT_HEI_ATOMIC,3.4741756919378435e+48,3.4766049602276026e+48,0.0006987472886767397,
CANONICAL_DIRECT_REEVOLVED,2,5.75,STRESS_1_cMpc,0,1.0,G2b,EXPLICIT_HEII_ATOMIC,0.0,0.0,0.0,
CANONICAL_DIRECT_REEVOLVED,2,5.75,STRESS_1_cMpc,0,1.0,G2b,TOTAL_PHYSICAL,8.126142716822598e+48,8.131902142288626e+48,0.0007082507100125059,
CANONICAL_DIRECT_REEVOLVED,2,5.75,STRESS_1_cMpc,0,1.0,G3,EFFECTIVE_HI_SUBGRID,0.0,0.0,0.0,
CANONICAL_DIRECT_REEVOLVED,2,5.75,STRESS_1_cMpc,0,1.0,G3,EXPLICIT_HI_ATOMIC,0.0,0.0,0.0,
CANONICAL_DIRECT_REEVOLVED,2,5.75,STRESS_1_cMpc,0,1.0,G3,EXPLICIT_HEI_ATOMIC,0.0,0.0,0.0,
CANONICAL_DIRECT_REEVOLVED,2,5.75,STRESS_1_cMpc,0,1.0,G3,EXPLICIT_HEII_ATOMIC,0.0,0.0,0.0,
CANONICAL_DIRECT_REEVOLVED,2,5.75,STRESS_1_cMpc,0,1.0,G3,TOTAL_PHYSICAL,0.0,0.0,0.0,
CANONICAL_DIRECT_REEVOLVED,2,5.75,STRESS_1_cMpc,1,0.5,G1,EFFECTIVE_HI_SUBGRID,3.218029404559421e+50,3.300063862815698e+50,0.02485844567452802,0.9745352057982696
CANONICAL_DIRECT_REEVOLVED,2,5.75,STRESS_1_cMpc,1,0.5,G1,EXPLICIT_HI_ATOMIC,0.0,0.0,0.0,
CANONICAL_DIRECT_REEVOLVED,2,5.75,STRESS_1_cMpc,1,0.5,G1,EXPLICIT_HEI_ATOMIC,0.0,0.0,0.0,
CANONICAL_DIRECT_REEVOLVED,2,5.75,STRESS_1_cMpc,1,0.5,G1,EXPLICIT_HEII_ATOMIC,0.0,0.0,0.0,
CANONICAL_DIRECT_REEVOLVED,2,5.75,STRESS_1_cMpc,1,0.5,G1,TOTAL_PHYSICAL,3.218029404559421e+50,3.300063862815698e+50,0.02485844567452802,0.9745352057982696
CANONICAL_DIRECT_REEVOLVED,2,5.75,STRESS_1_cMpc,1,0.5,G2a,EFFECTIVE_HI_SUBGRID,1.6790033269983433e+50,1.7000480839164428e+50,0.0123789186418882,0.9876295077611468
CANONICAL_DIRECT_REEVOLVED,2,5.75,STRESS_1_cMpc,1,0.5,G2a,EXPLICIT_HI_ATOMIC,0.0,0.0,0.0,
CANONICAL_DIRECT_REEVOLVED,2,5.75,STRESS_1_cMpc,1,0.5,G2a,EXPLICIT_HEI_ATOMIC,4.4315275598184225e+48,4.487024501737735e+48,0.012368317110330004,0.9876527384892374
CANONICAL_DIRECT_REEVOLVED,2,5.75,STRESS_1_cMpc,1,0.5,G2a,EXPLICIT_HEII_ATOMIC,0.0,0.0,0.0,
CANONICAL_DIRECT_REEVOLVED,2,5.75,STRESS_1_cMpc,1,0.5,G2a,TOTAL_PHYSICAL,1.7233186025965283e+50,1.7449183289338202e+50,0.012378646025507515,0.9876301046412113
CANONICAL_DIRECT_REEVOLVED,2,5.75,STRESS_1_cMpc,1,0.5,G2b,EFFECTIVE_HI_SUBGRID,0.0,0.0,0.0,
CANONICAL_DIRECT_REEVOLVED,2,5.75,STRESS_1_cMpc,1,0.5,G2b,EXPLICIT_HI_ATOMIC,4.6536316853578084e+48,4.655297182061024e+48,0.0003577637770653118,0.9996377727542497
CANONICAL_DIRECT_REEVOLVED,2,5.75,STRESS_1_cMpc,1,0.5,G2b,EXPLICIT_HEI_ATOMIC,3.475390027432155e+48,3.4766049602276026e+48,0.0003494595472729195,0.9996453181108612
CANONICAL_DIRECT_REEVOLVED,2,5.75,STRESS_1_cMpc,1,0.5,G2b,EXPLICIT_HEII_ATOMIC,0.0,0.0,0.0,
CANONICAL_DIRECT_REEVOLVED,2,5.75,STRESS_1_cMpc,1,0.5,G2b,TOTAL_PHYSICAL,8.129021712789962e+48,8.131902142288626e+48,0.00035421349744045453,0.9996409553056942
CANONICAL_DIRECT_REEVOLVED,2,5.75,STRESS_1_cMpc,1,0.5,G3,EFFECTIVE_HI_SUBGRID,0.0,0.0,0.0,
CANONICAL_DIRECT_REEVOLVED,2,5.75,STRESS_1_cMpc,1,0.5,G3,EXPLICIT_HI_ATOMIC,0.0,0.0,0.0,
CANONICAL_DIRECT_REEVOLVED,2,5.75,STRESS_1_cMpc,1,0.5,G3,EXPLICIT_HEI_ATOMIC,0.0,0.0,0.0,
CANONICAL_DIRECT_REEVOLVED,2,5.75,STRESS_1_cMpc,1,0.5,G3,EXPLICIT_HEII_ATOMIC,0.0,0.0,0.0,
CANONICAL_DIRECT_REEVOLVED,2,5.75,STRESS_1_cMpc,1,0.5,G3,TOTAL_PHYSICAL,0.0,0.0,0.0,
CANONICAL_DIRECT_REEVOLVED,2,5.75,STRESS_1_cMpc,2,0.25,G1,EFFECTIVE_HI_SUBGRID,3.2586801799073538e+50,3.300063862815698e+50,0.012540267288353208,0.9871679930780674
CANONICAL_DIRECT_REEVOLVED,2,5.75,STRESS_1_cMpc,2,0.25,G1,EXPLICIT_HI_ATOMIC,0.0,0.0,0.0,
CANONICAL_DIRECT_REEVOLVED,2,5.75,STRESS_1_cMpc,2,0.25,G1,EXPLICIT_HEI_ATOMIC,0.0,0.0,0.0,
CANONICAL_DIRECT_REEVOLVED,2,5.75,STRESS_1_cMpc,2,0.25,G1,EXPLICIT_HEII_ATOMIC,0.0,0.0,0.0,
CANONICAL_DIRECT_REEVOLVED,2,5.75,STRESS_1_cMpc,2,0.25,G1,TOTAL_PHYSICAL,3.2586801799073538e+50,3.300063862815698e+50,0.012540267288353208,0.9871679930780674
CANONICAL_DIRECT_REEVOLVED,2,5.75,STRESS_1_cMpc,2,0.25,G2a,EFFECTIVE_HI_SUBGRID,1.6894803334521372e+50,1.7000480839164428e+50,0.006216147980920916,0.9937925397989318
CANONICAL_DIRECT_REEVOLVED,2,5.75,STRESS_1_cMpc,2,0.25,G2a,EXPLICIT_HI_ATOMIC,0.0,0.0,0.0,
CANONICAL_DIRECT_REEVOLVED,2,5.75,STRESS_1_cMpc,2,0.25,G2a,EXPLICIT_HEI_ATOMIC,4.4591566076346874e+48,4.487024501737735e+48,0.006210773774971645,0.9938042897502506
CANONICAL_DIRECT_REEVOLVED,2,5.75,STRESS_1_cMpc,2,0.25,G2a,EXPLICIT_HEII_ATOMIC,0.0,0.0,0.0,
CANONICAL_DIRECT_REEVOLVED,2,5.75,STRESS_1_cMpc,2,0.25,G2a,TOTAL_PHYSICAL,1.7340718995284848e+50,1.7449183289338202e+50,0.006216009784230268,0.9937928416934434
CANONICAL_DIRECT_REEVOLVED,2,5.75,STRESS_1_cMpc,2,0.25,G2b,EFFECTIVE_HI_SUBGRID,0.0,0.0,0.0,
CANONICAL_DIRECT_REEVOLVED,2,5.75,STRESS_1_cMpc,2,0.25,G2b,EXPLICIT_HI_ATOMIC,4.65446432914978e+48,4.655297182061024e+48,0.00017890434888956402,0.9998188670095086
CANONICAL_DIRECT_REEVOLVED,2,5.75,STRESS_1_cMpc,2,0.25,G2b,EXPLICIT_HEI_ATOMIC,3.475997419145592e+48,3.4766049602276026e+48,0.00017475125559592345,0.9998226403504994
CANONICAL_DIRECT_REEVOLVED,2,5.75,STRESS_1_cMpc,2,0.25,G2b,EXPLICIT_HEII_ATOMIC,0.0,0.0,0.0,
CANONICAL_DIRECT_REEVOLVED,2,5.75,STRESS_1_cMpc,2,0.25,G2b,TOTAL_PHYSICAL,8.130461748295372e+48,8.131902142288626e+48,0.0001771287907859844,0.9998204585624347
CANONICAL_DIRECT_REEVOLVED,2,5.75,STRESS_1_cMpc,2,0.25,G3,EFFECTIVE_HI_SUBGRID,0.0,0.0,0.0,
CANONICAL_DIRECT_REEVOLVED,2,5.75,STRESS_1_cMpc,2,0.25,G3,EXPLICIT_HI_ATOMIC,0.0,0.0,0.0,
CANONICAL_DIRECT_REEVOLVED,2,5.75,STRESS_1_cMpc,2,0.25,G3,EXPLICIT_HEI_ATOMIC,0.0,0.0,0.0,
CANONICAL_DIRECT_REEVOLVED,2,5.75,STRESS_1_cMpc,2,0.25,G3,EXPLICIT_HEII_ATOMIC,0.0,0.0,0.0,
CANONICAL_DIRECT_REEVOLVED,2,5.75,STRESS_1_cMpc,2,0.25,G3,TOTAL_PHYSICAL,0.0,0.0,0.0,
CANONICAL_DIRECT_REEVOLVED,2,5.75,STRESS_1_cMpc,3,0.125,G1,EFFECTIVE_HI_SUBGRID,3.279279433635697e+50,3.300063862815698e+50,0.006298189987834757,0.9935589158457633
CANONICAL_DIRECT_REEVOLVED,2,5.75,STRESS_1_cMpc,3,0.125,G1,EXPLICIT_HI_ATOMIC,0.0,0.0,0.0,
CANONICAL_DIRECT_REEVOLVED,2,5.75,STRESS_1_cMpc,3,0.125,G1,EXPLICIT_HEI_ATOMIC,0.0,0.0,0.0,
CANONICAL_DIRECT_REEVOLVED,2,5.75,STRESS_1_cMpc,3,0.125,G1,EXPLICIT_HEII_ATOMIC,0.0,0.0,0.0,
CANONICAL_DIRECT_REEVOLVED,2,5.75,STRESS_1_cMpc,3,0.125,G1,TOTAL_PHYSICAL,3.279279433635697e+50,3.300063862815698e+50,0.006298189987834757,0.9935589158457633
CANONICAL_DIRECT_REEVOLVED,2,5.75,STRESS_1_cMpc,3,0.125,G2a,EFFECTIVE_HI_SUBGRID,1.694752808580642e+50,1.7000480839164428e+50,0.00311477974411287,0.996890699445269
CANONICAL_DIRECT_REEVOLVED,2,5.75,STRESS_1_cMpc,3,0.125,G2a,EXPLICIT_HI_ATOMIC,0.0,0.0,0.0,
CANONICAL_DIRECT_REEVOLVED,2,5.75,STRESS_1_cMpc,3,0.125,G2a,EXPLICIT_HEI_ATOMIC,4.473060549011187e+48,4.487024501737735e+48,0.0031120740974649275,0.9968966083043366
CANONICAL_DIRECT_REEVOLVED,2,5.75,STRESS_1_cMpc,3,0.125,G2a,EXPLICIT_HEII_ATOMIC,0.0,0.0,0.0,
CANONICAL_DIRECT_REEVOLVED,2,5.75,STRESS_1_cMpc,3,0.125,G2a,TOTAL_PHYSICAL,1.7394834140707542e+50,1.7449183289338202e+50,0.0031147101689205183,0.9968908512621579
CANONICAL_DIRECT_REEVOLVED,2,5.75,STRESS_1_cMpc,3,0.125,G2b,EFFECTIVE_HI_SUBGRID,0.0,0.0,0.0,
CANONICAL_DIRECT_REEVOLVED,2,5.75,STRESS_1_cMpc,3,0.125,G2b,EXPLICIT_HI_ATOMIC,4.6548807294616356e+48,4.655297182061024e+48,8.945779036259387e-05,0.9999094286694585
CANONICAL_DIRECT_REEVOLVED,2,5.75,STRESS_1_cMpc,3,0.125,G2b,EXPLICIT_HEI_ATOMIC,3.4763011710128196e+48,3.4766049602276026e+48,8.738099906614926e-05,0.9999113155006601
CANONICAL_DIRECT_REEVOLVED,2,5.75,STRESS_1_cMpc,3,0.125,G2b,EXPLICIT_HEII_ATOMIC,0.0,0.0,0.0,
CANONICAL_DIRECT_REEVOLVED,2,5.75,STRESS_1_cMpc,3,0.125,G2b,TOTAL_PHYSICAL,8.131181900474455e+48,8.131902142288626e+48,8.85699067166472e-05,0.9999102245108524
CANONICAL_DIRECT_REEVOLVED,2,5.75,STRESS_1_cMpc,3,0.125,G3,EFFECTIVE_HI_SUBGRID,0.0,0.0,0.0,
CANONICAL_DIRECT_REEVOLVED,2,5.75,STRESS_1_cMpc,3,0.125,G3,EXPLICIT_HI_ATOMIC,0.0,0.0,0.0,
CANONICAL_DIRECT_REEVOLVED,2,5.75,STRESS_1_cMpc,3,0.125,G3,EXPLICIT_HEI_ATOMIC,0.0,0.0,0.0,
CANONICAL_DIRECT_REEVOLVED,2,5.75,STRESS_1_cMpc,3,0.125,G3,EXPLICIT_HEII_ATOMIC,0.0,0.0,0.0,
CANONICAL_DIRECT_REEVOLVED,2,5.75,STRESS_1_cMpc,3,0.125,G3,TOTAL_PHYSICAL,0.0,0.0,0.0,
CANONICAL_DIRECT_REEVOLVED,2,5.75,STRESS_1_cMpc,4,0.0625,G1,EFFECTIVE_HI_SUBGRID,3.289648378243687e+50,3.300063862815698e+50,0.00315614636715673,0.9967731654151408
CANONICAL_DIRECT_REEVOLVED,2,5.75,STRESS_1_cMpc,4,0.0625,G1,EXPLICIT_HI_ATOMIC,0.0,0.0,0.0,
CANONICAL_DIRECT_REEVOLVED,2,5.75,STRESS_1_cMpc,4,0.0625,G1,EXPLICIT_HEI_ATOMIC,0.0,0.0,0.0,
CANONICAL_DIRECT_REEVOLVED,2,5.75,STRESS_1_cMpc,4,0.0625,G1,EXPLICIT_HEII_ATOMIC,0.0,0.0,0.0,
CANONICAL_DIRECT_REEVOLVED,2,5.75,STRESS_1_cMpc,4,0.0625,G1,TOTAL_PHYSICAL,3.289648378243687e+50,3.300063862815698e+50,0.00315614636715673,0.9967731654151408
CANONICAL_DIRECT_REEVOLVED,2,5.75,STRESS_1_cMpc,4,0.0625,G2a,EFFECTIVE_HI_SUBGRID,1.6973975890501566e+50,1.7000480839164428e+50,0.0015590705294524206,0.998443954991694
CANONICAL_DIRECT_REEVOLVED,2,5.75,STRESS_1_cMpc,4,0.0625,G2a,EXPLICIT_HI_ATOMIC,0.0,0.0,0.0,
CANONICAL_DIRECT_REEVOLVED,2,5.75,STRESS_1_cMpc,4,0.0625,G2a,EXPLICIT_HEI_ATOMIC,4.4800350051288196e+48,4.487024501737735e+48,0.001557713047078033,0.9984469179216054
CANONICAL_DIRECT_REEVOLVED,2,5.75,STRESS_1_cMpc,4,0.0625,G2a,EXPLICIT_HEII_ATOMIC,0.0,0.0,0.0,
CANONICAL_DIRECT_REEVOLVED,2,5.75,STRESS_1_cMpc,4,0.0625,G2a,TOTAL_PHYSICAL,1.7421979391014443e+50,1.7449183289338202e+50,0.0015590356220500307,0.9984440311179595
CANONICAL_DIRECT_REEVOLVED,2,5.75,STRESS_1_cMpc,4,0.0625,G2b,EFFECTIVE_HI_SUBGRID,0.0,0.0,0.0,
CANONICAL_DIRECT_REEVOLVED,2,5.75,STRESS_1_cMpc,4,0.0625,G2b,EXPLICIT_HI_ATOMIC,4.655088949224905e+48,4.655297182061024e+48,4.473029926454738e-05,0.9999547131190902
CANONICAL_DIRECT_REEVOLVED,2,5.75,STRESS_1_cMpc,4,0.0625,G2b,EXPLICIT_HEI_ATOMIC,3.476453060951429e+48,3.4766049602276026e+48,4.369184244729213e-05,0.9999556565860295
CANONICAL_DIRECT_REEVOLVED,2,5.75,STRESS_1_cMpc,4,0.0625,G2b,EXPLICIT_HEII_ATOMIC,0.0,0.0,0.0,
CANONICAL_DIRECT_REEVOLVED,2,5.75,STRESS_1_cMpc,4,0.0625,G2b,TOTAL_PHYSICAL,8.131542010176333e+48,8.131902142288626e+48,4.428633129018171e-05,0.9999551110618655
CANONICAL_DIRECT_REEVOLVED,2,5.75,STRESS_1_cMpc,4,0.0625,G3,EFFECTIVE_HI_SUBGRID,0.0,0.0,0.0,
CANONICAL_DIRECT_REEVOLVED,2,5.75,STRESS_1_cMpc,4,0.0625,G3,EXPLICIT_HI_ATOMIC,0.0,0.0,0.0,
CANONICAL_DIRECT_REEVOLVED,2,5.75,STRESS_1_cMpc,4,0.0625,G3,EXPLICIT_HEI_ATOMIC,0.0,0.0,0.0,
CANONICAL_DIRECT_REEVOLVED,2,5.75,STRESS_1_cMpc,4,0.0625,G3,EXPLICIT_HEII_ATOMIC,0.0,0.0,0.0,
CANONICAL_DIRECT_REEVOLVED,2,5.75,STRESS_1_cMpc,4,0.0625,G3,TOTAL_PHYSICAL,0.0,0.0,0.0,
CANONICAL_DIRECT_REEVOLVED,2,5.75,STRESS_1_cMpc,5,0.03125,G1,EFFECTIVE_HI_SUBGRID,3.294850287573018e+50,3.300063862815698e+50,0.001579840712001182,0.9983850067855959
CANONICAL_DIRECT_REEVOLVED,2,5.75,STRESS_1_cMpc,5,0.03125,G1,EXPLICIT_HI_ATOMIC,0.0,0.0,0.0,
CANONICAL_DIRECT_REEVOLVED,2,5.75,STRESS_1_cMpc,5,0.03125,G1,EXPLICIT_HEI_ATOMIC,0.0,0.0,0.0,
CANONICAL_DIRECT_REEVOLVED,2,5.75,STRESS_1_cMpc,5,0.03125,G1,EXPLICIT_HEII_ATOMIC,0.0,0.0,0.0,
CANONICAL_DIRECT_REEVOLVED,2,5.75,STRESS_1_cMpc,5,0.03125,G1,TOTAL_PHYSICAL,3.294850287573018e+50,3.300063862815698e+50,0.001579840712001182,0.9983850067855959
CANONICAL_DIRECT_REEVOLVED,2,5.75,STRESS_1_cMpc,5,0.03125,G2a,EFFECTIVE_HI_SUBGRID,1.6987221212849667e+50,1.7000480839164428e+50,0.0007799559577288482,0.9992216285483039
CANONICAL_DIRECT_REEVOLVED,2,5.75,STRESS_1_cMpc,5,0.03125,G2a,EXPLICIT_HI_ATOMIC,0.0,0.0,0.0,
CANONICAL_DIRECT_REEVOLVED,2,5.75,STRESS_1_cMpc,5,0.03125,G2a,EXPLICIT_HEI_ATOMIC,4.483527871012809e+48,4.487024501737735e+48,0.0007792760488765149,0.9992231121417048
CANONICAL_DIRECT_REEVOLVED,2,5.75,STRESS_1_cMpc,5,0.03125,G2a,EXPLICIT_HEII_ATOMIC,0.0,0.0,0.0,
CANONICAL_DIRECT_REEVOLVED,2,5.75,STRESS_1_cMpc,5,0.03125,G2a,TOTAL_PHYSICAL,1.7435573999950946e+50,1.7449183289338202e+50,0.0007799384740013407,0.9992216666662895
CANONICAL_DIRECT_REEVOLVED,2,5.75,STRESS_1_cMpc,5,0.03125,G2b,EFFECTIVE_HI_SUBGRID,0.0,0.0,0.0,
CANONICAL_DIRECT_REEVOLVED,2,5.75,STRESS_1_cMpc,5,0.03125,G2b,EXPLICIT_HI_ATOMIC,4.6551930640088e+48,4.655297182061024e+48,2.2365500665668873e-05,0.9999773562809817
CANONICAL_DIRECT_REEVOLVED,2,5.75,STRESS_1_cMpc,5,0.03125,G2b,EXPLICIT_HEI_ATOMIC,3.476529009422278e+48,3.4766049602276026e+48,2.1846256964335095e-05,0.9999778280027599
CANONICAL_DIRECT_REEVOLVED,2,5.75,STRESS_1_cMpc,5,0.03125,G2b,EXPLICIT_HEII_ATOMIC,0.0,0.0,0.0,
CANONICAL_DIRECT_REEVOLVED,2,5.75,STRESS_1_cMpc,5,0.03125,G2b,TOTAL_PHYSICAL,8.131722073431076e+48,8.131902142288626e+48,2.2143510140606087e-05,0.9999775552369815
CANONICAL_DIRECT_REEVOLVED,2,5.75,STRESS_1_cMpc,5,0.03125,G3,EFFECTIVE_HI_SUBGRID,0.0,0.0,0.0,
CANONICAL_DIRECT_REEVOLVED,2,5.75,STRESS_1_cMpc,5,0.03125,G3,EXPLICIT_HI_ATOMIC,0.0,0.0,0.0,
CANONICAL_DIRECT_REEVOLVED,2,5.75,STRESS_1_cMpc,5,0.03125,G3,EXPLICIT_HEI_ATOMIC,0.0,0.0,0.0,
CANONICAL_DIRECT_REEVOLVED,2,5.75,STRESS_1_cMpc,5,0.03125,G3,EXPLICIT_HEII_ATOMIC,0.0,0.0,0.0,
CANONICAL_DIRECT_REEVOLVED,2,5.75,STRESS_1_cMpc,5,0.03125,G3,TOTAL_PHYSICAL,0.0,0.0,0.0,
CANONICAL_DIRECT_REEVOLVED,2,5.75,STRESS_1_cMpc,6,0.015625,G1,EFFECTIVE_HI_SUBGRID,3.297455615017527e+50,3.300063862815698e+50,0.0007903628252653821,0.9991921090620861
CANONICAL_DIRECT_REEVOLVED,2,5.75,STRESS_1_cMpc,6,0.015625,G1,EXPLICIT_HI_ATOMIC,0.0,0.0,0.0,
CANONICAL_DIRECT_REEVOLVED,2,5.75,STRESS_1_cMpc,6,0.015625,G1,EXPLICIT_HEI_ATOMIC,0.0,0.0,0.0,
CANONICAL_DIRECT_REEVOLVED,2,5.75,STRESS_1_cMpc,6,0.015625,G1,EXPLICIT_HEII_ATOMIC,0.0,0.0,0.0,
CANONICAL_DIRECT_REEVOLVED,2,5.75,STRESS_1_cMpc,6,0.015625,G1,TOTAL_PHYSICAL,3.297455615017527e+50,3.300063862815698e+50,0.0007903628252653821,0.9991921090620861
CANONICAL_DIRECT_REEVOLVED,2,5.75,STRESS_1_cMpc,6,0.015625,G2a,EFFECTIVE_HI_SUBGRID,1.6993849236886434e+50,1.7000480839164428e+50,0.00039008321827680326,0.9996107270049502
CANONICAL_DIRECT_REEVOLVED,2,5.75,STRESS_1_cMpc,6,0.015625,G2a,EXPLICIT_HI_ATOMIC,0.0,0.0,0.0,
CANONICAL_DIRECT_REEVOLVED,2,5.75,STRESS_1_cMpc,6,0.015625,G2a,EXPLICIT_HEI_ATOMIC,4.485275715474918e+48,4.487024501737735e+48,0.00038974297157054304,0.9996114693352947
CANONICAL_DIRECT_REEVOLVED,2,5.75,STRESS_1_cMpc,6,0.015625,G2a,EXPLICIT_HEII_ATOMIC,0.0,0.0,0.0,
CANONICAL_DIRECT_REEVOLVED,2,5.75,STRESS_1_cMpc,6,0.015625,G2a,TOTAL_PHYSICAL,1.7442376808433922e+50,1.7449183289338202e+50,0.0003900744688972635,0.9996107460770945
CANONICAL_DIRECT_REEVOLVED,2,5.75,STRESS_1_cMpc,6,0.015625,G2b,EFFECTIVE_HI_SUBGRID,0.0,0.0,0.0,
CANONICAL_DIRECT_REEVOLVED,2,5.75,STRESS_1_cMpc,6,0.015625,G2b,EXPLICIT_HI_ATOMIC,4.6552451226263625e+48,4.655297182061024e+48,1.1182838092943397e-05,0.9999886780466872
CANONICAL_DIRECT_REEVOLVED,2,5.75,STRESS_1_cMpc,6,0.015625,G2b,EXPLICIT_HEI_ATOMIC,3.476566984533125e+48,3.4766049602276026e+48,1.0923212419089997e-05,0.9999889138980013
CANONICAL_DIRECT_REEVOLVED,2,5.75,STRESS_1_cMpc,6,0.015625,G2b,EXPLICIT_HEII_ATOMIC,0.0,0.0,0.0,
CANONICAL_DIRECT_REEVOLVED,2,5.75,STRESS_1_cMpc,6,0.015625,G2b,TOTAL_PHYSICAL,8.131812107159487e+48,8.131902142288626e+48,1.1071841195738216e-05,0.9999887775466345
CANONICAL_DIRECT_REEVOLVED,2,5.75,STRESS_1_cMpc,6,0.015625,G3,EFFECTIVE_HI_SUBGRID,0.0,0.0,0.0,
CANONICAL_DIRECT_REEVOLVED,2,5.75,STRESS_1_cMpc,6,0.015625,G3,EXPLICIT_HI_ATOMIC,0.0,0.0,0.0,
CANONICAL_DIRECT_REEVOLVED,2,5.75,STRESS_1_cMpc,6,0.015625,G3,EXPLICIT_HEI_ATOMIC,0.0,0.0,0.0,
CANONICAL_DIRECT_REEVOLVED,2,5.75,STRESS_1_cMpc,6,0.015625,G3,EXPLICIT_HEII_ATOMIC,0.0,0.0,0.0,
CANONICAL_DIRECT_REEVOLVED,2,5.75,STRESS_1_cMpc,6,0.015625,G3,TOTAL_PHYSICAL,0.0,0.0,0.0,
CANONICAL_DIRECT_REEVOLVED,2,5.75,STRESS_1_cMpc,7,0.0078125,G1,EFFECTIVE_HI_SUBGRID,3.298759373629883e+50,3.300063862815698e+50,0.0003952921034388587,0.9995959559050948
CANONICAL_DIRECT_REEVOLVED,2,5.75,STRESS_1_cMpc,7,0.0078125,G1,EXPLICIT_HI_ATOMIC,0.0,0.0,0.0,
CANONICAL_DIRECT_REEVOLVED,2,5.75,STRESS_1_cMpc,7,0.0078125,G1,EXPLICIT_HEI_ATOMIC,0.0,0.0,0.0,
CANONICAL_DIRECT_REEVOLVED,2,5.75,STRESS_1_cMpc,7,0.0078125,G1,EXPLICIT_HEII_ATOMIC,0.0,0.0,0.0,
CANONICAL_DIRECT_REEVOLVED,2,5.75,STRESS_1_cMpc,7,0.0078125,G1,TOTAL_PHYSICAL,3.298759373629883e+50,3.300063862815698e+50,0.0003952921034388587,0.9995959559050948
CANONICAL_DIRECT_REEVOLVED,2,5.75,STRESS_1_cMpc,7,0.0078125,G2a,EFFECTIVE_HI_SUBGRID,1.6997164590604592e+50,1.7000480839164428e+50,0.00019506792726689778,0.9998053416798043
CANONICAL_DIRECT_REEVOLVED,2,5.75,STRESS_1_cMpc,7,0.0078125,G2a,EXPLICIT_HI_ATOMIC,0.0,0.0,0.0,
CANONICAL_DIRECT_REEVOLVED,2,5.75,STRESS_1_cMpc,7,0.0078125,G2a,EXPLICIT_HEI_ATOMIC,4.4861499908443103e+48,4.487024501737735e+48,0.00019489773079828235,0.9998057129780136
CANONICAL_DIRECT_REEVOLVED,2,5.75,STRESS_1_cMpc,7,0.0078125,G2a,EXPLICIT_HEII_ATOMIC,0.0,0.0,0.0,
CANONICAL_DIRECT_REEVOLVED,2,5.75,STRESS_1_cMpc,7,0.0078125,G2a,TOTAL_PHYSICAL,1.7445779589689018e+50,1.7449183289338202e+50,0.00019506355069717415,0.9998053512180946
CANONICAL_DIRECT_REEVOLVED,2,5.75,STRESS_1_cMpc,7,0.0078125,G2b,EFFECTIVE_HI_SUBGRID,0.0,0.0,0.0,
CANONICAL_DIRECT_REEVOLVED,2,5.75,STRESS_1_cMpc,7,0.0078125,G2b,EXPLICIT_HI_ATOMIC,4.6552711522415556e+48,4.655297182061024e+48,5.5914409865686486e-06,0.9999943390386765
CANONICAL_DIRECT_REEVOLVED,2,5.75,STRESS_1_cMpc,7,0.0078125,G2b,EXPLICIT_HEI_ATOMIC,3.4765859723074096e+48,3.4766049602276026e+48,5.461627193822282e-06,0.999994456968618
CANONICAL_DIRECT_REEVOLVED,2,5.75,STRESS_1_cMpc,7,0.0078125,G2b,EXPLICIT_HEII_ATOMIC,0.0,0.0,0.0,
CANONICAL_DIRECT_REEVOLVED,2,5.75,STRESS_1_cMpc,7,0.0078125,G2b,TOTAL_PHYSICAL,8.131857124548963e+48,8.131902142288626e+48,5.535942129527203e-06,0.9999943887280541
CANONICAL_DIRECT_REEVOLVED,2,5.75,STRESS_1_cMpc,7,0.0078125,G3,EFFECTIVE_HI_SUBGRID,0.0,0.0,0.0,
CANONICAL_DIRECT_REEVOLVED,2,5.75,STRESS_1_cMpc,7,0.0078125,G3,EXPLICIT_HI_ATOMIC,0.0,0.0,0.0,
CANONICAL_DIRECT_REEVOLVED,2,5.75,STRESS_1_cMpc,7,0.0078125,G3,EXPLICIT_HEI_ATOMIC,0.0,0.0,0.0,
CANONICAL_DIRECT_REEVOLVED,2,5.75,STRESS_1_cMpc,7,0.0078125,G3,EXPLICIT_HEII_ATOMIC,0.0,0.0,0.0,
CANONICAL_DIRECT_REEVOLVED,2,5.75,STRESS_1_cMpc,7,0.0078125,G3,TOTAL_PHYSICAL,0.0,0.0,0.0,
CANONICAL_DIRECT_REEVOLVED,2,5.75,STRESS_1_cMpc,8,0.00390625,G1,EFFECTIVE_HI_SUBGRID,3.299411526870774e+50,3.300063862815698e+50,0.00019767373361301549,0.9997979532917594
CANONICAL_DIRECT_REEVOLVED,2,5.75,STRESS_1_cMpc,8,0.00390625,G1,EXPLICIT_HI_ATOMIC,0.0,0.0,0.0,
CANONICAL_DIRECT_REEVOLVED,2,5.75,STRESS_1_cMpc,8,0.00390625,G1,EXPLICIT_HEI_ATOMIC,0.0,0.0,0.0,
CANONICAL_DIRECT_REEVOLVED,2,5.75,STRESS_1_cMpc,8,0.00390625,G1,EXPLICIT_HEII_ATOMIC,0.0,0.0,0.0,
CANONICAL_DIRECT_REEVOLVED,2,5.75,STRESS_1_cMpc,8,0.00390625,G1,TOTAL_PHYSICAL,3.299411526870774e+50,3.300063862815698e+50,0.00019767373361301549,0.9997979532917594
CANONICAL_DIRECT_REEVOLVED,2,5.75,STRESS_1_cMpc,8,0.00390625,G2a,EFFECTIVE_HI_SUBGRID,1.699882260301171e+50,1.7000480839164428e+50,9.754054420021572e-05,0.9999026653851415
CANONICAL_DIRECT_REEVOLVED,2,5.75,STRESS_1_cMpc,8,0.00390625,G2a,EXPLICIT_HI_ATOMIC,0.0,0.0,0.0,
CANONICAL_DIRECT_REEVOLVED,2,5.75,STRESS_1_cMpc,8,0.00390625,G2a,EXPLICIT_HEI_ATOMIC,4.4865872168459007e+48,4.487024501737735e+48,9.745542768159737e-05,0.9999028510638693
CANONICAL_DIRECT_REEVOLVED,2,5.75,STRESS_1_cMpc,8,0.00390625,G2a,EXPLICIT_HEII_ATOMIC,0.0,0.0,0.0,
CANONICAL_DIRECT_REEVOLVED,2,5.75,STRESS_1_cMpc,8,0.00390625,G2a,TOTAL_PHYSICAL,1.7447481324696297e+50,1.7449183289338202e+50,9.753835544522839e-05,0.9999026701550058
CANONICAL_DIRECT_REEVOLVED,2,5.75,STRESS_1_cMpc,8,0.00390625,G2b,EFFECTIVE_HI_SUBGRID,0.0,0.0,0.0,
CANONICAL_DIRECT_REEVOLVED,2,5.75,STRESS_1_cMpc,8,0.00390625,G2b,EXPLICIT_HI_ATOMIC,4.655284167125756e+48,4.655297182061024e+48,2.795725978238852e-06,0.9999971695636407
CANONICAL_DIRECT_REEVOLVED,2,5.75,STRESS_1_cMpc,8,0.00390625,G2b,EXPLICIT_HEI_ATOMIC,3.476595466249268e+48,3.4766049602276026e+48,2.7308188429104542e-06,0.9999972285292806
CANONICAL_DIRECT_REEVOLVED,2,5.75,STRESS_1_cMpc,8,0.00390625,G2b,EXPLICIT_HEII_ATOMIC,0.0,0.0,0.0,
CANONICAL_DIRECT_REEVOLVED,2,5.75,STRESS_1_cMpc,8,0.00390625,G2b,TOTAL_PHYSICAL,8.131879633375022e+48,8.131902142288626e+48,2.767976447558405e-06,0.9999971944346107
CANONICAL_DIRECT_REEVOLVED,2,5.75,STRESS_1_cMpc,8,0.00390625,G3,EFFECTIVE_HI_SUBGRID,0.0,0.0,0.0,
CANONICAL_DIRECT_REEVOLVED,2,5.75,STRESS_1_cMpc,8,0.00390625,G3,EXPLICIT_HI_ATOMIC,0.0,0.0,0.0,
CANONICAL_DIRECT_REEVOLVED,2,5.75,STRESS_1_cMpc,8,0.00390625,G3,EXPLICIT_HEI_ATOMIC,0.0,0.0,0.0,
CANONICAL_DIRECT_REEVOLVED,2,5.75,STRESS_1_cMpc,8,0.00390625,G3,EXPLICIT_HEII_ATOMIC,0.0,0.0,0.0,
CANONICAL_DIRECT_REEVOLVED,2,5.75,STRESS_1_cMpc,8,0.00390625,G3,TOTAL_PHYSICAL,0.0,0.0,0.0,
CANONICAL_DIRECT_REEVOLVED,2,5.75,FLEXRT_2_hinv_ckpc,0,0.0029411764705882353,G1,EFFECTIVE_HI_SUBGRID,3.2995726752261535e+50,3.300063862815698e+50,0.00014884184366221258,
CANONICAL_DIRECT_REEVOLVED,2,5.75,FLEXRT_2_hinv_ckpc,0,0.0029411764705882353,G1,EXPLICIT_HI_ATOMIC,0.0,0.0,0.0,
CANONICAL_DIRECT_REEVOLVED,2,5.75,FLEXRT_2_hinv_ckpc,0,0.0029411764705882353,G1,EXPLICIT_HEI_ATOMIC,0.0,0.0,0.0,
CANONICAL_DIRECT_REEVOLVED,2,5.75,FLEXRT_2_hinv_ckpc,0,0.0029411764705882353,G1,EXPLICIT_HEII_ATOMIC,0.0,0.0,0.0,
CANONICAL_DIRECT_REEVOLVED,2,5.75,FLEXRT_2_hinv_ckpc,0,0.0029411764705882353,G1,TOTAL_PHYSICAL,3.2995726752261535e+50,3.300063862815698e+50,0.00014884184366221258,
CANONICAL_DIRECT_REEVOLVED,2,5.75,FLEXRT_2_hinv_ckpc,0,0.0029411764705882353,G2a,EFFECTIVE_HI_SUBGRID,1.6999232264072712e+50,1.7000480839164428e+50,7.344351630570866e-05,
CANONICAL_DIRECT_REEVOLVED,2,5.75,FLEXRT_2_hinv_ckpc,0,0.0029411764705882353,G2a,EXPLICIT_HI_ATOMIC,0.0,0.0,0.0,
CANONICAL_DIRECT_REEVOLVED,2,5.75,FLEXRT_2_hinv_ckpc,0,0.0029411764705882353,G2a,EXPLICIT_HEI_ATOMIC,4.486695246459063e+48,4.487024501737735e+48,7.33794251724638e-05,
CANONICAL_DIRECT_REEVOLVED,2,5.75,FLEXRT_2_hinv_ckpc,0,0.0029411764705882353,G2a,EXPLICIT_HEII_ATOMIC,0.0,0.0,0.0,
CANONICAL_DIRECT_REEVOLVED,2,5.75,FLEXRT_2_hinv_ckpc,0,0.0029411764705882353,G2a,TOTAL_PHYSICAL,1.7447901788718622e+50,1.7449183289338202e+50,7.34418682141453e-05,
CANONICAL_DIRECT_REEVOLVED,2,5.75,FLEXRT_2_hinv_ckpc,0,0.0029411764705882353,G2b,EFFECTIVE_HI_SUBGRID,0.0,0.0,0.0,
CANONICAL_DIRECT_REEVOLVED,2,5.75,FLEXRT_2_hinv_ckpc,0,0.0029411764705882353,G2b,EXPLICIT_HI_ATOMIC,4.6552873825756014e+48,4.655297182061024e+48,2.1050182274886007e-06,
CANONICAL_DIRECT_REEVOLVED,2,5.75,FLEXRT_2_hinv_ckpc,0,0.0029411764705882353,G2b,EXPLICIT_HEI_ATOMIC,3.4765978118169925e+48,3.4766049602276026e+48,2.0561469283594355e-06,
CANONICAL_DIRECT_REEVOLVED,2,5.75,FLEXRT_2_hinv_ckpc,0,0.0029411764705882353,G2b,EXPLICIT_HEII_ATOMIC,0.0,0.0,0.0,
CANONICAL_DIRECT_REEVOLVED,2,5.75,FLEXRT_2_hinv_ckpc,0,0.0029411764705882353,G2b,TOTAL_PHYSICAL,8.131885194392595e+48,8.131902142288626e+48,2.084124443975299e-06,
CANONICAL_DIRECT_REEVOLVED,2,5.75,FLEXRT_2_hinv_ckpc,0,0.0029411764705882353,G3,EFFECTIVE_HI_SUBGRID,0.0,0.0,0.0,
CANONICAL_DIRECT_REEVOLVED,2,5.75,FLEXRT_2_hinv_ckpc,0,0.0029411764705882353,G3,EXPLICIT_HI_ATOMIC,0.0,0.0,0.0,
CANONICAL_DIRECT_REEVOLVED,2,5.75,FLEXRT_2_hinv_ckpc,0,0.0029411764705882353,G3,EXPLICIT_HEI_ATOMIC,0.0,0.0,0.0,
CANONICAL_DIRECT_REEVOLVED,2,5.75,FLEXRT_2_hinv_ckpc,0,0.0029411764705882353,G3,EXPLICIT_HEII_ATOMIC,0.0,0.0,0.0,
CANONICAL_DIRECT_REEVOLVED,2,5.75,FLEXRT_2_hinv_ckpc,0,0.0029411764705882353,G3,TOTAL_PHYSICAL,0.0,0.0,0.0,
CANONICAL_DIRECT_REEVOLVED,2,5.75,FLEXRT_2_hinv_ckpc,1,0.0014705882352941176,G1,EFFECTIVE_HI_SUBGRID,3.2998182560709135e+50,3.300063862815698e+50,7.442484600130501e-05,0.9999239295685857
CANONICAL_DIRECT_REEVOLVED,2,5.75,FLEXRT_2_hinv_ckpc,1,0.0014705882352941176,G1,EXPLICIT_HI_ATOMIC,0.0,0.0,0.0,
CANONICAL_DIRECT_REEVOLVED,2,5.75,FLEXRT_2_hinv_ckpc,1,0.0014705882352941176,G1,EXPLICIT_HEI_ATOMIC,0.0,0.0,0.0,
CANONICAL_DIRECT_REEVOLVED,2,5.75,FLEXRT_2_hinv_ckpc,1,0.0014705882352941176,G1,EXPLICIT_HEII_ATOMIC,0.0,0.0,0.0,
CANONICAL_DIRECT_REEVOLVED,2,5.75,FLEXRT_2_hinv_ckpc,1,0.0014705882352941176,G1,TOTAL_PHYSICAL,3.2998182560709135e+50,3.300063862815698e+50,7.442484600130501e-05,0.9999239295685857
CANONICAL_DIRECT_REEVOLVED,2,5.75,FLEXRT_2_hinv_ckpc,1,0.0014705882352941176,G2a,EFFECTIVE_HI_SUBGRID,1.6999856535761277e+50,1.7000480839164428e+50,3.672269090843038e-05,0.9999633551109389
CANONICAL_DIRECT_REEVOLVED,2,5.75,FLEXRT_2_hinv_ckpc,1,0.0014705882352941176,G2a,EXPLICIT_HI_ATOMIC,0.0,0.0,0.0,
CANONICAL_DIRECT_REEVOLVED,2,5.75,FLEXRT_2_hinv_ckpc,1,0.0014705882352941176,G2a,EXPLICIT_HEI_ATOMIC,4.4868598699247317e+48,4.487024501737735e+48,3.6690642749977594e-05,0.9999634250170348
CANONICAL_DIRECT_REEVOLVED,2,5.75,FLEXRT_2_hinv_ckpc,1,0.0014705882352941176,G2a,EXPLICIT_HEII_ATOMIC,0.0,0.0,0.0,
CANONICAL_DIRECT_REEVOLVED,2,5.75,FLEXRT_2_hinv_ckpc,1,0.0014705882352941176,G2a,TOTAL_PHYSICAL,1.7448542522753743e+50,1.7449183289338202e+50,3.6721866796502416e-05,0.9999633568873048
CANONICAL_DIRECT_REEVOLVED,2,5.75,FLEXRT_2_hinv_ckpc,1,0.0014705882352941176,G2b,EFFECTIVE_HI_SUBGRID,0.0,0.0,0.0,
CANONICAL_DIRECT_REEVOLVED,2,5.75,FLEXRT_2_hinv_ckpc,1,0.0014705882352941176,G2b,EXPLICIT_HI_ATOMIC,4.6552922823146937e+48,4.655297182061024e+48,1.0525098911449192e-06,0.999998934402003
CANONICAL_DIRECT_REEVOLVED,2,5.75,FLEXRT_2_hinv_ckpc,1,0.0014705882352941176,G2b,EXPLICIT_HEI_ATOMIC,3.4766013860197134e+48,3.4766049602276026e+48,1.0280742074741882e-06,0.9999989569355731
CANONICAL_DIRECT_REEVOLVED,2,5.75,FLEXRT_2_hinv_ckpc,1,0.0014705882352941176,G2b,EXPLICIT_HEII_ATOMIC,0.0,0.0,0.0,
CANONICAL_DIRECT_REEVOLVED,2,5.75,FLEXRT_2_hinv_ckpc,1,0.0014705882352941176,G2b,TOTAL_PHYSICAL,8.131893668334406e+48,8.131902142288626e+48,1.042062985006515e-06,0.9999989436301336
CANONICAL_DIRECT_REEVOLVED,2,5.75,FLEXRT_2_hinv_ckpc,1,0.0014705882352941176,G3,EFFECTIVE_HI_SUBGRID,0.0,0.0,0.0,
CANONICAL_DIRECT_REEVOLVED,2,5.75,FLEXRT_2_hinv_ckpc,1,0.0014705882352941176,G3,EXPLICIT_HI_ATOMIC,0.0,0.0,0.0,
CANONICAL_DIRECT_REEVOLVED,2,5.75,FLEXRT_2_hinv_ckpc,1,0.0014705882352941176,G3,EXPLICIT_HEI_ATOMIC,0.0,0.0,0.0,
CANONICAL_DIRECT_REEVOLVED,2,5.75,FLEXRT_2_hinv_ckpc,1,0.0014705882352941176,G3,EXPLICIT_HEII_ATOMIC,0.0,0.0,0.0,
CANONICAL_DIRECT_REEVOLVED,2,5.75,FLEXRT_2_hinv_ckpc,1,0.0014705882352941176,G3,TOTAL_PHYSICAL,0.0,0.0,0.0,
CANONICAL_DIRECT_REEVOLVED,2,5.75,FLEXRT_2_hinv_ckpc,2,0.0007352941176470588,G1,EFFECTIVE_HI_SUBGRID,3.2999410562056002e+50,3.300063862815698e+50,3.7213404104548765e-05,0.9999619639100871
CANONICAL_DIRECT_REEVOLVED,2,5.75,FLEXRT_2_hinv_ckpc,2,0.0007352941176470588,G1,EXPLICIT_HI_ATOMIC,0.0,0.0,0.0,
CANONICAL_DIRECT_REEVOLVED,2,5.75,FLEXRT_2_hinv_ckpc,2,0.0007352941176470588,G1,EXPLICIT_HEI_ATOMIC,0.0,0.0,0.0,
CANONICAL_DIRECT_REEVOLVED,2,5.75,FLEXRT_2_hinv_ckpc,2,0.0007352941176470588,G1,EXPLICIT_HEII_ATOMIC,0.0,0.0,0.0,
CANONICAL_DIRECT_REEVOLVED,2,5.75,FLEXRT_2_hinv_ckpc,2,0.0007352941176470588,G1,TOTAL_PHYSICAL,3.2999410562056002e+50,3.300063862815698e+50,3.7213404104548765e-05,0.9999619639100871
CANONICAL_DIRECT_REEVOLVED,2,5.75,FLEXRT_2_hinv_ckpc,2,0.0007352941176470588,G2a,EFFECTIVE_HI_SUBGRID,1.700016868349841e+50,1.7000480839164428e+50,1.836157865016442e-05,0.999981677350172
CANONICAL_DIRECT_REEVOLVED,2,5.75,FLEXRT_2_hinv_ckpc,2,0.0007352941176470588,G2a,EXPLICIT_HI_ATOMIC,0.0,0.0,0.0,
CANONICAL_DIRECT_REEVOLVED,2,5.75,FLEXRT_2_hinv_ckpc,2,0.0007352941176470588,G2a,EXPLICIT_HEI_ATOMIC,4.4869421847877856e+48,4.487024501737735e+48,1.8345553922832144e-05,0.9999817123130671
CANONICAL_DIRECT_REEVOLVED,2,5.75,FLEXRT_2_hinv_ckpc,2,0.0007352941176470588,G2a,EXPLICIT_HEII_ATOMIC,0.0,0.0,0.0,
CANONICAL_DIRECT_REEVOLVED,2,5.75,FLEXRT_2_hinv_ckpc,2,0.0007352941176470588,G2a,TOTAL_PHYSICAL,1.744886290197719e+50,1.7449183289338202e+50,1.8361166577214634e-05,0.9999816782736062
CANONICAL_DIRECT_REEVOLVED,2,5.75,FLEXRT_2_hinv_ckpc,2,0.0007352941176470588,G2b,EFFECTIVE_HI_SUBGRID,0.0,0.0,0.0,
CANONICAL_DIRECT_REEVOLVED,2,5.75,FLEXRT_2_hinv_ckpc,2,0.0007352941176470588,G2b,EXPLICIT_HI_ATOMIC,4.655294732186955e+48,4.655297182061024e+48,5.262551397831953e-07,0.999999467583505
CANONICAL_DIRECT_REEVOLVED,2,5.75,FLEXRT_2_hinv_ckpc,2,0.0007352941176470588,G2b,EXPLICIT_HEI_ATOMIC,3.476603173123012e+48,3.4766049602276026e+48,5.140372895840476e-07,0.9999994784025751
CANONICAL_DIRECT_REEVOLVED,2,5.75,FLEXRT_2_hinv_ckpc,2,0.0007352941176470588,G2b,EXPLICIT_HEII_ATOMIC,0.0,0.0,0.0,
CANONICAL_DIRECT_REEVOLVED,2,5.75,FLEXRT_2_hinv_ckpc,2,0.0007352941176470588,G2b,TOTAL_PHYSICAL,8.131897905309967e+48,8.131902142288626e+48,5.21031682938719e-07,0.9999994726993482
CANONICAL_DIRECT_REEVOLVED,2,5.75,FLEXRT_2_hinv_ckpc,2,0.0007352941176470588,G3,EFFECTIVE_HI_SUBGRID,0.0,0.0,0.0,
CANONICAL_DIRECT_REEVOLVED,2,5.75,FLEXRT_2_hinv_ckpc,2,0.0007352941176470588,G3,EXPLICIT_HI_ATOMIC,0.0,0.0,0.0,
CANONICAL_DIRECT_REEVOLVED,2,5.75,FLEXRT_2_hinv_ckpc,2,0.0007352941176470588,G3,EXPLICIT_HEI_ATOMIC,0.0,0.0,0.0,
CANONICAL_DIRECT_REEVOLVED,2,5.75,FLEXRT_2_hinv_ckpc,2,0.0007352941176470588,G3,EXPLICIT_HEII_ATOMIC,0.0,0.0,0.0,
CANONICAL_DIRECT_REEVOLVED,2,5.75,FLEXRT_2_hinv_ckpc,2,0.0007352941176470588,G3,TOTAL_PHYSICAL,0.0,0.0,0.0,
CANONICAL_DIRECT_REEVOLVED,2,5.75,FLEXRT_2_hinv_ckpc,3,0.0003676470588235294,G1,EFFECTIVE_HI_SUBGRID,3.300002458701197e+50,3.300063862815698e+50,1.860694733609968e-05,0.9999809817223418
CANONICAL_DIRECT_REEVOLVED,2,5.75,FLEXRT_2_hinv_ckpc,3,0.0003676470588235294,G1,EXPLICIT_HI_ATOMIC,0.0,0.0,0.0,
CANONICAL_DIRECT_REEVOLVED,2,5.75,FLEXRT_2_hinv_ckpc,3,0.0003676470588235294,G1,EXPLICIT_HEI_ATOMIC,0.0,0.0,0.0,
CANONICAL_DIRECT_REEVOLVED,2,5.75,FLEXRT_2_hinv_ckpc,3,0.0003676470588235294,G1,EXPLICIT_HEII_ATOMIC,0.0,0.0,0.0,
CANONICAL_DIRECT_REEVOLVED,2,5.75,FLEXRT_2_hinv_ckpc,3,0.0003676470588235294,G1,TOTAL_PHYSICAL,3.300002458701197e+50,3.300063862815698e+50,1.860694733609968e-05,0.9999809817223418
CANONICAL_DIRECT_REEVOLVED,2,5.75,FLEXRT_2_hinv_ckpc,3,0.0003676470588235294,G2a,EFFECTIVE_HI_SUBGRID,1.7000324760340294e+50,1.7000480839164428e+50,9.180847624863609e-06,0.9999908386375637
CANONICAL_DIRECT_REEVOLVED,2,5.75,FLEXRT_2_hinv_ckpc,3,0.0003676470588235294,G2a,EXPLICIT_HI_ATOMIC,0.0,0.0,0.0,
CANONICAL_DIRECT_REEVOLVED,2,5.75,FLEXRT_2_hinv_ckpc,3,0.0003676470588235294,G2a,EXPLICIT_HEI_ATOMIC,4.4869833430018946e+48,4.487024501737735e+48,9.172835099244793e-06,0.9999908561069637
CANONICAL_DIRECT_REEVOLVED,2,5.75,FLEXRT_2_hinv_ckpc,3,0.0003676470588235294,G2a,EXPLICIT_HEII_ATOMIC,0.0,0.0,0.0,
CANONICAL_DIRECT_REEVOLVED,2,5.75,FLEXRT_2_hinv_ckpc,3,0.0003676470588235294,G2a,TOTAL_PHYSICAL,1.7449023094640487e+50,1.7449183289338202e+50,9.18064158407721e-06,0.9999908391094925
CANONICAL_DIRECT_REEVOLVED,2,5.75,FLEXRT_2_hinv_ckpc,3,0.0003676470588235294,G2b,EFFECTIVE_HI_SUBGRID,0.0,0.0,0.0,
CANONICAL_DIRECT_REEVOLVED,2,5.75,FLEXRT_2_hinv_ckpc,3,0.0003676470588235294,G2b,EXPLICIT_HI_ATOMIC,4.655295957123762e+48,4.655297182061024e+48,2.6312761868826487e-07,0.999999732454097
CANONICAL_DIRECT_REEVOLVED,2,5.75,FLEXRT_2_hinv_ckpc,3,0.0003676470588235294,G2b,EXPLICIT_HEI_ATOMIC,3.4766040666751456e+48,3.4766049602276026e+48,2.5701869127709806e-07,0.9999997390703693
CANONICAL_DIRECT_REEVOLVED,2,5.75,FLEXRT_2_hinv_ckpc,3,0.0003676470588235294,G2b,EXPLICIT_HEII_ATOMIC,0.0,0.0,0.0,
CANONICAL_DIRECT_REEVOLVED,2,5.75,FLEXRT_2_hinv_ckpc,3,0.0003676470588235294,G2b,TOTAL_PHYSICAL,8.131900023798909e+48,8.131902142288626e+48,2.6051588911813174e-07,0.9999997361287486
CANONICAL_DIRECT_REEVOLVED,2,5.75,FLEXRT_2_hinv_ckpc,3,0.0003676470588235294,G3,EFFECTIVE_HI_SUBGRID,0.0,0.0,0.0,
CANONICAL_DIRECT_REEVOLVED,2,5.75,FLEXRT_2_hinv_ckpc,3,0.0003676470588235294,G3,EXPLICIT_HI_ATOMIC,0.0,0.0,0.0,
CANONICAL_DIRECT_REEVOLVED,2,5.75,FLEXRT_2_hinv_ckpc,3,0.0003676470588235294,G3,EXPLICIT_HEI_ATOMIC,0.0,0.0,0.0,
CANONICAL_DIRECT_REEVOLVED,2,5.75,FLEXRT_2_hinv_ckpc,3,0.0003676470588235294,G3,EXPLICIT_HEII_ATOMIC,0.0,0.0,0.0,
CANONICAL_DIRECT_REEVOLVED,2,5.75,FLEXRT_2_hinv_ckpc,3,0.0003676470588235294,G3,TOTAL_PHYSICAL,0.0,0.0,0.0,
CANONICAL_DIRECT_REEVOLVED,2,5.75,FLEXRT_2_hinv_ckpc,4,0.0001838235294117647,G1,EFFECTIVE_HI_SUBGRID,3.30003316055608e+50,3.300063862815698e+50,9.303534990280613e-06,0.9999904907575572
CANONICAL_DIRECT_REEVOLVED,2,5.75,FLEXRT_2_hinv_ckpc,4,0.0001838235294117647,G1,EXPLICIT_HI_ATOMIC,0.0,0.0,0.0,
CANONICAL_DIRECT_REEVOLVED,2,5.75,FLEXRT_2_hinv_ckpc,4,0.0001838235294117647,G1,EXPLICIT_HEI_ATOMIC,0.0,0.0,0.0,
CANONICAL_DIRECT_REEVOLVED,2,5.75,FLEXRT_2_hinv_ckpc,4,0.0001838235294117647,G1,EXPLICIT_HEII_ATOMIC,0.0,0.0,0.0,
CANONICAL_DIRECT_REEVOLVED,2,5.75,FLEXRT_2_hinv_ckpc,4,0.0001838235294117647,G1,TOTAL_PHYSICAL,3.30003316055608e+50,3.300063862815698e+50,9.303534990280613e-06,0.9999904907575572
CANONICAL_DIRECT_REEVOLVED,2,5.75,FLEXRT_2_hinv_ckpc,4,0.0001838235294117647,G2a,EFFECTIVE_HI_SUBGRID,1.7000402799504584e+50,1.7000480839164428e+50,4.59043838716336e-06,0.9999954194077896
CANONICAL_DIRECT_REEVOLVED,2,5.75,FLEXRT_2_hinv_ckpc,4,0.0001838235294117647,G2a,EXPLICIT_HI_ATOMIC,0.0,0.0,0.0,
CANONICAL_DIRECT_REEVOLVED,2,5.75,FLEXRT_2_hinv_ckpc,4,0.0001838235294117647,G2a,EXPLICIT_HEI_ATOMIC,4.487003922304598e+48,4.487024501737735e+48,4.5864320841699815e-06,0.9999954280467772
CANONICAL_DIRECT_REEVOLVED,2,5.75,FLEXRT_2_hinv_ckpc,4,0.0001838235294117647,G2a,EXPLICIT_HEII_ATOMIC,0.0,0.0,0.0,
CANONICAL_DIRECT_REEVOLVED,2,5.75,FLEXRT_2_hinv_ckpc,4,0.0001838235294117647,G2a,TOTAL_PHYSICAL,1.744910319173504e+50,1.7449183289338202e+50,4.590335366084619e-06,0.9999954195204466
CANONICAL_DIRECT_REEVOLVED,2,5.75,FLEXRT_2_hinv_ckpc,4,0.0001838235294117647,G2b,EFFECTIVE_HI_SUBGRID,0.0,0.0,0.0,
CANONICAL_DIRECT_REEVOLVED,2,5.75,FLEXRT_2_hinv_ckpc,4,0.0001838235294117647,G2b,EXPLICIT_HI_ATOMIC,4.655296569592338e+48,4.655297182061024e+48,1.3156382119475163e-07,0.9999998700491508
CANONICAL_DIRECT_REEVOLVED,2,5.75,FLEXRT_2_hinv_ckpc,4,0.0001838235294117647,G2b,EXPLICIT_HEI_ATOMIC,3.4766045134513336e+48,3.4766049602276026e+48,1.2850935730648934e-07,0.9999998690112476
CANONICAL_DIRECT_REEVOLVED,2,5.75,FLEXRT_2_hinv_ckpc,4,0.0001838235294117647,G2b,EXPLICIT_HEII_ATOMIC,0.0,0.0,0.0,
CANONICAL_DIRECT_REEVOLVED,2,5.75,FLEXRT_2_hinv_ckpc,4,0.0001838235294117647,G2b,TOTAL_PHYSICAL,8.13190108304367e+48,8.131902142288626e+48,1.302579566109329e-07,0.9999998665174088
CANONICAL_DIRECT_REEVOLVED,2,5.75,FLEXRT_2_hinv_ckpc,4,0.0001838235294117647,G3,EFFECTIVE_HI_SUBGRID,0.0,0.0,0.0,
CANONICAL_DIRECT_REEVOLVED,2,5.75,FLEXRT_2_hinv_ckpc,4,0.0001838235294117647,G3,EXPLICIT_HI_ATOMIC,0.0,0.0,0.0,
CANONICAL_DIRECT_REEVOLVED,2,5.75,FLEXRT_2_hinv_ckpc,4,0.0001838235294117647,G3,EXPLICIT_HEI_ATOMIC,0.0,0.0,0.0,
CANONICAL_DIRECT_REEVOLVED,2,5.75,FLEXRT_2_hinv_ckpc,4,0.0001838235294117647,G3,EXPLICIT_HEII_ATOMIC,0.0,0.0,0.0,
CANONICAL_DIRECT_REEVOLVED,2,5.75,FLEXRT_2_hinv_ckpc,4,0.0001838235294117647,G3,TOTAL_PHYSICAL,0.0,0.0,0.0,
CANONICAL_DIRECT_REEVOLVED,2,5.75,FLEXRT_2_hinv_ckpc,5,9.191176470588235e-05,G1,EFFECTIVE_HI_SUBGRID,3.3000485116352974e+50,3.300063862815698e+50,4.651782825650797e-06,0.9999952454169222
CANONICAL_DIRECT_REEVOLVED,2,5.75,FLEXRT_2_hinv_ckpc,5,9.191176470588235e-05,G1,EXPLICIT_HI_ATOMIC,0.0,0.0,0.0,
CANONICAL_DIRECT_REEVOLVED,2,5.75,FLEXRT_2_hinv_ckpc,5,9.191176470588235e-05,G1,EXPLICIT_HEI_ATOMIC,0.0,0.0,0.0,
CANONICAL_DIRECT_REEVOLVED,2,5.75,FLEXRT_2_hinv_ckpc,5,9.191176470588235e-05,G1,EXPLICIT_HEII_ATOMIC,0.0,0.0,0.0,
CANONICAL_DIRECT_REEVOLVED,2,5.75,FLEXRT_2_hinv_ckpc,5,9.191176470588235e-05,G1,TOTAL_PHYSICAL,3.3000485116352974e+50,3.300063862815698e+50,4.651782825650797e-06,0.9999952454169222
CANONICAL_DIRECT_REEVOLVED,2,5.75,FLEXRT_2_hinv_ckpc,5,9.191176470588235e-05,G2a,EFFECTIVE_HI_SUBGRID,1.7000441819272554e+50,1.7000480839164428e+50,2.295222837737971e-06,0.9999977094117851
CANONICAL_DIRECT_REEVOLVED,2,5.75,FLEXRT_2_hinv_ckpc,5,9.191176470588235e-05,G2a,EXPLICIT_HI_ATOMIC,0.0,0.0,0.0,
CANONICAL_DIRECT_REEVOLVED,2,5.75,FLEXRT_2_hinv_ckpc,5,9.191176470588235e-05,G2a,EXPLICIT_HEI_ATOMIC,4.487014212004862e+48,4.487024501737735e+48,2.2932196757761298e-06,0.9999977139946971
CANONICAL_DIRECT_REEVOLVED,2,5.75,FLEXRT_2_hinv_ckpc,5,9.191176470588235e-05,G2a,EXPLICIT_HEII_ATOMIC,0.0,0.0,0.0,
CANONICAL_DIRECT_REEVOLVED,2,5.75,FLEXRT_2_hinv_ckpc,5,9.191176470588235e-05,G2a,TOTAL_PHYSICAL,1.7449143240473047e+50,1.7449183289338202e+50,2.295171326390151e-06,0.9999977098685513
CANONICAL_DIRECT_REEVOLVED,2,5.75,FLEXRT_2_hinv_ckpc,5,9.191176470588235e-05,G2b,EFFECTIVE_HI_SUBGRID,0.0,0.0,0.0,
CANONICAL_DIRECT_REEVOLVED,2,5.75,FLEXRT_2_hinv_ckpc,5,9.191176470588235e-05,G2b,EXPLICIT_HI_ATOMIC,4.6552968758266673e+48,4.655297182061024e+48,6.578191352517585e-08,0.9999999357889964
CANONICAL_DIRECT_REEVOLVED,2,5.75,FLEXRT_2_hinv_ckpc,5,9.191176470588235e-05,G2b,EXPLICIT_HEI_ATOMIC,3.4766047368394583e+48,3.4766049602276026e+48,6.425468145355035e-08,0.999999937125403
CANONICAL_DIRECT_REEVOLVED,2,5.75,FLEXRT_2_hinv_ckpc,5,9.191176470588235e-05,G2b,EXPLICIT_HEII_ATOMIC,0.0,0.0,0.0,
CANONICAL_DIRECT_REEVOLVED,2,5.75,FLEXRT_2_hinv_ckpc,5,9.191176470588235e-05,G2b,TOTAL_PHYSICAL,8.131901612666126e+48,8.131902142288626e+48,6.512898101913186e-08,0.9999999398886384
CANONICAL_DIRECT_REEVOLVED,2,5.75,FLEXRT_2_hinv_ckpc,5,9.191176470588235e-05,G3,EFFECTIVE_HI_SUBGRID,0.0,0.0,0.0,
CANONICAL_DIRECT_REEVOLVED,2,5.75,FLEXRT_2_hinv_ckpc,5,9.191176470588235e-05,G3,EXPLICIT_HI_ATOMIC,0.0,0.0,0.0,
CANONICAL_DIRECT_REEVOLVED,2,5.75,FLEXRT_2_hinv_ckpc,5,9.191176470588235e-05,G3,EXPLICIT_HEI_ATOMIC,0.0,0.0,0.0,
CANONICAL_DIRECT_REEVOLVED,2,5.75,FLEXRT_2_hinv_ckpc,5,9.191176470588235e-05,G3,EXPLICIT_HEII_ATOMIC,0.0,0.0,0.0,
CANONICAL_DIRECT_REEVOLVED,2,5.75,FLEXRT_2_hinv_ckpc,5,9.191176470588235e-05,G3,TOTAL_PHYSICAL,0.0,0.0,0.0,
CANONICAL_DIRECT_REEVOLVED,3,5.65,STRESS_1_cMpc,0,1.0,G1,EFFECTIVE_HI_SUBGRID,2.871821670200754e+50,2.958544533988034e+50,0.029312678173676245,
CANONICAL_DIRECT_REEVOLVED,3,5.65,STRESS_1_cMpc,0,1.0,G1,EXPLICIT_HI_ATOMIC,0.0,0.0,0.0,
CANONICAL_DIRECT_REEVOLVED,3,5.65,STRESS_1_cMpc,0,1.0,G1,EXPLICIT_HEI_ATOMIC,0.0,0.0,0.0,
CANONICAL_DIRECT_REEVOLVED,3,5.65,STRESS_1_cMpc,0,1.0,G1,EXPLICIT_HEII_ATOMIC,0.0,0.0,0.0,
CANONICAL_DIRECT_REEVOLVED,3,5.65,STRESS_1_cMpc,0,1.0,G1,TOTAL_PHYSICAL,2.871821670200754e+50,2.958544533988034e+50,0.029312678173676245,
CANONICAL_DIRECT_REEVOLVED,3,5.65,STRESS_1_cMpc,0,1.0,G2a,EFFECTIVE_HI_SUBGRID,1.05566813184007e+50,1.0700305037991296e+50,0.013422394883198335,
CANONICAL_DIRECT_REEVOLVED,3,5.65,STRESS_1_cMpc,0,1.0,G2a,EXPLICIT_HI_ATOMIC,0.0,0.0,0.0,
CANONICAL_DIRECT_REEVOLVED,3,5.65,STRESS_1_cMpc,0,1.0,G2a,EXPLICIT_HEI_ATOMIC,3.952890893563953e+48,4.006701231281106e+48,0.013430084903023257,
CANONICAL_DIRECT_REEVOLVED,3,5.65,STRESS_1_cMpc,0,1.0,G2a,EXPLICIT_HEII_ATOMIC,0.0,0.0,0.0,
CANONICAL_DIRECT_REEVOLVED,3,5.65,STRESS_1_cMpc,0,1.0,G2a,TOTAL_PHYSICAL,1.09519704077571e+50,1.1100975161119406e+50,0.013422672440902993,
CANONICAL_DIRECT_REEVOLVED,3,5.65,STRESS_1_cMpc,0,1.0,G2b,EFFECTIVE_HI_SUBGRID,0.0,0.0,0.0,
CANONICAL_DIRECT_REEVOLVED,3,5.65,STRESS_1_cMpc,0,1.0,G2b,EXPLICIT_HI_ATOMIC,3.992197659676431e+48,3.994290615995638e+48,0.0005239869905372842,
CANONICAL_DIRECT_REEVOLVED,3,5.65,STRESS_1_cMpc,0,1.0,G2b,EXPLICIT_HEI_ATOMIC,3.4138429804355854e+48,3.4155559381552266e+48,0.0005015165175618168,
CANONICAL_DIRECT_REEVOLVED,3,5.65,STRESS_1_cMpc,0,1.0,G2b,EXPLICIT_HEII_ATOMIC,0.0,0.0,0.0,
CANONICAL_DIRECT_REEVOLVED,3,5.65,STRESS_1_cMpc,0,1.0,G2b,TOTAL_PHYSICAL,7.406040640112017e+48,7.409846554150865e+48,0.000513629264929475,
CANONICAL_DIRECT_REEVOLVED,3,5.65,STRESS_1_cMpc,0,1.0,G3,EFFECTIVE_HI_SUBGRID,0.0,0.0,0.0,
CANONICAL_DIRECT_REEVOLVED,3,5.65,STRESS_1_cMpc,0,1.0,G3,EXPLICIT_HI_ATOMIC,0.0,0.0,0.0,
CANONICAL_DIRECT_REEVOLVED,3,5.65,STRESS_1_cMpc,0,1.0,G3,EXPLICIT_HEI_ATOMIC,0.0,0.0,0.0,
CANONICAL_DIRECT_REEVOLVED,3,5.65,STRESS_1_cMpc,0,1.0,G3,EXPLICIT_HEII_ATOMIC,0.0,0.0,0.0,
CANONICAL_DIRECT_REEVOLVED,3,5.65,STRESS_1_cMpc,0,1.0,G3,TOTAL_PHYSICAL,0.0,0.0,0.0,
CANONICAL_DIRECT_REEVOLVED,3,5.65,STRESS_1_cMpc,1,0.5,G1,EFFECTIVE_HI_SUBGRID,2.9147030307769808e+50,2.958544533988034e+50,0.014818605130799314,0.9841151331627963
CANONICAL_DIRECT_REEVOLVED,3,5.65,STRESS_1_cMpc,1,0.5,G1,EXPLICIT_HI_ATOMIC,0.0,0.0,0.0,
CANONICAL_DIRECT_REEVOLVED,3,5.65,STRESS_1_cMpc,1,0.5,G1,EXPLICIT_HEI_ATOMIC,0.0,0.0,0.0,
CANONICAL_DIRECT_REEVOLVED,3,5.65,STRESS_1_cMpc,1,0.5,G1,EXPLICIT_HEII_ATOMIC,0.0,0.0,0.0,
CANONICAL_DIRECT_REEVOLVED,3,5.65,STRESS_1_cMpc,1,0.5,G1,TOTAL_PHYSICAL,2.9147030307769808e+50,2.958544533988034e+50,0.014818605130799314,0.9841151331627963
CANONICAL_DIRECT_REEVOLVED,3,5.65,STRESS_1_cMpc,1,0.5,G2a,EFFECTIVE_HI_SUBGRID,1.0628145417455642e+50,1.0700305037991296e+50,0.006743697518851296,0.9930303742083446
CANONICAL_DIRECT_REEVOLVED,3,5.65,STRESS_1_cMpc,1,0.5,G2a,EXPLICIT_HI_ATOMIC,0.0,0.0,0.0,
CANONICAL_DIRECT_REEVOLVED,3,5.65,STRESS_1_cMpc,1,0.5,G2a,EXPLICIT_HEI_ATOMIC,3.979666057349251e+48,4.006701231281106e+48,0.0067474893612695175,0.993045723183252
CANONICAL_DIRECT_REEVOLVED,3,5.65,STRESS_1_cMpc,1,0.5,G2a,EXPLICIT_HEII_ATOMIC,0.0,0.0,0.0,
CANONICAL_DIRECT_REEVOLVED,3,5.65,STRESS_1_cMpc,1,0.5,G2a,TOTAL_PHYSICAL,1.102611202319057e+50,1.1100975161119406e+50,0.0067438343787165405,0.993030928505649
CANONICAL_DIRECT_REEVOLVED,3,5.65,STRESS_1_cMpc,1,0.5,G2b,EFFECTIVE_HI_SUBGRID,0.0,0.0,0.0,
CANONICAL_DIRECT_REEVOLVED,3,5.65,STRESS_1_cMpc,1,0.5,G2b,EXPLICIT_HI_ATOMIC,3.993243936035885e+48,3.994290615995638e+48,0.0002620440174186768,0.9997218212293154
CANONICAL_DIRECT_REEVOLVED,3,5.65,STRESS_1_cMpc,1,0.5,G2b,EXPLICIT_HEI_ATOMIC,3.414699301061944e+48,3.4155559381552266e+48,0.00025080458607435683,0.9997334884057243
CANONICAL_DIRECT_REEVOLVED,3,5.65,STRESS_1_cMpc,1,0.5,G2b,EXPLICIT_HEII_ATOMIC,0.0,0.0,0.0,
CANONICAL_DIRECT_REEVOLVED,3,5.65,STRESS_1_cMpc,1,0.5,G2b,TOTAL_PHYSICAL,7.407943237097828e+48,7.409846554150865e+48,0.00025686322100302396,0.9997270723549175
CANONICAL_DIRECT_REEVOLVED,3,5.65,STRESS_1_cMpc,1,0.5,G3,EFFECTIVE_HI_SUBGRID,0.0,0.0,0.0,
CANONICAL_DIRECT_REEVOLVED,3,5.65,STRESS_1_cMpc,1,0.5,G3,EXPLICIT_HI_ATOMIC,0.0,0.0,0.0,
CANONICAL_DIRECT_REEVOLVED,3,5.65,STRESS_1_cMpc,1,0.5,G3,EXPLICIT_HEI_ATOMIC,0.0,0.0,0.0,
CANONICAL_DIRECT_REEVOLVED,3,5.65,STRESS_1_cMpc,1,0.5,G3,EXPLICIT_HEII_ATOMIC,0.0,0.0,0.0,
CANONICAL_DIRECT_REEVOLVED,3,5.65,STRESS_1_cMpc,1,0.5,G3,TOTAL_PHYSICAL,0.0,0.0,0.0,
CANONICAL_DIRECT_REEVOLVED,3,5.65,STRESS_1_cMpc,2,0.25,G1,EFFECTIVE_HI_SUBGRID,2.936502105778318e+50,2.958544533988034e+50,0.007450429748983245,0.9920141044200388
CANONICAL_DIRECT_REEVOLVED,3,5.65,STRESS_1_cMpc,2,0.25,G1,EXPLICIT_HI_ATOMIC,0.0,0.0,0.0,
CANONICAL_DIRECT_REEVOLVED,3,5.65,STRESS_1_cMpc,2,0.25,G1,EXPLICIT_HEI_ATOMIC,0.0,0.0,0.0,
CANONICAL_DIRECT_REEVOLVED,3,5.65,STRESS_1_cMpc,2,0.25,G1,EXPLICIT_HEII_ATOMIC,0.0,0.0,0.0,
CANONICAL_DIRECT_REEVOLVED,3,5.65,STRESS_1_cMpc,2,0.25,G1,TOTAL_PHYSICAL,2.936502105778318e+50,2.958544533988034e+50,0.007450429748983245,0.9920141044200388
CANONICAL_DIRECT_REEVOLVED,3,5.65,STRESS_1_cMpc,2,0.25,G2a,EFFECTIVE_HI_SUBGRID,1.066413777757644e+50,1.0700305037991296e+50,0.0033800214373743004,0.9965074305749392
CANONICAL_DIRECT_REEVOLVED,3,5.65,STRESS_1_cMpc,2,0.25,G2a,EXPLICIT_HI_ATOMIC,0.0,0.0,0.0,
CANONICAL_DIRECT_REEVOLVED,3,5.65,STRESS_1_cMpc,2,0.25,G2a,EXPLICIT_HEI_ATOMIC,3.993150953244652e+48,4.006701231281106e+48,0.003381903779264748,0.996515183723731
CANONICAL_DIRECT_REEVOLVED,3,5.65,STRESS_1_cMpc,2,0.25,G2a,EXPLICIT_HEII_ATOMIC,0.0,0.0,0.0,
CANONICAL_DIRECT_REEVOLVED,3,5.65,STRESS_1_cMpc,2,0.25,G2a,TOTAL_PHYSICAL,1.1063452872900909e+50,1.1100975161119406e+50,0.003380089377185259,0.9965077105621553
CANONICAL_DIRECT_REEVOLVED,3,5.65,STRESS_1_cMpc,2,0.25,G2b,EFFECTIVE_HI_SUBGRID,0.0,0.0,0.0,
CANONICAL_DIRECT_REEVOLVED,3,5.65,STRESS_1_cMpc,2,0.25,G2b,EXPLICIT_HI_ATOMIC,3.993767225553749e+48,3.994290615995638e+48,0.0001310346422448505,0.9998608977182611
CANONICAL_DIRECT_REEVOLVED,3,5.65,STRESS_1_cMpc,2,0.25,G2b,EXPLICIT_HEI_ATOMIC,3.4151275800411955e+48,3.4155559381552266e+48,0.00012541387750260842,0.9998667322700676
CANONICAL_DIRECT_REEVOLVED,3,5.65,STRESS_1_cMpc,2,0.25,G2b,EXPLICIT_HEII_ATOMIC,0.0,0.0,0.0,
CANONICAL_DIRECT_REEVOLVED,3,5.65,STRESS_1_cMpc,2,0.25,G2b,TOTAL_PHYSICAL,7.408894805594946e+48,7.409846554150865e+48,0.00012844376046981115,0.9998635237083341
CANONICAL_DIRECT_REEVOLVED,3,5.65,STRESS_1_cMpc,2,0.25,G3,EFFECTIVE_HI_SUBGRID,0.0,0.0,0.0,
CANONICAL_DIRECT_REEVOLVED,3,5.65,STRESS_1_cMpc,2,0.25,G3,EXPLICIT_HI_ATOMIC,0.0,0.0,0.0,
CANONICAL_DIRECT_REEVOLVED,3,5.65,STRESS_1_cMpc,2,0.25,G3,EXPLICIT_HEI_ATOMIC,0.0,0.0,0.0,
CANONICAL_DIRECT_REEVOLVED,3,5.65,STRESS_1_cMpc,2,0.25,G3,EXPLICIT_HEII_ATOMIC,0.0,0.0,0.0,
CANONICAL_DIRECT_REEVOLVED,3,5.65,STRESS_1_cMpc,2,0.25,G3,TOTAL_PHYSICAL,0.0,0.0,0.0,
CANONICAL_DIRECT_REEVOLVED,3,5.65,STRESS_1_cMpc,3,0.125,G1,EFFECTIVE_HI_SUBGRID,2.947492690460108e+50,2.958544533988034e+50,0.003735567743179636,0.9959961192632926
CANONICAL_DIRECT_REEVOLVED,3,5.65,STRESS_1_cMpc,3,0.125,G1,EXPLICIT_HI_ATOMIC,0.0,0.0,0.0,
CANONICAL_DIRECT_REEVOLVED,3,5.65,STRESS_1_cMpc,3,0.125,G1,EXPLICIT_HEI_ATOMIC,0.0,0.0,0.0,
CANONICAL_DIRECT_REEVOLVED,3,5.65,STRESS_1_cMpc,3,0.125,G1,EXPLICIT_HEII_ATOMIC,0.0,0.0,0.0,
CANONICAL_DIRECT_REEVOLVED,3,5.65,STRESS_1_cMpc,3,0.125,G1,TOTAL_PHYSICAL,2.947492690460108e+50,2.958544533988034e+50,0.003735567743179636,0.9959961192632926
CANONICAL_DIRECT_REEVOLVED,3,5.65,STRESS_1_cMpc,3,0.125,G2a,EFFECTIVE_HI_SUBGRID,1.0682199481127914e+50,1.0700305037991296e+50,0.0016920598804518014,0.998251771634601
CANONICAL_DIRECT_REEVOLVED,3,5.65,STRESS_1_cMpc,3,0.125,G2a,EXPLICIT_HI_ATOMIC,0.0,0.0,0.0,
CANONICAL_DIRECT_REEVOLVED,3,5.65,STRESS_1_cMpc,3,0.125,G2a,EXPLICIT_HEI_ATOMIC,3.999917895631586e+48,4.006701231281106e+48,0.001692997620227123,0.9982556679790977
CANONICAL_DIRECT_REEVOLVED,3,5.65,STRESS_1_cMpc,3,0.125,G2a,EXPLICIT_HEII_ATOMIC,0.0,0.0,0.0,
CANONICAL_DIRECT_REEVOLVED,3,5.65,STRESS_1_cMpc,3,0.125,G2a,TOTAL_PHYSICAL,1.1082191270691075e+50,1.1100975161119406e+50,0.0016920937265152067,0.9982519123416312
CANONICAL_DIRECT_REEVOLVED,3,5.65,STRESS_1_cMpc,3,0.125,G2b,EFFECTIVE_HI_SUBGRID,0.0,0.0,0.0,
CANONICAL_DIRECT_REEVOLVED,3,5.65,STRESS_1_cMpc,3,0.125,G2b,EXPLICIT_HI_ATOMIC,3.994028908157692e+48,3.994290615995638e+48,6.552047988147516e-05,0.9999304456274045
CANONICAL_DIRECT_REEVOLVED,3,5.65,STRESS_1_cMpc,3,0.125,G2b,EXPLICIT_HEI_ATOMIC,3.4153417492052354e+48,3.4155559381552266e+48,6.270983519799445e-05,0.9999333631515885
CANONICAL_DIRECT_REEVOLVED,3,5.65,STRESS_1_cMpc,3,0.125,G2b,EXPLICIT_HEII_ATOMIC,0.0,0.0,0.0,
CANONICAL_DIRECT_REEVOLVED,3,5.65,STRESS_1_cMpc,3,0.125,G2b,TOTAL_PHYSICAL,7.409370657362927e+48,7.409846554150865e+48,6.42249180816589e-05,0.9999317587280608
CANONICAL_DIRECT_REEVOLVED,3,5.65,STRESS_1_cMpc,3,0.125,G3,EFFECTIVE_HI_SUBGRID,0.0,0.0,0.0,
CANONICAL_DIRECT_REEVOLVED,3,5.65,STRESS_1_cMpc,3,0.125,G3,EXPLICIT_HI_ATOMIC,0.0,0.0,0.0,
CANONICAL_DIRECT_REEVOLVED,3,5.65,STRESS_1_cMpc,3,0.125,G3,EXPLICIT_HEI_ATOMIC,0.0,0.0,0.0,
CANONICAL_DIRECT_REEVOLVED,3,5.65,STRESS_1_cMpc,3,0.125,G3,EXPLICIT_HEII_ATOMIC,0.0,0.0,0.0,
CANONICAL_DIRECT_REEVOLVED,3,5.65,STRESS_1_cMpc,3,0.125,G3,TOTAL_PHYSICAL,0.0,0.0,0.0,
CANONICAL_DIRECT_REEVOLVED,3,5.65,STRESS_1_cMpc,4,0.0625,G1,EFFECTIVE_HI_SUBGRID,2.9530109283989937e+50,2.958544533988034e+50,0.0018703810354956264,0.9979953179256118
CANONICAL_DIRECT_REEVOLVED,3,5.65,STRESS_1_cMpc,4,0.0625,G1,EXPLICIT_HI_ATOMIC,0.0,0.0,0.0,
CANONICAL_DIRECT_REEVOLVED,3,5.65,STRESS_1_cMpc,4,0.0625,G1,EXPLICIT_HEI_ATOMIC,0.0,0.0,0.0,
CANONICAL_DIRECT_REEVOLVED,3,5.65,STRESS_1_cMpc,4,0.0625,G1,EXPLICIT_HEII_ATOMIC,0.0,0.0,0.0,
CANONICAL_DIRECT_REEVOLVED,3,5.65,STRESS_1_cMpc,4,0.0625,G1,TOTAL_PHYSICAL,2.9530109283989937e+50,2.958544533988034e+50,0.0018703810354956264,0.9979953179256118
CANONICAL_DIRECT_REEVOLVED,3,5.65,STRESS_1_cMpc,4,0.0625,G2a,EFFECTIVE_HI_SUBGRID,1.0691246769857214e+50,1.0700305037991296e+50,0.0008465429818981892,0.9991253993380455
CANONICAL_DIRECT_REEVOLVED,3,5.65,STRESS_1_cMpc,4,0.0625,G2a,EXPLICIT_HI_ATOMIC,0.0,0.0,0.0,
CANONICAL_DIRECT_REEVOLVED,3,5.65,STRESS_1_cMpc,4,0.0625,G2a,EXPLICIT_HEI_ATOMIC,4.003307511306869e+48,4.006701231281106e+48,0.0008470109894248885,0.9991273524661884
CANONICAL_DIRECT_REEVOLVED,3,5.65,STRESS_1_cMpc,4,0.0625,G2a,EXPLICIT_HEII_ATOMIC,0.0,0.0,0.0,
CANONICAL_DIRECT_REEVOLVED,3,5.65,STRESS_1_cMpc,4,0.0625,G2a,TOTAL_PHYSICAL,1.1091577520987901e+50,1.1100975161119406e+50,0.0008465598738045463,0.999125469870283
CANONICAL_DIRECT_REEVOLVED,3,5.65,STRESS_1_cMpc,4,0.0625,G2b,EFFECTIVE_HI_SUBGRID,0.0,0.0,0.0,
CANONICAL_DIRECT_REEVOLVED,3,5.65,STRESS_1_cMpc,4,0.0625,G2b,EXPLICIT_HI_ATOMIC,3.994159758922229e+48,3.994290615995638e+48,3.276102967701316e-05,0.9999652220228609
CANONICAL_DIRECT_REEVOLVED,3,5.65,STRESS_1_cMpc,4,0.0625,G2b,EXPLICIT_HEI_ATOMIC,3.4154488412068466e+48,3.4155559381552266e+48,3.135564175178619e-05,0.9999666808381764
CANONICAL_DIRECT_REEVOLVED,3,5.65,STRESS_1_cMpc,4,0.0625,G2b,EXPLICIT_HEII_ATOMIC,0.0,0.0,0.0,
CANONICAL_DIRECT_REEVOLVED,3,5.65,STRESS_1_cMpc,4,0.0625,G2b,TOTAL_PHYSICAL,7.409608600129072e+48,7.409846554150865e+48,3.211321854707979e-05,0.9999658785724935
CANONICAL_DIRECT_REEVOLVED,3,5.65,STRESS_1_cMpc,4,0.0625,G3,EFFECTIVE_HI_SUBGRID,0.0,0.0,0.0,
CANONICAL_DIRECT_REEVOLVED,3,5.65,STRESS_1_cMpc,4,0.0625,G3,EXPLICIT_HI_ATOMIC,0.0,0.0,0.0,
CANONICAL_DIRECT_REEVOLVED,3,5.65,STRESS_1_cMpc,4,0.0625,G3,EXPLICIT_HEI_ATOMIC,0.0,0.0,0.0,
CANONICAL_DIRECT_REEVOLVED,3,5.65,STRESS_1_cMpc,4,0.0625,G3,EXPLICIT_HEII_ATOMIC,0.0,0.0,0.0,
CANONICAL_DIRECT_REEVOLVED,3,5.65,STRESS_1_cMpc,4,0.0625,G3,TOTAL_PHYSICAL,0.0,0.0,0.0,
CANONICAL_DIRECT_REEVOLVED,3,5.65,STRESS_1_cMpc,5,0.03125,G1,EFFECTIVE_HI_SUBGRID,2.95577580691692e+50,2.958544533988034e+50,0.0009358409310073935,0.998996972474678
CANONICAL_DIRECT_REEVOLVED,3,5.65,STRESS_1_cMpc,5,0.03125,G1,EXPLICIT_HI_ATOMIC,0.0,0.0,0.0,
CANONICAL_DIRECT_REEVOLVED,3,5.65,STRESS_1_cMpc,5,0.03125,G1,EXPLICIT_HEI_ATOMIC,0.0,0.0,0.0,
CANONICAL_DIRECT_REEVOLVED,3,5.65,STRESS_1_cMpc,5,0.03125,G1,EXPLICIT_HEII_ATOMIC,0.0,0.0,0.0,
CANONICAL_DIRECT_REEVOLVED,3,5.65,STRESS_1_cMpc,5,0.03125,G1,TOTAL_PHYSICAL,2.95577580691692e+50,2.958544533988034e+50,0.0009358409310073935,0.998996972474678
CANONICAL_DIRECT_REEVOLVED,3,5.65,STRESS_1_cMpc,5,0.03125,G2a,EFFECTIVE_HI_SUBGRID,1.0695774530492383e+50,1.0700305037991296e+50,0.00042339984540887076,0.9995625779778724
CANONICAL_DIRECT_REEVOLVED,3,5.65,STRESS_1_cMpc,5,0.03125,G2a,EXPLICIT_HI_ATOMIC,0.0,0.0,0.0,
CANONICAL_DIRECT_REEVOLVED,3,5.65,STRESS_1_cMpc,5,0.03125,G2a,EXPLICIT_HEI_ATOMIC,4.005003857882116e+48,4.006701231281106e+48,0.0004236336330091961,0.9995635557829117
CANONICAL_DIRECT_REEVOLVED,3,5.65,STRESS_1_cMpc,5,0.03125,G2a,EXPLICIT_HEII_ATOMIC,0.0,0.0,0.0,
CANONICAL_DIRECT_REEVOLVED,3,5.65,STRESS_1_cMpc,5,0.03125,G2a,TOTAL_PHYSICAL,1.1096274916280596e+50,1.1100975161119406e+50,0.0004234082835598536,0.9995626132894038
CANONICAL_DIRECT_REEVOLVED,3,5.65,STRESS_1_cMpc,5,0.03125,G2b,EFFECTIVE_HI_SUBGRID,0.0,0.0,0.0,
CANONICAL_DIRECT_REEVOLVED,3,5.65,STRESS_1_cMpc,5,0.03125,G2b,EXPLICIT_HI_ATOMIC,3.994225186670301e+48,3.994290615995638e+48,1.638071227840485e-05,0.9999826108124038
CANONICAL_DIRECT_REEVOLVED,3,5.65,STRESS_1_cMpc,5,0.03125,G2b,EXPLICIT_HEI_ATOMIC,3.415502389062672e+48,3.4155559381552266e+48,1.567800191960103e-05,0.9999833402005537
CANONICAL_DIRECT_REEVOLVED,3,5.65,STRESS_1_cMpc,5,0.03125,G2b,EXPLICIT_HEII_ATOMIC,0.0,0.0,0.0,
CANONICAL_DIRECT_REEVOLVED,3,5.65,STRESS_1_cMpc,5,0.03125,G2b,TOTAL_PHYSICAL,7.409727575732973e+48,7.409846554150865e+48,1.605679915542364e-05,0.9999829391107679
CANONICAL_DIRECT_REEVOLVED,3,5.65,STRESS_1_cMpc,5,0.03125,G3,EFFECTIVE_HI_SUBGRID,0.0,0.0,0.0,
CANONICAL_DIRECT_REEVOLVED,3,5.65,STRESS_1_cMpc,5,0.03125,G3,EXPLICIT_HI_ATOMIC,0.0,0.0,0.0,
CANONICAL_DIRECT_REEVOLVED,3,5.65,STRESS_1_cMpc,5,0.03125,G3,EXPLICIT_HEI_ATOMIC,0.0,0.0,0.0,
CANONICAL_DIRECT_REEVOLVED,3,5.65,STRESS_1_cMpc,5,0.03125,G3,EXPLICIT_HEII_ATOMIC,0.0,0.0,0.0,
CANONICAL_DIRECT_REEVOLVED,3,5.65,STRESS_1_cMpc,5,0.03125,G3,TOTAL_PHYSICAL,0.0,0.0,0.0,
CANONICAL_DIRECT_REEVOLVED,3,5.65,STRESS_1_cMpc,6,0.015625,G1,EFFECTIVE_HI_SUBGRID,2.9571596889675572e+50,2.958544533988034e+50,0.00046808320935097086,0.9994983144830067
CANONICAL_DIRECT_REEVOLVED,3,5.65,STRESS_1_cMpc,6,0.015625,G1,EXPLICIT_HI_ATOMIC,0.0,0.0,0.0,
CANONICAL_DIRECT_REEVOLVED,3,5.65,STRESS_1_cMpc,6,0.015625,G1,EXPLICIT_HEI_ATOMIC,0.0,0.0,0.0,
CANONICAL_DIRECT_REEVOLVED,3,5.65,STRESS_1_cMpc,6,0.015625,G1,EXPLICIT_HEII_ATOMIC,0.0,0.0,0.0,
CANONICAL_DIRECT_REEVOLVED,3,5.65,STRESS_1_cMpc,6,0.015625,G1,TOTAL_PHYSICAL,2.9571596889675572e+50,2.958544533988034e+50,0.00046808320935097086,0.9994983144830067
CANONICAL_DIRECT_REEVOLVED,3,5.65,STRESS_1_cMpc,6,0.015625,G2a,EFFECTIVE_HI_SUBGRID,1.0698039440757994e+50,1.0700305037991296e+50,0.00021173202308321165,0.9997812585572695
CANONICAL_DIRECT_REEVOLVED,3,5.65,STRESS_1_cMpc,6,0.015625,G2a,EXPLICIT_HI_ATOMIC,0.0,0.0,0.0,
CANONICAL_DIRECT_REEVOLVED,3,5.65,STRESS_1_cMpc,6,0.015625,G2a,EXPLICIT_HEI_ATOMIC,4.0058524161817956e+48,4.006701231281106e+48,0.00021184886277109268,0.9997817477690522
CANONICAL_DIRECT_REEVOLVED,3,5.65,STRESS_1_cMpc,6,0.015625,G2a,EXPLICIT_HEII_ATOMIC,0.0,0.0,0.0,
CANONICAL_DIRECT_REEVOLVED,3,5.65,STRESS_1_cMpc,6,0.015625,G2a,TOTAL_PHYSICAL,1.1098624682376176e+50,1.1100975161119406e+50,0.0002117362402054783,0.9997812762248368
CANONICAL_DIRECT_REEVOLVED,3,5.65,STRESS_1_cMpc,6,0.015625,G2b,EFFECTIVE_HI_SUBGRID,0.0,0.0,0.0,
CANONICAL_DIRECT_REEVOLVED,3,5.65,STRESS_1_cMpc,6,0.015625,G2b,EXPLICIT_HI_ATOMIC,3.994257901135808e+48,3.994290615995638e+48,8.190405500131628e-06,0.999991305316646
CANONICAL_DIRECT_REEVOLVED,3,5.65,STRESS_1_cMpc,6,0.015625,G2b,EXPLICIT_HEI_ATOMIC,3.415529163454356e+48,3.4155559381552266e+48,7.839046221297569e-06,0.9999916700675039
CANONICAL_DIRECT_REEVOLVED,3,5.65,STRESS_1_cMpc,6,0.015625,G2b,EXPLICIT_HEII_ATOMIC,0.0,0.0,0.0,
CANONICAL_DIRECT_REEVOLVED,3,5.65,STRESS_1_cMpc,6,0.015625,G2b,TOTAL_PHYSICAL,7.409787064590167e+48,7.409846554150865e+48,8.028447048620714e-06,0.9999914695523422
CANONICAL_DIRECT_REEVOLVED,3,5.65,STRESS_1_cMpc,6,0.015625,G3,EFFECTIVE_HI_SUBGRID,0.0,0.0,0.0,
CANONICAL_DIRECT_REEVOLVED,3,5.65,STRESS_1_cMpc,6,0.015625,G3,EXPLICIT_HI_ATOMIC,0.0,0.0,0.0,
CANONICAL_DIRECT_REEVOLVED,3,5.65,STRESS_1_cMpc,6,0.015625,G3,EXPLICIT_HEI_ATOMIC,0.0,0.0,0.0,
CANONICAL_DIRECT_REEVOLVED,3,5.65,STRESS_1_cMpc,6,0.015625,G3,EXPLICIT_HEII_ATOMIC,0.0,0.0,0.0,
CANONICAL_DIRECT_REEVOLVED,3,5.65,STRESS_1_cMpc,6,0.015625,G3,TOTAL_PHYSICAL,0.0,0.0,0.0,
CANONICAL_DIRECT_REEVOLVED,3,5.65,STRESS_1_cMpc,7,0.0078125,G1,EFFECTIVE_HI_SUBGRID,2.9578519910545478e+50,2.958544533988034e+50,0.00023408230821959382,0.9997491142846491
CANONICAL_DIRECT_REEVOLVED,3,5.65,STRESS_1_cMpc,7,0.0078125,G1,EXPLICIT_HI_ATOMIC,0.0,0.0,0.0,
CANONICAL_DIRECT_REEVOLVED,3,5.65,STRESS_1_cMpc,7,0.0078125,G1,EXPLICIT_HEI_ATOMIC,0.0,0.0,0.0,
CANONICAL_DIRECT_REEVOLVED,3,5.65,STRESS_1_cMpc,7,0.0078125,G1,EXPLICIT_HEII_ATOMIC,0.0,0.0,0.0,
CANONICAL_DIRECT_REEVOLVED,3,5.65,STRESS_1_cMpc,7,0.0078125,G1,TOTAL_PHYSICAL,2.9578519910545478e+50,2.958544533988034e+50,0.00023408230821959382,0.9997491142846491
CANONICAL_DIRECT_REEVOLVED,3,5.65,STRESS_1_cMpc,7,0.0078125,G2a,EFFECTIVE_HI_SUBGRID,1.0699172153487947e+50,1.0700305037991296e+50,0.00010587403810701244,0.9998906216737716
CANONICAL_DIRECT_REEVOLVED,3,5.65,STRESS_1_cMpc,7,0.0078125,G2a,EXPLICIT_HI_ATOMIC,0.0,0.0,0.0,
CANONICAL_DIRECT_REEVOLVED,3,5.65,STRESS_1_cMpc,7,0.0078125,G2a,EXPLICIT_HEI_ATOMIC,4.0062767916256393e+48,4.006701231281106e+48,0.00010593244441413101,0.9998908663543397
CANONICAL_DIRECT_REEVOLVED,3,5.65,STRESS_1_cMpc,7,0.0078125,G2a,EXPLICIT_HEII_ATOMIC,0.0,0.0,0.0,
CANONICAL_DIRECT_REEVOLVED,3,5.65,STRESS_1_cMpc,7,0.0078125,G2a,TOTAL_PHYSICAL,1.1099799832650507e+50,1.1100975161119406e+50,0.00010587614618000824,0.9998906305036473
CANONICAL_DIRECT_REEVOLVED,3,5.65,STRESS_1_cMpc,7,0.0078125,G2b,EFFECTIVE_HI_SUBGRID,0.0,0.0,0.0,
CANONICAL_DIRECT_REEVOLVED,3,5.65,STRESS_1_cMpc,7,0.0078125,G2b,EXPLICIT_HI_ATOMIC,3.9942742585164316e+48,3.994290615995638e+48,4.095215090541852e-06,0.9999956525921074
CANONICAL_DIRECT_REEVOLVED,3,5.65,STRESS_1_cMpc,7,0.0078125,G2b,EXPLICIT_HEI_ATOMIC,3.4155425507661434e+48,3.4155559381552266e+48,3.919534425904283e-06,0.9999958350955028
CANONICAL_DIRECT_REEVOLVED,3,5.65,STRESS_1_cMpc,7,0.0078125,G2b,EXPLICIT_HEII_ATOMIC,0.0,0.0,0.0,
CANONICAL_DIRECT_REEVOLVED,3,5.65,STRESS_1_cMpc,7,0.0078125,G2b,TOTAL_PHYSICAL,7.409816809282575e+48,7.409846554150865e+48,4.014235392475535e-06,0.9999957346376871
CANONICAL_DIRECT_REEVOLVED,3,5.65,STRESS_1_cMpc,7,0.0078125,G3,EFFECTIVE_HI_SUBGRID,0.0,0.0,0.0,
CANONICAL_DIRECT_REEVOLVED,3,5.65,STRESS_1_cMpc,7,0.0078125,G3,EXPLICIT_HI_ATOMIC,0.0,0.0,0.0,
CANONICAL_DIRECT_REEVOLVED,3,5.65,STRESS_1_cMpc,7,0.0078125,G3,EXPLICIT_HEI_ATOMIC,0.0,0.0,0.0,
CANONICAL_DIRECT_REEVOLVED,3,5.65,STRESS_1_cMpc,7,0.0078125,G3,EXPLICIT_HEII_ATOMIC,0.0,0.0,0.0,
CANONICAL_DIRECT_REEVOLVED,3,5.65,STRESS_1_cMpc,7,0.0078125,G3,TOTAL_PHYSICAL,0.0,0.0,0.0,
CANONICAL_DIRECT_REEVOLVED,3,5.65,STRESS_1_cMpc,8,0.00390625,G1,EFFECTIVE_HI_SUBGRID,2.9581982324089743e+50,2.958544533988034e+50,0.00011705133219443949,0.999874546402743
CANONICAL_DIRECT_REEVOLVED,3,5.65,STRESS_1_cMpc,8,0.00390625,G1,EXPLICIT_HI_ATOMIC,0.0,0.0,0.0,
CANONICAL_DIRECT_REEVOLVED,3,5.65,STRESS_1_cMpc,8,0.00390625,G1,EXPLICIT_HEI_ATOMIC,0.0,0.0,0.0,
CANONICAL_DIRECT_REEVOLVED,3,5.65,STRESS_1_cMpc,8,0.00390625,G1,EXPLICIT_HEII_ATOMIC,0.0,0.0,0.0,
CANONICAL_DIRECT_REEVOLVED,3,5.65,STRESS_1_cMpc,8,0.00390625,G1,TOTAL_PHYSICAL,2.9581982324089743e+50,2.958544533988034e+50,0.00011705133219443949,0.999874546402743
CANONICAL_DIRECT_REEVOLVED,3,5.65,STRESS_1_cMpc,8,0.00390625,G2a,EFFECTIVE_HI_SUBGRID,1.0699738574265975e+50,1.0700305037991296e+50,5.293902587910637e-05,0.9999453089252919
CANONICAL_DIRECT_REEVOLVED,3,5.65,STRESS_1_cMpc,8,0.00390625,G2a,EXPLICIT_HI_ATOMIC,0.0,0.0,0.0,
CANONICAL_DIRECT_REEVOLVED,3,5.65,STRESS_1_cMpc,8,0.00390625,G2a,EXPLICIT_HEI_ATOMIC,4.006489003426188e+48,4.006701231281106e+48,5.296822564689353e-05,0.9999454312971181
CANONICAL_DIRECT_REEVOLVED,3,5.65,STRESS_1_cMpc,8,0.00390625,G2a,EXPLICIT_HEII_ATOMIC,0.0,0.0,0.0,
CANONICAL_DIRECT_REEVOLVED,3,5.65,STRESS_1_cMpc,8,0.00390625,G2a,TOTAL_PHYSICAL,1.1100387474608595e+50,1.1100975161119406e+50,5.294007979314062e-05,0.9999453133515257
CANONICAL_DIRECT_REEVOLVED,3,5.65,STRESS_1_cMpc,8,0.00390625,G2b,EFFECTIVE_HI_SUBGRID,0.0,0.0,0.0,
CANONICAL_DIRECT_REEVOLVED,3,5.65,STRESS_1_cMpc,8,0.00390625,G2b,EXPLICIT_HI_ATOMIC,3.9942824372437126e+48,3.994290615995638e+48,2.0476106302477553e-06,0.9999978264011429
CANONICAL_DIRECT_REEVOLVED,3,5.65,STRESS_1_cMpc,8,0.00390625,G2b,EXPLICIT_HEI_ATOMIC,3.415549244451023e+48,3.4155559381552266e+48,1.9597700418372755e-06,0.9999979174998023
CANONICAL_DIRECT_REEVOLVED,3,5.65,STRESS_1_cMpc,8,0.00390625,G2b,EXPLICIT_HEII_ATOMIC,0.0,0.0,0.0,
CANONICAL_DIRECT_REEVOLVED,3,5.65,STRESS_1_cMpc,8,0.00390625,G2b,TOTAL_PHYSICAL,7.409831681694733e+48,7.409846554150865e+48,2.007120663563734e-06,0.999997867118954
CANONICAL_DIRECT_REEVOLVED,3,5.65,STRESS_1_cMpc,8,0.00390625,G3,EFFECTIVE_HI_SUBGRID,0.0,0.0,0.0,
CANONICAL_DIRECT_REEVOLVED,3,5.65,STRESS_1_cMpc,8,0.00390625,G3,EXPLICIT_HI_ATOMIC,0.0,0.0,0.0,
CANONICAL_DIRECT_REEVOLVED,3,5.65,STRESS_1_cMpc,8,0.00390625,G3,EXPLICIT_HEI_ATOMIC,0.0,0.0,0.0,
CANONICAL_DIRECT_REEVOLVED,3,5.65,STRESS_1_cMpc,8,0.00390625,G3,EXPLICIT_HEII_ATOMIC,0.0,0.0,0.0,
CANONICAL_DIRECT_REEVOLVED,3,5.65,STRESS_1_cMpc,8,0.00390625,G3,TOTAL_PHYSICAL,0.0,0.0,0.0,
CANONICAL_DIRECT_REEVOLVED,3,5.65,FLEXRT_2_hinv_ckpc,0,0.0029411764705882353,G1,EFFECTIVE_HI_SUBGRID,2.9582837836676635e+50,2.958544533988034e+50,8.813466127520684e-05,
CANONICAL_DIRECT_REEVOLVED,3,5.65,FLEXRT_2_hinv_ckpc,0,0.0029411764705882353,G1,EXPLICIT_HI_ATOMIC,0.0,0.0,0.0,
CANONICAL_DIRECT_REEVOLVED,3,5.65,FLEXRT_2_hinv_ckpc,0,0.0029411764705882353,G1,EXPLICIT_HEI_ATOMIC,0.0,0.0,0.0,
CANONICAL_DIRECT_REEVOLVED,3,5.65,FLEXRT_2_hinv_ckpc,0,0.0029411764705882353,G1,EXPLICIT_HEII_ATOMIC,0.0,0.0,0.0,
CANONICAL_DIRECT_REEVOLVED,3,5.65,FLEXRT_2_hinv_ckpc,0,0.0029411764705882353,G1,TOTAL_PHYSICAL,2.9582837836676635e+50,2.958544533988034e+50,8.813466127520684e-05,
CANONICAL_DIRECT_REEVOLVED,3,5.65,FLEXRT_2_hinv_ckpc,0,0.0029411764705882353,G2a,EFFECTIVE_HI_SUBGRID,1.0699878520132832e+50,1.0700305037991296e+50,3.986034575180723e-05,
CANONICAL_DIRECT_REEVOLVED,3,5.65,FLEXRT_2_hinv_ckpc,0,0.0029411764705882353,G2a,EXPLICIT_HI_ATOMIC,0.0,0.0,0.0,
CANONICAL_DIRECT_REEVOLVED,3,5.65,FLEXRT_2_hinv_ckpc,0,0.0029411764705882353,G2a,EXPLICIT_HEI_ATOMIC,4.0065414346970626e+48,4.006701231281106e+48,3.98823308301226e-05,
CANONICAL_DIRECT_REEVOLVED,3,5.65,FLEXRT_2_hinv_ckpc,0,0.0029411764705882353,G2a,EXPLICIT_HEII_ATOMIC,0.0,0.0,0.0,
CANONICAL_DIRECT_REEVOLVED,3,5.65,FLEXRT_2_hinv_ckpc,0,0.0029411764705882353,G2a,TOTAL_PHYSICAL,1.1100532663602538e+50,1.1100975161119406e+50,3.9861139264347284e-05,
CANONICAL_DIRECT_REEVOLVED,3,5.65,FLEXRT_2_hinv_ckpc,0,0.0029411764705882353,G2b,EFFECTIVE_HI_SUBGRID,0.0,0.0,0.0,
CANONICAL_DIRECT_REEVOLVED,3,5.65,FLEXRT_2_hinv_ckpc,0,0.0029411764705882353,G2b,EXPLICIT_HI_ATOMIC,3.994284457874249e+48,3.994290615995638e+48,1.5417309308266675e-06,
CANONICAL_DIRECT_REEVOLVED,3,5.65,FLEXRT_2_hinv_ckpc,0,0.0029411764705882353,G2b,EXPLICIT_HEI_ATOMIC,3.41555089818791e+48,3.4155559381552266e+48,1.4755920874509905e-06,
CANONICAL_DIRECT_REEVOLVED,3,5.65,FLEXRT_2_hinv_ckpc,0,0.0029411764705882353,G2b,EXPLICIT_HEII_ATOMIC,0.0,0.0,0.0,
CANONICAL_DIRECT_REEVOLVED,3,5.65,FLEXRT_2_hinv_ckpc,0,0.0029411764705882353,G2b,TOTAL_PHYSICAL,7.409835356062159e+48,7.409846554150865e+48,1.5112443455870676e-06,
CANONICAL_DIRECT_REEVOLVED,3,5.65,FLEXRT_2_hinv_ckpc,0,0.0029411764705882353,G3,EFFECTIVE_HI_SUBGRID,0.0,0.0,0.0,
CANONICAL_DIRECT_REEVOLVED,3,5.65,FLEXRT_2_hinv_ckpc,0,0.0029411764705882353,G3,EXPLICIT_HI_ATOMIC,0.0,0.0,0.0,
CANONICAL_DIRECT_REEVOLVED,3,5.65,FLEXRT_2_hinv_ckpc,0,0.0029411764705882353,G3,EXPLICIT_HEI_ATOMIC,0.0,0.0,0.0,
CANONICAL_DIRECT_REEVOLVED,3,5.65,FLEXRT_2_hinv_ckpc,0,0.0029411764705882353,G3,EXPLICIT_HEII_ATOMIC,0.0,0.0,0.0,
CANONICAL_DIRECT_REEVOLVED,3,5.65,FLEXRT_2_hinv_ckpc,0,0.0029411764705882353,G3,TOTAL_PHYSICAL,0.0,0.0,0.0,
CANONICAL_DIRECT_REEVOLVED,3,5.65,FLEXRT_2_hinv_ckpc,1,0.0014705882352941176,G1,EFFECTIVE_HI_SUBGRID,2.9584141545594516e+50,2.958544533988034e+50,4.406877337309728e-05,0.9999527678840392
CANONICAL_DIRECT_REEVOLVED,3,5.65,FLEXRT_2_hinv_ckpc,1,0.0014705882352941176,G1,EXPLICIT_HI_ATOMIC,0.0,0.0,0.0,
CANONICAL_DIRECT_REEVOLVED,3,5.65,FLEXRT_2_hinv_ckpc,1,0.0014705882352941176,G1,EXPLICIT_HEI_ATOMIC,0.0,0.0,0.0,
CANONICAL_DIRECT_REEVOLVED,3,5.65,FLEXRT_2_hinv_ckpc,1,0.0014705882352941176,G1,EXPLICIT_HEII_ATOMIC,0.0,0.0,0.0,
CANONICAL_DIRECT_REEVOLVED,3,5.65,FLEXRT_2_hinv_ckpc,1,0.0014705882352941176,G1,TOTAL_PHYSICAL,2.9584141545594516e+50,2.958544533988034e+50,4.406877337309728e-05,0.9999527678840392
CANONICAL_DIRECT_REEVOLVED,3,5.65,FLEXRT_2_hinv_ckpc,1,0.0014705882352941176,G2a,EFFECTIVE_HI_SUBGRID,1.0700091776018429e+50,1.0700305037991296e+50,1.993045731967416e-05,0.9999794099784591
CANONICAL_DIRECT_REEVOLVED,3,5.65,FLEXRT_2_hinv_ckpc,1,0.0014705882352941176,G2a,EXPLICIT_HI_ATOMIC,0.0,0.0,0.0,
CANONICAL_DIRECT_REEVOLVED,3,5.65,FLEXRT_2_hinv_ckpc,1,0.0014705882352941176,G2a,EXPLICIT_HEI_ATOMIC,4.006621331851326e+48,4.006701231281106e+48,1.9941449378873232e-05,0.9999794560519472
CANONICAL_DIRECT_REEVOLVED,3,5.65,FLEXRT_2_hinv_ckpc,1,0.0014705882352941176,G2a,EXPLICIT_HEII_ATOMIC,0.0,0.0,0.0,
CANONICAL_DIRECT_REEVOLVED,3,5.65,FLEXRT_2_hinv_ckpc,1,0.0014705882352941176,G2a,TOTAL_PHYSICAL,1.1100753909203565e+50,1.1100975161119406e+50,1.9930854058328593e-05,0.9999794116634448
CANONICAL_DIRECT_REEVOLVED,3,5.65,FLEXRT_2_hinv_ckpc,1,0.0014705882352941176,G2b,EFFECTIVE_HI_SUBGRID,0.0,0.0,0.0,
CANONICAL_DIRECT_REEVOLVED,3,5.65,FLEXRT_2_hinv_ckpc,1,0.0014705882352941176,G2b,EXPLICIT_HI_ATOMIC,3.994287536933196e+48,3.994290615995638e+48,7.708659028396657e-07,0.9999991813453201
CANONICAL_DIRECT_REEVOLVED,3,5.65,FLEXRT_2_hinv_ckpc,1,0.0014705882352941176,G2b,EXPLICIT_HEI_ATOMIC,3.415553418170199e+48,3.4155559381552266e+48,7.37796444580818e-07,0.9999992161630116
CANONICAL_DIRECT_REEVOLVED,3,5.65,FLEXRT_2_hinv_ckpc,1,0.0014705882352941176,G2b,EXPLICIT_HEII_ATOMIC,0.0,0.0,0.0,
CANONICAL_DIRECT_REEVOLVED,3,5.65,FLEXRT_2_hinv_ckpc,1,0.0014705882352941176,G2b,TOTAL_PHYSICAL,7.409840955103397e+48,7.409846554150865e+48,7.556225932311356e-07,0.9999991972667078
CANONICAL_DIRECT_REEVOLVED,3,5.65,FLEXRT_2_hinv_ckpc,1,0.0014705882352941176,G3,EFFECTIVE_HI_SUBGRID,0.0,0.0,0.0,
CANONICAL_DIRECT_REEVOLVED,3,5.65,FLEXRT_2_hinv_ckpc,1,0.0014705882352941176,G3,EXPLICIT_HI_ATOMIC,0.0,0.0,0.0,
CANONICAL_DIRECT_REEVOLVED,3,5.65,FLEXRT_2_hinv_ckpc,1,0.0014705882352941176,G3,EXPLICIT_HEI_ATOMIC,0.0,0.0,0.0,
CANONICAL_DIRECT_REEVOLVED,3,5.65,FLEXRT_2_hinv_ckpc,1,0.0014705882352941176,G3,EXPLICIT_HEII_ATOMIC,0.0,0.0,0.0,
CANONICAL_DIRECT_REEVOLVED,3,5.65,FLEXRT_2_hinv_ckpc,1,0.0014705882352941176,G3,TOTAL_PHYSICAL,0.0,0.0,0.0,
CANONICAL_DIRECT_REEVOLVED,3,5.65,FLEXRT_2_hinv_ckpc,2,0.0007352941176470588,G1,EFFECTIVE_HI_SUBGRID,2.958479343206601e+50,2.958544533988034e+50,2.2034747384795693e-05,0.999976383580787
CANONICAL_DIRECT_REEVOLVED,3,5.65,FLEXRT_2_hinv_ckpc,2,0.0007352941176470588,G1,EXPLICIT_HI_ATOMIC,0.0,0.0,0.0,
CANONICAL_DIRECT_REEVOLVED,3,5.65,FLEXRT_2_hinv_ckpc,2,0.0007352941176470588,G1,EXPLICIT_HEI_ATOMIC,0.0,0.0,0.0,
CANONICAL_DIRECT_REEVOLVED,3,5.65,FLEXRT_2_hinv_ckpc,2,0.0007352941176470588,G1,EXPLICIT_HEII_ATOMIC,0.0,0.0,0.0,
CANONICAL_DIRECT_REEVOLVED,3,5.65,FLEXRT_2_hinv_ckpc,2,0.0007352941176470588,G1,TOTAL_PHYSICAL,2.958479343206601e+50,2.958544533988034e+50,2.2034747384795693e-05,0.999976383580787
CANONICAL_DIRECT_REEVOLVED,3,5.65,FLEXRT_2_hinv_ckpc,2,0.0007352941176470588,G2a,EFFECTIVE_HI_SUBGRID,1.070019840624394e+50,1.0700305037991296e+50,9.965299772089884e-06,0.9999897049097499
CANONICAL_DIRECT_REEVOLVED,3,5.65,FLEXRT_2_hinv_ckpc,2,0.0007352941176470588,G2a,EXPLICIT_HI_ATOMIC,0.0,0.0,0.0,
CANONICAL_DIRECT_REEVOLVED,3,5.65,FLEXRT_2_hinv_ckpc,2,0.0007352941176470588,G2a,EXPLICIT_HEI_ATOMIC,4.0066612812817704e+48,4.006701231281106e+48,9.970795681928485e-06,0.9999897279130124
CANONICAL_DIRECT_REEVOLVED,3,5.65,FLEXRT_2_hinv_ckpc,2,0.0007352941176470588,G2a,EXPLICIT_HEII_ATOMIC,0.0,0.0,0.0,
CANONICAL_DIRECT_REEVOLVED,3,5.65,FLEXRT_2_hinv_ckpc,2,0.0007352941176470588,G2a,TOTAL_PHYSICAL,1.110086453437212e+50,1.1100975161119406e+50,9.965498136895755e-06,0.9999897057692316
CANONICAL_DIRECT_REEVOLVED,3,5.65,FLEXRT_2_hinv_ckpc,2,0.0007352941176470588,G2b,EFFECTIVE_HI_SUBGRID,0.0,0.0,0.0,
CANONICAL_DIRECT_REEVOLVED,3,5.65,FLEXRT_2_hinv_ckpc,2,0.0007352941176470588,G2b,EXPLICIT_HI_ATOMIC,3.994289076463981e+48,3.994290615995638e+48,3.854330606139246e-07,0.9999995912810471
CANONICAL_DIRECT_REEVOLVED,3,5.65,FLEXRT_2_hinv_ckpc,2,0.0007352941176470588,G2b,EXPLICIT_HEI_ATOMIC,3.415554678162369e+48,3.4155559381552266e+48,3.6889832290804037e-07,0.9999996065024734
CANONICAL_DIRECT_REEVOLVED,3,5.65,FLEXRT_2_hinv_ckpc,2,0.0007352941176470588,G2b,EXPLICIT_HEII_ATOMIC,0.0,0.0,0.0,
CANONICAL_DIRECT_REEVOLVED,3,5.65,FLEXRT_2_hinv_ckpc,2,0.0007352941176470588,G2b,TOTAL_PHYSICAL,7.409843754626352e+48,7.409846554150865e+48,3.7781140172496827e-07,0.9999995986335214
CANONICAL_DIRECT_REEVOLVED,3,5.65,FLEXRT_2_hinv_ckpc,2,0.0007352941176470588,G3,EFFECTIVE_HI_SUBGRID,0.0,0.0,0.0,
CANONICAL_DIRECT_REEVOLVED,3,5.65,FLEXRT_2_hinv_ckpc,2,0.0007352941176470588,G3,EXPLICIT_HI_ATOMIC,0.0,0.0,0.0,
CANONICAL_DIRECT_REEVOLVED,3,5.65,FLEXRT_2_hinv_ckpc,2,0.0007352941176470588,G3,EXPLICIT_HEI_ATOMIC,0.0,0.0,0.0,
CANONICAL_DIRECT_REEVOLVED,3,5.65,FLEXRT_2_hinv_ckpc,2,0.0007352941176470588,G3,EXPLICIT_HEII_ATOMIC,0.0,0.0,0.0,
CANONICAL_DIRECT_REEVOLVED,3,5.65,FLEXRT_2_hinv_ckpc,2,0.0007352941176470588,G3,TOTAL_PHYSICAL,0.0,0.0,0.0,
CANONICAL_DIRECT_REEVOLVED,3,5.65,FLEXRT_2_hinv_ckpc,3,0.0003676470588235294,G1,EFFECTIVE_HI_SUBGRID,2.958511938330526e+50,2.958544533988034e+50,1.1017463869048082e-05,0.9999881916618868
CANONICAL_DIRECT_REEVOLVED,3,5.65,FLEXRT_2_hinv_ckpc,3,0.0003676470588235294,G1,EXPLICIT_HI_ATOMIC,0.0,0.0,0.0,
CANONICAL_DIRECT_REEVOLVED,3,5.65,FLEXRT_2_hinv_ckpc,3,0.0003676470588235294,G1,EXPLICIT_HEI_ATOMIC,0.0,0.0,0.0,
CANONICAL_DIRECT_REEVOLVED,3,5.65,FLEXRT_2_hinv_ckpc,3,0.0003676470588235294,G1,EXPLICIT_HEII_ATOMIC,0.0,0.0,0.0,
CANONICAL_DIRECT_REEVOLVED,3,5.65,FLEXRT_2_hinv_ckpc,3,0.0003676470588235294,G1,TOTAL_PHYSICAL,2.958511938330526e+50,2.958544533988034e+50,1.1017463869048082e-05,0.9999881916618868
CANONICAL_DIRECT_REEVOLVED,3,5.65,FLEXRT_2_hinv_ckpc,3,0.0003676470588235294,G2a,EFFECTIVE_HI_SUBGRID,1.0700251721927382e+50,1.0700305037991296e+50,4.982667664544866e-06,0.9999948523559747
CANONICAL_DIRECT_REEVOLVED,3,5.65,FLEXRT_2_hinv_ckpc,3,0.0003676470588235294,G2a,EXPLICIT_HI_ATOMIC,0.0,0.0,0.0,
CANONICAL_DIRECT_REEVOLVED,3,5.65,FLEXRT_2_hinv_ckpc,3,0.0003676470588235294,G2a,EXPLICIT_HEI_ATOMIC,4.006681256210326e+48,4.006701231281106e+48,4.985415589249197e-06,0.9999948639370563
CANONICAL_DIRECT_REEVOLVED,3,5.65,FLEXRT_2_hinv_ckpc,3,0.0003676470588235294,G2a,EXPLICIT_HEII_ATOMIC,0.0,0.0,0.0,
CANONICAL_DIRECT_REEVOLVED,3,5.65,FLEXRT_2_hinv_ckpc,3,0.0003676470588235294,G2a,TOTAL_PHYSICAL,1.1100919847548418e+50,1.1100975161119406e+50,4.982766845684768e-06,0.9999948528241339
CANONICAL_DIRECT_REEVOLVED,3,5.65,FLEXRT_2_hinv_ckpc,3,0.0003676470588235294,G2b,EFFECTIVE_HI_SUBGRID,0.0,0.0,0.0,
CANONICAL_DIRECT_REEVOLVED,3,5.65,FLEXRT_2_hinv_ckpc,3,0.0003676470588235294,G2b,EXPLICIT_HI_ATOMIC,3.994289846229701e+48,3.994290615995638e+48,1.9271655752423965e-07,0.9999997962487795
CANONICAL_DIRECT_REEVOLVED,3,5.65,FLEXRT_2_hinv_ckpc,3,0.0003676470588235294,G2b,EXPLICIT_HEI_ATOMIC,3.4155553081587126e+48,3.4155559381552266e+48,1.8444918644215715e-07,0.9999998045517879
CANONICAL_DIRECT_REEVOLVED,3,5.65,FLEXRT_2_hinv_ckpc,3,0.0003676470588235294,G2b,EXPLICIT_HEII_ATOMIC,0.0,0.0,0.0,
CANONICAL_DIRECT_REEVOLVED,3,5.65,FLEXRT_2_hinv_ckpc,3,0.0003676470588235294,G2b,TOTAL_PHYSICAL,7.409845154388413e+48,7.409846554150865e+48,1.8890572731501658e-07,0.9999997979789148
CANONICAL_DIRECT_REEVOLVED,3,5.65,FLEXRT_2_hinv_ckpc,3,0.0003676470588235294,G3,EFFECTIVE_HI_SUBGRID,0.0,0.0,0.0,
CANONICAL_DIRECT_REEVOLVED,3,5.65,FLEXRT_2_hinv_ckpc,3,0.0003676470588235294,G3,EXPLICIT_HI_ATOMIC,0.0,0.0,0.0,
CANONICAL_DIRECT_REEVOLVED,3,5.65,FLEXRT_2_hinv_ckpc,3,0.0003676470588235294,G3,EXPLICIT_HEI_ATOMIC,0.0,0.0,0.0,
CANONICAL_DIRECT_REEVOLVED,3,5.65,FLEXRT_2_hinv_ckpc,3,0.0003676470588235294,G3,EXPLICIT_HEII_ATOMIC,0.0,0.0,0.0,
CANONICAL_DIRECT_REEVOLVED,3,5.65,FLEXRT_2_hinv_ckpc,3,0.0003676470588235294,G3,TOTAL_PHYSICAL,0.0,0.0,0.0,
CANONICAL_DIRECT_REEVOLVED,3,5.65,FLEXRT_2_hinv_ckpc,4,0.0001838235294117647,G1,EFFECTIVE_HI_SUBGRID,2.9585282360925817e+50,2.958544533988034e+50,5.508754478844551e-06,0.9999940958258209
CANONICAL_DIRECT_REEVOLVED,3,5.65,FLEXRT_2_hinv_ckpc,4,0.0001838235294117647,G1,EXPLICIT_HI_ATOMIC,0.0,0.0,0.0,
CANONICAL_DIRECT_REEVOLVED,3,5.65,FLEXRT_2_hinv_ckpc,4,0.0001838235294117647,G1,EXPLICIT_HEI_ATOMIC,0.0,0.0,0.0,
CANONICAL_DIRECT_REEVOLVED,3,5.65,FLEXRT_2_hinv_ckpc,4,0.0001838235294117647,G1,EXPLICIT_HEII_ATOMIC,0.0,0.0,0.0,
CANONICAL_DIRECT_REEVOLVED,3,5.65,FLEXRT_2_hinv_ckpc,4,0.0001838235294117647,G1,TOTAL_PHYSICAL,2.9585282360925817e+50,2.958544533988034e+50,5.508754478844551e-06,0.9999940958258209
CANONICAL_DIRECT_REEVOLVED,3,5.65,FLEXRT_2_hinv_ckpc,4,0.0001838235294117647,G2a,EFFECTIVE_HI_SUBGRID,1.0700278379911784e+50,1.0700305037991296e+50,2.4913382765577404e-06,0.9999974263815746
CANONICAL_DIRECT_REEVOLVED,3,5.65,FLEXRT_2_hinv_ckpc,4,0.0001838235294117647,G2a,EXPLICIT_HI_ATOMIC,0.0,0.0,0.0,
CANONICAL_DIRECT_REEVOLVED,3,5.65,FLEXRT_2_hinv_ckpc,4,0.0001838235294117647,G2a,EXPLICIT_HEI_ATOMIC,4.006691243727938e+48,4.006701231281106e+48,2.4927122317160858e-06,0.9999974319636659
CANONICAL_DIRECT_REEVOLVED,3,5.65,FLEXRT_2_hinv_ckpc,4,0.0001838235294117647,G2a,EXPLICIT_HEII_ATOMIC,0.0,0.0,0.0,
CANONICAL_DIRECT_REEVOLVED,3,5.65,FLEXRT_2_hinv_ckpc,4,0.0001838235294117647,G2a,TOTAL_PHYSICAL,1.1100947504284577e+50,1.1100975161119406e+50,2.49138786705806e-06,0.9999974264731238
CANONICAL_DIRECT_REEVOLVED,3,5.65,FLEXRT_2_hinv_ckpc,4,0.0001838235294117647,G2b,EFFECTIVE_HI_SUBGRID,0.0,0.0,0.0,
CANONICAL_DIRECT_REEVOLVED,3,5.65,FLEXRT_2_hinv_ckpc,4,0.0001838235294117647,G2b,EXPLICIT_HI_ATOMIC,3.9942902311126413e+48,3.994290615995638e+48,9.635828583048737e-08,0.9999998941710192
CANONICAL_DIRECT_REEVOLVED,3,5.65,FLEXRT_2_hinv_ckpc,4,0.0001838235294117647,G2b,EXPLICIT_HEI_ATOMIC,3.415555623156948e+48,3.4155559381552266e+48,9.222459958687773e-08,0.9999999004180314
CANONICAL_DIRECT_REEVOLVED,3,5.65,FLEXRT_2_hinv_ckpc,4,0.0001838235294117647,G2b,EXPLICIT_HEII_ATOMIC,0.0,0.0,0.0,
CANONICAL_DIRECT_REEVOLVED,3,5.65,FLEXRT_2_hinv_ckpc,4,0.0001838235294117647,G2b,TOTAL_PHYSICAL,7.40984585426959e+48,7.409846554150865e+48,9.445287022684582e-08,0.9999998996584117
CANONICAL_DIRECT_REEVOLVED,3,5.65,FLEXRT_2_hinv_ckpc,4,0.0001838235294117647,G3,EFFECTIVE_HI_SUBGRID,0.0,0.0,0.0,
CANONICAL_DIRECT_REEVOLVED,3,5.65,FLEXRT_2_hinv_ckpc,4,0.0001838235294117647,G3,EXPLICIT_HI_ATOMIC,0.0,0.0,0.0,
CANONICAL_DIRECT_REEVOLVED,3,5.65,FLEXRT_2_hinv_ckpc,4,0.0001838235294117647,G3,EXPLICIT_HEI_ATOMIC,0.0,0.0,0.0,
CANONICAL_DIRECT_REEVOLVED,3,5.65,FLEXRT_2_hinv_ckpc,4,0.0001838235294117647,G3,EXPLICIT_HEII_ATOMIC,0.0,0.0,0.0,
CANONICAL_DIRECT_REEVOLVED,3,5.65,FLEXRT_2_hinv_ckpc,4,0.0001838235294117647,G3,TOTAL_PHYSICAL,0.0,0.0,0.0,
CANONICAL_DIRECT_REEVOLVED,3,5.65,FLEXRT_2_hinv_ckpc,5,9.191176470588235e-05,G1,EFFECTIVE_HI_SUBGRID,2.9585363850236338e+50,2.958544533988034e+50,2.7543828753444515e-06,0.9999970480047037
CANONICAL_DIRECT_REEVOLVED,3,5.65,FLEXRT_2_hinv_ckpc,5,9.191176470588235e-05,G1,EXPLICIT_HI_ATOMIC,0.0,0.0,0.0,
CANONICAL_DIRECT_REEVOLVED,3,5.65,FLEXRT_2_hinv_ckpc,5,9.191176470588235e-05,G1,EXPLICIT_HEI_ATOMIC,0.0,0.0,0.0,
CANONICAL_DIRECT_REEVOLVED,3,5.65,FLEXRT_2_hinv_ckpc,5,9.191176470588235e-05,G1,EXPLICIT_HEII_ATOMIC,0.0,0.0,0.0,
CANONICAL_DIRECT_REEVOLVED,3,5.65,FLEXRT_2_hinv_ckpc,5,9.191176470588235e-05,G1,TOTAL_PHYSICAL,2.9585363850236338e+50,2.958544533988034e+50,2.7543828753444515e-06,0.9999970480047037
CANONICAL_DIRECT_REEVOLVED,3,5.65,FLEXRT_2_hinv_ckpc,5,9.191176470588235e-05,G2a,EFFECTIVE_HI_SUBGRID,1.0700291708939652e+50,1.0700305037991296e+50,1.2456702493016724e-06,0.9999987132487087
CANONICAL_DIRECT_REEVOLVED,3,5.65,FLEXRT_2_hinv_ckpc,5,9.191176470588235e-05,G2a,EXPLICIT_HI_ATOMIC,0.0,0.0,0.0,
CANONICAL_DIRECT_REEVOLVED,3,5.65,FLEXRT_2_hinv_ckpc,5,9.191176470588235e-05,G2a,EXPLICIT_HEI_ATOMIC,4.006696237500076e+48,4.006701231281106e+48,1.2463572254751389e-06,0.9999987155850976
CANONICAL_DIRECT_REEVOLVED,3,5.65,FLEXRT_2_hinv_ckpc,5,9.191176470588235e-05,G2a,EXPLICIT_HEII_ATOMIC,0.0,0.0,0.0,
CANONICAL_DIRECT_REEVOLVED,3,5.65,FLEXRT_2_hinv_ckpc,5,9.191176470588235e-05,G2a,TOTAL_PHYSICAL,1.1100961332689656e+50,1.1100975161119406e+50,1.2456950447700425e-06,0.9999987130216019
CANONICAL_DIRECT_REEVOLVED,3,5.65,FLEXRT_2_hinv_ckpc,5,9.191176470588235e-05,G2b,EFFECTIVE_HI_SUBGRID,0.0,0.0,0.0,
CANONICAL_DIRECT_REEVOLVED,3,5.65,FLEXRT_2_hinv_ckpc,5,9.191176470588235e-05,G2b,EXPLICIT_HI_ATOMIC,3.9942904235541336e+48,3.994290615995638e+48,4.8179144458910166e-08,0.9999999537758499
CANONICAL_DIRECT_REEVOLVED,3,5.65,FLEXRT_2_hinv_ckpc,5,9.191176470588235e-05,G2b,EXPLICIT_HEI_ATOMIC,3.415555780656082e+48,3.4155559381552266e+48,4.611230131362971e-08,0.9999999524384652
CANONICAL_DIRECT_REEVOLVED,3,5.65,FLEXRT_2_hinv_ckpc,5,9.191176470588235e-05,G2b,EXPLICIT_HEII_ATOMIC,0.0,0.0,0.0,
CANONICAL_DIRECT_REEVOLVED,3,5.65,FLEXRT_2_hinv_ckpc,5,9.191176470588235e-05,G2b,TOTAL_PHYSICAL,7.409846204210214e+48,7.409846554150865e+48,4.7226437040428584e-08,0.9999999411329384
CANONICAL_DIRECT_REEVOLVED,3,5.65,FLEXRT_2_hinv_ckpc,5,9.191176470588235e-05,G3,EFFECTIVE_HI_SUBGRID,0.0,0.0,0.0,
CANONICAL_DIRECT_REEVOLVED,3,5.65,FLEXRT_2_hinv_ckpc,5,9.191176470588235e-05,G3,EXPLICIT_HI_ATOMIC,0.0,0.0,0.0,
CANONICAL_DIRECT_REEVOLVED,3,5.65,FLEXRT_2_hinv_ckpc,5,9.191176470588235e-05,G3,EXPLICIT_HEI_ATOMIC,0.0,0.0,0.0,
CANONICAL_DIRECT_REEVOLVED,3,5.65,FLEXRT_2_hinv_ckpc,5,9.191176470588235e-05,G3,EXPLICIT_HEII_ATOMIC,0.0,0.0,0.0,
CANONICAL_DIRECT_REEVOLVED,3,5.65,FLEXRT_2_hinv_ckpc,5,9.191176470588235e-05,G3,TOTAL_PHYSICAL,0.0,0.0,0.0,
CANONICAL_DIRECT_REEVOLVED,4,5.55,STRESS_1_cMpc,0,1.0,G1,EFFECTIVE_HI_SUBGRID,3.1424870531149664e+50,3.226257152208372e+50,0.025965102947874148,
CANONICAL_DIRECT_REEVOLVED,4,5.55,STRESS_1_cMpc,0,1.0,G1,EXPLICIT_HI_ATOMIC,0.0,0.0,0.0,
CANONICAL_DIRECT_REEVOLVED,4,5.55,STRESS_1_cMpc,0,1.0,G1,EXPLICIT_HEI_ATOMIC,0.0,0.0,0.0,
CANONICAL_DIRECT_REEVOLVED,4,5.55,STRESS_1_cMpc,0,1.0,G1,EXPLICIT_HEII_ATOMIC,0.0,0.0,0.0,
CANONICAL_DIRECT_REEVOLVED,4,5.55,STRESS_1_cMpc,0,1.0,G1,TOTAL_PHYSICAL,3.1424870531149664e+50,3.226257152208372e+50,0.025965102947874148,
CANONICAL_DIRECT_REEVOLVED,4,5.55,STRESS_1_cMpc,0,1.0,G2a,EFFECTIVE_HI_SUBGRID,1.3056058949882737e+50,1.3220344266804802e+50,0.012426704903182583,
CANONICAL_DIRECT_REEVOLVED,4,5.55,STRESS_1_cMpc,0,1.0,G2a,EXPLICIT_HI_ATOMIC,0.0,0.0,0.0,
CANONICAL_DIRECT_REEVOLVED,4,5.55,STRESS_1_cMpc,0,1.0,G2a,EXPLICIT_HEI_ATOMIC,3.819092506455454e+48,3.8675910919061005e+48,0.01253973967210292,
CANONICAL_DIRECT_REEVOLVED,4,5.55,STRESS_1_cMpc,0,1.0,G2a,EXPLICIT_HEII_ATOMIC,0.0,0.0,0.0,
CANONICAL_DIRECT_REEVOLVED,4,5.55,STRESS_1_cMpc,0,1.0,G2a,TOTAL_PHYSICAL,1.3437968200528287e+50,1.360710337599541e+50,0.012429917727052568,
CANONICAL_DIRECT_REEVOLVED,4,5.55,STRESS_1_cMpc,0,1.0,G2b,EFFECTIVE_HI_SUBGRID,0.0,0.0,0.0,
CANONICAL_DIRECT_REEVOLVED,4,5.55,STRESS_1_cMpc,0,1.0,G2b,EXPLICIT_HI_ATOMIC,3.583383484664086e+48,3.584699943599608e+48,0.00036724382967457655,
CANONICAL_DIRECT_REEVOLVED,4,5.55,STRESS_1_cMpc,0,1.0,G2b,EXPLICIT_HEI_ATOMIC,3.077948237454223e+48,3.079055396981441e+48,0.000359577657583969,
CANONICAL_DIRECT_REEVOLVED,4,5.55,STRESS_1_cMpc,0,1.0,G2b,EXPLICIT_HEII_ATOMIC,0.0,0.0,0.0,
CANONICAL_DIRECT_REEVOLVED,4,5.55,STRESS_1_cMpc,0,1.0,G2b,TOTAL_PHYSICAL,6.66133172211831e+48,6.663755340581047e+48,0.0003637015975027827,
CANONICAL_DIRECT_REEVOLVED,4,5.55,STRESS_1_cMpc,0,1.0,G3,EFFECTIVE_HI_SUBGRID,0.0,0.0,0.0,
CANONICAL_DIRECT_REEVOLVED,4,5.55,STRESS_1_cMpc,0,1.0,G3,EXPLICIT_HI_ATOMIC,0.0,0.0,0.0,
CANONICAL_DIRECT_REEVOLVED,4,5.55,STRESS_1_cMpc,0,1.0,G3,EXPLICIT_HEI_ATOMIC,0.0,0.0,0.0,
CANONICAL_DIRECT_REEVOLVED,4,5.55,STRESS_1_cMpc,0,1.0,G3,EXPLICIT_HEII_ATOMIC,0.0,0.0,0.0,
CANONICAL_DIRECT_REEVOLVED,4,5.55,STRESS_1_cMpc,0,1.0,G3,TOTAL_PHYSICAL,0.0,0.0,0.0,
CANONICAL_DIRECT_REEVOLVED,4,5.55,STRESS_1_cMpc,1,0.5,G1,EFFECTIVE_HI_SUBGRID,3.183982818616461e+50,3.226257152208372e+50,0.013103212669509102,0.9866533677875207
CANONICAL_DIRECT_REEVOLVED,4,5.55,STRESS_1_cMpc,1,0.5,G1,EXPLICIT_HI_ATOMIC,0.0,0.0,0.0,
CANONICAL_DIRECT_REEVOLVED,4,5.55,STRESS_1_cMpc,1,0.5,G1,EXPLICIT_HEI_ATOMIC,0.0,0.0,0.0,
CANONICAL_DIRECT_REEVOLVED,4,5.55,STRESS_1_cMpc,1,0.5,G1,EXPLICIT_HEII_ATOMIC,0.0,0.0,0.0,
CANONICAL_DIRECT_REEVOLVED,4,5.55,STRESS_1_cMpc,1,0.5,G1,TOTAL_PHYSICAL,3.183982818616461e+50,3.226257152208372e+50,0.013103212669509102,0.9866533677875207
CANONICAL_DIRECT_REEVOLVED,4,5.55,STRESS_1_cMpc,1,0.5,G2a,EFFECTIVE_HI_SUBGRID,1.3137851349361364e+50,1.3220344266804802e+50,0.006239846389671577,0.9938613795159139
CANONICAL_DIRECT_REEVOLVED,4,5.55,STRESS_1_cMpc,1,0.5,G2a,EXPLICIT_HI_ATOMIC,0.0,0.0,0.0,
CANONICAL_DIRECT_REEVOLVED,4,5.55,STRESS_1_cMpc,1,0.5,G2a,EXPLICIT_HEI_ATOMIC,3.8432375540485564e+48,3.8675910919061005e+48,0.006296823340117323,0.9938113001193933
CANONICAL_DIRECT_REEVOLVED,4,5.55,STRESS_1_cMpc,1,0.5,G2a,EXPLICIT_HEII_ATOMIC,0.0,0.0,0.0,
CANONICAL_DIRECT_REEVOLVED,4,5.55,STRESS_1_cMpc,1,0.5,G2a,TOTAL_PHYSICAL,1.3522175104766216e+50,1.360710337599541e+50,0.006241465863999898,0.993859943492343
CANONICAL_DIRECT_REEVOLVED,4,5.55,STRESS_1_cMpc,1,0.5,G2b,EFFECTIVE_HI_SUBGRID,0.0,0.0,0.0,
CANONICAL_DIRECT_REEVOLVED,4,5.55,STRESS_1_cMpc,1,0.5,G2b,EXPLICIT_HI_ATOMIC,3.584041629778217e+48,3.584699943599608e+48,0.00018364544641063377,0.9998151271373479
CANONICAL_DIRECT_REEVOLVED,4,5.55,STRESS_1_cMpc,1,0.5,G2b,EXPLICIT_HEI_ATOMIC,3.078501747593429e+48,3.079055396981441e+48,0.00017981144105255558,0.9998185618923686
CANONICAL_DIRECT_REEVOLVED,4,5.55,STRESS_1_cMpc,1,0.5,G2b,EXPLICIT_HEII_ATOMIC,0.0,0.0,0.0,
CANONICAL_DIRECT_REEVOLVED,4,5.55,STRESS_1_cMpc,1,0.5,G2b,TOTAL_PHYSICAL,6.662543377371647e+48,6.663755340581047e+48,0.0001818739055468955,0.9998166962049286
CANONICAL_DIRECT_REEVOLVED,4,5.55,STRESS_1_cMpc,1,0.5,G3,EFFECTIVE_HI_SUBGRID,0.0,0.0,0.0,
CANONICAL_DIRECT_REEVOLVED,4,5.55,STRESS_1_cMpc,1,0.5,G3,EXPLICIT_HI_ATOMIC,0.0,0.0,0.0,
CANONICAL_DIRECT_REEVOLVED,4,5.55,STRESS_1_cMpc,1,0.5,G3,EXPLICIT_HEI_ATOMIC,0.0,0.0,0.0,
CANONICAL_DIRECT_REEVOLVED,4,5.55,STRESS_1_cMpc,1,0.5,G3,EXPLICIT_HEII_ATOMIC,0.0,0.0,0.0,
CANONICAL_DIRECT_REEVOLVED,4,5.55,STRESS_1_cMpc,1,0.5,G3,TOTAL_PHYSICAL,0.0,0.0,0.0,
CANONICAL_DIRECT_REEVOLVED,4,5.55,STRESS_1_cMpc,2,0.25,G1,EFFECTIVE_HI_SUBGRID,3.205021593953858e+50,3.226257152208372e+50,0.006582103425939944,0.9932999766106794
CANONICAL_DIRECT_REEVOLVED,4,5.55,STRESS_1_cMpc,2,0.25,G1,EXPLICIT_HI_ATOMIC,0.0,0.0,0.0,
CANONICAL_DIRECT_REEVOLVED,4,5.55,STRESS_1_cMpc,2,0.25,G1,EXPLICIT_HEI_ATOMIC,0.0,0.0,0.0,
CANONICAL_DIRECT_REEVOLVED,4,5.55,STRESS_1_cMpc,2,0.25,G1,EXPLICIT_HEII_ATOMIC,0.0,0.0,0.0,
CANONICAL_DIRECT_REEVOLVED,4,5.55,STRESS_1_cMpc,2,0.25,G1,TOTAL_PHYSICAL,3.205021593953858e+50,3.226257152208372e+50,0.006582103425939944,0.9932999766106794
CANONICAL_DIRECT_REEVOLVED,4,5.55,STRESS_1_cMpc,2,0.25,G2a,EFFECTIVE_HI_SUBGRID,1.3179009813808213e+50,1.3220344266804802e+50,0.0031265791693772796,0.9969254649921993
CANONICAL_DIRECT_REEVOLVED,4,5.55,STRESS_1_cMpc,2,0.25,G2a,EXPLICIT_HI_ATOMIC,0.0,0.0,0.0,
CANONICAL_DIRECT_REEVOLVED,4,5.55,STRESS_1_cMpc,2,0.25,G2a,EXPLICIT_HEI_ATOMIC,3.85538813294728e+48,3.8675910919061005e+48,0.0031551833347528454,0.9969003558053899
CANONICAL_DIRECT_REEVOLVED,4,5.55,STRESS_1_cMpc,2,0.25,G2a,EXPLICIT_HEII_ATOMIC,0.0,0.0,0.0,
CANONICAL_DIRECT_REEVOLVED,4,5.55,STRESS_1_cMpc,2,0.25,G2a,TOTAL_PHYSICAL,1.356454862710294e+50,1.360710337599541e+50,0.003127392194840087,0.9969247449696803
CANONICAL_DIRECT_REEVOLVED,4,5.55,STRESS_1_cMpc,2,0.25,G2b,EFFECTIVE_HI_SUBGRID,0.0,0.0,0.0,
CANONICAL_DIRECT_REEVOLVED,4,5.55,STRESS_1_cMpc,2,0.25,G2b,EXPLICIT_HI_ATOMIC,3.5843707655973444e+48,3.584699943599608e+48,9.182860698035843e-05,0.9999075585995651
CANONICAL_DIRECT_REEVOLVED,4,5.55,STRESS_1_cMpc,2,0.25,G2b,EXPLICIT_HEI_ATOMIC,3.0787785548787673e+48,3.079055396981441e+48,8.991137442509888e-05,0.9999092761253232
CANONICAL_DIRECT_REEVOLVED,4,5.55,STRESS_1_cMpc,2,0.25,G2b,EXPLICIT_HEII_ATOMIC,0.0,0.0,0.0,
CANONICAL_DIRECT_REEVOLVED,4,5.55,STRESS_1_cMpc,2,0.25,G2b,TOTAL_PHYSICAL,6.663149320476112e+48,6.663755340581047e+48,9.094273033171593e-05,0.9999083432022484
CANONICAL_DIRECT_REEVOLVED,4,5.55,STRESS_1_cMpc,2,0.25,G3,EFFECTIVE_HI_SUBGRID,0.0,0.0,0.0,
CANONICAL_DIRECT_REEVOLVED,4,5.55,STRESS_1_cMpc,2,0.25,G3,EXPLICIT_HI_ATOMIC,0.0,0.0,0.0,
CANONICAL_DIRECT_REEVOLVED,4,5.55,STRESS_1_cMpc,2,0.25,G3,EXPLICIT_HEI_ATOMIC,0.0,0.0,0.0,
CANONICAL_DIRECT_REEVOLVED,4,5.55,STRESS_1_cMpc,2,0.25,G3,EXPLICIT_HEII_ATOMIC,0.0,0.0,0.0,
CANONICAL_DIRECT_REEVOLVED,4,5.55,STRESS_1_cMpc,2,0.25,G3,TOTAL_PHYSICAL,0.0,0.0,0.0,
CANONICAL_DIRECT_REEVOLVED,4,5.55,STRESS_1_cMpc,3,0.125,G1,EFFECTIVE_HI_SUBGRID,3.2156146399823945e+50,3.226257152208372e+50,0.003298717902474961,0.9966432882433761
CANONICAL_DIRECT_REEVOLVED,4,5.55,STRESS_1_cMpc,3,0.125,G1,EXPLICIT_HI_ATOMIC,0.0,0.0,0.0,
CANONICAL_DIRECT_REEVOLVED,4,5.55,STRESS_1_cMpc,3,0.125,G1,EXPLICIT_HEI_ATOMIC,0.0,0.0,0.0,
CANONICAL_DIRECT_REEVOLVED,4,5.55,STRESS_1_cMpc,3,0.125,G1,EXPLICIT_HEII_ATOMIC,0.0,0.0,0.0,
CANONICAL_DIRECT_REEVOLVED,4,5.55,STRESS_1_cMpc,3,0.125,G1,TOTAL_PHYSICAL,3.2156146399823945e+50,3.226257152208372e+50,0.003298717902474961,0.9966432882433761
CANONICAL_DIRECT_REEVOLVED,4,5.55,STRESS_1_cMpc,3,0.125,G2a,EFFECTIVE_HI_SUBGRID,1.3199654987795961e+50,1.3220344266804802e+50,0.0015649576585376435,0.9984614246184725
CANONICAL_DIRECT_REEVOLVED,4,5.55,STRESS_1_cMpc,3,0.125,G2a,EXPLICIT_HI_ATOMIC,0.0,0.0,0.0,
CANONICAL_DIRECT_REEVOLVED,4,5.55,STRESS_1_cMpc,3,0.125,G2a,EXPLICIT_HEI_ATOMIC,3.8614830487502167e+48,3.8675910919061005e+48,0.0015792887641784238,0.9984488526384822
CANONICAL_DIRECT_REEVOLVED,4,5.55,STRESS_1_cMpc,3,0.125,G2a,EXPLICIT_HEII_ATOMIC,0.0,0.0,0.0,
CANONICAL_DIRECT_REEVOLVED,4,5.55,STRESS_1_cMpc,3,0.125,G2a,TOTAL_PHYSICAL,1.3585803292670987e+50,1.360710337599541e+50,0.0015653649961973669,0.998461064104497
CANONICAL_DIRECT_REEVOLVED,4,5.55,STRESS_1_cMpc,3,0.125,G2b,EFFECTIVE_HI_SUBGRID,0.0,0.0,0.0,
CANONICAL_DIRECT_REEVOLVED,4,5.55,STRESS_1_cMpc,3,0.125,G2b,EXPLICIT_HI_ATOMIC,3.5845353493251885e+48,3.584699943599608e+48,4.59157745442942e-05,0.9999537780535057
CANONICAL_DIRECT_REEVOLVED,4,5.55,STRESS_1_cMpc,3,0.125,G2b,EXPLICIT_HEI_ATOMIC,3.0789169715776175e+48,3.079055396981441e+48,4.495710079109561e-05,0.9999546368697063
CANONICAL_DIRECT_REEVOLVED,4,5.55,STRESS_1_cMpc,3,0.125,G2b,EXPLICIT_HEII_ATOMIC,0.0,0.0,0.0,
CANONICAL_DIRECT_REEVOLVED,4,5.55,STRESS_1_cMpc,3,0.125,G2b,TOTAL_PHYSICAL,6.663452320902805e+48,6.663755340581047e+48,4.547280966285512e-05,0.9999541703763112
CANONICAL_DIRECT_REEVOLVED,4,5.55,STRESS_1_cMpc,3,0.125,G3,EFFECTIVE_HI_SUBGRID,0.0,0.0,0.0,
CANONICAL_DIRECT_REEVOLVED,4,5.55,STRESS_1_cMpc,3,0.125,G3,EXPLICIT_HI_ATOMIC,0.0,0.0,0.0,
CANONICAL_DIRECT_REEVOLVED,4,5.55,STRESS_1_cMpc,3,0.125,G3,EXPLICIT_HEI_ATOMIC,0.0,0.0,0.0,
CANONICAL_DIRECT_REEVOLVED,4,5.55,STRESS_1_cMpc,3,0.125,G3,EXPLICIT_HEII_ATOMIC,0.0,0.0,0.0,
CANONICAL_DIRECT_REEVOLVED,4,5.55,STRESS_1_cMpc,3,0.125,G3,TOTAL_PHYSICAL,0.0,0.0,0.0,
CANONICAL_DIRECT_REEVOLVED,4,5.55,STRESS_1_cMpc,4,0.0625,G1,EFFECTIVE_HI_SUBGRID,3.2209296958263037e+50,3.226257152208372e+50,0.0016512807661415792,0.998319966199053
CANONICAL_DIRECT_REEVOLVED,4,5.55,STRESS_1_cMpc,4,0.0625,G1,EXPLICIT_HI_ATOMIC,0.0,0.0,0.0,
CANONICAL_DIRECT_REEVOLVED,4,5.55,STRESS_1_cMpc,4,0.0625,G1,EXPLICIT_HEI_ATOMIC,0.0,0.0,0.0,
CANONICAL_DIRECT_REEVOLVED,4,5.55,STRESS_1_cMpc,4,0.0625,G1,EXPLICIT_HEII_ATOMIC,0.0,0.0,0.0,
CANONICAL_DIRECT_REEVOLVED,4,5.55,STRESS_1_cMpc,4,0.0625,G1,TOTAL_PHYSICAL,3.2209296958263037e+50,3.226257152208372e+50,0.0016512807661415792,0.998319966199053
CANONICAL_DIRECT_REEVOLVED,4,5.55,STRESS_1_cMpc,4,0.0625,G2a,EFFECTIVE_HI_SUBGRID,1.3209994107414287e+50,1.3220344266804802e+50,0.0007828963589475185,0.9992303851297771
CANONICAL_DIRECT_REEVOLVED,4,5.55,STRESS_1_cMpc,4,0.0625,G2a,EXPLICIT_HI_ATOMIC,0.0,0.0,0.0,
CANONICAL_DIRECT_REEVOLVED,4,5.55,STRESS_1_cMpc,4,0.0625,G2a,EXPLICIT_HEI_ATOMIC,3.8645354273831764e+48,3.8675910919061005e+48,0.0007900691800947713,0.9992240947910521
CANONICAL_DIRECT_REEVOLVED,4,5.55,STRESS_1_cMpc,4,0.0625,G2a,EXPLICIT_HEII_ATOMIC,0.0,0.0,0.0,
CANONICAL_DIRECT_REEVOLVED,4,5.55,STRESS_1_cMpc,4,0.0625,G2a,TOTAL_PHYSICAL,1.3596447650152606e+50,1.360710337599541e+50,0.0007831002343673973,0.9992302047467051
CANONICAL_DIRECT_REEVOLVED,4,5.55,STRESS_1_cMpc,4,0.0625,G2b,EFFECTIVE_HI_SUBGRID,0.0,0.0,0.0,
CANONICAL_DIRECT_REEVOLVED,4,5.55,STRESS_1_cMpc,4,0.0625,G2b,EXPLICIT_HI_ATOMIC,3.584617645144027e+48,3.584699943599608e+48,2.295825504943622e-05,0.9999768887173726
CANONICAL_DIRECT_REEVOLVED,4,5.55,STRESS_1_cMpc,4,0.0625,G2b,EXPLICIT_HEI_ATOMIC,3.0789861831913666e+48,3.079055396981441e+48,2.2478903803490535e-05,0.9999773181157395
CANONICAL_DIRECT_REEVOLVED,4,5.55,STRESS_1_cMpc,4,0.0625,G2b,EXPLICIT_HEII_ATOMIC,0.0,0.0,0.0,
CANONICAL_DIRECT_REEVOLVED,4,5.55,STRESS_1_cMpc,4,0.0625,G2b,TOTAL_PHYSICAL,6.663603828335393e+48,6.663755340581047e+48,2.2736765969166482e-05,0.9999770848781443
CANONICAL_DIRECT_REEVOLVED,4,5.55,STRESS_1_cMpc,4,0.0625,G3,EFFECTIVE_HI_SUBGRID,0.0,0.0,0.0,
CANONICAL_DIRECT_REEVOLVED,4,5.55,STRESS_1_cMpc,4,0.0625,G3,EXPLICIT_HI_ATOMIC,0.0,0.0,0.0,
CANONICAL_DIRECT_REEVOLVED,4,5.55,STRESS_1_cMpc,4,0.0625,G3,EXPLICIT_HEI_ATOMIC,0.0,0.0,0.0,
CANONICAL_DIRECT_REEVOLVED,4,5.55,STRESS_1_cMpc,4,0.0625,G3,EXPLICIT_HEII_ATOMIC,0.0,0.0,0.0,
CANONICAL_DIRECT_REEVOLVED,4,5.55,STRESS_1_cMpc,4,0.0625,G3,TOTAL_PHYSICAL,0.0,0.0,0.0,
CANONICAL_DIRECT_REEVOLVED,4,5.55,STRESS_1_cMpc,5,0.03125,G1,EFFECTIVE_HI_SUBGRID,3.2235918718201073e+50,3.226257152208372e+50,0.0008261214969923919,0.9991595632556906
CANONICAL_DIRECT_REEVOLVED,4,5.55,STRESS_1_cMpc,5,0.03125,G1,EXPLICIT_HI_ATOMIC,0.0,0.0,0.0,
CANONICAL_DIRECT_REEVOLVED,4,5.55,STRESS_1_cMpc,5,0.03125,G1,EXPLICIT_HEI_ATOMIC,0.0,0.0,0.0,
CANONICAL_DIRECT_REEVOLVED,4,5.55,STRESS_1_cMpc,5,0.03125,G1,EXPLICIT_HEII_ATOMIC,0.0,0.0,0.0,
CANONICAL_DIRECT_REEVOLVED,4,5.55,STRESS_1_cMpc,5,0.03125,G1,TOTAL_PHYSICAL,3.2235918718201073e+50,3.226257152208372e+50,0.0008261214969923919,0.9991595632556906
CANONICAL_DIRECT_REEVOLVED,4,5.55,STRESS_1_cMpc,5,0.03125,G2a,EFFECTIVE_HI_SUBGRID,1.3215167806292226e+50,1.3220344266804802e+50,0.000391552625870232,0.9996151107429385
CANONICAL_DIRECT_REEVOLVED,4,5.55,STRESS_1_cMpc,5,0.03125,G2a,EXPLICIT_HI_ATOMIC,0.0,0.0,0.0,
CANONICAL_DIRECT_REEVOLVED,4,5.55,STRESS_1_cMpc,5,0.03125,G2a,EXPLICIT_HEI_ATOMIC,3.866062848654863e+48,3.8675910919061005e+48,0.00039514085510121704,0.9996119644870063
CANONICAL_DIRECT_REEVOLVED,4,5.55,STRESS_1_cMpc,5,0.03125,G2a,EXPLICIT_HEII_ATOMIC,0.0,0.0,0.0,
CANONICAL_DIRECT_REEVOLVED,4,5.55,STRESS_1_cMpc,5,0.03125,G2a,TOTAL_PHYSICAL,1.3601774091157713e+50,1.360710337599541e+50,0.000391654615272323,0.9996150205204646
CANONICAL_DIRECT_REEVOLVED,4,5.55,STRESS_1_cMpc,5,0.03125,G2b,EFFECTIVE_HI_SUBGRID,0.0,0.0,0.0,
CANONICAL_DIRECT_REEVOLVED,4,5.55,STRESS_1_cMpc,5,0.03125,G2b,EXPLICIT_HI_ATOMIC,3.5846587940422174e+48,3.584699943599608e+48,1.1479219471009391e-05,0.99998844425006
CANONICAL_DIRECT_REEVOLVED,4,5.55,STRESS_1_cMpc,5,0.03125,G2b,EXPLICIT_HEI_ATOMIC,3.079020789814358e+48,3.079055396981441e+48,1.123954025531188e-05,0.9999886589886675
CANONICAL_DIRECT_REEVOLVED,4,5.55,STRESS_1_cMpc,5,0.03125,G2b,EXPLICIT_HEII_ATOMIC,0.0,0.0,0.0,
CANONICAL_DIRECT_REEVOLVED,4,5.55,STRESS_1_cMpc,5,0.03125,G2b,TOTAL_PHYSICAL,6.663679583856578e+48,6.663755340581047e+48,1.1368473270381545e-05,0.999988542402519
CANONICAL_DIRECT_REEVOLVED,4,5.55,STRESS_1_cMpc,5,0.03125,G3,EFFECTIVE_HI_SUBGRID,0.0,0.0,0.0,
CANONICAL_DIRECT_REEVOLVED,4,5.55,STRESS_1_cMpc,5,0.03125,G3,EXPLICIT_HI_ATOMIC,0.0,0.0,0.0,
CANONICAL_DIRECT_REEVOLVED,4,5.55,STRESS_1_cMpc,5,0.03125,G3,EXPLICIT_HEI_ATOMIC,0.0,0.0,0.0,
CANONICAL_DIRECT_REEVOLVED,4,5.55,STRESS_1_cMpc,5,0.03125,G3,EXPLICIT_HEII_ATOMIC,0.0,0.0,0.0,
CANONICAL_DIRECT_REEVOLVED,4,5.55,STRESS_1_cMpc,5,0.03125,G3,TOTAL_PHYSICAL,0.0,0.0,0.0,
CANONICAL_DIRECT_REEVOLVED,4,5.55,STRESS_1_cMpc,6,0.015625,G1,EFFECTIVE_HI_SUBGRID,3.224924123698332e+50,3.226257152208372e+50,0.0004131811096110473,0.9995796766212306
CANONICAL_DIRECT_REEVOLVED,4,5.55,STRESS_1_cMpc,6,0.015625,G1,EXPLICIT_HI_ATOMIC,0.0,0.0,0.0,
CANONICAL_DIRECT_REEVOLVED,4,5.55,STRESS_1_cMpc,6,0.015625,G1,EXPLICIT_HEI_ATOMIC,0.0,0.0,0.0,
CANONICAL_DIRECT_REEVOLVED,4,5.55,STRESS_1_cMpc,6,0.015625,G1,EXPLICIT_HEII_ATOMIC,0.0,0.0,0.0,
CANONICAL_DIRECT_REEVOLVED,4,5.55,STRESS_1_cMpc,6,0.015625,G1,TOTAL_PHYSICAL,3.224924123698332e+50,3.226257152208372e+50,0.0004131811096110473,0.9995796766212306
CANONICAL_DIRECT_REEVOLVED,4,5.55,STRESS_1_cMpc,6,0.015625,G2a,EFFECTIVE_HI_SUBGRID,1.32177556912384e+50,1.3220344266804802e+50,0.0001958024325359169,0.9998075349132853
CANONICAL_DIRECT_REEVOLVED,4,5.55,STRESS_1_cMpc,6,0.015625,G2a,EXPLICIT_HI_ATOMIC,0.0,0.0,0.0,
CANONICAL_DIRECT_REEVOLVED,4,5.55,STRESS_1_cMpc,6,0.015625,G2a,EXPLICIT_HEI_ATOMIC,3.866826867501329e+48,3.8675910919061005e+48,0.00019759700201269712,0.9998059615147449
CANONICAL_DIRECT_REEVOLVED,4,5.55,STRESS_1_cMpc,6,0.015625,G2a,EXPLICIT_HEII_ATOMIC,0.0,0.0,0.0,
CANONICAL_DIRECT_REEVOLVED,4,5.55,STRESS_1_cMpc,6,0.015625,G2a,TOTAL_PHYSICAL,1.3604438377988533e+50,1.360710337599541e+50,0.0001958534401655249,0.9998074897947579
CANONICAL_DIRECT_REEVOLVED,4,5.55,STRESS_1_cMpc,6,0.015625,G2b,EFFECTIVE_HI_SUBGRID,0.0,0.0,0.0,
CANONICAL_DIRECT_REEVOLVED,4,5.55,STRESS_1_cMpc,6,0.015625,G2b,EXPLICIT_HI_ATOMIC,3.5846793687385124e+48,3.584699943599608e+48,5.739632722122781e-06,0.999994222148362
CANONICAL_DIRECT_REEVOLVED,4,5.55,STRESS_1_cMpc,6,0.015625,G2b,EXPLICIT_HEI_ATOMIC,3.079038093329887e+48,3.079055396981441e+48,5.619792216442827e-06,0.9999943294263024
CANONICAL_DIRECT_REEVOLVED,4,5.55,STRESS_1_cMpc,6,0.015625,G2b,EXPLICIT_HEII_ATOMIC,0.0,0.0,0.0,
CANONICAL_DIRECT_REEVOLVED,4,5.55,STRESS_1_cMpc,6,0.015625,G2b,TOTAL_PHYSICAL,6.663717462068402e+48,6.663755340581047e+48,5.684259206615999e-06,0.999994271241562
CANONICAL_DIRECT_REEVOLVED,4,5.55,STRESS_1_cMpc,6,0.015625,G3,EFFECTIVE_HI_SUBGRID,0.0,0.0,0.0,
CANONICAL_DIRECT_REEVOLVED,4,5.55,STRESS_1_cMpc,6,0.015625,G3,EXPLICIT_HI_ATOMIC,0.0,0.0,0.0,
CANONICAL_DIRECT_REEVOLVED,4,5.55,STRESS_1_cMpc,6,0.015625,G3,EXPLICIT_HEI_ATOMIC,0.0,0.0,0.0,
CANONICAL_DIRECT_REEVOLVED,4,5.55,STRESS_1_cMpc,6,0.015625,G3,EXPLICIT_HEII_ATOMIC,0.0,0.0,0.0,
CANONICAL_DIRECT_REEVOLVED,4,5.55,STRESS_1_cMpc,6,0.015625,G3,TOTAL_PHYSICAL,0.0,0.0,0.0,
CANONICAL_DIRECT_REEVOLVED,4,5.55,STRESS_1_cMpc,7,0.0078125,G1,EFFECTIVE_HI_SUBGRID,3.225590540841027e+50,3.226257152208372e+50,0.00020662065542078307,0.9997898120507646
CANONICAL_DIRECT_REEVOLVED,4,5.55,STRESS_1_cMpc,7,0.0078125,G1,EXPLICIT_HI_ATOMIC,0.0,0.0,0.0,
CANONICAL_DIRECT_REEVOLVED,4,5.55,STRESS_1_cMpc,7,0.0078125,G1,EXPLICIT_HEI_ATOMIC,0.0,0.0,0.0,
CANONICAL_DIRECT_REEVOLVED,4,5.55,STRESS_1_cMpc,7,0.0078125,G1,EXPLICIT_HEII_ATOMIC,0.0,0.0,0.0,
CANONICAL_DIRECT_REEVOLVED,4,5.55,STRESS_1_cMpc,7,0.0078125,G1,TOTAL_PHYSICAL,3.225590540841027e+50,3.226257152208372e+50,0.00020662065542078307,0.9997898120507646
CANONICAL_DIRECT_REEVOLVED,4,5.55,STRESS_1_cMpc,7,0.0078125,G2a,EFFECTIVE_HI_SUBGRID,1.321904989268085e+50,1.3220344266804802e+50,9.790774716831747e-05,0.999903762346742
CANONICAL_DIRECT_REEVOLVED,4,5.55,STRESS_1_cMpc,7,0.0078125,G2a,EXPLICIT_HI_ATOMIC,0.0,0.0,0.0,
CANONICAL_DIRECT_REEVOLVED,4,5.55,STRESS_1_cMpc,7,0.0078125,G2a,EXPLICIT_HEI_ATOMIC,3.867208954004961e+48,3.8675910919061005e+48,9.880514564719512e-05,0.9999029755719211
CANONICAL_DIRECT_REEVOLVED,4,5.55,STRESS_1_cMpc,7,0.0078125,G2a,EXPLICIT_HEII_ATOMIC,0.0,0.0,0.0,
CANONICAL_DIRECT_REEVOLVED,4,5.55,STRESS_1_cMpc,7,0.0078125,G2a,TOTAL_PHYSICAL,1.3605770788081343e+50,1.360710337599541e+50,9.793325421608292e-05,0.9999037397837388
CANONICAL_DIRECT_REEVOLVED,4,5.55,STRESS_1_cMpc,7,0.0078125,G2b,EFFECTIVE_HI_SUBGRID,0.0,0.0,0.0,
CANONICAL_DIRECT_REEVOLVED,4,5.55,STRESS_1_cMpc,7,0.0078125,G2b,EXPLICIT_HI_ATOMIC,3.584689656148459e+48,3.584699943599608e+48,2.8698221080101303e-06,0.9999971109349511
CANONICAL_DIRECT_REEVOLVED,4,5.55,STRESS_1_cMpc,7,0.0078125,G2b,EXPLICIT_HEI_ATOMIC,3.079046745138662e+48,3.079055396981441e+48,2.8099016301019486e-06,0.9999971648838498
CANONICAL_DIRECT_REEVOLVED,4,5.55,STRESS_1_cMpc,7,0.0078125,G2b,EXPLICIT_HEII_ATOMIC,0.0,0.0,0.0,
CANONICAL_DIRECT_REEVOLVED,4,5.55,STRESS_1_cMpc,7,0.0078125,G2b,TOTAL_PHYSICAL,6.66373640128712e+48,6.663755340581047e+48,2.842135246456501e-06,0.9999971354809908
CANONICAL_DIRECT_REEVOLVED,4,5.55,STRESS_1_cMpc,7,0.0078125,G3,EFFECTIVE_HI_SUBGRID,0.0,0.0,0.0,
CANONICAL_DIRECT_REEVOLVED,4,5.55,STRESS_1_cMpc,7,0.0078125,G3,EXPLICIT_HI_ATOMIC,0.0,0.0,0.0,
CANONICAL_DIRECT_REEVOLVED,4,5.55,STRESS_1_cMpc,7,0.0078125,G3,EXPLICIT_HEI_ATOMIC,0.0,0.0,0.0,
CANONICAL_DIRECT_REEVOLVED,4,5.55,STRESS_1_cMpc,7,0.0078125,G3,EXPLICIT_HEII_ATOMIC,0.0,0.0,0.0,
CANONICAL_DIRECT_REEVOLVED,4,5.55,STRESS_1_cMpc,7,0.0078125,G3,TOTAL_PHYSICAL,0.0,0.0,0.0,
CANONICAL_DIRECT_REEVOLVED,4,5.55,STRESS_1_cMpc,8,0.00390625,G1,EFFECTIVE_HI_SUBGRID,3.2259238222424482e+50,3.226257152208372e+50,0.00010331785415670522,0.9998948994597064
CANONICAL_DIRECT_REEVOLVED,4,5.55,STRESS_1_cMpc,8,0.00390625,G1,EXPLICIT_HI_ATOMIC,0.0,0.0,0.0,
CANONICAL_DIRECT_REEVOLVED,4,5.55,STRESS_1_cMpc,8,0.00390625,G1,EXPLICIT_HEI_ATOMIC,0.0,0.0,0.0,
CANONICAL_DIRECT_REEVOLVED,4,5.55,STRESS_1_cMpc,8,0.00390625,G1,EXPLICIT_HEII_ATOMIC,0.0,0.0,0.0,
CANONICAL_DIRECT_REEVOLVED,4,5.55,STRESS_1_cMpc,8,0.00390625,G1,TOTAL_PHYSICAL,3.2259238222424482e+50,3.226257152208372e+50,0.00010331785415670522,0.9998948994597064
CANONICAL_DIRECT_REEVOLVED,4,5.55,STRESS_1_cMpc,8,0.00390625,G2a,EFFECTIVE_HI_SUBGRID,1.3219697058155978e+50,1.3220344266804802e+50,4.895550643479119e-05,0.9999518798809733
CANONICAL_DIRECT_REEVOLVED,4,5.55,STRESS_1_cMpc,8,0.00390625,G2a,EXPLICIT_HI_ATOMIC,0.0,0.0,0.0,
CANONICAL_DIRECT_REEVOLVED,4,5.55,STRESS_1_cMpc,8,0.00390625,G2a,EXPLICIT_HEI_ATOMIC,3.8674000165303477e+48,3.8675910919061005e+48,4.940423411170468e-05,0.9999514864979814
CANONICAL_DIRECT_REEVOLVED,4,5.55,STRESS_1_cMpc,8,0.00390625,G2a,EXPLICIT_HEII_ATOMIC,0.0,0.0,0.0,
CANONICAL_DIRECT_REEVOLVED,4,5.55,STRESS_1_cMpc,8,0.00390625,G2a,TOTAL_PHYSICAL,1.360643705980902e+50,1.360710337599541e+50,4.896826076622691e-05,0.9999518686218153
CANONICAL_DIRECT_REEVOLVED,4,5.55,STRESS_1_cMpc,8,0.00390625,G2b,EFFECTIVE_HI_SUBGRID,0.0,0.0,0.0,
CANONICAL_DIRECT_REEVOLVED,4,5.55,STRESS_1_cMpc,8,0.00390625,G2b,EXPLICIT_HI_ATOMIC,3.5846947998688836e+48,3.584699943599608e+48,1.4349124906064568e-06,0.9999985556061749
CANONICAL_DIRECT_REEVOLVED,4,5.55,STRESS_1_cMpc,8,0.00390625,G2b,EXPLICIT_HEI_ATOMIC,3.0790510710558e+48,3.079055396981441e+48,1.4049521957318992e-06,0.9999985822275604
CANONICAL_DIRECT_REEVOLVED,4,5.55,STRESS_1_cMpc,8,0.00390625,G2b,EXPLICIT_HEII_ATOMIC,0.0,0.0,0.0,
CANONICAL_DIRECT_REEVOLVED,4,5.55,STRESS_1_cMpc,8,0.00390625,G2b,TOTAL_PHYSICAL,6.663745870924684e+48,6.663755340581047e+48,1.4210690337475308e-06,0.9999985680145493
CANONICAL_DIRECT_REEVOLVED,4,5.55,STRESS_1_cMpc,8,0.00390625,G3,EFFECTIVE_HI_SUBGRID,0.0,0.0,0.0,
CANONICAL_DIRECT_REEVOLVED,4,5.55,STRESS_1_cMpc,8,0.00390625,G3,EXPLICIT_HI_ATOMIC,0.0,0.0,0.0,
CANONICAL_DIRECT_REEVOLVED,4,5.55,STRESS_1_cMpc,8,0.00390625,G3,EXPLICIT_HEI_ATOMIC,0.0,0.0,0.0,
CANONICAL_DIRECT_REEVOLVED,4,5.55,STRESS_1_cMpc,8,0.00390625,G3,EXPLICIT_HEII_ATOMIC,0.0,0.0,0.0,
CANONICAL_DIRECT_REEVOLVED,4,5.55,STRESS_1_cMpc,8,0.00390625,G3,TOTAL_PHYSICAL,0.0,0.0,0.0,
CANONICAL_DIRECT_REEVOLVED,4,5.55,FLEXRT_2_hinv_ckpc,0,0.0029411764705882353,G1,EFFECTIVE_HI_SUBGRID,3.226006169834351e+50,3.226257152208372e+50,7.779366683445833e-05,
CANONICAL_DIRECT_REEVOLVED,4,5.55,FLEXRT_2_hinv_ckpc,0,0.0029411764705882353,G1,EXPLICIT_HI_ATOMIC,0.0,0.0,0.0,
CANONICAL_DIRECT_REEVOLVED,4,5.55,FLEXRT_2_hinv_ckpc,0,0.0029411764705882353,G1,EXPLICIT_HEI_ATOMIC,0.0,0.0,0.0,
CANONICAL_DIRECT_REEVOLVED,4,5.55,FLEXRT_2_hinv_ckpc,0,0.0029411764705882353,G1,EXPLICIT_HEII_ATOMIC,0.0,0.0,0.0,
CANONICAL_DIRECT_REEVOLVED,4,5.55,FLEXRT_2_hinv_ckpc,0,0.0029411764705882353,G1,TOTAL_PHYSICAL,3.226006169834351e+50,3.226257152208372e+50,7.779366683445833e-05,
CANONICAL_DIRECT_REEVOLVED,4,5.55,FLEXRT_2_hinv_ckpc,0,0.0029411764705882353,G2a,EFFECTIVE_HI_SUBGRID,1.321985695274761e+50,1.3220344266804802e+50,3.6860920363183976e-05,
CANONICAL_DIRECT_REEVOLVED,4,5.55,FLEXRT_2_hinv_ckpc,0,0.0029411764705882353,G2a,EXPLICIT_HI_ATOMIC,0.0,0.0,0.0,
CANONICAL_DIRECT_REEVOLVED,4,5.55,FLEXRT_2_hinv_ckpc,0,0.0029411764705882353,G2a,EXPLICIT_HEI_ATOMIC,3.867447222192631e+48,3.8675910919061005e+48,3.7198791198621294e-05,
CANONICAL_DIRECT_REEVOLVED,4,5.55,FLEXRT_2_hinv_ckpc,0,0.0029411764705882353,G2a,EXPLICIT_HEII_ATOMIC,0.0,0.0,0.0,
CANONICAL_DIRECT_REEVOLVED,4,5.55,FLEXRT_2_hinv_ckpc,0,0.0029411764705882353,G2a,TOTAL_PHYSICAL,1.3606601674966869e+50,1.360710337599541e+50,3.687052377551193e-05,
CANONICAL_DIRECT_REEVOLVED,4,5.55,FLEXRT_2_hinv_ckpc,0,0.0029411764705882353,G2b,EFFECTIVE_HI_SUBGRID,0.0,0.0,0.0,
CANONICAL_DIRECT_REEVOLVED,4,5.55,FLEXRT_2_hinv_ckpc,0,0.0029411764705882353,G2b,EXPLICIT_HI_ATOMIC,3.584696070671986e+48,3.584699943599608e+48,1.0804049662358776e-06,
CANONICAL_DIRECT_REEVOLVED,4,5.55,FLEXRT_2_hinv_ckpc,0,0.0029411764705882353,G2b,EXPLICIT_HEI_ATOMIC,3.0790521398131094e+48,3.079055396981441e+48,1.0578466158157699e-06,
CANONICAL_DIRECT_REEVOLVED,4,5.55,FLEXRT_2_hinv_ckpc,0,0.0029411764705882353,G2b,EXPLICIT_HEII_ATOMIC,0.0,0.0,0.0,
CANONICAL_DIRECT_REEVOLVED,4,5.55,FLEXRT_2_hinv_ckpc,0,0.0029411764705882353,G2b,TOTAL_PHYSICAL,6.663748210485096e+48,6.663755340581047e+48,1.069981652600229e-06,
CANONICAL_DIRECT_REEVOLVED,4,5.55,FLEXRT_2_hinv_ckpc,0,0.0029411764705882353,G3,EFFECTIVE_HI_SUBGRID,0.0,0.0,0.0,
CANONICAL_DIRECT_REEVOLVED,4,5.55,FLEXRT_2_hinv_ckpc,0,0.0029411764705882353,G3,EXPLICIT_HI_ATOMIC,0.0,0.0,0.0,
CANONICAL_DIRECT_REEVOLVED,4,5.55,FLEXRT_2_hinv_ckpc,0,0.0029411764705882353,G3,EXPLICIT_HEI_ATOMIC,0.0,0.0,0.0,
CANONICAL_DIRECT_REEVOLVED,4,5.55,FLEXRT_2_hinv_ckpc,0,0.0029411764705882353,G3,EXPLICIT_HEII_ATOMIC,0.0,0.0,0.0,
CANONICAL_DIRECT_REEVOLVED,4,5.55,FLEXRT_2_hinv_ckpc,0,0.0029411764705882353,G3,TOTAL_PHYSICAL,0.0,0.0,0.0,
CANONICAL_DIRECT_REEVOLVED,4,5.55,FLEXRT_2_hinv_ckpc,1,0.0014705882352941176,G1,EFFECTIVE_HI_SUBGRID,3.226131657579467e+50,3.226257152208372e+50,3.8897900255455175e-05,0.9999604311977038
CANONICAL_DIRECT_REEVOLVED,4,5.55,FLEXRT_2_hinv_ckpc,1,0.0014705882352941176,G1,EXPLICIT_HI_ATOMIC,0.0,0.0,0.0,
CANONICAL_DIRECT_REEVOLVED,4,5.55,FLEXRT_2_hinv_ckpc,1,0.0014705882352941176,G1,EXPLICIT_HEI_ATOMIC,0.0,0.0,0.0,
CANONICAL_DIRECT_REEVOLVED,4,5.55,FLEXRT_2_hinv_ckpc,1,0.0014705882352941176,G1,EXPLICIT_HEII_ATOMIC,0.0,0.0,0.0,
CANONICAL_DIRECT_REEVOLVED,4,5.55,FLEXRT_2_hinv_ckpc,1,0.0014705882352941176,G1,TOTAL_PHYSICAL,3.226131657579467e+50,3.226257152208372e+50,3.8897900255455175e-05,0.9999604311977038
CANONICAL_DIRECT_REEVOLVED,4,5.55,FLEXRT_2_hinv_ckpc,1,0.0014705882352941176,G2a,EFFECTIVE_HI_SUBGRID,1.3220100606716554e+50,1.3220344266804802e+50,1.8430691616659645e-05,0.9999818838962912
CANONICAL_DIRECT_REEVOLVED,4,5.55,FLEXRT_2_hinv_ckpc,1,0.0014705882352941176,G2a,EXPLICIT_HI_ATOMIC,0.0,0.0,0.0,
CANONICAL_DIRECT_REEVOLVED,4,5.55,FLEXRT_2_hinv_ckpc,1,0.0014705882352941176,G2a,EXPLICIT_HEI_ATOMIC,3.8675191561386814e+48,3.8675910919061005e+48,1.8599631064846768e-05,0.9999817358145237
CANONICAL_DIRECT_REEVOLVED,4,5.55,FLEXRT_2_hinv_ckpc,1,0.0014705882352941176,G2a,EXPLICIT_HEII_ATOMIC,0.0,0.0,0.0,
CANONICAL_DIRECT_REEVOLVED,4,5.55,FLEXRT_2_hinv_ckpc,1,0.0014705882352941176,G2a,TOTAL_PHYSICAL,1.3606852522330423e+50,1.360710337599541e+50,1.8435493437099132e-05,0.9999818796720509
CANONICAL_DIRECT_REEVOLVED,4,5.55,FLEXRT_2_hinv_ckpc,1,0.0014705882352941176,G2b,EFFECTIVE_HI_SUBGRID,0.0,0.0,0.0,
CANONICAL_DIRECT_REEVOLVED,4,5.55,FLEXRT_2_hinv_ckpc,1,0.0014705882352941176,G2b,EXPLICIT_HI_ATOMIC,3.584698007135067e+48,3.584699943599608e+48,5.402026867171909e-07,0.9999994562565238
CANONICAL_DIRECT_REEVOLVED,4,5.55,FLEXRT_2_hinv_ckpc,1,0.0014705882352941176,G2b,EXPLICIT_HEI_ATOMIC,3.079053768396672e+48,3.079055396981441e+48,5.289235038381017e-07,0.9999994655794225
CANONICAL_DIRECT_REEVOLVED,4,5.55,FLEXRT_2_hinv_ckpc,1,0.0014705882352941176,G2b,EXPLICIT_HEII_ATOMIC,0.0,0.0,0.0,
CANONICAL_DIRECT_REEVOLVED,4,5.55,FLEXRT_2_hinv_ckpc,1,0.0014705882352941176,G2b,TOTAL_PHYSICAL,6.663751775531742e+48,6.663755340581047e+48,5.349910257714228e-07,0.9999994620913117
CANONICAL_DIRECT_REEVOLVED,4,5.55,FLEXRT_2_hinv_ckpc,1,0.0014705882352941176,G3,EFFECTIVE_HI_SUBGRID,0.0,0.0,0.0,
CANONICAL_DIRECT_REEVOLVED,4,5.55,FLEXRT_2_hinv_ckpc,1,0.0014705882352941176,G3,EXPLICIT_HI_ATOMIC,0.0,0.0,0.0,
CANONICAL_DIRECT_REEVOLVED,4,5.55,FLEXRT_2_hinv_ckpc,1,0.0014705882352941176,G3,EXPLICIT_HEI_ATOMIC,0.0,0.0,0.0,
CANONICAL_DIRECT_REEVOLVED,4,5.55,FLEXRT_2_hinv_ckpc,1,0.0014705882352941176,G3,EXPLICIT_HEII_ATOMIC,0.0,0.0,0.0,
CANONICAL_DIRECT_REEVOLVED,4,5.55,FLEXRT_2_hinv_ckpc,1,0.0014705882352941176,G3,TOTAL_PHYSICAL,0.0,0.0,0.0,
CANONICAL_DIRECT_REEVOLVED,4,5.55,FLEXRT_2_hinv_ckpc,2,0.0007352941176470588,G1,EFFECTIVE_HI_SUBGRID,3.226194404033417e+50,3.226257152208372e+50,1.944921684624838e-05,0.9999802153408658
CANONICAL_DIRECT_REEVOLVED,4,5.55,FLEXRT_2_hinv_ckpc,2,0.0007352941176470588,G1,EXPLICIT_HI_ATOMIC,0.0,0.0,0.0,
CANONICAL_DIRECT_REEVOLVED,4,5.55,FLEXRT_2_hinv_ckpc,2,0.0007352941176470588,G1,EXPLICIT_HEI_ATOMIC,0.0,0.0,0.0,
CANONICAL_DIRECT_REEVOLVED,4,5.55,FLEXRT_2_hinv_ckpc,2,0.0007352941176470588,G1,EXPLICIT_HEII_ATOMIC,0.0,0.0,0.0,
CANONICAL_DIRECT_REEVOLVED,4,5.55,FLEXRT_2_hinv_ckpc,2,0.0007352941176470588,G1,TOTAL_PHYSICAL,3.226194404033417e+50,3.226257152208372e+50,1.944921684624838e-05,0.9999802153408658
CANONICAL_DIRECT_REEVOLVED,4,5.55,FLEXRT_2_hinv_ckpc,2,0.0007352941176470588,G2a,EFFECTIVE_HI_SUBGRID,1.3220222435995755e+50,1.3220344266804802e+50,9.2154036678626e-06,0.9999909419135544
CANONICAL_DIRECT_REEVOLVED,4,5.55,FLEXRT_2_hinv_ckpc,2,0.0007352941176470588,G2a,EXPLICIT_HI_ATOMIC,0.0,0.0,0.0,
CANONICAL_DIRECT_REEVOLVED,4,5.55,FLEXRT_2_hinv_ckpc,2,0.0007352941176470588,G2a,EXPLICIT_HEI_ATOMIC,3.867555123794716e+48,3.8675910919061005e+48,9.299874399835275e-06,0.9999908678345161
CANONICAL_DIRECT_REEVOLVED,4,5.55,FLEXRT_2_hinv_ckpc,2,0.0007352941176470588,G2a,EXPLICIT_HEII_ATOMIC,0.0,0.0,0.0,
CANONICAL_DIRECT_REEVOLVED,4,5.55,FLEXRT_2_hinv_ckpc,2,0.0007352941176470588,G2a,TOTAL_PHYSICAL,1.3606977948375224e+50,1.360710337599541e+50,9.217804606858404e-06,0.9999909397690785
CANONICAL_DIRECT_REEVOLVED,4,5.55,FLEXRT_2_hinv_ckpc,2,0.0007352941176470588,G2b,EFFECTIVE_HI_SUBGRID,0.0,0.0,0.0,
CANONICAL_DIRECT_REEVOLVED,4,5.55,FLEXRT_2_hinv_ckpc,2,0.0007352941176470588,G2b,EXPLICIT_HI_ATOMIC,3.584698975367155e+48,3.584699943599608e+48,2.701013942357762e-07,0.9999997282492247
CANONICAL_DIRECT_REEVOLVED,4,5.55,FLEXRT_2_hinv_ckpc,2,0.0007352941176470588,G2b,EXPLICIT_HEI_ATOMIC,3.079054582688906e+48,3.079055396981441e+48,2.644618007171629e-07,0.9999997337959564
CANONICAL_DIRECT_REEVOLVED,4,5.55,FLEXRT_2_hinv_ckpc,2,0.0007352941176470588,G2b,EXPLICIT_HEII_ATOMIC,0.0,0.0,0.0,
CANONICAL_DIRECT_REEVOLVED,4,5.55,FLEXRT_2_hinv_ckpc,2,0.0007352941176470588,G2b,TOTAL_PHYSICAL,6.663753558056061e+48,6.663755340581047e+48,2.674955629483347e-07,0.9999997299951284
CANONICAL_DIRECT_REEVOLVED,4,5.55,FLEXRT_2_hinv_ckpc,2,0.0007352941176470588,G3,EFFECTIVE_HI_SUBGRID,0.0,0.0,0.0,
CANONICAL_DIRECT_REEVOLVED,4,5.55,FLEXRT_2_hinv_ckpc,2,0.0007352941176470588,G3,EXPLICIT_HI_ATOMIC,0.0,0.0,0.0,
CANONICAL_DIRECT_REEVOLVED,4,5.55,FLEXRT_2_hinv_ckpc,2,0.0007352941176470588,G3,EXPLICIT_HEI_ATOMIC,0.0,0.0,0.0,
CANONICAL_DIRECT_REEVOLVED,4,5.55,FLEXRT_2_hinv_ckpc,2,0.0007352941176470588,G3,EXPLICIT_HEII_ATOMIC,0.0,0.0,0.0,
CANONICAL_DIRECT_REEVOLVED,4,5.55,FLEXRT_2_hinv_ckpc,2,0.0007352941176470588,G3,TOTAL_PHYSICAL,0.0,0.0,0.0,
CANONICAL_DIRECT_REEVOLVED,4,5.55,FLEXRT_2_hinv_ckpc,3,0.0003676470588235294,G1,EFFECTIVE_HI_SUBGRID,3.226225777905765e+50,3.226257152208372e+50,9.724675103961428e-06,0.9999901075931078
CANONICAL_DIRECT_REEVOLVED,4,5.55,FLEXRT_2_hinv_ckpc,3,0.0003676470588235294,G1,EXPLICIT_HI_ATOMIC,0.0,0.0,0.0,
CANONICAL_DIRECT_REEVOLVED,4,5.55,FLEXRT_2_hinv_ckpc,3,0.0003676470588235294,G1,EXPLICIT_HEI_ATOMIC,0.0,0.0,0.0,
CANONICAL_DIRECT_REEVOLVED,4,5.55,FLEXRT_2_hinv_ckpc,3,0.0003676470588235294,G1,EXPLICIT_HEII_ATOMIC,0.0,0.0,0.0,
CANONICAL_DIRECT_REEVOLVED,4,5.55,FLEXRT_2_hinv_ckpc,3,0.0003676470588235294,G1,TOTAL_PHYSICAL,3.226225777905765e+50,3.226257152208372e+50,9.724675103961428e-06,0.9999901075931078
CANONICAL_DIRECT_REEVOLVED,4,5.55,FLEXRT_2_hinv_ckpc,3,0.0003676470588235294,G2a,EFFECTIVE_HI_SUBGRID,1.3220283351209045e+50,1.3220344266804802e+50,4.60771629901087e-06,0.9999954709166182
CANONICAL_DIRECT_REEVOLVED,4,5.55,FLEXRT_2_hinv_ckpc,3,0.0003676470588235294,G2a,EXPLICIT_HI_ATOMIC,0.0,0.0,0.0,
CANONICAL_DIRECT_REEVOLVED,4,5.55,FLEXRT_2_hinv_ckpc,3,0.0003676470588235294,G2a,EXPLICIT_HEI_ATOMIC,3.86757310779349e+48,3.8675910919061005e+48,4.6499519166447505e-06,0.9999954339779845
CANONICAL_DIRECT_REEVOLVED,4,5.55,FLEXRT_2_hinv_ckpc,3,0.0003676470588235294,G2a,EXPLICIT_HEII_ATOMIC,0.0,0.0,0.0,
CANONICAL_DIRECT_REEVOLVED,4,5.55,FLEXRT_2_hinv_ckpc,3,0.0003676470588235294,G2a,TOTAL_PHYSICAL,1.3607040661988396e+50,1.360710337599541e+50,4.6089167753537764e-06,0.9999954699536545
CANONICAL_DIRECT_REEVOLVED,4,5.55,FLEXRT_2_hinv_ckpc,3,0.0003676470588235294,G2b,EFFECTIVE_HI_SUBGRID,0.0,0.0,0.0,
CANONICAL_DIRECT_REEVOLVED,4,5.55,FLEXRT_2_hinv_ckpc,3,0.0003676470588235294,G2b,EXPLICIT_HI_ATOMIC,3.5846994594833356e+48,3.584699943599608e+48,1.350507098824477e-07,0.9999998636410893
CANONICAL_DIRECT_REEVOLVED,4,5.55,FLEXRT_2_hinv_ckpc,3,0.0003676470588235294,G2b,EXPLICIT_HEI_ATOMIC,3.0790549898351356e+48,3.079055396981441e+48,1.3223091268985382e-07,0.9999998654606099
CANONICAL_DIRECT_REEVOLVED,4,5.55,FLEXRT_2_hinv_ckpc,3,0.0003676470588235294,G2b,EXPLICIT_HEII_ATOMIC,0.0,0.0,0.0,
CANONICAL_DIRECT_REEVOLVED,4,5.55,FLEXRT_2_hinv_ckpc,3,0.0003676470588235294,G2b,TOTAL_PHYSICAL,6.663754449318472e+48,6.663755340581047e+48,1.33747793843726e-07,0.999999866573487
CANONICAL_DIRECT_REEVOLVED,4,5.55,FLEXRT_2_hinv_ckpc,3,0.0003676470588235294,G3,EFFECTIVE_HI_SUBGRID,0.0,0.0,0.0,
CANONICAL_DIRECT_REEVOLVED,4,5.55,FLEXRT_2_hinv_ckpc,3,0.0003676470588235294,G3,EXPLICIT_HI_ATOMIC,0.0,0.0,0.0,
CANONICAL_DIRECT_REEVOLVED,4,5.55,FLEXRT_2_hinv_ckpc,3,0.0003676470588235294,G3,EXPLICIT_HEI_ATOMIC,0.0,0.0,0.0,
CANONICAL_DIRECT_REEVOLVED,4,5.55,FLEXRT_2_hinv_ckpc,3,0.0003676470588235294,G3,EXPLICIT_HEII_ATOMIC,0.0,0.0,0.0,
CANONICAL_DIRECT_REEVOLVED,4,5.55,FLEXRT_2_hinv_ckpc,3,0.0003676470588235294,G3,TOTAL_PHYSICAL,0.0,0.0,0.0,
CANONICAL_DIRECT_REEVOLVED,4,5.55,FLEXRT_2_hinv_ckpc,4,0.0001838235294117647,G1,EFFECTIVE_HI_SUBGRID,3.226241465003285e+50,3.226257152208372e+50,4.862354222527994e-06,0.9999950537217122
CANONICAL_DIRECT_REEVOLVED,4,5.55,FLEXRT_2_hinv_ckpc,4,0.0001838235294117647,G1,EXPLICIT_HI_ATOMIC,0.0,0.0,0.0,
CANONICAL_DIRECT_REEVOLVED,4,5.55,FLEXRT_2_hinv_ckpc,4,0.0001838235294117647,G1,EXPLICIT_HEI_ATOMIC,0.0,0.0,0.0,
CANONICAL_DIRECT_REEVOLVED,4,5.55,FLEXRT_2_hinv_ckpc,4,0.0001838235294117647,G1,EXPLICIT_HEII_ATOMIC,0.0,0.0,0.0,
CANONICAL_DIRECT_REEVOLVED,4,5.55,FLEXRT_2_hinv_ckpc,4,0.0001838235294117647,G1,TOTAL_PHYSICAL,3.226241465003285e+50,3.226257152208372e+50,4.862354222527994e-06,0.9999950537217122
CANONICAL_DIRECT_REEVOLVED,4,5.55,FLEXRT_2_hinv_ckpc,4,0.0001838235294117647,G2a,EFFECTIVE_HI_SUBGRID,1.3220313808959118e+50,1.3220344266804802e+50,2.3038617655593147e-06,0.9999977355989096
CANONICAL_DIRECT_REEVOLVED,4,5.55,FLEXRT_2_hinv_ckpc,4,0.0001838235294117647,G2a,EXPLICIT_HI_ATOMIC,0.0,0.0,0.0,
CANONICAL_DIRECT_REEVOLVED,4,5.55,FLEXRT_2_hinv_ckpc,4,0.0001838235294117647,G2a,EXPLICIT_HEI_ATOMIC,3.867582099835566e+48,3.8675910919061005e+48,2.3249796374831763e-06,0.9999977170074282
CANONICAL_DIRECT_REEVOLVED,4,5.55,FLEXRT_2_hinv_ckpc,4,0.0001838235294117647,G2a,EXPLICIT_HEII_ATOMIC,0.0,0.0,0.0,
CANONICAL_DIRECT_REEVOLVED,4,5.55,FLEXRT_2_hinv_ckpc,4,0.0001838235294117647,G2a,TOTAL_PHYSICAL,1.3607072018942673e+50,1.360710337599541e+50,2.3044620055817145e-06,0.9999977350299394
CANONICAL_DIRECT_REEVOLVED,4,5.55,FLEXRT_2_hinv_ckpc,4,0.0001838235294117647,G2b,EFFECTIVE_HI_SUBGRID,0.0,0.0,0.0,
CANONICAL_DIRECT_REEVOLVED,4,5.55,FLEXRT_2_hinv_ckpc,4,0.0001838235294117647,G2b,EXPLICIT_HI_ATOMIC,3.584699701541461e+48,3.584699943599608e+48,6.752535783814518e-08,0.9999999381065979
CANONICAL_DIRECT_REEVOLVED,4,5.55,FLEXRT_2_hinv_ckpc,4,0.0001838235294117647,G2b,EXPLICIT_HEI_ATOMIC,3.079055193408279e+48,3.079055396981441e+48,6.611545940139613e-08,0.9999999333052644
CANONICAL_DIRECT_REEVOLVED,4,5.55,FLEXRT_2_hinv_ckpc,4,0.0001838235294117647,G2b,EXPLICIT_HEII_ATOMIC,0.0,0.0,0.0,
CANONICAL_DIRECT_REEVOLVED,4,5.55,FLEXRT_2_hinv_ckpc,4,0.0001838235294117647,G2b,TOTAL_PHYSICAL,6.663754894949738e+48,6.663755340581047e+48,6.68739001360003e-08,0.9999999306602421
CANONICAL_DIRECT_REEVOLVED,4,5.55,FLEXRT_2_hinv_ckpc,4,0.0001838235294117647,G3,EFFECTIVE_HI_SUBGRID,0.0,0.0,0.0,
CANONICAL_DIRECT_REEVOLVED,4,5.55,FLEXRT_2_hinv_ckpc,4,0.0001838235294117647,G3,EXPLICIT_HI_ATOMIC,0.0,0.0,0.0,
CANONICAL_DIRECT_REEVOLVED,4,5.55,FLEXRT_2_hinv_ckpc,4,0.0001838235294117647,G3,EXPLICIT_HEI_ATOMIC,0.0,0.0,0.0,
CANONICAL_DIRECT_REEVOLVED,4,5.55,FLEXRT_2_hinv_ckpc,4,0.0001838235294117647,G3,EXPLICIT_HEII_ATOMIC,0.0,0.0,0.0,
CANONICAL_DIRECT_REEVOLVED,4,5.55,FLEXRT_2_hinv_ckpc,4,0.0001838235294117647,G3,TOTAL_PHYSICAL,0.0,0.0,0.0,
CANONICAL_DIRECT_REEVOLVED,4,5.55,FLEXRT_2_hinv_ckpc,5,9.191176470588235e-05,G1,EFFECTIVE_HI_SUBGRID,3.226249308592382e+50,3.226257152208372e+50,2.431181279190507e-06,0.9999975266953096
CANONICAL_DIRECT_REEVOLVED,4,5.55,FLEXRT_2_hinv_ckpc,5,9.191176470588235e-05,G1,EXPLICIT_HI_ATOMIC,0.0,0.0,0.0,
CANONICAL_DIRECT_REEVOLVED,4,5.55,FLEXRT_2_hinv_ckpc,5,9.191176470588235e-05,G1,EXPLICIT_HEI_ATOMIC,0.0,0.0,0.0,
CANONICAL_DIRECT_REEVOLVED,4,5.55,FLEXRT_2_hinv_ckpc,5,9.191176470588235e-05,G1,EXPLICIT_HEII_ATOMIC,0.0,0.0,0.0,
CANONICAL_DIRECT_REEVOLVED,4,5.55,FLEXRT_2_hinv_ckpc,5,9.191176470588235e-05,G1,TOTAL_PHYSICAL,3.226249308592382e+50,3.226257152208372e+50,2.431181279190507e-06,0.9999975266953096
CANONICAL_DIRECT_REEVOLVED,4,5.55,FLEXRT_2_hinv_ckpc,5,9.191176470588235e-05,G2a,EFFECTIVE_HI_SUBGRID,1.3220329037870012e+50,1.3220344266804802e+50,1.1519317864985645e-06,0.9999988681697021
CANONICAL_DIRECT_REEVOLVED,4,5.55,FLEXRT_2_hinv_ckpc,5,9.191176470588235e-05,G2a,EXPLICIT_HI_ATOMIC,0.0,0.0,0.0,
CANONICAL_DIRECT_REEVOLVED,4,5.55,FLEXRT_2_hinv_ckpc,5,9.191176470588235e-05,G2a,EXPLICIT_HEI_ATOMIC,3.8675865958672764e+48,3.8675910919061005e+48,1.1624907383639742e-06,0.9999988587133326
CANONICAL_DIRECT_REEVOLVED,4,5.55,FLEXRT_2_hinv_ckpc,5,9.191176470588235e-05,G2a,EXPLICIT_HEII_ATOMIC,0.0,0.0,0.0,
CANONICAL_DIRECT_REEVOLVED,4,5.55,FLEXRT_2_hinv_ckpc,5,9.191176470588235e-05,G2a,TOTAL_PHYSICAL,1.3607087697456734e+50,1.360710337599541e+50,1.1522319073052226e-06,0.9999988674685251
CANONICAL_DIRECT_REEVOLVED,4,5.55,FLEXRT_2_hinv_ckpc,5,9.191176470588235e-05,G2b,EFFECTIVE_HI_SUBGRID,0.0,0.0,0.0,
CANONICAL_DIRECT_REEVOLVED,4,5.55,FLEXRT_2_hinv_ckpc,5,9.191176470588235e-05,G2b,EXPLICIT_HI_ATOMIC,3.584699822570531e+48,3.584699943599608e+48,3.3762679824360505e-08,0.999999961316625
CANONICAL_DIRECT_REEVOLVED,4,5.55,FLEXRT_2_hinv_ckpc,5,9.191176470588235e-05,G2b,EXPLICIT_HEI_ATOMIC,3.079055295194857e+48,3.079055396981441e+48,3.305773064925748e-08,0.9999999586032692
CANONICAL_DIRECT_REEVOLVED,4,5.55,FLEXRT_2_hinv_ckpc,5,9.191176470588235e-05,G2b,EXPLICIT_HEII_ATOMIC,0.0,0.0,0.0,
CANONICAL_DIRECT_REEVOLVED,4,5.55,FLEXRT_2_hinv_ckpc,5,9.191176470588235e-05,G2b,TOTAL_PHYSICAL,6.663755117765388e+48,6.663755340581047e+48,3.343695074978684e-08,0.9999999705831343
CANONICAL_DIRECT_REEVOLVED,4,5.55,FLEXRT_2_hinv_ckpc,5,9.191176470588235e-05,G3,EFFECTIVE_HI_SUBGRID,0.0,0.0,0.0,
CANONICAL_DIRECT_REEVOLVED,4,5.55,FLEXRT_2_hinv_ckpc,5,9.191176470588235e-05,G3,EXPLICIT_HI_ATOMIC,0.0,0.0,0.0,
CANONICAL_DIRECT_REEVOLVED,4,5.55,FLEXRT_2_hinv_ckpc,5,9.191176470588235e-05,G3,EXPLICIT_HEI_ATOMIC,0.0,0.0,0.0,
CANONICAL_DIRECT_REEVOLVED,4,5.55,FLEXRT_2_hinv_ckpc,5,9.191176470588235e-05,G3,EXPLICIT_HEII_ATOMIC,0.0,0.0,0.0,
CANONICAL_DIRECT_REEVOLVED,4,5.55,FLEXRT_2_hinv_ckpc,5,9.191176470588235e-05,G3,TOTAL_PHYSICAL,0.0,0.0,0.0,
