method,n,cfl,s,N,U,Nout,Eout,W,N0,U0_pre,U0_post,initial_du,stage_du,stage_abs_du,Nres,Eres_post,Eres_pre,min_density,negative_mass,L1_GL8,L1_GL16,steps,lim_count,min_raw_stage,initial_limit_count,zero_nodes,zero_N_bound,case_seconds,stock_min_weight,bin0,bin1,bin2,bin3,bin4,bin5,bin6,bin7,bin8,bin9,bin10,bin11,bin12,bin13,bin14,bin15,bin16,bin17,bin18,bin19,bin20,bin21,bin22,bin23,bin24,bin25,bin26,bin27,bin28,bin29,bin30,bin31
stock,32,0.00000000000000000e0,0.00000000000000000e0,1.00000146356248898e0,2.61803347476791224e1,0.00000000000000000e0,0.00000000000000000e0,0.00000000000000000e0,1.00000146356248898e0,2.61803347476791224e1,2.61803347476791224e1,0.00000000000000000e0,0.00000000000000000e0,0.00000000000000000e0,0.00000000000000000e0,0.00000000000000000e0,0.00000000000000000e0,NaN,0.00000000000000000e0,NaN,NaN,0,0,0.00000000000000000e0,0,0,0.00000000000000000e0,2.291500000e-5,0.00000000000000000e0,0.00000000000000000e0,0.00000000000000000e0,0.00000000000000000e0,0.00000000000000000e0,0.00000000000000000e0,0.00000000000000000e0,1.58520735212483313e-3,6.55232176306624475e-2,1.51220679024865662e-1,1.94071820979935500e-1,2.05486401920310591e-1,1.89931901153351013e-1,1.41359855420199021e-1,5.05260692966433556e-2,2.96310784396305545e-4,0.00000000000000000e0,0.00000000000000000e0,0.00000000000000000e0,0.00000000000000000e0,0.00000000000000000e0,0.00000000000000000e0,0.00000000000000000e0,0.00000000000000000e0,0.00000000000000000e0,0.00000000000000000e0,0.00000000000000000e0,0.00000000000000000e0,0.00000000000000000e0,0.00000000000000000e0,0.00000000000000000e0,0.00000000000000000e0,0.00000000000000000e0
stock,32,0.00000000000000000e0,2.00000000000000011e-1,1.00000146356248898e0,2.14346451838009848e1,0.00000000000000000e0,0.00000000000000000e0,4.74568956387813667e0,1.00000146356248898e0,2.61803347476791224e1,2.61803347476791224e1,0.00000000000000000e0,0.00000000000000000e0,0.00000000000000000e0,0.00000000000000000e0,0.00000000000000000e0,0.00000000000000000e0,NaN,0.00000000000000000e0,NaN,NaN,0,0,0.00000000000000000e0,0,0,0.00000000000000000e0,4.870400000e-5,0.00000000000000000e0,0.00000000000000000e0,0.00000000000000000e0,0.00000000000000000e0,4.92606184404663881e-3,8.19982870359276805e-2,1.60826180810746316e-1,1.97826902998930715e-1,2.04849473430927631e-1,1.84652303272199475e-1,1.29482094609411569e-1,3.54374118746679304e-2,2.74768563072078749e-6,0.00000000000000000e0,0.00000000000000000e0,0.00000000000000000e0,0.00000000000000000e0,0.00000000000000000e0,0.00000000000000000e0,0.00000000000000000e0,0.00000000000000000e0,0.00000000000000000e0,0.00000000000000000e0,0.00000000000000000e0,0.00000000000000000e0,0.00000000000000000e0,0.00000000000000000e0,0.00000000000000000e0,0.00000000000000000e0,0.00000000000000000e0,0.00000000000000000e0,0.00000000000000000e0,0.00000000000000000e0
stock,32,0.00000000000000000e0,4.00000000000000022e-1,1.00000146356248898e0,1.75492031932927190e1,0.00000000000000000e0,0.00000000000000000e0,8.63113155438640867e0,1.00000146356248898e0,2.61803347476791224e1,2.61803347476791224e1,0.00000000000000000e0,0.00000000000000000e0,0.00000000000000000e0,0.00000000000000000e0,1.35701613941947308e-16,1.35701613941947308e-16,NaN,0.00000000000000000e0,NaN,NaN,0,0,0.00000000000000000e0,0,0,0.00000000000000000e0,5.820800000e-5,0.00000000000000000e0,2.08942547174127552e-2,1.13939514842812381e-1,1.77333772938335188e-1,2.03220522629362021e-1,2.01246358023412175e-1,1.70634671580854436e-1,1.00469333620942791e-1,1.22630352093569418e-2,0.00000000000000000e0,0.00000000000000000e0,0.00000000000000000e0,0.00000000000000000e0,0.00000000000000000e0,0.00000000000000000e0,0.00000000000000000e0,0.00000000000000000e0,0.00000000000000000e0,0.00000000000000000e0,0.00000000000000000e0,0.00000000000000000e0,0.00000000000000000e0,0.00000000000000000e0,0.00000000000000000e0,0.00000000000000000e0,0.00000000000000000e0,0.00000000000000000e0,0.00000000000000000e0,0.00000000000000000e0,0.00000000000000000e0,0.00000000000000000e0,0.00000000000000000e0,0.00000000000000000e0
stock,32,0.00000000000000000e0,5.00000000000000000e-1,9.32893038579701517e-1,1.49889868282583034e1,6.71084249827872820e-2,9.12674579765906935e-1,1.02786733396549153e1,1.00000146356248898e0,2.61803347476791224e1,2.61803347476791224e1,0.00000000000000000e0,0.00000000000000000e0,0.00000000000000000e0,-2.22044279949352293e-16,1.35701613941947308e-16,1.35701613941947308e-16,NaN,0.00000000000000000e0,NaN,NaN,0,0,0.00000000000000000e0,0,0,0.00000000000000000e0,9.146800000e-5,0.00000000000000000e0,1.51220679024865662e-1,1.94071820979935500e-1,2.05486401920310591e-1,1.89931901153351013e-1,1.41359855420199021e-1,5.05260692966433556e-2,2.96310784396305545e-4,0.00000000000000000e0,0.00000000000000000e0,0.00000000000000000e0,0.00000000000000000e0,0.00000000000000000e0,0.00000000000000000e0,0.00000000000000000e0,0.00000000000000000e0,0.00000000000000000e0,0.00000000000000000e0,0.00000000000000000e0,0.00000000000000000e0,0.00000000000000000e0,0.00000000000000000e0,0.00000000000000000e0,0.00000000000000000e0,0.00000000000000000e0,0.00000000000000000e0,0.00000000000000000e0,0.00000000000000000e0,0.00000000000000000e0,0.00000000000000000e0,0.00000000000000000e0,0.00000000000000000e0,0.00000000000000000e0
stock,32,0.00000000000000000e0,5.99999999999999978e-1,6.52018228140288203e-1,9.90767126343209270e0,3.47983235422200554e-1,4.73257200174192771e0,1.15400914825051011e1,1.00000146356248898e0,2.61803347476791224e1,2.61803347476791224e1,0.00000000000000000e0,0.00000000000000000e0,0.00000000000000000e0,-2.22044279949352293e-16,0.00000000000000000e0,0.00000000000000000e0,NaN,0.00000000000000000e0,NaN,NaN,0,0,0.00000000000000000e0,0,0,0.00000000000000000e0,1.075820000e-4,0.00000000000000000e0,2.04811954866746748e-1,1.98003641052254348e-1,1.61286084490864678e-1,8.28077671846492031e-2,5.10878054577324024e-3,0.00000000000000000e0,0.00000000000000000e0,0.00000000000000000e0,0.00000000000000000e0,0.00000000000000000e0,0.00000000000000000e0,0.00000000000000000e0,0.00000000000000000e0,0.00000000000000000e0,0.00000000000000000e0,0.00000000000000000e0,0.00000000000000000e0,0.00000000000000000e0,0.00000000000000000e0,0.00000000000000000e0,0.00000000000000000e0,0.00000000000000000e0,0.00000000000000000e0,0.00000000000000000e0,0.00000000000000000e0,0.00000000000000000e0,0.00000000000000000e0,0.00000000000000000e0,0.00000000000000000e0,0.00000000000000000e0,0.00000000000000000e0,0.00000000000000000e0
stock,32,0.00000000000000000e0,6.99999999999999956e-1,3.49574557441909795e-1,5.05171641809109406e0,6.50426906120578963e-1,8.84580592323987602e0,1.22828124063481621e1,1.00000146356248898e0,2.61803347476791224e1,2.61803347476791224e1,0.00000000000000000e0,0.00000000000000000e0,0.00000000000000000e0,-2.22044279949352293e-16,4.07104841825841950e-16,4.07104841825841950e-16,NaN,0.00000000000000000e0,NaN,NaN,0,0,0.00000000000000000e0,0,0,0.00000000000000000e0,1.207720000e-4,0.00000000000000000e0,1.84652303272199475e-1,1.29482094609411569e-1,3.54374118746679304e-2,2.74768563072078749e-6,0.00000000000000000e0,0.00000000000000000e0,0.00000000000000000e0,0.00000000000000000e0,0.00000000000000000e0,0.00000000000000000e0,0.00000000000000000e0,0.00000000000000000e0,0.00000000000000000e0,0.00000000000000000e0,0.00000000000000000e0,0.00000000000000000e0,0.00000000000000000e0,0.00000000000000000e0,0.00000000000000000e0,0.00000000000000000e0,0.00000000000000000e0,0.00000000000000000e0,0.00000000000000000e0,0.00000000000000000e0,0.00000000000000000e0,0.00000000000000000e0,0.00000000000000000e0,0.00000000000000000e0,0.00000000000000000e0,0.00000000000000000e0,0.00000000000000000e0,0.00000000000000000e0
stock,32,0.00000000000000000e0,8.00000000000000044e-1,6.85422704562177187e-2,9.55595001259985199e-1,9.31459193106271233e-1,1.26678450262452866e1,1.25568947201738546e1,1.00000146356248898e0,2.61803347476791224e1,2.61803347476791224e1,0.00000000000000000e0,0.00000000000000000e0,0.00000000000000000e0,0.00000000000000000e0,1.35701613941947308e-16,1.35701613941947308e-16,NaN,0.00000000000000000e0,NaN,NaN,0,0,0.00000000000000000e0,0,0,0.00000000000000000e0,1.700070000e-4,0.00000000000000000e0,6.68368843211057106e-2,1.70538613511202457e-3,0.00000000000000000e0,0.00000000000000000e0,0.00000000000000000e0,0.00000000000000000e0,0.00000000000000000e0,0.00000000000000000e0,0.00000000000000000e0,0.00000000000000000e0,0.00000000000000000e0,0.00000000000000000e0,0.00000000000000000e0,0.00000000000000000e0,0.00000000000000000e0,0.00000000000000000e0,0.00000000000000000e0,0.00000000000000000e0,0.00000000000000000e0,0.00000000000000000e0,0.00000000000000000e0,0.00000000000000000e0,0.00000000000000000e0,0.00000000000000000e0,0.00000000000000000e0,0.00000000000000000e0,0.00000000000000000e0,0.00000000000000000e0,0.00000000000000000e0,0.00000000000000000e0,0.00000000000000000e0,0.00000000000000000e0
stock,32,0.00000000000000000e0,9.00000000000000022e-1,0.00000000000000000e0,0.00000000000000000e0,1.00000146356248898e0,1.36000199044498480e1,1.25803148432292833e1,1.00000146356248898e0,2.61803347476791224e1,2.61803347476791224e1,0.00000000000000000e0,0.00000000000000000e0,0.00000000000000000e0,0.00000000000000000e0,4.07104841825841950e-16,4.07104841825841950e-16,NaN,0.00000000000000000e0,NaN,NaN,0,0,0.00000000000000000e0,0,0,0.00000000000000000e0,1.811230000e-4,0.00000000000000000e0,0.00000000000000000e0,0.00000000000000000e0,0.00000000000000000e0,0.00000000000000000e0,0.00000000000000000e0,0.00000000000000000e0,0.00000000000000000e0,0.00000000000000000e0,0.00000000000000000e0,0.00000000000000000e0,0.00000000000000000e0,0.00000000000000000e0,0.00000000000000000e0,0.00000000000000000e0,0.00000000000000000e0,0.00000000000000000e0,0.00000000000000000e0,0.00000000000000000e0,0.00000000000000000e0,0.00000000000000000e0,0.00000000000000000e0,0.00000000000000000e0,0.00000000000000000e0,0.00000000000000000e0,0.00000000000000000e0,0.00000000000000000e0,0.00000000000000000e0,0.00000000000000000e0,0.00000000000000000e0,0.00000000000000000e0,0.00000000000000000e0,0.00000000000000000e0
stock,32,0.00000000000000000e0,1.00000000000000000e0,0.00000000000000000e0,0.00000000000000000e0,1.00000146356248898e0,1.36000199044498480e1,1.25803148432292833e1,1.00000146356248898e0,2.61803347476791224e1,2.61803347476791224e1,0.00000000000000000e0,0.00000000000000000e0,0.00000000000000000e0,0.00000000000000000e0,4.07104841825841950e-16,4.07104841825841950e-16,NaN,0.00000000000000000e0,NaN,NaN,0,0,0.00000000000000000e0,0,0,0.00000000000000000e0,1.882140000e-4,0.00000000000000000e0,0.00000000000000000e0,0.00000000000000000e0,0.00000000000000000e0,0.00000000000000000e0,0.00000000000000000e0,0.00000000000000000e0,0.00000000000000000e0,0.00000000000000000e0,0.00000000000000000e0,0.00000000000000000e0,0.00000000000000000e0,0.00000000000000000e0,0.00000000000000000e0,0.00000000000000000e0,0.00000000000000000e0,0.00000000000000000e0,0.00000000000000000e0,0.00000000000000000e0,0.00000000000000000e0,0.00000000000000000e0,0.00000000000000000e0,0.00000000000000000e0,0.00000000000000000e0,0.00000000000000000e0,0.00000000000000000e0,0.00000000000000000e0,0.00000000000000000e0,0.00000000000000000e0,0.00000000000000000e0,0.00000000000000000e0,0.00000000000000000e0,0.00000000000000000e0
partial,32,0.00000000000000000e0,0.00000000000000000e0,1.00000146356248876e0,2.61894573522047942e1,0.00000000000000000e0,0.00000000000000000e0,0.00000000000000000e0,1.00000146356248898e0,2.61894573522047942e1,2.61894573522047942e1,0.00000000000000000e0,0.00000000000000000e0,0.00000000000000000e0,-2.22044279949352293e-16,0.00000000000000000e0,0.00000000000000000e0,0.00000000000000000e0,0.00000000000000000e0,1.04411278170175550e-1,1.03601094326804130e-1,0,0,0.00000000000000000e0,0,0,0.00000000000000000e0,1.201800000e-5,NaN,0.00000000000000000e0,0.00000000000000000e0,0.00000000000000000e0,0.00000000000000000e0,0.00000000000000000e0,0.00000000000000000e0,1.58520735212483335e-3,6.55232176306624614e-2,1.51220679024865690e-1,1.94071820979935361e-1,2.05486401920310813e-1,1.89931901153350874e-1,1.41359855420199160e-1,5.05260692966433139e-2,2.96310784396305871e-4,0.00000000000000000e0,0.00000000000000000e0,0.00000000000000000e0,0.00000000000000000e0,0.00000000000000000e0,0.00000000000000000e0,0.00000000000000000e0,0.00000000000000000e0,0.00000000000000000e0,0.00000000000000000e0,0.00000000000000000e0,0.00000000000000000e0,0.00000000000000000e0,0.00000000000000000e0,0.00000000000000000e0,0.00000000000000000e0,0.00000000000000000e0
partial,32,0.00000000000000000e0,2.00000000000000011e-1,1.00000146356248876e0,2.14421141406743203e1,0.00000000000000000e0,0.00000000000000000e0,4.74734321153047478e0,1.00000146356248898e0,2.61894573522047942e1,2.61894573522047942e1,0.00000000000000000e0,0.00000000000000000e0,0.00000000000000000e0,-2.22044279949352293e-16,0.00000000000000000e0,0.00000000000000000e0,0.00000000000000000e0,0.00000000000000000e0,1.04411278170175537e-1,1.03601094326804102e-1,0,0,0.00000000000000000e0,0,0,0.00000000000000000e0,2.268400000e-5,NaN,0.00000000000000000e0,0.00000000000000000e0,3.29499017203255988e-4,1.48752741187661557e-2,8.33361739409861635e-2,1.60127658380788462e-1,1.96444440055036001e-1,2.02253264811193101e-1,1.79835782616446171e-1,1.22479269724930812e-1,4.00853808643335946e-2,2.34720032805077803e-4,0.00000000000000000e0,0.00000000000000000e0,0.00000000000000000e0,0.00000000000000000e0,0.00000000000000000e0,0.00000000000000000e0,0.00000000000000000e0,0.00000000000000000e0,0.00000000000000000e0,0.00000000000000000e0,0.00000000000000000e0,0.00000000000000000e0,0.00000000000000000e0,0.00000000000000000e0,0.00000000000000000e0,0.00000000000000000e0,0.00000000000000000e0,0.00000000000000000e0,0.00000000000000000e0,0.00000000000000000e0
partial,32,0.00000000000000000e0,4.00000000000000022e-1,9.99342465528082258e-1,1.75464710341506773e1,6.58998034406510567e-4,8.96237326792854311e-3,8.63402394478619151e0,1.00000146356248898e0,2.61894573522047942e1,2.61894573522047942e1,0.00000000000000000e0,0.00000000000000000e0,0.00000000000000000e0,-2.22044279949352293e-16,1.35654344838932330e-16,1.35654344838932330e-16,0.00000000000000000e0,0.00000000000000000e0,1.03797533100520506e-1,1.02932382583571277e-1,0,0,0.00000000000000000e0,0,0,0.00000000000000000e0,3.494200000e-5,NaN,2.81653408854075360e-2,1.01149130251310226e-1,1.69034637736710819e-1,1.98817059130136309e-1,1.99020127702075750e-1,1.69739664079541747e-1,1.03598684029662380e-1,2.96446924320236879e-2,1.73129281213850792e-4,0.00000000000000000e0,0.00000000000000000e0,0.00000000000000000e0,0.00000000000000000e0,0.00000000000000000e0,0.00000000000000000e0,0.00000000000000000e0,0.00000000000000000e0,0.00000000000000000e0,0.00000000000000000e0,0.00000000000000000e0,0.00000000000000000e0,0.00000000000000000e0,0.00000000000000000e0,0.00000000000000000e0,0.00000000000000000e0,0.00000000000000000e0,0.00000000000000000e0,0.00000000000000000e0,0.00000000000000000e0,0.00000000000000000e0,0.00000000000000000e0,0.00000000000000000e0
partial,32,0.00000000000000000e0,5.00000000000000000e-1,9.29922072856713133e-1,1.49618677795525752e1,7.00793907057755960e-2,9.53079713598548039e-1,1.02745098590536692e1,1.00000146356248898e0,2.61894573522047942e1,2.61894573522047942e1,0.00000000000000000e0,0.00000000000000000e0,0.00000000000000000e0,-2.22044279949352293e-16,-1.35654344838932330e-16,-1.35654344838932330e-16,0.00000000000000000e0,0.00000000000000000e0,7.45448214213441929e-2,7.39009517351184031e-2,0,0,0.00000000000000000e0,0,0,0.00000000000000000e0,4.399600000e-5,NaN,1.52062556437137175e-1,1.94296078197498862e-1,2.05180809530996849e-1,1.88977627677665433e-1,1.39575284243806108e-1,4.95392274719923323e-2,2.90489297616389978e-4,0.00000000000000000e0,0.00000000000000000e0,0.00000000000000000e0,0.00000000000000000e0,0.00000000000000000e0,0.00000000000000000e0,0.00000000000000000e0,0.00000000000000000e0,0.00000000000000000e0,0.00000000000000000e0,0.00000000000000000e0,0.00000000000000000e0,0.00000000000000000e0,0.00000000000000000e0,0.00000000000000000e0,0.00000000000000000e0,0.00000000000000000e0,0.00000000000000000e0,0.00000000000000000e0,0.00000000000000000e0,0.00000000000000000e0,0.00000000000000000e0,0.00000000000000000e0,0.00000000000000000e0,0.00000000000000000e0
partial,32,0.00000000000000000e0,5.99999999999999978e-1,6.60653855204562546e-1,1.00425527650245581e1,3.39347608357926156e-1,4.61512747366779585e0,1.15317771135124367e1,1.00000146356248898e0,2.61894573522047942e1,2.61894573522047942e1,0.00000000000000000e0,0.00000000000000000e0,0.00000000000000000e0,-2.22044279949352293e-16,-1.35654344838932330e-16,-1.35654344838932330e-16,0.00000000000000000e0,0.00000000000000000e0,5.59298549890398511e-2,5.54591397532136904e-2,0,0,0.00000000000000000e0,0,0,0.00000000000000000e0,5.313000000e-5,NaN,2.01189678205236200e-1,1.95786990592958760e-1,1.59643545542636822e-1,8.47180983343943511e-2,1.92040039997138749e-2,1.11538529622623266e-4,0.00000000000000000e0,0.00000000000000000e0,0.00000000000000000e0,0.00000000000000000e0,0.00000000000000000e0,0.00000000000000000e0,0.00000000000000000e0,0.00000000000000000e0,0.00000000000000000e0,0.00000000000000000e0,0.00000000000000000e0,0.00000000000000000e0,0.00000000000000000e0,0.00000000000000000e0,0.00000000000000000e0,0.00000000000000000e0,0.00000000000000000e0,0.00000000000000000e0,0.00000000000000000e0,0.00000000000000000e0,0.00000000000000000e0,0.00000000000000000e0,0.00000000000000000e0,0.00000000000000000e0,0.00000000000000000e0,0.00000000000000000e0
partial,32,0.00000000000000000e0,6.99999999999999956e-1,3.38903645275006271e-1,4.92263014895647721e0,6.61097818287482486e-1,8.99093032870976216e0,1.22758968745385530e1,1.00000146356248898e0,2.61894573522047942e1,2.61894573522047942e1,0.00000000000000000e0,0.00000000000000000e0,0.00000000000000000e0,-2.22044279949352293e-16,-1.35654344838932330e-16,-1.35654344838932330e-16,0.00000000000000000e0,0.00000000000000000e0,4.96780810168608658e-2,4.93975958088236633e-2,0,0,0.00000000000000000e0,0,0,0.00000000000000000e0,6.338500000e-5,NaN,1.78881509140760508e-1,1.20694698548538093e-1,3.90985390396825228e-2,2.28898546025162425e-4,0.00000000000000000e0,0.00000000000000000e0,0.00000000000000000e0,0.00000000000000000e0,0.00000000000000000e0,0.00000000000000000e0,0.00000000000000000e0,0.00000000000000000e0,0.00000000000000000e0,0.00000000000000000e0,0.00000000000000000e0,0.00000000000000000e0,0.00000000000000000e0,0.00000000000000000e0,0.00000000000000000e0,0.00000000000000000e0,0.00000000000000000e0,0.00000000000000000e0,0.00000000000000000e0,0.00000000000000000e0,0.00000000000000000e0,0.00000000000000000e0,0.00000000000000000e0,0.00000000000000000e0,0.00000000000000000e0,0.00000000000000000e0,0.00000000000000000e0,0.00000000000000000e0
partial,32,0.00000000000000000e0,8.00000000000000044e-1,7.46507759845612823e-2,1.04676597755431966e0,9.25350687577927600e-1,1.25847693510598138e1,1.25579220235906579e1,1.00000146356248898e0,2.61894573522047942e1,2.61894573522047942e1,0.00000000000000000e0,0.00000000000000000e0,0.00000000000000000e0,0.00000000000000000e0,-1.35654344838932330e-16,-1.35654344838932330e-16,0.00000000000000000e0,0.00000000000000000e0,3.23306103072274267e-2,3.20837978418921088e-2,0,0,0.00000000000000000e0,0,0,0.00000000000000000e0,7.247900000e-5,NaN,6.58375126391258364e-2,8.76331556740406192e-3,4.99477780313952046e-5,0.00000000000000000e0,0.00000000000000000e0,0.00000000000000000e0,0.00000000000000000e0,0.00000000000000000e0,0.00000000000000000e0,0.00000000000000000e0,0.00000000000000000e0,0.00000000000000000e0,0.00000000000000000e0,0.00000000000000000e0,0.00000000000000000e0,0.00000000000000000e0,0.00000000000000000e0,0.00000000000000000e0,0.00000000000000000e0,0.00000000000000000e0,0.00000000000000000e0,0.00000000000000000e0,0.00000000000000000e0,0.00000000000000000e0,0.00000000000000000e0,0.00000000000000000e0,0.00000000000000000e0,0.00000000000000000e0,0.00000000000000000e0,0.00000000000000000e0,0.00000000000000000e0,0.00000000000000000e0
partial,32,0.00000000000000000e0,9.00000000000000022e-1,1.67307794433934357e-4,2.31591069914301086e-3,9.99834155768054789e-1,1.35977445184455448e1,1.25893969230601037e1,1.00000146356248898e0,2.61894573522047942e1,2.61894573522047942e1,0.00000000000000000e0,0.00000000000000000e0,0.00000000000000000e0,-2.22044279949352293e-16,-1.35654344838932330e-16,-1.35654344838932330e-16,0.00000000000000000e0,0.00000000000000000e0,1.67307794433934384e-4,1.67307794433934357e-4,0,0,0.00000000000000000e0,0,0,0.00000000000000000e0,7.954900000e-5,NaN,1.67307794433934357e-4,0.00000000000000000e0,0.00000000000000000e0,0.00000000000000000e0,0.00000000000000000e0,0.00000000000000000e0,0.00000000000000000e0,0.00000000000000000e0,0.00000000000000000e0,0.00000000000000000e0,0.00000000000000000e0,0.00000000000000000e0,0.00000000000000000e0,0.00000000000000000e0,0.00000000000000000e0,0.00000000000000000e0,0.00000000000000000e0,0.00000000000000000e0,0.00000000000000000e0,0.00000000000000000e0,0.00000000000000000e0,0.00000000000000000e0,0.00000000000000000e0,0.00000000000000000e0,0.00000000000000000e0,0.00000000000000000e0,0.00000000000000000e0,0.00000000000000000e0,0.00000000000000000e0,0.00000000000000000e0,0.00000000000000000e0,0.00000000000000000e0
partial,32,0.00000000000000000e0,1.00000000000000000e0,0.00000000000000000e0,0.00000000000000000e0,1.00000146356248876e0,1.36000199044498462e1,1.25894374477549444e1,1.00000146356248898e0,2.61894573522047942e1,2.61894573522047942e1,0.00000000000000000e0,0.00000000000000000e0,0.00000000000000000e0,-2.22044279949352293e-16,-1.35654344838932330e-16,-1.35654344838932330e-16,0.00000000000000000e0,0.00000000000000000e0,0.00000000000000000e0,0.00000000000000000e0,0,0,0.00000000000000000e0,0,0,0.00000000000000000e0,8.743100000e-5,NaN,0.00000000000000000e0,0.00000000000000000e0,0.00000000000000000e0,0.00000000000000000e0,0.00000000000000000e0,0.00000000000000000e0,0.00000000000000000e0,0.00000000000000000e0,0.00000000000000000e0,0.00000000000000000e0,0.00000000000000000e0,0.00000000000000000e0,0.00000000000000000e0,0.00000000000000000e0,0.00000000000000000e0,0.00000000000000000e0,0.00000000000000000e0,0.00000000000000000e0,0.00000000000000000e0,0.00000000000000000e0,0.00000000000000000e0,0.00000000000000000e0,0.00000000000000000e0,0.00000000000000000e0,0.00000000000000000e0,0.00000000000000000e0,0.00000000000000000e0,0.00000000000000000e0,0.00000000000000000e0,0.00000000000000000e0,0.00000000000000000e0,0.00000000000000000e0
stock,64,0.00000000000000000e0,0.00000000000000000e0,9.99999994792507785e-1,2.61803010309925170e1,0.00000000000000000e0,0.00000000000000000e0,0.00000000000000000e0,9.99999994792507785e-1,2.61803010309925170e1,2.61803010309925170e1,0.00000000000000000e0,0.00000000000000000e0,0.00000000000000000e0,0.00000000000000000e0,0.00000000000000000e0,0.00000000000000000e0,NaN,0.00000000000000000e0,NaN,NaN,0,0,0.00000000000000000e0,0,0,0.00000000000000000e0,2.121200000e-5,0.00000000000000000e0,0.00000000000000000e0,0.00000000000000000e0,0.00000000000000000e0,0.00000000000000000e0,0.00000000000000000e0,0.00000000000000000e0,1.58404693742727359e-3,6.55232176332501692e-2,1.51220679024865606e-1,1.94071820979935472e-1,2.05486401920310563e-1,1.89931901153350985e-1,1.41359855420198771e-1,5.05260693203414615e-2,2.96002402827450287e-4,0.00000000000000000e0,0.00000000000000000e0,0.00000000000000000e0,0.00000000000000000e0,0.00000000000000000e0,0.00000000000000000e0,0.00000000000000000e0,0.00000000000000000e0,0.00000000000000000e0,0.00000000000000000e0,0.00000000000000000e0,0.00000000000000000e0,0.00000000000000000e0,0.00000000000000000e0,0.00000000000000000e0,0.00000000000000000e0,0.00000000000000000e0
stock,64,0.00000000000000000e0,2.00000000000000011e-1,9.99999994792507785e-1,2.14346175789127713e1,0.00000000000000000e0,0.00000000000000000e0,4.74568345207974929e0,9.99999994792507785e-1,2.61803010309925170e1,2.61803010309925170e1,0.00000000000000000e0,0.00000000000000000e0,0.00000000000000000e0,0.00000000000000000e0,1.35701788707271191e-16,1.35701788707271191e-16,NaN,0.00000000000000000e0,NaN,NaN,0,0,0.00000000000000000e0,0,0,0.00000000000000000e0,3.488200000e-5,0.00000000000000000e0,0.00000000000000000e0,0.00000000000000000e0,0.00000000000000000e0,7.93676351770011140e-3,9.07359402478993271e-2,1.65549895961822624e-1,1.99526184798341888e-1,2.04189697799221276e-1,1.81373777383125767e-1,1.22424188895899191e-1,2.82635235438731258e-2,2.26446244297772858e-8,0.00000000000000000e0,0.00000000000000000e0,0.00000000000000000e0,0.00000000000000000e0,0.00000000000000000e0,0.00000000000000000e0,0.00000000000000000e0,0.00000000000000000e0,0.00000000000000000e0,0.00000000000000000e0,0.00000000000000000e0,0.00000000000000000e0,0.00000000000000000e0,0.00000000000000000e0,0.00000000000000000e0,0.00000000000000000e0,0.00000000000000000e0,0.00000000000000000e0,0.00000000000000000e0,0.00000000000000000e0
stock,64,0.00000000000000000e0,4.00000000000000022e-1,9.99999994792507785e-1,1.75491805923218038e1,0.00000000000000000e0,0.00000000000000000e0,8.63112043867071321e0,9.99999994792507785e-1,2.61803010309925170e1,2.61803010309925170e1,0.00000000000000000e0,0.00000000000000000e0,0.00000000000000000e0,0.00000000000000000e0,0.00000000000000000e0,0.00000000000000000e0,NaN,0.00000000000000000e0,NaN,NaN,0,0,0.00000000000000000e0,0,0,0.00000000000000000e0,4.906400000e-5,0.00000000000000000e0,1.60363146963829577e-2,1.06691522323669685e-1,1.73751637033180001e-1,2.02189180475890129e-1,2.02360030865242430e-1,1.74331394978896131e-1,1.07856895916891987e-1,1.67830185023543771e-2,0.00000000000000000e0,0.00000000000000000e0,0.00000000000000000e0,0.00000000000000000e0,0.00000000000000000e0,0.00000000000000000e0,0.00000000000000000e0,0.00000000000000000e0,0.00000000000000000e0,0.00000000000000000e0,0.00000000000000000e0,0.00000000000000000e0,0.00000000000000000e0,0.00000000000000000e0,0.00000000000000000e0,0.00000000000000000e0,0.00000000000000000e0,0.00000000000000000e0,0.00000000000000000e0,0.00000000000000000e0,0.00000000000000000e0,0.00000000000000000e0,0.00000000000000000e0,0.00000000000000000e0
stock,64,0.00000000000000000e0,5.00000000000000000e-1,9.29934367646796378e-1,1.49487714086939061e1,7.00656271457115037e-2,9.52892529181676662e-1,1.02786370931169309e1,9.99999994792507785e-1,2.61803010309925170e1,2.61803010309925170e1,0.00000000000000000e0,0.00000000000000000e0,0.00000000000000000e0,1.11022303040663430e-16,-1.35701788707271191e-16,-1.35701788707271191e-16,NaN,0.00000000000000000e0,NaN,NaN,0,0,0.00000000000000000e0,0,0,0.00000000000000000e0,6.198300000e-5,0.00000000000000000e0,1.52797673120156935e-1,1.94709315834274366e-1,2.05430625867453309e-1,1.89160906021913738e-1,1.39583291400801029e-1,4.80545985516883517e-2,1.97956850508584594e-4,0.00000000000000000e0,0.00000000000000000e0,0.00000000000000000e0,0.00000000000000000e0,0.00000000000000000e0,0.00000000000000000e0,0.00000000000000000e0,0.00000000000000000e0,0.00000000000000000e0,0.00000000000000000e0,0.00000000000000000e0,0.00000000000000000e0,0.00000000000000000e0,0.00000000000000000e0,0.00000000000000000e0,0.00000000000000000e0,0.00000000000000000e0,0.00000000000000000e0,0.00000000000000000e0,0.00000000000000000e0,0.00000000000000000e0,0.00000000000000000e0,0.00000000000000000e0,0.00000000000000000e0,0.00000000000000000e0
stock,64,0.00000000000000000e0,5.99999999999999978e-1,6.56384044337889772e-1,9.96705845497635678e0,3.43615950454618124e-1,4.67317692618280756e0,1.15400656498333536e1,9.99999994792507785e-1,2.61803010309925170e1,2.61803010309925170e1,0.00000000000000000e0,0.00000000000000000e0,0.00000000000000000e0,1.11022303040663430e-16,0.00000000000000000e0,0.00000000000000000e0,NaN,0.00000000000000000e0,NaN,NaN,0,0,0.00000000000000000e0,0,0,0.00000000000000000e0,7.570400000e-5,0.00000000000000000e0,2.04639961510917345e-1,1.98419508130774025e-1,1.62452812210578418e-1,8.49835563809566846e-2,5.88820610466319564e-3,0.00000000000000000e0,0.00000000000000000e0,0.00000000000000000e0,0.00000000000000000e0,0.00000000000000000e0,0.00000000000000000e0,0.00000000000000000e0,0.00000000000000000e0,0.00000000000000000e0,0.00000000000000000e0,0.00000000000000000e0,0.00000000000000000e0,0.00000000000000000e0,0.00000000000000000e0,0.00000000000000000e0,0.00000000000000000e0,0.00000000000000000e0,0.00000000000000000e0,0.00000000000000000e0,0.00000000000000000e0,0.00000000000000000e0,0.00000000000000000e0,0.00000000000000000e0,0.00000000000000000e0,0.00000000000000000e0,0.00000000000000000e0,0.00000000000000000e0
stock,64,0.00000000000000000e0,6.99999999999999956e-1,3.32061512467522579e-1,4.81378738316256793e0,6.67938482324985094e-1,9.08396335961979773e0,1.22825502882101461e1,9.99999994792507785e-1,2.61803010309925170e1,2.61803010309925170e1,0.00000000000000000e0,0.00000000000000000e0,0.00000000000000000e0,-1.11022303040663430e-16,-2.71403577414542382e-16,-2.71403577414542382e-16,NaN,0.00000000000000000e0,NaN,NaN,0,0,0.00000000000000000e0,0,0,0.00000000000000000e0,8.915400000e-5,0.00000000000000000e0,1.81373777383125767e-1,1.22424188895899191e-1,2.82635235438731258e-2,2.26446244297772858e-8,0.00000000000000000e0,0.00000000000000000e0,0.00000000000000000e0,0.00000000000000000e0,0.00000000000000000e0,0.00000000000000000e0,0.00000000000000000e0,0.00000000000000000e0,0.00000000000000000e0,0.00000000000000000e0,0.00000000000000000e0,0.00000000000000000e0,0.00000000000000000e0,0.00000000000000000e0,0.00000000000000000e0,0.00000000000000000e0,0.00000000000000000e0,0.00000000000000000e0,0.00000000000000000e0,0.00000000000000000e0,0.00000000000000000e0,0.00000000000000000e0,0.00000000000000000e0,0.00000000000000000e0,0.00000000000000000e0,0.00000000000000000e0,0.00000000000000000e0,0.00000000000000000e0
stock,64,0.00000000000000000e0,8.00000000000000044e-1,6.82928282185363000e-2,9.52154487270143735e-1,9.31707166573971457e-1,1.26712174654060128e1,1.25569290783163563e1,9.99999994792507785e-1,2.61803010309925170e1,2.61803010309925170e1,0.00000000000000000e0,0.00000000000000000e0,0.00000000000000000e0,0.00000000000000000e0,-1.35701788707271191e-16,-1.35701788707271191e-16,NaN,0.00000000000000000e0,NaN,NaN,0,0,0.00000000000000000e0,0,0,0.00000000000000000e0,1.034450000e-4,0.00000000000000000e0,6.65858470861300095e-2,1.70698113240631247e-3,0.00000000000000000e0,0.00000000000000000e0,0.00000000000000000e0,0.00000000000000000e0,0.00000000000000000e0,0.00000000000000000e0,0.00000000000000000e0,0.00000000000000000e0,0.00000000000000000e0,0.00000000000000000e0,0.00000000000000000e0,0.00000000000000000e0,0.00000000000000000e0,0.00000000000000000e0,0.00000000000000000e0,0.00000000000000000e0,0.00000000000000000e0,0.00000000000000000e0,0.00000000000000000e0,0.00000000000000000e0,0.00000000000000000e0,0.00000000000000000e0,0.00000000000000000e0,0.00000000000000000e0,0.00000000000000000e0,0.00000000000000000e0,0.00000000000000000e0,0.00000000000000000e0,0.00000000000000000e0,0.00000000000000000e0
stock,64,0.00000000000000000e0,9.00000000000000022e-1,0.00000000000000000e0,0.00000000000000000e0,9.99999994792507785e-1,1.35999999291781055e1,1.25803011018144115e1,9.99999994792507785e-1,2.61803010309925170e1,2.61803010309925170e1,0.00000000000000000e0,0.00000000000000000e0,0.00000000000000000e0,0.00000000000000000e0,0.00000000000000000e0,0.00000000000000000e0,NaN,0.00000000000000000e0,NaN,NaN,0,0,0.00000000000000000e0,0,0,0.00000000000000000e0,1.157140000e-4,0.00000000000000000e0,0.00000000000000000e0,0.00000000000000000e0,0.00000000000000000e0,0.00000000000000000e0,0.00000000000000000e0,0.00000000000000000e0,0.00000000000000000e0,0.00000000000000000e0,0.00000000000000000e0,0.00000000000000000e0,0.00000000000000000e0,0.00000000000000000e0,0.00000000000000000e0,0.00000000000000000e0,0.00000000000000000e0,0.00000000000000000e0,0.00000000000000000e0,0.00000000000000000e0,0.00000000000000000e0,0.00000000000000000e0,0.00000000000000000e0,0.00000000000000000e0,0.00000000000000000e0,0.00000000000000000e0,0.00000000000000000e0,0.00000000000000000e0,0.00000000000000000e0,0.00000000000000000e0,0.00000000000000000e0,0.00000000000000000e0,0.00000000000000000e0,0.00000000000000000e0
stock,64,0.00000000000000000e0,1.00000000000000000e0,0.00000000000000000e0,0.00000000000000000e0,9.99999994792507785e-1,1.35999999291781055e1,1.25803011018144115e1,9.99999994792507785e-1,2.61803010309925170e1,2.61803010309925170e1,0.00000000000000000e0,0.00000000000000000e0,0.00000000000000000e0,0.00000000000000000e0,0.00000000000000000e0,0.00000000000000000e0,NaN,0.00000000000000000e0,NaN,NaN,0,0,0.00000000000000000e0,0,0,0.00000000000000000e0,1.264800000e-4,0.00000000000000000e0,0.00000000000000000e0,0.00000000000000000e0,0.00000000000000000e0,0.00000000000000000e0,0.00000000000000000e0,0.00000000000000000e0,0.00000000000000000e0,0.00000000000000000e0,0.00000000000000000e0,0.00000000000000000e0,0.00000000000000000e0,0.00000000000000000e0,0.00000000000000000e0,0.00000000000000000e0,0.00000000000000000e0,0.00000000000000000e0,0.00000000000000000e0,0.00000000000000000e0,0.00000000000000000e0,0.00000000000000000e0,0.00000000000000000e0,0.00000000000000000e0,0.00000000000000000e0,0.00000000000000000e0,0.00000000000000000e0,0.00000000000000000e0,0.00000000000000000e0,0.00000000000000000e0,0.00000000000000000e0,0.00000000000000000e0,0.00000000000000000e0,0.00000000000000000e0
partial,64,0.00000000000000000e0,0.00000000000000000e0,9.99999994792507674e-1,2.61824279059542313e1,0.00000000000000000e0,0.00000000000000000e0,0.00000000000000000e0,9.99999994792507785e-1,2.61824279059542313e1,2.61824279059542313e1,0.00000000000000000e0,0.00000000000000000e0,0.00000000000000000e0,-1.11022303040663430e-16,0.00000000000000000e0,0.00000000000000000e0,0.00000000000000000e0,0.00000000000000000e0,5.23720077094550276e-2,5.19396476417796071e-2,0,0,0.00000000000000000e0,0,0,0.00000000000000000e0,1.835700000e-5,NaN,0.00000000000000000e0,0.00000000000000000e0,0.00000000000000000e0,0.00000000000000000e0,0.00000000000000000e0,0.00000000000000000e0,1.58404693742727250e-3,6.55232176332501692e-2,1.51220679024865606e-1,1.94071820979935333e-1,2.05486401920310785e-1,1.89931901153350818e-1,1.41359855420198910e-1,5.05260693203414199e-2,2.96002402827450070e-4,0.00000000000000000e0,0.00000000000000000e0,0.00000000000000000e0,0.00000000000000000e0,0.00000000000000000e0,0.00000000000000000e0,0.00000000000000000e0,0.00000000000000000e0,0.00000000000000000e0,0.00000000000000000e0,0.00000000000000000e0,0.00000000000000000e0,0.00000000000000000e0,0.00000000000000000e0,0.00000000000000000e0,0.00000000000000000e0,0.00000000000000000e0
partial,64,0.00000000000000000e0,2.00000000000000011e-1,9.99999994792507674e-1,2.14363589168518693e1,0.00000000000000000e0,0.00000000000000000e0,4.74606898910235486e0,9.99999994792507785e-1,2.61824279059542313e1,2.61824279059542313e1,0.00000000000000000e0,0.00000000000000000e0,0.00000000000000000e0,-1.11022303040663430e-16,-2.71381530510588500e-16,-2.71381530510588500e-16,0.00000000000000000e0,0.00000000000000000e0,5.23720077094550138e-2,5.19396476417796210e-2,0,0,0.00000000000000000e0,0,0,0.00000000000000000e0,3.249800000e-5,NaN,0.00000000000000000e0,0.00000000000000000e0,8.94637635147157733e-15,9.67723564049209964e-3,8.56217231417979729e-2,1.62054265880800991e-1,1.97858923734064274e-1,2.03707123201065599e-1,1.81886165080988899e-1,1.24335148202544876e-1,3.46864608115626458e-2,1.72949099181446029e-4,0.00000000000000000e0,0.00000000000000000e0,0.00000000000000000e0,0.00000000000000000e0,0.00000000000000000e0,0.00000000000000000e0,0.00000000000000000e0,0.00000000000000000e0,0.00000000000000000e0,0.00000000000000000e0,0.00000000000000000e0,0.00000000000000000e0,0.00000000000000000e0,0.00000000000000000e0,0.00000000000000000e0,0.00000000000000000e0,0.00000000000000000e0,0.00000000000000000e0,0.00000000000000000e0,0.00000000000000000e0
partial,64,0.00000000000000000e0,4.00000000000000022e-1,9.99999994792489688e-1,1.75506062792438016e1,1.78927527029431168e-14,2.43341436760026381e-13,8.63182162671018105e0,9.99999994792507785e-1,2.61824279059542313e1,2.61824279059542313e1,0.00000000000000000e0,0.00000000000000000e0,0.00000000000000000e0,-2.22044606081326860e-16,-2.71381530510588500e-16,-2.71381530510588500e-16,0.00000000000000000e0,0.00000000000000000e0,5.23720077094830122e-2,5.19396476417618436e-2,0,0,0.00000000000000000e0,0,0,0.00000000000000000e0,4.988500000e-5,NaN,1.77704243435569606e-2,1.05720228650346110e-1,1.72887852736735959e-1,2.01646026488192853e-1,2.01927844481820801e-1,1.73840429008627284e-1,1.07310440984890842e-1,1.88468523027836010e-2,4.98957955354440753e-5,0.00000000000000000e0,0.00000000000000000e0,0.00000000000000000e0,0.00000000000000000e0,0.00000000000000000e0,0.00000000000000000e0,0.00000000000000000e0,0.00000000000000000e0,0.00000000000000000e0,0.00000000000000000e0,0.00000000000000000e0,0.00000000000000000e0,0.00000000000000000e0,0.00000000000000000e0,0.00000000000000000e0,0.00000000000000000e0,0.00000000000000000e0,0.00000000000000000e0,0.00000000000000000e0,0.00000000000000000e0,0.00000000000000000e0,0.00000000000000000e0,0.00000000000000000e0
partial,64,0.00000000000000000e0,5.00000000000000000e-1,9.30228083811186823e-1,1.49560197873859515e1,6.97719109813208643e-2,9.48897989345963588e-1,1.02775101292223177e1,9.99999994792507785e-1,2.61824279059542313e1,2.61824279059542313e1,0.00000000000000000e0,0.00000000000000000e0,0.00000000000000000e0,-1.11022303040663430e-16,1.35690765255294250e-16,1.35690765255294250e-16,0.00000000000000000e0,0.00000000000000000e0,3.72245309296580090e-2,3.69300453743902565e-2,0,0,0.00000000000000000e0,0,0,0.00000000000000000e0,6.611900000e-5,NaN,1.52244657155209961e-1,1.94429773562876440e-1,2.05318226548614757e-1,1.89171427462580005e-1,1.39750699736285400e-1,4.90289277990804059e-2,2.84371546539893155e-4,0.00000000000000000e0,0.00000000000000000e0,0.00000000000000000e0,0.00000000000000000e0,0.00000000000000000e0,0.00000000000000000e0,0.00000000000000000e0,0.00000000000000000e0,0.00000000000000000e0,0.00000000000000000e0,0.00000000000000000e0,0.00000000000000000e0,0.00000000000000000e0,0.00000000000000000e0,0.00000000000000000e0,0.00000000000000000e0,0.00000000000000000e0,0.00000000000000000e0,0.00000000000000000e0,0.00000000000000000e0,0.00000000000000000e0,0.00000000000000000e0,0.00000000000000000e0,0.00000000000000000e0,0.00000000000000000e0
partial,64,0.00000000000000000e0,5.99999999999999978e-1,6.63033550423215767e-1,1.00618331275794706e1,3.36966444369292017e-1,4.58274364342237117e0,1.15378511349523816e1,9.99999994792507785e-1,2.61824279059542313e1,2.61824279059542313e1,0.00000000000000000e0,0.00000000000000000e0,0.00000000000000000e0,0.00000000000000000e0,-4.07072295765882725e-16,-4.07072295765882725e-16,0.00000000000000000e0,0.00000000000000000e0,2.71576790789626772e-2,2.69491748681481152e-2,0,0,0.00000000000000000e0,0,0,0.00000000000000000e0,7.900900000e-5,NaN,2.03751254832537532e-1,1.98419873337467967e-1,1.63356710901893104e-1,8.80790243105207815e-2,9.42668704079637279e-3,0.00000000000000000e0,0.00000000000000000e0,0.00000000000000000e0,0.00000000000000000e0,0.00000000000000000e0,0.00000000000000000e0,0.00000000000000000e0,0.00000000000000000e0,0.00000000000000000e0,0.00000000000000000e0,0.00000000000000000e0,0.00000000000000000e0,0.00000000000000000e0,0.00000000000000000e0,0.00000000000000000e0,0.00000000000000000e0,0.00000000000000000e0,0.00000000000000000e0,0.00000000000000000e0,0.00000000000000000e0,0.00000000000000000e0,0.00000000000000000e0,0.00000000000000000e0,0.00000000000000000e0,0.00000000000000000e0,0.00000000000000000e0,0.00000000000000000e0
partial,64,0.00000000000000000e0,6.99999999999999956e-1,3.37202321442045039e-1,4.88756874936001662e0,6.62797673350462802e-1,9.01404835756629197e0,1.22808107990279165e1,9.99999994792507785e-1,2.61824279059542313e1,2.61824279059542313e1,0.00000000000000000e0,0.00000000000000000e0,0.00000000000000000e0,0.00000000000000000e0,-1.35690765255294250e-16,-1.35690765255294250e-16,0.00000000000000000e0,0.00000000000000000e0,2.49586820564955854e-2,2.47569879325058168e-2,0,0,0.00000000000000000e0,0,0,0.00000000000000000e0,9.120700000e-5,NaN,1.81125691390217808e-1,1.22725992518631810e-1,3.31893192903014930e-2,1.61318242893890171e-4,0.00000000000000000e0,0.00000000000000000e0,0.00000000000000000e0,0.00000000000000000e0,0.00000000000000000e0,0.00000000000000000e0,0.00000000000000000e0,0.00000000000000000e0,0.00000000000000000e0,0.00000000000000000e0,0.00000000000000000e0,0.00000000000000000e0,0.00000000000000000e0,0.00000000000000000e0,0.00000000000000000e0,0.00000000000000000e0,0.00000000000000000e0,0.00000000000000000e0,0.00000000000000000e0,0.00000000000000000e0,0.00000000000000000e0,0.00000000000000000e0,0.00000000000000000e0,0.00000000000000000e0,0.00000000000000000e0,0.00000000000000000e0,0.00000000000000000e0,0.00000000000000000e0
partial,64,0.00000000000000000e0,8.00000000000000044e-1,7.17273506230572122e-2,1.00092153944592765e0,9.28272644169450656e-1,1.26245079607045270e1,1.25569984058037729e1,9.99999994792507785e-1,2.61824279059542313e1,2.61824279059542313e1,0.00000000000000000e0,0.00000000000000000e0,0.00000000000000000e0,1.11022303040663430e-16,-1.35690765255294250e-16,-1.35690765255294250e-16,0.00000000000000000e0,0.00000000000000000e0,1.53624088148274149e-2,1.52560923984165903e-2,0,0,0.00000000000000000e0,0,0,0.00000000000000000e0,1.033650000e-4,NaN,6.73425601474897106e-2,4.38479047556749289e-3,0.00000000000000000e0,0.00000000000000000e0,0.00000000000000000e0,0.00000000000000000e0,0.00000000000000000e0,0.00000000000000000e0,0.00000000000000000e0,0.00000000000000000e0,0.00000000000000000e0,0.00000000000000000e0,0.00000000000000000e0,0.00000000000000000e0,0.00000000000000000e0,0.00000000000000000e0,0.00000000000000000e0,0.00000000000000000e0,0.00000000000000000e0,0.00000000000000000e0,0.00000000000000000e0,0.00000000000000000e0,0.00000000000000000e0,0.00000000000000000e0,0.00000000000000000e0,0.00000000000000000e0,0.00000000000000000e0,0.00000000000000000e0,0.00000000000000000e0,0.00000000000000000e0,0.00000000000000000e0,0.00000000000000000e0
partial,64,0.00000000000000000e0,9.00000000000000022e-1,3.82649392478861234e-5,5.21453161180925658e-4,9.99961729853259818e-1,1.35994795260043322e1,1.25824269267887132e1,9.99999994792507785e-1,2.61824279059542313e1,2.61824279059542313e1,0.00000000000000000e0,0.00000000000000000e0,0.00000000000000000e0,-1.11022303040663430e-16,-1.35690765255294250e-16,-1.35690765255294250e-16,0.00000000000000000e0,0.00000000000000000e0,3.82649392478861302e-5,3.82649392478861167e-5,0,0,0.00000000000000000e0,0,0,0.00000000000000000e0,1.159640000e-4,NaN,3.82649392478861234e-5,0.00000000000000000e0,0.00000000000000000e0,0.00000000000000000e0,0.00000000000000000e0,0.00000000000000000e0,0.00000000000000000e0,0.00000000000000000e0,0.00000000000000000e0,0.00000000000000000e0,0.00000000000000000e0,0.00000000000000000e0,0.00000000000000000e0,0.00000000000000000e0,0.00000000000000000e0,0.00000000000000000e0,0.00000000000000000e0,0.00000000000000000e0,0.00000000000000000e0,0.00000000000000000e0,0.00000000000000000e0,0.00000000000000000e0,0.00000000000000000e0,0.00000000000000000e0,0.00000000000000000e0,0.00000000000000000e0,0.00000000000000000e0,0.00000000000000000e0,0.00000000000000000e0,0.00000000000000000e0,0.00000000000000000e0,0.00000000000000000e0
partial,64,0.00000000000000000e0,1.00000000000000000e0,0.00000000000000000e0,0.00000000000000000e0,9.99999994792507674e-1,1.35999999291781037e1,1.25824279767761240e1,9.99999994792507785e-1,2.61824279059542313e1,2.61824279059542313e1,0.00000000000000000e0,0.00000000000000000e0,0.00000000000000000e0,-1.11022303040663430e-16,-1.35690765255294250e-16,-1.35690765255294250e-16,0.00000000000000000e0,0.00000000000000000e0,0.00000000000000000e0,0.00000000000000000e0,0,0,0.00000000000000000e0,0,0,0.00000000000000000e0,1.281130000e-4,NaN,0.00000000000000000e0,0.00000000000000000e0,0.00000000000000000e0,0.00000000000000000e0,0.00000000000000000e0,0.00000000000000000e0,0.00000000000000000e0,0.00000000000000000e0,0.00000000000000000e0,0.00000000000000000e0,0.00000000000000000e0,0.00000000000000000e0,0.00000000000000000e0,0.00000000000000000e0,0.00000000000000000e0,0.00000000000000000e0,0.00000000000000000e0,0.00000000000000000e0,0.00000000000000000e0,0.00000000000000000e0,0.00000000000000000e0,0.00000000000000000e0,0.00000000000000000e0,0.00000000000000000e0,0.00000000000000000e0,0.00000000000000000e0,0.00000000000000000e0,0.00000000000000000e0,0.00000000000000000e0,0.00000000000000000e0,0.00000000000000000e0,0.00000000000000000e0
stock,128,0.00000000000000000e0,0.00000000000000000e0,1.00000000000645572e0,2.61803012069172674e1,0.00000000000000000e0,0.00000000000000000e0,0.00000000000000000e0,1.00000000000645572e0,2.61803012069172674e1,2.61803012069172674e1,0.00000000000000000e0,0.00000000000000000e0,0.00000000000000000e0,0.00000000000000000e0,0.00000000000000000e0,0.00000000000000000e0,NaN,0.00000000000000000e0,NaN,NaN,0,0,0.00000000000000000e0,0,0,0.00000000000000000e0,3.952000000e-5,0.00000000000000000e0,0.00000000000000000e0,0.00000000000000000e0,0.00000000000000000e0,0.00000000000000000e0,0.00000000000000000e0,0.00000000000000000e0,1.58404660258553700e-3,6.55232176332506411e-2,1.51220679024865579e-1,1.94071820979935555e-1,2.05486401920310591e-1,1.89931901153351013e-1,1.41359855420198799e-1,5.05260693203321357e-2,2.96007951625780713e-4,0.00000000000000000e0,0.00000000000000000e0,0.00000000000000000e0,0.00000000000000000e0,0.00000000000000000e0,0.00000000000000000e0,0.00000000000000000e0,0.00000000000000000e0,0.00000000000000000e0,0.00000000000000000e0,0.00000000000000000e0,0.00000000000000000e0,0.00000000000000000e0,0.00000000000000000e0,0.00000000000000000e0,0.00000000000000000e0,0.00000000000000000e0
stock,128,0.00000000000000000e0,2.00000000000000011e-1,1.00000000000645572e0,2.14346177229477739e1,0.00000000000000000e0,0.00000000000000000e0,4.74568348396949702e0,1.00000000000645572e0,2.61803012069172674e1,2.61803012069172674e1,0.00000000000000000e0,0.00000000000000000e0,0.00000000000000000e0,0.00000000000000000e0,1.35701787795390805e-16,1.35701787795390805e-16,NaN,0.00000000000000000e0,NaN,NaN,0,0,0.00000000000000000e0,0,0,0.00000000000000000e0,6.492800000e-5,0.00000000000000000e0,0.00000000000000000e0,0.00000000000000000e0,0.00000000000000000e0,6.50527947346042287e-3,8.67438467657062895e-2,1.63402452076202687e-1,1.98759959908458905e-1,2.04504554281632028e-1,1.82893646346583671e-1,1.25684181902763287e-1,3.15049116961106379e-2,1.16755553770205353e-6,0.00000000000000000e0,0.00000000000000000e0,0.00000000000000000e0,0.00000000000000000e0,0.00000000000000000e0,0.00000000000000000e0,0.00000000000000000e0,0.00000000000000000e0,0.00000000000000000e0,0.00000000000000000e0,0.00000000000000000e0,0.00000000000000000e0,0.00000000000000000e0,0.00000000000000000e0,0.00000000000000000e0,0.00000000000000000e0,0.00000000000000000e0,0.00000000000000000e0,0.00000000000000000e0,0.00000000000000000e0
stock,128,0.00000000000000000e0,4.00000000000000022e-1,1.00000000000645572e0,1.75491807102477004e1,0.00000000000000000e0,0.00000000000000000e0,8.63112049666958114e0,1.00000000000645572e0,2.61803012069172674e1,2.61803012069172674e1,0.00000000000000000e0,0.00000000000000000e0,0.00000000000000000e0,0.00000000000000000e0,5.42807151181563219e-16,5.42807151181563219e-16,NaN,0.00000000000000000e0,NaN,NaN,0,0,0.00000000000000000e0,0,0,0.00000000000000000e0,8.968500000e-5,0.00000000000000000e0,1.61203087004689917e-2,1.06798403334149805e-1,1.73803147305451766e-1,2.02202587995427202e-1,2.02340614849015249e-1,1.74271522766819759e-1,1.07739864213172526e-1,1.67235508419502112e-2,0.00000000000000000e0,0.00000000000000000e0,0.00000000000000000e0,0.00000000000000000e0,0.00000000000000000e0,0.00000000000000000e0,0.00000000000000000e0,0.00000000000000000e0,0.00000000000000000e0,0.00000000000000000e0,0.00000000000000000e0,0.00000000000000000e0,0.00000000000000000e0,0.00000000000000000e0,0.00000000000000000e0,0.00000000000000000e0,0.00000000000000000e0,0.00000000000000000e0,0.00000000000000000e0,0.00000000000000000e0,0.00000000000000000e0,0.00000000000000000e0,0.00000000000000000e0,0.00000000000000000e0
stock,128,0.00000000000000000e0,5.00000000000000000e-1,9.31418998366054018e-1,1.49689563888887527e1,6.85810016404018730e-2,9.32701622309465406e-1,1.02786431957190452e1,1.00000000000645572e0,2.61803012069172674e1,2.61803012069172674e1,0.00000000000000000e0,0.00000000000000000e0,0.00000000000000000e0,2.22044604923597849e-16,-1.35701787795390805e-16,-1.35701787795390805e-16,NaN,0.00000000000000000e0,NaN,NaN,0,0,0.00000000000000000e0,0,0,0.00000000000000000e0,1.124390000e-4,0.00000000000000000e0,1.52012027655527460e-1,1.94392478362545196e-1,2.05460155648812814e-1,1.89548423228321078e-1,1.40474584820644566e-1,4.92870726624258584e-2,2.44255987776862121e-4,0.00000000000000000e0,0.00000000000000000e0,0.00000000000000000e0,0.00000000000000000e0,0.00000000000000000e0,0.00000000000000000e0,0.00000000000000000e0,0.00000000000000000e0,0.00000000000000000e0,0.00000000000000000e0,0.00000000000000000e0,0.00000000000000000e0,0.00000000000000000e0,0.00000000000000000e0,0.00000000000000000e0,0.00000000000000000e0,0.00000000000000000e0,0.00000000000000000e0,0.00000000000000000e0,0.00000000000000000e0,0.00000000000000000e0,0.00000000000000000e0,0.00000000000000000e0,0.00000000000000000e0,0.00000000000000000e0
stock,128,0.00000000000000000e0,5.99999999999999978e-1,6.63197127752398807e-1,1.00597860897197506e1,3.36802872254056695e-1,4.58051906265517239e0,1.15399960545423355e1,1.00000000000645572e0,2.61803012069172674e1,2.61803012069172674e1,0.00000000000000000e0,0.00000000000000000e0,0.00000000000000000e0,-2.22044604923597849e-16,-4.07105363386172439e-16,-4.07105363386172439e-16,NaN,0.00000000000000000e0,NaN,NaN,0,0,0.00000000000000000e0,0,0,0.00000000000000000e0,1.360350000e-4,0.00000000000000000e0,2.04378831207113615e-1,1.99076322042023995e-1,1.64284785902291480e-1,8.83787886784506427e-2,7.07839992251906545e-3,0.00000000000000000e0,0.00000000000000000e0,0.00000000000000000e0,0.00000000000000000e0,0.00000000000000000e0,0.00000000000000000e0,0.00000000000000000e0,0.00000000000000000e0,0.00000000000000000e0,0.00000000000000000e0,0.00000000000000000e0,0.00000000000000000e0,0.00000000000000000e0,0.00000000000000000e0,0.00000000000000000e0,0.00000000000000000e0,0.00000000000000000e0,0.00000000000000000e0,0.00000000000000000e0,0.00000000000000000e0,0.00000000000000000e0,0.00000000000000000e0,0.00000000000000000e0,0.00000000000000000e0,0.00000000000000000e0,0.00000000000000000e0,0.00000000000000000e0
stock,128,0.00000000000000000e0,6.99999999999999956e-1,3.34572626170889120e-1,4.84791544016490761e0,6.65427373835566383e-1,9.04981228416370342e0,1.22825734825886492e1,1.00000000000645572e0,2.61803012069172674e1,2.61803012069172674e1,0.00000000000000000e0,0.00000000000000000e0,0.00000000000000000e0,-2.22044604923597849e-16,-2.71403575590781610e-16,-2.71403575590781610e-16,NaN,0.00000000000000000e0,NaN,NaN,0,0,0.00000000000000000e0,0,0,0.00000000000000000e0,1.581780000e-4,0.00000000000000000e0,1.81846707024863108e-1,1.23440508945963742e-1,2.92851360713497905e-2,2.74128712623175182e-7,0.00000000000000000e0,0.00000000000000000e0,0.00000000000000000e0,0.00000000000000000e0,0.00000000000000000e0,0.00000000000000000e0,0.00000000000000000e0,0.00000000000000000e0,0.00000000000000000e0,0.00000000000000000e0,0.00000000000000000e0,0.00000000000000000e0,0.00000000000000000e0,0.00000000000000000e0,0.00000000000000000e0,0.00000000000000000e0,0.00000000000000000e0,0.00000000000000000e0,0.00000000000000000e0,0.00000000000000000e0,0.00000000000000000e0,0.00000000000000000e0,0.00000000000000000e0,0.00000000000000000e0,0.00000000000000000e0,0.00000000000000000e0,0.00000000000000000e0,0.00000000000000000e0
stock,128,0.00000000000000000e0,8.00000000000000044e-1,6.96055291390008518e-2,9.69988387943263475e-1,9.30394470867455081e-1,1.26533648037973840e1,1.25569480151766228e1,1.00000000000645572e0,2.61803012069172674e1,2.61803012069172674e1,0.00000000000000000e0,0.00000000000000000e0,0.00000000000000000e0,2.22044604923597849e-16,1.35701787795390805e-16,1.35701787795390805e-16,NaN,0.00000000000000000e0,NaN,NaN,0,0,0.00000000000000000e0,0,0,0.00000000000000000e0,1.799510000e-4,0.00000000000000000e0,6.77121633310005383e-2,1.89336580800032197e-3,0.00000000000000000e0,0.00000000000000000e0,0.00000000000000000e0,0.00000000000000000e0,0.00000000000000000e0,0.00000000000000000e0,0.00000000000000000e0,0.00000000000000000e0,0.00000000000000000e0,0.00000000000000000e0,0.00000000000000000e0,0.00000000000000000e0,0.00000000000000000e0,0.00000000000000000e0,0.00000000000000000e0,0.00000000000000000e0,0.00000000000000000e0,0.00000000000000000e0,0.00000000000000000e0,0.00000000000000000e0,0.00000000000000000e0,0.00000000000000000e0,0.00000000000000000e0,0.00000000000000000e0,0.00000000000000000e0,0.00000000000000000e0,0.00000000000000000e0,0.00000000000000000e0,0.00000000000000000e0,0.00000000000000000e0
stock,128,0.00000000000000000e0,9.00000000000000022e-1,0.00000000000000000e0,0.00000000000000000e0,1.00000000000645572e0,1.36000000000877979e1,1.25803012068294642e1,1.00000000000645572e0,2.61803012069172674e1,2.61803012069172674e1,0.00000000000000000e0,0.00000000000000000e0,0.00000000000000000e0,0.00000000000000000e0,-1.35701787795390805e-16,-1.35701787795390805e-16,NaN,0.00000000000000000e0,NaN,NaN,0,0,0.00000000000000000e0,0,0,0.00000000000000000e0,2.001620000e-4,0.00000000000000000e0,0.00000000000000000e0,0.00000000000000000e0,0.00000000000000000e0,0.00000000000000000e0,0.00000000000000000e0,0.00000000000000000e0,0.00000000000000000e0,0.00000000000000000e0,0.00000000000000000e0,0.00000000000000000e0,0.00000000000000000e0,0.00000000000000000e0,0.00000000000000000e0,0.00000000000000000e0,0.00000000000000000e0,0.00000000000000000e0,0.00000000000000000e0,0.00000000000000000e0,0.00000000000000000e0,0.00000000000000000e0,0.00000000000000000e0,0.00000000000000000e0,0.00000000000000000e0,0.00000000000000000e0,0.00000000000000000e0,0.00000000000000000e0,0.00000000000000000e0,0.00000000000000000e0,0.00000000000000000e0,0.00000000000000000e0,0.00000000000000000e0,0.00000000000000000e0
stock,128,0.00000000000000000e0,1.00000000000000000e0,0.00000000000000000e0,0.00000000000000000e0,1.00000000000645572e0,1.36000000000877979e1,1.25803012068294642e1,1.00000000000645572e0,2.61803012069172674e1,2.61803012069172674e1,0.00000000000000000e0,0.00000000000000000e0,0.00000000000000000e0,0.00000000000000000e0,-1.35701787795390805e-16,-1.35701787795390805e-16,NaN,0.00000000000000000e0,NaN,NaN,0,0,0.00000000000000000e0,0,0,0.00000000000000000e0,2.210530000e-4,0.00000000000000000e0,0.00000000000000000e0,0.00000000000000000e0,0.00000000000000000e0,0.00000000000000000e0,0.00000000000000000e0,0.00000000000000000e0,0.00000000000000000e0,0.00000000000000000e0,0.00000000000000000e0,0.00000000000000000e0,0.00000000000000000e0,0.00000000000000000e0,0.00000000000000000e0,0.00000000000000000e0,0.00000000000000000e0,0.00000000000000000e0,0.00000000000000000e0,0.00000000000000000e0,0.00000000000000000e0,0.00000000000000000e0,0.00000000000000000e0,0.00000000000000000e0,0.00000000000000000e0,0.00000000000000000e0,0.00000000000000000e0,0.00000000000000000e0,0.00000000000000000e0,0.00000000000000000e0,0.00000000000000000e0,0.00000000000000000e0,0.00000000000000000e0,0.00000000000000000e0
partial,128,0.00000000000000000e0,0.00000000000000000e0,1.00000000000645572e0,2.61808311943704979e1,0.00000000000000000e0,0.00000000000000000e0,0.00000000000000000e0,1.00000000000645572e0,2.61808311943704979e1,2.61808311943704979e1,0.00000000000000000e0,0.00000000000000000e0,0.00000000000000000e0,0.00000000000000000e0,0.00000000000000000e0,0.00000000000000000e0,0.00000000000000000e0,0.00000000000000000e0,2.61436990815050174e-2,2.59296790917299541e-2,0,0,0.00000000000000000e0,0,0,0.00000000000000000e0,3.467200000e-5,NaN,0.00000000000000000e0,0.00000000000000000e0,0.00000000000000000e0,0.00000000000000000e0,0.00000000000000000e0,0.00000000000000000e0,1.58404660258553570e-3,6.55232176332506411e-2,1.51220679024865606e-1,1.94071820979935333e-1,2.05486401920310813e-1,1.89931901153350846e-1,1.41359855420198938e-1,5.05260693203320732e-2,2.96007951625781526e-4,0.00000000000000000e0,0.00000000000000000e0,0.00000000000000000e0,0.00000000000000000e0,0.00000000000000000e0,0.00000000000000000e0,0.00000000000000000e0,0.00000000000000000e0,0.00000000000000000e0,0.00000000000000000e0,0.00000000000000000e0,0.00000000000000000e0,0.00000000000000000e0,0.00000000000000000e0,0.00000000000000000e0,0.00000000000000000e0,0.00000000000000000e0
partial,128,0.00000000000000000e0,2.00000000000000011e-1,1.00000000000645572e0,2.14350516399744748e1,0.00000000000000000e0,0.00000000000000000e0,4.74577955439602306e0,1.00000000000645572e0,2.61808311943704979e1,2.61808311943704979e1,0.00000000000000000e0,0.00000000000000000e0,0.00000000000000000e0,0.00000000000000000e0,0.00000000000000000e0,0.00000000000000000e0,0.00000000000000000e0,0.00000000000000000e0,2.61436990815049133e-2,2.59296790917299749e-2,0,0,0.00000000000000000e0,0,0,0.00000000000000000e0,5.861800000e-5,NaN,0.00000000000000000e0,0.00000000000000000e0,0.00000000000000000e0,6.89865571241303835e-3,8.64753662321872119e-2,1.63122180371508774e-1,1.98598262111470358e-1,2.04400302987168159e-1,1.82805799195698226e-1,1.25601288623407470e-1,3.20481418706860810e-2,5.00029019162101057e-5,0.00000000000000000e0,0.00000000000000000e0,0.00000000000000000e0,0.00000000000000000e0,0.00000000000000000e0,0.00000000000000000e0,0.00000000000000000e0,0.00000000000000000e0,0.00000000000000000e0,0.00000000000000000e0,0.00000000000000000e0,0.00000000000000000e0,0.00000000000000000e0,0.00000000000000000e0,0.00000000000000000e0,0.00000000000000000e0,0.00000000000000000e0,0.00000000000000000e0,0.00000000000000000e0,0.00000000000000000e0
partial,128,0.00000000000000000e0,4.00000000000000022e-1,1.00000000000641709e0,1.75495359714612107e1,3.85614506038299885e-14,5.24435728212087813e-13,8.63129522290876494e0,1.00000000000645572e0,2.61808311943704979e1,2.61808311943704979e1,0.00000000000000000e0,0.00000000000000000e0,0.00000000000000000e0,0.00000000000000000e0,1.35699040738035057e-16,1.35699040738035057e-16,0.00000000000000000e0,0.00000000000000000e0,2.61436990814742157e-2,2.59296790916908569e-2,0,0,0.00000000000000000e0,0,0,0.00000000000000000e0,8.420700000e-5,NaN,1.66437623494320869e-2,1.06066364835530003e-1,1.73320871936537252e-1,2.01945814266477008e-1,2.02208915821247615e-1,1.74213323310489804e-1,1.07823837063554917e-1,1.77770673727905698e-2,4.30503577224635535e-8,0.00000000000000000e0,0.00000000000000000e0,0.00000000000000000e0,0.00000000000000000e0,0.00000000000000000e0,0.00000000000000000e0,0.00000000000000000e0,0.00000000000000000e0,0.00000000000000000e0,0.00000000000000000e0,0.00000000000000000e0,0.00000000000000000e0,0.00000000000000000e0,0.00000000000000000e0,0.00000000000000000e0,0.00000000000000000e0,0.00000000000000000e0,0.00000000000000000e0,0.00000000000000000e0,0.00000000000000000e0,0.00000000000000000e0,0.00000000000000000e0,0.00000000000000000e0
partial,128,0.00000000000000000e0,5.00000000000000000e-1,9.30410032137325760e-1,1.49560521393184587e1,6.95899678691298956e-2,9.46423563020166614e-1,1.02783554920318778e1,1.00000000000645572e0,2.61808311943704979e1,2.61808311943704979e1,0.00000000000000000e0,0.00000000000000000e0,0.00000000000000000e0,0.00000000000000000e0,2.71398081476070114e-16,2.71398081476070114e-16,0.00000000000000000e0,0.00000000000000000e0,1.85961313511479945e-2,1.84459318616775995e-2,0,0,0.00000000000000000e0,0,0,0.00000000000000000e0,1.071410000e-4,NaN,1.52345595200762629e-1,1.94499654973295355e-1,2.05383745102239224e-1,1.89258350218072136e-1,1.39870373868052622e-1,4.87795569367475007e-2,2.72755838156187318e-4,0.00000000000000000e0,0.00000000000000000e0,0.00000000000000000e0,0.00000000000000000e0,0.00000000000000000e0,0.00000000000000000e0,0.00000000000000000e0,0.00000000000000000e0,0.00000000000000000e0,0.00000000000000000e0,0.00000000000000000e0,0.00000000000000000e0,0.00000000000000000e0,0.00000000000000000e0,0.00000000000000000e0,0.00000000000000000e0,0.00000000000000000e0,0.00000000000000000e0,0.00000000000000000e0,0.00000000000000000e0,0.00000000000000000e0,0.00000000000000000e0,0.00000000000000000e0,0.00000000000000000e0,0.00000000000000000e0
partial,128,0.00000000000000000e0,5.99999999999999978e-1,6.63310033195418147e-1,1.00623849143016653e1,3.36689966811037356e-1,4.57898354863010759e0,1.15394627314387233e1,1.00000000000645572e0,2.61808311943704979e1,2.61808311943704979e1,0.00000000000000000e0,0.00000000000000000e0,0.00000000000000000e0,-2.22044604923597849e-16,0.00000000000000000e0,0.00000000000000000e0,0.00000000000000000e0,0.00000000000000000e0,1.36130901972932664e-2,1.35041156962789864e-2,0,0,0.00000000000000000e0,0,0,0.00000000000000000e0,1.283530000e-4,NaN,2.04157652778420934e-1,1.98877299682480080e-1,1.64032186190235102e-1,8.82644581364528114e-2,7.97843640782920638e-3,0.00000000000000000e0,0.00000000000000000e0,0.00000000000000000e0,0.00000000000000000e0,0.00000000000000000e0,0.00000000000000000e0,0.00000000000000000e0,0.00000000000000000e0,0.00000000000000000e0,0.00000000000000000e0,0.00000000000000000e0,0.00000000000000000e0,0.00000000000000000e0,0.00000000000000000e0,0.00000000000000000e0,0.00000000000000000e0,0.00000000000000000e0,0.00000000000000000e0,0.00000000000000000e0,0.00000000000000000e0,0.00000000000000000e0,0.00000000000000000e0,0.00000000000000000e0,0.00000000000000000e0,0.00000000000000000e0,0.00000000000000000e0,0.00000000000000000e0
partial,128,0.00000000000000000e0,6.99999999999999956e-1,3.36572435607228715e-1,4.87609049292454610e0,6.63427564399226677e-1,9.02261487582948263e0,1.22821258256164754e1,1.00000000000645572e0,2.61808311943704979e1,2.61808311943704979e1,0.00000000000000000e0,0.00000000000000000e0,0.00000000000000000e0,-4.44089209847195698e-16,2.71398081476070114e-16,2.71398081476070114e-16,0.00000000000000000e0,0.00000000000000000e0,1.25620801198903197e-2,1.24608634234174634e-2,0,0,0.00000000000000000e0,0,0,0.00000000000000000e0,1.486940000e-4,NaN,1.82132248260419211e-1,1.24111807071261585e-1,3.03016294871013489e-2,2.67507884466180185e-5,0.00000000000000000e0,0.00000000000000000e0,0.00000000000000000e0,0.00000000000000000e0,0.00000000000000000e0,0.00000000000000000e0,0.00000000000000000e0,0.00000000000000000e0,0.00000000000000000e0,0.00000000000000000e0,0.00000000000000000e0,0.00000000000000000e0,0.00000000000000000e0,0.00000000000000000e0,0.00000000000000000e0,0.00000000000000000e0,0.00000000000000000e0,0.00000000000000000e0,0.00000000000000000e0,0.00000000000000000e0,0.00000000000000000e0,0.00000000000000000e0,0.00000000000000000e0,0.00000000000000000e0,0.00000000000000000e0,0.00000000000000000e0,0.00000000000000000e0,0.00000000000000000e0
partial,128,0.00000000000000000e0,8.00000000000000044e-1,7.00047844853265988e-2,9.75956536234486305e-1,9.29995215521128960e-1,1.26479349310873506e1,1.25569397270486647e1,1.00000000000645572e0,2.61808311943704979e1,2.61808311943704979e1,0.00000000000000000e0,0.00000000000000000e0,0.00000000000000000e0,-2.22044604923597849e-16,1.35699040738035057e-16,1.35699040738035057e-16,0.00000000000000000e0,0.00000000000000000e0,7.27283784172059328e-3,7.22000498838259661e-3,0,0,0.00000000000000000e0,0,0,0.00000000000000000e0,1.693950000e-4,NaN,6.75955039260002638e-2,2.40928055932632590e-3,0.00000000000000000e0,0.00000000000000000e0,0.00000000000000000e0,0.00000000000000000e0,0.00000000000000000e0,0.00000000000000000e0,0.00000000000000000e0,0.00000000000000000e0,0.00000000000000000e0,0.00000000000000000e0,0.00000000000000000e0,0.00000000000000000e0,0.00000000000000000e0,0.00000000000000000e0,0.00000000000000000e0,0.00000000000000000e0,0.00000000000000000e0,0.00000000000000000e0,0.00000000000000000e0,0.00000000000000000e0,0.00000000000000000e0,0.00000000000000000e0,0.00000000000000000e0,0.00000000000000000e0,0.00000000000000000e0,0.00000000000000000e0,0.00000000000000000e0,0.00000000000000000e0,0.00000000000000000e0,0.00000000000000000e0
partial,128,0.00000000000000000e0,9.00000000000000022e-1,3.30151930673124578e-8,4.49912560436110483e-7,9.99999966991262590e-1,1.35999995510811669e1,1.25808311933767740e1,1.00000000000645572e0,2.61808311943704979e1,2.61808311943704979e1,0.00000000000000000e0,0.00000000000000000e0,0.00000000000000000e0,0.00000000000000000e0,1.35699040738035057e-16,1.35699040738035057e-16,0.00000000000000000e0,0.00000000000000000e0,3.30151930673124644e-8,3.30151930673124578e-8,0,0,0.00000000000000000e0,0,0,0.00000000000000000e0,1.877030000e-4,NaN,3.30151930673124578e-8,0.00000000000000000e0,0.00000000000000000e0,0.00000000000000000e0,0.00000000000000000e0,0.00000000000000000e0,0.00000000000000000e0,0.00000000000000000e0,0.00000000000000000e0,0.00000000000000000e0,0.00000000000000000e0,0.00000000000000000e0,0.00000000000000000e0,0.00000000000000000e0,0.00000000000000000e0,0.00000000000000000e0,0.00000000000000000e0,0.00000000000000000e0,0.00000000000000000e0,0.00000000000000000e0,0.00000000000000000e0,0.00000000000000000e0,0.00000000000000000e0,0.00000000000000000e0,0.00000000000000000e0,0.00000000000000000e0,0.00000000000000000e0,0.00000000000000000e0,0.00000000000000000e0,0.00000000000000000e0,0.00000000000000000e0,0.00000000000000000e0
partial,128,0.00000000000000000e0,1.00000000000000000e0,0.00000000000000000e0,0.00000000000000000e0,1.00000000000645572e0,1.36000000000877925e1,1.25808311942827089e1,1.00000000000645572e0,2.61808311943704979e1,2.61808311943704979e1,0.00000000000000000e0,0.00000000000000000e0,0.00000000000000000e0,0.00000000000000000e0,1.35699040738035057e-16,1.35699040738035057e-16,0.00000000000000000e0,0.00000000000000000e0,0.00000000000000000e0,0.00000000000000000e0,0,0,0.00000000000000000e0,0,0,0.00000000000000000e0,2.049690000e-4,NaN,0.00000000000000000e0,0.00000000000000000e0,0.00000000000000000e0,0.00000000000000000e0,0.00000000000000000e0,0.00000000000000000e0,0.00000000000000000e0,0.00000000000000000e0,0.00000000000000000e0,0.00000000000000000e0,0.00000000000000000e0,0.00000000000000000e0,0.00000000000000000e0,0.00000000000000000e0,0.00000000000000000e0,0.00000000000000000e0,0.00000000000000000e0,0.00000000000000000e0,0.00000000000000000e0,0.00000000000000000e0,0.00000000000000000e0,0.00000000000000000e0,0.00000000000000000e0,0.00000000000000000e0,0.00000000000000000e0,0.00000000000000000e0,0.00000000000000000e0,0.00000000000000000e0,0.00000000000000000e0,0.00000000000000000e0,0.00000000000000000e0,0.00000000000000000e0
stock,256,0.00000000000000000e0,0.00000000000000000e0,1.00000000000000000e0,2.61803012067007259e1,0.00000000000000000e0,0.00000000000000000e0,0.00000000000000000e0,1.00000000000000000e0,2.61803012067007259e1,2.61803012067007259e1,0.00000000000000000e0,0.00000000000000000e0,0.00000000000000000e0,0.00000000000000000e0,0.00000000000000000e0,0.00000000000000000e0,NaN,0.00000000000000000e0,NaN,NaN,0,0,0.00000000000000000e0,0,0,0.00000000000000000e0,7.581500000e-5,0.00000000000000000e0,0.00000000000000000e0,0.00000000000000000e0,0.00000000000000000e0,0.00000000000000000e0,0.00000000000000000e0,0.00000000000000000e0,1.58404660278604220e-3,6.55232176332506688e-2,1.51220679024865551e-1,1.94071820979935528e-1,2.05486401920310591e-1,1.89931901153350957e-1,1.41359855420198827e-1,5.05260693203321495e-2,2.96007944969465349e-4,0.00000000000000000e0,0.00000000000000000e0,0.00000000000000000e0,0.00000000000000000e0,0.00000000000000000e0,0.00000000000000000e0,0.00000000000000000e0,0.00000000000000000e0,0.00000000000000000e0,0.00000000000000000e0,0.00000000000000000e0,0.00000000000000000e0,0.00000000000000000e0,0.00000000000000000e0,0.00000000000000000e0,0.00000000000000000e0,0.00000000000000000e0
stock,256,0.00000000000000000e0,2.00000000000000011e-1,1.00000000000000000e0,2.14346177227704651e1,0.00000000000000000e0,0.00000000000000000e0,4.74568348393024575e0,1.00000000000000000e0,2.61803012067007259e1,2.61803012067007259e1,0.00000000000000000e0,0.00000000000000000e0,0.00000000000000000e0,0.00000000000000000e0,-5.42807151186052922e-16,-5.42807151186052922e-16,NaN,0.00000000000000000e0,NaN,NaN,0,0,0.00000000000000000e0,0,0,0.00000000000000000e0,1.508580000e-4,0.00000000000000000e0,0.00000000000000000e0,0.00000000000000000e0,0.00000000000000000e0,6.52951207565200236e-3,8.68042439413247019e-2,1.63434404245005577e-1,1.98771061891553052e-1,2.04499161192675916e-1,1.82869635358537230e-1,1.25633227800137137e-1,3.14575593548281282e-2,1.19414028593798189e-6,0.00000000000000000e0,0.00000000000000000e0,0.00000000000000000e0,0.00000000000000000e0,0.00000000000000000e0,0.00000000000000000e0,0.00000000000000000e0,0.00000000000000000e0,0.00000000000000000e0,0.00000000000000000e0,0.00000000000000000e0,0.00000000000000000e0,0.00000000000000000e0,0.00000000000000000e0,0.00000000000000000e0,0.00000000000000000e0,0.00000000000000000e0,0.00000000000000000e0,0.00000000000000000e0,0.00000000000000000e0
stock,256,0.00000000000000000e0,4.00000000000000022e-1,1.00000000000000000e0,1.75491807101024939e1,0.00000000000000000e0,0.00000000000000000e0,8.63112049659818403e0,1.00000000000000000e0,2.61803012067007259e1,2.61803012067007259e1,0.00000000000000000e0,0.00000000000000000e0,0.00000000000000000e0,0.00000000000000000e0,-1.89982502915118493e-15,-1.89982502915118493e-15,NaN,0.00000000000000000e0,NaN,NaN,0,0,0.00000000000000000e0,0,0,0.00000000000000000e0,1.958250000e-4,0.00000000000000000e0,1.58128470465347046e-2,1.06296002111741436e-1,1.73551635253748365e-1,2.02126816425844652e-1,2.02410783076963030e-1,1.74515236884127262e-1,1.08232807483941845e-1,1.70538717170983650e-2,4.52794341940142502e-96,0.00000000000000000e0,0.00000000000000000e0,0.00000000000000000e0,0.00000000000000000e0,0.00000000000000000e0,0.00000000000000000e0,0.00000000000000000e0,0.00000000000000000e0,0.00000000000000000e0,0.00000000000000000e0,0.00000000000000000e0,0.00000000000000000e0,0.00000000000000000e0,0.00000000000000000e0,0.00000000000000000e0,0.00000000000000000e0,0.00000000000000000e0,0.00000000000000000e0,0.00000000000000000e0,0.00000000000000000e0,0.00000000000000000e0,0.00000000000000000e0,0.00000000000000000e0
stock,256,0.00000000000000000e0,5.00000000000000000e-1,9.30529140537028177e-1,1.49568562580515128e1,6.94708594629721843e-2,9.44803688696421395e-1,1.02786412599527672e1,1.00000000000000000e0,2.61803012067007259e1,2.61803012067007259e1,0.00000000000000000e0,0.00000000000000000e0,0.00000000000000000e0,4.44089209850062616e-16,-9.49912514575592466e-16,-9.49912514575592466e-16,NaN,0.00000000000000000e0,NaN,NaN,0,0,0.00000000000000000e0,0,0,0.00000000000000000e0,2.391410000e-4,0.00000000000000000e0,1.52481408749570890e-1,1.94581569492337708e-1,2.05442046285230745e-1,1.89315987194779350e-1,1.39940418599258792e-1,4.85504845792001719e-2,2.17225636650069396e-4,0.00000000000000000e0,0.00000000000000000e0,0.00000000000000000e0,0.00000000000000000e0,0.00000000000000000e0,0.00000000000000000e0,0.00000000000000000e0,0.00000000000000000e0,0.00000000000000000e0,0.00000000000000000e0,0.00000000000000000e0,0.00000000000000000e0,0.00000000000000000e0,0.00000000000000000e0,0.00000000000000000e0,0.00000000000000000e0,0.00000000000000000e0,0.00000000000000000e0,0.00000000000000000e0,0.00000000000000000e0,0.00000000000000000e0,0.00000000000000000e0,0.00000000000000000e0,0.00000000000000000e0,0.00000000000000000e0
stock,256,0.00000000000000000e0,5.99999999999999978e-1,6.63195199323610041e-1,1.00597447207575303e1,3.36804800676389959e-1,4.58054528919890114e0,1.15400111967442687e1,1.00000000000000000e0,2.61803012067007259e1,2.61803012067007259e1,0.00000000000000000e0,0.00000000000000000e0,0.00000000000000000e0,0.00000000000000000e0,-1.08561430237210584e-15,-1.08561430237210584e-15,NaN,0.00000000000000000e0,NaN,NaN,0,0,0.00000000000000000e0,0,0,0.00000000000000000e0,2.806630000e-4,0.00000000000000000e0,2.04376439926874542e-1,1.99073749298709995e-1,1.64281047812404157e-1,8.83758322331327367e-2,7.08813005248838321e-3,0.00000000000000000e0,0.00000000000000000e0,0.00000000000000000e0,0.00000000000000000e0,0.00000000000000000e0,0.00000000000000000e0,0.00000000000000000e0,0.00000000000000000e0,0.00000000000000000e0,0.00000000000000000e0,0.00000000000000000e0,0.00000000000000000e0,0.00000000000000000e0,0.00000000000000000e0,0.00000000000000000e0,0.00000000000000000e0,0.00000000000000000e0,0.00000000000000000e0,0.00000000000000000e0,0.00000000000000000e0,0.00000000000000000e0,0.00000000000000000e0,0.00000000000000000e0,0.00000000000000000e0,0.00000000000000000e0,0.00000000000000000e0,0.00000000000000000e0
stock,256,0.00000000000000000e0,6.99999999999999956e-1,3.36072541819686321e-1,4.86832115140816324e0,6.63927458180312957e-1,9.02941343125225337e0,1.22825666240402747e1,1.00000000000000000e0,2.61803012067007259e1,2.61803012067007259e1,0.00000000000000000e0,0.00000000000000000e0,0.00000000000000000e0,-6.66133814775093924e-16,-1.35701787796513221e-15,-1.35701787796513221e-15,NaN,0.00000000000000000e0,NaN,NaN,0,0,0.00000000000000000e0,0,0,0.00000000000000000e0,3.206940000e-4,0.00000000000000000e0,1.82134094284780473e-1,1.24054794576516955e-1,2.98832188052433126e-2,4.34153145978182532e-7,0.00000000000000000e0,0.00000000000000000e0,0.00000000000000000e0,0.00000000000000000e0,0.00000000000000000e0,0.00000000000000000e0,0.00000000000000000e0,0.00000000000000000e0,0.00000000000000000e0,0.00000000000000000e0,0.00000000000000000e0,0.00000000000000000e0,0.00000000000000000e0,0.00000000000000000e0,0.00000000000000000e0,0.00000000000000000e0,0.00000000000000000e0,0.00000000000000000e0,0.00000000000000000e0,0.00000000000000000e0,0.00000000000000000e0,0.00000000000000000e0,0.00000000000000000e0,0.00000000000000000e0,0.00000000000000000e0,0.00000000000000000e0,0.00000000000000000e0,0.00000000000000000e0
stock,256,0.00000000000000000e0,8.00000000000000044e-1,6.89630934645342475e-2,9.61244828836598120e-1,9.31036906535465447e-1,1.26621019288823273e1,1.25569544489817702e1,1.00000000000000000e0,2.61803012067007259e1,2.61803012067007259e1,0.00000000000000000e0,0.00000000000000000e0,0.00000000000000000e0,-3.33066907387546962e-16,-1.08561430237210584e-15,-1.08561430237210584e-15,NaN,0.00000000000000000e0,NaN,NaN,0,0,0.00000000000000000e0,0,0,0.00000000000000000e0,3.598630000e-4,0.00000000000000000e0,6.71495512904783931e-2,1.81354217405590426e-3,0.00000000000000000e0,0.00000000000000000e0,0.00000000000000000e0,0.00000000000000000e0,0.00000000000000000e0,0.00000000000000000e0,0.00000000000000000e0,0.00000000000000000e0,0.00000000000000000e0,0.00000000000000000e0,0.00000000000000000e0,0.00000000000000000e0,0.00000000000000000e0,0.00000000000000000e0,0.00000000000000000e0,0.00000000000000000e0,0.00000000000000000e0,0.00000000000000000e0,0.00000000000000000e0,0.00000000000000000e0,0.00000000000000000e0,0.00000000000000000e0,0.00000000000000000e0,0.00000000000000000e0,0.00000000000000000e0,0.00000000000000000e0,0.00000000000000000e0,0.00000000000000000e0,0.00000000000000000e0,0.00000000000000000e0
stock,256,0.00000000000000000e0,9.00000000000000022e-1,0.00000000000000000e0,0.00000000000000000e0,1.00000000000000000e0,1.35999999999999996e1,1.25803012067007032e1,1.00000000000000000e0,2.61803012067007259e1,2.61803012067007259e1,0.00000000000000000e0,0.00000000000000000e0,0.00000000000000000e0,0.00000000000000000e0,-8.14210726779079285e-16,-8.14210726779079285e-16,NaN,0.00000000000000000e0,NaN,NaN,0,0,0.00000000000000000e0,0,0,0.00000000000000000e0,3.984410000e-4,0.00000000000000000e0,0.00000000000000000e0,0.00000000000000000e0,0.00000000000000000e0,0.00000000000000000e0,0.00000000000000000e0,0.00000000000000000e0,0.00000000000000000e0,0.00000000000000000e0,0.00000000000000000e0,0.00000000000000000e0,0.00000000000000000e0,0.00000000000000000e0,0.00000000000000000e0,0.00000000000000000e0,0.00000000000000000e0,0.00000000000000000e0,0.00000000000000000e0,0.00000000000000000e0,0.00000000000000000e0,0.00000000000000000e0,0.00000000000000000e0,0.00000000000000000e0,0.00000000000000000e0,0.00000000000000000e0,0.00000000000000000e0,0.00000000000000000e0,0.00000000000000000e0,0.00000000000000000e0,0.00000000000000000e0,0.00000000000000000e0,0.00000000000000000e0,0.00000000000000000e0
stock,256,0.00000000000000000e0,1.00000000000000000e0,0.00000000000000000e0,0.00000000000000000e0,1.00000000000000000e0,1.35999999999999996e1,1.25803012067007032e1,1.00000000000000000e0,2.61803012067007259e1,2.61803012067007259e1,0.00000000000000000e0,0.00000000000000000e0,0.00000000000000000e0,0.00000000000000000e0,-8.14210726779079285e-16,-8.14210726779079285e-16,NaN,0.00000000000000000e0,NaN,NaN,0,0,0.00000000000000000e0,0,0,0.00000000000000000e0,4.341440000e-4,0.00000000000000000e0,0.00000000000000000e0,0.00000000000000000e0,0.00000000000000000e0,0.00000000000000000e0,0.00000000000000000e0,0.00000000000000000e0,0.00000000000000000e0,0.00000000000000000e0,0.00000000000000000e0,0.00000000000000000e0,0.00000000000000000e0,0.00000000000000000e0,0.00000000000000000e0,0.00000000000000000e0,0.00000000000000000e0,0.00000000000000000e0,0.00000000000000000e0,0.00000000000000000e0,0.00000000000000000e0,0.00000000000000000e0,0.00000000000000000e0,0.00000000000000000e0,0.00000000000000000e0,0.00000000000000000e0,0.00000000000000000e0,0.00000000000000000e0,0.00000000000000000e0,0.00000000000000000e0,0.00000000000000000e0,0.00000000000000000e0,0.00000000000000000e0,0.00000000000000000e0
partial,256,0.00000000000000000e0,0.00000000000000000e0,9.99999999999999445e-1,2.61804337141748320e1,0.00000000000000000e0,0.00000000000000000e0,0.00000000000000000e0,1.00000000000000000e0,2.61804337141748320e1,2.61804337141748320e1,0.00000000000000000e0,0.00000000000000000e0,0.00000000000000000e0,-5.55111512312578270e-16,0.00000000000000000e0,0.00000000000000000e0,0.00000000000000000e0,0.00000000000000000e0,1.30634749747015090e-2,1.29553251516427541e-2,0,0,0.00000000000000000e0,0,0,0.00000000000000000e0,6.703100000e-5,NaN,0.00000000000000000e0,0.00000000000000000e0,0.00000000000000000e0,0.00000000000000000e0,0.00000000000000000e0,0.00000000000000000e0,1.58404660278603829e-3,6.55232176332506550e-2,1.51220679024865579e-1,1.94071820979935361e-1,2.05486401920310813e-1,1.89931901153350818e-1,1.41359855420198910e-1,5.05260693203320801e-2,2.96007944969464373e-4,0.00000000000000000e0,0.00000000000000000e0,0.00000000000000000e0,0.00000000000000000e0,0.00000000000000000e0,0.00000000000000000e0,0.00000000000000000e0,0.00000000000000000e0,0.00000000000000000e0,0.00000000000000000e0,0.00000000000000000e0,0.00000000000000000e0,0.00000000000000000e0,0.00000000000000000e0,0.00000000000000000e0,0.00000000000000000e0,0.00000000000000000e0
partial,256,0.00000000000000000e0,2.00000000000000011e-1,9.99999999999999445e-1,2.14347262107145404e1,0.00000000000000000e0,0.00000000000000000e0,4.74570750346028447e0,1.00000000000000000e0,2.61804337141748320e1,2.61804337141748320e1,0.00000000000000000e0,0.00000000000000000e0,0.00000000000000000e0,-5.55111512312578270e-16,-2.71402201933496679e-16,-2.71402201933496679e-16,0.00000000000000000e0,0.00000000000000000e0,1.30634749747015107e-2,1.29553251516427784e-2,0,0,0.00000000000000000e0,0,0,0.00000000000000000e0,1.124690000e-4,NaN,0.00000000000000000e0,0.00000000000000000e0,0.00000000000000000e0,6.63788494979779264e-3,8.65242255242896774e-2,1.63236277947427011e-1,1.98675605613362505e-1,2.04469611560609998e-1,1.82894357210308556e-1,1.25730550973548294e-1,3.18228059262900542e-2,8.68029436580579719e-6,0.00000000000000000e0,0.00000000000000000e0,0.00000000000000000e0,0.00000000000000000e0,0.00000000000000000e0,0.00000000000000000e0,0.00000000000000000e0,0.00000000000000000e0,0.00000000000000000e0,0.00000000000000000e0,0.00000000000000000e0,0.00000000000000000e0,0.00000000000000000e0,0.00000000000000000e0,0.00000000000000000e0,0.00000000000000000e0,0.00000000000000000e0,0.00000000000000000e0,0.00000000000000000e0,0.00000000000000000e0
partial,256,0.00000000000000000e0,4.00000000000000022e-1,9.99999999999977685e-1,1.75492695325183803e1,2.17422557667052404e-14,2.95694678427191282e-13,8.63116418165615507e0,1.00000000000000000e0,2.61804337141748320e1,2.61804337141748320e1,0.00000000000000000e0,0.00000000000000000e0,0.00000000000000000e0,-5.55111512312578270e-16,0.00000000000000000e0,0.00000000000000000e0,0.00000000000000000e0,0.00000000000000000e0,1.30634749746799412e-2,1.29553251516201350e-2,0,0,0.00000000000000000e0,0,0,0.00000000000000000e0,1.555540000e-4,NaN,1.60565076096100719e-2,1.06296219424017985e-1,1.73525870332266491e-1,2.02091368689630124e-1,2.02351787488811774e-1,1.74409575676800876e-1,1.08073528915153122e-1,1.71951418636875457e-2,1.68902240937116603e-18,0.00000000000000000e0,0.00000000000000000e0,0.00000000000000000e0,0.00000000000000000e0,0.00000000000000000e0,0.00000000000000000e0,0.00000000000000000e0,0.00000000000000000e0,0.00000000000000000e0,0.00000000000000000e0,0.00000000000000000e0,0.00000000000000000e0,0.00000000000000000e0,0.00000000000000000e0,0.00000000000000000e0,0.00000000000000000e0,0.00000000000000000e0,0.00000000000000000e0,0.00000000000000000e0,0.00000000000000000e0,0.00000000000000000e0,0.00000000000000000e0,0.00000000000000000e0
partial,256,0.00000000000000000e0,5.00000000000000000e-1,9.30508826501421304e-1,1.49567833911813857e1,6.94911734985782514e-2,9.45079959580664375e-1,1.02785703634127792e1,1.00000000000000000e0,2.61804337141748320e1,2.61804337141748320e1,0.00000000000000000e0,0.00000000000000000e0,0.00000000000000000e0,-4.44089209850062616e-16,-1.35701100966748340e-16,-1.35701100966748340e-16,0.00000000000000000e0,0.00000000000000000e0,9.29932028432552127e-3,9.22857868179871414e-3,0,0,0.00000000000000000e0,0,0,0.00000000000000000e0,1.966460000e-4,NaN,1.52398788159969822e-1,1.94535712967586455e-1,2.05416057165752702e-1,1.89299636483978573e-1,1.39930636733961250e-1,4.86745039976161226e-2,2.53490992556536677e-4,0.00000000000000000e0,0.00000000000000000e0,0.00000000000000000e0,0.00000000000000000e0,0.00000000000000000e0,0.00000000000000000e0,0.00000000000000000e0,0.00000000000000000e0,0.00000000000000000e0,0.00000000000000000e0,0.00000000000000000e0,0.00000000000000000e0,0.00000000000000000e0,0.00000000000000000e0,0.00000000000000000e0,0.00000000000000000e0,0.00000000000000000e0,0.00000000000000000e0,0.00000000000000000e0,0.00000000000000000e0,0.00000000000000000e0,0.00000000000000000e0,0.00000000000000000e0,0.00000000000000000e0,0.00000000000000000e0
partial,256,0.00000000000000000e0,5.99999999999999978e-1,6.63475494339074934e-1,1.00638267061566662e1,3.36524505660924622e-1,4.57673327698857690e0,1.15398737310295854e1,1.00000000000000000e0,2.61804337141748320e1,2.61804337141748320e1,0.00000000000000000e0,0.00000000000000000e0,0.00000000000000000e0,-4.44089209850062616e-16,-1.35701100966748340e-16,-1.35701100966748340e-16,0.00000000000000000e0,0.00000000000000000e0,6.79880936762893105e-3,6.74217478420445233e-3,0,0,0.00000000000000000e0,0,0,0.00000000000000000e0,2.364260000e-4,NaN,2.04362827343041814e-1,1.99098046474059237e-1,1.64352789702905372e-1,8.85129067067764036e-2,7.14892411229218171e-3,0.00000000000000000e0,0.00000000000000000e0,0.00000000000000000e0,0.00000000000000000e0,0.00000000000000000e0,0.00000000000000000e0,0.00000000000000000e0,0.00000000000000000e0,0.00000000000000000e0,0.00000000000000000e0,0.00000000000000000e0,0.00000000000000000e0,0.00000000000000000e0,0.00000000000000000e0,0.00000000000000000e0,0.00000000000000000e0,0.00000000000000000e0,0.00000000000000000e0,0.00000000000000000e0,0.00000000000000000e0,0.00000000000000000e0,0.00000000000000000e0,0.00000000000000000e0,0.00000000000000000e0,0.00000000000000000e0,0.00000000000000000e0,0.00000000000000000e0
partial,256,0.00000000000000000e0,6.99999999999999956e-1,3.36546366066293123e-1,4.87500675596985822e0,6.63453633933706488e-1,9.02296942149840930e0,1.22824575367065627e1,1.00000000000000000e0,2.61804337141748320e1,2.61804337141748320e1,0.00000000000000000e0,0.00000000000000000e0,0.00000000000000000e0,-4.44089209850062616e-16,0.00000000000000000e0,0.00000000000000000e0,0.00000000000000000e0,0.00000000000000000e0,6.27449790924577890e-3,6.22242489129428301e-3,0,0,0.00000000000000000e0,0,0,0.00000000000000000e0,2.733210000e-4,NaN,1.82179520009123130e-1,1.24180806555493711e-1,3.01813464818358433e-2,4.69301984041564561e-6,0.00000000000000000e0,0.00000000000000000e0,0.00000000000000000e0,0.00000000000000000e0,0.00000000000000000e0,0.00000000000000000e0,0.00000000000000000e0,0.00000000000000000e0,0.00000000000000000e0,0.00000000000000000e0,0.00000000000000000e0,0.00000000000000000e0,0.00000000000000000e0,0.00000000000000000e0,0.00000000000000000e0,0.00000000000000000e0,0.00000000000000000e0,0.00000000000000000e0,0.00000000000000000e0,0.00000000000000000e0,0.00000000000000000e0,0.00000000000000000e0,0.00000000000000000e0,0.00000000000000000e0,0.00000000000000000e0,0.00000000000000000e0,0.00000000000000000e0,0.00000000000000000e0
partial,256,0.00000000000000000e0,8.00000000000000044e-1,6.95551212884945452e-2,9.69429175855841652e-1,9.30444878711504941e-1,1.26540503504764743e1,1.25569541878425124e1,1.00000000000000000e0,2.61804337141748320e1,2.61804337141748320e1,0.00000000000000000e0,0.00000000000000000e0,0.00000000000000000e0,-5.55111512312578270e-16,-1.35701100966748340e-16,-1.35701100966748340e-16,0.00000000000000000e0,0.00000000000000000e0,3.75420570745859132e-3,3.72437279956880926e-3,0,0,0.00000000000000000e0,0,0,0.00000000000000000e0,3.074630000e-4,NaN,6.75290156812665271e-2,2.02610560722802984e-3,0.00000000000000000e0,0.00000000000000000e0,0.00000000000000000e0,0.00000000000000000e0,0.00000000000000000e0,0.00000000000000000e0,0.00000000000000000e0,0.00000000000000000e0,0.00000000000000000e0,0.00000000000000000e0,0.00000000000000000e0,0.00000000000000000e0,0.00000000000000000e0,0.00000000000000000e0,0.00000000000000000e0,0.00000000000000000e0,0.00000000000000000e0,0.00000000000000000e0,0.00000000000000000e0,0.00000000000000000e0,0.00000000000000000e0,0.00000000000000000e0,0.00000000000000000e0,0.00000000000000000e0,0.00000000000000000e0,0.00000000000000000e0,0.00000000000000000e0,0.00000000000000000e0,0.00000000000000000e0,0.00000000000000000e0
partial,256,0.00000000000000000e0,9.00000000000000022e-1,1.29530633171275882e-18,1.76517092316199187e-17,9.99999999999999445e-1,1.35999999999999996e1,1.25804337141748306e1,1.00000000000000000e0,2.61804337141748320e1,2.61804337141748320e1,0.00000000000000000e0,0.00000000000000000e0,0.00000000000000000e0,-5.55111512312578270e-16,0.00000000000000000e0,0.00000000000000000e0,0.00000000000000000e0,0.00000000000000000e0,1.29530633171275921e-18,1.29530633171275921e-18,0,0,0.00000000000000000e0,0,0,0.00000000000000000e0,3.397510000e-4,NaN,1.29530633171275882e-18,0.00000000000000000e0,0.00000000000000000e0,0.00000000000000000e0,0.00000000000000000e0,0.00000000000000000e0,0.00000000000000000e0,0.00000000000000000e0,0.00000000000000000e0,0.00000000000000000e0,0.00000000000000000e0,0.00000000000000000e0,0.00000000000000000e0,0.00000000000000000e0,0.00000000000000000e0,0.00000000000000000e0,0.00000000000000000e0,0.00000000000000000e0,0.00000000000000000e0,0.00000000000000000e0,0.00000000000000000e0,0.00000000000000000e0,0.00000000000000000e0,0.00000000000000000e0,0.00000000000000000e0,0.00000000000000000e0,0.00000000000000000e0,0.00000000000000000e0,0.00000000000000000e0,0.00000000000000000e0,0.00000000000000000e0,0.00000000000000000e0
partial,256,0.00000000000000000e0,1.00000000000000000e0,0.00000000000000000e0,0.00000000000000000e0,9.99999999999999445e-1,1.35999999999999996e1,1.25804337141748306e1,1.00000000000000000e0,2.61804337141748320e1,2.61804337141748320e1,0.00000000000000000e0,0.00000000000000000e0,0.00000000000000000e0,-5.55111512312578270e-16,0.00000000000000000e0,0.00000000000000000e0,0.00000000000000000e0,0.00000000000000000e0,0.00000000000000000e0,0.00000000000000000e0,0,0,0.00000000000000000e0,0,0,0.00000000000000000e0,3.714090000e-4,NaN,0.00000000000000000e0,0.00000000000000000e0,0.00000000000000000e0,0.00000000000000000e0,0.00000000000000000e0,0.00000000000000000e0,0.00000000000000000e0,0.00000000000000000e0,0.00000000000000000e0,0.00000000000000000e0,0.00000000000000000e0,0.00000000000000000e0,0.00000000000000000e0,0.00000000000000000e0,0.00000000000000000e0,0.00000000000000000e0,0.00000000000000000e0,0.00000000000000000e0,0.00000000000000000e0,0.00000000000000000e0,0.00000000000000000e0,0.00000000000000000e0,0.00000000000000000e0,0.00000000000000000e0,0.00000000000000000e0,0.00000000000000000e0,0.00000000000000000e0,0.00000000000000000e0,0.00000000000000000e0,0.00000000000000000e0,0.00000000000000000e0,0.00000000000000000e0
fv,32,7.49999999999999972e-2,0.00000000000000000e0,1.00000146356248876e0,2.61979402975977926e1,0.00000000000000000e0,0.00000000000000000e0,0.00000000000000000e0,1.00000146356248876e0,2.61979402975977926e1,2.61979402975977926e1,0.00000000000000000e0,0.00000000000000000e0,0.00000000000000000e0,0.00000000000000000e0,0.00000000000000000e0,0.00000000000000000e0,0.00000000000000000e0,0.00000000000000000e0,1.06728387624405535e-1,1.06077940531187215e-1,0,0,0.00000000000000000e0,0,0,0.00000000000000000e0,1.862800000e-5,NaN,0.00000000000000000e0,0.00000000000000000e0,0.00000000000000000e0,0.00000000000000000e0,0.00000000000000000e0,0.00000000000000000e0,1.58520735212483313e-3,6.55232176306624475e-2,1.51220679024865662e-1,1.94071820979935528e-1,2.05486401920310591e-1,1.89931901153351013e-1,1.41359855420199021e-1,5.05260692966433556e-2,2.96310784396305545e-4,0.00000000000000000e0,0.00000000000000000e0,0.00000000000000000e0,0.00000000000000000e0,0.00000000000000000e0,0.00000000000000000e0,0.00000000000000000e0,0.00000000000000000e0,0.00000000000000000e0,0.00000000000000000e0,0.00000000000000000e0,0.00000000000000000e0,0.00000000000000000e0,0.00000000000000000e0,0.00000000000000000e0,0.00000000000000000e0,0.00000000000000000e0
fv,32,7.49999999999999972e-2,2.00000000000000011e-1,9.97907965568013200e-1,2.16830162088052383e1,2.09349799447572501e-3,2.84715727248698661e-2,4.77598847251531033e0,1.00000146356248876e0,2.61979402975977926e1,2.61979402975977926e1,0.00000000000000000e0,0.00000000000000000e0,0.00000000000000000e0,2.22044279949352343e-16,1.10518595415752870e-2,1.10518595415752870e-2,0.00000000000000000e0,0.00000000000000000e0,3.92193103639600582e-1,3.93243057353410475e-1,45,0,0.00000000000000000e0,0,0,0.00000000000000000e0,6.630000000e-5,NaN,4.09974644876663630e-3,1.04021708420606127e-2,2.34434703783088678e-2,4.64493546832944332e-2,8.00432695570252317e-2,1.18759855038996706e-1,1.50592465491366817e-1,1.62837937855210196e-1,1.50515519113663232e-1,1.18570014017700412e-1,7.73859896138275744e-2,3.90858335213087604e-2,1.34060601476006045e-2,2.30301403160314711e-3,1.32648272799094364e-5,0.00000000000000000e0,0.00000000000000000e0,0.00000000000000000e0,0.00000000000000000e0,0.00000000000000000e0,0.00000000000000000e0,0.00000000000000000e0,0.00000000000000000e0,0.00000000000000000e0,0.00000000000000000e0,0.00000000000000000e0,0.00000000000000000e0,0.00000000000000000e0,0.00000000000000000e0,0.00000000000000000e0,0.00000000000000000e0,0.00000000000000000e0
fv,32,7.49999999999999972e-2,4.00000000000000022e-1,9.17111085627308142e-1,1.69644007478178196e1,8.28903779351808506e-2,1.12730913991845960e0,8.66397697466315897e0,1.00000146356248876e0,2.61979402975977926e1,2.61979402975977926e1,0.00000000000000000e0,0.00000000000000000e0,0.00000000000000000e0,2.22044279949352343e-16,2.12897105064700776e-2,2.12897105064700776e-2,0.00000000000000000e0,0.00000000000000000e0,5.13768341088364555e-1,5.13797646482188730e-1,90,0,0.00000000000000000e0,0,0,0.00000000000000000e0,1.155640000e-4,NaN,5.82554569521062243e-2,8.28766216234777670e-2,1.07367614653725268e-1,1.26035536653234331e-1,1.33367372321296807e-1,1.26496878038013044e-1,1.06785663357088348e-1,7.94166296023204737e-2,5.11978132209010214e-2,2.78754600379800127e-2,1.22975436956181804e-2,4.11025650725490004e-3,9.22705619034113259e-4,1.04939523999546220e-4,5.93821258056186730e-7,0.00000000000000000e0,0.00000000000000000e0,0.00000000000000000e0,0.00000000000000000e0,0.00000000000000000e0,0.00000000000000000e0,0.00000000000000000e0,0.00000000000000000e0,0.00000000000000000e0,0.00000000000000000e0,0.00000000000000000e0,0.00000000000000000e0,0.00000000000000000e0,0.00000000000000000e0,0.00000000000000000e0,0.00000000000000000e0,0.00000000000000000e0
fv,32,7.49999999999999972e-2,5.00000000000000000e-1,7.98210167671031923e-1,1.39409365040888300e1,2.01791295891457084e-1,2.74436162412381712e0,1.02128789822732369e1,1.00000146356248876e0,2.61979402975977926e1,2.61979402975977926e1,0.00000000000000000e0,0.00000000000000000e0,0.00000000000000000e0,2.22044279949352343e-16,2.67286971774761024e-2,2.67286971774761024e-2,0.00000000000000000e0,0.00000000000000000e0,5.17499911459471829e-1,5.17381650918550928e-1,113,0,0.00000000000000000e0,0,0,0.00000000000000000e0,1.480230000e-4,NaN,9.30198772640111193e-2,1.11187348822348972e-1,1.21861504331959386e-1,1.21879993193100417e-1,1.10623504456211580e-1,9.04941332384923830e-2,6.61073346483881247e-2,4.25679404705578204e-2,2.37088400812128855e-2,1.11085731857029930e-2,4.19962747543024904e-3,1.19917313292934331e-3,2.29794966366431743e-4,2.23967701208832669e-5,1.25634199229540641e-7,0.00000000000000000e0,0.00000000000000000e0,0.00000000000000000e0,0.00000000000000000e0,0.00000000000000000e0,0.00000000000000000e0,0.00000000000000000e0,0.00000000000000000e0,0.00000000000000000e0,0.00000000000000000e0,0.00000000000000000e0,0.00000000000000000e0,0.00000000000000000e0,0.00000000000000000e0,0.00000000000000000e0,0.00000000000000000e0,0.00000000000000000e0
fv,32,7.49999999999999972e-2,5.99999999999999978e-1,6.36919023570757359e-1,1.06576258719119128e1,3.63082439991731676e-1,4.93792118388754897e0,1.14432928287069320e1,1.00000146356248876e0,2.61979402975977926e1,2.61979402975977926e1,0.00000000000000000e0,0.00000000000000000e0,0.00000000000000000e0,2.22044279949352343e-16,3.20979274460636843e-2,3.20979274460636843e-2,0.00000000000000000e0,0.00000000000000000e0,4.55335194165820134e-1,4.55480359247091848e-1,136,0,0.00000000000000000e0,0,0,0.00000000000000000e0,1.793200000e-4,NaN,1.10858448617443012e-1,1.15174905026013019e-1,1.10177878508092450e-1,9.65493020436689331e-2,7.70185596717580800e-2,5.54814389716623418e-2,3.57096858704990944e-2,2.02408331868601174e-2,9.90318760033599352e-3,4.06561339319879561e-3,1.34353836728723472e-3,3.34828788586478574e-4,5.59972649007424135e-5,4.77968014282332483e-6,2.65803081346650759e-8,0.00000000000000000e0,0.00000000000000000e0,0.00000000000000000e0,0.00000000000000000e0,0.00000000000000000e0,0.00000000000000000e0,0.00000000000000000e0,0.00000000000000000e0,0.00000000000000000e0,0.00000000000000000e0,0.00000000000000000e0,0.00000000000000000e0,0.00000000000000000e0,0.00000000000000000e0,0.00000000000000000e0,0.00000000000000000e0,0.00000000000000000e0
fv,32,7.49999999999999972e-2,6.99999999999999956e-1,4.64900679125500482e-1,7.53705471098959556e0,5.35100784436988719e-1,7.27737066834304347e0,1.23499153498810372e1,1.00000146356248876e0,2.61979402975977926e1,2.61979402975977926e1,0.00000000000000000e0,0.00000000000000000e0,0.00000000000000000e0,4.44088559898704685e-16,3.68884126247321087e-2,3.68884126247321087e-2,0.00000000000000000e0,0.00000000000000000e0,3.33701773386207323e-1,3.33841072230494418e-1,159,0,0.00000000000000000e0,0,0,0.00000000000000000e0,2.106680000e-4,NaN,1.07165641792554653e-1,9.88752141364999809e-2,8.41960967724560555e-2,6.58015936604763596e-2,4.68713190968421956e-2,3.01627877098030288e-2,1.73359926465510850e-2,8.76490378118773526e-3,3.81918378691501652e-3,1.39404154657410558e-3,4.09022811964622262e-4,9.04336681476010411e-5,1.34221393784854406e-5,1.01995257896652294e-6,5.62357053148326753e-9,0.00000000000000000e0,0.00000000000000000e0,0.00000000000000000e0,0.00000000000000000e0,0.00000000000000000e0,0.00000000000000000e0,0.00000000000000000e0,0.00000000000000000e0,0.00000000000000000e0,0.00000000000000000e0,0.00000000000000000e0,0.00000000000000000e0,0.00000000000000000e0,0.00000000000000000e0,0.00000000000000000e0,0.00000000000000000e0,0.00000000000000000e0
fv,32,7.49999999999999972e-2,8.00000000000000044e-1,3.11658273233798966e-1,4.93502429788873354e0,6.88343190328690180e-1,9.36146738847018334e0,1.29682050029694356e1,1.00000146356248876e0,2.61979402975977926e1,2.61979402975977926e1,0.00000000000000000e0,0.00000000000000000e0,0.00000000000000000e0,4.44088559898704685e-16,4.07190939292420770e-2,4.07190939292420770e-2,0.00000000000000000e0,0.00000000000000000e0,2.53180589250250054e-1,2.52978276133057844e-1,182,0,0.00000000000000000e0,0,0,0.00000000000000000e0,2.410530000e-4,NaN,8.82892614328307790e-2,7.34120989583853384e-2,5.64073557909050213e-2,3.98108550417052010e-2,2.56177691655693346e-2,1.48902652796446770e-2,7.72510436053876464e-3,3.52214370517266910e-3,1.38242937333827535e-3,4.54032431449680825e-4,1.19765718891439883e-4,2.37973903851649253e-5,3.17575988829340154e-6,2.17635320875487245e-7,1.18977347299158499e-9,0.00000000000000000e0,0.00000000000000000e0,0.00000000000000000e0,0.00000000000000000e0,0.00000000000000000e0,0.00000000000000000e0,0.00000000000000000e0,0.00000000000000000e0,0.00000000000000000e0,0.00000000000000000e0,0.00000000000000000e0,0.00000000000000000e0,0.00000000000000000e0,0.00000000000000000e0,0.00000000000000000e0,0.00000000000000000e0,0.00000000000000000e0
fv,32,7.49999999999999972e-2,9.00000000000000022e-1,1.93154207929960270e-1,3.00445171246337717e0,8.06847255632528904e-1,1.09731226766023884e1,1.33594788111945313e1,1.00000146356248876e0,2.61979402975977926e1,2.61979402975977926e1,0.00000000000000000e0,0.00000000000000000e0,0.00000000000000000e0,4.44088559898704685e-16,4.34810099466847871e-2,4.34810099466847871e-2,0.00000000000000000e0,0.00000000000000000e0,1.93154207929960325e-1,1.93154207929960270e-1,205,0,0.00000000000000000e0,0,0,0.00000000000000000e0,2.858310000e-4,NaN,6.40242457756765720e-2,4.84962152520597573e-2,3.39648849941735290e-2,2.18557791090194069e-2,1.28218691592926204e-2,6.79202910910965772e-3,3.20938881769133270e-3,1.33171638429817807e-3,4.75315962814328128e-4,1.41855487693221991e-4,3.39852374149218021e-5,6.13235809659196123e-6,7.43595674224101564e-7,4.64352266254274672e-8,2.51719242980863274e-10,0.00000000000000000e0,0.00000000000000000e0,0.00000000000000000e0,0.00000000000000000e0,0.00000000000000000e0,0.00000000000000000e0,0.00000000000000000e0,0.00000000000000000e0,0.00000000000000000e0,0.00000000000000000e0,0.00000000000000000e0,0.00000000000000000e0,0.00000000000000000e0,0.00000000000000000e0,0.00000000000000000e0,0.00000000000000000e0,0.00000000000000000e0
fv,32,7.49999999999999972e-2,1.00000000000000000e0,1.11480851368380152e-1,1.71031660507975736e0,8.88520612194109050e-1,1.20838803258398766e1,1.35903815571497546e1,1.00000146356248876e0,2.61979402975977926e1,2.61979402975977926e1,0.00000000000000000e0,0.00000000000000000e0,0.00000000000000000e0,4.44088559898704685e-16,4.52950948430248385e-2,4.52950948430248385e-2,0.00000000000000000e0,0.00000000000000000e0,1.11480851368380166e-1,1.11480851368380138e-1,228,0,0.00000000000000000e0,0,0,0.00000000000000000e0,3.184500000e-4,NaN,4.18016998603641526e-2,2.90859967521183808e-2,1.87165160776129151e-2,1.10656590586981126e-2,5.96327105644327803e-3,2.90056453496661398e-3,1.25784131571293886e-3,4.78716617339185484e-4,1.56624701629937807e-4,4.28275736070144955e-5,9.39798814436821691e-6,1.55325159180922379e-6,1.72620057222765154e-7,9.90683822208645392e-9,5.32560010163439683e-11,0.00000000000000000e0,0.00000000000000000e0,0.00000000000000000e0,0.00000000000000000e0,0.00000000000000000e0,0.00000000000000000e0,0.00000000000000000e0,0.00000000000000000e0,0.00000000000000000e0,0.00000000000000000e0,0.00000000000000000e0,0.00000000000000000e0,0.00000000000000000e0,0.00000000000000000e0,0.00000000000000000e0,0.00000000000000000e0,0.00000000000000000e0
fv,64,7.49999999999999972e-2,0.00000000000000000e0,9.99999994792508007e-1,2.61845481760929140e1,0.00000000000000000e0,0.00000000000000000e0,0.00000000000000000e0,9.99999994792508007e-1,2.61845481760929140e1,2.61845481760929140e1,0.00000000000000000e0,0.00000000000000000e0,0.00000000000000000e0,0.00000000000000000e0,0.00000000000000000e0,0.00000000000000000e0,0.00000000000000000e0,0.00000000000000000e0,5.31738414104084706e-2,5.27368477092171953e-2,0,0,0.00000000000000000e0,0,0,0.00000000000000000e0,2.659000000e-5,NaN,0.00000000000000000e0,0.00000000000000000e0,0.00000000000000000e0,0.00000000000000000e0,0.00000000000000000e0,0.00000000000000000e0,1.58404693742727381e-3,6.55232176332501831e-2,1.51220679024865606e-1,1.94071820979935472e-1,2.05486401920310591e-1,1.89931901153350957e-1,1.41359855420198799e-1,5.05260693203414546e-2,2.96002402827450287e-4,0.00000000000000000e0,0.00000000000000000e0,0.00000000000000000e0,0.00000000000000000e0,0.00000000000000000e0,0.00000000000000000e0,0.00000000000000000e0,0.00000000000000000e0,0.00000000000000000e0,0.00000000000000000e0,0.00000000000000000e0,0.00000000000000000e0,0.00000000000000000e0,0.00000000000000000e0,0.00000000000000000e0,0.00000000000000000e0,0.00000000000000000e0
fv,64,7.49999999999999972e-2,2.00000000000000011e-1,9.99873780444649696e-1,2.15684387188944768e1,1.26214347858287864e-4,1.71651513087271485e-3,4.76053221295325457e0,9.99999994792508007e-1,2.61845481760929140e1,2.61845481760929140e1,0.00000000000000000e0,0.00000000000000000e0,0.00000000000000000e0,0.00000000000000000e0,5.58112631552371181e-3,5.58112631552371181e-3,0.00000000000000000e0,0.00000000000000000e0,2.36320136873452824e-1,2.36271958718284436e-1,87,0,0.00000000000000000e0,0,0,0.00000000000000000e0,2.114780000e-4,NaN,6.95340823265619217e-4,3.44314651355772479e-3,1.31576209512221081e-2,3.81038133688039599e-2,8.27158341647280804e-2,1.35489290745371638e-1,1.73245181669809623e-1,1.82012965208249194e-1,1.61508168306787103e-1,1.17600613628309245e-1,6.44556784160122964e-2,2.29935519531144737e-2,4.20732295774191214e-3,2.44713798465860243e-4,5.37939210850458035e-7,0.00000000000000000e0,0.00000000000000000e0,0.00000000000000000e0,0.00000000000000000e0,0.00000000000000000e0,0.00000000000000000e0,0.00000000000000000e0,0.00000000000000000e0,0.00000000000000000e0,0.00000000000000000e0,0.00000000000000000e0,0.00000000000000000e0,0.00000000000000000e0,0.00000000000000000e0,0.00000000000000000e0,0.00000000000000000e0,0.00000000000000000e0
fv,64,7.49999999999999972e-2,4.00000000000000022e-1,9.54723217367207000e-1,1.71901515715932085e1,4.52767774253011804e-2,6.15764172984096247e-1,8.65368591035994683e0,9.99999994792508007e-1,2.61845481760929140e1,2.61845481760929140e1,0.00000000000000000e0,0.00000000000000000e0,0.00000000000000000e0,2.22044606081326810e-16,1.05044195146918075e-2,1.05044195146918075e-2,0.00000000000000000e0,0.00000000000000000e0,3.38336965971096304e-1,3.38236574084911423e-1,174,0,0.00000000000000000e0,0,0,0.00000000000000000e0,4.428770000e-4,NaN,5.46464164666094349e-2,9.14063852741206911e-2,1.29216198917146641e-1,1.55382134800969796e-1,1.60195573645696254e-1,1.41964460526216918e-1,1.06992031876289501e-1,6.66673459251201778e-2,3.28146881433172555e-2,1.19807764030063491e-2,2.97852585122208380e-3,4.45310566857339528e-4,3.26066267086911539e-5,7.61366303514714371e-7,9.77622451055243547e-10,0.00000000000000000e0,0.00000000000000000e0,0.00000000000000000e0,0.00000000000000000e0,0.00000000000000000e0,0.00000000000000000e0,0.00000000000000000e0,0.00000000000000000e0,0.00000000000000000e0,0.00000000000000000e0,0.00000000000000000e0,0.00000000000000000e0,0.00000000000000000e0,0.00000000000000000e0,0.00000000000000000e0,0.00000000000000000e0,0.00000000000000000e0
fv,64,7.49999999999999972e-2,5.00000000000000000e-1,8.37286373203813605e-1,1.40940389611634096e1,1.62713621588694762e-1,2.21290525360624812e0,1.02254077864505906e1,9.99999994792508007e-1,2.61845481760929140e1,2.61845481760929140e1,0.00000000000000000e0,0.00000000000000000e0,0.00000000000000000e0,3.33066909121990240e-16,1.32827888718311093e-2,1.32827888718311093e-2,0.00000000000000000e0,0.00000000000000000e0,3.38701206829113644e-1,3.38676261666239709e-1,218,0,0.00000000000000000e0,0,0,0.00000000000000000e0,5.341140000e-4,NaN,1.10798020930250013e-1,1.39229637357466157e-1,1.52203912739217101e-1,1.44943439885862557e-1,1.19748730777683610e-1,8.47075167120312639e-2,5.00911542074398558e-2,2.39193667802957526e-2,8.81224495991950879e-3,2.36045353816822980e-3,4.24099186301444045e-4,4.53852397166027487e-5,2.37102354886385006e-6,3.98242390258280594e-8,4.16735622216104082e-11,0.00000000000000000e0,0.00000000000000000e0,0.00000000000000000e0,0.00000000000000000e0,0.00000000000000000e0,0.00000000000000000e0,0.00000000000000000e0,0.00000000000000000e0,0.00000000000000000e0,0.00000000000000000e0,0.00000000000000000e0,0.00000000000000000e0,0.00000000000000000e0,0.00000000000000000e0,0.00000000000000000e0,0.00000000000000000e0,0.00000000000000000e0
fv,64,7.49999999999999972e-2,5.99999999999999978e-1,6.41782755750258893e-1,1.02908417105696337e1,3.58217239042249391e-1,4.87175445097459114e0,1.14480864258239130e1,9.99999994792508007e-1,2.61845481760929140e1,2.61845481760929140e1,0.00000000000000000e0,0.00000000000000000e0,0.00000000000000000e0,2.22044606081326810e-16,1.62742701691639333e-2,1.62742701691639333e-2,0.00000000000000000e0,0.00000000000000000e0,2.99219281271929483e-1,2.99170339473377012e-1,262,0,0.00000000000000000e0,0,0,0.00000000000000000e0,6.205750000e-4,NaN,1.41656901118658141e-1,1.43180437663892046e-1,1.27368450618313367e-1,9.90392257135385423e-2,6.64412490116388227e-2,3.76910541080819478e-2,1.75969630745477015e-2,6.53223066319174803e-3,1.84592732024972954e-3,3.75283321648589726e-4,5.07939394883327511e-5,4.07741574279802516e-6,1.59750137485109432e-7,2.02935309835877521e-9,1.77643811919812204e-12,0.00000000000000000e0,0.00000000000000000e0,0.00000000000000000e0,0.00000000000000000e0,0.00000000000000000e0,0.00000000000000000e0,0.00000000000000000e0,0.00000000000000000e0,0.00000000000000000e0,0.00000000000000000e0,0.00000000000000000e0,0.00000000000000000e0,0.00000000000000000e0,0.00000000000000000e0,0.00000000000000000e0,0.00000000000000000e0,0.00000000000000000e0
fv,64,7.49999999999999972e-2,6.99999999999999956e-1,4.20605203138252171e-1,6.51815385916694012e0,5.79394791654256447e-1,7.87976916649788528e0,1.22845960227912023e1,9.99999994792508007e-1,2.61845481760929140e1,2.61845481760929140e1,0.00000000000000000e0,0.00000000000000000e0,0.00000000000000000e0,6.66133818243980480e-16,1.90177378282117629e-2,1.90177378282117629e-2,0.00000000000000000e0,0.00000000000000000e0,2.22897656609955919e-1,2.22844331192472489e-1,306,0,0.00000000000000000e0,0,0,0.00000000000000000e0,7.049720000e-4,NaN,1.30496646423931550e-1,1.09422457047502614e-1,8.07461750354466629e-2,5.18066409915591136e-2,2.84160897302367203e-2,1.30379457744316182e-2,4.87093400691033900e-3,1.43333918031554163e-3,3.18626884592354684e-4,5.06623987921219350e-5,5.34193918057948561e-6,3.33453879821257206e-7,1.01699984794908779e-8,1.01398783156667163e-10,7.57250454030951480e-14,0.00000000000000000e0,0.00000000000000000e0,0.00000000000000000e0,0.00000000000000000e0,0.00000000000000000e0,0.00000000000000000e0,0.00000000000000000e0,0.00000000000000000e0,0.00000000000000000e0,0.00000000000000000e0,0.00000000000000000e0,0.00000000000000000e0,0.00000000000000000e0,0.00000000000000000e0,0.00000000000000000e0,0.00000000000000000e0,0.00000000000000000e0
fv,64,7.49999999999999972e-2,8.00000000000000044e-1,2.34007947890311957e-1,3.54033043010633319e0,7.65992046902196244e-1,1.04174918378698678e1,1.27788100808169478e1,9.99999994792508007e-1,2.61845481760929140e1,2.61845481760929140e1,0.00000000000000000e0,0.00000000000000000e0,0.00000000000000000e0,2.22044606081326810e-16,2.10843497847445147e-2,2.10843497847445147e-2,0.00000000000000000e0,0.00000000000000000e0,1.68748204951656600e-1,1.68897865129583047e-1,350,0,0.00000000000000000e0,0,0,0.00000000000000000e0,7.911620000e-4,NaN,9.23680890655896869e-2,6.51403623551058408e-2,4.02418239101051539e-2,2.14677317935253395e-2,9.71467675698844957e-3,3.64926338015280358e-3,1.10855158393748402e-3,2.63719011517468552e-4,4.71791738952312395e-5,6.01704342490610854e-6,5.07833643747517583e-7,2.53577630744992890e-8,6.19670384405296999e-10,4.98922380170637484e-12,3.22796636670307470e-15,0.00000000000000000e0,0.00000000000000000e0,0.00000000000000000e0,0.00000000000000000e0,0.00000000000000000e0,0.00000000000000000e0,0.00000000000000000e0,0.00000000000000000e0,0.00000000000000000e0,0.00000000000000000e0,0.00000000000000000e0,0.00000000000000000e0,0.00000000000000000e0,0.00000000000000000e0,0.00000000000000000e0,0.00000000000000000e0,0.00000000000000000e0
fv,64,7.49999999999999972e-2,9.00000000000000022e-1,1.10704449470839919e-1,1.64630807598962137e0,8.89295545321668546e-1,1.20944194163746843e1,1.30293285103913110e1,9.99999994792508007e-1,2.61845481760929140e1,2.61845481760929140e1,0.00000000000000000e0,0.00000000000000000e0,0.00000000000000000e0,4.44089212162653621e-16,2.23608145813753018e-2,2.23608145813753018e-2,0.00000000000000000e0,0.00000000000000000e0,1.10704449470839961e-1,1.10704449470839933e-1,394,0,0.00000000000000000e0,0,0,0.00000000000000000e0,8.744370000e-4,NaN,5.21370078854593716e-2,3.11812419203452290e-2,1.62509711122408654e-2,7.27175185632121870e-3,2.74450048311982060e-3,8.55420553680279541e-4,2.14659296011547921e-4,4.20328667189012593e-5,6.17223971334640632e-6,6.44863265444292502e-7,4.45374037812923940e-8,1.81985636174331652e-9,3.64611581372438029e-11,2.42468910110129408e-13,1.37600008149224371e-16,0.00000000000000000e0,0.00000000000000000e0,0.00000000000000000e0,0.00000000000000000e0,0.00000000000000000e0,0.00000000000000000e0,0.00000000000000000e0,0.00000000000000000e0,0.00000000000000000e0,0.00000000000000000e0,0.00000000000000000e0,0.00000000000000000e0,0.00000000000000000e0,0.00000000000000000e0,0.00000000000000000e0,0.00000000000000000e0,0.00000000000000000e0
fv,64,7.49999999999999972e-2,1.00000000000000000e0,4.48565773481218316e-2,6.58750507980181754e-1,9.55143417444386578e-1,1.29899504772436512e1,1.31384472214853627e1,9.99999994792508007e-1,2.61845481760929140e1,2.61845481760929140e1,0.00000000000000000e0,0.00000000000000000e0,0.00000000000000000e0,4.44089212162653621e-16,2.30135737521135093e-2,2.30135737521135093e-2,0.00000000000000000e0,0.00000000000000000e0,4.48565773481218386e-2,4.48565773481218316e-2,438,0,0.00000000000000000e0,0,0,0.00000000000000000e0,9.951990000e-4,NaN,2.41218340296573998e-2,1.23251143795206734e-2,5.46389818395171846e-3,2.07066018405571923e-3,6.59254432755463694e-4,1.72736204795307172e-4,3.63335841250347923e-5,5.94968273183882531e-6,7.29344642379210399e-7,6.35380676652966561e-8,3.65713865514908644e-9,1.24583253276514855e-10,2.08507820039127906e-12,1.16639251105631026e-14,5.86553888478239003e-18,0.00000000000000000e0,0.00000000000000000e0,0.00000000000000000e0,0.00000000000000000e0,0.00000000000000000e0,0.00000000000000000e0,0.00000000000000000e0,0.00000000000000000e0,0.00000000000000000e0,0.00000000000000000e0,0.00000000000000000e0,0.00000000000000000e0,0.00000000000000000e0,0.00000000000000000e0,0.00000000000000000e0,0.00000000000000000e0,0.00000000000000000e0
fv,128,7.49999999999999972e-2,0.00000000000000000e0,1.00000000000645572e0,2.61813612360179064e1,0.00000000000000000e0,0.00000000000000000e0,0.00000000000000000e0,1.00000000000645572e0,2.61813612360179064e1,2.61813612360179064e1,0.00000000000000000e0,0.00000000000000000e0,0.00000000000000000e0,0.00000000000000000e0,0.00000000000000000e0,0.00000000000000000e0,0.00000000000000000e0,0.00000000000000000e0,2.65473997139143957e-2,2.63289228304163965e-2,0,0,0.00000000000000000e0,0,0,0.00000000000000000e0,5.066700000e-5,NaN,0.00000000000000000e0,0.00000000000000000e0,0.00000000000000000e0,0.00000000000000000e0,0.00000000000000000e0,0.00000000000000000e0,1.58404660258553700e-3,6.55232176332506411e-2,1.51220679024865579e-1,1.94071820979935528e-1,2.05486401920310591e-1,1.89931901153350985e-1,1.41359855420198799e-1,5.05260693203321148e-2,2.96007951625780713e-4,0.00000000000000000e0,0.00000000000000000e0,0.00000000000000000e0,0.00000000000000000e0,0.00000000000000000e0,0.00000000000000000e0,0.00000000000000000e0,0.00000000000000000e0,0.00000000000000000e0,0.00000000000000000e0,0.00000000000000000e0,0.00000000000000000e0,0.00000000000000000e0,0.00000000000000000e0,0.00000000000000000e0,0.00000000000000000e0,0.00000000000000000e0
fv,128,7.49999999999999972e-2,2.00000000000000011e-1,9.99998645493492822e-1,2.15018747905604641e1,1.35451296244605742e-6,1.84213762892663802e-5,4.75297712877417755e0,1.00000000000645572e0,2.61813612360179064e1,2.61813612360179064e1,0.00000000000000000e0,0.00000000000000000e0,0.00000000000000000e0,-4.44089209847195698e-16,2.80768841735763415e-3,2.80768841735763415e-3,0.00000000000000000e0,0.00000000000000000e0,1.35999057803453893e-1,1.35990076490430212e-1,173,0,0.00000000000000000e0,0,0,0.00000000000000000e0,5.731740000e-4,NaN,3.65093521311261502e-5,5.97841614501392477e-4,5.57761978901724458e-3,2.88112159756987798e-2,8.33038241298216658e-2,1.47132791968943410e-1,1.86167955587135309e-1,1.93337891282016727e-1,1.70337343115086637e-1,1.18152359937479676e-1,5.37302172563851391e-2,1.19583603488098451e-2,8.46025015928989388e-4,8.68923001362514344e-6,8.90523528763539571e-10,0.00000000000000000e0,0.00000000000000000e0,0.00000000000000000e0,0.00000000000000000e0,0.00000000000000000e0,0.00000000000000000e0,0.00000000000000000e0,0.00000000000000000e0,0.00000000000000000e0,0.00000000000000000e0,0.00000000000000000e0,0.00000000000000000e0,0.00000000000000000e0,0.00000000000000000e0,0.00000000000000000e0,0.00000000000000000e0,0.00000000000000000e0
fv,128,7.49999999999999972e-2,4.00000000000000022e-1,9.78634246253938134e-1,1.73799826700603361e1,2.13657537525177542e-2,2.90574251034241504e-1,8.64678136962507793e0,1.00000000000645572e0,2.61813612360179064e1,2.61813612360179064e1,0.00000000000000000e0,0.00000000000000000e0,0.00000000000000000e0,2.22044604923597849e-16,5.19365870536490221e-3,5.19365870536490221e-3,0.00000000000000000e0,0.00000000000000000e0,2.10469811860154427e-1,2.10442061740857084e-1,346,0,0.00000000000000000e0,0,0,0.00000000000000000e0,1.198726000e-3,NaN,4.66679514099287360e-2,9.54393344769258190e-2,1.46144070352805550e-1,1.77430697116959551e-1,1.79575273669542818e-1,1.52989981793648977e-1,1.05094306537462948e-1,5.34563673929587466e-2,1.79889254087995561e-2,3.50081946975603275e-3,3.33934008453757529e-4,1.24575269104229550e-5,1.26917171953447955e-7,1.72610224512734816e-10,2.67901124181221732e-15,0.00000000000000000e0,0.00000000000000000e0,0.00000000000000000e0,0.00000000000000000e0,0.00000000000000000e0,0.00000000000000000e0,0.00000000000000000e0,0.00000000000000000e0,0.00000000000000000e0,0.00000000000000000e0,0.00000000000000000e0,0.00000000000000000e0,0.00000000000000000e0,0.00000000000000000e0,0.00000000000000000e0,0.00000000000000000e0,0.00000000000000000e0
fv,128,7.49999999999999972e-2,5.00000000000000000e-1,8.71671371134238648e-1,1.43630362433165004e1,1.28328628872216743e-1,1.74526935266214722e0,1.02449996104950234e1,1.00000000000645572e0,2.61813612360179064e1,2.61813612360179064e1,0.00000000000000000e0,0.00000000000000000e0,0.00000000000000000e0,-4.44089209847195698e-16,6.56741904692181161e-3,6.56741904692181161e-3,0.00000000000000000e0,0.00000000000000000e0,2.06532845021399236e-1,2.06516999093013770e-1,433,0,0.00000000000000000e0,0,0,0.00000000000000000e0,1.482694000e-3,NaN,1.24129991383000599e-1,1.62503117134329356e-1,1.76477888000801386e-1,1.62167191228233004e-1,1.24253442019490845e-1,7.56027536366161573e-2,3.40016524206772780e-2,1.03763393883666254e-2,1.94859529271311288e-3,2.00489015659045794e-4,9.73085643992601235e-6,1.79864743190839299e-7,8.92579341540465578e-10,5.89222730851535072e-13,4.64625778848877769e-18,0.00000000000000000e0,0.00000000000000000e0,0.00000000000000000e0,0.00000000000000000e0,0.00000000000000000e0,0.00000000000000000e0,0.00000000000000000e0,0.00000000000000000e0,0.00000000000000000e0,0.00000000000000000e0,0.00000000000000000e0,0.00000000000000000e0,0.00000000000000000e0,0.00000000000000000e0,0.00000000000000000e0,0.00000000000000000e0,0.00000000000000000e0
fv,128,7.49999999999999972e-2,5.99999999999999978e-1,6.50162575632073358e-1,1.01597946135612691e1,3.49837424374382311e-1,4.75778897149159885e0,1.14780880459251389e1,1.00000000000645572e0,2.61813612360179064e1,2.61813612360179064e1,0.00000000000000000e0,0.00000000000000000e0,0.00000000000000000e0,0.00000000000000000e0,8.18560933589934127e-3,8.18560933589934127e-3,0.00000000000000000e0,0.00000000000000000e0,1.82563848876025364e-1,1.82548399890742397e-1,520,0,0.00000000000000000e0,0,0,0.00000000000000000e0,1.765890000e-3,NaN,1.68629203848242454e-1,1.66165138113982813e-1,1.38828105042874517e-1,9.58686117719064063e-2,5.22526052744707870e-2,2.12014156632654369e-2,5.99428220934248440e-3,1.09688480935347921e-3,1.19221330551813598e-4,6.91969153142002065e-6,1.85992145156643535e-7,1.87934479135403416e-9,5.05991534303110780e-12,1.81556839415674430e-15,8.05803035621916921e-21,0.00000000000000000e0,0.00000000000000000e0,0.00000000000000000e0,0.00000000000000000e0,0.00000000000000000e0,0.00000000000000000e0,0.00000000000000000e0,0.00000000000000000e0,0.00000000000000000e0,0.00000000000000000e0,0.00000000000000000e0,0.00000000000000000e0,0.00000000000000000e0,0.00000000000000000e0,0.00000000000000000e0,0.00000000000000000e0,0.00000000000000000e0
fv,128,7.49999999999999972e-2,6.99999999999999956e-1,3.85154254306133814e-1,5.80227146717369902e0,6.14845745700321800e-1,8.36190214152437505e0,1.22716414078708738e1,1.00000000000645572e0,2.61813612360179064e1,2.61813612360179064e1,0.00000000000000000e0,0.00000000000000000e0,0.00000000000000000e0,0.00000000000000000e0,9.71889040669849519e-3,9.71889040669849519e-3,0.00000000000000000e0,0.00000000000000000e0,1.40992601604463474e-1,1.40971840434092638e-1,607,0,0.00000000000000000e0,0,0,0.00000000000000000e0,2.067515000e-3,NaN,1.48728874010446738e-1,1.13248603260355962e-1,7.09077502144488669e-2,3.50538485939762695e-2,1.30470109023659263e-2,3.47013670676186731e-3,6.22642406773835826e-4,7.05592360983804971e-5,4.66393644005184899e-6,1.62428973054463172e-7,2.59400076760259965e-9,1.54675090761641243e-11,2.44964860668163622e-14,5.18977499441010600e-18,1.39749847981285283e-23,0.00000000000000000e0,0.00000000000000000e0,0.00000000000000000e0,0.00000000000000000e0,0.00000000000000000e0,0.00000000000000000e0,0.00000000000000000e0,0.00000000000000000e0,0.00000000000000000e0,0.00000000000000000e0,0.00000000000000000e0,0.00000000000000000e0,0.00000000000000000e0,0.00000000000000000e0,0.00000000000000000e0,0.00000000000000000e0,0.00000000000000000e0
fv,128,7.49999999999999972e-2,8.00000000000000044e-1,1.72636157582647748e-1,2.53634085401072129e0,8.27363842423808005e-1,1.12521482569637818e1,1.26759286589585205e1,1.00000000000645572e0,2.61813612360179064e1,2.61813612360179064e1,0.00000000000000000e0,0.00000000000000000e0,0.00000000000000000e0,0.00000000000000000e0,1.08113757479390282e-2,1.08113757479390282e-2,0.00000000000000000e0,0.00000000000000000e0,1.05532765202399320e-1,1.05548506286431490e-1,694,0,0.00000000000000000e0,0,0,0.00000000000000000e0,2.348858000e-3,NaN,8.85846498531466936e-2,5.06846323235406737e-2,2.29957360201147355e-2,7.95718216747038840e-3,2.01338172979244855e-3,3.55742678913022680e-4,4.16612979403262798e-5,3.04052716241631585e-6,1.28132740237522077e-7,2.82335376233545799e-9,2.83668790667307694e-11,1.06020611559357699e-13,1.05134329629296762e-16,1.40064153010014767e-20,2.42365418892742453e-26,0.00000000000000000e0,0.00000000000000000e0,0.00000000000000000e0,0.00000000000000000e0,0.00000000000000000e0,0.00000000000000000e0,0.00000000000000000e0,0.00000000000000000e0,0.00000000000000000e0,0.00000000000000000e0,0.00000000000000000e0,0.00000000000000000e0,0.00000000000000000e0,0.00000000000000000e0,0.00000000000000000e0,0.00000000000000000e0,0.00000000000000000e0
fv,128,7.49999999999999972e-2,9.00000000000000022e-1,5.63020229549363038e-2,8.13288199561672309e-1,9.43697977051519254e-1,1.28342924879006564e1,1.28314774047919027e1,1.00000000000645572e0,2.61813612360179064e1,2.61813612360179064e1,0.00000000000000000e0,0.00000000000000000e0,0.00000000000000000e0,-2.22044604923597849e-16,1.13705644848893783e-2,1.13705644848893783e-2,0.00000000000000000e0,0.00000000000000000e0,5.63020229549363038e-2,5.63020229549362899e-2,781,0,0.00000000000000000e0,0,0,0.00000000000000000e0,2.627809000e-3,NaN,3.52468578113176306e-2,1.48308961878637971e-2,4.82265027949154400e-3,1.17070186732757815e-3,2.04308176511819046e-4,2.45722977383262807e-5,1.93903412869587199e-6,9.46121050054697392e-8,2.64957790247175300e-9,3.86176133846907192e-11,2.55777226844666797e-13,6.28922810702495978e-16,4.10329948758125340e-19,3.61209890013721190e-23,4.20326571750450099e-29,0.00000000000000000e0,0.00000000000000000e0,0.00000000000000000e0,0.00000000000000000e0,0.00000000000000000e0,0.00000000000000000e0,0.00000000000000000e0,0.00000000000000000e0,0.00000000000000000e0,0.00000000000000000e0,0.00000000000000000e0,0.00000000000000000e0,0.00000000000000000e0,0.00000000000000000e0,0.00000000000000000e0,0.00000000000000000e0,0.00000000000000000e0
fv,128,7.49999999999999972e-2,1.00000000000000000e0,1.31658184611117245e-2,1.88014059235621006e-1,9.86834181545343969e-1,1.34209448690166724e1,1.28753136773691192e1,1.00000000000645572e0,2.61813612360179064e1,2.61813612360179064e1,0.00000000000000000e0,0.00000000000000000e0,0.00000000000000000e0,0.00000000000000000e0,1.15697334020505114e-2,1.15697334020505114e-2,0.00000000000000000e0,0.00000000000000000e0,1.31658184611117245e-2,1.31658184611117245e-2,868,0,0.00000000000000000e0,0,0,0.00000000000000000e0,2.904776000e-3,NaN,9.44023735910738508e-3,2.90987327996291342e-3,6.82096984986338027e-4,1.17836072754101478e-4,1.44877991211545523e-5,1.21790947893556048e-6,6.67600753577841404e-8,2.25176462270628970e-9,4.34243843094110193e-11,4.34552579732227607e-13,1.97202708198244054e-15,3.31890706743339420e-18,1.48304830215517888e-21,8.97771103194468673e-26,7.28953684667878548e-32,0.00000000000000000e0,0.00000000000000000e0,0.00000000000000000e0,0.00000000000000000e0,0.00000000000000000e0,0.00000000000000000e0,0.00000000000000000e0,0.00000000000000000e0,0.00000000000000000e0,0.00000000000000000e0,0.00000000000000000e0,0.00000000000000000e0,0.00000000000000000e0,0.00000000000000000e0,0.00000000000000000e0,0.00000000000000000e0,0.00000000000000000e0
fv,256,7.49999999999999972e-2,0.00000000000000000e0,9.99999999999999667e-1,2.61805662229772977e1,0.00000000000000000e0,0.00000000000000000e0,0.00000000000000000e0,9.99999999999999667e-1,2.61805662229772977e1,2.61805662229772977e1,0.00000000000000000e0,0.00000000000000000e0,0.00000000000000000e0,0.00000000000000000e0,0.00000000000000000e0,0.00000000000000000e0,0.00000000000000000e0,0.00000000000000000e0,1.32637771684954425e-2,1.31539306525969690e-2,0,0,0.00000000000000000e0,0,0,0.00000000000000000e0,1.157940000e-4,NaN,0.00000000000000000e0,0.00000000000000000e0,0.00000000000000000e0,0.00000000000000000e0,0.00000000000000000e0,0.00000000000000000e0,1.58404660278604220e-3,6.55232176332506550e-2,1.51220679024865579e-1,1.94071820979935500e-1,2.05486401920310618e-1,1.89931901153350957e-1,1.41359855420198771e-1,5.05260693203321287e-2,2.96007944969465294e-4,0.00000000000000000e0,0.00000000000000000e0,0.00000000000000000e0,0.00000000000000000e0,0.00000000000000000e0,0.00000000000000000e0,0.00000000000000000e0,0.00000000000000000e0,0.00000000000000000e0,0.00000000000000000e0,0.00000000000000000e0,0.00000000000000000e0,0.00000000000000000e0,0.00000000000000000e0,0.00000000000000000e0,0.00000000000000000e0,0.00000000000000000e0
fv,256,7.49999999999999972e-2,2.00000000000000011e-1,9.99999999353527569e-1,2.14681408068322135e1,6.46471616961323504e-10,8.79201399067399990e-9,4.74929451989565798e0,9.99999999999999667e-1,2.61805662229772977e1,2.61805662229772977e1,0.00000000000000000e0,0.00000000000000000e0,0.00000000000000000e0,-4.44089209850062813e-16,1.40826261084573724e-3,1.40826261084573724e-3,0.00000000000000000e0,0.00000000000000000e0,7.55356937279879903e-2,7.55475977056553061e-2,344,0,0.00000000000000000e0,0,0,0.00000000000000000e0,2.683502000e-3,NaN,2.83663543672566634e-7,4.03177975396236239e-5,1.70177940192098483e-3,2.08191644667544001e-2,8.37683488591672576e-2,1.54587196106723362e-1,1.92575102994084091e-1,1.99090752797821624e-1,1.76324047721364757e-1,1.19999425414383007e-1,4.55379052265188281e-2,5.46553979868459779e-3,9.00893230623016800e-5,4.57819511133887208e-8,8.00556685291078651e-15,0.00000000000000000e0,0.00000000000000000e0,0.00000000000000000e0,0.00000000000000000e0,0.00000000000000000e0,0.00000000000000000e0,0.00000000000000000e0,0.00000000000000000e0,0.00000000000000000e0,0.00000000000000000e0,0.00000000000000000e0,0.00000000000000000e0,0.00000000000000000e0,0.00000000000000000e0,0.00000000000000000e0,0.00000000000000000e0,0.00000000000000000e0
fv,256,7.49999999999999972e-2,4.00000000000000022e-1,9.91235786806106578e-1,1.74879784897115691e1,8.76421319389229098e-3,1.19193299436935199e-1,8.64093730019333961e0,9.99999999999999667e-1,2.61805662229772977e1,2.61805662229772977e1,0.00000000000000000e0,0.00000000000000000e0,0.00000000000000000e0,-7.77156117237609874e-16,2.57988562162069857e-3,2.57988562162069857e-3,0.00000000000000000e0,0.00000000000000000e0,1.25354112727217359e-1,1.25357900197132166e-1,688,0,0.00000000000000000e0,0,0,0.00000000000000000e0,4.815733000e-3,NaN,3.79359202864513051e-2,9.79398076278516078e-2,1.57987600875141576e-1,1.90078566506134916e-1,1.91040743190430351e-1,1.61518551935333987e-1,1.03999919251279299e-1,4.19320824767163772e-2,8.20516774447097204e-3,5.86408092067967142e-4,1.09842172141211289e-5,3.45938204936301626e-8,9.19426420804193437e-12,5.51372725153618941e-17,1.15816515602860203e-25,0.00000000000000000e0,0.00000000000000000e0,0.00000000000000000e0,0.00000000000000000e0,0.00000000000000000e0,0.00000000000000000e0,0.00000000000000000e0,0.00000000000000000e0,0.00000000000000000e0,0.00000000000000000e0,0.00000000000000000e0,0.00000000000000000e0,0.00000000000000000e0,0.00000000000000000e0,0.00000000000000000e0,0.00000000000000000e0,0.00000000000000000e0
fv,256,7.49999999999999972e-2,5.00000000000000000e-1,8.96316802540482738e-1,1.45963709564822732e1,1.03683197459517151e-1,1.41009148544943375e0,1.02592201602162181e1,9.99999999999999667e-1,2.61805662229772977e1,2.61805662229772977e1,0.00000000000000000e0,0.00000000000000000e0,0.00000000000000000e0,2.22044604925031407e-16,3.25112827758195248e-3,3.25112827758195248e-3,0.00000000000000000e0,0.00000000000000000e0,1.19473359526392472e-1,1.19481778964904750e-1,860,0,0.00000000000000000e0,0,0,0.00000000000000000e0,6.036943000e-3,NaN,1.34066705621972315e-1,1.77859752148894601e-1,1.91254871367500856e-1,1.74081993405402813e-1,1.27939733447426984e-1,6.68823311269520770e-2,2.08445989915158128e-2,3.18806178971535806e-3,1.94959480739701250e-4,3.77787346114537674e-6,1.72745991070561588e-8,1.23010159924746651e-11,7.02718954516201959e-16,8.85656122289572265e-22,4.08088969993099967e-31,0.00000000000000000e0,0.00000000000000000e0,0.00000000000000000e0,0.00000000000000000e0,0.00000000000000000e0,0.00000000000000000e0,0.00000000000000000e0,0.00000000000000000e0,0.00000000000000000e0,0.00000000000000000e0,0.00000000000000000e0,0.00000000000000000e0,0.00000000000000000e0,0.00000000000000000e0,0.00000000000000000e0,0.00000000000000000e0,0.00000000000000000e0
fv,256,7.49999999999999972e-2,5.99999999999999978e-1,6.56849575863494461e-1,1.01168279170800997e1,3.43150424136505039e-1,4.66684576825647035e0,1.15043158919220652e1,9.99999999999999667e-1,2.61805662229772977e1,2.61805662229772977e1,0.00000000000000000e0,0.00000000000000000e0,0.00000000000000000e0,-1.11022302462515703e-16,4.10317154206762871e-3,4.10317154206762871e-3,0.00000000000000000e0,0.00000000000000000e0,1.05352958007945960e-1,1.05359817204192935e-1,1032,0,0.00000000000000000e0,0,0,0.00000000000000000e0,7.151522000e-3,NaN,1.86508149220543984e-1,1.81632193585907764e-1,1.47252818044912914e-1,9.18039832248809806e-2,3.87810343818502587e-2,9.60252597658336690e-3,1.20224254460308752e-3,6.53233298418858443e-5,1.29789793415164602e-6,7.64631943909002658e-9,1.01144789128899023e-11,2.01087952135748026e-15,3.13708829062640620e-20,1.07301332922155510e-26,1.39605481967950646e-36,0.00000000000000000e0,0.00000000000000000e0,0.00000000000000000e0,0.00000000000000000e0,0.00000000000000000e0,0.00000000000000000e0,0.00000000000000000e0,0.00000000000000000e0,0.00000000000000000e0,0.00000000000000000e0,0.00000000000000000e0,0.00000000000000000e0,0.00000000000000000e0,0.00000000000000000e0,0.00000000000000000e0,0.00000000000000000e0,0.00000000000000000e0
fv,256,7.49999999999999972e-2,6.99999999999999956e-1,3.61661985213028003e-1,5.35492496571793541e0,6.38338014786971164e-1,8.68139700110281254e0,1.22732192863480485e1,9.99999999999999667e-1,2.61805662229772977e1,2.61805662229772977e1,0.00000000000000000e0,0.00000000000000000e0,0.00000000000000000e0,-5.55111512312578467e-16,4.92636519367190950e-3,4.92636519367190950e-3,0.00000000000000000e0,0.00000000000000000e0,8.64945767612687738e-2,8.65014489566706957e-2,1204,0,0.00000000000000000e0,0,0,0.00000000000000000e0,8.219020000e-3,NaN,1.61782214837107419e-1,1.14651367442753477e-1,5.99215119086947690e-2,2.06549148576215570e-2,4.18483083731817189e-3,4.44669404956222927e-4,2.20265916108166567e-5,4.46166519578281255e-7,3.16003002854398327e-9,6.41315734666608953e-12,2.84850458996405595e-15,1.86780195935884925e-19,9.51210477151704277e-25,1.06209855542321778e-31,4.67313104224114318e-42,0.00000000000000000e0,0.00000000000000000e0,0.00000000000000000e0,0.00000000000000000e0,0.00000000000000000e0,0.00000000000000000e0,0.00000000000000000e0,0.00000000000000000e0,0.00000000000000000e0,0.00000000000000000e0,0.00000000000000000e0,0.00000000000000000e0,0.00000000000000000e0,0.00000000000000000e0,0.00000000000000000e0,0.00000000000000000e0,0.00000000000000000e0
fv,256,7.49999999999999972e-2,8.00000000000000044e-1,1.30209870369379532e-1,1.87637272888068063e0,8.69790129630619746e-1,1.18291457629764274e1,1.26189245955245983e1,9.99999999999999667e-1,2.61805662229772977e1,2.61805662229772977e1,0.00000000000000000e0,0.00000000000000000e0,0.00000000000000000e0,-3.33066907387547061e-16,5.49555969030704385e-3,5.49555969030704385e-3,0.00000000000000000e0,0.00000000000000000e0,6.31983270006785808e-2,6.31994889109437769e-2,1376,0,0.00000000000000000e0,0,0,0.00000000000000000e0,9.263052000e-3,NaN,8.20649117279136919e-2,3.59468763813064959e-2,1.02776111449670027e-2,1.75051442601554456e-3,1.62335791640976998e-4,7.46607143802393749e-6,1.53571188037838827e-7,1.25142809245844743e-9,3.47896727824104764e-12,2.71909947586560765e-15,4.58581803169297583e-19,1.13081072835564540e-23,2.15531890440443979e-29,9.02994022252948589e-37,1.53835776156783855e-47,0.00000000000000000e0,0.00000000000000000e0,0.00000000000000000e0,0.00000000000000000e0,0.00000000000000000e0,0.00000000000000000e0,0.00000000000000000e0,0.00000000000000000e0,0.00000000000000000e0,0.00000000000000000e0,0.00000000000000000e0,0.00000000000000000e0,0.00000000000000000e0,0.00000000000000000e0,0.00000000000000000e0,0.00000000000000000e0,0.00000000000000000e0
fv,256,7.49999999999999972e-2,9.00000000000000022e-1,2.56764797500185597e-2,3.63748709597645548e-1,9.74323520249980923e-1,1.32507998753997409e1,1.27161676080326398e1,9.99999999999999667e-1,2.61805662229772977e1,2.61805662229772977e1,0.00000000000000000e0,0.00000000000000000e0,0.00000000000000000e0,-2.22044604925031407e-16,5.73516893309021589e-3,5.73516893309021589e-3,0.00000000000000000e0,0.00000000000000000e0,2.56764797500185597e-2,2.56764797500185632e-2,1548,0,0.00000000000000000e0,0,0,0.00000000000000000e0,1.040315000e-2,NaN,2.00605569759552474e-2,4.84457877801156879e-3,7.10018990486607966e-4,5.87298855292567741e-5,2.54169681308619231e-6,5.29397081099570617e-8,4.81807105699795461e-10,1.70555304397130017e-12,2.03004324698001401e-15,6.71736520628013128e-19,4.75678443962951947e-23,4.89850947131819507e-28,3.89113093021045718e-34,6.81855188067766009e-42,4.99738623837409481e-53,0.00000000000000000e0,0.00000000000000000e0,0.00000000000000000e0,0.00000000000000000e0,0.00000000000000000e0,0.00000000000000000e0,0.00000000000000000e0,0.00000000000000000e0,0.00000000000000000e0,0.00000000000000000e0,0.00000000000000000e0,0.00000000000000000e0,0.00000000000000000e0,0.00000000000000000e0,0.00000000000000000e0,0.00000000000000000e0,0.00000000000000000e0
fv,256,7.49999999999999972e-2,1.00000000000000000e0,2.49027350411502434e-3,3.49171641300675822e-2,9.97509726495884652e-1,1.35661322803440196e1,1.27310059133687226e1,9.99999999999999667e-1,2.61805662229772977e1,2.61805662229772977e1,0.00000000000000000e0,0.00000000000000000e0,0.00000000000000000e0,0.00000000000000000e0,5.78632003507090209e-3,5.78632003507090209e-3,0.00000000000000000e0,0.00000000000000000e0,2.49027350411502434e-3,2.49027350411502434e-3,1720,0,0.00000000000000000e0,0,0,0.00000000000000000e0,1.151004700e-2,NaN,2.18699833756550843e-3,2.81277275276991872e-4,2.11109774954639252e-5,8.68452987806629747e-7,1.82780957871294343e-8,1.81912162266290936e-10,7.80020215497598904e-13,1.28626398998070919e-15,7.06788027197221306e-19,1.07220586622733444e-22,3.46334103404818998e-27,1.62186234665372805e-32,5.85520373009301177e-39,4.68142652531657444e-47,1.60594232429474774e-58,0.00000000000000000e0,0.00000000000000000e0,0.00000000000000000e0,0.00000000000000000e0,0.00000000000000000e0,0.00000000000000000e0,0.00000000000000000e0,0.00000000000000000e0,0.00000000000000000e0,0.00000000000000000e0,0.00000000000000000e0,0.00000000000000000e0,0.00000000000000000e0,0.00000000000000000e0,0.00000000000000000e0,0.00000000000000000e0,0.00000000000000000e0
fv,128,1.49999999999999994e-1,0.00000000000000000e0,1.00000000000645572e0,2.61813612360179064e1,0.00000000000000000e0,0.00000000000000000e0,0.00000000000000000e0,1.00000000000645572e0,2.61813612360179064e1,2.61813612360179064e1,0.00000000000000000e0,0.00000000000000000e0,0.00000000000000000e0,0.00000000000000000e0,0.00000000000000000e0,0.00000000000000000e0,0.00000000000000000e0,0.00000000000000000e0,2.65473997139143957e-2,2.63289228304163965e-2,0,0,0.00000000000000000e0,0,0,0.00000000000000000e0,5.177800000e-5,NaN,0.00000000000000000e0,0.00000000000000000e0,0.00000000000000000e0,0.00000000000000000e0,0.00000000000000000e0,0.00000000000000000e0,1.58404660258553700e-3,6.55232176332506411e-2,1.51220679024865579e-1,1.94071820979935528e-1,2.05486401920310591e-1,1.89931901153350985e-1,1.41359855420198799e-1,5.05260693203321148e-2,2.96007951625780713e-4,0.00000000000000000e0,0.00000000000000000e0,0.00000000000000000e0,0.00000000000000000e0,0.00000000000000000e0,0.00000000000000000e0,0.00000000000000000e0,0.00000000000000000e0,0.00000000000000000e0,0.00000000000000000e0,0.00000000000000000e0,0.00000000000000000e0,0.00000000000000000e0,0.00000000000000000e0,0.00000000000000000e0,0.00000000000000000e0,0.00000000000000000e0
fv,128,1.49999999999999994e-1,2.00000000000000011e-1,9.99998728865623132e-1,2.15018786070177583e1,1.27114083248917327e-6,1.72875153218527547e-5,4.75297439513159148e0,1.00000000000645572e0,2.61813612360179064e1,2.61813612360179064e1,0.00000000000000000e0,0.00000000000000000e0,0.00000000000000000e0,0.00000000000000000e0,2.80768646764017896e-3,2.80768646764017896e-3,0.00000000000000000e0,0.00000000000000000e0,1.36014403650424637e-1,1.36005272161604573e-1,87,0,0.00000000000000000e0,0,0,0.00000000000000000e0,3.349650000e-4,NaN,3.54616728468245532e-5,5.91607334562264464e-4,5.56599571223126508e-3,2.88200989338906477e-2,8.33279685121537522e-2,1.47136275299689784e-1,1.86166080343170531e-1,1.93338819684343632e-1,1.70331805022894495e-1,1.18130390587102063e-1,5.37207198525795696e-2,1.19731805893909075e-2,8.51472171129695954e-4,8.85222413905522414e-6,9.25498554798175720e-10,0.00000000000000000e0,0.00000000000000000e0,0.00000000000000000e0,0.00000000000000000e0,0.00000000000000000e0,0.00000000000000000e0,0.00000000000000000e0,0.00000000000000000e0,0.00000000000000000e0,0.00000000000000000e0,0.00000000000000000e0,0.00000000000000000e0,0.00000000000000000e0,0.00000000000000000e0,0.00000000000000000e0,0.00000000000000000e0,0.00000000000000000e0
fv,128,1.49999999999999994e-1,4.00000000000000022e-1,9.78657765531463442e-1,1.73802751708773080e1,2.13422344749919050e-2,2.90254388859889856e-1,8.64680664846731162e0,1.00000000000645572e0,2.61813612360179064e1,2.61813612360179064e1,0.00000000000000000e0,0.00000000000000000e0,0.00000000000000000e0,-4.44089209847195698e-16,5.19357916346765546e-3,5.19357916346765546e-3,0.00000000000000000e0,0.00000000000000000e0,2.10504644691628107e-1,2.10478255719232926e-1,174,0,0.00000000000000000e0,0,0,0.00000000000000000e0,6.362490000e-4,NaN,4.66844601630335074e-2,9.54658817058943177e-2,1.46156231132473252e-1,1.77430585518158435e-1,1.79569676539743761e-1,1.52972532727452010e-1,1.05069178885074249e-1,5.34474912690713899e-2,1.80007135013870515e-2,3.51155917053102163e-3,3.36652764368463003e-4,1.26710551195469775e-5,1.30917440534948596e-7,1.81712861813449365e-10,2.89357984745737627e-15,0.00000000000000000e0,0.00000000000000000e0,0.00000000000000000e0,0.00000000000000000e0,0.00000000000000000e0,0.00000000000000000e0,0.00000000000000000e0,0.00000000000000000e0,0.00000000000000000e0,0.00000000000000000e0,0.00000000000000000e0,0.00000000000000000e0,0.00000000000000000e0,0.00000000000000000e0,0.00000000000000000e0,0.00000000000000000e0,0.00000000000000000e0
fv,128,1.49999999999999994e-1,5.00000000000000000e-1,8.71661579063707448e-1,1.43628611701573359e1,1.28338420942747472e-1,1.74540252482136582e0,1.02450432156998641e1,1.00000000000645572e0,2.61813612360179064e1,2.61813612360179064e1,0.00000000000000000e0,0.00000000000000000e0,0.00000000000000000e0,-8.88178419694391397e-16,6.56748413921715533e-3,6.56748413921715533e-3,0.00000000000000000e0,0.00000000000000000e0,2.06555514555477410e-1,2.06540794368164804e-1,218,0,0.00000000000000000e0,0,0,0.00000000000000000e0,8.299800000e-4,NaN,1.24152302687910207e-1,1.62509654715399243e-1,1.76473336776388878e-1,1.62151919183091547e-1,1.24228054886502820e-1,7.55839408567011151e-2,3.40042084045321449e-2,1.03894563564952240e-2,1.95633372648952803e-3,2.02287643395700862e-4,9.89772010226402905e-6,1.85171405909585825e-7,9.34661977930834051e-10,6.31106691995518148e-13,5.11326961914248281e-18,0.00000000000000000e0,0.00000000000000000e0,0.00000000000000000e0,0.00000000000000000e0,0.00000000000000000e0,0.00000000000000000e0,0.00000000000000000e0,0.00000000000000000e0,0.00000000000000000e0,0.00000000000000000e0,0.00000000000000000e0,0.00000000000000000e0,0.00000000000000000e0,0.00000000000000000e0,0.00000000000000000e0,0.00000000000000000e0,0.00000000000000000e0
fv,128,1.49999999999999994e-1,5.99999999999999978e-1,6.50120651235680747e-1,1.01592213076168552e1,3.49879348770774479e-1,4.75835914328253118e0,1.14780957076778787e1,1.00000000000645572e0,2.61813612360179064e1,2.61813612360179064e1,0.00000000000000000e0,0.00000000000000000e0,0.00000000000000000e0,-4.44089209847195698e-16,8.18578226805585785e-3,8.18578226805585785e-3,0.00000000000000000e0,0.00000000000000000e0,1.82616451073536773e-1,1.82600931203131422e-1,262,0,0.00000000000000000e0,0,0,0.00000000000000000e0,9.932460000e-4,NaN,1.68629233498386488e-1,1.66152271484567737e-1,1.38804046719087637e-1,9.58441448341563057e-2,5.22445211396484477e-2,2.12106586104199614e-2,6.00591774897895215e-3,1.10223140630125822e-3,1.20392206222773689e-4,7.04033779070840524e-6,1.91283304711262616e-7,1.96143007176517532e-9,5.38374505782840372e-12,1.97922448956714238e-15,9.03563760175023746e-21,0.00000000000000000e0,0.00000000000000000e0,0.00000000000000000e0,0.00000000000000000e0,0.00000000000000000e0,0.00000000000000000e0,0.00000000000000000e0,0.00000000000000000e0,0.00000000000000000e0,0.00000000000000000e0,0.00000000000000000e0,0.00000000000000000e0,0.00000000000000000e0,0.00000000000000000e0,0.00000000000000000e0,0.00000000000000000e0,0.00000000000000000e0
fv,128,1.49999999999999994e-1,6.99999999999999956e-1,3.85115291620024391e-1,5.80179711899710426e0,6.14884708386430834e-1,8.36243203405545898e0,1.22715891529750465e1,1.00000000000645572e0,2.61813612360179064e1,2.61813612360179064e1,0.00000000000000000e0,0.00000000000000000e0,0.00000000000000000e0,-4.44089209847195698e-16,9.71901604793736634e-3,9.71901604793736634e-3,0.00000000000000000e0,0.00000000000000000e0,1.41040032354073613e-1,1.41019309109921692e-1,306,0,0.00000000000000000e0,0,0,0.00000000000000000e0,1.157804000e-3,NaN,1.48707111362519101e-1,1.13221686946804179e-1,7.08907462946136296e-2,3.50552749376384434e-2,1.30586196775440803e-2,3.47938309425171012e-3,6.26239178161686907e-4,7.13130672259635787e-5,4.74737384302445611e-6,1.66969375913160387e-7,2.70163696408451560e-9,1.63831732325415266e-11,2.64998854672018323e-14,5.75960616147846212e-18,1.59667240581522425e-23,0.00000000000000000e0,0.00000000000000000e0,0.00000000000000000e0,0.00000000000000000e0,0.00000000000000000e0,0.00000000000000000e0,0.00000000000000000e0,0.00000000000000000e0,0.00000000000000000e0,0.00000000000000000e0,0.00000000000000000e0,0.00000000000000000e0,0.00000000000000000e0,0.00000000000000000e0,0.00000000000000000e0,0.00000000000000000e0,0.00000000000000000e0
fv,128,1.49999999999999994e-1,8.00000000000000044e-1,1.72633966350234619e-1,2.53639477628013399e0,8.27366033656220634e-1,1.12521780577245991e1,1.26758438548050840e1,1.00000000000645572e0,2.61813612360179064e1,2.61813612360179064e1,0.00000000000000000e0,0.00000000000000000e0,0.00000000000000000e0,-4.44089209847195698e-16,1.08113344543181410e-2,1.08113344543181410e-2,0.00000000000000000e0,0.00000000000000000e0,1.05540424706781502e-1,1.05554920072735245e-1,350,0,0.00000000000000000e0,0,0,0.00000000000000000e0,1.318336000e-3,NaN,8.85613819472761271e-2,5.06771340144250640e-2,2.30032404165788976e-2,7.96844791947610466e-3,2.02026966532838732e-3,3.58118399632798956e-4,4.21426922143670546e-5,3.09663240357201833e-6,1.31696214830401084e-7,2.93661736788999234e-9,2.99528760611954389e-11,1.14055002700170624e-13,1.15682632679973816e-16,1.58272381047525993e-20,2.82143309908570301e-26,0.00000000000000000e0,0.00000000000000000e0,0.00000000000000000e0,0.00000000000000000e0,0.00000000000000000e0,0.00000000000000000e0,0.00000000000000000e0,0.00000000000000000e0,0.00000000000000000e0,0.00000000000000000e0,0.00000000000000000e0,0.00000000000000000e0,0.00000000000000000e0,0.00000000000000000e0,0.00000000000000000e0,0.00000000000000000e0,0.00000000000000000e0
fv,128,1.49999999999999994e-1,9.00000000000000022e-1,5.63294204791026515e-2,8.13722392128833016e-1,9.43670579527352449e-1,1.28339198815719886e1,1.28314119245013121e1,1.00000000000645572e0,2.61813612360179064e1,2.61813612360179064e1,0.00000000000000000e0,0.00000000000000000e0,0.00000000000000000e0,-6.66133814770793548e-16,1.13704157511371196e-2,1.13704157511371196e-2,0.00000000000000000e0,0.00000000000000000e0,5.63294204791026584e-2,5.63294204791026445e-2,394,0,0.00000000000000000e0,0,0,0.00000000000000000e0,1.475953000e-3,NaN,3.52475789456147479e-2,1.48411218657488603e-2,4.83228796924726166e-3,1.17562113431029808e-3,2.05856679543354369e-4,2.48777903423447542e-5,1.97604751535774638e-6,9.72521866542698901e-8,2.75363060860151734e-9,4.06884365480115235e-11,2.74050151191631891e-13,6.87564183918555131e-16,4.59381897712923942e-19,4.15646807505698511e-23,4.98563673691208105e-29,0.00000000000000000e0,0.00000000000000000e0,0.00000000000000000e0,0.00000000000000000e0,0.00000000000000000e0,0.00000000000000000e0,0.00000000000000000e0,0.00000000000000000e0,0.00000000000000000e0,0.00000000000000000e0,0.00000000000000000e0,0.00000000000000000e0,0.00000000000000000e0,0.00000000000000000e0,0.00000000000000000e0,0.00000000000000000e0,0.00000000000000000e0
fv,128,1.49999999999999994e-1,1.00000000000000000e0,1.31886457471603862e-2,1.88350663104008914e-1,9.86811354259294449e-1,1.34206344179264114e1,1.28752846753500396e1,1.00000000000645572e0,2.61813612360179064e1,2.61813612360179064e1,0.00000000000000000e0,0.00000000000000000e0,0.00000000000000000e0,-8.88178419694391397e-16,1.15696245749758713e-2,1.15696245749758713e-2,0.00000000000000000e0,0.00000000000000000e0,1.31886457471603862e-2,1.31886457471603862e-2,438,0,0.00000000000000000e0,0,0,0.00000000000000000e0,1.660902000e-3,NaN,9.45079376808921970e-3,2.91751450205389711e-3,6.85508440668633782e-4,1.18835318631873066e-4,1.46806960575642666e-5,1.24199615447883000e-6,6.86402337244867047e-8,2.33912097293638784e-9,4.56836554539324096e-11,4.64213173586888155e-13,2.14538937670093168e-15,3.68882358935430714e-18,1.68971388620125549e-21,1.05210021869296989e-25,8.80984891823631675e-32,0.00000000000000000e0,0.00000000000000000e0,0.00000000000000000e0,0.00000000000000000e0,0.00000000000000000e0,0.00000000000000000e0,0.00000000000000000e0,0.00000000000000000e0,0.00000000000000000e0,0.00000000000000000e0,0.00000000000000000e0,0.00000000000000000e0,0.00000000000000000e0,0.00000000000000000e0,0.00000000000000000e0,0.00000000000000000e0,0.00000000000000000e0
fv,128,3.74999999999999986e-2,0.00000000000000000e0,1.00000000000645572e0,2.61813612360179064e1,0.00000000000000000e0,0.00000000000000000e0,0.00000000000000000e0,1.00000000000645572e0,2.61813612360179064e1,2.61813612360179064e1,0.00000000000000000e0,0.00000000000000000e0,0.00000000000000000e0,0.00000000000000000e0,0.00000000000000000e0,0.00000000000000000e0,0.00000000000000000e0,0.00000000000000000e0,2.65473997139143957e-2,2.63289228304163965e-2,0,0,0.00000000000000000e0,0,0,0.00000000000000000e0,5.019500000e-5,NaN,0.00000000000000000e0,0.00000000000000000e0,0.00000000000000000e0,0.00000000000000000e0,0.00000000000000000e0,0.00000000000000000e0,1.58404660258553700e-3,6.55232176332506411e-2,1.51220679024865579e-1,1.94071820979935528e-1,2.05486401920310591e-1,1.89931901153350985e-1,1.41359855420198799e-1,5.05260693203321148e-2,2.96007951625780713e-4,0.00000000000000000e0,0.00000000000000000e0,0.00000000000000000e0,0.00000000000000000e0,0.00000000000000000e0,0.00000000000000000e0,0.00000000000000000e0,0.00000000000000000e0,0.00000000000000000e0,0.00000000000000000e0,0.00000000000000000e0,0.00000000000000000e0,0.00000000000000000e0,0.00000000000000000e0,0.00000000000000000e0,0.00000000000000000e0,0.00000000000000000e0
fv,128,3.74999999999999986e-2,2.00000000000000011e-1,9.99998622642723656e-1,2.15018738012771742e1,1.37736373235515147e-6,1.87321467600300620e-5,4.75297782038656891e0,1.00000000000645572e0,2.61813612360179064e1,2.61813612360179064e1,0.00000000000000000e0,0.00000000000000000e0,0.00000000000000000e0,2.22044604923597849e-16,2.80768891769727887e-3,2.80768891769727887e-3,0.00000000000000000e0,0.00000000000000000e0,1.35994797940972356e-1,1.35985860430509281e-1,345,0,0.00000000000000000e0,0,0,0.00000000000000000e0,1.068128000e-3,NaN,3.67871077112736690e-5,5.99452474672026179e-4,5.58053228885389916e-3,2.88088511804368286e-2,8.32977614128002503e-2,1.47131966669076741e-1,1.86168418693162141e-1,1.93337661516728737e-1,1.70338808609429460e-1,1.18157943097806015e-1,5.37324980876131286e-2,1.19546047717983602e-2,8.44685617824966501e-4,8.65023240822667324e-6,8.82401417962308070e-10,0.00000000000000000e0,0.00000000000000000e0,0.00000000000000000e0,0.00000000000000000e0,0.00000000000000000e0,0.00000000000000000e0,0.00000000000000000e0,0.00000000000000000e0,0.00000000000000000e0,0.00000000000000000e0,0.00000000000000000e0,0.00000000000000000e0,0.00000000000000000e0,0.00000000000000000e0,0.00000000000000000e0,0.00000000000000000e0,0.00000000000000000e0
fv,128,3.74999999999999986e-2,4.00000000000000022e-1,9.78628316979380353e-1,1.73799090311319340e1,2.13716830270753860e-2,2.90654889168225294e-1,8.64677489383548448e0,1.00000000000645572e0,2.61813612360179064e1,2.61813612360179064e1,0.00000000000000000e0,0.00000000000000000e0,0.00000000000000000e0,0.00000000000000000e0,5.19367869729682290e-3,5.19367869729682290e-3,0.00000000000000000e0,0.00000000000000000e0,2.10460615410423407e-1,2.10432522102638075e-1,690,0,0.00000000000000000e0,0,0,0.00000000000000000e0,2.076828000e-3,NaN,4.66636930894753152e-2,9.54326358004256720e-2,1.46141054639507523e-1,1.77430751153733357e-1,1.79576726993650404e-1,1.52994451707148482e-1,1.05100647462064350e-1,5.34585210514708711e-2,1.79859075815943410e-2,3.49813193825216067e-3,3.33263712490400701e-4,1.24057142978629904e-5,1.25964774736810751e-7,1.70492571260779973e-10,2.63036536096302505e-15,0.00000000000000000e0,0.00000000000000000e0,0.00000000000000000e0,0.00000000000000000e0,0.00000000000000000e0,0.00000000000000000e0,0.00000000000000000e0,0.00000000000000000e0,0.00000000000000000e0,0.00000000000000000e0,0.00000000000000000e0,0.00000000000000000e0,0.00000000000000000e0,0.00000000000000000e0,0.00000000000000000e0,0.00000000000000000e0,0.00000000000000000e0
fv,128,3.74999999999999986e-2,5.00000000000000000e-1,8.71673964710851790e-1,1.43630821073788670e1,1.28326035295604074e-1,1.74523408002021485e0,1.02449885756498436e1,1.00000000000645572e0,2.61813612360179064e1,2.61813612360179064e1,0.00000000000000000e0,0.00000000000000000e0,0.00000000000000000e0,2.22044604923597849e-16,6.56740211026440000e-3,6.56740211026440000e-3,0.00000000000000000e0,0.00000000000000000e0,2.06526792625565336e-1,2.06510661705065934e-1,863,0,0.00000000000000000e0,0,0,0.00000000000000000e0,2.598624000e-3,NaN,1.24124378673539398e-1,1.62501511417379452e-1,1.76479083639965006e-1,1.62171116914645863e-1,1.24259897108828635e-1,7.56074612916400879e-2,3.40009333333654504e-2,1.03730096839269158e-2,1.94665869980887142e-3,2.00044326639810331e-4,9.69014756633357825e-6,1.78590304240508815e-7,8.82662412504072907e-10,5.79573302254770363e-13,4.54132347484218337e-18,0.00000000000000000e0,0.00000000000000000e0,0.00000000000000000e0,0.00000000000000000e0,0.00000000000000000e0,0.00000000000000000e0,0.00000000000000000e0,0.00000000000000000e0,0.00000000000000000e0,0.00000000000000000e0,0.00000000000000000e0,0.00000000000000000e0,0.00000000000000000e0,0.00000000000000000e0,0.00000000000000000e0,0.00000000000000000e0,0.00000000000000000e0
fv,128,3.74999999999999986e-2,5.99999999999999978e-1,6.50173267598508464e-1,1.01599406794609095e1,3.49826732407947483e-1,4.75764356074808514e0,1.14780862383610618e1,1.00000000000645572e0,2.61813612360179064e1,2.61813612360179064e1,0.00000000000000000e0,0.00000000000000000e0,0.00000000000000000e0,2.22044604923597849e-16,8.18556531954969455e-3,8.18556531954969455e-3,0.00000000000000000e0,0.00000000000000000e0,1.82550247972908392e-1,1.82534816875924905e-1,1036,0,0.00000000000000000e0,0,0,0.00000000000000000e0,3.164886000e-3,NaN,1.68629252297113341e-1,1.66168460371793392e-1,1.38834250703839202e-1,9.58747970204249511e-2,5.22545850299180326e-2,2.11990282922422391e-2,5.99133887639680986e-3,1.09554690687820532e-3,1.18931363757996371e-4,6.89015705953400164e-6,1.84714262322952612e-7,1.85983631458121798e-9,4.98441014222575579e-12,1.77825381888574793e-15,7.84053351267748675e-21,0.00000000000000000e0,0.00000000000000000e0,0.00000000000000000e0,0.00000000000000000e0,0.00000000000000000e0,0.00000000000000000e0,0.00000000000000000e0,0.00000000000000000e0,0.00000000000000000e0,0.00000000000000000e0,0.00000000000000000e0,0.00000000000000000e0,0.00000000000000000e0,0.00000000000000000e0,0.00000000000000000e0,0.00000000000000000e0,0.00000000000000000e0
fv,128,3.74999999999999986e-2,6.99999999999999956e-1,3.85164113191966861e-1,5.80239128657532888e0,6.14835886814489418e-1,8.36176806067705236e0,1.22716548402206573e1,1.00000000000645572e0,2.61813612360179064e1,2.61813612360179064e1,0.00000000000000000e0,0.00000000000000000e0,0.00000000000000000e0,4.44089209847195698e-16,9.71885873928813107e-3,9.71885873928813107e-3,0.00000000000000000e0,0.00000000000000000e0,1.40980391591633863e-1,1.40959620749470660e-1,1209,0,0.00000000000000000e0,0,0,0.00000000000000000e0,3.930279000e-3,NaN,1.48734454583686143e-1,1.13255446518949338e-1,7.09120168502787862e-2,3.50534258415577532e-2,1.30440446542060273e-2,3.46780246243915411e-3,6.21742544345101978e-4,7.03723607163398508e-5,4.64346407198269236e-6,1.61328170965322112e-7,2.56826892106219008e-9,1.52521967809550200e-11,2.40344218353078035e-14,5.06124103382736605e-18,1.35364763206307649e-23,0.00000000000000000e0,0.00000000000000000e0,0.00000000000000000e0,0.00000000000000000e0,0.00000000000000000e0,0.00000000000000000e0,0.00000000000000000e0,0.00000000000000000e0,0.00000000000000000e0,0.00000000000000000e0,0.00000000000000000e0,0.00000000000000000e0,0.00000000000000000e0,0.00000000000000000e0,0.00000000000000000e0,0.00000000000000000e0,0.00000000000000000e0
fv,128,3.74999999999999986e-2,8.00000000000000044e-1,1.72636612506578996e-1,2.53632570944420355e0,8.27363387499877589e-1,1.12521420699983246e1,1.26759502769888872e1,1.00000000000645572e0,2.61813612360179064e1,2.61813612360179064e1,0.00000000000000000e0,0.00000000000000000e0,0.00000000000000000e0,8.88178419694391397e-16,1.08113866907768984e-2,1.08113866907768984e-2,0.00000000000000000e0,0.00000000000000000e0,1.05530718550148825e-1,1.05546775985741040e-1,1382,0,0.00000000000000000e0,0,0,0.00000000000000000e0,4.498505000e-3,NaN,8.85905375174985132e-2,5.06864782313003193e-2,2.29937876492371032e-2,7.95431660096860768e-3,2.01164532489656002e-3,3.55148465691895537e-4,4.15418868355931824e-5,3.02673947727263589e-6,1.27266415849392112e-7,2.79616137912886584e-9,2.79916404019791511e-11,1.04151730640387218e-13,1.02728246441433445e-16,1.36002032626554488e-20,2.33702033748423146e-26,0.00000000000000000e0,0.00000000000000000e0,0.00000000000000000e0,0.00000000000000000e0,0.00000000000000000e0,0.00000000000000000e0,0.00000000000000000e0,0.00000000000000000e0,0.00000000000000000e0,0.00000000000000000e0,0.00000000000000000e0,0.00000000000000000e0,0.00000000000000000e0,0.00000000000000000e0,0.00000000000000000e0,0.00000000000000000e0,0.00000000000000000e0
fv,128,3.74999999999999986e-2,9.00000000000000022e-1,5.62950076282168199e-2,8.13177177098330928e-1,9.43704992378239682e-1,1.28343878963440474e1,1.28314940134672568e1,1.00000000000645572e0,2.61813612360179064e1,2.61813612360179064e1,0.00000000000000000e0,0.00000000000000000e0,0.00000000000000000e0,8.88178419694391397e-16,1.13706024758630404e-2,1.13706024758630404e-2,0.00000000000000000e0,0.00000000000000000e0,5.62950076282168199e-2,5.62950076282168199e-2,1555,0,0.00000000000000000e0,0,0,0.00000000000000000e0,5.034633000e-3,NaN,3.52466217809302221e-2,1.48282733220545179e-2,4.82020536123476621e-3,1.16946311929452948e-3,2.03920991233753999e-4,2.44964932953809538e-5,1.92992829600738198e-6,9.39689822261177615e-8,2.62451788075901847e-9,3.81254014177024049e-11,2.51499377103910999e-13,6.15431245942477856e-16,3.99265873975610059e-19,3.49200758243123566e-23,4.03474622568124709e-29,0.00000000000000000e0,0.00000000000000000e0,0.00000000000000000e0,0.00000000000000000e0,0.00000000000000000e0,0.00000000000000000e0,0.00000000000000000e0,0.00000000000000000e0,0.00000000000000000e0,0.00000000000000000e0,0.00000000000000000e0,0.00000000000000000e0,0.00000000000000000e0,0.00000000000000000e0,0.00000000000000000e0,0.00000000000000000e0,0.00000000000000000e0
fv,128,3.74999999999999986e-2,1.00000000000000000e0,1.31600270894318121e-2,1.87928696564098136e-1,9.86839972917024522e-1,1.34210236316715292e1,1.28753209996988467e1,1.00000000000645572e0,2.61813612360179064e1,2.61813612360179064e1,0.00000000000000000e0,0.00000000000000000e0,0.00000000000000000e0,6.66133814770793548e-16,1.15697609908780898e-2,1.15697609908780898e-2,0.00000000000000000e0,0.00000000000000000e0,1.31600270894318139e-2,1.31600270894318121e-2,1728,0,0.00000000000000000e0,0,0,0.00000000000000000e0,5.549058000e-3,NaN,9.43754313026909548e-3,2.90793843700146073e-3,6.81238727469493524e-4,1.17586313690941897e-4,1.44399262880486223e-5,1.21197933270818391e-6,6.63013898280303859e-8,2.23067525320503136e-9,4.28854747891088862e-11,4.27574259517915040e-13,1.93187462112626374e-15,3.23474129012353611e-18,1.43695817365119648e-21,8.64109259983054087e-26,6.96573328230757016e-32,0.00000000000000000e0,0.00000000000000000e0,0.00000000000000000e0,0.00000000000000000e0,0.00000000000000000e0,0.00000000000000000e0,0.00000000000000000e0,0.00000000000000000e0,0.00000000000000000e0,0.00000000000000000e0,0.00000000000000000e0,0.00000000000000000e0,0.00000000000000000e0,0.00000000000000000e0,0.00000000000000000e0,0.00000000000000000e0,0.00000000000000000e0
dg,32,7.49999999999999972e-2,0.00000000000000000e0,1.00000146356248876e0,2.61803347476791224e1,0.00000000000000000e0,0.00000000000000000e0,0.00000000000000000e0,1.00000146356248876e0,2.61803347476791224e1,2.61803347476791224e1,0.00000000000000000e0,0.00000000000000000e0,0.00000000000000000e0,0.00000000000000000e0,0.00000000000000000e0,0.00000000000000000e0,-1.81953377005862464e-3,4.60590876915596974e-4,1.06234093535386397e-2,1.05986986596970367e-2,0,0,0.00000000000000000e0,0,0,0.00000000000000000e0,1.598500000e-5,NaN,0.00000000000000000e0,0.00000000000000000e0,0.00000000000000000e0,0.00000000000000000e0,0.00000000000000000e0,0.00000000000000000e0,1.58520735212482229e-3,6.55232176306624475e-2,1.51220679024865662e-1,1.94071820979935500e-1,2.05486401920310591e-1,1.89931901153351013e-1,1.41359855420199021e-1,5.05260692966432584e-2,2.96310784396305545e-4,0.00000000000000000e0,0.00000000000000000e0,0.00000000000000000e0,0.00000000000000000e0,0.00000000000000000e0,0.00000000000000000e0,0.00000000000000000e0,0.00000000000000000e0,0.00000000000000000e0,0.00000000000000000e0,0.00000000000000000e0,0.00000000000000000e0,0.00000000000000000e0,0.00000000000000000e0,0.00000000000000000e0,0.00000000000000000e0,0.00000000000000000e0
dg,32,7.49999999999999972e-2,2.00000000000000011e-1,1.00006925980341554e0,2.14355755757114324e1,-6.77962409267295887e-5,-9.22028876603522168e-4,4.74568120084430234e0,1.00000146356248876e0,2.61803347476791224e1,2.61803347476791224e1,0.00000000000000000e0,0.00000000000000000e0,0.00000000000000000e0,0.00000000000000000e0,2.71403227883894617e-16,2.71403227883894617e-16,-6.82838853013706133e-3,8.69603935203915393e-3,4.75791065331560986e-2,4.74000616927199372e-2,45,0,-9.49295206733861453e-3,0,0,0.00000000000000000e0,6.638000000e-5,NaN,2.44293123179169312e-4,3.19147862038417684e-5,-4.63121247349553879e-3,1.44243250750701602e-2,8.55124053271843904e-2,1.60854849047451176e-1,1.98723217587876338e-1,2.05251426157390948e-1,1.83462096980927081e-1,1.19128822195467513e-1,3.79597537886823960e-2,4.22848029987504966e-4,-1.28939866554083726e-3,-2.65486488151109587e-5,4.67491846745429054e-7,0.00000000000000000e0,0.00000000000000000e0,0.00000000000000000e0,0.00000000000000000e0,0.00000000000000000e0,0.00000000000000000e0,0.00000000000000000e0,0.00000000000000000e0,0.00000000000000000e0,0.00000000000000000e0,0.00000000000000000e0,0.00000000000000000e0,0.00000000000000000e0,0.00000000000000000e0,0.00000000000000000e0,0.00000000000000000e0,0.00000000000000000e0
dg,32,7.49999999999999972e-2,4.00000000000000022e-1,1.00608806964295305e0,1.76283606392638852e1,-6.08660608046396670e-3,-8.27778426943099332e-2,8.63475195110955873e0,1.00000146356248876e0,2.61803347476791224e1,2.61803347476791224e1,0.00000000000000000e0,0.00000000000000000e0,0.00000000000000000e0,2.22044279949352343e-16,4.07104841825841950e-16,4.07104841825841950e-16,-6.10255071367651458e-3,4.87818830555646153e-3,5.89947679171328523e-2,5.89911101181670033e-2,90,0,-9.49295206733861453e-3,0,0,0.00000000000000000e0,1.195000000e-4,NaN,2.94908329517805830e-2,1.02217534249830849e-1,1.69652020391134389e-1,2.02580238785403405e-1,2.04550636549304637e-1,1.71345007161562812e-1,9.99187693418820411e-2,2.93620172747769519e-2,-6.65765550238276945e-4,-2.21238194500613869e-3,-1.95928592507706200e-4,4.27815830005704638e-5,2.45907717202404693e-6,-1.50342016133138481e-7,-1.29312702114357288e-9,0.00000000000000000e0,0.00000000000000000e0,0.00000000000000000e0,0.00000000000000000e0,0.00000000000000000e0,0.00000000000000000e0,0.00000000000000000e0,0.00000000000000000e0,0.00000000000000000e0,0.00000000000000000e0,0.00000000000000000e0,0.00000000000000000e0,0.00000000000000000e0,0.00000000000000000e0,0.00000000000000000e0,0.00000000000000000e0,0.00000000000000000e0
dg,32,7.49999999999999972e-2,5.00000000000000000e-1,9.23160695203280479e-1,1.48583367856505664e1,7.68407683592081253e-2,1.04503444968523063e0,1.02769635123433272e1,1.00000146356248876e0,2.61803347476791224e1,2.61803347476791224e1,0.00000000000000000e0,0.00000000000000000e0,0.00000000000000000e0,-2.22044279949352343e-16,1.35701613941947308e-16,1.35701613941947308e-16,-7.63070884847029569e-3,5.88489912881716946e-3,4.76558769369261545e-2,4.75036280890354934e-2,113,0,-9.49295206733861453e-3,0,0,0.00000000000000000e0,1.529810000e-4,NaN,1.45436954868719298e-1,1.93324150859738114e-1,2.07791309882936315e-1,1.88958831659805759e-1,1.30177971868157494e-1,5.46049857213490725e-2,7.25807120250181095e-3,-3.33511094268983599e-3,-1.12055951095056845e-3,3.24864755147046252e-5,3.17960660219271409e-5,2.99465604389718558e-8,-2.23508616092990880e-7,5.61527951904531343e-10,5.27041645495460310e-11,0.00000000000000000e0,0.00000000000000000e0,0.00000000000000000e0,0.00000000000000000e0,0.00000000000000000e0,0.00000000000000000e0,0.00000000000000000e0,0.00000000000000000e0,0.00000000000000000e0,0.00000000000000000e0,0.00000000000000000e0,0.00000000000000000e0,0.00000000000000000e0,0.00000000000000000e0,0.00000000000000000e0,0.00000000000000000e0,0.00000000000000000e0
dg,32,7.49999999999999972e-2,5.99999999999999978e-1,6.64577531678010036e-1,1.00827567306050767e1,3.35423931884478443e-1,4.56176547362890705e0,1.15358125434451360e1,1.00000146356248876e0,2.61803347476791224e1,2.61803347476791224e1,0.00000000000000000e0,0.00000000000000000e0,0.00000000000000000e0,-2.22044279949352343e-16,-1.35701613941947308e-16,-1.35701613941947308e-16,-6.91467665352570385e-3,5.87153510736707247e-3,4.07800241351657308e-2,4.07236065546952852e-2,136,0,-9.49295206733861453e-3,0,0,0.00000000000000000e0,1.865310000e-4,NaN,2.06031445056411910e-1,2.00900742922839715e-1,1.56713354209844363e-1,8.35701561024046885e-2,2.21365103236060949e-2,-1.89847249150618081e-3,-2.64077665370035476e-3,-3.35344696173092433e-4,8.64723392457558985e-5,1.48668251150642757e-5,-1.26808748024917707e-6,-1.61379223614469457e-7,6.95318030249005669e-9,2.53933013244818549e-10,-4.87131440536084030e-13,0.00000000000000000e0,0.00000000000000000e0,0.00000000000000000e0,0.00000000000000000e0,0.00000000000000000e0,0.00000000000000000e0,0.00000000000000000e0,0.00000000000000000e0,0.00000000000000000e0,0.00000000000000000e0,0.00000000000000000e0,0.00000000000000000e0,0.00000000000000000e0,0.00000000000000000e0,0.00000000000000000e0,0.00000000000000000e0,0.00000000000000000e0
dg,32,7.49999999999999972e-2,6.99999999999999956e-1,3.34093232371335869e-1,4.84559211166428483e0,6.65908231191152611e-1,9.05635194419967782e0,1.22783906918151580e1,1.00000146356248876e0,2.61803347476791224e1,2.61803347476791224e1,0.00000000000000000e0,0.00000000000000000e0,0.00000000000000000e0,-2.22044279949352343e-16,-1.35701613941947308e-16,-1.35701613941947308e-16,-8.97239182269182756e-3,6.83449507348450787e-3,4.15900921271764382e-2,4.16307636343422188e-2,159,0,-9.49295206733861453e-3,0,0,0.00000000000000000e0,2.199120000e-4,NaN,1.78249782869205758e-1,1.13310909074907581e-1,4.34112577230312130e-2,4.14746191459163145e-3,-3.79071628119657640e-3,-1.33152990899718885e-3,2.85700133821544062e-5,6.58664631293743647e-5,3.01952523665195164e-6,-1.34596528474642954e-6,-5.37188289127362053e-8,1.05332173849533784e-8,1.43367608189959140e-10,-1.43581176849263411e-11,-6.79245280255141674e-14,0.00000000000000000e0,0.00000000000000000e0,0.00000000000000000e0,0.00000000000000000e0,0.00000000000000000e0,0.00000000000000000e0,0.00000000000000000e0,0.00000000000000000e0,0.00000000000000000e0,0.00000000000000000e0,0.00000000000000000e0,0.00000000000000000e0,0.00000000000000000e0,0.00000000000000000e0,0.00000000000000000e0,0.00000000000000000e0,0.00000000000000000e0
dg,32,7.49999999999999972e-2,8.00000000000000044e-1,7.93617210372198345e-2,1.10462014866315883e0,9.20639742525268590e-1,1.25207004983436558e1,1.25550141006723059e1,1.00000146356248876e0,2.61803347476791224e1,2.61803347476791224e1,0.00000000000000000e0,0.00000000000000000e0,0.00000000000000000e0,-2.22044279949352343e-16,-1.35701613941947308e-16,-1.35701613941947308e-16,-7.80387911123686922e-3,6.80272774705176653e-3,3.01303227690564203e-2,3.00308400693452895e-2,182,0,-9.56455839918728297e-3,0,0,0.00000000000000000e0,2.513990000e-4,NaN,6.93574137144106206e-2,1.60526911592503083e-2,-2.97763731294852646e-3,-2.81987051751155567e-3,-3.99865406114175608e-4,1.20053834895274156e-4,3.19001831804829108e-5,-2.14146265107347322e-6,-8.54837933297431401e-7,2.29682096518317078e-8,8.92162271608162948e-9,-1.82511986192205827e-10,-2.49583215641939596e-11,2.75168980701280921e-13,4.45548486226417860e-15,0.00000000000000000e0,0.00000000000000000e0,0.00000000000000000e0,0.00000000000000000e0,0.00000000000000000e0,0.00000000000000000e0,0.00000000000000000e0,0.00000000000000000e0,0.00000000000000000e0,0.00000000000000000e0,0.00000000000000000e0,0.00000000000000000e0,0.00000000000000000e0,0.00000000000000000e0,0.00000000000000000e0,0.00000000000000000e0,0.00000000000000000e0
dg,32,7.49999999999999972e-2,9.00000000000000022e-1,-3.81440170450864872e-3,-6.06278217049436921e-2,1.00381586526699706e0,1.36518957676311636e1,1.25890668017528995e1,1.00000146356248876e0,2.61803347476791224e1,2.61803347476791224e1,0.00000000000000000e0,0.00000000000000000e0,0.00000000000000000e0,-4.44088559898704685e-16,-1.35701613941947308e-16,-1.35701613941947308e-16,-1.06214651263899420e-2,7.53476771150479209e-3,1.12123812764010500e-2,1.12567201901806902e-2,205,0,-1.06747638266511194e-2,0,0,0.00000000000000000e0,2.974890000e-4,NaN,1.50819981960736787e-3,-4.06648322928131276e-3,-1.39276748290164255e-3,3.60508012891908988e-5,9.55440808813001708e-5,8.28499778664602324e-6,-2.94606176423286614e-6,-3.38233698132408402e-7,4.94298935929580120e-8,4.61103425470457160e-9,-4.19497334692720412e-10,-1.89847774528176086e-11,1.11394523925243099e-12,1.25781480497037408e-14,-1.14747552321840782e-16,0.00000000000000000e0,0.00000000000000000e0,0.00000000000000000e0,0.00000000000000000e0,0.00000000000000000e0,0.00000000000000000e0,0.00000000000000000e0,0.00000000000000000e0,0.00000000000000000e0,0.00000000000000000e0,0.00000000000000000e0,0.00000000000000000e0,0.00000000000000000e0,0.00000000000000000e0,0.00000000000000000e0,0.00000000000000000e0,0.00000000000000000e0
dg,32,7.49999999999999972e-2,1.00000000000000000e0,-3.05325932360480529e-3,-4.24888411330761606e-2,1.00305472288609376e0,1.36415442312508706e1,1.25812793575613249e1,1.00000146356248876e0,2.61803347476791224e1,2.61803347476791224e1,0.00000000000000000e0,0.00000000000000000e0,0.00000000000000000e0,2.22044279949352343e-16,-1.35701613941947308e-16,-1.35701613941947308e-16,-4.86723299271715065e-3,3.31141385994957078e-3,3.56905660739529739e-3,3.56825403094087603e-3,228,0,-1.06747638266511194e-2,0,0,0.00000000000000000e0,3.300080000e-4,NaN,-2.84216446682765281e-3,-4.02801862689160554e-4,1.47970778196367597e-4,4.80244304596242643e-5,-2.31062999270347305e-6,-1.99917453124194173e-6,-2.06161643692348008e-8,4.19557458913902330e-8,6.96416283731848632e-10,-4.33886151020665035e-10,-2.01609550754008540e-12,1.69326617553125688e-12,-7.67736056548997696e-15,-1.18100308524622508e-15,-1.85427346077702773e-18,0.00000000000000000e0,0.00000000000000000e0,0.00000000000000000e0,0.00000000000000000e0,0.00000000000000000e0,0.00000000000000000e0,0.00000000000000000e0,0.00000000000000000e0,0.00000000000000000e0,0.00000000000000000e0,0.00000000000000000e0,0.00000000000000000e0,0.00000000000000000e0,0.00000000000000000e0,0.00000000000000000e0,0.00000000000000000e0,0.00000000000000000e0
dg,64,7.49999999999999972e-2,0.00000000000000000e0,9.99999994792508007e-1,2.61803010309925206e1,0.00000000000000000e0,0.00000000000000000e0,0.00000000000000000e0,9.99999994792508007e-1,2.61803010309925206e1,2.61803010309925206e1,0.00000000000000000e0,0.00000000000000000e0,0.00000000000000000e0,0.00000000000000000e0,0.00000000000000000e0,0.00000000000000000e0,-2.30436808191087370e-3,2.37756714759973259e-4,3.45683375641243950e-3,3.49428664931431725e-3,0,0,0.00000000000000000e0,0,0,0.00000000000000000e0,2.687100000e-5,NaN,0.00000000000000000e0,0.00000000000000000e0,0.00000000000000000e0,0.00000000000000000e0,0.00000000000000000e0,0.00000000000000000e0,1.58404693742729072e-3,6.55232176332500582e-2,1.51220679024865579e-1,1.94071820979935472e-1,2.05486401920310591e-1,1.89931901153350929e-1,1.41359855420198743e-1,5.05260693203414060e-2,2.96002402827455111e-4,0.00000000000000000e0,0.00000000000000000e0,0.00000000000000000e0,0.00000000000000000e0,0.00000000000000000e0,0.00000000000000000e0,0.00000000000000000e0,0.00000000000000000e0,0.00000000000000000e0,0.00000000000000000e0,0.00000000000000000e0,0.00000000000000000e0,0.00000000000000000e0,0.00000000000000000e0,0.00000000000000000e0,0.00000000000000000e0,0.00000000000000000e0
dg,64,7.49999999999999972e-2,2.00000000000000011e-1,1.00000025235791079e0,2.14346248934597554e1,-2.57565402855773209e-7,-3.50288947883851572e-6,4.74567964042224144e0,9.99999994792508007e-1,2.61803010309925206e1,2.61803010309925206e1,0.00000000000000000e0,0.00000000000000000e0,0.00000000000000000e0,-1.11022303040663405e-16,0.00000000000000000e0,0.00000000000000000e0,-3.30075033471736437e-3,2.76429507104578422e-3,1.38767591198073366e-2,1.38410382588839073e-2,87,0,-3.65798221869720677e-3,0,0,0.00000000000000000e0,1.863610000e-4,NaN,5.23643108297128447e-6,1.63041420584721448e-5,-6.82121806682020712e-4,8.22474106614409957e-3,8.56370752512789490e-2,1.63127144089796450e-1,1.98763669110025742e-1,2.04567593228606043e-1,1.83070466289074057e-1,1.24814154840741598e-1,3.32341199777963503e-2,-7.36999782004971312e-4,-4.18850667822451625e-5,7.55686912818361710e-7,-1.10013732439803530e-9,0.00000000000000000e0,0.00000000000000000e0,0.00000000000000000e0,0.00000000000000000e0,0.00000000000000000e0,0.00000000000000000e0,0.00000000000000000e0,0.00000000000000000e0,0.00000000000000000e0,0.00000000000000000e0,0.00000000000000000e0,0.00000000000000000e0,0.00000000000000000e0,0.00000000000000000e0,0.00000000000000000e0,0.00000000000000000e0,0.00000000000000000e0
dg,64,7.49999999999999972e-2,4.00000000000000022e-1,1.00213383709791937e0,1.75777573071298541e1,-2.13384230541099071e-3,-2.90202553535894685e-2,8.63156397921625462e0,9.99999994792508007e-1,2.61803010309925206e1,2.61803010309925206e1,0.00000000000000000e0,0.00000000000000000e0,0.00000000000000000e0,3.33066909121990240e-16,-1.35701788707271191e-16,-1.35701788707271191e-16,-2.84468306580223148e-3,1.87737406991308467e-3,1.82821345112516853e-2,1.82428371771945347e-2,174,0,-5.20607600377125633e-3,0,0,0.00000000000000000e0,3.998330000e-4,NaN,2.02346886619736988e-2,1.04225942802368576e-1,1.73420700264251937e-1,2.02255143127410608e-1,2.02476918606877526e-1,1.74870878804875285e-1,1.05091474172693988e-1,2.11301839182433740e-2,-1.51709023347727269e-3,-6.16257201745874257e-5,6.81027439117147483e-6,-1.89645204461815890e-7,2.07083570475250431e-9,-7.14997794864163395e-12,3.27041385975618708e-15,0.00000000000000000e0,0.00000000000000000e0,0.00000000000000000e0,0.00000000000000000e0,0.00000000000000000e0,0.00000000000000000e0,0.00000000000000000e0,0.00000000000000000e0,0.00000000000000000e0,0.00000000000000000e0,0.00000000000000000e0,0.00000000000000000e0,0.00000000000000000e0,0.00000000000000000e0,0.00000000000000000e0,0.00000000000000000e0,0.00000000000000000e0
dg,64,7.49999999999999972e-2,5.00000000000000000e-1,9.29503647481090711e-1,1.49434119764560869e1,7.04963473114169070e-2,9.58750323435269891e-1,1.02781387311011496e1,9.99999994792508007e-1,2.61803010309925206e1,2.61803010309925206e1,0.00000000000000000e0,0.00000000000000000e0,0.00000000000000000e0,-4.44089212162653621e-16,-5.42807154829084764e-16,-5.42807154829084764e-16,-3.38628568022579686e-3,2.08830695792754139e-3,1.38859469932497807e-2,1.39279888045130279e-2,218,0,-5.20607600377125633e-3,0,0,0.00000000000000000e0,1.195076000e-3,NaN,1.51156227943982424e-1,1.94737048232564797e-1,2.05552401649519989e-1,1.89728854187546675e-1,1.38266690300234030e-1,4.96273166706816676e-2,1.14056011357942895e-3,-7.48689427569742606e-4,4.40857791795888198e-5,-8.46440667066759628e-7,-1.74398001263118941e-9,2.17849845960759125e-10,-1.83465924831301861e-12,3.93794777139674729e-15,-1.91356417093343530e-18,0.00000000000000000e0,0.00000000000000000e0,0.00000000000000000e0,0.00000000000000000e0,0.00000000000000000e0,0.00000000000000000e0,0.00000000000000000e0,0.00000000000000000e0,0.00000000000000000e0,0.00000000000000000e0,0.00000000000000000e0,0.00000000000000000e0,0.00000000000000000e0,0.00000000000000000e0,0.00000000000000000e0,0.00000000000000000e0,0.00000000000000000e0
dg,64,7.49999999999999972e-2,5.99999999999999978e-1,6.63609351087437904e-1,1.00658422139829895e1,3.36390643705069436e-1,4.57491275438894629e0,1.15395460626205679e1,9.99999994792508007e-1,2.61803010309925206e1,2.61803010309925206e1,0.00000000000000000e0,0.00000000000000000e0,0.00000000000000000e0,-6.66133818243980480e-16,-6.78508943536355905e-16,-6.78508943536355905e-16,-4.06021867155970106e-3,2.31688075241036351e-3,1.31066789512192389e-2,1.31003628356493266e-2,262,0,-5.20607600377125633e-3,0,0,0.00000000000000000e0,1.305622000e-3,NaN,2.04547727457351780e-1,1.99336265705990556e-1,1.64259000823604784e-1,8.49816806010414705e-2,1.23457035894941093e-2,-1.84025450338868397e-3,-3.28318869624959875e-5,1.27815575145406675e-5,-7.43500988438407569e-7,2.16050736506660078e-8,-3.64863952137781330e-10,3.58866040564049371e-12,-1.78964752157580884e-14,3.18220703322769111e-17,-7.94299292738006227e-21,0.00000000000000000e0,0.00000000000000000e0,0.00000000000000000e0,0.00000000000000000e0,0.00000000000000000e0,0.00000000000000000e0,0.00000000000000000e0,0.00000000000000000e0,0.00000000000000000e0,0.00000000000000000e0,0.00000000000000000e0,0.00000000000000000e0,0.00000000000000000e0,0.00000000000000000e0,0.00000000000000000e0,0.00000000000000000e0,0.00000000000000000e0
dg,64,7.49999999999999972e-2,6.99999999999999956e-1,3.36387986427321595e-1,4.87304952801135638e0,6.63612008365186412e-1,9.02512331376652988e0,1.22821281892146086e1,9.99999994792508007e-1,2.61803010309925206e1,2.61803010309925206e1,0.00000000000000000e0,0.00000000000000000e0,0.00000000000000000e0,0.00000000000000000e0,-9.49912520950898287e-16,-9.49912520950898287e-16,-4.65025190620944016e-3,2.47958885486031276e-3,1.37994260055115930e-2,1.37895339388520981e-2,306,0,-5.20607600377125633e-3,0,0,0.00000000000000000e0,3.451755000e-3,NaN,1.82846286740146774e-1,1.20404726304841503e-1,3.46700343911155798e-2,-9.40900148889715167e-4,-6.50937373149057096e-4,6.03168938556822439e-5,-1.49388774501853744e-6,-5.06536010920680477e-8,4.28114088065968249e-9,-1.22181672606060934e-10,1.80142614776680554e-12,-1.37530185334413117e-14,4.76439376505137507e-17,-5.68613279962336643e-20,1.13085818540460410e-23,0.00000000000000000e0,0.00000000000000000e0,0.00000000000000000e0,0.00000000000000000e0,0.00000000000000000e0,0.00000000000000000e0,0.00000000000000000e0,0.00000000000000000e0,0.00000000000000000e0,0.00000000000000000e0,0.00000000000000000e0,0.00000000000000000e0,0.00000000000000000e0,0.00000000000000000e0,0.00000000000000000e0,0.00000000000000000e0,0.00000000000000000e0
dg,64,7.49999999999999972e-2,8.00000000000000044e-1,7.04589103512800879e-2,9.82474398263510240e-1,9.29541084441227627e-1,1.26417587484006919e1,1.25560678843282876e1,9.99999994792508007e-1,2.61803010309925206e1,2.61803010309925206e1,0.00000000000000000e0,0.00000000000000000e0,0.00000000000000000e0,-3.33066909121990240e-16,-1.22131609836544057e-15,-1.22131609836544057e-15,-5.14603506292472465e-3,2.59785820088679915e-3,1.23579163673381721e-2,1.23875943979893516e-2,350,0,-5.20607600377125633e-3,0,0,0.00000000000000000e0,3.550233000e-3,NaN,6.61398471979127295e-2,6.12861639106537185e-3,-1.83926352088381638e-3,1.56036123983338117e-5,1.54315542655064725e-5,-1.38213580067314060e-6,5.86809270985180259e-8,-1.45075914254699784e-9,2.23894070350133338e-11,-2.36711234891806295e-13,2.05488596689585490e-15,-1.46752371706431207e-17,5.88132141169696254e-20,-8.00768082817071374e-23,1.43956415546218794e-26,0.00000000000000000e0,0.00000000000000000e0,0.00000000000000000e0,0.00000000000000000e0,0.00000000000000000e0,0.00000000000000000e0,0.00000000000000000e0,0.00000000000000000e0,0.00000000000000000e0,0.00000000000000000e0,0.00000000000000000e0,0.00000000000000000e0,0.00000000000000000e0,0.00000000000000000e0,0.00000000000000000e0,0.00000000000000000e0,0.00000000000000000e0
dg,64,7.49999999999999972e-2,9.00000000000000022e-1,-2.50012287320190490e-3,-3.54740312083822035e-2,1.00250011766570957e0,1.36340016002536490e1,1.25817734619472201e1,9.99999994792508007e-1,2.61803010309925206e1,2.61803010309925206e1,0.00000000000000000e0,0.00000000000000000e0,0.00000000000000000e0,-3.33066909121990240e-16,-1.22131609836544057e-15,-1.22131609836544057e-15,-5.54107667247643113e-3,2.69805400358568521e-3,2.88873184114308472e-3,2.89611742784232767e-3,394,0,-5.72113636282696805e-3,0,0,0.00000000000000000e0,3.643894000e-3,NaN,-2.07824780514485191e-3,-4.88835844692295999e-4,6.94898675850270795e-5,-2.42683175127787581e-6,-1.16540124080232148e-7,1.49708237294174052e-8,-7.09731309965719911e-10,2.02085865676304246e-11,-3.80163118872649923e-13,4.77631001973792749e-15,-3.83636514648719531e-17,1.78301068760240877e-19,-4.04034995859878251e-22,3.30016395816219694e-25,-4.29097423566527424e-29,0.00000000000000000e0,0.00000000000000000e0,0.00000000000000000e0,0.00000000000000000e0,0.00000000000000000e0,0.00000000000000000e0,0.00000000000000000e0,0.00000000000000000e0,0.00000000000000000e0,0.00000000000000000e0,0.00000000000000000e0,0.00000000000000000e0,0.00000000000000000e0,0.00000000000000000e0,0.00000000000000000e0,0.00000000000000000e0,0.00000000000000000e0
dg,64,7.49999999999999972e-2,1.00000000000000000e0,7.63214908216487085e-5,1.09448719699613869e-3,9.99923673301686300e-1,1.35989619569029241e1,1.25802445868925634e1,9.99999994792508007e-1,2.61803010309925206e1,2.61803010309925206e1,0.00000000000000000e0,0.00000000000000000e0,0.00000000000000000e0,-1.11022303040663405e-16,-1.49271967577998305e-15,-1.49271967577998305e-15,-2.64745424206650262e-4,3.03661912692555781e-5,1.37520037756691814e-4,1.36971406574372450e-4,438,0,-5.72113636282696805e-3,0,0,0.00000000000000000e0,3.737926000e-3,NaN,6.33868963506217163e-5,1.47465295962823427e-5,-1.91245572995071542e-6,1.03258747618221813e-7,-2.75288294828740259e-9,1.31912429806001028e-11,1.60750970830055844e-12,-5.97953494369179261e-14,1.07869936451430946e-15,-1.11519224603435884e-17,6.41560826190778087e-20,-1.79521763259050030e-22,1.76052428231813022e-25,-3.26034180399406208e-30,-9.61568015635304511e-33,0.00000000000000000e0,0.00000000000000000e0,0.00000000000000000e0,0.00000000000000000e0,0.00000000000000000e0,0.00000000000000000e0,0.00000000000000000e0,0.00000000000000000e0,0.00000000000000000e0,0.00000000000000000e0,0.00000000000000000e0,0.00000000000000000e0,0.00000000000000000e0,0.00000000000000000e0,0.00000000000000000e0,0.00000000000000000e0,0.00000000000000000e0
dg,128,7.49999999999999972e-2,0.00000000000000000e0,1.00000000000645572e0,2.61803012069172709e1,0.00000000000000000e0,0.00000000000000000e0,0.00000000000000000e0,1.00000000000645572e0,2.61803012069172709e1,2.61803012069172709e1,0.00000000000000000e0,0.00000000000000000e0,0.00000000000000000e0,0.00000000000000000e0,0.00000000000000000e0,0.00000000000000000e0,-4.03095167951371684e-4,2.87906072160164248e-5,8.76629896605139714e-4,8.90417310252319938e-4,0,0,0.00000000000000000e0,0,0,0.00000000000000000e0,5.284900000e-5,NaN,0.00000000000000000e0,0.00000000000000000e0,0.00000000000000000e0,0.00000000000000000e0,0.00000000000000000e0,0.00000000000000000e0,1.58404660258553592e-3,6.55232176332506411e-2,1.51220679024865606e-1,1.94071820979935528e-1,2.05486401920310591e-1,1.89931901153350985e-1,1.41359855420198799e-1,5.05260693203321426e-2,2.96007951625787706e-4,0.00000000000000000e0,0.00000000000000000e0,0.00000000000000000e0,0.00000000000000000e0,0.00000000000000000e0,0.00000000000000000e0,0.00000000000000000e0,0.00000000000000000e0,0.00000000000000000e0,0.00000000000000000e0,0.00000000000000000e0,0.00000000000000000e0,0.00000000000000000e0,0.00000000000000000e0,0.00000000000000000e0,0.00000000000000000e0,0.00000000000000000e0
dg,128,7.49999999999999972e-2,2.00000000000000011e-1,9.99999999961348252e-1,2.14346186780792962e1,4.51074219941621644e-11,6.13460939120605389e-10,4.74568252822450454e0,1.00000000000645572e0,2.61803012069172709e1,2.61803012069172709e1,0.00000000000000000e0,0.00000000000000000e0,0.00000000000000000e0,0.00000000000000000e0,-2.71403575590781560e-16,-2.71403575590781560e-16,-1.44889976296585783e-3,7.62769647646938196e-4,3.58469004047984362e-3,3.57312347196023835e-3,173,0,-1.52801099134418231e-3,0,0,0.00000000000000000e0,6.398340000e-4,NaN,-4.23628647587894451e-9,1.01521781741190172e-6,2.28440045672909256e-5,6.71105116475765456e-3,8.63038732329288599e-2,1.63301087570526415e-1,1.98729941215721406e-1,2.04522335515247011e-1,1.82966175500154954e-1,1.25767751919968612e-1,3.19625316719027788e-2,-2.90582607247134687e-4,1.97917843788281084e-6,6.12848984757454861e-10,2.18748389273448209e-15,0.00000000000000000e0,0.00000000000000000e0,0.00000000000000000e0,0.00000000000000000e0,0.00000000000000000e0,0.00000000000000000e0,0.00000000000000000e0,0.00000000000000000e0,0.00000000000000000e0,0.00000000000000000e0,0.00000000000000000e0,0.00000000000000000e0,0.00000000000000000e0,0.00000000000000000e0,0.00000000000000000e0,0.00000000000000000e0,0.00000000000000000e0
dg,128,7.49999999999999972e-2,4.00000000000000022e-1,1.00036360149242309e0,1.75541087718745956e1,-3.63601485968263153e-4,-4.94498020916837953e-3,8.63113741525182476e0,1.00000000000645572e0,2.61803012069172709e1,2.61803012069172709e1,0.00000000000000000e0,0.00000000000000000e0,0.00000000000000000e0,-8.88178419694391397e-16,-6.78508938976953950e-16,-6.78508938976953950e-16,-2.26670146738621250e-3,8.23923595978354943e-4,5.00196103248605386e-3,4.99505069894554815e-3,346,0,-2.44734540114142658e-3,0,0,0.00000000000000000e0,1.217754000e-3,NaN,1.66847395692608820e-2,1.05913335963156857e-1,1.73595229806010443e-1,2.02149655835731634e-1,2.02413796262456508e-1,1.74492404583568128e-1,1.07714982413451732e-1,1.77955082342524350e-2,-3.99828934643370641e-4,3.76799234750674175e-6,9.76804297903207889e-9,-1.21129882506431877e-12,-1.05551340777722115e-15,-1.62756033828772201e-20,3.60772490851449697e-27,0.00000000000000000e0,0.00000000000000000e0,0.00000000000000000e0,0.00000000000000000e0,0.00000000000000000e0,0.00000000000000000e0,0.00000000000000000e0,0.00000000000000000e0,0.00000000000000000e0,0.00000000000000000e0,0.00000000000000000e0,0.00000000000000000e0,0.00000000000000000e0,0.00000000000000000e0,0.00000000000000000e0,0.00000000000000000e0,0.00000000000000000e0
dg,128,7.49999999999999972e-2,5.00000000000000000e-1,9.30549039458616556e-1,1.49571996716803230e1,6.94509605478383502e-2,9.44533063450601396e-1,1.02785684717863344e1,1.00000000000645572e0,2.61803012069172709e1,2.61803012069172709e1,0.00000000000000000e0,0.00000000000000000e0,0.00000000000000000e0,-8.88178419694391397e-16,-5.42807151181563121e-16,-5.42807151181563121e-16,-1.55022820969677368e-3,6.16179441224231966e-4,3.34316791895553208e-3,3.34004186400857668e-3,433,0,-2.44734540114142658e-3,0,0,0.00000000000000000e0,1.554461000e-3,NaN,1.52387229934305674e-1,1.94581561701613032e-1,2.05459422557006222e-1,1.89358125057177640e-1,1.39951071749188583e-1,4.86356964708747549e-2,1.65514321243724995e-4,1.08119028338508524e-5,-3.94083375935047088e-7,-1.53275621019560817e-10,1.02422562429167881e-12,5.00437689994898954e-16,3.97890043566398185e-20,3.00034321438202599e-25,1.24289894855686618e-32,0.00000000000000000e0,0.00000000000000000e0,0.00000000000000000e0,0.00000000000000000e0,0.00000000000000000e0,0.00000000000000000e0,0.00000000000000000e0,0.00000000000000000e0,0.00000000000000000e0,0.00000000000000000e0,0.00000000000000000e0,0.00000000000000000e0,0.00000000000000000e0,0.00000000000000000e0,0.00000000000000000e0,0.00000000000000000e0,0.00000000000000000e0
dg,128,7.49999999999999972e-2,5.99999999999999978e-1,6.63480928645272305e-1,1.00636849097039853e1,3.36519071361182809e-1,4.57665937051208704e0,1.15399569267011977e1,1.00000000000645572e0,2.61803012069172709e1,2.61803012069172709e1,0.00000000000000000e0,0.00000000000000000e0,0.00000000000000000e0,-6.66133814770793548e-16,0.00000000000000000e0,0.00000000000000000e0,-1.72134945613384364e-3,7.11850751784114761e-4,3.53355279605082392e-3,3.53071965170538831e-3,520,0,-2.44734540114142658e-3,0,0,0.00000000000000000e0,1.859992000e-3,NaN,2.04383657617386638e-1,1.99126251429649515e-1,1.64399993093456348e-1,8.75470756181798843e-2,8.30397665237721065e-3,-2.82814485976745330e-4,2.76357171705747616e-6,2.52058031151682517e-8,-5.71570368607677977e-11,-1.63730975034817980e-13,-8.56247455211671398e-17,-1.32311471886499325e-20,-5.05601276835407883e-25,-2.23689953960590056e-30,-8.77986503530329667e-38,0.00000000000000000e0,0.00000000000000000e0,0.00000000000000000e0,0.00000000000000000e0,0.00000000000000000e0,0.00000000000000000e0,0.00000000000000000e0,0.00000000000000000e0,0.00000000000000000e0,0.00000000000000000e0,0.00000000000000000e0,0.00000000000000000e0,0.00000000000000000e0,0.00000000000000000e0,0.00000000000000000e0,0.00000000000000000e0,0.00000000000000000e0
dg,128,7.49999999999999972e-2,6.99999999999999956e-1,3.36490049619501463e-1,4.87406437069535237e0,6.63509950386953817e-1,9.02373532526257449e0,1.22825015109593405e1,1.00000000000645572e0,2.61803012069172709e1,2.61803012069172709e1,0.00000000000000000e0,0.00000000000000000e0,0.00000000000000000e0,-4.44089209847195698e-16,-1.35701787795390780e-16,-1.35701787795390780e-16,-2.14457611714866710e-3,7.59228381544289899e-4,3.66451359077137225e-3,3.66690093940506747e-3,607,0,-2.44734540114142658e-3,0,0,0.00000000000000000e0,2.163489000e-3,NaN,1.82250742744537508e-1,1.23842645838295379e-1,3.10754779749065554e-2,-7.03549797304842844e-4,2.52191740540402408e-5,-4.85957217372596778e-7,-3.67795454418022119e-10,1.00090590103579370e-11,1.64826899639532420e-14,7.75841705700366953e-18,1.46565853278455879e-21,1.29124485755887098e-25,3.51201295649248578e-30,1.11933510901132608e-35,3.38114928456278551e-43,0.00000000000000000e0,0.00000000000000000e0,0.00000000000000000e0,0.00000000000000000e0,0.00000000000000000e0,0.00000000000000000e0,0.00000000000000000e0,0.00000000000000000e0,0.00000000000000000e0,0.00000000000000000e0,0.00000000000000000e0,0.00000000000000000e0,0.00000000000000000e0,0.00000000000000000e0,0.00000000000000000e0,0.00000000000000000e0,0.00000000000000000e0
dg,128,7.49999999999999972e-2,8.00000000000000044e-1,6.93001413511437625e-2,9.65985118819871813e-1,9.30699858655311352e-1,1.26575180777122362e1,1.25567980103851582e1,1.00000000000645572e0,2.61803012069172709e1,2.61803012069172709e1,0.00000000000000000e0,0.00000000000000000e0,0.00000000000000000e0,-6.66133814770793548e-16,-2.71403575590781560e-16,-2.71403575590781560e-16,-2.28925313449458798e-3,8.44437231796770437e-4,3.95737506473041803e-3,3.95852597468899104e-3,694,0,-2.44734540114142658e-3,0,0,0.00000000000000000e0,5.278491000e-3,NaN,6.66808162499693824e-2,2.74989635515365295e-3,-1.31263468547339985e-4,6.50244211199263872e-7,4.21328739406817967e-8,-1.61471490071596211e-10,-1.04450934715356285e-12,-1.03383137276127017e-15,-1.25392387397948745e-19,9.59629761441479110e-23,1.67549337407002733e-26,2.31792624498571413e-31,-1.08913206049141860e-35,-3.99712262127299983e-41,-1.00492916311622553e-48,0.00000000000000000e0,0.00000000000000000e0,0.00000000000000000e0,0.00000000000000000e0,0.00000000000000000e0,0.00000000000000000e0,0.00000000000000000e0,0.00000000000000000e0,0.00000000000000000e0,0.00000000000000000e0,0.00000000000000000e0,0.00000000000000000e0,0.00000000000000000e0,0.00000000000000000e0,0.00000000000000000e0,0.00000000000000000e0,0.00000000000000000e0
dg,128,7.49999999999999972e-2,9.00000000000000022e-1,-7.45231193689714611e-4,-1.02887443073254696e-2,1.00074523120014480e0,1.36101351443219709e1,1.25804548069026190e1,1.00000000000645572e0,2.61803012069172709e1,2.61803012069172709e1,0.00000000000000000e0,0.00000000000000000e0,0.00000000000000000e0,-6.66133814770793548e-16,-2.71403575590781560e-16,-2.71403575590781560e-16,-2.21992836218848789e-3,7.79793385984392106e-4,8.14543622147272865e-4,8.14404200543235139e-4,781,0,-2.71586121918594324e-3,0,0,0.00000000000000000e0,5.600286000e-3,NaN,-7.70503074896305919e-4,2.56822332133781329e-5,-4.08958912420351854e-7,-1.42063948417213122e-9,2.74712713637044750e-11,7.38423068517717725e-14,3.46260122065872706e-18,-8.52956467757304472e-20,-5.77876111500054816e-23,-1.31132854386429586e-26,-1.04362319195028020e-30,-2.26496215477052748e-35,-5.58917506639817873e-41,8.59740657473756304e-47,2.41237643949830122e-54,0.00000000000000000e0,0.00000000000000000e0,0.00000000000000000e0,0.00000000000000000e0,0.00000000000000000e0,0.00000000000000000e0,0.00000000000000000e0,0.00000000000000000e0,0.00000000000000000e0,0.00000000000000000e0,0.00000000000000000e0,0.00000000000000000e0,0.00000000000000000e0,0.00000000000000000e0,0.00000000000000000e0,0.00000000000000000e0,0.00000000000000000e0
dg,128,7.49999999999999972e-2,1.00000000000000000e0,-1.05025891588843429e-6,-1.47647457879499115e-5,1.00000105026537067e0,1.36000142836090472e1,1.25803016880540017e1,1.00000000000645572e0,2.61803012069172709e1,2.61803012069172709e1,0.00000000000000000e0,0.00000000000000000e0,0.00000000000000000e0,-8.88178419694391397e-16,-4.07105363386172390e-16,-4.07105363386172390e-16,-8.32060528329937470e-6,1.69741576485018312e-6,2.34840596069504290e-6,2.34043576917932970e-6,868,0,-2.71586121918594324e-3,0,0,0.00000000000000000e0,5.904734000e-3,NaN,-1.10207688724596896e-6,5.20204969498793746e-8,-1.99779388837561124e-10,-2.74398003989661225e-12,-2.23312011573700461e-15,9.63637475109231833e-18,1.67992050406905712e-20,1.01005904564108965e-23,2.78641788696642379e-27,3.61991652886476810e-31,1.95902326596246012e-35,3.34616716486890878e-40,1.06431130967238210e-45,7.55710371138830912e-53,-4.35136753527994317e-60,0.00000000000000000e0,0.00000000000000000e0,0.00000000000000000e0,0.00000000000000000e0,0.00000000000000000e0,0.00000000000000000e0,0.00000000000000000e0,0.00000000000000000e0,0.00000000000000000e0,0.00000000000000000e0,0.00000000000000000e0,0.00000000000000000e0,0.00000000000000000e0,0.00000000000000000e0,0.00000000000000000e0,0.00000000000000000e0,0.00000000000000000e0
dg,256,7.49999999999999972e-2,0.00000000000000000e0,9.99999999999999667e-1,2.61803012067007117e1,0.00000000000000000e0,0.00000000000000000e0,0.00000000000000000e0,9.99999999999999667e-1,2.61803012067007117e1,2.61803012067007117e1,0.00000000000000000e0,0.00000000000000000e0,0.00000000000000000e0,0.00000000000000000e0,0.00000000000000000e0,0.00000000000000000e0,-1.01911123423455477e-4,2.36345378628710920e-6,2.19116172062301602e-4,2.22792686259189995e-4,0,0,0.00000000000000000e0,0,0,0.00000000000000000e0,1.004210000e-4,NaN,0.00000000000000000e0,0.00000000000000000e0,0.00000000000000000e0,0.00000000000000000e0,0.00000000000000000e0,0.00000000000000000e0,1.58404660278604220e-3,6.55232176332506272e-2,1.51220679024865606e-1,1.94071820979935500e-1,2.05486401920310618e-1,1.89931901153350985e-1,1.41359855420198771e-1,5.05260693203321565e-2,2.96007944969458952e-4,0.00000000000000000e0,0.00000000000000000e0,0.00000000000000000e0,0.00000000000000000e0,0.00000000000000000e0,0.00000000000000000e0,0.00000000000000000e0,0.00000000000000000e0,0.00000000000000000e0,0.00000000000000000e0,0.00000000000000000e0,0.00000000000000000e0,0.00000000000000000e0,0.00000000000000000e0,0.00000000000000000e0,0.00000000000000000e0,0.00000000000000000e0
dg,256,7.49999999999999972e-2,2.00000000000000011e-1,9.99999999999999778e-1,2.14346179643871899e1,5.72897083739272338e-17,7.79140033885410212e-16,4.74568324231352534e0,9.99999999999999667e-1,2.61803012067007117e1,2.61803012067007117e1,0.00000000000000000e0,0.00000000000000000e0,0.00000000000000000e0,2.22044604925031407e-16,1.35701787796513305e-16,1.35701787796513305e-16,-5.05037343354316722e-4,1.60909268056875620e-4,7.60993254841484676e-4,7.60146847825320972e-4,344,0,-5.07418824785777151e-4,0,0,0.00000000000000000e0,2.293604000e-3,NaN,4.22511148920527273e-13,-3.79944172453731972e-10,2.64747043343781043e-6,6.49421236655836880e-3,8.65334567915733294e-2,1.63308437080267377e-1,1.98726232918760681e-1,2.04516710127054996e-1,1.82956403288338509e-1,1.25809015991932865e-1,3.17209074279896086e-2,-6.80209334413931394e-5,-2.14994423246487223e-9,-1.95404698016536183e-15,-1.33835828245077783e-25,0.00000000000000000e0,0.00000000000000000e0,0.00000000000000000e0,0.00000000000000000e0,0.00000000000000000e0,0.00000000000000000e0,0.00000000000000000e0,0.00000000000000000e0,0.00000000000000000e0,0.00000000000000000e0,0.00000000000000000e0,0.00000000000000000e0,0.00000000000000000e0,0.00000000000000000e0,0.00000000000000000e0,0.00000000000000000e0,0.00000000000000000e0
dg,256,7.49999999999999972e-2,4.00000000000000022e-1,1.00001467256574239e0,1.75493822367430283e1,-1.46725657424873247e-5,-1.99546894097827612e-4,8.63111851685178166e0,9.99999999999999667e-1,2.61803012067007117e1,2.61803012067007117e1,0.00000000000000000e0,0.00000000000000000e0,0.00000000000000000e0,2.22044604925031407e-16,0.00000000000000000e0,0.00000000000000000e0,-8.83786058512547575e-4,2.61750173314125847e-4,1.15108869362749635e-3,1.14958788120016935e-3,688,0,-8.86230161286096245e-4,0,0,0.00000000000000000e0,4.569552000e-3,NaN,1.59321084373442862e-2,1.06325011250893706e-1,1.73590698682967171e-1,2.02139432731961666e-1,2.02400896778566736e-1,1.74478229282145014e-1,1.08113031002430776e-1,1.70795342071601436e-2,-4.42717545611089996e-5,1.94694669962222947e-9,-1.12957037176066751e-13,5.97677899110094919e-19,4.56024395563768264e-26,4.87905845845693171e-35,1.05963696539216914e-47,0.00000000000000000e0,0.00000000000000000e0,0.00000000000000000e0,0.00000000000000000e0,0.00000000000000000e0,0.00000000000000000e0,0.00000000000000000e0,0.00000000000000000e0,0.00000000000000000e0,0.00000000000000000e0,0.00000000000000000e0,0.00000000000000000e0,0.00000000000000000e0,0.00000000000000000e0,0.00000000000000000e0,0.00000000000000000e0,0.00000000000000000e0
dg,256,7.49999999999999972e-2,5.00000000000000000e-1,9.30589807777517097e-1,1.49576854636013898e1,6.94101922224819867e-2,9.43978614225754686e-1,1.02786371288735587e1,9.99999999999999667e-1,2.61803012067007117e1,2.61803012067007117e1,0.00000000000000000e0,0.00000000000000000e0,0.00000000000000000e0,-5.55111512312578467e-16,-2.71403575593026609e-16,-2.71403575593026609e-16,-5.35415253598776008e-4,1.53347469254211085e-4,7.61640837853900144e-4,7.60692690065461357e-4,860,0,-9.00478440648994419e-4,0,0,0.00000000000000000e0,5.750662000e-3,NaN,1.52439462535331388e-1,1.94568046772386538e-1,2.05445240771558374e-1,1.89337227787670676e-1,1.39974507882110605e-1,4.86131768296738306e-2,2.11884743261549143e-4,2.60588679257712744e-7,-1.33156673858638337e-10,2.31343692443006233e-15,4.26256465146898245e-21,-1.87080668202292899e-28,-1.91044791693797226e-36,1.27737617895124741e-45,1.44174709852779866e-58,0.00000000000000000e0,0.00000000000000000e0,0.00000000000000000e0,0.00000000000000000e0,0.00000000000000000e0,0.00000000000000000e0,0.00000000000000000e0,0.00000000000000000e0,0.00000000000000000e0,0.00000000000000000e0,0.00000000000000000e0,0.00000000000000000e0,0.00000000000000000e0,0.00000000000000000e0,0.00000000000000000e0,0.00000000000000000e0,0.00000000000000000e0
dg,256,7.49999999999999972e-2,5.99999999999999978e-1,6.63475771201827880e-1,1.00635669487294983e1,3.36524228798171621e-1,4.57672951165514075e0,1.15400047463160629e1,9.99999999999999667e-1,2.61803012067007117e1,2.61803012067007117e1,0.00000000000000000e0,0.00000000000000000e0,0.00000000000000000e0,-1.11022302462515703e-16,-2.71403575593026609e-16,-2.71403575593026609e-16,-6.69755409756002309e-4,1.75304562768964256e-4,7.94655068803846423e-4,7.93498525352391158e-4,1032,0,-9.00478440648994419e-4,0,0,0.00000000000000000e0,6.888926000e-3,NaN,2.04367249378428650e-1,1.99104189427028622e-1,1.64359988574134586e-1,8.83614638456372559e-2,7.28462162870319088e-3,-1.75167124059358561e-6,1.00197039227659076e-8,-5.67766010946273327e-13,2.22197577951147823e-17,-4.50797172333087295e-23,-3.14453808642817680e-29,-1.21214693737014055e-36,-2.57246780609444041e-45,-4.66045731325792681e-56,5.52261987707165934e-70,0.00000000000000000e0,0.00000000000000000e0,0.00000000000000000e0,0.00000000000000000e0,0.00000000000000000e0,0.00000000000000000e0,0.00000000000000000e0,0.00000000000000000e0,0.00000000000000000e0,0.00000000000000000e0,0.00000000000000000e0,0.00000000000000000e0,0.00000000000000000e0,0.00000000000000000e0,0.00000000000000000e0,0.00000000000000000e0,0.00000000000000000e0
dg,256,7.49999999999999972e-2,6.99999999999999956e-1,3.36515952546194541e-1,4.87436075114543144e0,6.63484047453804848e-1,9.02338304537176406e0,1.22825574101835144e1,9.99999999999999667e-1,2.61803012067007117e1,2.61803012067007117e1,0.00000000000000000e0,0.00000000000000000e0,0.00000000000000000e0,-3.33066907387547061e-16,0.00000000000000000e0,0.00000000000000000e0,-8.14694682527495706e-4,1.93953747893714805e-4,8.50752887910961094e-4,8.50435986586298956e-4,1204,0,-9.00478440648994419e-4,0,0,0.00000000000000000e0,8.173020000e-3,NaN,1.82225049680498324e-1,1.24211844295500473e-1,3.02615164175732802e-2,-1.82167076173906707e-4,-2.90667518906922774e-7,-1.03695044858383490e-10,1.03319830775712422e-14,-4.32259163772981385e-20,-7.75728913505978591e-25,-1.51630477520068984e-31,5.09858637250040406e-39,-5.76610426351528753e-48,-1.51579133586656595e-55,-2.66288569652480991e-66,-5.96868065687545421e-81,0.00000000000000000e0,0.00000000000000000e0,0.00000000000000000e0,0.00000000000000000e0,0.00000000000000000e0,0.00000000000000000e0,0.00000000000000000e0,0.00000000000000000e0,0.00000000000000000e0,0.00000000000000000e0,0.00000000000000000e0,0.00000000000000000e0,0.00000000000000000e0,0.00000000000000000e0,0.00000000000000000e0,0.00000000000000000e0,0.00000000000000000e0
dg,256,7.49999999999999972e-2,8.00000000000000044e-1,6.93929527640423094e-2,9.67115164402119531e-1,9.30607047235956775e-1,1.26562558424090241e1,1.25569301998895568e1,9.99999999999999667e-1,2.61803012067007117e1,2.61803012067007117e1,0.00000000000000000e0,0.00000000000000000e0,0.00000000000000000e0,-5.55111512312578467e-16,-4.07105363389539889e-16,-4.07105363389539889e-16,-9.38253763245689744e-4,2.11181584990973370e-4,8.95359591337016006e-4,8.95493565789168473e-4,1376,0,-9.40936568262449430e-4,0,0,0.00000000000000000e0,9.336563000e-3,NaN,6.73136746327093749e-2,2.07208477594400834e-3,7.18559811161580724e-6,7.75884707347146188e-9,-1.56984948159794206e-12,1.00233114158462967e-16,-2.00999408878952157e-21,-5.06251054695518497e-28,6.09597852389284455e-33,1.24591941208059536e-39,3.37762167208992172e-47,9.67456246608273877e-56,8.64821744685378012e-66,-3.73483061669917560e-77,-1.01697993337436704e-91,0.00000000000000000e0,0.00000000000000000e0,0.00000000000000000e0,0.00000000000000000e0,0.00000000000000000e0,0.00000000000000000e0,0.00000000000000000e0,0.00000000000000000e0,0.00000000000000000e0,0.00000000000000000e0,0.00000000000000000e0,0.00000000000000000e0,0.00000000000000000e0,0.00000000000000000e0,0.00000000000000000e0,0.00000000000000000e0,0.00000000000000000e0
dg,256,7.49999999999999972e-2,9.00000000000000022e-1,-1.02044832195409210e-4,-1.39413780475359898e-3,1.00010204483219556e0,1.36013878097178544e1,1.25803075347876003e1,9.99999999999999667e-1,2.61803012067007117e1,2.61803012067007117e1,0.00000000000000000e0,0.00000000000000000e0,0.00000000000000000e0,5.55111512312578467e-16,-4.07105363389539889e-16,-4.07105363389539889e-16,-8.01977014587053295e-4,1.11068121913995109e-4,1.20103253932428374e-4,1.20085895872932546e-4,1548,0,-1.07249157044094390e-3,0,0,0.00000000000000000e0,1.082292200e-2,NaN,-1.01830607156408204e-4,-2.14236167187911729e-7,1.11160172019040738e-11,1.21706298285973015e-14,-4.33007105273430388e-19,-8.82485181944113738e-24,7.30502408521170554e-29,6.78037294213090902e-35,4.28811233083268826e-42,-7.66913241372999196e-50,1.81122742885189182e-57,9.45360809109231589e-66,1.00081211928630502e-75,4.22518388771136169e-88,-5.76891818858823487e-103,0.00000000000000000e0,0.00000000000000000e0,0.00000000000000000e0,0.00000000000000000e0,0.00000000000000000e0,0.00000000000000000e0,0.00000000000000000e0,0.00000000000000000e0,0.00000000000000000e0,0.00000000000000000e0,0.00000000000000000e0,0.00000000000000000e0,0.00000000000000000e0,0.00000000000000000e0,0.00000000000000000e0,0.00000000000000000e0,0.00000000000000000e0
dg,256,7.49999999999999972e-2,1.00000000000000000e0,1.44803738296712892e-9,1.95024561642815253e-8,9.99999998551962976e-1,1.35999999803066878e1,1.25803012068915550e1,9.99999999999999667e-1,2.61803012067007117e1,2.61803012067007117e1,0.00000000000000000e0,0.00000000000000000e0,0.00000000000000000e0,7.77156117237609874e-16,-5.42807151186053218e-16,-5.42807151186053218e-16,-1.14573027072950813e-8,1.27896825678150257e-9,4.00534937338362729e-9,4.00683499156981800e-9,1720,0,-1.07249157044094390e-3,0,0,0.00000000000000000e0,1.198387100e-2,NaN,1.44996873953148126e-9,-1.93159363195347443e-12,2.37078856814476281e-16,-1.13209528230088115e-20,1.09176481313649606e-25,5.22651315318485650e-31,-4.80360884397699735e-37,-4.11930523923790824e-43,-4.44599472537465427e-50,-9.61166661234105366e-58,-3.21574083128952090e-66,-6.38850900835171731e-76,2.41527902638380549e-86,2.28568674692331092e-98,1.47190832748121263e-114,0.00000000000000000e0,0.00000000000000000e0,0.00000000000000000e0,0.00000000000000000e0,0.00000000000000000e0,0.00000000000000000e0,0.00000000000000000e0,0.00000000000000000e0,0.00000000000000000e0,0.00000000000000000e0,0.00000000000000000e0,0.00000000000000000e0,0.00000000000000000e0,0.00000000000000000e0,0.00000000000000000e0,0.00000000000000000e0,0.00000000000000000e0
dg,128,1.49999999999999994e-1,0.00000000000000000e0,1.00000000000645572e0,2.61803012069172709e1,0.00000000000000000e0,0.00000000000000000e0,0.00000000000000000e0,1.00000000000645572e0,2.61803012069172709e1,2.61803012069172709e1,0.00000000000000000e0,0.00000000000000000e0,0.00000000000000000e0,0.00000000000000000e0,0.00000000000000000e0,0.00000000000000000e0,-4.03095167951371684e-4,2.87906072160164248e-5,8.76629896605139714e-4,8.90417310252319938e-4,0,0,0.00000000000000000e0,0,0,0.00000000000000000e0,5.259900000e-5,NaN,0.00000000000000000e0,0.00000000000000000e0,0.00000000000000000e0,0.00000000000000000e0,0.00000000000000000e0,0.00000000000000000e0,1.58404660258553592e-3,6.55232176332506411e-2,1.51220679024865606e-1,1.94071820979935528e-1,2.05486401920310591e-1,1.89931901153350985e-1,1.41359855420198799e-1,5.05260693203321426e-2,2.96007951625787706e-4,0.00000000000000000e0,0.00000000000000000e0,0.00000000000000000e0,0.00000000000000000e0,0.00000000000000000e0,0.00000000000000000e0,0.00000000000000000e0,0.00000000000000000e0,0.00000000000000000e0,0.00000000000000000e0,0.00000000000000000e0,0.00000000000000000e0,0.00000000000000000e0,0.00000000000000000e0,0.00000000000000000e0,0.00000000000000000e0,0.00000000000000000e0
dg,128,1.49999999999999994e-1,2.00000000000000011e-1,9.99999999837621112e-1,2.14346215030504688e1,1.68834603159549519e-10,2.29615060296987325e-9,4.74567970157063534e0,1.00000000000645572e0,2.61803012069172709e1,2.61803012069172709e1,0.00000000000000000e0,0.00000000000000000e0,0.00000000000000000e0,0.00000000000000000e0,-5.42807151181563121e-16,-5.42807151181563121e-16,-1.67709640890405178e-3,8.03946412689355606e-4,3.72340922339107127e-3,3.72010087141275061e-3,87,0,-1.80138303003601701e-3,0,0,0.00000000000000000e0,3.720010000e-4,NaN,-1.07528834391858051e-8,1.64123297845123398e-6,3.35867440832964426e-5,6.64831706437001794e-3,8.63836933379012462e-2,1.63290980722132439e-1,1.98725720582045573e-1,2.04523673024763569e-1,1.82973843542371062e-1,1.25775698282499404e-1,3.18696833739885027e-2,-2.28556807063118740e-4,1.72913057279880822e-6,3.59860112727634956e-10,9.11746973708536117e-16,0.00000000000000000e0,0.00000000000000000e0,0.00000000000000000e0,0.00000000000000000e0,0.00000000000000000e0,0.00000000000000000e0,0.00000000000000000e0,0.00000000000000000e0,0.00000000000000000e0,0.00000000000000000e0,0.00000000000000000e0,0.00000000000000000e0,0.00000000000000000e0,0.00000000000000000e0,0.00000000000000000e0,0.00000000000000000e0,0.00000000000000000e0
dg,128,1.49999999999999994e-1,4.00000000000000022e-1,1.00041641744419474e0,1.75548339124090127e1,-4.16417437739502938e-4,-5.66327715325723978e-3,8.63113057166150455e0,1.00000000000645572e0,2.61803012069172709e1,2.61803012069172709e1,0.00000000000000000e0,0.00000000000000000e0,0.00000000000000000e0,-4.44089209847195698e-16,-4.07105363386172390e-16,-4.07105363386172390e-16,-2.68975500800412541e-3,8.10881646794371809e-4,5.14885448035500796e-3,5.15172985147556613e-3,174,0,-2.94925265068272761e-3,0,0,0.00000000000000000e0,1.120168000e-3,NaN,1.67092387163379347e-2,1.05994948884449575e-1,1.73575830047780100e-1,2.02143678491209233e-1,2.02418702268456596e-1,1.74508035819241680e-1,1.07650225556721379e-1,1.77536004526671655e-2,-3.41160374086268005e-4,3.31383925644048300e-6,3.74741364152578600e-9,-5.25105361495684758e-12,-1.53264660585383463e-15,-3.47373340193680371e-20,-8.45198025070147163e-27,0.00000000000000000e0,0.00000000000000000e0,0.00000000000000000e0,0.00000000000000000e0,0.00000000000000000e0,0.00000000000000000e0,0.00000000000000000e0,0.00000000000000000e0,0.00000000000000000e0,0.00000000000000000e0,0.00000000000000000e0,0.00000000000000000e0,0.00000000000000000e0,0.00000000000000000e0,0.00000000000000000e0,0.00000000000000000e0,0.00000000000000000e0
dg,128,1.49999999999999994e-1,5.00000000000000000e-1,9.30473410565912262e-1,1.49560821155735724e1,6.95265894405433377e-2,9.45561616391389470e-1,1.02786574749522970e1,1.00000000000645572e0,2.61803012069172709e1,2.61803012069172709e1,0.00000000000000000e0,0.00000000000000000e0,0.00000000000000000e0,-2.22044604923597849e-16,-5.42807151181563121e-16,-5.42807151181563121e-16,-1.31402965832891870e-3,4.86484770389139498e-4,3.46218942999313188e-3,3.46813776394959286e-3,218,0,-2.94925265068272761e-3,0,0,0.00000000000000000e0,1.336323000e-3,NaN,1.52361034923307104e-1,1.94568092063318515e-1,2.05460253379078250e-1,1.89373600136930970e-1,1.39987445733687543e-1,4.83556032114784984e-2,3.65053901971617082e-4,2.59267489808965841e-6,-2.65722838289547094e-7,2.63169010546011393e-10,9.10395007882549166e-13,3.00084647418487336e-16,2.02116754831385891e-20,1.88282446739831253e-25,2.39234466862566926e-32,0.00000000000000000e0,0.00000000000000000e0,0.00000000000000000e0,0.00000000000000000e0,0.00000000000000000e0,0.00000000000000000e0,0.00000000000000000e0,0.00000000000000000e0,0.00000000000000000e0,0.00000000000000000e0,0.00000000000000000e0,0.00000000000000000e0,0.00000000000000000e0,0.00000000000000000e0,0.00000000000000000e0,0.00000000000000000e0,0.00000000000000000e0
dg,128,1.49999999999999994e-1,5.99999999999999978e-1,6.63433828677986503e-1,1.00630345183093741e1,3.36566171328468999e-1,4.57729993006717706e0,1.15399667585407109e1,1.00000000000645572e0,2.61803012069172709e1,2.61803012069172709e1,0.00000000000000000e0,0.00000000000000000e0,0.00000000000000000e0,-2.22044604923597849e-16,-2.71403575590781560e-16,-2.71403575590781560e-16,-1.34905723403920736e-3,5.62553833720939108e-4,3.68741248989739234e-3,3.68412578035816340e-3,262,0,-2.94925265068272761e-3,0,0,0.00000000000000000e0,1.511277000e-3,NaN,2.04378274410699251e-1,1.99137850388208804e-1,1.64438763905235874e-1,8.73047427380324037e-2,8.42294016415286693e-3,-2.51472689279027824e-4,2.71986750631820282e-6,9.95432180913642262e-9,-6.08061286357513171e-11,-8.58297099631969256e-14,-2.30978243095135215e-17,-1.46897335273043583e-21,-3.68752319830224262e-26,-3.29177478333847321e-31,-3.62570730358520276e-38,0.00000000000000000e0,0.00000000000000000e0,0.00000000000000000e0,0.00000000000000000e0,0.00000000000000000e0,0.00000000000000000e0,0.00000000000000000e0,0.00000000000000000e0,0.00000000000000000e0,0.00000000000000000e0,0.00000000000000000e0,0.00000000000000000e0,0.00000000000000000e0,0.00000000000000000e0,0.00000000000000000e0,0.00000000000000000e0,0.00000000000000000e0
dg,128,1.49999999999999994e-1,6.99999999999999956e-1,3.36436437360342844e-1,4.87338989741421091e0,6.63563562646112715e-1,9.02446445198712865e0,1.22824468575159251e1,1.00000000000645572e0,2.61803012069172709e1,2.61803012069172709e1,0.00000000000000000e0,0.00000000000000000e0,0.00000000000000000e0,-2.22044604923597849e-16,-2.71403575590781560e-16,-2.71403575590781560e-16,-1.73973281621943440e-3,5.99574043183456339e-4,3.89656823814843760e-3,3.89469437478203676e-3,306,0,-2.94925265068272761e-3,0,0,0.00000000000000000e0,1.683666000e-3,NaN,1.82273382192709582e-1,1.23814071366251860e-1,3.08383652523267042e-2,-5.04933794160210194e-4,1.58939568959878672e-5,-3.42241419484721366e-7,6.21509698290355570e-10,6.22434182542440541e-12,4.30788799928820158e-15,-8.38281737238416245e-19,-6.70495327899900799e-22,-6.47195961332624456e-26,-1.13992135307942804e-30,-1.81096262018449377e-36,-7.62962537187257807e-45,0.00000000000000000e0,0.00000000000000000e0,0.00000000000000000e0,0.00000000000000000e0,0.00000000000000000e0,0.00000000000000000e0,0.00000000000000000e0,0.00000000000000000e0,0.00000000000000000e0,0.00000000000000000e0,0.00000000000000000e0,0.00000000000000000e0,0.00000000000000000e0,0.00000000000000000e0,0.00000000000000000e0,0.00000000000000000e0,0.00000000000000000e0
dg,128,1.49999999999999994e-1,8.00000000000000044e-1,6.91531836072084155e-2,9.64160608795069596e-1,9.30846816399247268e-1,1.26595167030297571e1,1.25566238950924323e1,1.00000000000645572e0,2.61803012069172709e1,2.61803012069172709e1,0.00000000000000000e0,0.00000000000000000e0,0.00000000000000000e0,0.00000000000000000e0,-5.42807151181563121e-16,-5.42807151181563121e-16,-1.88368696051982826e-3,6.43097208701104276e-4,4.09358620157744026e-3,4.09573284454904738e-3,350,0,-2.94925265068272761e-3,0,0,0.00000000000000000e0,1.857869000e-3,NaN,6.62615229259381905e-2,3.01794805927452833e-3,-1.27501310208188561e-4,1.19463678152121757e-6,1.94481739683455771e-8,-1.52358474076785847e-10,-3.93244409019063303e-13,1.24906964106246574e-16,4.48537659644366325e-19,1.87098512310944116e-22,2.52146792746424367e-26,1.10852652571013931e-30,1.20452806946699564e-35,1.58255514042557712e-41,2.30991287949219777e-49,0.00000000000000000e0,0.00000000000000000e0,0.00000000000000000e0,0.00000000000000000e0,0.00000000000000000e0,0.00000000000000000e0,0.00000000000000000e0,0.00000000000000000e0,0.00000000000000000e0,0.00000000000000000e0,0.00000000000000000e0,0.00000000000000000e0,0.00000000000000000e0,0.00000000000000000e0,0.00000000000000000e0,0.00000000000000000e0,0.00000000000000000e0
dg,128,1.49999999999999994e-1,9.00000000000000022e-1,-6.03907701058580969e-4,-8.35059786665341697e-3,1.00060390770751440e0,1.36082131448221908e1,1.25804386599617288e1,1.00000000000645572e0,2.61803012069172709e1,2.61803012069172709e1,0.00000000000000000e0,0.00000000000000000e0,0.00000000000000000e0,0.00000000000000000e0,-2.71403575590781560e-16,-2.71403575590781560e-16,-1.84276585133238014e-3,6.26296944859758070e-4,6.48660361278729602e-4,6.48669701183853756e-4,394,0,-2.94925265068272761e-3,0,0,0.00000000000000000e0,2.025952000e-3,NaN,-6.21791036685725323e-4,1.81954374505241122e-5,-3.12491781425921110e-7,3.74579755084545259e-10,1.53711090698596919e-11,7.23563666784139176e-15,-5.41731447307721776e-17,-6.17525109285280995e-20,-2.22915494035056896e-23,-3.26777406548589809e-27,-2.15481332760541836e-31,-6.17530156776641350e-36,-5.27051487203713650e-41,-5.86668246949396041e-47,-7.67112489153837652e-55,0.00000000000000000e0,0.00000000000000000e0,0.00000000000000000e0,0.00000000000000000e0,0.00000000000000000e0,0.00000000000000000e0,0.00000000000000000e0,0.00000000000000000e0,0.00000000000000000e0,0.00000000000000000e0,0.00000000000000000e0,0.00000000000000000e0,0.00000000000000000e0,0.00000000000000000e0,0.00000000000000000e0,0.00000000000000000e0,0.00000000000000000e0
dg,128,1.49999999999999994e-1,1.00000000000000000e0,-1.43926729830647160e-7,-2.23451682110226640e-6,1.00000014393318493e0,1.36000019574913189e1,1.25803014839427743e1,1.00000000000645572e0,2.61803012069172709e1,2.61803012069172709e1,0.00000000000000000e0,0.00000000000000000e0,0.00000000000000000e0,-6.66133814770793548e-16,0.00000000000000000e0,0.00000000000000000e0,-4.30200472320299477e-6,9.05753835331775615e-7,1.67444477960773696e-6,1.66922519434056035e-6,438,0,-2.94925265068272761e-3,0,0,0.00000000000000000e0,2.195027000e-3,NaN,-1.70864857847480312e-7,2.71494331761981355e-8,-2.10409420622715810e-10,-8.97681500844955631e-13,1.93613354940931113e-15,6.62163887153901719e-18,4.74833122442172116e-21,9.03187971361470234e-25,-8.17338286158602245e-29,-3.05282841330826355e-32,-1.74436388270101621e-36,-2.05937316560571131e-41,1.12440269585984711e-47,9.36149770850906246e-53,1.38903243293944266e-60,0.00000000000000000e0,0.00000000000000000e0,0.00000000000000000e0,0.00000000000000000e0,0.00000000000000000e0,0.00000000000000000e0,0.00000000000000000e0,0.00000000000000000e0,0.00000000000000000e0,0.00000000000000000e0,0.00000000000000000e0,0.00000000000000000e0,0.00000000000000000e0,0.00000000000000000e0,0.00000000000000000e0,0.00000000000000000e0,0.00000000000000000e0
dg,128,3.74999999999999986e-2,0.00000000000000000e0,1.00000000000645572e0,2.61803012069172709e1,0.00000000000000000e0,0.00000000000000000e0,0.00000000000000000e0,1.00000000000645572e0,2.61803012069172709e1,2.61803012069172709e1,0.00000000000000000e0,0.00000000000000000e0,0.00000000000000000e0,0.00000000000000000e0,0.00000000000000000e0,0.00000000000000000e0,-4.03095167951371684e-4,2.87906072160164248e-5,8.76629896605139714e-4,8.90417310252319938e-4,0,0,0.00000000000000000e0,0,0,0.00000000000000000e0,6.480800000e-5,NaN,0.00000000000000000e0,0.00000000000000000e0,0.00000000000000000e0,0.00000000000000000e0,0.00000000000000000e0,0.00000000000000000e0,1.58404660258553592e-3,6.55232176332506411e-2,1.51220679024865606e-1,1.94071820979935528e-1,2.05486401920310591e-1,1.89931901153350985e-1,1.41359855420198799e-1,5.05260693203321426e-2,2.96007951625787706e-4,0.00000000000000000e0,0.00000000000000000e0,0.00000000000000000e0,0.00000000000000000e0,0.00000000000000000e0,0.00000000000000000e0,0.00000000000000000e0,0.00000000000000000e0,0.00000000000000000e0,0.00000000000000000e0,0.00000000000000000e0,0.00000000000000000e0,0.00000000000000000e0,0.00000000000000000e0,0.00000000000000000e0,0.00000000000000000e0,0.00000000000000000e0
dg,128,3.74999999999999986e-2,2.00000000000000011e-1,9.99999999973429921e-1,2.14346179627214433e1,3.30255482128593338e-11,4.49147455694886702e-10,4.74568324374667405e0,1.00000000000645572e0,2.61803012069172709e1,2.61803012069172709e1,0.00000000000000000e0,0.00000000000000000e0,0.00000000000000000e0,-2.22044604923597849e-16,-2.71403575590781560e-16,-2.71403575590781560e-16,-1.39106647933934712e-3,7.53495523603821293e-4,3.54925628846592409e-3,3.54173931367970929e-3,345,0,-1.45981285509705957e-3,0,0,0.00000000000000000e0,1.163723000e-3,NaN,-3.41727090110708944e-9,8.89408622593058217e-7,2.04843107722653765e-5,6.72596670337206100e-3,8.62842581131458980e-2,1.63303654465372372e-1,1.98730985782125391e-1,2.04521973815166291e-1,1.82964216598423463e-1,1.25766235264810566e-1,3.19851484791252930e-2,-3.05834410835253295e-4,2.02419037434889420e-6,6.70223205316551780e-10,2.43975103399156288e-15,0.00000000000000000e0,0.00000000000000000e0,0.00000000000000000e0,0.00000000000000000e0,0.00000000000000000e0,0.00000000000000000e0,0.00000000000000000e0,0.00000000000000000e0,0.00000000000000000e0,0.00000000000000000e0,0.00000000000000000e0,0.00000000000000000e0,0.00000000000000000e0,0.00000000000000000e0,0.00000000000000000e0,0.00000000000000000e0,0.00000000000000000e0
dg,128,3.74999999999999986e-2,4.00000000000000022e-1,1.00034964167927032e0,1.75539174443745942e1,-3.49641672814551938e-4,-4.75512675027790765e-3,8.63113888929293260e0,1.00000000000645572e0,2.61803012069172709e1,2.61803012069172709e1,0.00000000000000000e0,0.00000000000000000e0,0.00000000000000000e0,0.00000000000000000e0,-8.14210726772344779e-16,-8.14210726772344779e-16,-2.16099628969708933e-3,8.28121460145532918e-4,4.96818982129661104e-3,4.96085388304820605e-3,690,0,-2.32618029478253189e-3,0,0,0.00000000000000000e0,2.287496000e-3,NaN,1.66771013545703520e-2,1.05893588768063290e-1,1.73600115737394561e-1,2.02151122823405249e-1,2.02412499334691076e-1,1.74488279002295271e-1,1.07732428188686613e-1,1.78046861202839565e-2,-4.14032223557473961e-4,3.84102599694172362e-6,1.15468028170361312e-8,6.38240209887687931e-13,-6.52267815414880632e-16,-2.33763985312094023e-21,9.17178247195529829e-27,0.00000000000000000e0,0.00000000000000000e0,0.00000000000000000e0,0.00000000000000000e0,0.00000000000000000e0,0.00000000000000000e0,0.00000000000000000e0,0.00000000000000000e0,0.00000000000000000e0,0.00000000000000000e0,0.00000000000000000e0,0.00000000000000000e0,0.00000000000000000e0,0.00000000000000000e0,0.00000000000000000e0,0.00000000000000000e0,0.00000000000000000e0
dg,128,3.74999999999999986e-2,5.00000000000000000e-1,9.30568606591699377e-1,1.49574881753509636e1,6.94313934147564593e-2,9.44266950440687869e-1,1.02785460811255902e1,1.00000000000645572e0,2.61803012069172709e1,2.61803012069172709e1,0.00000000000000000e0,0.00000000000000000e0,0.00000000000000000e0,0.00000000000000000e0,-1.08561430236312624e-15,-1.08561430236312624e-15,-1.61104086688173263e-3,6.51740894806538806e-4,3.32430900532804888e-3,3.32290232889988213e-3,863,0,-2.32618029478253189e-3,0,0,0.00000000000000000e0,2.853198000e-3,NaN,1.52394330478705292e-1,1.94584915721769641e-1,2.05459158186667767e-1,1.89354142079453558e-1,1.39942858986248253e-1,4.87060041170670893e-2,1.14438060663280678e-4,1.31857932178386417e-5,-4.26515085648007358e-7,-3.17948221733070412e-10,9.39799458434553487e-13,5.01201964642887776e-16,3.88155747733137980e-20,2.35274487509248064e-25,-4.80895479322130847e-33,0.00000000000000000e0,0.00000000000000000e0,0.00000000000000000e0,0.00000000000000000e0,0.00000000000000000e0,0.00000000000000000e0,0.00000000000000000e0,0.00000000000000000e0,0.00000000000000000e0,0.00000000000000000e0,0.00000000000000000e0,0.00000000000000000e0,0.00000000000000000e0,0.00000000000000000e0,0.00000000000000000e0,0.00000000000000000e0,0.00000000000000000e0
dg,128,3.74999999999999986e-2,5.99999999999999978e-1,6.63492858170397826e-1,1.00638494845604249e1,3.36507141836058288e-1,4.57649712897038885e0,1.15399545933864367e1,1.00000000000645572e0,2.61803012069172709e1,2.61803012069172709e1,0.00000000000000000e0,0.00000000000000000e0,0.00000000000000000e0,4.44089209847195698e-16,-8.14210726772344779e-16,-8.14210726772344779e-16,-1.81827487820383120e-3,7.50970452585923167e-4,3.50405843575855858e-3,3.50217480081531189e-3,1036,0,-2.32618029478253189e-3,0,0,0.00000000000000000e0,3.433342000e-3,NaN,2.04384960872166344e-1,1.99123263501602810e-1,1.64390284622346811e-1,8.76089964209559036e-2,8.27253809604330814e-3,-2.89926562849324523e-4,2.71132001136819468e-6,2.99494136939304798e-8,-4.91167907139961282e-11,-1.76527138471898718e-13,-1.00862403970647809e-16,-1.62332504421805862e-20,-5.95695578139242119e-25,-2.22947403609834653e-30,-4.69566162677329796e-38,0.00000000000000000e0,0.00000000000000000e0,0.00000000000000000e0,0.00000000000000000e0,0.00000000000000000e0,0.00000000000000000e0,0.00000000000000000e0,0.00000000000000000e0,0.00000000000000000e0,0.00000000000000000e0,0.00000000000000000e0,0.00000000000000000e0,0.00000000000000000e0,0.00000000000000000e0,0.00000000000000000e0,0.00000000000000000e0,0.00000000000000000e0
dg,128,3.74999999999999986e-2,6.99999999999999956e-1,3.36503790036654982e-1,4.87423713380228740e0,6.63496209969801298e-1,9.02354845558929419e0,1.22825156175256591e1,1.00000000000645572e0,2.61803012069172709e1,2.61803012069172709e1,0.00000000000000000e0,0.00000000000000000e0,0.00000000000000000e0,4.44089209847195698e-16,-1.08561430236312624e-15,-1.08561430236312624e-15,-2.25030631718878271e-3,8.02774751533252861e-4,3.63855069277000927e-3,3.63526002330093710e-3,1209,0,-2.32618029478253189e-3,0,0,0.00000000000000000e0,3.992444000e-3,NaN,1.82244628865268210e-1,1.23851383867143491e-1,3.11348893560883244e-2,-7.54404137192117553e-4,2.78134614841547498e-5,-5.20598860134049459e-7,-7.87812312653489468e-10,1.05150965486504527e-11,2.00988718685177560e-14,1.11779541131898713e-17,2.49663367317181324e-21,2.24387741369233269e-25,5.32727954481906660e-30,1.36681858159690788e-35,2.81284509847305460e-43,0.00000000000000000e0,0.00000000000000000e0,0.00000000000000000e0,0.00000000000000000e0,0.00000000000000000e0,0.00000000000000000e0,0.00000000000000000e0,0.00000000000000000e0,0.00000000000000000e0,0.00000000000000000e0,0.00000000000000000e0,0.00000000000000000e0,0.00000000000000000e0,0.00000000000000000e0,0.00000000000000000e0,0.00000000000000000e0,0.00000000000000000e0
dg,128,3.74999999999999986e-2,8.00000000000000044e-1,6.93363414469033157e-2,9.66432837366733355e-1,9.30663658559553020e-1,1.26570257564099169e1,1.25568426131405868e1,1.00000000000645572e0,2.61803012069172709e1,2.61803012069172709e1,0.00000000000000000e0,0.00000000000000000e0,0.00000000000000000e0,6.66133814770793548e-16,-1.35701787795390790e-15,-1.35701787795390790e-15,-2.39539533968280947e-3,8.97584550161713052e-4,3.92486024185543809e-3,3.93372524407310104e-3,1382,0,-2.53792860642819028e-3,0,0,0.00000000000000000e0,4.624766000e-3,NaN,6.67867678392699421e-2,2.68027980584000999e-3,-1.31189856686300411e-4,4.34688955633217007e-7,4.91169082081621645e-8,-1.46157197259394321e-10,-1.22539629984537831e-12,-1.53252346237703125e-15,-5.44506970262597537e-19,-5.43196423818802530e-23,-7.75801585648336204e-27,-1.23643329762031484e-30,-3.06548494241477363e-35,-6.39289860672665339e-41,-1.09104381015539852e-48,0.00000000000000000e0,0.00000000000000000e0,0.00000000000000000e0,0.00000000000000000e0,0.00000000000000000e0,0.00000000000000000e0,0.00000000000000000e0,0.00000000000000000e0,0.00000000000000000e0,0.00000000000000000e0,0.00000000000000000e0,0.00000000000000000e0,0.00000000000000000e0,0.00000000000000000e0,0.00000000000000000e0,0.00000000000000000e0,0.00000000000000000e0
dg,128,3.74999999999999986e-2,9.00000000000000022e-1,-7.81047128072435677e-4,-1.07793989502731457e-2,1.00078104713452842e0,1.36106222410295796e1,1.25804583648379271e1,1.00000000000645572e0,2.61803012069172709e1,2.61803012069172709e1,0.00000000000000000e0,0.00000000000000000e0,0.00000000000000000e0,2.22044604923597849e-16,-1.35701787795390790e-15,-1.35701787795390790e-15,-2.31862701912359309e-3,8.19231743896801489e-4,8.57509926063351334e-4,8.57365020082656798e-4,1555,0,-2.85359396658732122e-3,0,0,0.00000000000000000e0,5.235506000e-3,NaN,-8.08304400571432610e-4,2.76870175115955208e-5,-4.27622170851328672e-7,-2.15274853205308451e-9,2.98070943023412293e-11,9.96413373724718193e-14,4.85363218999166388e-17,-5.92018178311880540e-20,-5.19780118946453475e-23,-1.21061323578114557e-26,-8.49032857146091195e-31,-1.02271478194190461e-35,8.92771301001296305e-41,2.34923146978872223e-46,3.45458877108188340e-54,0.00000000000000000e0,0.00000000000000000e0,0.00000000000000000e0,0.00000000000000000e0,0.00000000000000000e0,0.00000000000000000e0,0.00000000000000000e0,0.00000000000000000e0,0.00000000000000000e0,0.00000000000000000e0,0.00000000000000000e0,0.00000000000000000e0,0.00000000000000000e0,0.00000000000000000e0,0.00000000000000000e0,0.00000000000000000e0,0.00000000000000000e0
dg,128,3.74999999999999986e-2,1.00000000000000000e0,-1.35546764688347012e-6,-1.89745243939005443e-5,1.00000135547410340e0,1.36000184344477990e1,1.25803017469938343e1,1.00000000000645572e0,2.61803012069172709e1,2.61803012069172709e1,0.00000000000000000e0,0.00000000000000000e0,0.00000000000000000e0,8.88178419694391397e-16,-1.22131609015851707e-15,-1.22131609015851707e-15,-9.59145127465880237e-6,1.95638485893131267e-6,2.56971637585505937e-6,2.56051765695562382e-6,1728,0,-2.85359396658732122e-3,0,0,0.00000000000000000e0,5.797413000e-3,NaN,-1.41466599874115752e-6,5.93679730634574128e-8,-1.66288836785134740e-10,-3.32768666861559469e-12,-4.68993571104524289e-15,7.60164816442477845e-18,1.81453926551834784e-20,1.22986794542708717e-23,3.61441634521935436e-27,4.68434261245796749e-31,2.31012744613251355e-35,3.07579906810108839e-40,3.40985317994152350e-46,-6.32022443109660409e-52,-9.36656284722842478e-60,0.00000000000000000e0,0.00000000000000000e0,0.00000000000000000e0,0.00000000000000000e0,0.00000000000000000e0,0.00000000000000000e0,0.00000000000000000e0,0.00000000000000000e0,0.00000000000000000e0,0.00000000000000000e0,0.00000000000000000e0,0.00000000000000000e0,0.00000000000000000e0,0.00000000000000000e0,0.00000000000000000e0,0.00000000000000000e0,0.00000000000000000e0
dg_limited,32,7.49999999999999972e-2,0.00000000000000000e0,1.00000146356248876e0,2.61809662579341413e1,0.00000000000000000e0,0.00000000000000000e0,0.00000000000000000e0,1.00000146356248876e0,2.61803347476791224e1,2.61809662579341413e1,6.31510255017476486e-4,0.00000000000000000e0,0.00000000000000000e0,0.00000000000000000e0,0.00000000000000000e0,2.41215500529432822e-5,0.00000000000000000e0,0.00000000000000000e0,1.11078392381172720e-2,1.11738402392865064e-2,0,0,0.00000000000000000e0,3,0,0.00000000000000000e0,1.629500000e-5,NaN,0.00000000000000000e0,0.00000000000000000e0,0.00000000000000000e0,0.00000000000000000e0,0.00000000000000000e0,0.00000000000000000e0,1.58520735212482880e-3,6.55232176306624475e-2,1.51220679024865662e-1,1.94071820979935500e-1,2.05486401920310591e-1,1.89931901153351013e-1,1.41359855420199021e-1,5.05260692966432653e-2,2.96310784396305545e-4,0.00000000000000000e0,0.00000000000000000e0,0.00000000000000000e0,0.00000000000000000e0,0.00000000000000000e0,0.00000000000000000e0,0.00000000000000000e0,0.00000000000000000e0,0.00000000000000000e0,0.00000000000000000e0,0.00000000000000000e0,0.00000000000000000e0,0.00000000000000000e0,0.00000000000000000e0,0.00000000000000000e0,0.00000000000000000e0,0.00000000000000000e0
dg_limited,32,7.49999999999999972e-2,2.00000000000000011e-1,1.00000146356248854e0,2.14539077825659916e1,0.00000000000000000e0,0.00000000000000000e0,4.74853128672640512e0,1.00000146356248876e0,2.61803347476791224e1,2.61809662579341413e1,6.31510255017476486e-4,2.14728113582532028e-2,3.73493620233961224e-2,-2.22044279949352343e-16,8.20168787763789339e-4,8.44310121559198605e-4,0.00000000000000000e0,0.00000000000000000e0,4.88604385047076428e-2,4.88973614997328457e-2,45,362,-3.69296380530594742e-3,3,0,0.00000000000000000e0,7.386100000e-5,NaN,0.00000000000000000e0,0.00000000000000000e0,0.00000000000000000e0,1.25298809168596179e-2,8.31407449564780382e-2,1.60699368969938750e-1,1.98628938454109283e-1,2.05517371160947732e-1,1.83945837293608083e-1,1.13562373110338510e-1,3.40636823645886211e-2,6.71521725692161148e-3,1.09076597719267687e-3,1.06679257195751336e-4,6.03844310187207996e-7,0.00000000000000000e0,0.00000000000000000e0,0.00000000000000000e0,0.00000000000000000e0,0.00000000000000000e0,0.00000000000000000e0,0.00000000000000000e0,0.00000000000000000e0,0.00000000000000000e0,0.00000000000000000e0,0.00000000000000000e0,0.00000000000000000e0,0.00000000000000000e0,0.00000000000000000e0,0.00000000000000000e0,0.00000000000000000e0,0.00000000000000000e0
dg_limited,32,7.49999999999999972e-2,4.00000000000000022e-1,9.99690859680328003e-1,1.75657882893428976e1,3.10603882160640117e-4,4.22421279738470577e-3,8.63809744897627496e0,1.00000146356248876e0,2.61803347476791224e1,2.61809662579341413e1,6.31510255017476486e-4,2.71436931824172306e-2,4.97146902979297631e-2,-2.22044279949352343e-16,1.03677201654813031e-3,1.06091857514916429e-3,0.00000000000000000e0,0.00000000000000000e0,6.58507143962002994e-2,6.59209475773383097e-2,90,981,-3.69296380530594742e-3,3,0,0.00000000000000000e0,1.276730000e-4,NaN,2.58285145341276209e-2,9.97219908191601528e-2,1.69261013584051462e-1,2.02659776522547935e-1,2.05428550252564762e-1,1.69931487153508753e-1,9.31418159581915150e-2,2.67724877897074116e-2,5.58783097982469817e-3,1.11767726820035827e-3,2.04376038802630254e-4,3.15294454375002488e-5,3.58313711940472009e-6,2.24966524653674753e-7,1.23055916337417986e-9,0.00000000000000000e0,0.00000000000000000e0,0.00000000000000000e0,0.00000000000000000e0,0.00000000000000000e0,0.00000000000000000e0,0.00000000000000000e0,0.00000000000000000e0,0.00000000000000000e0,0.00000000000000000e0,0.00000000000000000e0,0.00000000000000000e0,0.00000000000000000e0,0.00000000000000000e0,0.00000000000000000e0,0.00000000000000000e0,0.00000000000000000e0
dg_limited,32,7.49999999999999972e-2,5.00000000000000000e-1,9.22084439180192672e-1,1.48735251897233880e1,7.79170243822958075e-2,1.05967153159922267e0,1.02779415550385611e1,1.00000146356248876e0,2.61803347476791224e1,2.61809662579341413e1,6.31510255017476486e-4,3.01720184270274847e-2,5.27430155425400171e-2,-2.22044279949352343e-16,1.15244098058784402e-3,1.17659032930358346e-3,0.00000000000000000e0,0.00000000000000000e0,5.36687111689008456e-2,5.35103412820583241e-2,113,1365,-3.69296380530594742e-3,3,0,0.00000000000000000e0,1.629060000e-4,NaN,1.44227660755915726e-1,1.93266279735589269e-1,2.08560814411075740e-1,1.88822428344365828e-1,1.25094626846245310e-1,4.83760296430488165e-2,1.08988724577755956e-2,2.27580686724979889e-3,4.58909306845232728e-4,8.64194416491692087e-5,1.44191748527944684e-5,1.96865388203415162e-6,1.93164768231420229e-7,1.03214058507514520e-8,5.55233984422796016e-11,0.00000000000000000e0,0.00000000000000000e0,0.00000000000000000e0,0.00000000000000000e0,0.00000000000000000e0,0.00000000000000000e0,0.00000000000000000e0,0.00000000000000000e0,0.00000000000000000e0,0.00000000000000000e0,0.00000000000000000e0,0.00000000000000000e0,0.00000000000000000e0,0.00000000000000000e0,0.00000000000000000e0,0.00000000000000000e0,0.00000000000000000e0
dg_limited,32,7.49999999999999972e-2,5.99999999999999978e-1,6.64868392310679512e-1,1.01157108975384542e1,3.35133071251808856e-1,4.55780976902459845e0,1.15396161227675407e1,1.00000146356248876e0,2.61803347476791224e1,2.61809662579341413e1,6.31510255017476486e-4,3.21705313964492368e-2,5.47415285119617762e-2,-4.44088559898704685e-16,1.22877555700235449e-3,1.25292674702639985e-3,0.00000000000000000e0,0.00000000000000000e0,4.71741567469554091e-2,4.71823059261695307e-2,136,1813,-3.69296380530594742e-3,3,0,0.00000000000000000e0,1.987400000e-4,NaN,2.06613959896002480e-1,2.01493113073184044e-1,1.53558521348623023e-1,7.66991921325867465e-2,2.09045051643081299e-2,4.43842054349652144e-3,9.28382897054402930e-4,1.88554653588842753e-4,3.62772553835085014e-5,6.36911373610516803e-6,9.67724644139232838e-7,1.17871827110437498e-7,1.01603258773530333e-8,4.73413731573684844e-10,2.50524141084529581e-12,0.00000000000000000e0,0.00000000000000000e0,0.00000000000000000e0,0.00000000000000000e0,0.00000000000000000e0,0.00000000000000000e0,0.00000000000000000e0,0.00000000000000000e0,0.00000000000000000e0,0.00000000000000000e0,0.00000000000000000e0,0.00000000000000000e0,0.00000000000000000e0,0.00000000000000000e0,0.00000000000000000e0,0.00000000000000000e0,0.00000000000000000e0
dg_limited,32,7.49999999999999972e-2,6.99999999999999956e-1,3.33188820002216113e-1,4.86165422957053650e0,6.66812643560272589e-1,9.06865195241970490e0,1.22847663747309230e1,1.00000146356248876e0,2.61803347476791224e1,2.61809662579341413e1,6.31510255017476486e-4,3.41062987870141762e-2,5.66772959025267156e-2,0.00000000000000000e0,1.30271352290854355e-3,1.32686649643093423e-3,0.00000000000000000e0,0.00000000000000000e0,4.42144937182500572e-2,4.43675690405264736e-2,159,2337,-3.69296380530594742e-3,3,0,0.00000000000000000e0,2.527510000e-4,NaN,1.76784078839058029e-1,1.07303652009950776e-1,3.83083531603875330e-2,8.50971877937046171e-3,1.80812236565644859e-3,3.79000314424045336e-4,7.74675249514387049e-5,1.51507121939027450e-5,2.75719381539349355e-6,4.49407575641903475e-7,6.23171665654536470e-8,6.83115307903767090e-9,5.24691342229832791e-10,2.17083956075161053e-11,1.13037650840819952e-13,0.00000000000000000e0,0.00000000000000000e0,0.00000000000000000e0,0.00000000000000000e0,0.00000000000000000e0,0.00000000000000000e0,0.00000000000000000e0,0.00000000000000000e0,0.00000000000000000e0,0.00000000000000000e0,0.00000000000000000e0,0.00000000000000000e0,0.00000000000000000e0,0.00000000000000000e0,0.00000000000000000e0,0.00000000000000000e0,0.00000000000000000e0
dg_limited,32,7.49999999999999972e-2,8.00000000000000044e-1,8.33454985019768113e-2,1.18513121636107854e0,9.16655965060511946e-1,1.24665211248229557e1,1.25648719304461860e1,1.00000146356248876e0,2.61803347476791224e1,2.61809662579341413e1,6.31510255017476486e-4,3.55580136960719079e-2,5.81290108115844473e-2,0.00000000000000000e0,1.35816277160141340e-3,1.38231708264563175e-3,0.00000000000000000e0,0.00000000000000000e0,2.76552094825457742e-2,2.76608670380991024e-2,182,2930,-3.69296380530594742e-3,3,0,0.00000000000000000e0,2.866120000e-4,NaN,6.27699013728649363e-2,1.61803495280759269e-2,3.46424134845467642e-3,7.36708746125313966e-4,1.54766388784047032e-4,3.18130290452016230e-5,6.30333097837758251e-6,1.17814008033605218e-6,2.01808636890440164e-7,3.05177513759606351e-8,3.87771666044522473e-9,3.85750736118664433e-10,2.67119408469569591e-11,9.95183449415282240e-13,5.10031107273602368e-15,0.00000000000000000e0,0.00000000000000000e0,0.00000000000000000e0,0.00000000000000000e0,0.00000000000000000e0,0.00000000000000000e0,0.00000000000000000e0,0.00000000000000000e0,0.00000000000000000e0,0.00000000000000000e0,0.00000000000000000e0,0.00000000000000000e0,0.00000000000000000e0,0.00000000000000000e0,0.00000000000000000e0,0.00000000000000000e0,0.00000000000000000e0
dg_limited,32,7.49999999999999972e-2,9.00000000000000022e-1,8.37247645384765933e-3,1.18370663741592747e-1,9.91628987108641002e-1,1.34861542246775130e1,1.26133090680308548e1,1.00000146356248876e0,2.61803347476791224e1,2.61809662579341413e1,6.31510255017476486e-4,3.68676985158108844e-2,5.94386956313234238e-2,0.00000000000000000e0,1.40818708341767075e-3,1.43234260112583061e-3,0.00000000000000000e0,0.00000000000000000e0,8.37247645384766107e-3,8.37247645384766107e-3,205,3596,-3.69296380530594742e-3,3,0,0.00000000000000000e0,3.191510000e-4,NaN,6.58260089251167402e-3,1.41020733883756122e-3,3.00192184119130439e-4,6.32010958176683411e-5,1.30563126677001533e-5,2.61455362290480190e-6,4.98877956316157458e-7,8.86701033483737479e-8,1.42666776107991567e-8,2.00433706174565618e-9,2.34478056596750030e-10,2.13282816095843533e-11,1.34449215221369656e-12,4.56111046113642331e-14,2.30128393903953500e-16,0.00000000000000000e0,0.00000000000000000e0,0.00000000000000000e0,0.00000000000000000e0,0.00000000000000000e0,0.00000000000000000e0,0.00000000000000000e0,0.00000000000000000e0,0.00000000000000000e0,0.00000000000000000e0,0.00000000000000000e0,0.00000000000000000e0,0.00000000000000000e0,0.00000000000000000e0,0.00000000000000000e0,0.00000000000000000e0,0.00000000000000000e0
dg_limited,32,7.49999999999999972e-2,1.00000000000000000e0,7.28830834550979727e-4,1.03024982504242805e-2,9.99272632727937538e-1,1.35901078050999438e1,1.26177278719368235e1,1.00000146356248876e0,2.61803347476791224e1,2.61809662579341413e1,6.31510255017476486e-4,3.71719173530447172e-2,5.97429144685572566e-2,-2.22044279949352343e-16,1.41980693099073136e-3,1.44396272898762615e-3,0.00000000000000000e0,0.00000000000000000e0,7.28830834550979944e-4,7.28830834550979836e-4,228,4286,-3.69296380530594742e-3,3,0,0.00000000000000000e0,3.621260000e-4,NaN,5.74012461003339173e-4,1.22319494200400511e-4,2.58064961636035736e-5,5.35474209723417526e-6,1.08182719333677969e-6,2.09848441911229335e-7,3.83766886659201837e-8,6.46844737924484143e-9,9.77367983165786472e-10,1.27879450195551708e-10,1.38396989460255424e-11,1.15883042854265468e-12,6.70448187180641994e-14,2.08993793808636482e-15,1.03834995406277615e-17,0.00000000000000000e0,0.00000000000000000e0,0.00000000000000000e0,0.00000000000000000e0,0.00000000000000000e0,0.00000000000000000e0,0.00000000000000000e0,0.00000000000000000e0,0.00000000000000000e0,0.00000000000000000e0,0.00000000000000000e0,0.00000000000000000e0,0.00000000000000000e0,0.00000000000000000e0,0.00000000000000000e0,0.00000000000000000e0,0.00000000000000000e0
dg_limited,64,7.49999999999999972e-2,0.00000000000000000e0,9.99999994792508007e-1,2.61802096215224545e1,0.00000000000000000e0,0.00000000000000000e0,0.00000000000000000e0,9.99999994792508007e-1,2.61803010309925206e1,2.61802096215224545e1,-9.14094700621484717e-5,0.00000000000000000e0,0.00000000000000000e0,0.00000000000000000e0,0.00000000000000000e0,-3.49153624925580145e-6,0.00000000000000000e0,0.00000000000000000e0,3.67203522075168097e-3,3.69578923508760400e-3,0,0,0.00000000000000000e0,3,0,0.00000000000000000e0,2.716100000e-5,NaN,0.00000000000000000e0,0.00000000000000000e0,0.00000000000000000e0,0.00000000000000000e0,0.00000000000000000e0,0.00000000000000000e0,1.58404693742728248e-3,6.55232176332500582e-2,1.51220679024865579e-1,1.94071820979935472e-1,2.05486401920310591e-1,1.89931901153350929e-1,1.41359855420198743e-1,5.05260693203414060e-2,2.96002402827452347e-4,0.00000000000000000e0,0.00000000000000000e0,0.00000000000000000e0,0.00000000000000000e0,0.00000000000000000e0,0.00000000000000000e0,0.00000000000000000e0,0.00000000000000000e0,0.00000000000000000e0,0.00000000000000000e0,0.00000000000000000e0,0.00000000000000000e0,0.00000000000000000e0,0.00000000000000000e0,0.00000000000000000e0,0.00000000000000000e0,0.00000000000000000e0
dg_limited,64,7.49999999999999972e-2,2.00000000000000011e-1,9.99999994792507785e-1,2.14376243380028413e1,0.00000000000000000e0,0.00000000000000000e0,4.74613575476008531e0,9.99999994792508007e-1,2.61803010309925206e1,2.61802096215224545e1,-9.14094700621484717e-5,3.55047124046726972e-3,6.19847174016701242e-3,-2.22044606081326810e-16,1.35616608568108176e-4,1.32124598808547544e-4,0.00000000000000000e0,0.00000000000000000e0,1.33397596859578214e-2,1.33030613025072880e-2,87,1220,-1.43144258654595916e-3,3,0,0.00000000000000000e0,2.108780000e-4,NaN,0.00000000000000000e0,2.42233680435023728e-16,2.06892469447389569e-15,8.05415979409215832e-3,8.51315612672449706e-2,1.63142480394074252e-1,1.98763622796445938e-1,2.04573964396101871e-1,1.83042734891547682e-1,1.24718087146425766e-1,3.09846395959567436e-2,1.53631428676196942e-3,5.15859409587732148e-5,8.43267629599807676e-7,1.01526597325138352e-9,0.00000000000000000e0,0.00000000000000000e0,0.00000000000000000e0,0.00000000000000000e0,0.00000000000000000e0,0.00000000000000000e0,0.00000000000000000e0,0.00000000000000000e0,0.00000000000000000e0,0.00000000000000000e0,0.00000000000000000e0,0.00000000000000000e0,0.00000000000000000e0,0.00000000000000000e0,0.00000000000000000e0,0.00000000000000000e0,0.00000000000000000e0
dg_limited,64,7.49999999999999972e-2,4.00000000000000022e-1,9.99999994792506453e-1,1.75521927015876535e1,1.55830031347990097e-15,2.11928842633266554e-14,8.63217976886181404e0,9.99999994792508007e-1,2.61803010309925206e1,2.61802096215224545e1,-9.14094700621484717e-5,4.16284892703101816e-3,8.55053097564542619e-3,0.00000000000000000e0,1.59007471185876792e-4,1.55515379756271437e-4,0.00000000000000000e0,0.00000000000000000e0,1.72396843877048178e-2,1.72178270781010202e-2,174,3450,-1.43144258654595916e-3,3,0,0.00000000000000000e0,3.850000000e-4,NaN,1.85268646150543448e-2,1.03764776998488656e-1,1.73457113999974016e-1,2.02255020021777809e-1,2.02452107952409005e-1,1.75073449946860193e-1,1.03908446708872448e-1,1.95959368280588658e-2,9.26227710079958544e-4,3.85436370896164815e-5,1.46189475589770634e-6,4.36791497792991914e-8,7.94400741365696445e-10,5.53179162512737080e-12,3.48228590915506487e-15,0.00000000000000000e0,0.00000000000000000e0,0.00000000000000000e0,0.00000000000000000e0,0.00000000000000000e0,0.00000000000000000e0,0.00000000000000000e0,0.00000000000000000e0,0.00000000000000000e0,0.00000000000000000e0,0.00000000000000000e0,0.00000000000000000e0,0.00000000000000000e0,0.00000000000000000e0,0.00000000000000000e0,0.00000000000000000e0,0.00000000000000000e0
dg_limited,64,7.49999999999999972e-2,5.00000000000000000e-1,9.29541789616154968e-1,1.49488607599133605e1,7.04582051763532891e-2,9.58231590398404665e-1,1.02777886520868336e1,9.99999994792508007e-1,2.61803010309925206e1,2.61802096215224545e1,-9.14094700621484717e-5,4.67138087613876499e-3,9.07230933354607506e-3,2.22044606081326810e-16,1.78431759855080441e-4,1.74939600604867069e-4,0.00000000000000000e0,0.00000000000000000e0,1.35217849059371502e-2,1.35389192551630261e-2,218,4808,-1.43144258654595916e-3,3,0,0.00000000000000000e0,4.837190000e-4,NaN,1.51188863022625075e-1,1.94741813702595301e-1,2.05550671776809635e-1,1.89770526523744876e-1,1.38172248573219636e-1,4.65715198132764380e-2,3.39401958094404099e-3,1.45771366435321103e-4,6.10821687944844142e-6,2.38919121330963525e-7,7.92767482371880732e-9,1.90223929130383727e-10,2.59193865359852525e-12,1.30588032282716146e-14,6.44541420096354175e-18,0.00000000000000000e0,0.00000000000000000e0,0.00000000000000000e0,0.00000000000000000e0,0.00000000000000000e0,0.00000000000000000e0,0.00000000000000000e0,0.00000000000000000e0,0.00000000000000000e0,0.00000000000000000e0,0.00000000000000000e0,0.00000000000000000e0,0.00000000000000000e0,0.00000000000000000e0,0.00000000000000000e0,0.00000000000000000e0,0.00000000000000000e0
dg_limited,64,7.49999999999999972e-2,5.99999999999999978e-1,6.63609085370678198e-1,1.00706748708693237e1,3.36390909421830198e-1,4.57491636813689073e0,1.15397179549246935e1,9.99999994792508007e-1,2.61803010309925206e1,2.61802096215224545e1,-9.14094700621484717e-5,5.09957240844788849e-3,9.50050086585519510e-3,4.44089212162653621e-16,1.94787302400439030e-4,1.91295086044256021e-4,0.00000000000000000e0,0.00000000000000000e0,1.26616198904906298e-2,1.26581550245772334e-2,262,6439,-1.43144258654595916e-3,3,0,0.00000000000000000e0,5.816270000e-4,NaN,2.04554965106380049e-1,1.99293808633303815e-1,1.64554274053804267e-1,8.27669026176665462e-2,1.18824414513487003e-2,5.32753118897250078e-4,2.29333473967071944e-5,9.66960458163990176e-7,3.86701467842874349e-8,1.37181356554802980e-9,3.87095499158508064e-11,7.44865202186761801e-13,7.81726737448942457e-15,2.98548724075278250e-17,1.19299119330676968e-20,0.00000000000000000e0,0.00000000000000000e0,0.00000000000000000e0,0.00000000000000000e0,0.00000000000000000e0,0.00000000000000000e0,0.00000000000000000e0,0.00000000000000000e0,0.00000000000000000e0,0.00000000000000000e0,0.00000000000000000e0,0.00000000000000000e0,0.00000000000000000e0,0.00000000000000000e0,0.00000000000000000e0,0.00000000000000000e0,0.00000000000000000e0
dg_limited,64,7.49999999999999972e-2,6.99999999999999956e-1,3.36426115545666482e-1,4.87828516814416879e0,6.63573879246841858e-1,9.02460475775705184e0,1.22827816333245767e1,9.99999994792508007e-1,2.61803010309925206e1,2.61802096215224545e1,-9.14094700621484717e-5,5.46193770334013791e-3,9.86286616074744625e-3,3.33066909121990240e-16,2.08628493900634701e-4,2.05136229217429809e-4,0.00000000000000000e0,0.00000000000000000e0,1.29034767879778293e-2,1.29026665914673648e-2,306,8347,-1.43144258654595916e-3,3,0,0.00000000000000000e0,6.804650000e-4,NaN,1.83083979225240889e-1,1.19538776212974707e-1,3.17937616108108709e-2,1.92224454921507515e-3,8.35884147087193508e-5,3.60619654083554001e-6,1.52881125741102379e-7,6.21673889194183957e-9,2.30898055403925781e-10,7.23827910782120273e-12,1.71834610045156318e-13,2.67731877495773768e-15,2.22154911632737616e-17,6.66397921216460878e-20,2.20812494423515677e-23,0.00000000000000000e0,0.00000000000000000e0,0.00000000000000000e0,0.00000000000000000e0,0.00000000000000000e0,0.00000000000000000e0,0.00000000000000000e0,0.00000000000000000e0,0.00000000000000000e0,0.00000000000000000e0,0.00000000000000000e0,0.00000000000000000e0,0.00000000000000000e0,0.00000000000000000e0,0.00000000000000000e0,0.00000000000000000e0,0.00000000000000000e0
dg_limited,64,7.49999999999999972e-2,8.00000000000000044e-1,7.03764997126506836e-2,9.86062752777559171e-1,9.29623495079857531e-1,1.26428795330860630e1,1.25570397692576456e1,9.99999994792508007e-1,2.61803010309925206e1,2.61802096215224545e1,-9.14094700621484717e-5,5.77243359880764452e-3,1.01733620562149581e-2,2.22044606081326810e-16,2.20488440782713328e-4,2.16996134690073989e-4,0.00000000000000000e0,0.00000000000000000e0,1.06849739019858250e-2,1.06719840788288695e-2,350,10533,-1.43144258654595916e-3,3,0,0.00000000000000000e0,7.776020000e-4,NaN,6.31905313613760761e-2,6.87118636570067335e-3,3.01080605641088615e-4,1.31094462832401852e-5,5.66758717905610548e-7,2.41409820638864725e-8,9.94445405221758351e-10,3.81809208423175578e-11,1.28746143201589157e-12,3.51609302142266978e-14,7.02233069279127775e-16,8.97906532691319626e-18,6.02700811007428719e-20,1.46001763339248348e-22,4.08705093273869369e-26,0.00000000000000000e0,0.00000000000000000e0,0.00000000000000000e0,0.00000000000000000e0,0.00000000000000000e0,0.00000000000000000e0,0.00000000000000000e0,0.00000000000000000e0,0.00000000000000000e0,0.00000000000000000e0,0.00000000000000000e0,0.00000000000000000e0,0.00000000000000000e0,0.00000000000000000e0,0.00000000000000000e0,0.00000000000000000e0,0.00000000000000000e0
dg_limited,64,7.49999999999999972e-2,9.00000000000000022e-1,1.12636890528149450e-3,1.56110914044252126e-2,9.98873625887226613e-1,1.35846813120662837e1,1.25859578829546894e1,9.99999994792508007e-1,2.61803010309925206e1,2.61802096215224545e1,-9.14094700621484717e-5,6.04066490293432914e-3,1.04415933603416514e-2,1.11022303040663405e-16,2.30734015894887935e-4,2.27241674029451680e-4,0.00000000000000000e0,0.00000000000000000e0,1.12636890528149450e-3,1.12636890528149450e-3,394,12995,-1.43144258654595916e-3,3,0,0.00000000000000000e0,8.875770000e-4,NaN,1.07707842764937943e-3,4.71422859674187279e-5,2.05519434370219852e-6,8.90248149431646008e-8,3.80757421617873710e-9,1.58465896634958268e-10,6.23734239310767176e-12,2.21751304108313007e-13,6.68716500279054050e-15,1.58271304948010904e-16,2.67387664224862563e-18,2.84526804493279601e-20,1.57544612863704945e-22,3.15119974625078503e-25,7.56478267699938640e-29,0.00000000000000000e0,0.00000000000000000e0,0.00000000000000000e0,0.00000000000000000e0,0.00000000000000000e0,0.00000000000000000e0,0.00000000000000000e0,0.00000000000000000e0,0.00000000000000000e0,0.00000000000000000e0,0.00000000000000000e0,0.00000000000000000e0,0.00000000000000000e0,0.00000000000000000e0,0.00000000000000000e0,0.00000000000000000e0,0.00000000000000000e0
dg_limited,64,7.49999999999999972e-2,1.00000000000000000e0,7.71565166781955159e-6,1.06934745209066401e-4,9.99992279140840212e-1,1.35998949963154274e1,1.25862682954967564e1,9.99999994792508007e-1,2.61803010309925206e1,2.61802096215224545e1,-9.14094700621484717e-5,6.06060503493640722e-3,1.04615334923437286e-2,0.00000000000000000e0,2.31495664952845138e-4,2.28003320428083622e-4,0.00000000000000000e0,0.00000000000000000e0,7.71565166781955159e-6,7.71565166781955159e-6,438,15547,-1.43144258654595916e-3,3,0,0.00000000000000000e0,9.854150000e-4,NaN,7.37897434277819234e-6,3.22074786226650209e-7,1.39764128623849706e-8,5.99901771949699437e-10,2.51754769830581006e-11,1.01009308585969656e-12,3.73650447225896522e-14,1.21218419097742444e-15,3.24310124427354717e-17,6.65475714384233538e-19,9.58510049494333625e-21,8.60132361667491358e-23,3.99475492053642732e-25,6.71789070711288487e-28,1.40017675071847949e-31,0.00000000000000000e0,0.00000000000000000e0,0.00000000000000000e0,0.00000000000000000e0,0.00000000000000000e0,0.00000000000000000e0,0.00000000000000000e0,0.00000000000000000e0,0.00000000000000000e0,0.00000000000000000e0,0.00000000000000000e0,0.00000000000000000e0,0.00000000000000000e0,0.00000000000000000e0,0.00000000000000000e0,0.00000000000000000e0,0.00000000000000000e0
dg_limited,128,7.49999999999999972e-2,0.00000000000000000e0,1.00000000000645572e0,2.61803128216577115e1,0.00000000000000000e0,0.00000000000000000e0,0.00000000000000000e0,1.00000000000645572e0,2.61803012069172709e1,2.61803128216577115e1,1.16147404429936814e-5,0.00000000000000000e0,0.00000000000000000e0,0.00000000000000000e0,0.00000000000000000e0,4.43644263247305007e-7,0.00000000000000000e0,0.00000000000000000e0,9.15677164502756843e-4,9.27114113199010428e-4,0,0,0.00000000000000000e0,5,0,0.00000000000000000e0,5.024600000e-5,NaN,0.00000000000000000e0,0.00000000000000000e0,0.00000000000000000e0,0.00000000000000000e0,0.00000000000000000e0,0.00000000000000000e0,1.58404660258553657e-3,6.55232176332506411e-2,1.51220679024865606e-1,1.94071820979935528e-1,2.05486401920310591e-1,1.89931901153350985e-1,1.41359855420198799e-1,5.05260693203321426e-2,2.96007951625784833e-4,0.00000000000000000e0,0.00000000000000000e0,0.00000000000000000e0,0.00000000000000000e0,0.00000000000000000e0,0.00000000000000000e0,0.00000000000000000e0,0.00000000000000000e0,0.00000000000000000e0,0.00000000000000000e0,0.00000000000000000e0,0.00000000000000000e0,0.00000000000000000e0,0.00000000000000000e0,0.00000000000000000e0,0.00000000000000000e0,0.00000000000000000e0
dg_limited,128,7.49999999999999972e-2,2.00000000000000011e-1,1.00000000000645550e0,2.14349782907734721e1,0.00000000000000000e0,0.00000000000000000e0,4.74573856497310675e0,1.00000000000645572e0,2.61803012069172709e1,2.61803128216577115e1,1.16147404429936814e-5,4.04034088878219347e-4,8.27503516964776917e-4,-2.22044604923597849e-16,1.54327448880683114e-5,1.58763959979643512e-5,0.00000000000000000e0,0.00000000000000000e0,2.59243925475330589e-3,2.58413519249915940e-3,173,4556,-4.14434221136578216e-4,5,0,0.00000000000000000e0,6.621170000e-4,NaN,1.00365777312626369e-26,2.27671372955287471e-19,1.26554490265859647e-7,6.75018855958907284e-3,8.62885325180311469e-2,1.63301019373023798e-1,1.98729941216336803e-1,2.04522332979866245e-1,1.82966052165780990e-1,1.25789819390497853e-1,3.14197062543709466e-2,2.31924451495087191e-4,3.56324598891535695e-7,2.18371505542850926e-10,2.89716864106530848e-15,0.00000000000000000e0,0.00000000000000000e0,0.00000000000000000e0,0.00000000000000000e0,0.00000000000000000e0,0.00000000000000000e0,0.00000000000000000e0,0.00000000000000000e0,0.00000000000000000e0,0.00000000000000000e0,0.00000000000000000e0,0.00000000000000000e0,0.00000000000000000e0,0.00000000000000000e0,0.00000000000000000e0,0.00000000000000000e0,0.00000000000000000e0
dg_limited,128,7.49999999999999972e-2,4.00000000000000022e-1,9.99999893198335710e-1,1.75495533272183692e1,1.06808119631444832e-7,1.45259042698765002e-6,8.63124882468908439e0,1.00000000000645572e0,2.61803012069172709e1,2.61803128216577115e1,1.16147404429936814e-5,4.90782840166428661e-4,1.22499211739167651e-3,-4.44089209847195698e-16,1.87462557653079735e-5,1.91899083452241062e-5,0.00000000000000000e0,0.00000000000000000e0,3.51748031321398548e-3,3.51184236156450776e-3,346,13166,-4.14434221136578216e-4,5,0,0.00000000000000000e0,1.290654000e-3,NaN,1.63110190095181393e-2,1.05923656137244498e-1,1.73594922076307889e-1,2.02149658015059547e-1,2.02413840236601861e-1,1.74491561809190232e-1,1.07759809946520402e-1,1.72840837371133656e-2,7.12155622818223279e-5,1.26456263649021134e-7,2.11962569761908967e-10,2.71846821093856079e-13,1.58365704393257724e-16,1.69902734804538575e-20,2.83526831046684058e-26,0.00000000000000000e0,0.00000000000000000e0,0.00000000000000000e0,0.00000000000000000e0,0.00000000000000000e0,0.00000000000000000e0,0.00000000000000000e0,0.00000000000000000e0,0.00000000000000000e0,0.00000000000000000e0,0.00000000000000000e0,0.00000000000000000e0,0.00000000000000000e0,0.00000000000000000e0,0.00000000000000000e0,0.00000000000000000e0,0.00000000000000000e0
dg_limited,128,7.49999999999999972e-2,5.00000000000000000e-1,9.30551579445454191e-1,1.49579329424275684e1,6.94484205610013117e-2,9.44498519629618061e-1,1.02784572575629731e1,1.00000000000645572e0,2.61803012069172709e1,2.61803128216577115e1,1.16147404429936814e-5,5.75897962454590437e-4,1.33000839300874136e-3,-2.22044604923597849e-16,2.19973675017520080e-5,2.24410215240052115e-5,0.00000000000000000e0,0.00000000000000000e0,2.67289971532026121e-3,2.67081265082784241e-3,433,18515,-4.14434221136578216e-4,5,0,0.00000000000000000e0,1.619950000e-3,NaN,1.52389749260485818e-1,1.94581581899926248e-1,2.05459461128065124e-1,1.89359503588106520e-1,1.39977542286307099e-1,4.78671172737648240e-2,9.14970092192003465e-4,1.65096641721072887e-6,2.94513763110719533e-9,5.04450157236514971e-12,7.29409095439063097e-15,6.45518823164143882e-18,2.09305328442950207e-21,1.10932864495462549e-25,8.86373528575813817e-32,0.00000000000000000e0,0.00000000000000000e0,0.00000000000000000e0,0.00000000000000000e0,0.00000000000000000e0,0.00000000000000000e0,0.00000000000000000e0,0.00000000000000000e0,0.00000000000000000e0,0.00000000000000000e0,0.00000000000000000e0,0.00000000000000000e0,0.00000000000000000e0,0.00000000000000000e0,0.00000000000000000e0,0.00000000000000000e0,0.00000000000000000e0
dg_limited,128,7.49999999999999972e-2,5.99999999999999978e-1,6.63480928612850018e-1,1.00643937258666156e1,3.36519071393605762e-1,4.57665937095303654e0,1.15399160651107042e1,1.00000000000645572e0,2.61803012069172709e1,2.61803128216577115e1,1.16147404429936814e-5,6.56340272659658788e-4,1.41045070321381069e-3,0.00000000000000000e0,2.50699935144388703e-5,2.55136488998449776e-5,0.00000000000000000e0,0.00000000000000000e0,2.54892719671933905e-3,2.55187448215270663e-3,520,24947,-4.14434221136578216e-4,5,0,0.00000000000000000e0,1.970198000e-3,NaN,2.04383642085777834e-1,1.99126037682038209e-1,1.64390655423054893e-1,8.74108493274602244e-2,8.14855821680774382e-3,2.11475671712469044e-5,3.82419328013226926e-8,6.84877664520086876e-11,1.19078146663425636e-13,1.84966339347801303e-16,2.07536550258969726e-19,1.19509760134998124e-22,2.23628252898569719e-26,6.45025177630325415e-31,2.77094099705139695e-37,0.00000000000000000e0,0.00000000000000000e0,0.00000000000000000e0,0.00000000000000000e0,0.00000000000000000e0,0.00000000000000000e0,0.00000000000000000e0,0.00000000000000000e0,0.00000000000000000e0,0.00000000000000000e0,0.00000000000000000e0,0.00000000000000000e0,0.00000000000000000e0,0.00000000000000000e0,0.00000000000000000e0,0.00000000000000000e0,0.00000000000000000e0
dg_limited,128,7.49999999999999972e-2,6.99999999999999956e-1,3.36490211696450103e-1,4.87477264316106140e0,6.63509788310005511e-1,9.02373312101607006e0,1.22825315011550522e1,1.00000000000645572e0,2.61803012069172709e1,2.61803128216577115e1,1.16147404429936814e-5,7.24443674490784367e-4,1.47855410504493714e-3,0.00000000000000000e0,2.76713146785638798e-5,2.81149712180311985e-5,0.00000000000000000e0,0.00000000000000000e0,2.74853475207474966e-3,2.74828562988566278e-3,607,32483,-4.14434221136578216e-4,5,0,0.00000000000000000e0,2.310751000e-3,NaN,1.82248792455737968e-1,1.23915384865557976e-1,3.00572516006506682e-2,2.68293361801542137e-4,4.88525968099559226e-7,8.85140393066155030e-10,1.59053048135980577e-12,2.79539547940801595e-15,4.54542768956916902e-18,5.90887282024316974e-21,4.80918681588968273e-24,1.79322001335915053e-27,2.03372721818356699e-31,3.44632735803886089e-36,8.66215185886010058e-43,0.00000000000000000e0,0.00000000000000000e0,0.00000000000000000e0,0.00000000000000000e0,0.00000000000000000e0,0.00000000000000000e0,0.00000000000000000e0,0.00000000000000000e0,0.00000000000000000e0,0.00000000000000000e0,0.00000000000000000e0,0.00000000000000000e0,0.00000000000000000e0,0.00000000000000000e0,0.00000000000000000e0,0.00000000000000000e0,0.00000000000000000e0
dg_limited,128,7.49999999999999972e-2,8.00000000000000044e-1,6.92821884220399947e-2,9.66437403307518594e-1,9.30717811584415688e-1,1.26577622375480452e1,1.25569001638502886e1,1.00000000000645572e0,2.61803012069172709e1,2.61803128216577115e1,1.16147404429936814e-5,7.86983048166833691e-4,1.54109347872098570e-3,0.00000000000000000e0,3.00601086587997620e-5,3.05037662580418259e-5,0.00000000000000000e0,0.00000000000000000e0,2.75239926374035160e-3,2.75112411462396069e-3,694,41133,-4.14434221136578216e-4,5,0,0.00000000000000000e0,2.642891000e-3,NaN,6.61249823061269976e-2,3.15100821434422277e-3,6.18660125648027243e-6,1.12798020935157003e-8,2.04732883306291601e-11,3.68952110831485932e-14,6.53654988814502095e-17,1.09591923229167613e-19,1.56891808471906261e-22,1.60002704697057027e-25,9.20431348367781697e-29,2.26477427131096096e-32,1.63203697724981129e-36,1.72647755153477798e-41,2.70777420853856260e-48,0.00000000000000000e0,0.00000000000000000e0,0.00000000000000000e0,0.00000000000000000e0,0.00000000000000000e0,0.00000000000000000e0,0.00000000000000000e0,0.00000000000000000e0,0.00000000000000000e0,0.00000000000000000e0,0.00000000000000000e0,0.00000000000000000e0,0.00000000000000000e0,0.00000000000000000e0,0.00000000000000000e0,0.00000000000000000e0,0.00000000000000000e0
dg_limited,128,7.49999999999999972e-2,9.00000000000000022e-1,7.80225670242617244e-5,1.07105243365289990e-3,9.99921977439431342e-1,1.35989388931762694e1,1.25811373811023923e1,1.00000000000645572e0,2.61803012069172709e1,2.61803128216577115e1,1.16147404429936814e-5,8.34505054612462698e-4,1.58861548516661438e-3,-2.22044604923597849e-16,3.18752896608467430e-5,3.23189480653834468e-5,0.00000000000000000e0,0.00000000000000000e0,7.80225670242617515e-5,7.80225670242617108e-5,781,50870,-4.14434221136578216e-4,5,0,0.00000000000000000e0,2.984856000e-3,NaN,7.78796978878606240e-5,1.42608337565503396e-7,2.60324725495162664e-10,4.73253686160799269e-13,8.54994180759671525e-16,1.52404819941981347e-18,2.61003601162965937e-21,3.98986823179735056e-24,4.74801312980846706e-27,3.66452131540028580e-30,1.48938674385460632e-33,2.48359818581206693e-37,1.18565504400649444e-41,8.22156519047917409e-47,8.46422819627805425e-54,0.00000000000000000e0,0.00000000000000000e0,0.00000000000000000e0,0.00000000000000000e0,0.00000000000000000e0,0.00000000000000000e0,0.00000000000000000e0,0.00000000000000000e0,0.00000000000000000e0,0.00000000000000000e0,0.00000000000000000e0,0.00000000000000000e0,0.00000000000000000e0,0.00000000000000000e0,0.00000000000000000e0,0.00000000000000000e0,0.00000000000000000e0
dg_limited,128,7.49999999999999972e-2,1.00000000000000000e0,3.29222971258970528e-9,4.51938783886481258e-8,9.99999996714225570e-1,1.35999999553134661e1,1.25811479877809589e1,1.00000000000645572e0,2.61803012069172709e1,2.61803128216577115e1,1.16147404429936814e-5,8.35166630613474775e-4,1.58927706116762700e-3,-4.44089209847195698e-16,3.19005596411241085e-5,3.23442180568716932e-5,0.00000000000000000e0,0.00000000000000000e0,3.29222971258970570e-9,3.29222971258970487e-9,868,60962,-4.14434221136578216e-4,5,0,0.00000000000000000e0,3.309836000e-3,NaN,3.28621330952464332e-9,6.00544981716846068e-12,1.09334164178294563e-14,1.97959622817199926e-17,3.54565148366388677e-20,6.16479516008388697e-23,9.86587252444866856e-26,1.30927368348095634e-28,1.24490096811172680e-31,7.17892538930334483e-35,2.08611627149178389e-38,2.42334304156529333e-42,7.94473863340986733e-47,3.75819110795040309e-52,2.64576131942306965e-59,0.00000000000000000e0,0.00000000000000000e0,0.00000000000000000e0,0.00000000000000000e0,0.00000000000000000e0,0.00000000000000000e0,0.00000000000000000e0,0.00000000000000000e0,0.00000000000000000e0,0.00000000000000000e0,0.00000000000000000e0,0.00000000000000000e0,0.00000000000000000e0,0.00000000000000000e0,0.00000000000000000e0,0.00000000000000000e0,0.00000000000000000e0
dg_limited,256,7.49999999999999972e-2,0.00000000000000000e0,9.99999999999999667e-1,2.61803013313940198e1,0.00000000000000000e0,0.00000000000000000e0,0.00000000000000000e0,9.99999999999999667e-1,2.61803012067007117e1,2.61803013313940198e1,1.24693305335275028e-7,0.00000000000000000e0,0.00000000000000000e0,0.00000000000000000e0,0.00000000000000000e0,4.76286759036426256e-9,0.00000000000000000e0,0.00000000000000000e0,2.23369575430858083e-4,2.26550235522093125e-4,0,0,0.00000000000000000e0,6,0,0.00000000000000000e0,9.898900000e-5,NaN,0.00000000000000000e0,0.00000000000000000e0,0.00000000000000000e0,0.00000000000000000e0,0.00000000000000000e0,0.00000000000000000e0,1.58404660278604220e-3,6.55232176332506272e-2,1.51220679024865606e-1,1.94071820979935500e-1,2.05486401920310618e-1,1.89931901153350985e-1,1.41359855420198771e-1,5.05260693203321565e-2,2.96007944969458952e-4,0.00000000000000000e0,0.00000000000000000e0,0.00000000000000000e0,0.00000000000000000e0,0.00000000000000000e0,0.00000000000000000e0,0.00000000000000000e0,0.00000000000000000e0,0.00000000000000000e0,0.00000000000000000e0,0.00000000000000000e0,0.00000000000000000e0,0.00000000000000000e0,0.00000000000000000e0,0.00000000000000000e0,0.00000000000000000e0,0.00000000000000000e0
dg_limited,256,7.49999999999999972e-2,2.00000000000000011e-1,9.99999999999999889e-1,2.14346513706123147e1,0.00000000000000000e0,0.00000000000000000e0,4.74568817155057854e0,9.99999999999999667e-1,2.61803012067007117e1,2.61803013313940198e1,1.24693305335275028e-7,3.82107688766339596e-5,8.67153922556445364e-5,2.22044604925031407e-16,1.45952364683120505e-6,1.46428652137308733e-6,0.00000000000000000e0,0.00000000000000000e0,4.81855600676368888e-4,4.80471080891348796e-4,344,14138,-7.86708480790479373e-5,6,0,0.00000000000000000e0,2.435418000e-3,NaN,0.00000000000000000e0,0.00000000000000000e0,6.46687571230358160e-10,6.49587857590672862e-3,8.65344370284228809e-2,1.63308437078293484e-1,1.98726232918760570e-1,2.04516710127067985e-1,1.82956403200356443e-1,1.25809243791878911e-1,3.16260659272754874e-2,2.65906255525306851e-5,7.97967441169881599e-11,8.44561478708022311e-17,1.34979866448673621e-25,0.00000000000000000e0,0.00000000000000000e0,0.00000000000000000e0,0.00000000000000000e0,0.00000000000000000e0,0.00000000000000000e0,0.00000000000000000e0,0.00000000000000000e0,0.00000000000000000e0,0.00000000000000000e0,0.00000000000000000e0,0.00000000000000000e0,0.00000000000000000e0,0.00000000000000000e0,0.00000000000000000e0,0.00000000000000000e0,0.00000000000000000e0
dg_limited,256,7.49999999999999972e-2,4.00000000000000022e-1,9.99999997984980293e-1,1.75492191527211467e1,2.01501899612428249e-9,2.74042583472902330e-8,8.63113228572106728e0,9.99999999999999667e-1,2.61803012067007117e1,2.61803013313940198e1,1.24693305335275028e-7,5.01344524574661381e-5,1.43990015563010389e-4,-3.33066907387547061e-16,1.91496850308271581e-6,1.91973137979382109e-6,0.00000000000000000e0,0.00000000000000000e0,6.36411595519731539e-4,6.35401242098634499e-4,688,45738,-7.86708480790479373e-5,6,0,0.00000000000000000e0,4.822213000e-3,NaN,1.59170417033121965e-2,1.06325403459657380e-1,1.73590698627473977e-1,2.02139432731966134e-1,2.02400896772900185e-1,1.74478233354030010e-1,1.08111878358939831e-1,1.70342991114012451e-2,2.11385859287601919e-6,6.70666599084568975e-12,2.08897958339527204e-17,5.29319601680361007e-23,3.98910306281443773e-29,1.25756914841364143e-36,2.10006115368067988e-47,0.00000000000000000e0,0.00000000000000000e0,0.00000000000000000e0,0.00000000000000000e0,0.00000000000000000e0,0.00000000000000000e0,0.00000000000000000e0,0.00000000000000000e0,0.00000000000000000e0,0.00000000000000000e0,0.00000000000000000e0,0.00000000000000000e0,0.00000000000000000e0,0.00000000000000000e0,0.00000000000000000e0,0.00000000000000000e0,0.00000000000000000e0
dg_limited,256,7.49999999999999972e-2,5.00000000000000000e-1,9.30589817371390127e-1,1.49577687122463772e1,6.94101826286095541e-2,9.43978483749089770e-1,1.02786169229931534e1,9.99999999999999667e-1,2.61803012067007117e1,2.61803013313940198e1,1.24693305335275028e-7,6.27875946283128504e-5,1.59780766500766170e-4,0.00000000000000000e0,2.39827623853914914e-6,2.40303911755218547e-6,0.00000000000000000e0,0.00000000000000000e0,4.56148841239094360e-4,4.55369780223128953e-4,860,66758,-7.86708480790479373e-5,6,0,0.00000000000000000e0,6.039737000e-3,NaN,1.52439472129704101e-1,1.94568046771885272e-1,2.05445240773002469e-1,1.89337227708279932e-1,1.39974804405668840e-1,4.84982514618583008e-2,3.26773063945001675e-4,1.05704282621586324e-9,3.36199404429476317e-15,1.05575282356078503e-20,2.98145482379171225e-26,4.31635458926739531e-32,9.83718991142171602e-39,6.83972451790730006e-47,2.37393254949070891e-58,0.00000000000000000e0,0.00000000000000000e0,0.00000000000000000e0,0.00000000000000000e0,0.00000000000000000e0,0.00000000000000000e0,0.00000000000000000e0,0.00000000000000000e0,0.00000000000000000e0,0.00000000000000000e0,0.00000000000000000e0,0.00000000000000000e0,0.00000000000000000e0,0.00000000000000000e0,0.00000000000000000e0,0.00000000000000000e0,0.00000000000000000e0
dg_limited,256,7.49999999999999972e-2,5.99999999999999978e-1,6.63475771201828879e-1,1.00636539987764024e1,3.36524228798170288e-1,4.57672951165511765e0,1.15399930630784500e1,9.99999999999999667e-1,2.61803012067007117e1,2.61803013313940198e1,1.24693305335275028e-7,7.52421159907642708e-5,1.72235287863217713e-4,-5.55111512312578467e-16,2.87399732322155974e-6,2.87876020450039268e-6,0.00000000000000000e0,0.00000000000000000e0,4.39664416514800444e-4,4.39176509172835403e-4,1032,92099,-7.86708480790479373e-5,6,0,0.00000000000000000e0,7.266375000e-3,NaN,2.04367249378128668e-1,1.99104189334866538e-1,1.64359926448030963e-1,8.83762012185967810e-2,7.26803987609446391e-3,1.64945583457763124e-7,5.28270589661371914e-13,1.68373482864435543e-18,5.31603793113593182e-24,1.58404688178163686e-29,3.22344608192773622e-35,2.03561518311032841e-41,1.44567715241907456e-48,2.74994837042961025e-57,2.58785336279830915e-69,0.00000000000000000e0,0.00000000000000000e0,0.00000000000000000e0,0.00000000000000000e0,0.00000000000000000e0,0.00000000000000000e0,0.00000000000000000e0,0.00000000000000000e0,0.00000000000000000e0,0.00000000000000000e0,0.00000000000000000e0,0.00000000000000000e0,0.00000000000000000e0,0.00000000000000000e0,0.00000000000000000e0,0.00000000000000000e0,0.00000000000000000e0
dg_limited,256,7.49999999999999972e-2,6.99999999999999956e-1,3.36515952518072925e-1,4.87444992752380646e0,6.63484047481927242e-1,9.02338304575420125e0,1.22825545466395951e1,9.99999999999999667e-1,2.61803012067007117e1,2.61803013313940198e1,1.24693305335275028e-7,8.61885236125207825e-5,1.83181695484974360e-4,5.55111512312578467e-16,3.29211350515497989e-6,3.29687638842524489e-6,0.00000000000000000e0,0.00000000000000000e0,4.57385222630846036e-4,4.57129448229595171e-4,1204,121839,-7.86708480790479373e-5,6,0,0.00000000000000000e0,8.482707000e-3,NaN,1.82225060308833703e-1,1.24209635029560797e-1,3.00556752501067344e-2,2.55818472841640309e-5,8.22874107691988433e-11,2.63872544044912959e-16,8.42562730415649660e-22,2.67052130086744627e-27,8.18597714241949924e-33,2.01115202750432896e-38,2.30596576173108196e-44,5.88512732228037332e-51,1.44093406192264376e-58,8.90523496320415717e-68,2.74779905225534824e-80,0.00000000000000000e0,0.00000000000000000e0,0.00000000000000000e0,0.00000000000000000e0,0.00000000000000000e0,0.00000000000000000e0,0.00000000000000000e0,0.00000000000000000e0,0.00000000000000000e0,0.00000000000000000e0,0.00000000000000000e0,0.00000000000000000e0,0.00000000000000000e0,0.00000000000000000e0,0.00000000000000000e0,0.00000000000000000e0,0.00000000000000000e0
dg_limited,256,7.49999999999999972e-2,8.00000000000000044e-1,6.93925775161614578e-2,9.67199937715821356e-1,9.30607422483838098e-1,1.26562609457801987e1,1.25569362757830500e1,9.99999999999999667e-1,2.61803012067007117e1,2.61803013313940198e1,1.24693305335275028e-7,9.58278850767349408e-5,1.92821056949188803e-4,-1.11022302462515703e-16,3.66030489239143583e-6,3.66506777741534744e-6,0.00000000000000000e0,0.00000000000000000e0,4.73743524629268191e-4,4.73625235928242471e-4,1376,155980,-7.86708480790479373e-5,6,0,0.00000000000000000e0,9.771738000e-3,NaN,6.72895482979087439e-2,2.10301647155159387e-3,1.27466601083986170e-8,4.10371332685218779e-14,1.31744025984460653e-19,4.21339083103648125e-25,1.33937962240238744e-30,4.17100594634279210e-36,1.14082686280011312e-41,1.89364185478051569e-47,1.07569446831270535e-53,1.13714073034980585e-60,1.06661469148173854e-68,2.45169895908841998e-78,2.85972851159410141e-91,0.00000000000000000e0,0.00000000000000000e0,0.00000000000000000e0,0.00000000000000000e0,0.00000000000000000e0,0.00000000000000000e0,0.00000000000000000e0,0.00000000000000000e0,0.00000000000000000e0,0.00000000000000000e0,0.00000000000000000e0,0.00000000000000000e0,0.00000000000000000e0,0.00000000000000000e0,0.00000000000000000e0,0.00000000000000000e0,0.00000000000000000e0
dg_limited,256,7.49999999999999972e-2,9.00000000000000022e-1,1.96660287118828047e-6,2.68700612424161628e-5,9.99998033397128783e-1,1.35999732542009557e1,1.25804045247254859e1,9.99999999999999667e-1,2.61803012067007117e1,2.61803013313940198e1,1.24693305335275028e-7,1.03317593670154202e-4,2.00310765542608023e-4,3.33066907387547061e-16,3.94638672622049999e-6,3.95114961260698141e-6,0.00000000000000000e0,0.00000000000000000e0,1.96660287118828090e-6,1.96660287118828132e-6,1548,194447,-7.86708480790479373e-5,6,0,0.00000000000000000e0,1.103038400e-2,NaN,1.96659652153827284e-6,6.34962951735625378e-12,2.04589091330951991e-17,6.57484931726638568e-23,2.10572196887663687e-28,6.70958046418726505e-34,2.10911703988869426e-39,6.13842759235737961e-45,1.28951644529077701e-50,1.24862682806500181e-56,3.41598259620116249e-63,1.58353580478533430e-70,6.24905106486974142e-79,5.94938995343080916e-89,2.92943328162046832e-102,0.00000000000000000e0,0.00000000000000000e0,0.00000000000000000e0,0.00000000000000000e0,0.00000000000000000e0,0.00000000000000000e0,0.00000000000000000e0,0.00000000000000000e0,0.00000000000000000e0,0.00000000000000000e0,0.00000000000000000e0,0.00000000000000000e0,0.00000000000000000e0,0.00000000000000000e0,0.00000000000000000e0,0.00000000000000000e0,0.00000000000000000e0
dg_limited,256,7.49999999999999972e-2,1.00000000000000000e0,3.16228223921991219e-15,4.32068346353062350e-14,9.99999999999996225e-1,1.35999999999999552e1,1.25804046570940180e1,9.99999999999999667e-1,2.61803012067007117e1,2.61803013313940198e1,1.24693305335275028e-7,1.03325700008701955e-4,2.00318871881155762e-4,-3.33066907387547061e-16,3.94669636105929366e-6,3.95145924744725062e-6,0.00000000000000000e0,0.00000000000000000e0,3.16228223921991258e-15,3.16228223921991219e-15,1720,234351,-7.86708480790479373e-5,6,0,0.00000000000000000e0,1.225986600e-2,NaN,3.16227204247378895e-15,1.01967132730070118e-20,3.28001447478950763e-26,1.05181928322239974e-31,3.35803151131264385e-37,1.06185956503176610e-42,3.20509789652691870e-48,7.83284832230749063e-54,1.09505666105940474e-59,5.80133853873333906e-66,7.79603777822585939e-73,1.68651028456191321e-80,3.03334240830661504e-89,1.30510184568788124e-99,2.96243170650739151e-113,0.00000000000000000e0,0.00000000000000000e0,0.00000000000000000e0,0.00000000000000000e0,0.00000000000000000e0,0.00000000000000000e0,0.00000000000000000e0,0.00000000000000000e0,0.00000000000000000e0,0.00000000000000000e0,0.00000000000000000e0,0.00000000000000000e0,0.00000000000000000e0,0.00000000000000000e0,0.00000000000000000e0,0.00000000000000000e0,0.00000000000000000e0
dg_limited,128,1.49999999999999994e-1,0.00000000000000000e0,1.00000000000645572e0,2.61803128216577115e1,0.00000000000000000e0,0.00000000000000000e0,0.00000000000000000e0,1.00000000000645572e0,2.61803012069172709e1,2.61803128216577115e1,1.16147404429936814e-5,0.00000000000000000e0,0.00000000000000000e0,0.00000000000000000e0,0.00000000000000000e0,4.43644263247305007e-7,0.00000000000000000e0,0.00000000000000000e0,9.15677164502756843e-4,9.27114113199010428e-4,0,0,0.00000000000000000e0,5,0,0.00000000000000000e0,5.121700000e-5,NaN,0.00000000000000000e0,0.00000000000000000e0,0.00000000000000000e0,0.00000000000000000e0,0.00000000000000000e0,0.00000000000000000e0,1.58404660258553657e-3,6.55232176332506411e-2,1.51220679024865606e-1,1.94071820979935528e-1,2.05486401920310591e-1,1.89931901153350985e-1,1.41359855420198799e-1,5.05260693203321426e-2,2.96007951625784833e-4,0.00000000000000000e0,0.00000000000000000e0,0.00000000000000000e0,0.00000000000000000e0,0.00000000000000000e0,0.00000000000000000e0,0.00000000000000000e0,0.00000000000000000e0,0.00000000000000000e0,0.00000000000000000e0,0.00000000000000000e0,0.00000000000000000e0,0.00000000000000000e0,0.00000000000000000e0,0.00000000000000000e0,0.00000000000000000e0,0.00000000000000000e0
dg_limited,128,1.49999999999999994e-1,2.00000000000000011e-1,1.00000000000645550e0,2.14349054439280025e1,0.00000000000000000e0,0.00000000000000000e0,4.74572867501725071e0,1.00000000000645572e0,2.61803012069172709e1,2.61803128216577115e1,1.16147404429936814e-5,3.21297287538437190e-4,8.16378906226184245e-4,-2.22044604923597849e-16,1.22724770223492915e-5,1.27161267302106235e-5,0.00000000000000000e0,0.00000000000000000e0,2.64195380398736957e-3,2.64143950518372838e-3,87,2146,-7.30296070756471499e-4,5,0,0.00000000000000000e0,4.043590000e-4,NaN,0.00000000000000000e0,2.03423690141760417e-18,4.87872964407549895e-7,6.70429901988936483e-3,8.63625046813069480e-2,1.63290916947852999e-1,1.98725720608615847e-1,2.04523666281688665e-1,1.82973725198944365e-1,1.25801694256319180e-1,3.13694016019054819e-2,2.47174371212801887e-4,4.08891251956198066e-7,2.74499504803771770e-10,4.10781261532065964e-15,0.00000000000000000e0,0.00000000000000000e0,0.00000000000000000e0,0.00000000000000000e0,0.00000000000000000e0,0.00000000000000000e0,0.00000000000000000e0,0.00000000000000000e0,0.00000000000000000e0,0.00000000000000000e0,0.00000000000000000e0,0.00000000000000000e0,0.00000000000000000e0,0.00000000000000000e0,0.00000000000000000e0,0.00000000000000000e0,0.00000000000000000e0
dg_limited,128,1.49999999999999994e-1,4.00000000000000022e-1,9.99999555804343965e-1,1.75494205023546641e1,4.44202111672084276e-7,6.04114871874034446e-6,8.63121585704011451e0,1.00000000000645572e0,2.61803012069172709e1,2.61803128216577115e1,1.16147404429936814e-5,3.29578885780087863e-4,1.20581930935609923e-3,0.00000000000000000e0,1.25888062542008456e-5,1.30324561023998262e-5,0.00000000000000000e0,0.00000000000000000e0,3.64487988161497000e-3,3.64332107096142178e-3,174,6387,-7.30296070756471499e-4,5,0,0.00000000000000000e0,7.405960000e-4,NaN,1.62858913184942486e-2,1.06001718082370411e-1,1.73575546476312931e-1,2.02143684842536142e-1,2.02418756671726596e-1,1.74506427018832122e-1,1.07692323700327677e-1,1.72961419465435459e-2,7.89145033660039729e-5,1.50970797022325738e-7,2.72657799088628106e-10,3.79326415711161848e-13,2.44015710609590492e-16,2.95981727145547792e-20,5.69996551531454290e-26,0.00000000000000000e0,0.00000000000000000e0,0.00000000000000000e0,0.00000000000000000e0,0.00000000000000000e0,0.00000000000000000e0,0.00000000000000000e0,0.00000000000000000e0,0.00000000000000000e0,0.00000000000000000e0,0.00000000000000000e0,0.00000000000000000e0,0.00000000000000000e0,0.00000000000000000e0,0.00000000000000000e0,0.00000000000000000e0,0.00000000000000000e0
dg_limited,128,1.49999999999999994e-1,5.00000000000000000e-1,9.30476526332384757e-1,1.49567355758102121e1,6.95234736740709958e-2,9.45519241967365254e-1,1.02784486960613535e1,1.00000000000645572e0,2.61803012069172709e1,2.61803128216577115e1,1.16147404429936814e-5,3.90692181210277191e-4,1.29201616752023293e-3,0.00000000000000000e0,1.49231288366054391e-5,1.53667797204132438e-5,0.00000000000000000e0,0.00000000000000000e0,3.07471104459126074e-3,3.07506506868340758e-3,218,9085,-7.30296070756471499e-4,5,0,0.00000000000000000e0,9.272870000e-4,NaN,1.52364137232229219e-1,1.94568104804580200e-1,2.05460337428982370e-1,1.89375633185533632e-1,1.40017887238305883e-1,4.76957840289942703e-2,9.92708126343610185e-4,1.93056927466607910e-6,3.71127890224537235e-9,6.85109681351788809e-12,1.07221848499945617e-14,1.04036458494084929e-17,3.76905569099293185e-21,2.27793675824403693e-25,2.11123426607269445e-31,0.00000000000000000e0,0.00000000000000000e0,0.00000000000000000e0,0.00000000000000000e0,0.00000000000000000e0,0.00000000000000000e0,0.00000000000000000e0,0.00000000000000000e0,0.00000000000000000e0,0.00000000000000000e0,0.00000000000000000e0,0.00000000000000000e0,0.00000000000000000e0,0.00000000000000000e0,0.00000000000000000e0,0.00000000000000000e0,0.00000000000000000e0
dg_limited,128,1.49999999999999994e-1,5.99999999999999978e-1,6.63433830553457060e-1,1.00636483375074288e1,3.36566169452998554e-1,4.57729990456077918e0,1.15398193246068566e1,1.00000000000645572e0,2.61803012069172709e1,2.61803128216577115e1,1.16147404429936814e-5,4.54745017350158850e-4,1.35606900366011486e-3,0.00000000000000000e0,1.73697319986870870e-5,1.78133839679163477e-5,0.00000000000000000e0,0.00000000000000000e0,3.01429725370913311e-3,3.01949370609318852e-3,262,12329,-7.30296070756471499e-4,5,0,0.00000000000000000e0,1.113848000e-3,NaN,2.04378247542640223e-1,1.99137618297066443e-1,1.64428286834323922e-1,8.71770555065623787e-2,8.28835338352401814e-3,2.42217036397138716e-5,4.71944413453370239e-8,9.10878049822176575e-11,1.70714253400540348e-13,2.86648482885695899e-16,3.50956705948438408e-19,2.23909105874836347e-22,4.72395530127758207e-26,1.56346643077884492e-30,7.81968974576397617e-37,0.00000000000000000e0,0.00000000000000000e0,0.00000000000000000e0,0.00000000000000000e0,0.00000000000000000e0,0.00000000000000000e0,0.00000000000000000e0,0.00000000000000000e0,0.00000000000000000e0,0.00000000000000000e0,0.00000000000000000e0,0.00000000000000000e0,0.00000000000000000e0,0.00000000000000000e0,0.00000000000000000e0,0.00000000000000000e0,0.00000000000000000e0
dg_limited,128,1.49999999999999994e-1,6.99999999999999956e-1,3.36436762140115364e-1,4.87400032154619556e0,6.63563237866340305e-1,9.02446003498222638e0,1.22823604620623890e1,1.00000000000645572e0,2.61803012069172709e1,2.61803128216577115e1,1.16147404429936814e-5,5.07996933100060902e-4,1.40932091941001637e-3,0.00000000000000000e0,1.94037762863670602e-5,1.98474291579884007e-5,0.00000000000000000e0,0.00000000000000000e0,3.28401184272331765e-3,3.28293628825669995e-3,306,16130,-7.30296070756471499e-4,5,0,0.00000000000000000e0,1.313078000e-3,NaN,1.82270249758003711e-1,1.23886078614708892e-1,2.99789244017454985e-2,3.00917633200248412e-4,5.90577382842404883e-7,1.15283747652018441e-9,2.23253854733395737e-12,4.22979947094844068e-15,7.42909303144545357e-18,1.05039895938322875e-20,9.41351169276689173e-24,3.92331950955103845e-27,5.05181042735435512e-31,9.86947287314528293e-36,2.89622053525817186e-42,0.00000000000000000e0,0.00000000000000000e0,0.00000000000000000e0,0.00000000000000000e0,0.00000000000000000e0,0.00000000000000000e0,0.00000000000000000e0,0.00000000000000000e0,0.00000000000000000e0,0.00000000000000000e0,0.00000000000000000e0,0.00000000000000000e0,0.00000000000000000e0,0.00000000000000000e0,0.00000000000000000e0,0.00000000000000000e0,0.00000000000000000e0
dg_limited,128,1.49999999999999994e-1,8.00000000000000044e-1,6.91307652835042030e-2,9.64446634967572658e-1,9.30869234722951466e-1,1.26598215922321327e1,1.25565994301555506e1,1.00000000000645572e0,2.61803012069172709e1,2.61803128216577115e1,1.16147404429936814e-5,5.54835697555254603e-4,1.45615968386521061e-3,0.00000000000000000e0,2.11928597387502504e-5,2.16365134040882017e-5,0.00000000000000000e0,0.00000000000000000e0,3.29672687396577197e-3,3.29513436749347653e-3,350,20492,-7.30296070756471499e-4,5,0,0.00000000000000000e0,1.499970000e-3,NaN,6.57822761496770908e-2,3.34115400116753898e-3,7.32071426414191373e-6,1.43901972832934797e-8,2.81434335003910858e-11,5.46543844063380292e-14,1.04382706594033877e-16,1.88939833345533844e-19,2.93525911055480490e-22,3.28089620756607521e-25,2.09546711381374650e-28,5.80442547400835479e-32,4.77495977580940630e-36,5.84512559956267409e-41,1.07266189806455997e-47,0.00000000000000000e0,0.00000000000000000e0,0.00000000000000000e0,0.00000000000000000e0,0.00000000000000000e0,0.00000000000000000e0,0.00000000000000000e0,0.00000000000000000e0,0.00000000000000000e0,0.00000000000000000e0,0.00000000000000000e0,0.00000000000000000e0,0.00000000000000000e0,0.00000000000000000e0,0.00000000000000000e0,0.00000000000000000e0,0.00000000000000000e0
dg_limited,128,1.49999999999999994e-1,9.00000000000000022e-1,9.03486292661410625e-5,1.24038187430181783e-3,9.99909651377189235e-1,1.35987712587297711e1,1.25808935550926879e1,1.00000000000645572e0,2.61803012069172709e1,2.61803128216577115e1,1.16147404429936814e-5,5.92374039060491824e-4,1.49369802537044826e-3,-4.44089209847195698e-16,2.26266982783276802e-5,2.30703525797798737e-5,0.00000000000000000e0,0.00000000000000000e0,9.03486292661410896e-5,9.03486292661410489e-5,394,25405,-7.30296070756471499e-4,5,0,0.00000000000000000e0,1.686180000e-3,NaN,9.01702117816491285e-5,1.78066369473797477e-7,3.50427084442146438e-10,6.86594585522679300e-13,1.33665990956686973e-15,2.56840129834507664e-18,4.74700255181936139e-21,7.86191466464188564e-24,1.02179697534719240e-26,8.70937008011142339e-30,3.95788753527631489e-33,7.47309015363138183e-37,4.09059614815009761e-41,3.29212119640120410e-46,3.97267747501916476e-53,0.00000000000000000e0,0.00000000000000000e0,0.00000000000000000e0,0.00000000000000000e0,0.00000000000000000e0,0.00000000000000000e0,0.00000000000000000e0,0.00000000000000000e0,0.00000000000000000e0,0.00000000000000000e0,0.00000000000000000e0,0.00000000000000000e0,0.00000000000000000e0,0.00000000000000000e0,0.00000000000000000e0,0.00000000000000000e0,0.00000000000000000e0
dg_limited,128,1.49999999999999994e-1,1.00000000000000000e0,4.33777889884760707e-9,5.95524899308296221e-8,9.99999995668676811e-1,1.35999999410939978e1,1.25809059002166492e1,1.00000000000645572e0,2.61803012069172709e1,2.61803128216577115e1,1.16147404429936814e-5,5.93079205438352790e-4,1.49440319174830804e-3,0.00000000000000000e0,2.26536332650647202e-5,2.30972875784664648e-5,0.00000000000000000e0,0.00000000000000000e0,4.33777889884760707e-9,4.33777889884760624e-9,438,30509,-7.30296070756471499e-4,5,0,0.00000000000000000e0,1.868655000e-3,NaN,4.32923224200084568e-9,8.52988457833506037e-12,1.67395433109406772e-14,3.26619455937629738e-17,6.30574734356323967e-20,1.18289864438827941e-22,2.04855232293780358e-25,2.96099964480482761e-28,3.09599333790711415e-31,1.98515504268296761e-34,6.48817071157972236e-38,8.57492123388117285e-42,3.23494023097206879e-46,1.78045652856819075e-51,1.47127242636196318e-58,0.00000000000000000e0,0.00000000000000000e0,0.00000000000000000e0,0.00000000000000000e0,0.00000000000000000e0,0.00000000000000000e0,0.00000000000000000e0,0.00000000000000000e0,0.00000000000000000e0,0.00000000000000000e0,0.00000000000000000e0,0.00000000000000000e0,0.00000000000000000e0,0.00000000000000000e0,0.00000000000000000e0,0.00000000000000000e0,0.00000000000000000e0
dg_limited,128,3.74999999999999986e-2,0.00000000000000000e0,1.00000000000645572e0,2.61803128216577115e1,0.00000000000000000e0,0.00000000000000000e0,0.00000000000000000e0,1.00000000000645572e0,2.61803012069172709e1,2.61803128216577115e1,1.16147404429936814e-5,0.00000000000000000e0,0.00000000000000000e0,0.00000000000000000e0,0.00000000000000000e0,4.43644263247305007e-7,0.00000000000000000e0,0.00000000000000000e0,9.15677164502756843e-4,9.27114113199010428e-4,0,0,0.00000000000000000e0,5,0,0.00000000000000000e0,4.950500000e-5,NaN,0.00000000000000000e0,0.00000000000000000e0,0.00000000000000000e0,0.00000000000000000e0,0.00000000000000000e0,0.00000000000000000e0,1.58404660258553657e-3,6.55232176332506411e-2,1.51220679024865606e-1,1.94071820979935528e-1,2.05486401920310591e-1,1.89931901153350985e-1,1.41359855420198799e-1,5.05260693203321426e-2,2.96007951625784833e-4,0.00000000000000000e0,0.00000000000000000e0,0.00000000000000000e0,0.00000000000000000e0,0.00000000000000000e0,0.00000000000000000e0,0.00000000000000000e0,0.00000000000000000e0,0.00000000000000000e0,0.00000000000000000e0,0.00000000000000000e0,0.00000000000000000e0,0.00000000000000000e0,0.00000000000000000e0,0.00000000000000000e0,0.00000000000000000e0,0.00000000000000000e0
dg_limited,128,3.74999999999999986e-2,2.00000000000000011e-1,1.00000000000645528e0,2.14349968793521377e1,0.00000000000000000e0,0.00000000000000000e0,4.74574109587960713e0,1.00000000000645572e0,2.61803012069172709e1,2.61803128216577115e1,1.16147404429936814e-5,4.25153574039044164e-4,8.30339320815264253e-4,-4.44089209847195698e-16,1.62394382728651889e-5,1.66830897406461235e-5,0.00000000000000000e0,0.00000000000000000e0,2.58449188379432501e-3,2.57653724990480545e-3,345,8635,-2.21105910543005664e-4,5,0,0.00000000000000000e0,1.915716000e-3,NaN,0.00000000000000000e0,5.48778063257620050e-20,8.00276390632216734e-8,6.76130457297724127e-3,8.62702787822840211e-2,1.63303586240261311e-1,1.98730985778307667e-1,2.04521971999832630e-1,1.82964093073060774e-1,1.25787305617975298e-1,3.14316388719516060e-2,2.28409793472819948e-4,3.45041467251165491e-7,2.07223059844807726e-10,2.67939904720873982e-15,0.00000000000000000e0,0.00000000000000000e0,0.00000000000000000e0,0.00000000000000000e0,0.00000000000000000e0,0.00000000000000000e0,0.00000000000000000e0,0.00000000000000000e0,0.00000000000000000e0,0.00000000000000000e0,0.00000000000000000e0,0.00000000000000000e0,0.00000000000000000e0,0.00000000000000000e0,0.00000000000000000e0,0.00000000000000000e0,0.00000000000000000e0
dg_limited,128,3.74999999999999986e-2,4.00000000000000022e-1,9.99999934542682767e-1,1.75495865692100317e1,6.54637725371821044e-8,8.90307306505676133e-7,8.63125723952503776e0,1.00000000000645572e0,2.61803012069172709e1,2.61803128216577115e1,1.16147404429936814e-5,5.31877384677978860e-4,1.23038861074500384e-3,-4.44089209847195698e-16,2.03159293124720627e-5,2.07595825887648608e-5,0.00000000000000000e0,0.00000000000000000e0,3.49414919388271695e-3,3.48858055436650823e-3,690,25547,-2.21105910543005664e-4,5,0,0.00000000000000000e0,3.186730000e-3,NaN,1.63167469624845955e-2,1.05904545340550271e-1,1.73599806669205520e-1,2.02151124354114586e-1,2.02412540354676207e-1,1.74487596094736630e-1,1.07777669781605162e-1,1.72802934075679329e-2,6.94900929087263671e-5,1.21284737809985992e-7,1.99843772282146536e-10,2.51627308536403771e-13,1.43399897171502312e-16,1.49803673733347212e-20,2.42504857393776340e-26,0.00000000000000000e0,0.00000000000000000e0,0.00000000000000000e0,0.00000000000000000e0,0.00000000000000000e0,0.00000000000000000e0,0.00000000000000000e0,0.00000000000000000e0,0.00000000000000000e0,0.00000000000000000e0,0.00000000000000000e0,0.00000000000000000e0,0.00000000000000000e0,0.00000000000000000e0,0.00000000000000000e0,0.00000000000000000e0,0.00000000000000000e0
dg_limited,128,3.74999999999999986e-2,5.00000000000000000e-1,9.30570981656154150e-1,1.49582419315782325e1,6.94290183503012553e-2,9.44234649564097750e-1,1.02784595822986056e1,1.00000000000645572e0,2.61803012069172709e1,2.61803128216577115e1,1.16147404429936814e-5,6.23341783227685420e-4,1.34039877410999965e-3,-2.22044604923597849e-16,2.38095620732695248e-5,2.42532168994924562e-5,0.00000000000000000e0,0.00000000000000000e0,2.57628154204994197e-3,2.57375115301965206e-3,863,36189,-2.21105910543005664e-4,5,0,0.00000000000000000e0,3.813384000e-3,NaN,1.52396683302818636e-1,1.94584937554736020e-1,2.05459188904339007e-1,1.89355375962227235e-1,1.39968296564509986e-1,4.79080097638912017e-2,8.96896308933434389e-4,1.59050142050759415e-6,2.78857660385978775e-9,4.69488855986946264e-12,6.66729646128136485e-15,5.78007272973963181e-18,1.82892516537855991e-21,9.42193857164238422e-26,7.29477256598663726e-32,0.00000000000000000e0,0.00000000000000000e0,0.00000000000000000e0,0.00000000000000000e0,0.00000000000000000e0,0.00000000000000000e0,0.00000000000000000e0,0.00000000000000000e0,0.00000000000000000e0,0.00000000000000000e0,0.00000000000000000e0,0.00000000000000000e0,0.00000000000000000e0,0.00000000000000000e0,0.00000000000000000e0,0.00000000000000000e0,0.00000000000000000e0
dg_limited,128,3.74999999999999986e-2,5.99999999999999978e-1,6.63492857761454835e-1,1.00645830746575040e1,3.36507142245000390e-1,4.57649713453200757e0,1.15399407995067307e1,1.00000000000645572e0,2.61803012069172709e1,2.61803128216577115e1,1.16147404429936814e-5,7.08187038538062052e-4,1.42524402942037455e-3,-4.44089209847195698e-16,2.70503657979242795e-5,2.74940220619111914e-5,0.00000000000000000e0,0.00000000000000000e0,2.44169370935015499e-3,2.44289397554340237e-3,1036,48986,-2.21105910543005664e-4,5,0,0.00000000000000000e0,4.529423000e-3,NaN,2.04384947430922281e-1,1.99123059170378092e-1,1.64381291497675802e-1,8.74700764532044261e-2,8.11297829412776887e-3,2.04684772013815981e-5,3.63738147216075367e-8,6.40209629341282433e-11,1.09404807646764569e-13,1.66942875301542458e-16,1.83658961250315489e-19,1.03376311783976717e-22,1.88418016994543904e-26,5.27568599040945574e-31,2.19427335929645918e-37,0.00000000000000000e0,0.00000000000000000e0,0.00000000000000000e0,0.00000000000000000e0,0.00000000000000000e0,0.00000000000000000e0,0.00000000000000000e0,0.00000000000000000e0,0.00000000000000000e0,0.00000000000000000e0,0.00000000000000000e0,0.00000000000000000e0,0.00000000000000000e0,0.00000000000000000e0,0.00000000000000000e0,0.00000000000000000e0,0.00000000000000000e0
dg_limited,128,3.74999999999999986e-2,6.99999999999999956e-1,3.36503922355465335e-1,4.87497158113516260e0,6.63496077650990168e-1,9.02354665605346540e0,1.22825752490500175e1,1.00000000000645572e0,2.61803012069172709e1,2.61803128216577115e1,1.16147404429936814e-5,7.80664580942633983e-4,1.49772157182494550e-3,-2.22044604923597849e-16,2.98187644376567854e-5,3.02624219298278709e-5,0.00000000000000000e0,0.00000000000000000e0,2.62128464698310531e-3,2.62150036164258754e-3,1209,63981,-2.21105910543005664e-4,5,0,0.00000000000000000e0,5.170639000e-3,NaN,1.82242931527425517e-1,1.23923893755579717e-1,3.00756788729652329e-2,2.60950496757461744e-4,4.66870036161832496e-7,8.31230847682058869e-10,1.46789279756311937e-12,2.53550044622162231e-15,4.05062825828038973e-18,5.16618010554344760e-21,4.11492198915855242e-24,1.49702478326290000e-27,1.65137486558696514e-31,2.71389972113576693e-36,6.60020606930892244e-43,0.00000000000000000e0,0.00000000000000000e0,0.00000000000000000e0,0.00000000000000000e0,0.00000000000000000e0,0.00000000000000000e0,0.00000000000000000e0,0.00000000000000000e0,0.00000000000000000e0,0.00000000000000000e0,0.00000000000000000e0,0.00000000000000000e0,0.00000000000000000e0,0.00000000000000000e0,0.00000000000000000e0,0.00000000000000000e0,0.00000000000000000e0
dg_limited,128,3.74999999999999986e-2,8.00000000000000044e-1,6.93194528613399891e-2,9.66927425049620259e-1,9.30680547145115500e-1,1.26572554411735752e1,1.25569770786958674e1,1.00000000000645572e0,2.61803012069172709e1,2.61803128216577115e1,1.16147404429936814e-5,8.47123261364855404e-4,1.56418025224716638e-3,-2.22044604923597849e-16,3.23572627692526277e-5,3.28009213876139289e-5,0.00000000000000000e0,0.00000000000000000e0,2.61628977639771906e-3,2.61509924589993113e-3,1382,81192,-2.21105910543005664e-4,5,0,0.00000000000000000e0,5.802671000e-3,NaN,6.62096686208156343e-2,3.10383167241339497e-3,5.94190530133923530e-6,1.06437930250106324e-8,1.89829581245955857e-11,3.36180701943889396e-14,5.85329301059345054e-17,9.64245985332248935e-20,1.35494035249367284e-22,1.35353668137544375e-25,7.60697638406765954e-29,1.82352140805280853e-32,1.27670195594897076e-36,1.30880127790557476e-41,1.98523616866335585e-48,0.00000000000000000e0,0.00000000000000000e0,0.00000000000000000e0,0.00000000000000000e0,0.00000000000000000e0,0.00000000000000000e0,0.00000000000000000e0,0.00000000000000000e0,0.00000000000000000e0,0.00000000000000000e0,0.00000000000000000e0,0.00000000000000000e0,0.00000000000000000e0,0.00000000000000000e0,0.00000000000000000e0,0.00000000000000000e0,0.00000000000000000e0
dg_limited,128,3.74999999999999986e-2,9.00000000000000022e-1,7.53243031534154829e-5,1.03398833221270353e-3,9.99924675703302013e-1,1.35989755895649207e1,1.25812006104809786e1,1.00000000000645572e0,2.61803012069172709e1,2.61803128216577115e1,1.16147404429936814e-5,8.97366720403719237e-4,1.61442371128602967e-3,-2.22044604923597849e-16,3.42763941176381918e-5,3.47200535874111127e-5,0.00000000000000000e0,0.00000000000000000e0,7.53243031534154829e-5,7.53243031534154694e-5,1555,100560,-2.21105910543005664e-4,5,0,0.00000000000000000e0,6.488834000e-3,NaN,7.51888116482636940e-5,1.35248517582604895e-7,2.42553541551483641e-10,4.33257257232618316e-13,7.69171454522409968e-16,1.34738746605373655e-18,2.26732756770466387e-21,3.40308718237967368e-24,3.96968074815243596e-27,2.99637838706557535e-30,1.18803981112740684e-33,1.92776548443288712e-37,8.93342269806463433e-42,5.99929676518559288e-47,5.97110774960458195e-54,0.00000000000000000e0,0.00000000000000000e0,0.00000000000000000e0,0.00000000000000000e0,0.00000000000000000e0,0.00000000000000000e0,0.00000000000000000e0,0.00000000000000000e0,0.00000000000000000e0,0.00000000000000000e0,0.00000000000000000e0,0.00000000000000000e0,0.00000000000000000e0,0.00000000000000000e0,0.00000000000000000e0,0.00000000000000000e0,0.00000000000000000e0
dg_limited,128,3.74999999999999986e-2,1.00000000000000000e0,3.08311233578091379e-9,4.23222590624149527e-8,9.99999996923343182e-1,1.35999999581574649e1,1.25812108382914740e1,1.00000000000645572e0,2.61803012069172709e1,2.61803128216577115e1,1.16147404429936814e-5,8.98017113508345062e-4,1.61507410439065257e-3,-2.22044604923597849e-16,3.43012369487734030e-5,3.47448964295677065e-5,0.00000000000000000e0,0.00000000000000000e0,3.08311233578091420e-9,3.08311233578091379e-9,1728,120628,-2.21105910543005664e-4,5,0,0.00000000000000000e0,7.203781000e-3,NaN,3.07757730888387842e-9,5.52512623517429583e-12,9.88304754201316039e-15,1.75833209512214593e-17,3.09485342310966572e-20,5.28743840147033362e-23,8.31007188621465583e-26,1.08159966168077995e-28,1.00665022677961945e-31,5.66925344645156177e-35,1.60517195911051244e-38,1.81269979189309983e-42,5.76449042512974362e-47,2.63952879321791694e-52,1.79591512195679101e-59,0.00000000000000000e0,0.00000000000000000e0,0.00000000000000000e0,0.00000000000000000e0,0.00000000000000000e0,0.00000000000000000e0,0.00000000000000000e0,0.00000000000000000e0,0.00000000000000000e0,0.00000000000000000e0,0.00000000000000000e0,0.00000000000000000e0,0.00000000000000000e0,0.00000000000000000e0,0.00000000000000000e0,0.00000000000000000e0,0.00000000000000000e0
