shape_lane,interval_index,substep,substeps_per_interval,z_mid,tau_Myr,macro_index,violated_constraints,M_eq_nonnegative,M_eq_mass_cap_slack,M_eq_volume_cap_slack,kappa_eq_G1,kappa_eq_G2a,cycling_eq_slack,m_eq_nonnegative,m_eq_upper_slack,k_eq_G1,k_eq_G2a,shape_cycling_slack
LOCAL_NEUTRAL_HAZARD_PRIMARY,1,1,2,5.85,100.0,0,cycling_eq_slack;m_eq_nonnegative;k_eq_G1;k_eq_G2a;shape_cycling_slack,3.236500981607654e+62,1.9770209647893827e+65,1.1094660828825156e+67,0.0033037989702632475,0.001472914047764706,-2.809665053277996e+49,-0.3419746244136229,0.6346342039256273,-0.34353922424651206,-0.4253873581569889,-0.012260287147102589
LOCAL_NEUTRAL_HAZARD_PRIMARY,1,1,2,5.85,100.0,1,cycling_eq_slack;shape_cycling_slack,5.273242114014177e+64,3.265967534190774e+65,2.120031864360482e+67,0.0028697212780237876,0.0008237217169232901,-1.9235443363927414e+48,0.04677190195038888,0.5138335680050781,0.05776214007439638,0.03891465581647029,-0.0007777712119023047
LOCAL_NEUTRAL_HAZARD_PRIMARY,1,1,2,5.85,100.0,2,cycling_eq_slack;shape_cycling_slack,2.690249340536158e+64,1.8672974199134247e+65,1.1942482179517943e+67,0.0014780404277891484,0.00038730777744256967,-8.934111469682846e+47,0.025330230198360816,0.2903939686096306,0.03185000903088533,0.02003031258261311,-0.000542361397327204
LOCAL_NEUTRAL_HAZARD_PRIMARY,1,1,2,5.85,100.0,3,cycling_eq_slack;shape_cycling_slack,1.3111044980356208e+64,9.32092428095958e+64,5.9438009385071316e+66,0.0007344507209815596,0.00017825885052406856,-4.6708461289969335e+47,0.012325091676040416,0.14480422739504376,0.015900103875766066,0.009359308623364504,-0.0004478190001483955
LOCAL_NEUTRAL_HAZARD_PRIMARY,1,1,2,5.85,100.0,4,cycling_eq_slack;shape_cycling_slack,1.3281533662855586e+63,9.339300897381234e+63,5.963478636708586e+65,7.781653915754619e-05,1.6006406582027535e-05,-5.756610244080226e+46,0.0012055974904941168,0.01455968926252299,0.0016523806472475962,0.0008209413190235672,-8.780705812254331e-05
LOCAL_NEUTRAL_HAZARD_PRIMARY,1,1,2,5.85,100.0,5,cycling_eq_slack;shape_cycling_slack,3.396762805174836e+61,2.429166937663526e+62,1.547930428799671e+64,1.9958045999160304e-06,4.033839371728917e-07,-1.4754379532779315e+45,3.0947763946091717e-05,0.00037825584011759873,4.257448740160526e-05,2.0892997965777293e-05,-2.3180499997603072e-06
LOCAL_NEUTRAL_HAZARD_PRIMARY,1,1,2,5.85,100.0,6,cycling_eq_slack,6.109612758696127e+65,1.8965449252461188e+65,2.411753359609708e+67,0.027661238759833257,0.01441225497577582,-1.3539669405900714e+49,0.5004706747313272,0.6827485691244661,0.4539223059579287,0.5860330752572577,0.06336578476308319
LOCAL_NEUTRAL_HAZARD_PRIMARY,1,1,2,5.85,100.0,7,cycling_eq_slack,4.753860431625375e+65,1.0582373558828737e+66,4.6893401652446065e+67,0.02362986774281314,0.009270134143831186,-1.325960013381349e+49,0.42241356450991113,1.844107768460569,0.45477591762668174,0.43768653382094425,0.017453131170329095
LOCAL_NEUTRAL_HAZARD_PRIMARY,1,1,2,5.85,100.0,8,cycling_eq_slack,2.189628260178149e+65,6.447497934385473e+65,2.6458394683337044e+67,0.011329837782043852,0.0037850630387618284,-6.295767137637906e+48,0.20070908905562307,1.0757601398125347,0.2315277395941128,0.18298967112561904,0.004046953726109054
LOCAL_NEUTRAL_HAZARD_PRIMARY,1,1,2,5.85,100.0,9,cycling_eq_slack,1.0401094360110846e+65,3.2584073162894267e+65,1.3172750976729429e+67,0.005480112433100186,0.0017004482875656952,-3.081321867042227e+48,0.0969862689417628,0.5382857232099173,0.11496425193639245,0.08523362192620472,0.000608212341348266
LOCAL_NEUTRAL_HAZARD_PRIMARY,1,1,2,5.85,100.0,10,cycling_eq_slack;shape_cycling_slack,9.594479116177209e+63,3.3533913225425483e+64,1.322505475640576e+66,0.0005264209638828502,0.0001440733675036649,-3.4574696954550187e+47,0.008753008016748231,0.05498586122573175,0.010937426165980091,0.007248126913294255,-0.00022832052667722154
LOCAL_NEUTRAL_HAZARD_PRIMARY,1,1,2,5.85,100.0,11,cycling_eq_slack;shape_cycling_slack,2.460766867076958e+62,8.733633755086243e+62,3.432989462286518e+64,1.359136170204135e-05,3.615648652779465e-06,-9.001851123302916e+45,0.00022521748596043609,0.0014291878808162888,0.0002840658657757095,0.0001836856705607044,-7.0068007552105595e-06
LOCAL_NEUTRAL_HAZARD_PRIMARY,1,1,2,5.85,100.0,12,cycling_eq_slack;m_eq_nonnegative;k_eq_G1;k_eq_G2a,1.8255550502356792e+65,2.3075801595533268e+64,2.288152346780049e+66,0.010454085218145401,0.006403818625768735,-2.868334222910055e+49,-0.16475265814932397,0.4686523922488989,-0.20617334050832015,-0.17313518295292346,0.014685991433881329
LOCAL_NEUTRAL_HAZARD_PRIMARY,1,1,2,5.85,100.0,13,cycling_eq_slack,1.9226190175315934e+65,2.0163614005014765e+65,4.540514447794668e+66,0.008801264379957287,0.0044189323806416644,-4.241246186119705e+48,0.16147092468114455,0.42066567764129936,0.15063018508494874,0.18621639344804916,0.018216149289512512
LOCAL_NEUTRAL_HAZARD_PRIMARY,1,1,2,5.85,100.0,14,cycling_eq_slack;m_eq_nonnegative;k_eq_G1;k_eq_G2a;shape_cycling_slack,2.256924839270465e+64,1.992679442951675e+65,2.6428560840021093e+66,0.0013197592867206817,0.0007525129444949595,-3.507429496048727e+48,-0.013149074543825717,0.34099926904810063,-0.016757206946815317,-0.004130167453944924,-0.0012928974179444858
LOCAL_NEUTRAL_HAZARD_PRIMARY,1,1,2,5.85,100.0,15,cycling_eq_slack,4.5410518243014344e+64,6.499320489030372e+64,1.2811158268874663e+66,0.0021228668614313067,0.0009958836384181147,-1.020900539185028e+48,0.039205058713655316,0.12395911436611548,0.03823947086224426,0.043502819994010344,0.0036917572012922784
LOCAL_NEUTRAL_HAZARD_PRIMARY,1,1,2,5.85,100.0,16,cycling_eq_slack,4.514424594097929e+63,6.562733787846557e+63,1.2858020306703965e+65,0.0002151121213114613,9.679082373980442e-05,-1.1492270327094725e+47,0.0038771211523994193,0.012493661790138694,0.003879014697993682,0.004301773364052559,0.0002947839539666807
LOCAL_NEUTRAL_HAZARD_PRIMARY,1,1,2,5.85,100.0,17,cycling_eq_slack,1.193268689158076e+62,1.681917283471618e+62,3.335275776356658e+63,5.704410150828039e-06,2.5449065136020026e-06,-3.080437623336559e+45,0.00010166073900960473,0.0003232591172783808,0.00010218579389141143,0.00011089570442528404,7.9119378164756e-06
LOCAL_NEUTRAL_HAZARD_PRIMARY,1,1,2,5.85,300.0,0,M_eq_nonnegative;cycling_eq_slack;m_eq_nonnegative;k_eq_G1;k_eq_G2a;shape_cycling_slack,-1.8213077291016636e+65,3.801565194872654e+65,1.1277115251833483e+67,0.003160057870763715,0.0009189232931755408,-9.408167652491383e+49,-1.33351710295871,1.6261766824707145,-1.3274859533536565,-1.6211992281867542,-0.06699057488774351
LOCAL_NEUTRAL_HAZARD_PRIMARY,1,1,2,5.85,300.0,1,cycling_eq_slack;shape_cycling_slack,1.3616599430227933e+65,2.431631802569399e+65,2.1116885070442683e+67,0.00766585801009425,0.0022128116310867565,-7.001404370788757e+48,0.10439021039690953,0.45621525955855746,0.13372593777885652,0.09255586049422368,-0.006790610944074821
LOCAL_NEUTRAL_HAZARD_PRIMARY,1,1,2,5.85,300.0,2,cycling_eq_slack;shape_cycling_slack,7.025288296019385e+64,1.4337935243651018e+65,1.1899131789963111e+67,0.003977287032929793,0.001051083194954074,-3.269672700959239e+48,0.05898149340677635,0.25674270540121513,0.07646156295182543,0.04977444671378509,-0.0037929565766262885
LOCAL_NEUTRAL_HAZARD_PRIMARY,1,1,2,5.85,300.0,3,cycling_eq_slack;shape_cycling_slack,3.42275089055944e+64,7.20927788843576e+64,5.922684474581893e+66,0.001977363821602999,0.0004846235416641036,-1.6923297548579676e+48,0.02866807463247364,0.12846124443861054,0.0382601841441178,0.023415311258071267,-0.0024204857530813334
LOCAL_NEUTRAL_HAZARD_PRIMARY,1,1,2,5.85,300.0,4,cycling_eq_slack;shape_cycling_slack,3.444304311586193e+63,7.223149952080601e+63,5.942317127255579e+65,0.0002090598676590789,4.339639602854063e-05,-2.041384697290177e+47,0.00273670868215757,0.013028578070859536,0.003937163703523558,0.0020322889723011946,-0.00038072943481450234
LOCAL_NEUTRAL_HAZARD_PRIMARY,1,1,2,5.85,300.0,5,cycling_eq_slack;shape_cycling_slack,8.814957290464288e+61,1.8873474891345809e+62,1.5425122343143816e+64,5.364569708622241e-06,1.09490294935963e-06,-5.228483444824549e+45,7.043791808203972e-05,0.00033876568598165076,0.0001016829964183867,5.195336196140356e-05,-9.952480509444627e-06
LOCAL_NEUTRAL_HAZARD_PRIMARY,1,1,2,5.85,300.0,6,M_eq_mass_cap_slack;cycling_eq_slack,1.5554795500986069e+66,-7.548637817043824e+65,2.3173015321868085e+67,0.07247019663728088,0.038134421326110834,-5.47512265061676e+49,1.0479686465630917,0.1352505972927016,0.9174058342560003,1.2770689659758445,0.14277914058654773
LOCAL_NEUTRAL_HAZARD_PRIMARY,1,1,2,5.85,300.0,7,cycling_eq_slack,1.2279522086822783e+66,3.056711903631328e+65,4.6140835486926327e+67,0.06283416499079232,0.024901320453386517,-5.041841784316675e+49,0.9440544249682231,1.3224669080022569,1.0257996176147834,1.0406904793322707,0.014883365502949664
LOCAL_NEUTRAL_HAZARD_PRIMARY,1,1,2,5.85,300.0,8,cycling_eq_slack;shape_cycling_slack,5.688800310371555e+65,2.9483258841920674e+65,2.6108477478317702e+67,0.030313354511286947,0.010193652398957784,-2.368704986509138e+49,0.4587866109558174,0.8176826179123404,0.5405284894767892,0.4403676969637884,-0.005033622638112578
LOCAL_NEUTRAL_HAZARD_PRIMARY,1,1,2,5.85,300.0,9,cycling_eq_slack;shape_cycling_slack,2.7110737140558197e+65,1.5874430382446916e+65,1.3005654548924956e+67,0.014703352780858181,0.00459808809236638,-1.1501257089950714e+49,0.22434798541461726,0.4109240067370628,0.2722029019916911,0.20875588300829878,-0.006336673425583389
LOCAL_NEUTRAL_HAZARD_PRIMARY,1,1,2,5.85,300.0,10,cycling_eq_slack;shape_cycling_slack,2.4904841382962818e+64,1.8223550958639873e+64,1.3071951133737905e+66,0.0014109422184919187,0.00038974385071001243,-1.2559246769066219e+48,0.019940757531399067,0.04379811171108092,0.025764660782507193,0.01778308332546066,-0.0014848364652618462
LOCAL_NEUTRAL_HAZARD_PRIMARY,1,1,2,5.85,300.0,11,cycling_eq_slack;shape_cycling_slack,6.391391507871817e+62,4.803009114291384e+62,3.393683215878569e+64,3.645150413868669e-05,9.791937553418581e-06,-3.261454252935701e+46,0.0005142521807614237,0.0011401531860153013,0.0006712681189240319,0.0004527345998450176,-4.159876625320542e-05
LOCAL_NEUTRAL_HAZARD_PRIMARY,1,1,2,5.85,300.0,12,M_eq_mass_cap_slack;cycling_eq_slack;m_eq_nonnegative;k_eq_G1;k_eq_G2a,2.967627319482757e+65,-9.113142532917453e+64,2.1739451198553414e+66,0.022169964196179892,0.01428357651531428,-9.913293777898053e+49,-0.9120026016642875,1.2159023357638623,-1.0179768054293927,-0.997466103975247,0.0029600668124436513
LOCAL_NEUTRAL_HAZARD_PRIMARY,1,1,2,5.85,300.0,13,M_eq_mass_cap_slack;cycling_eq_slack,4.9161715253624665e+65,-9.771911073293966e+64,4.241159197011581e+66,0.023144273964379597,0.011732467612430696,-1.7090382452551385e+49,0.34529322169643206,0.23684338062601185,0.31430432332743546,0.41514408977454376,0.03990725197914263
LOCAL_NEUTRAL_HAZARD_PRIMARY,1,1,2,5.85,300.0,14,cycling_eq_slack;m_eq_nonnegative;k_eq_G1;k_eq_G2a;shape_cycling_slack,4.054788640730119e+64,1.8128930628057096e+65,2.6248774459875126e+66,0.002926903087176986,0.0017779816655677763,-1.1993156010503848e+49,-0.08460947403608503,0.4124596685403599,-0.09501806715870498,-0.05868109853541913,-0.008686664713853764
LOCAL_NEUTRAL_HAZARD_PRIMARY,1,1,2,5.85,300.0,15,M_eq_mass_cap_slack;cycling_eq_slack,1.166859604850466e+65,-6.2822373517285515e+63,1.209840384645434e+66,0.005608758205834215,0.0026535418719941996,-4.075085687336268e+48,0.0857147137568959,0.07744945932287489,0.08270170463560247,0.09910340255949336,0.007617541426302707
LOCAL_NEUTRAL_HAZARD_PRIMARY,1,1,2,5.85,300.0,16,M_eq_mass_cap_slack;cycling_eq_slack,1.1589271852673974e+64,-5.121134707294885e+62,1.215053558084636e+65,0.0005683984643613416,0.0002583524132001373,-4.472659365935159e+47,0.008441705545904407,0.007929077396633706,0.008395318133093181,0.009897966683836416,0.0005310850716053698
LOCAL_NEUTRAL_HAZARD_PRIMARY,1,1,2,5.85,300.0,17,M_eq_mass_cap_slack;cycling_eq_slack,3.058930057896383e+62,-1.8374408526668876e+61,3.1487096394828275e+63,1.506358408989368e-05,6.779256213077178e-06,-1.1971377507666724e+46,0.00021993500953946046,0.0002049848467485251,0.0002201760301827847,0.00025226767369020185,1.4341914283908717e-05
LOCAL_NEUTRAL_HAZARD_PRIMARY,1,2,2,5.85,100.0,0,cycling_eq_slack,8.070786278478181e+64,1.1731788379231722e+65,1.1018807539350961e+67,0.00347382305071056,0.0021971660716789874,-2.1999871854378137e+48,0.12926567876973188,0.16567725276201634,0.12322560560978361,0.14188209611628444,0.012265547793428838
LOCAL_NEUTRAL_HAZARD_PRIMARY,1,2,2,5.85,100.0,1,cycling_eq_slack,1.1871393023301447e+64,3.6745778153591777e+65,2.1249858903548178e+67,0.0006124842112284454,0.00020856867347557418,-3.4394671638263988e+47,0.019052848429262557,0.5459265075074413,0.021726419783994994,0.013468331301099255,0.0013444749398589667
LOCAL_NEUTRAL_HAZARD_PRIMARY,1,2,2,5.85,100.0,2,cycling_eq_slack,5.695564496686941e+63,2.079366709000171e+65,1.1968577115521721e+67,0.00030127946137860904,9.168069265065308e-05,-1.665047034300039e+47,0.009143883413697193,0.3090436193060689,0.010687171897997118,0.005920284776984298,0.0006114135880409283
LOCAL_NEUTRAL_HAZARD_PRIMARY,1,2,2,5.85,100.0,3,cycling_eq_slack,2.771629300874488e+63,1.0354865848907751e+65,5.95657301291017e+66,0.00014921155728145016,4.1678941916055464e-05,-8.154727043530239e+46,0.004450682737979859,0.1539045710817983,0.005292924896167257,0.0026914195149754733,0.0002857583316130353
LOCAL_NEUTRAL_HAZARD_PRIMARY,1,2,2,5.85,100.0,4,cycling_eq_slack,2.8896725063909846e+62,1.0378487013027695e+64,5.976311262107894e+65,1.602714542022486e-05,3.814197887565099e-06,-8.59634551722616e+45,0.0004642046024427163,0.015424084101883714,0.0005685248418739426,0.0002463019970431742,2.7662404367094625e-05
LOCAL_NEUTRAL_HAZARD_PRIMARY,1,2,2,5.85,100.0,5,cycling_eq_slack,7.359336912331766e+60,2.695249849057692e+62,1.5512247824035174e+64,4.097408644176549e-07,9.537084914511782e-08,-2.192432200220477e+44,1.1822834923954392e-05,0.00040057340639214817,1.4534582050923428e-05,6.158576795589739e-06,6.974072804543269e-07
LOCAL_NEUTRAL_HAZARD_PRIMARY,1,2,2,5.85,100.0,6,cycling_eq_slack,1.5099441618375457e+65,6.4962135221047e+65,2.4587598974770197e+67,0.006598184844212112,0.003998748215952727,-4.1357662291042415e+48,0.24187818604169717,0.9505726232211225,0.23405490477905133,0.2582193426494515,0.022498622683088998
LOCAL_NEUTRAL_HAZARD_PRIMARY,1,2,2,5.85,100.0,7,cycling_eq_slack,1.0816731930428687e+65,1.4254560797411244e+66,4.7279964643087417e+67,0.005184099432209324,0.0023481735628795,-3.054404301848409e+48,0.17344929785847668,2.110755604780422,0.1838935900735249,0.15163341152978796,0.014046189419564231
LOCAL_NEUTRAL_HAZARD_PRIMARY,1,2,2,5.85,100.0,8,cycling_eq_slack,4.809612629857873e+64,8.156164931577835e+65,2.6640155770390936e+67,0.0023946330092433233,0.0009430057199447664,-1.3760766754722407e+48,0.07715791134932254,1.20927042631253,0.08494390717939111,0.06089463601318405,0.0058401050656730485
LOCAL_NEUTRAL_HAZARD_PRIMARY,1,2,2,5.85,100.0,9,cycling_eq_slack,2.2388866967651558e+64,4.0746280826239956e+65,1.3259794961693175e+67,0.001138155345914005,0.000412498503078465,-6.4526713672993e+47,0.03592621823724218,0.6043022137097283,0.04037335227814162,0.026637109054245885,0.002612410176279452
LOCAL_NEUTRAL_HAZARD_PRIMARY,1,2,2,5.85,100.0,10,cycling_eq_slack,2.098393004542617e+63,4.102999933706007e+64,1.3305455591429008e+66,0.00011004768945886313,3.48517354805621e-05,-6.115391827017061e+46,0.003368476806052891,0.06086768788140683,0.0039036798885746372,0.0022505523578806147,0.0002295687691059537
LOCAL_NEUTRAL_HAZARD_PRIMARY,1,2,2,5.85,100.0,11,cycling_eq_slack,5.358939566022983e+61,1.0658506665560903e+63,3.4536501904012353e+64,2.8299231751040357e-06,8.680472596712811e-07,-1.5656743696068136e+45,8.603267658105756e-05,0.0015812804851224683,0.00010038478989596982,5.6054190130491065e-05,5.774535259026544e-06
LOCAL_NEUTRAL_HAZARD_PRIMARY,1,2,2,5.85,100.0,12,cycling_eq_slack,1.1962076056583128e+65,8.60105460532699e+64,2.3520960685444358e+66,0.005044175909621543,0.003374540016210302,-3.2397467323408955e+48,0.19155028543038088,0.11472049721922933,0.17893013610415615,0.21791107058299355,0.01865265970620522
LOCAL_NEUTRAL_HAZARD_PRIMARY,1,2,2,5.85,100.0,13,cycling_eq_slack,4.6492129202089e+64,3.4740591260121797e+65,4.688216971694975e+66,0.002057542324575303,0.0012019756528589944,-1.2786239235263954e+48,0.0744857812623107,0.5121926945532072,0.0729864173598862,0.07761763086850083,0.0068101001707399356
LOCAL_NEUTRAL_HAZARD_PRIMARY,1,2,2,5.85,100.0,14,cycling_eq_slack,1.2992267498185082e+64,2.0884492518968707e+65,2.653521560111064e+66,0.0005741948066031359,0.00033678201108427726,-3.5715480801094074e+47,0.02081481608191896,0.3095932902632838,0.02036819427725058,0.021747713239710132,0.0019066534040250646
LOCAL_NEUTRAL_HAZARD_PRIMARY,1,2,2,5.85,100.0,15,cycling_eq_slack,1.0696472926381702e+64,9.970725020693635e+64,1.3163715934674743e+66,0.0004834001031498704,0.00026522638363328505,-2.961822833734737e+47,0.017140843375436265,0.147296348837256,0.01714746824835834,0.017127005436815373,0.0015214321723762275
LOCAL_NEUTRAL_HAZARD_PRIMARY,1,2,2,5.85,100.0,16,cycling_eq_slack,1.0653994358334902e+63,1.0011758946110995e+64,1.3208358085094906e+65,4.8955217790718295e-05,2.5505985659113574e-05,-2.966240243269854e+46,0.0017075876796531493,0.014790921340941121,0.0017365698459471538,0.0016470501504064962,0.00014788403660893467
LOCAL_NEUTRAL_HAZARD_PRIMARY,1,2,2,5.85,100.0,17,cycling_eq_slack,2.8352466511083734e+61,2.5916613075188567e+62,3.427660954895853e+63,1.3027953315557097e-06,6.787706346736898e-07,-7.893767248603674e+44,4.54424128894953e-05,0.00038279270003113583,4.6213563953294145e-05,4.383164371207865e-05,3.935513844549317e-06
LOCAL_NEUTRAL_HAZARD_PRIMARY,1,2,2,5.85,300.0,0,cycling_eq_slack,6.899933365217729e+64,1.2902641292492174e+65,1.1030516068483566e+67,0.0036671183226717483,0.0030730442461305288,-1.2517669033638484e+49,0.1309212028149335,0.16402172871681472,0.12322560560978361,0.14188209611628444,0.014068100402695488
LOCAL_NEUTRAL_HAZARD_PRIMARY,1,2,2,5.85,300.0,1,cycling_eq_slack,9.438418199894145e+63,3.6989075635932504e+65,2.1252291878371584e+67,0.0006465649057408277,0.0002917124791834278,-1.926680517029989e+48,0.01832004908277904,0.5466593068539248,0.021726419783994994,0.013468331301099288,0.0005465950311368158
LOCAL_NEUTRAL_HAZARD_PRIMARY,1,2,2,5.85,300.0,2,cycling_eq_slack,4.476294522703659e+63,2.091559408740004e+65,1.1969796385495705e+67,0.0003180436703130814,0.0001282282794472869,-9.306186201208118e+47,0.008720883372673897,0.3094666193470922,0.010687171897997118,0.005920284776984298,0.00015084653685467318
LOCAL_NEUTRAL_HAZARD_PRIMARY,1,2,2,5.85,300.0,3,cycling_eq_slack,2.160092285427656e+63,1.0416019550452435e+65,5.957184549925616e+66,0.00015751419334651136,5.8293833265897924e-05,-4.55054885990068e+47,0.004219832530070469,0.1541354212897077,0.005292924896167257,0.0026914195149754815,3.4406111255432664e-05
LOCAL_NEUTRAL_HAZARD_PRIMARY,1,2,2,5.85,300.0,4,cycling_eq_slack;shape_cycling_slack,2.219148649088931e+62,1.04455393987579e+64,5.976981785965197e+65,1.6918950036504964e-05,5.334689545350692e-06,-4.783957396898181e+46,0.00043561146123296645,0.015452677243093465,0.0005685248418739426,0.0002463019970431742,-3.4701191647444163e-06
LOCAL_NEUTRAL_HAZARD_PRIMARY,1,2,2,5.85,300.0,5,cycling_eq_slack;shape_cycling_slack,5.6407012359532794e+60,2.7124362058214767e+62,1.5513966459711552e+64,4.3254023291312923e-07,1.333894797447094e-07,-1.2196829553499611e+45,1.1079571977575907e-05,0.00040131666933852664,1.4534582050923428e-05,6.158576795589739e-06,-1.1186550978328172e-07
LOCAL_NEUTRAL_HAZARD_PRIMARY,1,2,2,5.85,300.0,6,cycling_eq_slack,1.2839542500521546e+65,6.722203433890091e+65,2.4610197965948734e+67,0.0069653301810050465,0.005592809007544882,-2.3502413222395177e+49,0.24402246971173086,0.9484283395510889,0.23405490477905186,0.2582193426494515,0.024833342094522093
LOCAL_NEUTRAL_HAZARD_PRIMARY,1,2,2,5.85,300.0,7,cycling_eq_slack,8.877585124899635e+64,1.4448475477964148e+66,4.729935611114271e+67,0.005472560270598249,0.003284249356175636,-1.7221310988079222e+49,0.17058662112605216,2.1136182815128466,0.1838935900735249,0.15163341152978796,0.010929275818414852
LOCAL_NEUTRAL_HAZARD_PRIMARY,1,2,2,5.85,300.0,8,cycling_eq_slack,3.8846848888725163e+64,8.248657705676371e+65,2.6649405047800788e+67,0.002527878494696086,0.0013189254736352182,-7.732750425499647e+48,0.07502384724592837,1.2114044904159242,0.08494390717939111,0.06089463601318405,0.003516512829688928
LOCAL_NEUTRAL_HAZARD_PRIMARY,1,2,2,5.85,300.0,9,cycling_eq_slack,1.791913861572276e+64,4.1193253661432837e+65,1.3264264690045103e+67,0.001201486161534428,0.0005769368860015492,-3.6193502970048714e+48,0.03470730297877061,0.6055211289681999,0.04037335227814162,0.02663710905424582,0.001285241968725405
LOCAL_NEUTRAL_HAZARD_PRIMARY,1,2,2,5.85,300.0,10,cycling_eq_slack,1.6558438922723978e+63,4.147254844933029e+64,1.330988108255171e+66,0.0001161711153651713,4.874502959367213e-05,-3.420631077971504e+47,0.00322178295835973,0.061014381729099995,0.0039036798885746372,0.0022505523578806147,6.984691022442289e-05
LOCAL_NEUTRAL_HAZARD_PRIMARY,1,2,2,5.85,300.0,11,cycling_eq_slack,4.2150971460102333e+61,1.0772890907562177e+63,3.454794032821248e+64,2.9873896786581285e-06,1.214085576455205e-06,-8.752117344391342e+45,8.20989049092417e-05,0.001585214256794284,0.00010038478989596982,5.6054190130491065e-05,1.4914018235182556e-06
LOCAL_NEUTRAL_HAZARD_PRIMARY,1,2,2,5.85,300.0,12,cycling_eq_slack,1.0299890428462849e+65,1.026324023344727e+65,2.3687179248256385e+66,0.005324850929631831,0.0047197664818426155,-1.8465016524449097e+49,0.19500934297990621,0.111261439669704,0.17893013610415615,0.21791107058299408,0.02241891923567091
LOCAL_NEUTRAL_HAZARD_PRIMARY,1,2,2,5.85,300.0,13,cycling_eq_slack,3.935228332861638e+64,3.5454575847469063e+65,4.6953568175684475e+66,0.0021720309434239415,0.0016811311678341725,-7.258357023161082e+48,0.07489674201183119,0.5117817338036867,0.0729864173598862,0.07761763086850083,0.007257558710228637
LOCAL_NEUTRAL_HAZARD_PRIMARY,1,2,2,5.85,300.0,14,cycling_eq_slack,1.1002542999782693e+64,2.1083464968808944e+65,2.6555112846094666e+66,0.0006061449490487492,0.0004710367753730791,-2.0276918031772915e+48,0.020937230681404767,0.30947087566379805,0.02036819427725058,0.021747713239710132,0.002039939753054564
LOCAL_NEUTRAL_HAZARD_PRIMARY,1,2,2,5.85,300.0,15,cycling_eq_slack,8.983649708929636e+63,1.0142007342438842e+65,1.3180844166849264e+66,0.0005102981209937295,0.0003709562161240929,-1.678368464405295e+48,0.017139027563586266,0.147298164649106,0.01714746824835834,0.017127005436815373,0.0015194550966595444
LOCAL_NEUTRAL_HAZARD_PRIMARY,1,2,2,5.85,300.0,16,cycling_eq_slack,8.891459449867448e+62,1.018801243695774e+64,1.322598343417958e+65,5.167925180127068e-05,3.567369052432665e-05,-1.6784971406374372e+47,0.0016996439558088843,0.014798865064785387,0.0017365698459471538,0.0016470501504064962,0.00013923482357921417
LOCAL_NEUTRAL_HAZARD_PRIMARY,1,2,2,5.85,300.0,17,cycling_eq_slack,2.3662023949223915e+61,2.638565733137455e+62,3.4323513974577125e+63,1.375287273152357e-06,9.493557270224504e-07,-4.466822554872756e+45,4.5231048044614444e-05,0.0003830040648760167,4.621356395098597e-05,4.383164371398344e-05,3.7053775007766363e-06
LOCAL_NEUTRAL_HAZARD_PRIMARY,2,1,2,5.75,100.0,0,cycling_eq_slack;m_eq_nonnegative;k_eq_G1;k_eq_G2a;shape_cycling_slack,1.0472874693367315e+65,9.14450385573134e+64,7.966361564162032e+66,0.010308150006361929,0.0044556446803794775,-1.9193991556701056e+49,-0.40253598459407797,0.5666016230329494,-0.37833309298485734,-0.47362971154871336,-0.08287378555229735
LOCAL_NEUTRAL_HAZARD_PRIMARY,2,1,2,5.75,100.0,6,M_eq_mass_cap_slack,1.4600737461867e+66,-6.610984920660518e+65,1.652876758552091e+67,0.07561743397134342,0.04033056910212477,2.805769259046279e+49,0.3022701408380986,0.3659352711953377,0.2598038962076185,0.36630822487742776,0.07530501682091395
LOCAL_NEUTRAL_HAZARD_PRIMARY,2,1,2,5.75,100.0,12,M_eq_mass_cap_slack;cycling_eq_slack;m_eq_nonnegative;k_eq_G1;k_eq_G2a;shape_cycling_slack,4.711689128370586e+65,-2.620451308582686e+65,1.3261572792024103e+66,0.02709826170113124,0.01656439042529194,-1.1705441893754155e+49,-0.3304097951931643,0.5053058788734068,-0.3375683906530395,-0.3568557681199609,-0.0599188655296658
LOCAL_NEUTRAL_HAZARD_PRIMARY,2,1,2,5.75,100.0,13,M_eq_mass_cap_slack,5.853409678655863e+65,-1.8475289803179096e+65,2.8575358934750304e+66,0.029416875742460075,0.01580009880661286,1.542029026534867e+49,0.20613425703864102,0.12888878013110622,0.1829238044505504,0.2502845165703661,0.04729686911760547
LOCAL_NEUTRAL_HAZARD_PRIMARY,2,1,2,5.75,100.0,14,cycling_eq_slack;m_eq_nonnegative;k_eq_G1;k_eq_G2a;shape_cycling_slack,7.269785778271179e+64,1.5290705365413502e+65,1.866276335115708e+66,0.0039721830835631935,0.0023188942279195844,-3.2627754402500667e+47,-0.01838305767268611,0.20706277212684773,-0.022930978500187504,-0.010235754951835891,-0.0036040254231473924
LOCAL_NEUTRAL_HAZARD_PRIMARY,2,1,2,5.75,100.0,15,M_eq_mass_cap_slack,1.3601725166736347e+65,-2.3738413849415937e+64,8.289695810708473e+65,0.007068877504111873,0.0034530991812197417,3.558008534601543e+48,0.04836329292915145,0.04553864796306033,0.04572893306725649,0.053956902412242685,0.010717666533780257
LOCAL_NEUTRAL_HAZARD_PRIMARY,2,1,2,5.75,100.0,16,M_eq_mass_cap_slack,1.3533482050339625e+64,-2.2681874193950162e+63,8.328673088599633e+64,0.0007118226523812021,0.00033686621800654273,3.4894492474312893e+47,0.0047899921594114474,0.0046314896721293755,0.004560179609387732,0.005371558919874651,0.0010315331689372724
LOCAL_NEUTRAL_HAZARD_PRIMARY,2,1,2,5.75,100.0,17,M_eq_mass_cap_slack,3.558707707020238e+62,-6.346891109489561e+61,2.1571935775997925e+63,1.880367726576318e-05,8.80701678500477e-06,9.067475115970186e+45,0.00012388962158728297,0.00012065425392130731,0.00011892268466936231,0.0001369360407774474,2.6657050804861294e-05
LOCAL_NEUTRAL_HAZARD_PRIMARY,2,1,2,5.75,300.0,0,cycling_eq_slack;m_eq_nonnegative;k_eq_G1;k_eq_G2a;shape_cycling_slack,1.3971210826082897e+65,5.646167723015758e+64,7.931378202834876e+66,0.023428901855999794,0.009521265015655707,-6.924323287291661e+49,-1.4085005772556876,1.5725662156945588,-1.3284927719623043,-1.6396637235526899,-0.29245308678032256
LOCAL_NEUTRAL_HAZARD_PRIMARY,2,1,2,5.75,300.0,1,M_eq_mass_cap_slack,4.926334423615278e+65,-1.168518007986674e+65,1.49679825554115e+67,0.029215728712920126,0.009247674746882756,1.207318153962312e+49,0.18167662367133286,0.1326001018468711,0.20374313827890464,0.16242358751973215,0.0314852359703989
LOCAL_NEUTRAL_HAZARD_PRIMARY,2,1,2,5.75,300.0,2,M_eq_mass_cap_slack,2.5151777574746475e+65,-3.988345523573189e+64,8.455658412459656e+66,0.015263738869797119,0.0043054767878993126,6.431689494610495e+48,0.09941093513693744,0.07758478232567692,0.11580520185581587,0.08056343193718961,0.01696376480093037
LOCAL_NEUTRAL_HAZARD_PRIMARY,2,1,2,5.75,300.0,3,M_eq_mass_cap_slack,1.284956416812365e+65,-2.316967427161248e+64,4.204883524851985e+66,0.007917020006223779,0.002052133320402613,3.394013281373648e+48,0.053324924583136125,0.03476213579550804,0.06359560390423268,0.040239548397409994,0.009052081682259891
LOCAL_NEUTRAL_HAZARD_PRIMARY,2,1,2,5.75,300.0,4,M_eq_mass_cap_slack,1.2440965535312031e+64,-1.8732746131585293e+63,4.223408153176962e+65,0.0007956121878453165,0.00018004405734485247,2.964946089852674e+47,0.0047325579960276615,0.004105498289772259,0.00587463146960761,0.003386871721122952,0.0007060107480210522
LOCAL_NEUTRAL_HAZARD_PRIMARY,2,1,2,5.75,300.0,5,M_eq_mass_cap_slack,3.158124536046928e+62,-4.151758794683976e+61,1.0969378516501322e+64,2.0271766848947887e-05,4.5142870305608585e-06,7.469943118009589e+45,0.00011957359484521123,0.00010982689381859032,0.0001489932193281649,8.515993855617197e-05,1.7588059277433787e-05
LOCAL_NEUTRAL_HAZARD_PRIMARY,2,1,2,5.75,300.0,6,M_eq_mass_cap_slack,3.919702498844512e+66,-3.1207272447238633e+66,1.4069138832863096e+67,0.20669838967492948,0.11059060730821785,5.544432435604549e+49,0.4186044968541339,0.24960091517930239,0.30858313879340754,0.5710732861285504,0.11858250196780995
LOCAL_NEUTRAL_HAZARD_PRIMARY,2,1,2,5.75,300.0,7,M_eq_mass_cap_slack;m_eq_upper_slack,4.178372998424157e+66,-2.647892094412875e+66,3.028023883151118e+67,0.2288923847012383,0.09705638717032426,1.013743688427603e+50,1.41914124860738,-0.13915714672212087,1.4033889424029091,1.5595684168171737,0.28031302229733046
LOCAL_NEUTRAL_HAZARD_PRIMARY,2,1,2,5.75,300.0,8,M_eq_mass_cap_slack,1.9399305150171965e+66,-1.0779876994248376e+66,1.7466618644958277e+67,0.1109349299342091,0.04037295370860499,4.76359476623069e+49,0.6943642852342209,0.026502664363671213,0.7391337056948741,0.6795236342621329,0.1283437118485351
LOCAL_NEUTRAL_HAZARD_PRIMARY,2,1,2,5.75,300.0,9,M_eq_mass_cap_slack,9.244391078236674e+65,-4.954682268979177e+65,8.733793826297845e+66,0.05390239972485717,0.0181913761815313,2.284075409348657e+49,0.3397458107687074,0.01901456730434481,0.3718327767579723,0.3174877054992065,0.06069849363677443
LOCAL_NEUTRAL_HAZARD_PRIMARY,2,1,2,5.75,300.0,10,M_eq_mass_cap_slack,8.580594222556672e+64,-4.276592279145086e+64,8.832354348644541e+65,0.00517211410090388,0.0015496336928642457,2.0366498045613497e+48,0.030944473748251978,0.005051101548448882,0.03525947962459858,0.027306781744898603,0.00510000395180954
LOCAL_NEUTRAL_HAZARD_PRIMARY,2,1,2,5.75,300.0,11,M_eq_mass_cap_slack,2.1691768728460094e+63,-1.0520306168135999e+63,2.2983250114640673e+64,0.0001317189361356498,3.852225832967473e-05,5.05265742209924e+46,0.0007705904999748638,0.00016371024396410322,0.0008842911015905779,0.0006772957458488939,0.00012362995137462035
LOCAL_NEUTRAL_HAZARD_PRIMARY,2,1,2,5.75,300.0,12,M_eq_mass_cap_slack;cycling_eq_slack;m_eq_nonnegative;k_eq_G1;k_eq_G2a;shape_cycling_slack,1.1222089527573767e+66,-9.130851707785866e+65,6.7511723928209215e+65,0.06913005923490526,0.04276034177631069,-5.400122709505915e+49,-1.3161095728539842,1.4910056565342267,-1.3160302850455232,-1.4457019519845824,-0.2503021037716713
LOCAL_NEUTRAL_HAZARD_PRIMARY,2,1,2,5.75,300.0,13,M_eq_mass_cap_slack;m_eq_upper_slack,1.5997272178280619e+66,-1.1991391479942664e+66,1.843149643512555e+66,0.0813496600369325,0.043885587367144666,3.6657803999771564e+49,0.4559002545503117,-0.12087721738056445,0.39119069867125594,0.5773870334805827,0.10603319661196953
LOCAL_NEUTRAL_HAZARD_PRIMARY,2,1,2,5.75,300.0,14,cycling_eq_slack;m_eq_nonnegative;k_eq_G1;k_eq_G2a;shape_cycling_slack,1.8401683671116677e+65,4.158807472568005e+64,1.754957356187253e+66,0.010438091397748431,0.0061944858434597955,-3.171719402168564e+48,-0.09253003681510152,0.2812097512692632,-0.1049575253858787,-0.07082567584168456,-0.0190483774070071
LOCAL_NEUTRAL_HAZARD_PRIMARY,2,1,2,5.75,300.0,15,M_eq_mass_cap_slack;m_eq_upper_slack,3.7188738723245717e+65,-2.596085494145096e+65,5.930994455057536e+65,0.01956866873606701,0.00958726561466675,8.447591178563611e+48,0.10750989785201309,-0.013607956959801312,0.09987405209943118,0.123727964473369,0.023818763798292716
LOCAL_NEUTRAL_HAZARD_PRIMARY,2,1,2,5.75,300.0,16,M_eq_mass_cap_slack;m_eq_upper_slack,3.699479465708909e+64,-2.5729500026144481e+64,5.982541827924685e+64,0.0019700158276384112,0.0009358487483831985,8.243638595463934e+47,0.010622202685359579,-0.0012007208538187559,0.009909264679401807,0.012427319425399574,0.0022600829188592526
LOCAL_NEUTRAL_HAZARD_PRIMARY,2,1,2,5.75,300.0,17,M_eq_mass_cap_slack;m_eq_upper_slack,9.721107681108103e+62,-6.797089085036821e+62,1.540953580191006e+63,5.202273458008714e-05,2.4448445129714315e-05,2.1305111257016433e+46,0.00027231114214266126,-2.776726663407099e-05,0.00025666384037226843,0.0003133142877817419,5.784684132825561e-05
LOCAL_NEUTRAL_HAZARD_PRIMARY,2,2,2,5.75,100.0,0,cycling_eq_slack,4.765192233444105e+64,1.4852186315654551e+65,8.015166370986193e+66,0.0034281038447479656,0.0029947008269562885,-7.647384422344284e+48,0.07466394617978904,0.09778415959130836,0.07151784244810269,0.07842643506776138,0.014095263348472442
LOCAL_NEUTRAL_HAZARD_PRIMARY,2,2,2,5.75,100.0,1,cycling_eq_slack,1.4470073448438872e+64,3.6131156811442154e+65,1.5430300420753494e+67,0.0013521837208625113,0.0007168770812089885,-2.6893464492504685e+48,0.023912633782300824,0.30642116748925696,0.028209548686132062,0.018773866609622367,0.0031105039825932504
LOCAL_NEUTRAL_HAZARD_PRIMARY,2,2,2,5.75,100.0,2,cycling_eq_slack,7.037812429727767e+63,2.045965080820051e+65,8.691214436950878e+66,0.0006917433478217548,0.00032758574925897553,-1.3482244853183061e+48,0.011766197100856777,0.17427261331950128,0.014431299051758018,0.00857894794101849,0.0013847558480131836
LOCAL_NEUTRAL_HAZARD_PRIMARY,2,2,2,5.75,100.0,3,cycling_eq_slack,3.468701572358236e+63,1.0185726583726579e+65,4.325469207570596e+66,0.00035324953758095185,0.00015383986812161075,-6.790198244171661e+47,0.0058482252349958234,0.08673939304865368,0.00736956811045408,0.004028820615224877,0.0006362214115303976
LOCAL_NEUTRAL_HAZARD_PRIMARY,2,2,2,5.75,100.0,4,cycling_eq_slack,3.366427446396314e+62,1.023104817751387e+64,4.339995325605594e+65,3.6310592618038284e-05,1.367642718826424e-05,-6.829141424520245e+46,0.000575656880372402,0.008713954763399055,0.0007575194217154819,0.0003581638002649896,5.412674477648196e-05
LOCAL_NEUTRAL_HAZARD_PRIMARY,2,2,2,5.75,100.0,5,cycling_eq_slack,8.529165377033327e+60,2.657657002808197e+62,1.1265095672186586e+64,9.262569388201643e-07,3.426124107315186e-07,-1.737652626624707e+45,1.4609894101593556e-05,0.00022651116030966326,1.9323772212586702e-05,8.972472222193314e-06,1.3476980244590134e-06
LOCAL_NEUTRAL_HAZARD_PRIMARY,2,2,2,5.75,100.0,6,cycling_eq_slack,1.6119961724970353e+65,6.377756368709447e+65,1.7809205046112835e+67,0.011346324683746339,0.01028557041015387,-2.5574533741928685e+49,0.25157941361296426,0.4507660541377079,0.23670947493040354,0.2693626731077117,0.048623642330143574
LOCAL_NEUTRAL_HAZARD_PRIMARY,2,2,2,5.75,100.0,7,cycling_eq_slack,1.3456908794652245e+65,1.3959118160647594e+66,3.428872629296216e+67,0.010896731278770055,0.007705001222959376,-2.3030478609339766e+49,0.21569553203064704,1.1296857183490516,0.22732996026019853,0.20178168472461747,0.03523541160220589
LOCAL_NEUTRAL_HAZARD_PRIMARY,2,2,2,5.75,100.0,8,cycling_eq_slack,5.939818775097341e+64,8.025446278413855e+65,1.9327261302623927e+67,0.005188568964116153,0.003166636610953749,-1.061242743073364e+49,0.09671644499831482,0.6609811518538298,0.10824504580725616,0.08292915883840478,0.014128969165611835
LOCAL_NEUTRAL_HAZARD_PRIMARY,2,2,2,5.75,100.0,9,cycling_eq_slack,2.757307121877497e+64,4.0139780970697478e+65,9.620761191047094e+66,0.002501142685089226,0.0014127137101869122,-5.035573944085903e+48,0.04526534708605713,0.33182487249378273,0.05217937862835849,0.03699671735621002,0.006210827123780141
LOCAL_NEUTRAL_HAZARD_PRIMARY,2,2,2,5.75,100.0,10,cycling_eq_slack,2.504764199161185e+63,4.053525523495468e+64,9.655434475083527e+65,0.00024065136158183528,0.00012001544816779377,-4.7329785673256875e+47,0.004165522534065839,0.03366914434147101,0.005020520655726056,0.003143013040947463,0.0005136617432107997
LOCAL_NEUTRAL_HAZARD_PRIMARY,2,2,2,5.75,100.0,11,cycling_eq_slack,6.325062884562511e+61,1.0538956271867845e+63,2.5063397769242722e+64,6.150171821985751e-06,2.985358248613613e-06,-1.2038148730735055e+46,0.00010548004339197396,0.0008765561406980452,0.00012830621221332202,7.81817678518706e-05,1.269587177562482e-05
LOCAL_NEUTRAL_HAZARD_PRIMARY,2,2,2,5.75,100.0,12,cycling_eq_slack,9.11519581115724e+64,1.1797182386721763e+65,1.7043321638190153e+66,0.006024391893484398,0.0060582530040268765,-1.3999517114054152e+49,0.1406981076080622,0.043133794211395016,0.12568216419229278,0.15865597710716467,0.028966254427816807
LOCAL_NEUTRAL_HAZARD_PRIMARY,2,2,2,5.75,100.0,13,cycling_eq_slack,5.723255516972018e+64,3.4335551466407517e+65,3.382115719883709e+66,0.00404177189746675,0.0036435429656745608,-9.095776944166451e+48,0.08937435280156728,0.26276573393041913,0.08432031783898526,0.09541857511840392,0.017213211913454388
LOCAL_NEUTRAL_HAZARD_PRIMARY,2,2,2,5.75,100.0,14,cycling_eq_slack,1.0956132084595217e+64,2.1464877935225163e+65,1.926030816417983e+66,0.0007623496637354474,0.0007045257539750091,-1.7278029163900485e+48,0.017063772461464812,0.1812559955573257,0.015904303256427214,0.018450405062279417,0.0033379076929943817
LOCAL_NEUTRAL_HAZARD_PRIMARY,2,2,2,5.75,100.0,15,cycling_eq_slack,1.2993283740443678e+64,9.928555407750385e+64,9.510045390963238e+65,0.000963179076079095,0.0007989777475200721,-2.118763695912222e+48,0.020471978949235893,0.0782276146352236,0.020094049810617166,0.020923952026338347,0.003736486103629543
LOCAL_NEUTRAL_HAZARD_PRIMARY,2,2,2,5.75,100.0,16,cycling_eq_slack,1.2825423044155058e+63,9.982752326529103e+63,9.543844010772543e+64,9.719329342033462e-05,7.755437038648464e-05,-2.1163980246010185e+47,0.0020291965379037502,0.007873649121099809,0.002027667468853689,0.0020310251824114953,0.00036085413225544214
LOCAL_NEUTRAL_HAZARD_PRIMARY,2,2,2,5.75,100.0,17,cycling_eq_slack,3.384137031652152e+61,2.585604892906067e+62,2.4766473516253136e+63,2.5744843510641405e-06,2.0402221371398724e-06,-5.5960725207879074e+45,5.3582263908816305e-05,0.00020345588564308912,5.370944829595656e-05,5.343016154480877e-05,9.484246537087192e-06
LOCAL_NEUTRAL_HAZARD_PRIMARY,2,2,2,5.75,300.0,0,M_eq_nonnegative;cycling_eq_slack,-2.9098415419664107e+64,2.2527220091065064e+65,8.091916708740298e+66,0.0021625292252579857,0.004770453308361068,-3.1454277853021733e+49,0.07642250407813074,0.09602560169296666,0.07151784244810269,0.07842643506776113,0.016166196744633515
LOCAL_NEUTRAL_HAZARD_PRIMARY,2,2,2,5.75,300.0,1,M_eq_nonnegative;cycling_eq_slack,-1.5155336415225417e+64,3.909369779780858e+65,1.545992583061716e+67,0.0008529895670352017,0.0011419600291817616,-1.0966687299013337e+49,0.021510814170783273,0.30882298710077455,0.028209548686132062,0.01877386660962243,0.00028204524959585947
LOCAL_NEUTRAL_HAZARD_PRIMARY,2,2,2,5.75,300.0,2,M_eq_nonnegative;cycling_eq_slack;shape_cycling_slack,-8.06316762804293e+63,2.196974881397758e+65,8.70631541700865e+66,0.00043636811304131537,0.0005218326008587402,-5.488860124541796e+48,0.010276501755328548,0.1757623086650295,0.014431299051758018,0.00857894794101849,-0.0003695565030724171
LOCAL_NEUTRAL_HAZARD_PRIMARY,2,2,2,5.75,300.0,3,M_eq_nonnegative;cycling_eq_slack;shape_cycling_slack,-4.2240832548124754e+63,1.0955005066443651e+65,4.333161992397767e+66,0.00022283818793821913,0.0002450615103961706,-2.7612675558241305e+48,0.00499784973631882,0.08758976854733068,0.00736956811045408,0.004028820615224877,-0.00036520766916573605
LOCAL_NEUTRAL_HAZARD_PRIMARY,2,2,2,5.75,300.0,4,M_eq_nonnegative;cycling_eq_slack;shape_cycling_slack,-4.511180913945338e+62,1.1018809013548036e+64,4.347872933965936e+65,2.290558316757118e-05,2.1786068491230534e-05,-2.7720412694262573e+47,0.00047400231467253885,0.008815609329098919,0.0007575194217154819,0.0003581638002649886,-6.558488665663964e-05
LOCAL_NEUTRAL_HAZARD_PRIMARY,2,2,2,5.75,300.0,5,M_eq_nonnegative;cycling_eq_slack;shape_cycling_slack,-1.155730237455914e+61,2.858521680324122e+62,1.1285182139938178e+64,5.843048492726983e-07,5.457695451738664e-07,-7.051851369309802e+45,1.1975007177677133e-05,0.00022914604723357968,1.9323772212586763e-05,8.972472222193314e-06,-1.7552281464632245e-06
LOCAL_NEUTRAL_HAZARD_PRIMARY,2,2,2,5.75,300.0,6,M_eq_nonnegative;cycling_eq_slack,-9.334991112992436e+64,8.923251652505725e+65,1.8063754574492463e+67,0.007157530763094937,0.016384552657091003,-1.0526631336242442e+50,0.2598911701055115,0.4424542976451607,0.23670947493040354,0.2693626731077117,0.05841182963828148
LOCAL_NEUTRAL_HAZARD_PRIMARY,2,2,2,5.75,300.0,7,M_eq_nonnegative;cycling_eq_slack,-1.0686139778943237e+65,1.6373423018007141e+66,3.453015677869811e+67,0.006873916578176352,0.012273796515543944,-9.435576487115128e+49,0.2091923085514922,1.1361889418282065,0.22732996026019853,0.20178168472461697,0.027577009966195193
LOCAL_NEUTRAL_HAZARD_PRIMARY,2,2,2,5.75,300.0,8,M_eq_nonnegative;cycling_eq_slack,-5.486012673402696e+64,9.168029423263858e+65,1.944151961710893e+67,0.003273072383544641,0.0050443409776111505,-4.3370858508267686e+49,0.0902723752096434,0.6674252216425012,0.10824504580725641,0.08292915883840478,0.00654022878627239
LOCAL_NEUTRAL_HAZARD_PRIMARY,2,2,2,5.75,300.0,9,M_eq_nonnegative;cycling_eq_slack,-2.73462345122766e+64,4.563171154380264e+65,9.675680496778146e+66,0.0015777801367751032,0.0022504033564440477,-2.0554048632790233e+49,0.041400654178561196,0.33568956540127864,0.05217937862835849,0.03699671735621002,0.001659642533504757
LOCAL_NEUTRAL_HAZARD_PRIMARY,2,2,2,5.75,300.0,10,M_eq_nonnegative;cycling_eq_slack;shape_cycling_slack,-2.757177615836155e+63,4.579719704995202e+64,9.708053893233501e+65,0.00015180858751293416,0.00019118039659019528,-1.9282932134002674e+48,0.00368760958899374,0.03414705728654311,0.005020520655726056,0.0031430130409474707,-4.914365508786305e-05
LOCAL_NEUTRAL_HAZARD_PRIMARY,2,2,2,5.75,300.0,11,M_eq_nonnegative;cycling_eq_slack;shape_cycling_slack,-7.111127037509692e+61,1.1882575264075065e+63,2.5197759668463444e+64,3.879674277014251e-06,4.755570908970033e-06,-4.90264534564797e+46,9.272104276991351e-05,0.0008893151413201057,0.00012830621221332202,7.81817678518706e-05,-2.3295308652437836e-06
LOCAL_NEUTRAL_HAZARD_PRIMARY,2,2,2,5.75,300.0,12,M_eq_nonnegative;cycling_eq_slack,-4.483574768756886e+64,2.539595296663589e+65,1.8403198696181567e+66,0.003800329314418752,0.009650584400887226,-5.774349262772744e+49,0.14909147545187929,0.03474042636757793,0.12568216419229278,0.15865597710716467,0.03885054984420064
LOCAL_NEUTRAL_HAZARD_PRIMARY,2,2,2,5.75,300.0,13,M_eq_nonnegative;cycling_eq_slack,-3.341429546577352e+64,4.340023652995689e+65,3.472762570519203e+66,0.002549645590080103,0.005804036062067589,-3.7434647395732086e+49,0.0921993750703589,0.25994071166162747,0.08432031783898526,0.09541857511840417,0.02054004747960536
LOCAL_NEUTRAL_HAZARD_PRIMARY,2,2,2,5.75,300.0,14,M_eq_nonnegative;cycling_eq_slack,-6.165595622432423e+63,2.3177050705927923e+65,1.9431525441250105e+66,0.0004809082520120435,0.0011222847984089196,-7.114457408503446e+48,0.017711873701060483,0.18060789431773003,0.015904303256427214,0.018450405062279417,0.004101132209194648
LOCAL_NEUTRAL_HAZARD_PRIMARY,2,2,2,5.75,300.0,15,M_eq_nonnegative;cycling_eq_slack,-8.511702171553331e+63,1.2079053998950087e+65,9.725095250083208e+65,0.0006075962093065365,0.0012727435090195208,-8.705975037117752e+48,0.02068322763281802,0.07801636595164146,0.020094049810617166,0.020923952026338347,0.00398525923423719
LOCAL_NEUTRAL_HAZARD_PRIMARY,2,2,2,5.75,300.0,16,M_eq_nonnegative;cycling_eq_slack,-8.83217269830991e+62,1.21485119007756e+64,9.760419968197193e+64,6.131183506665361e-05,0.0001235413899972406,-8.68989945331952e+47,0.002030051232053866,0.007872794426949693,0.002027667468853689,0.0020310251824114953,0.0003618606471166518
LOCAL_NEUTRAL_HAZARD_PRIMARY,2,2,2,5.75,300.0,17,M_eq_nonnegative;cycling_eq_slack,-2.3506279094474805e+61,3.15908138701603e+62,2.53399500103631e+63,1.6240457998448066e-06,3.250002256104542e-06,-2.297445143434907e+46,5.3511172446530644e-05,0.0002035269771053748,5.3709448301805777e-05,5.343016154579408e-05,9.400526978584181e-06
LOCAL_NEUTRAL_HAZARD_PRIMARY,3,1,2,5.65,100.0,0,M_eq_nonnegative;kappa_eq_G1;kappa_eq_G2a,-3.007688045661589e+65,4.950392746315143e+65,1.0746639438546403e+67,-0.01609735350482182,-0.008637119792199242,9.331861003551315e+48,0.12541354483364006,0.23383315182820705,0.13727303392283674,0.1050149443114403,0.01313818140943121
LOCAL_NEUTRAL_HAZARD_PRIMARY,3,1,2,5.65,100.0,1,M_eq_nonnegative;kappa_eq_G1;kappa_eq_G2a,-1.204697587611566e+65,4.926054952747492e+65,2.0130107665099713e+67,-0.007512527098806697,-0.0023221144311221633,4.465836130565982e+48,0.00848123494687033,0.6796755086248979,0.005514909984082321,0.004487956714433037,0.004317993256822284
LOCAL_NEUTRAL_HAZARD_PRIMARY,3,1,2,5.65,100.0,2,M_eq_nonnegative;kappa_eq_G1;kappa_eq_G2a,-5.830538726907189e+64,2.678863913001405e+65,1.1327419291774151e+67,-0.003779767793469464,-0.0010267080233539885,2.4832441446698353e+48,0.007315719118692128,0.38024335435194684,0.005474423832059833,0.004842490533908861,0.002932702120002186
LOCAL_NEUTRAL_HAZARD_PRIMARY,3,1,2,5.65,100.0,3,M_eq_nonnegative;kappa_eq_G1;kappa_eq_G2a,-2.874125721366685e+64,1.330453320294944e+65,5.637143150494677e+66,-0.0019105044696224652,-0.00047473728151498545,1.3322056235923227e+48,0.004557986675805662,0.18832204451653378,0.003619012610872952,0.0028762782074054282,0.0017213914216753856
LOCAL_NEUTRAL_HAZARD_PRIMARY,3,1,2,5.65,100.0,4,M_eq_nonnegative;kappa_eq_G1;kappa_eq_G2a,-2.8827353390977708e+63,1.334789651144247e+64,5.655916212201566e+65,-0.0001975689966585619,-4.27582810874564e-05,1.4359693263142636e+47,0.0004278915056013092,0.01892437845047529,0.0003223320320321494,0.0002107619944090016,0.00019129091727289153
LOCAL_NEUTRAL_HAZARD_PRIMARY,3,1,2,5.65,100.0,5,M_eq_nonnegative;kappa_eq_G1;kappa_eq_G2a,-7.305471623026015e+61,3.4468832086553894e+62,1.4678720172783173e+64,-5.030178263994606e-06,-1.0682172275892555e-06,3.6929281005347924e+45,1.1299015477974911e-05,0.0004910082839008015,8.62652736907593e-06,5.517870031307601e-06,4.9840276535812445e-06
LOCAL_NEUTRAL_HAZARD_PRIMARY,3,1,2,5.65,100.0,6,M_eq_nonnegative;kappa_eq_G1;kappa_eq_G2a;m_eq_nonnegative;k_eq_G1;k_eq_G2a;shape_cycling_slack,-1.265667702852109e+66,2.0628681924347896e+66,2.454741801952087e+67,-0.06437069464625707,-0.03563575377827494,1.9910935677553353e+49,-0.05427682820635321,1.5284671277585133,-0.009428152469327516,-0.12371523340966961,-0.01802969532111337
LOCAL_NEUTRAL_HAZARD_PRIMARY,3,1,2,5.65,100.0,7,M_eq_nonnegative;kappa_eq_G1;kappa_eq_G2a,-1.0044117591171898e+66,2.531493004352474e+66,4.560188093960765e+67,-0.05782409305256414,-0.02379609917632968,3.116028298019921e+49,0.16231951908735825,2.6615728238944616,0.1580258896461088,0.14250804877517206,0.028948745994286346
LOCAL_NEUTRAL_HAZARD_PRIMARY,3,1,2,5.65,100.0,8,M_eq_nonnegative;kappa_eq_G1;kappa_eq_G2a,-4.468932796806279e+65,1.3069214608272019e+66,2.5563487712826234e+67,-0.02727330288564752,-0.009450846110621417,1.6955935663601196e+49,0.0946354978829089,1.4957363327358357,0.08612155999496966,0.08525841399706026,0.020486541073252734
LOCAL_NEUTRAL_HAZARD_PRIMARY,3,1,2,5.65,100.0,9,M_eq_nonnegative;kappa_eq_G1;kappa_eq_G2a,-2.1108185266874906e+65,6.390998601439617e+65,1.2711084689210479e+67,-0.013171770909417232,-0.004240733651291991,8.54834610507174e+48,0.04443887157750797,0.7470558689537082,0.04048151161029899,0.03604975427503462,0.010761107061340383
LOCAL_NEUTRAL_HAZARD_PRIMARY,3,1,2,5.65,100.0,10,M_eq_nonnegative;kappa_eq_G1;kappa_eq_G2a,-1.902276224702035e+64,6.196717684254936e+64,1.2731879956778216e+66,-0.0012417957456779545,-0.0003471810979080564,9.007795917207754e+47,0.005367150826474605,0.07404604603422443,0.004963170228475465,0.004124165986259053,0.0013148544900452221
LOCAL_NEUTRAL_HAZARD_PRIMARY,3,1,2,5.65,100.0,11,M_eq_nonnegative;kappa_eq_G1;kappa_eq_G2a,-4.8387618222074805e+62,1.5985409201476792e+63,3.303697474942668e+64,-3.1803795660316055e-05,-8.64952512160578e-06,2.32578982624349e+46,0.00013475155829183308,0.0019264964782779027,0.00012399638113091223,0.00010149489076910854,3.4045912021896145e-05
LOCAL_NEUTRAL_HAZARD_PRIMARY,3,1,2,5.65,100.0,12,M_eq_nonnegative;kappa_eq_G1;kappa_eq_G2a,-4.775516110037294e+65,6.903534729461182e+65,2.8037103039994273e+66,-0.025405668134586834,-0.014424289001945081,1.6877082056427505e+49,0.37912143320543534,0.014393679619356059,0.3617862582514061,0.4597655204091622,0.035529623333733995
LOCAL_NEUTRAL_HAZARD_PRIMARY,3,1,2,5.65,100.0,13,M_eq_nonnegative;kappa_eq_G1;kappa_eq_G2a,-3.7743625335482104e+65,7.850698870138813e+65,4.833320764131122e+66,-0.0202985247110752,-0.010266440250082953,9.925640905498064e+48,0.11478196692309837,0.6390178066143725,0.10667185105001231,0.1474030741146064,0.010370668091798346
LOCAL_NEUTRAL_HAZARD_PRIMARY,3,1,2,5.65,100.0,14,M_eq_nonnegative;kappa_eq_G1;kappa_eq_G2a,-4.746062389352834e+64,2.770334862568245e+65,2.5569448200743902e+66,-0.0028180172136605093,-0.001339261731386569,2.743898207512422e+48,0.06693237241889465,0.35759582489011377,0.06237779027409582,0.08090179248667832,0.007406893147718613
LOCAL_NEUTRAL_HAZARD_PRIMARY,3,1,2,5.65,100.0,15,M_eq_nonnegative;kappa_eq_G1;kappa_eq_G2a,-8.205520758277605e+64,1.963088114450572e+65,1.3309729163116774e+66,-0.004656953092111709,-0.0020896888520416696,2.79334421129833e+48,0.03633309889945131,0.17494569069439453,0.0329597825014427,0.045433492879740536,0.0042119425297187235
LOCAL_NEUTRAL_HAZARD_PRIMARY,3,1,2,5.65,100.0,16,M_eq_nonnegative;kappa_eq_G1;kappa_eq_G2a,-8.019740488520864e+63,1.948316970786114e+64,1.3332764562954083e+65,-0.0004631834382684655,-0.00020044223692805097,2.9743721796711828e+47,0.003899267690922646,0.01729900849628928,0.0036079320943408107,0.00460460414730701,0.0004817072946971205
LOCAL_NEUTRAL_HAZARD_PRIMARY,3,1,2,5.65,100.0,17,M_eq_nonnegative;kappa_eq_G1;kappa_eq_G2a,-2.1076609872185483e+62,5.083107374570358e+62,3.463256662622493e+63,-1.2256894757553242e-05,-5.201681598258205e-06,7.967813771659382e+45,0.0001052220399214099,0.00044500017624503287,9.607152779147321e-05,0.00012692181625071106,1.3127008407403908e-05
LOCAL_NEUTRAL_HAZARD_PRIMARY,3,1,2,5.65,300.0,0,M_eq_nonnegative;kappa_eq_G1;kappa_eq_G2a,-1.0281693465491337e+66,1.2224398166144892e+66,1.1474039980529378e+67,-0.05414379990422104,-0.02903812018608522,2.5625486128246175e+49,0.2229317473573848,0.1363149493044623,0.26158587987687454,0.155281595196747,0.020150525975926287
LOCAL_NEUTRAL_HAZARD_PRIMARY,3,1,2,5.65,300.0,1,M_eq_nonnegative;kappa_eq_G1;kappa_eq_G2a;m_eq_nonnegative;k_eq_G1;k_eq_G2a,-4.0209583924042495e+65,7.742315757540175e+65,2.0411733745578983e+67,-0.024718435764722234,-0.007686970795022829,1.2903394337522353e+49,-0.022842249562879634,0.7109989931346479,-0.037390221332195446,-0.02252013308477797,0.007355276097874133
LOCAL_NEUTRAL_HAZARD_PRIMARY,3,1,2,5.65,300.0,2,M_eq_nonnegative;kappa_eq_G1;kappa_eq_G2a;m_eq_nonnegative;k_eq_G1;k_eq_G2a,-1.953558112316353e+65,4.049368152627039e+65,1.1464469715736714e+67,-0.012461919486193915,-0.003413190186411304,7.219618264555964e+48,-0.0024314739629611015,0.38999054743360007,-0.011458910623269302,-0.002221433144913054,0.00601536286551319
LOCAL_NEUTRAL_HAZARD_PRIMARY,3,1,2,5.65,300.0,3,M_eq_nonnegative;kappa_eq_G1;kappa_eq_G2a;k_eq_G1,-9.652108221073683e+64,2.0082515702656438e+65,5.7049229754917465e+66,-0.006306950428015484,-0.001581437835130899,3.8873407907746525e+48,0.001357591217970979,0.1915224399743685,-0.0034715640813209724,0.000697350223387504,0.003773801606148641
LOCAL_NEUTRAL_HAZARD_PRIMARY,3,1,2,5.65,300.0,4,M_eq_nonnegative;kappa_eq_G1;kappa_eq_G2a;k_eq_G1;k_eq_G2a,-9.674202370038361e+63,2.013936354238306e+64,5.723830882510971e+65,-0.0006517262580088349,-0.0001421916637846639,4.2125293236852454e+47,5.7546934935284906e-05,0.019294723021141318,-0.0005004073094787213,-6.790707450798743e-05,0.0004381525873086572
LOCAL_NEUTRAL_HAZARD_PRIMARY,3,1,2,5.65,300.0,5,M_eq_nonnegative;kappa_eq_G1;kappa_eq_G2a;k_eq_G1;k_eq_G2a,-2.4527117612136083e+62,5.169047807566397e+62,1.4850936632674275e+64,-1.6597131407553012e-05,-3.5536073836954902e-06,1.083931411784752e+46,2.6812520545584437e-06,0.000499626047324218,-1.1597046169979824e-05,-1.0131949744580742e-06,1.150423735179383e-05
LOCAL_NEUTRAL_HAZARD_PRIMARY,3,1,2,5.65,300.0,6,M_eq_nonnegative;kappa_eq_G1;kappa_eq_G2a;m_eq_nonnegative;k_eq_G1;k_eq_G2a;shape_cycling_slack,-4.191058183081791e+66,4.988258672664472e+66,2.747280849975055e+67,-0.21126605095423456,-0.11699284383744768,5.266578210886076e+49,-0.6250707888948474,2.0992610884470073,-0.47476128088386793,-0.8668448957969621,-0.11264906497804694
LOCAL_NEUTRAL_HAZARD_PRIMARY,3,1,2,5.65,300.0,7,M_eq_nonnegative;kappa_eq_G1;kappa_eq_G2a,-3.373798743293773e+66,4.900879988529058e+66,4.797126792378423e+67,-0.191344296713434,-0.07926080116037913,8.784076830480647e+49,0.055589156718529625,2.76830318626329,0.027003744306489663,0.030448845392722246,0.03445830564108212
LOCAL_NEUTRAL_HAZARD_PRIMARY,3,1,2,5.65,300.0,8,M_eq_nonnegative;kappa_eq_G1;kappa_eq_G2a,-1.5063271759671412e+66,2.366355357113715e+66,2.662292160911275e+67,-0.09035829050013834,-0.03162402624685357,4.851987671492799e+49,0.08493347656689976,1.505438354051845,0.04429621629103028,0.08966196497503662,0.03784137392299233
LOCAL_NEUTRAL_HAZARD_PRIMARY,3,1,2,5.65,300.0,9,M_eq_nonnegative;kappa_eq_G1;kappa_eq_G2a,-7.114253630994685e+65,1.1394433705746812e+66,1.3211428199641198e+67,-0.04362852324092111,-0.014179011699179357,2.4601226259871394e+49,0.03941720765460677,0.7520775328766094,0.01836622142571162,0.034259482313321134,0.02126798347952827
LOCAL_NEUTRAL_HAZARD_PRIMARY,3,1,2,5.65,300.0,10,M_eq_nonnegative;kappa_eq_G1;kappa_eq_G2a,-6.443123771511591e+64,1.0737565231064491e+65,1.3185964711459172e+66,-0.004123942575432611,-0.001166737286797562,2.611383760200622e+48,0.0072111111411660754,0.07220208571953296,0.004854746928834702,0.005979075267372418,0.0029193977597408403
LOCAL_NEUTRAL_HAZARD_PRIMARY,3,1,2,5.65,300.0,11,M_eq_nonnegative;kappa_eq_G1;kappa_eq_G2a,-1.63850510207834e+63,2.7531698400052713e+63,3.419160366928428e+64,-0.00010558956338481391,-2.9061274309067243e-05,6.751602296859099e+46,0.0001786703149802312,0.0018825777215895046,0.00011584847135497622,0.00014556929148059806,7.622535893521656e-05
LOCAL_NEUTRAL_HAZARD_PRIMARY,3,1,2,5.65,300.0,12,M_eq_nonnegative;kappa_eq_G1;kappa_eq_G2a;m_eq_upper_slack,-1.6744274776604328e+66,1.8872293396028215e+66,4.0005861706561306e+66,-0.08681616261493538,-0.04993196673638211,4.5511598200287994e+49,0.8373830313316235,-0.4438679185068321,0.8081505865366643,1.029025276670001,0.06810947722804972
LOCAL_NEUTRAL_HAZARD_PRIMARY,3,1,2,5.65,300.0,13,M_eq_nonnegative;kappa_eq_G1;kappa_eq_G2a,-1.2803306582258051e+66,1.687964291884865e+66,5.7362151690021064e+66,-0.06765039932886889,-0.03463002850013644,2.6972520441219244e+49,0.16534468633243968,0.5884550872050311,0.14892832757425167,0.24568186961010538,0.008497246051667212
LOCAL_NEUTRAL_HAZARD_PRIMARY,3,1,2,5.65,300.0,14,M_eq_nonnegative;kappa_eq_G1;kappa_eq_G2a,-1.7322504090919853e+65,4.027979032724947e+65,2.6827092370900605e+66,-0.009838755780094391,-0.0048292000979635605,7.587704393897148e+48,0.16179107260255263,0.2627371247064558,0.15023779498253434,0.1989686634118174,0.017287557685680355
LOCAL_NEUTRAL_HAZARD_PRIMARY,3,1,2,5.65,300.0,15,M_eq_nonnegative;kappa_eq_G1;kappa_eq_G2a,-2.8099673205516375e+65,3.952503359174449e+65,1.529914440784065e+66,-0.015600312289917572,-0.0071267752698432755,7.743478402336096e+48,0.06650826973651293,0.1447705198573329,0.05728296992148042,0.09176977003412935,0.007340408046432947
LOCAL_NEUTRAL_HAZARD_PRIMARY,3,1,2,5.65,300.0,16,M_eq_nonnegative;kappa_eq_G1;kappa_eq_G2a,-2.754459276689799e+64,3.900802198623827e+64,1.5285249790791795e+65,-0.0015547147787305956,-0.0006848443582589441,8.298555513139476e+47,0.007435477768320306,0.013762798418891622,0.006595486210585444,0.009470059151518176,0.0009171566021462527
LOCAL_NEUTRAL_HAZARD_PRIMARY,3,1,2,5.65,300.0,17,M_eq_nonnegative;kappa_eq_G1;kappa_eq_G2a,-7.245366787836914e+62,1.0220813175188725e+63,3.977027242684329e+63,-4.114692711928244e-05,-1.7809952813329126e-05,2.2255268573068864e+46,0.00020278549070924448,0.0003474367254571983,0.00017615875048607372,0.00026586075849271767,2.5413600435336795e-05
LOCAL_NEUTRAL_HAZARD_PRIMARY,3,2,2,5.65,300.0,0,M_eq_mass_cap_slack,2.1046899958002445e+65,-1.619852951466901e+64,1.0233991049628497e+67,0.008950474619645916,0.004351242820907819,1.1419060753010448e+49,0.0791294915813336,0.23479101243340567,0.07853922623842502,0.0812655740562642,0.010224565077997655
LOCAL_NEUTRAL_HAZARD_PRIMARY,3,2,2,5.65,300.0,12,M_eq_mass_cap_slack,4.297254157548672e+65,-2.169235538124785e+65,1.8961191584714223e+66,0.01719610284232715,0.010216562320146269,2.3337924120003463e+49,0.1595353081111364,0.18432996247659714,0.15089351894125408,0.19080865766417243,0.018062688874038557
LOCAL_NEUTRAL_HAZARD_PRIMARY,4,1,2,5.55,100.0,0,kappa_eq_G2a,1.8917666591105675e+65,3.136763692237168e+63,1.244844444043487e+67,0.0038687691408104646,-0.00034281796034499085,4.452190469214692e+49,0.21339400102575135,0.06695941859673771,0.22568299537317343,0.18150127169048644,0.007946192631546611
LOCAL_NEUTRAL_HAZARD_PRIMARY,4,1,2,5.55,100.0,1,kappa_eq_G1;kappa_eq_G2a;m_eq_nonnegative;k_eq_G1;k_eq_G2a,9.144738328042888e+63,3.5924217988346215e+65,2.4198911363083745e+67,-0.0007321066404436602,-0.0005252614175592742,1.2152107670022108e+49,-0.00499587265278623,0.5420282186404254,-0.007355108518000735,-0.004875038057633386,0.0015011426123790455
LOCAL_NEUTRAL_HAZARD_PRIMARY,4,1,2,5.55,100.0,2,kappa_eq_G1;kappa_eq_G2a;m_eq_nonnegative;k_eq_G1;k_eq_G2a,5.7029493278699294e+63,2.017667790943514e+65,1.3627894164742907e+67,-0.00034957696417619823,-0.00023639662031983184,6.212806506653146e+48,-0.0010727956809494683,0.30352098118365667,-0.002501341534265192,-0.0010933714006964284,0.0010115453835730264
LOCAL_NEUTRAL_HAZARD_PRIMARY,4,1,2,5.55,100.0,3,kappa_eq_G1;kappa_eq_G2a;m_eq_nonnegative;k_eq_G1;k_eq_G2a,2.9973334644239963e+63,1.002560037138007e+65,6.782158315394303e+66,-0.00017898457293521208,-0.00011234141582262209,3.1551576854993115e+48,-0.00041088046660344227,0.15093300585879382,-0.0012199043071372713,-0.00047097109108917325,0.0005935668651335202
LOCAL_NEUTRAL_HAZARD_PRIMARY,4,1,2,5.55,100.0,4,kappa_eq_G1;kappa_eq_G2a;m_eq_nonnegative;k_eq_G1;k_eq_G2a,3.0606550563886655e+62,1.0053671801465873e+64,6.804702854675317e+65,-1.807675095432492e-05,-1.005717342973816e-05,3.1178300144754352e+47,-2.8740907045288135e-05,0.015131106802285627,-0.00011694421746406597,-6.12399486647424e-05,7.225040497534985e-05
LOCAL_NEUTRAL_HAZARD_PRIMARY,4,1,2,5.55,100.0,5,kappa_eq_G1;kappa_eq_G2a;m_eq_nonnegative;k_eq_G1;k_eq_G2a,8.1530434175646e+60,2.6074418056784996e+62,1.7662070197287926e+64,-4.4854172071980485e-07,-2.5012892065708637e-07,7.949453881218374e+45,-2.2347894980599445e-07,0.0003922203167515804,-2.433769515435807e-06,-1.2928859072235622e-06,1.8980844637796815e-06
LOCAL_NEUTRAL_HAZARD_PRIMARY,4,1,2,5.55,100.0,6,kappa_eq_G1;kappa_eq_G2a;m_eq_nonnegative;k_eq_G1;k_eq_G2a;shape_cycling_slack,5.381989372635633e+64,7.414606597240708e+65,2.811290258486695e+67,-0.005907284806123641,-0.008037390933263212,1.1453190244907969e+50,-0.09089896298744535,1.2502544129891238,-0.057294315615152386,-0.17099052883396917,-0.006993358768243113
LOCAL_NEUTRAL_HAZARD_PRIMARY,4,1,2,5.55,100.0,7,kappa_eq_G1;kappa_eq_G2a,1.404864100337912e+65,1.382917092277441e+66,5.3814414770876636e+67,-0.003813875899551111,-0.005139006990470243,1.132817724460582e+50,0.03744115868717482,2.1833677687956263,0.03612804194178243,0.022736349544624723,0.006362882973559608
LOCAL_NEUTRAL_HAZARD_PRIMARY,4,1,2,5.55,100.0,8,kappa_eq_G1;kappa_eq_G2a,7.95780045629504e+64,7.78378929511756e+65,3.0306975213443505e+67,-0.0014510264446746892,-0.0019294135985279592,5.273513747684218e+49,0.03793108688044593,1.212793632931584,0.03305980629824043,0.03437903443714417,0.006029483719338563
LOCAL_NEUTRAL_HAZARD_PRIMARY,4,1,2,5.55,100.0,9,kappa_eq_G1;kappa_eq_G2a,3.532570979949283e+64,3.9166148140234163e+65,1.5087425204096466e+67,-0.0007888413220339566,-0.0009011387881407317,2.476066636217536e+49,0.014653537163376654,0.6078059521992192,0.012204756311242002,0.01090506505162555,0.003377248733737539
LOCAL_NEUTRAL_HAZARD_PRIMARY,4,1,2,5.55,100.0,10,kappa_eq_G1;kappa_eq_G2a,3.4814341635946985e+63,3.9359555340833827e+64,1.5138324959258386e+66,-7.603504025390217e-05,-7.940946471059987e-05,2.3683118744862636e+48,0.0015356410232937536,0.06091770886679621,0.0012679888665594057,0.0009517223649907311,0.00041282415509535
LOCAL_NEUTRAL_HAZARD_PRIMARY,4,1,2,5.55,100.0,11,kappa_eq_G1;kappa_eq_G2a,9.450370654687854e+61,1.017476530889072e+63,3.928887944503305e+64,-1.725306982419463e-06,-1.884966065201436e-06,6.007860357419417e+46,4.801037329390193e-05,0.0015730280677597045,4.100383466775512e-05,3.2029125098759295e-05,1.1302456688524089e-05
LOCAL_NEUTRAL_HAZARD_PRIMARY,4,1,2,5.55,100.0,12,M_eq_mass_cap_slack;m_eq_upper_slack,4.660092615950512e+65,-2.493304230583474e+65,2.3482235798192558e+66,0.009886050544882388,0.0013375173838132948,9.327885679473468e+49,0.5515596472223131,-0.23568647357602696,0.5333862107308729,0.6316354034874677,0.013994409846613709
LOCAL_NEUTRAL_HAZARD_PRIMARY,4,1,2,5.55,100.0,13,kappa_eq_G2a,1.2217288803036288e+65,2.9288730685483757e+65,5.26864441327195e+66,0.0006092304950254816,-0.0013676772542760137,4.994291740139032e+49,0.10665645602240537,0.49841592620944697,0.10019187452897192,0.13518863499828804,0.0014032174993227203
LOCAL_NEUTRAL_HAZARD_PRIMARY,4,1,2,5.55,100.0,15,kappa_eq_G2a,3.5028315142362823e+64,8.130684263089927e+64,1.4759370556691983e+66,0.00030195105255480037,-0.00020056839966109484,1.2170364331477292e+49,0.0337078241830948,0.13588490457918811,0.030953631473907617,0.04286580311742666,0.0009281451398179819
LOCAL_NEUTRAL_HAZARD_PRIMARY,4,1,2,5.55,100.0,16,kappa_eq_G2a,3.612515325806876e+63,8.059762849873838e+63,1.4798746923179838e+65,3.423331737189367e-05,-1.9847662420587975e-05,1.2270133654266391e+48,0.0035140303148731597,0.013501750164354422,0.0033027905394253333,0.004179288890360974,0.00011800485802857192
LOCAL_NEUTRAL_HAZARD_PRIMARY,4,1,2,5.55,100.0,17,kappa_eq_G2a,9.952988141756166e+61,2.0343563845846443e+62,3.835397597468867e+63,9.891299354578684e-07,-4.1128228839595964e-07,3.261132494686708e+46,9.860363040407676e-05,0.0003430577746270688,9.088186966058675e-05,0.00012220646726656697,3.316330984078585e-06
LOCAL_NEUTRAL_HAZARD_PRIMARY,4,1,2,5.55,300.0,0,M_eq_mass_cap_slack;kappa_eq_G2a;m_eq_upper_slack,4.534372026835746e+65,-2.611237730802807e+65,1.2184183903662351e+67,0.007130758082043375,-0.003112624782114306,1.3699474969228571e+50,0.4662985496529449,-0.18594513003045587,0.5032651157125381,0.3705927816240329,0.016855557498096918
LOCAL_NEUTRAL_HAZARD_PRIMARY,4,1,2,5.55,300.0,1,M_eq_nonnegative;kappa_eq_G1;kappa_eq_G2a;m_eq_nonnegative;k_eq_G1;k_eq_G2a,-8.111440187107342e+62,3.6919806223021575e+65,2.42088672454305e+67,-0.0034384188615219423,-0.001966771320417063,3.750768803974316e+49,-0.05838429548297859,0.5954166414706178,-0.06987515061721199,-0.04661022645077571,0.002983049036024067
LOCAL_NEUTRAL_HAZARD_PRIMARY,4,1,2,5.55,300.0,2,kappa_eq_G1;kappa_eq_G2a;m_eq_nonnegative;k_eq_G1;k_eq_G2a,2.5267416662719394e+63,2.0494298675594939e+65,1.3631070372404506e+67,-0.0017015499370660505,-0.0008960559308707208,1.9172115624885834e+49,-0.025613498883376412,0.32806168438608363,-0.0326399799627222,-0.018587233427283426,0.0022714819326550353
LOCAL_NEUTRAL_HAZARD_PRIMARY,4,1,2,5.55,300.0,3,kappa_eq_G1;kappa_eq_G2a;m_eq_nonnegative;k_eq_G1;k_eq_G2a,1.5550625983883396e+63,1.0169827457983636e+65,6.783600586260339e+66,-0.0008747915198744089,-0.0004263091007007907,9.73588218959989e+48,-0.012653423134409189,0.16317554852659955,-0.0166681695669574,-0.008727521162300786,0.0014002766644249515
LOCAL_NEUTRAL_HAZARD_PRIMARY,4,1,2,5.55,300.0,4,kappa_eq_G1;kappa_eq_G2a;m_eq_nonnegative;k_eq_G1;k_eq_G2a,1.7840988647781324e+62,1.0181327420626926e+64,6.805979410866927e+65,-8.872056724427255e-05,-3.797566662980375e-05,9.619826535564799e+47,-0.0012222274788227772,0.016324593374063116,-0.001678929080098433,-0.0008227396243282393,0.00018045329043223785
LOCAL_NEUTRAL_HAZARD_PRIMARY,4,1,2,5.55,300.0,5,kappa_eq_G1;kappa_eq_G2a;m_eq_nonnegative;k_eq_G1;k_eq_G2a,5.5573328190720535e+60,2.633398911663425e+62,1.7664665907886417e+64,-2.2290941232698693e-06,-9.46761032072019e-07,2.4526257044781566e+46,-2.9692655249558527e-05,0.00042168949305133294,-4.132385582379204e-05,-1.9962273532443697e-05,4.770797977216575e-06
LOCAL_NEUTRAL_HAZARD_PRIMARY,4,1,2,5.55,300.0,6,M_eq_nonnegative;kappa_eq_G1;kappa_eq_G2a;m_eq_nonnegative;k_eq_G1;k_eq_G2a;shape_cycling_slack,-9.606778860390267e+64,8.913483420543298e+65,2.826279026719721e+67,-0.027865537816152974,-0.029140308897161765,3.5368550048145725e+50,-0.6686406292729681,1.8279960792746466,-0.5623417035571853,-0.9225220903495747,-0.037140327333013756
LOCAL_NEUTRAL_HAZARD_PRIMARY,4,1,2,5.55,300.0,7,kappa_eq_G1;kappa_eq_G2a;m_eq_nonnegative;k_eq_G1;k_eq_G2a,1.5705875781131432e+65,1.3663447444999178e+66,5.3797842423099114e+67,-0.022311355337879497,-0.01993984526817959,3.4953434195621766e+50,-0.29339756234813874,2.51420648983094,-0.3106078978774571,-0.3030870910121313,0.0035392228708506224
LOCAL_NEUTRAL_HAZARD_PRIMARY,4,1,2,5.55,300.0,8,kappa_eq_G1;kappa_eq_G2a;m_eq_nonnegative;k_eq_G1;k_eq_G2a,1.1379079469102451e+65,7.441661393836818e+65,3.027276242331543e+67,-0.009629912845853187,-0.007742243104801636,1.6266454213735113e+50,-0.07780916969092054,1.3285338895029504,-0.10431827779505137,-0.057678458878936426,0.011014100975374044
LOCAL_NEUTRAL_HAZARD_PRIMARY,4,1,2,5.55,300.0,9,kappa_eq_G1;kappa_eq_G2a;m_eq_nonnegative;k_eq_G1;k_eq_G2a,4.7270143466549816e+64,3.7971704773528465e+65,1.5075480770429407e+67,-0.004894397190696965,-0.003565019354128802,7.637862249995978e+49,-0.04608663426790648,0.6685461236305024,-0.06084971927392478,-0.03812526658719798,0.006888181299104172
LOCAL_NEUTRAL_HAZARD_PRIMARY,4,1,2,5.55,300.0,10,kappa_eq_G1;kappa_eq_G2a;m_eq_nonnegative;k_eq_G1;k_eq_G2a,4.7944213993715315e+63,3.804656810505699e+64,1.5125195086900617e+66,-0.00047717488984810993,-0.0003140623539813108,7.304798018660486e+48,-0.0040583448959242464,0.06651169478601421,-0.005799492460174447,-0.003379720875381377,0.0009363811249323197
LOCAL_NEUTRAL_HAZARD_PRIMARY,4,1,2,5.55,300.0,11,kappa_eq_G1;kappa_eq_G2a;m_eq_nonnegative;k_eq_G1;k_eq_G2a,1.3953498518327563e+62,9.724452522526748e+62,3.9243848166396654e+64,-1.1550363848143183e-05,-7.548457770963845e-06,1.8528575013425084e+47,-7.673261298938512e-05,0.0016977710540429915,-0.0001228212057439874,-5.9732550930777226e-05,2.6263316090390003e-05
LOCAL_NEUTRAL_HAZARD_PRIMARY,4,1,2,5.55,300.0,12,M_eq_mass_cap_slack;kappa_eq_G2a;m_eq_upper_slack,1.1554180870395172e+66,-9.387392485028133e+65,1.6588147543747897e+66,0.02078098851799688,-0.0011242405968557227,2.868484723994392e+50,1.2855195965611534,-0.9696464229148674,1.2549467159809755,1.4632412779834167,0.026334742899566388
LOCAL_NEUTRAL_HAZARD_PRIMARY,4,1,2,5.55,300.0,13,kappa_eq_G1;kappa_eq_G2a;shape_cycling_slack,2.465832512917886e+65,1.6847694359341185e+65,5.144234050010525e+66,-0.0026975617286688425,-0.006585621422861307,1.5394733456081515e+50,0.13647076711216094,0.4686016151196914,0.12563061279415005,0.1997419349782818,-0.0034341862013437807
LOCAL_NEUTRAL_HAZARD_PRIMARY,4,1,2,5.55,300.0,15,kappa_eq_G1;kappa_eq_G2a,7.534213013796445e+64,4.099302763529764e+64,1.4356232406735967e+66,-0.0002317136778434973,-0.0011939537920029907,3.749818535091462e+49,0.05566144323620065,0.11393128552608228,0.0488482400842093,0.07932125637416595,0.0009258952149740832
LOCAL_NEUTRAL_HAZARD_PRIMARY,4,1,2,5.55,300.0,16,kappa_eq_G1;kappa_eq_G2a,7.82609653117609e+63,3.846181644504625e+63,1.4377388802642917e+65,-1.4065444735089042e-05,-0.00011753036604546574,3.780234312782569e+48,0.005939687469257557,0.011076093009970025,0.0053899443595392775,0.007713503568005287,0.00016828674033400343
LOCAL_NEUTRAL_HAZARD_PRIMARY,4,1,2,5.55,300.0,17,kappa_eq_G1;kappa_eq_G2a,2.182730641086823e+62,8.469245576734379e+61,3.716654414777746e+63,-1.3763863325304116e-07,-2.7880534423116636e-06,1.0046022395506073e+47,0.0001730924137972159,0.00026856899123392963,0.00015247313065012993,0.00023714677602816817,4.993681021388355e-06
LOCAL_NEUTRAL_HAZARD_PRIMARY,4,2,2,5.55,300.0,12,M_eq_mass_cap_slack,2.7783714838355426e+65,-6.115830984685043e+64,2.5413356758639996e+66,0.00654954762741201,0.001733521467599242,4.3906010319635364e+49,0.19939082023044494,0.10480274128985431,0.19321582528388886,0.23958554930481513,0.006395471467533276
RECOMBINATION_WEIGHTED_AUDITOR,1,1,2,5.85,100.0,0,cycling_eq_slack;m_eq_nonnegative;k_eq_G1;k_eq_G2a;shape_cycling_slack,3.2302290194948546e+62,1.9770272367514953e+65,1.1094661456021366e+67,0.0033037989702632154,0.0014728931212408143,-2.809677966028437e+49,-0.34197517749381273,0.6346347570058171,-0.34353922424651356,-0.42538625901315164,-0.012261203718584024
RECOMBINATION_WEIGHTED_AUDITOR,1,1,2,5.85,100.0,1,cycling_eq_slack;shape_cycling_slack,5.273225142642341e+64,3.2659692313279577e+65,2.1200318813318537e+67,0.0028697212780237837,0.0008237118949552049,-1.923557246173327e+48,0.04677167458254042,0.5138337953729266,0.057762140074396215,0.0389140291857839,-0.0007778492678377838
RECOMBINATION_WEIGHTED_AUDITOR,1,1,2,5.85,100.0,2,cycling_eq_slack;shape_cycling_slack,2.6902312058720084e+64,1.8672992333798396e+65,1.1942482360864585e+67,0.0014780404277891471,0.0003872972982399693,-8.934250264211967e+47,0.025329987544761845,0.2903942112632296,0.031850009030885265,0.020029646555822775,-0.0005424454575974937
RECOMBINATION_WEIGHTED_AUDITOR,1,1,2,5.85,100.0,3,cycling_eq_slack;shape_cycling_slack,1.3110912214804972e+64,9.320937557514703e+64,5.943801071272683e+66,0.0007344507209815584,0.0001782511787175258,-4.67094774781679e+47,0.01232491402923798,0.14480440504184622,0.015900103875766017,0.009358821044430301,-0.0004478805461261646
RECOMBINATION_WEIGHTED_AUDITOR,1,1,2,5.85,100.0,4,cycling_eq_slack;shape_cycling_slack,1.3281279487400324e+63,9.33932631492676e+63,5.963478890884041e+65,7.781653915754608e-05,1.6004925918899093e-05,-5.756798476529679e+46,0.0012055632578778315,0.014559723495139275,0.0016523806472475912,0.0008208453254630095,-8.781835383877526e-05
RECOMBINATION_WEIGHTED_AUDITOR,1,1,2,5.85,100.0,5,cycling_eq_slack;shape_cycling_slack,3.396692666572426e+61,2.429173951523767e+62,1.5479304989382733e+64,1.9958045999160287e-06,4.0334309029860357e-07,-1.475489955448903e+45,3.094681952457999e-05,0.0003782567845391105,4.2574487401605176e-05,2.089035159271932e-05,-2.31836216491614e-06
RECOMBINATION_WEIGHTED_AUDITOR,1,1,2,5.85,100.0,6,cycling_eq_slack,6.109610552984253e+65,1.8965471309579928e+65,2.4117533816668265e+67,0.02766123875983329,0.014412225975504912,-1.3539600193659682e+49,0.5004700759165007,0.6827491679392926,0.4539223059579301,0.5860286541248415,0.0633663466998875
RECOMBINATION_WEIGHTED_AUDITOR,1,1,2,5.85,100.0,7,cycling_eq_slack,4.753881199226798e+65,1.0582352791227314e+66,4.6893399575685924e+67,0.023629867742813147,0.009270252696458172,-1.325943348692737e+49,0.422416316186342,1.844105016784138,0.454775917626682,0.4376938380741033,0.01745415322901228
RECOMBINATION_WEIGHTED_AUDITOR,1,1,2,5.85,100.0,8,cycling_eq_slack,2.189631592321183e+65,6.447494602242439e+65,2.645839435012274e+67,0.011329837782043856,0.0037850820079184102,-6.295740121189e+48,0.20070952957868643,1.0757596992894713,0.23152773959411294,0.18299083142186606,0.004047119859980491
RECOMBINATION_WEIGHTED_AUDITOR,1,1,2,5.85,100.0,9,cycling_eq_slack,1.0401082789930128e+65,3.2584084733074985e+65,1.3172751092431237e+67,0.005480112433100183,0.0017004417780759644,-3.081331656632204e+48,0.09698611742073901,0.538285874730941,0.1149642519363923,0.08523323617873996,0.0006081515019457501
RECOMBINATION_WEIGHTED_AUDITOR,1,1,2,5.85,100.0,10,cycling_eq_slack;shape_cycling_slack,9.594408295813922e+63,3.353398404578877e+64,1.3225055464609392e+66,0.0005264209638828504,0.00014406932470782343,-3.457526524906724e+47,0.008752914181021284,0.0549859550614587,0.010937426165980103,0.0072478778307081245,-0.00022835538072669276
RECOMBINATION_WEIGHTED_AUDITOR,1,1,2,5.85,100.0,11,cycling_eq_slack;shape_cycling_slack,2.4607428698625347e+62,8.733657752300667e+62,3.4329897022586625e+64,1.3591361702041349e-05,3.6155109037862497e-06,-9.002039660359271e+45,0.00022521429216625828,0.0014291910746104667,0.0002840658657757094,0.00018367706156835765,-7.007950701752195e-06
RECOMBINATION_WEIGHTED_AUDITOR,1,1,2,5.85,100.0,12,cycling_eq_slack;m_eq_nonnegative;k_eq_G1;k_eq_G2a,1.8255276401769263e+65,2.3078542601408556e+64,2.2881550877859245e+66,0.010454085218145406,0.006403680096826028,-2.8683657211662253e+49,-0.164755954730091,0.4686556888296659,-0.20617334050831976,-0.1731408374153381,0.014683909322198901
RECOMBINATION_WEIGHTED_AUDITOR,1,1,2,5.85,100.0,13,cycling_eq_slack,1.9226271638700628e+65,2.016353254163007e+65,4.540513633160822e+66,0.008801264379957293,0.004418968461727572,-4.241125612349212e+48,0.16147180933739497,0.42066479298504894,0.1506301850849492,0.18621694317351084,0.018216976085204645
RECOMBINATION_WEIGHTED_AUDITOR,1,1,2,5.85,100.0,14,cycling_eq_slack;m_eq_nonnegative;k_eq_G1;k_eq_G2a;shape_cycling_slack,2.2569983922786784e+64,1.9926720876508535e+65,2.642855348472027e+66,0.0013197592867206854,0.0007525516489576123,-3.507353082693434e+48,-0.013148161322679309,0.3409983558269542,-0.01675720694681511,-0.004128309956513167,-0.0012924012633800837
RECOMBINATION_WEIGHTED_AUDITOR,1,1,2,5.85,100.0,15,cycling_eq_slack,4.541081712395416e+64,6.49929060093639e+64,1.2811155280065265e+66,0.0021228668614313067,0.0009958985270406724,-1.0208650457439949e+48,0.03920541412708873,0.12395875895268207,0.03823947086224433,0.04350338842803492,0.0036919930889141653
RECOMBINATION_WEIGHTED_AUDITOR,1,1,2,5.85,100.0,16,cycling_eq_slack,4.5144525033098e+63,6.562705878634685e+63,1.2858017515782778e+65,0.00021511212131146133,9.679223270766366e-05,-1.1491948788338056e+47,0.0038771546896036674,0.012493628252934447,0.003879014697993687,0.0043018305943779,0.0002948052175217059
RECOMBINATION_WEIGHTED_AUDITOR,1,1,2,5.85,100.0,17,cycling_eq_slack,1.1932758039751998e+62,1.6819101686544942e+62,3.335275064874946e+63,5.704410150828039e-06,2.544941850392293e-06,-3.080352573675327e+45,0.0001016615830968917,0.00032325827319109387,0.00010218579389141143,0.00011089703416024152,7.912503649844542e-06
RECOMBINATION_WEIGHTED_AUDITOR,1,1,2,5.85,300.0,0,M_eq_nonnegative;cycling_eq_slack;m_eq_nonnegative;k_eq_G1;k_eq_G2a;shape_cycling_slack,-1.8213239073782233e+65,3.8015813731492135e+65,1.127711686966114e+67,0.0031600578707636166,0.0009188798905399294,-9.40820656239155e+49,-1.333518332010088,1.6261779115220925,-1.3274859533536612,-1.6211940433424123,-0.06699337131732785
RECOMBINATION_WEIGHTED_AUDITOR,1,1,2,5.85,300.0,1,cycling_eq_slack;shape_cycling_slack,1.3616551499062344e+65,2.431636595685958e+65,2.1116885549754336e+67,0.007665858010094238,0.002212784247714356,-7.001442717649833e+48,0.10438957491087829,0.4562158950445887,0.13372593777885602,0.09255416987061055,-0.006790845946768334
RECOMBINATION_WEIGHTED_AUDITOR,1,1,2,5.85,300.0,2,cycling_eq_slack;shape_cycling_slack,7.025237095427423e+64,1.4337986444242982e+65,1.189913230196903e+67,0.0039772870329297895,0.0010510539947869448,-3.269713933879601e+48,0.058980815527419295,0.25674338328057217,0.07646156295182524,0.04977265211214464,-0.0037932096949820776
RECOMBINATION_WEIGHTED_AUDITOR,1,1,2,5.85,300.0,3,cycling_eq_slack;shape_cycling_slack,3.4227134062474805e+64,7.20931537274772e+64,5.922684849425013e+66,0.001977363821602995,0.00048460216438244276,-1.6923599437020527e+48,0.028667578359071657,0.12846174071201252,0.03826018414411765,0.02341399749877329,-0.0024206710777248466
RECOMBINATION_WEIGHTED_AUDITOR,1,1,2,5.85,300.0,4,cycling_eq_slack;shape_cycling_slack,3.44423243000516e+63,7.223221833661632e+63,5.942317846071389e+65,0.00020905986765907858,4.339225859766939e-05,-2.0414405745356432e+47,0.0027366128040950933,0.013028673948922013,0.003937163703523542,0.002032028591694076,-0.0003807634195989399
RECOMBINATION_WEIGHTED_AUDITOR,1,1,2,5.85,300.0,5,cycling_eq_slack;shape_cycling_slack,8.814758947754356e+61,1.887367323405574e+62,1.5425124326570914e+64,5.3645697086222356e-06,1.094788821539518e-06,-5.2286378187053056e+45,7.043527319738031e-05,0.0003387683308663102,0.00010168299641838646,5.194618533330624e-05,-9.953419731414994e-06
RECOMBINATION_WEIGHTED_AUDITOR,1,1,2,5.85,300.0,6,M_eq_mass_cap_slack;cycling_eq_slack,1.5554787650084128e+66,-7.548629966141883e+65,2.3173016106958277e+67,0.07247019663728098,0.03813432469516401,-5.475101506656799e+49,1.0479666383119217,0.13525260554387164,0.9174058342560044,1.2770546938953935,0.1427808713919918
RECOMBINATION_WEIGHTED_AUDITOR,1,1,2,5.85,300.0,7,cycling_eq_slack,1.2279580575919124e+66,3.056653414534987e+65,4.614082963801669e+67,0.06283416499079235,0.024901649383525667,-5.041792224948555e+49,0.9440620820761139,1.3224592508943662,1.0257996176147843,1.0407099495134582,0.014886446542437204
RECOMBINATION_WEIGHTED_AUDITOR,1,1,2,5.85,300.0,8,cycling_eq_slack;shape_cycling_slack,5.688809689650652e+65,2.948316504912971e+65,2.6108476540389793e+67,0.03031335451128696,0.010193704978086662,-2.3686969502521903e+49,0.45878783570809584,0.8176813931600619,0.5405284894767897,0.4403707818852632,-0.005033121702643695
RECOMBINATION_WEIGHTED_AUDITOR,1,1,2,5.85,300.0,9,cycling_eq_slack;shape_cycling_slack,2.711070465000441e+65,1.5874462873000704e+65,1.3005654873830494e+67,0.014703352780858171,0.004598070125456731,-1.1501286235962615e+49,0.2243475657638208,0.41092442638785925,0.2722029019916907,0.20875486922040093,-0.006336857042622934
RECOMBINATION_WEIGHTED_AUDITOR,1,1,2,5.85,300.0,10,cycling_eq_slack;shape_cycling_slack,2.4904641927248837e+64,1.8223750414353854e+64,1.3071953128295045e+66,0.0014109422184919195,0.00038973263378342483,-1.2559415775065074e+48,0.019940496414340973,0.04379837282813901,0.02576466078250723,0.017782419373815216,-0.0014849415343050655
RECOMBINATION_WEIGHTED_AUDITOR,1,1,2,5.85,300.0,11,cycling_eq_slack;shape_cycling_slack,6.391323847110058e+62,4.803076775053144e+62,3.3936838924861873e+64,3.645150413868669e-05,9.791554613154784e-06,-3.26151029627899e+46,0.0005142432775328651,0.0011401620892438598,0.0006712681189240316,0.00045271153656255487,-4.1602231110589066e-05
RECOMBINATION_WEIGHTED_AUDITOR,1,1,2,5.85,300.0,12,M_eq_mass_cap_slack;cycling_eq_slack;m_eq_nonnegative;k_eq_G1;k_eq_G2a,2.9675519147935546e+65,-9.112388486025427e+64,2.1739526603242614e+66,0.022169964196179913,0.014283209839184274,-9.91338806427635e+49,-0.9120114012006092,1.2159111353001841,-1.0179768054293914,-0.9974784569119812,0.0029537499336504958
RECOMBINATION_WEIGHTED_AUDITOR,1,1,2,5.85,300.0,13,M_eq_mass_cap_slack;cycling_eq_slack,4.916193427461834e+65,-9.772130094287645e+64,4.241157006801645e+66,0.02314427396437961,0.011732557451440645,-1.709002031413868e+49,0.3452954662511067,0.23684113607133722,0.314304323327437,0.4151439753441676,0.039909767779232386
RECOMBINATION_WEIGHTED_AUDITOR,1,1,2,5.85,300.0,14,cycling_eq_slack;m_eq_nonnegative;k_eq_G1;k_eq_G2a;shape_cycling_slack,4.054992513270463e+64,1.8128726755516752e+65,2.624875407262109e+66,0.002926903087176998,0.001778085817622187,-1.1992927641417285e+49,-0.08460700123159583,0.4124571957358707,-0.09501806715870431,-0.0586766448940224,-0.00868516166619182
RECOMBINATION_WEIGHTED_AUDITOR,1,1,2,5.85,300.0,15,M_eq_mass_cap_slack;cycling_eq_slack,1.166867805385042e+65,-6.283057405186133e+63,1.2098395645919764e+66,0.005608758205834217,0.0026535810399751225,-4.074979390127241e+48,0.0857156574853586,0.0774485155944122,0.08270170463560272,0.09910458839159775,0.007618257396243666
RECOMBINATION_WEIGHTED_AUDITOR,1,1,2,5.85,300.0,16,M_eq_mass_cap_slack;cycling_eq_slack,1.158934861506104e+64,-5.121902331165539e+62,1.2150527904607655e+65,0.0005683984643613417,0.0002583561409131331,-4.472563113340242e+47,0.008441795030943562,0.007928987911594552,0.008395318133093198,0.009898091311047076,0.0005311495849494516
RECOMBINATION_WEIGHTED_AUDITOR,1,1,2,5.85,300.0,17,M_eq_mass_cap_slack;cycling_eq_slack,3.0589495686222113e+62,-1.8376359599251733e+61,3.1487076884102446e+63,1.506358408989368e-05,6.779349055700693e-06,-1.1971122773045604e+46,0.0002199372483952139,0.00020498260789277167,0.0002201760301827847,0.0002522704181573513,1.4343631858424545e-05
RECOMBINATION_WEIGHTED_AUDITOR,1,2,2,5.85,100.0,0,cycling_eq_slack,8.070769141468832e+64,1.173180551624107e+65,1.1018807710721056e+67,0.003473823050710559,0.0021971530785555855,-2.1999839926336684e+48,0.12926540713173282,0.1656775244000154,0.12322560560978359,0.1418812570847669,0.01226548834985719
RECOMBINATION_WEIGHTED_AUDITOR,1,2,2,5.85,100.0,1,cycling_eq_slack,1.1871368126852849e+64,3.6745780643236633e+65,2.1249858928444624e+67,0.0006124842112284452,0.0002085667858496623,-3.4394625253575056e+47,0.019052808966008836,0.5459265469706951,0.021726419783994987,0.013468209407572618,0.0013444663039657821
RECOMBINATION_WEIGHTED_AUDITOR,1,2,2,5.85,100.0,2,cycling_eq_slack,5.695537811087553e+63,2.079366975856165e+65,1.196857714220732e+67,0.000301279461378609,9.167866937296756e-05,-1.6650420624936026e+47,0.00914384111446823,0.30904366160529784,0.010687171897997116,0.005920154123738398,0.0006114043315405444
RECOMBINATION_WEIGHTED_AUDITOR,1,2,2,5.85,100.0,3,cycling_eq_slack,2.7716097635096733e+63,1.0354867802644233e+65,5.956573032447534e+66,0.0001492115572814501,4.16774606109644e-05,-8.154690643375593e+46,0.0044506517693868215,0.15390460205039133,0.005292924896167255,0.0026913238596337928,0.0002857515546385867
RECOMBINATION_WEIGHTED_AUDITOR,1,2,2,5.85,100.0,4,cycling_eq_slack,2.8896357181408607e+62,1.0378490691852706e+64,5.976311298896144e+65,1.6027145420224857e-05,3.8139189624247968e-06,-8.596276976866852e+45,0.0004641987711529928,0.015424089933173438,0.0005685248418739425,0.00024628398543992056,2.7661128283891165e-05
RECOMBINATION_WEIGHTED_AUDITOR,1,2,2,5.85,100.0,5,cycling_eq_slack,7.359235338037815e+60,2.6952508648006316e+62,1.5512247925609467e+64,4.0974086441765487e-07,9.536314787525764e-08,-2.192413275866733e+44,1.1822673918977409e-05,0.00040057356739712515,1.4534582050923426e-05,6.158079485748387e-06,6.973720471257567e-07
RECOMBINATION_WEIGHTED_AUDITOR,1,2,2,5.85,100.0,6,cycling_eq_slack,1.5099446764638898e+65,6.496213007478356e+65,2.4587598923307563e+67,0.006598184844212114,0.003998752117802476,-4.135767187906884e+48,0.24187826761489797,0.9505725416479217,0.23405490477905116,0.25821959461157135,0.022498640534061864
RECOMBINATION_WEIGHTED_AUDITOR,1,2,2,5.85,100.0,7,cycling_eq_slack,1.0816763241121512e+65,1.425455766634196e+66,4.727996432998049e+67,0.005184099432209325,0.002348197302359804,-3.05441013535816e+48,0.17344979416292358,2.110755108475975,0.18389359007352493,0.151634944507777,0.014046298027744875
RECOMBINATION_WEIGHTED_AUDITOR,1,2,2,5.85,100.0,8,cycling_eq_slack,4.809617680738897e+64,8.156164426489733e+65,2.6640155719882125e+67,0.0023946330092433237,0.0009430095494764623,-1.3760776165042343e+48,0.0771579914106207,1.209270346251232,0.08494390717939113,0.060894883305362454,0.005840122585789975
RECOMBINATION_WEIGHTED_AUDITOR,1,2,2,5.85,100.0,9,cycling_eq_slack,2.2388849031140435e+64,4.074628261989107e+65,1.3259794979629686e+67,0.0011381553459140048,0.000412497143148634,-6.452668025539651e+47,0.03592618980615547,0.604302242140815,0.040373352278141615,0.026637021236717,0.0026124039545971298
RECOMBINATION_WEIGHTED_AUDITOR,1,2,2,5.85,100.0,10,cycling_eq_slack,2.0983823271110235e+63,4.1030010014491667e+64,1.3305455698203324e+66,0.00011004768945886313,3.4850925927485624e-05,-6.115371933844584e+46,0.00336845988130194,0.06086770480615779,0.0039036798885746372,0.002250500080954948,0.00022956506539864282
RECOMBINATION_WEIGHTED_AUDITOR,1,2,2,5.85,100.0,11,cycling_eq_slack,5.358903778519759e+61,1.0658510244311226e+63,3.4536502261887383e+64,2.8299231751040357e-06,8.680201259143834e-07,-1.5656677020205317e+45,8.603210931488134e-05,0.0015812810523886443,0.00010038478989596982,5.6052437966941005e-05,5.774411122021818e-06
RECOMBINATION_WEIGHTED_AUDITOR,1,2,2,5.85,100.0,12,cycling_eq_slack,1.1962025467765952e+65,8.601105194144167e+64,2.3520965744326076e+66,0.00504417590962154,0.003374501660232845,-3.2397373071149713e+48,0.19154948354921283,0.11472129910039738,0.17893013610415603,0.21790859374405536,0.018652484227513477
RECOMBINATION_WEIGHTED_AUDITOR,1,2,2,5.85,100.0,13,cycling_eq_slack,4.649230583284491e+64,3.474057359704621e+65,4.688216795064219e+66,0.0020575423245753066,0.0012019890448410058,-1.2786272143422392e+48,0.0744860612389632,0.5121924145765547,0.07298641735988617,0.07761849565633067,0.006810161439090634
RECOMBINATION_WEIGHTED_AUDITOR,1,2,2,5.85,100.0,14,cycling_eq_slack,1.299239534449646e+64,2.088447973433757e+65,2.653521432264753e+66,0.0005741948066031346,0.00033679170427441756,-3.571571899214846e+47,0.020815018730557924,0.3095930876146449,0.02036819427725057,0.021748339177891526,0.0019066977503938397
RECOMBINATION_WEIGHTED_AUDITOR,1,2,2,5.85,100.0,15,cycling_eq_slack,1.0696529207314626e+64,9.970719392600344e+64,1.3163715371865413e+66,0.0004834001031498702,0.0002652306508020307,-2.9618333194614357e+47,0.01714093258610127,0.147296259626591,0.017147468248358333,0.017127280989425578,0.0015214516946837446
RECOMBINATION_WEIGHTED_AUDITOR,1,2,2,5.85,100.0,16,cycling_eq_slack,1.0654045948351148e+63,1.0011753787109371e+64,1.3208357569194742e+65,4.89552177907182e-05,2.5506376809887772e-05,-2.9662498550295963e+46,0.0017075958571644632,0.014790913163429807,0.0017365698459471527,0.0016470754089850151,0.00014788582612469312
RECOMBINATION_WEIGHTED_AUDITOR,1,2,2,5.85,100.0,17,cycling_eq_slack,2.835260103190156e+61,2.5916599623106786e+62,3.4276608203750345e+63,1.3027953315557097e-06,6.78780833860691e-07,-7.893792308162234e+44,4.5442626117799225e-05,0.0003827924868028319,4.6213563953294145e-05,4.383230232477559e-05,3.9355605071766174e-06
RECOMBINATION_WEIGHTED_AUDITOR,1,2,2,5.85,300.0,0,cycling_eq_slack,6.899913550024582e+64,1.290266110768532e+65,1.1030516266635497e+67,0.0036671183226717474,0.0030730260734290566,-1.251764866277124e+49,0.1309208567236575,0.16402207480809072,0.12322560560978359,0.1418812570847669,0.014067959893585114
RECOMBINATION_WEIGHTED_AUDITOR,1,2,2,5.85,300.0,1,cycling_eq_slack,9.438389412611171e+63,3.69890785146608e+65,2.1252291907158867e+67,0.0006465649057408275,0.0002917098390744153,-1.9266775575739894e+48,0.01831999880303956,0.5466593571336643,0.021726419783994987,0.013468209407572618,0.0005465746181361579
RECOMBINATION_WEIGHTED_AUDITOR,1,2,2,5.85,300.0,2,cycling_eq_slack,4.476263666660181e+63,2.0915597173004385e+65,1.1969796416351749e+67,0.00031804367031308136,0.00012822544961028456,-9.30615447987358e+47,0.008720829479646539,0.30946667324011956,0.010687171897997116,0.005920154123738398,0.00015082465690033874
RECOMBINATION_WEIGHTED_AUDITOR,1,2,2,5.85,300.0,3,cycling_eq_slack,2.160069694749811e+63,1.041602180952022e+65,5.9571845725162944e+66,0.0001575141933465113,5.8291761453418386e-05,-4.550525635716308e+47,0.004219793073293742,0.15413546074648443,0.005292924896167255,0.0026913238596337928,3.439009225414836e-05
RECOMBINATION_WEIGHTED_AUDITOR,1,2,2,5.85,300.0,4,cycling_eq_slack;shape_cycling_slack,2.2191061115453854e+62,1.0445543652512254e+64,5.97698182850274e+65,1.691895003650496e-05,5.334299429506214e-06,-4.783913666481368e+46,0.0004356040316446647,0.015452684672681766,0.0005685248418739425,0.00024628398543992056,-3.4731354928455526e-06
RECOMBINATION_WEIGHTED_AUDITOR,1,2,2,5.85,300.0,5,cycling_eq_slack;shape_cycling_slack,5.6405837875577134e+60,2.7124373803054327e+62,1.5513966577159948e+64,4.325402329131292e-07,1.3337870844101188e-07,-1.2196708811518345e+45,1.107936684273434e-05,0.0004013168744733682,1.4534582050923426e-05,6.158079485748371e-06,-1.1194879218898629e-07
RECOMBINATION_WEIGHTED_AUDITOR,1,2,2,5.85,300.0,6,cycling_eq_slack,1.283954845104667e+65,6.7222028388375785e+65,2.4610197906443483e+67,0.006965330181005049,0.005592814464827824,-2.350241933978958e+49,0.2440225736433362,0.9484282356194834,0.23405490477905116,0.25821959461157135,0.024833384289569715
RECOMBINATION_WEIGHTED_AUDITOR,1,2,2,5.85,300.0,7,cycling_eq_slack,8.877621328849375e+64,1.4448471857569174e+66,4.729935574910321e+67,0.00547256027059825,0.0032842825591611995,-1.7221348207290517e+49,0.1705872534626166,2.113617649176282,0.18389359007352493,0.151634944507777,0.010929532539846465
RECOMBINATION_WEIGHTED_AUDITOR,1,2,2,5.85,300.0,8,cycling_eq_slack,3.884690729108748e+64,8.248657121652748e+65,2.6649404989398427e+67,0.0025278784946960865,0.0013189308297712407,-7.7327564295127e+48,0.07502394925123286,1.2114043884106198,0.08494390717939113,0.060894883305362454,0.0035165542426789237
RECOMBINATION_WEIGHTED_AUDITOR,1,2,2,5.85,300.0,9,cycling_eq_slack,1.7919117876081135e+64,4.1193255735397e+65,1.3264264710784746e+67,0.0012014861615344279,0.0005769349839493578,-3.619348164880893e+48,0.034707266755005524,0.6055211651919649,0.040373352278141615,0.026637021236717,0.0012852272622899813
RECOMBINATION_WEIGHTED_AUDITOR,1,2,2,5.85,300.0,10,cycling_eq_slack,1.6558315461643455e+63,4.147256079543835e+64,1.330988120601279e+66,0.0001161711153651713,4.874389732039716e-05,-3.4206183856435315e+47,0.003221761394702705,0.06101440329275702,0.0039036798885746372,0.002250500080954948,6.983815562566038e-05
RECOMBINATION_WEIGHTED_AUDITOR,1,2,2,5.85,300.0,11,cycling_eq_slack,4.215055765611e+61,1.0772895045602102e+63,3.4547940742016474e+64,2.9873896786581285e-06,1.214047626098795e-06,-8.752074803568551e+45,8.209818216104227e-05,0.0015852149795424835,0.00010038478989596982,5.6052437966940876e-05,1.4911083959934782e-06
RECOMBINATION_WEIGHTED_AUDITOR,1,2,2,5.85,300.0,12,cycling_eq_slack,1.0299831933589967e+65,1.0263298728320151e+65,2.3687185097743675e+66,0.005324850929631828,0.004719712835640196,-1.8464956389214408e+49,0.19500832131107618,0.11126246133853404,0.17893013610415603,0.21790859374405588,0.022418504449779303
RECOMBINATION_WEIGHTED_AUDITOR,1,2,2,5.85,300.0,13,cycling_eq_slack,3.935248756335008e+64,3.545455542399569e+65,4.695356613333714e+66,0.0021720309434239537,0.0016811498983952324,-7.258378019366677e+48,0.07489709872730253,0.5117813770882154,0.07298641735988617,0.07761849565633067,0.007257703532640991
RECOMBINATION_WEIGHTED_AUDITOR,1,2,2,5.85,300.0,14,cycling_eq_slack,1.100269082600491e+64,2.108345018618672e+65,2.6555111367832444e+66,0.0006061449490487458,0.0004710503326560593,-2.027707000346106e+48,0.020937488874022348,0.30947061747118043,0.02036819427725057,0.021748339177891526,0.0020400445763121416
RECOMBINATION_WEIGHTED_AUDITOR,1,2,2,5.85,300.0,15,cycling_eq_slack,8.983714785486059e+63,1.01420008347832e+65,1.31808435160837e+66,0.0005102981209937293,0.00037096218435677693,-1.6783751545540475e+48,0.017139141226008216,0.14729805098668405,0.017147468248358333,0.017127280989425578,0.0015195012423063065
RECOMBINATION_WEIGHTED_AUDITOR,1,2,2,5.85,300.0,16,cycling_eq_slack,8.891519102407487e+62,1.0188006471703737e+64,1.3225982837654178e+65,5.167925180127046e-05,3.5674237603426196e-05,-1.6785032731740386e+47,0.00169965437469481,0.01479885464589946,0.0017365698459471527,0.0016470754089850151,0.0001392390535280587
RECOMBINATION_WEIGHTED_AUDITOR,1,2,2,5.85,300.0,17,cycling_eq_slack,2.3662179494259433e+61,2.6385641776871e+62,3.432351241912677e+63,1.375287273152357e-06,9.493699919875523e-07,-4.4668385444163087e+45,4.52313197183587e-05,0.00038300379320227245,4.621356395098597e-05,4.383230232412977e-05,3.7054878001542525e-06
RECOMBINATION_WEIGHTED_AUDITOR,2,1,2,5.75,100.0,0,cycling_eq_slack;m_eq_nonnegative;k_eq_G1;k_eq_G2a;shape_cycling_slack,1.0472936731877865e+65,9.14444181722079e+64,7.966360943776925e+66,0.010308150006361995,0.004455684404262352,-1.919395087069392e+49,-0.4025345642453798,0.5666002026842512,-0.37833309298485607,-0.47362439198616263,-0.08287375794023988
RECOMBINATION_WEIGHTED_AUDITOR,2,1,2,5.75,100.0,6,M_eq_mass_cap_slack,1.460071203362588e+66,-6.610959492419397e+65,1.652877012834502e+67,0.07561743397134332,0.040330396125086695,2.805756004963432e+49,0.3022677434805328,0.3659376685529035,0.2598038962076167,0.3663004882055729,0.07530457149382064
RECOMBINATION_WEIGHTED_AUDITOR,2,1,2,5.75,100.0,12,M_eq_mass_cap_slack;cycling_eq_slack;m_eq_nonnegative;k_eq_G1;k_eq_G2a;shape_cycling_slack,4.711679349444043e+65,-2.6204415296561427e+65,1.3261582570950647e+66,0.02709826170113126,0.01656431570082924,-1.1705465228306302e+49,-0.33040795177543253,0.505304035455675,-0.3375683906530385,-0.35684738339006117,-0.05991930502146148
RECOMBINATION_WEIGHTED_AUDITOR,2,1,2,5.75,100.0,13,M_eq_mass_cap_slack,5.853397729961361e+65,-1.8475170316234073e+65,2.8575370883444808e+66,0.029416875742460078,0.01580001990377435,1.5420219969900348e+49,0.20613232855852587,0.12889070861122137,0.18292380445055068,0.25027758667963107,0.04729673764729031
RECOMBINATION_WEIGHTED_AUDITOR,2,1,2,5.75,100.0,14,cycling_eq_slack;m_eq_nonnegative;k_eq_G1;k_eq_G2a;shape_cycling_slack,7.269853936702317e+64,1.5290637206982366e+65,1.8662756535313965e+66,0.003972183083563194,0.002318942803251494,-3.262494639688953e+47,-0.018383160188233896,0.20706287464239553,-0.02293097850018745,-0.010236742072259983,-0.003603833783327022
RECOMBINATION_WEIGHTED_AUDITOR,2,1,2,5.75,100.0,15,M_eq_mass_cap_slack,1.360170878137795e+65,-2.373824999583196e+64,8.289697449244313e+65,0.007068877504111877,0.003453088861457351,3.557997209456605e+48,0.04836285982438997,0.04553908106782181,0.04572893306725659,0.05395525930071705,0.010717664863726557
RECOMBINATION_WEIGHTED_AUDITOR,2,1,2,5.75,100.0,16,M_eq_mass_cap_slack,1.3533466937517055e+64,-2.268172306572446e+63,8.328674599881889e+64,0.0007118226523812026,0.0003368652656773699,3.4894388186528135e+47,0.0047899523808791495,0.0046315294506616735,0.004560179609387745,0.005371408061080497,0.0010315329985752034
RECOMBINATION_WEIGHTED_AUDITOR,2,1,2,5.75,100.0,17,M_eq_mass_cap_slack,3.558703252609376e+62,-6.346846565380938e+61,2.1571940230408788e+63,1.8803677265830487e-05,8.806988442224227e-06,9.067445298935061e+45,0.00012388854140038622,0.00012065533410820405,0.00011892268467053743,0.0001369319733176003,2.6657036831631467e-05
RECOMBINATION_WEIGHTED_AUDITOR,2,1,2,5.75,300.0,0,cycling_eq_slack;m_eq_nonnegative;k_eq_G1;k_eq_G2a;shape_cycling_slack,1.3971420448974807e+65,5.645958100123848e+64,7.931376106605956e+66,0.02342890185599999,0.009521399952614959,-6.924309780160703e+49,-1.4084960184932793,1.5725616569321508,-1.3284927719623003,-1.6396467370650527,-0.29245297015605054
RECOMBINATION_WEIGHTED_AUDITOR,2,1,2,5.75,300.0,1,M_eq_mass_cap_slack,4.926338636683898e+65,-1.1685222210552935e+65,1.4967982134104637e+67,0.0292157287129202,0.009247702330531,1.207320712479869e+49,0.18167738362037084,0.13259934189783312,0.20374313827890597,0.1624263595035081,0.03148527456917943
RECOMBINATION_WEIGHTED_AUDITOR,2,1,2,5.75,300.0,2,M_eq_mass_cap_slack,2.5151731111203615e+65,-3.9882990600303286e+64,8.455658877095086e+66,0.015263738869797159,0.004305443738157295,6.431670136768229e+48,0.09941098343911157,0.07758473402350279,0.11580520185581655,0.08056401619595699,0.016963636253679623
RECOMBINATION_WEIGHTED_AUDITOR,2,1,2,5.75,300.0,3,M_eq_mass_cap_slack,1.28495099130884e+65,-2.3169131721259976e+64,4.204884067402337e+66,0.007917020006223798,0.0020520952929855814,3.3939887756677435e+48,0.05332479069380437,0.034762269684839794,0.06359560390423304,0.040239448921983445,0.009051950036558912
RECOMBINATION_WEIGHTED_AUDITOR,2,1,2,5.75,300.0,4,M_eq_mass_cap_slack,1.2440849940503936e+64,-1.8731590183504344e+63,4.223409309125043e+65,0.0007956121878453186,0.00018003597878456633,2.9648930869052354e+47,0.004732521549630778,0.004105534736169142,0.005874631469607648,0.0033868179913166775,0.0007059834680569702
RECOMBINATION_WEIGHTED_AUDITOR,2,1,2,5.75,300.0,5,M_eq_mass_cap_slack,3.15809266040417e+62,-4.1514400382563963e+61,1.0969381704065597e+64,2.027176684894794e-05,4.514064255355231e-06,7.46979698185399e+45,0.00011957259194419536,0.0001098278967196062,0.00014899321932816591,8.515846564898609e-05,1.758730681793646e-05
RECOMBINATION_WEIGHTED_AUDITOR,2,1,2,5.75,300.0,6,M_eq_mass_cap_slack,3.919695048595677e+66,-3.120719794475029e+66,1.406914628311193e+67,0.2066983896749292,0.11059010064721302,5.54439355300894e+49,0.4185974234689975,0.24960798856443883,0.30858313879340216,0.571050415678906,0.11858120198484279
RECOMBINATION_WEIGHTED_AUDITOR,2,1,2,5.75,300.0,7,M_eq_mass_cap_slack;m_eq_upper_slack,4.178379180967134e+66,-2.6478982769558523e+66,3.0280232648968206e+67,0.22889238470123818,0.09705682489904166,1.0137463329076843e+50,1.4191412931348455,-0.13915719124958636,1.4033889424029062,1.5595634657213124,0.280314666114885
RECOMBINATION_WEIGHTED_AUDITOR,2,1,2,5.75,300.0,8,M_eq_mass_cap_slack,1.9399339224992302e+66,-1.0779911069068713e+66,1.7466615237476244e+67,0.11093492993420903,0.0403731890334155,4.76361133824979e+49,0.6943663080896736,0.026500641508218514,0.7391337056948729,0.6795291144789034,0.12834442400093615
RECOMBINATION_WEIGHTED_AUDITOR,2,1,2,5.75,300.0,9,M_eq_mass_cap_slack,9.244402315129137e+65,-4.95469350587164e+65,8.733792702608598e+66,0.05390239972485714,0.01819145210494263,2.2840814403181354e+49,0.3397470441935137,0.01901333387953852,0.3718327767579719,0.3174918392400702,0.060698673550249715
RECOMBINATION_WEIGHTED_AUDITOR,2,1,2,5.75,300.0,10,M_eq_mass_cap_slack,8.580588066883686e+64,-4.2765861234720994e+64,8.832354964211839e+65,0.005172114100903874,0.0015496289674691356,2.0366484085093345e+48,0.03094459707481387,0.005050978221886989,0.03525947962459848,0.027307339482275057,0.0050999755797611
RECOMBINATION_WEIGHTED_AUDITOR,2,1,2,5.75,300.0,11,M_eq_mass_cap_slack,2.1691735050071442e+63,-1.0520272489747347e+63,2.2983253482479538e+64,0.00013171893613564967,3.8522010787618e-05,5.052646081510607e+46,0.0007705935423953396,0.00016370720154362751,0.0008842911015905756,0.0006773110406547105,0.00012362875847345058
RECOMBINATION_WEIGHTED_AUDITOR,2,1,2,5.75,300.0,12,M_eq_mass_cap_slack;cycling_eq_slack;m_eq_nonnegative;k_eq_G1;k_eq_G2a;shape_cycling_slack,1.1222070096434207e+66,-9.130832276646305e+65,6.751191823960482e+65,0.06913005923490533,0.04276018441398861,-5.400124353786097e+49,-1.3161029156628183,1.4909989993430608,-1.3160302850455203,-1.4456729909496782,-0.25030326749307763
RECOMBINATION_WEIGHTED_AUDITOR,2,1,2,5.75,300.0,13,M_eq_mass_cap_slack;m_eq_upper_slack,1.5997234495767379e+66,-1.1991353797429426e+66,1.843153411763879e+66,0.08134966003693252,0.043885338417365326,3.6657582695137986e+49,0.4558942113024532,-0.12087117413270598,0.39119069867125666,0.5773653372438474,0.10603277825221769
RECOMBINATION_WEIGHTED_AUDITOR,2,1,2,5.75,300.0,14,cycling_eq_slack;m_eq_nonnegative;k_eq_G1;k_eq_G2a;shape_cycling_slack,1.8401858525973445e+65,4.158632617711238e+64,1.7549556076386854e+66,0.010438091397748433,0.006194611550207762,-3.1716510399379735e+48,-0.09253066752203438,0.281210381976196,-0.10495752538587852,-0.07082971876245875,-0.019047850103837957
RECOMBINATION_WEIGHTED_AUDITOR,2,1,2,5.75,300.0,15,M_eq_mass_cap_slack;m_eq_upper_slack,3.7188681425740807e+65,-2.596079764394605e+65,5.931000184808027e+65,0.01956866873606702,0.009587229189921002,8.4475527142741e+48,0.10750849723985988,-0.013606556347648097,0.09987405209943145,0.12372268661818428,0.023818746910377803
RECOMBINATION_WEIGHTED_AUDITOR,2,1,2,5.75,300.0,16,M_eq_mass_cap_slack;m_eq_upper_slack,3.6994741865601387e+64,-2.5729447234656778e+64,5.982547107073455e+64,0.0019700158276384125,0.0009358453910756551,8.243603199434123e+47,0.010622074072501741,-0.0012005922409609182,0.00990926467940185,0.01242683492743866,0.002260081320820787
RECOMBINATION_WEIGHTED_AUDITOR,2,1,2,5.75,300.0,17,M_eq_mass_cap_slack;m_eq_upper_slack,9.721092428758199e+62,-6.797073832686917e+62,1.5409551054259964e+63,5.202273458028195e-05,2.4448347426304008e-05,2.130501136703783e+46,0.00027230766421556526,-2.7763788706974986e-05,0.0002566638403756696,0.00031330126718294313,5.784677207294406e-05
RECOMBINATION_WEIGHTED_AUDITOR,2,2,2,5.75,100.0,0,cycling_eq_slack,4.7651849726501214e+64,1.4852193576448534e+65,8.015166443594133e+66,0.00342810384474798,0.002994693032798512,-7.647378932110176e+48,0.07466385322715983,0.09778425254393756,0.0715178424481028,0.07842623095120883,0.014095222238151892
RECOMBINATION_WEIGHTED_AUDITOR,2,2,2,5.75,100.0,1,cycling_eq_slack,1.447006675436183e+64,3.613115748084986e+65,1.5430300427447572e+67,0.0013521837208625115,0.0007168763626278984,-2.6893459430792405e+48,0.023912625212548517,0.3064211760590093,0.02820954868613207,0.01877384779113047,0.003110500192434043
RECOMBINATION_WEIGHTED_AUDITOR,2,2,2,5.75,100.0,2,cycling_eq_slack,7.037775012001812e+63,2.0459654549973105e+65,8.691214474368604e+66,0.0006917433478217561,0.0003275817326230503,-1.3482216559848099e+48,0.01176614919871255,0.1742726612216455,0.01443129905175804,0.008578842751734221,0.0013847346622487856
RECOMBINATION_WEIGHTED_AUDITOR,2,2,2,5.75,100.0,3,cycling_eq_slack,3.468667497626908e+63,1.0185729991199712e+65,4.325469241645327e+66,0.0003532495375809525,0.00015383621034213243,-6.790172478634944e+47,0.005848181612550762,0.08673943667109874,0.007369568110454091,0.0040287248238182125,0.0006362021185560025
RECOMBINATION_WEIGHTED_AUDITOR,2,2,2,5.75,100.0,4,cycling_eq_slack,3.3663588503505104e+62,1.0231055037118451e+64,4.339995394201641e+65,3.631059261803836e-05,1.3675690838485581e-05,-6.8290895557638e+46,0.0005756480987118479,0.00871396354505961,0.0007575194217154832,0.00035814451643951286,5.412286089624761e-05
RECOMBINATION_WEIGHTED_AUDITOR,2,2,2,5.75,100.0,5,cycling_eq_slack,8.528976114058023e+60,2.65765889543795e+62,1.126509586144956e+64,9.262569388201641e-07,3.4259209414499915e-07,-1.7376383155444526e+45,1.460965180727687e-05,0.00022651140260397995,1.9323772212586702e-05,8.971940163217971e-06,1.3475908645316008e-06
RECOMBINATION_WEIGHTED_AUDITOR,2,2,2,5.75,100.0,6,cycling_eq_slack,1.6119941391442917e+65,6.37775840206219e+65,1.780920524944811e+67,0.011346324683746332,0.010285548582965112,-2.5574518366774575e+49,0.2515791533033009,0.4507663144473713,0.23670947493040342,0.26936210148847467,0.04862352720253721
RECOMBINATION_WEIGHTED_AUDITOR,2,2,2,5.75,100.0,7,cycling_eq_slack,1.3456955110072852e+65,1.3959113529105533e+66,3.428872582980795e+67,0.010896731278770052,0.007705050940620751,-2.3030513630648395e+49,0.2156961249603086,1.12968512541939,0.22732996026019844,0.2017829867508188,0.03523567383823431
RECOMBINATION_WEIGHTED_AUDITOR,2,2,2,5.75,100.0,8,cycling_eq_slack,5.939834201882094e+64,8.02544473573538e+65,1.932726114835608e+67,0.005188568964116152,0.003166653170960141,-1.0612439095664792e+49,0.09671664249189585,0.6609809543602487,0.108245045807256,0.08292959251854219,0.014129056511440086
RECOMBINATION_WEIGHTED_AUDITOR,2,2,2,5.75,100.0,9,cycling_eq_slack,2.757309346796704e+64,4.0139778745778266e+65,9.620761168797901e+66,0.0025011426850892245,0.0014127160985443617,-5.035575626453925e+48,0.04526537556945595,0.3318248440103839,0.05217937862835847,0.03699677990347975,0.006210839721182332
RECOMBINATION_WEIGHTED_AUDITOR,2,2,2,5.75,100.0,10,cycling_eq_slack,2.5047533322440994e+63,4.0535266101871766e+64,9.655434583752698e+65,0.00024065136158183507,0.0001200142816498254,-4.732970350329031e+47,0.004165508622246856,0.03366915825328999,0.005020520655726052,0.0031429824917036525,0.0005136555904065076
RECOMBINATION_WEIGHTED_AUDITOR,2,2,2,5.75,100.0,11,cycling_eq_slack,6.325022155586309e+61,1.0538960344765465e+63,2.5063398176532484e+64,6.150171821985754e-06,2.985314527766105e-06,-1.2038117933605096e+46,0.00010547952197993105,0.0008765566621100881,0.00012830621221332194,7.81806228726535e-05,1.2695641169816512e-05
RECOMBINATION_WEIGHTED_AUDITOR,2,2,2,5.75,100.0,12,cycling_eq_slack,9.115147537557494e+64,1.1797230660321512e+65,1.704332646555013e+66,0.006024391893484398,0.006058201184342465,-1.3999480612072902e+49,0.1406974896098067,0.04313441220965053,0.12568216419229278,0.15865462003233505,0.028965981104657063
RECOMBINATION_WEIGHTED_AUDITOR,2,2,2,5.75,100.0,13,cycling_eq_slack,5.723257694042507e+64,3.433554928933703e+65,3.382115698113004e+66,0.00404177189746675,0.0036435453026684166,-9.095778590353759e+48,0.08937438067240713,0.2627657060595793,0.08432031783898526,0.09541863632054308,0.017213224239939054
RECOMBINATION_WEIGHTED_AUDITOR,2,2,2,5.75,100.0,14,cycling_eq_slack,1.095629558729357e+64,2.1464861584955324e+65,1.9260306529152846e+66,0.0007623496637354472,0.0007045433053038512,-1.727815279612352e+48,0.017063981777494585,0.18125578624129593,0.01590430325642721,0.018450864703569596,0.0033380002675576746
RECOMBINATION_WEIGHTED_AUDITOR,2,2,2,5.75,100.0,15,cycling_eq_slack,1.2993311397371552e+64,9.928552642057598e+64,9.510045114393958e+65,0.0009631790760790953,0.0007989807163752724,-2.1187657871850415e+48,0.02047201435561386,0.07822757922884563,0.02009404981061717,0.02092402977591772,0.003736501762869663
RECOMBINATION_WEIGHTED_AUDITOR,2,2,2,5.75,100.0,16,cycling_eq_slack,1.2825448306927399e+63,9.982749800251869e+63,9.54384375814482e+64,9.719329342033465e-05,7.755464157174976e-05,-2.116399934840285e+47,0.002029199772041944,0.007873645886961614,0.0020276674688536893,0.0020310322843207743,0.0003608555626233435
RECOMBINATION_WEIGHTED_AUDITOR,2,2,2,5.75,100.0,17,cycling_eq_slack,3.384143128369867e+61,2.5856042832342953e+62,2.4766472906581364e+63,2.5744843509364668e-06,2.040228681360337e-06,-5.5960771292114164e+45,5.358234195761457e-05,0.00020345580759429088,5.370944829370739e-05,5.343033292722329e-05,9.48428105954227e-06
RECOMBINATION_WEIGHTED_AUDITOR,2,2,2,5.75,300.0,0,M_eq_nonnegative;cycling_eq_slack,-2.9098477150172e+64,2.2527226264115856e+65,8.091916770470806e+66,0.002162529225258016,0.004770440892541296,-3.145425368004756e+49,0.0764223591683524,0.096025746602745,0.0715178424481028,0.07842623095120883,0.016166094447930893
RECOMBINATION_WEIGHTED_AUDITOR,2,2,2,5.75,300.0,1,M_eq_nonnegative;cycling_eq_slack,-1.515534210645948e+64,3.909369836693199e+65,1.5459925836308393e+67,0.0008529895670351979,0.0011419588845073066,-1.0966685070389973e+49,0.02151080081085014,0.30882300046070765,0.028209548686132006,0.018773847791130532,0.00028203581836826197
RECOMBINATION_WEIGHTED_AUDITOR,2,2,2,5.75,300.0,2,M_eq_nonnegative;cycling_eq_slack;shape_cycling_slack,-8.063199440200583e+63,2.1969751995193344e+65,8.706315448820807e+66,0.00043636811304131667,0.0005218262024986887,-5.488847667257816e+48,0.010276427077622687,0.17576238334273536,0.01443129905175804,0.008578842751734221,-0.0003696092205849825
RECOMBINATION_WEIGHTED_AUDITOR,2,2,2,5.75,300.0,3,M_eq_nonnegative;cycling_eq_slack;shape_cycling_slack,-4.2241122247911174e+63,1.0955007963441515e+65,4.333162021367745e+66,0.00022283818793821978,0.00024505568368184366,-2.7612562115054804e+48,0.004997781730508832,0.08758983655314068,0.007369568110454091,0.0040287248238182125,-0.0003652556767618021
RECOMBINATION_WEIGHTED_AUDITOR,2,2,2,5.75,300.0,4,M_eq_nonnegative;cycling_eq_slack;shape_cycling_slack,-4.5112392335828595e+62,1.1018814845511788e+64,4.347872992285573e+65,2.2905583167571255e-05,2.178489551187778e-05,-2.772018432110378e+47,0.0004739886243821849,0.008815623019389273,0.0007575194217154832,0.00035814451643951286,-6.559455109456395e-05
RECOMBINATION_WEIGHTED_AUDITOR,2,2,2,5.75,300.0,5,M_eq_nonnegative;cycling_eq_slack;shape_cycling_slack,-1.1557463283952563e+61,2.858523289418056e+62,1.1285182300847572e+64,5.843048492726943e-07,5.457371815646188e-07,-7.051788358996321e+45,1.1974629449623684e-05,0.00022914642496163313,1.9323772212586702e-05,8.971940163217971e-06,-1.7554947974421504e-06
RECOMBINATION_WEIGHTED_AUDITOR,2,2,2,5.75,300.0,6,M_eq_nonnegative;cycling_eq_slack,-9.335008400343909e+64,8.923253381240874e+65,1.8063754747365978e+67,0.00715753076309493,0.016384517887145407,-1.0526624566709574e+50,0.25989076429218516,0.44245470345848703,0.23670947493040342,0.26936210148847467,0.05841154316096003
RECOMBINATION_WEIGHTED_AUDITOR,2,2,2,5.75,300.0,7,M_eq_nonnegative;cycling_eq_slack,-1.0686100402059358e+65,1.6373419080318754e+66,3.453015638492927e+67,0.006873916578176349,0.012273875714033515,-9.435591906661322e+49,0.20919323290733186,1.1361880174723669,0.22732996026019844,0.2017829867508188,0.02757766250017224
RECOMBINATION_WEIGHTED_AUDITOR,2,2,2,5.75,300.0,8,M_eq_nonnegative;cycling_eq_slack,-5.485999557712455e+64,9.168028111694835e+65,1.9441519485952025e+67,0.0032730723835446393,0.005044367357120104,-4.337090986784035e+49,0.09027268309497402,0.6674249137571705,0.108245045807256,0.08292959251854219,0.006540446132916308
RECOMBINATION_WEIGHTED_AUDITOR,2,2,2,5.75,300.0,9,M_eq_nonnegative;cycling_eq_slack,-2.734621559624736e+64,4.563170965219971e+65,9.675680477862116e+66,0.0015777801367751019,0.0022504071610136385,-2.0554056040095222e+49,0.0414006985831471,0.33568952099669275,0.05217937862835847,0.03699677990347975,0.0016596738802003783
RECOMBINATION_WEIGHTED_AUDITOR,2,2,2,5.75,300.0,10,M_eq_nonnegative;cycling_eq_slack;shape_cycling_slack,-2.7571868547748733e+63,4.579720628889074e+64,9.708053985622889e+65,0.00015180858751293394,0.00019117853836801428,-1.9282895955354722e+48,0.003687587900972432,0.03414707897456441,0.005020520655726052,0.0031429824917036525,-4.9158965393936334e-05
RECOMBINATION_WEIGHTED_AUDITOR,2,2,2,5.75,300.0,11,M_eq_nonnegative;cycling_eq_slack;shape_cycling_slack,-7.111161664857447e+61,1.188257872680984e+63,2.519776001473692e+64,3.87967427701427e-06,4.7555012631944835e-06,-4.902631785967072e+46,9.2720229907446e-05,0.0008893159541825732,0.00012830621221332194,7.81806228726535e-05,-2.330104692289302e-06
RECOMBINATION_WEIGHTED_AUDITOR,2,2,2,5.75,300.0,12,M_eq_nonnegative;cycling_eq_slack,-4.483615810464361e+64,2.539599400834337e+65,1.8403202800352316e+66,0.003800329314418752,0.009650501853948737,-5.774333191300553e+49,0.14909051201500917,0.03474138980444805,0.12568216419229278,0.15865462003233505,0.03884986972160373
RECOMBINATION_WEIGHTED_AUDITOR,2,2,2,5.75,300.0,13,M_eq_nonnegative;cycling_eq_slack,-3.341427695654913e+64,4.340023467903444e+65,3.4727625520099786e+66,0.002549645590080103,0.005804039784816773,-3.7434654643736885e+49,0.09219941851998749,0.2599406682119989,0.08432031783898526,0.09541863632054308,0.02054007815216441
RECOMBINATION_WEIGHTED_AUDITOR,2,2,2,5.75,300.0,14,M_eq_nonnegative;cycling_eq_slack,-6.165456614155892e+63,2.317703680510027e+65,1.943152405116734e+66,0.0004809082520120433,0.0011223127570597425,-7.114511842585235e+48,0.017712200017160486,0.18060756800163003,0.01590430325642721,0.018450864703569596,0.004101362566740818
RECOMBINATION_WEIGHTED_AUDITOR,2,2,2,5.75,300.0,15,M_eq_nonnegative;cycling_eq_slack,-8.511678657923858e+63,1.207905164758714e+65,9.725095014946914e+65,0.0006075962093065367,0.0012727482383016525,-8.705984244791352e+48,0.020683282830077258,0.07801631075438223,0.02009404981061717,0.02092402977591772,0.003985298199844986
RECOMBINATION_WEIGHTED_AUDITOR,2,2,2,5.75,300.0,16,M_eq_nonnegative;cycling_eq_slack,-8.832151220166417e+62,1.214850975296125e+64,9.760419753415757e+64,6.131183506665364e-05,0.0001235418219858497,-8.689907863919731e+47,0.0020300562739580235,0.007872789385045535,0.0020276674688536893,0.0020310322843207743,0.00036186420636692305
RECOMBINATION_WEIGHTED_AUDITOR,2,2,2,5.75,300.0,17,M_eq_nonnegative;cycling_eq_slack,-2.3506227254015978e+61,3.1590808686114418e+62,2.533994949195851e+63,1.6240457994621205e-06,3.2500126807830685e-06,-2.297447172663292e+46,5.35112941256849e-05,0.00020352685542622054,5.370944829506625e-05,5.343033292635453e-05,9.40061288513383e-06
RECOMBINATION_WEIGHTED_AUDITOR,3,1,2,5.65,100.0,0,M_eq_nonnegative;kappa_eq_G1;kappa_eq_G2a,-3.0076853808778465e+65,4.950390081531401e+65,1.074663917206803e+67,-0.01609735350482187,-0.00863710271960417,9.331885498072613e+48,0.12541340657930708,0.23383329008254003,0.13727303392283635,0.10501423235056424,0.013138234977002644
RECOMBINATION_WEIGHTED_AUDITOR,3,1,2,5.65,100.0,1,M_eq_nonnegative;kappa_eq_G1;kappa_eq_G2a,-1.204699024025036e+65,4.926056389160962e+65,2.0130107808741062e+67,-0.0075125270988067065,-0.0023221259216342437,4.465831984026637e+48,0.00848091114643107,0.6796758324253371,0.005514909984082328,0.004486831175807922,0.00431795967574734
RECOMBINATION_WEIGHTED_AUDITOR,3,1,2,5.65,100.0,2,M_eq_nonnegative;kappa_eq_G1;kappa_eq_G2a,-5.830527281030762e+64,2.678862768413762e+65,1.1327419177315386e+67,-0.0037797677934694723,-0.001026701001293128,2.483255896927253e+48,0.007315605583053987,0.38024346788758495,0.005474423832059759,0.004841979539346336,0.0029327244887281737
RECOMBINATION_WEIGHTED_AUDITOR,3,1,2,5.65,100.0,3,M_eq_nonnegative;kappa_eq_G1;kappa_eq_G2a,-2.8741117557107646e+64,1.3304519237293518e+65,5.6371430108381175e+66,-0.0019105044696224689,-0.0004747281355164996,1.3322176746860399e+48,0.0045579487897964045,0.18832208240254306,0.0036190126108729065,0.0028760360746631483,0.0017214199039386788
RECOMBINATION_WEIGHTED_AUDITOR,3,1,2,5.65,100.0,4,M_eq_nonnegative;kappa_eq_G1;kappa_eq_G2a,-2.8827033434162086e+63,1.3347864515760908e+64,5.65591589224475e+65,-0.0001975689966585624,-4.2756138444519366e-05,1.4359950643171506e+47,0.00042789105614733213,0.01892437889992927,0.0003223320320321436,0.00021073770711599394,0.00019129753987578649
RECOMBINATION_WEIGHTED_AUDITOR,3,1,2,5.65,100.0,5,M_eq_nonnegative;kappa_eq_G1;kappa_eq_G2a,-7.305382001990001e+61,3.4468742465517882e+62,1.4678719276572813e+64,-5.030178263994616e-06,-1.0681570677949834e-06,3.692999625075307e+45,1.1299027892126964e-05,0.0004910082714866495,8.626527369075801e-06,5.5172844777027765e-06,4.984213450450389e-06
RECOMBINATION_WEIGHTED_AUDITOR,3,1,2,5.65,100.0,6,M_eq_nonnegative;kappa_eq_G1;kappa_eq_G2a;m_eq_nonnegative;k_eq_G1;k_eq_G2a;shape_cycling_slack,-1.2656656253238805e+66,2.0628661149065612e+66,2.454741594199264e+67,-0.06437069464625704,-0.03563560257004514,1.991105496326525e+49,-0.0542747535895762,1.5284650531417363,-0.009428152469328155,-0.12370883880578382,-0.01802924044882727
RECOMBINATION_WEIGHTED_AUDITOR,3,1,2,5.65,100.0,7,M_eq_nonnegative;kappa_eq_G1;kappa_eq_G2a,-1.0044141839995741e+66,2.531495429234859e+66,4.5601883364490035e+67,-0.05782409305256413,-0.023796264393780447,3.1160099125940384e+49,0.16231906020120349,2.661573282780616,0.15802588964610847,0.14250802159717574,0.028948238257523212
RECOMBINATION_WEIGHTED_AUDITOR,3,1,2,5.65,100.0,8,M_eq_nonnegative;kappa_eq_G1;kappa_eq_G2a,-4.468943523355624e+65,1.3069225334821363e+66,2.556348878548117e+67,-0.027273302885647516,-0.009450921721376116,1.6955864336032298e+49,0.09463485504662238,1.4957369755721224,0.08612155999496962,0.08525673533083684,0.020486311277345876
RECOMBINATION_WEIGHTED_AUDITOR,3,1,2,5.65,100.0,9,M_eq_nonnegative;kappa_eq_G1;kappa_eq_G2a,-2.1108220861085613e+65,6.391002160860687e+65,1.2711085045152586e+67,-0.013171770909417227,-0.004240760186092114,8.548328155430144e+48,0.04443840673173129,0.7470563337994849,0.040481511610298976,0.03604824414764126,0.010761027835646315
RECOMBINATION_WEIGHTED_AUDITOR,3,1,2,5.65,100.0,10,M_eq_nonnegative;kappa_eq_G1;kappa_eq_G2a,-1.9022743643544094e+64,6.19671582390731e+64,1.2731879770743455e+66,-0.0012417957456779525,-0.00034718019544366987,9.007824474745431e+47,0.0053670907848715095,0.07404610607582753,0.004963170228475495,0.00412392534832827,0.0013148576343622676
RECOMBINATION_WEIGHTED_AUDITOR,3,1,2,5.65,100.0,11,M_eq_nonnegative;kappa_eq_G1;kappa_eq_G2a,-4.838749981150287e+62,1.59853973604196e+63,3.3036973565320967e+64,-3.1803795660316035e-05,-8.64945348454697e-06,2.325802383304242e+46,0.00013475020823509607,0.0019264978283346397,0.00012399638113091242,0.0001014889393977787,3.404614135862849e-05
RECOMBINATION_WEIGHTED_AUDITOR,3,1,2,5.65,100.0,12,M_eq_nonnegative;kappa_eq_G1;kappa_eq_G2a,-4.775500936782797e+65,6.903519556206684e+65,2.8037087866739775e+66,-0.025405668134586806,-0.014424195250284884,1.6877235223700894e+49,0.37912004364572943,0.01439506917906197,0.3617862582514071,0.4597591841510618,0.03552992123028276
RECOMBINATION_WEIGHTED_AUDITOR,3,1,2,5.65,100.0,13,M_eq_nonnegative;kappa_eq_G1;kappa_eq_G2a,-3.7743580845118342e+65,7.850694421102437e+65,4.8333203192274845e+66,-0.020298524711075187,-0.010266404608493991,9.925653543751533e+48,0.11478297884997482,0.6390167946874961,0.10667185105001284,0.1474065944203435,0.01037077220971365
RECOMBINATION_WEIGHTED_AUDITOR,3,1,2,5.65,100.0,14,M_eq_nonnegative;kappa_eq_G1;kappa_eq_G2a,-4.74612429279903e+64,2.7703410529128644e+65,2.556945439108852e+66,-0.002818017213660506,-0.0013393016492727883,2.743842327299739e+48,0.06693264868084256,0.3575955486281659,0.062377790274095915,0.08090327623178346,0.007406768178641679
RECOMBINATION_WEIGHTED_AUDITOR,3,1,2,5.65,100.0,15,M_eq_nonnegative;kappa_eq_G1;kappa_eq_G2a,-8.205520424676287e+64,1.9630880810904402e+65,1.3309729129756641e+66,-0.0046569530921117055,-0.002089687212411902,2.79333887306567e+48,0.036333345432104175,0.17494544416174168,0.032959782501442866,0.04543442467409477,0.004211946133582833
RECOMBINATION_WEIGHTED_AUDITOR,3,1,2,5.65,100.0,16,M_eq_nonnegative;kappa_eq_G1;kappa_eq_G2a,-8.019740733797092e+63,1.9483169953137373e+64,1.3332764587481705e+65,-0.00046318343826846545,-0.00020044212987617427,2.97436709412921e+47,0.0038992891929851507,0.01729898699422678,0.0036079320943408237,0.004604685794966234,0.0004817074979371347
RECOMBINATION_WEIGHTED_AUDITOR,3,1,2,5.65,100.0,17,M_eq_nonnegative;kappa_eq_G1;kappa_eq_G2a,-2.1076606471084996e+62,5.083107034460309e+62,3.463256628611488e+63,-1.22568947574952e-05,-5.201675913534942e-06,7.967803019122533e+45,0.00010522263264851812,0.00044499958351792464,9.607152779250394e-05,0.00012692403817863722,1.312702245430183e-05
RECOMBINATION_WEIGHTED_AUDITOR,3,1,2,5.65,300.0,0,M_eq_nonnegative;kappa_eq_G1;kappa_eq_G2a,-1.0281684292782984e+66,1.222438899343654e+66,1.1474039063258543e+67,-0.0541437999042212,-0.02903806023860974,2.5625565770781817e+49,0.22293147695295895,0.13631521970888816,0.26158587987687315,0.15527992313566097,0.02015071279394831
RECOMBINATION_WEIGHTED_AUDITOR,3,1,2,5.65,300.0,1,M_eq_nonnegative;kappa_eq_G1;kappa_eq_G2a;m_eq_nonnegative;k_eq_G1;k_eq_G2a,-4.020962408885018e+65,7.742319774020944e+65,2.041173414722706e+67,-0.024718435764722272,-0.007687003031689886,1.2903383166797383e+49,-0.022843173607224664,0.7109999171789929,-0.03739022133219551,-0.022523350922525772,0.00735518197869986
RECOMBINATION_WEIGHTED_AUDITOR,3,1,2,5.65,300.0,2,M_eq_nonnegative;kappa_eq_G1;kappa_eq_G2a;m_eq_nonnegative;k_eq_G1;k_eq_G2a,-1.95355404626843e+65,4.049364086579116e+65,1.1464469309131922e+67,-0.012461919486193943,-0.0034131644270628987,7.219656790598553e+48,-0.002431735547427755,0.3899908090180667,-0.01145891062326956,-0.0022227113307484135,0.0060154440031484225
RECOMBINATION_WEIGHTED_AUDITOR,3,1,2,5.65,300.0,3,M_eq_nonnegative;kappa_eq_G1;kappa_eq_G2a;k_eq_G1,-9.652060953903282e+64,2.0082468435486037e+65,5.704922502820043e+66,-0.006306950428015497,-0.0015814064244258578,3.8873797736006784e+48,0.001357542352057043,0.19152248884028242,-0.003471564081321126,0.0006968314264381393,0.0037738989428517454
RECOMBINATION_WEIGHTED_AUDITOR,3,1,2,5.65,300.0,4,M_eq_nonnegative;kappa_eq_G1;kappa_eq_G2a;k_eq_G1;k_eq_G2a,-9.674095997056038e+63,2.0139257169400736e+64,5.723829818781148e+65,-0.0006517262580088366,-0.00014218446910461415,4.212612072100168e+47,5.7557844277143495e-05,0.019294712111799457,-0.0005004073094787406,-6.794082105849865e-05,0.00043817475139286275
RECOMBINATION_WEIGHTED_AUDITOR,3,1,2,5.65,300.0,5,M_eq_nonnegative;kappa_eq_G1;kappa_eq_G2a;k_eq_G1;k_eq_G2a,-2.4526820240130905e+62,5.169018070365879e+62,1.4850933658954222e+64,-1.659713140755305e-05,-3.5534058630054053e-06,1.083954390548995e+46,2.6816247824089655e-06,0.0004996256745963674,-1.1597046169980248e-05,-1.0138816618210841e-06,1.1504857762444976e-05
RECOMBINATION_WEIGHTED_AUDITOR,3,1,2,5.65,300.0,6,M_eq_nonnegative;kappa_eq_G1;kappa_eq_G2a;m_eq_nonnegative;k_eq_G1;k_eq_G2a;shape_cycling_slack,-4.191051766223496e+66,4.9882522558061764e+66,2.747280208289226e+67,-0.2112660509542345,-0.11699237708346844,5.266615166542362e+49,-0.6250644302415662,2.099254729793726,-0.4747612808838696,-0.8668253312668313,-0.11264766059615472
RECOMBINATION_WEIGHTED_AUDITOR,3,1,2,5.65,300.0,7,M_eq_nonnegative;kappa_eq_G1;kappa_eq_G2a,-3.373806690230909e+66,4.9008879354661935e+66,4.797127587072137e+67,-0.191344296713434,-0.07926134633387745,8.784018047688198e+49,0.05558700598238839,2.7683053369994313,0.02700374430648883,0.030446305300491666,0.03445663401995306
RECOMBINATION_WEIGHTED_AUDITOR,3,1,2,5.65,300.0,8,M_eq_nonnegative;kappa_eq_G1;kappa_eq_G2a,-1.5063305888551233e+66,2.3663587700016972e+66,2.662292502200073e+67,-0.09035829050013833,-0.03162426732099352,4.851965175735232e+49,0.08493134386161888,1.5054404867571258,0.04429621629103024,0.08965629283268048,0.03784064174428654
RECOMBINATION_WEIGHTED_AUDITOR,3,1,2,5.65,300.0,9,M_eq_nonnegative;kappa_eq_G1;kappa_eq_G2a,-7.1142643701092635e+65,1.139444444486139e+66,1.3211429273552656e+67,-0.04362852324092109,-0.014179091646765452,2.4601171666832604e+49,0.039415824400703105,0.752078916130513,0.0183662214257116,0.034254998980942065,0.021267744675223375
RECOMBINATION_WEIGHTED_AUDITOR,3,1,2,5.65,300.0,10,M_eq_nonnegative;kappa_eq_G1;kappa_eq_G2a,-6.443116193951254e+64,1.0737557653504155e+65,1.3185963953703138e+66,-0.004123942575432605,-0.0011667330919635519,2.6113933379367068e+48,0.007210956929081179,0.07220223993161785,0.004854746928834792,0.005978437448291447,0.0029194116346442185
RECOMBINATION_WEIGHTED_AUDITOR,3,1,2,5.65,300.0,11,M_eq_nonnegative;kappa_eq_G1;kappa_eq_G2a,-1.6385008547612012e+63,2.7531655926881324e+63,3.419159942196714e+64,-0.00010558956338481384,-2.9061007787904512e-05,6.751643552368197e+46,0.00017866713746809564,0.0018825808991016402,0.00011584847135497687,0.00014555425343080368,7.622620122537231e-05
RECOMBINATION_WEIGHTED_AUDITOR,3,1,2,5.65,300.0,12,M_eq_nonnegative;kappa_eq_G1;kappa_eq_G2a;m_eq_upper_slack,-1.6744221144073702e+66,1.887223976349759e+66,4.000580807403068e+66,-0.0868161626149353,-0.04993162527932009,4.5512099710355697e+49,0.8373798739113778,-0.4438647610865864,0.8081505865366672,1.029009527064771,0.06811055092199059
RECOMBINATION_WEIGHTED_AUDITOR,3,1,2,5.65,300.0,13,M_eq_nonnegative;kappa_eq_G1;kappa_eq_G2a,-1.2803294162915237e+66,1.687963049950584e+66,5.736213927067825e+66,-0.06765039932886885,-0.0346299286545141,2.697255432198349e+49,0.16534757260114685,0.588452200936324,0.14892832757425317,0.24569192949093993,0.00849753742021278
RECOMBINATION_WEIGHTED_AUDITOR,3,1,2,5.65,300.0,14,M_eq_nonnegative;kappa_eq_G1;kappa_eq_G2a,-1.7322716128604831e+65,4.028000236493445e+65,2.6827113574669102e+66,-0.009838755780094379,-0.004829339348419605,7.587522963171063e+48,0.16179158015195552,0.2627366171570529,0.15023779498253464,0.19897208326655796,0.017287124445846375
RECOMBINATION_WEIGHTED_AUDITOR,3,1,2,5.65,300.0,15,M_eq_nonnegative;kappa_eq_G1;kappa_eq_G2a,-2.809967784073729e+65,3.952503822696541e+65,1.5299144871362742e+66,-0.015600312289917562,-0.0071267745674589555,7.743459604683926e+48,0.06650893312618242,0.14476985646766344,0.057282969921480895,0.09177231643463338,0.007340406282577386
RECOMBINATION_WEIGHTED_AUDITOR,3,1,2,5.65,300.0,16,M_eq_nonnegative;kappa_eq_G1;kappa_eq_G2a,-2.754459859065956e+64,3.9008027809999835e+64,1.528525037316795e+65,-0.0015547147787305956,-0.0006848444175772912,8.298537737392193e+47,0.0074355354247125135,0.013762740762499415,0.006595486210585481,0.009470281730929274,0.0009171560769687358
RECOMBINATION_WEIGHTED_AUDITOR,3,1,2,5.65,300.0,17,M_eq_nonnegative;kappa_eq_G1;kappa_eq_G2a,-7.245367039034897e+62,1.0220813426386706e+63,3.9770272678041275e+63,-4.1146927119101545e-05,-1.7809945280230507e-05,2.2255230069854573e+46,0.00020278709550880237,0.0003474351206576404,0.00017615875048928602,0.0002658668570581148,2.541361418772193e-05
RECOMBINATION_WEIGHTED_AUDITOR,3,2,2,5.65,300.0,0,M_eq_mass_cap_slack,2.1046881063499172e+65,-1.619834056963628e+64,1.023399123857353e+67,0.008950474619645918,0.004351228988239811,1.1419050330101786e+49,0.07912943564870085,0.2347910683660384,0.07853922623842507,0.08126531571175179,0.010224576858381768
RECOMBINATION_WEIGHTED_AUDITOR,3,2,2,5.65,300.0,12,M_eq_mass_cap_slack,4.297240343787167e+65,-2.1692217243632796e+65,1.896120539847573e+66,0.017196102842327143,0.01021646118958263,2.3337847918171934e+49,0.15953489918794683,0.1843303713997867,0.1508935189412542,0.19080676890878767,0.018062775000362435
RECOMBINATION_WEIGHTED_AUDITOR,4,1,2,5.55,100.0,0,kappa_eq_G2a,1.891765139319056e+65,3.1369156713883225e+63,1.244844459241402e+67,0.0038687691408104347,-0.0003428192450149392,4.452185580213693e+49,0.2133938385170446,0.06695958110544445,0.22568299537317213,0.1815004669626402,0.00794623760345231
RECOMBINATION_WEIGHTED_AUDITOR,4,1,2,5.55,100.0,1,kappa_eq_G1;kappa_eq_G2a;m_eq_nonnegative;k_eq_G1;k_eq_G2a,9.144850601762502e+63,3.592420676097425e+65,2.4198911250810026e+67,-0.0007321066404436683,-0.0005252510721800886,1.2152084511802173e+49,-0.004995677670106738,0.5420280236577459,-0.00735510851800102,-0.004874407249877873,0.001501177644776688
RECOMBINATION_WEIGHTED_AUDITOR,4,1,2,5.55,100.0,2,kappa_eq_G1;kappa_eq_G2a;m_eq_nonnegative;k_eq_G1;k_eq_G2a,5.7030588050401166e+63,2.017666696171812e+65,1.3627894055265738e+67,-0.0003495769641762032,-0.00023638610446340648,6.21278122425962e+48,-0.0010726021406080345,0.30352078764331525,-0.0025013415342653843,-0.0010927546503195634,0.0010115826535569041
RECOMBINATION_WEIGHTED_AUDITOR,4,1,2,5.55,100.0,3,kappa_eq_G1;kappa_eq_G2a;m_eq_nonnegative;k_eq_G1;k_eq_G2a,2.9974098474023513e+63,1.0025592733082235e+65,6.782158239011325e+66,-0.0001789845729352139,-0.00011233385547136189,3.1551386367293065e+48,-0.0004107436509593228,0.1509328690431497,-0.0012199043071373442,-0.0004705399167123925,0.000593594491189628
RECOMBINATION_WEIGHTED_AUDITOR,4,1,2,5.55,100.0,4,kappa_eq_G1;kappa_eq_G2a;m_eq_nonnegative;k_eq_G1;k_eq_G2a,3.0607765604982416e+62,1.0053659651054915e+64,6.804702733171207e+65,-1.8076750954325173e-05,-1.0055910754248007e-05,3.1177959260430348e+47,-2.871866474278334e-05,0.015131084559983122,-0.00011694421746407605,-6.11711287457699e-05,7.225523559827776e-05
RECOMBINATION_WEIGHTED_AUDITOR,4,1,2,5.55,100.0,5,kappa_eq_G1;kappa_eq_G2a;m_eq_nonnegative;k_eq_G1;k_eq_G2a,8.153366717410221e+60,2.6074385726800436e+62,1.766206987398808e+64,-4.485417207198126e-07,-2.5009502374959535e-07,7.949361289135702e+45,-2.2288473546796137e-07,0.00039221972253724235,-2.4337695154361016e-06,-1.2910535796240596e-06,1.8982151729586449e-06
RECOMBINATION_WEIGHTED_AUDITOR,4,1,2,5.55,100.0,6,kappa_eq_G1;kappa_eq_G2a;m_eq_nonnegative;k_eq_G1;k_eq_G2a;shape_cycling_slack,5.382023526995514e+64,7.4146031818047195e+65,2.811290224332335e+67,-0.005907284806123605,-0.008037376342823786,1.1453193849070679e+50,-0.09089850445297185,1.2502539544546503,-0.057294315615151026,-0.17098867512737806,-0.006993374820230408
RECOMBINATION_WEIGHTED_AUDITOR,4,1,2,5.55,100.0,7,kappa_eq_G1;kappa_eq_G2a,1.4048629465844766e+65,1.3829172076527846e+66,5.3814414886251976e+67,-0.003813875899551067,-0.005139046836071276,1.1328198053901605e+50,0.03744072534996798,2.1833682021328333,0.03612804194178412,0.022735588387790856,0.00636263475934238
RECOMBINATION_WEIGHTED_AUDITOR,4,1,2,5.55,100.0,8,kappa_eq_G1;kappa_eq_G2a,7.957821284464652e+64,7.783787212300598e+65,3.030697500516181e+67,-0.0014510264446746675,-0.0019294076554808351,5.27351780943419e+49,0.037931342945146156,1.2127933768668837,0.03305980629824112,0.034380153452783155,0.006029452468457014
RECOMBINATION_WEIGHTED_AUDITOR,4,1,2,5.55,100.0,9,kappa_eq_G1;kappa_eq_G2a,3.5325917778092997e+64,3.9166127342374145e+65,1.5087424996117865e+67,-0.0007888413220339455,-0.0009011238770533652,2.476065029242397e+49,0.014653864439309675,0.6078056249232862,0.012204756311242418,0.010906217136488715,0.0033772827351369362
RECOMBINATION_WEIGHTED_AUDITOR,4,1,2,5.55,100.0,10,kappa_eq_G1;kappa_eq_G2a,3.481477114394902e+63,3.9359512390033626e+64,1.5138324529750382e+66,-7.603504025390217e-05,-7.940549056956059e-05,2.3683029113022358e+48,0.0015357157461148392,0.06091763414397513,0.0012679888665594057,0.0009519637469095621,0.0004128376765386373
RECOMBINATION_WEIGHTED_AUDITOR,4,1,2,5.55,100.0,11,kappa_eq_G1;kappa_eq_G2a,9.450500438352676e+61,1.0174752330524238e+63,3.92888781471964e+64,-1.725306982419437e-06,-1.8848443386981814e-06,6.007832238581357e+46,4.8012644262806326e-05,0.0015730257967908,4.1003834667756284e-05,3.203642523442593e-05,1.1302877180858916e-05
RECOMBINATION_WEIGHTED_AUDITOR,4,1,2,5.55,100.0,12,M_eq_mass_cap_slack;m_eq_upper_slack,4.660087211107272e+65,-2.493298825740234e+65,2.3482241203035796e+66,0.009886050544882351,0.00133754061628554,9.327850754736542e+49,0.5515592909896598,-0.2356861173433737,0.5333862107308716,0.6316326490891433,0.013994771728449207
RECOMBINATION_WEIGHTED_AUDITOR,4,1,2,5.55,100.0,13,kappa_eq_G2a,1.2217282618017995e+65,2.928873687050205e+65,5.268644475122134e+66,0.0006092304950254595,-0.0013676931308616467,4.994299436191155e+49,0.10665626744968983,0.4984161147821625,0.1001918745289711,0.1351882481552833,0.001403124271290218
RECOMBINATION_WEIGHTED_AUDITOR,4,1,2,5.55,100.0,15,kappa_eq_G2a,3.502828727994543e+64,8.130687049331666e+64,1.4759370835316157e+66,0.00030195105255479305,-0.00020057483474401346,1.2170394477498145e+49,0.03370774495237901,0.13588498380990394,0.030953631473907325,0.042865631623045436,0.000928108350815332
RECOMBINATION_WEIGHTED_AUDITOR,4,1,2,5.55,100.0,16,kappa_eq_G2a,3.612515532006804e+63,8.05976264367391e+63,1.4798746902559843e+65,3.42333173718931e-05,-1.98480823205131e-05,1.2270160916323224e+48,0.003514027173002517,0.013501753306225064,0.0033027905394253116,0.004179288352408839,0.0001180017341916484
RECOMBINATION_WEIGHTED_AUDITOR,4,1,2,5.55,100.0,17,kappa_eq_G2a,9.952985694685593e+61,2.0343566292917016e+62,3.835397621939572e+63,9.89129935489224e-07,-4.1129487499233787e-07,3.2611395170526293e+46,9.860350551681957e-05,0.000343057899514326,9.088186966186216e-05,0.00012220628984255656,3.3162482977926796e-06
RECOMBINATION_WEIGHTED_AUDITOR,4,1,2,5.55,300.0,0,M_eq_mass_cap_slack;kappa_eq_G2a;m_eq_upper_slack,4.534368516559513e+65,-2.6112342205265734e+65,1.2184184254689974e+67,0.007130758082043286,-0.0031126217409334763,1.3699459886749684e+50,0.4662982222185589,-0.18594480259606982,0.5032651157125342,0.37059094616110955,0.01685570501518574
RECOMBINATION_WEIGHTED_AUDITOR,4,1,2,5.55,300.0,1,M_eq_nonnegative;kappa_eq_G1;kappa_eq_G2a;m_eq_nonnegative;k_eq_G1;k_eq_G2a,-8.107734622378094e+62,3.6919769167374284e+65,2.4208866874874028e+67,-0.0034384188615219666,-0.001966737879766142,3.75076160477412e+49,-0.058383657561756674,0.5954160035493958,-0.06987515061721286,-0.046608147207473166,0.002983159545652085
RECOMBINATION_WEIGHTED_AUDITOR,4,1,2,5.55,300.0,2,kappa_eq_G1;kappa_eq_G2a;m_eq_nonnegative;k_eq_G1;k_eq_G2a,2.5271080615402502e+63,2.0494262036068108e+65,1.3631070006009238e+67,-0.0017015499370660653,-0.0008960216970053386,1.9172037068498936e+49,-0.02561285880574067,0.32806104430844785,-0.03263997996272277,-0.018585173015536978,0.002271599691047975
RECOMBINATION_WEIGHTED_AUDITOR,4,1,2,5.55,300.0,3,kappa_eq_G1;kappa_eq_G2a;m_eq_nonnegative;k_eq_G1;k_eq_G2a,1.5553208791725323e+63,1.0169801629905217e+65,6.783600327979556e+66,-0.0008747915198744144,-0.00042628436715349074,9.735823020254621e+48,-0.012652967133546082,0.16317509252573645,-0.016668169566957623,-0.008726066404682487,0.0014003640428178598
RECOMBINATION_WEIGHTED_AUDITOR,4,1,2,5.55,300.0,4,kappa_eq_G1;kappa_eq_G2a;m_eq_nonnegative;k_eq_G1;k_eq_G2a,1.7845168247516175e+62,1.0181285624629577e+64,6.805978992906954e+65,-8.872056724427331e-05,-3.7971504201726715e-05,9.619720695247407e+47,-0.0012221524114911144,0.016324518306731452,-0.001678929080098463,-0.0008225035915592083,0.00018046859221878772
RECOMBINATION_WEIGHTED_AUDITOR,4,1,2,5.55,300.0,5,kappa_eq_G1;kappa_eq_G2a;m_eq_nonnegative;k_eq_G1;k_eq_G2a,5.558448477961166e+60,2.633387755074534e+62,1.766466479222753e+64,-2.229094123269892e-06,-9.466491402489907e-07,2.4525969578023663e+46,-2.969064522596272e-05,0.00042168748302773713,-4.132385582379292e-05,-1.995597008761527e-05,4.771212124336094e-06
RECOMBINATION_WEIGHTED_AUDITOR,4,1,2,5.55,300.0,6,M_eq_nonnegative;kappa_eq_G1;kappa_eq_G2a;m_eq_nonnegative;k_eq_G1;k_eq_G2a;shape_cycling_slack,-9.606686118903373e+64,8.913474146394608e+65,2.826278933978234e+67,-0.02786553781615286,-0.029140271282112593,3.536856109850314e+50,-0.6686394001604787,1.8279948501621572,-0.5623417035571812,-0.9225170646065187,-0.03714038547192278
RECOMBINATION_WEIGHTED_AUDITOR,4,1,2,5.55,300.0,7,kappa_eq_G1;kappa_eq_G2a;m_eq_nonnegative;k_eq_G1;k_eq_G2a,1.5705803116828672e+65,1.3663454711429454e+66,5.379784314974214e+67,-0.02231135533787936,-0.019939990589092224,3.495349861915817e+50,-0.2933994492037302,2.5142083766865313,-0.310607897877452,-0.3030914765464837,0.0035384268948057684
RECOMBINATION_WEIGHTED_AUDITOR,4,1,2,5.55,300.0,8,kappa_eq_G1;kappa_eq_G2a;m_eq_nonnegative;k_eq_G1;k_eq_G2a,1.1379132527439354e+65,7.441656088003128e+65,3.027276189273206e+67,-0.009629912845853121,-0.007742231387651266,1.6266466719708775e+50,-0.07780854467490991,1.3285332644869399,-0.10431827779504926,-0.057675621491613635,0.011013996505848722
RECOMBINATION_WEIGHTED_AUDITOR,4,1,2,5.55,300.0,9,kappa_eq_G1;kappa_eq_G2a;m_eq_nonnegative;k_eq_G1;k_eq_G2a,4.727077954672036e+64,3.797164116551141e+65,1.5075480134349237e+67,-0.004894397190696931,-0.0035649735605476998,7.637857215613361e+49,-0.04608563181753228,0.6685451211801281,-0.060849719273923526,-0.03812174232664823,0.006888286666163146
RECOMBINATION_WEIGHTED_AUDITOR,4,1,2,5.55,300.0,10,kappa_eq_G1;kappa_eq_G2a;m_eq_nonnegative;k_eq_G1;k_eq_G2a,4.7945633523547435e+63,3.804642615207378e+64,1.5125193667370785e+66,-0.00047717488984810993,-0.0003140494985570876,7.304770156295153e+48,-0.004058100162165835,0.0665114500522558,-0.005799492460174447,-0.0033789241838951736,0.000936423785618889
RECOMBINATION_WEIGHTED_AUDITOR,4,1,2,5.55,300.0,11,kappa_eq_G1;kappa_eq_G2a;m_eq_nonnegative;k_eq_G1;k_eq_G2a,1.3953929397306237e+62,9.72440943462888e+62,3.924384385760687e+64,-1.1550363848143107e-05,-7.54806308992902e-06,1.852848761983604e+47,-7.672514876642922e-05,0.0016977635898200356,-0.00012282120574398392,-5.9708351157930985e-05,2.6264643483016483e-05
RECOMBINATION_WEIGHTED_AUDITOR,4,1,2,5.55,300.0,12,M_eq_mass_cap_slack;kappa_eq_G2a;m_eq_upper_slack,1.155417167796915e+66,-9.387383292602112e+65,1.6588156736173918e+66,0.020780988517996767,-0.001124124192657922,2.8684739335240323e+50,1.2855196038500418,-0.9696464302037557,1.254946715980971,1.4632368905767486,0.026335916916607083
RECOMBINATION_WEIGHTED_AUDITOR,4,1,2,5.55,300.0,13,kappa_eq_G1;kappa_eq_G2a;shape_cycling_slack,2.4658292667300955e+65,1.684772682121909e+65,5.1442343746293036e+66,-0.002697561728668909,-0.006585678498857005,1.5394757288021042e+50,0.13646998673668767,0.4686023954951647,0.12563061279414758,0.19974000611580212,-0.003434484812505717
RECOMBINATION_WEIGHTED_AUDITOR,4,1,2,5.55,300.0,15,kappa_eq_G1;kappa_eq_G2a,7.534199239146419e+64,4.09931653817979e+64,1.435623378420097e+66,-0.0002317136778435193,-0.0011939767804171946,3.74982787132695e+49,0.05566112191212197,0.11393160685016096,0.04884824008420842,0.07932044265142633,0.0009257774450717113
RECOMBINATION_WEIGHTED_AUDITOR,4,1,2,5.55,300.0,16,kappa_eq_G1;kappa_eq_G2a,7.826092015893898e+63,3.846186159786817e+63,1.4377389254171135e+65,-1.4065444735090756e-05,-0.00011753197157229432,3.7802427477268856e+48,0.005939670142364942,0.01107611033686264,0.005389944359539212,0.007713473601316332,0.00016827669112089768
RECOMBINATION_WEIGHTED_AUDITOR,4,1,2,5.55,300.0,17,kappa_eq_G1;kappa_eq_G2a,2.1827286103323877e+62,8.46926588427873e+61,3.71665461785319e+63,-1.3763863316253442e-07,-2.7880999709406603e-06,1.0046044131758467e+47,0.00017309183930258894,0.00026856956572855663,0.00015247313065381137,0.00023714552753196496,4.993415595971521e-06
RECOMBINATION_WEIGHTED_AUDITOR,4,2,2,5.55,300.0,12,M_eq_mass_cap_slack,2.7783661152612267e+65,-6.115777298941885e+64,2.5413362127214314e+66,0.006549547627412008,0.0017335071084754188,4.390590142755199e+49,0.1993905559521906,0.10480300556810865,0.1932158252838881,0.2395835647671933,0.006395708385688287
SCRIPT_SELF_SHIELDING_AUDITOR,1,1,2,5.85,100.0,0,cycling_eq_slack;m_eq_nonnegative;k_eq_G1;k_eq_G2a;shape_cycling_slack,3.2238073924635575e+62,1.9770336583785268e+65,1.109466209818407e+67,0.0033037989702632475,0.0014728686927261516,-2.809689596529121e+49,-0.3419757998689725,0.6346353793809769,-0.34353922424651206,-0.4253858006973038,-0.012262019470269059
SCRIPT_SELF_SHIELDING_AUDITOR,1,1,2,5.85,100.0,1,cycling_eq_slack;shape_cycling_slack,5.273219644441169e+64,3.265969781148075e+65,2.120031886830055e+67,0.0028697212780237884,0.0008237085209398174,-1.9235604115892486e+48,0.04677159733529035,0.5138338726201767,0.05776214007439641,0.038913783522433604,-0.0007778667101533548
SCRIPT_SELF_SHIELDING_AUDITOR,1,1,2,5.85,100.0,2,cycling_eq_slack;shape_cycling_slack,2.690219958334257e+64,1.8673003581336147e+65,1.1942482473339962e+67,0.0014780404277891484,0.00038729098262663055,-8.934346084584659e+47,0.025329840479827625,0.29039435832816385,0.03185000903088532,0.020029274309852053,-0.000542505105270423
SCRIPT_SELF_SHIELDING_AUDITOR,1,1,2,5.85,100.0,3,cycling_eq_slack;shape_cycling_slack,1.3110817290315678e+64,9.320947049963633e+64,5.9438011661971724e+66,0.0007344507209815593,0.0001782458834632486,-4.671030462470256e+47,0.012324790563853466,0.14480452850723072,0.015900103875766056,0.009358514628402956,-0.00044793231059141354
SCRIPT_SELF_SHIELDING_AUDITOR,1,1,2,5.85,100.0,4,cycling_eq_slack;shape_cycling_slack,1.3281072790333338e+63,9.33934698463346e+63,5.9634790975811085e+65,7.781653915754619e-05,1.600375989177861e-05,-5.756971705896786e+46,0.0012055361307129432,0.014559750622304163,0.0016523806472475962,0.0008207757176248534,-8.782909466122915e-05
SCRIPT_SELF_SHIELDING_AUDITOR,1,1,2,5.85,100.0,5,cycling_eq_slack;shape_cycling_slack,3.396634852347832e+61,2.4291797329462265e+62,1.547930556752498e+64,1.9958045999160296e-06,4.0331050553557947e-07,-1.4755385654235693e+45,3.094606131713801e-05,0.00037825754274655246,4.2574487401605244e-05,2.088841120418338e-05,-2.3186638011333846e-06
SCRIPT_SELF_SHIELDING_AUDITOR,1,1,2,5.85,100.0,6,cycling_eq_slack,6.109603714837774e+65,1.8965539691044712e+65,2.4117534500482915e+67,0.027661238759833274,0.014412178997302622,-1.3539612997620155e+49,0.5004690214874283,0.682750222368365,0.4539223059579295,0.5860244845944831,0.06336633470332598
SCRIPT_SELF_SHIELDING_AUDITOR,1,1,2,5.85,100.0,7,cycling_eq_slack,4.753891900871778e+65,1.0582342089582333e+66,4.6893398505521426e+67,0.02362986774281314,0.009270305763688678,-1.3259305115472488e+49,0.4224175842381116,1.8441037487323686,0.4547759176266817,0.4376958195098676,0.01745500775209058
SCRIPT_SELF_SHIELDING_AUDITOR,1,1,2,5.85,100.0,8,cycling_eq_slack,2.1896344465213813e+65,6.447491748042241e+65,2.645839406470272e+67,0.011329837782043849,0.0037850958826553278,-6.295704407771115e+48,0.20070986257068402,1.0757593662974738,0.23152773959411277,0.18299129798034924,0.0040473591529207875
SCRIPT_SELF_SHIELDING_AUDITOR,1,1,2,5.85,100.0,9,cycling_eq_slack,1.040108420688398e+65,3.2584083316121133e+65,1.3172751078261698e+67,0.005480112433100186,0.0017004421661041705,-3.081328290557405e+48,0.09698612833266805,0.538285863819012,0.11496425193639244,0.08523319252114166,0.0006081756716535269
SCRIPT_SELF_SHIELDING_AUDITOR,1,1,2,5.85,100.0,10,cycling_eq_slack;shape_cycling_slack,9.594380428631309e+63,3.353401191297138e+64,1.322505574328122e+66,0.0005264209638828502,0.00014406781840835582,-3.4575533626873314e+47,0.008752878836269185,0.0549859904062108,0.010937426165980094,0.0072477985922661005,-0.0002283725484606789
SCRIPT_SELF_SHIELDING_AUDITOR,1,1,2,5.85,100.0,11,cycling_eq_slack;shape_cycling_slack,2.4607327316439893e+62,8.733667890519211e+62,3.4329898036408476e+64,1.359136170204135e-05,3.615455893534159e-06,-9.002136183468366e+45,0.00022521300237713846,0.0014291923643995866,0.0002840658657757096,0.0001836741321074682,-7.008566677850828e-06
SCRIPT_SELF_SHIELDING_AUDITOR,1,1,2,5.85,100.0,12,cycling_eq_slack;m_eq_nonnegative;k_eq_G1;k_eq_G2a,1.8255230008686098e+65,2.3079006532240203e+64,2.2881555517167562e+66,0.0104540852181454,0.006403664997725293,-2.868375473893904e+49,-0.16475635673784708,0.468656090837422,-0.2061733405083202,-0.17313993996042443,0.014683215814319861
SCRIPT_SELF_SHIELDING_AUDITOR,1,1,2,5.85,100.0,13,cycling_eq_slack,1.9226321127987459e+65,2.016348305234324e+65,4.5405131382679534e+66,0.008801264379957284,0.004418994385477328,-4.2410735729894255e+48,0.16147242158124497,0.42066418074119893,0.15063018508494858,0.1862181667327008,0.018217314742687618
SCRIPT_SELF_SHIELDING_AUDITOR,1,1,2,5.85,100.0,14,cycling_eq_slack;m_eq_nonnegative;k_eq_G1;k_eq_G2a;shape_cycling_slack,2.2570091629938597e+64,1.9926710105793354e+65,2.6428552407648754e+66,0.0013197592867206821,0.0007525558381105875,-3.507334061934094e+48,-0.013148055218131258,0.34099824972240617,-0.01675720694681526,-0.004128366419427355,-0.0012922681946180709
SCRIPT_SELF_SHIELDING_AUDITOR,1,1,2,5.85,100.0,15,cycling_eq_slack,4.541093605935099e+64,6.499278707396706e+64,1.2811154090711297e+66,0.0021228668614313062,0.0009959047502321882,-1.0208525025573149e+48,0.039205561135122545,0.12395861194464824,0.03823947086224429,0.04350368093707933,0.003692074760849366
SCRIPT_SELF_SHIELDING_AUDITOR,1,1,2,5.85,100.0,16,cycling_eq_slack,4.5144633449701535e+63,6.562695036974332e+63,1.2858016431616743e+65,0.0002151121213114614,9.679280221512226e-05,-1.14918356293686e+47,0.003877168131855747,0.012493614810682367,0.0038790146979936855,0.004301857753036376,0.000294812571401115
SCRIPT_SELF_SHIELDING_AUDITOR,1,1,2,5.85,100.0,17,cycling_eq_slack,1.1932786817998992e+62,1.6819072908297948e+62,3.335274777092476e+63,5.704410150897722e-06,2.5449568753440086e-06,-3.0803220490622697e+45,0.00010166193818950222,0.00032325791809848333,0.00010218579389395791,0.00011089773460693194,7.912702612877792e-06
SCRIPT_SELF_SHIELDING_AUDITOR,1,1,2,5.85,300.0,0,M_eq_nonnegative;cycling_eq_slack;m_eq_nonnegative;k_eq_G1;k_eq_G2a;shape_cycling_slack,-1.8213407715936305e+65,3.8015982373646207e+65,1.127711855608268e+67,0.003160057870763715,0.0009188241626599102,-9.408241568498655e+49,-1.3335198090597062,1.6261793885717106,-1.3274859533536565,-1.6211909679922403,-0.0669958578798362
SCRIPT_SELF_SHIELDING_AUDITOR,1,1,2,5.85,300.0,1,cycling_eq_slack;shape_cycling_slack,1.361653577908435e+65,2.431638167683757e+65,2.111688570695412e+67,0.007665858010094252,0.0022127746544458914,-7.001452050890365e+48,0.10438935505034148,0.45621611490512554,0.1337259377788566,0.09255347935955369,-0.006790897999233575
SCRIPT_SELF_SHIELDING_AUDITOR,1,1,2,5.85,300.0,2,cycling_eq_slack;shape_cycling_slack,7.025205523235448e+64,1.4338018016434955e+65,1.1899132617690951e+67,0.003977287032929793,0.0010510365753492476,-3.269742465960791e+48,0.05898040847862361,0.25674379032936784,0.07646156295182543,0.049771675783173513,-0.0037933897412571055
SCRIPT_SELF_SHIELDING_AUDITOR,1,1,2,5.85,300.0,3,cycling_eq_slack;shape_cycling_slack,3.422686795458824e+64,7.209341983536376e+64,5.9226851155329e+66,0.001977363821602998,0.00048458759417089117,-1.6923845845630318e+48,0.02866723736556373,0.12846208170552045,0.03826018414411777,0.023413199443808298,-0.0024208274011601263
SCRIPT_SELF_SHIELDING_AUDITOR,1,1,2,5.85,300.0,4,cycling_eq_slack;shape_cycling_slack,3.44417435554824e+63,7.223279908118553e+63,5.942318426815959e+65,0.0002090598676590789,4.338903710443518e-05,-2.0414921390223987e+47,0.002736537607027558,0.01302874914598955,0.003937163703523558,0.0020318451538746266,-0.00038079582948333506
SCRIPT_SELF_SHIELDING_AUDITOR,1,1,2,5.85,300.0,5,cycling_eq_slack;shape_cycling_slack,8.814596540107586e+61,1.887383564170251e+62,1.5425125950647383e+64,5.364569708622239e-06,1.0946988260622358e-06,-5.228782523745538e+45,7.043317205345117e-05,0.0003387704320102393,0.00010168299641838665,5.1941076506909155e-05,-9.954329966261312e-06
SCRIPT_SELF_SHIELDING_AUDITOR,1,1,2,5.85,300.0,6,M_eq_mass_cap_slack;cycling_eq_slack,1.55547675981475e+66,-7.548609914205254e+65,2.3173018112151942e+67,0.07247019663728094,0.03813418652589474,-5.475105042988643e+49,1.0479635386432715,0.13525570521252184,0.9174058342560026,1.2770423757699696,0.14278085305126753
SCRIPT_SELF_SHIELDING_AUDITOR,1,1,2,5.85,300.0,7,cycling_eq_slack,1.2279609914293678e+66,3.056624076160433e+65,4.6140826704179236e+67,0.06283416499079232,0.024901788715336933,-5.041753774138719e+49,0.9440654434996212,1.322455889470859,1.0257996176147834,1.0407140150773415,0.014889040544162846
SCRIPT_SELF_SHIELDING_AUDITOR,1,1,2,5.85,300.0,8,cycling_eq_slack;shape_cycling_slack,5.688817486561483e+65,2.94830870800214e+65,2.610847576069871e+67,0.03031335451128694,0.010193741091127173,-2.368686246722511e+49,0.45878871192934967,0.8176805169388082,0.5405284894767892,0.44037165895288793,-0.005032394916382077
SCRIPT_SELF_SHIELDING_AUDITOR,1,1,2,5.85,300.0,9,cycling_eq_slack;shape_cycling_slack,2.711070822034619e+65,1.5874459302658924e+65,1.3005654838127076e+67,0.014703352780858181,0.004598070787386431,-1.1501276081704462e+49,0.22434758735902263,0.41092440479265746,0.2722029019916911,0.20875468905845948,-0.0063367832375942346
SCRIPT_SELF_SHIELDING_AUDITOR,1,1,2,5.85,300.0,10,cycling_eq_slack;shape_cycling_slack,2.4904564287181344e+64,1.8223828054421347e+64,1.307195390469572e+66,0.0014109422184919189,0.00038972853775067477,-1.2559495877181898e+48,0.01994039982125334,0.04379846942122664,0.025764660782507207,0.01778222096544295,-0.0014849934768170724
SCRIPT_SELF_SHIELDING_AUDITOR,1,1,2,5.85,300.0,11,cycling_eq_slack;shape_cycling_slack,6.391295580263517e+62,4.8031050418996845e+62,3.3936841751546525e+64,3.6451504138686696e-05,9.791404806629808e-06,-3.2615390993232093e+46,0.0005142397481108524,0.0011401656186658725,0.0006712681189240323,0.00045270416193126436,-4.160409442420564e-05
SCRIPT_SELF_SHIELDING_AUDITOR,1,1,2,5.85,300.0,12,M_eq_mass_cap_slack;cycling_eq_slack;m_eq_nonnegative;k_eq_G1;k_eq_G2a,2.9675399858386957e+65,-9.112269196476839e+64,2.1739538532197475e+66,0.022169964196179892,0.014283179163598237,-9.913417457164773e+49,-0.9120122826407696,1.2159120167403445,-1.017976805429393,-0.997474339076325,0.0029516337766055667
SCRIPT_SELF_SHIELDING_AUDITOR,1,1,2,5.85,300.0,13,M_eq_mass_cap_slack;cycling_eq_slack,4.91620713299388e+65,-9.772267149608103e+64,4.2411556362484395e+66,0.023144273964379583,0.011732627084904565,-1.7089864758040374e+49,0.34529712144823843,0.23683948087420548,0.3143043233274351,0.4151468840890744,0.03991079389953561
SCRIPT_SELF_SHIELDING_AUDITOR,1,1,2,5.85,300.0,14,cycling_eq_slack;m_eq_nonnegative;k_eq_G1;k_eq_G2a;shape_cycling_slack,4.055020890632801e+64,1.8128698378154413e+65,2.6248751234884858e+66,0.002926903087176987,0.0017780955100172536,-1.1992870405622737e+49,-0.08460674680235236,0.41245694130662724,-0.09501806715870478,-0.058677092384422994,-0.008684756127779247
SCRIPT_SELF_SHIELDING_AUDITOR,1,1,2,5.85,300.0,15,M_eq_mass_cap_slack;cycling_eq_slack,1.1668710984805672e+65,-6.283386714738659e+63,1.209839235282424e+66,0.005608758205834215,0.0026535977485525448,-4.074941894210928e+48,0.08571605476553279,0.07744811831423801,0.08270170463560257,0.09910528226992053,0.007618504870557652
SCRIPT_SELF_SHIELDING_AUDITOR,1,1,2,5.85,300.0,16,M_eq_mass_cap_slack;cycling_eq_slack,1.1589378655803673e+64,-5.12220273859188e+62,1.215052490053339e+65,0.0005683984643613419,0.0002583576723713474,-4.4725292920081034e+47,0.008441831407548506,0.007928951534989608,0.008395318133093193,0.009898156218459301,0.0005311718643742826
SCRIPT_SELF_SHIELDING_AUDITOR,1,1,2,5.85,300.0,17,M_eq_mass_cap_slack;cycling_eq_slack,3.0589575334803163e+62,-1.8377156085062228e+61,3.1487068919244343e+63,1.5063584090095626e-05,6.779389360600473e-06,-1.1971031515980066e+46,0.00021993820727475715,0.0002049816490132284,0.00022017603019016465,0.0002522720725860138,1.4344234789221929e-05
SCRIPT_SELF_SHIELDING_AUDITOR,1,2,2,5.85,100.0,0,cycling_eq_slack,8.070753145756611e+64,1.1731821511953292e+65,1.1018807870678176e+67,0.00347382305071056,0.0021971409507531873,-2.1999810124650455e+48,0.12926515358438562,0.1656777779473626,0.12322560560978361,0.1418804739313916,0.012265432865131681
SCRIPT_SELF_SHIELDING_AUDITOR,1,2,2,5.85,100.0,1,cycling_eq_slack,1.1871361052451782e+64,3.674578135067674e+65,2.1249858935519025e+67,0.0006124842112284454,0.0002085662494750597,-3.4394612073226674e+47,0.019052797752406116,0.5459265581842978,0.021726419783994994,0.013468174771158966,0.0013444638500506381
SCRIPT_SELF_SHIELDING_AUDITOR,1,2,2,5.85,100.0,2,cycling_eq_slack,5.695520310964032e+63,2.0793671508574e+65,1.1968577159707445e+67,0.000301279461378609,9.167734252964465e-05,-1.6650388020375469e+47,0.009143813375097617,0.30904368934466847,0.010687171897997116,0.005920068442772217,0.0006113982612290514
SCRIPT_SELF_SHIELDING_AUDITOR,1,2,2,5.85,100.0,3,cycling_eq_slack,2.7715948141736634e+63,1.0354869297577834e+65,5.95657304739687e+66,0.00014921155728145013,4.1676327166011166e-05,-8.154662791198373e+46,0.004450628073258531,0.15390462574651964,0.005292924896167256,0.0026912506673758786,0.000285746369125134
SCRIPT_SELF_SHIELDING_AUDITOR,1,2,2,5.85,100.0,4,cycling_eq_slack,2.889603836840008e+62,1.0378493879982793e+64,5.976311330777445e+65,1.602714542022486e-05,3.8136772413241688e-06,-8.596217578667984e+45,0.0004641937176616905,0.01542409498666474,0.0005685248418739426,0.0002462683762891719,2.7660022409258683e-05
SCRIPT_SELF_SHIELDING_AUDITOR,1,2,2,5.85,100.0,5,cycling_eq_slack,7.359146011535166e+60,2.695251758065658e+62,1.551224801493597e+64,4.097408644176548e-07,9.535637522170741e-08,-2.192396633404671e+44,1.1822532327921782e-05,0.00040057370898818076,1.4534582050923425e-05,6.157642141346275e-06,6.973410622190556e-07
SCRIPT_SELF_SHIELDING_AUDITOR,1,2,2,5.85,100.0,6,cycling_eq_slack,1.509944055554872e+65,6.496213628387373e+65,2.4587598985398463e+67,0.006598184844212112,0.003998747410127234,-4.1357660310884824e+48,0.24187816919487648,0.9505726400679432,0.23405490477905133,0.2582192906132349,0.022498618996435682
SCRIPT_SELF_SHIELDING_AUDITOR,1,2,2,5.85,100.0,7,cycling_eq_slack,1.081678351813328e+65,1.4254555638640783e+66,4.7279964127210375e+67,0.005184099432209323,0.0023482126762042616,-3.054413913177608e+48,0.1734501155729662,2.1107547870659324,0.1838935900735246,0.15163593727446192,0.014046368363121425
SCRIPT_SELF_SHIELDING_AUDITOR,1,2,2,5.85,100.0,8,cycling_eq_slack,4.809623232616651e+64,8.156163871301958e+65,2.6640155664363347e+67,0.002394633009243323,0.0009430137588592784,-1.37607865087711e+48,0.07715807941319643,1.209270258248656,0.0849439071793911,0.06089515512644373,0.0058401418437268315
SCRIPT_SELF_SHIELDING_AUDITOR,1,2,2,5.85,100.0,9,cycling_eq_slack,2.238885334022294e+64,4.074628218898282e+65,1.3259794975320604e+67,0.0011381553459140048,0.00041249746985932154,-6.452668828366906e+47,0.03592619663646363,0.6043022353105068,0.040373352278141615,0.02663704233407408,0.0026124054492992696
SCRIPT_SELF_SHIELDING_AUDITOR,1,2,2,5.85,100.0,10,cycling_eq_slack,2.0983776893469558e+63,4.1030014652255737e+64,1.3305455744580964e+66,0.00011004768945886297,3.4850574296465506e-05,-6.115363293204942e+46,0.0033684525300020384,0.06086771215745769,0.0039036798885746316,0.0022504773743662948,0.0002295634566858544
SCRIPT_SELF_SHIELDING_AUDITOR,1,2,2,5.85,100.0,11,cycling_eq_slack,5.358887014698743e+61,1.0658511920693328e+63,3.4536502429525596e+64,2.8299231751040352e-06,8.680074157389631e-07,-1.5656645787453286e+45,8.60318435922745e-05,0.0015812813181112512,0.0001003847898959698,5.605161720680188e-05,5.774352972937678e-06
SCRIPT_SELF_SHIELDING_AUDITOR,1,2,2,5.85,100.0,12,cycling_eq_slack,1.196201259547764e+65,8.601118066432479e+64,2.3520967031554906e+66,0.005044175909621542,0.0033744919005818533,-3.239734908873055e+48,0.1915492795111238,0.11472150313848642,0.17893013610415637,0.21790796351416133,0.018652439577085705
SCRIPT_SELF_SHIELDING_AUDITOR,1,2,2,5.85,100.0,13,cycling_eq_slack,4.6492392462479625e+64,3.474056493408274e+65,4.6882167084345845e+66,0.002057542324575307,0.0012019956130204941,-1.2786288283429374e+48,0.07448619855522495,0.5121922772602929,0.07298641735988633,0.07761891979681117,0.006810191488527947
SCRIPT_SELF_SHIELDING_AUDITOR,1,2,2,5.85,100.0,14,cycling_eq_slack,1.2992421699119091e+64,2.0884477098875306e+65,2.65352140591013e+66,0.0005741948066031358,0.00033679370245774383,-3.571576809356653e+47,0.02081506050515703,0.30959304584004577,0.020368194277250576,0.021748468210668077,0.0019067068920875507
SCRIPT_SELF_SHIELDING_AUDITOR,1,2,2,5.85,100.0,15,cycling_eq_slack,1.0696550062498792e+64,9.970717307081926e+64,1.3163715163313572e+66,0.0004834001031498703,0.00026523223202297804,-2.9618372050004953e+47,0.017140965643564085,0.14729622656912816,0.017147468248358336,0.017127383096838082,0.0015214589287734434
SCRIPT_SELF_SHIELDING_AUDITOR,1,2,2,5.85,100.0,16,cycling_eq_slack,1.0654064844100146e+63,1.0011751897534471e+64,1.3208357380237252e+65,4.895521779071822e-05,2.550652007572473e-05,-2.9662533755054146e+46,0.0017075988523215203,0.01479091016827275,0.0017365698459471533,0.0016470846603827635,0.0001478864815662481
SCRIPT_SELF_SHIELDING_AUDITOR,1,2,2,5.85,100.0,17,cycling_eq_slack,2.835265166240668e+61,2.5916594560056273e+62,3.427660769744529e+63,1.302795331492966e-06,6.787846727680487e-07,-7.893801745162307e+44,4.544270637218916e-05,0.00038279240654844196,4.621356395100124e-05,4.383255022263603e-05,3.93557806858666e-06
SCRIPT_SELF_SHIELDING_AUDITOR,1,2,2,5.85,300.0,0,cycling_eq_slack,6.899895054491313e+64,1.290267960321859e+65,1.103051645159083e+67,0.0036671183226717483,0.0030730091110001026,-1.2517629648570532e+49,0.13092053368150194,0.16402239785024628,0.12322560560978361,0.1418804739313916,0.01406782874215548
SCRIPT_SELF_SHIELDING_AUDITOR,1,2,2,5.85,300.0,1,cycling_eq_slack,9.438381232617729e+63,3.6989079332660148e+65,2.125229191533886e+67,0.0006465649057408277,0.0002917090888794676,-1.9266767166356567e+48,0.018319984515899716,0.5466593714208042,0.021726419783994994,0.013468174771158966,0.0005465688177203228
SCRIPT_SELF_SHIELDING_AUDITOR,1,2,2,5.85,300.0,2,cycling_eq_slack,4.476243431605103e+63,2.0915599196509893e+65,1.1969796436586803e+67,0.00031804367031308136,0.00012822359383420477,-9.306133677370455e+47,0.008720794137189998,0.3094667085825761,0.010687171897997116,0.0059200684427722005,0.0001508103082660927
SCRIPT_SELF_SHIELDING_AUDITOR,1,2,2,5.85,300.0,3,cycling_eq_slack,2.1600524091211293e+63,1.0416023538083087e+65,5.957184589801923e+66,0.0001575141933465113,5.829017617202491e-05,-4.550507865349611e+47,0.004219762882292112,0.15413549093748605,0.005292924896167256,0.0026912506673758786,3.43778350518735e-05
SCRIPT_SELF_SHIELDING_AUDITOR,1,2,2,5.85,300.0,4,cycling_eq_slack;shape_cycling_slack,2.2190692478125475e+62,1.0445547338885538e+64,5.976981865366472e+65,1.6918950036504964e-05,5.333961348717952e-06,-4.783875768985172e+46,0.0004355975930416009,0.01545269111128483,0.0005685248418739426,0.0002462683762891719,-3.475749492248012e-06
SCRIPT_SELF_SHIELDING_AUDITOR,1,2,2,5.85,300.0,5,cycling_eq_slack;shape_cycling_slack,5.640480501046826e+60,2.7124384131705413e+62,1.5513966680446458e+64,4.3254023291312913e-07,1.3336923593718458e-07,-1.2196602628561162e+45,1.1079186442977055e-05,0.0004013170548731255,1.4534582050923425e-05,6.157642141346291e-06,-1.1202203243269347e-07
SCRIPT_SELF_SHIELDING_AUDITOR,1,2,2,5.85,300.0,6,cycling_eq_slack,1.283954127159551e+65,6.722203556782695e+65,2.4610197978237996e+67,0.0069653301810050465,0.00559280788048515,-2.350241195900649e+49,0.24402244824736444,0.9484283610154552,0.23405490477905186,0.2582192906132349,0.024833333380234746
SCRIPT_SELF_SHIELDING_AUDITOR,1,2,2,5.85,300.0,7,cycling_eq_slack,8.877644774766711e+64,1.444846951297744e+66,4.7299355514644037e+67,0.005472560270598248,0.0032843040616342503,-1.7221372310697765e+49,0.170587662967959,2.1136172396709396,0.18389359007352407,0.15163593727446192,0.010929698794345188
SCRIPT_SELF_SHIELDING_AUDITOR,1,2,2,5.85,300.0,8,cycling_eq_slack,3.884697148637854e+64,8.248656479699838e+65,2.6649404925203135e+67,0.0025278784946960856,0.0013189367171822142,-7.73276302906344e+48,0.07502406137444047,1.2114042762874122,0.0849439071793911,0.06089515512644373,0.0035165997634224455
SCRIPT_SELF_SHIELDING_AUDITOR,1,2,2,5.85,300.0,9,cycling_eq_slack,1.7919122858590043e+64,4.119325523714611e+65,1.3264264705802237e+67,0.0012014861615344279,0.0005769354408999784,-3.619348677104179e+48,0.03470727545743323,0.6055211564895372,0.040373352278141615,0.026637042334074146,0.0012852307953762632
SCRIPT_SELF_SHIELDING_AUDITOR,1,2,2,5.85,300.0,10,cycling_eq_slack,1.6558261836072633e+63,4.1472566157995425e+64,1.3309881259638362e+66,0.00011617111536517088,4.87434055152045e-05,-3.4206128727051855e+47,0.0032217520284845247,0.061014412658975205,0.0039036798885746233,0.0022504773743662948,6.983435304791334e-05
SCRIPT_SELF_SHIELDING_AUDITOR,1,2,2,5.85,300.0,11,cycling_eq_slack,4.2150363819283023e+61,1.0772896983970371e+63,3.45479409358533e+64,2.987389678658128e-06,1.2140298491396722e-06,-8.752054876312666e+45,8.209784360650846e-05,0.0015852153180970173,0.0001003847898959698,5.605161720680175e-05,1.490970946714103e-06
SCRIPT_SELF_SHIELDING_AUDITOR,1,2,2,5.85,300.0,12,cycling_eq_slack,1.0299817049611412e+65,1.0263313612298706e+65,2.368718658614153e+66,0.00532485092963183,0.004719699185402413,-1.8464941087847203e+49,0.19500806134817356,0.11126272130143666,0.1789301361041569,0.21790796351416133,0.022418398907805226
SCRIPT_SELF_SHIELDING_AUDITOR,1,2,2,5.85,300.0,13,cycling_eq_slack,3.9352587731524835e+64,3.5454545407178217e+65,4.6953565131655396e+66,0.002172030943423954,0.001681159084913469,-7.258388317083937e+48,0.07489727368058753,0.5117812021349304,0.07298641735988659,0.07761891979681117,0.007257774561678906
SCRIPT_SELF_SHIELDING_AUDITOR,1,2,2,5.85,300.0,14,cycling_eq_slack,1.1002721299346471e+64,2.1083447138852567e+65,2.6555111063099028e+66,0.0006061449490487491,0.0004710531273950879,-2.0277101331360884e+48,0.02093754209862415,0.30947056424657865,0.020368194277250576,0.021748468210668077,0.002040066184893479
SCRIPT_SELF_SHIELDING_AUDITOR,1,2,2,5.85,300.0,15,cycling_eq_slack,8.983738899932962e+63,1.0141998423338509e+65,1.3180843274939229e+66,0.0005102981209937294,0.00037096439591556487,-1.6783776336224893e+48,0.017139183344193114,0.14729800886849914,0.017147468248358336,0.017127383096838082,0.0015195183418088808
SCRIPT_SELF_SHIELDING_AUDITOR,1,2,2,5.85,300.0,16,cycling_eq_slack,8.891540951197307e+62,1.0188004286824754e+64,1.322598261916628e+65,5.167925180127048e-05,3.567443798074934e-05,-1.6785055193232419e+47,0.0016996581907946554,0.014798850829799615,0.0017365698459471533,0.0016470846603827635,0.00013924060282106162
SCRIPT_SELF_SHIELDING_AUDITOR,1,2,2,5.85,300.0,17,cycling_eq_slack,2.36622380338071e+61,2.638563592291623e+62,3.432351183373129e+63,1.3752872729573488e-06,9.493753612614715e-07,-4.466844564274922e+45,4.523142196478003e-05,0.0003830036909558511,4.621356394385961e-05,4.3832550224482306e-05,3.705529309497734e-06
SCRIPT_SELF_SHIELDING_AUDITOR,2,1,2,5.75,100.0,0,cycling_eq_slack;m_eq_nonnegative;k_eq_G1;k_eq_G2a;shape_cycling_slack,1.0472947681256639e+65,9.144430867842016e+64,7.966360834283138e+66,0.010308150006361929,0.004455689391225404,-1.9193936870547385e+49,-0.4025336312080764,0.5665992696469477,-0.37833309298485734,-0.4736206500319524,-0.08287381925335063
SCRIPT_SELF_SHIELDING_AUDITOR,2,1,2,5.75,100.0,6,M_eq_mass_cap_slack,1.4600695015267745e+66,-6.610942474061262e+65,1.6528771830180834e+67,0.07561743397134334,0.04033027885043161,2.805747641909838e+49,0.30226664682063664,0.36593876521279967,0.2598038962076171,0.36629739638489434,0.07530422419277666
SCRIPT_SELF_SHIELDING_AUDITOR,2,1,2,5.75,100.0,12,M_eq_mass_cap_slack;cycling_eq_slack;m_eq_nonnegative;k_eq_G1;k_eq_G2a;shape_cycling_slack,4.711681919648217e+65,-2.620444099860317e+65,1.326158000074647e+66,0.027098261701131273,0.01656433125734645,-1.1705445337609451e+49,-0.33040705966716694,0.5053031433474094,-0.3375683906530388,-0.356843932077445,-0.059919323037063654
SCRIPT_SELF_SHIELDING_AUDITOR,2,1,2,5.75,100.0,13,M_eq_mass_cap_slack,5.853403697019038e+65,-1.8475229986810844e+65,2.8575364916387128e+66,0.029416875742460106,0.0158000620352404,1.5420245882992973e+49,0.20613237187961148,0.12889066529013576,0.18292380445055095,0.25027726913356246,0.047296892514544275
SCRIPT_SELF_SHIELDING_AUDITOR,2,1,2,5.75,100.0,14,cycling_eq_slack;m_eq_nonnegative;k_eq_G1;k_eq_G2a;shape_cycling_slack,7.269863757830163e+64,1.5290627385854518e+65,1.866275555320118e+66,0.003972183083563202,0.0023189499263851663,-3.262458348978144e+47,-0.018383216691549503,0.20706293114571112,-0.02293097850018734,-0.010237055740635059,-0.003603802121600507
SCRIPT_SELF_SHIELDING_AUDITOR,2,1,2,5.75,100.0,15,M_eq_mass_cap_slack,1.3601728481750594e+65,-2.373844699955841e+64,8.289695479207048e+65,0.007068877504111884,0.003453102650387701,3.558006171941482e+48,0.048362914874113455,0.045539026018098325,0.045728933067256686,0.05395532184986384,0.010717712041137056
SCRIPT_SELF_SHIELDING_AUDITOR,2,1,2,5.75,100.0,16,M_eq_mass_cap_slack,1.3533487281283552e+64,-2.268192650338943e+63,8.328672565505239e+64,0.0007118226523812031,0.00033686668548328993,3.4894482126649452e+47,0.004789959454713099,0.004631522376827724,0.004560179609387752,0.005371420226535989,0.001031537735656644
SCRIPT_SELF_SHIELDING_AUDITOR,2,1,2,5.75,100.0,17,M_eq_mass_cap_slack,3.558708426156967e+62,-6.346898300856849e+61,2.1571935056861196e+63,1.8803677265965098e-05,8.807024589079115e-06,9.067469052285224e+45,0.00012388870772419037,0.0001206551677843999,0.00011892268467288776,0.0001369322269577798,2.6657158612186806e-05
SCRIPT_SELF_SHIELDING_AUDITOR,2,1,2,5.75,300.0,0,cycling_eq_slack;m_eq_nonnegative;k_eq_G1;k_eq_G2a;shape_cycling_slack,1.3971480196983596e+65,5.64589835211506e+64,7.931375509125869e+66,0.023428901855999794,0.009521433017279365,-6.924304112298131e+49,-1.4084929000267972,1.5725585384656684,-1.3284927719623043,-1.639634422684957,-0.292453113362402
SCRIPT_SELF_SHIELDING_AUDITOR,2,1,2,5.75,300.0,1,M_eq_mass_cap_slack,4.926341892103219e+65,-1.1685254764746144e+65,1.4967981808562703e+67,0.02921572871292015,0.009247724234959084,1.2073224904288094e+49,0.18167777170050425,0.1325989538176997,0.20374313827890492,0.1624276833889727,0.03148532370921947
SCRIPT_SELF_SHIELDING_AUDITOR,2,1,2,5.75,300.0,2,M_eq_mass_cap_slack,2.515172043870226e+65,-3.9882883875289745e+64,8.455658983820099e+66,0.015263738869797115,0.004305435594572196,6.431667550751227e+48,0.0994111806895394,0.07758453677307496,0.11580520185581578,0.0805649151174515,0.016963588670315236
SCRIPT_SELF_SHIELDING_AUDITOR,2,1,2,5.75,300.0,3,M_eq_mass_cap_slack,1.2849490097064986e+65,-2.3168933561025837e+64,4.204884265562572e+66,0.007917020006223782,0.002052081024465745,3.3939811036654035e+48,0.053324869713551916,0.03476219066509225,0.06359560390423274,0.04023993808500705,0.009051889546504883
SCRIPT_SELF_SHIELDING_AUDITOR,2,1,2,5.75,300.0,4,M_eq_mass_cap_slack,1.2440801217452902e+64,-1.8731102952994006e+63,4.223409796355553e+65,0.0007956121878453172,0.0001800324941608029,2.9648734254716457e+47,0.00473253299642776,0.004105523289372161,0.005874631469607622,0.003386905474133026,0.0007059693692056139
SCRIPT_SELF_SHIELDING_AUDITOR,2,1,2,5.75,300.0,5,M_eq_mass_cap_slack,3.15807903951068e+62,-4.1513038293214965e+61,1.0969383066154946e+64,2.0271766848947894e-05,4.5139668303809e-06,7.469742049558756e+45,0.00011957291522134644,0.00010982757344245512,0.0001489932193281652,8.516092474347085e-05,1.7586912356489176e-05
SCRIPT_SELF_SHIELDING_AUDITOR,2,1,2,5.75,300.0,6,M_eq_mass_cap_slack,3.9196902316842434e+66,-3.120714977563595e+66,1.4069151100023366e+67,0.20669838967492923,0.11058976843761807,5.544369974018734e+49,0.41859441148724896,0.24961100054618734,0.3085831387934036,0.5710420425693394,0.11858021005038821
SCRIPT_SELF_SHIELDING_AUDITOR,2,1,2,5.75,300.0,7,M_eq_mass_cap_slack;m_eq_upper_slack,4.1783790488402264e+66,-2.6478981448289447e+66,3.0280232781095116e+67,0.2288923847012381,0.09705682571636032,1.0137459336792797e+50,1.4191378629328608,-0.1391537610476017,1.403388942402907,1.5595494843132856,0.2803149636120825
SCRIPT_SELF_SHIELDING_AUDITOR,2,1,2,5.75,300.0,8,M_eq_mass_cap_slack,1.9399345893599667e+66,-1.0779917737676078e+66,1.746661457061551e+67,0.11093492993420899,0.04037323730372606,4.76361383482791e+49,0.6943659568647735,0.026500992733118567,0.7391337056948726,0.6795271178973499,0.12834463583983258
SCRIPT_SELF_SHIELDING_AUDITOR,2,1,2,5.75,300.0,9,M_eq_mass_cap_slack,9.24440562593324e+65,-4.954696816675743e+65,8.733792371528188e+66,0.053902399724857115,0.01819147494068986,2.2840830602938323e+49,0.33974725053814814,0.019013127534904084,0.3718327767579715,0.3174924119644979,0.060698741794538824
SCRIPT_SELF_SHIELDING_AUDITOR,2,1,2,5.75,300.0,10,M_eq_mass_cap_slack,8.580589024677604e+64,-4.2765870812660177e+64,8.832354868432448e+65,0.005172114100903873,0.001549629396816504,2.0366496563680336e+48,0.030944681013401035,0.005050894283299825,0.03525947962459848,0.027307676344927725,0.005099969991244173
SCRIPT_SELF_SHIELDING_AUDITOR,2,1,2,5.75,300.0,11,M_eq_mass_cap_slack,2.1691734581168997e+63,-1.0520272020844902e+63,2.2983253529369783e+64,0.0001317189361356497,3.852199944212102e-05,5.052648584926951e+46,0.0007705962477096462,0.00016370449622932085,0.000884291101590576,0.0006773221929110375,0.0001236284835659931
SCRIPT_SELF_SHIELDING_AUDITOR,2,1,2,5.75,300.0,12,M_eq_mass_cap_slack;cycling_eq_slack;m_eq_nonnegative;k_eq_G1;k_eq_G2a;shape_cycling_slack,1.1222079793427349e+66,-9.130841973639448e+65,6.75118212696734e+65,0.06913005923490535,0.04276024443343945,-5.400117296434816e+49,-1.316099997257944,1.4909960809381864,-1.316030285045521,-1.4456618075069405,-0.25030329206818647
SCRIPT_SELF_SHIELDING_AUDITOR,2,1,2,5.75,300.0,13,M_eq_mass_cap_slack;m_eq_upper_slack,1.5997250247444405e+66,-1.1991369549106452e+66,1.8431518365961763e+66,0.0813496600369326,0.043885450273437876,3.665764894835475e+49,0.45589411038113914,-0.1208710732113919,0.3911906986712575,0.5773636146366057,0.10603320794803595
SCRIPT_SELF_SHIELDING_AUDITOR,2,1,2,5.75,300.0,14,cycling_eq_slack;m_eq_nonnegative;k_eq_G1;k_eq_G2a;shape_cycling_slack,1.840188232986262e+65,4.1586088138220627e+64,1.7549553695997934e+66,0.010438091397748454,0.006194629097960239,-3.1716431978436626e+48,-0.09253089991457925,0.28121061436874084,-0.1049575253858782,-0.07083087108996843,-0.0190477641062598
SCRIPT_SELF_SHIELDING_AUDITOR,2,1,2,5.75,300.0,15,M_eq_mass_cap_slack;m_eq_upper_slack,3.7188734788835864e+65,-2.5960851007041113e+65,5.930994848498521e+65,0.01956866873606704,0.009587266671770683,8.447576548943192e+48,0.10750860209464386,-0.013606661202432077,0.09987405209943175,0.12372267422760985,0.02381887899461846
SCRIPT_SELF_SHIELDING_AUDITOR,2,1,2,5.75,300.0,16,M_eq_mass_cap_slack;m_eq_upper_slack,3.699479743462321e+64,-2.57295028036786e+64,5.982541550171273e+64,0.0019700158276384143,0.0009358492805011324,8.243628481033613e+47,0.010622089610795714,-0.0012006077792548909,0.009909264679401867,0.012426852613325117,0.0022600946271905675
SCRIPT_SELF_SHIELDING_AUDITOR,2,1,2,5.75,300.0,17,M_eq_mass_cap_slack;m_eq_upper_slack,9.721106515070458e+62,-6.797087918999176e+62,1.5409536967947705e+63,5.202273458067158e-05,2.4448446153075974e-05,2.130507500494869e+46,0.00027230801335407834,-2.7764137845488063e-05,0.00025666384038247245,0.00031330153170369023,5.784711371186634e-05
SCRIPT_SELF_SHIELDING_AUDITOR,2,2,2,5.75,100.0,0,cycling_eq_slack,4.7651737091480115e+64,1.4852204839950644e+65,8.015166556229154e+66,0.0034281038447479656,0.002994680941901473,-7.647370415236653e+48,0.07466370903189173,0.09778439673920566,0.07151784244810269,0.0784259143099126,0.01409515846466071
SCRIPT_SELF_SHIELDING_AUDITOR,2,2,2,5.75,100.0,1,cycling_eq_slack,1.4470071646141933e+64,3.6131156991671847e+65,1.5430300422555792e+67,0.0013521837208625097,0.0007168768877399734,-2.6893463129701623e+48,0.02391263147500167,0.30642116979655615,0.028209548686132072,0.01877386154297763,0.0031105029621400493
SCRIPT_SELF_SHIELDING_AUDITOR,2,2,2,5.75,100.0,2,cycling_eq_slack,7.037757008725932e+63,2.0459656350300693e+65,8.69121449237188e+66,0.0006917433478217556,0.00032757980004689423,-1.3482202946708501e+48,0.011766126150932466,0.17427268426942558,0.01443129905175803,0.008578792140649116,0.0013847244688671833
SCRIPT_SELF_SHIELDING_AUDITOR,2,2,2,5.75,100.0,3,cycling_eq_slack,3.468648586905376e+63,1.0185731882271866e+65,4.325469260556049e+66,0.00035324953758095195,0.0001538341803554971,-6.7901581793323825e+47,0.005848157403059473,0.08673946088059004,0.007369568110454082,0.004028671661708128,0.0006361914113823443
SCRIPT_SELF_SHIELDING_AUDITOR,2,2,2,5.75,100.0,4,cycling_eq_slack,3.36631638761753e+62,1.0231059283391748e+64,4.339995436664373e+65,3.631059261803831e-05,1.3675235018858379e-05,-6.829057447657138e+46,0.0005756426626360087,0.00871396898113545,0.0007575194217154823,0.0003581325792509713,5.4120456673564365e-05
SCRIPT_SELF_SHIELDING_AUDITOR,2,2,2,5.75,100.0,5,cycling_eq_slack,8.528857240869651e+60,2.657660084169834e+62,1.1265095980322749e+64,9.262569388201645e-07,3.4257933360685104e-07,-1.7376293269732034e+45,1.4609499625911742e-05,0.00022651155478534506,1.9323772212586675e-05,8.971605985089888e-06,1.3475235590154836e-06
SCRIPT_SELF_SHIELDING_AUDITOR,2,2,2,5.75,100.0,6,cycling_eq_slack,1.6119920354047406e+65,6.377760505801742e+65,1.7809205459822063e+67,0.011346324683746328,0.010285526000203436,-2.5574502459391916e+49,0.2515788839827241,0.4507665837679481,0.2367094749304034,0.2693615100819888,0.04862340808965926
SCRIPT_SELF_SHIELDING_AUDITOR,2,2,2,5.75,100.0,7,cycling_eq_slack,1.3456971452179479e+65,1.395911189489487e+66,3.428872566638688e+67,0.010896731278770048,0.007705068483186771,-2.3030525987698224e+49,0.21569633417183343,1.1296849162078653,0.2273299602601984,0.20178344616262503,0.03523576636657788
SCRIPT_SELF_SHIELDING_AUDITOR,2,2,2,5.75,100.0,8,cycling_eq_slack,5.939840996964633e+64,8.025444056227125e+65,1.9327261080405255e+67,0.005188568964116149,0.0031666604651961992,-1.0612444233752145e+49,0.09671672948249062,0.6609808673696539,0.10824504580725595,0.08292978354294278,0.01412909498492139
SCRIPT_SELF_SHIELDING_AUDITOR,2,2,2,5.75,100.0,9,cycling_eq_slack,2.757310796183524e+64,4.013977729639145e+65,9.620761154304033e+66,0.0025011426850892237,0.0014127176544003078,-5.035576722404697e+48,0.04526539412449496,0.33182482545534486,0.052179378628358454,0.03699682064886383,0.00621084792755168
SCRIPT_SELF_SHIELDING_AUDITOR,2,2,2,5.75,100.0,10,cycling_eq_slack,2.504749810870995e+63,4.053526962324487e+64,9.65543461896643e+65,0.00024065136158183496,0.00012001390364519465,-4.732967687650169e+47,0.004165504114187706,0.03366916276134914,0.00502052065572605,0.003142972592365674,0.0005136535966193748
SCRIPT_SELF_SHIELDING_AUDITOR,2,2,2,5.75,100.0,11,cycling_eq_slack,6.325008129572059e+61,1.053896174736689e+63,2.5063398316792627e+64,6.150171821985754e-06,2.98529947142813e-06,-1.2038107327863748e+46,0.00010547934241900369,0.0008765568416710156,0.00012830621221332194,7.818022857119211e-05,1.2695561755094129e-05
SCRIPT_SELF_SHIELDING_AUDITOR,2,2,2,5.75,100.0,12,cycling_eq_slack,9.115140087157902e+64,1.1797238110721102e+65,1.704332721059009e+66,0.006024391893484401,0.006058193186650997,-1.3999474978468792e+49,0.14069739422984784,0.04313450758960938,0.12568216419229283,0.15865441058556004,0.028965938920797407
SCRIPT_SELF_SHIELDING_AUDITOR,2,2,2,5.75,100.0,13,cycling_eq_slack,5.723270061538535e+64,3.4335536921841e+65,3.382115574438044e+66,0.004041771897466753,0.003643558578656639,-9.095787942010003e+48,0.08937453900099701,0.26276554773098937,0.08432031783898532,0.09541898399748582,0.017213294264198944
SCRIPT_SELF_SHIELDING_AUDITOR,2,2,2,5.75,100.0,14,cycling_eq_slack,1.0956325251645839e+64,2.14648586185201e+65,1.9260306232509323e+66,0.0007623496637354482,0.0007045464896476424,-1.7278175226761576e+48,0.017064019753775757,0.18125574826501475,0.015904303256427228,0.018450948096451227,0.003338017063393331
SCRIPT_SELF_SHIELDING_AUDITOR,2,2,2,5.75,100.0,15,cycling_eq_slack,1.2993346268121744e+64,9.928549154982578e+64,9.510044765686457e+65,0.0009631790760790981,0.0007989844596040377,-2.118768423929528e+48,0.020472058997121685,0.0782275345873378,0.020094049810617184,0.02092412780510487,0.0037365215065466896
SCRIPT_SELF_SHIELDING_AUDITOR,2,2,2,5.75,100.0,16,cycling_eq_slack,1.2825482284474246e+63,9.982746402497185e+63,9.543843418369351e+64,9.719329342033485e-05,7.75550063064634e-05,-2.116402504045397e+47,0.0020292041218449024,0.007873641537158657,0.0020276674688536906,0.0020310418361408024,0.00036085748641823427
SCRIPT_SELF_SHIELDING_AUDITOR,2,2,2,5.75,100.0,17,cycling_eq_slack,3.384151967408154e+61,2.5856033993304666e+62,2.4766472022677538e+63,2.574484350883038e-06,2.0402381698912297e-06,-5.596083813311128e+45,5.358245511552477e-05,0.00020345569443638067,5.370944829279457e-05,5.343058141696922e-05,9.484331105351855e-06
SCRIPT_SELF_SHIELDING_AUDITOR,2,2,2,5.75,300.0,0,M_eq_nonnegative;cycling_eq_slack,-2.9098572911283987e+64,2.252723584022705e+65,8.091916866231918e+66,0.0021625292252579857,0.004770421632166679,-3.145421618107048e+49,0.07642213437315822,0.09602597139793918,0.07151784244810269,0.07842591430991235,0.016165935757417815
SCRIPT_SELF_SHIELDING_AUDITOR,2,2,2,5.75,300.0,1,M_eq_nonnegative;cycling_eq_slack,-1.515533794751941e+64,3.9093697951037984e+65,1.5459925832149452e+67,0.0008529895670351962,0.0011419597209924096,-1.0966686698984229e+49,0.021510810573787516,0.3088229906977703,0.028209548686132072,0.01877386154297763,0.00028204271035517023
SCRIPT_SELF_SHIELDING_AUDITOR,2,2,2,5.75,300.0,2,M_eq_nonnegative;cycling_eq_slack;shape_cycling_slack,-8.063214746396434e+63,2.196975352581293e+65,8.706315464127003e+66,0.0004363681130413182,0.0005218231239727021,-5.4888416735230654e+48,0.010276391146969422,0.17576241927338862,0.014431299051758061,0.008578792140649116,-0.0003696345852454881
SCRIPT_SELF_SHIELDING_AUDITOR,2,2,2,5.75,300.0,3,M_eq_nonnegative;cycling_eq_slack;shape_cycling_slack,-4.224128302487864e+63,1.0955009571211188e+65,4.3331620374454425e+66,0.00022283818793821924,0.0002450524499843825,-2.7612499156597444e+48,0.004997743988789851,0.08758987429485965,0.007369568110454082,0.004028671661708128,-0.00036528231991475157
SCRIPT_SELF_SHIELDING_AUDITOR,2,2,2,5.75,300.0,4,M_eq_nonnegative;cycling_eq_slack;shape_cycling_slack,-4.511275334952348e+62,1.1018818455648737e+64,4.347873028386943e+65,2.2905583167571208e-05,2.178416940721015e-05,-2.7720042952190326e+47,0.00047398014973707987,0.008815631494034378,0.0007575194217154823,0.0003581325792509703,-6.560053363251022e-05
SCRIPT_SELF_SHIELDING_AUDITOR,2,2,2,5.75,300.0,5,M_eq_nonnegative;cycling_eq_slack;shape_cycling_slack,-1.155756434868849e+61,2.8585243000654153e+62,1.1285182401912307e+64,5.843048492726985e-07,5.457168544752227e-07,-7.051748783179384e+45,1.1974392204394034e-05,0.00022914666220686278,1.9323772212586675e-05,8.971605985089888e-06,-1.7556622768553058e-06
SCRIPT_SELF_SHIELDING_AUDITOR,2,2,2,5.75,300.0,6,M_eq_nonnegative;cycling_eq_slack,-9.335026286116521e+64,8.923255169818134e+65,1.8063754926223704e+67,0.007157530763094928,0.01638448191359868,-1.05266175628416e+50,0.2598903444311729,0.44245512331949927,0.2367094749304034,0.2693615100819888,0.0584112467669044
SCRIPT_SELF_SHIELDING_AUDITOR,2,2,2,5.75,300.0,7,M_eq_nonnegative;cycling_eq_slack,-1.0686086508172062e+65,1.6373417690930023e+66,3.45301562459904e+67,0.006873916578176345,0.012273903658725464,-9.43559734735181e+49,0.20919355906051218,1.1361876913191864,0.2273299602601984,0.20178344616262553,0.027577892742707444
SCRIPT_SELF_SHIELDING_AUDITOR,2,2,2,5.75,300.0,8,M_eq_nonnegative;cycling_eq_slack,-5.485993780604615e+64,9.168027533984051e+65,1.9441519428180948e+67,0.0032730723835446367,0.0050443789765821315,-4.3370932490346175e+49,0.09027281871015706,0.6674247781419875,0.10824504580725595,0.08292978354294278,0.006540541868250538
SCRIPT_SELF_SHIELDING_AUDITOR,2,2,2,5.75,300.0,9,M_eq_nonnegative;cycling_eq_slack,-2.7346203273712674e+64,4.563170841994624e+65,9.675680465539581e+66,0.001577780136775101,0.002250409639437551,-2.0554060865461382e+49,0.041400727509780216,0.3356894920700596,0.052179378628358454,0.03699682064886383,0.001659694300486944
SCRIPT_SELF_SHIELDING_AUDITOR,2,2,2,5.75,300.0,10,M_eq_nonnegative;cycling_eq_slack;shape_cycling_slack,-2.7571898486093177e+63,4.579720928272518e+64,9.708054015561233e+65,0.00015180858751293383,0.00019117793621990483,-1.9282884231835087e+48,0.0036875808730716933,0.03414708600246515,0.00502052065572605,0.003142972592365674,-4.916392662621637e-05
SCRIPT_SELF_SHIELDING_AUDITOR,2,2,2,5.75,300.0,11,M_eq_nonnegative;cycling_eq_slack;shape_cycling_slack,-7.111173589627398e+61,1.1882579919286835e+63,2.5197760133984622e+64,3.87967427701427e-06,4.75547727897654e-06,-4.902627116360903e+46,9.271994997847198e-05,0.0008893162341115472,0.00012830621221332194,7.818022857119211e-05,-2.330302303597641e-06
SCRIPT_SELF_SHIELDING_AUDITOR,2,2,2,5.75,300.0,12,M_eq_nonnegative;cycling_eq_slack,-4.483622144715803e+64,2.539600034259481e+65,1.840320343377746e+66,0.0038003293144187548,0.00965048911390693,-5.774330710878715e+49,0.1490903633211122,0.03474153849834502,0.12568216419229283,0.15865441058556004,0.03884976475356444
SCRIPT_SELF_SHIELDING_AUDITOR,2,2,2,5.75,300.0,13,M_eq_nonnegative;cycling_eq_slack,-3.3414171809397254e+64,4.340022416431926e+65,3.472762446862826e+66,0.0025496455900801064,0.005804060933000045,-3.7434695818182203e+49,0.09219966534851756,0.25994042138346884,0.08432031783898532,0.09541898399748557,0.020540252396752806
SCRIPT_SELF_SHIELDING_AUDITOR,2,2,2,5.75,300.0,14,M_eq_nonnegative;cycling_eq_slack,-6.165431393835348e+63,2.3177034283068216e+65,1.9431523798964136e+66,0.00048090825201204426,0.0011223178296076366,-7.114521718579971e+48,0.01771225922080561,0.1806075087979849,0.015904303256427228,0.018450948096451227,0.004101404360591587
SCRIPT_SELF_SHIELDING_AUDITOR,2,2,2,5.75,300.0,15,M_eq_nonnegative;cycling_eq_slack,-8.511649011178379e+63,1.207904868291259e+65,9.725094718479457e+65,0.0006075962093065434,0.0012727542011336957,-8.705995854124362e+48,0.020683352424569125,0.07801624115989036,0.020094049810617184,0.020924127805104997,0.003985347328945132
SCRIPT_SELF_SHIELDING_AUDITOR,2,2,2,5.75,300.0,16,M_eq_nonnegative;cycling_eq_slack,-8.832122332813136e+62,1.2148506864225923e+64,9.760419464542224e+64,6.131183506665407e-05,0.000123542402995447,-8.689919175883351e+47,0.0020300630551430923,0.007872782603860467,0.0020276674688536906,0.0020310418361408024,0.0003618689934342806
SCRIPT_SELF_SHIELDING_AUDITOR,2,2,2,5.75,300.0,17,M_eq_nonnegative;cycling_eq_slack,-2.3506152108546743e+61,3.1590801171567493e+62,2.533994874050382e+63,1.6240457992811858e-06,3.2500277957135756e-06,-2.297450115542523e+46,5.351147053297992e-05,0.00020352667901892552,5.370944829196516e-05,5.3430581417893263e-05,9.400737416274377e-06
SCRIPT_SELF_SHIELDING_AUDITOR,3,1,2,5.65,100.0,0,M_eq_nonnegative;kappa_eq_G1;kappa_eq_G2a,-3.007680138835918e+65,4.950384839489472e+65,1.0746638647863836e+67,-0.01609735350482181,-0.008637067627898449,9.331927715580013e+48,0.12541339704240545,0.23383329961944166,0.13727303392283713,0.10501382620276588,0.013138343453349355
SCRIPT_SELF_SHIELDING_AUDITOR,3,1,2,5.65,100.0,1,M_eq_nonnegative;kappa_eq_G1;kappa_eq_G2a,-1.20470014388204e+65,4.926057509017966e+65,2.013010792072676e+67,-0.007512527098806696,-0.0023221343751867844,4.465826753352188e+48,0.00848074657545337,0.6796759969963149,0.005514909984082432,0.0044862866371944195,0.004317934533459411
SCRIPT_SELF_SHIELDING_AUDITOR,3,1,2,5.65,100.0,2,M_eq_nonnegative;kappa_eq_G1;kappa_eq_G2a,-5.830524367977043e+64,2.67886247710839e+65,1.1327419148184849e+67,-0.0037797677934694614,-0.0010266996374301341,2.4832605637221156e+48,0.00731550298678649,0.38024357048385243,0.005474423832059896,0.004841570224871861,0.002932729310940718
SCRIPT_SELF_SHIELDING_AUDITOR,3,1,2,5.65,100.0,3,M_eq_nonnegative;kappa_eq_G1;kappa_eq_G2a,-2.87410609219683e+64,1.3304513573779585e+65,5.637142954202978e+66,-0.001910504469622465,-0.00047472468071586686,1.3322235680771537e+48,0.004557889168764787,0.18832214202357467,0.003619012610872978,0.0028757701855808716,0.0017214309314930588
SCRIPT_SELF_SHIELDING_AUDITOR,3,1,2,5.65,100.0,4,M_eq_nonnegative;kappa_eq_G1;kappa_eq_G2a,-2.8826880831475336e+63,1.3347849255492234e+64,5.655915739642063e+65,-0.00019756899665856207,-4.2755165164067013e-05,1.436009265897179e+47,0.0004278823716253575,0.018924387584451245,0.0003223320320321488,0.00021069402865857948,0.00019130059843565724
SCRIPT_SELF_SHIELDING_AUDITOR,3,1,2,5.65,100.0,5,M_eq_nonnegative;kappa_eq_G1;kappa_eq_G2a,-7.305338123960193e+61,3.4468698587488074e+62,1.4678718837792514e+64,-5.030178263994604e-06,-1.0681289221974754e-06,3.693039822664086e+45,1.1298806173286826e-05,0.0004910084932054896,8.626527369076028e-06,5.516134637513647e-06,4.984301724265596e-06
SCRIPT_SELF_SHIELDING_AUDITOR,3,1,2,5.65,100.0,6,M_eq_nonnegative;kappa_eq_G1;kappa_eq_G2a;m_eq_nonnegative;k_eq_G1;k_eq_G2a;shape_cycling_slack,-1.2656640878117338e+66,2.0628645773944145e+66,2.4547414404480494e+67,-0.064370694646257,-0.03563549365525371,1.9911155078002363e+49,-0.054273738747877165,1.5284640383000372,-0.009428152469326878,-0.12370607867623346,-0.018028909962354935
SCRIPT_SELF_SHIELDING_AUDITOR,3,1,2,5.65,100.0,7,M_eq_nonnegative;kappa_eq_G1;kappa_eq_G2a,-1.0044148065174216e+66,2.5314960517527063e+66,4.560188398700788e+67,-0.057824093052564064,-0.023796304586289875,3.1160043129223995e+49,0.1623193293121907,2.661573013669629,0.15802588964611103,0.14250948070497277,0.028948112482372945
SCRIPT_SELF_SHIELDING_AUDITOR,3,1,2,5.65,100.0,8,M_eq_nonnegative;kappa_eq_G1;kappa_eq_G2a,-4.468947095624707e+65,1.3069228907090446e+66,2.5563489142708077e+67,-0.027273302885647478,-0.009450946074714644,1.6955837306418832e+49,0.09463478501342261,1.495737045605322,0.08612155999497074,0.08525672211421845,0.02048623645025499
SCRIPT_SELF_SHIELDING_AUDITOR,3,1,2,5.65,100.0,9,M_eq_nonnegative;kappa_eq_G1;kappa_eq_G2a,-2.110823495984044e+65,6.391003570736169e+65,1.2711085186140135e+67,-0.013171770909417211,-0.004240770412867593,8.548319923010639e+48,0.04443827198108833,0.7470564685501279,0.040481511610299545,0.03604783307377287,0.010760997037948798
SCRIPT_SELF_SHIELDING_AUDITOR,3,1,2,5.65,100.0,10,M_eq_nonnegative;kappa_eq_G1;kappa_eq_G2a,-1.9022743050933557e+64,6.196715764646257e+64,1.273187976481735e+66,-0.0012417957456779512,-0.00034718032519006617,9.00783165893821e+47,0.0053670612768215685,0.07404613558387746,0.004963170228475533,0.004123813119618372,0.001314857408481084
SCRIPT_SELF_SHIELDING_AUDITOR,3,1,2,5.65,100.0,11,M_eq_nonnegative;kappa_eq_G1;kappa_eq_G2a,-4.838747555852631e+62,1.5985394935121944e+63,3.30369733227912e+64,-3.180379566031602e-05,-8.649441648935947e-06,2.3258060784366093e+46,0.00013474943773607366,0.0019264985988336621,0.00012399638113091318,0.00010148584867141936,3.404618249520461e-05
SCRIPT_SELF_SHIELDING_AUDITOR,3,1,2,5.65,100.0,12,M_eq_nonnegative;kappa_eq_G1;kappa_eq_G2a,-4.775500602534255e+65,6.903519221958143e+65,2.803708753249123e+66,-0.02540566813458686,-0.014424196373188567,1.6877251219055268e+49,0.37911945794829527,0.014395654876496133,0.36178625825140565,0.4597569412628685,0.03552992123417542
SCRIPT_SELF_SHIELDING_AUDITOR,3,1,2,5.65,100.0,13,M_eq_nonnegative;kappa_eq_G1;kappa_eq_G2a,-3.7743643602877688e+65,7.850700696878372e+65,4.8333209468050784e+66,-0.02029852471107523,-0.010266447177957664,9.925605208563957e+48,0.11478289317489443,0.6390168803625764,0.10667185105001184,0.14740671276211945,0.0103706411946025
SCRIPT_SELF_SHIELDING_AUDITOR,3,1,2,5.65,100.0,14,M_eq_nonnegative;kappa_eq_G1;kappa_eq_G2a,-4.7461377453065696e+64,2.7703423981636183e+65,2.5569455736339275e+66,-0.0028180172136605137,-0.0013393106168671537,2.7438313431248905e+48,0.06693265772586335,0.35759553958314505,0.06237779027409576,0.08090340545963498,0.007406740418607394
SCRIPT_SELF_SHIELDING_AUDITOR,3,1,2,5.65,100.0,15,M_eq_nonnegative;kappa_eq_G1;kappa_eq_G2a,-8.205538801001807e+64,1.9630899187229921e+65,1.3309730967389193e+66,-0.004656953092111717,-0.0020896997443652834,2.7933249852462933e+48,0.036333308673737935,0.17494548092010792,0.03295978250144259,0.04543441510097565,0.004211907632675926
SCRIPT_SELF_SHIELDING_AUDITOR,3,1,2,5.65,100.0,16,M_eq_nonnegative;kappa_eq_G1;kappa_eq_G2a,-8.019759120766822e+63,1.94831883401071e+64,1.3332766426178678e+65,-0.00046318343826846637,-0.00020044338835675666,2.9743533787618354e+47,0.0038992847211908686,0.01729899146602106,0.003607932094340796,0.004604681829164973,0.00048170363623717275
SCRIPT_SELF_SHIELDING_AUDITOR,3,1,2,5.65,100.0,17,M_eq_nonnegative;kappa_eq_G1;kappa_eq_G2a,-2.107665348699919e+62,5.083111736051729e+62,3.4632570987706294e+63,-1.2256894757585734e-05,-5.2017080178997034e-06,7.967767651031028e+45,0.00010522253143015677,0.00044499968473628597,9.607152779011465e-05,0.00012692398650780473,1.3126923867243283e-05
SCRIPT_SELF_SHIELDING_AUDITOR,3,1,2,5.65,300.0,0,M_eq_nonnegative;kappa_eq_G1;kappa_eq_G2a,-1.0281666860004793e+66,1.2224371560658348e+66,1.1474037319980724e+67,-0.05414379990422102,-0.02903794236348631,2.562570151568571e+49,0.22293164985039854,0.13631504681144857,0.26158587987687565,0.1552793477722041,0.02015107595717361
SCRIPT_SELF_SHIELDING_AUDITOR,3,1,2,5.65,300.0,1,M_eq_nonnegative;kappa_eq_G1;kappa_eq_G2a;m_eq_nonnegative;k_eq_G1;k_eq_G2a,-4.0209657449174536e+65,7.74232311005338e+65,2.0411734480830304e+67,-0.024718435764722234,-0.007687028181069325,1.2903367451739602e+49,-0.022843658012519384,0.7110004015842877,-0.03739022133219516,-0.022524950931809826,0.007355107149408926
SCRIPT_SELF_SHIELDING_AUDITOR,3,1,2,5.65,300.0,2,M_eq_nonnegative;kappa_eq_G1;kappa_eq_G2a;m_eq_nonnegative;k_eq_G1;k_eq_G2a,-1.9535528397384715e+65,4.0493628800491576e+65,1.1464469188478927e+67,-0.01246191948619391,-0.003413157856856175,7.219672472085113e+48,-0.0024320000644240634,0.389991073535063,-0.011458910623269114,-0.0022237987884719014,0.006015465871150686
SCRIPT_SELF_SHIELDING_AUDITOR,3,1,2,5.65,300.0,3,M_eq_nonnegative;kappa_eq_G1;kappa_eq_G2a;k_eq_G1,-9.652040754563019e+64,2.0082448236145775e+65,5.70492230082664e+66,-0.006306950428015484,-0.0015813936778212234,3.8873991110962236e+48,0.0013574036717591137,0.19152262752058036,-0.0034715640813209013,0.0006961633684208889,0.00377393914731252
SCRIPT_SELF_SHIELDING_AUDITOR,3,1,2,5.65,300.0,4,M_eq_nonnegative;kappa_eq_G1;kappa_eq_G2a;k_eq_G1;k_eq_G2a,-9.674043289493846e+63,2.0139204461838548e+64,5.723829291705526e+65,-0.0006517262580088354,-0.00014218103597731053,4.212658292246296e+47,5.7540298698107394e-05,0.019294729657378495,-0.0005004073094787239,-6.804450766704676e-05,0.0004381854624744269
SCRIPT_SELF_SHIELDING_AUDITOR,3,1,2,5.65,300.0,5,M_eq_nonnegative;kappa_eq_G1;kappa_eq_G2a;k_eq_G1;k_eq_G2a,-2.45266693414718e+62,5.169002980499969e+62,1.485093214996763e+64,-1.6597131407553012e-05,-3.553307155314357e-06,1.0839674571244187e+46,2.6811954618758535e-06,0.0004996261039169006,-1.1597046169979543e-05,-1.0165735440888888e-06,1.1505165276919645e-05
SCRIPT_SELF_SHIELDING_AUDITOR,3,1,2,5.65,300.0,6,M_eq_nonnegative;kappa_eq_G1;kappa_eq_G2a;m_eq_nonnegative;k_eq_G1;k_eq_G2a;shape_cycling_slack,-4.191046896052764e+66,4.9882473856354446e+66,2.7472797212721525e+67,-0.21126605095423437,-0.11699203155295779,5.266646666447937e+49,-0.6250611223837408,2.099251421935901,-0.4747612808838658,-0.8668162349230042,-0.11264661265642872
SCRIPT_SELF_SHIELDING_AUDITOR,3,1,2,5.65,300.0,7,M_eq_nonnegative;kappa_eq_G1;kappa_eq_G2a,-3.3738088205113504e+66,4.900890065746635e+66,4.797127800100181e+67,-0.19134429671343375,-0.07926148636622736,8.783999871933614e+49,0.055587493006935995,2.768304849974884,0.027003744306496297,0.030449654373946894,0.03445619848608468
SCRIPT_SELF_SHIELDING_AUDITOR,3,1,2,5.65,300.0,8,M_eq_nonnegative;kappa_eq_G1;kappa_eq_G2a,-1.5063317590093206e+66,2.3663599401558946e+66,2.6622926192154928e+67,-0.09035829050013819,-0.03162434763396149,4.851956535404137e+49,0.08493102049110153,1.505440810127643,0.044296216291033585,0.08965589349016449,0.03784039552590264
SCRIPT_SELF_SHIELDING_AUDITOR,3,1,2,5.65,300.0,9,M_eq_nonnegative;kappa_eq_G1;kappa_eq_G2a,-7.114268738858738e+65,1.1394448813610863e+66,1.3211429710427604e+67,-0.043628523240921036,-0.014179123323316854,2.4601146106039854e+49,0.039415409102798844,0.7520793314284173,0.01836622142571328,0.03425373372452366,0.021267649269684618
SCRIPT_SELF_SHIELDING_AUDITOR,3,1,2,5.65,300.0,10,M_eq_nonnegative;kappa_eq_G1;kappa_eq_G2a,-6.443115309706462e+64,1.0737556769259363e+65,1.318596386527866e+66,-0.0041239425754326,-0.0011667329529922886,2.6113958432894426e+48,0.0072108779020988965,0.07220231895860013,0.004854746928834908,0.00597813176176989,0.0029194125326476514
SCRIPT_SELF_SHIELDING_AUDITOR,3,1,2,5.65,300.0,11,M_eq_nonnegative;kappa_eq_G1;kappa_eq_G2a,-1.6384998697439996e+63,2.753164607670931e+63,3.4191598436949936e+64,-0.00010558956338481378,-2.9060953103073274e-05,6.751655940987138e+46,0.0001786651599400982,0.0018825828766296376,0.00011584847135497907,0.00014554606500424077,7.622638190723217e-05
SCRIPT_SELF_SHIELDING_AUDITOR,3,1,2,5.65,300.0,12,M_eq_nonnegative;kappa_eq_G1;kappa_eq_G2a;m_eq_upper_slack,-1.674421866948334e+66,1.8872237288907227e+66,4.000580559944032e+66,-0.08681616261493545,-0.04993161764990494,4.551215501655397e+49,0.8373783135291323,-0.4438632007043409,0.8081505865366627,1.0290034398734267,0.06811058374711698
SCRIPT_SELF_SHIELDING_AUDITOR,3,1,2,5.65,300.0,13,M_eq_nonnegative;kappa_eq_G1;kappa_eq_G2a,-1.2803314807261433e+66,1.6879651143852034e+66,5.7362159915024446e+66,-0.06765039932886899,-0.03463006975587898,2.6972399549547956e+49,0.16534710484109272,0.5884526686963781,0.14892832757425023,0.24569161426531777,0.008497104245445947
SCRIPT_SELF_SHIELDING_AUDITOR,3,1,2,5.65,300.0,14,M_eq_nonnegative;kappa_eq_G1;kappa_eq_G2a,-1.7322761019559843e+65,4.0280047255889457e+65,2.68271180637646e+66,-0.009838755780094403,-0.004829369599665278,7.587487601287813e+48,0.1617915535012798,0.26273664380772865,0.15023779498253417,0.19897229914727171,0.017287031139243264
SCRIPT_SELF_SHIELDING_AUDITOR,3,1,2,5.65,300.0,15,M_eq_nonnegative;kappa_eq_G1;kappa_eq_G2a,-2.809973801829086e+65,3.952509840451897e+65,1.5299150889118098e+66,-0.015600312289917595,-0.007126815881596845,7.743415215811626e+48,0.06650876481278423,0.14477002478106163,0.05728296992148006,0.09177210343500727,0.007340279635988739
SCRIPT_SELF_SHIELDING_AUDITOR,3,1,2,5.65,300.0,16,M_eq_nonnegative;kappa_eq_G1;kappa_eq_G2a,-2.7544658618139876e+64,3.9008087837480154e+64,1.5285256375915984e+65,-0.0015547147787305985,-0.0006848485512303653,8.298493955748307e+47,0.007435516451594418,0.01376275973561751,0.006595486210585399,0.009470252209518863,0.0009171434180922488
SCRIPT_SELF_SHIELDING_AUDITOR,3,1,2,5.65,300.0,17,M_eq_nonnegative;kappa_eq_G1;kappa_eq_G2a,-7.245382418782253e+62,1.0220828806134063e+63,3.977028805778863e+63,-4.1146927119376356e-05,-1.7810050981611823e-05,2.225511707531604e+46,0.0002027866456161952,0.00034743557055024756,0.0001761587504821468,0.00026586623792318725,2.5413290287889682e-05
SCRIPT_SELF_SHIELDING_AUDITOR,3,2,2,5.65,300.0,0,M_eq_mass_cap_slack,2.1046857206342731e+65,-1.619810199807187e+64,1.0233991477145095e+67,0.00895047461964593,0.004351211522412882,1.1419037169609415e+49,0.07912936502532633,0.23479113898941292,0.07853922623842544,0.08126498951289086,0.01022459173289024
SCRIPT_SELF_SHIELDING_AUDITOR,3,2,2,5.65,300.0,12,M_eq_mass_cap_slack,4.297237223922645e+65,-2.1692186044987575e+65,1.896120851834025e+66,0.01719610284232715,0.01021643834905098,2.3337830707841923e+49,0.15953480683185955,0.18433046375587397,0.15089351894125408,0.1908063423297636,0.018062794452156666
SCRIPT_SELF_SHIELDING_AUDITOR,4,1,2,5.55,100.0,0,kappa_eq_G2a,1.8917640546258578e+65,3.137024140708136e+63,1.244844470088334e+67,0.003868769140810454,-0.00034281609734678224,4.452179526811651e+49,0.213393754945094,0.06695966467739506,0.225682995373173,0.18149990832957683,0.00794629922540449
SCRIPT_SELF_SHIELDING_AUDITOR,4,1,2,5.55,100.0,1,kappa_eq_G1;kappa_eq_G2a;m_eq_nonnegative;k_eq_G1;k_eq_G2a,9.144933667618096e+63,3.5924198454388694e+65,2.419891116774417e+67,-0.0007321066404436637,-0.000525245008616537,1.2152077411467314e+49,-0.004995546095060685,0.5420278920826999,-0.007355108518000846,-0.004873946693635545,0.0015011920102808336
SCRIPT_SELF_SHIELDING_AUDITOR,4,1,2,5.55,100.0,2,kappa_eq_G1;kappa_eq_G2a;m_eq_nonnegative;k_eq_G1;k_eq_G2a,5.703134178072085e+63,2.0176659424414923e+65,1.3627893979892705e+67,-0.00034957696417620013,-0.00023637924684250235,6.212766229819433e+48,-0.0010724719406698252,0.30352065744337703,-0.002501341534265282,-0.0010923315068665437,0.001011605535833573
SCRIPT_SELF_SHIELDING_AUDITOR,4,1,2,5.55,100.0,3,kappa_eq_G1;kappa_eq_G2a;m_eq_nonnegative;k_eq_G1;k_eq_G2a,2.9974598418869285e+63,1.0025587733633778e+65,6.782158189016841e+66,-0.00017898457293521268,-0.00011232882244518186,3.155125635194894e+48,-0.000410653427250102,0.15093277881944048,-0.0012199043071372982,-0.00047025737579188976,0.0005936131876073973
SCRIPT_SELF_SHIELDING_AUDITOR,4,1,2,5.55,100.0,4,kappa_eq_G1;kappa_eq_G2a;m_eq_nonnegative;k_eq_G1;k_eq_G2a,3.0608511106213062e+62,1.0053652196042609e+64,6.804702658621084e+65,-1.8076750954325092e-05,-1.0055045259145476e-05,3.117769284803875e+47,-2.8704293928122565e-05,0.01513107018916846,-0.00011694421746407248,-6.112855271817903e-05,7.225885881270724e-05
SCRIPT_SELF_SHIELDING_AUDITOR,4,1,2,5.55,100.0,5,kappa_eq_G1;kappa_eq_G2a;m_eq_nonnegative;k_eq_G1;k_eq_G2a,8.153563781348189e+60,2.607436602040664e+62,1.766206967692414e+64,-4.4854172071981014e-07,-2.500716829652013e-07,7.949287948717748e+45,-2.2250117274566386e-07,0.0003922193389745201,-2.4337695154360068e-06,-1.28992634780501e-06,1.8983143077312954e-06
SCRIPT_SELF_SHIELDING_AUDITOR,4,1,2,5.55,100.0,6,kappa_eq_G1;kappa_eq_G2a;m_eq_nonnegative;k_eq_G1;k_eq_G2a;shape_cycling_slack,5.38204735444828e+64,7.414600799059443e+65,2.8112902005048823e+67,-0.005907284806123618,-0.00803735602694023,1.1453189968694781e+50,-0.09089810372418544,1.2502535537258639,-0.057294315615151636,-0.1709873427246045,-0.006993312383366521
SCRIPT_SELF_SHIELDING_AUDITOR,4,1,2,5.55,100.0,7,kappa_eq_G1;kappa_eq_G2a,1.404864694352227e+65,1.3829170328760095e+66,5.3814414711475205e+67,-0.0038138758995511085,-0.005139053070264665,1.1328208541009618e+50,0.03744085074050249,2.1833680767422985,0.03612804194178276,0.022736484021234155,0.006362527024462418
SCRIPT_SELF_SHIELDING_AUDITOR,4,1,2,5.55,100.0,8,kappa_eq_G1;kappa_eq_G2a,7.957841277772439e+64,7.78378521296982e+65,3.030697480522873e+67,-0.0014510264446746962,-0.0019294010746385459,5.273521155756257e+49,0.03793159573161343,1.2127931240804164,0.03305980629824008,0.034381231000639084,0.006029428833578744
SCRIPT_SELF_SHIELDING_AUDITOR,4,1,2,5.55,100.0,9,kappa_eq_G1;kappa_eq_G2a,3.5326046994744494e+64,3.9166114420709e+65,1.5087424866901214e+67,-0.0007888413220339598,-0.0009011162744323056,2.4760650790318035e+49,0.01465405452480164,0.6078054348377943,0.012204756311241904,0.010906926501697476,0.003377291790207692
SCRIPT_SELF_SHIELDING_AUDITOR,4,1,2,5.55,100.0,10,kappa_eq_G1;kappa_eq_G2a,3.4814956650667775e+63,3.935949383936175e+64,1.5138324344243664e+66,-7.603504025390284e-05,-7.940383308288105e-05,2.3682994120310154e+48,0.0015357475490722088,0.06091760234101776,0.001267988866559377,0.0009520677730850496,0.00041284308819472125
SCRIPT_SELF_SHIELDING_AUDITOR,4,1,2,5.55,100.0,11,kappa_eq_G1;kappa_eq_G2a,9.450554629703375e+61,1.0174746911389168e+63,3.928887760528289e+64,-1.7253069824194697e-06,-1.8847938028198867e-06,6.007820681216347e+46,4.801359018695e-05,0.0015730248508666563,4.100383466775489e-05,3.2039472290733306e-05,1.1303050642788387e-05
SCRIPT_SELF_SHIELDING_AUDITOR,4,1,2,5.55,100.0,12,M_eq_mass_cap_slack;m_eq_upper_slack,4.660080547313857e+65,-2.493292161946819e+65,2.3482247866829213e+66,0.009886050544882397,0.0013375147437397431,9.327842085963323e+49,0.5515584170419379,-0.23568524339565172,0.5333862107308734,0.631629042385674,0.013994821894311782
SCRIPT_SELF_SHIELDING_AUDITOR,4,1,2,5.55,100.0,13,kappa_eq_G2a,1.2217262403983641e+65,2.92887570845364e+65,5.268644677262477e+66,0.0006092304950254816,-0.0013677139506263576,4.994304989512252e+49,0.10665589890470398,0.4984164833271484,0.10019187452897192,0.1351871039543258,0.001403045263096675
SCRIPT_SELF_SHIELDING_AUDITOR,4,1,2,5.55,100.0,15,kappa_eq_G2a,3.502825117797198e+64,8.130690659529011e+64,1.475937119633589e+66,0.0003019510525547985,-0.00020057937908363492,1.2170409606096921e+49,0.0337076725442292,0.13588505621805375,0.03095363147390756,0.04286542407782052,0.0009280882402820934
SCRIPT_SELF_SHIELDING_AUDITOR,4,1,2,5.55,100.0,16,kappa_eq_G2a,3.6125131864647865e+63,8.059764989215928e+63,1.4798747137114045e+65,3.423331737189379e-05,-1.9848448815263834e-05,1.2270175240026396e+48,0.003514021900478912,0.01350175857874867,0.0033027905394253376,0.004179274592813261,0.00011799991005529255
SCRIPT_SELF_SHIELDING_AUDITOR,4,1,2,5.55,100.0,17,kappa_eq_G2a,9.952978029280555e+61,2.0343573958322053e+62,3.835397698593623e+63,9.891299354230435e-07,-4.1130546091252245e-07,3.2611433204494205e+46,9.86033443033572e-05,0.00034305806072778834,9.08818696590593e-05,0.00012220584553654352,3.316198796591798e-06
SCRIPT_SELF_SHIELDING_AUDITOR,4,1,2,5.55,300.0,0,M_eq_mass_cap_slack;kappa_eq_G2a;m_eq_upper_slack,4.534366492408533e+65,-2.6112321963755943e+65,1.2184184457105071e+67,0.007130758082043343,-0.0031126041332287697,1.3699441188353186e+50,0.4662981598349897,-0.18594474021250063,0.5032651157125367,0.3705899490481898,0.016855905242891378
SCRIPT_SELF_SHIELDING_AUDITOR,4,1,2,5.55,300.0,1,M_eq_nonnegative;kappa_eq_G1;kappa_eq_G2a;m_eq_nonnegative;k_eq_G1;k_eq_G2a,-8.105181341499001e+62,3.6919743634565493e+65,2.420886661954594e+67,-0.003438418861521953,-0.001966719179298251,3.750759382990601e+49,-0.0583832526294221,0.5954155986170613,-0.06987515061721233,-0.046606731307566845,0.002983204154693747
SCRIPT_SELF_SHIELDING_AUDITOR,4,1,2,5.55,300.0,2,kappa_eq_G1;kappa_eq_G2a;m_eq_nonnegative;k_eq_G1;k_eq_G2a,2.5273557915588784e+63,2.0494237263066245e+65,1.3631069758279217e+67,-0.001701549937066056,-0.0008959995797962144,1.9171990447270185e+49,-0.025612434239205558,0.32806061974191275,-0.03263997996272247,-0.01858378389231942,0.0022716718342212783
SCRIPT_SELF_SHIELDING_AUDITOR,4,1,2,5.55,300.0,3,kappa_eq_G1;kappa_eq_G2a;m_eq_nonnegative;k_eq_G1;k_eq_G2a,1.5554909315877405e+63,1.0169784624663696e+65,6.78360015792714e+66,-0.000874791519874411,-0.0004262678571614188,9.735782641229655e+48,-0.01265266510460088,0.16317479049679126,-0.016668169566957488,-0.008725107719107443,0.0014004232101151176
SCRIPT_SELF_SHIELDING_AUDITOR,4,1,2,5.55,300.0,4,kappa_eq_G1;kappa_eq_G2a;m_eq_nonnegative;k_eq_G1;k_eq_G2a,1.7847840138074164e+62,1.0181258905723997e+64,6.805978725717898e+65,-8.872056724427307e-05,-3.796860556589954e-05,9.619638038376566e+47,-0.0012221025275377124,0.01632446842277805,-0.0016789290800984522,-0.0008223517841429902,0.00018048010100446305
SCRIPT_SELF_SHIELDING_AUDITOR,4,1,2,5.55,300.0,5,kappa_eq_G1;kappa_eq_G2a;m_eq_nonnegative;k_eq_G1;k_eq_G2a,5.5591602341071465e+60,2.633380637513074e+62,1.7664664080471383e+64,-2.2290941232698854e-06,-9.465707618463355e-07,2.452574205703677e+46,-2.9689307112699163e-05,0.00042168614491447354,-4.132385582379265e-05,-1.9951921645952694e-05,4.7715271482062565e-06
SCRIPT_SELF_SHIELDING_AUDITOR,4,1,2,5.55,300.0,6,M_eq_nonnegative;kappa_eq_G1;kappa_eq_G2a;m_eq_nonnegative;k_eq_G1;k_eq_G2a;shape_cycling_slack,-9.606609418204551e+64,8.913466476324726e+65,2.826278857277535e+67,-0.027865537816152905,-0.029140206539970254,3.5368549020620994e+50,-0.6686381154339753,1.8279935654356538,-0.5623417035571832,-0.9225127781258007,-0.037140189243771604
SCRIPT_SELF_SHIELDING_AUDITOR,4,1,2,5.55,300.0,7,kappa_eq_G1;kappa_eq_G2a;m_eq_nonnegative;k_eq_G1;k_eq_G2a,1.5705834355974753e+65,1.3663451587514847e+66,5.379784283735068e+67,-0.022311355337879493,-0.01994002337502446,3.4953531016777414e+50,-0.29339939767504497,2.514208325157846,-0.31060789787745624,-0.30308995937172695,0.0035380771164928992
SCRIPT_SELF_SHIELDING_AUDITOR,4,1,2,5.55,300.0,8,kappa_eq_G1;kappa_eq_G2a;m_eq_nonnegative;k_eq_G1;k_eq_G2a,1.1379184496074032e+65,7.44165089113966e+65,3.0272761373045716e+67,-0.009629912845853208,-0.007742216813067229,1.6266477014459243e+50,-0.07780790778999305,1.328532627602023,-0.10431827779505244,-0.057672830402988956,0.01101391668638528
SCRIPT_SELF_SHIELDING_AUDITOR,4,1,2,5.55,300.0,9,kappa_eq_G1;kappa_eq_G2a;m_eq_nonnegative;k_eq_G1;k_eq_G2a,4.727115507133202e+64,3.7971603613050242e+65,1.5075479758824626e+67,-0.004894397190696976,-0.0035649514198748456,7.63785733115278e+49,-0.046085079029596424,0.6685445683921923,-0.060849719273925115,-0.03811968061729278,0.006888313317408752
SCRIPT_SELF_SHIELDING_AUDITOR,4,1,2,5.55,300.0,10,kappa_eq_G1;kappa_eq_G2a;m_eq_nonnegative;k_eq_G1;k_eq_G2a,4.794623964529246e+63,3.8046365539899277e+64,1.512519306124904e+66,-0.0004771748898481121,-0.00031404417018350176,7.304759273376607e+48,-0.004057996945628068,0.06651134683571804,-0.005799492460174535,-0.0033785846277345163,0.0009364408336310394
SCRIPT_SELF_SHIELDING_AUDITOR,4,1,2,5.55,300.0,11,kappa_eq_G1;kappa_eq_G2a;m_eq_nonnegative;k_eq_G1;k_eq_G2a,1.3954108966702146e+62,9.72439147768929e+62,3.9243842061912906e+64,-1.1550363848143205e-05,-7.547899396264006e-06,1.8528451696919224e+47,-7.672204434273539e-05,0.0016977604853963418,-0.00012282120574398807,-5.969826892424382e-05,2.6265190935740424e-05
SCRIPT_SELF_SHIELDING_AUDITOR,4,1,2,5.55,300.0,12,M_eq_mass_cap_slack;kappa_eq_G2a;m_eq_upper_slack,1.1554153890506414e+66,-9.387365505139375e+65,1.6588174523636655e+66,0.0207809885179969,-0.001124187728426776,2.8684712710555604e+50,1.285517315106705,-0.9696441414604189,1.2549467159809768,1.4632272846679335,0.026336090956784464
SCRIPT_SELF_SHIELDING_AUDITOR,4,1,2,5.55,300.0,13,kappa_eq_G1;kappa_eq_G2a;shape_cycling_slack,2.465822335444715e+65,1.6847796134072893e+65,5.144235067757842e+66,-0.0026975617286688425,-0.00658574703786604,1.5394774531639969e+50,0.13646874574940418,0.4686036364824482,0.12563061279415005,0.19973609373073659,-0.0034347350187129977
SCRIPT_SELF_SHIELDING_AUDITOR,4,1,2,5.55,300.0,15,kappa_eq_G1;kappa_eq_G2a,7.534185882173248e+64,4.099329895152961e+64,1.4356235119898286e+66,-0.00023171367784350283,-0.0011939921583818767,3.749832563254548e+49,0.055660865461548456,0.11393186330073447,0.04884824008420913,0.07931968032486342,0.0009257134651875984
SCRIPT_SELF_SHIELDING_AUDITOR,4,1,2,5.55,300.0,16,kappa_eq_G1;kappa_eq_G2a,7.826082494406931e+63,3.846195681273783e+63,1.4377390206319832e+65,-1.406544473508869e-05,-0.00011753324128269322,3.7802471868296214e+48,0.005939650477818102,0.01107613000140948,0.00538994435953929,0.007713418588432093,0.00016827087005375028
SCRIPT_SELF_SHIELDING_AUDITOR,4,1,2,5.55,300.0,17,kappa_eq_G1;kappa_eq_G2a,2.182725663371824e+62,8.46929535388437e+61,3.716654912549246e+63,-1.3763863334701735e-07,-2.7881361813747633e-06,1.004605592323731e+47,0.00017309125529930475,0.0002685701497318408,0.00015247313064596123,0.00023714383675387869,4.993257877388644e-06
SCRIPT_SELF_SHIELDING_AUDITOR,4,2,2,5.55,300.0,12,M_eq_mass_cap_slack,2.778364009382027e+65,-6.115756240149887e+64,2.5413364233093514e+66,0.0065495476274120105,0.0017335014759595185,4.390585871349797e+49,0.19939045228629085,0.1048031092340084,0.1932158252838882,0.23958278631163893,0.0063958013193004815
