REI_F08_PAIRED_CHECKPOINT_V2 8 8 16 3 0 41b2a05f20000000 35578 3ed87327bb34e681 3e110b0f20000000 3cbd088000000000
41cbf08eb0000000 3feccd9060c9f394 3fd3333414fcfd27 3fe333331c9d5fa2 402b3daae5031d1d 3e9a8f07134ad0ee 3edaeaa736f60000 3f30bcaa117a3696 3ed3a92a30553262 3f10d5a5b9628cbd 3f16e36af5b37738 
0000000000000000 bbe0000000000000 3b70000000000000 3bb0000000000000 bbb8000000000000 3cc1f20000000000
3feccd9060c9f0f8 3feccd9060c9f630 3fd3333414fcf9ee 3fd3333414fd0060 3fe333331c9d5de8 3fe333331c9d615c 402b3daae5031b9c 402b3daae5031e9e 
4224
0000000000000000 0000000000000000 0000000000000000
0000000000000000 0000000000000000 0000000000000000
0000000000000000 0000000000000000 0000000000000000
0000000000000000 0000000000000000 0000000000000000
0000000000000000 0000000000000000 0000000000000000
0000000000000000 0000000000000000 0000000000000000
0000000000000000 0000000000000000 0000000000000000
0000000000000000 0000000000000000 0000000000000000
0000000000000000 0000000000000000 0000000000000000
0000000000000000 0000000000000000 0000000000000000
0000000000000000 0000000000000000 0000000000000000
0000000000000000 0000000000000000 0000000000000000
0000000000000000 0000000000000000 0000000000000000
0000000000000000 0000000000000000 0000000000000000
0000000000000000 0000000000000000 0000000000000000
0000000000000000 0000000000000000 0000000000000000
0000000000000000 0000000000000000 0000000000000000
0000000000000000 0000000000000000 0000000000000000
3bc73491c6aca834 3bc734918dd6e84e 3bc73491fe48c9f3
3c83dd07adb10eec 3c83dd07851f704e 3c83dd07d5643cdc
3d2c4fdb4bad76ce 3d2c4fdb1d69de1e 3d2c4fdb78fda379
3dc5809d8db744d9 3dc5809d7354aee4 3dc5809da78dc7a1
3e525af2b52b40d8 3e525af2a622215a 3e525af2c3e7319f
3ed0b2bd050c93a6 3ed0b2bcfe2bf47a 3ed0b2bd0bc8e1bd
3f394bb0a27c1605 3f394bb0a2616091 3f394bb0a2975df6
0000000000000000 0000000000000000 0000000000000000
0000000000000000 0000000000000000 0000000000000000
0000000000000000 0000000000000000 0000000000000000
0000000000000000 0000000000000000 0000000000000000
0000000000000000 0000000000000000 0000000000000000
0000000000000000 0000000000000000 0000000000000000
0000000000000000 0000000000000000 0000000000000000
0000000000000000 0000000000000000 0000000000000000
0000000000000000 0000000000000000 0000000000000000
0000000000000000 0000000000000000 0000000000000000
0000000000000000 0000000000000000 0000000000000000
0000000000000000 0000000000000000 0000000000000000
0000000000000000 0000000000000000 0000000000000000
0000000000000000 0000000000000000 0000000000000000
0000000000000000 0000000000000000 0000000000000000
0000000000000000 0000000000000000 0000000000000000
0000000000000000 0000000000000000 0000000000000000
0000000000000000 0000000000000000 0000000000000000
0000000000000000 0000000000000000 0000000000000000
0000000000000000 0000000000000000 0000000000000000
0000000000000000 0000000000000000 0000000000000000
0000000000000000 0000000000000000 0000000000000000
0000000000000000 0000000000000000 0000000000000000
0000000000000000 0000000000000000 0000000000000000
0000000000000000 0000000000000000 0000000000000000
0000000000000000 0000000000000000 0000000000000000
3bc707993a3e2fd3 3bc7079901d4b488 3bc70799718079f8
3c83bcf129dacec8 3c83bcf1018f3f46 3c83bcf151526f15
3d2c2b4374090ae3 3d2c2b4345ff0b4b 3d2c2b43a120888c
3dc56bc6ba2483f6 3dc56bc69fd85668 3dc56bc6d3db6b35
3e524f1a006a5a0a 3e524f19f168b7e7 3e524f1a0f1942c3
3ed0ad5fd2751d07 3ed0ad5fcb977e1f 3ed0ad5fd92f6db1
3f394bc646d66524 3f394bc646bbb788 3f394bc646f1a147
0000000000000000 0000000000000000 0000000000000000
0000000000000000 0000000000000000 0000000000000000
0000000000000000 0000000000000000 0000000000000000
0000000000000000 0000000000000000 0000000000000000
0000000000000000 0000000000000000 0000000000000000
0000000000000000 0000000000000000 0000000000000000
0000000000000000 0000000000000000 0000000000000000
0000000000000000 0000000000000000 0000000000000000
0000000000000000 0000000000000000 0000000000000000
0000000000000000 0000000000000000 0000000000000000
0000000000000000 0000000000000000 0000000000000000
0000000000000000 0000000000000000 0000000000000000
0000000000000000 0000000000000000 0000000000000000
0000000000000000 0000000000000000 0000000000000000
0000000000000000 0000000000000000 0000000000000000
0000000000000000 0000000000000000 0000000000000000
0000000000000000 0000000000000000 0000000000000000
0000000000000000 0000000000000000 0000000000000000
0000000000000000 0000000000000000 0000000000000000
0000000000000000 0000000000000000 0000000000000000
0000000000000000 0000000000000000 0000000000000000
0000000000000000 0000000000000000 0000000000000000
0000000000000000 0000000000000000 0000000000000000
0000000000000000 0000000000000000 0000000000000000
0000000000000000 0000000000000000 0000000000000000
0000000000000000 0000000000000000 0000000000000000
3bc6c87c139a3836 3bc6c87bdb99351e 3bc6c87c4a5e1d54
3c838fd6ead5884e 3c838fd6c2b6876f 3c838fd712086714
3d2bf7bfe670e46b 3d2bf7bfb888bfd5 3d2bf7c0134a765a
3dc54e651d25c9d3 3dc54e6502e76634 3dc54e6536cdec4f
3e523e5f98d221f8 3e523e5f89d1b2c7 3e523e5fa77cf2e0
3ed0a5c9c6b8304d 3ed0a5c9bfd69906 3ed0a5c9cd718915
3f394be4e22e97ad 3f394be4e213edee 3f394be4e249e3c2
0000000000000000 0000000000000000 0000000000000000
0000000000000000 0000000000000000 0000000000000000
0000000000000000 0000000000000000 0000000000000000
0000000000000000 0000000000000000 0000000000000000
0000000000000000 0000000000000000 0000000000000000
0000000000000000 0000000000000000 0000000000000000
0000000000000000 0000000000000000 0000000000000000
0000000000000000 0000000000000000 0000000000000000
0000000000000000 0000000000000000 0000000000000000
0000000000000000 0000000000000000 0000000000000000
0000000000000000 0000000000000000 0000000000000000
0000000000000000 0000000000000000 0000000000000000
0000000000000000 0000000000000000 0000000000000000
0000000000000000 0000000000000000 0000000000000000
0000000000000000 0000000000000000 0000000000000000
0000000000000000 0000000000000000 0000000000000000
0000000000000000 0000000000000000 0000000000000000
0000000000000000 0000000000000000 0000000000000000
0000000000000000 0000000000000000 0000000000000000
0000000000000000 0000000000000000 0000000000000000
0000000000000000 0000000000000000 0000000000000000
0000000000000000 0000000000000000 0000000000000000
0000000000000000 0000000000000000 0000000000000000
0000000000000000 0000000000000000 0000000000000000
0000000000000000 0000000000000000 0000000000000000
0000000000000000 0000000000000000 0000000000000000
3bc69c32752c7527 3bc69c323db6dd50 3bc69c32ab877b80
3c8370245b957985 3c83702433d6a100 3c8370248281d054
3d2bd37d9a416401 3d2bd37d6cb7153c 3d2bd37dc6de10b8
3dc539aebfe6191b 3dc539aea5d22e17 3dc539aed970a811
3e523290117e6d18 3e52329002927cf0 3e52329020201c54
3ed0a06c8198c614 3ed0a06c7abe20c0 3ed0a06c8850146c
3f394bfa86ae0fce 3f394bfa86936de3 3f394bfa86c9403d
0000000000000000 0000000000000000 0000000000000000
0000000000000000 0000000000000000 0000000000000000
0000000000000000 0000000000000000 0000000000000000
0000000000000000 0000000000000000 0000000000000000
0000000000000000 0000000000000000 0000000000000000
0000000000000000 0000000000000000 0000000000000000
0000000000000000 0000000000000000 0000000000000000
0000000000000000 0000000000000000 0000000000000000
0000000000000000 0000000000000000 0000000000000000
0000000000000000 0000000000000000 0000000000000000
0000000000000000 0000000000000000 0000000000000000
0000000000000000 0000000000000000 0000000000000000
0000000000000000 0000000000000000 0000000000000000
0000000000000000 0000000000000000 0000000000000000
0000000000000000 0000000000000000 0000000000000000
0000000000000000 0000000000000000 0000000000000000
0000000000000000 0000000000000000 0000000000000000
0000000000000000 0000000000000000 0000000000000000
0000000000000000 0000000000000000 0000000000000000
0000000000000000 0000000000000000 0000000000000000
0000000000000000 0000000000000000 0000000000000000
0000000000000000 0000000000000000 0000000000000000
0000000000000000 0000000000000000 0000000000000000
0000000000000000 0000000000000000 0000000000000000
0000000000000000 0000000000000000 0000000000000000
0000000000000000 0000000000000000 0000000000000000
3bc69c32752c7527 3bc69c323db6dd50 3bc69c32ab877b80
3c8370245b957985 3c83702433d6a100 3c8370248281d054
3d2bd37d9a416401 3d2bd37d6cb7153c 3d2bd37dc6de10b8
3dc539aebfe6191b 3dc539aea5d22e17 3dc539aed970a811
3e523290117e6d18 3e52329002927cf0 3e52329020201c54
3ed0a06c8198c614 3ed0a06c7abe20c0 3ed0a06c8850146c
3f394bfa86ae0fce 3f394bfa86936de3 3f394bfa86c9403d
0000000000000000 0000000000000000 0000000000000000
0000000000000000 0000000000000000 0000000000000000
0000000000000000 0000000000000000 0000000000000000
0000000000000000 0000000000000000 0000000000000000
0000000000000000 0000000000000000 0000000000000000
0000000000000000 0000000000000000 0000000000000000
0000000000000000 0000000000000000 0000000000000000
0000000000000000 0000000000000000 0000000000000000
0000000000000000 0000000000000000 0000000000000000
0000000000000000 0000000000000000 0000000000000000
0000000000000000 0000000000000000 0000000000000000
0000000000000000 0000000000000000 0000000000000000
0000000000000000 0000000000000000 0000000000000000
0000000000000000 0000000000000000 0000000000000000
0000000000000000 0000000000000000 0000000000000000
0000000000000000 0000000000000000 0000000000000000
0000000000000000 0000000000000000 0000000000000000
0000000000000000 0000000000000000 0000000000000000
0000000000000000 0000000000000000 0000000000000000
0000000000000000 0000000000000000 0000000000000000
0000000000000000 0000000000000000 0000000000000000
0000000000000000 0000000000000000 0000000000000000
0000000000000000 0000000000000000 0000000000000000
0000000000000000 0000000000000000 0000000000000000
0000000000000000 0000000000000000 0000000000000000
0000000000000000 0000000000000000 0000000000000000
3bc6c87c139a3836 3bc6c87bdb99314e 3bc6c87c4a6643ad
3c838fd6ead5884e 3c838fd6c2b684bf 3c838fd712141137
3d2bf7bfe670e46b 3d2bf7bfb8896553 3d2bf7c01357cb49
3dc54e651d25c9d3 3dc54e6502e88605 3dc54e6536d1ba13
3e523e5f98d221f8 3e523e5f89d2fde0 3e523e5fa78149d2
3ed0a5c9c6b8304d 3ed0a5c9bfd7920e 3ed0a5c9cd73828f
3f394be4e22e97ad 3f394be4e213e602 3f394be4e249dfcd
0000000000000000 0000000000000000 0000000000000000
0000000000000000 0000000000000000 0000000000000000
0000000000000000 0000000000000000 0000000000000000
0000000000000000 0000000000000000 0000000000000000
0000000000000000 0000000000000000 0000000000000000
0000000000000000 0000000000000000 0000000000000000
0000000000000000 0000000000000000 0000000000000000
0000000000000000 0000000000000000 0000000000000000
0000000000000000 0000000000000000 0000000000000000
0000000000000000 0000000000000000 0000000000000000
0000000000000000 0000000000000000 0000000000000000
0000000000000000 0000000000000000 0000000000000000
0000000000000000 0000000000000000 0000000000000000
0000000000000000 0000000000000000 0000000000000000
0000000000000000 0000000000000000 0000000000000000
0000000000000000 0000000000000000 0000000000000000
0000000000000000 0000000000000000 0000000000000000
0000000000000000 0000000000000000 0000000000000000
0000000000000000 0000000000000000 0000000000000000
0000000000000000 0000000000000000 0000000000000000
0000000000000000 0000000000000000 0000000000000000
0000000000000000 0000000000000000 0000000000000000
0000000000000000 0000000000000000 0000000000000000
0000000000000000 0000000000000000 0000000000000000
0000000000000000 0000000000000000 0000000000000000
0000000000000000 0000000000000000 0000000000000000
3bc707993a3e2fd3 3bc7079901d4b488 3bc70799718079f8
3c83bcf129dacec8 3c83bcf1018f3f46 3c83bcf151526f15
3d2c2b4374090ae3 3d2c2b4345ff0b4b 3d2c2b43a120888c
3dc56bc6ba2483f6 3dc56bc69fd85668 3dc56bc6d3db6b35
3e524f1a006a5a0a 3e524f19f168b7e7 3e524f1a0f1942c3
3ed0ad5fd2751d07 3ed0ad5fcb977e1f 3ed0ad5fd92f6db1
3f394bc646d66524 3f394bc646bbb788 3f394bc646f1a147
0000000000000000 0000000000000000 0000000000000000
0000000000000000 0000000000000000 0000000000000000
0000000000000000 0000000000000000 0000000000000000
0000000000000000 0000000000000000 0000000000000000
0000000000000000 0000000000000000 0000000000000000
0000000000000000 0000000000000000 0000000000000000
0000000000000000 0000000000000000 0000000000000000
0000000000000000 0000000000000000 0000000000000000
0000000000000000 0000000000000000 0000000000000000
0000000000000000 0000000000000000 0000000000000000
0000000000000000 0000000000000000 0000000000000000
0000000000000000 0000000000000000 0000000000000000
0000000000000000 0000000000000000 0000000000000000
0000000000000000 0000000000000000 0000000000000000
0000000000000000 0000000000000000 0000000000000000
0000000000000000 0000000000000000 0000000000000000
0000000000000000 0000000000000000 0000000000000000
0000000000000000 0000000000000000 0000000000000000
0000000000000000 0000000000000000 0000000000000000
0000000000000000 0000000000000000 0000000000000000
0000000000000000 0000000000000000 0000000000000000
0000000000000000 0000000000000000 0000000000000000
0000000000000000 0000000000000000 0000000000000000
0000000000000000 0000000000000000 0000000000000000
0000000000000000 0000000000000000 0000000000000000
0000000000000000 0000000000000000 0000000000000000
3bc73491c6acaa26 3bc734918defb223 3bc73491fe27c348
3c83dd07adb11005 3c83dd0785337b41 3c83dd07d54cacfc
3d2c4fdb4bad77c0 3d2c4fdb1d82bee4 3d2c4fdb78e2c2ec
3dc5809d8db37096 3dc5809d7363a108 3dc5809da77e7563
3e525af2b52b42dd 3e525af2a62addcb 3e525af2c3de75cc
3ed0b2bd050c93a7 3ed0b2bcfe2ff2af 3ed0b2bd0bc4e38d
3f394bb0a27c1606 3f394bb0a2617067 3f394bb0a2974e20
0000000000000000 0000000000000000 0000000000000000
0000000000000000 0000000000000000 0000000000000000
0000000000000000 0000000000000000 0000000000000000
0000000000000000 0000000000000000 0000000000000000
0000000000000000 0000000000000000 0000000000000000
0000000000000000 0000000000000000 0000000000000000
0000000000000000 0000000000000000 0000000000000000
0000000000000000 0000000000000000 0000000000000000
0000000000000000 0000000000000000 0000000000000000
0000000000000000 0000000000000000 0000000000000000
0000000000000000 0000000000000000 0000000000000000
0000000000000000 0000000000000000 0000000000000000
0000000000000000 0000000000000000 0000000000000000
0000000000000000 0000000000000000 0000000000000000
0000000000000000 0000000000000000 0000000000000000
0000000000000000 0000000000000000 0000000000000000
0000000000000000 0000000000000000 0000000000000000
0000000000000000 0000000000000000 0000000000000000
0000000000000000 0000000000000000 0000000000000000
0000000000000000 0000000000000000 0000000000000000
0000000000000000 0000000000000000 0000000000000000
0000000000000000 0000000000000000 0000000000000000
0000000000000000 0000000000000000 0000000000000000
0000000000000000 0000000000000000 0000000000000000
0000000000000000 0000000000000000 0000000000000000
0000000000000000 0000000000000000 0000000000000000
3bc73491c6aca834 3bc734918dd6e84e 3bc73491fe48c9f3
3c83dd07adb10eec 3c83dd07851f704e 3c83dd07d5643cdc
3d2c4fdb4bad76ce 3d2c4fdb1d69de1e 3d2c4fdb78fda379
3dc5809d8db744d9 3dc5809d7354aee4 3dc5809da78dc7a1
3e525af2b52b40d8 3e525af2a622215a 3e525af2c3e7319f
3ed0b2bd050c93a6 3ed0b2bcfe2bf47a 3ed0b2bd0bc8e1bd
3f394bb0a27c1605 3f394bb0a2616091 3f394bb0a2975df6
0000000000000000 0000000000000000 0000000000000000
0000000000000000 0000000000000000 0000000000000000
0000000000000000 0000000000000000 0000000000000000
0000000000000000 0000000000000000 0000000000000000
0000000000000000 0000000000000000 0000000000000000
0000000000000000 0000000000000000 0000000000000000
0000000000000000 0000000000000000 0000000000000000
0000000000000000 0000000000000000 0000000000000000
0000000000000000 0000000000000000 0000000000000000
0000000000000000 0000000000000000 0000000000000000
0000000000000000 0000000000000000 0000000000000000
0000000000000000 0000000000000000 0000000000000000
0000000000000000 0000000000000000 0000000000000000
0000000000000000 0000000000000000 0000000000000000
0000000000000000 0000000000000000 0000000000000000
0000000000000000 0000000000000000 0000000000000000
0000000000000000 0000000000000000 0000000000000000
0000000000000000 0000000000000000 0000000000000000
0000000000000000 0000000000000000 0000000000000000
0000000000000000 0000000000000000 0000000000000000
0000000000000000 0000000000000000 0000000000000000
0000000000000000 0000000000000000 0000000000000000
0000000000000000 0000000000000000 0000000000000000
0000000000000000 0000000000000000 0000000000000000
0000000000000000 0000000000000000 0000000000000000
0000000000000000 0000000000000000 0000000000000000
3bc707993a3e2fd3 3bc7079901d4b488 3bc70799718079f8
3c83bcf129dacec8 3c83bcf1018f3f46 3c83bcf151526f15
3d2c2b4374090ae3 3d2c2b4345ff0b4b 3d2c2b43a120888c
3dc56bc6ba2483f6 3dc56bc69fd85668 3dc56bc6d3db6b35
3e524f1a006a5a0a 3e524f19f168b7e7 3e524f1a0f1942c3
3ed0ad5fd2751d07 3ed0ad5fcb977e1f 3ed0ad5fd92f6db1
3f394bc646d66524 3f394bc646bbb788 3f394bc646f1a147
0000000000000000 0000000000000000 0000000000000000
0000000000000000 0000000000000000 0000000000000000
0000000000000000 0000000000000000 0000000000000000
0000000000000000 0000000000000000 0000000000000000
0000000000000000 0000000000000000 0000000000000000
0000000000000000 0000000000000000 0000000000000000
0000000000000000 0000000000000000 0000000000000000
0000000000000000 0000000000000000 0000000000000000
0000000000000000 0000000000000000 0000000000000000
0000000000000000 0000000000000000 0000000000000000
0000000000000000 0000000000000000 0000000000000000
0000000000000000 0000000000000000 0000000000000000
0000000000000000 0000000000000000 0000000000000000
0000000000000000 0000000000000000 0000000000000000
0000000000000000 0000000000000000 0000000000000000
0000000000000000 0000000000000000 0000000000000000
0000000000000000 0000000000000000 0000000000000000
0000000000000000 0000000000000000 0000000000000000
0000000000000000 0000000000000000 0000000000000000
0000000000000000 0000000000000000 0000000000000000
0000000000000000 0000000000000000 0000000000000000
0000000000000000 0000000000000000 0000000000000000
0000000000000000 0000000000000000 0000000000000000
0000000000000000 0000000000000000 0000000000000000
0000000000000000 0000000000000000 0000000000000000
0000000000000000 0000000000000000 0000000000000000
3bc6c87c139a3836 3bc6c87bdb99314e 3bc6c87c4a6643ad
3c838fd6ead5884e 3c838fd6c2b684bf 3c838fd712141137
3d2bf7bfe670e46b 3d2bf7bfb8896553 3d2bf7c01357cb49
3dc54e651d25c9d3 3dc54e6502e88605 3dc54e6536d1ba13
3e523e5f98d221f8 3e523e5f89d2fde0 3e523e5fa78149d2
3ed0a5c9c6b8304d 3ed0a5c9bfd7920e 3ed0a5c9cd73828f
3f394be4e22e97ad 3f394be4e213e602 3f394be4e249dfcd
0000000000000000 0000000000000000 0000000000000000
0000000000000000 0000000000000000 0000000000000000
0000000000000000 0000000000000000 0000000000000000
0000000000000000 0000000000000000 0000000000000000
0000000000000000 0000000000000000 0000000000000000
0000000000000000 0000000000000000 0000000000000000
0000000000000000 0000000000000000 0000000000000000
0000000000000000 0000000000000000 0000000000000000
0000000000000000 0000000000000000 0000000000000000
0000000000000000 0000000000000000 0000000000000000
0000000000000000 0000000000000000 0000000000000000
0000000000000000 0000000000000000 0000000000000000
0000000000000000 0000000000000000 0000000000000000
0000000000000000 0000000000000000 0000000000000000
0000000000000000 0000000000000000 0000000000000000
0000000000000000 0000000000000000 0000000000000000
0000000000000000 0000000000000000 0000000000000000
0000000000000000 0000000000000000 0000000000000000
0000000000000000 0000000000000000 0000000000000000
0000000000000000 0000000000000000 0000000000000000
0000000000000000 0000000000000000 0000000000000000
0000000000000000 0000000000000000 0000000000000000
0000000000000000 0000000000000000 0000000000000000
0000000000000000 0000000000000000 0000000000000000
0000000000000000 0000000000000000 0000000000000000
0000000000000000 0000000000000000 0000000000000000
3bc69c32752c7340 3bc69c323da6ab11 3bc69c32ab97a9f4
3c8370245b95786e 3c83702433ce817d 3c837024828b16ff
3d2bd37d9a416310 3d2bd37d6cadc86e 3d2bd37dc6e6b2b1
3dc539aebfe618c0 3dc539aea5cbb8a2 3dc539aed974d6bd
3e523290117e6cfe 3e523290028e24ec 3e52329020224a6b
3ed0a06c8198c612 3ed0a06c7abc23ce 3ed0a06c88511626
3f394bfa86ae0fcd 3f394bfa869369ed 3f394bfa86c94829
0000000000000000 0000000000000000 0000000000000000
0000000000000000 0000000000000000 0000000000000000
0000000000000000 0000000000000000 0000000000000000
0000000000000000 0000000000000000 0000000000000000
0000000000000000 0000000000000000 0000000000000000
0000000000000000 0000000000000000 0000000000000000
0000000000000000 0000000000000000 0000000000000000
0000000000000000 0000000000000000 0000000000000000
0000000000000000 0000000000000000 0000000000000000
0000000000000000 0000000000000000 0000000000000000
0000000000000000 0000000000000000 0000000000000000
0000000000000000 0000000000000000 0000000000000000
0000000000000000 0000000000000000 0000000000000000
0000000000000000 0000000000000000 0000000000000000
0000000000000000 0000000000000000 0000000000000000
0000000000000000 0000000000000000 0000000000000000
0000000000000000 0000000000000000 0000000000000000
0000000000000000 0000000000000000 0000000000000000
0000000000000000 0000000000000000 0000000000000000
0000000000000000 0000000000000000 0000000000000000
0000000000000000 0000000000000000 0000000000000000
0000000000000000 0000000000000000 0000000000000000
0000000000000000 0000000000000000 0000000000000000
0000000000000000 0000000000000000 0000000000000000
0000000000000000 0000000000000000 0000000000000000
0000000000000000 0000000000000000 0000000000000000
3bc69c32752c7527 3bc69c323db6dd50 3bc69c32ab877b80
3c8370245b957985 3c83702433d6a100 3c8370248281d054
3d2bd37d9a416401 3d2bd37d6cb7153c 3d2bd37dc6de10b8
3dc539aebfe6191b 3dc539aea5d22e17 3dc539aed970a811
3e523290117e6d18 3e52329002927cf0 3e52329020201c54
3ed0a06c8198c614 3ed0a06c7abe20c0 3ed0a06c8850146c
3f394bfa86ae0fce 3f394bfa86936de3 3f394bfa86c9403d
0000000000000000 0000000000000000 0000000000000000
0000000000000000 0000000000000000 0000000000000000
0000000000000000 0000000000000000 0000000000000000
0000000000000000 0000000000000000 0000000000000000
0000000000000000 0000000000000000 0000000000000000
0000000000000000 0000000000000000 0000000000000000
0000000000000000 0000000000000000 0000000000000000
0000000000000000 0000000000000000 0000000000000000
0000000000000000 0000000000000000 0000000000000000
0000000000000000 0000000000000000 0000000000000000
0000000000000000 0000000000000000 0000000000000000
0000000000000000 0000000000000000 0000000000000000
0000000000000000 0000000000000000 0000000000000000
0000000000000000 0000000000000000 0000000000000000
0000000000000000 0000000000000000 0000000000000000
0000000000000000 0000000000000000 0000000000000000
0000000000000000 0000000000000000 0000000000000000
0000000000000000 0000000000000000 0000000000000000
0000000000000000 0000000000000000 0000000000000000
0000000000000000 0000000000000000 0000000000000000
0000000000000000 0000000000000000 0000000000000000
0000000000000000 0000000000000000 0000000000000000
0000000000000000 0000000000000000 0000000000000000
0000000000000000 0000000000000000 0000000000000000
0000000000000000 0000000000000000 0000000000000000
0000000000000000 0000000000000000 0000000000000000
3bc6c87c13a26074 3bc6c87bdb99314e 3bc6c87c4a6643ad
3c838fd6eadb5cdc 3c838fd6c2b684bf 3c838fd712141137
3d2bf7bfe6778d6f 3d2bf7bfb8896553 3d2bf7c01357cb49
3dc54e651d299676 3dc54e6502e88605 3dc54e6536d1ba13
3e523e5f98d44bd4 3e523e5f89d2fde0 3e523e5fa78149d2
3ed0a5c9c6b92b85 3ed0a5c9bfd7920e 3ed0a5c9cd73828f
3f394be4e22e93b8 3f394be4e213e602 3f394be4e249dfcd
0000000000000000 0000000000000000 0000000000000000
0000000000000000 0000000000000000 0000000000000000
0000000000000000 0000000000000000 0000000000000000
0000000000000000 0000000000000000 0000000000000000
0000000000000000 0000000000000000 0000000000000000
0000000000000000 0000000000000000 0000000000000000
0000000000000000 0000000000000000 0000000000000000
0000000000000000 0000000000000000 0000000000000000
0000000000000000 0000000000000000 0000000000000000
0000000000000000 0000000000000000 0000000000000000
0000000000000000 0000000000000000 0000000000000000
0000000000000000 0000000000000000 0000000000000000
0000000000000000 0000000000000000 0000000000000000
0000000000000000 0000000000000000 0000000000000000
0000000000000000 0000000000000000 0000000000000000
0000000000000000 0000000000000000 0000000000000000
0000000000000000 0000000000000000 0000000000000000
0000000000000000 0000000000000000 0000000000000000
0000000000000000 0000000000000000 0000000000000000
0000000000000000 0000000000000000 0000000000000000
0000000000000000 0000000000000000 0000000000000000
0000000000000000 0000000000000000 0000000000000000
0000000000000000 0000000000000000 0000000000000000
0000000000000000 0000000000000000 0000000000000000
0000000000000000 0000000000000000 0000000000000000
0000000000000000 0000000000000000 0000000000000000
3bc707993a3e2fd3 3bc7079901d4b488 3bc70799718079f8
3c83bcf129dacec8 3c83bcf1018f3f46 3c83bcf151526f15
3d2c2b4374090ae3 3d2c2b4345ff0b4b 3d2c2b43a120888c
3dc56bc6ba2483f6 3dc56bc69fd85668 3dc56bc6d3db6b35
3e524f1a006a5a0a 3e524f19f168b7e7 3e524f1a0f1942c3
3ed0ad5fd2751d07 3ed0ad5fcb977e1f 3ed0ad5fd92f6db1
3f394bc646d66524 3f394bc646bbb788 3f394bc646f1a147
0000000000000000 0000000000000000 0000000000000000
0000000000000000 0000000000000000 0000000000000000
0000000000000000 0000000000000000 0000000000000000
0000000000000000 0000000000000000 0000000000000000
0000000000000000 0000000000000000 0000000000000000
0000000000000000 0000000000000000 0000000000000000
0000000000000000 0000000000000000 0000000000000000
0000000000000000 0000000000000000 0000000000000000
0000000000000000 0000000000000000 0000000000000000
0000000000000000 0000000000000000 0000000000000000
0000000000000000 0000000000000000 0000000000000000
0000000000000000 0000000000000000 0000000000000000
0000000000000000 0000000000000000 0000000000000000
0000000000000000 0000000000000000 0000000000000000
0000000000000000 0000000000000000 0000000000000000
0000000000000000 0000000000000000 0000000000000000
0000000000000000 0000000000000000 0000000000000000
0000000000000000 0000000000000000 0000000000000000
0000000000000000 0000000000000000 0000000000000000
0000000000000000 0000000000000000 0000000000000000
0000000000000000 0000000000000000 0000000000000000
0000000000000000 0000000000000000 0000000000000000
0000000000000000 0000000000000000 0000000000000000
0000000000000000 0000000000000000 0000000000000000
0000000000000000 0000000000000000 0000000000000000
0000000000000000 0000000000000000 0000000000000000
3bc73491c6aca645 3bc734918dd6e84e 3bc73491fe48c9f3
3c83dd07adb10dd0 3c83dd07851f704e 3c83dd07d5643cdc
3d2c4fdb4bad75da 3d2c4fdb1d69de1e 3d2c4fdb78fda379
3dc5809d8db7447d 3dc5809d7354aee4 3dc5809da78dc7a1
3e525af2b52b40be 3e525af2a622215a 3e525af2c3e7319f
3ed0b2bd050c93a6 3ed0b2bcfe2bf47a 3ed0b2bd0bc8e1bd
3f394bb0a27c1606 3f394bb0a2616091 3f394bb0a2975df6
0000000000000000 0000000000000000 0000000000000000
0000000000000000 0000000000000000 0000000000000000
0000000000000000 0000000000000000 0000000000000000
0000000000000000 0000000000000000 0000000000000000
0000000000000000 0000000000000000 0000000000000000
0000000000000000 0000000000000000 0000000000000000
0000000000000000 0000000000000000 0000000000000000
0000000000000000 0000000000000000 0000000000000000
0000000000000000 0000000000000000 0000000000000000
0000000000000000 0000000000000000 0000000000000000
0000000000000000 0000000000000000 0000000000000000
0000000000000000 0000000000000000 0000000000000000
0000000000000000 0000000000000000 0000000000000000
0000000000000000 0000000000000000 0000000000000000
0000000000000000 0000000000000000 0000000000000000
0000000000000000 0000000000000000 0000000000000000
0000000000000000 0000000000000000 0000000000000000
0000000000000000 0000000000000000 0000000000000000
0000000000000000 0000000000000000 0000000000000000
0000000000000000 0000000000000000 0000000000000000
0000000000000000 0000000000000000 0000000000000000
0000000000000000 0000000000000000 0000000000000000
0000000000000000 0000000000000000 0000000000000000
0000000000000000 0000000000000000 0000000000000000
0000000000000000 0000000000000000 0000000000000000
0000000000000000 0000000000000000 0000000000000000
3bc7b0dc5948b6ee 3bc7b0dc1f29eed4 3bc7b0dc92526ebf
3c8435816265415d 3c84358139136dc4 3c8435818af0fea1
3d2cb483f4a09462 3d2cb483c5ad70c2 3d2cb48422be4d10
3dc5b9cda8a93736 3dc5b9cd8dfa2927 3dc5b9cdc2dbbe9f
3e527b6185b8a832 3e527b6176912417 3e527b61949a8cda
3ed0c1639412602a 3ed0c1638d29bd70 3ed0c1639adb9d49
3f394b758608f6d4 3f394b7585ee0e1d 3f394b7586245e39
0000000000000000 0000000000000000 0000000000000000
0000000000000000 0000000000000000 0000000000000000
0000000000000000 0000000000000000 0000000000000000
0000000000000000 0000000000000000 0000000000000000
0000000000000000 0000000000000000 0000000000000000
0000000000000000 0000000000000000 0000000000000000
0000000000000000 0000000000000000 0000000000000000
0000000000000000 0000000000000000 0000000000000000
0000000000000000 0000000000000000 0000000000000000
0000000000000000 0000000000000000 0000000000000000
0000000000000000 0000000000000000 0000000000000000
0000000000000000 0000000000000000 0000000000000000
0000000000000000 0000000000000000 0000000000000000
0000000000000000 0000000000000000 0000000000000000
0000000000000000 0000000000000000 0000000000000000
0000000000000000 0000000000000000 0000000000000000
0000000000000000 0000000000000000 0000000000000000
0000000000000000 0000000000000000 0000000000000000
0000000000000000 0000000000000000 0000000000000000
0000000000000000 0000000000000000 0000000000000000
0000000000000000 0000000000000000 0000000000000000
0000000000000000 0000000000000000 0000000000000000
0000000000000000 0000000000000000 0000000000000000
0000000000000000 0000000000000000 0000000000000000
0000000000000000 0000000000000000 0000000000000000
0000000000000000 0000000000000000 0000000000000000
3bc73a7f9c0fe2e9 3bc73a7f632e0959 3bc73a7fd3c025c5
3c83e141eadc562f 3c83e141c243cdd0 3c83e1421298a22a
3d2c54ac98de0255 3d2c54ac6a8b12af 3d2c54acc62e9493
3dc5835b64d2634c 3dc5835b4a6d8efd 3dc5835b7ea4f91a
3e525c816606e693 3e525c8156fd2641 3e525c8174c06a8c
3ed0b3716a4e1f4c 3ed0b371636e808e 3ed0b37171097002
3f394badcaa65d0c 3f394badca8bab8d 3f394badcac1a102
0000000000000000 0000000000000000 0000000000000000
0000000000000000 0000000000000000 0000000000000000
0000000000000000 0000000000000000 0000000000000000
0000000000000000 0000000000000000 0000000000000000
0000000000000000 0000000000000000 0000000000000000
0000000000000000 0000000000000000 0000000000000000
0000000000000000 0000000000000000 0000000000000000
0000000000000000 0000000000000000 0000000000000000
0000000000000000 0000000000000000 0000000000000000
0000000000000000 0000000000000000 0000000000000000
0000000000000000 0000000000000000 0000000000000000
0000000000000000 0000000000000000 0000000000000000
0000000000000000 0000000000000000 0000000000000000
0000000000000000 0000000000000000 0000000000000000
0000000000000000 0000000000000000 0000000000000000
0000000000000000 0000000000000000 0000000000000000
0000000000000000 0000000000000000 0000000000000000
0000000000000000 0000000000000000 0000000000000000
0000000000000000 0000000000000000 0000000000000000
0000000000000000 0000000000000000 0000000000000000
0000000000000000 0000000000000000 0000000000000000
0000000000000000 0000000000000000 0000000000000000
0000000000000000 0000000000000000 0000000000000000
0000000000000000 0000000000000000 0000000000000000
0000000000000000 0000000000000000 0000000000000000
0000000000000000 0000000000000000 0000000000000000
3bc696665e384bdc 3bc69666268dccfa 3bc6966694a81074
3c836bfd66388289 3c836bfd3e49f46c 3c836bfd8d343a7d
3d2bcebcccf31abf 3d2bcebc9f32392e 3d2bcebcf9a54ed4
3dc536f72b661618 3dc536f71132faf9 3dc536f74502a0e6
3e5231032583e24a 3e5231031680b258 3e523103342ccf61
3ed09fb81891ba3a 3ed09fb811ad272a 3ed09fb81f4f10be
3f394bfd5e8bbeb9 3f394bfd5e71050d 3f394bfd5ea716c3
0000000000000000 0000000000000000 0000000000000000
0000000000000000 0000000000000000 0000000000000000
0000000000000000 0000000000000000 0000000000000000
0000000000000000 0000000000000000 0000000000000000
0000000000000000 0000000000000000 0000000000000000
0000000000000000 0000000000000000 0000000000000000
0000000000000000 0000000000000000 0000000000000000
0000000000000000 0000000000000000 0000000000000000
0000000000000000 0000000000000000 0000000000000000
0000000000000000 0000000000000000 0000000000000000
0000000000000000 0000000000000000 0000000000000000
0000000000000000 0000000000000000 0000000000000000
0000000000000000 0000000000000000 0000000000000000
0000000000000000 0000000000000000 0000000000000000
0000000000000000 0000000000000000 0000000000000000
0000000000000000 0000000000000000 0000000000000000
0000000000000000 0000000000000000 0000000000000000
0000000000000000 0000000000000000 0000000000000000
0000000000000000 0000000000000000 0000000000000000
0000000000000000 0000000000000000 0000000000000000
0000000000000000 0000000000000000 0000000000000000
0000000000000000 0000000000000000 0000000000000000
0000000000000000 0000000000000000 0000000000000000
0000000000000000 0000000000000000 0000000000000000
0000000000000000 0000000000000000 0000000000000000
0000000000000000 0000000000000000 0000000000000000
3bc624a83111a633 3bc624a7fa493a37 3bc624a866ac8711
3c831a61a4378866 3c831a617cd09ca1 3c831a61cac37452
3d2b7127ba625682 3d2b71278d15cdce 3d2b7127e6b74379
3dc501605977a1b0 3dc501603f7298c6 3dc5016072f022b4
3e52126110049c60 3e5212610112d3bd 3e5212611ea9d040
3ed091c5717dd5ee 3ed091c56a9a3747 3ed091c5783c24e8
3f394c35a42482ac 3f394c35a409c4d8 3f394c35a43fd6f5
0000000000000000 0000000000000000 0000000000000000
0000000000000000 0000000000000000 0000000000000000
0000000000000000 0000000000000000 0000000000000000
0000000000000000 0000000000000000 0000000000000000
0000000000000000 0000000000000000 0000000000000000
0000000000000000 0000000000000000 0000000000000000
0000000000000000 0000000000000000 0000000000000000
0000000000000000 0000000000000000 0000000000000000
0000000000000000 0000000000000000 0000000000000000
0000000000000000 0000000000000000 0000000000000000
0000000000000000 0000000000000000 0000000000000000
0000000000000000 0000000000000000 0000000000000000
0000000000000000 0000000000000000 0000000000000000
0000000000000000 0000000000000000 0000000000000000
0000000000000000 0000000000000000 0000000000000000
0000000000000000 0000000000000000 0000000000000000
0000000000000000 0000000000000000 0000000000000000
0000000000000000 0000000000000000 0000000000000000
0000000000000000 0000000000000000 0000000000000000
0000000000000000 0000000000000000 0000000000000000
0000000000000000 0000000000000000 0000000000000000
0000000000000000 0000000000000000 0000000000000000
0000000000000000 0000000000000000 0000000000000000
0000000000000000 0000000000000000 0000000000000000
0000000000000000 0000000000000000 0000000000000000
0000000000000000 0000000000000000 0000000000000000
3bc624a83109b842 3bc624a7fa591d8e 3bc624a866bc776d
3c831a61a4378f53 3c831a617cdc072d 3c831a61cad00b0a
3d2b7127ba625c0f 3d2b71278d20f0d8 3d2b7127e6c65ec5
3dc501605977a3d3 3dc501603f7a7ced 3dc5016072f74a4c
3e52126110049d03 3e52126101194ae0 3e5212611eacd2d9
3ed091c5717dd5f6 3ed091c56a9d2c6e 3ed091c5783e193b
3f394c35a42482ae 3f394c35a409bcef 3f394c35a43fcb14
0000000000000000 0000000000000000 0000000000000000
0000000000000000 0000000000000000 0000000000000000
0000000000000000 0000000000000000 0000000000000000
0000000000000000 0000000000000000 0000000000000000
0000000000000000 0000000000000000 0000000000000000
0000000000000000 0000000000000000 0000000000000000
0000000000000000 0000000000000000 0000000000000000
0000000000000000 0000000000000000 0000000000000000
0000000000000000 0000000000000000 0000000000000000
0000000000000000 0000000000000000 0000000000000000
0000000000000000 0000000000000000 0000000000000000
0000000000000000 0000000000000000 0000000000000000
0000000000000000 0000000000000000 0000000000000000
0000000000000000 0000000000000000 0000000000000000
0000000000000000 0000000000000000 0000000000000000
0000000000000000 0000000000000000 0000000000000000
0000000000000000 0000000000000000 0000000000000000
0000000000000000 0000000000000000 0000000000000000
0000000000000000 0000000000000000 0000000000000000
0000000000000000 0000000000000000 0000000000000000
0000000000000000 0000000000000000 0000000000000000
0000000000000000 0000000000000000 0000000000000000
0000000000000000 0000000000000000 0000000000000000
0000000000000000 0000000000000000 0000000000000000
0000000000000000 0000000000000000 0000000000000000
0000000000000000 0000000000000000 0000000000000000
3bc696665e406340 3bc69666269dfbc6 3bc6966694b0222e
3c836bfd663bfcd7 3c836bfd3e57db60 3c836bfd8d37b10b
3d2bcebcccf5185a 3d2bcebc9f44206f 3d2bcebcf9a74707
3dc536f72b667723 3dc536f7113dfa62 3dc536f74502fce2
3e5231032583e235 3e523103168732a4 3e523103342cc9a9
3ed09fb81891ba3a 3ed09fb811b01f53 3ed09fb81f4f0a3a
3f394bfd5e8bbeb9 3f394bfd5e71050d 3f394bfd5ea70ae3
0000000000000000 0000000000000000 0000000000000000
0000000000000000 0000000000000000 0000000000000000
0000000000000000 0000000000000000 0000000000000000
0000000000000000 0000000000000000 0000000000000000
0000000000000000 0000000000000000 0000000000000000
0000000000000000 0000000000000000 0000000000000000
0000000000000000 0000000000000000 0000000000000000
0000000000000000 0000000000000000 0000000000000000
0000000000000000 0000000000000000 0000000000000000
0000000000000000 0000000000000000 0000000000000000
0000000000000000 0000000000000000 0000000000000000
0000000000000000 0000000000000000 0000000000000000
0000000000000000 0000000000000000 0000000000000000
0000000000000000 0000000000000000 0000000000000000
0000000000000000 0000000000000000 0000000000000000
0000000000000000 0000000000000000 0000000000000000
0000000000000000 0000000000000000 0000000000000000
0000000000000000 0000000000000000 0000000000000000
0000000000000000 0000000000000000 0000000000000000
0000000000000000 0000000000000000 0000000000000000
0000000000000000 0000000000000000 0000000000000000
0000000000000000 0000000000000000 0000000000000000
0000000000000000 0000000000000000 0000000000000000
0000000000000000 0000000000000000 0000000000000000
0000000000000000 0000000000000000 0000000000000000
0000000000000000 0000000000000000 0000000000000000
3bc73a7f9c079aa4 3bc73a7f6315346e 3bc73a7fd3fa17e3
3c83e141ead66f5a 3c83e141c234733a 3c83e14212bc0b5e
3d2c54ac98d749b2 3d2c54ac6a783720 3d2c54acc6584a0c
3dc5835b64ce90bf 3dc5835b4a60e35e 3dc5835b7ebd1c93
3e525c816604bb0c 3e525c8156f4d45a 3e525c8174cd11fc
3ed0b3716a4d2418 3ed0b371636a7e6d 3ed0b371710e6b2c
3f394badcaa66101 3f394badca8b97c5 3f394badcac1b0d6
0000000000000000 0000000000000000 0000000000000000
0000000000000000 0000000000000000 0000000000000000
0000000000000000 0000000000000000 0000000000000000
0000000000000000 0000000000000000 0000000000000000
0000000000000000 0000000000000000 0000000000000000
0000000000000000 0000000000000000 0000000000000000
0000000000000000 0000000000000000 0000000000000000
0000000000000000 0000000000000000 0000000000000000
0000000000000000 0000000000000000 0000000000000000
0000000000000000 0000000000000000 0000000000000000
0000000000000000 0000000000000000 0000000000000000
0000000000000000 0000000000000000 0000000000000000
0000000000000000 0000000000000000 0000000000000000
0000000000000000 0000000000000000 0000000000000000
0000000000000000 0000000000000000 0000000000000000
0000000000000000 0000000000000000 0000000000000000
0000000000000000 0000000000000000 0000000000000000
0000000000000000 0000000000000000 0000000000000000
0000000000000000 0000000000000000 0000000000000000
0000000000000000 0000000000000000 0000000000000000
0000000000000000 0000000000000000 0000000000000000
0000000000000000 0000000000000000 0000000000000000
0000000000000000 0000000000000000 0000000000000000
0000000000000000 0000000000000000 0000000000000000
0000000000000000 0000000000000000 0000000000000000
0000000000000000 0000000000000000 0000000000000000
3bc7b0dc59511c65 3bc7b0dc1f5c7afc 3bc7b0dc9230c91d
3c843581626b38ce 3c84358139302ad8 3c8435818adca919
3d2cb483f4a75b29 3d2cb483c5c8a453 3d2cb48422a730cd
3dc5b9cda8ad0f18 3dc5b9cd8e0f0089 3dc5b9cdc2cd76c8
3e527b6185bad535 3e527b61769d6772 3e527b619491c5cb
3ed0c16394135b56 3ed0c1638d2fb66e 3ed0c1639ad79b92
3f394b758608f2e0 3f394b7585ee1df3 3f394b7586244679
0000000000000000 0000000000000000 0000000000000000
0000000000000000 0000000000000000 0000000000000000
0000000000000000 0000000000000000 0000000000000000
0000000000000000 0000000000000000 0000000000000000
0000000000000000 0000000000000000 0000000000000000
0000000000000000 0000000000000000 0000000000000000
0000000000000000 0000000000000000 0000000000000000
0000000000000000 0000000000000000 0000000000000000
0000000000000000 0000000000000000 0000000000000000
0000000000000000 0000000000000000 0000000000000000
0000000000000000 0000000000000000 0000000000000000
0000000000000000 0000000000000000 0000000000000000
0000000000000000 0000000000000000 0000000000000000
0000000000000000 0000000000000000 0000000000000000
0000000000000000 0000000000000000 0000000000000000
0000000000000000 0000000000000000 0000000000000000
0000000000000000 0000000000000000 0000000000000000
0000000000000000 0000000000000000 0000000000000000
0000000000000000 0000000000000000 0000000000000000
0000000000000000 0000000000000000 0000000000000000
0000000000000000 0000000000000000 0000000000000000
0000000000000000 0000000000000000 0000000000000000
0000000000000000 0000000000000000 0000000000000000
0000000000000000 0000000000000000 0000000000000000
0000000000000000 0000000000000000 0000000000000000
0000000000000000 0000000000000000 0000000000000000
3bc7b0dc59511c65 3bc7b0dc1f4ba049 3bc7b0dc92419fdf
3c843581626b38ce 3c8435813928faa0 3c8435818ae50a59
3d2cb483f4a75b29 3d2cb483c5bdc275 3d2cb48422b0b535
3dc5b9cda8ad0f18 3dc5b9cd8e074813 3dc5b9cdc2d406a4
3e527b6185bad535 3e527b617699056e 3e527b619496282f
3ed0c16394135b56 3ed0c1638d2db74f 3ed0c1639ad99ab0
3f394b758608f2e0 3f394b7585ee1608 3f394b7586244e64
0000000000000000 0000000000000000 0000000000000000
0000000000000000 0000000000000000 0000000000000000
0000000000000000 0000000000000000 0000000000000000
0000000000000000 0000000000000000 0000000000000000
0000000000000000 0000000000000000 0000000000000000
0000000000000000 0000000000000000 0000000000000000
0000000000000000 0000000000000000 0000000000000000
0000000000000000 0000000000000000 0000000000000000
0000000000000000 0000000000000000 0000000000000000
0000000000000000 0000000000000000 0000000000000000
0000000000000000 0000000000000000 0000000000000000
0000000000000000 0000000000000000 0000000000000000
0000000000000000 0000000000000000 0000000000000000
0000000000000000 0000000000000000 0000000000000000
0000000000000000 0000000000000000 0000000000000000
0000000000000000 0000000000000000 0000000000000000
0000000000000000 0000000000000000 0000000000000000
0000000000000000 0000000000000000 0000000000000000
0000000000000000 0000000000000000 0000000000000000
0000000000000000 0000000000000000 0000000000000000
0000000000000000 0000000000000000 0000000000000000
0000000000000000 0000000000000000 0000000000000000
0000000000000000 0000000000000000 0000000000000000
0000000000000000 0000000000000000 0000000000000000
0000000000000000 0000000000000000 0000000000000000
0000000000000000 0000000000000000 0000000000000000
3bc73a7f9c18255e 3bc73a7f631d846d 3bc73a7fd3d0ba2e
3c83e141eae239b1 3c83e141c23804b7 3c83e142129fba5d
3d2c54ac98e4b81c 3d2c54ac6a7da260 3d2c54acc6395c09
3dc5835b64d634c1 3dc5835b4a65e601 3dc5835b7eaca5a7
3e525c81660911c9 3e525c8156f8c82c 3e525c8174c4c979
3ed0b3716a4f1a7d 3ed0b371636c8176 3ed0b371710b6f21
3f394badcaa65914 3f394badca8ba3a3 3f394badcac1a8ed
0000000000000000 0000000000000000 0000000000000000
0000000000000000 0000000000000000 0000000000000000
0000000000000000 0000000000000000 0000000000000000
0000000000000000 0000000000000000 0000000000000000
0000000000000000 0000000000000000 0000000000000000
0000000000000000 0000000000000000 0000000000000000
0000000000000000 0000000000000000 0000000000000000
0000000000000000 0000000000000000 0000000000000000
0000000000000000 0000000000000000 0000000000000000
0000000000000000 0000000000000000 0000000000000000
0000000000000000 0000000000000000 0000000000000000
0000000000000000 0000000000000000 0000000000000000
0000000000000000 0000000000000000 0000000000000000
0000000000000000 0000000000000000 0000000000000000
0000000000000000 0000000000000000 0000000000000000
0000000000000000 0000000000000000 0000000000000000
0000000000000000 0000000000000000 0000000000000000
0000000000000000 0000000000000000 0000000000000000
0000000000000000 0000000000000000 0000000000000000
0000000000000000 0000000000000000 0000000000000000
0000000000000000 0000000000000000 0000000000000000
0000000000000000 0000000000000000 0000000000000000
0000000000000000 0000000000000000 0000000000000000
0000000000000000 0000000000000000 0000000000000000
0000000000000000 0000000000000000 0000000000000000
0000000000000000 0000000000000000 0000000000000000
3bc696665e406340 3bc6966626ae26c4 3bc69666949ffaf7
3c836bfd6639aa11 3c836bfd3e612074 3c836bfd8d2c1d83
3d2bcebcccf31986 3d2bcebc9f4cc22c 3d2bcebcf99a0407
3dc536f72b6615be 3dc536f7114229b2 3dc536f744fb65d9
3e5231032583e230 3e52310316896135 3e52310334287242
3ed09fb81891ba38 3ed09fb811b1210c 3ed09fb81f4d0d4c
3f394bfd5e8bbeb9 3f394bfd5e710cf7 3f394bfd5ea706ed
0000000000000000 0000000000000000 0000000000000000
0000000000000000 0000000000000000 0000000000000000
0000000000000000 0000000000000000 0000000000000000
0000000000000000 0000000000000000 0000000000000000
0000000000000000 0000000000000000 0000000000000000
0000000000000000 0000000000000000 0000000000000000
0000000000000000 0000000000000000 0000000000000000
0000000000000000 0000000000000000 0000000000000000
0000000000000000 0000000000000000 0000000000000000
0000000000000000 0000000000000000 0000000000000000
0000000000000000 0000000000000000 0000000000000000
0000000000000000 0000000000000000 0000000000000000
0000000000000000 0000000000000000 0000000000000000
0000000000000000 0000000000000000 0000000000000000
0000000000000000 0000000000000000 0000000000000000
0000000000000000 0000000000000000 0000000000000000
0000000000000000 0000000000000000 0000000000000000
0000000000000000 0000000000000000 0000000000000000
0000000000000000 0000000000000000 0000000000000000
0000000000000000 0000000000000000 0000000000000000
0000000000000000 0000000000000000 0000000000000000
0000000000000000 0000000000000000 0000000000000000
0000000000000000 0000000000000000 0000000000000000
0000000000000000 0000000000000000 0000000000000000
0000000000000000 0000000000000000 0000000000000000
0000000000000000 0000000000000000 0000000000000000
3bc624a83111a9ec 3bc624a7fa5928b5 3bc624a866a49568
3c831a61a4341c82 3c831a617cdc0f17 3c831a61cabc9968
3d2b7127ba5e682a 3d2b71278d1f0331 3d2b7127e6ae118a
3dc50160597681bf 3dc501603f77e206 3dc5016072ea1a22
3e52126110049d27 3e5212610117290f 3e5212611ea5ea94
3ed091c5717dd5f2 3ed091c56a9c35f9 3ed091c5783a25ce
3f394c35a42482ac 3f394c35a409ccc5 3f394c35a43fcf0a
0000000000000000 0000000000000000 0000000000000000
0000000000000000 0000000000000000 0000000000000000
0000000000000000 0000000000000000 0000000000000000
0000000000000000 0000000000000000 0000000000000000
0000000000000000 0000000000000000 0000000000000000
0000000000000000 0000000000000000 0000000000000000
0000000000000000 0000000000000000 0000000000000000
0000000000000000 0000000000000000 0000000000000000
0000000000000000 0000000000000000 0000000000000000
0000000000000000 0000000000000000 0000000000000000
0000000000000000 0000000000000000 0000000000000000
0000000000000000 0000000000000000 0000000000000000
0000000000000000 0000000000000000 0000000000000000
0000000000000000 0000000000000000 0000000000000000
0000000000000000 0000000000000000 0000000000000000
0000000000000000 0000000000000000 0000000000000000
0000000000000000 0000000000000000 0000000000000000
0000000000000000 0000000000000000 0000000000000000
0000000000000000 0000000000000000 0000000000000000
0000000000000000 0000000000000000 0000000000000000
0000000000000000 0000000000000000 0000000000000000
0000000000000000 0000000000000000 0000000000000000
0000000000000000 0000000000000000 0000000000000000
0000000000000000 0000000000000000 0000000000000000
0000000000000000 0000000000000000 0000000000000000
0000000000000000 0000000000000000 0000000000000000
3bc624a83111a633 3bc624a7fa493a37 3bc624a866ac8711
3c831a61a4378866 3c831a617cd09ca1 3c831a61cac37452
3d2b7127ba625682 3d2b71278d15cdce 3d2b7127e6b74379
3dc501605977a1b0 3dc501603f7298c6 3dc5016072f022b4
3e52126110049c60 3e5212610112d3bd 3e5212611ea9d040
3ed091c5717dd5ee 3ed091c56a9a3747 3ed091c5783c24e8
3f394c35a42482ac 3f394c35a409c4d8 3f394c35a43fd6f5
0000000000000000 0000000000000000 0000000000000000
0000000000000000 0000000000000000 0000000000000000
0000000000000000 0000000000000000 0000000000000000
0000000000000000 0000000000000000 0000000000000000
0000000000000000 0000000000000000 0000000000000000
0000000000000000 0000000000000000 0000000000000000
0000000000000000 0000000000000000 0000000000000000
0000000000000000 0000000000000000 0000000000000000
0000000000000000 0000000000000000 0000000000000000
0000000000000000 0000000000000000 0000000000000000
0000000000000000 0000000000000000 0000000000000000
0000000000000000 0000000000000000 0000000000000000
0000000000000000 0000000000000000 0000000000000000
0000000000000000 0000000000000000 0000000000000000
0000000000000000 0000000000000000 0000000000000000
0000000000000000 0000000000000000 0000000000000000
0000000000000000 0000000000000000 0000000000000000
0000000000000000 0000000000000000 0000000000000000
0000000000000000 0000000000000000 0000000000000000
0000000000000000 0000000000000000 0000000000000000
0000000000000000 0000000000000000 0000000000000000
0000000000000000 0000000000000000 0000000000000000
0000000000000000 0000000000000000 0000000000000000
0000000000000000 0000000000000000 0000000000000000
0000000000000000 0000000000000000 0000000000000000
0000000000000000 0000000000000000 0000000000000000
3bc696665e406340 3bc6966626a6206d 3bc6966694b0222e
3c836bfd663bfcd7 3c836bfd3e5dae66 3c836bfd8d37b08a
3d2bcebcccf5185a 3d2bcebc9f4ac92d 3d2bcebcf9a74596
3dc536f72b667723 3dc536f71141c80a 3dc536f74502fb3c
3e5231032583e235 3e52310316895e3f 3e523103342cc7c5
3ed09fb81891ba3a 3ed09fb811b11cbf 3ed09fb81f4f0811
3f394bfd5e8bbeb9 3f394bfd5e71050d 3f394bfd5ea706ed
0000000000000000 0000000000000000 0000000000000000
0000000000000000 0000000000000000 0000000000000000
0000000000000000 0000000000000000 0000000000000000
0000000000000000 0000000000000000 0000000000000000
0000000000000000 0000000000000000 0000000000000000
0000000000000000 0000000000000000 0000000000000000
0000000000000000 0000000000000000 0000000000000000
0000000000000000 0000000000000000 0000000000000000
0000000000000000 0000000000000000 0000000000000000
0000000000000000 0000000000000000 0000000000000000
0000000000000000 0000000000000000 0000000000000000
0000000000000000 0000000000000000 0000000000000000
0000000000000000 0000000000000000 0000000000000000
0000000000000000 0000000000000000 0000000000000000
0000000000000000 0000000000000000 0000000000000000
0000000000000000 0000000000000000 0000000000000000
0000000000000000 0000000000000000 0000000000000000
0000000000000000 0000000000000000 0000000000000000
0000000000000000 0000000000000000 0000000000000000
0000000000000000 0000000000000000 0000000000000000
0000000000000000 0000000000000000 0000000000000000
0000000000000000 0000000000000000 0000000000000000
0000000000000000 0000000000000000 0000000000000000
0000000000000000 0000000000000000 0000000000000000
0000000000000000 0000000000000000 0000000000000000
0000000000000000 0000000000000000 0000000000000000
3bc73a7f9c0fe2e9 3bc73a7f632e0959 3bc73a7fd3c025c5
3c83e141eadc562f 3c83e141c243cdd0 3c83e1421298a22a
3d2c54ac98de0255 3d2c54ac6a8b12af 3d2c54acc62e9493
3dc5835b64d2634c 3dc5835b4a6d8efd 3dc5835b7ea4f91a
3e525c816606e693 3e525c8156fd2641 3e525c8174c06a8c
3ed0b3716a4e1f4c 3ed0b371636e808e 3ed0b37171097002
3f394badcaa65d0c 3f394badca8bab8d 3f394badcac1a102
0000000000000000 0000000000000000 0000000000000000
0000000000000000 0000000000000000 0000000000000000
0000000000000000 0000000000000000 0000000000000000
0000000000000000 0000000000000000 0000000000000000
0000000000000000 0000000000000000 0000000000000000
0000000000000000 0000000000000000 0000000000000000
0000000000000000 0000000000000000 0000000000000000
0000000000000000 0000000000000000 0000000000000000
0000000000000000 0000000000000000 0000000000000000
0000000000000000 0000000000000000 0000000000000000
0000000000000000 0000000000000000 0000000000000000
0000000000000000 0000000000000000 0000000000000000
0000000000000000 0000000000000000 0000000000000000
0000000000000000 0000000000000000 0000000000000000
0000000000000000 0000000000000000 0000000000000000
0000000000000000 0000000000000000 0000000000000000
0000000000000000 0000000000000000 0000000000000000
0000000000000000 0000000000000000 0000000000000000
0000000000000000 0000000000000000 0000000000000000
0000000000000000 0000000000000000 0000000000000000
0000000000000000 0000000000000000 0000000000000000
0000000000000000 0000000000000000 0000000000000000
0000000000000000 0000000000000000 0000000000000000
0000000000000000 0000000000000000 0000000000000000
0000000000000000 0000000000000000 0000000000000000
0000000000000000 0000000000000000 0000000000000000
3bc7b0dc59511c65 3bc7b0dc1f4ba049 3bc7b0dc92393871
3c843581626b38ce 3c8435813928fb27 3c8435818ae8a54b
3d2cb483f4a75b29 3d2cb483c5bdc18f 3d2cb48422b4ccb2
3dc5b9cda8ad0f18 3dc5b9cd8e074710 3dc5b9cdc2d5304c
3e527b6185bad535 3e527b61769904da 3e527b6194962899
3ed0c16394135b56 3ed0c1638d2db74e 3ed0c1639ad89d52
3f394b758608f2e0 3f394b7585ee19fd 3f394b7586244e64
0000000000000000 0000000000000000 0000000000000000
0000000000000000 0000000000000000 0000000000000000
0000000000000000 0000000000000000 0000000000000000
0000000000000000 0000000000000000 0000000000000000
0000000000000000 0000000000000000 0000000000000000
0000000000000000 0000000000000000 0000000000000000
0000000000000000 0000000000000000 0000000000000000
0000000000000000 0000000000000000 0000000000000000
0000000000000000 0000000000000000 0000000000000000
0000000000000000 0000000000000000 0000000000000000
0000000000000000 0000000000000000 0000000000000000
0000000000000000 0000000000000000 0000000000000000
0000000000000000 0000000000000000 0000000000000000
0000000000000000 0000000000000000 0000000000000000
0000000000000000 0000000000000000 0000000000000000
0000000000000000 0000000000000000 0000000000000000
0000000000000000 0000000000000000 0000000000000000
0000000000000000 0000000000000000 0000000000000000
0000000000000000 0000000000000000 0000000000000000
0000000000000000 0000000000000000 0000000000000000
0000000000000000 0000000000000000 0000000000000000
0000000000000000 0000000000000000 0000000000000000
0000000000000000 0000000000000000 0000000000000000
0000000000000000 0000000000000000 0000000000000000
0000000000000000 0000000000000000 0000000000000000
0000000000000000 0000000000000000 0000000000000000
3bc804eb659f7938 3bc804eb2aeea0dd 3bc804eb9f2fa0a6
3c84712b8066c464 3c84712b56c0c7a5 3c84712ba93b425b
3d2cf83376cc5604 3d2cf833478a69c2 3d2cf833a5148d57
3dc5e025bfbe4aea 3dc5e025a4f0b33b 3dc5e025d9f6d75f
3e5291107c7b2454 3e5291106d4b3c67 3e5291108b574e7b
3ed0cb27d39d575d 3ed0cb27ccb6be18 3ed0cb27da60a3fb
3f394b4e1dfbfbba 3f394b4e1de12ae6 3f394b4e1e175b14
0000000000000000 0000000000000000 0000000000000000
0000000000000000 0000000000000000 0000000000000000
0000000000000000 0000000000000000 0000000000000000
0000000000000000 0000000000000000 0000000000000000
0000000000000000 0000000000000000 0000000000000000
0000000000000000 0000000000000000 0000000000000000
0000000000000000 0000000000000000 0000000000000000
0000000000000000 0000000000000000 0000000000000000
0000000000000000 0000000000000000 0000000000000000
0000000000000000 0000000000000000 0000000000000000
0000000000000000 0000000000000000 0000000000000000
0000000000000000 0000000000000000 0000000000000000
0000000000000000 0000000000000000 0000000000000000
0000000000000000 0000000000000000 0000000000000000
0000000000000000 0000000000000000 0000000000000000
0000000000000000 0000000000000000 0000000000000000
0000000000000000 0000000000000000 0000000000000000
0000000000000000 0000000000000000 0000000000000000
0000000000000000 0000000000000000 0000000000000000
0000000000000000 0000000000000000 0000000000000000
0000000000000000 0000000000000000 0000000000000000
0000000000000000 0000000000000000 0000000000000000
0000000000000000 0000000000000000 0000000000000000
0000000000000000 0000000000000000 0000000000000000
0000000000000000 0000000000000000 0000000000000000
0000000000000000 0000000000000000 0000000000000000
3bc75ca281750978 3bc75ca24802b155 3bc75ca2b9e656d4
3c83f99563283c8b 3c83f9953a317121 3c83f9958b5f9b7c
3d2c7061553d035d 3d2c7061268b544d 3d2c706183073e88
3dc5931d6bb14a49 3dc5931d511b0d50 3dc5931d85c88e04
3e526573b317d749 3e526573a3f41684 3e526573c1f3f700
3ed0b77d1f67151e 3ed0b77d187d71c1 3ed0b77d263154cd
3f394b9d77e6a8a5 3f394b9d77cbbbd6 3f394b9d78021426
0000000000000000 0000000000000000 0000000000000000
0000000000000000 0000000000000000 0000000000000000
0000000000000000 0000000000000000 0000000000000000
0000000000000000 0000000000000000 0000000000000000
0000000000000000 0000000000000000 0000000000000000
0000000000000000 0000000000000000 0000000000000000
0000000000000000 0000000000000000 0000000000000000
0000000000000000 0000000000000000 0000000000000000
0000000000000000 0000000000000000 0000000000000000
0000000000000000 0000000000000000 0000000000000000
0000000000000000 0000000000000000 0000000000000000
0000000000000000 0000000000000000 0000000000000000
0000000000000000 0000000000000000 0000000000000000
0000000000000000 0000000000000000 0000000000000000
0000000000000000 0000000000000000 0000000000000000
0000000000000000 0000000000000000 0000000000000000
0000000000000000 0000000000000000 0000000000000000
0000000000000000 0000000000000000 0000000000000000
0000000000000000 0000000000000000 0000000000000000
0000000000000000 0000000000000000 0000000000000000
0000000000000000 0000000000000000 0000000000000000
0000000000000000 0000000000000000 0000000000000000
0000000000000000 0000000000000000 0000000000000000
0000000000000000 0000000000000000 0000000000000000
0000000000000000 0000000000000000 0000000000000000
0000000000000000 0000000000000000 0000000000000000
3bc67535a44fb7c2 3bc675356cb10cbb 3bc67535dac53f66
3c8354344df3c5f4 3c835434260e561c 3c835434750d6a4d
3d2bb37e7d3ae39c 3d2bb37e4f73e477 3d2bb37eaa0dbdfa
3dc5276214cd37e3 3dc52761fa908b95 3dc527622e81fa41
3e52281d8cb259a2 3e52281d7da8cdb4 3e52281d9b6dd22d
3ed09bac49aba3cb 3ed09bac42c304f9 3ed09bac5071ecc0
3f394c0db17f7c86 3f394c0db1649f2a 3f394c0db19ae476
0000000000000000 0000000000000000 0000000000000000
0000000000000000 0000000000000000 0000000000000000
0000000000000000 0000000000000000 0000000000000000
0000000000000000 0000000000000000 0000000000000000
0000000000000000 0000000000000000 0000000000000000
0000000000000000 0000000000000000 0000000000000000
0000000000000000 0000000000000000 0000000000000000
0000000000000000 0000000000000000 0000000000000000
0000000000000000 0000000000000000 0000000000000000
0000000000000000 0000000000000000 0000000000000000
0000000000000000 0000000000000000 0000000000000000
0000000000000000 0000000000000000 0000000000000000
0000000000000000 0000000000000000 0000000000000000
0000000000000000 0000000000000000 0000000000000000
0000000000000000 0000000000000000 0000000000000000
0000000000000000 0000000000000000 0000000000000000
0000000000000000 0000000000000000 0000000000000000
0000000000000000 0000000000000000 0000000000000000
0000000000000000 0000000000000000 0000000000000000
0000000000000000 0000000000000000 0000000000000000
0000000000000000 0000000000000000 0000000000000000
0000000000000000 0000000000000000 0000000000000000
0000000000000000 0000000000000000 0000000000000000
0000000000000000 0000000000000000 0000000000000000
0000000000000000 0000000000000000 0000000000000000
0000000000000000 0000000000000000 0000000000000000
3bc5d61cbee610ef 3bc5d61c88bfb78b 3bc5d61cf3baf98a
3c82e1de14d92d31 3c82e1ddedd1dc37 3c82e1de3af3190d
3d2b302a7964a021 3d2b302a4c6d33d0 3d2b302aa55488e2
3dc4dc0e30c4a2a3 3dc4dc0e16e1d78e 3dc4dc0e4a134c9e
3e51fcfc2646a9aa 3e51fcfc175e2f1e 3e51fcfc34dd24c9
3ed088009c44d14f 3ed0880095633339 3ed08800a3022253
3f394c5d0d5df4b4 3f394c5d0d433ab4 3f394c5d0d794133
0000000000000000 0000000000000000 0000000000000000
0000000000000000 0000000000000000 0000000000000000
0000000000000000 0000000000000000 0000000000000000
0000000000000000 0000000000000000 0000000000000000
0000000000000000 0000000000000000 0000000000000000
0000000000000000 0000000000000000 0000000000000000
0000000000000000 0000000000000000 0000000000000000
0000000000000000 0000000000000000 0000000000000000
0000000000000000 0000000000000000 0000000000000000
0000000000000000 0000000000000000 0000000000000000
0000000000000000 0000000000000000 0000000000000000
0000000000000000 0000000000000000 0000000000000000
0000000000000000 0000000000000000 0000000000000000
0000000000000000 0000000000000000 0000000000000000
0000000000000000 0000000000000000 0000000000000000
0000000000000000 0000000000000000 0000000000000000
0000000000000000 0000000000000000 0000000000000000
0000000000000000 0000000000000000 0000000000000000
0000000000000000 0000000000000000 0000000000000000
0000000000000000 0000000000000000 0000000000000000
0000000000000000 0000000000000000 0000000000000000
0000000000000000 0000000000000000 0000000000000000
0000000000000000 0000000000000000 0000000000000000
0000000000000000 0000000000000000 0000000000000000
0000000000000000 0000000000000000 0000000000000000
0000000000000000 0000000000000000 0000000000000000
3bc5d61cbee60d40 3bc5d61c88d747d7 3bc5d61cf3ab4190
3c82e1de14d92b12 3c82e1ddede2d701 3c82e1de3ae33d9e
3d2b302a79649e4b 3d2b302a4c80c47d 3d2b302aa53f0186
3dc4dc0e30c4a1ee 3dc4dc0e16ed1c0f 3dc4dc0e4a05c7ff
3e51fcfc2646a976 3e51fcfc1764acaa 3e51fcfc34d4eee1
3ed088009c44d14d 3ed088009566339b 3ed08800a2fe2644
3f394c5d0d5df4b3 3f394c5d0d434a8a 3f394c5d0d793554
0000000000000000 0000000000000000 0000000000000000
0000000000000000 0000000000000000 0000000000000000
0000000000000000 0000000000000000 0000000000000000
0000000000000000 0000000000000000 0000000000000000
0000000000000000 0000000000000000 0000000000000000
0000000000000000 0000000000000000 0000000000000000
0000000000000000 0000000000000000 0000000000000000
0000000000000000 0000000000000000 0000000000000000
0000000000000000 0000000000000000 0000000000000000
0000000000000000 0000000000000000 0000000000000000
0000000000000000 0000000000000000 0000000000000000
0000000000000000 0000000000000000 0000000000000000
0000000000000000 0000000000000000 0000000000000000
0000000000000000 0000000000000000 0000000000000000
0000000000000000 0000000000000000 0000000000000000
0000000000000000 0000000000000000 0000000000000000
0000000000000000 0000000000000000 0000000000000000
0000000000000000 0000000000000000 0000000000000000
0000000000000000 0000000000000000 0000000000000000
0000000000000000 0000000000000000 0000000000000000
0000000000000000 0000000000000000 0000000000000000
0000000000000000 0000000000000000 0000000000000000
0000000000000000 0000000000000000 0000000000000000
0000000000000000 0000000000000000 0000000000000000
0000000000000000 0000000000000000 0000000000000000
0000000000000000 0000000000000000 0000000000000000
3bc67535a44fb7c2 3bc675356cb10cbb 3bc67535dac53f66
3c8354344df3c5f4 3c835434260e561c 3c835434750d6a4d
3d2bb37e7d3ae39c 3d2bb37e4f73e477 3d2bb37eaa0dbdfa
3dc5276214cd37e3 3dc52761fa908b95 3dc527622e81fa41
3e52281d8cb259a2 3e52281d7da8cdb4 3e52281d9b6dd22d
3ed09bac49aba3cb 3ed09bac42c304f9 3ed09bac5071ecc0
3f394c0db17f7c86 3f394c0db1649f2a 3f394c0db19ae476
0000000000000000 0000000000000000 0000000000000000
0000000000000000 0000000000000000 0000000000000000
0000000000000000 0000000000000000 0000000000000000
0000000000000000 0000000000000000 0000000000000000
0000000000000000 0000000000000000 0000000000000000
0000000000000000 0000000000000000 0000000000000000
0000000000000000 0000000000000000 0000000000000000
0000000000000000 0000000000000000 0000000000000000
0000000000000000 0000000000000000 0000000000000000
0000000000000000 0000000000000000 0000000000000000
0000000000000000 0000000000000000 0000000000000000
0000000000000000 0000000000000000 0000000000000000
0000000000000000 0000000000000000 0000000000000000
0000000000000000 0000000000000000 0000000000000000
0000000000000000 0000000000000000 0000000000000000
0000000000000000 0000000000000000 0000000000000000
0000000000000000 0000000000000000 0000000000000000
0000000000000000 0000000000000000 0000000000000000
0000000000000000 0000000000000000 0000000000000000
0000000000000000 0000000000000000 0000000000000000
0000000000000000 0000000000000000 0000000000000000
0000000000000000 0000000000000000 0000000000000000
0000000000000000 0000000000000000 0000000000000000
0000000000000000 0000000000000000 0000000000000000
0000000000000000 0000000000000000 0000000000000000
0000000000000000 0000000000000000 0000000000000000
3bc75ca281750978 3bc75ca24802b155 3bc75ca2b9e656d4
3c83f99563283c8b 3c83f9953a317121 3c83f9958b5f9b7c
3d2c7061553d035d 3d2c7061268b544d 3d2c706183073e88
3dc5931d6bb14a49 3dc5931d511b0d50 3dc5931d85c88e04
3e526573b317d749 3e526573a3f41684 3e526573c1f3f700
3ed0b77d1f67151e 3ed0b77d187d71c1 3ed0b77d263154cd
3f394b9d77e6a8a5 3f394b9d77cbbbd6 3f394b9d78021426
0000000000000000 0000000000000000 0000000000000000
0000000000000000 0000000000000000 0000000000000000
0000000000000000 0000000000000000 0000000000000000
0000000000000000 0000000000000000 0000000000000000
0000000000000000 0000000000000000 0000000000000000
0000000000000000 0000000000000000 0000000000000000
0000000000000000 0000000000000000 0000000000000000
0000000000000000 0000000000000000 0000000000000000
0000000000000000 0000000000000000 0000000000000000
0000000000000000 0000000000000000 0000000000000000
0000000000000000 0000000000000000 0000000000000000
0000000000000000 0000000000000000 0000000000000000
0000000000000000 0000000000000000 0000000000000000
0000000000000000 0000000000000000 0000000000000000
0000000000000000 0000000000000000 0000000000000000
0000000000000000 0000000000000000 0000000000000000
0000000000000000 0000000000000000 0000000000000000
0000000000000000 0000000000000000 0000000000000000
0000000000000000 0000000000000000 0000000000000000
0000000000000000 0000000000000000 0000000000000000
0000000000000000 0000000000000000 0000000000000000
0000000000000000 0000000000000000 0000000000000000
0000000000000000 0000000000000000 0000000000000000
0000000000000000 0000000000000000 0000000000000000
0000000000000000 0000000000000000 0000000000000000
0000000000000000 0000000000000000 0000000000000000
3bc804eb659f7f2e 3bc804eb2b08259d 3bc804eb9f1e9a26
3c84712b806328d9 3c84712b56d2e083 3c84712ba930636d
3d2cf83376c83eee 3d2cf833479eee0f 3d2cf833a50996ce
3dc5e025bfbd2377 3dc5e025a4fc521f 3dc5e025d9f16645
3e5291107c7b253a 3e5291106d51d052 3e5291108b54a7de
3ed0cb27d39d5760 3ed0cb27ccb9b8d0 3ed0cb27da5fa009
3f394b4e1dfbfbba 3f394b4e1de12edd 3f394b4e1e174f32
0000000000000000 0000000000000000 0000000000000000
0000000000000000 0000000000000000 0000000000000000
0000000000000000 0000000000000000 0000000000000000
0000000000000000 0000000000000000 0000000000000000
0000000000000000 0000000000000000 0000000000000000
0000000000000000 0000000000000000 0000000000000000
0000000000000000 0000000000000000 0000000000000000
0000000000000000 0000000000000000 0000000000000000
0000000000000000 0000000000000000 0000000000000000
0000000000000000 0000000000000000 0000000000000000
0000000000000000 0000000000000000 0000000000000000
0000000000000000 0000000000000000 0000000000000000
0000000000000000 0000000000000000 0000000000000000
0000000000000000 0000000000000000 0000000000000000
0000000000000000 0000000000000000 0000000000000000
0000000000000000 0000000000000000 0000000000000000
0000000000000000 0000000000000000 0000000000000000
0000000000000000 0000000000000000 0000000000000000
0000000000000000 0000000000000000 0000000000000000
0000000000000000 0000000000000000 0000000000000000
0000000000000000 0000000000000000 0000000000000000
0000000000000000 0000000000000000 0000000000000000
0000000000000000 0000000000000000 0000000000000000
0000000000000000 0000000000000000 0000000000000000
0000000000000000 0000000000000000 0000000000000000
0000000000000000 0000000000000000 0000000000000000
3bc804eb659f7938 3bc804eb2ae6189f 3bc804eb9f2fa0a6
3c84712b8066c464 3c84712b56babbf2 3c84712ba93b42e4
3d2cf83376cc5604 3d2cf833478390b4 3d2cf833a5148ed8
3dc5e025bfbe4aea 3dc5e025a4ecd34d 3dc5e025d9f6d915
3e5291107c7b2454 3e5291106d490ba8 3e5291108b57506a
3ed0cb27d39d575d 3ed0cb27ccb5c0b9 3ed0cb27da60a62c
3f394b4e1dfbfbba 3f394b4e1de12ae6 3f394b4e1e175f0a
0000000000000000 0000000000000000 0000000000000000
0000000000000000 0000000000000000 0000000000000000
0000000000000000 0000000000000000 0000000000000000
0000000000000000 0000000000000000 0000000000000000
0000000000000000 0000000000000000 0000000000000000
0000000000000000 0000000000000000 0000000000000000
0000000000000000 0000000000000000 0000000000000000
0000000000000000 0000000000000000 0000000000000000
0000000000000000 0000000000000000 0000000000000000
0000000000000000 0000000000000000 0000000000000000
0000000000000000 0000000000000000 0000000000000000
0000000000000000 0000000000000000 0000000000000000
0000000000000000 0000000000000000 0000000000000000
0000000000000000 0000000000000000 0000000000000000
0000000000000000 0000000000000000 0000000000000000
0000000000000000 0000000000000000 0000000000000000
0000000000000000 0000000000000000 0000000000000000
0000000000000000 0000000000000000 0000000000000000
0000000000000000 0000000000000000 0000000000000000
0000000000000000 0000000000000000 0000000000000000
0000000000000000 0000000000000000 0000000000000000
0000000000000000 0000000000000000 0000000000000000
0000000000000000 0000000000000000 0000000000000000
0000000000000000 0000000000000000 0000000000000000
0000000000000000 0000000000000000 0000000000000000
0000000000000000 0000000000000000 0000000000000000
3bc75ca281750f51 3bc75ca247f20c86 3bc75ca2b9eea365
3c83f99563283fdf 3c83f9953a25965e 3c83f9958b6915ed
3d2c706155364545 3d2c7061267dd3de 3d2c706183120bff
3dc5931d6bb14d0e 3dc5931d5113c086 3dc5931d85ccc997
3e526573b317d79a 3e526573a3f09787 3e526573c1f5b8ca
3ed0b77d1f671521 3ed0b77d187c72a2 3ed0b77d2633530c
3f394b9d77e6a8a6 3f394b9d77cbb3e9 3f394b9d7802181b
0000000000000000 0000000000000000 0000000000000000
0000000000000000 0000000000000000 0000000000000000
0000000000000000 0000000000000000 0000000000000000
0000000000000000 0000000000000000 0000000000000000
0000000000000000 0000000000000000 0000000000000000
0000000000000000 0000000000000000 0000000000000000
0000000000000000 0000000000000000 0000000000000000
0000000000000000 0000000000000000 0000000000000000
0000000000000000 0000000000000000 0000000000000000
0000000000000000 0000000000000000 0000000000000000
0000000000000000 0000000000000000 0000000000000000
0000000000000000 0000000000000000 0000000000000000
0000000000000000 0000000000000000 0000000000000000
0000000000000000 0000000000000000 0000000000000000
0000000000000000 0000000000000000 0000000000000000
0000000000000000 0000000000000000 0000000000000000
0000000000000000 0000000000000000 0000000000000000
0000000000000000 0000000000000000 0000000000000000
0000000000000000 0000000000000000 0000000000000000
0000000000000000 0000000000000000 0000000000000000
0000000000000000 0000000000000000 0000000000000000
0000000000000000 0000000000000000 0000000000000000
0000000000000000 0000000000000000 0000000000000000
0000000000000000 0000000000000000 0000000000000000
0000000000000000 0000000000000000 0000000000000000
0000000000000000 0000000000000000 0000000000000000
3bc67535a44fb21c 3bc675356cd13d01 3bc67535dac53d8b
3c8354344df3c2b7 3c835434262569d8 3c8354347501d98d
3d2bb37e7d3ae0d2 3d2bb37e4f8e59e1 3d2bb37eaa086cf1
3dc5276214cd36d0 3dc52761fa9fb107 3dc527622e7e2aa7
3e52281d8cb25952 3e52281d7db178a5 3e52281d9b6a539d
3ed09bac49aba3c9 3ed09bac42c6fdfd 3ed09bac5070e6b2
3f394c0db17f7c88 3f394c0db164a31f 3f394c0db19ad4a0
0000000000000000 0000000000000000 0000000000000000
0000000000000000 0000000000000000 0000000000000000
0000000000000000 0000000000000000 0000000000000000
0000000000000000 0000000000000000 0000000000000000
0000000000000000 0000000000000000 0000000000000000
0000000000000000 0000000000000000 0000000000000000
0000000000000000 0000000000000000 0000000000000000
0000000000000000 0000000000000000 0000000000000000
0000000000000000 0000000000000000 0000000000000000
0000000000000000 0000000000000000 0000000000000000
0000000000000000 0000000000000000 0000000000000000
0000000000000000 0000000000000000 0000000000000000
0000000000000000 0000000000000000 0000000000000000
0000000000000000 0000000000000000 0000000000000000
0000000000000000 0000000000000000 0000000000000000
0000000000000000 0000000000000000 0000000000000000
0000000000000000 0000000000000000 0000000000000000
0000000000000000 0000000000000000 0000000000000000
0000000000000000 0000000000000000 0000000000000000
0000000000000000 0000000000000000 0000000000000000
0000000000000000 0000000000000000 0000000000000000
0000000000000000 0000000000000000 0000000000000000
0000000000000000 0000000000000000 0000000000000000
0000000000000000 0000000000000000 0000000000000000
0000000000000000 0000000000000000 0000000000000000
0000000000000000 0000000000000000 0000000000000000
3bc5d61cbede36c6 3bc5d61c88d754b7 3bc5d61cf3ab3c08
3c82e1de14d38570 3c82e1ddede64452 3c82e1de3adfd2f3
3d2b302a795e1da1 3d2b302a4c86aa59 3d2b302aa53efc19
3dc4dc0e30c0e4af 3dc4dc0e16ef5ec5 3dc4dc0e4a0684f6
3e51fcfc264483fd 3e51fcfc1764acea 3e51fcfc34d47ebc
3ed088009c43d611 3ed088009566340f 3ed08800a2fe263d
3f394c5d0d5df8a8 3f394c5d0d434a89 3f394c5d0d793552
0000000000000000 0000000000000000 0000000000000000
0000000000000000 0000000000000000 0000000000000000
0000000000000000 0000000000000000 0000000000000000
0000000000000000 0000000000000000 0000000000000000
0000000000000000 0000000000000000 0000000000000000
0000000000000000 0000000000000000 0000000000000000
0000000000000000 0000000000000000 0000000000000000
0000000000000000 0000000000000000 0000000000000000
0000000000000000 0000000000000000 0000000000000000
0000000000000000 0000000000000000 0000000000000000
0000000000000000 0000000000000000 0000000000000000
0000000000000000 0000000000000000 0000000000000000
0000000000000000 0000000000000000 0000000000000000
0000000000000000 0000000000000000 0000000000000000
0000000000000000 0000000000000000 0000000000000000
0000000000000000 0000000000000000 0000000000000000
0000000000000000 0000000000000000 0000000000000000
0000000000000000 0000000000000000 0000000000000000
0000000000000000 0000000000000000 0000000000000000
0000000000000000 0000000000000000 0000000000000000
0000000000000000 0000000000000000 0000000000000000
0000000000000000 0000000000000000 0000000000000000
0000000000000000 0000000000000000 0000000000000000
0000000000000000 0000000000000000 0000000000000000
0000000000000000 0000000000000000 0000000000000000
0000000000000000 0000000000000000 0000000000000000
3bc5d61cbee610ef 3bc5d61c88bfb78b 3bc5d61cf3baf98a
3c82e1de14d92d31 3c82e1ddedd1dc37 3c82e1de3af3190d
3d2b302a7964a021 3d2b302a4c6d33d0 3d2b302aa55488e2
3dc4dc0e30c4a2a3 3dc4dc0e16e1d78e 3dc4dc0e4a134c9e
3e51fcfc2646a9aa 3e51fcfc175e2f1e 3e51fcfc34dd24c9
3ed088009c44d14f 3ed0880095633339 3ed08800a3022253
3f394c5d0d5df4b4 3f394c5d0d433ab4 3f394c5d0d794133
0000000000000000 0000000000000000 0000000000000000
0000000000000000 0000000000000000 0000000000000000
0000000000000000 0000000000000000 0000000000000000
0000000000000000 0000000000000000 0000000000000000
0000000000000000 0000000000000000 0000000000000000
0000000000000000 0000000000000000 0000000000000000
0000000000000000 0000000000000000 0000000000000000
0000000000000000 0000000000000000 0000000000000000
0000000000000000 0000000000000000 0000000000000000
0000000000000000 0000000000000000 0000000000000000
0000000000000000 0000000000000000 0000000000000000
0000000000000000 0000000000000000 0000000000000000
0000000000000000 0000000000000000 0000000000000000
0000000000000000 0000000000000000 0000000000000000
0000000000000000 0000000000000000 0000000000000000
0000000000000000 0000000000000000 0000000000000000
0000000000000000 0000000000000000 0000000000000000
0000000000000000 0000000000000000 0000000000000000
0000000000000000 0000000000000000 0000000000000000
0000000000000000 0000000000000000 0000000000000000
0000000000000000 0000000000000000 0000000000000000
0000000000000000 0000000000000000 0000000000000000
0000000000000000 0000000000000000 0000000000000000
0000000000000000 0000000000000000 0000000000000000
0000000000000000 0000000000000000 0000000000000000
0000000000000000 0000000000000000 0000000000000000
3bc67535a44fb21c 3bc675356cd13d01 3bc67535dac53d8b
3c8354344df3c2b7 3c835434262569d8 3c8354347501d98d
3d2bb37e7d3ae0d2 3d2bb37e4f8e59e1 3d2bb37eaa086cf1
3dc5276214cd36d0 3dc52761fa9fb107 3dc527622e7e2aa7
3e52281d8cb25952 3e52281d7db178a5 3e52281d9b6a539d
3ed09bac49aba3c9 3ed09bac42c6fdfd 3ed09bac5070e6b2
3f394c0db17f7c88 3f394c0db164a31f 3f394c0db19ad4a0
0000000000000000 0000000000000000 0000000000000000
0000000000000000 0000000000000000 0000000000000000
0000000000000000 0000000000000000 0000000000000000
0000000000000000 0000000000000000 0000000000000000
0000000000000000 0000000000000000 0000000000000000
0000000000000000 0000000000000000 0000000000000000
0000000000000000 0000000000000000 0000000000000000
0000000000000000 0000000000000000 0000000000000000
0000000000000000 0000000000000000 0000000000000000
0000000000000000 0000000000000000 0000000000000000
0000000000000000 0000000000000000 0000000000000000
0000000000000000 0000000000000000 0000000000000000
0000000000000000 0000000000000000 0000000000000000
0000000000000000 0000000000000000 0000000000000000
0000000000000000 0000000000000000 0000000000000000
0000000000000000 0000000000000000 0000000000000000
0000000000000000 0000000000000000 0000000000000000
0000000000000000 0000000000000000 0000000000000000
0000000000000000 0000000000000000 0000000000000000
0000000000000000 0000000000000000 0000000000000000
0000000000000000 0000000000000000 0000000000000000
0000000000000000 0000000000000000 0000000000000000
0000000000000000 0000000000000000 0000000000000000
0000000000000000 0000000000000000 0000000000000000
0000000000000000 0000000000000000 0000000000000000
0000000000000000 0000000000000000 0000000000000000
3bc75ca281750978 3bc75ca24802b155 3bc75ca2b9e656d4
3c83f99563283c8b 3c83f9953a317121 3c83f9958b5f9b7c
3d2c7061553d035d 3d2c7061268b544d 3d2c706183073e88
3dc5931d6bb14a49 3dc5931d511b0d50 3dc5931d85c88e04
3e526573b317d749 3e526573a3f41684 3e526573c1f3f700
3ed0b77d1f67151e 3ed0b77d187d71c1 3ed0b77d263154cd
3f394b9d77e6a8a5 3f394b9d77cbbbd6 3f394b9d78021426
0000000000000000 0000000000000000 0000000000000000
0000000000000000 0000000000000000 0000000000000000
0000000000000000 0000000000000000 0000000000000000
0000000000000000 0000000000000000 0000000000000000
0000000000000000 0000000000000000 0000000000000000
0000000000000000 0000000000000000 0000000000000000
0000000000000000 0000000000000000 0000000000000000
0000000000000000 0000000000000000 0000000000000000
0000000000000000 0000000000000000 0000000000000000
0000000000000000 0000000000000000 0000000000000000
0000000000000000 0000000000000000 0000000000000000
0000000000000000 0000000000000000 0000000000000000
0000000000000000 0000000000000000 0000000000000000
0000000000000000 0000000000000000 0000000000000000
0000000000000000 0000000000000000 0000000000000000
0000000000000000 0000000000000000 0000000000000000
0000000000000000 0000000000000000 0000000000000000
0000000000000000 0000000000000000 0000000000000000
0000000000000000 0000000000000000 0000000000000000
0000000000000000 0000000000000000 0000000000000000
0000000000000000 0000000000000000 0000000000000000
0000000000000000 0000000000000000 0000000000000000
0000000000000000 0000000000000000 0000000000000000
0000000000000000 0000000000000000 0000000000000000
0000000000000000 0000000000000000 0000000000000000
0000000000000000 0000000000000000 0000000000000000
3bc804eb659f7f2e 3bc804eb2aee9cde 3bc804eb9f2fac9d
3c84712b806328d9 3c84712b56c0c563 3c84712ba937a6d1
3d2cf83376c83eee 3d2cf833478a68c0 3d2cf833a518ad03
3dc5e025bfbd2377 3dc5e025a4f0b17a 3dc5e025d9f54c3c
3e5291107c7b253a 3e5291106d4b3cf8 3e5291108b582f67
3ed0cb27d39d5760 3ed0cb27ccb6bd37 3ed0cb27da60a401
3f394b4e1dfbfbba 3f394b4e1de12ae5 3f394b4e1e175b13
0000000000000000 0000000000000000 0000000000000000
0000000000000000 0000000000000000 0000000000000000
0000000000000000 0000000000000000 0000000000000000
0000000000000000 0000000000000000 0000000000000000
0000000000000000 0000000000000000 0000000000000000
0000000000000000 0000000000000000 0000000000000000
0000000000000000 0000000000000000 0000000000000000
0000000000000000 0000000000000000 0000000000000000
0000000000000000 0000000000000000 0000000000000000
0000000000000000 0000000000000000 0000000000000000
0000000000000000 0000000000000000 0000000000000000
0000000000000000 0000000000000000 0000000000000000
0000000000000000 0000000000000000 0000000000000000
0000000000000000 0000000000000000 0000000000000000
0000000000000000 0000000000000000 0000000000000000
0000000000000000 0000000000000000 0000000000000000
0000000000000000 0000000000000000 0000000000000000
0000000000000000 0000000000000000 0000000000000000
0000000000000000 0000000000000000 0000000000000000
0000000000000000 0000000000000000 0000000000000000
0000000000000000 0000000000000000 0000000000000000
0000000000000000 0000000000000000 0000000000000000
0000000000000000 0000000000000000 0000000000000000
0000000000000000 0000000000000000 0000000000000000
0000000000000000 0000000000000000 0000000000000000
0000000000000000 0000000000000000 0000000000000000
3bc82f4fc4d00bc4 3bc82f4f89d9fb7d 3bc82f4ffe929338
3c848f353700a10b 3c848f350d3aa6d7 3c848f355fea66b8
3d2d1a37f1543648 3d2d1a37c1fc9368 3d2d1a381fabbf37
3dc5f362a34fa71d 3dc5f362888628fd 3dc5f362bd8f0272
3e529becb1ade756 3e529beca283378e 3e529becc08b4e7d
3ed0d009e9d4b0c5 3ed0d009e2f112be 3ed0d009f093fe54
3f394b3a6a08adaa 3f394b3a69edecbf 3f394b3a6a240111
0000000000000000 0000000000000000 0000000000000000
0000000000000000 0000000000000000 0000000000000000
0000000000000000 0000000000000000 0000000000000000
0000000000000000 0000000000000000 0000000000000000
0000000000000000 0000000000000000 0000000000000000
0000000000000000 0000000000000000 0000000000000000
0000000000000000 0000000000000000 0000000000000000
0000000000000000 0000000000000000 0000000000000000
0000000000000000 0000000000000000 0000000000000000
0000000000000000 0000000000000000 0000000000000000
0000000000000000 0000000000000000 0000000000000000
0000000000000000 0000000000000000 0000000000000000
0000000000000000 0000000000000000 0000000000000000
0000000000000000 0000000000000000 0000000000000000
0000000000000000 0000000000000000 0000000000000000
0000000000000000 0000000000000000 0000000000000000
0000000000000000 0000000000000000 0000000000000000
0000000000000000 0000000000000000 0000000000000000
0000000000000000 0000000000000000 0000000000000000
0000000000000000 0000000000000000 0000000000000000
0000000000000000 0000000000000000 0000000000000000
0000000000000000 0000000000000000 0000000000000000
0000000000000000 0000000000000000 0000000000000000
0000000000000000 0000000000000000 0000000000000000
0000000000000000 0000000000000000 0000000000000000
0000000000000000 0000000000000000 0000000000000000
3bc76dc39b279df4 3bc76dc36192265e 3bc76dc3d38958f6
3c8405c809c5a07a 3c8405c7e0bf9208 3c8405c831ef62e9
3d2c7e434eaa035c 3d2c7e431ff6ccce 3d2c7e437c7218b0
3dc59b014fbff2be 3dc59b01352d9ced 3dc59b0169cf5a6d
3e5269eda93ad8ff 3e5269ed9a19a3cb 3e5269edb80f99dd
3ed0b982f850d4a2 3ed0b982f16a3299 3ed0b982ff171a7a
3f394b954e8a1530 3f394b954e6f383f 3f394b954ea574c9
0000000000000000 0000000000000000 0000000000000000
0000000000000000 0000000000000000 0000000000000000
0000000000000000 0000000000000000 0000000000000000
0000000000000000 0000000000000000 0000000000000000
0000000000000000 0000000000000000 0000000000000000
0000000000000000 0000000000000000 0000000000000000
0000000000000000 0000000000000000 0000000000000000
0000000000000000 0000000000000000 0000000000000000
0000000000000000 0000000000000000 0000000000000000
0000000000000000 0000000000000000 0000000000000000
0000000000000000 0000000000000000 0000000000000000
0000000000000000 0000000000000000 0000000000000000
0000000000000000 0000000000000000 0000000000000000
0000000000000000 0000000000000000 0000000000000000
0000000000000000 0000000000000000 0000000000000000
0000000000000000 0000000000000000 0000000000000000
0000000000000000 0000000000000000 0000000000000000
0000000000000000 0000000000000000 0000000000000000
0000000000000000 0000000000000000 0000000000000000
0000000000000000 0000000000000000 0000000000000000
0000000000000000 0000000000000000 0000000000000000
0000000000000000 0000000000000000 0000000000000000
0000000000000000 0000000000000000 0000000000000000
0000000000000000 0000000000000000 0000000000000000
0000000000000000 0000000000000000 0000000000000000
0000000000000000 0000000000000000 0000000000000000
3bc664ac8b3f1b55 3bc664ac53f2cbce 3bc664acc17b159c
3c83485881dd7593 3c8348585a2abc4e 3c834858a8ca8476
3d2ba5e6d877db99 3d2ba5e6aaecaff4 3d2ba5e7052ba4ff
3dc51f9a659506f7 3dc51f9a4b72dba8 3dc51f9a7f36f46f
3e5223ab8fecfcad 3e5223ab80ef43ad 3e5223ab9e9e63b2
3ed099a66097cf07 3ed099a659b32df7 3ed099a6675a186a
3f394c15dafc9a4b 3f394c15dae1ccbc 3f394c15db17f26c
0000000000000000 0000000000000000 0000000000000000
0000000000000000 0000000000000000 0000000000000000
0000000000000000 0000000000000000 0000000000000000
0000000000000000 0000000000000000 0000000000000000
0000000000000000 0000000000000000 0000000000000000
0000000000000000 0000000000000000 0000000000000000
0000000000000000 0000000000000000 0000000000000000
0000000000000000 0000000000000000 0000000000000000
0000000000000000 0000000000000000 0000000000000000
0000000000000000 0000000000000000 0000000000000000
0000000000000000 0000000000000000 0000000000000000
0000000000000000 0000000000000000 0000000000000000
0000000000000000 0000000000000000 0000000000000000
0000000000000000 0000000000000000 0000000000000000
0000000000000000 0000000000000000 0000000000000000
0000000000000000 0000000000000000 0000000000000000
0000000000000000 0000000000000000 0000000000000000
0000000000000000 0000000000000000 0000000000000000
0000000000000000 0000000000000000 0000000000000000
0000000000000000 0000000000000000 0000000000000000
0000000000000000 0000000000000000 0000000000000000
0000000000000000 0000000000000000 0000000000000000
0000000000000000 0000000000000000 0000000000000000
0000000000000000 0000000000000000 0000000000000000
0000000000000000 0000000000000000 0000000000000000
0000000000000000 0000000000000000 0000000000000000
3bc5af2e6cc767cf 3bc5af2e37285075 3bc5af2ea16540c9
3c82c5ce9fe0f251 3c82c5ce792d45b0 3c82c5cec5d32e43
3d2b0fd73e866501 3d2b0fd711db7a70 3d2b0fd76a4dc4ea
3dc4c975b48092fc 3dc4c9759ac1c1d2 3dc4c975cdc148bd
3e51f24e6ba01645 3e51f24e5cc88573 3e51f24e7a2d7626
3ed0831e281dbb14 3ed0831e213f19d1 3ed0831e2ed709f0
3f394c70c20dcdde 3f394c70c1f323a3 3f394c70c2290e90
0000000000000000 0000000000000000 0000000000000000
0000000000000000 0000000000000000 0000000000000000
0000000000000000 0000000000000000 0000000000000000
0000000000000000 0000000000000000 0000000000000000
0000000000000000 0000000000000000 0000000000000000
0000000000000000 0000000000000000 0000000000000000
0000000000000000 0000000000000000 0000000000000000
0000000000000000 0000000000000000 0000000000000000
0000000000000000 0000000000000000 0000000000000000
0000000000000000 0000000000000000 0000000000000000
0000000000000000 0000000000000000 0000000000000000
0000000000000000 0000000000000000 0000000000000000
0000000000000000 0000000000000000 0000000000000000
0000000000000000 0000000000000000 0000000000000000
0000000000000000 0000000000000000 0000000000000000
0000000000000000 0000000000000000 0000000000000000
0000000000000000 0000000000000000 0000000000000000
0000000000000000 0000000000000000 0000000000000000
0000000000000000 0000000000000000 0000000000000000
0000000000000000 0000000000000000 0000000000000000
0000000000000000 0000000000000000 0000000000000000
0000000000000000 0000000000000000 0000000000000000
0000000000000000 0000000000000000 0000000000000000
0000000000000000 0000000000000000 0000000000000000
0000000000000000 0000000000000000 0000000000000000
0000000000000000 0000000000000000 0000000000000000
3bc5af2e6ccf381e 3bc5af2e3730246d 3bc5af2ea15d7422
3c82c5ce9fe3328a 3c82c5ce7932eade 3c82c5cec5cd8d50
3d2b0fd73e870a1b 3d2b0fd711e5e342 3d2b0fd76a47464d
3dc4c975b4809279 3dc4c9759ac94048 3dc4c975cdbd8920
3e51f24e6ba0162b 3e51f24e5cccd5cb 3e51f24e7a2b4b95
3ed0831e281dbb14 3ed0831e214116ca 3ed0831e2ed6083e
3f394c70c20dcddf 3f394c70c1f3279a 3f394c70c22906a6
0000000000000000 0000000000000000 0000000000000000
0000000000000000 0000000000000000 0000000000000000
0000000000000000 0000000000000000 0000000000000000
0000000000000000 0000000000000000 0000000000000000
0000000000000000 0000000000000000 0000000000000000
0000000000000000 0000000000000000 0000000000000000
0000000000000000 0000000000000000 0000000000000000
0000000000000000 0000000000000000 0000000000000000
0000000000000000 0000000000000000 0000000000000000
0000000000000000 0000000000000000 0000000000000000
0000000000000000 0000000000000000 0000000000000000
0000000000000000 0000000000000000 0000000000000000
0000000000000000 0000000000000000 0000000000000000
0000000000000000 0000000000000000 0000000000000000
0000000000000000 0000000000000000 0000000000000000
0000000000000000 0000000000000000 0000000000000000
0000000000000000 0000000000000000 0000000000000000
0000000000000000 0000000000000000 0000000000000000
0000000000000000 0000000000000000 0000000000000000
0000000000000000 0000000000000000 0000000000000000
0000000000000000 0000000000000000 0000000000000000
0000000000000000 0000000000000000 0000000000000000
0000000000000000 0000000000000000 0000000000000000
0000000000000000 0000000000000000 0000000000000000
0000000000000000 0000000000000000 0000000000000000
0000000000000000 0000000000000000 0000000000000000
3bc664ac8b3f1b55 3bc664ac53f2cbce 3bc664acc17b159c
3c83485881dd7593 3c8348585a2abc4e 3c834858a8ca8476
3d2ba5e6d877db99 3d2ba5e6aaecaff4 3d2ba5e7052ba4ff
3dc51f9a659506f7 3dc51f9a4b72dba8 3dc51f9a7f36f46f
3e5223ab8fecfcad 3e5223ab80ef43ad 3e5223ab9e9e63b2
3ed099a66097cf07 3ed099a659b32df7 3ed099a6675a186a
3f394c15dafc9a4b 3f394c15dae1ccbc 3f394c15db17f26c
0000000000000000 0000000000000000 0000000000000000
0000000000000000 0000000000000000 0000000000000000
0000000000000000 0000000000000000 0000000000000000
0000000000000000 0000000000000000 0000000000000000
0000000000000000 0000000000000000 0000000000000000
0000000000000000 0000000000000000 0000000000000000
0000000000000000 0000000000000000 0000000000000000
0000000000000000 0000000000000000 0000000000000000
0000000000000000 0000000000000000 0000000000000000
0000000000000000 0000000000000000 0000000000000000
0000000000000000 0000000000000000 0000000000000000
0000000000000000 0000000000000000 0000000000000000
0000000000000000 0000000000000000 0000000000000000
0000000000000000 0000000000000000 0000000000000000
0000000000000000 0000000000000000 0000000000000000
0000000000000000 0000000000000000 0000000000000000
0000000000000000 0000000000000000 0000000000000000
0000000000000000 0000000000000000 0000000000000000
0000000000000000 0000000000000000 0000000000000000
0000000000000000 0000000000000000 0000000000000000
0000000000000000 0000000000000000 0000000000000000
0000000000000000 0000000000000000 0000000000000000
0000000000000000 0000000000000000 0000000000000000
0000000000000000 0000000000000000 0000000000000000
0000000000000000 0000000000000000 0000000000000000
0000000000000000 0000000000000000 0000000000000000
3bc76dc39b1f428e 3bc76dc36181737c 3bc76dc3d39a07ee
3c8405c809c20dfe 3c8405c7e0b86f68 3c8405c831fb43fc
3d2c7e434ea7fa76 3d2c7e431febf97d 3d2c7e437c7f9d7b
3dc59b014fbf8fcc 3dc59b013525eac2 3dc59b0169d70b34
3e5269eda93ad8e2 3e5269ed9a154344 3e5269edb813fa2f
3ed0b982f850d4a0 3ed0b982f1683379 3ed0b982ff191998
3f394b954e8a152f 3f394b954e6f3054 3f394b954ea57cb4
0000000000000000 0000000000000000 0000000000000000
0000000000000000 0000000000000000 0000000000000000
0000000000000000 0000000000000000 0000000000000000
0000000000000000 0000000000000000 0000000000000000
0000000000000000 0000000000000000 0000000000000000
0000000000000000 0000000000000000 0000000000000000
0000000000000000 0000000000000000 0000000000000000
0000000000000000 0000000000000000 0000000000000000
0000000000000000 0000000000000000 0000000000000000
0000000000000000 0000000000000000 0000000000000000
0000000000000000 0000000000000000 0000000000000000
0000000000000000 0000000000000000 0000000000000000
0000000000000000 0000000000000000 0000000000000000
0000000000000000 0000000000000000 0000000000000000
0000000000000000 0000000000000000 0000000000000000
0000000000000000 0000000000000000 0000000000000000
0000000000000000 0000000000000000 0000000000000000
0000000000000000 0000000000000000 0000000000000000
0000000000000000 0000000000000000 0000000000000000
0000000000000000 0000000000000000 0000000000000000
0000000000000000 0000000000000000 0000000000000000
0000000000000000 0000000000000000 0000000000000000
0000000000000000 0000000000000000 0000000000000000
0000000000000000 0000000000000000 0000000000000000
0000000000000000 0000000000000000 0000000000000000
0000000000000000 0000000000000000 0000000000000000
3bc82f4fc4d009c4 3bc82f4f89c8edfd 3bc82f4ffe9b1ffa
3c848f3537009fea 3c848f350d30fccf 3c848f355ff0760e
3d2d1a37f1543551 3d2d1a37c1eee041 3d2d1a381fb29ce2
3dc5f362a35388f0 3dc5f362887e6770 3dc5f362bd92e69f
3e529becb1b016ae 3e529beca27fb4dd 3e529becc08d8357
3ed0d009e9d5abf2 3ed0d009e2ef15db 3ed0d009f094ff32
3f394b3a6a08a9b4 3f394b3a69ede8c8 3f394b3a6a2408fb
0000000000000000 0000000000000000 0000000000000000
0000000000000000 0000000000000000 0000000000000000
0000000000000000 0000000000000000 0000000000000000
0000000000000000 0000000000000000 0000000000000000
0000000000000000 0000000000000000 0000000000000000
0000000000000000 0000000000000000 0000000000000000
0000000000000000 0000000000000000 0000000000000000
0000000000000000 0000000000000000 0000000000000000
0000000000000000 0000000000000000 0000000000000000
0000000000000000 0000000000000000 0000000000000000
0000000000000000 0000000000000000 0000000000000000
0000000000000000 0000000000000000 0000000000000000
0000000000000000 0000000000000000 0000000000000000
0000000000000000 0000000000000000 0000000000000000
0000000000000000 0000000000000000 0000000000000000
0000000000000000 0000000000000000 0000000000000000
0000000000000000 0000000000000000 0000000000000000
0000000000000000 0000000000000000 0000000000000000
0000000000000000 0000000000000000 0000000000000000
0000000000000000 0000000000000000 0000000000000000
0000000000000000 0000000000000000 0000000000000000
0000000000000000 0000000000000000 0000000000000000
0000000000000000 0000000000000000 0000000000000000
0000000000000000 0000000000000000 0000000000000000
0000000000000000 0000000000000000 0000000000000000
0000000000000000 0000000000000000 0000000000000000
3bc82f4fc4d00fc5 3bc82f4f89d16ab8 3bc82f4ffe9b25fd
3c848f353700a352 3c848f350d30f298 3c848f355ff5539f
3d2d1a37f1543838 3d2d1a37c1ef8644 3d2d1a381fb97de2
3dc5f362a34fa7da 3dc5f362887ec5db 3dc5f362bd96c95e
3e529becb1ade78d 3e529beca27fb1ab 3e529becc08fb4bf
3ed0d009e9d4b0c7 3ed0d009e2f010fe 3ed0d009f095fc93
3f394b3a6a08adab 3f394b3a69ede4d3 3f394b3a6a240507
0000000000000000 0000000000000000 0000000000000000
0000000000000000 0000000000000000 0000000000000000
0000000000000000 0000000000000000 0000000000000000
0000000000000000 0000000000000000 0000000000000000
0000000000000000 0000000000000000 0000000000000000
0000000000000000 0000000000000000 0000000000000000
0000000000000000 0000000000000000 0000000000000000
0000000000000000 0000000000000000 0000000000000000
0000000000000000 0000000000000000 0000000000000000
0000000000000000 0000000000000000 0000000000000000
0000000000000000 0000000000000000 0000000000000000
0000000000000000 0000000000000000 0000000000000000
0000000000000000 0000000000000000 0000000000000000
0000000000000000 0000000000000000 0000000000000000
0000000000000000 0000000000000000 0000000000000000
0000000000000000 0000000000000000 0000000000000000
0000000000000000 0000000000000000 0000000000000000
0000000000000000 0000000000000000 0000000000000000
0000000000000000 0000000000000000 0000000000000000
0000000000000000 0000000000000000 0000000000000000
0000000000000000 0000000000000000 0000000000000000
0000000000000000 0000000000000000 0000000000000000
0000000000000000 0000000000000000 0000000000000000
0000000000000000 0000000000000000 0000000000000000
0000000000000000 0000000000000000 0000000000000000
0000000000000000 0000000000000000 0000000000000000
3bc76dc39b1f428e 3bc76dc36181737c 3bc76dc3d39a07ee
3c8405c809c20dfe 3c8405c7e0b86f68 3c8405c831fb43fc
3d2c7e434ea7fa76 3d2c7e431febf97d 3d2c7e437c7f9d7b
3dc59b014fbf8fcc 3dc59b013525eac2 3dc59b0169d70b34
3e5269eda93ad8e2 3e5269ed9a154344 3e5269edb813fa2f
3ed0b982f850d4a0 3ed0b982f1683379 3ed0b982ff191998
3f394b954e8a152f 3f394b954e6f3054 3f394b954ea57cb4
0000000000000000 0000000000000000 0000000000000000
0000000000000000 0000000000000000 0000000000000000
0000000000000000 0000000000000000 0000000000000000
0000000000000000 0000000000000000 0000000000000000
0000000000000000 0000000000000000 0000000000000000
0000000000000000 0000000000000000 0000000000000000
0000000000000000 0000000000000000 0000000000000000
0000000000000000 0000000000000000 0000000000000000
0000000000000000 0000000000000000 0000000000000000
0000000000000000 0000000000000000 0000000000000000
0000000000000000 0000000000000000 0000000000000000
0000000000000000 0000000000000000 0000000000000000
0000000000000000 0000000000000000 0000000000000000
0000000000000000 0000000000000000 0000000000000000
0000000000000000 0000000000000000 0000000000000000
0000000000000000 0000000000000000 0000000000000000
0000000000000000 0000000000000000 0000000000000000
0000000000000000 0000000000000000 0000000000000000
0000000000000000 0000000000000000 0000000000000000
0000000000000000 0000000000000000 0000000000000000
0000000000000000 0000000000000000 0000000000000000
0000000000000000 0000000000000000 0000000000000000
0000000000000000 0000000000000000 0000000000000000
0000000000000000 0000000000000000 0000000000000000
0000000000000000 0000000000000000 0000000000000000
0000000000000000 0000000000000000 0000000000000000
3bc664ac8b370f06 3bc664ac53f2cbce 3bc664acc17b159c
3c83485881d9ff4a 3c8348585a2abc4e 3c834858a8ca8476
3d2ba5e6d8748e14 3d2ba5e6aaecaff4 3d2ba5e7052ba4ff
3dc51f9a659261f6 3dc51f9a4b72dba8 3dc51f9a7f36f46f
3e5223ab8fea6544 3e5223ab80ef43ad 3e5223ab9e9e63b2
3ed099a66095d6d6 3ed099a659b32df7 3ed099a6675a186a
3f394c15dafca236 3f394c15dae1ccbc 3f394c15db17f26c
0000000000000000 0000000000000000 0000000000000000
0000000000000000 0000000000000000 0000000000000000
0000000000000000 0000000000000000 0000000000000000
0000000000000000 0000000000000000 0000000000000000
0000000000000000 0000000000000000 0000000000000000
0000000000000000 0000000000000000 0000000000000000
0000000000000000 0000000000000000 0000000000000000
0000000000000000 0000000000000000 0000000000000000
0000000000000000 0000000000000000 0000000000000000
0000000000000000 0000000000000000 0000000000000000
0000000000000000 0000000000000000 0000000000000000
0000000000000000 0000000000000000 0000000000000000
0000000000000000 0000000000000000 0000000000000000
0000000000000000 0000000000000000 0000000000000000
0000000000000000 0000000000000000 0000000000000000
0000000000000000 0000000000000000 0000000000000000
0000000000000000 0000000000000000 0000000000000000
0000000000000000 0000000000000000 0000000000000000
0000000000000000 0000000000000000 0000000000000000
0000000000000000 0000000000000000 0000000000000000
0000000000000000 0000000000000000 0000000000000000
0000000000000000 0000000000000000 0000000000000000
0000000000000000 0000000000000000 0000000000000000
0000000000000000 0000000000000000 0000000000000000
0000000000000000 0000000000000000 0000000000000000
0000000000000000 0000000000000000 0000000000000000
3bc5af2e6cbf93d6 3bc5af2e3730246d 3bc5af2ea15d7422
3c82c5ce9fdb4e1f 3c82c5ce7932eade 3c82c5cec5cd8d50
3d2b0fd73e7fe58e 3d2b0fd711e5e342 3d2b0fd76a47464d
3dc4c975b47cd632 3dc4c9759ac94048 3dc4c975cdbd8920
3e51f24e6ba0183f 3e51f24e5cccd5cb 3e51f24e7a2b4b95
3ed0831e281cbdab 3ed0831e214116ca 3ed0831e2ed6083e
3f394c70c20dd1d4 3f394c70c1f3279a 3f394c70c22906a6
0000000000000000 0000000000000000 0000000000000000
0000000000000000 0000000000000000 0000000000000000
0000000000000000 0000000000000000 0000000000000000
0000000000000000 0000000000000000 0000000000000000
0000000000000000 0000000000000000 0000000000000000
0000000000000000 0000000000000000 0000000000000000
0000000000000000 0000000000000000 0000000000000000
0000000000000000 0000000000000000 0000000000000000
0000000000000000 0000000000000000 0000000000000000
0000000000000000 0000000000000000 0000000000000000
0000000000000000 0000000000000000 0000000000000000
0000000000000000 0000000000000000 0000000000000000
0000000000000000 0000000000000000 0000000000000000
0000000000000000 0000000000000000 0000000000000000
0000000000000000 0000000000000000 0000000000000000
0000000000000000 0000000000000000 0000000000000000
0000000000000000 0000000000000000 0000000000000000
0000000000000000 0000000000000000 0000000000000000
0000000000000000 0000000000000000 0000000000000000
0000000000000000 0000000000000000 0000000000000000
0000000000000000 0000000000000000 0000000000000000
0000000000000000 0000000000000000 0000000000000000
0000000000000000 0000000000000000 0000000000000000
0000000000000000 0000000000000000 0000000000000000
0000000000000000 0000000000000000 0000000000000000
0000000000000000 0000000000000000 0000000000000000
3bc5af2e6cc767cf 3bc5af2e37285075 3bc5af2ea16540c9
3c82c5ce9fe0f251 3c82c5ce792d45b0 3c82c5cec5d32e43
3d2b0fd73e866501 3d2b0fd711db7a70 3d2b0fd76a4dc4ea
3dc4c975b48092fc 3dc4c9759ac1c1d2 3dc4c975cdc148bd
3e51f24e6ba01645 3e51f24e5cc88573 3e51f24e7a2d7626
3ed0831e281dbb14 3ed0831e213f19d1 3ed0831e2ed709f0
3f394c70c20dcdde 3f394c70c1f323a3 3f394c70c2290e90
0000000000000000 0000000000000000 0000000000000000
0000000000000000 0000000000000000 0000000000000000
0000000000000000 0000000000000000 0000000000000000
0000000000000000 0000000000000000 0000000000000000
0000000000000000 0000000000000000 0000000000000000
0000000000000000 0000000000000000 0000000000000000
0000000000000000 0000000000000000 0000000000000000
0000000000000000 0000000000000000 0000000000000000
0000000000000000 0000000000000000 0000000000000000
0000000000000000 0000000000000000 0000000000000000
0000000000000000 0000000000000000 0000000000000000
0000000000000000 0000000000000000 0000000000000000
0000000000000000 0000000000000000 0000000000000000
0000000000000000 0000000000000000 0000000000000000
0000000000000000 0000000000000000 0000000000000000
0000000000000000 0000000000000000 0000000000000000
0000000000000000 0000000000000000 0000000000000000
0000000000000000 0000000000000000 0000000000000000
0000000000000000 0000000000000000 0000000000000000
0000000000000000 0000000000000000 0000000000000000
0000000000000000 0000000000000000 0000000000000000
0000000000000000 0000000000000000 0000000000000000
0000000000000000 0000000000000000 0000000000000000
0000000000000000 0000000000000000 0000000000000000
0000000000000000 0000000000000000 0000000000000000
0000000000000000 0000000000000000 0000000000000000
3bc664ac8b471e3c 3bc664ac53e2b6f1 3bc664acc16b00bf
3c83485881e334be 3c8348585a1f3553 3c834858a8bcb046
3d2ba5e6d87e7241 3d2ba5e6aadf7bc7 3d2ba5e70519d1a2
3dc51f9a6598cc99 3dc51f9a4b6f17c3 3dc51f9a7f2bff32
3e5223ab8fef248a 3e5223ab80eaf4d3 3e5223ab9e97e744
3ed099a66098ca3d 3ed099a659b23713 3ed099a667572491
3f394c15dafc9655 3f394c15dae1d89d 3f394c15db17f663
0000000000000000 0000000000000000 0000000000000000
0000000000000000 0000000000000000 0000000000000000
0000000000000000 0000000000000000 0000000000000000
0000000000000000 0000000000000000 0000000000000000
0000000000000000 0000000000000000 0000000000000000
0000000000000000 0000000000000000 0000000000000000
0000000000000000 0000000000000000 0000000000000000
0000000000000000 0000000000000000 0000000000000000
0000000000000000 0000000000000000 0000000000000000
0000000000000000 0000000000000000 0000000000000000
0000000000000000 0000000000000000 0000000000000000
0000000000000000 0000000000000000 0000000000000000
0000000000000000 0000000000000000 0000000000000000
0000000000000000 0000000000000000 0000000000000000
0000000000000000 0000000000000000 0000000000000000
0000000000000000 0000000000000000 0000000000000000
0000000000000000 0000000000000000 0000000000000000
0000000000000000 0000000000000000 0000000000000000
0000000000000000 0000000000000000 0000000000000000
0000000000000000 0000000000000000 0000000000000000
0000000000000000 0000000000000000 0000000000000000
0000000000000000 0000000000000000 0000000000000000
0000000000000000 0000000000000000 0000000000000000
0000000000000000 0000000000000000 0000000000000000
0000000000000000 0000000000000000 0000000000000000
0000000000000000 0000000000000000 0000000000000000
3bc76dc39b279df4 3bc76dc36192265e 3bc76dc3d38958f6
3c8405c809c5a07a 3c8405c7e0bf9208 3c8405c831ef62e9
3d2c7e434eaa035c 3d2c7e431ff6ccce 3d2c7e437c7218b0
3dc59b014fbff2be 3dc59b01352d9ced 3dc59b0169cf5a6d
3e5269eda93ad8ff 3e5269ed9a19a3cb 3e5269edb80f99dd
3ed0b982f850d4a2 3ed0b982f16a3299 3ed0b982ff171a7a
3f394b954e8a1530 3f394b954e6f383f 3f394b954ea574c9
0000000000000000 0000000000000000 0000000000000000
0000000000000000 0000000000000000 0000000000000000
0000000000000000 0000000000000000 0000000000000000
0000000000000000 0000000000000000 0000000000000000
0000000000000000 0000000000000000 0000000000000000
0000000000000000 0000000000000000 0000000000000000
0000000000000000 0000000000000000 0000000000000000
0000000000000000 0000000000000000 0000000000000000
0000000000000000 0000000000000000 0000000000000000
0000000000000000 0000000000000000 0000000000000000
0000000000000000 0000000000000000 0000000000000000
0000000000000000 0000000000000000 0000000000000000
0000000000000000 0000000000000000 0000000000000000
0000000000000000 0000000000000000 0000000000000000
0000000000000000 0000000000000000 0000000000000000
0000000000000000 0000000000000000 0000000000000000
0000000000000000 0000000000000000 0000000000000000
0000000000000000 0000000000000000 0000000000000000
0000000000000000 0000000000000000 0000000000000000
0000000000000000 0000000000000000 0000000000000000
0000000000000000 0000000000000000 0000000000000000
0000000000000000 0000000000000000 0000000000000000
0000000000000000 0000000000000000 0000000000000000
0000000000000000 0000000000000000 0000000000000000
0000000000000000 0000000000000000 0000000000000000
0000000000000000 0000000000000000 0000000000000000
3bc82f4fc4d00bc4 3bc82f4f89c8ddf9 3bc82f4ffe9b1ffa
3c848f353700a10b 3c848f350d30f3bb 3c848f355ff0760e
3d2d1a37f1543648 3d2d1a37c1f2f705 3d2d1a381fb29ce2
3dc5f362a34fa71d 3dc5f3628880b907 3dc5f362bd92e596
3e529becb1ade756 3e529beca27fb404 3e529becc08d822e
3ed0d009e9d4b0c5 3ed0d009e2ef15d4 3ed0d009f094ff33
3f394b3a6a08adaa 3f394b3a69ede8c8 3f394b3a6a2408fb
0000000000000000 0000000000000000 0000000000000000
0000000000000000 0000000000000000 0000000000000000
0000000000000000 0000000000000000 0000000000000000
0000000000000000 0000000000000000 0000000000000000
0000000000000000 0000000000000000 0000000000000000
0000000000000000 0000000000000000 0000000000000000
0000000000000000 0000000000000000 0000000000000000
0000000000000000 0000000000000000 0000000000000000
0000000000000000 0000000000000000 0000000000000000
0000000000000000 0000000000000000 0000000000000000
0000000000000000 0000000000000000 0000000000000000
0000000000000000 0000000000000000 0000000000000000
0000000000000000 0000000000000000 0000000000000000
0000000000000000 0000000000000000 0000000000000000
0000000000000000 0000000000000000 0000000000000000
0000000000000000 0000000000000000 0000000000000000
0000000000000000 0000000000000000 0000000000000000
0000000000000000 0000000000000000 0000000000000000
0000000000000000 0000000000000000 0000000000000000
0000000000000000 0000000000000000 0000000000000000
0000000000000000 0000000000000000 0000000000000000
0000000000000000 0000000000000000 0000000000000000
0000000000000000 0000000000000000 0000000000000000
0000000000000000 0000000000000000 0000000000000000
0000000000000000 0000000000000000 0000000000000000
0000000000000000 0000000000000000 0000000000000000
3bc82f4fc4d00bc4 3bc82f4f89d9fb7d 3bc82f4ffe929338
3c848f353700a10b 3c848f350d3aa6d7 3c848f355fea66b8
3d2d1a37f1543648 3d2d1a37c1fc9368 3d2d1a381fabbf37
3dc5f362a34fa71d 3dc5f362888628fd 3dc5f362bd8f0272
3e529becb1ade756 3e529beca283378e 3e529becc08b4e7d
3ed0d009e9d4b0c5 3ed0d009e2f112be 3ed0d009f093fe54
3f394b3a6a08adaa 3f394b3a69edecbf 3f394b3a6a240111
0000000000000000 0000000000000000 0000000000000000
0000000000000000 0000000000000000 0000000000000000
0000000000000000 0000000000000000 0000000000000000
0000000000000000 0000000000000000 0000000000000000
0000000000000000 0000000000000000 0000000000000000
0000000000000000 0000000000000000 0000000000000000
0000000000000000 0000000000000000 0000000000000000
0000000000000000 0000000000000000 0000000000000000
0000000000000000 0000000000000000 0000000000000000
0000000000000000 0000000000000000 0000000000000000
0000000000000000 0000000000000000 0000000000000000
0000000000000000 0000000000000000 0000000000000000
0000000000000000 0000000000000000 0000000000000000
0000000000000000 0000000000000000 0000000000000000
0000000000000000 0000000000000000 0000000000000000
0000000000000000 0000000000000000 0000000000000000
0000000000000000 0000000000000000 0000000000000000
0000000000000000 0000000000000000 0000000000000000
0000000000000000 0000000000000000 0000000000000000
0000000000000000 0000000000000000 0000000000000000
0000000000000000 0000000000000000 0000000000000000
0000000000000000 0000000000000000 0000000000000000
0000000000000000 0000000000000000 0000000000000000
0000000000000000 0000000000000000 0000000000000000
0000000000000000 0000000000000000 0000000000000000
0000000000000000 0000000000000000 0000000000000000
3bc76dc39b279df4 3bc76dc36192265e 3bc76dc3d38958f6
3c8405c809c5a07a 3c8405c7e0bf9208 3c8405c831ef62e9
3d2c7e434eaa035c 3d2c7e431ff6ccce 3d2c7e437c7218b0
3dc59b014fbff2be 3dc59b01352d9ced 3dc59b0169cf5a6d
3e5269eda93ad8ff 3e5269ed9a19a3cb 3e5269edb80f99dd
3ed0b982f850d4a2 3ed0b982f16a3299 3ed0b982ff171a7a
3f394b954e8a1530 3f394b954e6f383f 3f394b954ea574c9
0000000000000000 0000000000000000 0000000000000000
0000000000000000 0000000000000000 0000000000000000
0000000000000000 0000000000000000 0000000000000000
0000000000000000 0000000000000000 0000000000000000
0000000000000000 0000000000000000 0000000000000000
0000000000000000 0000000000000000 0000000000000000
0000000000000000 0000000000000000 0000000000000000
0000000000000000 0000000000000000 0000000000000000
0000000000000000 0000000000000000 0000000000000000
0000000000000000 0000000000000000 0000000000000000
0000000000000000 0000000000000000 0000000000000000
0000000000000000 0000000000000000 0000000000000000
0000000000000000 0000000000000000 0000000000000000
0000000000000000 0000000000000000 0000000000000000
0000000000000000 0000000000000000 0000000000000000
0000000000000000 0000000000000000 0000000000000000
0000000000000000 0000000000000000 0000000000000000
0000000000000000 0000000000000000 0000000000000000
0000000000000000 0000000000000000 0000000000000000
0000000000000000 0000000000000000 0000000000000000
0000000000000000 0000000000000000 0000000000000000
0000000000000000 0000000000000000 0000000000000000
0000000000000000 0000000000000000 0000000000000000
0000000000000000 0000000000000000 0000000000000000
0000000000000000 0000000000000000 0000000000000000
0000000000000000 0000000000000000 0000000000000000
3bc664ac8b3f1b55 3bc664ac53f2cbce 3bc664acc17b159c
3c83485881dd7593 3c8348585a2abc4e 3c834858a8ca8476
3d2ba5e6d877db99 3d2ba5e6aaecaff4 3d2ba5e7052ba4ff
3dc51f9a659506f7 3dc51f9a4b72dba8 3dc51f9a7f36f46f
3e5223ab8fecfcad 3e5223ab80ef43ad 3e5223ab9e9e63b2
3ed099a66097cf07 3ed099a659b32df7 3ed099a6675a186a
3f394c15dafc9a4b 3f394c15dae1ccbc 3f394c15db17f26c
0000000000000000 0000000000000000 0000000000000000
0000000000000000 0000000000000000 0000000000000000
0000000000000000 0000000000000000 0000000000000000
0000000000000000 0000000000000000 0000000000000000
0000000000000000 0000000000000000 0000000000000000
0000000000000000 0000000000000000 0000000000000000
0000000000000000 0000000000000000 0000000000000000
0000000000000000 0000000000000000 0000000000000000
0000000000000000 0000000000000000 0000000000000000
0000000000000000 0000000000000000 0000000000000000
0000000000000000 0000000000000000 0000000000000000
0000000000000000 0000000000000000 0000000000000000
0000000000000000 0000000000000000 0000000000000000
0000000000000000 0000000000000000 0000000000000000
0000000000000000 0000000000000000 0000000000000000
0000000000000000 0000000000000000 0000000000000000
0000000000000000 0000000000000000 0000000000000000
0000000000000000 0000000000000000 0000000000000000
0000000000000000 0000000000000000 0000000000000000
0000000000000000 0000000000000000 0000000000000000
0000000000000000 0000000000000000 0000000000000000
0000000000000000 0000000000000000 0000000000000000
0000000000000000 0000000000000000 0000000000000000
0000000000000000 0000000000000000 0000000000000000
0000000000000000 0000000000000000 0000000000000000
0000000000000000 0000000000000000 0000000000000000
3bc5af2e6cc767cf 3bc5af2e37285075 3bc5af2ea16540c9
3c82c5ce9fe0f251 3c82c5ce792d45b0 3c82c5cec5d32e43
3d2b0fd73e866501 3d2b0fd711db7a70 3d2b0fd76a4dc4ea
3dc4c975b48092fc 3dc4c9759ac1c1d2 3dc4c975cdc148bd
3e51f24e6ba01645 3e51f24e5cc88573 3e51f24e7a2d7626
3ed0831e281dbb14 3ed0831e213f19d1 3ed0831e2ed709f0
3f394c70c20dcdde 3f394c70c1f323a3 3f394c70c2290e90
0000000000000000 0000000000000000 0000000000000000
0000000000000000 0000000000000000 0000000000000000
0000000000000000 0000000000000000 0000000000000000
0000000000000000 0000000000000000 0000000000000000
0000000000000000 0000000000000000 0000000000000000
0000000000000000 0000000000000000 0000000000000000
0000000000000000 0000000000000000 0000000000000000
0000000000000000 0000000000000000 0000000000000000
0000000000000000 0000000000000000 0000000000000000
0000000000000000 0000000000000000 0000000000000000
0000000000000000 0000000000000000 0000000000000000
0000000000000000 0000000000000000 0000000000000000
0000000000000000 0000000000000000 0000000000000000
0000000000000000 0000000000000000 0000000000000000
0000000000000000 0000000000000000 0000000000000000
0000000000000000 0000000000000000 0000000000000000
0000000000000000 0000000000000000 0000000000000000
0000000000000000 0000000000000000 0000000000000000
0000000000000000 0000000000000000 0000000000000000
0000000000000000 0000000000000000 0000000000000000
0000000000000000 0000000000000000 0000000000000000
0000000000000000 0000000000000000 0000000000000000
0000000000000000 0000000000000000 0000000000000000
0000000000000000 0000000000000000 0000000000000000
0000000000000000 0000000000000000 0000000000000000
0000000000000000 0000000000000000 0000000000000000
3bc5af2e6ccf381e 3bc5af2e3730246d 3bc5af2ea15d7422
3c82c5ce9fe3328a 3c82c5ce7932eade 3c82c5cec5cd8d50
3d2b0fd73e870a1b 3d2b0fd711e5e342 3d2b0fd76a47464d
3dc4c975b4809279 3dc4c9759ac94048 3dc4c975cdbd8920
3e51f24e6ba0162b 3e51f24e5cccd5cb 3e51f24e7a2b4b95
3ed0831e281dbb14 3ed0831e214116ca 3ed0831e2ed6083e
3f394c70c20dcddf 3f394c70c1f3279a 3f394c70c22906a6
0000000000000000 0000000000000000 0000000000000000
0000000000000000 0000000000000000 0000000000000000
0000000000000000 0000000000000000 0000000000000000
0000000000000000 0000000000000000 0000000000000000
0000000000000000 0000000000000000 0000000000000000
0000000000000000 0000000000000000 0000000000000000
0000000000000000 0000000000000000 0000000000000000
0000000000000000 0000000000000000 0000000000000000
0000000000000000 0000000000000000 0000000000000000
0000000000000000 0000000000000000 0000000000000000
0000000000000000 0000000000000000 0000000000000000
0000000000000000 0000000000000000 0000000000000000
0000000000000000 0000000000000000 0000000000000000
0000000000000000 0000000000000000 0000000000000000
0000000000000000 0000000000000000 0000000000000000
0000000000000000 0000000000000000 0000000000000000
0000000000000000 0000000000000000 0000000000000000
0000000000000000 0000000000000000 0000000000000000
0000000000000000 0000000000000000 0000000000000000
0000000000000000 0000000000000000 0000000000000000
0000000000000000 0000000000000000 0000000000000000
0000000000000000 0000000000000000 0000000000000000
0000000000000000 0000000000000000 0000000000000000
0000000000000000 0000000000000000 0000000000000000
0000000000000000 0000000000000000 0000000000000000
0000000000000000 0000000000000000 0000000000000000
3bc664ac8b3f1b55 3bc664ac53f2cbce 3bc664acc17b159c
3c83485881dd7593 3c8348585a2abc4e 3c834858a8ca8476
3d2ba5e6d877db99 3d2ba5e6aaecaff4 3d2ba5e7052ba4ff
3dc51f9a659506f7 3dc51f9a4b72dba8 3dc51f9a7f36f46f
3e5223ab8fecfcad 3e5223ab80ef43ad 3e5223ab9e9e63b2
3ed099a66097cf07 3ed099a659b32df7 3ed099a6675a186a
3f394c15dafc9a4b 3f394c15dae1ccbc 3f394c15db17f26c
0000000000000000 0000000000000000 0000000000000000
0000000000000000 0000000000000000 0000000000000000
0000000000000000 0000000000000000 0000000000000000
0000000000000000 0000000000000000 0000000000000000
0000000000000000 0000000000000000 0000000000000000
0000000000000000 0000000000000000 0000000000000000
0000000000000000 0000000000000000 0000000000000000
0000000000000000 0000000000000000 0000000000000000
0000000000000000 0000000000000000 0000000000000000
0000000000000000 0000000000000000 0000000000000000
0000000000000000 0000000000000000 0000000000000000
0000000000000000 0000000000000000 0000000000000000
0000000000000000 0000000000000000 0000000000000000
0000000000000000 0000000000000000 0000000000000000
0000000000000000 0000000000000000 0000000000000000
0000000000000000 0000000000000000 0000000000000000
0000000000000000 0000000000000000 0000000000000000
0000000000000000 0000000000000000 0000000000000000
0000000000000000 0000000000000000 0000000000000000
0000000000000000 0000000000000000 0000000000000000
0000000000000000 0000000000000000 0000000000000000
0000000000000000 0000000000000000 0000000000000000
0000000000000000 0000000000000000 0000000000000000
0000000000000000 0000000000000000 0000000000000000
0000000000000000 0000000000000000 0000000000000000
0000000000000000 0000000000000000 0000000000000000
3bc76dc39b1f428e 3bc76dc36181737c 3bc76dc3d39a07ee
3c8405c809c20dfe 3c8405c7e0b86f68 3c8405c831fb43fc
3d2c7e434ea7fa76 3d2c7e431febf97d 3d2c7e437c7f9d7b
3dc59b014fbf8fcc 3dc59b013525eac2 3dc59b0169d70b34
3e5269eda93ad8e2 3e5269ed9a154344 3e5269edb813fa2f
3ed0b982f850d4a0 3ed0b982f1683379 3ed0b982ff191998
3f394b954e8a152f 3f394b954e6f3054 3f394b954ea57cb4
0000000000000000 0000000000000000 0000000000000000
0000000000000000 0000000000000000 0000000000000000
0000000000000000 0000000000000000 0000000000000000
0000000000000000 0000000000000000 0000000000000000
0000000000000000 0000000000000000 0000000000000000
0000000000000000 0000000000000000 0000000000000000
0000000000000000 0000000000000000 0000000000000000
0000000000000000 0000000000000000 0000000000000000
0000000000000000 0000000000000000 0000000000000000
0000000000000000 0000000000000000 0000000000000000
0000000000000000 0000000000000000 0000000000000000
0000000000000000 0000000000000000 0000000000000000
0000000000000000 0000000000000000 0000000000000000
0000000000000000 0000000000000000 0000000000000000
0000000000000000 0000000000000000 0000000000000000
0000000000000000 0000000000000000 0000000000000000
0000000000000000 0000000000000000 0000000000000000
0000000000000000 0000000000000000 0000000000000000
0000000000000000 0000000000000000 0000000000000000
0000000000000000 0000000000000000 0000000000000000
0000000000000000 0000000000000000 0000000000000000
0000000000000000 0000000000000000 0000000000000000
0000000000000000 0000000000000000 0000000000000000
0000000000000000 0000000000000000 0000000000000000
0000000000000000 0000000000000000 0000000000000000
0000000000000000 0000000000000000 0000000000000000
3bc82f4fc4d009c4 3bc82f4f89c8edfd 3bc82f4ffe9b1ffa
3c848f3537009fea 3c848f350d30fccf 3c848f355ff0760e
3d2d1a37f1543551 3d2d1a37c1eee041 3d2d1a381fb29ce2
3dc5f362a35388f0 3dc5f362887e6770 3dc5f362bd92e69f
3e529becb1b016ae 3e529beca27fb4dd 3e529becc08d8357
3ed0d009e9d5abf2 3ed0d009e2ef15db 3ed0d009f094ff32
3f394b3a6a08a9b4 3f394b3a69ede8c8 3f394b3a6a2408fb
0000000000000000 0000000000000000 0000000000000000
0000000000000000 0000000000000000 0000000000000000
0000000000000000 0000000000000000 0000000000000000
0000000000000000 0000000000000000 0000000000000000
0000000000000000 0000000000000000 0000000000000000
0000000000000000 0000000000000000 0000000000000000
0000000000000000 0000000000000000 0000000000000000
0000000000000000 0000000000000000 0000000000000000
0000000000000000 0000000000000000 0000000000000000
0000000000000000 0000000000000000 0000000000000000
0000000000000000 0000000000000000 0000000000000000
0000000000000000 0000000000000000 0000000000000000
0000000000000000 0000000000000000 0000000000000000
0000000000000000 0000000000000000 0000000000000000
0000000000000000 0000000000000000 0000000000000000
0000000000000000 0000000000000000 0000000000000000
0000000000000000 0000000000000000 0000000000000000
0000000000000000 0000000000000000 0000000000000000
0000000000000000 0000000000000000 0000000000000000
0000000000000000 0000000000000000 0000000000000000
0000000000000000 0000000000000000 0000000000000000
0000000000000000 0000000000000000 0000000000000000
0000000000000000 0000000000000000 0000000000000000
0000000000000000 0000000000000000 0000000000000000
0000000000000000 0000000000000000 0000000000000000
0000000000000000 0000000000000000 0000000000000000
3bc82f4fc4d00fc5 3bc82f4f89d16ab8 3bc82f4ffe9b25fd
3c848f353700a352 3c848f350d30f298 3c848f355ff5539f
3d2d1a37f1543838 3d2d1a37c1ef8644 3d2d1a381fb97de2
3dc5f362a34fa7da 3dc5f362887ec5db 3dc5f362bd96c95e
3e529becb1ade78d 3e529beca27fb1ab 3e529becc08fb4bf
3ed0d009e9d4b0c7 3ed0d009e2f010fe 3ed0d009f095fc93
3f394b3a6a08adab 3f394b3a69ede4d3 3f394b3a6a240507
0000000000000000 0000000000000000 0000000000000000
0000000000000000 0000000000000000 0000000000000000
0000000000000000 0000000000000000 0000000000000000
0000000000000000 0000000000000000 0000000000000000
0000000000000000 0000000000000000 0000000000000000
0000000000000000 0000000000000000 0000000000000000
0000000000000000 0000000000000000 0000000000000000
0000000000000000 0000000000000000 0000000000000000
0000000000000000 0000000000000000 0000000000000000
0000000000000000 0000000000000000 0000000000000000
0000000000000000 0000000000000000 0000000000000000
0000000000000000 0000000000000000 0000000000000000
0000000000000000 0000000000000000 0000000000000000
0000000000000000 0000000000000000 0000000000000000
0000000000000000 0000000000000000 0000000000000000
0000000000000000 0000000000000000 0000000000000000
0000000000000000 0000000000000000 0000000000000000
0000000000000000 0000000000000000 0000000000000000
0000000000000000 0000000000000000 0000000000000000
0000000000000000 0000000000000000 0000000000000000
0000000000000000 0000000000000000 0000000000000000
0000000000000000 0000000000000000 0000000000000000
0000000000000000 0000000000000000 0000000000000000
0000000000000000 0000000000000000 0000000000000000
0000000000000000 0000000000000000 0000000000000000
0000000000000000 0000000000000000 0000000000000000
3bc76dc39b1f428e 3bc76dc36181737c 3bc76dc3d39a07ee
3c8405c809c20dfe 3c8405c7e0b86f68 3c8405c831fb43fc
3d2c7e434ea7fa76 3d2c7e431febf97d 3d2c7e437c7f9d7b
3dc59b014fbf8fcc 3dc59b013525eac2 3dc59b0169d70b34
3e5269eda93ad8e2 3e5269ed9a154344 3e5269edb813fa2f
3ed0b982f850d4a0 3ed0b982f1683379 3ed0b982ff191998
3f394b954e8a152f 3f394b954e6f3054 3f394b954ea57cb4
0000000000000000 0000000000000000 0000000000000000
0000000000000000 0000000000000000 0000000000000000
0000000000000000 0000000000000000 0000000000000000
0000000000000000 0000000000000000 0000000000000000
0000000000000000 0000000000000000 0000000000000000
0000000000000000 0000000000000000 0000000000000000
0000000000000000 0000000000000000 0000000000000000
0000000000000000 0000000000000000 0000000000000000
0000000000000000 0000000000000000 0000000000000000
0000000000000000 0000000000000000 0000000000000000
0000000000000000 0000000000000000 0000000000000000
0000000000000000 0000000000000000 0000000000000000
0000000000000000 0000000000000000 0000000000000000
0000000000000000 0000000000000000 0000000000000000
0000000000000000 0000000000000000 0000000000000000
0000000000000000 0000000000000000 0000000000000000
0000000000000000 0000000000000000 0000000000000000
0000000000000000 0000000000000000 0000000000000000
0000000000000000 0000000000000000 0000000000000000
0000000000000000 0000000000000000 0000000000000000
0000000000000000 0000000000000000 0000000000000000
0000000000000000 0000000000000000 0000000000000000
0000000000000000 0000000000000000 0000000000000000
0000000000000000 0000000000000000 0000000000000000
0000000000000000 0000000000000000 0000000000000000
0000000000000000 0000000000000000 0000000000000000
3bc664ac8b370f06 3bc664ac53f2cbce 3bc664acc17b159c
3c83485881d9ff4a 3c8348585a2abc4e 3c834858a8ca8476
3d2ba5e6d8748e14 3d2ba5e6aaecaff4 3d2ba5e7052ba4ff
3dc51f9a659261f6 3dc51f9a4b72dba8 3dc51f9a7f36f46f
3e5223ab8fea6544 3e5223ab80ef43ad 3e5223ab9e9e63b2
3ed099a66095d6d6 3ed099a659b32df7 3ed099a6675a186a
3f394c15dafca236 3f394c15dae1ccbc 3f394c15db17f26c
0000000000000000 0000000000000000 0000000000000000
0000000000000000 0000000000000000 0000000000000000
0000000000000000 0000000000000000 0000000000000000
0000000000000000 0000000000000000 0000000000000000
0000000000000000 0000000000000000 0000000000000000
0000000000000000 0000000000000000 0000000000000000
0000000000000000 0000000000000000 0000000000000000
0000000000000000 0000000000000000 0000000000000000
0000000000000000 0000000000000000 0000000000000000
0000000000000000 0000000000000000 0000000000000000
0000000000000000 0000000000000000 0000000000000000
0000000000000000 0000000000000000 0000000000000000
0000000000000000 0000000000000000 0000000000000000
0000000000000000 0000000000000000 0000000000000000
0000000000000000 0000000000000000 0000000000000000
0000000000000000 0000000000000000 0000000000000000
0000000000000000 0000000000000000 0000000000000000
0000000000000000 0000000000000000 0000000000000000
0000000000000000 0000000000000000 0000000000000000
0000000000000000 0000000000000000 0000000000000000
0000000000000000 0000000000000000 0000000000000000
0000000000000000 0000000000000000 0000000000000000
0000000000000000 0000000000000000 0000000000000000
0000000000000000 0000000000000000 0000000000000000
0000000000000000 0000000000000000 0000000000000000
0000000000000000 0000000000000000 0000000000000000
3bc5af2e6cbf93d6 3bc5af2e3730246d 3bc5af2ea15d7422
3c82c5ce9fdb4e1f 3c82c5ce7932eade 3c82c5cec5cd8d50
3d2b0fd73e7fe58e 3d2b0fd711e5e342 3d2b0fd76a47464d
3dc4c975b47cd632 3dc4c9759ac94048 3dc4c975cdbd8920
3e51f24e6ba0183f 3e51f24e5cccd5cb 3e51f24e7a2b4b95
3ed0831e281cbdab 3ed0831e214116ca 3ed0831e2ed6083e
3f394c70c20dd1d4 3f394c70c1f3279a 3f394c70c22906a6
0000000000000000 0000000000000000 0000000000000000
0000000000000000 0000000000000000 0000000000000000
0000000000000000 0000000000000000 0000000000000000
0000000000000000 0000000000000000 0000000000000000
0000000000000000 0000000000000000 0000000000000000
0000000000000000 0000000000000000 0000000000000000
0000000000000000 0000000000000000 0000000000000000
0000000000000000 0000000000000000 0000000000000000
0000000000000000 0000000000000000 0000000000000000
0000000000000000 0000000000000000 0000000000000000
0000000000000000 0000000000000000 0000000000000000
0000000000000000 0000000000000000 0000000000000000
0000000000000000 0000000000000000 0000000000000000
0000000000000000 0000000000000000 0000000000000000
0000000000000000 0000000000000000 0000000000000000
0000000000000000 0000000000000000 0000000000000000
0000000000000000 0000000000000000 0000000000000000
0000000000000000 0000000000000000 0000000000000000
0000000000000000 0000000000000000 0000000000000000
0000000000000000 0000000000000000 0000000000000000
0000000000000000 0000000000000000 0000000000000000
0000000000000000 0000000000000000 0000000000000000
0000000000000000 0000000000000000 0000000000000000
0000000000000000 0000000000000000 0000000000000000
0000000000000000 0000000000000000 0000000000000000
0000000000000000 0000000000000000 0000000000000000
3bc5af2e6cc767cf 3bc5af2e37285075 3bc5af2ea16540c9
3c82c5ce9fe0f251 3c82c5ce792d45b0 3c82c5cec5d32e43
3d2b0fd73e866501 3d2b0fd711db7a70 3d2b0fd76a4dc4ea
3dc4c975b48092fc 3dc4c9759ac1c1d2 3dc4c975cdc148bd
3e51f24e6ba01645 3e51f24e5cc88573 3e51f24e7a2d7626
3ed0831e281dbb14 3ed0831e213f19d1 3ed0831e2ed709f0
3f394c70c20dcdde 3f394c70c1f323a3 3f394c70c2290e90
0000000000000000 0000000000000000 0000000000000000
0000000000000000 0000000000000000 0000000000000000
0000000000000000 0000000000000000 0000000000000000
0000000000000000 0000000000000000 0000000000000000
0000000000000000 0000000000000000 0000000000000000
0000000000000000 0000000000000000 0000000000000000
0000000000000000 0000000000000000 0000000000000000
0000000000000000 0000000000000000 0000000000000000
0000000000000000 0000000000000000 0000000000000000
0000000000000000 0000000000000000 0000000000000000
0000000000000000 0000000000000000 0000000000000000
0000000000000000 0000000000000000 0000000000000000
0000000000000000 0000000000000000 0000000000000000
0000000000000000 0000000000000000 0000000000000000
0000000000000000 0000000000000000 0000000000000000
0000000000000000 0000000000000000 0000000000000000
0000000000000000 0000000000000000 0000000000000000
0000000000000000 0000000000000000 0000000000000000
0000000000000000 0000000000000000 0000000000000000
0000000000000000 0000000000000000 0000000000000000
0000000000000000 0000000000000000 0000000000000000
0000000000000000 0000000000000000 0000000000000000
0000000000000000 0000000000000000 0000000000000000
0000000000000000 0000000000000000 0000000000000000
0000000000000000 0000000000000000 0000000000000000
0000000000000000 0000000000000000 0000000000000000
3bc664ac8b471e3c 3bc664ac53e2b6f1 3bc664acc16b00bf
3c83485881e334be 3c8348585a1f3553 3c834858a8bcb046
3d2ba5e6d87e7241 3d2ba5e6aadf7bc7 3d2ba5e70519d1a2
3dc51f9a6598cc99 3dc51f9a4b6f17c3 3dc51f9a7f2bff32
3e5223ab8fef248a 3e5223ab80eaf4d3 3e5223ab9e97e744
3ed099a66098ca3d 3ed099a659b23713 3ed099a667572491
3f394c15dafc9655 3f394c15dae1d89d 3f394c15db17f663
0000000000000000 0000000000000000 0000000000000000
0000000000000000 0000000000000000 0000000000000000
0000000000000000 0000000000000000 0000000000000000
0000000000000000 0000000000000000 0000000000000000
0000000000000000 0000000000000000 0000000000000000
0000000000000000 0000000000000000 0000000000000000
0000000000000000 0000000000000000 0000000000000000
0000000000000000 0000000000000000 0000000000000000
0000000000000000 0000000000000000 0000000000000000
0000000000000000 0000000000000000 0000000000000000
0000000000000000 0000000000000000 0000000000000000
0000000000000000 0000000000000000 0000000000000000
0000000000000000 0000000000000000 0000000000000000
0000000000000000 0000000000000000 0000000000000000
0000000000000000 0000000000000000 0000000000000000
0000000000000000 0000000000000000 0000000000000000
0000000000000000 0000000000000000 0000000000000000
0000000000000000 0000000000000000 0000000000000000
0000000000000000 0000000000000000 0000000000000000
0000000000000000 0000000000000000 0000000000000000
0000000000000000 0000000000000000 0000000000000000
0000000000000000 0000000000000000 0000000000000000
0000000000000000 0000000000000000 0000000000000000
0000000000000000 0000000000000000 0000000000000000
0000000000000000 0000000000000000 0000000000000000
0000000000000000 0000000000000000 0000000000000000
3bc76dc39b279df4 3bc76dc36192265e 3bc76dc3d38958f6
3c8405c809c5a07a 3c8405c7e0bf9208 3c8405c831ef62e9
3d2c7e434eaa035c 3d2c7e431ff6ccce 3d2c7e437c7218b0
3dc59b014fbff2be 3dc59b01352d9ced 3dc59b0169cf5a6d
3e5269eda93ad8ff 3e5269ed9a19a3cb 3e5269edb80f99dd
3ed0b982f850d4a2 3ed0b982f16a3299 3ed0b982ff171a7a
3f394b954e8a1530 3f394b954e6f383f 3f394b954ea574c9
0000000000000000 0000000000000000 0000000000000000
0000000000000000 0000000000000000 0000000000000000
0000000000000000 0000000000000000 0000000000000000
0000000000000000 0000000000000000 0000000000000000
0000000000000000 0000000000000000 0000000000000000
0000000000000000 0000000000000000 0000000000000000
0000000000000000 0000000000000000 0000000000000000
0000000000000000 0000000000000000 0000000000000000
0000000000000000 0000000000000000 0000000000000000
0000000000000000 0000000000000000 0000000000000000
0000000000000000 0000000000000000 0000000000000000
0000000000000000 0000000000000000 0000000000000000
0000000000000000 0000000000000000 0000000000000000
0000000000000000 0000000000000000 0000000000000000
0000000000000000 0000000000000000 0000000000000000
0000000000000000 0000000000000000 0000000000000000
0000000000000000 0000000000000000 0000000000000000
0000000000000000 0000000000000000 0000000000000000
0000000000000000 0000000000000000 0000000000000000
0000000000000000 0000000000000000 0000000000000000
0000000000000000 0000000000000000 0000000000000000
0000000000000000 0000000000000000 0000000000000000
0000000000000000 0000000000000000 0000000000000000
0000000000000000 0000000000000000 0000000000000000
0000000000000000 0000000000000000 0000000000000000
0000000000000000 0000000000000000 0000000000000000
3bc82f4fc4d00bc4 3bc82f4f89c8ddf9 3bc82f4ffe9b1ffa
3c848f353700a10b 3c848f350d30f3bb 3c848f355ff0760e
3d2d1a37f1543648 3d2d1a37c1f2f705 3d2d1a381fb29ce2
3dc5f362a34fa71d 3dc5f3628880b907 3dc5f362bd92e596
3e529becb1ade756 3e529beca27fb404 3e529becc08d822e
3ed0d009e9d4b0c5 3ed0d009e2ef15d4 3ed0d009f094ff33
3f394b3a6a08adaa 3f394b3a69ede8c8 3f394b3a6a2408fb
0000000000000000 0000000000000000 0000000000000000
0000000000000000 0000000000000000 0000000000000000
0000000000000000 0000000000000000 0000000000000000
0000000000000000 0000000000000000 0000000000000000
0000000000000000 0000000000000000 0000000000000000
0000000000000000 0000000000000000 0000000000000000
0000000000000000 0000000000000000 0000000000000000
0000000000000000 0000000000000000 0000000000000000
0000000000000000 0000000000000000 0000000000000000
0000000000000000 0000000000000000 0000000000000000
0000000000000000 0000000000000000 0000000000000000
0000000000000000 0000000000000000 0000000000000000
0000000000000000 0000000000000000 0000000000000000
0000000000000000 0000000000000000 0000000000000000
0000000000000000 0000000000000000 0000000000000000
0000000000000000 0000000000000000 0000000000000000
0000000000000000 0000000000000000 0000000000000000
0000000000000000 0000000000000000 0000000000000000
0000000000000000 0000000000000000 0000000000000000
0000000000000000 0000000000000000 0000000000000000
0000000000000000 0000000000000000 0000000000000000
0000000000000000 0000000000000000 0000000000000000
0000000000000000 0000000000000000 0000000000000000
0000000000000000 0000000000000000 0000000000000000
0000000000000000 0000000000000000 0000000000000000
0000000000000000 0000000000000000 0000000000000000
3bc804eb659f7938 3bc804eb2aeea0dd 3bc804eb9f2fa0a6
3c84712b8066c464 3c84712b56c0c7a5 3c84712ba93b425b
3d2cf83376cc5604 3d2cf833478a69c2 3d2cf833a5148d57
3dc5e025bfbe4aea 3dc5e025a4f0b33b 3dc5e025d9f6d75f
3e5291107c7b2454 3e5291106d4b3c67 3e5291108b574e7b
3ed0cb27d39d575d 3ed0cb27ccb6be18 3ed0cb27da60a3fb
3f394b4e1dfbfbba 3f394b4e1de12ae6 3f394b4e1e175b14
0000000000000000 0000000000000000 0000000000000000
0000000000000000 0000000000000000 0000000000000000
0000000000000000 0000000000000000 0000000000000000
0000000000000000 0000000000000000 0000000000000000
0000000000000000 0000000000000000 0000000000000000
0000000000000000 0000000000000000 0000000000000000
0000000000000000 0000000000000000 0000000000000000
0000000000000000 0000000000000000 0000000000000000
0000000000000000 0000000000000000 0000000000000000
0000000000000000 0000000000000000 0000000000000000
0000000000000000 0000000000000000 0000000000000000
0000000000000000 0000000000000000 0000000000000000
0000000000000000 0000000000000000 0000000000000000
0000000000000000 0000000000000000 0000000000000000
0000000000000000 0000000000000000 0000000000000000
0000000000000000 0000000000000000 0000000000000000
0000000000000000 0000000000000000 0000000000000000
0000000000000000 0000000000000000 0000000000000000
0000000000000000 0000000000000000 0000000000000000
0000000000000000 0000000000000000 0000000000000000
0000000000000000 0000000000000000 0000000000000000
0000000000000000 0000000000000000 0000000000000000
0000000000000000 0000000000000000 0000000000000000
0000000000000000 0000000000000000 0000000000000000
0000000000000000 0000000000000000 0000000000000000
0000000000000000 0000000000000000 0000000000000000
3bc75ca281750978 3bc75ca24802b155 3bc75ca2b9e656d4
3c83f99563283c8b 3c83f9953a317121 3c83f9958b5f9b7c
3d2c7061553d035d 3d2c7061268b544d 3d2c706183073e88
3dc5931d6bb14a49 3dc5931d511b0d50 3dc5931d85c88e04
3e526573b317d749 3e526573a3f41684 3e526573c1f3f700
3ed0b77d1f67151e 3ed0b77d187d71c1 3ed0b77d263154cd
3f394b9d77e6a8a5 3f394b9d77cbbbd6 3f394b9d78021426
0000000000000000 0000000000000000 0000000000000000
0000000000000000 0000000000000000 0000000000000000
0000000000000000 0000000000000000 0000000000000000
0000000000000000 0000000000000000 0000000000000000
0000000000000000 0000000000000000 0000000000000000
0000000000000000 0000000000000000 0000000000000000
0000000000000000 0000000000000000 0000000000000000
0000000000000000 0000000000000000 0000000000000000
0000000000000000 0000000000000000 0000000000000000
0000000000000000 0000000000000000 0000000000000000
0000000000000000 0000000000000000 0000000000000000
0000000000000000 0000000000000000 0000000000000000
0000000000000000 0000000000000000 0000000000000000
0000000000000000 0000000000000000 0000000000000000
0000000000000000 0000000000000000 0000000000000000
0000000000000000 0000000000000000 0000000000000000
0000000000000000 0000000000000000 0000000000000000
0000000000000000 0000000000000000 0000000000000000
0000000000000000 0000000000000000 0000000000000000
0000000000000000 0000000000000000 0000000000000000
0000000000000000 0000000000000000 0000000000000000
0000000000000000 0000000000000000 0000000000000000
0000000000000000 0000000000000000 0000000000000000
0000000000000000 0000000000000000 0000000000000000
0000000000000000 0000000000000000 0000000000000000
0000000000000000 0000000000000000 0000000000000000
3bc67535a44fb7c2 3bc675356cb10cbb 3bc67535dac53f66
3c8354344df3c5f4 3c835434260e561c 3c835434750d6a4d
3d2bb37e7d3ae39c 3d2bb37e4f73e477 3d2bb37eaa0dbdfa
3dc5276214cd37e3 3dc52761fa908b95 3dc527622e81fa41
3e52281d8cb259a2 3e52281d7da8cdb4 3e52281d9b6dd22d
3ed09bac49aba3cb 3ed09bac42c304f9 3ed09bac5071ecc0
3f394c0db17f7c86 3f394c0db1649f2a 3f394c0db19ae476
0000000000000000 0000000000000000 0000000000000000
0000000000000000 0000000000000000 0000000000000000
0000000000000000 0000000000000000 0000000000000000
0000000000000000 0000000000000000 0000000000000000
0000000000000000 0000000000000000 0000000000000000
0000000000000000 0000000000000000 0000000000000000
0000000000000000 0000000000000000 0000000000000000
0000000000000000 0000000000000000 0000000000000000
0000000000000000 0000000000000000 0000000000000000
0000000000000000 0000000000000000 0000000000000000
0000000000000000 0000000000000000 0000000000000000
0000000000000000 0000000000000000 0000000000000000
0000000000000000 0000000000000000 0000000000000000
0000000000000000 0000000000000000 0000000000000000
0000000000000000 0000000000000000 0000000000000000
0000000000000000 0000000000000000 0000000000000000
0000000000000000 0000000000000000 0000000000000000
0000000000000000 0000000000000000 0000000000000000
0000000000000000 0000000000000000 0000000000000000
0000000000000000 0000000000000000 0000000000000000
0000000000000000 0000000000000000 0000000000000000
0000000000000000 0000000000000000 0000000000000000
0000000000000000 0000000000000000 0000000000000000
0000000000000000 0000000000000000 0000000000000000
0000000000000000 0000000000000000 0000000000000000
0000000000000000 0000000000000000 0000000000000000
3bc5d61cbee610ef 3bc5d61c88bfb78b 3bc5d61cf3baf98a
3c82e1de14d92d31 3c82e1ddedd1dc37 3c82e1de3af3190d
3d2b302a7964a021 3d2b302a4c6d33d0 3d2b302aa55488e2
3dc4dc0e30c4a2a3 3dc4dc0e16e1d78e 3dc4dc0e4a134c9e
3e51fcfc2646a9aa 3e51fcfc175e2f1e 3e51fcfc34dd24c9
3ed088009c44d14f 3ed0880095633339 3ed08800a3022253
3f394c5d0d5df4b4 3f394c5d0d433ab4 3f394c5d0d794133
0000000000000000 0000000000000000 0000000000000000
0000000000000000 0000000000000000 0000000000000000
0000000000000000 0000000000000000 0000000000000000
0000000000000000 0000000000000000 0000000000000000
0000000000000000 0000000000000000 0000000000000000
0000000000000000 0000000000000000 0000000000000000
0000000000000000 0000000000000000 0000000000000000
0000000000000000 0000000000000000 0000000000000000
0000000000000000 0000000000000000 0000000000000000
0000000000000000 0000000000000000 0000000000000000
0000000000000000 0000000000000000 0000000000000000
0000000000000000 0000000000000000 0000000000000000
0000000000000000 0000000000000000 0000000000000000
0000000000000000 0000000000000000 0000000000000000
0000000000000000 0000000000000000 0000000000000000
0000000000000000 0000000000000000 0000000000000000
0000000000000000 0000000000000000 0000000000000000
0000000000000000 0000000000000000 0000000000000000
0000000000000000 0000000000000000 0000000000000000
0000000000000000 0000000000000000 0000000000000000
0000000000000000 0000000000000000 0000000000000000
0000000000000000 0000000000000000 0000000000000000
0000000000000000 0000000000000000 0000000000000000
0000000000000000 0000000000000000 0000000000000000
0000000000000000 0000000000000000 0000000000000000
0000000000000000 0000000000000000 0000000000000000
3bc5d61cbee60d40 3bc5d61c88d747d7 3bc5d61cf3ab4190
3c82e1de14d92b12 3c82e1ddede2d701 3c82e1de3ae33d9e
3d2b302a79649e4b 3d2b302a4c80c47d 3d2b302aa53f0186
3dc4dc0e30c4a1ee 3dc4dc0e16ed1c0f 3dc4dc0e4a05c7ff
3e51fcfc2646a976 3e51fcfc1764acaa 3e51fcfc34d4eee1
3ed088009c44d14d 3ed088009566339b 3ed08800a2fe2644
3f394c5d0d5df4b3 3f394c5d0d434a8a 3f394c5d0d793554
0000000000000000 0000000000000000 0000000000000000
0000000000000000 0000000000000000 0000000000000000
0000000000000000 0000000000000000 0000000000000000
0000000000000000 0000000000000000 0000000000000000
0000000000000000 0000000000000000 0000000000000000
0000000000000000 0000000000000000 0000000000000000
0000000000000000 0000000000000000 0000000000000000
0000000000000000 0000000000000000 0000000000000000
0000000000000000 0000000000000000 0000000000000000
0000000000000000 0000000000000000 0000000000000000
0000000000000000 0000000000000000 0000000000000000
0000000000000000 0000000000000000 0000000000000000
0000000000000000 0000000000000000 0000000000000000
0000000000000000 0000000000000000 0000000000000000
0000000000000000 0000000000000000 0000000000000000
0000000000000000 0000000000000000 0000000000000000
0000000000000000 0000000000000000 0000000000000000
0000000000000000 0000000000000000 0000000000000000
0000000000000000 0000000000000000 0000000000000000
0000000000000000 0000000000000000 0000000000000000
0000000000000000 0000000000000000 0000000000000000
0000000000000000 0000000000000000 0000000000000000
0000000000000000 0000000000000000 0000000000000000
0000000000000000 0000000000000000 0000000000000000
0000000000000000 0000000000000000 0000000000000000
0000000000000000 0000000000000000 0000000000000000
3bc67535a44fb7c2 3bc675356cb10cbb 3bc67535dac53f66
3c8354344df3c5f4 3c835434260e561c 3c835434750d6a4d
3d2bb37e7d3ae39c 3d2bb37e4f73e477 3d2bb37eaa0dbdfa
3dc5276214cd37e3 3dc52761fa908b95 3dc527622e81fa41
3e52281d8cb259a2 3e52281d7da8cdb4 3e52281d9b6dd22d
3ed09bac49aba3cb 3ed09bac42c304f9 3ed09bac5071ecc0
3f394c0db17f7c86 3f394c0db1649f2a 3f394c0db19ae476
0000000000000000 0000000000000000 0000000000000000
0000000000000000 0000000000000000 0000000000000000
0000000000000000 0000000000000000 0000000000000000
0000000000000000 0000000000000000 0000000000000000
0000000000000000 0000000000000000 0000000000000000
0000000000000000 0000000000000000 0000000000000000
0000000000000000 0000000000000000 0000000000000000
0000000000000000 0000000000000000 0000000000000000
0000000000000000 0000000000000000 0000000000000000
0000000000000000 0000000000000000 0000000000000000
0000000000000000 0000000000000000 0000000000000000
0000000000000000 0000000000000000 0000000000000000
0000000000000000 0000000000000000 0000000000000000
0000000000000000 0000000000000000 0000000000000000
0000000000000000 0000000000000000 0000000000000000
0000000000000000 0000000000000000 0000000000000000
0000000000000000 0000000000000000 0000000000000000
0000000000000000 0000000000000000 0000000000000000
0000000000000000 0000000000000000 0000000000000000
0000000000000000 0000000000000000 0000000000000000
0000000000000000 0000000000000000 0000000000000000
0000000000000000 0000000000000000 0000000000000000
0000000000000000 0000000000000000 0000000000000000
0000000000000000 0000000000000000 0000000000000000
0000000000000000 0000000000000000 0000000000000000
0000000000000000 0000000000000000 0000000000000000
3bc75ca281750978 3bc75ca24802b155 3bc75ca2b9e656d4
3c83f99563283c8b 3c83f9953a317121 3c83f9958b5f9b7c
3d2c7061553d035d 3d2c7061268b544d 3d2c706183073e88
3dc5931d6bb14a49 3dc5931d511b0d50 3dc5931d85c88e04
3e526573b317d749 3e526573a3f41684 3e526573c1f3f700
3ed0b77d1f67151e 3ed0b77d187d71c1 3ed0b77d263154cd
3f394b9d77e6a8a5 3f394b9d77cbbbd6 3f394b9d78021426
0000000000000000 0000000000000000 0000000000000000
0000000000000000 0000000000000000 0000000000000000
0000000000000000 0000000000000000 0000000000000000
0000000000000000 0000000000000000 0000000000000000
0000000000000000 0000000000000000 0000000000000000
0000000000000000 0000000000000000 0000000000000000
0000000000000000 0000000000000000 0000000000000000
0000000000000000 0000000000000000 0000000000000000
0000000000000000 0000000000000000 0000000000000000
0000000000000000 0000000000000000 0000000000000000
0000000000000000 0000000000000000 0000000000000000
0000000000000000 0000000000000000 0000000000000000
0000000000000000 0000000000000000 0000000000000000
0000000000000000 0000000000000000 0000000000000000
0000000000000000 0000000000000000 0000000000000000
0000000000000000 0000000000000000 0000000000000000
0000000000000000 0000000000000000 0000000000000000
0000000000000000 0000000000000000 0000000000000000
0000000000000000 0000000000000000 0000000000000000
0000000000000000 0000000000000000 0000000000000000
0000000000000000 0000000000000000 0000000000000000
0000000000000000 0000000000000000 0000000000000000
0000000000000000 0000000000000000 0000000000000000
0000000000000000 0000000000000000 0000000000000000
0000000000000000 0000000000000000 0000000000000000
0000000000000000 0000000000000000 0000000000000000
3bc804eb659f7f2e 3bc804eb2b08259d 3bc804eb9f1e9a26
3c84712b806328d9 3c84712b56d2e083 3c84712ba930636d
3d2cf83376c83eee 3d2cf833479eee0f 3d2cf833a50996ce
3dc5e025bfbd2377 3dc5e025a4fc521f 3dc5e025d9f16645
3e5291107c7b253a 3e5291106d51d052 3e5291108b54a7de
3ed0cb27d39d5760 3ed0cb27ccb9b8d0 3ed0cb27da5fa009
3f394b4e1dfbfbba 3f394b4e1de12edd 3f394b4e1e174f32
0000000000000000 0000000000000000 0000000000000000
0000000000000000 0000000000000000 0000000000000000
0000000000000000 0000000000000000 0000000000000000
0000000000000000 0000000000000000 0000000000000000
0000000000000000 0000000000000000 0000000000000000
0000000000000000 0000000000000000 0000000000000000
0000000000000000 0000000000000000 0000000000000000
0000000000000000 0000000000000000 0000000000000000
0000000000000000 0000000000000000 0000000000000000
0000000000000000 0000000000000000 0000000000000000
0000000000000000 0000000000000000 0000000000000000
0000000000000000 0000000000000000 0000000000000000
0000000000000000 0000000000000000 0000000000000000
0000000000000000 0000000000000000 0000000000000000
0000000000000000 0000000000000000 0000000000000000
0000000000000000 0000000000000000 0000000000000000
0000000000000000 0000000000000000 0000000000000000
0000000000000000 0000000000000000 0000000000000000
0000000000000000 0000000000000000 0000000000000000
0000000000000000 0000000000000000 0000000000000000
0000000000000000 0000000000000000 0000000000000000
0000000000000000 0000000000000000 0000000000000000
0000000000000000 0000000000000000 0000000000000000
0000000000000000 0000000000000000 0000000000000000
0000000000000000 0000000000000000 0000000000000000
0000000000000000 0000000000000000 0000000000000000
3bc804eb659f7938 3bc804eb2ae6189f 3bc804eb9f2fa0a6
3c84712b8066c464 3c84712b56babbf2 3c84712ba93b42e4
3d2cf83376cc5604 3d2cf833478390b4 3d2cf833a5148ed8
3dc5e025bfbe4aea 3dc5e025a4ecd34d 3dc5e025d9f6d915
3e5291107c7b2454 3e5291106d490ba8 3e5291108b57506a
3ed0cb27d39d575d 3ed0cb27ccb5c0b9 3ed0cb27da60a62c
3f394b4e1dfbfbba 3f394b4e1de12ae6 3f394b4e1e175f0a
0000000000000000 0000000000000000 0000000000000000
0000000000000000 0000000000000000 0000000000000000
0000000000000000 0000000000000000 0000000000000000
0000000000000000 0000000000000000 0000000000000000
0000000000000000 0000000000000000 0000000000000000
0000000000000000 0000000000000000 0000000000000000
0000000000000000 0000000000000000 0000000000000000
0000000000000000 0000000000000000 0000000000000000
0000000000000000 0000000000000000 0000000000000000
0000000000000000 0000000000000000 0000000000000000
0000000000000000 0000000000000000 0000000000000000
0000000000000000 0000000000000000 0000000000000000
0000000000000000 0000000000000000 0000000000000000
0000000000000000 0000000000000000 0000000000000000
0000000000000000 0000000000000000 0000000000000000
0000000000000000 0000000000000000 0000000000000000
0000000000000000 0000000000000000 0000000000000000
0000000000000000 0000000000000000 0000000000000000
0000000000000000 0000000000000000 0000000000000000
0000000000000000 0000000000000000 0000000000000000
0000000000000000 0000000000000000 0000000000000000
0000000000000000 0000000000000000 0000000000000000
0000000000000000 0000000000000000 0000000000000000
0000000000000000 0000000000000000 0000000000000000
0000000000000000 0000000000000000 0000000000000000
0000000000000000 0000000000000000 0000000000000000
3bc75ca281750f51 3bc75ca247f20c86 3bc75ca2b9eea365
3c83f99563283fdf 3c83f9953a25965e 3c83f9958b6915ed
3d2c706155364545 3d2c7061267dd3de 3d2c706183120bff
3dc5931d6bb14d0e 3dc5931d5113c086 3dc5931d85ccc997
3e526573b317d79a 3e526573a3f09787 3e526573c1f5b8ca
3ed0b77d1f671521 3ed0b77d187c72a2 3ed0b77d2633530c
3f394b9d77e6a8a6 3f394b9d77cbb3e9 3f394b9d7802181b
0000000000000000 0000000000000000 0000000000000000
0000000000000000 0000000000000000 0000000000000000
0000000000000000 0000000000000000 0000000000000000
0000000000000000 0000000000000000 0000000000000000
0000000000000000 0000000000000000 0000000000000000
0000000000000000 0000000000000000 0000000000000000
0000000000000000 0000000000000000 0000000000000000
0000000000000000 0000000000000000 0000000000000000
0000000000000000 0000000000000000 0000000000000000
0000000000000000 0000000000000000 0000000000000000
0000000000000000 0000000000000000 0000000000000000
0000000000000000 0000000000000000 0000000000000000
0000000000000000 0000000000000000 0000000000000000
0000000000000000 0000000000000000 0000000000000000
0000000000000000 0000000000000000 0000000000000000
0000000000000000 0000000000000000 0000000000000000
0000000000000000 0000000000000000 0000000000000000
0000000000000000 0000000000000000 0000000000000000
0000000000000000 0000000000000000 0000000000000000
0000000000000000 0000000000000000 0000000000000000
0000000000000000 0000000000000000 0000000000000000
0000000000000000 0000000000000000 0000000000000000
0000000000000000 0000000000000000 0000000000000000
0000000000000000 0000000000000000 0000000000000000
0000000000000000 0000000000000000 0000000000000000
0000000000000000 0000000000000000 0000000000000000
3bc67535a44fb21c 3bc675356cd13d01 3bc67535dac53d8b
3c8354344df3c2b7 3c835434262569d8 3c8354347501d98d
3d2bb37e7d3ae0d2 3d2bb37e4f8e59e1 3d2bb37eaa086cf1
3dc5276214cd36d0 3dc52761fa9fb107 3dc527622e7e2aa7
3e52281d8cb25952 3e52281d7db178a5 3e52281d9b6a539d
3ed09bac49aba3c9 3ed09bac42c6fdfd 3ed09bac5070e6b2
3f394c0db17f7c88 3f394c0db164a31f 3f394c0db19ad4a0
0000000000000000 0000000000000000 0000000000000000
0000000000000000 0000000000000000 0000000000000000
0000000000000000 0000000000000000 0000000000000000
0000000000000000 0000000000000000 0000000000000000
0000000000000000 0000000000000000 0000000000000000
0000000000000000 0000000000000000 0000000000000000
0000000000000000 0000000000000000 0000000000000000
0000000000000000 0000000000000000 0000000000000000
0000000000000000 0000000000000000 0000000000000000
0000000000000000 0000000000000000 0000000000000000
0000000000000000 0000000000000000 0000000000000000
0000000000000000 0000000000000000 0000000000000000
0000000000000000 0000000000000000 0000000000000000
0000000000000000 0000000000000000 0000000000000000
0000000000000000 0000000000000000 0000000000000000
0000000000000000 0000000000000000 0000000000000000
0000000000000000 0000000000000000 0000000000000000
0000000000000000 0000000000000000 0000000000000000
0000000000000000 0000000000000000 0000000000000000
0000000000000000 0000000000000000 0000000000000000
0000000000000000 0000000000000000 0000000000000000
0000000000000000 0000000000000000 0000000000000000
0000000000000000 0000000000000000 0000000000000000
0000000000000000 0000000000000000 0000000000000000
0000000000000000 0000000000000000 0000000000000000
0000000000000000 0000000000000000 0000000000000000
3bc5d61cbede36c6 3bc5d61c88d754b7 3bc5d61cf3ab3c08
3c82e1de14d38570 3c82e1ddede64452 3c82e1de3adfd2f3
3d2b302a795e1da1 3d2b302a4c86aa59 3d2b302aa53efc19
3dc4dc0e30c0e4af 3dc4dc0e16ef5ec5 3dc4dc0e4a0684f6
3e51fcfc264483fd 3e51fcfc1764acea 3e51fcfc34d47ebc
3ed088009c43d611 3ed088009566340f 3ed08800a2fe263d
3f394c5d0d5df8a8 3f394c5d0d434a89 3f394c5d0d793552
0000000000000000 0000000000000000 0000000000000000
0000000000000000 0000000000000000 0000000000000000
0000000000000000 0000000000000000 0000000000000000
0000000000000000 0000000000000000 0000000000000000
0000000000000000 0000000000000000 0000000000000000
0000000000000000 0000000000000000 0000000000000000
0000000000000000 0000000000000000 0000000000000000
0000000000000000 0000000000000000 0000000000000000
0000000000000000 0000000000000000 0000000000000000
0000000000000000 0000000000000000 0000000000000000
0000000000000000 0000000000000000 0000000000000000
0000000000000000 0000000000000000 0000000000000000
0000000000000000 0000000000000000 0000000000000000
0000000000000000 0000000000000000 0000000000000000
0000000000000000 0000000000000000 0000000000000000
0000000000000000 0000000000000000 0000000000000000
0000000000000000 0000000000000000 0000000000000000
0000000000000000 0000000000000000 0000000000000000
0000000000000000 0000000000000000 0000000000000000
0000000000000000 0000000000000000 0000000000000000
0000000000000000 0000000000000000 0000000000000000
0000000000000000 0000000000000000 0000000000000000
0000000000000000 0000000000000000 0000000000000000
0000000000000000 0000000000000000 0000000000000000
0000000000000000 0000000000000000 0000000000000000
0000000000000000 0000000000000000 0000000000000000
3bc5d61cbee610ef 3bc5d61c88bfb78b 3bc5d61cf3baf98a
3c82e1de14d92d31 3c82e1ddedd1dc37 3c82e1de3af3190d
3d2b302a7964a021 3d2b302a4c6d33d0 3d2b302aa55488e2
3dc4dc0e30c4a2a3 3dc4dc0e16e1d78e 3dc4dc0e4a134c9e
3e51fcfc2646a9aa 3e51fcfc175e2f1e 3e51fcfc34dd24c9
3ed088009c44d14f 3ed0880095633339 3ed08800a3022253
3f394c5d0d5df4b4 3f394c5d0d433ab4 3f394c5d0d794133
0000000000000000 0000000000000000 0000000000000000
0000000000000000 0000000000000000 0000000000000000
0000000000000000 0000000000000000 0000000000000000
0000000000000000 0000000000000000 0000000000000000
0000000000000000 0000000000000000 0000000000000000
0000000000000000 0000000000000000 0000000000000000
0000000000000000 0000000000000000 0000000000000000
0000000000000000 0000000000000000 0000000000000000
0000000000000000 0000000000000000 0000000000000000
0000000000000000 0000000000000000 0000000000000000
0000000000000000 0000000000000000 0000000000000000
0000000000000000 0000000000000000 0000000000000000
0000000000000000 0000000000000000 0000000000000000
0000000000000000 0000000000000000 0000000000000000
0000000000000000 0000000000000000 0000000000000000
0000000000000000 0000000000000000 0000000000000000
0000000000000000 0000000000000000 0000000000000000
0000000000000000 0000000000000000 0000000000000000
0000000000000000 0000000000000000 0000000000000000
0000000000000000 0000000000000000 0000000000000000
0000000000000000 0000000000000000 0000000000000000
0000000000000000 0000000000000000 0000000000000000
0000000000000000 0000000000000000 0000000000000000
0000000000000000 0000000000000000 0000000000000000
0000000000000000 0000000000000000 0000000000000000
0000000000000000 0000000000000000 0000000000000000
3bc67535a44fb21c 3bc675356cd13d01 3bc67535dac53d8b
3c8354344df3c2b7 3c835434262569d8 3c8354347501d98d
3d2bb37e7d3ae0d2 3d2bb37e4f8e59e1 3d2bb37eaa086cf1
3dc5276214cd36d0 3dc52761fa9fb107 3dc527622e7e2aa7
3e52281d8cb25952 3e52281d7db178a5 3e52281d9b6a539d
3ed09bac49aba3c9 3ed09bac42c6fdfd 3ed09bac5070e6b2
3f394c0db17f7c88 3f394c0db164a31f 3f394c0db19ad4a0
0000000000000000 0000000000000000 0000000000000000
0000000000000000 0000000000000000 0000000000000000
0000000000000000 0000000000000000 0000000000000000
0000000000000000 0000000000000000 0000000000000000
0000000000000000 0000000000000000 0000000000000000
0000000000000000 0000000000000000 0000000000000000
0000000000000000 0000000000000000 0000000000000000
0000000000000000 0000000000000000 0000000000000000
0000000000000000 0000000000000000 0000000000000000
0000000000000000 0000000000000000 0000000000000000
0000000000000000 0000000000000000 0000000000000000
0000000000000000 0000000000000000 0000000000000000
0000000000000000 0000000000000000 0000000000000000
0000000000000000 0000000000000000 0000000000000000
0000000000000000 0000000000000000 0000000000000000
0000000000000000 0000000000000000 0000000000000000
0000000000000000 0000000000000000 0000000000000000
0000000000000000 0000000000000000 0000000000000000
0000000000000000 0000000000000000 0000000000000000
0000000000000000 0000000000000000 0000000000000000
0000000000000000 0000000000000000 0000000000000000
0000000000000000 0000000000000000 0000000000000000
0000000000000000 0000000000000000 0000000000000000
0000000000000000 0000000000000000 0000000000000000
0000000000000000 0000000000000000 0000000000000000
0000000000000000 0000000000000000 0000000000000000
3bc75ca281750978 3bc75ca24802b155 3bc75ca2b9e656d4
3c83f99563283c8b 3c83f9953a317121 3c83f9958b5f9b7c
3d2c7061553d035d 3d2c7061268b544d 3d2c706183073e88
3dc5931d6bb14a49 3dc5931d511b0d50 3dc5931d85c88e04
3e526573b317d749 3e526573a3f41684 3e526573c1f3f700
3ed0b77d1f67151e 3ed0b77d187d71c1 3ed0b77d263154cd
3f394b9d77e6a8a5 3f394b9d77cbbbd6 3f394b9d78021426
0000000000000000 0000000000000000 0000000000000000
0000000000000000 0000000000000000 0000000000000000
0000000000000000 0000000000000000 0000000000000000
0000000000000000 0000000000000000 0000000000000000
0000000000000000 0000000000000000 0000000000000000
0000000000000000 0000000000000000 0000000000000000
0000000000000000 0000000000000000 0000000000000000
0000000000000000 0000000000000000 0000000000000000
0000000000000000 0000000000000000 0000000000000000
0000000000000000 0000000000000000 0000000000000000
0000000000000000 0000000000000000 0000000000000000
0000000000000000 0000000000000000 0000000000000000
0000000000000000 0000000000000000 0000000000000000
0000000000000000 0000000000000000 0000000000000000
0000000000000000 0000000000000000 0000000000000000
0000000000000000 0000000000000000 0000000000000000
0000000000000000 0000000000000000 0000000000000000
0000000000000000 0000000000000000 0000000000000000
0000000000000000 0000000000000000 0000000000000000
0000000000000000 0000000000000000 0000000000000000
0000000000000000 0000000000000000 0000000000000000
0000000000000000 0000000000000000 0000000000000000
0000000000000000 0000000000000000 0000000000000000
0000000000000000 0000000000000000 0000000000000000
0000000000000000 0000000000000000 0000000000000000
0000000000000000 0000000000000000 0000000000000000
3bc804eb659f7f2e 3bc804eb2aee9cde 3bc804eb9f2fac9d
3c84712b806328d9 3c84712b56c0c563 3c84712ba937a6d1
3d2cf83376c83eee 3d2cf833478a68c0 3d2cf833a518ad03
3dc5e025bfbd2377 3dc5e025a4f0b17a 3dc5e025d9f54c3c
3e5291107c7b253a 3e5291106d4b3cf8 3e5291108b582f67
3ed0cb27d39d5760 3ed0cb27ccb6bd37 3ed0cb27da60a401
3f394b4e1dfbfbba 3f394b4e1de12ae5 3f394b4e1e175b13
0000000000000000 0000000000000000 0000000000000000
0000000000000000 0000000000000000 0000000000000000
0000000000000000 0000000000000000 0000000000000000
0000000000000000 0000000000000000 0000000000000000
0000000000000000 0000000000000000 0000000000000000
0000000000000000 0000000000000000 0000000000000000
0000000000000000 0000000000000000 0000000000000000
0000000000000000 0000000000000000 0000000000000000
0000000000000000 0000000000000000 0000000000000000
0000000000000000 0000000000000000 0000000000000000
0000000000000000 0000000000000000 0000000000000000
0000000000000000 0000000000000000 0000000000000000
0000000000000000 0000000000000000 0000000000000000
0000000000000000 0000000000000000 0000000000000000
0000000000000000 0000000000000000 0000000000000000
0000000000000000 0000000000000000 0000000000000000
0000000000000000 0000000000000000 0000000000000000
0000000000000000 0000000000000000 0000000000000000
0000000000000000 0000000000000000 0000000000000000
0000000000000000 0000000000000000 0000000000000000
0000000000000000 0000000000000000 0000000000000000
0000000000000000 0000000000000000 0000000000000000
0000000000000000 0000000000000000 0000000000000000
0000000000000000 0000000000000000 0000000000000000
0000000000000000 0000000000000000 0000000000000000
0000000000000000 0000000000000000 0000000000000000
3bc7b0dc5948b6ee 3bc7b0dc1f29eed4 3bc7b0dc92526ebf
3c8435816265415d 3c84358139136dc4 3c8435818af0fea1
3d2cb483f4a09462 3d2cb483c5ad70c2 3d2cb48422be4d10
3dc5b9cda8a93736 3dc5b9cd8dfa2927 3dc5b9cdc2dbbe9f
3e527b6185b8a832 3e527b6176912417 3e527b61949a8cda
3ed0c1639412602a 3ed0c1638d29bd70 3ed0c1639adb9d49
3f394b758608f6d4 3f394b7585ee0e1d 3f394b7586245e39
0000000000000000 0000000000000000 0000000000000000
0000000000000000 0000000000000000 0000000000000000
0000000000000000 0000000000000000 0000000000000000
0000000000000000 0000000000000000 0000000000000000
0000000000000000 0000000000000000 0000000000000000
0000000000000000 0000000000000000 0000000000000000
0000000000000000 0000000000000000 0000000000000000
0000000000000000 0000000000000000 0000000000000000
0000000000000000 0000000000000000 0000000000000000
0000000000000000 0000000000000000 0000000000000000
0000000000000000 0000000000000000 0000000000000000
0000000000000000 0000000000000000 0000000000000000
0000000000000000 0000000000000000 0000000000000000
0000000000000000 0000000000000000 0000000000000000
0000000000000000 0000000000000000 0000000000000000
0000000000000000 0000000000000000 0000000000000000
0000000000000000 0000000000000000 0000000000000000
0000000000000000 0000000000000000 0000000000000000
0000000000000000 0000000000000000 0000000000000000
0000000000000000 0000000000000000 0000000000000000
0000000000000000 0000000000000000 0000000000000000
0000000000000000 0000000000000000 0000000000000000
0000000000000000 0000000000000000 0000000000000000
0000000000000000 0000000000000000 0000000000000000
0000000000000000 0000000000000000 0000000000000000
0000000000000000 0000000000000000 0000000000000000
3bc73a7f9c0fe2e9 3bc73a7f632e0959 3bc73a7fd3c025c5
3c83e141eadc562f 3c83e141c243cdd0 3c83e1421298a22a
3d2c54ac98de0255 3d2c54ac6a8b12af 3d2c54acc62e9493
3dc5835b64d2634c 3dc5835b4a6d8efd 3dc5835b7ea4f91a
3e525c816606e693 3e525c8156fd2641 3e525c8174c06a8c
3ed0b3716a4e1f4c 3ed0b371636e808e 3ed0b37171097002
3f394badcaa65d0c 3f394badca8bab8d 3f394badcac1a102
0000000000000000 0000000000000000 0000000000000000
0000000000000000 0000000000000000 0000000000000000
0000000000000000 0000000000000000 0000000000000000
0000000000000000 0000000000000000 0000000000000000
0000000000000000 0000000000000000 0000000000000000
0000000000000000 0000000000000000 0000000000000000
0000000000000000 0000000000000000 0000000000000000
0000000000000000 0000000000000000 0000000000000000
0000000000000000 0000000000000000 0000000000000000
0000000000000000 0000000000000000 0000000000000000
0000000000000000 0000000000000000 0000000000000000
0000000000000000 0000000000000000 0000000000000000
0000000000000000 0000000000000000 0000000000000000
0000000000000000 0000000000000000 0000000000000000
0000000000000000 0000000000000000 0000000000000000
0000000000000000 0000000000000000 0000000000000000
0000000000000000 0000000000000000 0000000000000000
0000000000000000 0000000000000000 0000000000000000
0000000000000000 0000000000000000 0000000000000000
0000000000000000 0000000000000000 0000000000000000
0000000000000000 0000000000000000 0000000000000000
0000000000000000 0000000000000000 0000000000000000
0000000000000000 0000000000000000 0000000000000000
0000000000000000 0000000000000000 0000000000000000
0000000000000000 0000000000000000 0000000000000000
0000000000000000 0000000000000000 0000000000000000
3bc696665e384bdc 3bc69666268dccfa 3bc6966694a81074
3c836bfd66388289 3c836bfd3e49f46c 3c836bfd8d343a7d
3d2bcebcccf31abf 3d2bcebc9f32392e 3d2bcebcf9a54ed4
3dc536f72b661618 3dc536f71132faf9 3dc536f74502a0e6
3e5231032583e24a 3e5231031680b258 3e523103342ccf61
3ed09fb81891ba3a 3ed09fb811ad272a 3ed09fb81f4f10be
3f394bfd5e8bbeb9 3f394bfd5e71050d 3f394bfd5ea716c3
0000000000000000 0000000000000000 0000000000000000
0000000000000000 0000000000000000 0000000000000000
0000000000000000 0000000000000000 0000000000000000
0000000000000000 0000000000000000 0000000000000000
0000000000000000 0000000000000000 0000000000000000
0000000000000000 0000000000000000 0000000000000000
0000000000000000 0000000000000000 0000000000000000
0000000000000000 0000000000000000 0000000000000000
0000000000000000 0000000000000000 0000000000000000
0000000000000000 0000000000000000 0000000000000000
0000000000000000 0000000000000000 0000000000000000
0000000000000000 0000000000000000 0000000000000000
0000000000000000 0000000000000000 0000000000000000
0000000000000000 0000000000000000 0000000000000000
0000000000000000 0000000000000000 0000000000000000
0000000000000000 0000000000000000 0000000000000000
0000000000000000 0000000000000000 0000000000000000
0000000000000000 0000000000000000 0000000000000000
0000000000000000 0000000000000000 0000000000000000
0000000000000000 0000000000000000 0000000000000000
0000000000000000 0000000000000000 0000000000000000
0000000000000000 0000000000000000 0000000000000000
0000000000000000 0000000000000000 0000000000000000
0000000000000000 0000000000000000 0000000000000000
0000000000000000 0000000000000000 0000000000000000
0000000000000000 0000000000000000 0000000000000000
3bc624a83111a633 3bc624a7fa493a37 3bc624a866ac8711
3c831a61a4378866 3c831a617cd09ca1 3c831a61cac37452
3d2b7127ba625682 3d2b71278d15cdce 3d2b7127e6b74379
3dc501605977a1b0 3dc501603f7298c6 3dc5016072f022b4
3e52126110049c60 3e5212610112d3bd 3e5212611ea9d040
3ed091c5717dd5ee 3ed091c56a9a3747 3ed091c5783c24e8
3f394c35a42482ac 3f394c35a409c4d8 3f394c35a43fd6f5
0000000000000000 0000000000000000 0000000000000000
0000000000000000 0000000000000000 0000000000000000
0000000000000000 0000000000000000 0000000000000000
0000000000000000 0000000000000000 0000000000000000
0000000000000000 0000000000000000 0000000000000000
0000000000000000 0000000000000000 0000000000000000
0000000000000000 0000000000000000 0000000000000000
0000000000000000 0000000000000000 0000000000000000
0000000000000000 0000000000000000 0000000000000000
0000000000000000 0000000000000000 0000000000000000
0000000000000000 0000000000000000 0000000000000000
0000000000000000 0000000000000000 0000000000000000
0000000000000000 0000000000000000 0000000000000000
0000000000000000 0000000000000000 0000000000000000
0000000000000000 0000000000000000 0000000000000000
0000000000000000 0000000000000000 0000000000000000
0000000000000000 0000000000000000 0000000000000000
0000000000000000 0000000000000000 0000000000000000
0000000000000000 0000000000000000 0000000000000000
0000000000000000 0000000000000000 0000000000000000
0000000000000000 0000000000000000 0000000000000000
0000000000000000 0000000000000000 0000000000000000
0000000000000000 0000000000000000 0000000000000000
0000000000000000 0000000000000000 0000000000000000
0000000000000000 0000000000000000 0000000000000000
0000000000000000 0000000000000000 0000000000000000
3bc624a83109b842 3bc624a7fa591d8e 3bc624a866bc776d
3c831a61a4378f53 3c831a617cdc072d 3c831a61cad00b0a
3d2b7127ba625c0f 3d2b71278d20f0d8 3d2b7127e6c65ec5
3dc501605977a3d3 3dc501603f7a7ced 3dc5016072f74a4c
3e52126110049d03 3e52126101194ae0 3e5212611eacd2d9
3ed091c5717dd5f6 3ed091c56a9d2c6e 3ed091c5783e193b
3f394c35a42482ae 3f394c35a409bcef 3f394c35a43fcb14
0000000000000000 0000000000000000 0000000000000000
0000000000000000 0000000000000000 0000000000000000
0000000000000000 0000000000000000 0000000000000000
0000000000000000 0000000000000000 0000000000000000
0000000000000000 0000000000000000 0000000000000000
0000000000000000 0000000000000000 0000000000000000
0000000000000000 0000000000000000 0000000000000000
0000000000000000 0000000000000000 0000000000000000
0000000000000000 0000000000000000 0000000000000000
0000000000000000 0000000000000000 0000000000000000
0000000000000000 0000000000000000 0000000000000000
0000000000000000 0000000000000000 0000000000000000
0000000000000000 0000000000000000 0000000000000000
0000000000000000 0000000000000000 0000000000000000
0000000000000000 0000000000000000 0000000000000000
0000000000000000 0000000000000000 0000000000000000
0000000000000000 0000000000000000 0000000000000000
0000000000000000 0000000000000000 0000000000000000
0000000000000000 0000000000000000 0000000000000000
0000000000000000 0000000000000000 0000000000000000
0000000000000000 0000000000000000 0000000000000000
0000000000000000 0000000000000000 0000000000000000
0000000000000000 0000000000000000 0000000000000000
0000000000000000 0000000000000000 0000000000000000
0000000000000000 0000000000000000 0000000000000000
0000000000000000 0000000000000000 0000000000000000
3bc696665e406340 3bc69666269dfbc6 3bc6966694b0222e
3c836bfd663bfcd7 3c836bfd3e57db60 3c836bfd8d37b10b
3d2bcebcccf5185a 3d2bcebc9f44206f 3d2bcebcf9a74707
3dc536f72b667723 3dc536f7113dfa62 3dc536f74502fce2
3e5231032583e235 3e523103168732a4 3e523103342cc9a9
3ed09fb81891ba3a 3ed09fb811b01f53 3ed09fb81f4f0a3a
3f394bfd5e8bbeb9 3f394bfd5e71050d 3f394bfd5ea70ae3
0000000000000000 0000000000000000 0000000000000000
0000000000000000 0000000000000000 0000000000000000
0000000000000000 0000000000000000 0000000000000000
0000000000000000 0000000000000000 0000000000000000
0000000000000000 0000000000000000 0000000000000000
0000000000000000 0000000000000000 0000000000000000
0000000000000000 0000000000000000 0000000000000000
0000000000000000 0000000000000000 0000000000000000
0000000000000000 0000000000000000 0000000000000000
0000000000000000 0000000000000000 0000000000000000
0000000000000000 0000000000000000 0000000000000000
0000000000000000 0000000000000000 0000000000000000
0000000000000000 0000000000000000 0000000000000000
0000000000000000 0000000000000000 0000000000000000
0000000000000000 0000000000000000 0000000000000000
0000000000000000 0000000000000000 0000000000000000
0000000000000000 0000000000000000 0000000000000000
0000000000000000 0000000000000000 0000000000000000
0000000000000000 0000000000000000 0000000000000000
0000000000000000 0000000000000000 0000000000000000
0000000000000000 0000000000000000 0000000000000000
0000000000000000 0000000000000000 0000000000000000
0000000000000000 0000000000000000 0000000000000000
0000000000000000 0000000000000000 0000000000000000
0000000000000000 0000000000000000 0000000000000000
0000000000000000 0000000000000000 0000000000000000
3bc73a7f9c079aa4 3bc73a7f6315346e 3bc73a7fd3fa17e3
3c83e141ead66f5a 3c83e141c234733a 3c83e14212bc0b5e
3d2c54ac98d749b2 3d2c54ac6a783720 3d2c54acc6584a0c
3dc5835b64ce90bf 3dc5835b4a60e35e 3dc5835b7ebd1c93
3e525c816604bb0c 3e525c8156f4d45a 3e525c8174cd11fc
3ed0b3716a4d2418 3ed0b371636a7e6d 3ed0b371710e6b2c
3f394badcaa66101 3f394badca8b97c5 3f394badcac1b0d6
0000000000000000 0000000000000000 0000000000000000
0000000000000000 0000000000000000 0000000000000000
0000000000000000 0000000000000000 0000000000000000
0000000000000000 0000000000000000 0000000000000000
0000000000000000 0000000000000000 0000000000000000
0000000000000000 0000000000000000 0000000000000000
0000000000000000 0000000000000000 0000000000000000
0000000000000000 0000000000000000 0000000000000000
0000000000000000 0000000000000000 0000000000000000
0000000000000000 0000000000000000 0000000000000000
0000000000000000 0000000000000000 0000000000000000
0000000000000000 0000000000000000 0000000000000000
0000000000000000 0000000000000000 0000000000000000
0000000000000000 0000000000000000 0000000000000000
0000000000000000 0000000000000000 0000000000000000
0000000000000000 0000000000000000 0000000000000000
0000000000000000 0000000000000000 0000000000000000
0000000000000000 0000000000000000 0000000000000000
0000000000000000 0000000000000000 0000000000000000
0000000000000000 0000000000000000 0000000000000000
0000000000000000 0000000000000000 0000000000000000
0000000000000000 0000000000000000 0000000000000000
0000000000000000 0000000000000000 0000000000000000
0000000000000000 0000000000000000 0000000000000000
0000000000000000 0000000000000000 0000000000000000
0000000000000000 0000000000000000 0000000000000000
3bc7b0dc59511c65 3bc7b0dc1f5c7afc 3bc7b0dc9230c91d
3c843581626b38ce 3c84358139302ad8 3c8435818adca919
3d2cb483f4a75b29 3d2cb483c5c8a453 3d2cb48422a730cd
3dc5b9cda8ad0f18 3dc5b9cd8e0f0089 3dc5b9cdc2cd76c8
3e527b6185bad535 3e527b61769d6772 3e527b619491c5cb
3ed0c16394135b56 3ed0c1638d2fb66e 3ed0c1639ad79b92
3f394b758608f2e0 3f394b7585ee1df3 3f394b7586244679
0000000000000000 0000000000000000 0000000000000000
0000000000000000 0000000000000000 0000000000000000
0000000000000000 0000000000000000 0000000000000000
0000000000000000 0000000000000000 0000000000000000
0000000000000000 0000000000000000 0000000000000000
0000000000000000 0000000000000000 0000000000000000
0000000000000000 0000000000000000 0000000000000000
0000000000000000 0000000000000000 0000000000000000
0000000000000000 0000000000000000 0000000000000000
0000000000000000 0000000000000000 0000000000000000
0000000000000000 0000000000000000 0000000000000000
0000000000000000 0000000000000000 0000000000000000
0000000000000000 0000000000000000 0000000000000000
0000000000000000 0000000000000000 0000000000000000
0000000000000000 0000000000000000 0000000000000000
0000000000000000 0000000000000000 0000000000000000
0000000000000000 0000000000000000 0000000000000000
0000000000000000 0000000000000000 0000000000000000
0000000000000000 0000000000000000 0000000000000000
0000000000000000 0000000000000000 0000000000000000
0000000000000000 0000000000000000 0000000000000000
0000000000000000 0000000000000000 0000000000000000
0000000000000000 0000000000000000 0000000000000000
0000000000000000 0000000000000000 0000000000000000
0000000000000000 0000000000000000 0000000000000000
0000000000000000 0000000000000000 0000000000000000
3bc7b0dc59511c65 3bc7b0dc1f4ba049 3bc7b0dc92419fdf
3c843581626b38ce 3c8435813928faa0 3c8435818ae50a59
3d2cb483f4a75b29 3d2cb483c5bdc275 3d2cb48422b0b535
3dc5b9cda8ad0f18 3dc5b9cd8e074813 3dc5b9cdc2d406a4
3e527b6185bad535 3e527b617699056e 3e527b619496282f
3ed0c16394135b56 3ed0c1638d2db74f 3ed0c1639ad99ab0
3f394b758608f2e0 3f394b7585ee1608 3f394b7586244e64
0000000000000000 0000000000000000 0000000000000000
0000000000000000 0000000000000000 0000000000000000
0000000000000000 0000000000000000 0000000000000000
0000000000000000 0000000000000000 0000000000000000
0000000000000000 0000000000000000 0000000000000000
0000000000000000 0000000000000000 0000000000000000
0000000000000000 0000000000000000 0000000000000000
0000000000000000 0000000000000000 0000000000000000
0000000000000000 0000000000000000 0000000000000000
0000000000000000 0000000000000000 0000000000000000
0000000000000000 0000000000000000 0000000000000000
0000000000000000 0000000000000000 0000000000000000
0000000000000000 0000000000000000 0000000000000000
0000000000000000 0000000000000000 0000000000000000
0000000000000000 0000000000000000 0000000000000000
0000000000000000 0000000000000000 0000000000000000
0000000000000000 0000000000000000 0000000000000000
0000000000000000 0000000000000000 0000000000000000
0000000000000000 0000000000000000 0000000000000000
0000000000000000 0000000000000000 0000000000000000
0000000000000000 0000000000000000 0000000000000000
0000000000000000 0000000000000000 0000000000000000
0000000000000000 0000000000000000 0000000000000000
0000000000000000 0000000000000000 0000000000000000
0000000000000000 0000000000000000 0000000000000000
0000000000000000 0000000000000000 0000000000000000
3bc73a7f9c18255e 3bc73a7f631d846d 3bc73a7fd3d0ba2e
3c83e141eae239b1 3c83e141c23804b7 3c83e142129fba5d
3d2c54ac98e4b81c 3d2c54ac6a7da260 3d2c54acc6395c09
3dc5835b64d634c1 3dc5835b4a65e601 3dc5835b7eaca5a7
3e525c81660911c9 3e525c8156f8c82c 3e525c8174c4c979
3ed0b3716a4f1a7d 3ed0b371636c8176 3ed0b371710b6f21
3f394badcaa65914 3f394badca8ba3a3 3f394badcac1a8ed
0000000000000000 0000000000000000 0000000000000000
0000000000000000 0000000000000000 0000000000000000
0000000000000000 0000000000000000 0000000000000000
0000000000000000 0000000000000000 0000000000000000
0000000000000000 0000000000000000 0000000000000000
0000000000000000 0000000000000000 0000000000000000
0000000000000000 0000000000000000 0000000000000000
0000000000000000 0000000000000000 0000000000000000
0000000000000000 0000000000000000 0000000000000000
0000000000000000 0000000000000000 0000000000000000
0000000000000000 0000000000000000 0000000000000000
0000000000000000 0000000000000000 0000000000000000
0000000000000000 0000000000000000 0000000000000000
0000000000000000 0000000000000000 0000000000000000
0000000000000000 0000000000000000 0000000000000000
0000000000000000 0000000000000000 0000000000000000
0000000000000000 0000000000000000 0000000000000000
0000000000000000 0000000000000000 0000000000000000
0000000000000000 0000000000000000 0000000000000000
0000000000000000 0000000000000000 0000000000000000
0000000000000000 0000000000000000 0000000000000000
0000000000000000 0000000000000000 0000000000000000
0000000000000000 0000000000000000 0000000000000000
0000000000000000 0000000000000000 0000000000000000
0000000000000000 0000000000000000 0000000000000000
0000000000000000 0000000000000000 0000000000000000
3bc696665e406340 3bc6966626ae26c4 3bc69666949ffaf7
3c836bfd6639aa11 3c836bfd3e612074 3c836bfd8d2c1d83
3d2bcebcccf31986 3d2bcebc9f4cc22c 3d2bcebcf99a0407
3dc536f72b6615be 3dc536f7114229b2 3dc536f744fb65d9
3e5231032583e230 3e52310316896135 3e52310334287242
3ed09fb81891ba38 3ed09fb811b1210c 3ed09fb81f4d0d4c
3f394bfd5e8bbeb9 3f394bfd5e710cf7 3f394bfd5ea706ed
0000000000000000 0000000000000000 0000000000000000
0000000000000000 0000000000000000 0000000000000000
0000000000000000 0000000000000000 0000000000000000
0000000000000000 0000000000000000 0000000000000000
0000000000000000 0000000000000000 0000000000000000
0000000000000000 0000000000000000 0000000000000000
0000000000000000 0000000000000000 0000000000000000
0000000000000000 0000000000000000 0000000000000000
0000000000000000 0000000000000000 0000000000000000
0000000000000000 0000000000000000 0000000000000000
0000000000000000 0000000000000000 0000000000000000
0000000000000000 0000000000000000 0000000000000000
0000000000000000 0000000000000000 0000000000000000
0000000000000000 0000000000000000 0000000000000000
0000000000000000 0000000000000000 0000000000000000
0000000000000000 0000000000000000 0000000000000000
0000000000000000 0000000000000000 0000000000000000
0000000000000000 0000000000000000 0000000000000000
0000000000000000 0000000000000000 0000000000000000
0000000000000000 0000000000000000 0000000000000000
0000000000000000 0000000000000000 0000000000000000
0000000000000000 0000000000000000 0000000000000000
0000000000000000 0000000000000000 0000000000000000
0000000000000000 0000000000000000 0000000000000000
0000000000000000 0000000000000000 0000000000000000
0000000000000000 0000000000000000 0000000000000000
3bc624a83111a9ec 3bc624a7fa5928b5 3bc624a866a49568
3c831a61a4341c82 3c831a617cdc0f17 3c831a61cabc9968
3d2b7127ba5e682a 3d2b71278d1f0331 3d2b7127e6ae118a
3dc50160597681bf 3dc501603f77e206 3dc5016072ea1a22
3e52126110049d27 3e5212610117290f 3e5212611ea5ea94
3ed091c5717dd5f2 3ed091c56a9c35f9 3ed091c5783a25ce
3f394c35a42482ac 3f394c35a409ccc5 3f394c35a43fcf0a
0000000000000000 0000000000000000 0000000000000000
0000000000000000 0000000000000000 0000000000000000
0000000000000000 0000000000000000 0000000000000000
0000000000000000 0000000000000000 0000000000000000
0000000000000000 0000000000000000 0000000000000000
0000000000000000 0000000000000000 0000000000000000
0000000000000000 0000000000000000 0000000000000000
0000000000000000 0000000000000000 0000000000000000
0000000000000000 0000000000000000 0000000000000000
0000000000000000 0000000000000000 0000000000000000
0000000000000000 0000000000000000 0000000000000000
0000000000000000 0000000000000000 0000000000000000
0000000000000000 0000000000000000 0000000000000000
0000000000000000 0000000000000000 0000000000000000
0000000000000000 0000000000000000 0000000000000000
0000000000000000 0000000000000000 0000000000000000
0000000000000000 0000000000000000 0000000000000000
0000000000000000 0000000000000000 0000000000000000
0000000000000000 0000000000000000 0000000000000000
0000000000000000 0000000000000000 0000000000000000
0000000000000000 0000000000000000 0000000000000000
0000000000000000 0000000000000000 0000000000000000
0000000000000000 0000000000000000 0000000000000000
0000000000000000 0000000000000000 0000000000000000
0000000000000000 0000000000000000 0000000000000000
0000000000000000 0000000000000000 0000000000000000
3bc624a83111a633 3bc624a7fa493a37 3bc624a866ac8711
3c831a61a4378866 3c831a617cd09ca1 3c831a61cac37452
3d2b7127ba625682 3d2b71278d15cdce 3d2b7127e6b74379
3dc501605977a1b0 3dc501603f7298c6 3dc5016072f022b4
3e52126110049c60 3e5212610112d3bd 3e5212611ea9d040
3ed091c5717dd5ee 3ed091c56a9a3747 3ed091c5783c24e8
3f394c35a42482ac 3f394c35a409c4d8 3f394c35a43fd6f5
0000000000000000 0000000000000000 0000000000000000
0000000000000000 0000000000000000 0000000000000000
0000000000000000 0000000000000000 0000000000000000
0000000000000000 0000000000000000 0000000000000000
0000000000000000 0000000000000000 0000000000000000
0000000000000000 0000000000000000 0000000000000000
0000000000000000 0000000000000000 0000000000000000
0000000000000000 0000000000000000 0000000000000000
0000000000000000 0000000000000000 0000000000000000
0000000000000000 0000000000000000 0000000000000000
0000000000000000 0000000000000000 0000000000000000
0000000000000000 0000000000000000 0000000000000000
0000000000000000 0000000000000000 0000000000000000
0000000000000000 0000000000000000 0000000000000000
0000000000000000 0000000000000000 0000000000000000
0000000000000000 0000000000000000 0000000000000000
0000000000000000 0000000000000000 0000000000000000
0000000000000000 0000000000000000 0000000000000000
0000000000000000 0000000000000000 0000000000000000
0000000000000000 0000000000000000 0000000000000000
0000000000000000 0000000000000000 0000000000000000
0000000000000000 0000000000000000 0000000000000000
0000000000000000 0000000000000000 0000000000000000
0000000000000000 0000000000000000 0000000000000000
0000000000000000 0000000000000000 0000000000000000
0000000000000000 0000000000000000 0000000000000000
3bc696665e406340 3bc6966626a6206d 3bc6966694b0222e
3c836bfd663bfcd7 3c836bfd3e5dae66 3c836bfd8d37b08a
3d2bcebcccf5185a 3d2bcebc9f4ac92d 3d2bcebcf9a74596
3dc536f72b667723 3dc536f71141c80a 3dc536f74502fb3c
3e5231032583e235 3e52310316895e3f 3e523103342cc7c5
3ed09fb81891ba3a 3ed09fb811b11cbf 3ed09fb81f4f0811
3f394bfd5e8bbeb9 3f394bfd5e71050d 3f394bfd5ea706ed
0000000000000000 0000000000000000 0000000000000000
0000000000000000 0000000000000000 0000000000000000
0000000000000000 0000000000000000 0000000000000000
0000000000000000 0000000000000000 0000000000000000
0000000000000000 0000000000000000 0000000000000000
0000000000000000 0000000000000000 0000000000000000
0000000000000000 0000000000000000 0000000000000000
0000000000000000 0000000000000000 0000000000000000
0000000000000000 0000000000000000 0000000000000000
0000000000000000 0000000000000000 0000000000000000
0000000000000000 0000000000000000 0000000000000000
0000000000000000 0000000000000000 0000000000000000
0000000000000000 0000000000000000 0000000000000000
0000000000000000 0000000000000000 0000000000000000
0000000000000000 0000000000000000 0000000000000000
0000000000000000 0000000000000000 0000000000000000
0000000000000000 0000000000000000 0000000000000000
0000000000000000 0000000000000000 0000000000000000
0000000000000000 0000000000000000 0000000000000000
0000000000000000 0000000000000000 0000000000000000
0000000000000000 0000000000000000 0000000000000000
0000000000000000 0000000000000000 0000000000000000
0000000000000000 0000000000000000 0000000000000000
0000000000000000 0000000000000000 0000000000000000
0000000000000000 0000000000000000 0000000000000000
0000000000000000 0000000000000000 0000000000000000
3bc73a7f9c0fe2e9 3bc73a7f632e0959 3bc73a7fd3c025c5
3c83e141eadc562f 3c83e141c243cdd0 3c83e1421298a22a
3d2c54ac98de0255 3d2c54ac6a8b12af 3d2c54acc62e9493
3dc5835b64d2634c 3dc5835b4a6d8efd 3dc5835b7ea4f91a
3e525c816606e693 3e525c8156fd2641 3e525c8174c06a8c
3ed0b3716a4e1f4c 3ed0b371636e808e 3ed0b37171097002
3f394badcaa65d0c 3f394badca8bab8d 3f394badcac1a102
0000000000000000 0000000000000000 0000000000000000
0000000000000000 0000000000000000 0000000000000000
0000000000000000 0000000000000000 0000000000000000
0000000000000000 0000000000000000 0000000000000000
0000000000000000 0000000000000000 0000000000000000
0000000000000000 0000000000000000 0000000000000000
0000000000000000 0000000000000000 0000000000000000
0000000000000000 0000000000000000 0000000000000000
0000000000000000 0000000000000000 0000000000000000
0000000000000000 0000000000000000 0000000000000000
0000000000000000 0000000000000000 0000000000000000
0000000000000000 0000000000000000 0000000000000000
0000000000000000 0000000000000000 0000000000000000
0000000000000000 0000000000000000 0000000000000000
0000000000000000 0000000000000000 0000000000000000
0000000000000000 0000000000000000 0000000000000000
0000000000000000 0000000000000000 0000000000000000
0000000000000000 0000000000000000 0000000000000000
0000000000000000 0000000000000000 0000000000000000
0000000000000000 0000000000000000 0000000000000000
0000000000000000 0000000000000000 0000000000000000
0000000000000000 0000000000000000 0000000000000000
0000000000000000 0000000000000000 0000000000000000
0000000000000000 0000000000000000 0000000000000000
0000000000000000 0000000000000000 0000000000000000
0000000000000000 0000000000000000 0000000000000000
3bc7b0dc59511c65 3bc7b0dc1f4ba049 3bc7b0dc92393871
3c843581626b38ce 3c8435813928fb27 3c8435818ae8a54b
3d2cb483f4a75b29 3d2cb483c5bdc18f 3d2cb48422b4ccb2
3dc5b9cda8ad0f18 3dc5b9cd8e074710 3dc5b9cdc2d5304c
3e527b6185bad535 3e527b61769904da 3e527b6194962899
3ed0c16394135b56 3ed0c1638d2db74e 3ed0c1639ad89d52
3f394b758608f2e0 3f394b7585ee19fd 3f394b7586244e64
0000000000000000 0000000000000000 0000000000000000
0000000000000000 0000000000000000 0000000000000000
0000000000000000 0000000000000000 0000000000000000
0000000000000000 0000000000000000 0000000000000000
0000000000000000 0000000000000000 0000000000000000
0000000000000000 0000000000000000 0000000000000000
0000000000000000 0000000000000000 0000000000000000
0000000000000000 0000000000000000 0000000000000000
0000000000000000 0000000000000000 0000000000000000
0000000000000000 0000000000000000 0000000000000000
0000000000000000 0000000000000000 0000000000000000
0000000000000000 0000000000000000 0000000000000000
0000000000000000 0000000000000000 0000000000000000
0000000000000000 0000000000000000 0000000000000000
0000000000000000 0000000000000000 0000000000000000
0000000000000000 0000000000000000 0000000000000000
0000000000000000 0000000000000000 0000000000000000
0000000000000000 0000000000000000 0000000000000000
0000000000000000 0000000000000000 0000000000000000
0000000000000000 0000000000000000 0000000000000000
0000000000000000 0000000000000000 0000000000000000
0000000000000000 0000000000000000 0000000000000000
0000000000000000 0000000000000000 0000000000000000
0000000000000000 0000000000000000 0000000000000000
0000000000000000 0000000000000000 0000000000000000
0000000000000000 0000000000000000 0000000000000000
3bc73491c6aca834 3bc734918dd6e84e 3bc73491fe48c9f3
3c83dd07adb10eec 3c83dd07851f704e 3c83dd07d5643cdc
3d2c4fdb4bad76ce 3d2c4fdb1d69de1e 3d2c4fdb78fda379
3dc5809d8db744d9 3dc5809d7354aee4 3dc5809da78dc7a1
3e525af2b52b40d8 3e525af2a622215a 3e525af2c3e7319f
3ed0b2bd050c93a6 3ed0b2bcfe2bf47a 3ed0b2bd0bc8e1bd
3f394bb0a27c1605 3f394bb0a2616091 3f394bb0a2975df6
0000000000000000 0000000000000000 0000000000000000
0000000000000000 0000000000000000 0000000000000000
0000000000000000 0000000000000000 0000000000000000
0000000000000000 0000000000000000 0000000000000000
0000000000000000 0000000000000000 0000000000000000
0000000000000000 0000000000000000 0000000000000000
0000000000000000 0000000000000000 0000000000000000
0000000000000000 0000000000000000 0000000000000000
0000000000000000 0000000000000000 0000000000000000
0000000000000000 0000000000000000 0000000000000000
0000000000000000 0000000000000000 0000000000000000
0000000000000000 0000000000000000 0000000000000000
0000000000000000 0000000000000000 0000000000000000
0000000000000000 0000000000000000 0000000000000000
0000000000000000 0000000000000000 0000000000000000
0000000000000000 0000000000000000 0000000000000000
0000000000000000 0000000000000000 0000000000000000
0000000000000000 0000000000000000 0000000000000000
0000000000000000 0000000000000000 0000000000000000
0000000000000000 0000000000000000 0000000000000000
0000000000000000 0000000000000000 0000000000000000
0000000000000000 0000000000000000 0000000000000000
0000000000000000 0000000000000000 0000000000000000
0000000000000000 0000000000000000 0000000000000000
0000000000000000 0000000000000000 0000000000000000
0000000000000000 0000000000000000 0000000000000000
3bc707993a3e2fd3 3bc7079901d4b488 3bc70799718079f8
3c83bcf129dacec8 3c83bcf1018f3f46 3c83bcf151526f15
3d2c2b4374090ae3 3d2c2b4345ff0b4b 3d2c2b43a120888c
3dc56bc6ba2483f6 3dc56bc69fd85668 3dc56bc6d3db6b35
3e524f1a006a5a0a 3e524f19f168b7e7 3e524f1a0f1942c3
3ed0ad5fd2751d07 3ed0ad5fcb977e1f 3ed0ad5fd92f6db1
3f394bc646d66524 3f394bc646bbb788 3f394bc646f1a147
0000000000000000 0000000000000000 0000000000000000
0000000000000000 0000000000000000 0000000000000000
0000000000000000 0000000000000000 0000000000000000
0000000000000000 0000000000000000 0000000000000000
0000000000000000 0000000000000000 0000000000000000
0000000000000000 0000000000000000 0000000000000000
0000000000000000 0000000000000000 0000000000000000
0000000000000000 0000000000000000 0000000000000000
0000000000000000 0000000000000000 0000000000000000
0000000000000000 0000000000000000 0000000000000000
0000000000000000 0000000000000000 0000000000000000
0000000000000000 0000000000000000 0000000000000000
0000000000000000 0000000000000000 0000000000000000
0000000000000000 0000000000000000 0000000000000000
0000000000000000 0000000000000000 0000000000000000
0000000000000000 0000000000000000 0000000000000000
0000000000000000 0000000000000000 0000000000000000
0000000000000000 0000000000000000 0000000000000000
0000000000000000 0000000000000000 0000000000000000
0000000000000000 0000000000000000 0000000000000000
0000000000000000 0000000000000000 0000000000000000
0000000000000000 0000000000000000 0000000000000000
0000000000000000 0000000000000000 0000000000000000
0000000000000000 0000000000000000 0000000000000000
0000000000000000 0000000000000000 0000000000000000
0000000000000000 0000000000000000 0000000000000000
3bc6c87c139a3836 3bc6c87bdb99351e 3bc6c87c4a5e1d54
3c838fd6ead5884e 3c838fd6c2b6876f 3c838fd712086714
3d2bf7bfe670e46b 3d2bf7bfb888bfd5 3d2bf7c0134a765a
3dc54e651d25c9d3 3dc54e6502e76634 3dc54e6536cdec4f
3e523e5f98d221f8 3e523e5f89d1b2c7 3e523e5fa77cf2e0
3ed0a5c9c6b8304d 3ed0a5c9bfd69906 3ed0a5c9cd718915
3f394be4e22e97ad 3f394be4e213edee 3f394be4e249e3c2
0000000000000000 0000000000000000 0000000000000000
0000000000000000 0000000000000000 0000000000000000
0000000000000000 0000000000000000 0000000000000000
0000000000000000 0000000000000000 0000000000000000
0000000000000000 0000000000000000 0000000000000000
0000000000000000 0000000000000000 0000000000000000
0000000000000000 0000000000000000 0000000000000000
0000000000000000 0000000000000000 0000000000000000
0000000000000000 0000000000000000 0000000000000000
0000000000000000 0000000000000000 0000000000000000
0000000000000000 0000000000000000 0000000000000000
0000000000000000 0000000000000000 0000000000000000
0000000000000000 0000000000000000 0000000000000000
0000000000000000 0000000000000000 0000000000000000
0000000000000000 0000000000000000 0000000000000000
0000000000000000 0000000000000000 0000000000000000
0000000000000000 0000000000000000 0000000000000000
0000000000000000 0000000000000000 0000000000000000
0000000000000000 0000000000000000 0000000000000000
0000000000000000 0000000000000000 0000000000000000
0000000000000000 0000000000000000 0000000000000000
0000000000000000 0000000000000000 0000000000000000
0000000000000000 0000000000000000 0000000000000000
0000000000000000 0000000000000000 0000000000000000
0000000000000000 0000000000000000 0000000000000000
0000000000000000 0000000000000000 0000000000000000
3bc69c32752c7527 3bc69c323db6dd50 3bc69c32ab877b80
3c8370245b957985 3c83702433d6a100 3c8370248281d054
3d2bd37d9a416401 3d2bd37d6cb7153c 3d2bd37dc6de10b8
3dc539aebfe6191b 3dc539aea5d22e17 3dc539aed970a811
3e523290117e6d18 3e52329002927cf0 3e52329020201c54
3ed0a06c8198c614 3ed0a06c7abe20c0 3ed0a06c8850146c
3f394bfa86ae0fce 3f394bfa86936de3 3f394bfa86c9403d
0000000000000000 0000000000000000 0000000000000000
0000000000000000 0000000000000000 0000000000000000
0000000000000000 0000000000000000 0000000000000000
0000000000000000 0000000000000000 0000000000000000
0000000000000000 0000000000000000 0000000000000000
0000000000000000 0000000000000000 0000000000000000
0000000000000000 0000000000000000 0000000000000000
0000000000000000 0000000000000000 0000000000000000
0000000000000000 0000000000000000 0000000000000000
0000000000000000 0000000000000000 0000000000000000
0000000000000000 0000000000000000 0000000000000000
0000000000000000 0000000000000000 0000000000000000
0000000000000000 0000000000000000 0000000000000000
0000000000000000 0000000000000000 0000000000000000
0000000000000000 0000000000000000 0000000000000000
0000000000000000 0000000000000000 0000000000000000
0000000000000000 0000000000000000 0000000000000000
0000000000000000 0000000000000000 0000000000000000
0000000000000000 0000000000000000 0000000000000000
0000000000000000 0000000000000000 0000000000000000
0000000000000000 0000000000000000 0000000000000000
0000000000000000 0000000000000000 0000000000000000
0000000000000000 0000000000000000 0000000000000000
0000000000000000 0000000000000000 0000000000000000
0000000000000000 0000000000000000 0000000000000000
0000000000000000 0000000000000000 0000000000000000
3bc69c32752c7527 3bc69c323db6dd50 3bc69c32ab877b80
3c8370245b957985 3c83702433d6a100 3c8370248281d054
3d2bd37d9a416401 3d2bd37d6cb7153c 3d2bd37dc6de10b8
3dc539aebfe6191b 3dc539aea5d22e17 3dc539aed970a811
3e523290117e6d18 3e52329002927cf0 3e52329020201c54
3ed0a06c8198c614 3ed0a06c7abe20c0 3ed0a06c8850146c
3f394bfa86ae0fce 3f394bfa86936de3 3f394bfa86c9403d
0000000000000000 0000000000000000 0000000000000000
0000000000000000 0000000000000000 0000000000000000
0000000000000000 0000000000000000 0000000000000000
0000000000000000 0000000000000000 0000000000000000
0000000000000000 0000000000000000 0000000000000000
0000000000000000 0000000000000000 0000000000000000
0000000000000000 0000000000000000 0000000000000000
0000000000000000 0000000000000000 0000000000000000
0000000000000000 0000000000000000 0000000000000000
0000000000000000 0000000000000000 0000000000000000
0000000000000000 0000000000000000 0000000000000000
0000000000000000 0000000000000000 0000000000000000
0000000000000000 0000000000000000 0000000000000000
0000000000000000 0000000000000000 0000000000000000
0000000000000000 0000000000000000 0000000000000000
0000000000000000 0000000000000000 0000000000000000
0000000000000000 0000000000000000 0000000000000000
0000000000000000 0000000000000000 0000000000000000
0000000000000000 0000000000000000 0000000000000000
0000000000000000 0000000000000000 0000000000000000
0000000000000000 0000000000000000 0000000000000000
0000000000000000 0000000000000000 0000000000000000
0000000000000000 0000000000000000 0000000000000000
0000000000000000 0000000000000000 0000000000000000
0000000000000000 0000000000000000 0000000000000000
0000000000000000 0000000000000000 0000000000000000
3bc6c87c139a3836 3bc6c87bdb99314e 3bc6c87c4a6643ad
3c838fd6ead5884e 3c838fd6c2b684bf 3c838fd712141137
3d2bf7bfe670e46b 3d2bf7bfb8896553 3d2bf7c01357cb49
3dc54e651d25c9d3 3dc54e6502e88605 3dc54e6536d1ba13
3e523e5f98d221f8 3e523e5f89d2fde0 3e523e5fa78149d2
3ed0a5c9c6b8304d 3ed0a5c9bfd7920e 3ed0a5c9cd73828f
3f394be4e22e97ad 3f394be4e213e602 3f394be4e249dfcd
0000000000000000 0000000000000000 0000000000000000
0000000000000000 0000000000000000 0000000000000000
0000000000000000 0000000000000000 0000000000000000
0000000000000000 0000000000000000 0000000000000000
0000000000000000 0000000000000000 0000000000000000
0000000000000000 0000000000000000 0000000000000000
0000000000000000 0000000000000000 0000000000000000
0000000000000000 0000000000000000 0000000000000000
0000000000000000 0000000000000000 0000000000000000
0000000000000000 0000000000000000 0000000000000000
0000000000000000 0000000000000000 0000000000000000
0000000000000000 0000000000000000 0000000000000000
0000000000000000 0000000000000000 0000000000000000
0000000000000000 0000000000000000 0000000000000000
0000000000000000 0000000000000000 0000000000000000
0000000000000000 0000000000000000 0000000000000000
0000000000000000 0000000000000000 0000000000000000
0000000000000000 0000000000000000 0000000000000000
0000000000000000 0000000000000000 0000000000000000
0000000000000000 0000000000000000 0000000000000000
0000000000000000 0000000000000000 0000000000000000
0000000000000000 0000000000000000 0000000000000000
0000000000000000 0000000000000000 0000000000000000
0000000000000000 0000000000000000 0000000000000000
0000000000000000 0000000000000000 0000000000000000
0000000000000000 0000000000000000 0000000000000000
3bc707993a3e2fd3 3bc7079901d4b488 3bc70799718079f8
3c83bcf129dacec8 3c83bcf1018f3f46 3c83bcf151526f15
3d2c2b4374090ae3 3d2c2b4345ff0b4b 3d2c2b43a120888c
3dc56bc6ba2483f6 3dc56bc69fd85668 3dc56bc6d3db6b35
3e524f1a006a5a0a 3e524f19f168b7e7 3e524f1a0f1942c3
3ed0ad5fd2751d07 3ed0ad5fcb977e1f 3ed0ad5fd92f6db1
3f394bc646d66524 3f394bc646bbb788 3f394bc646f1a147
0000000000000000 0000000000000000 0000000000000000
0000000000000000 0000000000000000 0000000000000000
0000000000000000 0000000000000000 0000000000000000
0000000000000000 0000000000000000 0000000000000000
0000000000000000 0000000000000000 0000000000000000
0000000000000000 0000000000000000 0000000000000000
0000000000000000 0000000000000000 0000000000000000
0000000000000000 0000000000000000 0000000000000000
0000000000000000 0000000000000000 0000000000000000
0000000000000000 0000000000000000 0000000000000000
0000000000000000 0000000000000000 0000000000000000
0000000000000000 0000000000000000 0000000000000000
0000000000000000 0000000000000000 0000000000000000
0000000000000000 0000000000000000 0000000000000000
0000000000000000 0000000000000000 0000000000000000
0000000000000000 0000000000000000 0000000000000000
0000000000000000 0000000000000000 0000000000000000
0000000000000000 0000000000000000 0000000000000000
0000000000000000 0000000000000000 0000000000000000
0000000000000000 0000000000000000 0000000000000000
0000000000000000 0000000000000000 0000000000000000
0000000000000000 0000000000000000 0000000000000000
0000000000000000 0000000000000000 0000000000000000
0000000000000000 0000000000000000 0000000000000000
0000000000000000 0000000000000000 0000000000000000
0000000000000000 0000000000000000 0000000000000000
3bc73491c6acaa26 3bc734918defb223 3bc73491fe27c348
3c83dd07adb11005 3c83dd0785337b41 3c83dd07d54cacfc
3d2c4fdb4bad77c0 3d2c4fdb1d82bee4 3d2c4fdb78e2c2ec
3dc5809d8db37096 3dc5809d7363a108 3dc5809da77e7563
3e525af2b52b42dd 3e525af2a62addcb 3e525af2c3de75cc
3ed0b2bd050c93a7 3ed0b2bcfe2ff2af 3ed0b2bd0bc4e38d
3f394bb0a27c1606 3f394bb0a2617067 3f394bb0a2974e20
0000000000000000 0000000000000000 0000000000000000
0000000000000000 0000000000000000 0000000000000000
0000000000000000 0000000000000000 0000000000000000
0000000000000000 0000000000000000 0000000000000000
0000000000000000 0000000000000000 0000000000000000
0000000000000000 0000000000000000 0000000000000000
0000000000000000 0000000000000000 0000000000000000
0000000000000000 0000000000000000 0000000000000000
0000000000000000 0000000000000000 0000000000000000
0000000000000000 0000000000000000 0000000000000000
0000000000000000 0000000000000000 0000000000000000
0000000000000000 0000000000000000 0000000000000000
0000000000000000 0000000000000000 0000000000000000
0000000000000000 0000000000000000 0000000000000000
0000000000000000 0000000000000000 0000000000000000
0000000000000000 0000000000000000 0000000000000000
0000000000000000 0000000000000000 0000000000000000
0000000000000000 0000000000000000 0000000000000000
0000000000000000 0000000000000000 0000000000000000
0000000000000000 0000000000000000 0000000000000000
0000000000000000 0000000000000000 0000000000000000
0000000000000000 0000000000000000 0000000000000000
0000000000000000 0000000000000000 0000000000000000
0000000000000000 0000000000000000 0000000000000000
0000000000000000 0000000000000000 0000000000000000
0000000000000000 0000000000000000 0000000000000000
3bc73491c6aca834 3bc734918dd6e84e 3bc73491fe48c9f3
3c83dd07adb10eec 3c83dd07851f704e 3c83dd07d5643cdc
3d2c4fdb4bad76ce 3d2c4fdb1d69de1e 3d2c4fdb78fda379
3dc5809d8db744d9 3dc5809d7354aee4 3dc5809da78dc7a1
3e525af2b52b40d8 3e525af2a622215a 3e525af2c3e7319f
3ed0b2bd050c93a6 3ed0b2bcfe2bf47a 3ed0b2bd0bc8e1bd
3f394bb0a27c1605 3f394bb0a2616091 3f394bb0a2975df6
0000000000000000 0000000000000000 0000000000000000
0000000000000000 0000000000000000 0000000000000000
0000000000000000 0000000000000000 0000000000000000
0000000000000000 0000000000000000 0000000000000000
0000000000000000 0000000000000000 0000000000000000
0000000000000000 0000000000000000 0000000000000000
0000000000000000 0000000000000000 0000000000000000
0000000000000000 0000000000000000 0000000000000000
0000000000000000 0000000000000000 0000000000000000
0000000000000000 0000000000000000 0000000000000000
0000000000000000 0000000000000000 0000000000000000
0000000000000000 0000000000000000 0000000000000000
0000000000000000 0000000000000000 0000000000000000
0000000000000000 0000000000000000 0000000000000000
0000000000000000 0000000000000000 0000000000000000
0000000000000000 0000000000000000 0000000000000000
0000000000000000 0000000000000000 0000000000000000
0000000000000000 0000000000000000 0000000000000000
0000000000000000 0000000000000000 0000000000000000
0000000000000000 0000000000000000 0000000000000000
0000000000000000 0000000000000000 0000000000000000
0000000000000000 0000000000000000 0000000000000000
0000000000000000 0000000000000000 0000000000000000
0000000000000000 0000000000000000 0000000000000000
0000000000000000 0000000000000000 0000000000000000
0000000000000000 0000000000000000 0000000000000000
3bc707993a3e2fd3 3bc7079901d4b488 3bc70799718079f8
3c83bcf129dacec8 3c83bcf1018f3f46 3c83bcf151526f15
3d2c2b4374090ae3 3d2c2b4345ff0b4b 3d2c2b43a120888c
3dc56bc6ba2483f6 3dc56bc69fd85668 3dc56bc6d3db6b35
3e524f1a006a5a0a 3e524f19f168b7e7 3e524f1a0f1942c3
3ed0ad5fd2751d07 3ed0ad5fcb977e1f 3ed0ad5fd92f6db1
3f394bc646d66524 3f394bc646bbb788 3f394bc646f1a147
0000000000000000 0000000000000000 0000000000000000
0000000000000000 0000000000000000 0000000000000000
0000000000000000 0000000000000000 0000000000000000
0000000000000000 0000000000000000 0000000000000000
0000000000000000 0000000000000000 0000000000000000
0000000000000000 0000000000000000 0000000000000000
0000000000000000 0000000000000000 0000000000000000
0000000000000000 0000000000000000 0000000000000000
0000000000000000 0000000000000000 0000000000000000
0000000000000000 0000000000000000 0000000000000000
0000000000000000 0000000000000000 0000000000000000
0000000000000000 0000000000000000 0000000000000000
0000000000000000 0000000000000000 0000000000000000
0000000000000000 0000000000000000 0000000000000000
0000000000000000 0000000000000000 0000000000000000
0000000000000000 0000000000000000 0000000000000000
0000000000000000 0000000000000000 0000000000000000
0000000000000000 0000000000000000 0000000000000000
0000000000000000 0000000000000000 0000000000000000
0000000000000000 0000000000000000 0000000000000000
0000000000000000 0000000000000000 0000000000000000
0000000000000000 0000000000000000 0000000000000000
0000000000000000 0000000000000000 0000000000000000
0000000000000000 0000000000000000 0000000000000000
0000000000000000 0000000000000000 0000000000000000
0000000000000000 0000000000000000 0000000000000000
3bc6c87c139a3836 3bc6c87bdb99314e 3bc6c87c4a6643ad
3c838fd6ead5884e 3c838fd6c2b684bf 3c838fd712141137
3d2bf7bfe670e46b 3d2bf7bfb8896553 3d2bf7c01357cb49
3dc54e651d25c9d3 3dc54e6502e88605 3dc54e6536d1ba13
3e523e5f98d221f8 3e523e5f89d2fde0 3e523e5fa78149d2
3ed0a5c9c6b8304d 3ed0a5c9bfd7920e 3ed0a5c9cd73828f
3f394be4e22e97ad 3f394be4e213e602 3f394be4e249dfcd
0000000000000000 0000000000000000 0000000000000000
0000000000000000 0000000000000000 0000000000000000
0000000000000000 0000000000000000 0000000000000000
0000000000000000 0000000000000000 0000000000000000
0000000000000000 0000000000000000 0000000000000000
0000000000000000 0000000000000000 0000000000000000
0000000000000000 0000000000000000 0000000000000000
0000000000000000 0000000000000000 0000000000000000
0000000000000000 0000000000000000 0000000000000000
0000000000000000 0000000000000000 0000000000000000
0000000000000000 0000000000000000 0000000000000000
0000000000000000 0000000000000000 0000000000000000
0000000000000000 0000000000000000 0000000000000000
0000000000000000 0000000000000000 0000000000000000
0000000000000000 0000000000000000 0000000000000000
0000000000000000 0000000000000000 0000000000000000
0000000000000000 0000000000000000 0000000000000000
0000000000000000 0000000000000000 0000000000000000
0000000000000000 0000000000000000 0000000000000000
0000000000000000 0000000000000000 0000000000000000
0000000000000000 0000000000000000 0000000000000000
0000000000000000 0000000000000000 0000000000000000
0000000000000000 0000000000000000 0000000000000000
0000000000000000 0000000000000000 0000000000000000
0000000000000000 0000000000000000 0000000000000000
0000000000000000 0000000000000000 0000000000000000
3bc69c32752c7340 3bc69c323da6ab11 3bc69c32ab97a9f4
3c8370245b95786e 3c83702433ce817d 3c837024828b16ff
3d2bd37d9a416310 3d2bd37d6cadc86e 3d2bd37dc6e6b2b1
3dc539aebfe618c0 3dc539aea5cbb8a2 3dc539aed974d6bd
3e523290117e6cfe 3e523290028e24ec 3e52329020224a6b
3ed0a06c8198c612 3ed0a06c7abc23ce 3ed0a06c88511626
3f394bfa86ae0fcd 3f394bfa869369ed 3f394bfa86c94829
0000000000000000 0000000000000000 0000000000000000
0000000000000000 0000000000000000 0000000000000000
0000000000000000 0000000000000000 0000000000000000
0000000000000000 0000000000000000 0000000000000000
0000000000000000 0000000000000000 0000000000000000
0000000000000000 0000000000000000 0000000000000000
0000000000000000 0000000000000000 0000000000000000
0000000000000000 0000000000000000 0000000000000000
0000000000000000 0000000000000000 0000000000000000
0000000000000000 0000000000000000 0000000000000000
0000000000000000 0000000000000000 0000000000000000
0000000000000000 0000000000000000 0000000000000000
0000000000000000 0000000000000000 0000000000000000
0000000000000000 0000000000000000 0000000000000000
0000000000000000 0000000000000000 0000000000000000
0000000000000000 0000000000000000 0000000000000000
0000000000000000 0000000000000000 0000000000000000
0000000000000000 0000000000000000 0000000000000000
0000000000000000 0000000000000000 0000000000000000
0000000000000000 0000000000000000 0000000000000000
0000000000000000 0000000000000000 0000000000000000
0000000000000000 0000000000000000 0000000000000000
0000000000000000 0000000000000000 0000000000000000
0000000000000000 0000000000000000 0000000000000000
0000000000000000 0000000000000000 0000000000000000
0000000000000000 0000000000000000 0000000000000000
3bc69c32752c7527 3bc69c323db6dd50 3bc69c32ab877b80
3c8370245b957985 3c83702433d6a100 3c8370248281d054
3d2bd37d9a416401 3d2bd37d6cb7153c 3d2bd37dc6de10b8
3dc539aebfe6191b 3dc539aea5d22e17 3dc539aed970a811
3e523290117e6d18 3e52329002927cf0 3e52329020201c54
3ed0a06c8198c614 3ed0a06c7abe20c0 3ed0a06c8850146c
3f394bfa86ae0fce 3f394bfa86936de3 3f394bfa86c9403d
0000000000000000 0000000000000000 0000000000000000
0000000000000000 0000000000000000 0000000000000000
0000000000000000 0000000000000000 0000000000000000
0000000000000000 0000000000000000 0000000000000000
0000000000000000 0000000000000000 0000000000000000
0000000000000000 0000000000000000 0000000000000000
0000000000000000 0000000000000000 0000000000000000
0000000000000000 0000000000000000 0000000000000000
0000000000000000 0000000000000000 0000000000000000
0000000000000000 0000000000000000 0000000000000000
0000000000000000 0000000000000000 0000000000000000
0000000000000000 0000000000000000 0000000000000000
0000000000000000 0000000000000000 0000000000000000
0000000000000000 0000000000000000 0000000000000000
0000000000000000 0000000000000000 0000000000000000
0000000000000000 0000000000000000 0000000000000000
0000000000000000 0000000000000000 0000000000000000
0000000000000000 0000000000000000 0000000000000000
0000000000000000 0000000000000000 0000000000000000
0000000000000000 0000000000000000 0000000000000000
0000000000000000 0000000000000000 0000000000000000
0000000000000000 0000000000000000 0000000000000000
0000000000000000 0000000000000000 0000000000000000
0000000000000000 0000000000000000 0000000000000000
0000000000000000 0000000000000000 0000000000000000
0000000000000000 0000000000000000 0000000000000000
3bc6c87c13a26074 3bc6c87bdb99314e 3bc6c87c4a6643ad
3c838fd6eadb5cdc 3c838fd6c2b684bf 3c838fd712141137
3d2bf7bfe6778d6f 3d2bf7bfb8896553 3d2bf7c01357cb49
3dc54e651d299676 3dc54e6502e88605 3dc54e6536d1ba13
3e523e5f98d44bd4 3e523e5f89d2fde0 3e523e5fa78149d2
3ed0a5c9c6b92b85 3ed0a5c9bfd7920e 3ed0a5c9cd73828f
3f394be4e22e93b8 3f394be4e213e602 3f394be4e249dfcd
0000000000000000 0000000000000000 0000000000000000
0000000000000000 0000000000000000 0000000000000000
0000000000000000 0000000000000000 0000000000000000
0000000000000000 0000000000000000 0000000000000000
0000000000000000 0000000000000000 0000000000000000
0000000000000000 0000000000000000 0000000000000000
0000000000000000 0000000000000000 0000000000000000
0000000000000000 0000000000000000 0000000000000000
0000000000000000 0000000000000000 0000000000000000
0000000000000000 0000000000000000 0000000000000000
0000000000000000 0000000000000000 0000000000000000
0000000000000000 0000000000000000 0000000000000000
0000000000000000 0000000000000000 0000000000000000
0000000000000000 0000000000000000 0000000000000000
0000000000000000 0000000000000000 0000000000000000
0000000000000000 0000000000000000 0000000000000000
0000000000000000 0000000000000000 0000000000000000
0000000000000000 0000000000000000 0000000000000000
0000000000000000 0000000000000000 0000000000000000
0000000000000000 0000000000000000 0000000000000000
0000000000000000 0000000000000000 0000000000000000
0000000000000000 0000000000000000 0000000000000000
0000000000000000 0000000000000000 0000000000000000
0000000000000000 0000000000000000 0000000000000000
0000000000000000 0000000000000000 0000000000000000
0000000000000000 0000000000000000 0000000000000000
3bc707993a3e2fd3 3bc7079901d4b488 3bc70799718079f8
3c83bcf129dacec8 3c83bcf1018f3f46 3c83bcf151526f15
3d2c2b4374090ae3 3d2c2b4345ff0b4b 3d2c2b43a120888c
3dc56bc6ba2483f6 3dc56bc69fd85668 3dc56bc6d3db6b35
3e524f1a006a5a0a 3e524f19f168b7e7 3e524f1a0f1942c3
3ed0ad5fd2751d07 3ed0ad5fcb977e1f 3ed0ad5fd92f6db1
3f394bc646d66524 3f394bc646bbb788 3f394bc646f1a147
0000000000000000 0000000000000000 0000000000000000
0000000000000000 0000000000000000 0000000000000000
0000000000000000 0000000000000000 0000000000000000
0000000000000000 0000000000000000 0000000000000000
0000000000000000 0000000000000000 0000000000000000
0000000000000000 0000000000000000 0000000000000000
0000000000000000 0000000000000000 0000000000000000
0000000000000000 0000000000000000 0000000000000000
0000000000000000 0000000000000000 0000000000000000
0000000000000000 0000000000000000 0000000000000000
0000000000000000 0000000000000000 0000000000000000
0000000000000000 0000000000000000 0000000000000000
0000000000000000 0000000000000000 0000000000000000
0000000000000000 0000000000000000 0000000000000000
0000000000000000 0000000000000000 0000000000000000
0000000000000000 0000000000000000 0000000000000000
0000000000000000 0000000000000000 0000000000000000
0000000000000000 0000000000000000 0000000000000000
0000000000000000 0000000000000000 0000000000000000
0000000000000000 0000000000000000 0000000000000000
0000000000000000 0000000000000000 0000000000000000
0000000000000000 0000000000000000 0000000000000000
0000000000000000 0000000000000000 0000000000000000
0000000000000000 0000000000000000 0000000000000000
0000000000000000 0000000000000000 0000000000000000
0000000000000000 0000000000000000 0000000000000000
3bc73491c6aca645 3bc734918dd6e84e 3bc73491fe48c9f3
3c83dd07adb10dd0 3c83dd07851f704e 3c83dd07d5643cdc
3d2c4fdb4bad75da 3d2c4fdb1d69de1e 3d2c4fdb78fda379
3dc5809d8db7447d 3dc5809d7354aee4 3dc5809da78dc7a1
3e525af2b52b40be 3e525af2a622215a 3e525af2c3e7319f
3ed0b2bd050c93a6 3ed0b2bcfe2bf47a 3ed0b2bd0bc8e1bd
3f394bb0a27c1606 3f394bb0a2616091 3f394bb0a2975df6
0000000000000000 0000000000000000 0000000000000000
0000000000000000 0000000000000000 0000000000000000
0000000000000000 0000000000000000 0000000000000000
0000000000000000 0000000000000000 0000000000000000
0000000000000000 0000000000000000 0000000000000000
0000000000000000 0000000000000000 0000000000000000
0000000000000000 0000000000000000 0000000000000000
0000000000000000 0000000000000000 0000000000000000
128
0000000000000000 0000000000000000 0000000000000000 0000000000000000 0000000000000000 0000000000000006 
0000000000000000 0000000000000000 0000000000000000 0000000000000000 0000000000000000 0000000000000006 
0000000000000000 0000000000000000 0000000000000000 0000000000000000 0000000000000000 0000000000000006 
0000000000000000 0000000000000000 0000000000000000 0000000000000000 0000000000000000 0000000000000006 
0000000000000000 0000000000000000 0000000000000000 0000000000000000 0000000000000000 0000000000000006 
0000000000000000 0000000000000000 0000000000000000 0000000000000000 0000000000000000 0000000000000006 
0000000000000000 0000000000000000 0000000000000000 0000000000000000 0000000000000000 0000000000000006 
0000000000000000 0000000000000000 0000000000000000 0000000000000000 0000000000000000 0000000000000006 
0000000000000000 0000000000000000 0000000000000000 0000000000000000 0000000000000000 0000000000000006 
0000000000000000 0000000000000000 0000000000000000 0000000000000000 0000000000000000 0000000000000006 
0000000000000000 0000000000000000 0000000000000000 0000000000000000 0000000000000000 0000000000000006 
0000000000000000 0000000000000000 0000000000000000 0000000000000000 0000000000000000 0000000000000006 
0000000000000000 0000000000000000 0000000000000000 0000000000000000 0000000000000000 0000000000000006 
0000000000000000 0000000000000000 0000000000000000 0000000000000000 0000000000000000 0000000000000006 
0000000000000000 0000000000000000 0000000000000000 0000000000000000 0000000000000000 0000000000000006 
0000000000000000 0000000000000000 0000000000000000 0000000000000000 0000000000000000 0000000000000006 
0000000000000000 0000000000000000 0000000000000000 0000000000000000 0000000000000000 0000000000000006 
0000000000000000 0000000000000000 0000000000000000 0000000000000000 0000000000000000 0000000000000006 
0000000000000000 0000000000000000 0000000000000000 0000000000000000 0000000000000000 0000000000000006 
0000000000000000 0000000000000000 0000000000000000 0000000000000000 0000000000000000 0000000000000006 
0000000000000000 0000000000000000 0000000000000000 0000000000000000 0000000000000000 0000000000000006 
0000000000000000 0000000000000000 0000000000000000 0000000000000000 0000000000000000 0000000000000006 
0000000000000000 0000000000000000 0000000000000000 0000000000000000 0000000000000000 0000000000000006 
0000000000000000 0000000000000000 0000000000000000 0000000000000000 0000000000000000 0000000000000006 
0000000000000000 0000000000000000 0000000000000000 0000000000000000 0000000000000000 0000000000000006 
0000000000000000 0000000000000000 0000000000000000 0000000000000000 0000000000000000 0000000000000006 
0000000000000000 0000000000000000 0000000000000000 0000000000000000 0000000000000000 0000000000000006 
0000000000000000 0000000000000000 0000000000000000 0000000000000000 0000000000000000 0000000000000006 
0000000000000000 0000000000000000 0000000000000000 0000000000000000 0000000000000000 0000000000000006 
0000000000000000 0000000000000000 0000000000000000 0000000000000000 0000000000000000 0000000000000006 
0000000000000000 0000000000000000 0000000000000000 0000000000000000 0000000000000000 0000000000000006 
0000000000000000 0000000000000000 0000000000000000 0000000000000000 0000000000000000 0000000000000006 
0000000000000000 0000000000000000 0000000000000000 0000000000000000 0000000000000000 0000000000000006 
0000000000000000 0000000000000000 0000000000000000 0000000000000000 0000000000000000 0000000000000006 
0000000000000000 0000000000000000 0000000000000000 0000000000000000 0000000000000000 0000000000000006 
0000000000000000 0000000000000000 0000000000000000 0000000000000000 0000000000000000 0000000000000006 
0000000000000000 0000000000000000 0000000000000000 0000000000000000 0000000000000000 0000000000000006 
0000000000000000 0000000000000000 0000000000000000 0000000000000000 0000000000000000 0000000000000006 
0000000000000000 0000000000000000 0000000000000000 0000000000000000 0000000000000000 0000000000000006 
0000000000000000 0000000000000000 0000000000000000 0000000000000000 0000000000000000 0000000000000006 
0000000000000000 0000000000000000 0000000000000000 0000000000000000 0000000000000000 0000000000000006 
0000000000000000 0000000000000000 0000000000000000 0000000000000000 0000000000000000 0000000000000006 
0000000000000000 0000000000000000 0000000000000000 0000000000000000 0000000000000000 0000000000000006 
0000000000000000 0000000000000000 0000000000000000 0000000000000000 0000000000000000 0000000000000006 
0000000000000000 0000000000000000 0000000000000000 0000000000000000 0000000000000000 0000000000000006 
0000000000000000 0000000000000000 0000000000000000 0000000000000000 0000000000000000 0000000000000006 
0000000000000000 0000000000000000 0000000000000000 0000000000000000 0000000000000000 0000000000000006 
0000000000000000 0000000000000000 0000000000000000 0000000000000000 0000000000000000 0000000000000006 
0000000000000000 0000000000000000 0000000000000000 0000000000000000 0000000000000000 0000000000000006 
0000000000000000 0000000000000000 0000000000000000 0000000000000000 0000000000000000 0000000000000006 
0000000000000000 0000000000000000 0000000000000000 0000000000000000 0000000000000000 0000000000000006 
0000000000000000 0000000000000000 0000000000000000 0000000000000000 0000000000000000 0000000000000006 
0000000000000000 0000000000000000 0000000000000000 0000000000000000 0000000000000000 0000000000000006 
0000000000000000 0000000000000000 0000000000000000 0000000000000000 0000000000000000 0000000000000006 
0000000000000000 0000000000000000 0000000000000000 0000000000000000 0000000000000000 0000000000000006 
0000000000000000 0000000000000000 0000000000000000 0000000000000000 0000000000000000 0000000000000006 
0000000000000000 0000000000000000 0000000000000000 0000000000000000 0000000000000000 0000000000000006 
0000000000000000 0000000000000000 0000000000000000 0000000000000000 0000000000000000 0000000000000006 
0000000000000000 0000000000000000 0000000000000000 0000000000000000 0000000000000000 0000000000000006 
0000000000000000 0000000000000000 0000000000000000 0000000000000000 0000000000000000 0000000000000006 
0000000000000000 0000000000000000 0000000000000000 0000000000000000 0000000000000000 0000000000000006 
0000000000000000 0000000000000000 0000000000000000 0000000000000000 0000000000000000 0000000000000006 
0000000000000000 0000000000000000 0000000000000000 0000000000000000 0000000000000000 0000000000000006 
0000000000000000 0000000000000000 0000000000000000 0000000000000000 0000000000000000 0000000000000006 
0000000000000000 0000000000000000 0000000000000000 0000000000000000 0000000000000000 0000000000000006 
0000000000000000 0000000000000000 0000000000000000 0000000000000000 0000000000000000 0000000000000006 
0000000000000000 0000000000000000 0000000000000000 0000000000000000 0000000000000000 0000000000000006 
0000000000000000 0000000000000000 0000000000000000 0000000000000000 0000000000000000 0000000000000006 
0000000000000000 0000000000000000 0000000000000000 0000000000000000 0000000000000000 0000000000000006 
0000000000000000 0000000000000000 0000000000000000 0000000000000000 0000000000000000 0000000000000006 
0000000000000000 0000000000000000 0000000000000000 0000000000000000 0000000000000000 0000000000000006 
0000000000000000 0000000000000000 0000000000000000 0000000000000000 0000000000000000 0000000000000006 
0000000000000000 0000000000000000 0000000000000000 0000000000000000 0000000000000000 0000000000000006 
0000000000000000 0000000000000000 0000000000000000 0000000000000000 0000000000000000 0000000000000006 
0000000000000000 0000000000000000 0000000000000000 0000000000000000 0000000000000000 0000000000000006 
0000000000000000 0000000000000000 0000000000000000 0000000000000000 0000000000000000 0000000000000006 
0000000000000000 0000000000000000 0000000000000000 0000000000000000 0000000000000000 0000000000000006 
0000000000000000 0000000000000000 0000000000000000 0000000000000000 0000000000000000 0000000000000006 
0000000000000000 0000000000000000 0000000000000000 0000000000000000 0000000000000000 0000000000000006 
0000000000000000 0000000000000000 0000000000000000 0000000000000000 0000000000000000 0000000000000006 
0000000000000000 0000000000000000 0000000000000000 0000000000000000 0000000000000000 0000000000000006 
0000000000000000 0000000000000000 0000000000000000 0000000000000000 0000000000000000 0000000000000006 
0000000000000000 0000000000000000 0000000000000000 0000000000000000 0000000000000000 0000000000000006 
0000000000000000 0000000000000000 0000000000000000 0000000000000000 0000000000000000 0000000000000006 
0000000000000000 0000000000000000 0000000000000000 0000000000000000 0000000000000000 0000000000000006 
0000000000000000 0000000000000000 0000000000000000 0000000000000000 0000000000000000 0000000000000006 
0000000000000000 0000000000000000 0000000000000000 0000000000000000 0000000000000000 0000000000000006 
0000000000000000 0000000000000000 0000000000000000 0000000000000000 0000000000000000 0000000000000006 
0000000000000000 0000000000000000 0000000000000000 0000000000000000 0000000000000000 0000000000000006 
0000000000000000 0000000000000000 0000000000000000 0000000000000000 0000000000000000 0000000000000006 
0000000000000000 0000000000000000 0000000000000000 0000000000000000 0000000000000000 0000000000000006 
0000000000000000 0000000000000000 0000000000000000 0000000000000000 0000000000000000 0000000000000006 
0000000000000000 0000000000000000 0000000000000000 0000000000000000 0000000000000000 0000000000000006 
0000000000000000 0000000000000000 0000000000000000 0000000000000000 0000000000000000 0000000000000006 
0000000000000000 0000000000000000 0000000000000000 0000000000000000 0000000000000000 0000000000000006 
0000000000000000 0000000000000000 0000000000000000 0000000000000000 0000000000000000 0000000000000006 
0000000000000000 0000000000000000 0000000000000000 0000000000000000 0000000000000000 0000000000000006 
0000000000000000 0000000000000000 0000000000000000 0000000000000000 0000000000000000 0000000000000006 
0000000000000000 0000000000000000 0000000000000000 0000000000000000 0000000000000000 0000000000000006 
0000000000000000 0000000000000000 0000000000000000 0000000000000000 0000000000000000 0000000000000006 
0000000000000000 0000000000000000 0000000000000000 0000000000000000 0000000000000000 0000000000000006 
0000000000000000 0000000000000000 0000000000000000 0000000000000000 0000000000000000 0000000000000006 
0000000000000000 0000000000000000 0000000000000000 0000000000000000 0000000000000000 0000000000000006 
0000000000000000 0000000000000000 0000000000000000 0000000000000000 0000000000000000 0000000000000006 
0000000000000000 0000000000000000 0000000000000000 0000000000000000 0000000000000000 0000000000000006 
0000000000000000 0000000000000000 0000000000000000 0000000000000000 0000000000000000 0000000000000006 
0000000000000000 0000000000000000 0000000000000000 0000000000000000 0000000000000000 0000000000000006 
0000000000000000 0000000000000000 0000000000000000 0000000000000000 0000000000000000 0000000000000006 
0000000000000000 0000000000000000 0000000000000000 0000000000000000 0000000000000000 0000000000000006 
0000000000000000 0000000000000000 0000000000000000 0000000000000000 0000000000000000 0000000000000006 
0000000000000000 0000000000000000 0000000000000000 0000000000000000 0000000000000000 0000000000000006 
0000000000000000 0000000000000000 0000000000000000 0000000000000000 0000000000000000 0000000000000006 
0000000000000000 0000000000000000 0000000000000000 0000000000000000 0000000000000000 0000000000000006 
0000000000000000 0000000000000000 0000000000000000 0000000000000000 0000000000000000 0000000000000006 
0000000000000000 0000000000000000 0000000000000000 0000000000000000 0000000000000000 0000000000000006 
0000000000000000 0000000000000000 0000000000000000 0000000000000000 0000000000000000 0000000000000006 
0000000000000000 0000000000000000 0000000000000000 0000000000000000 0000000000000000 0000000000000006 
0000000000000000 0000000000000000 0000000000000000 0000000000000000 0000000000000000 0000000000000006 
0000000000000000 0000000000000000 0000000000000000 0000000000000000 0000000000000000 0000000000000006 
0000000000000000 0000000000000000 0000000000000000 0000000000000000 0000000000000000 0000000000000006 
0000000000000000 0000000000000000 0000000000000000 0000000000000000 0000000000000000 0000000000000006 
0000000000000000 0000000000000000 0000000000000000 0000000000000000 0000000000000000 0000000000000006 
0000000000000000 0000000000000000 0000000000000000 0000000000000000 0000000000000000 0000000000000006 
0000000000000000 0000000000000000 0000000000000000 0000000000000000 0000000000000000 0000000000000006 
0000000000000000 0000000000000000 0000000000000000 0000000000000000 0000000000000000 0000000000000006 
0000000000000000 0000000000000000 0000000000000000 0000000000000000 0000000000000000 0000000000000006 
0000000000000000 0000000000000000 0000000000000000 0000000000000000 0000000000000000 0000000000000006 
0000000000000000 0000000000000000 0000000000000000 0000000000000000 0000000000000000 0000000000000006 
