ln_a,z,x_hii,x_heii,x_heiii,w,T,Tcmb,ne_per_h,Gamma_hi,Gamma_hei,Gamma_heii,Nactive,Eactive,emitted_N,emitted_E,abs_HI,abs_HeI,abs_HeII,out_N,out_E,redshift_E,escape_E,work_E,cmb_reservoir_E,number_residual,energy_residual,ci_HI,ci_HeI,ci_HeII,rr_HII,rr_HeII,rr_HeIII,dr_HeII,ci_floor_HI,ci_floor_HeI,ci_floor_HeII,ce_cap_HI_E,ce_cap_HeI_E,ce_cap_HeII_E,excluded_dr_E,underflow_N_bound,underflow_E_bound,cmb_absolute_exchange_E,accepted_steps,rejected_steps,max_residual,packet_count,endpoint_stage_steps,primary_ln_a,primary_accepted_macros,primary_rejected_lte,primary_rejected_physical,primary_trial_evaluations,primary_guarded_microsteps,primary_last_error,primary_max_error,primary_last_guard,primary_max_guard,primary_last_was_guarded,primary_last_error_measured,primary_last_error_factor
-2.5649493574615367,12,0.0002,0,0,0.0000000000000067046568077842106,30.000000000000004,35.4315,0.0002,0,0,0,0,0,0,0,0,0,0,0,0,0,0,0,0,0,0,0,0,0,0,0,0,0,0,0,0,0,0,0,0,0,0,0,0,0,0,512,0,-2.5649493574615367,0,0,0,0,0,0,0,0,0,0,0,0
-2.5642237742682013,11.990570839720434,0.010115378323279902,0.03450053972837851,0.00017293717107595206,0.0000000000003142126774014982,1389.6345091404276,35.40580082365803,0.01286641101305862,0.0000000000000007887207936183379,0.0000000000000028493629364156705,0.0000000000000008038876793938358,0.00015506419755840234,0.0000000000000154324752541205,0.012822043101523562,0.0000000000006482560293602062,0.009915826100204691,0.002737497556098066,0.00001365524766276063,0,0,0.000000000000000010456616749148891,0.000000000000000014685266834805833,0.00000000000000022644635713538477,0.000000000000000011775566343944677,0.00000000000000035735303605122226,0.00000000000000000000000012773235777338623,0.00000000000034115701778657726,0.000000000000026498226887969977,0.0000000000000006164395587503733,0.0000004477772655102427,0.00000011780090444013505,0.0000000023131047493078534,0,0.00000000000034115701778657726,0.000000000000026498226887969977,0.0000000000000006164395587503733,0.000000000000000000000000000000000000000023396787153550805,0.0000000000000000000000000000000000000000000000000000000000003438115160822045,0.000000000000000000000000000000000000000000202235220441604,0.00000000000000000000000000000000000000000029159609081419248,0,0,0.000000000000000011775602437795141,11566,10,0.0000000000000009997205911279176,512,0,-2.5642233126253733,5783,9,1,17377,0,0.809988760402647,0.8648604823826161,0,0,0,1,1
-2.563517801431442,11.981403086046894,0.019873246906679135,0.06799245681725934,0.0006903863014130929,0.0000000000006226470700801863,2722.5843143601114,35.38081411102081,0.025350080808264834,0.0000000000000007982985847082021,0.000000000000002896224276416136,0.00000000000000081022846922389,0.00015724503878659978,0.00000000000001562946984058532,0.025310144185138234,0.0000000000012796260554885696,0.01967545034385552,0.005422922090726412,0.000054526711770716117,0,0,0.000000000000000021421517473442624,0.00000000000000007417161514704612,0.0000000000000008882489938072178,0.00000000000000009171938090774211,0.0000000000000010130785099704553,-0.0000000000000000000000002433478120425777,0.0000000000013127615985795637,0.0000000000001002373441001963,0.0000000000000047592104125035655,0.000002203438488585118,0.0000005923709314262153,0.000000022530084967951494,0,0.0000000000013127615985795637,0.0000000000001002373441001963,0.0000000000000047592104125035655,0.00000000000000000000000000000000000000003514263270906453,0.0000000000000000000000000000000000000000000000000000000000003438115160822045,0.0000000000000000000000000000000000000000011529351413001679,0.000000000000000000000000000000000000000000819755612241013,0.00000000000000000000000000000000000000000000000000000000000000000000000000000000000000000000000000000000000000000000000000000000000000000000000000000000000000000000000000000000000000000000000000000000000000000000000000000000000000000000000000000000000000000000000000000000000000000000000000000007036779428183654,0.000000000000000000000000000000000000000000000000000000000000000000000000000000000000000000000000000000000000000000000000000000000000000000000000000000000000000000000000000000000000000000000000000000000000000000000000000000000000000000000000000000000000000000000000000000000000000000000000000000048427159125452524,0.00000000000000009171941700159257,12440,19,0.0000000000000009997205911279176,512,0,-2.563517105154838,6220,18,1,18715,0,0.8099881956345188,0.8655210513384227,0,0,0,1,1
-2.5629883218038727,11.974531516914036,0.027215327834805715,0.0924681099852391,0.0013014591202623943,0.0000000000008532997351890773,3699.7400408019394,35.362085649349204,0.03472093532631339,0.0000000000000008059873938277175,0.0000000000000029320515996800807,0.0000000000000008149682667863949,0.00015896630609478382,0.000000000000015787177114614508,0.03468584673909158,0.0000000000017536427213145418,0.02701996208707458,0.007404107398157993,0.00010281094776492768,0,0,0.000000000000000029741842445999166,0.0000000000000001581788413824678,0.0000000000000016699997383431258,0.0000000000000002354743662641588,0.0000000000000007147060721024445,0.00000000000000000000000025950368338150404,0.0000000000024474696617661483,0.00000000000018448014446059474,0.000000000000012185557829819354,0.000004634254715650187,0.000001246679487063469,0.00000006417512481900377,0,0.0000000000024474696617661483,0.00000000000018448014446059474,0.000000000000012185557829819354,0.00000000000000000000000000000000000000003514263270906453,0.0000000000000000000000000000000000000000000000000000000000003438115160822045,0.000000000000000000000000000000000000000002560002981906315,0.0000000000000000000000000000000000000000013207394361867808,0.0000000000000000000000000000000000000000000000000000000000000000000000000000000000000000000000000000000000000000000000000000000000000000000000000000000000000000000000000000000000000000000000000000000000000000000000000000000000000000000000000000000000000000000000000000000000000000000000000000001243316751041854,0.00000000000000000000000000000000000000000000000000000000000000000000000000000000000000000000000000000000000000000000000000000000000000000000000000000000000000000000000000000000000000000000000000000000000000000000000000000000000000000000000000000000000000000000000000000000000000000000000000000009617919129464388,0.0000000000000002354744023580093,13076,25,0.0000000000000009997205911279176,512,0,-2.562987502204255,6538,24,1,19687,0,0.8099879273027198,0.8655210513384227,0,0,0,1,1
-2.562262738610537,11.965120829435168,0.037307318546193756,0.1251196400940666,0.0024460926865366873,0.000000000001168331872681815,5007.872316409538,35.33643682062555,0.047571410030441644,0.0000000000000008169310845113423,0.0000000000000029827698780276203,0.0000000000000008218465289702293,0.00016132511297457433,0.000000000000015999085968820205,0.04754531727272654,0.0000000000024037731405575166,0.0371171001556033,0.010073597000237803,0.00019329500391187688,0,0,0.00000000000000004127439966903842,0.00000000000000033941979970915314,0.0000000000000031372974031925075,0.0000000000000006018254284054886,0.0000000000000010130785099704553,0.0000000000000000000000005707061550475723,0.000000000004556303816647491,0.0000000000003373558731902248,0.00000000000003107140158737146,0.000009781613964974494,0.000002618096843277856,0.0000001824234268947183,0,0.000000000004556303816647491,0.0000000000003373558731902248,0.00000000000003107140158737146,0.00000000000000000000000000000000000000003514263270906453,0.0000000000000000000000000000000000000000000000000000000000003438115160822045,0.000000000000000000000000000000000000000005653467987883487,0.0000000000000000000000000000000000000000021277139003404395,0.0000000000000000000000000000000000000000000000000000000000000000000000000000000000000000000000000000000000000000000000000000000000000000000000000000000000000000000000000000000000000000000000000000000000000000000000000000000000000000000000000000000000000000000000000000000000000000000000000000002332217799359555,0.00000000000000000000000000000000000000000000000000000000000000000000000000000000000000000000000000000000000000000000000000000000000000000000000000000000000000000000000000000000000000000000000000000000000000000000000000000000000000000000000000000000000000000000000000000000000000000000000000000016776873721920489,0.0000000000000006018254644993391,13910,30,0.0000000000000009997205911279176,512,0,-2.5622626368162167,6955,29,1,20953,0,0.8099875646340606,0.9791519256604443,0,0,0,1,1
-2.561556765773778,11.955971036436965,0.047161765842397584,0.15589919421474774,0.0038965794058409757,0.0000000000014737160791670739,6247.456962176888,35.31149905980895,0.06008484634448414,0.0000000000000008272487833576294,0.0000000000000030335864586621498,0.0000000000000008287349014553009,0.0001636854567475175,0.000000000000016211953647240683,0.060070540125292636,0.000000000003037028826261222,0.046978849514669914,0.012619985181779704,0.0003080199720964523,0,0,0.000000000000000052650461825717936,0.0000000000000006013424060191916,0.000000000000005002944178422577,0.0000000000000012023241907747456,0.0000000000000009506284648352903,0.00000000000000000000000024112637973347535,0.000000000011529315655500722,0.0000000000005245648874507738,0.00000000000006196649400989671,0.000017083683800464367,0.0000045293701525110755,0.0000003952822236072492,0,0.000000000005868950704594936,0.0000000000005245648874507738,0.00000000000006196649400989671,0.00000000000000000000000000000000000000003514263270906453,0.0000000000000000000000000000000000000000000000000000000000003438115160822045,0.000000000000000000000000000000000000000010128346419987522,0.000000000000000000000000000000000000000003029945681554976,0.0000000000000000000000000000000000000000000000000000000000000000000000000000000000000000000000000000000000000000000000000000000000000000000000000000000000000000000000000000000000000000000000000000000000000000000000000000000000000000000000000000000000000000000000000000000000000000000000000000002879544615373401,0.00000000000000000000000000000000000000000000000000000000000000000000000000000000000000000000000000000000000000000000000000000000000000000000000000000000000000000000000000000000000000000000000000000000000000000000000000000000000000000000000000000000000000000000000000000000000000000000000000000020782625528615533,0.0000000000000012023242268685961,14782,40,0.0000000000000009997205911279176,512,0,-2.56155483228001,7391,39,1,22291,0,0.809987166056876,0.9791519256604443,0,0,0,1,1
-2.5610272861462087,11.949112929491971,0.05457612680083947,0.1783449856780067,0.005199905383143174,0.000000000001701974235518965,7156.093864910378,35.29280728933036,0.06947703178328365,0.0000000000000008355186925787321,0.0000000000000030724720407499906,0.00000000000000083389889432899265,0.0001655486180152308,0.000000000000016382354629449403,0.06947371289654024,0.0000000000035124201202398007,0.05440025769619487,0.014496748658380888,0.00041115792395104875,0,0,0.0000000000000000612833497801841,0.0000000000000008622963737998016,0.000000000000006684681097514655,0.000000000000001845569818764789,0.000000000000001817990202823694,0.0000000000000000000000007484207397757619,0.00000000017266566811635458,0.0000000000006879312618550705,0.00000000000009500633592918915,0.000024131068019496333,0.000006362522662133634,0.0000006390780084396102,0,0.000000000005868950704594936,0.0000000000006879312618550705,0.00000000000009500633592918915,0.00000000000000000000000000000000000000003514263270906453,0.0000000000000000000000000000000000000000000000000000000000003438115160822045,0.000000000000000000000000000000000000000012959791066234904,0.000000000000000000000000000000000000000006111814460857932,0.0000000000000000000000000000000000000000000000000000000000000000000000000000000000000000000000000000000000000000000000000000000000000000000000000000000000000000000000000000000000000000000000000000000000000000000000000000000000000000000000000000000000000000000000000000000000000000000000000000003426213208910193,0.000000000000000000000000000000000000000000000000000000000000000000000000000000000000000000000000000000000000000000000000000000000000000000000000000000000000000000000000000000000000000000000000000000000000000000000000000000000000000000000000000000000000000000000000000000000000000000000000000000247964223754341,0.0000000000000018455698548586394,15416,46,0.0000000000000009997205911279176,512,0,-2.5610256191919483,7708,45,1,23260,0,0.8099867053735111,0.9791519256604443,0,0,0,1,1
-2.560301702952873,11.939720678623479,0.06476827346560238,0.2082164916573076,0.007282419172355637,0.0000000000020136221713401504,8372.548168981188,35.26720870958829,0.08235627320260386,0.0000000000000008473692082446615,0.000000000000003125756357197325,0.0000000000000008402519670483275,0.0001681194959035403,0.000000000000016613419215446573,0.08237105465311632,0.000000000004164483972844363,0.06460435315493436,0.017022532913564696,0.0005760490887185942,0,0,0.00000000000000007326005158625446,0.0000000000000013735648799573026,0.000000000000009381135683591259,0.0000000000000030421406823601823,0.00000000000000485722573273506,-0.0000000000000000000000013764802380765226,0.000000005246055513376936,0.0000000000009411563471111278,0.00000000000015635507567099869,0.000036084935385302325,0.00000946100690063643,0.0000011212594784553515,0,0.000000000005868950704594936,0.0000000000009411563471111278,0.00000000000015635507567099869,0.00000000000000000000000000000000000000003514263270906453,0.0000000000000000000000000000000000000000000000000000000000003438115160822045,0.000000000000000000000000000000000000000012959791066234904,0.00000000000000000000000000000000000005756861178508434,0.00000000000000000000000000000000000000000000000000000000000000000000000000000000000000000000000000000000000000000000000000000000000000000000000000000000000000000000000000000000000000000000000000000000000000000000000000000000000000000000000000000000000000000000000000000000000000000000000000000045244440714868674,0.00000000000000000000000000000000000000000000000000000000000000000000000000000000000000000000000000000000000000000000000000000000000000000000000000000000000000000000000000000000000000000000000000000000000000000000000000000000000000000000000000000000000000000000000000000000000000000000000000000032660839165303386,0.0000000000000030421407184540326,16262,55,0.0000000000000009997205911279176,512,0,-2.5603014519018803,8131,54,1,24556,0,0.7176900491552449,0.9791519256604443,0,0,0,1,1
-2.559595730116114,11.930588811113601,0.07472141267057927,0.23629599409847796,0.009633180006895411,0.0000000000023151745527316464,9523.5427190649,35.24231980469012,0.09489738799523206,0.0000000000000008585886551042822,0.0000000000000031816919124861723,0.0000000000000008482329369780237,0.00017082707943594103,0.000000000000016866864312215386,0.09493350661626415,0.000000000004799630511228441,0.07457175892671745,0.01942861538582848,0.0007623052242895834,0,0,0.00000000000000008507909021898195,0.0000000000000024139739295472843,0.000000000000012437588296790425,0.0000000000000046053609506944676,0.000000000000007299716386910404,-0.0000000000000000000000018021874478572312,0.0000000673269241827411,0.0000000000011585494631164297,0.0000000000002176919992331178,0.00005041358303863263,0.000013154273403163185,0.0000017910134366652412,0.000000000000000000000000831838181369944,0.000000000005868950704594936,0.0000000000011568276465450165,0.0000000000002176919992331178,0.00000000000000000000000000000000000000003514263270906453,0.0000000000000000000000000000000000000000000000000000000000003438115160822045,0.000000000000000000000000000000000000000012959791066234904,0.00000000000000000000000000000000001881923468795533,0.0000000000000000000000000000000000000000000000000000000000000000000000000000000000000000000000000000000000000000000000000000000000000000000000000000000000000000000000000000000000000000000000000000000000000000000000000000000000000000000000000000000000000000000000000000000000000000000000000000007425435738144016,0.0000000000000000000000000000000000000000000000000000000000000000000000000000000000000000000000000000000000000000000000000000000000000000000000000000000000000000000000000000000000000000000000000000000000000000000000000000000000000000000000000000000000000000000000000000000000000000000000000000004782177490202401,0.000000000000004605360986788318,17476,62,0.0000000000000009997205911279176,512,0,-2.559595573453612,8738,61,1,26398,0,0.8113635403151368,0.9791519256604443,0,0,0,1,1
-2.5590662504885446,11.923744139982508,0.08221014489802655,0.2567226785080815,0.011604548719553189,0.0000000000025394467416123476,10362.996265666612,35.22366465352233,0.10431002194648877,0.0000000000000008674590428446227,0.0000000000000032232364370884987,0.0000000000000008534085726814773,0.00017272032047540656,0.00000000000001703134753690651,0.1043642497929882,0.00000000000527640358963622,0.08207282549268233,0.021200107590148967,0.0009185963896890414,0,0,0.00000000000000009405271814097224,0.000000000000004324726801833182,0.00000000000001500830319872817,0.000000000000006066381514535369,0.000000000000007549516567451064,-0.0000000000000000000000014960336859845774,0.00000031936571359696743,0.000000000001195779592910681,0.0000000000002176919992331294,0.00006299996033943436,0.00001637912600314974,0.000002447806784221906,0.00000000000000000000007746017299640011,0.000000000005868950704594936,0.0000000000011568276465450165,0.0000000000002176919992331178,0.00000000000000000000000000000000000000003514263270906453,0.0000000000000000000000000000000000000000000000000000000000003438115160822045,0.000000000000000000000000000000000000000012959791066234904,0.00000000000000000000000000000000001881923468795533,0.0000000000000000000000000000000000000000000000000000000000000000000000000000000000000000000000000000000000000000000000000000000000000000000000000000000000000000000000000000000000000000000000000000000000000000000000000000000000000000000000000000000000000000000000000000000000000000000000000000014754410330150793,0.0000000000000000000000000000000000000000000000000000000000000000000000000000000000000000000000000000000000000000000000000000000000000000000000000000000000000000000000000000000000000000000000000000000000000000000000000000000000000000000000000000000000000000000000000000000000000000000000000000008508052290499323,0.000000000000006066381550629219,18910,65,0.0000000000000009997205911279176,512,0,-2.559065681036778,9455,64,1,28558,0,0.8107453299993836,0.9791519256604443,0,0,0,1,1
-2.558340667295209,11.91437028960497,0.09250642091601226,0.283829670712113,0.0145907458305886,0.000000000002841371128686922,11469.969400918204,35.19811622431834,0.11721782847179833,0.0000000000000008801856779142616,0.0000000000000032837319637882827,0.0000000000000008620046898648619,0.00017563347488699295,0.000000000000017301898163482018,0.11729959119371688,0.00000000000593040937474879,0.09238749844647255,0.023580958917470647,0.0011555003548926303,0,0,0.00000000000000010650906595811573,0.00000000000001130486531402235,0.00000000000001891363901006243,0.000000000000008509015370391668,0.000000000000005953570969552402,0.00000000000000000000000017771458472818954,0.0000018667812076223922,0.000000000001866764962637147,0.0000000000002176919992357122,0.00008294431163710527,0.000021452350174644012,0.0000035993684850276723,0.000000000000000000008400705504801,0.000000000005868950704594936,0.0000000000011568276465450165,0.0000000000002176919992331178,0.00000000000000000000000000000000000000003514263270906453,0.0000000000000000000000000000000000000000000000000000000000003438115160822045,0.000000000000000000000000000000000000000012959791066234904,0.00000000000000000000000000000000001881923468795533,0.000000000000000000000000000000000000000000000000000000000000000000000000000000000000000000000000000000000000000000000000000000000000000000000000000000000000000000000000000000000000000000000000000000000000000000000000000000000000000000000000000000000000000000000000000000000000000000000000000003290319059338173,0.0000000000000000000000000000000000000000000000000000000000000000000000000000000000000000000000000000000000000000000000000000000000000000000000000000000000000000000000000000000000000000000000000000000000000000000000000000000000000000000000000000000000000000000000000000000000000000000000000000017263783091787603,0.00000000000000850901540648552,21932,67,0.0000000000000009997205911279176,512,0,-2.558340485810817,10966,66,1,33097,0,0.8103496226912192,0.9791519256604443,0,0,0,1,1
-2.55763469445845,11.905256312465339,0.10256569531913315,0.30922844673700894,0.01780958235449884,0.0000000000031230104257140244,12475.752821400942,35.17327607962428,0.12979050674908102,0.0000000000000008922241628648874,0.0000000000000033436611797966685,0.0000000000000008701400839537312,0.0001784151933081804,0.000000000000017552285250450937,0.12989905625173084,0.0000000000065674000954141524,0.10246364744068509,0.0258459311592449,0.0014110624584913497,0,0,0.00000000000000011880717267903525,0.000000000000028960285504478975,0.00000000000002312630415538519,0.000000000000011410709208871502,-0.000000000000001304512053934559,0.0000000000000000000000016188183081604174,0.000007560889355624815,0.00000000000780165738590958,0.00000000000021769199937590338,0.00010551301087720291,0.000027139396662152715,0.0000050427991434920535,0.0000000000000000003063030253362927,0.000000000005868950704594936,0.0000000000011568276465450165,0.0000000000002176919992331178,0.00000000000000000000000000000000000000003514263270906453,0.0000000000000000000000000000000000000000000000000000000000003438115160822045,0.000000000000000000000000000000000000000012959791066234904,0.00000000000000000000000000000000001881923468795533,0.000000000000000000000000000000000000000000000000000000000000000000000000000000000000000000000000000000000000000000000000000000000000000000000000000000000000000000000000000000000000000000000000000000000000000000000000000000000000000000000000000000000000000000000000000000000000000000000000000005812821948476595,0.0000000000000000000000000000000000000000000000000000000000000000000000000000000000000000000000000000000000000000000000000000000000000000000000000000000000000000000000000000000000000000000000000000000000000000000000000000000000000000000000000000000000000000000000000000000000000000000000000000029323883613709895,0.000000000000011410709244965353,26283,71,0.0000000000000009997205911279176,512,1,-2.557634678133949,13142,70,1,39635,1,0.8101772933101278,0.9791519256604443,0.00041288705665606674,0.00041288705665606674,0,1,1
-2.5571052148308806,11.898425050825855,0.11014096094949315,0.32764595135349495,0.020423217406078137,0.000000000003320583278019521,13162.198287713307,35.15465747602587,0.1392324651204656,0.0000000000000009018517100299871,0.0000000000000033896091204167943,0.0000000000000008762750205161819,0.0001806129477721733,0.000000000000017752891503656273,0.1393577600586115,0.000000000007045608578203227,0.1100473656673575,0.027511056097825146,0.001618725345657485,0,0,0.00000000000000012815140535364384,0.000000000000055000005236322556,0.00000000000002653936576316038,0.000000000000013943623108671024,0.0000000000000008049116928532385,0.000000000000000000000002943599757952376,0.000018219637388650004,0.000000000027551839275098752,0.00000000000021769200091431127,0.00012462435522305466,0.00003191122330317947,0.0000063660769744344225,0.0000000000000000027432881091913835,0.000000000005868950704594936,0.0000000000011568276465450165,0.0000000000002176919992331178,0.00000000000000000000000000000000000000003514263270906453,0.0000000000000000000000000000000000000000000000000000000000003438115160822045,0.000000000000000000000000000000000000000012959791066234904,0.00000000000000000000000000000000001881923468795533,0.000000000000000000000000000000000000000000000000000000000000000000000000000000000000000000000000000000000000000000000000000000000000000000000000000000000000000000000000000000000000000000000000000000000000000000000000000000000000000000000000000000000000000000000000000000000000000000000000000008214171094032624,0.000000000000000000000000000000000000000000000000000000000000000000000000000000000000000000000000000000000000000000000000000000000000000000000000000000000000000000000000000000000000000000000000000000000000000000000000000000000000000000000000000000000000000000000000000000000000000000000000000004084183388947956,0.000000000000013943623144764875,30416,73,0.0000000000000009997205911279176,512,2,-2.557105051294148,15209,72,1,45840,2,0.810104591755693,0.9791519256604443,0.000408359012103103,0.00041288705665606674,0,1,1
-2.556379631637545,11.889069564890608,0.12057120341511608,0.3520095737212309,0.02427957914134987,0.000000000003562802479948907,13973.619361663477,35.12915909910935,0.1521950506785843,0.0000000000000009155696686521888,0.000000000000003454650789504798,0.000000000000000885128515413826,0.00018363692380276618,0.000000000000018024165990875914,0.15233085871907556,0.000000000007701505331223892,0.12047561408235562,0.029746232953333732,0.0019253747595743336,0,0,0.00000000000000014112608496212583,0.00000000000011786452815094313,0.00000000000003153842623446271,0.00000000000001792049434836535,-0.000000000000009103828801926284,0.000000000000000000000009325168936828273,0.00004969904836368288,0.00000000012383585934328414,0.00000000000021769202488990992,0.00015410971557383297,0.000039194693278952554,0.000008565880211951561,0.00000000000000003052945273546691,0.000000000005868950704594936,0.0000000000011568276465450165,0.0000000000002176919992331178,0.00000000000000000000000000000000000000003514263270906453,0.0000000000000000000000000000000000000000000000000000000000003438115160822045,0.000000000000000000000000000000000000000012959791066234904,0.00000000000000000000000000000000001881923468795533,0.000000000000000000000000000000000000000000000000000000000000000000000000000000000000000000000000000000000000000000000000000000000000000000000000000000000000000000000000000000000000000000000000000000000000000000000000000000000000000000000000000000000000000000000000000000000000000000000000000012182470572693718,0.000000000000000000000000000000000000000000000000000000000000000000000000000000000000000000000000000000000000000000000000000000000000000000000000000000000000000000000000000000000000000000000000000000000000000000000000000000000000000000000000000000000000000000000000000000000000000000000000000005955965344782427,0.0000000000000179204943844592,37051,75,0.0000000000000009997205911279176,512,3,-2.556379537931606,18527,74,1,55798,3,0.8100405030171344,0.9791519256604443,0.0004019132066038571,0.00041288705665606674,0,1,1
-2.555673658800786,11.879973443071949,0.13078608215124812,0.37474481473947624,0.028331433857072767,0.000000000003758327199657398,14590.571494933665,35.10436761909259,0.16484458339758667,0.000000000000000928656007056878,0.0000000000000035199966022767546,0.000000000000000894044603713138,0.00018668051939453023,0.000000000000018298764299847952,0.16496777576658192,0.00000000000834039847201736,0.13066422654546048,0.03186897376041524,0.0022478949413072356,0,0,0.00000000000000015394749900888292,0.00000000000021759883781516244,0.00000000000003671198215604086,0.00000000000002234360419293162,-0.000000000000004468647674116255,0.000000000000000000000016593695452211225,0.00010867972862820858,0.00000000039104797276376564,0.00000000000021769219230669646,0.00018682412281234887,0.000047165051732885946,0.000011202794914103546,0.00000000000000018138012762340546,0.000000000005868950704594936,0.0000000000011568276465450165,0.0000000000002176919992331178,0.00000000000000000000000000000000000000003514263270906453,0.0000000000000000000000000000000000000000000000000000000000003438115160822045,0.000000000000000000000000000000000000000012959791066234904,0.00000000000000000000000000000000001881923468795533,0.000000000000000000000000000000000000000000000000000000000000000000000000000000000000000000000000000000000000000000000000000000000000000000000000000000000000000000000000000000000000000000000000000000000000000000000000000000000000000000000000000000000000000000000000000000000000000000000000000016769272399226872,0.000000000000000000000000000000000000000000000000000000000000000000000000000000000000000000000000000000000000000000000000000000000000000000000000000000000000000000000000000000000000000000000000000000000000000000000000000000000000000000000000000000000000000000000000000000000000000000000000000008104604604856358,0.000000000000022343604229025472,44116,79,0.0000000000000009997205911279176,512,4,-2.5556735154954424,22060,78,1,66407,4,0.8099961398064848,0.9791519256604443,0.00040187581378574143,0.00041288705665606674,0,1,1
-2.5551441791732166,11.873155564653352,0.1384937573580908,0.39117112853781055,0.03156178797972963,0.000000000003876591207121224,14935.445229049568,35.08578549146271,0.17435912876577,0.0000000000000009391159450214376,0.000000000000003570050152053141,0.0000000000000009006957249502783,0.00018906032008169678,0.00000000000001851456421315169,0.17445419233880458,0.000000000008819993705044396,0.13833244840443484,0.033427410427171865,0.0025052731871262053,0,0,0.00000000000000016369098176383744,0.00000000000031970366360817987,0.000000000000040756656551299335,0.000000000000026004605046328394,0.000000000000010047518372857667,0.000000000000000000000017194693866019284,0.00017556396210612947,0.0000000007725098195833179,0.00000000000021769261906003986,0.0002142550084211865,0.00005375989566231709,0.000013553083681220382,0.0000000000000005097891289050766,0.000000000005868950704594936,0.0000000000011568276465450165,0.0000000000002176919992331178,0.00000000000000000000000000000000000000003514263270906453,0.0000000000000000000000000000000000000000000000000000000000003438115160822045,0.000000000000000000000000000000000000000012959791066234904,0.00000000000000000000000000000000001881923468795533,0.000000000000000000000000000000000000000000000000000000000000000000000000000000000000000000000000000000000000000000000000000000000000000000000000000000000000000000000000000000000000000000000000000000000000000000000000000000000000000000000000000000000000000000000000000000000000000000000000000020660457068529213,0.000000000000000000000000000000000000000000000000000000000000000000000000000000000000000000000000000000000000000000000000000000000000000000000000000000000000000000000000000000000000000000000000000000000000000000000000000000000000000000000000000000000000000000000000000000000000000000000000000009928066095940968,0.000000000000026004605082422245,49406,81,0.0000000000000009997205911279176,512,4,-2.555144106144675,24705,80,1,74348,4,0.8099673795856034,0.9791519256604443,0.00040187581378574143,0.00041288705665606674,0,1,1
-2.554418595979881,11.86381840718236,0.14912071545926264,0.4128132810550969,0.03625031694775018,0.0000000000040014983185549905,15257.495527965606,35.06033706877552,0.18743497190273087,0.0000000000000009540430738932493,0.000000000000003641082575335077,0.0000000000000009103979453072344,0.000192371108957433,0.000000000000018811942133586556,0.1874654888993943,0.000000000009477839872299422,0.14887776235956504,0.035516113709597306,0.002879241721296063,0,0,0.0000000000000001772330740061127,0.0000000000004954542866191283,0.00000000000004647774619254505,0.00000000000003147009957284889,0.000000000000021538326677728037,0.000000000000000000000002253744051780222,0.00029928985105674526,0.0000000015950844730259023,0.0000000000002176940737643751,0.000256336751331643,0.00006372598866338531,0.000017374594059997934,0.0000000000000014995871036508858,0.000000000005868950704594936,0.0000000000011568276465450165,0.0000000000002176919992331178,0.00000000000000000000000000000000000000003514263270906453,0.0000000000000000000000000000000000000000000000000000000000003438115160822045,0.000000000000000000000000000000000000000012959791066234904,0.00000000000000000000000000000000001881923468795533,0.000000000000000000000000000000000000000000000000000000000000000000000000000000000000000000000000000000000000000000000000000000000000000000000000000000000000000000000000000000000000000000000000000000000000000000000000000000000000000000000000000000000000000000000000000000000000000000000000000026692612488462013,0.000000000000000000000000000000000000000000000000000000000000000000000000000000000000000000000000000000000000000000000000000000000000000000000000000000000000000000000000000000000000000000000000000000000000000000000000000000000000000000000000000000000000000000000000000000000000000000000000000012719604708841608,0.00000000000003147009960894274,56190,83,0.0000000000000009997205911279176,512,4,-2.5544184579291658,28097,82,1,84530,4,0.8099272098972438,0.9791519256604443,0.00040187581378574143,0.00041288705665606674,0,1,1
-2.553712623143122,11.85474010570406,0.1595285755081191,0.4329117697237585,0.04109855600143862,0.0000000000040885999124168196,15434.094914779736,35.035594158096416,0.20019506617074823,0.0000000000000009683274442628164,0.0000000000000037123655632084575,0.0000000000000009200817000847127,0.00019568039610996338,0.00000000000001910905644239688,0.20013963776412333,0.000000000010118588038856765,0.15918107716792354,0.03749639656479246,0.0032664836353383463,0,0,0.00000000000000019061876761872862,0.0000000000006995832236482456,0.00000000000005219260595947061,0.0000000000000372497414842085,0.000000000000040967229608668276,0.000000000000000000000002486388599060761,0.00045030802723917225,0.000000002695088743966984,0.00000000000021769681459221772,0.0003028096870158477,0.00007453143946480565,0.00002186079333746201,0.0000000000000032149631596847167,0.000000000005868950704594936,0.0000000000011568276465450165,0.0000000000002176919992331178,0.00000000000000000000000000000000000000003514263270906453,0.0000000000000000000000000000000000000000000000000000000000003438115160822045,0.000000000000000000000000000000000000000012959791066234904,0.00000000000000000000000000000000001881923468795533,0.00000000000000000000000000000000000000000000000000000000000000000000000000000000000000000000000000000000000000000000000000000000000000000000000000000000000000000000000000000000000000000000000000000000000000000000000000000000000000000000000000000000000000000000000000000000000000000000000000003326316921905888,0.00000000000000000000000000000000000000000000000000000000000000000000000000000000000000000000000000000000000000000000000000000000000000000000000000000000000000000000000000000000000000000000000000000000000000000000000000000000000000000000000000000000000000000000000000000000000000000000000000001573931958262654,0.00000000000003724974152030235,61974,87,0.0000000000000009997205911279176,512,4,-2.553712372461548,30989,86,1,93218,4,0.8098817762491811,0.9791519256604443,0.00040187581378574143,0.00041288705665606674,0,1,1
-2.5531831435155525,11.847935584287093,0.16737314477050919,0.44736675913088314,0.0449159150488626,0.000000000004137092354674431,15500.953841728024,35.01704843497447,0.20978355970960985,0.0000000000000009797277991317661,0.000000000000003767102353167551,0.0000000000000009274023221307486,0.0001982912886435649,0.000000000000019346303262480627,0.2096541794730659,0.000000000010599627125444619,0.16693628331043198,0.03894781872274397,0.003571786151290164,0.000000000000000000000000000000000000000000000000000000000000000000000000000000000000000000000000000000000000000000000000000000000000000000000000000000000000000000000000000000000000000000000000000000000000000000000000000000000000000000000000000000000000000000000000000000000000000000000000000000000000000000000000000000000005,0,0.00000000000000020080297803550877,0.0000000000008689010064590968,0.0000000000000565490234580732,0.000000000000041861827254673106,0.000000000000043798298321462426,0.00000000000000000000000776451176548799,0.0005784600189801734,0.0000000036554111714971803,0.00000000000021769972210984262,0.0003415985588785472,0.00008340073237792326,0.000025792858176926626,0.000000000000004964202524177487,0.000000000005868950704594936,0.0000000000011568276465450165,0.0000000000002176919992331178,0.00000000000000000000000000000000000000003514263270906453,0.0000000000000000000000000000000000000000000000000000000000003438115160822045,0.000000000000000000000000000000000000000012959791066234904,0.00000000000000000000000000000000001881923468795533,0.00000000000000000000000000000000000000000000000000000000000000000000000000000000000000000000000000000000000000000000000000000000000000000000000000000000000000000000000000000000000000000000000000000000000000000000000000000000000000000000000000000000000000000000000000000000000000000000000000003842091497840694,0.000000000000000000000000000000000000000000000000000000000000000000000000000000000000000000000000000000000000000000000000000000000000000000000000000000000000000000000000000000000000000000000000000000000000000000000000000000000000000000000000000000000000000000000000000000000000000000000000000018098133015603823,0.00000000000004186182729076696,65662,89,0.0000000000000009997205911279176,512,4,-2.553182887609462,32833,88,1,98756,4,0.8098390582932521,0.9791519256604443,0.00040187581378574143,0.00041288705665606674,0,1,1
-2.552457560322217,11.838616719372801,0.17816779393800755,0.4663193262042244,0.05039672861803475,0.000000000004187063374879501,15529.648553829004,34.99164986865056,0.22293985578855707,0.0000000000000009959706499733694,0.0000000000000038445615861613184,0.000000000000000937932471876292,0.00020189146555591017,0.00000000000001966824388099474,0.22270345428088703,0.000000000011259375326763285,0.17760075198525227,0.040890046909942405,0.004010763920190092,0.00000000000000000000000000000000000000000000000000000000000000000000000000000000000000000000000000000000000000000000000000000000000000000000000000000000000000000000000000000000000000000000000000000000000000000000000000000000000000000000000000000000000000000000000000000000000000000000000000000000000000000000000000000000001,0,0.0000000000000002149577081650464,0.0000000000011167216147822733,0.00000000000006259079841227754,0.00000000000004854327439880084,0.00000000000005365152766501069,0.000000000000000000000011134626526788021,0.0007677582685273695,0.0000000050646284623182984,0.0000000000002177045764705856,0.0004007163157442455,0.00009667922543447033,0.0000320748189843607,0.000000000000007835196797843445,0.000000000005868950704594936,0.0000000000011568276465450165,0.0000000000002176919992331178,0.00000000000000000000000000000000000000003514263270906453,0.0000000000000000000000000000000000000000000000000000000000003438115160822045,0.000000000000000000000000000000000000000012959791066234904,0.00000000000000000000000000000000001881923468795533,0.000000000000000000000000000000000000000000000000000000000000000000000000000000000000000000000000000000000000000000000000000000000000000000000000000000000000000000000000000000000000000000000000000000000000000000000000000000000000000000000000000000000000000000000000000000000000000000000000000045590663338095013,0.000000000000000000000000000000000000000000000000000000000000000000000000000000000000000000000000000000000000000000000000000000000000000000000000000000000000000000000000000000000000000000000000000000000000000000000000000000000000000000000000000000000000000000000000000000000000000000000000000021363255230321918,0.00000000000004854327443489469,69806,91,0.0000000000000009997205911279176,512,4,-2.5524573952058267,34905,90,1,104978,4,0.8097585128826227,0.9791519256604443,0.00040187581378574143,0.00041288705665606674,0,1,1
-2.551751587485458,11.829556203322783,0.18871710962860705,0.4838130804776532,0.05599971580905413,0.000000000004223656096834909,15512.671015196554,34.96695543215624,0.23575493953090398,0.0000000000000010115434148098615,0.000000000000003922332371000556,0.0000000000000009484916849076406,0.0002055049097459345,0.000000000000019992315507291796,0.23541527640336038,0.000000000011902037080707757,0.1880217470180794,0.04272769586623038,0.004460328609362953,0.000000000000000000000000000000000000000000000000000000000000000000000000000000000000000000000000000000000000000000000000000000000000000000000000000000000000000000000000000000000000000000000000000000000000000000000000000000000000000000000000000000000000000000000000000000000000000000000000000000000000000000000000000000000025,0,0.0000000000000002289644616817234,0.0000000000013693972576898973,0.00000000000006852963026454038,0.000000000000055423607810676765,0.00000000000005828670879282072,0.000000000000000000000019152785472297154,0.0009607357165732957,0.000000006452911731557066,0.00000000000021770981513548978,0.0004653731060184923,0.0001109026122830824,0.0000392984141294298,0.00000000000001092987985274099,0.000000000005868950704594936,0.0000000000011568276465450165,0.0000000000002176919992331178,0.00000000000000000000000000000000000000003514263270906453,0.0000000000000000000000000000000000000000000000000000000000003438115160822045,0.000000000000000000000000000000000000000012959791066234904,0.00000000000000000000000000000000001881923468795533,0.00000000000000000000000000000000000000000000000000000000000000000000000000000000000000000000000000000000000000000000000000000000000000000000000000000000000000000000000000000000000000000000000000000000000000000000000000000000000000000000000000000000000000000000000000000000000000000000000000005247642412392777,0.000000000000000000000000000000000000000000000000000000000000000000000000000000000000000000000000000000000000000000000000000000000000000000000000000000000000000000000000000000000000000000000000000000000000000000000000000000000000000000000000000000000000000000000000000000000000000000000000000024468207326037468,0.000000000000055423607846770616,72966,95,0.0000000000000009997205911279176,512,4,-2.551751560685887,36485,94,1,109730,4,0.8096351251641762,0.9791519256604443,0.00040187581378574143,0.00041288705665606674,0,1,1
-2.5512221078578885,11.822765012739556,0.1966543543925979,0.496324132079628,0.06037363342887739,0.000000000004246259940775429,15482.453713074208,34.948446042221654,0.2453705174666018,0.000000000000001024661199217603,0.000000000000003982030783923618,0.0000000000000009564671729875123,0.00020835914063620245,0.00000000000002025036605704924,0.24495752695584988,0.000000000012384467433198819,0.19586505190045939,0.044072260870968306,0.004811855043863202,0.000000000000000000000000000000000000000000000000000000000000000000000000000000000000000000000000000000000000000000000000000000000000000000000000000000000000000000000000000000000000000000000000000000000000000000000000000000000000000000000000000000000000000000000000000000000000000000000000000000000000000000000000000000000035,0,0.00000000000000023962273523800953,0.000000000001563526544234134,0.00000000000007301456530036121,0.000000000000060818989830871,0.00000000000007721601136267964,0.000000000000000000000018433849197714933,0.0011081115022138156,0.00000000746688425511155,0.00000000000021771382921831293,0.0005188090100484722,0.00012244474505969038,0.00004551556285420491,0.000000000000013322700896391722,0.000000000005868950704594936,0.0000000000011568276465450165,0.0000000000002176919992331178,0.00000000000000000000000000000000000000003514263270906453,0.0000000000000000000000000000000000000000000000000000000000003438115160822045,0.000000000000000000000000000000000000000012959791066234904,0.00000000000000000000000000000000001881923468795533,0.00000000000000000000000000000000000000000000000000000000000000000000000000000000000000000000000000000000000000000000000000000000000000000000000000000000000000000000000000000000000000000000000000000000000000000000000000000000000000000000000000000000000000000000000000000000000000000000000000005752190649350635,0.000000000000000000000000000000000000000000000000000000000000000000000000000000000000000000000000000000000000000000000000000000000000000000000000000000000000000000000000000000000000000000000000000000000000000000000000000000000000000000000000000000000000000000000000000000000000000000000000000026732077159440497,0.00000000000006081898986696486,74765,95,0.0000000000000009997205911279176,512,5,-2.5512218417082444,37385,94,1,112428,5,0.8094873359266891,0.9791519256604443,0.0004043636348031653,0.00041288705665606674,0,1,1
-2.550496524664553,11.81346440454476,0.2075633890624922,0.5126258057290763,0.06660200267579669,0.0000000000042733041737822015,15427.52803506543,34.92309723458674,0.25854995309517664,0.0000000000000010416606342766405,0.000000000000004064189681908429,0.0000000000000009666574477594249,0.0002122925472895649,0.0000000000000206026981277129,0.2580453973576434,0.000000000013046181251799658,0.20665177223986175,0.04586801666577746,0.005313315904806078,0.00000000000000000000000000000000000000000000000000000000000000000000000000000000000000000000000000000000000000000000000000000000000000000000000000000000000000000000000000000000000000000000000000000000000000000000000000000000000000000000000000000000000000000000000000000000000000000000000000000000000000000000000000000000004,0,0.00000000000000025445109150558963,0.0000000000018333207904849707,0.0000000000000791966581340012,0.00000000000006852951888696097,0.00000000000009142686607788164,0.00000000000000000000001901546056591628,0.0013109692776101661,0.000000008788695446145388,0.00000000000021771922036608553,0.0005993524549502454,0.00013951426459532013,0.000055263062198469265,0.000000000000016585369206374115,0.000000000005868950704594936,0.0000000000011568276465450165,0.0000000000002176919992331178,0.00000000000000000000000000000000000000003514263270906453,0.0000000000000000000000000000000000000000000000000000000000003438115160822045,0.000000000000000000000000000000000000000012959791066234904,0.00000000000000000000000000000000001881923468795533,0.00000000000000000000000000000000000000000000000000000000000000000000000000000000000000000000000000000000000000000000000000000000000000000000000000000000000000000000000000000000000000000000000000000000000000000000000000000000000000000000000000000000000000000000000000000000000000000000000000006448201721023624,0.000000000000000000000000000000000000000000000000000000000000000000000000000000000000000000000000000000000000000000000000000000000000000000000000000000000000000000000000000000000000000000000000000000000000000000000000000000000000000000000000000000000000000000000000000000000000000000000000000029831427517785895,0.00000000000006852951892305483,76701,102,0.0000000000000009997205911279176,512,7,-2.5504962690320765,38354,101,1,115352,7,0.739814735879736,0.9791519256604443,0.0004052794607841135,0.00041288705665606674,0,1,1
-2.549790551827794,11.80442163907934,0.21821368659336482,0.527556966514362,0.07291550558109045,0.000000000004297272132058718,15366.698324177594,34.89845117731075,0.27137589535730244,0.0000000000000010594787075082107,0.000000000000004150175895189406,0.0000000000000009786842680456811,0.0002164303357109809,0.000000000000020983412725969248,0.2707949760840669,0.000000000013690761301137907,0.21719256248255026,0.0475632552424053,0.005822728023459058,0.00000000000000000000000000000000000000000000000000000000000000000000000000000000000000000000000000000000000000000000000000000000000000000000000000000000000000000000000000000000000000000000000000000000000000000000000000000000000000000000000000000000000000000000000000000000000000000000000000000000000000000000000000000000005,0,0.0000000000000002691313477571756,0.0000000000020980744551211074,0.00000000000008524743993719945,0.00000000000007637488233371522,0.00000000000005873079800267078,0.00000000000000000000002348255899112941,0.0015074306025123349,0.000000009984478071559672,0.00000000000021772420497685878,0.0006863064916509834,0.00015754374564096784,0.00006624074096059704,0.000000000000019665694938732372,0.000000000005868950704594936,0.0000000000011568276465450165,0.0000000000002176919992331178,0.00000000000000000000000000000000000000003514263270906453,0.0000000000000000000000000000000000000000000000000000000000003438115160822045,0.000000000000000000000000000000000000000012959791066234904,0.00000000000000000000000000000000001881923468795533,0.00000000000000000000000000000000000000000000000000000000000000000000000000000000000000000000000000000000000000000000000000000000000000000000000000000000000000000000000000000000000000000000000000000000000000000000000000000000000000000000000000000000000000000000000000000000000000000000000000007118850865332723,0.00000000000000000000000000000000000000000000000000000000000000000000000000000000000000000000000000000000000000000000000000000000000000000000000000000000000000000000000000000000000000000000000000000000000000000000000000000000000000000000000000000000000000000000000000000000000000000000000000003280759913875903,0.00000000000007637488236980908,77988,106,0.0000000000000009997205911279176,512,8,-2.549789761376568,38998,105,1,117294,8,0.8083266411562294,0.9791519256604443,0.00040561790469785026,0.00041288705665606674,0,1,1
-2.5492610722002245,11.797643753213228,0.22622160769108832,0.5381579108320311,0.07781337621933197,0.000000000004314555679049758,15319.38480832412,34.87997804938265,0.2809940811071958,0.0000000000000010729046112292353,0.000000000000004214178148578267,0.0000000000000009868695544090878,0.0002193717209344593,0.000000000000021239816088383538,0.28036489110316337,0.000000000014174586975538623,0.22512552713217232,0.04880130324927773,0.006218689000841103,0.00000000000000000000000000000000000000000000000000000000000000000000000000000000000000000000000000000000000000000000000000000000000000000000000000000000000000000000000000000000000000000000000000000000000000000000000000000000000000000000000000000000000000000000000000000000000000000000000000000000000000000000000000000000005,0,0.00000000000000028030891176817424,0.0000000000022973033970458443,0.00000000000008980728010354576,0.00000000000008247709967564925,0.00000000000006222800053024002,0.000000000000000000000023068968684852895,0.0016534568079574893,0.000000010820011958638118,0.0000000000002177277343493136,0.000757376248948058,0.0001720019336296396,0.00007552772058796062,0.000000000000021889746928801533,0.000000000005868950704594936,0.0000000000011568276465450165,0.0000000000002176919992331178,0.00000000000000000000000000000000000000003514263270906453,0.0000000000000000000000000000000000000000000000000000000000003438115160822045,0.000000000000000000000000000000000000000012959791066234904,0.00000000000000000000000000000000001881923468795533,0.00000000000000000000000000000000000000000000000000000000000000000000000000000000000000000000000000000000000000000000000000000000000000000000000000000000000000000000000000000000000000000000000000000000000000000000000000000000000000000000000000000000000000000000000000000000000000000000000000007436199998228815,0.00000000000000000000000000000000000000000000000000000000000000000000000000000000000000000000000000000000000000000000000000000000000000000000000000000000000000000000000000000000000000000000000000000000000000000000000000000000000000000000000000000000000000000000000000000000000000000000000000003421047238873906,0.0000000000000824770997117431,78656,111,0.0000000000000009997205911279176,512,8,-2.5492605262620507,39332,110,1,118311,8,0.7689174132761237,0.9873408545036421,0.00040561790469785026,0.00041288705665606674,0,1,1
-2.548535489006889,11.788361365970932,0.23722451427921323,0.5518594673203161,0.08474231169186873,0.000000000004338043217609455,15254.950684254027,34.85467890295378,0.2941727319663754,0.0000000000000010914326420309725,0.000000000000004307326666281928,0.0000000000000009998661974713465,0.00022382361739411777,0.000000000000021648411594022504,0.29349165901794866,0.000000000014838278802731714,0.23603664956375356,0.05045115814106584,0.006780027695803286,0.00000000000000000000000000000000000000000000000000000000000000000000000000000000000000000000000000000000000000000000000000000000000000000000000000000000000000000000000000000000000000000000000000000000000000000000000000000000000000000000000000000000000000000000000000000000000000000000000000000000000000000000000000000000005,0,0.00000000000000029586875680798783,0.0000000000025705681663092376,0.00000000000009608547869083493,0.00000000000009113899735194854,0.00000000000006811218256075335,0.000000000000000000000019005767043112925,0.0018511852929657133,0.000000011881352081648047,0.0000000000002177322670635761,0.0008633205773993234,0.0001931348372157605,0.00008984519403451846,0.00000000000002480411226352657,0.000000000005868950704594936,0.0000000000011568276465450165,0.0000000000002176919992331178,0.00000000000000000000000000000000000000003514263270906453,0.0000000000000000000000000000000000000000000000000000000000003438115160822045,0.000000000000000000000000000000000000000012959791066234904,0.00000000000000000000000000000000001881923468795533,0.00000000000000000000000000000000000000000000000000000000000000000000000000000000000000000000000000000000000000000000000000000000000000000000000000000000000000000000000000000000000000000000000000000000000000000000000000000000000000000000000000000000000000000000000000000000000000000000000000007446848524458327,0.000000000000000000000000000000000000000000000000000000000000000000000000000000000000000000000000000000000000000000000000000000000000000000000000000000000000000000000000000000000000000000000000000000000000000000000000000000000000000000000000000000000000000000000000000000000000000000000000000034270082296056816,0.0000000000000911389973880424,79496,120,0.0000000000000009997205911279176,512,8,-2.548535137025728,39752,119,1,119598,8,0.809978127567358,0.9873408545036421,0.00040561790469785026,0.00041288705665606674,0,1,1
-2.54782951617013,11.77933631631469,0.2479626816978998,0.5642822296374662,0.0917227657838818,0.000000000004361107926231078,15194.187831337376,34.83008113011568,0.3069938207404179,0.0000000000000011106971929212407,0.0000000000000043997037779109805,0.0000000000000010123574526404447,0.0002281381440017703,0.000000000000022033507528338634,0.30627846177763574,0.000000000015484722906798242,0.24669834111884698,0.052005029510278106,0.007346953004596897,0.00000000000000000000000000000000000000000000000000000000000000000000000000000000000000000000000000000000000000000000000000000000000000000000000000000000000000000000000000000000000000000000000000000000000000000000000000000000000000000000000000000000000000000000000000000000000000000000000000000000000000000000000000000000005,0,0.00000000000000031128187630240207,0.0000000000028363036476464426,0.00000000000010222682213917482,0.000000000000099895904455686,0.00000000000008804068585277491,0.000000000000000000000018201204650434394,0.0020406733062153016,0.00000001282640643669669,0.00000000000021773635348906598,0.0009763327270469058,0.00021517427707193616,0.00010568202188000418,0.000000000000027491703810513838,0.000000000005868950704594936,0.0000000000011568276465450165,0.0000000000002176919992331178,0.00000000000000000000000000000000000000003514263270906453,0.0000000000000000000000000000000000000000000000000000000000003438115160822045,0.000000000000000000000000000000000000000012959791066234904,0.00000000000000000000000000000000001881923468795533,0.00000000000000000000000000000000000000000000000000000000000000000000000000000000000000000000000000000000000000000000000000000000000000000000000000000000000000000000000000000000000000000000000000000000000000000000000000000000000000000000000000000000000000000000000000000000000000000000000000007453501173832512,0.000000000000000000000000000000000000000000000000000000000000000000000000000000000000000000000000000000000000000000000000000000000000000000000000000000000000000000000000000000000000000000000000000000000000000000000000000000000000000000000000000000000000000000000000000000000000000000000000000034325121418214713,0.00000000000009989590449177985,80240,126,0.0000000000000009997205911279176,512,8,-2.5478291658542083,40124,125,1,120732,8,0.8099834939251097,0.9873408545036421,0.00040561790469785026,0.00041288705665606674,0,1,1
-2.5473000365425604,11.772571709100236,0.25603583301227656,0.573016620435642,0.0971074291361863,0.0000000000043787518501893585,15150.57489790346,34.81164419315269,0.3166067392260672,0.0000000000000011253992891326893,0.0000000000000044706909394263284,0.000000000000001021837524639791,0.0002315300618036779,0.000000000000022340228319072614,0.31587674860593384,0.000000000015970005150971358,0.2547227733901888,0.053137182461875515,0.007785262692146352,0.00000000000000000000000000000000000000000000000000000000000000000000000000000000000000000000000000000000000000000000000000000000000000000000000000000000000000000000000000000000000000000000000000000000000000000000000000000000000000000000000000000000000000000000000000000000000000000000000000000000000000000000000000000000005,0,0.0000000000000003230262625948444,0.0000000000030353526343579652,0.00000000000010685438396252497,0.0000000000001066748652047106,0.00000000000008043565813409259,0.000000000000000000000017571125668216268,0.002180861621037815,0.00000001348260195933228,0.00000000000021773922414939246,0.0010678019988266435,0.0002326657150878304,0.00011888670793201073,0.00000000000002941580064568825,0.000000000005868950704594936,0.0000000000011568276465450165,0.0000000000002176919992331178,0.00000000000000000000000000000000000000003514263270906453,0.0000000000000000000000000000000000000000000000000000000000003438115160822045,0.000000000000000000000000000000000000000012959791066234904,0.00000000000000000000000000000000001881923468795533,0.00000000000000000000000000000000000000000000000000000000000000000000000000000000000000000000000000000000000000000000000000000000000000000000000000000000000000000000000000000000000000000000000000000000000000000000000000000000000000000000000000000000000000000000000000000000000000000000000000007459017296653217,0.000000000000000000000000000000000000000000000000000000000000000000000000000000000000000000000000000000000000000000000000000000000000000000000000000000000000000000000000000000000000000000000000000000000000000000000000000000000000000000000000000000000000000000000000000000000000000000000000000034348787761273896,0.00000000000010667486524080445,80824,132,0.0000000000000009997205911279176,512,8,-2.5472978395378725,40416,131,1,121626,8,0.8099859183290249,0.9873408545036421,0.00040561790469785026,0.00041288705665606674,0,1,1
-2.5465744533492245,11.763307507113508,0.2671267042958338,0.5841824507807115,0.10469073809639275,0.000000000004403515418082064,15093.818041826375,34.78639461063786,0.32977648800426773,0.000000000000001145547189325647,0.000000000000004571040009321121,0.000000000000001035426585485701,0.00023620787292975048,0.000000000000022758058022326895,0.3290421700342804,0.000000000016635623310053104,0.2657592529208441,0.05464268890625052,0.008404020334343593,0.00000000000000000000000000000000000000000000000000000000000000000000000000000000000000000000000000000000000000000000000000000000000000000000000000000000000000000000000000000000000000000000000000000000000000000000000000000000000000000000000000000000000000000000000000000000000000000000000000000000000000000000000000000000005,0,0.0000000000000003393814470364074,0.0000000000033076739380470944,0.00000000000011322658754992374,0.00000000000011625684294116433,0.00000000000008759659664292485,0.00000000000000000000001972631890482904,0.002370331574995227,0.00000001431472385763098,0.00000000000021774291410387696,0.001202880199873571,0.00025797778327134194,0.0001389620637975364,0.00000000000003193455982830023,0.000000000005868950704594936,0.0000000000011568276465450165,0.0000000000002176919992331178,0.00000000000000000000000000000000000000003514263270906453,0.0000000000000000000000000000000000000000000000000000000000003438115160822045,0.000000000000000000000000000000000000000012959791066234904,0.00000000000000000000000000000000001881923468795533,0.00000000000000000000000000000000000000000000000000000000000000000000000000000000000000000000000000000000000000000000000000000000000000000000000000000000000000000000000000000000000000000000000000000000000000000000000000000000000000000000000000000000000000000000000000000000000000000000000000007470815060517086,0.00000000000000000000000000000000000000000000000000000000000000000000000000000000000000000000000000000000000000000000000000000000000000000000000000000000000000000000000000000000000000000000000000000000000000000000000000000000000000000000000000000000000000000000000000000000000000000000000000003442461784518491,0.00000000000011625684297725818,81624,139,0.0000000000000009997205911279176,512,8,-2.5465731666425113,40816,138,1,122847,8,0.8099885241619007,0.9998495951990957,0.00040561790469785026,0.00041288705665606674,0,1,1
-2.5458684805124654,11.754300138559152,0.27794964881094214,0.594164407244101,0.1122882605318756,0.0000000000044283738333134,15042.234071763689,34.76184502764297,0.3425870905194568,0.0000000000000011665591740190642,0.000000000000004671885481160049,0.0000000000000010491202152240995,0.00024094556033209293,0.000000000000023182068283292105,0.3418666402166916,0.000000000017283990524930575,0.2765433311024731,0.05605665855079099,0.009025705003195338,0.00000000000000000000000000000000000000000000000000000000000000000000000000000000000000000000000000000000000000000000000000000000000000000000000000000000000000000000000000000000000000000000000000000000000000000000000000000000000000000000000000000000000000000000000000000000000000000000000000000000000000000000000000000000005,0,0.00000000000000035559727902931074,0.000000000003572094088966628,0.00000000000011946159268894062,0.0000000000001259024955592902,0.00000000000009992007221626409,0.000000000000000000000018411230977840436,0.00255185413851551,0.00000001505637486929587,0.0000000000002177462626289639,0.0013455364299084797,0.000284094572181214,0.00016084232984835863,0.00000000000003426585872158539,0.000000000005868950704594936,0.0000000000011568276465450165,0.0000000000002176919992331178,0.00000000000000000000000000000000000000003514263270906453,0.0000000000000000000000000000000000000000000000000000000000003438115160822045,0.000000000000000000000000000000000000000012959791066234904,0.00000000000000000000000000000000001881923468795533,0.00000000000000000000000000000000000000000000000000000000000000000000000000000000000000000000000000000000000000000000000000000000000000000000000000000000000000000000000000000000000000000000000000000000000000000000000000000000000000000000000000000000000000000000000000000000000000000000000000007476931540217775,0.00000000000000000000000000000000000000000000000000000000000000000000000000000000000000000000000000000000000000000000000000000000000000000000000000000000000000000000000000000000000000000000000000000000000000000000000000000000000000000000000000000000000000000000000000000000000000000000000000003446227699057881,0.00000000000012590249559538406,82362,144,0.0000000000000009997205911279176,512,8,-2.5458667464977287,41185,143,1,123969,8,0.8099890577031057,0.9998495951990957,0.00040561790469785026,0.00041288705665606674,0,1,1
-2.545339000884896,11.74754878398196,0.2860856036938165,0.601086110045696,0.11812513057852801,0.000000000004447496715226687,15005.809774961517,34.74344421074284,0.35219110668350745,0.0000000000000011826024634229567,0.000000000000004749214075441118,0.0000000000000010593769263137678,0.0002446259031327087,0.00000000000002351253526352722,0.35149304729793146,0.00000000001777067996296856,0.2846594204816505,0.05708446191290489,0.009504539000331828,0.00000000000000000000000000000000000000000000000000000000000000000000000000000000000000000000000000000000000000000000000000000000000000000000000000000000000000000000000000000000000000000000000000000000000000000000000000000000000000000000000000000000000000000000000000000000000000000000000000000000000000000000000000000000005,0,0.000000000000000367955872380933,0.000000000003770061937422502,0.00000000000012416116184232024,0.00000000000013334463595951575,0.00000000000008848477506262498,0.00000000000000000000001473092348683302,0.002686255937732395,0.00000001557256501375615,0.00000000000021774863552776608,0.0014600727254194523,0.00030464269930604486,0.00017887079698634758,0.0000000000000359446693281273,0.000000000005868950704594936,0.0000000000011568276465450165,0.0000000000002176919992331178,0.00000000000000000000000000000000000000003514263270906453,0.0000000000000000000000000000000000000000000000000000000000003438115160822045,0.000000000000000000000000000000000000000012959791066234904,0.00000000000000000000000000000000001881923468795533,0.00000000000000000000000000000000000000000000000000000000000000000000000000000000000000000000000000000000000000000000000000000000000000000000000000000000000000000000000000000000000000000000000000000000000000000000000000000000000000000000000000000000000000000000000000000000000000000000000000007483122549707702,0.00000000000000000000000000000000000000000000000000000000000000000000000000000000000000000000000000000000000000000000000000000000000000000000000000000000000000000000000000000000000000000000000000000000000000000000000000000000000000000000000000000000000000000000000000000000000000000000000000003450136626166264,0.0000000000001333446359956096,82941,149,0.0000000000000009997205911279176,512,9,-2.545338205915488,41475,148,1,124852,9,0.8099913970385693,0.9998495951990957,0.0004081288281881936,0.00041288705665606674,0,1,1
-2.5446134176915605,11.738302731623826,0.29726250104341534,0.609795170874995,0.12631034112224773,0.0000000000044744359409384094,14959.178541082376,34.71824409504073,0.3653479631317961,0.0000000000000012046461654080932,0.000000000000004858770281201849,0.0000000000000010742603118033908,0.0002497602411827213,0.000000000000023971892376739162,0.36469757139578324,0.000000000018438283809714142,0.29582226564083364,0.058447707317757155,0.010177838196091542,0.00000000000000000000000000000000000000000000000000000000000000000000000000000000000000000000000000000000000000000000000000000000000000000000000000000000000000000000000000000000000000000000000000000000000000000000000000000000000000000000000000000000000000000000000000000000000000000000000000000000000000000000000000000000005,0,0.0000000000000003851829215595908,0.0000000000040408960959415426,0.00000000000013063469155737854,0.00000000000014383145258729434,0.00000000000008182343691487404,0.000000000000000000000020191607999390117,0.002868150842658034,0.00000001622918946530595,0.00000000000021775171718797532,0.0016279154399202718,0.0003341304944893776,0.00020596916034758451,0.00000000000003815837523298496,0.000000000005868950704594936,0.0000000000011568276465450165,0.0000000000002176919992331178,0.00000000000000000000000000000000000000003514263270906453,0.0000000000000000000000000000000000000000000000000000000000003438115160822045,0.000000000000000000000000000000000000000012959791066234904,0.00000000000000000000000000000000001881923468795533,0.00000000000000000000000000000000000000000000000000000000000000000000000000000000000000000000000000000000000000000000000000000000000000000000000000000000000000000000000000000000000000000000000000000000000000000000000000000000000000000000000000000000000000000000000000000000000000000000000000007495931372439797,0.000000000000000000000000000000000000000000000000000000000000000000000000000000000000000000000000000000000000000000000000000000000000000000000000000000000000000000000000000000000000000000000000000000000000000000000000000000000000000000000000000000000000000000000000000000000000000000000000000034579760918605885,0.00000000000014383145262338823,83748,157,0.0000000000000009997205911279176,512,10,-2.5446113050013968,41879,156,1,126086,10,0.8099911264526711,0.9998495951990957,0.0004084696526119671,0.00041288705665606674,0,1,1
-2.5439074448548014,11.729313009532058,0.30816751140464793,0.6174179794724203,0.13447654163562078,0.000000000004501387447549454,14917.121132070584,34.69374260747963,0.37814417425283176,0.000000000000001227604416470495,0.000000000000004968689953743915,0.0000000000000010891110644679858,0.0002549168954169632,0.00000000000002443099781380806,0.3775594835476463,0.00000000001908852599368408,0.30672848865453195,0.059724360687213304,0.01085171731056955,0.00000000000000000000000000000000000000000000000000000000000000000000000000000000000000000000000000000000000000000000000000000000000000000000000000000000000000000000000000000000000000000000000000000000000000000000000000000000000000000000000000000000000000000000000000000000000000000000000000000000000000000000000000000000005,0,0.00000000000000040226803496856556,0.0000000000043039499964858504,0.0000000000001369713136778847,0.0000000000001543537276990991,0.00000000000008548717289613705,0.000000000000000000000015541948228047122,0.003042747443088471,0.000000016816740588359406,0.0000000000002177545492732356,0.0018037246928072296,0.0003642837322213183,0.00023514823429651746,0.00000000000004022618156798132,0.000000000005868950704594936,0.0000000000011568276465450165,0.0000000000002176919992331178,0.00000000000000000000000000000000000000003514263270906453,0.0000000000000000000000000000000000000000000000000000000000003438115160822045,0.000000000000000000000000000000000000000012959791066234904,0.00000000000000000000000000000000001881923468795533,0.0000000000000000000000000000000000000000000000000000000000000000000000000000000000000000000000000000000000000000000000000000000000000000000000000000000000000000000000000000000000000000000000000000000000000000000000000000000000000000000000000000000000000000000000000000000000000000000000000000750240100886825,0.000000000000000000000000000000000000000000000000000000000000000000000000000000000000000000000000000000000000000000000000000000000000000000000000000000000000000000000000000000000000000000000000000000000000000000000000000000000000000000000000000000000000000000000000000000000000000000000000000034618859286677454,0.00000000000015435372773519298,84483,162,0.0000000000000009997205911279176,512,11,-2.5439055010706486,42247,161,1,127203,11,0.809992166128114,0.9998495951990957,0.0004090531476670954,0.00041288705665606674,0,1,1
-2.543377965227232,11.722574881628702,0.31636499372737203,0.6225927786067784,0.14072628614780028,0.000000000004522113232288209,14887.789823074057,34.675377839879026,0.3877369951144019,0.0000000000000012451651587711963,0.0000000000000050532240002856416,0.0000000000000011004008039882955,0.0002589669610491787,0.00000000000002479574613936691,0.3872144293456732,0.00000000001957668057437298,0.31493668703891653,0.06064984890019936,0.011368926445605217,0.00000000000000000000000000000000000000000000000000000000000000000000000000000000000000000000000000000000000000000000000000000000000000000000000000000000000000000000000000000000000000000000000000000000000000000000000000000000000000000000000000000000000000000000000000000000000000000000000000000000000000000000000000000000005,0,0.0000000000000004153042545532991,0.000000000004500978042236304,0.0000000000001417490581640049,0.0000000000001624512171794948,0.00000000000009708900350346994,0.000000000000000000000009328400111096058,0.0031722529364175164,0.000000017227106946165557,0.00000000000021775657879737994,0.0019439462477886305,0.0003878346992666713,0.00025895648679218606,0.00000000000004172755741439299,0.000000000005868950704594936,0.0000000000011568276465450165,0.0000000000002176919992331178,0.00000000000000000000000000000000000000003514263270906453,0.0000000000000000000000000000000000000000000000000000000000003438115160822045,0.000000000000000000000000000000000000000012959791066234904,0.00000000000000000000000000000000001881923468795533,0.00000000000000000000000000000000000000000000000000000000000000000000000000000000000000000000000000000000000000000000000000000000000000000000000000000000000000000000000000000000000000000000000000000000000000000000000000000000000000000000000000000000000000000000000000000000000000000000000000007508813447671968,0.000000000000000000000000000000000000000000000000000000000000000000000000000000000000000000000000000000000000000000000000000000000000000000000000000000000000000000000000000000000000000000000000000000000000000000000000000000000000000000000000000000000000000000000000000000000000000000000000000034656545665271345,0.00000000000016245121721558867,85060,166,0.0000000000000009997205911279176,512,12,-2.5433757780200748,42536,165,1,128080,12,0.8099925154773973,0.9998495951990957,0.00040939473219036557,0.00041288705665606674,0,1,1
-2.5426523820338964,11.713346943341959,0.32762477599021755,0.628938971985571,0.1494625927643403,0.000000000004551131798814497,14850.279745193628,34.65022709407851,0.4008772094781848,0.0000000000000012693302611035661,0.000000000000005172710011601177,0.0000000000000011165641736605006,0.0002645630681126965,0.00000000000002529395023578262,0.4004578351994071,0.000000000020246222070081896,0.32622505602446067,0.06187413089914797,0.012094085207783628,0.00000000000000000000000000000000000000000000000000000000000000000000000000000000000000000000000000000000000000000000000000000000000000000000000000000000000000000000000000000000000000000000000000000000000000000000000000000000000000000000000000000000000000000000000000000000000000000000000000000000000000000000000000000000005,0,0.00000000000000043347647984861088,0.0000000000047706609802756694,0.00000000000014833238765970182,0.00000000000017383346918562453,0.00000000000009781064846947629,0.000000000000000000000003677076316739631,0.0033478440711708257,0.000000017750883852658828,0.000000000000217759244191701,0.0021481241052300477,0.00042139353814802944,0.0002944068318758488,0.00000000000004372382031131059,0.000000000005868950704594936,0.0000000000011568276465450165,0.0000000000002176919992331178,0.00000000000000000000000000000000000000003514263270906453,0.0000000000000000000000000000000000000000000000000000000000003438115160822045,0.000000000000000000000000000000000000000012959791066234904,0.00000000000000000000000000000000001881923468795533,0.00000000000000000000000000000000000000000000000000000000000000000000000000000000000000000000000000000000000000000000000000000000000000000000000000000000000000000000000000000000000000000000000000000000000000000000000000000000000000000000000000000000000000000000000000000000000000000000000000007525822451887662,0.000000000000000000000000000000000000000000000000000000000000000000000000000000000000000000000000000000000000000000000000000000000000000000000000000000000000000000000000000000000000000000000000000000000000000000000000000000000000000000000000000000000000000000000000000000000000000000000000000034750136112215604,0.0000000000001738334692217184,85860,174,0.0000000000000009997205911279176,512,12,-2.5426503592238445,42936,173,1,129304,12,0.8099932359120843,0.9998495951990957,0.00040939473219036557,0.00041288705665606674,0,1,1
-2.5419464091971373,11.70437483314135,0.3386094085441282,0.6343010002189908,0.1581445607400377,0.000000000004580089521195559,14816.8201185305,34.62577360772674,0.4136559970993176,0.0000000000000012944879372041218,0.000000000000005292774449611506,0.0000000000000011328059921222964,0.00027021591823440044,0.000000000000025796897662880186,0.41335763527564595,0.00000000002089839860738983,0.3372532043045636,0.063016921909866,0.012817293143079136,0.00000000000000000000000000000000000000000000000000000000000000000000000000000000000000000000000000000000000000000000000000000000000000000000000000000000000000000000000000000000000000000000000000000000000000000000000000000000000000000000000000000000000000000000000000000000000000000000000000000000000000000000000000000000005,0,0.0000000000000004515192634717482,0.0000000000050327619789341526,0.00000000000015477874369687178,0.00000000000018522438813624396,0.00000000000009720002580593246,0.0000000000000000000000026947993393329105,0.003516745743364403,0.00000001822129858886608,0.00000000000021776172488209537,0.0023605415036057837,0.00045544847645391984,0.00033219624277474545,0.000000000000045606216409024216,0.000000000005868950704594936,0.0000000000011568276465450165,0.0000000000002176919992331178,0.00000000000000000000000000000000000000003514263270906453,0.0000000000000000000000000000000000000000000000000000000000003438115160822045,0.000000000000000000000000000000000000000012959791066234904,0.00000000000000000000000000000000001881923468795533,0.00000000000000000000000000000000000000000000000000000000000000000000000000000000000000000000000000000000000000000000000000000000000000000000000000000000000000000000000000000000000000000000000000000000000000000000000000000000000000000000000000000000000000000000000000000000000000000000000000007541790853070671,0.000000000000000000000000000000000000000000000000000000000000000000000000000000000000000000000000000000000000000000000000000000000000000000000000000000000000000000000000000000000000000000000000000000000000000000000000000000000000000000000000000000000000000000000000000000000000000000000000000034826713006131663,0.00000000000018522438817233785,86592,179,0.0000000000000009997205911279176,512,12,-2.541944267670328,43302,178,1,130417,12,0.8099937537756544,0.9998495951990957,0.00040939473219036557,0.00041288705665606674,0,1,1
-2.541416929569568,11.697649905999265,0.34686546441415883,0.6378053495975696,0.1647697539683412,0.000000000004602240223980882,14793.541047899591,34.60744481880099,0.42323479527212604,0.000000000000001313753494348929,0.000000000000005385124268491826,0.0000000000000011451400384990354,0.00027464703042422574,0.000000000000026194893544955125,0.4230408667859207,0.000000000021387968683007833,0.34555224759079084,0.06384305466680748,0.013370917498001093,0.00000000000000000000000000000000000000000000000000000000000000000000000000000000000000000000000000000000000000000000000000000000000000000000000000000000000000000000000000000000000000000000000000000000000000000000000000000000000000000000000000000000000000000000000000000000000000000000000000000000000000000000000000000000005,0,0.0000000000000004652886131819665,0.000000000005229179602532555,0.0000000000001596405913205673,0.00000000000019397182073501455,0.00000000000010297318553398327,-0.000000000000000000000005809651333477905,0.0036422444335488884,0.000000018550804720151626,0.00000000000021776352134474473,0.0025290276099793393,0.000481880830778164,0.0003627790270417071,0.00000000000004698376335500365,0.000000000005868950704594936,0.0000000000011568276465450165,0.0000000000002176919992331178,0.00000000000000000000000000000000000000003514263270906453,0.0000000000000000000000000000000000000000000000000000000000003438115160822045,0.000000000000000000000000000000000000000012959791066234904,0.00000000000000000000000000000000001881923468795533,0.0000000000000000000000000000000000000000000000000000000000000000000000000000000000000000000000000000000000000000000000000000000000000000000000000000000000000000000000000000000000000000000000000000000000000000000000000000000000000000000000000000000000000000000000000000000000000000000000000000760013519555829,0.00000000000000000000000000000000000000000000000000000000000000000000000000000000000000000000000000000000000000000000000000000000000000000000000000000000000000000000000000000000000000000000000000000000000000000000000000000000000000000000000000000000000000000000000000000000000000000000000000003507074774304893,0.00000000000019397182077110844,87168,184,0.0000000000000009997205911279176,512,12,-2.541415885019772,43590,183,1,131296,12,0.8099941886047203,0.9998495951990957,0.00040939473219036557,0.00041288705665606674,0,1,1
-2.5406913463762324,11.688440046296382,0.35820486798210077,0.6419004042792021,0.17400188983207304,0.000000000004633195943893787,14764.092819394366,34.582343346180785,0.4363551982934177,0.000000000000001340370344957045,0.000000000000005512613771085948,0.0000000000000011613157686953774,0.00028080291380554076,0.000000000000026742851534990054,0.43632361341763004,0.000000000022059508676827627,0.3569652249405572,0.06493263701912144,0.014144948544263939,0.00000000000000000000000000000000000000000000000000000000000000000000000000000000000000000000000000000000000000000000000000000000000000000000000000000000000000000000000000000000000000000000000000000000000000000000000000000000000000000000000000000000000000000000000000000000000000000000000000000000000000000000000000000000005,0,0.0000000000000004845027283257308,0.000000000005498178011826494,0.00000000000016634163334032374,0.00000000000020624285566283373,0.00000000000011812772982011666,-0.000000000000000000000011532060961725608,0.0038127000740165,0.000000018972534274984737,0.00000000000021776590543662892,0.002773057032261694,0.000519316982817186,0.00040795724195797283,0.000000000000048829880604761534,0.000000000005868950704594936,0.0000000000011568276465450165,0.0000000000002176919992331178,0.00000000000000000000000000000000000000003514263270906453,0.0000000000000000000000000000000000000000000000000000000000003438115160822045,0.000000000000000000000000000000000000000012959791066234904,0.00000000000000000000000000000000001881923468795533,0.00000000000000000000000000000000000000000000000000000000000000000000000000000000000000000000000000000000000000000000000000000000000000000000000000000000000000000000000000000000000000000000000000000000000000000000000000000000000000000000000000000000000000000000000000000000000000000000000000007731544322940735,0.000000000000000000000000000000000000000000000000000000000000000000000000000000000000000000000000000000000000000000000000000000000000000000000000000000000000000000000000000000000000000000000000000000000000000000000000000000000000000000000000000000000000000000000000000000000000000000000000000035612787481938765,0.00000000000020624285569892762,87976,194,0.0000000000000009997205911279176,512,12,-2.540690665794624,43994,193,1,132538,12,0.7573641024116549,0.9998495951990957,0.00040939473219036557,0.00041288705665606674,0,1,1
-2.5399853735394733,11.679485513483225,0.36926489472616797,0.6451162126597065,0.18314593299973767,0.00000000000466395890252405,14738.038586752424,34.55793776699853,0.44911290093610334,0.0000000000000013681807773208244,0.000000000000005645821216362822,0.0000000000000011796738537952246,0.0002872456283323471,0.000000000000027327686916488773,0.4492614099217185,0.000000000022713624869603145,0.36811341284447086,0.06594615358925622,0.014914597859802717,0.00000000000000000000000000000000000000000000000000000000000000000000000000000000000000000000000000000000000000000000000000000000000000000000000000000000000000000000000000000000000000000000000000000000000000000000000000000000000000000000000000000000000000000000000000000000000000000000000000000000000000000000000000000000005,0,0.0000000000000005035896467522501,0.00000000000575976507932266,0.0000000000001729051269853229,0.00000000000021849658209502242,0.000000000000143607348235264,-0.000000000000000000000009606281098125591,0.0039769650324868585,0.0000000193523419331552,0.0000000000002177681496531561,0.0030254831505570788,0.0005570561789557694,0.00045570841268250653,0.000000000000050585680834866235,0.000000000005868950704594936,0.0000000000011568276465450165,0.0000000000002176919992331178,0.00000000000000000000000000000000000000003514263270906453,0.0000000000000000000000000000000000000000000000000000000000003438115160822045,0.000000000000000000000000000000000000000012959791066234904,0.00000000000000000000000000000000001881923468795533,0.00000000000000000000000000000000000000000000000000000000000000000000000000000000000000000000000000000000000000000000000000000000000000000000000000000000000000000000000000000000000000000000000000000000000000000000000000000000000000000000000000000000000000000000000000000000000000000000000000007930397598230198,0.000000000000000000000000000000000000000000000000000000000000000000000000000000000000000000000000000000000000000000000000000000000000000000000000000000000000000000000000000000000000000000000000000000000000000000000000000000000000000000000000000000000000000000000000000000000000000000000000000036397165190080776,0.0000000000002184965821311163,88750,199,0.0000000000000009997205911279176,512,12,-2.539984306243083,44381,198,1,133714,12,0.8099981226812075,0.9998495951990957,0.00040939473219036557,0.00041288705665606674,0,1,1
-2.539455893911904,11.672773761240615,0.3775762866497603,0.6470387310380128,0.19010784406351328,0.00000000000468742001351914,14720.058965302402,34.53964488626129,0.45867531974173703,0.000000000000001389267978913229,0.000000000000005745120735656962,0.000000000000001192628376535586,0.00029189749013331073,0.0000000000000277335915893852,0.4589730302927357,0.00000000002320461780870355,0.3765018446118169,0.06667668840409878,0.015502599786823735,0.00000000000000000000000000000000000000000000000000000000000000000000000000000000000000000000000000000000000000000000000000000000000000000000000000000000000000000000000000000000000000000000000000000000000000000000000000000000000000000000000000000000000000000000000000000000000000000000000000000000000000000000000000000000005,0,0.0000000000000005181661697956115,0.0000000000059558998719039474,0.0000000000001778564967437446,0.00000000000022789006644167403,0.00000000000013705703238997557,-0.0000000000000000000000037352374535597656,0.004099212183081784,0.000000019618978203032197,0.00000000000021776979069539014,0.003224770144904352,0.0005861889360583732,0.0004940857820370699,0.00000000000005188007052805579,0.000000000005868950704594936,0.0000000000011568276465450165,0.0000000000002176919992331178,0.00000000000000000000000000000000000000003514263270906453,0.0000000000000000000000000000000000000000000000000000000000003438115160822045,0.000000000000000000000000000000000000000012959791066234904,0.00000000000000000000000000000000001881923468795533,0.00000000000000000000000000000000000000000000000000000000000000000000000000000000000000000000000000000000000000000000000000000000000000000000000000000000000000000000000000000000000000000000000000000000000000000000000000000000000000000000000000000000000000000000000000000000000000000000000000008123454495826334,0.00000000000000000000000000000000000000000000000000000000000000000000000000000000000000000000000000000000000000000000000000000000000000000000000000000000000000000000000000000000000000000000000000000000000000000000000000000000000000000000000000000000000000000000000000000000000000000000000000003715348397447621,0.0000000000002278900664777679,89288,204,0.0000000000000009997205911279176,512,12,-2.5394558724235883,44650,203,1,134536,12,0.7778493919409014,0.9998495951990957,0.00040939473219036557,0.00041288705665606674,0,1,1
-2.5387303107185684,11.663581944703584,0.3889902117016246,0.6490109223892022,0.19978017594693573,0.000000000004720136103276561,14697.610205853856,34.51459259028962,0.4717721544081831,0.000000000000001418700771448058,0.0000000000000058898730663057745,0.0000000000000012125931490894406,0.0002988767028960927,0.000000000000028366023539202606,0.472295251947095,0.000000000023878165096474773,0.3880368246131176,0.06763703422983723,0.01632251640138421,0.00000000000000000000000000000000000000000000000000000000000000000000000000000000000000000000000000000000000000000000000000000000000000000000000000000000000000000000000000000000000000000000000000000000000000000000000000000000000000000000000000000000000000000000000000000000000000000000000000000000000000000000000000000000005,0,0.0000000000000005385187307123396,0.0000000000062246303836049415,0.000000000000184682415184472,0.00000000000024104497835299135,0.00000000000014016565685892601,-0.000000000000000000000004746594999376553,0.004265492198753092,0.000000019960882253545202,0.00000000000021777198870975538,0.003512105109995222,0.0006272306378091228,0.0005503972479077233,0.000000000000053626929323692334,0.000000000005868950704594936,0.0000000000011568276465450165,0.0000000000002176919992331178,0.00000000000000000000000000000000000000003514263270906453,0.0000000000000000000000000000000000000000000000000000000000003438115160822045,0.000000000000000000000000000000000000000012959791066234904,0.00000000000000000000000000000000001881923468795533,0.0000000000000000000000000000000000000000000000000000000000000000000000000000000000000000000000000000000000000000000000000000000000000000000000000000000000000000000000000000000000000000000000000000000000000000000000000000000000000000000000000000000000000000000000000000000000000000000000000000843722164004878,0.000000000000000000000000000000000000000000000000000000000000000000000000000000000000000000000000000000000000000000000000000000000000000000000000000000000000000000000000000000000000000000000000000000000000000000000000000000000000000000000000000000000000000000000000000000000000000000000000000038367396789918765,0.00000000000024104497838908523,90120,212,0.0000000000000009997205911279176,512,12,-2.538729161580024,45066,211,1,135808,12,0.8099981183303072,0.9998495951990957,0.00040939473219036557,0.00041288705665606674,0,1,1
-2.5380243378818093,11.654644954841773,0.4001200233820601,0.650208158015406,0.20933676127017486,0.000000000004752543849852774,14677.997848897206,34.49023482442125,0.48450541921540924,0.0000000000000014491913494897367,0.000000000000006033634592474551,0.0000000000000012320561310620317,0.0003056952777158405,0.00000000000002897079337384613,0.48527082036150276,0.000000000024534172834631583,0.39930190141951744,0.06852715383390673,0.017136069830493303,0.00000000000000000000000000000000000000000000000000000000000000000000000000000000000000000000000000000000000000000000000000000000000000000000000000000000000000000000000000000000000000000000000000000000000000000000000000000000000000000000000000000000000000000000000000000000000000000000000000000000000000000000000000000000005,0,0.0000000000000005587504038201817,0.000000000006486095243857239,0.00000000000019136984044050048,0.0000000000002541574044888728,0.0000000000001305622276959184,0.00000000000000000000000022941337301275377,0.004425997618213517,0.000000020269421282604767,0.00000000000021777407952702524,0.003807875655411436,0.0006683646859863105,0.0006094834146566341,0.00000000000005530163377213039,0.000000000005868950704594936,0.0000000000011568276465450165,0.0000000000002176919992331178,0.00000000000000000000000000000000000000003514263270906453,0.0000000000000000000000000000000000000000000000000000000000003438115160822045,0.000000000000000000000000000000000000000012959791066234904,0.00000000000000000000000000000000001881923468795533,0.00000000000000000000000000000000000000000000000000000000000000000000000000000000000000000000000000000000000000000000000000000000000000000000000000000000000000000000000000000000000000000000000000000000000000000000000000000000000000000000000000000000000000000000000000000000000000000000000000008811306410538188,0.000000000000000000000000000000000000000000000000000000000000000000000000000000000000000000000000000000000000000000000000000000000000000000000000000000000000000000000000000000000000000000000000000000000000000000000000000000000000000000000000000000000000000000000000000000000000000000000000000039798654558380155,0.0000000000002541574045249667,90844,215,0.0000000000000009997205911279176,512,12,-2.538022405432755,45428,214,1,136903,12,0.809998884418474,0.9998495951990957,0.00040939473219036557,0.00041288705665606674,0,1,1
-2.53749485825424,11.647946351687507,0.40848269858287195,0.6506518351929628,0.2165920729369364,0.000000000004777236903484118,14664.747865033534,34.471977781524295,0.4940486970881484,0.0000000000000014726142314857376,0.000000000000006144451999101769,0.000000000000001246921470664879,0.00031105578067156095,0.00000000000002945124216084568,0.4950112314376693,0.000000000025026643856748553,0.4077775446176907,0.06916656926173051,0.017756061777703756,0.00000000000000000000000000000000000000000000000000000000000000000000000000000000000000000000000000000000000000000000000000000000000000000000000000000000000000000000000000000000000000000000000000000000000000000000000000000000000000000000000000000000000000000000000000000000000000000000000000000000000000000000000000000000005,0,0.0000000000000005742131089670005,0.000000000006682212970220318,0.00000000000019641565877991585,0.00000000000026419409661586427,0.00000000000012734258092450546,-0.000000000000000000000005741796673854415,0.0045456004614177,0.000000020486331941878008,0.00000000000021777562151752853,0.0040404464959675835,0.0006999654219576813,0.0006566875987024628,0.00000000000005654430048458327,0.000000000005868950704594936,0.0000000000011568276465450165,0.0000000000002176919992331178,0.00000000000000000000000000000000000000003514263270906453,0.0000000000000000000000000000000000000000000000000000000000003438115160822045,0.000000000000000000000000000000000000000012959791066234904,0.00000000000000000000000000000000001881923468795533,0.00000000000000000000000000000000000000000000000000000000000000000000000000000000000000000000000000000000000000000000000000000000000000000000000000000000000000000000000000000000000000000000000000000000000000000000000000000000000000000000000000000000000000000000000000000000000000000000000000009134158549527953,0.000000000000000000000000000000000000000000000000000000000000000000000000000000000000000000000000000000000000000000000000000000000000000000000000000000000000000000000000000000000000000000000000000000000000000000000000000000000000000000000000000000000000000000000000000000000000000000000000000041015101452300566,0.00000000000026419409665195815,91416,220,0.0000000000000009997205911279176,512,12,-2.5374936064388987,45714,219,1,137776,12,0.8099988430626879,0.9998495951990957,0.00040939473219036557,0.00041288705665606674,0,1,1
-2.5367692750609043,11.638772542967704,0.41996451401730517,0.6506419444016688,0.22665375832315823,0.000000000004811574517849561,14648.443399380816,34.446974565858476,0.5071184188368829,0.0000000000000015050683111583871,0.000000000000006301262440677549,0.000000000000001268207170161824,0.0003184936361285642,0.00000000000003011124612260011,0.5083726804911751,0.00000000002570214599533251,0.4194304803696142,0.07000444045285807,0.0186192660326889,0.00000000000000000000000000000000000000000000000000000000000000000000000000000000000000000000000000000000000000000000000000000000000000000000000000000000000000000000000000000000000000000000000000000000000000000000000000000000000000000000000000000000000000000000000000000000000000000000000000000000000000000000000000000000005,0,0.0000000000000005958142068714178,0.0000000000069510301215395305,0.00000000000020337310679505934,0.0000000000002782296100779876,0.00000000000011468603844377867,-0.0000000000000000000000004814449659000044,0.004708497666185185,0.000000020764851042399594,0.0000000000002177777048456441,0.004374464018213327,0.0007442741604244158,0.0007255482705657249,0.00000000000005823253715445399,0.000000000005868950704594936,0.0000000000011568276465450165,0.0000000000002176919992331178,0.00000000000000000000000000000000000000003514263270906453,0.0000000000000000000000000000000000000000000000000000000000003438115160822045,0.000000000000000000000000000000000000000012959791066234904,0.00000000000000000000000000000000001881923468795533,0.00000000000000000000000000000000000000000000000000000000000000000000000000000000000000000000000000000000000000000000000000000000000000000000000000000000000000000000000000000000000000000000000000000000000000000000000000000000000000000000000000000000000000000000000000000000000000000000000000009626146061039904,0.00000000000000000000000000000000000000000000000000000000000000000000000000000000000000000000000000000000000000000000000000000000000000000000000000000000000000000000000000000000000000000000000000000000000000000000000000000000000000000000000000000000000000000000000000000000000000000000000000004284472607909917,0.0000000000002782296101140815,92210,228,0.0000000000000009997205911279176,512,12,-2.536768807341487,46111,227,1,138991,12,0.8099990729579999,0.9998495951990957,0.00040939473219036557,0.00041288705665606674,0,1,1
-2.536063302224145,11.629853061688598,0.4311578869036342,0.6499670011648734,0.23656703772677495,0.00000000000484556628635112,14634.695815849514,34.422664519632264,0.5198237613735097,0.0000000000000015388386378108542,0.000000000000006459313711417352,0.0000000000000012897447802389859,0.0003260508084466118,0.0000000000000307833985980156,0.5213864707533762,0.000000000026360105209113148,0.43080876730790657,0.07077796120905687,0.01947369142806936,0.00000000000000000000000000000000000000000000000000000000000000000000000000000000000000000000000000000000000000000000000000000000000000000000000000000000000000000000000000000000000000000000000000000000000000000000000000000000000000000000000000000000000000000000000000000000000000000000000000000000000000000000000000000000005,0,0.0000000000000006173081304332178,0.000000000007212680794918884,0.00000000000021019075085428235,0.00000000000029219797038563737,0.00000000000010313971898767704,0.0000000000000000000000061650805029342844,0.004865951978854037,0.000000021016500035716648,0.00000000000021777970535415218,0.004716832382838668,0.0007884528393111049,0.0007973463446088605,0.00000000000005986277924863661,0.000000000005868950704594936,0.0000000000011568276465450165,0.0000000000002176919992331178,0.00000000000000000000000000000000000000003514263270906453,0.0000000000000000000000000000000000000000000000000000000000003438115160822045,0.000000000000000000000000000000000000000012959791066234904,0.00000000000000000000000000000000001881923468795533,0.00000000000000000000000000000000000000000000000000000000000000000000000000000000000000000000000000000000000000000000000000000000000000000000000000000000000000000000000000000000000000000000000000000000000000000000000000000000000000000000000000000000000000000000000000000000000000000000000000010165840074516245,0.00000000000000000000000000000000000000000000000000000000000000000000000000000000000000000000000000000000000000000000000000000000000000000000000000000000000000000000000000000000000000000000000000000000000000000000000000000000000000000000000000000000000000000000000000000000000000000000000000004483891988331249,0.00000000000029219797042173126,92940,233,0.0000000000000009997205911279176,512,12,-2.536062546155756,46476,232,1,140101,12,0.809997538642714,0.9998495951990957,0.00040939473219036557,0.00041288705665606674,0,1,1
-2.535533822596576,11.623167581862111,0.43956625241531383,0.649041573063189,0.24407905312506725,0.000000000004871397357846362,14625.609248696588,34.40444324436518,0.5293451744663656,0.0000000000000015648082216137937,0.000000000000006580922652347631,0.0000000000000013059760863832399,0.0003319198702602446,0.000000000000031305463046381655,0.5311554172377475,0.000000000026854004206003106,0.43936794182887967,0.07133174826998565,0.020123807268714666,0.000000000000000000000000000000000000000000000000000000000000000000000000000000000000000000000000000000000000000000000000000000000000000000000000000000000000000000000000000000000000000000000000000000000000000000000000000000000000000000000000000000000000000000000000000000000000000000000000000000000000000000000000000000000054,0,0.000000000000000633741062097393,0.000000000007409002412040074,0.00000000000021533568061679334,0.00000000000030287620535311387,0.00000000000009270362255620057,-0.0000000000000000000000005913048910047034,0.004983416234568727,0.000000021193584410797332,0.00000000000021778119268409366,0.004985105647837989,0.000822246343380739,0.0008544083380214439,0.00000000000006107997277893396,0.000000000005868950704594936,0.0000000000011568276465450165,0.0000000000002176919992331178,0.00000000000000000000000000000000000000003514263270906453,0.0000000000000000000000000000000000000000000000000000000000003438115160822045,0.000000000000000000000000000000000000000012959791066234904,0.00000000000000000000000000000000001881923468795533,0.0000000000000000000000000000000000000000000000000000000000000000000000000000000000000000000000000000000000000000000000000000000000000000000000000000000000000000000000000000000000000000000000000000000000000000000000000000000000000000000000000000000000000000000000000000000000000000000000000001059024899079264,0.000000000000000000000000000000000000000000000000000000000000000000000000000000000000000000000000000000000000000000000000000000000000000000000000000000000000000000000000000000000000000000000000000000000000000000000000000000000000000000000000000000000000000000000000000000000000000000000000000046383083792416987,0.00000000000030287620538920775,93510,238,0.0000000000000009997205911279176,512,12,-2.5355330759406653,46761,237,1,140971,12,0.8099998635316261,0.9998495951990957,0.00040939473219036557,0.00041288705665606674,0,1,1
-2.5348082394032403,11.614011745680171,0.4511087956042192,0.6472089191234955,0.25447330252141176,0.000000000004907324908401714,14614.986685854357,34.3794890128513,0.5423842317226127,0.0000000000000016009099279833982,0.0000000000000067536138599985586,0.0000000000000013295376691317926,0.00034017056235614206,0.00000000000003203883726190199,0.5445565494936012,0.000000000027531521430075476,0.4511343088692616,0.07205484597826187,0.021027224083848845,0.000000000000000000000000000000000000000000000000000000000000000000000000000000000000000000000000000000000000000000000000000000000000000000000000000000000000000000000000000000000000000000000000000000000000000000000000000000000000000000000000000000000000000000000000000000000000000000000000000000000000000000000000000000000064,0,0.0000000000000006567213538688376,0.000000000007678175814922301,0.0000000000002224309200480342,0.0000000000003177904187320371,0.00000000000012723155862204294,-0.000000000000000000000007425238467370537,0.005143573956235725,0.00000002142113806855332,0.000000000000217783218134237,0.005369087220973814,0.0008694288484212069,0.0009372265166030955,0.00000000000006274371076036976,0.000000000005868950704594936,0.0000000000011568276465450165,0.0000000000002176919992331178,0.00000000000000000000000000000000000000003514263270906453,0.0000000000000000000000000000000000000000000000000000000000003438115160822045,0.000000000000000000000000000000000000000012959791066234904,0.00000000000000000000000000000000001881923468795533,0.00000000000000000000000000000000000000000000000000000000000000000000000000000000000000000000000000000000000000000000000000000000000000000000000000000000000000000000000000000000000000000000000000000000000000000000000000000000000000000000000000000000000000000000000000000000000000000000000000011157806028170324,0.00000000000000000000000000000000000000000000000000000000000000000000000000000000000000000000000000000000000000000000000000000000000000000000000000000000000000000000000000000000000000000000000000000000000000000000000000000000000000000000000000000000000000000000000000000000000000000000000000004842054780565447,0.00000000000031779041876813097,94298,245,0.0000000000000009997205911279176,512,12,-2.5348062690924342,47155,244,1,142174,12,0.8099982410846628,0.9998495951990957,0.00040939473219036557,0.00041288705665606674,0,1,1
-2.534102266566481,11.605109738682456,0.46235751816900367,0.6448176360787867,0.2646934448515313,0.000000000004942803151210674,14606.471888511005,34.35522659277903,0.5550578754675707,0.0000000000000016384681135647217,0.000000000000006927518252869045,0.000000000000001353141587680352,0.00034848276963741587,0.00000000000003277375331597355,0.5576083327870182,0.0000000000281913832634113,0.46262016129246175,0.07271973781295948,0.021919950912112292,0.00000000000000000000000000000000000000000000000000000000000000000000000000000000000000000000000000000000000000000000000000000000000000000000000000000000000000000000000000000000000000000000000000000000000000000000000000000000000000000000000000000000000000000000000000000000000000000000000000000000000000000000000000000000007,0,0.000000000000000679597805623011,0.000000000007940252960356454,0.0000000000002293848112682661,0.00000000000033261343341407815,0.00000000000015276668818842154,-0.000000000000000000000011015073078879966,0.0052985649066984546,0.00000002162689111634911,0.0000000000002177851804971212,0.0057612080298422704,0.0009162530505490221,0.0010231000030159055,0.00000000000006436139560816137,0.000000000005868950704594936,0.0000000000011568276465450165,0.0000000000002176919992331178,0.00000000000000000000000000000000000000003514263270906453,0.0000000000000000000000000000000000000000000000000000000000003438115160822045,0.000000000000000000000000000000000000000012959791066234904,0.00000000000000000000000000000000001881923468795533,0.00000000000000000000000000000000000000000000000000000000000000000000000000000000000000000000000000000000000000000000000000000000000000000000000000000000000000000000000000000000000000000000000000000000000000000000000000000000000000000000000000000000000000000000000000000000000000000000000000011703006048914252,0.00000000000000000000000000000000000000000000000000000000000000000000000000000000000000000000000000000000000000000000000000000000000000000000000000000000000000000000000000000000000000000000000000000000000000000000000000000000000000000000000000000000000000000000000000000000000000000000000000005035254293700032,0.00000000000033261343345017204,95022,250,0.0000000000000009997205911279176,512,12,-2.5341000636666116,47517,249,1,143275,12,0.8099990128474464,0.9998495951990957,0.00040939473219036557,0.00041288705665606674,0,1,1
-2.5335727869389117,11.598437356473653,0.4708059694479181,0.6426457442500538,0.27242132866930946,0.0000000000049697937494667574,14601.365600623812,34.33704101506894,0.564555053783866,0.0000000000000016674308625897041,0.0000000000000070618999518527485,0.0000000000000013712156839952762,0.00035502221236328443,0.00000000000003335724633823052,0.5674062393312932,0.00000000002868676904191195,0.4712591878826487,0.07319404593486317,0.02259798330154614,0.000000000000000000000000000000000000000000000000000000000000000000000000000000000000000000000000000000000000000000000000000000000000000000000000000000000000000000000000000000000000000000000000000000000000000000000000000000000000000000000000000000000000000000000000000000000000000000000000000000000000000000000000000000000074,0,0.0000000000000006971096997197428,0.00000000000813694076007949,0.0000000000002346333290519422,0.00000000000034393258487790184,0.00000000000012811973704174306,-0.00000000000000000000001737079286361358,0.005414304856162052,0.000000021771754649845268,0.00000000000021778665057170884,0.0060675232905715235,0.0009519303708117426,0.0010910363015735293,0.00000000000006557631739776214,0.000000000005868950704594936,0.0000000000011568276465450165,0.0000000000002176919992331178,0.00000000000000000000000000000000000000003514263270906453,0.0000000000000000000000000000000000000000000000000000000000003438115160822045,0.000000000000000000000000000000000000000012959791066234904,0.00000000000000000000000000000000001881923468795533,0.00000000000000000000000000000000000000000000000000000000000000000000000000000000000000000000000000000000000000000000000000000000000000000000000000000000000000000000000000000000000000000000000000000000000000000000000000000000000000000000000000000000000000000000000000000000000000000000000000012110951564432926,0.00000000000000000000000000000000000000000000000000000000000000000000000000000000000000000000000000000000000000000000000000000000000000000000000000000000000000000000000000000000000000000000000000000000000000000000000000000000000000000000000000000000000000000000000000000000000000000000000000005179542264440938,0.0000000000003439325849139957,95592,255,0.0000000000000009997205911279176,512,12,-2.5335707329226222,47802,254,1,144145,12,0.8099991869972667,0.9998495951990957,0.00040939473219036557,0.00041288705665606674,0,1,1
-2.5328472037455763,11.589299457619324,0.4823996159142825,0.6391575214147155,0.28309800828257975,0.0000000000050072381994809936,14595.889687531879,34.312135671741466,0.5775591057547989,0.000000000000001708383272993871,0.000000000000007252434380854759,0.0000000000000013971025060735828,0.0003641328057808931,0.00000000000003416175577228785,0.5808463396274524,0.00000000002936624182427608,0.4831319923725036,0.07381117619332135,0.023539038255990533,0.000000000000000000000000000000000000000000000000000000000000000000000000000000000000000000000000000000000000000000000000000000000000000000000000000000000000000000000000000000000000000000000000000000000000000000000000000000000000000000000000000000000000000000000000000000000000000000000000000000000000000000000000000000000084,0,0.0000000000000007216040231013219,0.000000000008406670993661875,0.0000000000002418724610022187,0.0000000000003597251385792398,0.0000000000001439959262938828,-0.000000000000000000000010830896145616206,0.005572259467967358,0.00000002195797923312017,0.00000000000021778866770632691,0.006504635925858191,0.0010015510698671505,0.0011891954970766948,0.00000000000006724670088867051,0.000000000005868950704594936,0.0000000000011568276465450165,0.0000000000002176919992331178,0.00000000000000000000000000000000000000003514263270906453,0.0000000000000000000000000000000000000000000000000000000000003438115160822045,0.000000000000000000000000000000000000000012959791066234904,0.00000000000000000000000000000000001881923468795533,0.0000000000000000000000000000000000000000000000000000000000000000000000000000000000000000000000000000000000000000000000000000000000000000000000000000000000000000000000000000000000000000000000000000000000000000000000000000000000000000000000000000000000000000000000000000000000000000000000000001266712336956507,0.00000000000000000000000000000000000000000000000000000000000000000000000000000000000000000000000000000000000000000000000000000000000000000000000000000000000000000000000000000000000000000000000000000000000000000000000000000000000000000000000000000000000000000000000000000000000000000000000000005371836621655495,0.0000000000003597251386153337,96366,265,0.0000000000000009997205911279176,512,12,-2.5328469767474844,48189,264,1,145336,12,0.8099998957857069,0.9998495951990957,0.00040939473219036557,0.00041288705665606674,0,1,1
-2.532141230908817,11.580414890668889,0.49369579731633717,0.6352193891088997,0.2935728747925681,0.000000000005044242672630478,14592.415534846843,34.28792078451806,0.5901983082658664,0.0000000000000017499921727464808,0.000000000000007444934461056525,0.0000000000000014232599909389091,0.0003733687495705833,0.00000000000003497792144771926,0.5939369850104257,0.00000000003002807568215224,0.494720065339196,0.07437626801048151,0.024467282911329397,0.00000000000000000000000000000000000000000000000000000000000000000000000000000000000000000000000000000000000000000000000000000000000000000000000000000000000000000000000000000000000000000000000000000000000000000000000000000000000000000000000000000000000000000000000000000000000000000000000000000000000000000000000000000000009,0,0.0000000000000007460191434697976,0.000000000008669345319815377,0.00000000000024896851693548466,0.00000000000037540302255744937,0.0000000000001517674874662589,-0.00000000000000000000002933260000295463,0.005725276510478082,0.000000022126428666468366,0.00000000000021779063885284717,0.006949544532995365,0.0010505850919882123,0.0012904770068913908,0.00000000000006888171124729638,0.000000000005868950704594936,0.0000000000011568276465450165,0.0000000000002176919992331178,0.00000000000000000000000000000000000000003514263270906453,0.0000000000000000000000000000000000000000000000000000000000003438115160822045,0.000000000000000000000000000000000000000012959791066234904,0.00000000000000000000000000000000001881923468795533,0.00000000000000000000000000000000000000000000000000000000000000000000000000000000000000000000000000000000000000000000000000000000000000000000000000000000000000000000000000000000000000000000000000000000000000000000000000000000000000000000000000000000000000000000000000000000000000000000000000013199182965406766,0.00000000000000000000000000000000000000000000000000000000000000000000000000000000000000000000000000000000000000000000000000000000000000000000000000000000000000000000000000000000000000000000000000000000000000000000000000000000000000000000000000000000000000000000000000000000000000000000000000005553238146131576,0.00000000000037540302259354326,97152,284,0.0000000000000009997205911279176,512,12,-2.532139758194375,48582,283,1,146572,12,0.8100001880160181,0.9998495951990957,0.00040939473219036557,0.00041288705665606674,0,1,1
-2.5316117512812477,11.573755580418043,0.5021775017964133,0.6319270476628748,0.3014816868264183,0.000000000005072345433750647,14590.926344411246,34.26977083442937,0.5996688508476536,0.0000000000000017823033563939823,0.000000000000007593860598377597,0.000000000000001443252941478631,0.0003806226010566976,0.00000000000003562277440675253,0.6037640535240599,0.00000000003052490792654211,0.5034340132995,0.0747779536572798,0.025171463966376418,0.000000000000000000000000000000000000000000000000000000000000000000000000000000000000000000000000000000000000000000000000000000000000000000000000000000000000000000000000000000000000000000000000000000000000000000000000000000000000000000000000000000000000000000000000000000000000000000000000000000000000000000000000000000000094,0,0.0000000000000007647155826935304,0.000000000008866507507539668,0.0000000000002543250453269503,0.00000000000038736359511148727,0.00000000000015287771049088406,-0.000000000000000000000027788098702953273,0.005839636081600387,0.000000022245052854881546,0.00000000000021779212622834694,0.007296147584334835,0.0010878126531079719,0.0013702781645305857,0.00000000000007011657179428457,0.000000000005868950704594936,0.0000000000011568276465450165,0.0000000000002176919992331178,0.00000000000000000000000000000000000000003514263270906453,0.0000000000000000000000000000000000000000000000000000000000003438115160822045,0.000000000000000000000000000000000000000012959791066234904,0.00000000000000000000000000000000001881923468795533,0.0000000000000000000000000000000000000000000000000000000000000000000000000000000000000000000000000000000000000000000000000000000000000000000000000000000000000000000000000000000000000000000000000000000000000000000000000000000000000000000000000000000000000000000000000000000000000000000000000001360142041242765,0.00000000000000000000000000000000000000000000000000000000000000000000000000000000000000000000000000000000000000000000000000000000000000000000000000000000000000000000000000000000000000000000000000000000000000000000000000000000000000000000000000000000000000000000000000000000000000000000000000005690336553885708,0.00000000000038736359514758115,97760,300,0.0000000000000009997205911279176,512,12,-2.5316096954084575,48886,299,1,147532,12,0.8100008610512631,0.9998495951990957,0.00040939473219036557,0.00041288705665606674,0,1,1
-2.5308861680879122,11.564635583750054,0.5138129735790803,0.6269623435080356,0.31238889537508907,0.000000000005111370322072241,14590.486316942044,34.24491428351077,0.6126345631257814,0.0000000000000018284710614231608,0.00000000000000780104921274551,0.0000000000000014700897354246914,0.00039079925950532565,0.000000000000036520515611939417,0.617243452452835,0.00000000003120639504765758,0.5154065596293459,0.07529869231262167,0.026147401251508683,0.000000000000000000000000000000000000000000000000000000000000000000000000000000000000000000000000000000000000000000000000000000000000000000000000000000000000000000000000000000000000000000000000000000000000000000000000000000000000000000000000000000000000000000000000000000000000000000000000000000000000000000000000000000000104,0,0.0000000000000007908987706975963,0.000000000009136924024142819,0.00000000000026171415949577133,0.0000000000004040357532170276,0.00000000000014666046155298318,-0.00000000000000000000002250189760085658,0.005995836590202216,0.00000002239758173477746,0.00000000000021779418234234962,0.007789422640101865,0.0011394063772538568,0.0014851200379270239,0.00000000000007182426001979196,0.000000000005868950704594936,0.0000000000011568276465450165,0.0000000000002176919992331178,0.00000000000000000000000000000000000000003514263270906453,0.0000000000000000000000000000000000000000000000000000000000003438115160822045,0.000000000000000000000000000000000000000012959791066234904,0.00000000000000000000000000000000001881923468795533,0.00000000000000000000000000000000000000000000000000000000000000000000000000000000000000000000000000000000000000000000000000000000000000000000000000000000000000000000000000000000000000000000000000000000000000000000000000000000000000000000000000000000000000000000000000000000000000000000000000014287670811248253,0.00000000000000000000000000000000000000000000000000000000000000000000000000000000000000000000000000000000000000000000000000000000000000000000000000000000000000000000000000000000000000000000000000000000000000000000000000000000000000000000000000000000000000000000000000000000000000000000000000005924034513274613,0.0000000000004040357532531215,98566,322,0.0000000000000009997205911279176,512,12,-2.5308860612376147,49289,321,1,148807,12,0.7763659302748704,0.9998495951990957,0.00040939473219036557,0.00041288705665606674,0,1,1
-2.530180195251153,11.555768422679858,0.5251464989811996,0.6216529061888659,0.3230698422408062,0.000000000005149906764796931,14591.792937465783,34.220746836013944,0.6252353877183426,0.000000000000001875595531318516,0.000000000000008018210440145537,0.0000000000000014997603312686645,0.0004014206244685161,0.000000000000037470742741028926,0.6303728056500183,0.00000000003187020050811516,0.5270892312304171,0.07577354241209325,0.027108611383201458,0.00000000000000000000000000000000000000000000000000000000000000000000000000000000000000000000000000000000000000000000000000000000000000000000000000000000000000000000000000000000000000000000000000000000000000000000000000000000000000000000000000000000000000000000000000000000000000000000000000000000000000000000000000000000011,0,0.0000000000000008170164895089154,0.000000000009400289218341546,0.0000000000002689583107464264,0.0000000000004205702880300393,0.00000000000016187051699034782,-0.000000000000000000000034418468300448636,0.00614728351836417,0.00000002253557081730892,0.00000000000021779620829408865,0.008290015767186538,0.0011901900715651768,0.0016030975223292872,0.00000000000007350663587932139,0.000000000005868950704594936,0.0000000000011568276465450165,0.0000000000002176919992331178,0.00000000000000000000000000000000000000003514263270906453,0.0000000000000000000000000000000000000000000000000000000000003438115160822045,0.000000000000000000000000000000000000000012959791066234904,0.00000000000000000000000000000000001881923468795533,0.00000000000000000000000000000000000000000000000000000000000000000000000000000000000000000000000000000000000000000000000000000000000000000000000000000000000000000000000000000000000000000000000000000000000000000000000000000000000000000000000000000000000000000000000000000000000000000000000000015145324756726327,0.00000000000000000000000000000000000000000000000000000000000000000000000000000000000000000000000000000000000000000000000000000000000000000000000000000000000000000000000000000000000000000000000000000000000000000000000000000000000000000000000000000000000000000000000000000000000000000000000000006209310340865694,0.0000000000004205702880661332,99386,341,0.0000000000000009997205911279176,512,12,-2.530179868174195,49699,340,1,150094,12,0.8100067262807692,0.9998495951990957,0.00040939473219036557,0.00041288705665606674,0,1,1
-2.5296507156235837,11.549122158777509,0.5336538004739902,0.6173708804143117,0.33112616822270846,0.0000000000051791724514438185,14593.86352028734,34.2026324437481,0.6346766860155477,0.0000000000000019119217762658486,0.000000000000008181600512276045,0.000000000000001521388617220777,0.0004092493044083293,0.000000000000038151877289882404,0.6402287349702397,0.00000000003236847778755501,0.5358722878592498,0.07610994211122935,0.02783725569553126,0.000000000000000000000000000000000000000000000000000000000000000000000000000000000000000000000000000000000000000000000000000000000000000000000000000000000000000000000000000000000000000000000000000000000000000000000000000000000000000000000000000000000000000000000000000000000000000000000000000000000000000000000000000000000114,0,0.0000000000000008370367028160352,0.000000000009597986244235635,0.00000000000027442735935648407,0.0000000000004331741080623764,0.00000000000017907897387203775,-0.00000000000000000000004745948764522996,0.006260555347206169,0.00000002263276435906121,0.00000000000021779774826937436,0.008679042732067528,0.0012286187988925583,0.0016957160992460592,0.00000000000007478459759042656,0.000000000005868950704594936,0.0000000000011568276465450165,0.0000000000002176919992331178,0.00000000000000000000000000000000000000003514263270906453,0.0000000000000000000000000000000000000000000000000000000000003438115160822045,0.000000000000000000000000000000000000000012959791066234904,0.00000000000000000000000000000000001881923468795533,0.00000000000000000000000000000000000000000000000000000000000000000000000000000000000000000000000000000000000000000000000000000000000000000000000000000000000000000000000000000000000000000000000000000000000000000000000000000000000000000000000000000000000000000000000000000000000000000000000000015916544349457043,0.00000000000000000000000000000000000000000000000000000000000000000000000000000000000000000000000000000000000000000000000000000000000000000000000000000000000000000000000000000000000000000000000000000000000000000000000000000000000000000000000000000000000000000000000000000000000000000000000000006461725214799376,0.0000000000004331741080984703,99961,356,0.0000000000000009997205911279176,512,13,-2.5296495566447734,49987,355,1,151001,13,0.7889806965466222,0.9998495951990957,0.0004180102856016699,0.0004180102856016699,0,1,1
-2.528925132430248,11.540020029223435,0.5453210191781973,0.6111122398705994,0.34221631389510876,0.000000000005219813999635871,14598.282631459031,34.177824589648466,0.6476008771514197,0.0000000000000019643819415682336,0.000000000000008421031116397431,0.0000000000000015540334981921575,0.0004209470699752753,0.00000000000003919481708959545,0.6537480145519587,0.000000000033051997958026996,0.5479370020410428,0.07654446070473768,0.028845604736388846,0.000000000000000000000000000000000000000000000000000000000000000000000000000000000000000000000000000000000000000000000000000000000000000000000000000000000000000000000000000000000000000000000000000000000000000000000000000000000000000000000000000000000000000000000000000000000000000000000000000000000000000000000000000000000124,0,0.0000000000000008650962681411452,0.00000000000986913765832607,0.00000000000028197265132557796,0.00000000000045072885260147983,0.0000000000001858513343222512,-0.00000000000000000000002881561212010899,0.00641537168679518,0.000000022757748512690402,0.00000000000021779989249549647,0.00923135454922408,0.0012817029019607995,0.0018285273238642153,0.00000000000007656190537709194,0.000000000005868950704594936,0.0000000000011568276465450165,0.0000000000002176919992331178,0.00000000000000000000000000000000000000003514263270906453,0.0000000000000000000000000000000000000000000000000000000000003438115160822045,0.000000000000000000000000000000000000000012959791066234904,0.00000000000000000000000000000000001881923468795533,0.00000000000000000000000000000000000000000000000000000000000000000000000000000000000000000000000000000000000000000000000000000000000000000000000000000000000000000000000000000000000000000000000000000000000000000000000000000000000000000000000000000000000000000000000000000000000000000000000000017144792322797315,0.00000000000000000000000000000000000000000000000000000000000000000000000000000000000000000000000000000000000000000000000000000000000000000000000000000000000000000000000000000000000000000000000000000000000000000000000000000000000000000000000000000000000000000000000000000000000000000000000000006855884836954976,0.0000000000004507288526375737,100788,375,0.0000000000000009997205911279176,512,14,-2.528924928457245,50401,374,1,152298,14,0.8100071242658439,0.9998495951990957,0.00041836785729333447,0.00041836785729333447,0,1,1
-2.528219159593489,11.531170239933372,0.5566814017717475,0.6046042043637218,0.35306477944162973,0.0000000000052599387417106655,14604.26328366296,34.1537044889384,0.6601603830807197,0.0000000000000020176715618435254,0.000000000000008661180003832936,0.000000000000001586387350205672,0.00043252265650551094,0.00000000000004021139845939741,0.6669158486183807,0.000000000033717726217416314,0.5597061751187882,0.07693918643727378,0.029837964406011136,0.00000000000000000000000000000000000000000000000000000000000000000000000000000000000000000000000000000000000000000000000000000000000000000000000000000000000000000000000000000000000000000000000000000000000000000000000000000000000000000000000000000000000000000000000000000000000000000000000000000000000000000000000000000000013,0,0.0000000000000008931157406669347,0.00000000001013322296158434,0.0000000000002893710490494463,0.0000000000004681237330075176,0.0000000000001979527652906654,-0.00000000000000000000003165904547576002,0.0065655935253045045,0.000000022870847851498182,0.00000000000021780202326366403,0.0097903668719159,0.0013337632181496914,0.0019644291871840545,0.0000000000000783246050077192,0.000000000005868950704594936,0.0000000000011568276465450165,0.0000000000002176919992331178,0.00000000000000000000000000000000000000003514263270906453,0.0000000000000000000000000000000000000000000000000000000000003438115160822045,0.000000000000000000000000000000000000000012959791066234904,0.00000000000000000000000000000000001881923468795533,0.0000000000000000000000000000000000000000000000000000000000000000000000000000000000000000000000000000000000000000000000000000000000000000000000000000000000000000000000000000000000000000000000000000000000000000000000000000000000000000000000000000000000000000000000000000000000000000000000000001851784847045722,0.00000000000000000000000000000000000000000000000000000000000000000000000000000000000000000000000000000000000000000000000000000000000000000000000000000000000000000000000000000000000000000000000000000000000000000000000000000000000000000000000000000000000000000000000000000000000000000000000000007288279809770975,0.0000000000004681237330436116,101563,394,0.0000000000000009997205911279176,512,15,-2.5282178000579307,50789,393,1,153517,15,0.8100078914037855,0.9998495951990957,0.00041892573957102563,0.00041892573957102563,0,1,1
-2.5276896799659196,11.524536996820236,0.5652064796521324,0.599468604864593,0.3612327152720212,0.000000000005290433555684956,14609.88670796839,34.135625584833555,0.6695696929738668,0.0000000000000020592856299930304,0.000000000000008848060043679729,0.0000000000000016112992165264994,0.00044166894347681316,0.000000000000041020334841004354,0.6768009591198955,0.000000000034217502650338385,0.5685522920925902,0.07721785506233832,0.030589143021682773,0.000000000000000000000000000000000000000000000000000000000000000000000000000000000000000000000000000000000000000000000000000000000000000000000000000000000000000000000000000000000000000000000000000000000000000000000000000000000000000000000000000000000000000000000000000000000000000000000000000000000000000000000000000000000133,0,0.0000000000000009146156604245115,0.000000000010331449199835205,0.0000000000002949572535088539,0.0000000000004813739117129172,0.00000000000019273471707492718,-0.00000000000000000000006077192562850525,0.006678013591719447,0.00000002295052415077841,0.00000000000021780365452527832,0.010223826031736835,0.0013730369493686438,0.002070770763615841,0.00000000000007967113618240101,0.000000000005868950704594936,0.0000000000011568276465450165,0.0000000000002176919992331178,0.00000000000000000000000000000000000000003514263270906453,0.0000000000000000000000000000000000000000000000000000000000003438115160822045,0.000000000000000000000000000000000000000012959791066234904,0.00000000000000000000000000000000001881923468795533,0.00000000000000000000000000000000000000000000000000000000000000000000000000000000000000000000000000000000000000000000000000000000000000000000000000000000000000000000000000000000000000000000000000000000000000000000000000000000000000000000000000000000000000000000000000000000000000000000000000019672456711747695,0.00000000000000000000000000000000000000000000000000000000000000000000000000000000000000000000000000000000000000000000000000000000000000000000000000000000000000000000000000000000000000000000000000000000000000000000000000000000000000000000000000000000000000000000000000000000000000000000000000007645863688089538,0.0000000000004813739117490111,102170,411,0.0000000000000009997205911279176,512,16,-2.5276875785759643,51093,410,1,154478,16,0.8100080281513167,0.9998495951990957,0.0004192599413256698,0.0004192599413256698,0,1,1
-2.526964096772584,11.515452699376361,0.576894288659551,0.5920922605297688,0.3724693484251786,0.00000000000533276854585101,14619.112446466477,34.11086633215027,0.6824493642421925,0.0000000000000021190161507539287,0.000000000000009114832704947823,0.0000000000000016471092043300463,0.0004545293928305466,0.00000000000004214720640587655,0.6903598669302368,0.00000000003490300262452589,0.5807003937417378,0.0775767001452749,0.03162824365059155,0.00000000000000000000000000000000000000000000000000000000000000000000000000000000000000000000000000000000000000000000000000000000000000000000000000000000000000000000000000000000000000000000000000000000000000000000000000000000000000000000000000000000000000000000000000000000000000000000000000000000000000000000000000000000014,0,0.0000000000000009447775968201758,0.000000000010603314143760382,0.00000000000030266523921967617,0.0000000000004998163418885576,0.0000000000001979527652906654,-0.00000000000000000000007169329465361945,0.0068317609013018666,0.000000023053021147946022,0.00000000000021780594310795988,0.010837865983038143,0.0014271224912478118,0.0022227687751716417,0.00000000000008155504696748414,0.000000000005868950704594936,0.0000000000011568276465450165,0.0000000000002176919992331178,0.00000000000000000000000000000000000000003514263270906453,0.0000000000000000000000000000000000000000000000000000000000003438115160822045,0.000000000000000000000000000000000000000012959791066234904,0.00000000000000000000000000000000001881923468795533,0.0000000000000000000000000000000000000000000000000000000000000000000000000000000000000000000000000000000000000000000000000000000000000000000000000000000000000000000000000000000000000000000000000000000000000000000000000000000000000000000000000000000000000000000000000000000000000000000000000002141481850180249,0.00000000000000000000000000000000000000000000000000000000000000000000000000000000000000000000000000000000000000000000000000000000000000000000000000000000000000000000000000000000000000000000000000000000000000000000000000000000000000000000000000000000000000000000000000000000000000000000000000008176040867007463,0.0000000000004998163419246515,102962,430,0.0000000000000009997205911279176,512,16,-2.5269627240548105,51489,429,1,155723,16,0.8100085231692591,0.9998495951990957,0.0004192599413256698,0.0004192599413256698,0,1,1
-2.526258123935825,11.506620247833133,0.5882710340476509,0.5845630300924209,0.38344319360307355,0.000000000005374612875401079,14629.875466942185,34.0867934854692,0.694964409097538,0.0000000000000021801674685798383,0.000000000000009387029467785019,0.0000000000000016836206355489947,0.0004677078532070409,0.000000000000043304852330203234,0.7035666392818135,0.00000000003557071451856442,0.5925478430538046,0.07790150482229984,0.03264958355271085,0.00000000000000000000000000000000000000000000000000000000000000000000000000000000000000000000000000000000000000000000000000000000000000000000000000000000000000000000000000000000000000000000000000000000000000000000000000000000000000000000000000000000000000000000000000000000000000000000000000000000000000000000000000000000015,0,0.0000000000000009749379314888296,0.00000000001086806009962382,0.00000000000031022432154403696,0.0000000000005180772054144264,0.00000000000020883295093199195,-0.00000000000000000000007549315559253492,0.006981035637026955,0.00000002314581451447593,0.00000000000021780823675302824,0.01145784464271951,0.0014799839920742028,0.002377752479037783,0.0000000000000834360892386006,0.000000000005868950704594936,0.0000000000011568276465450165,0.0000000000002176919992331178,0.00000000000000000000000000000000000000003514263270906453,0.0000000000000000000000000000000000000000000000000000000000003438115160822045,0.000000000000000000000000000000000000000012959791066234904,0.00000000000000000000000000000000001881923468795533,0.00000000000000000000000000000000000000000000000000000000000000000000000000000000000000000000000000000000000000000000000000000000000000000000000000000000000000000000000000000000000000000000000000000000000000000000000000000000000000000000000000000000000000000000000000000000000000000000000000023281992944625064,0.00000000000000000000000000000000000000000000000000000000000000000000000000000000000000000000000000000000000000000000000000000000000000000000000000000000000000000000000000000000000000000000000000000000000000000000000000000000000000000000000000000000000000000000000000000000000000000000000000008732538360935832,0.0000000000005180772054505204,103736,449,0.0000000000000009997205911279176,512,16,-2.5262580143383513,51876,448,1,156941,16,0.8100065650241076,0.9998495951990957,0.0004192599413256698,0.0004192599413256698,0,1,1
-2.5257286443082556,11.500000000000002,0.5968055107896608,0.578699644637079,0.39169920052391155,0.0000000000054063968729534525,14639.025038690892,34.06875,0.7043395670279425,0.000000000000002228037099885436,0.000000000000009598761854783867,0.0000000000000017114196966199846,0.00047800928410653425,0.000000000000044207065273866335,0.7134807596116539,0.000000000036071941179423036,0.6014503035639167,0.0781301588740463,0.033422287889797606,0.000000000000000000000000000000000000000000000000000000000000000000000000000000000000000000000000000000000000000000000000000000000000000000000000000000000000000000000000000000000000000000000000000000000000000000000000000000000000000000000000000000000000000000000000000000000000000000000000000000000000000000000000000000000153,0,0.0000000000000009980993607375208,0.000000000011066757649184217,0.00000000000031593264286738113,0.0000000000005319785933653588,0.00000000000021327384303049257,-0.00000000000000000000007628802446241009,0.00709280532830581,0.000000023211225141277847,0.0000000000002178100059974803,0.01193759810208957,0.00151974694090168,0.002498666796060039,0.00000000000008488164690169313,0.000000000005868950704594936,0.0000000000011568276465450165,0.0000000000002176919992331178,0.00000000000000000000000000000000000000003514263270906453,0.0000000000000000000000000000000000000000000000000000000000003438115160822045,0.000000000000000000000000000000000000000012959791066234904,0.00000000000000000000000000000000001881923468795533,0.0000000000000000000000000000000000000000000000000000000000000000000000000000000000000000000000000000000000000000000000000000000000000000000000000000000000000000000000000000000000000000000000000000000000000000000000000000000000000000000000000000000000000000000000000000000000000000000000000002479947088262459,0.00000000000000000000000000000000000000000000000000000000000000000000000000000000000000000000000000000000000000000000000000000000000000000000000000000000000000000000000000000000000000000000000000000000000000000000000000000000000000000000000000000000000000000000000000000000000000000000000000009177193586131162,0.0000000000005319785934014528,104336,465,0.0000000000000009997205911279176,512,16,-2.5257286443082556,52176,464,1,157889,16,0.32248990002972044,0.9998495951990957,0.0004192599413256698,0.0004192599413256698,0,1,1
