interval_index,node_index,fraction,group,component,owner_total_s_inv_cMpc3,allocation_sum_relative_residual,minimum_allocation,negative_allocation_count,zero_support_nonzero_allocation_count,support_count,allocation_sha256
0,0,0.0,G1,EFFECTIVE_HI_SUBGRID,4.252832574807789e+50,0.0,1.0704349276067521e-165,0,0,46080,f900bf9524536432996930115369af113644e2e94c66245ed5587a12edfe417e
0,0,0.0,G1,EXPLICIT_HI_ATOMIC,0.0,0.0,0.0,0,0,0,36bd753facc985aad613c884a2040210d208b1aa520e957b31ba2e1e19cd4185
0,0,0.0,G1,EXPLICIT_HEI_ATOMIC,0.0,0.0,0.0,0,0,0,36bd753facc985aad613c884a2040210d208b1aa520e957b31ba2e1e19cd4185
0,0,0.0,G1,EXPLICIT_HEII_ATOMIC,0.0,0.0,0.0,0,0,0,36bd753facc985aad613c884a2040210d208b1aa520e957b31ba2e1e19cd4185
0,0,0.0,G2a,EFFECTIVE_HI_SUBGRID,7.19196092078885e+49,0.0,1.7750585233636906e-166,0,0,46080,656ad2761d3b09ad645ef12403c4a10d794eeaed34f65d41cb255837da3b11eb
0,0,0.0,G2a,EXPLICIT_HI_ATOMIC,0.0,0.0,0.0,0,0,0,36bd753facc985aad613c884a2040210d208b1aa520e957b31ba2e1e19cd4185
0,0,0.0,G2a,EXPLICIT_HEI_ATOMIC,1.083705476041252e+48,0.0,1.729379818500876e-167,0,0,46080,9816e10c16dbe7e44ceb797ff9ea3581e90488623543c258de1a0981229d3ba6
0,0,0.0,G2a,EXPLICIT_HEII_ATOMIC,0.0,0.0,0.0,0,0,0,36bd753facc985aad613c884a2040210d208b1aa520e957b31ba2e1e19cd4185
0,0,0.0,G2b,EFFECTIVE_HI_SUBGRID,0.0,0.0,0.0,0,0,0,36bd753facc985aad613c884a2040210d208b1aa520e957b31ba2e1e19cd4185
0,0,0.0,G2b,EXPLICIT_HI_ATOMIC,7.921331755663849e+47,0.0,1.9445363855608208e-168,0,0,46080,e481d544d34d557b9b5828cdb9888f1238d3ddc77933be6a37e087eec3fee8f1
0,0,0.0,G2b,EXPLICIT_HEI_ATOMIC,1.8253535749591235e+47,0.0,2.9129036476720463e-168,0,0,46080,fd3134206d8add4b4f6cb1ac6c6956f4ec63f35f21b0a623903bc67681006083
0,0,0.0,G2b,EXPLICIT_HEII_ATOMIC,0.0,0.0,0.0,0,0,0,36bd753facc985aad613c884a2040210d208b1aa520e957b31ba2e1e19cd4185
0,0,0.0,G3,EFFECTIVE_HI_SUBGRID,0.0,0.0,0.0,0,0,0,36bd753facc985aad613c884a2040210d208b1aa520e957b31ba2e1e19cd4185
0,0,0.0,G3,EXPLICIT_HI_ATOMIC,0.0,0.0,0.0,0,0,46080,36bd753facc985aad613c884a2040210d208b1aa520e957b31ba2e1e19cd4185
0,0,0.0,G3,EXPLICIT_HEI_ATOMIC,0.0,0.0,0.0,0,0,46080,36bd753facc985aad613c884a2040210d208b1aa520e957b31ba2e1e19cd4185
0,0,0.0,G3,EXPLICIT_HEII_ATOMIC,0.0,0.0,0.0,0,0,46080,36bd753facc985aad613c884a2040210d208b1aa520e957b31ba2e1e19cd4185
0,1,0.0096073597983847,G1,EFFECTIVE_HI_SUBGRID,4.2479641627248876e+50,0.0,1.0609579102523705e-165,0,0,46080,20239509e47dc9cf61255178ecc1cfdc49aca084668045ecc8f090bfb3f1fc50
0,1,0.0096073597983847,G1,EXPLICIT_HI_ATOMIC,0.0,0.0,0.0,0,0,0,36bd753facc985aad613c884a2040210d208b1aa520e957b31ba2e1e19cd4185
0,1,0.0096073597983847,G1,EXPLICIT_HEI_ATOMIC,0.0,0.0,0.0,0,0,0,36bd753facc985aad613c884a2040210d208b1aa520e957b31ba2e1e19cd4185
0,1,0.0096073597983847,G1,EXPLICIT_HEII_ATOMIC,0.0,0.0,0.0,0,0,0,36bd753facc985aad613c884a2040210d208b1aa520e957b31ba2e1e19cd4185
0,1,0.0096073597983847,G2a,EFFECTIVE_HI_SUBGRID,7.251413120793922e+49,0.0,1.7860881191276462e-166,0,0,46080,933f5897af96ca5a5acfaf9e079234ae6114722c8bb9f005f38503250c998f23
0,1,0.0096073597983847,G2a,EXPLICIT_HI_ATOMIC,0.0,0.0,0.0,0,0,0,36bd753facc985aad613c884a2040210d208b1aa520e957b31ba2e1e19cd4185
0,1,0.0096073597983847,G2a,EXPLICIT_HEI_ATOMIC,4.7639846666745336e+48,0.0,7.600557106203391e-167,0,0,46080,9388fbd184f87b3b1a33b7e0a4aecc5e9c7650a2e3c3d2ea6fc332ce4a44e4c3
0,1,0.0096073597983847,G2a,EXPLICIT_HEII_ATOMIC,0.0,0.0,0.0,0,0,0,36bd753facc985aad613c884a2040210d208b1aa520e957b31ba2e1e19cd4185
0,1,0.0096073597983847,G2b,EFFECTIVE_HI_SUBGRID,0.0,0.0,0.0,0,0,0,36bd753facc985aad613c884a2040210d208b1aa520e957b31ba2e1e19cd4185
0,1,0.0096073597983847,G2b,EXPLICIT_HI_ATOMIC,5.595860058206334e+47,0.0,1.3731094904676226e-168,0,0,46080,92ab3e0cf0f03b0720d66432b5704f923ad490f01e8046ea0a1af53aacecae3f
0,1,0.0096073597983847,G2b,EXPLICIT_HEI_ATOMIC,8.084817747933839e+47,0.0,1.2898681101195061e-167,0,0,46080,fd58a2f30bbcdd9dc77f17a768eecad03bf29b0ba287f9a97649df8c8a6e9936
0,1,0.0096073597983847,G2b,EXPLICIT_HEII_ATOMIC,0.0,0.0,0.0,0,0,0,36bd753facc985aad613c884a2040210d208b1aa520e957b31ba2e1e19cd4185
0,1,0.0096073597983847,G3,EFFECTIVE_HI_SUBGRID,0.0,0.0,0.0,0,0,0,36bd753facc985aad613c884a2040210d208b1aa520e957b31ba2e1e19cd4185
0,1,0.0096073597983847,G3,EXPLICIT_HI_ATOMIC,0.0,0.0,0.0,0,0,46080,36bd753facc985aad613c884a2040210d208b1aa520e957b31ba2e1e19cd4185
0,1,0.0096073597983847,G3,EXPLICIT_HEI_ATOMIC,0.0,0.0,0.0,0,0,46080,36bd753facc985aad613c884a2040210d208b1aa520e957b31ba2e1e19cd4185
0,1,0.0096073597983847,G3,EXPLICIT_HEII_ATOMIC,0.0,0.0,0.0,0,0,46080,36bd753facc985aad613c884a2040210d208b1aa520e957b31ba2e1e19cd4185
0,2,0.0380602337443566,G1,EFFECTIVE_HI_SUBGRID,4.2338369388530785e+50,0.0,1.0541846396500521e-165,0,0,46080,773a34afd7d472e08a376cef1293d5b645c5e188fcc44de7f6d328fb6ccfc832
0,2,0.0380602337443566,G1,EXPLICIT_HI_ATOMIC,0.0,0.0,0.0,0,0,0,36bd753facc985aad613c884a2040210d208b1aa520e957b31ba2e1e19cd4185
0,2,0.0380602337443566,G1,EXPLICIT_HEI_ATOMIC,0.0,0.0,0.0,0,0,0,36bd753facc985aad613c884a2040210d208b1aa520e957b31ba2e1e19cd4185
0,2,0.0380602337443566,G1,EXPLICIT_HEII_ATOMIC,0.0,0.0,0.0,0,0,0,36bd753facc985aad613c884a2040210d208b1aa520e957b31ba2e1e19cd4185
0,2,0.0380602337443566,G2a,EFFECTIVE_HI_SUBGRID,7.420998498572701e+49,0.0,1.8250423752475223e-166,0,0,46080,4785c12b85b584dd68ec4ea4e9cb24f4148c2d2471cfdf7e94647ee89d09e0ff
0,2,0.0380602337443566,G2a,EXPLICIT_HI_ATOMIC,0.0,0.0,0.0,0,0,0,36bd753facc985aad613c884a2040210d208b1aa520e957b31ba2e1e19cd4185
0,2,0.0380602337443566,G2a,EXPLICIT_HEI_ATOMIC,6.649571424469356e+48,0.0,1.0600033131394504e-166,0,0,46080,eebce803d8a378323de3f471823d333fbd876d59d583ef26194a49408a18c312
0,2,0.0380602337443566,G2a,EXPLICIT_HEII_ATOMIC,0.0,0.0,0.0,0,0,0,36bd753facc985aad613c884a2040210d208b1aa520e957b31ba2e1e19cd4185
0,2,0.0380602337443566,G2b,EFFECTIVE_HI_SUBGRID,0.0,0.0,0.0,0,0,0,36bd753facc985aad613c884a2040210d208b1aa520e957b31ba2e1e19cd4185
0,2,0.0380602337443566,G2b,EXPLICIT_HI_ATOMIC,5.1454848106996695e+47,0.0,1.2611917368426962e-168,0,0,46080,f0bb6ae1e0cc68a8a498cc74d131c1462495149d402a03ddf17afde49cfb13cb
0,2,0.0380602337443566,G2b,EXPLICIT_HEI_ATOMIC,1.153862925453774e+48,0.0,1.8393644429308217e-167,0,0,46080,a4d3ab7fee12136cc6765244421ba04006b8755b83425f7f8761782c4ac59535
0,2,0.0380602337443566,G2b,EXPLICIT_HEII_ATOMIC,0.0,0.0,0.0,0,0,0,36bd753facc985aad613c884a2040210d208b1aa520e957b31ba2e1e19cd4185
0,2,0.0380602337443566,G3,EFFECTIVE_HI_SUBGRID,0.0,0.0,0.0,0,0,0,36bd753facc985aad613c884a2040210d208b1aa520e957b31ba2e1e19cd4185
0,2,0.0380602337443566,G3,EXPLICIT_HI_ATOMIC,0.0,0.0,0.0,0,0,46080,36bd753facc985aad613c884a2040210d208b1aa520e957b31ba2e1e19cd4185
0,2,0.0380602337443566,G3,EXPLICIT_HEI_ATOMIC,0.0,0.0,0.0,0,0,46080,36bd753facc985aad613c884a2040210d208b1aa520e957b31ba2e1e19cd4185
0,2,0.0380602337443566,G3,EXPLICIT_HEII_ATOMIC,0.0,0.0,0.0,0,0,46080,36bd753facc985aad613c884a2040210d208b1aa520e957b31ba2e1e19cd4185
0,3,0.0842651938487273,G1,EFFECTIVE_HI_SUBGRID,4.2112068691209255e+50,0.0,1.0470082147643356e-165,0,0,46080,19fd2eb2b6784e0d887625dc428aa31bb203832956ae89176f6d6402b556ac8e
0,3,0.0842651938487273,G1,EXPLICIT_HI_ATOMIC,0.0,0.0,0.0,0,0,0,36bd753facc985aad613c884a2040210d208b1aa520e957b31ba2e1e19cd4185
0,3,0.0842651938487273,G1,EXPLICIT_HEI_ATOMIC,0.0,0.0,0.0,0,0,0,36bd753facc985aad613c884a2040210d208b1aa520e957b31ba2e1e19cd4185
0,3,0.0842651938487273,G1,EXPLICIT_HEII_ATOMIC,0.0,0.0,0.0,0,0,0,36bd753facc985aad613c884a2040210d208b1aa520e957b31ba2e1e19cd4185
0,3,0.0842651938487273,G2a,EFFECTIVE_HI_SUBGRID,7.691329654366885e+49,0.0,1.8884104105736518e-166,0,0,46080,efb3eaea3aa15f24220d5dfa6255688db550dfe18aca0ccc70cb0660cd10dc01
0,3,0.0842651938487273,G2a,EXPLICIT_HI_ATOMIC,0.0,0.0,0.0,0,0,0,36bd753facc985aad613c884a2040210d208b1aa520e957b31ba2e1e19cd4185
0,3,0.0842651938487273,G2a,EXPLICIT_HEI_ATOMIC,6.751389260870161e+48,0.0,1.074819711776754e-166,0,0,46080,99a6fccd4dcdbd39e128e70c47362bb511ec778d7d2c9007145f4c9c2eb5c6f3
0,3,0.0842651938487273,G2a,EXPLICIT_HEII_ATOMIC,0.0,0.0,0.0,0,0,0,36bd753facc985aad613c884a2040210d208b1aa520e957b31ba2e1e19cd4185
0,3,0.0842651938487273,G2b,EFFECTIVE_HI_SUBGRID,0.0,0.0,0.0,0,0,0,36bd753facc985aad613c884a2040210d208b1aa520e957b31ba2e1e19cd4185
0,3,0.0842651938487273,G2b,EXPLICIT_HI_ATOMIC,5.528858851457397e+47,0.0,1.3528613942749704e-168,0,0,46080,9966870d9ab2a7ebd0805ec897329983ec25d01c0be8a92b69b56704beb4367e
0,3,0.0842651938487273,G2b,EXPLICIT_HEI_ATOMIC,1.2128339558279429e+48,0.0,1.930829037500997e-167,0,0,46080,eba98b79c652ed7d9b768405c6137999a7768fb56c1fc86f8b2e7483b85d25d7
0,3,0.0842651938487273,G2b,EXPLICIT_HEII_ATOMIC,0.0,0.0,0.0,0,0,0,36bd753facc985aad613c884a2040210d208b1aa520e957b31ba2e1e19cd4185
0,3,0.0842651938487273,G3,EFFECTIVE_HI_SUBGRID,0.0,0.0,0.0,0,0,0,36bd753facc985aad613c884a2040210d208b1aa520e957b31ba2e1e19cd4185
0,3,0.0842651938487273,G3,EXPLICIT_HI_ATOMIC,0.0,0.0,0.0,0,0,46080,36bd753facc985aad613c884a2040210d208b1aa520e957b31ba2e1e19cd4185
0,3,0.0842651938487273,G3,EXPLICIT_HEI_ATOMIC,0.0,0.0,0.0,0,0,46080,36bd753facc985aad613c884a2040210d208b1aa520e957b31ba2e1e19cd4185
0,3,0.0842651938487273,G3,EXPLICIT_HEII_ATOMIC,0.0,0.0,0.0,0,0,46080,36bd753facc985aad613c884a2040210d208b1aa520e957b31ba2e1e19cd4185
0,4,0.1464466094067262,G1,EFFECTIVE_HI_SUBGRID,4.18120799941582e+50,0.0,1.0377598452338849e-165,0,0,46080,1c61d2880cd7d597c0d628f1beeacfa432c71a08a5d2184e3be506cd1614a4d8
0,4,0.1464466094067262,G1,EXPLICIT_HI_ATOMIC,0.0,0.0,0.0,0,0,0,36bd753facc985aad613c884a2040210d208b1aa520e957b31ba2e1e19cd4185
0,4,0.1464466094067262,G1,EXPLICIT_HEI_ATOMIC,0.0,0.0,0.0,0,0,0,36bd753facc985aad613c884a2040210d208b1aa520e957b31ba2e1e19cd4185
0,4,0.1464466094067262,G1,EXPLICIT_HEII_ATOMIC,0.0,0.0,0.0,0,0,0,36bd753facc985aad613c884a2040210d208b1aa520e957b31ba2e1e19cd4185
0,4,0.1464466094067262,G2a,EFFECTIVE_HI_SUBGRID,8.048644259902541e+49,0.0,1.9722209483847223e-166,0,0,46080,96d297b5026f15c220dc4d633f047ca7bdaa53c231e462c2884f00f8128dae2c
0,4,0.1464466094067262,G2a,EXPLICIT_HI_ATOMIC,0.0,0.0,0.0,0,0,0,36bd753facc985aad613c884a2040210d208b1aa520e957b31ba2e1e19cd4185
0,4,0.1464466094067262,G2a,EXPLICIT_HEI_ATOMIC,6.750670059939493e+48,0.0,1.0730125313115281e-166,0,0,46080,ae022aecf49495fe3660d2039ae27bd36076b86122cffe78a69643df346b97bf
0,4,0.1464466094067262,G2a,EXPLICIT_HEII_ATOMIC,0.0,0.0,0.0,0,0,0,36bd753facc985aad613c884a2040210d208b1aa520e957b31ba2e1e19cd4185
0,4,0.1464466094067262,G2b,EFFECTIVE_HI_SUBGRID,0.0,0.0,0.0,0,0,0,36bd753facc985aad613c884a2040210d208b1aa520e957b31ba2e1e19cd4185
0,4,0.1464466094067262,G2b,EXPLICIT_HI_ATOMIC,6.067519341325009e+47,0.0,1.4816140917060415e-168,0,0,46080,c786dda2a6088bac8c7c0ebb034b02a05b8ef88bccc1983755298a4b95409b14
0,4,0.1464466094067262,G2b,EXPLICIT_HEI_ATOMIC,1.2671187860659317e+48,0.0,2.0140731572373458e-167,0,0,46080,4c3c7d2362f47e740d499a3a9d7b5d6c16953c6094b5da84e6723bb5006e2a54
0,4,0.1464466094067262,G2b,EXPLICIT_HEII_ATOMIC,0.0,0.0,0.0,0,0,0,36bd753facc985aad613c884a2040210d208b1aa520e957b31ba2e1e19cd4185
0,4,0.1464466094067262,G3,EFFECTIVE_HI_SUBGRID,0.0,0.0,0.0,0,0,0,36bd753facc985aad613c884a2040210d208b1aa520e957b31ba2e1e19cd4185
0,4,0.1464466094067262,G3,EXPLICIT_HI_ATOMIC,0.0,0.0,0.0,0,0,46080,36bd753facc985aad613c884a2040210d208b1aa520e957b31ba2e1e19cd4185
0,4,0.1464466094067262,G3,EXPLICIT_HEI_ATOMIC,0.0,0.0,0.0,0,0,46080,36bd753facc985aad613c884a2040210d208b1aa520e957b31ba2e1e19cd4185
0,4,0.1464466094067262,G3,EXPLICIT_HEII_ATOMIC,0.0,0.0,0.0,0,0,46080,36bd753facc985aad613c884a2040210d208b1aa520e957b31ba2e1e19cd4185
0,5,0.2222148834901988,G1,EFFECTIVE_HI_SUBGRID,4.145341214997397e+50,0.0,1.0270884870135375e-165,0,0,46080,cd30565d1fc15c4703bd6268c41013c6c6f8de69995c8de066ce8f551c163d4e
0,5,0.2222148834901988,G1,EXPLICIT_HI_ATOMIC,0.0,0.0,0.0,0,0,0,36bd753facc985aad613c884a2040210d208b1aa520e957b31ba2e1e19cd4185
0,5,0.2222148834901988,G1,EXPLICIT_HEI_ATOMIC,0.0,0.0,0.0,0,0,0,36bd753facc985aad613c884a2040210d208b1aa520e957b31ba2e1e19cd4185
0,5,0.2222148834901988,G1,EXPLICIT_HEII_ATOMIC,0.0,0.0,0.0,0,0,0,36bd753facc985aad613c884a2040210d208b1aa520e957b31ba2e1e19cd4185
0,5,0.2222148834901988,G2a,EFFECTIVE_HI_SUBGRID,8.473587151594787e+49,0.0,2.0721066695890412e-166,0,0,46080,cea11ceffcc55396481937e403c62b2b303d7b34b3562e1599f205c24c14a75e
0,5,0.2222148834901988,G2a,EXPLICIT_HI_ATOMIC,0.0,0.0,0.0,0,0,0,36bd753facc985aad613c884a2040210d208b1aa520e957b31ba2e1e19cd4185
0,5,0.2222148834901988,G2a,EXPLICIT_HEI_ATOMIC,6.747590141821324e+48,0.0,1.0708108537150423e-166,0,0,46080,77f9880c27846f3ada92b1f462841e0bcb13df703b022ec8878b4100b6e13127
0,5,0.2222148834901988,G2a,EXPLICIT_HEII_ATOMIC,0.0,0.0,0.0,0,0,0,36bd753facc985aad613c884a2040210d208b1aa520e957b31ba2e1e19cd4185
0,5,0.2222148834901988,G2b,EFFECTIVE_HI_SUBGRID,0.0,0.0,0.0,0,0,0,36bd753facc985aad613c884a2040210d208b1aa520e957b31ba2e1e19cd4185
0,5,0.2222148834901988,G2b,EXPLICIT_HI_ATOMIC,6.745003405380817e+47,0.0,1.6435343783965546e-168,0,0,46080,7a4642533cab782ff820e1e9d587f1a853a6d0b7495f20903fa682d1c7b963b6
0,5,0.2222148834901988,G2b,EXPLICIT_HEI_ATOMIC,1.3314933411530302e+48,0.0,2.1130173756687624e-167,0,0,46080,23145f36ca1779019d37f0fdc1661e4e8a9beb1e0092bb5ebe78b12234261053
0,5,0.2222148834901988,G2b,EXPLICIT_HEII_ATOMIC,0.0,0.0,0.0,0,0,0,36bd753facc985aad613c884a2040210d208b1aa520e957b31ba2e1e19cd4185
0,5,0.2222148834901988,G3,EFFECTIVE_HI_SUBGRID,0.0,0.0,0.0,0,0,0,36bd753facc985aad613c884a2040210d208b1aa520e957b31ba2e1e19cd4185
0,5,0.2222148834901988,G3,EXPLICIT_HI_ATOMIC,0.0,0.0,0.0,0,0,46080,36bd753facc985aad613c884a2040210d208b1aa520e957b31ba2e1e19cd4185
0,5,0.2222148834901988,G3,EXPLICIT_HEI_ATOMIC,0.0,0.0,0.0,0,0,46080,36bd753facc985aad613c884a2040210d208b1aa520e957b31ba2e1e19cd4185
0,5,0.2222148834901988,G3,EXPLICIT_HEII_ATOMIC,0.0,0.0,0.0,0,0,46080,36bd753facc985aad613c884a2040210d208b1aa520e957b31ba2e1e19cd4185
0,6,0.3086582838174551,G1,EFFECTIVE_HI_SUBGRID,4.105322656413776e+50,0.0,1.0155914945298636e-165,0,0,46080,823f1d80b61a2c55f41f67259ad5597167bb1f812cdc3b95c24448d0b9ecabed
0,6,0.3086582838174551,G1,EXPLICIT_HI_ATOMIC,0.0,0.0,0.0,0,0,0,36bd753facc985aad613c884a2040210d208b1aa520e957b31ba2e1e19cd4185
0,6,0.3086582838174551,G1,EXPLICIT_HEI_ATOMIC,0.0,0.0,0.0,0,0,0,36bd753facc985aad613c884a2040210d208b1aa520e957b31ba2e1e19cd4185
0,6,0.3086582838174551,G1,EXPLICIT_HEII_ATOMIC,0.0,0.0,0.0,0,0,0,36bd753facc985aad613c884a2040210d208b1aa520e957b31ba2e1e19cd4185
0,6,0.3086582838174551,G2a,EFFECTIVE_HI_SUBGRID,8.943553810607931e+49,0.0,2.1828116649976648e-166,0,0,46080,5740637bdcb059704a491ebc87d2e60f7dd7e307640ee77479e3c46823a689d6
0,6,0.3086582838174551,G2a,EXPLICIT_HI_ATOMIC,0.0,0.0,0.0,0,0,0,36bd753facc985aad613c884a2040210d208b1aa520e957b31ba2e1e19cd4185
0,6,0.3086582838174551,G2a,EXPLICIT_HEI_ATOMIC,6.742150197300308e+48,0.0,1.0683695856574125e-166,0,0,46080,8298b29f9fe881aa8f5928cf094c5c36fe4a36cd4437ef8b453bab822508399b
0,6,0.3086582838174551,G2a,EXPLICIT_HEII_ATOMIC,0.0,0.0,0.0,0,0,0,36bd753facc985aad613c884a2040210d208b1aa520e957b31ba2e1e19cd4185
0,6,0.3086582838174551,G2b,EFFECTIVE_HI_SUBGRID,0.0,0.0,0.0,0,0,0,36bd753facc985aad613c884a2040210d208b1aa520e957b31ba2e1e19cd4185
0,6,0.3086582838174551,G2b,EXPLICIT_HI_ATOMIC,7.546444039401594e+47,0.0,1.835078754166909e-168,0,0,46080,82249cc50a9e3a45c21d23f343842f8c01e02fe417f501d0a473055e61cd72d7
0,6,0.3086582838174551,G2b,EXPLICIT_HEI_ATOMIC,1.4033592698622006e+48,0.0,2.223780719497351e-167,0,0,46080,147bed05fd4e9d6fbbde8ae58c73f0c4d72faca61be09b138b7f9dd1f7369f91
0,6,0.3086582838174551,G2b,EXPLICIT_HEII_ATOMIC,0.0,0.0,0.0,0,0,0,36bd753facc985aad613c884a2040210d208b1aa520e957b31ba2e1e19cd4185
0,6,0.3086582838174551,G3,EFFECTIVE_HI_SUBGRID,0.0,0.0,0.0,0,0,0,36bd753facc985aad613c884a2040210d208b1aa520e957b31ba2e1e19cd4185
0,6,0.3086582838174551,G3,EXPLICIT_HI_ATOMIC,0.0,0.0,0.0,0,0,46080,36bd753facc985aad613c884a2040210d208b1aa520e957b31ba2e1e19cd4185
0,6,0.3086582838174551,G3,EXPLICIT_HEI_ATOMIC,0.0,0.0,0.0,0,0,46080,36bd753facc985aad613c884a2040210d208b1aa520e957b31ba2e1e19cd4185
0,6,0.3086582838174551,G3,EXPLICIT_HEII_ATOMIC,0.0,0.0,0.0,0,0,46080,36bd753facc985aad613c884a2040210d208b1aa520e957b31ba2e1e19cd4185
0,7,0.4024548389919358,G1,EFFECTIVE_HI_SUBGRID,4.062965766259349e+50,0.0,1.0037024073492577e-165,0,0,46080,6c2575928f1a24f233988e00397b60df5a29fee22776920ec80e965487fe57d6
0,7,0.4024548389919358,G1,EXPLICIT_HI_ATOMIC,0.0,0.0,0.0,0,0,0,36bd753facc985aad613c884a2040210d208b1aa520e957b31ba2e1e19cd4185
0,7,0.4024548389919358,G1,EXPLICIT_HEI_ATOMIC,0.0,0.0,0.0,0,0,0,36bd753facc985aad613c884a2040210d208b1aa520e957b31ba2e1e19cd4185
0,7,0.4024548389919358,G1,EXPLICIT_HEII_ATOMIC,0.0,0.0,0.0,0,0,0,36bd753facc985aad613c884a2040210d208b1aa520e957b31ba2e1e19cd4185
0,7,0.4024548389919358,G2a,EFFECTIVE_HI_SUBGRID,9.43449329236082e+49,0.0,2.2984508288076532e-166,0,0,46080,69fe32b3ad224b4eb625cad08fc9b4e03fc352c873cfce4191824be2724a611c
0,7,0.4024548389919358,G2a,EXPLICIT_HI_ATOMIC,0.0,0.0,0.0,0,0,0,36bd753facc985aad613c884a2040210d208b1aa520e957b31ba2e1e19cd4185
0,7,0.4024548389919358,G2a,EXPLICIT_HEI_ATOMIC,6.733560796166477e+48,0.0,1.0655561218395556e-166,0,0,46080,86352333b9d5b22645f52f79e72da119e674a850c29bd2a1b53784c63c4381b6
0,7,0.4024548389919358,G2a,EXPLICIT_HEII_ATOMIC,0.0,0.0,0.0,0,0,0,36bd753facc985aad613c884a2040210d208b1aa520e957b31ba2e1e19cd4185
0,7,0.4024548389919358,G2b,EFFECTIVE_HI_SUBGRID,0.0,0.0,0.0,0,0,0,36bd753facc985aad613c884a2040210d208b1aa520e957b31ba2e1e19cd4185
0,7,0.4024548389919358,G2b,EXPLICIT_HI_ATOMIC,8.450468802744762e+47,0.0,2.0509415325206297e-168,0,0,46080,28e5e00b5f6d837aaa1cee95f459e208173dbf6b87ae5714574dc17c625e9e7e
0,7,0.4024548389919358,G2b,EXPLICIT_HEI_ATOMIC,1.4800177187525384e+48,0.0,2.342062377376345e-167,0,0,46080,7ab2950bf9446944e3cb2a0a18f89b2046e662bbae3e3d51d1aa208029e90f4e
0,7,0.4024548389919358,G2b,EXPLICIT_HEII_ATOMIC,0.0,0.0,0.0,0,0,0,36bd753facc985aad613c884a2040210d208b1aa520e957b31ba2e1e19cd4185
0,7,0.4024548389919358,G3,EFFECTIVE_HI_SUBGRID,0.0,0.0,0.0,0,0,0,36bd753facc985aad613c884a2040210d208b1aa520e957b31ba2e1e19cd4185
0,7,0.4024548389919358,G3,EXPLICIT_HI_ATOMIC,0.0,0.0,0.0,0,0,46080,36bd753facc985aad613c884a2040210d208b1aa520e957b31ba2e1e19cd4185
0,7,0.4024548389919358,G3,EXPLICIT_HEI_ATOMIC,0.0,0.0,0.0,0,0,46080,36bd753facc985aad613c884a2040210d208b1aa520e957b31ba2e1e19cd4185
0,7,0.4024548389919358,G3,EXPLICIT_HEII_ATOMIC,0.0,0.0,0.0,0,0,46080,36bd753facc985aad613c884a2040210d208b1aa520e957b31ba2e1e19cd4185
0,8,0.4999999999999999,G1,EFFECTIVE_HI_SUBGRID,4.020074920092687e+50,0.0,9.917921054877134e-166,0,0,46080,296d993089f270ff5f4f2193d36244d97c5cce108af4fef6dc9f0dc340e01caa
0,8,0.4999999999999999,G1,EXPLICIT_HI_ATOMIC,0.0,0.0,0.0,0,0,0,36bd753facc985aad613c884a2040210d208b1aa520e957b31ba2e1e19cd4185
0,8,0.4999999999999999,G1,EXPLICIT_HEI_ATOMIC,0.0,0.0,0.0,0,0,0,36bd753facc985aad613c884a2040210d208b1aa520e957b31ba2e1e19cd4185
0,8,0.4999999999999999,G1,EXPLICIT_HEII_ATOMIC,0.0,0.0,0.0,0,0,0,36bd753facc985aad613c884a2040210d208b1aa520e957b31ba2e1e19cd4185
0,8,0.4999999999999999,G2a,EFFECTIVE_HI_SUBGRID,9.922828796240643e+49,0.0,2.4131662877734063e-166,0,0,46080,37c7033827d544f49482751a425a2af9f59c2ca888d70e94a08b5835472caf9e
0,8,0.4999999999999999,G2a,EXPLICIT_HI_ATOMIC,0.0,0.0,0.0,0,0,0,36bd753facc985aad613c884a2040210d208b1aa520e957b31ba2e1e19cd4185
0,8,0.4999999999999999,G2a,EXPLICIT_HEI_ATOMIC,6.721396708479871e+48,0.0,1.0622438910156776e-166,0,0,46080,dfee6fc0ab2374d222dac9d3ab846ba45bc9f3da8ce8f08a3f2dc76b49745e9e
0,8,0.4999999999999999,G2a,EXPLICIT_HEII_ATOMIC,0.0,0.0,0.0,0,0,0,36bd753facc985aad613c884a2040210d208b1aa520e957b31ba2e1e19cd4185
0,8,0.4999999999999999,G2b,EFFECTIVE_HI_SUBGRID,0.0,0.0,0.0,0,0,0,36bd753facc985aad613c884a2040210d208b1aa520e957b31ba2e1e19cd4185
0,8,0.4999999999999999,G2b,EXPLICIT_HI_ATOMIC,9.42848116209885e+47,0.0,2.283999683167388e-168,0,0,46080,5ddbe3f75051110bc2e72bc1f836fd013bf0150dfd48393e51bbf9001efd44f2
0,8,0.4999999999999999,G2b,EXPLICIT_HEI_ATOMIC,1.558818396098748e+48,0.0,2.463543501858325e-167,0,0,46080,1a2e1ec1653cdf9c709af04e122d80a04865805f0ea553440a796b445efa3777
0,8,0.4999999999999999,G2b,EXPLICIT_HEII_ATOMIC,0.0,0.0,0.0,0,0,0,36bd753facc985aad613c884a2040210d208b1aa520e957b31ba2e1e19cd4185
0,8,0.4999999999999999,G3,EFFECTIVE_HI_SUBGRID,0.0,0.0,0.0,0,0,0,36bd753facc985aad613c884a2040210d208b1aa520e957b31ba2e1e19cd4185
0,8,0.4999999999999999,G3,EXPLICIT_HI_ATOMIC,0.0,0.0,0.0,0,0,46080,36bd753facc985aad613c884a2040210d208b1aa520e957b31ba2e1e19cd4185
0,8,0.4999999999999999,G3,EXPLICIT_HEI_ATOMIC,0.0,0.0,0.0,0,0,46080,36bd753facc985aad613c884a2040210d208b1aa520e957b31ba2e1e19cd4185
0,8,0.4999999999999999,G3,EXPLICIT_HEII_ATOMIC,0.0,0.0,0.0,0,0,46080,36bd753facc985aad613c884a2040210d208b1aa520e957b31ba2e1e19cd4185
0,9,0.5975451610080641,G1,EFFECTIVE_HI_SUBGRID,3.9783543938472105e+50,0.0,9.802522398628753e-166,0,0,46080,9fc9ad1c9bf71bff887504be64d703813e5b8adcfa96df9cf41d60eeb26194b8
0,9,0.5975451610080641,G1,EXPLICIT_HI_ATOMIC,0.0,0.0,0.0,0,0,0,36bd753facc985aad613c884a2040210d208b1aa520e957b31ba2e1e19cd4185
0,9,0.5975451610080641,G1,EXPLICIT_HEI_ATOMIC,0.0,0.0,0.0,0,0,0,36bd753facc985aad613c884a2040210d208b1aa520e957b31ba2e1e19cd4185
0,9,0.5975451610080641,G1,EXPLICIT_HEII_ATOMIC,0.0,0.0,0.0,0,0,0,36bd753facc985aad613c884a2040210d208b1aa520e957b31ba2e1e19cd4185
0,9,0.5975451610080641,G2a,EFFECTIVE_HI_SUBGRID,1.038729809566619e+50,0.0,2.521796616751627e-166,0,0,46080,c3fb6a65cf68e2a721bee3a626cdbfd1cecc1722a5eb3542cc3301267a287458
0,9,0.5975451610080641,G2a,EXPLICIT_HI_ATOMIC,0.0,0.0,0.0,0,0,0,36bd753facc985aad613c884a2040210d208b1aa520e957b31ba2e1e19cd4185
0,9,0.5975451610080641,G2a,EXPLICIT_HEI_ATOMIC,6.705789694182294e+48,0.0,1.058438115281973e-166,0,0,46080,86f37cd5bd5d6971afd5b6eb72a962b68cd69009f3f3c1f4a14324870b921a42
0,9,0.5975451610080641,G2a,EXPLICIT_HEII_ATOMIC,0.0,0.0,0.0,0,0,0,36bd753facc985aad613c884a2040210d208b1aa520e957b31ba2e1e19cd4185
0,9,0.5975451610080641,G2b,EFFECTIVE_HI_SUBGRID,0.0,0.0,0.0,0,0,0,36bd753facc985aad613c884a2040210d208b1aa520e957b31ba2e1e19cd4185
0,9,0.5975451610080641,G2b,EXPLICIT_HI_ATOMIC,1.0444728568508606e+48,0.0,2.525532993901958e-168,0,0,46080,fe42b1ebba4ddce21068b6f9d1e6a33166bff68910fcb88aee425890210dd60f
0,9,0.5975451610080641,G2b,EXPLICIT_HEI_ATOMIC,1.6371125386019535e+48,0.0,2.5840093246074188e-167,0,0,46080,3fb59eb7c943181ceb9a960ab7812e865718a26f0b012ab998b94141b1bd7afa
0,9,0.5975451610080641,G2b,EXPLICIT_HEII_ATOMIC,0.0,0.0,0.0,0,0,0,36bd753facc985aad613c884a2040210d208b1aa520e957b31ba2e1e19cd4185
0,9,0.5975451610080641,G3,EFFECTIVE_HI_SUBGRID,0.0,0.0,0.0,0,0,0,36bd753facc985aad613c884a2040210d208b1aa520e957b31ba2e1e19cd4185
0,9,0.5975451610080641,G3,EXPLICIT_HI_ATOMIC,0.0,0.0,0.0,0,0,46080,36bd753facc985aad613c884a2040210d208b1aa520e957b31ba2e1e19cd4185
0,9,0.5975451610080641,G3,EXPLICIT_HEI_ATOMIC,0.0,0.0,0.0,0,0,46080,36bd753facc985aad613c884a2040210d208b1aa520e957b31ba2e1e19cd4185
0,9,0.5975451610080641,G3,EXPLICIT_HEII_ATOMIC,0.0,0.0,0.0,0,0,46080,36bd753facc985aad613c884a2040210d208b1aa520e957b31ba2e1e19cd4185
0,10,0.6913417161825448,G1,EFFECTIVE_HI_SUBGRID,3.939336689215232e+50,0.0,9.694692317743983e-166,0,0,46080,6736d09bbd2498017cdb2b676560b0389f56015dd9782c376b81f0cfa2ddd960
0,10,0.6913417161825448,G1,EXPLICIT_HI_ATOMIC,0.0,0.0,0.0,0,0,0,36bd753facc985aad613c884a2040210d208b1aa520e957b31ba2e1e19cd4185
0,10,0.6913417161825448,G1,EXPLICIT_HEI_ATOMIC,0.0,0.0,0.0,0,0,0,36bd753facc985aad613c884a2040210d208b1aa520e957b31ba2e1e19cd4185
0,10,0.6913417161825448,G1,EXPLICIT_HEII_ATOMIC,0.0,0.0,0.0,0,0,0,36bd753facc985aad613c884a2040210d208b1aa520e957b31ba2e1e19cd4185
0,10,0.6913417161825448,G2a,EFFECTIVE_HI_SUBGRID,1.0810404074763826e+50,0.0,2.6202279752489828e-166,0,0,46080,8abd94a0d6f90901856024e8c15ed3866e8d8cdf879f905410b17ac45c10aae2
0,10,0.6913417161825448,G2a,EXPLICIT_HI_ATOMIC,0.0,0.0,0.0,0,0,0,36bd753facc985aad613c884a2040210d208b1aa520e957b31ba2e1e19cd4185
0,10,0.6913417161825448,G2a,EXPLICIT_HEI_ATOMIC,6.687484471695225e+48,0.0,1.0542772343065252e-166,0,0,46080,69bb89a296084e4d479ed3c0c79f4a686c4aabc2a61a0008741fcca43d7b21af
0,10,0.6913417161825448,G2a,EXPLICIT_HEII_ATOMIC,0.0,0.0,0.0,0,0,0,36bd753facc985aad613c884a2040210d208b1aa520e957b31ba2e1e19cd4185
0,10,0.6913417161825448,G2b,EFFECTIVE_HI_SUBGRID,0.0,0.0,0.0,0,0,0,36bd753facc985aad613c884a2040210d208b1aa520e957b31ba2e1e19cd4185
0,10,0.6913417161825448,G2b,EXPLICIT_HI_ATOMIC,1.1457407471698322e+48,0.0,2.7655352470342134e-168,0,0,46080,dc439cd4b2bd1dcee85b0a746d7392e7d59be77b56a73a8ef2a050b98a4cbc3e
0,10,0.6913417161825448,G2b,EXPLICIT_HEI_ATOMIC,1.7122283680653495e+48,0.0,2.699316007424712e-167,0,0,46080,6806a93ba47cc406471200381d759f1fc94ce28493fdad6adab735f2f6352741
0,10,0.6913417161825448,G2b,EXPLICIT_HEII_ATOMIC,0.0,0.0,0.0,0,0,0,36bd753facc985aad613c884a2040210d208b1aa520e957b31ba2e1e19cd4185
0,10,0.6913417161825448,G3,EFFECTIVE_HI_SUBGRID,0.0,0.0,0.0,0,0,0,36bd753facc985aad613c884a2040210d208b1aa520e957b31ba2e1e19cd4185
0,10,0.6913417161825448,G3,EXPLICIT_HI_ATOMIC,0.0,0.0,0.0,0,0,46080,36bd753facc985aad613c884a2040210d208b1aa520e957b31ba2e1e19cd4185
0,10,0.6913417161825448,G3,EXPLICIT_HEI_ATOMIC,0.0,0.0,0.0,0,0,46080,36bd753facc985aad613c884a2040210d208b1aa520e957b31ba2e1e19cd4185
0,10,0.6913417161825448,G3,EXPLICIT_HEII_ATOMIC,0.0,0.0,0.0,0,0,46080,36bd753facc985aad613c884a2040210d208b1aa520e957b31ba2e1e19cd4185
0,11,0.777785116509801,G1,EFFECTIVE_HI_SUBGRID,3.904333249809112e+50,0.0,9.597927274663143e-166,0,0,46080,6ea4e3e735ba99a52fc0d254668b7808b5dfe7c6db39f26dbae2cc8e1a045697
0,11,0.777785116509801,G1,EXPLICIT_HI_ATOMIC,0.0,0.0,0.0,0,0,0,36bd753facc985aad613c884a2040210d208b1aa520e957b31ba2e1e19cd4185
0,11,0.777785116509801,G1,EXPLICIT_HEI_ATOMIC,0.0,0.0,0.0,0,0,0,36bd753facc985aad613c884a2040210d208b1aa520e957b31ba2e1e19cd4185
0,11,0.777785116509801,G1,EXPLICIT_HEII_ATOMIC,0.0,0.0,0.0,0,0,0,36bd753facc985aad613c884a2040210d208b1aa520e957b31ba2e1e19cd4185
0,11,0.777785116509801,G2a,EFFECTIVE_HI_SUBGRID,1.117921368262863e+50,0.0,2.7055424179234703e-166,0,0,46080,dbbeb809ab859f52d8d54dfe50c4f06a09975918793489b6c14dd19926de80ca
0,11,0.777785116509801,G2a,EXPLICIT_HI_ATOMIC,0.0,0.0,0.0,0,0,0,36bd753facc985aad613c884a2040210d208b1aa520e957b31ba2e1e19cd4185
0,11,0.777785116509801,G2a,EXPLICIT_HEI_ATOMIC,6.667761044532496e+48,0.0,1.0500019048191635e-166,0,0,46080,583e05fd3e3c21ff9aad35b69d825c78b9537fb99b8336944fb9974467420260
0,11,0.777785116509801,G2a,EXPLICIT_HEII_ATOMIC,0.0,0.0,0.0,0,0,0,36bd753facc985aad613c884a2040210d208b1aa520e957b31ba2e1e19cd4185
0,11,0.777785116509801,G2b,EFFECTIVE_HI_SUBGRID,0.0,0.0,0.0,0,0,0,36bd753facc985aad613c884a2040210d208b1aa520e957b31ba2e1e19cd4185
0,11,0.777785116509801,G2b,EXPLICIT_HI_ATOMIC,1.2420825842087643e+48,0.0,2.993230285623985e-168,0,0,46080,3242fc4c007b10395668d4cc7bab1fad1f95dfa65e8f416add8da78edb166eef
0,11,0.777785116509801,G2b,EXPLICIT_HEI_ATOMIC,1.781500903263453e+48,0.0,2.805408486252735e-167,0,0,46080,d0382682bf4dffae508985a30e645155392245ee0427ba04a8dbe6bff77973cd
0,11,0.777785116509801,G2b,EXPLICIT_HEII_ATOMIC,0.0,0.0,0.0,0,0,0,36bd753facc985aad613c884a2040210d208b1aa520e957b31ba2e1e19cd4185
0,11,0.777785116509801,G3,EFFECTIVE_HI_SUBGRID,0.0,0.0,0.0,0,0,0,36bd753facc985aad613c884a2040210d208b1aa520e957b31ba2e1e19cd4185
0,11,0.777785116509801,G3,EXPLICIT_HI_ATOMIC,0.0,0.0,0.0,0,0,46080,36bd753facc985aad613c884a2040210d208b1aa520e957b31ba2e1e19cd4185
0,11,0.777785116509801,G3,EXPLICIT_HEI_ATOMIC,0.0,0.0,0.0,0,0,46080,36bd753facc985aad613c884a2040210d208b1aa520e957b31ba2e1e19cd4185
0,11,0.777785116509801,G3,EXPLICIT_HEII_ATOMIC,0.0,0.0,0.0,0,0,46080,36bd753facc985aad613c884a2040210d208b1aa520e957b31ba2e1e19cd4185
0,12,0.8535533905932737,G1,EFFECTIVE_HI_SUBGRID,3.874409412369397e+50,0.0,9.515142568223059e-166,0,0,46080,b82b217bdb80affaab219baae6bff47dd9605f9cf3c5c64bd73f3d5965e3f4bc
0,12,0.8535533905932737,G1,EXPLICIT_HI_ATOMIC,0.0,0.0,0.0,0,0,0,36bd753facc985aad613c884a2040210d208b1aa520e957b31ba2e1e19cd4185
0,12,0.8535533905932737,G1,EXPLICIT_HEI_ATOMIC,0.0,0.0,0.0,0,0,0,36bd753facc985aad613c884a2040210d208b1aa520e957b31ba2e1e19cd4185
0,12,0.8535533905932737,G1,EXPLICIT_HEII_ATOMIC,0.0,0.0,0.0,0,0,0,36bd753facc985aad613c884a2040210d208b1aa520e957b31ba2e1e19cd4185
0,12,0.8535533905932737,G2a,EFFECTIVE_HI_SUBGRID,1.148539025581197e+50,0.0,2.775970674840552e-166,0,0,46080,dcec5686146da489103c27ebfccf84ab8f39a77a385ad459f0ac181d46745d1b
0,12,0.8535533905932737,G2a,EXPLICIT_HI_ATOMIC,0.0,0.0,0.0,0,0,0,36bd753facc985aad613c884a2040210d208b1aa520e957b31ba2e1e19cd4185
0,12,0.8535533905932737,G2a,EXPLICIT_HEI_ATOMIC,6.648256906660653e+48,0.0,1.0459112705272527e-166,0,0,46080,09bb48359316291b84d373bd422f15c205b28b37c7e8913f4d436dacbaf71001
0,12,0.8535533905932737,G2a,EXPLICIT_HEII_ATOMIC,0.0,0.0,0.0,0,0,0,36bd753facc985aad613c884a2040210d208b1aa520e957b31ba2e1e19cd4185
0,12,0.8535533905932737,G2b,EFFECTIVE_HI_SUBGRID,0.0,0.0,0.0,0,0,0,36bd753facc985aad613c884a2040210d208b1aa520e957b31ba2e1e19cd4185
0,12,0.8535533905932737,G2b,EXPLICIT_HI_ATOMIC,1.3288400966512605e+48,0.0,3.1977537650203663e-168,0,0,46080,15af1ad171d4df1246a75bb51d4e2219c7da5cdb85ae3d330223ec169113f402
0,12,0.8535533905932737,G2b,EXPLICIT_HEI_ATOMIC,1.8423583026603275e+48,0.0,2.8984188489637937e-167,0,0,46080,5ab55c53bd221b067534209a7bc12992300a349a9b4a4caf4d712db360d504c4
0,12,0.8535533905932737,G2b,EXPLICIT_HEII_ATOMIC,0.0,0.0,0.0,0,0,0,36bd753facc985aad613c884a2040210d208b1aa520e957b31ba2e1e19cd4185
0,12,0.8535533905932737,G3,EFFECTIVE_HI_SUBGRID,0.0,0.0,0.0,0,0,0,36bd753facc985aad613c884a2040210d208b1aa520e957b31ba2e1e19cd4185
0,12,0.8535533905932737,G3,EXPLICIT_HI_ATOMIC,0.0,0.0,0.0,0,0,46080,36bd753facc985aad613c884a2040210d208b1aa520e957b31ba2e1e19cd4185
0,12,0.8535533905932737,G3,EXPLICIT_HEI_ATOMIC,0.0,0.0,0.0,0,0,46080,36bd753facc985aad613c884a2040210d208b1aa520e957b31ba2e1e19cd4185
0,12,0.8535533905932737,G3,EXPLICIT_HEII_ATOMIC,0.0,0.0,0.0,0,0,46080,36bd753facc985aad613c884a2040210d208b1aa520e957b31ba2e1e19cd4185
0,13,0.9157348061512728,G1,EFFECTIVE_HI_SUBGRID,3.850382928332905e+50,0.0,9.44861362984958e-166,0,0,46080,41e4198b39f83705066c70756f75e0aa54399e5d8e0e53fbdce4344fc7430587
0,13,0.9157348061512728,G1,EXPLICIT_HI_ATOMIC,0.0,0.0,0.0,0,0,0,36bd753facc985aad613c884a2040210d208b1aa520e957b31ba2e1e19cd4185
0,13,0.9157348061512728,G1,EXPLICIT_HEI_ATOMIC,0.0,0.0,0.0,0,0,0,36bd753facc985aad613c884a2040210d208b1aa520e957b31ba2e1e19cd4185
0,13,0.9157348061512728,G1,EXPLICIT_HEII_ATOMIC,0.0,0.0,0.0,0,0,0,36bd753facc985aad613c884a2040210d208b1aa520e957b31ba2e1e19cd4185
0,13,0.9157348061512728,G2a,EFFECTIVE_HI_SUBGRID,1.1724536787145451e+50,0.0,2.8306944020863915e-166,0,0,46080,53bdb4555c9a615b23fe2f5ba9843e2b7cfca76854f36a9d62aff8b1797d4788
0,13,0.9157348061512728,G2a,EXPLICIT_HI_ATOMIC,0.0,0.0,0.0,0,0,0,36bd753facc985aad613c884a2040210d208b1aa520e957b31ba2e1e19cd4185
0,13,0.9157348061512728,G2a,EXPLICIT_HEI_ATOMIC,6.63073632765025e+48,0.0,1.042319929946412e-166,0,0,46080,811d8bbf748a658a3c9f2a276e115ed705bc6d8ce45754f733baa736128b213f
0,13,0.9157348061512728,G2a,EXPLICIT_HEII_ATOMIC,0.0,0.0,0.0,0,0,0,36bd753facc985aad613c884a2040210d208b1aa520e957b31ba2e1e19cd4185
0,13,0.9157348061512728,G2b,EFFECTIVE_HI_SUBGRID,0.0,0.0,0.0,0,0,0,36bd753facc985aad613c884a2040210d208b1aa520e957b31ba2e1e19cd4185
0,13,0.9157348061512728,G2b,EXPLICIT_HI_ATOMIC,1.401607804326802e+48,0.0,3.3689237009800006e-168,0,0,46080,8e7f2436b8f64e39cafdc502a624b3d52e6e42b92fdd6b13a605fecd00fbd8a0
0,13,0.9157348061512728,G2b,EXPLICIT_HEI_ATOMIC,1.8924465381861084e+48,0.0,2.9748351399285494e-167,0,0,46080,8646ed4da210100aa08681e2549dea9c43118bc2de0d2933454ca27f1df7684d
0,13,0.9157348061512728,G2b,EXPLICIT_HEII_ATOMIC,0.0,0.0,0.0,0,0,0,36bd753facc985aad613c884a2040210d208b1aa520e957b31ba2e1e19cd4185
0,13,0.9157348061512728,G3,EFFECTIVE_HI_SUBGRID,0.0,0.0,0.0,0,0,0,36bd753facc985aad613c884a2040210d208b1aa520e957b31ba2e1e19cd4185
0,13,0.9157348061512728,G3,EXPLICIT_HI_ATOMIC,0.0,0.0,0.0,0,0,46080,36bd753facc985aad613c884a2040210d208b1aa520e957b31ba2e1e19cd4185
0,13,0.9157348061512728,G3,EXPLICIT_HEI_ATOMIC,0.0,0.0,0.0,0,0,46080,36bd753facc985aad613c884a2040210d208b1aa520e957b31ba2e1e19cd4185
0,13,0.9157348061512728,G3,EXPLICIT_HEII_ATOMIC,0.0,0.0,0.0,0,0,46080,36bd753facc985aad613c884a2040210d208b1aa520e957b31ba2e1e19cd4185
0,14,0.9619397662556434,G1,EFFECTIVE_HI_SUBGRID,3.832841709619539e+50,0.0,9.400001073263298e-166,0,0,46080,2e571c369aad3d255947846be7b2e876678e6f39d2e0fde6740cc75166bc4130
0,14,0.9619397662556434,G1,EXPLICIT_HI_ATOMIC,0.0,0.0,0.0,0,0,0,36bd753facc985aad613c884a2040210d208b1aa520e957b31ba2e1e19cd4185
0,14,0.9619397662556434,G1,EXPLICIT_HEI_ATOMIC,0.0,0.0,0.0,0,0,0,36bd753facc985aad613c884a2040210d208b1aa520e957b31ba2e1e19cd4185
0,14,0.9619397662556434,G1,EXPLICIT_HEII_ATOMIC,0.0,0.0,0.0,0,0,0,36bd753facc985aad613c884a2040210d208b1aa520e957b31ba2e1e19cd4185
0,14,0.9619397662556434,G2a,EFFECTIVE_HI_SUBGRID,1.189508839960377e+50,0.0,2.8695502649831723e-166,0,0,46080,f0ace00fe8b9e99457c4932bbfc0766fe3cc39201e657956eee874651ef764ca
0,14,0.9619397662556434,G2a,EXPLICIT_HI_ATOMIC,0.0,0.0,0.0,0,0,0,36bd753facc985aad613c884a2040210d208b1aa520e957b31ba2e1e19cd4185
0,14,0.9619397662556434,G2a,EXPLICIT_HEI_ATOMIC,6.616853370919686e+48,0.0,1.0395179051830244e-166,0,0,46080,86945e4a8ff5dc2892aeb23875ddc197d6b63d001c494b996d4905802a434935
0,14,0.9619397662556434,G2a,EXPLICIT_HEII_ATOMIC,0.0,0.0,0.0,0,0,0,36bd753facc985aad613c884a2040210d208b1aa520e957b31ba2e1e19cd4185
0,14,0.9619397662556434,G2b,EFFECTIVE_HI_SUBGRID,0.0,0.0,0.0,0,0,0,36bd753facc985aad613c884a2040210d208b1aa520e957b31ba2e1e19cd4185
0,14,0.9619397662556434,G2b,EXPLICIT_HI_ATOMIC,1.4565686209989088e+48,0.0,3.4979838175401425e-168,0,0,46080,6ab70a2ecd696ad332bfa4b748f8a2fcc60d47f6eb5cf7a01f0b3e4aade19b7f
0,14,0.9619397662556434,G2b,EXPLICIT_HEI_ATOMIC,1.9297656436181506e+48,0.0,3.0316916922541537e-167,0,0,46080,41197cff2c278ac6b4b45ff79f446a67b758a296054452106a5a929eed8b979c
0,14,0.9619397662556434,G2b,EXPLICIT_HEII_ATOMIC,0.0,0.0,0.0,0,0,0,36bd753facc985aad613c884a2040210d208b1aa520e957b31ba2e1e19cd4185
0,14,0.9619397662556434,G3,EFFECTIVE_HI_SUBGRID,0.0,0.0,0.0,0,0,0,36bd753facc985aad613c884a2040210d208b1aa520e957b31ba2e1e19cd4185
0,14,0.9619397662556434,G3,EXPLICIT_HI_ATOMIC,0.0,0.0,0.0,0,0,46080,36bd753facc985aad613c884a2040210d208b1aa520e957b31ba2e1e19cd4185
0,14,0.9619397662556434,G3,EXPLICIT_HEI_ATOMIC,0.0,0.0,0.0,0,0,46080,36bd753facc985aad613c884a2040210d208b1aa520e957b31ba2e1e19cd4185
0,14,0.9619397662556434,G3,EXPLICIT_HEII_ATOMIC,0.0,0.0,0.0,0,0,46080,36bd753facc985aad613c884a2040210d208b1aa520e957b31ba2e1e19cd4185
0,15,0.9903926402016152,G1,EFFECTIVE_HI_SUBGRID,3.822172900297469e+50,0.0,9.370414782796077e-166,0,0,46080,955e623d27a8b7ae3e25cd98837eef25e370e9230e65bce84961a0983f63ad00
0,15,0.9903926402016152,G1,EXPLICIT_HI_ATOMIC,0.0,0.0,0.0,0,0,0,36bd753facc985aad613c884a2040210d208b1aa520e957b31ba2e1e19cd4185
0,15,0.9903926402016152,G1,EXPLICIT_HEI_ATOMIC,0.0,0.0,0.0,0,0,0,36bd753facc985aad613c884a2040210d208b1aa520e957b31ba2e1e19cd4185
0,15,0.9903926402016152,G1,EXPLICIT_HEII_ATOMIC,0.0,0.0,0.0,0,0,0,36bd753facc985aad613c884a2040210d208b1aa520e957b31ba2e1e19cd4185
0,15,0.9903926402016152,G2a,EFFECTIVE_HI_SUBGRID,1.1997064754032367e+50,0.0,2.8927086791610464e-166,0,0,46080,c318730889e1f58de3afd3b3c8c9945bd62ba083858915cc26eda7fd9a5c9e19
0,15,0.9903926402016152,G2a,EXPLICIT_HI_ATOMIC,0.0,0.0,0.0,0,0,0,36bd753facc985aad613c884a2040210d208b1aa520e957b31ba2e1e19cd4185
0,15,0.9903926402016152,G2a,EXPLICIT_HEI_ATOMIC,6.607944972254869e+48,0.0,1.0377370429181531e-166,0,0,46080,610846af9dd432dda6ac49cca97e3cfc8c1406b6ac1e8728b47a3e17db9db864
0,15,0.9903926402016152,G2a,EXPLICIT_HEII_ATOMIC,0.0,0.0,0.0,0,0,0,36bd753facc985aad613c884a2040210d208b1aa520e957b31ba2e1e19cd4185
0,15,0.9903926402016152,G2b,EFFECTIVE_HI_SUBGRID,0.0,0.0,0.0,0,0,0,36bd753facc985aad613c884a2040210d208b1aa520e957b31ba2e1e19cd4185
0,15,0.9903926402016152,G2b,EXPLICIT_HI_ATOMIC,1.4907817192140464e+48,0.0,3.5782276765010393e-168,0,0,46080,c6e0990ecd3262a030d7b94129bb77ff7c1b7348a65f04e51d2f01a556cd5641
0,15,0.9903926402016152,G2b,EXPLICIT_HEI_ATOMIC,1.9527928740690148e+48,0.0,3.066740887033311e-167,0,0,46080,dbd6355d6046f4b60e43b23f32383631cb6f294c24319622c65ca67435cd22fd
0,15,0.9903926402016152,G2b,EXPLICIT_HEII_ATOMIC,0.0,0.0,0.0,0,0,0,36bd753facc985aad613c884a2040210d208b1aa520e957b31ba2e1e19cd4185
0,15,0.9903926402016152,G3,EFFECTIVE_HI_SUBGRID,0.0,0.0,0.0,0,0,0,36bd753facc985aad613c884a2040210d208b1aa520e957b31ba2e1e19cd4185
0,15,0.9903926402016152,G3,EXPLICIT_HI_ATOMIC,0.0,0.0,0.0,0,0,46080,36bd753facc985aad613c884a2040210d208b1aa520e957b31ba2e1e19cd4185
0,15,0.9903926402016152,G3,EXPLICIT_HEI_ATOMIC,0.0,0.0,0.0,0,0,46080,36bd753facc985aad613c884a2040210d208b1aa520e957b31ba2e1e19cd4185
0,15,0.9903926402016152,G3,EXPLICIT_HEII_ATOMIC,0.0,0.0,0.0,0,0,46080,36bd753facc985aad613c884a2040210d208b1aa520e957b31ba2e1e19cd4185
0,16,1.0,G1,EFFECTIVE_HI_SUBGRID,3.8185934547907255e+50,0.0,9.360484851682368e-166,0,0,46080,7ccb233746660096dbe27dfe2d020898f2f1d97d64d7bf029056faf231123359
0,16,1.0,G1,EXPLICIT_HI_ATOMIC,0.0,0.0,0.0,0,0,0,36bd753facc985aad613c884a2040210d208b1aa520e957b31ba2e1e19cd4185
0,16,1.0,G1,EXPLICIT_HEI_ATOMIC,0.0,0.0,0.0,0,0,0,36bd753facc985aad613c884a2040210d208b1aa520e957b31ba2e1e19cd4185
0,16,1.0,G1,EXPLICIT_HEII_ATOMIC,0.0,0.0,0.0,0,0,0,36bd753facc985aad613c884a2040210d208b1aa520e957b31ba2e1e19cd4185
0,16,1.0,G2a,EFFECTIVE_HI_SUBGRID,1.2030971937756523e+50,0.0,2.9003958456649563e-166,0,0,46080,c9b29a1c6f546fb3acc901110e277c40e75197df72a54e13db48ec59bf2d118b
0,16,1.0,G2a,EXPLICIT_HI_ATOMIC,0.0,0.0,0.0,0,0,0,36bd753facc985aad613c884a2040210d208b1aa520e957b31ba2e1e19cd4185
0,16,1.0,G2a,EXPLICIT_HEI_ATOMIC,6.604875941596852e+48,0.0,1.0371263235871103e-166,0,0,46080,303f6c505f19f2914d9b8db439cec344d98bdf414c73e3fe4351a45805946c99
0,16,1.0,G2a,EXPLICIT_HEII_ATOMIC,0.0,0.0,0.0,0,0,0,36bd753facc985aad613c884a2040210d208b1aa520e957b31ba2e1e19cd4185
0,16,1.0,G2b,EFFECTIVE_HI_SUBGRID,0.0,0.0,0.0,0,0,0,36bd753facc985aad613c884a2040210d208b1aa520e957b31ba2e1e19cd4185
0,16,1.0,G2b,EXPLICIT_HI_ATOMIC,1.5023964785048858e+48,0.0,3.605452423100752e-168,0,0,46080,9a151b1333003898f093dadcf506a718977960bf858663effebe1cb4adb4a36e
0,16,1.0,G2b,EXPLICIT_HEI_ATOMIC,1.9605764812694977e+48,0.0,3.0785823929325507e-167,0,0,46080,cbcca083c59b0ed6e48da6f6b2d9edf48d52dcbf148df22b1352764785510547
0,16,1.0,G2b,EXPLICIT_HEII_ATOMIC,0.0,0.0,0.0,0,0,0,36bd753facc985aad613c884a2040210d208b1aa520e957b31ba2e1e19cd4185
0,16,1.0,G3,EFFECTIVE_HI_SUBGRID,0.0,0.0,0.0,0,0,0,36bd753facc985aad613c884a2040210d208b1aa520e957b31ba2e1e19cd4185
0,16,1.0,G3,EXPLICIT_HI_ATOMIC,0.0,0.0,0.0,0,0,46080,36bd753facc985aad613c884a2040210d208b1aa520e957b31ba2e1e19cd4185
0,16,1.0,G3,EXPLICIT_HEI_ATOMIC,0.0,0.0,0.0,0,0,46080,36bd753facc985aad613c884a2040210d208b1aa520e957b31ba2e1e19cd4185
0,16,1.0,G3,EXPLICIT_HEII_ATOMIC,0.0,0.0,0.0,0,0,46080,36bd753facc985aad613c884a2040210d208b1aa520e957b31ba2e1e19cd4185
1,0,0.0,G1,EFFECTIVE_HI_SUBGRID,3.5925250257910108e+50,0.0,8.802465716978169e-166,0,0,46080,a485b56404e31c98b995f7374b10fa777fdfff3f8931c5f6816c2e9de9e01335
1,0,0.0,G1,EXPLICIT_HI_ATOMIC,0.0,0.0,0.0,0,0,0,36bd753facc985aad613c884a2040210d208b1aa520e957b31ba2e1e19cd4185
1,0,0.0,G1,EXPLICIT_HEI_ATOMIC,0.0,0.0,0.0,0,0,0,36bd753facc985aad613c884a2040210d208b1aa520e957b31ba2e1e19cd4185
1,0,0.0,G1,EXPLICIT_HEII_ATOMIC,0.0,0.0,0.0,0,0,0,36bd753facc985aad613c884a2040210d208b1aa520e957b31ba2e1e19cd4185
1,0,0.0,G2a,EFFECTIVE_HI_SUBGRID,1.106466760357775e+50,0.0,2.6671823152971118e-166,0,0,46080,3a95a52b3217c5a87ab41bf8376687460fb11ce0c081a8581b47f6235d2b415b
1,0,0.0,G2a,EXPLICIT_HI_ATOMIC,0.0,0.0,0.0,0,0,0,36bd753facc985aad613c884a2040210d208b1aa520e957b31ba2e1e19cd4185
1,0,0.0,G2a,EXPLICIT_HEI_ATOMIC,6.316460654573094e+48,0.0,9.918380141618152e-167,0,0,46080,28d38d2a5cdc6454403d49d2543248f2533bb8117b565f0a121edff078d8ae2a
1,0,0.0,G2a,EXPLICIT_HEII_ATOMIC,0.0,0.0,0.0,0,0,0,36bd753facc985aad613c884a2040210d208b1aa520e957b31ba2e1e19cd4185
1,0,0.0,G2b,EFFECTIVE_HI_SUBGRID,0.0,0.0,0.0,0,0,0,36bd753facc985aad613c884a2040210d208b1aa520e957b31ba2e1e19cd4185
1,0,0.0,G2b,EXPLICIT_HI_ATOMIC,1.438473473784892e+48,0.0,3.4520489368198773e-168,0,0,46080,2d936dfd5cf3c30d619024d8d43110ebb8157da52bab64ad743d0c0045126f4e
1,0,0.0,G2b,EXPLICIT_HEI_ATOMIC,1.8771591267570094e+48,0.0,2.947596577207262e-167,0,0,46080,590cfb13e4cd2570504f5526e1f18fca963457df8c94f3f0dabad82c00fe1ac4
1,0,0.0,G2b,EXPLICIT_HEII_ATOMIC,0.0,0.0,0.0,0,0,0,36bd753facc985aad613c884a2040210d208b1aa520e957b31ba2e1e19cd4185
1,0,0.0,G3,EFFECTIVE_HI_SUBGRID,0.0,0.0,0.0,0,0,0,36bd753facc985aad613c884a2040210d208b1aa520e957b31ba2e1e19cd4185
1,0,0.0,G3,EXPLICIT_HI_ATOMIC,0.0,0.0,0.0,0,0,46080,36bd753facc985aad613c884a2040210d208b1aa520e957b31ba2e1e19cd4185
1,0,0.0,G3,EXPLICIT_HEI_ATOMIC,0.0,0.0,0.0,0,0,46080,36bd753facc985aad613c884a2040210d208b1aa520e957b31ba2e1e19cd4185
1,0,0.0,G3,EXPLICIT_HEII_ATOMIC,0.0,0.0,0.0,0,0,46080,36bd753facc985aad613c884a2040210d208b1aa520e957b31ba2e1e19cd4185
1,1,0.0096073597983847,G1,EFFECTIVE_HI_SUBGRID,3.5931547564964397e+50,0.0,8.798663724938274e-166,0,0,46080,776ba4cfcf18bc74e2963fe21878a84cf73bb120c313242e31975785c092c7e4
1,1,0.0096073597983847,G1,EXPLICIT_HI_ATOMIC,0.0,0.0,0.0,0,0,0,36bd753facc985aad613c884a2040210d208b1aa520e957b31ba2e1e19cd4185
1,1,0.0096073597983847,G1,EXPLICIT_HEI_ATOMIC,0.0,0.0,0.0,0,0,0,36bd753facc985aad613c884a2040210d208b1aa520e957b31ba2e1e19cd4185
1,1,0.0096073597983847,G1,EXPLICIT_HEII_ATOMIC,0.0,0.0,0.0,0,0,0,36bd753facc985aad613c884a2040210d208b1aa520e957b31ba2e1e19cd4185
1,1,0.0096073597983847,G2a,EFFECTIVE_HI_SUBGRID,1.114445788467124e+50,0.0,2.685671845842698e-166,0,0,46080,a1e3380702831f7f0b36ed3f6604adcdd45e8479d4d066967a44f9bf516ebce3
1,1,0.0096073597983847,G2a,EXPLICIT_HI_ATOMIC,0.0,0.0,0.0,0,0,0,36bd753facc985aad613c884a2040210d208b1aa520e957b31ba2e1e19cd4185
1,1,0.0096073597983847,G2a,EXPLICIT_HEI_ATOMIC,6.178936058938854e+48,0.0,9.701212589878675e-167,0,0,46080,6376e7fdf109ce9c4e6b6a99e284eb6e5d6503d2eb9e713f0bda86a16ed37be3
1,1,0.0096073597983847,G2a,EXPLICIT_HEII_ATOMIC,0.0,0.0,0.0,0,0,0,36bd753facc985aad613c884a2040210d208b1aa520e957b31ba2e1e19cd4185
1,1,0.0096073597983847,G2b,EFFECTIVE_HI_SUBGRID,0.0,0.0,0.0,0,0,0,36bd753facc985aad613c884a2040210d208b1aa520e957b31ba2e1e19cd4185
1,1,0.0096073597983847,G2b,EXPLICIT_HI_ATOMIC,1.4140623353528817e+48,0.0,3.392844859953457e-168,0,0,46080,a052a248b3a40259aa8b3a6a1013b4f0bd01eca76073df58eca0db0b3ac77b93
1,1,0.0096073597983847,G2b,EXPLICIT_HEI_ATOMIC,1.8447702534163465e+48,0.0,2.8963737829890756e-167,0,0,46080,9a6c4815bda36c86e0325afe58abad08bd99c45fd5fb130ae8225f5908a8e3bf
1,1,0.0096073597983847,G2b,EXPLICIT_HEII_ATOMIC,0.0,0.0,0.0,0,0,0,36bd753facc985aad613c884a2040210d208b1aa520e957b31ba2e1e19cd4185
1,1,0.0096073597983847,G3,EFFECTIVE_HI_SUBGRID,0.0,0.0,0.0,0,0,0,36bd753facc985aad613c884a2040210d208b1aa520e957b31ba2e1e19cd4185
1,1,0.0096073597983847,G3,EXPLICIT_HI_ATOMIC,0.0,0.0,0.0,0,0,46080,36bd753facc985aad613c884a2040210d208b1aa520e957b31ba2e1e19cd4185
1,1,0.0096073597983847,G3,EXPLICIT_HEI_ATOMIC,0.0,0.0,0.0,0,0,46080,36bd753facc985aad613c884a2040210d208b1aa520e957b31ba2e1e19cd4185
1,1,0.0096073597983847,G3,EXPLICIT_HEII_ATOMIC,0.0,0.0,0.0,0,0,46080,36bd753facc985aad613c884a2040210d208b1aa520e957b31ba2e1e19cd4185
1,2,0.0380602337443566,G1,EFFECTIVE_HI_SUBGRID,3.5942547403638884e+50,0.0,8.797022549198389e-166,0,0,46080,6dfcefe892ccfbb759a6d01573fc47b069352ffe139cc5a2bf345203d4c20299
1,2,0.0380602337443566,G1,EXPLICIT_HI_ATOMIC,0.0,0.0,0.0,0,0,0,36bd753facc985aad613c884a2040210d208b1aa520e957b31ba2e1e19cd4185
1,2,0.0380602337443566,G1,EXPLICIT_HEI_ATOMIC,0.0,0.0,0.0,0,0,0,36bd753facc985aad613c884a2040210d208b1aa520e957b31ba2e1e19cd4185
1,2,0.0380602337443566,G1,EXPLICIT_HEII_ATOMIC,0.0,0.0,0.0,0,0,0,36bd753facc985aad613c884a2040210d208b1aa520e957b31ba2e1e19cd4185
1,2,0.0380602337443566,G2a,EFFECTIVE_HI_SUBGRID,1.1378541283737968e+50,0.0,2.740636167361099e-166,0,0,46080,654fee9b072fcfe8da82515984751ac11ce27726fa69c43fd62a572b92208bbb
1,2,0.0380602337443566,G2a,EXPLICIT_HI_ATOMIC,0.0,0.0,0.0,0,0,0,36bd753facc985aad613c884a2040210d208b1aa520e957b31ba2e1e19cd4185
1,2,0.0380602337443566,G2a,EXPLICIT_HEI_ATOMIC,6.114968167627302e+48,0.0,9.597243392773032e-167,0,0,46080,a42fdaa82a7ac9a265a24c496b4df374404dec63dd06f2f307bc3feb1027fa03
1,2,0.0380602337443566,G2a,EXPLICIT_HEII_ATOMIC,0.0,0.0,0.0,0,0,0,36bd753facc985aad613c884a2040210d208b1aa520e957b31ba2e1e19cd4185
1,2,0.0380602337443566,G2b,EFFECTIVE_HI_SUBGRID,0.0,0.0,0.0,0,0,0,36bd753facc985aad613c884a2040210d208b1aa520e957b31ba2e1e19cd4185
1,2,0.0380602337443566,G2b,EXPLICIT_HI_ATOMIC,1.4351502639705725e+48,0.0,3.4415912840562683e-168,0,0,46080,48d9a4203f26759e98ccfb40d39d838351879beca192da3c9a19e3b5c20ef070
1,2,0.0380602337443566,G2b,EXPLICIT_HEI_ATOMIC,1.8511177332900707e+48,0.0,2.9052689970022266e-167,0,0,46080,8b8c4029f249d9d9074c48d4c1d85b7ae63d3aa3b744ae12536b0766ce7e365d
1,2,0.0380602337443566,G2b,EXPLICIT_HEII_ATOMIC,0.0,0.0,0.0,0,0,0,36bd753facc985aad613c884a2040210d208b1aa520e957b31ba2e1e19cd4185
1,2,0.0380602337443566,G3,EFFECTIVE_HI_SUBGRID,0.0,0.0,0.0,0,0,0,36bd753facc985aad613c884a2040210d208b1aa520e957b31ba2e1e19cd4185
1,2,0.0380602337443566,G3,EXPLICIT_HI_ATOMIC,0.0,0.0,0.0,0,0,46080,36bd753facc985aad613c884a2040210d208b1aa520e957b31ba2e1e19cd4185
1,2,0.0380602337443566,G3,EXPLICIT_HEI_ATOMIC,0.0,0.0,0.0,0,0,46080,36bd753facc985aad613c884a2040210d208b1aa520e957b31ba2e1e19cd4185
1,2,0.0380602337443566,G3,EXPLICIT_HEII_ATOMIC,0.0,0.0,0.0,0,0,46080,36bd753facc985aad613c884a2040210d208b1aa520e957b31ba2e1e19cd4185
1,3,0.0842651938487273,G1,EFFECTIVE_HI_SUBGRID,3.5932448419266314e+50,0.0,8.791303101457912e-166,0,0,46080,d0c3003106f33298372439eb64fa2963f4057d036a3230b1d197baccda6a744e
1,3,0.0842651938487273,G1,EXPLICIT_HI_ATOMIC,0.0,0.0,0.0,0,0,0,36bd753facc985aad613c884a2040210d208b1aa520e957b31ba2e1e19cd4185
1,3,0.0842651938487273,G1,EXPLICIT_HEI_ATOMIC,0.0,0.0,0.0,0,0,0,36bd753facc985aad613c884a2040210d208b1aa520e957b31ba2e1e19cd4185
1,3,0.0842651938487273,G1,EXPLICIT_HEII_ATOMIC,0.0,0.0,0.0,0,0,0,36bd753facc985aad613c884a2040210d208b1aa520e957b31ba2e1e19cd4185
1,3,0.0842651938487273,G2a,EFFECTIVE_HI_SUBGRID,1.1747434222688736e+50,0.0,2.827334723969118e-166,0,0,46080,79b026399121763000839b5401e674b523c26407329af2f062885d79095b8893
1,3,0.0842651938487273,G2a,EXPLICIT_HI_ATOMIC,0.0,0.0,0.0,0,0,0,36bd753facc985aad613c884a2040210d208b1aa520e957b31ba2e1e19cd4185
1,3,0.0842651938487273,G2a,EXPLICIT_HEI_ATOMIC,6.101694444153472e+48,0.0,9.570687085970471e-167,0,0,46080,b7bde80edf2b31f0e1918d65f3026e19c729ff973771883d21d85fe87825ace9
1,3,0.0842651938487273,G2a,EXPLICIT_HEII_ATOMIC,0.0,0.0,0.0,0,0,0,36bd753facc985aad613c884a2040210d208b1aa520e957b31ba2e1e19cd4185
1,3,0.0842651938487273,G2b,EFFECTIVE_HI_SUBGRID,0.0,0.0,0.0,0,0,0,36bd753facc985aad613c884a2040210d208b1aa520e957b31ba2e1e19cd4185
1,3,0.0842651938487273,G2b,EXPLICIT_HI_ATOMIC,1.501393037751841e+48,0.0,3.597306348491024e-168,0,0,46080,199203dcd5b2b317b099d5d306d69dd969175d0743a0345beb4e8fe35f466f5c
1,3,0.0842651938487273,G2b,EXPLICIT_HEI_ATOMIC,1.8902864955489148e+48,0.0,2.9649699304541798e-167,0,0,46080,46a9eb93118a334f587f89e9de8cf5e77e717c3b48f360c04f79763e10028706
1,3,0.0842651938487273,G2b,EXPLICIT_HEII_ATOMIC,0.0,0.0,0.0,0,0,0,36bd753facc985aad613c884a2040210d208b1aa520e957b31ba2e1e19cd4185
1,3,0.0842651938487273,G3,EFFECTIVE_HI_SUBGRID,0.0,0.0,0.0,0,0,0,36bd753facc985aad613c884a2040210d208b1aa520e957b31ba2e1e19cd4185
1,3,0.0842651938487273,G3,EXPLICIT_HI_ATOMIC,0.0,0.0,0.0,0,0,46080,36bd753facc985aad613c884a2040210d208b1aa520e957b31ba2e1e19cd4185
1,3,0.0842651938487273,G3,EXPLICIT_HEI_ATOMIC,0.0,0.0,0.0,0,0,46080,36bd753facc985aad613c884a2040210d208b1aa520e957b31ba2e1e19cd4185
1,3,0.0842651938487273,G3,EXPLICIT_HEII_ATOMIC,0.0,0.0,0.0,0,0,46080,36bd753facc985aad613c884a2040210d208b1aa520e957b31ba2e1e19cd4185
1,4,0.1464466094067262,G1,EFFECTIVE_HI_SUBGRID,3.5850892127642438e+50,0.0,8.767466675611351e-166,0,0,46080,42ce88678d529fa3601449d0a3164fc9650f587e9b0aab25b2a46cfeef2b8db4
1,4,0.1464466094067262,G1,EXPLICIT_HI_ATOMIC,0.0,0.0,0.0,0,0,0,36bd753facc985aad613c884a2040210d208b1aa520e957b31ba2e1e19cd4185
1,4,0.1464466094067262,G1,EXPLICIT_HEI_ATOMIC,0.0,0.0,0.0,0,0,0,36bd753facc985aad613c884a2040210d208b1aa520e957b31ba2e1e19cd4185
1,4,0.1464466094067262,G1,EXPLICIT_HEII_ATOMIC,0.0,0.0,0.0,0,0,0,36bd753facc985aad613c884a2040210d208b1aa520e957b31ba2e1e19cd4185
1,4,0.1464466094067262,G2a,EFFECTIVE_HI_SUBGRID,1.2209221215649242e+50,0.0,2.935499121459559e-166,0,0,46080,748c0ac8bbdd5f88846a76bb9ae8a0f1b683b7cb3a6f2ffddc4d212ab5b3e54e
1,4,0.1464466094067262,G2a,EXPLICIT_HI_ATOMIC,0.0,0.0,0.0,0,0,0,36bd753facc985aad613c884a2040210d208b1aa520e957b31ba2e1e19cd4185
1,4,0.1464466094067262,G2a,EXPLICIT_HEI_ATOMIC,6.082840107179524e+48,0.0,9.533426908942091e-167,0,0,46080,d09bbc961e45cd17b8b9f8dd037198407bd2e874cdd12658378405ecf6477765
1,4,0.1464466094067262,G2a,EXPLICIT_HEII_ATOMIC,0.0,0.0,0.0,0,0,0,36bd753facc985aad613c884a2040210d208b1aa520e957b31ba2e1e19cd4185
1,4,0.1464466094067262,G2b,EFFECTIVE_HI_SUBGRID,0.0,0.0,0.0,0,0,0,36bd753facc985aad613c884a2040210d208b1aa520e957b31ba2e1e19cd4185
1,4,0.1464466094067262,G2b,EXPLICIT_HI_ATOMIC,1.5968504327858393e+48,0.0,3.8215234582164335e-168,0,0,46080,2232bb0a7ca4af73c3f9cc539069e80e423cba7d3f151dec3de768f83a48a84c
1,4,0.1464466094067262,G2b,EXPLICIT_HEI_ATOMIC,1.9463376424145254e+48,0.0,3.0504283076882015e-167,0,0,46080,6b1738b2ad04a858c611fe6529b737afcfcbb09f50f27e430d1a39e14f9ced48
1,4,0.1464466094067262,G2b,EXPLICIT_HEII_ATOMIC,0.0,0.0,0.0,0,0,0,36bd753facc985aad613c884a2040210d208b1aa520e957b31ba2e1e19cd4185
1,4,0.1464466094067262,G3,EFFECTIVE_HI_SUBGRID,0.0,0.0,0.0,0,0,0,36bd753facc985aad613c884a2040210d208b1aa520e957b31ba2e1e19cd4185
1,4,0.1464466094067262,G3,EXPLICIT_HI_ATOMIC,0.0,0.0,0.0,0,0,46080,36bd753facc985aad613c884a2040210d208b1aa520e957b31ba2e1e19cd4185
1,4,0.1464466094067262,G3,EXPLICIT_HEI_ATOMIC,0.0,0.0,0.0,0,0,46080,36bd753facc985aad613c884a2040210d208b1aa520e957b31ba2e1e19cd4185
1,4,0.1464466094067262,G3,EXPLICIT_HEII_ATOMIC,0.0,0.0,0.0,0,0,46080,36bd753facc985aad613c884a2040210d208b1aa520e957b31ba2e1e19cd4185
1,5,0.2222148834901988,G1,EFFECTIVE_HI_SUBGRID,3.561755284586768e+50,0.0,8.706218231712844e-166,0,0,46080,5a13f0923ba98a4f046f24d0f3536821ebd068c081f7d640df18ba8c91b66742
1,5,0.2222148834901988,G1,EXPLICIT_HI_ATOMIC,0.0,0.0,0.0,0,0,0,36bd753facc985aad613c884a2040210d208b1aa520e957b31ba2e1e19cd4185
1,5,0.2222148834901988,G1,EXPLICIT_HEI_ATOMIC,0.0,0.0,0.0,0,0,0,36bd753facc985aad613c884a2040210d208b1aa520e957b31ba2e1e19cd4185
1,5,0.2222148834901988,G1,EXPLICIT_HEII_ATOMIC,0.0,0.0,0.0,0,0,0,36bd753facc985aad613c884a2040210d208b1aa520e957b31ba2e1e19cd4185
1,5,0.2222148834901988,G2a,EFFECTIVE_HI_SUBGRID,1.2688374820604302e+50,0.0,3.0469717423131486e-166,0,0,46080,b7548b97ea022248d74563557bc90ffddf497f6ccd5cb2030dd98b46ae6b601f
1,5,0.2222148834901988,G2a,EXPLICIT_HI_ATOMIC,0.0,0.0,0.0,0,0,0,36bd753facc985aad613c884a2040210d208b1aa520e957b31ba2e1e19cd4185
1,5,0.2222148834901988,G2a,EXPLICIT_HEI_ATOMIC,6.054060577645499e+48,0.0,9.478987191136635e-167,0,0,46080,71091ce2f7355cf4d6d89e2f9ef1f3821cd4deff9c64d4cd68bf92b5ef567bec
1,5,0.2222148834901988,G2a,EXPLICIT_HEII_ATOMIC,0.0,0.0,0.0,0,0,0,36bd753facc985aad613c884a2040210d208b1aa520e957b31ba2e1e19cd4185
1,5,0.2222148834901988,G2b,EFFECTIVE_HI_SUBGRID,0.0,0.0,0.0,0,0,0,36bd753facc985aad613c884a2040210d208b1aa520e957b31ba2e1e19cd4185
1,5,0.2222148834901988,G2b,EXPLICIT_HI_ATOMIC,1.7214484745896397e+48,0.0,4.113794831302965e-168,0,0,46080,98b6f4b1a7307c20abc3761584dacc106d7a6e1c5881e3019a7002c989d716b8
1,5,0.2222148834901988,G2b,EXPLICIT_HEI_ATOMIC,2.0183849564054384e+48,0.0,3.1602335165253335e-167,0,0,46080,7156d11ec5fb4ca44088c8590e1b4017a168f5254cf8867f6d885e5bd18df9ee
1,5,0.2222148834901988,G2b,EXPLICIT_HEII_ATOMIC,0.0,0.0,0.0,0,0,0,36bd753facc985aad613c884a2040210d208b1aa520e957b31ba2e1e19cd4185
1,5,0.2222148834901988,G3,EFFECTIVE_HI_SUBGRID,0.0,0.0,0.0,0,0,0,36bd753facc985aad613c884a2040210d208b1aa520e957b31ba2e1e19cd4185
1,5,0.2222148834901988,G3,EXPLICIT_HI_ATOMIC,0.0,0.0,0.0,0,0,46080,36bd753facc985aad613c884a2040210d208b1aa520e957b31ba2e1e19cd4185
1,5,0.2222148834901988,G3,EXPLICIT_HEI_ATOMIC,0.0,0.0,0.0,0,0,46080,36bd753facc985aad613c884a2040210d208b1aa520e957b31ba2e1e19cd4185
1,5,0.2222148834901988,G3,EXPLICIT_HEII_ATOMIC,0.0,0.0,0.0,0,0,46080,36bd753facc985aad613c884a2040210d208b1aa520e957b31ba2e1e19cd4185
1,6,0.3086582838174551,G1,EFFECTIVE_HI_SUBGRID,3.520995022617415e+50,0.0,8.602478761020099e-166,0,0,46080,9f961a7da7c1bafa9522adea42678625696479b5f462905fa2333ad4a6f86d41
1,6,0.3086582838174551,G1,EXPLICIT_HI_ATOMIC,0.0,0.0,0.0,0,0,0,36bd753facc985aad613c884a2040210d208b1aa520e957b31ba2e1e19cd4185
1,6,0.3086582838174551,G1,EXPLICIT_HEI_ATOMIC,0.0,0.0,0.0,0,0,0,36bd753facc985aad613c884a2040210d208b1aa520e957b31ba2e1e19cd4185
1,6,0.3086582838174551,G1,EXPLICIT_HEII_ATOMIC,0.0,0.0,0.0,0,0,0,36bd753facc985aad613c884a2040210d208b1aa520e957b31ba2e1e19cd4185
1,6,0.3086582838174551,G2a,EFFECTIVE_HI_SUBGRID,1.3136251840551156e+50,0.0,3.150164061535742e-166,0,0,46080,09eae19f87acfd60fdbb045ead7e3356b47a99851caab7368907a4dc0f482ac9
1,6,0.3086582838174551,G2a,EXPLICIT_HI_ATOMIC,0.0,0.0,0.0,0,0,0,36bd753facc985aad613c884a2040210d208b1aa520e957b31ba2e1e19cd4185
1,6,0.3086582838174551,G2a,EXPLICIT_HEI_ATOMIC,6.014565852222339e+48,0.0,9.406551637119994e-167,0,0,46080,e8da6b6e1f45a1ec8b74059f3744497191a37dfc2f251746c5ecd2157c5c55cc
1,6,0.3086582838174551,G2a,EXPLICIT_HEII_ATOMIC,0.0,0.0,0.0,0,0,0,36bd753facc985aad613c884a2040210d208b1aa520e957b31ba2e1e19cd4185
1,6,0.3086582838174551,G2b,EFFECTIVE_HI_SUBGRID,0.0,0.0,0.0,0,0,0,36bd753facc985aad613c884a2040210d208b1aa520e957b31ba2e1e19cd4185
1,6,0.3086582838174551,G2b,EXPLICIT_HI_ATOMIC,1.874577777614388e+48,0.0,4.472379581394199e-168,0,0,46080,5cedc74d210385b2d7e12e0f6d3e848eee11dd4bae3d566f2ec29090f10c8793
1,6,0.3086582838174551,G2b,EXPLICIT_HEI_ATOMIC,2.1050031352390866e+48,0.0,3.292144632618775e-167,0,0,46080,c69ce451afc0e7f83cfbb4091190fc0b03182ae3d1b96554c3c985d4afbcbbe1
1,6,0.3086582838174551,G2b,EXPLICIT_HEII_ATOMIC,0.0,0.0,0.0,0,0,0,36bd753facc985aad613c884a2040210d208b1aa520e957b31ba2e1e19cd4185
1,6,0.3086582838174551,G3,EFFECTIVE_HI_SUBGRID,0.0,0.0,0.0,0,0,0,36bd753facc985aad613c884a2040210d208b1aa520e957b31ba2e1e19cd4185
1,6,0.3086582838174551,G3,EXPLICIT_HI_ATOMIC,0.0,0.0,0.0,0,0,46080,36bd753facc985aad613c884a2040210d208b1aa520e957b31ba2e1e19cd4185
1,6,0.3086582838174551,G3,EXPLICIT_HEI_ATOMIC,0.0,0.0,0.0,0,0,46080,36bd753facc985aad613c884a2040210d208b1aa520e957b31ba2e1e19cd4185
1,6,0.3086582838174551,G3,EXPLICIT_HEII_ATOMIC,0.0,0.0,0.0,0,0,46080,36bd753facc985aad613c884a2040210d208b1aa520e957b31ba2e1e19cd4185
1,7,0.4024548389919358,G1,EFFECTIVE_HI_SUBGRID,3.4695377604078613e+50,0.0,8.47304185121833e-166,0,0,46080,66f32d725c29e981e67dea4544d36bc806493046ceb4a2241be380ce1455eae6
1,7,0.4024548389919358,G1,EXPLICIT_HI_ATOMIC,0.0,0.0,0.0,0,0,0,36bd753facc985aad613c884a2040210d208b1aa520e957b31ba2e1e19cd4185
1,7,0.4024548389919358,G1,EXPLICIT_HEI_ATOMIC,0.0,0.0,0.0,0,0,0,36bd753facc985aad613c884a2040210d208b1aa520e957b31ba2e1e19cd4185
1,7,0.4024548389919358,G1,EXPLICIT_HEII_ATOMIC,0.0,0.0,0.0,0,0,0,36bd753facc985aad613c884a2040210d208b1aa520e957b31ba2e1e19cd4185
1,7,0.4024548389919358,G2a,EFFECTIVE_HI_SUBGRID,1.3563543638073191e+50,0.0,3.2478011643285043e-166,0,0,46080,78353263451e757eab3b4e39056d6589e78b26ca979743c5413595e3918e890d
1,7,0.4024548389919358,G2a,EXPLICIT_HI_ATOMIC,0.0,0.0,0.0,0,0,0,36bd753facc985aad613c884a2040210d208b1aa520e957b31ba2e1e19cd4185
1,7,0.4024548389919358,G2a,EXPLICIT_HEI_ATOMIC,5.965084671091689e+48,0.0,9.31773906009263e-167,0,0,46080,a2956a72c72b28d111c605bf521339605e92c6c22ec531bbc11558b4dffbc11f
1,7,0.4024548389919358,G2a,EXPLICIT_HEII_ATOMIC,0.0,0.0,0.0,0,0,0,36bd753facc985aad613c884a2040210d208b1aa520e957b31ba2e1e19cd4185
1,7,0.4024548389919358,G2b,EFFECTIVE_HI_SUBGRID,0.0,0.0,0.0,0,0,0,36bd753facc985aad613c884a2040210d208b1aa520e957b31ba2e1e19cd4185
1,7,0.4024548389919358,G2b,EXPLICIT_HI_ATOMIC,2.0540717691795042e+48,0.0,4.891864982685222e-168,0,0,46080,6890236e25a8e7d31070dd7d0f8936d4e8735a42119cf0b7030c4f23cc3cd5a5
1,7,0.4024548389919358,G2b,EXPLICIT_HEI_ATOMIC,2.203976543803047e+48,0.0,3.442713634769451e-167,0,0,46080,65177b3a9af196ac279717bf0655e7e6901344c4f50ad23ed01518d49a1269db
1,7,0.4024548389919358,G2b,EXPLICIT_HEII_ATOMIC,0.0,0.0,0.0,0,0,0,36bd753facc985aad613c884a2040210d208b1aa520e957b31ba2e1e19cd4185
1,7,0.4024548389919358,G3,EFFECTIVE_HI_SUBGRID,0.0,0.0,0.0,0,0,0,36bd753facc985aad613c884a2040210d208b1aa520e957b31ba2e1e19cd4185
1,7,0.4024548389919358,G3,EXPLICIT_HI_ATOMIC,0.0,0.0,0.0,0,0,46080,36bd753facc985aad613c884a2040210d208b1aa520e957b31ba2e1e19cd4185
1,7,0.4024548389919358,G3,EXPLICIT_HEI_ATOMIC,0.0,0.0,0.0,0,0,46080,36bd753facc985aad613c884a2040210d208b1aa520e957b31ba2e1e19cd4185
1,7,0.4024548389919358,G3,EXPLICIT_HEII_ATOMIC,0.0,0.0,0.0,0,0,46080,36bd753facc985aad613c884a2040210d208b1aa520e957b31ba2e1e19cd4185
1,8,0.4999999999999999,G1,EFFECTIVE_HI_SUBGRID,3.409675739017602e+50,0.0,8.323739551249976e-166,0,0,46080,760a08ca17ba40848e0cf50db741181b7cbdea3ff1680ec9e1df742f9431e1d1
1,8,0.4999999999999999,G1,EXPLICIT_HI_ATOMIC,0.0,0.0,0.0,0,0,0,36bd753facc985aad613c884a2040210d208b1aa520e957b31ba2e1e19cd4185
1,8,0.4999999999999999,G1,EXPLICIT_HEI_ATOMIC,0.0,0.0,0.0,0,0,0,36bd753facc985aad613c884a2040210d208b1aa520e957b31ba2e1e19cd4185
1,8,0.4999999999999999,G1,EXPLICIT_HEII_ATOMIC,0.0,0.0,0.0,0,0,0,36bd753facc985aad613c884a2040210d208b1aa520e957b31ba2e1e19cd4185
1,8,0.4999999999999999,G2a,EFFECTIVE_HI_SUBGRID,1.3940263256738355e+50,0.0,3.3329025433496274e-166,0,0,46080,65b1745e1bad1415591bf70723368c1aa1ba7c74f684f5e978f8b96881660ca6
1,8,0.4999999999999999,G2a,EXPLICIT_HI_ATOMIC,0.0,0.0,0.0,0,0,0,36bd753facc985aad613c884a2040210d208b1aa520e957b31ba2e1e19cd4185
1,8,0.4999999999999999,G2a,EXPLICIT_HEI_ATOMIC,5.90638812819793e+48,0.0,9.214263139900026e-167,0,0,46080,5a7b4c9aca543fd27019513a04fcf69a0327c519d23b6ff9e89dda869abccc23
1,8,0.4999999999999999,G2a,EXPLICIT_HEII_ATOMIC,0.0,0.0,0.0,0,0,0,36bd753facc985aad613c884a2040210d208b1aa520e957b31ba2e1e19cd4185
1,8,0.4999999999999999,G2b,EFFECTIVE_HI_SUBGRID,0.0,0.0,0.0,0,0,0,36bd753facc985aad613c884a2040210d208b1aa520e957b31ba2e1e19cd4185
1,8,0.4999999999999999,G2b,EXPLICIT_HI_ATOMIC,2.2556826224268866e+48,0.0,5.362001903006087e-168,0,0,46080,3bbee6539142fcb2c132b8981a90a270f7c33efc1ed30dd8c4cc61cf4906cde3
1,8,0.4999999999999999,G2b,EXPLICIT_HEI_ATOMIC,2.3122365600669707e+48,0.0,3.607205561794794e-167,0,0,46080,6d911d020b9d3358bbb20e368a6fe26803cb673042fb8f0861435e6f26ffc7c0
1,8,0.4999999999999999,G2b,EXPLICIT_HEII_ATOMIC,0.0,0.0,0.0,0,0,0,36bd753facc985aad613c884a2040210d208b1aa520e957b31ba2e1e19cd4185
1,8,0.4999999999999999,G3,EFFECTIVE_HI_SUBGRID,0.0,0.0,0.0,0,0,0,36bd753facc985aad613c884a2040210d208b1aa520e957b31ba2e1e19cd4185
1,8,0.4999999999999999,G3,EXPLICIT_HI_ATOMIC,0.0,0.0,0.0,0,0,46080,36bd753facc985aad613c884a2040210d208b1aa520e957b31ba2e1e19cd4185
1,8,0.4999999999999999,G3,EXPLICIT_HEI_ATOMIC,0.0,0.0,0.0,0,0,46080,36bd753facc985aad613c884a2040210d208b1aa520e957b31ba2e1e19cd4185
1,8,0.4999999999999999,G3,EXPLICIT_HEII_ATOMIC,0.0,0.0,0.0,0,0,46080,36bd753facc985aad613c884a2040210d208b1aa520e957b31ba2e1e19cd4185
1,9,0.5975451610080641,G1,EFFECTIVE_HI_SUBGRID,3.345308388185139e+50,0.0,8.164171966743499e-166,0,0,46080,9ee3636580de4be4817c8ab138f1a638c9afb4e9b56999c66d83d7a5ee01a12b
1,9,0.5975451610080641,G1,EXPLICIT_HI_ATOMIC,0.0,0.0,0.0,0,0,0,36bd753facc985aad613c884a2040210d208b1aa520e957b31ba2e1e19cd4185
1,9,0.5975451610080641,G1,EXPLICIT_HEI_ATOMIC,0.0,0.0,0.0,0,0,0,36bd753facc985aad613c884a2040210d208b1aa520e957b31ba2e1e19cd4185
1,9,0.5975451610080641,G1,EXPLICIT_HEII_ATOMIC,0.0,0.0,0.0,0,0,0,36bd753facc985aad613c884a2040210d208b1aa520e957b31ba2e1e19cd4185
1,9,0.5975451610080641,G2a,EFFECTIVE_HI_SUBGRID,1.4247934417145282e+50,0.0,3.401300107982993e-166,0,0,46080,e6bf294b8e37d1a34afd3ee0941d48da46412db7c3264e788787d14f59c615a0
1,9,0.5975451610080641,G2a,EXPLICIT_HI_ATOMIC,0.0,0.0,0.0,0,0,0,36bd753facc985aad613c884a2040210d208b1aa520e957b31ba2e1e19cd4185
1,9,0.5975451610080641,G2a,EXPLICIT_HEI_ATOMIC,5.840511841791621e+48,0.0,9.099811034386572e-167,0,0,46080,572408b8133bca481bdea70a4197ef2d0e6ce5c334fc815ea50ab1a02f9ee23c
1,9,0.5975451610080641,G2a,EXPLICIT_HEII_ATOMIC,0.0,0.0,0.0,0,0,0,36bd753facc985aad613c884a2040210d208b1aa520e957b31ba2e1e19cd4185
1,9,0.5975451610080641,G2b,EFFECTIVE_HI_SUBGRID,0.0,0.0,0.0,0,0,0,36bd753facc985aad613c884a2040210d208b1aa520e957b31ba2e1e19cd4185
1,9,0.5975451610080641,G2b,EXPLICIT_HI_ATOMIC,2.4724332981612986e+48,0.0,5.866257070483306e-168,0,0,46080,cd3b6f69eab226a12871fe7aabbe9d5e0b8ad6f01a04401e119b7ff51470f6cd
1,9,0.5975451610080641,G2b,EXPLICIT_HEI_ATOMIC,2.425632288500359e+48,0.0,3.77925703468635e-167,0,0,46080,5b8352aecf5b301ef2fd7634797f034a5212f891ce8674b789d9bbdd55e80bd4
1,9,0.5975451610080641,G2b,EXPLICIT_HEII_ATOMIC,0.0,0.0,0.0,0,0,0,36bd753facc985aad613c884a2040210d208b1aa520e957b31ba2e1e19cd4185
1,9,0.5975451610080641,G3,EFFECTIVE_HI_SUBGRID,0.0,0.0,0.0,0,0,0,36bd753facc985aad613c884a2040210d208b1aa520e957b31ba2e1e19cd4185
1,9,0.5975451610080641,G3,EXPLICIT_HI_ATOMIC,0.0,0.0,0.0,0,0,46080,36bd753facc985aad613c884a2040210d208b1aa520e957b31ba2e1e19cd4185
1,9,0.5975451610080641,G3,EXPLICIT_HEI_ATOMIC,0.0,0.0,0.0,0,0,46080,36bd753facc985aad613c884a2040210d208b1aa520e957b31ba2e1e19cd4185
1,9,0.5975451610080641,G3,EXPLICIT_HEII_ATOMIC,0.0,0.0,0.0,0,0,46080,36bd753facc985aad613c884a2040210d208b1aa520e957b31ba2e1e19cd4185
1,10,0.6913417161825448,G1,EFFECTIVE_HI_SUBGRID,3.2811160992706155e+50,0.0,8.005710305937922e-166,0,0,46080,bcc96b8b839abc6cb16ebbe069ece0f77e7e202351ee20d33e8c8a6e6d04e885
1,10,0.6913417161825448,G1,EXPLICIT_HI_ATOMIC,0.0,0.0,0.0,0,0,0,36bd753facc985aad613c884a2040210d208b1aa520e957b31ba2e1e19cd4185
1,10,0.6913417161825448,G1,EXPLICIT_HEI_ATOMIC,0.0,0.0,0.0,0,0,0,36bd753facc985aad613c884a2040210d208b1aa520e957b31ba2e1e19cd4185
1,10,0.6913417161825448,G1,EXPLICIT_HEII_ATOMIC,0.0,0.0,0.0,0,0,0,36bd753facc985aad613c884a2040210d208b1aa520e957b31ba2e1e19cd4185
1,10,0.6913417161825448,G2a,EFFECTIVE_HI_SUBGRID,1.4481345893068216e+50,0.0,3.45202136096964e-166,0,0,46080,2b8f3cec9446f08b0d389ab36d66c4a1d0ca65054bd6069135ccd541ecc360cf
1,10,0.6913417161825448,G2a,EXPLICIT_HI_ATOMIC,0.0,0.0,0.0,0,0,0,36bd753facc985aad613c884a2040210d208b1aa520e957b31ba2e1e19cd4185
1,10,0.6913417161825448,G2a,EXPLICIT_HEI_ATOMIC,5.7706905714097066e+48,0.0,8.97990472816764e-167,0,0,46080,f49897e118e11b43cde6d3d01dcf434110d18abaeabc83c57e0f9a99de2defcd
1,10,0.6913417161825448,G2a,EXPLICIT_HEII_ATOMIC,0.0,0.0,0.0,0,0,0,36bd753facc985aad613c884a2040210d208b1aa520e957b31ba2e1e19cd4185
1,10,0.6913417161825448,G2b,EFFECTIVE_HI_SUBGRID,0.0,0.0,0.0,0,0,0,36bd753facc985aad613c884a2040210d208b1aa520e957b31ba2e1e19cd4185
1,10,0.6913417161825448,G2b,EXPLICIT_HI_ATOMIC,2.694713829185361e+48,0.0,6.382127095095547e-168,0,0,46080,7fd518f5bde1c7480451fd7aa72c2c040077de823b72e42e366c77bbf0822fb4
1,10,0.6913417161825448,G2b,EXPLICIT_HEI_ATOMIC,2.5391338934128687e+48,0.0,3.951204829431514e-167,0,0,46080,491de3c47132bfe01b49cda73194c4137fdc8cd80c1ec8de9923546e5888fa0c
1,10,0.6913417161825448,G2b,EXPLICIT_HEII_ATOMIC,0.0,0.0,0.0,0,0,0,36bd753facc985aad613c884a2040210d208b1aa520e957b31ba2e1e19cd4185
1,10,0.6913417161825448,G3,EFFECTIVE_HI_SUBGRID,0.0,0.0,0.0,0,0,0,36bd753facc985aad613c884a2040210d208b1aa520e957b31ba2e1e19cd4185
1,10,0.6913417161825448,G3,EXPLICIT_HI_ATOMIC,0.0,0.0,0.0,0,0,46080,36bd753facc985aad613c884a2040210d208b1aa520e957b31ba2e1e19cd4185
1,10,0.6913417161825448,G3,EXPLICIT_HEI_ATOMIC,0.0,0.0,0.0,0,0,46080,36bd753facc985aad613c884a2040210d208b1aa520e957b31ba2e1e19cd4185
1,10,0.6913417161825448,G3,EXPLICIT_HEII_ATOMIC,0.0,0.0,0.0,0,0,46080,36bd753facc985aad613c884a2040210d208b1aa520e957b31ba2e1e19cd4185
1,11,0.777785116509801,G1,EFFECTIVE_HI_SUBGRID,3.2215319941698e+50,0.0,7.85904315629261e-166,0,0,46080,626a5f55dfd0d4da49ed86d19b94f73cde1c35fd6ac3d8d0a92adaffe9c3c9ae
1,11,0.777785116509801,G1,EXPLICIT_HI_ATOMIC,0.0,0.0,0.0,0,0,0,36bd753facc985aad613c884a2040210d208b1aa520e957b31ba2e1e19cd4185
1,11,0.777785116509801,G1,EXPLICIT_HEI_ATOMIC,0.0,0.0,0.0,0,0,0,36bd753facc985aad613c884a2040210d208b1aa520e957b31ba2e1e19cd4185
1,11,0.777785116509801,G1,EXPLICIT_HEII_ATOMIC,0.0,0.0,0.0,0,0,0,36bd753facc985aad613c884a2040210d208b1aa520e957b31ba2e1e19cd4185
1,11,0.777785116509801,G2a,EFFECTIVE_HI_SUBGRID,1.4646224823670947e+50,0.0,3.486697481163995e-166,0,0,46080,d9c5a2d608da3dc80ee784780e82247b4bc91b13018b5d78cd0ac5c2a27ea18e
1,11,0.777785116509801,G2a,EXPLICIT_HI_ATOMIC,0.0,0.0,0.0,0,0,0,36bd753facc985aad613c884a2040210d208b1aa520e957b31ba2e1e19cd4185
1,11,0.777785116509801,G2a,EXPLICIT_HEI_ATOMIC,5.7010457387157254e+48,0.0,8.861383422069817e-167,0,0,46080,3a702ad85c2ccb5512a6026c97ec3687faae3a7a20df57d8f31e33f2fb45d70a
1,11,0.777785116509801,G2a,EXPLICIT_HEII_ATOMIC,0.0,0.0,0.0,0,0,0,36bd753facc985aad613c884a2040210d208b1aa520e957b31ba2e1e19cd4185
1,11,0.777785116509801,G2b,EFFECTIVE_HI_SUBGRID,0.0,0.0,0.0,0,0,0,36bd753facc985aad613c884a2040210d208b1aa520e957b31ba2e1e19cd4185
1,11,0.777785116509801,G2b,EXPLICIT_HI_ATOMIC,2.910995499491409e+48,0.0,6.882875111233379e-168,0,0,46080,95adca463fd9bb3dd5acdb97efa3fa4c0cfa9e50666384df88647f7af45686ec
1,11,0.777785116509801,G2b,EXPLICIT_HEI_ATOMIC,2.64723234103097e+48,0.0,4.114708398474158e-167,0,0,46080,8d5705257c835e29e2a898867a6d5d3b46a6434ceac30bbea5ae3a485ee75060
1,11,0.777785116509801,G2b,EXPLICIT_HEII_ATOMIC,0.0,0.0,0.0,0,0,0,36bd753facc985aad613c884a2040210d208b1aa520e957b31ba2e1e19cd4185
1,11,0.777785116509801,G3,EFFECTIVE_HI_SUBGRID,0.0,0.0,0.0,0,0,0,36bd753facc985aad613c884a2040210d208b1aa520e957b31ba2e1e19cd4185
1,11,0.777785116509801,G3,EXPLICIT_HI_ATOMIC,0.0,0.0,0.0,0,0,46080,36bd753facc985aad613c884a2040210d208b1aa520e957b31ba2e1e19cd4185
1,11,0.777785116509801,G3,EXPLICIT_HEI_ATOMIC,0.0,0.0,0.0,0,0,46080,36bd753facc985aad613c884a2040210d208b1aa520e957b31ba2e1e19cd4185
1,11,0.777785116509801,G3,EXPLICIT_HEII_ATOMIC,0.0,0.0,0.0,0,0,46080,36bd753facc985aad613c884a2040210d208b1aa520e957b31ba2e1e19cd4185
1,12,0.8535533905932737,G1,EFFECTIVE_HI_SUBGRID,3.1700002703403915e+50,0.0,7.73242857793922e-166,0,0,46080,790a254e2d059a39bdd56ee42c79f3345acde91dbe3e6d71c3c8d966db6183e3
1,12,0.8535533905932737,G1,EXPLICIT_HI_ATOMIC,0.0,0.0,0.0,0,0,0,36bd753facc985aad613c884a2040210d208b1aa520e957b31ba2e1e19cd4185
1,12,0.8535533905932737,G1,EXPLICIT_HEI_ATOMIC,0.0,0.0,0.0,0,0,0,36bd753facc985aad613c884a2040210d208b1aa520e957b31ba2e1e19cd4185
1,12,0.8535533905932737,G1,EXPLICIT_HEII_ATOMIC,0.0,0.0,0.0,0,0,0,36bd753facc985aad613c884a2040210d208b1aa520e957b31ba2e1e19cd4185
1,12,0.8535533905932737,G2a,EFFECTIVE_HI_SUBGRID,1.4754774549580255e+50,0.0,3.508472996516078e-166,0,0,46080,cbb4f5e1794c7d30b1a55ae2824f42ae854d04198eb9208cba1496339ac75b31
1,12,0.8535533905932737,G2a,EXPLICIT_HI_ATOMIC,0.0,0.0,0.0,0,0,0,36bd753facc985aad613c884a2040210d208b1aa520e957b31ba2e1e19cd4185
1,12,0.8535533905932737,G2a,EXPLICIT_HEI_ATOMIC,5.6361071162073684e+48,0.0,8.751639817256571e-167,0,0,46080,d5bdcbafee0033aabe757a80a4a352b5a0175f928ea11971ea60a4fc00df0079
1,12,0.8535533905932737,G2a,EXPLICIT_HEII_ATOMIC,0.0,0.0,0.0,0,0,0,36bd753facc985aad613c884a2040210d208b1aa520e957b31ba2e1e19cd4185
1,12,0.8535533905932737,G2b,EFFECTIVE_HI_SUBGRID,0.0,0.0,0.0,0,0,0,36bd753facc985aad613c884a2040210d208b1aa520e957b31ba2e1e19cd4185
1,12,0.8535533905932737,G2b,EXPLICIT_HI_ATOMIC,3.108988831004666e+48,0.0,7.340249191064466e-168,0,0,46080,f24451d485d3d5bb53c7ea03ee086127c3e1cd2c8bcb6a66541d989fec8eb8f6
1,12,0.8535533905932737,G2b,EXPLICIT_HEI_ATOMIC,2.7444301080468248e+48,0.0,4.261498817187605e-167,0,0,46080,d362aa110114a28052f28f1e36dc1297312b02aa39e5604f7355bfc879af0006
1,12,0.8535533905932737,G2b,EXPLICIT_HEII_ATOMIC,0.0,0.0,0.0,0,0,0,36bd753facc985aad613c884a2040210d208b1aa520e957b31ba2e1e19cd4185
1,12,0.8535533905932737,G3,EFFECTIVE_HI_SUBGRID,0.0,0.0,0.0,0,0,0,36bd753facc985aad613c884a2040210d208b1aa520e957b31ba2e1e19cd4185
1,12,0.8535533905932737,G3,EXPLICIT_HI_ATOMIC,0.0,0.0,0.0,0,0,46080,36bd753facc985aad613c884a2040210d208b1aa520e957b31ba2e1e19cd4185
1,12,0.8535533905932737,G3,EXPLICIT_HEI_ATOMIC,0.0,0.0,0.0,0,0,46080,36bd753facc985aad613c884a2040210d208b1aa520e957b31ba2e1e19cd4185
1,12,0.8535533905932737,G3,EXPLICIT_HEII_ATOMIC,0.0,0.0,0.0,0,0,46080,36bd753facc985aad613c884a2040210d208b1aa520e957b31ba2e1e19cd4185
1,13,0.9157348061512728,G1,EFFECTIVE_HI_SUBGRID,3.1287334569524827e+50,0.0,7.631144930687644e-166,0,0,46080,7c08cd53216b7e9ecc914f81926719dbe9c81bf2244c3db70abf142b3e16ea63
1,13,0.9157348061512728,G1,EXPLICIT_HI_ATOMIC,0.0,0.0,0.0,0,0,0,36bd753facc985aad613c884a2040210d208b1aa520e957b31ba2e1e19cd4185
1,13,0.9157348061512728,G1,EXPLICIT_HEI_ATOMIC,0.0,0.0,0.0,0,0,0,36bd753facc985aad613c884a2040210d208b1aa520e957b31ba2e1e19cd4185
1,13,0.9157348061512728,G1,EXPLICIT_HEII_ATOMIC,0.0,0.0,0.0,0,0,0,36bd753facc985aad613c884a2040210d208b1aa520e957b31ba2e1e19cd4185
1,13,0.9157348061512728,G2a,EFFECTIVE_HI_SUBGRID,1.4821217582597263e+50,0.0,3.520930456231005e-166,0,0,46080,cb3fc68817aa98d00294987436b0ec3864ec102156c86ef5f66f35cd33371f76
1,13,0.9157348061512728,G2a,EXPLICIT_HI_ATOMIC,0.0,0.0,0.0,0,0,0,36bd753facc985aad613c884a2040210d208b1aa520e957b31ba2e1e19cd4185
1,13,0.9157348061512728,G2a,EXPLICIT_HEI_ATOMIC,5.580291505462203e+48,0.0,8.657803746256501e-167,0,0,46080,662d2055b18ed43121987fa5f6e77bec0f145fedb4701f046c977df2bfa39b83
1,13,0.9157348061512728,G2a,EXPLICIT_HEII_ATOMIC,0.0,0.0,0.0,0,0,0,36bd753facc985aad613c884a2040210d208b1aa520e957b31ba2e1e19cd4185
1,13,0.9157348061512728,G2b,EFFECTIVE_HI_SUBGRID,0.0,0.0,0.0,0,0,0,36bd753facc985aad613c884a2040210d208b1aa520e957b31ba2e1e19cd4185
1,13,0.9157348061512728,G2b,EXPLICIT_HI_ATOMIC,3.2769241911072415e+48,0.0,7.727415678737082e-168,0,0,46080,cfbc119b62561011966c8d9166eaa7b488a233b42aebbbf3879b6f76e412b536
1,13,0.9157348061512728,G2b,EXPLICIT_HEI_ATOMIC,2.8257069636144865e+48,0.0,4.3840749737639815e-167,0,0,46080,3e4cda361614941b8ddad0abc6aaf7aba8f4e70f16ebe0fa86f129739a3bb373
1,13,0.9157348061512728,G2b,EXPLICIT_HEII_ATOMIC,0.0,0.0,0.0,0,0,0,36bd753facc985aad613c884a2040210d208b1aa520e957b31ba2e1e19cd4185
1,13,0.9157348061512728,G3,EFFECTIVE_HI_SUBGRID,0.0,0.0,0.0,0,0,0,36bd753facc985aad613c884a2040210d208b1aa520e957b31ba2e1e19cd4185
1,13,0.9157348061512728,G3,EXPLICIT_HI_ATOMIC,0.0,0.0,0.0,0,0,46080,36bd753facc985aad613c884a2040210d208b1aa520e957b31ba2e1e19cd4185
1,13,0.9157348061512728,G3,EXPLICIT_HEI_ATOMIC,0.0,0.0,0.0,0,0,46080,36bd753facc985aad613c884a2040210d208b1aa520e957b31ba2e1e19cd4185
1,13,0.9157348061512728,G3,EXPLICIT_HEII_ATOMIC,0.0,0.0,0.0,0,0,46080,36bd753facc985aad613c884a2040210d208b1aa520e957b31ba2e1e19cd4185
1,14,0.9619397662556434,G1,EFFECTIVE_HI_SUBGRID,3.098883683250865e+50,0.0,7.557925024988446e-166,0,0,46080,59b866188a083f4c9c22dbd0746756e22338f26431fe32eba3293e298d2315bb
1,14,0.9619397662556434,G1,EXPLICIT_HI_ATOMIC,0.0,0.0,0.0,0,0,0,36bd753facc985aad613c884a2040210d208b1aa520e957b31ba2e1e19cd4185
1,14,0.9619397662556434,G1,EXPLICIT_HEI_ATOMIC,0.0,0.0,0.0,0,0,0,36bd753facc985aad613c884a2040210d208b1aa520e957b31ba2e1e19cd4185
1,14,0.9619397662556434,G1,EXPLICIT_HEII_ATOMIC,0.0,0.0,0.0,0,0,0,36bd753facc985aad613c884a2040210d208b1aa520e957b31ba2e1e19cd4185
1,14,0.9619397662556434,G2a,EFFECTIVE_HI_SUBGRID,1.4858578792582512e+50,0.0,3.527320689292359e-166,0,0,46080,835fd2d6317dd51f36693c813ed16621eae71cd15dda8db2811310cbd548f0af
1,14,0.9619397662556434,G2a,EXPLICIT_HI_ATOMIC,0.0,0.0,0.0,0,0,0,36bd753facc985aad613c884a2040210d208b1aa520e957b31ba2e1e19cd4185
1,14,0.9619397662556434,G2a,EXPLICIT_HEI_ATOMIC,5.537446050910244e+48,0.0,8.586038474168171e-167,0,0,46080,3513895e5f11e0acce612b63e9ec1563371c3d8f92dc0421d7116a1937d8584f
1,14,0.9619397662556434,G2a,EXPLICIT_HEII_ATOMIC,0.0,0.0,0.0,0,0,0,36bd753facc985aad613c884a2040210d208b1aa520e957b31ba2e1e19cd4185
1,14,0.9619397662556434,G2b,EFFECTIVE_HI_SUBGRID,0.0,0.0,0.0,0,0,0,36bd753facc985aad613c884a2040210d208b1aa520e957b31ba2e1e19cd4185
1,14,0.9619397662556434,G2b,EXPLICIT_HI_ATOMIC,3.4046640403007895e+48,0.0,8.021438030964835e-168,0,0,46080,29486c9e0542c1e9812c76ee7494ddc053c49b7c233efe95cfa4bba282f26d0a
1,14,0.9619397662556434,G2b,EXPLICIT_HEI_ATOMIC,2.8868829462963788e+48,0.0,4.476231067433373e-167,0,0,46080,8129556fc1df78f3f6f20d5d860eeeca87f94407e8bb019d45770074eb75c3d2
1,14,0.9619397662556434,G2b,EXPLICIT_HEII_ATOMIC,0.0,0.0,0.0,0,0,0,36bd753facc985aad613c884a2040210d208b1aa520e957b31ba2e1e19cd4185
1,14,0.9619397662556434,G3,EFFECTIVE_HI_SUBGRID,0.0,0.0,0.0,0,0,0,36bd753facc985aad613c884a2040210d208b1aa520e957b31ba2e1e19cd4185
1,14,0.9619397662556434,G3,EXPLICIT_HI_ATOMIC,0.0,0.0,0.0,0,0,46080,36bd753facc985aad613c884a2040210d208b1aa520e957b31ba2e1e19cd4185
1,14,0.9619397662556434,G3,EXPLICIT_HEI_ATOMIC,0.0,0.0,0.0,0,0,46080,36bd753facc985aad613c884a2040210d208b1aa520e957b31ba2e1e19cd4185
1,14,0.9619397662556434,G3,EXPLICIT_HEII_ATOMIC,0.0,0.0,0.0,0,0,46080,36bd753facc985aad613c884a2040210d208b1aa520e957b31ba2e1e19cd4185
1,15,0.9903926402016152,G1,EFFECTIVE_HI_SUBGRID,3.080904849013212e+50,0.0,7.513835489385145e-166,0,0,46080,a6f33ca66f67305829ce0fb1a1305adc2e9377eb2b4f4ffe5847e18644d5b695
1,15,0.9903926402016152,G1,EXPLICIT_HI_ATOMIC,0.0,0.0,0.0,0,0,0,36bd753facc985aad613c884a2040210d208b1aa520e957b31ba2e1e19cd4185
1,15,0.9903926402016152,G1,EXPLICIT_HEI_ATOMIC,0.0,0.0,0.0,0,0,0,36bd753facc985aad613c884a2040210d208b1aa520e957b31ba2e1e19cd4185
1,15,0.9903926402016152,G1,EXPLICIT_HEII_ATOMIC,0.0,0.0,0.0,0,0,0,36bd753facc985aad613c884a2040210d208b1aa520e957b31ba2e1e19cd4185
1,15,0.9903926402016152,G2a,EFFECTIVE_HI_SUBGRID,1.487686902603455e+50,0.0,3.5301315004501916e-166,0,0,46080,6a2faddc07275b7f34fc9fa7d119db1388558259a5c41d962f344e298384c8ff
1,15,0.9903926402016152,G2a,EXPLICIT_HI_ATOMIC,0.0,0.0,0.0,0,0,0,36bd753facc985aad613c884a2040210d208b1aa520e957b31ba2e1e19cd4185
1,15,0.9903926402016152,G2a,EXPLICIT_HEI_ATOMIC,5.51051414544968e+48,0.0,8.541034634876586e-167,0,0,46080,e5a771a630f2b6978d2ec2b46f971b513f9dcb4f7fd1234fca1260e2951812cb
1,15,0.9903926402016152,G2a,EXPLICIT_HEII_ATOMIC,0.0,0.0,0.0,0,0,0,36bd753facc985aad613c884a2040210d208b1aa520e957b31ba2e1e19cd4185
1,15,0.9903926402016152,G2b,EFFECTIVE_HI_SUBGRID,0.0,0.0,0.0,0,0,0,36bd753facc985aad613c884a2040210d208b1aa520e957b31ba2e1e19cd4185
1,15,0.9903926402016152,G2b,EXPLICIT_HI_ATOMIC,3.484503040698784e+48,0.0,8.204996541574455e-168,0,0,46080,95031718dfdd4a85e5811ef9656efdc080b549bdadb3ab38a7d0f8b859f1dc25
1,15,0.9903926402016152,G2b,EXPLICIT_HEI_ATOMIC,2.92485492574572e+48,0.0,4.533385917067636e-167,0,0,46080,100a1448d248aee174c261a760b8614a343b0ed9ea869d646d865c1ede656780
1,15,0.9903926402016152,G2b,EXPLICIT_HEII_ATOMIC,0.0,0.0,0.0,0,0,0,36bd753facc985aad613c884a2040210d208b1aa520e957b31ba2e1e19cd4185
1,15,0.9903926402016152,G3,EFFECTIVE_HI_SUBGRID,0.0,0.0,0.0,0,0,0,36bd753facc985aad613c884a2040210d208b1aa520e957b31ba2e1e19cd4185
1,15,0.9903926402016152,G3,EXPLICIT_HI_ATOMIC,0.0,0.0,0.0,0,0,46080,36bd753facc985aad613c884a2040210d208b1aa520e957b31ba2e1e19cd4185
1,15,0.9903926402016152,G3,EXPLICIT_HEI_ATOMIC,0.0,0.0,0.0,0,0,46080,36bd753facc985aad613c884a2040210d208b1aa520e957b31ba2e1e19cd4185
1,15,0.9903926402016152,G3,EXPLICIT_HEII_ATOMIC,0.0,0.0,0.0,0,0,46080,36bd753facc985aad613c884a2040210d208b1aa520e957b31ba2e1e19cd4185
1,16,1.0,G1,EFFECTIVE_HI_SUBGRID,3.0749086948019656e+50,0.0,7.499132472990715e-166,0,0,46080,09089a210c242c8141c0c58e535aa087fba31d1ce7d1c187b211f9085bd71c4c
1,16,1.0,G1,EXPLICIT_HI_ATOMIC,0.0,0.0,0.0,0,0,0,36bd753facc985aad613c884a2040210d208b1aa520e957b31ba2e1e19cd4185
1,16,1.0,G1,EXPLICIT_HEI_ATOMIC,0.0,0.0,0.0,0,0,0,36bd753facc985aad613c884a2040210d208b1aa520e957b31ba2e1e19cd4185
1,16,1.0,G1,EXPLICIT_HEII_ATOMIC,0.0,0.0,0.0,0,0,0,36bd753facc985aad613c884a2040210d208b1aa520e957b31ba2e1e19cd4185
1,16,1.0,G2a,EFFECTIVE_HI_SUBGRID,1.4882272350849492e+50,0.0,3.5308966001205354e-166,0,0,46080,7fdee07e18dadb3357a0a1c6f0c64f0404a28cf7de80b4c71adca6f411a38725
1,16,1.0,G2a,EXPLICIT_HI_ATOMIC,0.0,0.0,0.0,0,0,0,36bd753facc985aad613c884a2040210d208b1aa520e957b31ba2e1e19cd4185
1,16,1.0,G2a,EXPLICIT_HEI_ATOMIC,5.5013297182648666e+48,0.0,8.52570494115698e-167,0,0,46080,2c649fa39d1aad0a2c8e8971ba1c501b1c3c5027254967988e812076e3a3d9f4
1,16,1.0,G2a,EXPLICIT_HEII_ATOMIC,0.0,0.0,0.0,0,0,0,36bd753facc985aad613c884a2040210d208b1aa520e957b31ba2e1e19cd4185
1,16,1.0,G2b,EFFECTIVE_HI_SUBGRID,0.0,0.0,0.0,0,0,0,36bd753facc985aad613c884a2040210d208b1aa520e957b31ba2e1e19cd4185
1,16,1.0,G2b,EXPLICIT_HI_ATOMIC,3.5116558548513284e+48,0.0,8.26738707234244e-168,0,0,46080,ec8ace79b5793658c8c11030a038120411c4d9910eeba89435d37108b35df647
1,16,1.0,G2b,EXPLICIT_HEI_ATOMIC,2.9377247646654536e+48,0.0,4.552749212378988e-167,0,0,46080,5d0fa30eb3a02249b0da40ad80ab00cd787f738b5fb2b174e0e9130255be0fc5
1,16,1.0,G2b,EXPLICIT_HEII_ATOMIC,0.0,0.0,0.0,0,0,0,36bd753facc985aad613c884a2040210d208b1aa520e957b31ba2e1e19cd4185
1,16,1.0,G3,EFFECTIVE_HI_SUBGRID,0.0,0.0,0.0,0,0,0,36bd753facc985aad613c884a2040210d208b1aa520e957b31ba2e1e19cd4185
1,16,1.0,G3,EXPLICIT_HI_ATOMIC,0.0,0.0,0.0,0,0,46080,36bd753facc985aad613c884a2040210d208b1aa520e957b31ba2e1e19cd4185
1,16,1.0,G3,EXPLICIT_HEI_ATOMIC,0.0,0.0,0.0,0,0,46080,36bd753facc985aad613c884a2040210d208b1aa520e957b31ba2e1e19cd4185
1,16,1.0,G3,EXPLICIT_HEII_ATOMIC,0.0,0.0,0.0,0,0,46080,36bd753facc985aad613c884a2040210d208b1aa520e957b31ba2e1e19cd4185
2,0,0.0,G1,EFFECTIVE_HI_SUBGRID,3.3184550908085022e+50,0.0,8.087265169390938e-166,0,0,46080,174664d0060cf47cbf5442033256a040045e6b13e7a5af8872a174724cde7109
2,0,0.0,G1,EXPLICIT_HI_ATOMIC,0.0,0.0,0.0,0,0,0,36bd753facc985aad613c884a2040210d208b1aa520e957b31ba2e1e19cd4185
2,0,0.0,G1,EXPLICIT_HEI_ATOMIC,0.0,0.0,0.0,0,0,0,36bd753facc985aad613c884a2040210d208b1aa520e957b31ba2e1e19cd4185
2,0,0.0,G1,EXPLICIT_HEII_ATOMIC,0.0,0.0,0.0,0,0,0,36bd753facc985aad613c884a2040210d208b1aa520e957b31ba2e1e19cd4185
2,0,0.0,G2a,EFFECTIVE_HI_SUBGRID,1.673969233636585e+50,0.0,3.9709192864609396e-166,0,0,46080,f80fb4abc2a57ad0b40a92f12c07d9aaaf685bad6c8f34cede172ae36c3af7fd
2,0,0.0,G2a,EXPLICIT_HI_ATOMIC,0.0,0.0,0.0,0,0,0,36bd753facc985aad613c884a2040210d208b1aa520e957b31ba2e1e19cd4185
2,0,0.0,G2a,EXPLICIT_HEI_ATOMIC,5.2642445719545086e+48,0.0,8.158280226659504e-167,0,0,46080,531340585331fd23159c20052ed9598799859627fdbb4c1f0d29bbddd0050780
2,0,0.0,G2a,EXPLICIT_HEII_ATOMIC,0.0,0.0,0.0,0,0,0,36bd753facc985aad613c884a2040210d208b1aa520e957b31ba2e1e19cd4185
2,0,0.0,G2b,EFFECTIVE_HI_SUBGRID,0.0,0.0,0.0,0,0,0,36bd753facc985aad613c884a2040210d208b1aa520e957b31ba2e1e19cd4185
2,0,0.0,G2b,EXPLICIT_HI_ATOMIC,3.360094967075103e+48,0.0,7.910568011340744e-168,0,0,46080,777ee1f294657d918169fc7a023da4f7131d3ea740ed24081fd118ec309836f0
2,0,0.0,G2b,EXPLICIT_HEI_ATOMIC,2.8109343866323058e+48,0.0,4.356254750600477e-167,0,0,46080,5296c103c77d57eedd544e8160d4853ae4c05b9dcf662348dc89e701d51caf08
2,0,0.0,G2b,EXPLICIT_HEII_ATOMIC,0.0,0.0,0.0,0,0,0,36bd753facc985aad613c884a2040210d208b1aa520e957b31ba2e1e19cd4185
2,0,0.0,G3,EFFECTIVE_HI_SUBGRID,0.0,0.0,0.0,0,0,0,36bd753facc985aad613c884a2040210d208b1aa520e957b31ba2e1e19cd4185
2,0,0.0,G3,EXPLICIT_HI_ATOMIC,0.0,0.0,0.0,0,0,46080,36bd753facc985aad613c884a2040210d208b1aa520e957b31ba2e1e19cd4185
2,0,0.0,G3,EXPLICIT_HEI_ATOMIC,0.0,0.0,0.0,0,0,46080,36bd753facc985aad613c884a2040210d208b1aa520e957b31ba2e1e19cd4185
2,0,0.0,G3,EXPLICIT_HEII_ATOMIC,0.0,0.0,0.0,0,0,46080,36bd753facc985aad613c884a2040210d208b1aa520e957b31ba2e1e19cd4185
2,1,0.0096073597983847,G1,EFFECTIVE_HI_SUBGRID,3.3180516568857943e+50,0.0,8.08135705282751e-166,0,0,46080,6d476d3eb1404b3f358f9827835d70d79b34367ee01f7c905f21e3d86b895bd5
2,1,0.0096073597983847,G1,EXPLICIT_HI_ATOMIC,0.0,0.0,0.0,0,0,0,36bd753facc985aad613c884a2040210d208b1aa520e957b31ba2e1e19cd4185
2,1,0.0096073597983847,G1,EXPLICIT_HEI_ATOMIC,0.0,0.0,0.0,0,0,0,36bd753facc985aad613c884a2040210d208b1aa520e957b31ba2e1e19cd4185
2,1,0.0096073597983847,G1,EXPLICIT_HEII_ATOMIC,0.0,0.0,0.0,0,0,0,36bd753facc985aad613c884a2040210d208b1aa520e957b31ba2e1e19cd4185
2,1,0.0096073597983847,G2a,EFFECTIVE_HI_SUBGRID,1.674440695182041e+50,0.0,3.970901311353216e-166,0,0,46080,77fd23e8048e0323d0400894052add33a827f4e9c8b5197dc66287ee3b890678
2,1,0.0096073597983847,G2a,EXPLICIT_HI_ATOMIC,0.0,0.0,0.0,0,0,0,36bd753facc985aad613c884a2040210d208b1aa520e957b31ba2e1e19cd4185
2,1,0.0096073597983847,G2a,EXPLICIT_HEI_ATOMIC,5.1487491670797916e+48,0.0,7.978252697257939e-167,0,0,46080,bf1452dc1a991f32010332be29f9ac490d7dbe8e669f0fc8791de0427967863c
2,1,0.0096073597983847,G2a,EXPLICIT_HEII_ATOMIC,0.0,0.0,0.0,0,0,0,36bd753facc985aad613c884a2040210d208b1aa520e957b31ba2e1e19cd4185
2,1,0.0096073597983847,G2b,EFFECTIVE_HI_SUBGRID,0.0,0.0,0.0,0,0,0,36bd753facc985aad613c884a2040210d208b1aa520e957b31ba2e1e19cd4185
2,1,0.0096073597983847,G2b,EXPLICIT_HI_ATOMIC,3.3269371407979875e+48,0.0,7.83101898267496e-168,0,0,46080,a3585b41465c290cf66398be55c88f2d01235f9b57c8c9489ad5379aea3ebfbc
2,1,0.0096073597983847,G2b,EXPLICIT_HEI_ATOMIC,2.7685281941248e+48,0.0,4.289977393623637e-167,0,0,46080,e0adb7daa89beaeb7c5528e2c8da36e98409a7a1fb5a56ddc1400e0bfaf0af3c
2,1,0.0096073597983847,G2b,EXPLICIT_HEII_ATOMIC,0.0,0.0,0.0,0,0,0,36bd753facc985aad613c884a2040210d208b1aa520e957b31ba2e1e19cd4185
2,1,0.0096073597983847,G3,EFFECTIVE_HI_SUBGRID,0.0,0.0,0.0,0,0,0,36bd753facc985aad613c884a2040210d208b1aa520e957b31ba2e1e19cd4185
2,1,0.0096073597983847,G3,EXPLICIT_HI_ATOMIC,0.0,0.0,0.0,0,0,46080,36bd753facc985aad613c884a2040210d208b1aa520e957b31ba2e1e19cd4185
2,1,0.0096073597983847,G3,EXPLICIT_HEI_ATOMIC,0.0,0.0,0.0,0,0,46080,36bd753facc985aad613c884a2040210d208b1aa520e957b31ba2e1e19cd4185
2,1,0.0096073597983847,G3,EXPLICIT_HEII_ATOMIC,0.0,0.0,0.0,0,0,46080,36bd753facc985aad613c884a2040210d208b1aa520e957b31ba2e1e19cd4185
2,2,0.0380602337443566,G1,EFFECTIVE_HI_SUBGRID,3.316856110386313e+50,0.0,8.072468133336339e-166,0,0,46080,141b72c47aac6ab877102512ede6fc5ac0f05440e3e4b879abbecf5b7dadb0a4
2,2,0.0380602337443566,G1,EXPLICIT_HI_ATOMIC,0.0,0.0,0.0,0,0,0,36bd753facc985aad613c884a2040210d208b1aa520e957b31ba2e1e19cd4185
2,2,0.0380602337443566,G1,EXPLICIT_HEI_ATOMIC,0.0,0.0,0.0,0,0,0,36bd753facc985aad613c884a2040210d208b1aa520e957b31ba2e1e19cd4185
2,2,0.0380602337443566,G1,EXPLICIT_HEII_ATOMIC,0.0,0.0,0.0,0,0,0,36bd753facc985aad613c884a2040210d208b1aa520e957b31ba2e1e19cd4185
2,2,0.0380602337443566,G2a,EFFECTIVE_HI_SUBGRID,1.6758646442032336e+50,0.0,3.971896150389346e-166,0,0,46080,a902a5d3d6e286be1fc7f6440f7acfad8d69b1f584d7b93cd3e4013ac12ce3d1
2,2,0.0380602337443566,G2a,EXPLICIT_HI_ATOMIC,0.0,0.0,0.0,0,0,0,36bd753facc985aad613c884a2040210d208b1aa520e957b31ba2e1e19cd4185
2,2,0.0380602337443566,G2a,EXPLICIT_HEI_ATOMIC,5.0678821394826456e+48,0.0,7.849951131416006e-167,0,0,46080,46090bdc199ff93e9c5e9eb633fda02461ab3186d9fa9fce09ea3101b172a5d5
2,2,0.0380602337443566,G2a,EXPLICIT_HEII_ATOMIC,0.0,0.0,0.0,0,0,0,36bd753facc985aad613c884a2040210d208b1aa520e957b31ba2e1e19cd4185
2,2,0.0380602337443566,G2b,EFFECTIVE_HI_SUBGRID,0.0,0.0,0.0,0,0,0,36bd753facc985aad613c884a2040210d208b1aa520e957b31ba2e1e19cd4185
2,2,0.0380602337443566,G2b,EXPLICIT_HI_ATOMIC,3.338013919848641e+48,0.0,7.852711333980977e-168,0,0,46080,a597b35bed959b8f369f524a466c51420082e14b1aff796851e4642951777788
2,2,0.0380602337443566,G2b,EXPLICIT_HEI_ATOMIC,2.781939318075646e+48,0.0,4.30911514838187e-167,0,0,46080,f2cfa85dbdbae686b73ab053807f77d337ffe842dfbae037f95168c6f2899196
2,2,0.0380602337443566,G2b,EXPLICIT_HEII_ATOMIC,0.0,0.0,0.0,0,0,0,36bd753facc985aad613c884a2040210d208b1aa520e957b31ba2e1e19cd4185
2,2,0.0380602337443566,G3,EFFECTIVE_HI_SUBGRID,0.0,0.0,0.0,0,0,0,36bd753facc985aad613c884a2040210d208b1aa520e957b31ba2e1e19cd4185
2,2,0.0380602337443566,G3,EXPLICIT_HI_ATOMIC,0.0,0.0,0.0,0,0,46080,36bd753facc985aad613c884a2040210d208b1aa520e957b31ba2e1e19cd4185
2,2,0.0380602337443566,G3,EXPLICIT_HEI_ATOMIC,0.0,0.0,0.0,0,0,46080,36bd753facc985aad613c884a2040210d208b1aa520e957b31ba2e1e19cd4185
2,2,0.0380602337443566,G3,EXPLICIT_HEII_ATOMIC,0.0,0.0,0.0,0,0,46080,36bd753facc985aad613c884a2040210d208b1aa520e957b31ba2e1e19cd4185
2,3,0.0842651938487273,G1,EFFECTIVE_HI_SUBGRID,3.314964903438094e+50,0.0,8.064419072309688e-166,0,0,46080,e71c22bb2b74474193d8e80e30d1301281cfcecac3fe673ac0b9777bf9a8f19b
2,3,0.0842651938487273,G1,EXPLICIT_HI_ATOMIC,0.0,0.0,0.0,0,0,0,36bd753facc985aad613c884a2040210d208b1aa520e957b31ba2e1e19cd4185
2,3,0.0842651938487273,G1,EXPLICIT_HEI_ATOMIC,0.0,0.0,0.0,0,0,0,36bd753facc985aad613c884a2040210d208b1aa520e957b31ba2e1e19cd4185
2,3,0.0842651938487273,G1,EXPLICIT_HEII_ATOMIC,0.0,0.0,0.0,0,0,0,36bd753facc985aad613c884a2040210d208b1aa520e957b31ba2e1e19cd4185
2,3,0.0842651938487273,G2a,EFFECTIVE_HI_SUBGRID,1.67818828500098e+50,0.0,3.974246506548336e-166,0,0,46080,4217b9d0b40c481fe7b11b88222a5ea826b6fb0fb479d3c5229af974369b82ae
2,3,0.0842651938487273,G2a,EXPLICIT_HI_ATOMIC,0.0,0.0,0.0,0,0,0,36bd753facc985aad613c884a2040210d208b1aa520e957b31ba2e1e19cd4185
2,3,0.0842651938487273,G2a,EXPLICIT_HEI_ATOMIC,5.011367845396005e+48,0.0,7.757610665385123e-167,0,0,46080,6a8898dfc5d73e535e61e07955a264ec1ae22998289f5cb7bf48445ecb3cdabb
2,3,0.0842651938487273,G2a,EXPLICIT_HEII_ATOMIC,0.0,0.0,0.0,0,0,0,36bd753facc985aad613c884a2040210d208b1aa520e957b31ba2e1e19cd4185
2,3,0.0842651938487273,G2b,EFFECTIVE_HI_SUBGRID,0.0,0.0,0.0,0,0,0,36bd753facc985aad613c884a2040210d208b1aa520e957b31ba2e1e19cd4185
2,3,0.0842651938487273,G2b,EXPLICIT_HI_ATOMIC,3.436801323219903e+48,0.0,8.077810026057749e-168,0,0,46080,3484a509888c3ab49177f22ef54fee74c42f17648ac04c5543721066df22c226
2,3,0.0842651938487273,G2b,EXPLICIT_HEI_ATOMIC,2.8446660022196968e+48,0.0,4.40355048742868e-167,0,0,46080,8c4d23ed7fef84b83f4e3a28d9aa7652b7180cd5eb1bc7a21965e3b5cc406e72
2,3,0.0842651938487273,G2b,EXPLICIT_HEII_ATOMIC,0.0,0.0,0.0,0,0,0,36bd753facc985aad613c884a2040210d208b1aa520e957b31ba2e1e19cd4185
2,3,0.0842651938487273,G3,EFFECTIVE_HI_SUBGRID,0.0,0.0,0.0,0,0,0,36bd753facc985aad613c884a2040210d208b1aa520e957b31ba2e1e19cd4185
2,3,0.0842651938487273,G3,EXPLICIT_HI_ATOMIC,0.0,0.0,0.0,0,0,46080,36bd753facc985aad613c884a2040210d208b1aa520e957b31ba2e1e19cd4185
2,3,0.0842651938487273,G3,EXPLICIT_HEI_ATOMIC,0.0,0.0,0.0,0,0,46080,36bd753facc985aad613c884a2040210d208b1aa520e957b31ba2e1e19cd4185
2,3,0.0842651938487273,G3,EXPLICIT_HEII_ATOMIC,0.0,0.0,0.0,0,0,46080,36bd753facc985aad613c884a2040210d208b1aa520e957b31ba2e1e19cd4185
2,4,0.1464466094067262,G1,EFFECTIVE_HI_SUBGRID,3.3125323790897187e+50,0.0,8.055055864779607e-166,0,0,46080,57ba438a452602da8bbfc3bc85d410869c19605c4c876354477036eb035e5b9a
2,4,0.1464466094067262,G1,EXPLICIT_HI_ATOMIC,0.0,0.0,0.0,0,0,0,36bd753facc985aad613c884a2040210d208b1aa520e957b31ba2e1e19cd4185
2,4,0.1464466094067262,G1,EXPLICIT_HEI_ATOMIC,0.0,0.0,0.0,0,0,0,36bd753facc985aad613c884a2040210d208b1aa520e957b31ba2e1e19cd4185
2,4,0.1464466094067262,G1,EXPLICIT_HEII_ATOMIC,0.0,0.0,0.0,0,0,0,36bd753facc985aad613c884a2040210d208b1aa520e957b31ba2e1e19cd4185
2,4,0.1464466094067262,G2a,EFFECTIVE_HI_SUBGRID,1.6813254729940931e+50,0.0,3.977554317505247e-166,0,0,46080,58535b1bd4ad1bae474ec4d57ec445501ed24f9fed81c91f610e3bf0026bd6e8
2,4,0.1464466094067262,G2a,EXPLICIT_HI_ATOMIC,0.0,0.0,0.0,0,0,0,36bd753facc985aad613c884a2040210d208b1aa520e957b31ba2e1e19cd4185
2,4,0.1464466094067262,G2a,EXPLICIT_HEI_ATOMIC,4.938768176126009e+48,0.0,7.638850236068168e-167,0,0,46080,79a58e1f509fc5f869d779c8c9be3df547b58eb0157d84274be011ab200cfe3a
2,4,0.1464466094067262,G2a,EXPLICIT_HEII_ATOMIC,0.0,0.0,0.0,0,0,0,36bd753facc985aad613c884a2040210d208b1aa520e957b31ba2e1e19cd4185
2,4,0.1464466094067262,G2b,EFFECTIVE_HI_SUBGRID,0.0,0.0,0.0,0,0,0,36bd753facc985aad613c884a2040210d208b1aa520e957b31ba2e1e19cd4185
2,4,0.1464466094067262,G2b,EXPLICIT_HI_ATOMIC,3.58743427799625e+48,0.0,8.4215983531408445e-168,0,0,46080,1cdf7947cffbd897f67783d95c608f1a2ccdced3e81b93cee1661183badb2cc2
2,4,0.1464466094067262,G2b,EXPLICIT_HEI_ATOMIC,2.9326043089597626e+48,0.0,4.5358932265907306e-167,0,0,46080,03064a5b6593cb86cd63931c0db5d200d9b84244a0081b9862a4b8287a6f6e3e
2,4,0.1464466094067262,G2b,EXPLICIT_HEII_ATOMIC,0.0,0.0,0.0,0,0,0,36bd753facc985aad613c884a2040210d208b1aa520e957b31ba2e1e19cd4185
2,4,0.1464466094067262,G3,EFFECTIVE_HI_SUBGRID,0.0,0.0,0.0,0,0,0,36bd753facc985aad613c884a2040210d208b1aa520e957b31ba2e1e19cd4185
2,4,0.1464466094067262,G3,EXPLICIT_HI_ATOMIC,0.0,0.0,0.0,0,0,46080,36bd753facc985aad613c884a2040210d208b1aa520e957b31ba2e1e19cd4185
2,4,0.1464466094067262,G3,EXPLICIT_HEI_ATOMIC,0.0,0.0,0.0,0,0,46080,36bd753facc985aad613c884a2040210d208b1aa520e957b31ba2e1e19cd4185
2,4,0.1464466094067262,G3,EXPLICIT_HEII_ATOMIC,0.0,0.0,0.0,0,0,46080,36bd753facc985aad613c884a2040210d208b1aa520e957b31ba2e1e19cd4185
2,5,0.2222148834901988,G1,EFFECTIVE_HI_SUBGRID,3.3097454692785327e+50,0.0,8.044428845969665e-166,0,0,46080,609fbf00231f2f8a2d391f727006cf4331126d7697ee2e6f766a80fa09f6ef55
2,5,0.2222148834901988,G1,EXPLICIT_HI_ATOMIC,0.0,0.0,0.0,0,0,0,36bd753facc985aad613c884a2040210d208b1aa520e957b31ba2e1e19cd4185
2,5,0.2222148834901988,G1,EXPLICIT_HEI_ATOMIC,0.0,0.0,0.0,0,0,0,36bd753facc985aad613c884a2040210d208b1aa520e957b31ba2e1e19cd4185
2,5,0.2222148834901988,G1,EXPLICIT_HEII_ATOMIC,0.0,0.0,0.0,0,0,0,36bd753facc985aad613c884a2040210d208b1aa520e957b31ba2e1e19cd4185
2,5,0.2222148834901988,G2a,EFFECTIVE_HI_SUBGRID,1.6851715975256294e+50,0.0,3.981656119248715e-166,0,0,46080,556966bbe2ca2ff1a14cf62b0e11af9e3fcf165171569a95ead492660050d9c3
2,5,0.2222148834901988,G2a,EXPLICIT_HI_ATOMIC,0.0,0.0,0.0,0,0,0,36bd753facc985aad613c884a2040210d208b1aa520e957b31ba2e1e19cd4185
2,5,0.2222148834901988,G2a,EXPLICIT_HEI_ATOMIC,4.848836073902338e+48,0.0,7.492111854473488e-167,0,0,46080,74e192a6252e16a9f75e3c09f82e2cbc05d6023558b202292f93a6410c316413
2,5,0.2222148834901988,G2a,EXPLICIT_HEII_ATOMIC,0.0,0.0,0.0,0,0,0,36bd753facc985aad613c884a2040210d208b1aa520e957b31ba2e1e19cd4185
2,5,0.2222148834901988,G2b,EFFECTIVE_HI_SUBGRID,0.0,0.0,0.0,0,0,0,36bd753facc985aad613c884a2040210d208b1aa520e957b31ba2e1e19cd4185
2,5,0.2222148834901988,G2b,EXPLICIT_HI_ATOMIC,3.779299178172234e+48,0.0,8.858826927017952e-168,0,0,46080,16764c14198000fc2cb938262cb38f867f36606987428760916713ec08d58379
2,5,0.2222148834901988,G2b,EXPLICIT_HEI_ATOMIC,3.0415663634864015e+48,0.0,4.699634110275197e-167,0,0,46080,c3de4375bc6a4eb85414f712e5b03749a43b63d39f4c7d4d5cd15101e7016165
2,5,0.2222148834901988,G2b,EXPLICIT_HEII_ATOMIC,0.0,0.0,0.0,0,0,0,36bd753facc985aad613c884a2040210d208b1aa520e957b31ba2e1e19cd4185
2,5,0.2222148834901988,G3,EFFECTIVE_HI_SUBGRID,0.0,0.0,0.0,0,0,0,36bd753facc985aad613c884a2040210d208b1aa520e957b31ba2e1e19cd4185
2,5,0.2222148834901988,G3,EXPLICIT_HI_ATOMIC,0.0,0.0,0.0,0,0,46080,36bd753facc985aad613c884a2040210d208b1aa520e957b31ba2e1e19cd4185
2,5,0.2222148834901988,G3,EXPLICIT_HEI_ATOMIC,0.0,0.0,0.0,0,0,46080,36bd753facc985aad613c884a2040210d208b1aa520e957b31ba2e1e19cd4185
2,5,0.2222148834901988,G3,EXPLICIT_HEII_ATOMIC,0.0,0.0,0.0,0,0,46080,36bd753facc985aad613c884a2040210d208b1aa520e957b31ba2e1e19cd4185
2,6,0.3086582838174551,G1,EFFECTIVE_HI_SUBGRID,3.3068059682810347e+50,0.0,8.033320661749091e-166,0,0,46080,cc06a20f7f7fdf3a77eb646cc7779fe0081b7301c87f716a63e5c937cd1117f5
2,6,0.3086582838174551,G1,EXPLICIT_HI_ATOMIC,0.0,0.0,0.0,0,0,0,36bd753facc985aad613c884a2040210d208b1aa520e957b31ba2e1e19cd4185
2,6,0.3086582838174551,G1,EXPLICIT_HEI_ATOMIC,0.0,0.0,0.0,0,0,0,36bd753facc985aad613c884a2040210d208b1aa520e957b31ba2e1e19cd4185
2,6,0.3086582838174551,G1,EXPLICIT_HEII_ATOMIC,0.0,0.0,0.0,0,0,0,36bd753facc985aad613c884a2040210d208b1aa520e957b31ba2e1e19cd4185
2,6,0.3086582838174551,G2a,EFFECTIVE_HI_SUBGRID,1.689605459619831e+50,0.0,3.986461383572994e-166,0,0,46080,70ef094cfdd8fa7c18d3c85d61d09544f7208777865346fd1102dfd7464e823d
2,6,0.3086582838174551,G2a,EXPLICIT_HI_ATOMIC,0.0,0.0,0.0,0,0,0,36bd753facc985aad613c884a2040210d208b1aa520e957b31ba2e1e19cd4185
2,6,0.3086582838174551,G2a,EXPLICIT_HEI_ATOMIC,4.743941995293989e+48,0.0,7.321493677063008e-167,0,0,46080,4b8fda42860125dca5b1d4b2bfb5f8fb97f073c2ad1d23094afa4454faf8ee49
2,6,0.3086582838174551,G2a,EXPLICIT_HEII_ATOMIC,0.0,0.0,0.0,0,0,0,36bd753facc985aad613c884a2040210d208b1aa520e957b31ba2e1e19cd4185
2,6,0.3086582838174551,G2b,EFFECTIVE_HI_SUBGRID,0.0,0.0,0.0,0,0,0,36bd753facc985aad613c884a2040210d208b1aa520e957b31ba2e1e19cd4185
2,6,0.3086582838174551,G2b,EXPLICIT_HI_ATOMIC,4.009200105551555e+48,0.0,9.381754848585328e-168,0,0,46080,c7d2b255ee590b7691071bd5c0520cd3d5a74e325cb500ebe0154d45a73ebc9e
2,6,0.3086582838174551,G2b,EXPLICIT_HEI_ATOMIC,3.168282056502956e+48,0.0,4.889721895176977e-167,0,0,46080,299e87233501d165990e64aaa32871d3627eb6fb261d9590dd832273f9367304
2,6,0.3086582838174551,G2b,EXPLICIT_HEII_ATOMIC,0.0,0.0,0.0,0,0,0,36bd753facc985aad613c884a2040210d208b1aa520e957b31ba2e1e19cd4185
2,6,0.3086582838174551,G3,EFFECTIVE_HI_SUBGRID,0.0,0.0,0.0,0,0,0,36bd753facc985aad613c884a2040210d208b1aa520e957b31ba2e1e19cd4185
2,6,0.3086582838174551,G3,EXPLICIT_HI_ATOMIC,0.0,0.0,0.0,0,0,46080,36bd753facc985aad613c884a2040210d208b1aa520e957b31ba2e1e19cd4185
2,6,0.3086582838174551,G3,EXPLICIT_HEI_ATOMIC,0.0,0.0,0.0,0,0,46080,36bd753facc985aad613c884a2040210d208b1aa520e957b31ba2e1e19cd4185
2,6,0.3086582838174551,G3,EXPLICIT_HEII_ATOMIC,0.0,0.0,0.0,0,0,46080,36bd753facc985aad613c884a2040210d208b1aa520e957b31ba2e1e19cd4185
2,7,0.4024548389919358,G1,EFFECTIVE_HI_SUBGRID,3.303909651151634e+50,0.0,8.022547413983856e-166,0,0,46080,62c191e28c5ee74b913d130f9ae057f92fdf441c9864eef66cd6fa2f8e08dc98
2,7,0.4024548389919358,G1,EXPLICIT_HI_ATOMIC,0.0,0.0,0.0,0,0,0,36bd753facc985aad613c884a2040210d208b1aa520e957b31ba2e1e19cd4185
2,7,0.4024548389919358,G1,EXPLICIT_HEI_ATOMIC,0.0,0.0,0.0,0,0,0,36bd753facc985aad613c884a2040210d208b1aa520e957b31ba2e1e19cd4185
2,7,0.4024548389919358,G1,EXPLICIT_HEII_ATOMIC,0.0,0.0,0.0,0,0,0,36bd753facc985aad613c884a2040210d208b1aa520e957b31ba2e1e19cd4185
2,7,0.4024548389919358,G2a,EFFECTIVE_HI_SUBGRID,1.6944917200662259e+50,0.0,3.9918797171580354e-166,0,0,46080,85e858925915452799ba1d5db6cb667e63fc146b380e2377988fc1dbec64b0b6
2,7,0.4024548389919358,G2a,EXPLICIT_HI_ATOMIC,0.0,0.0,0.0,0,0,0,36bd753facc985aad613c884a2040210d208b1aa520e957b31ba2e1e19cd4185
2,7,0.4024548389919358,G2a,EXPLICIT_HEI_ATOMIC,4.6272191367922025e+48,0.0,7.132291849488443e-167,0,0,46080,daf595aaadcc57168e4de31ed9d06362efaf585d4aa547924d06480cd7d6076e
2,7,0.4024548389919358,G2a,EXPLICIT_HEII_ATOMIC,0.0,0.0,0.0,0,0,0,36bd753facc985aad613c884a2040210d208b1aa520e957b31ba2e1e19cd4185
2,7,0.4024548389919358,G2b,EFFECTIVE_HI_SUBGRID,0.0,0.0,0.0,0,0,0,36bd753facc985aad613c884a2040210d208b1aa520e957b31ba2e1e19cd4185
2,7,0.4024548389919358,G2b,EXPLICIT_HI_ATOMIC,4.2730657549515866e+48,0.0,9.980724779148601e-168,0,0,46080,583f911ec8b934552450d8105508319b92e3bc6c53f90007436eb32fa447e30d
2,7,0.4024548389919358,G2b,EXPLICIT_HEI_ATOMIC,3.308828074425059e+48,0.0,5.10015342021183e-167,0,0,46080,be5b21342bb1d56c1039da6d9482411c973b767b25452f2832ae867846713627
2,7,0.4024548389919358,G2b,EXPLICIT_HEII_ATOMIC,0.0,0.0,0.0,0,0,0,36bd753facc985aad613c884a2040210d208b1aa520e957b31ba2e1e19cd4185
2,7,0.4024548389919358,G3,EFFECTIVE_HI_SUBGRID,0.0,0.0,0.0,0,0,0,36bd753facc985aad613c884a2040210d208b1aa520e957b31ba2e1e19cd4185
2,7,0.4024548389919358,G3,EXPLICIT_HI_ATOMIC,0.0,0.0,0.0,0,0,46080,36bd753facc985aad613c884a2040210d208b1aa520e957b31ba2e1e19cd4185
2,7,0.4024548389919358,G3,EXPLICIT_HEI_ATOMIC,0.0,0.0,0.0,0,0,46080,36bd753facc985aad613c884a2040210d208b1aa520e957b31ba2e1e19cd4185
2,7,0.4024548389919358,G3,EXPLICIT_HEII_ATOMIC,0.0,0.0,0.0,0,0,46080,36bd753facc985aad613c884a2040210d208b1aa520e957b31ba2e1e19cd4185
2,8,0.4999999999999999,G1,EFFECTIVE_HI_SUBGRID,3.3012264161905077e+50,0.0,8.012833355443953e-166,0,0,46080,df11ca988785abce21fd294b70876ec6b50797e688033f765ee04b928dd949bd
2,8,0.4999999999999999,G1,EXPLICIT_HI_ATOMIC,0.0,0.0,0.0,0,0,0,36bd753facc985aad613c884a2040210d208b1aa520e957b31ba2e1e19cd4185
2,8,0.4999999999999999,G1,EXPLICIT_HEI_ATOMIC,0.0,0.0,0.0,0,0,0,36bd753facc985aad613c884a2040210d208b1aa520e957b31ba2e1e19cd4185
2,8,0.4999999999999999,G1,EXPLICIT_HEII_ATOMIC,0.0,0.0,0.0,0,0,0,36bd753facc985aad613c884a2040210d208b1aa520e957b31ba2e1e19cd4185
2,8,0.4999999999999999,G2a,EFFECTIVE_HI_SUBGRID,1.6996801525598186e+50,0.0,3.9978044126228044e-166,0,0,46080,0b143416c102d643db8ee15cc68bad5e6f4f59970b9751b5d408d45c5129ceb7
2,8,0.4999999999999999,G2a,EXPLICIT_HI_ATOMIC,0.0,0.0,0.0,0,0,0,36bd753facc985aad613c884a2040210d208b1aa520e957b31ba2e1e19cd4185
2,8,0.4999999999999999,G2a,EXPLICIT_HEI_ATOMIC,4.502435718508247e+48,0.0,6.930766641719696e-167,0,0,46080,ea963072dfe472cebe679ed03f86d92e48f1e9174d71f6cd7d9b43c68ec55fc5
2,8,0.4999999999999999,G2a,EXPLICIT_HEII_ATOMIC,0.0,0.0,0.0,0,0,0,36bd753facc985aad613c884a2040210d208b1aa520e957b31ba2e1e19cd4185
2,8,0.4999999999999999,G2b,EFFECTIVE_HI_SUBGRID,0.0,0.0,0.0,0,0,0,36bd753facc985aad613c884a2040210d208b1aa520e957b31ba2e1e19cd4185
2,8,0.4999999999999999,G2b,EXPLICIT_HI_ATOMIC,4.564968447659026e+48,0.0,1.0641960607119401e-167,0,0,46080,a15a5e7e751c9de8f023448a428d7829f4e5b46b7974ed39651db7e2657e79de
2,8,0.4999999999999999,G2b,EXPLICIT_HEI_ATOMIC,3.458570658840856e+48,0.0,5.323906358460277e-167,0,0,46080,e79cfbcea9af39127c3eb1a57f88a95c970b09e0095fc26c4802ab4a7bbc97a1
2,8,0.4999999999999999,G2b,EXPLICIT_HEII_ATOMIC,0.0,0.0,0.0,0,0,0,36bd753facc985aad613c884a2040210d208b1aa520e957b31ba2e1e19cd4185
2,8,0.4999999999999999,G3,EFFECTIVE_HI_SUBGRID,0.0,0.0,0.0,0,0,0,36bd753facc985aad613c884a2040210d208b1aa520e957b31ba2e1e19cd4185
2,8,0.4999999999999999,G3,EXPLICIT_HI_ATOMIC,0.0,0.0,0.0,0,0,46080,36bd753facc985aad613c884a2040210d208b1aa520e957b31ba2e1e19cd4185
2,8,0.4999999999999999,G3,EXPLICIT_HEI_ATOMIC,0.0,0.0,0.0,0,0,46080,36bd753facc985aad613c884a2040210d208b1aa520e957b31ba2e1e19cd4185
2,8,0.4999999999999999,G3,EXPLICIT_HEII_ATOMIC,0.0,0.0,0.0,0,0,46080,36bd753facc985aad613c884a2040210d208b1aa520e957b31ba2e1e19cd4185
2,9,0.5975451610080641,G1,EFFECTIVE_HI_SUBGRID,3.298884218252893e+50,0.0,8.004731543810343e-166,0,0,46080,e8950afb2e2b94252eff61729633b155b7954c77e155ce3e1c16cd91d27607d6
2,9,0.5975451610080641,G1,EXPLICIT_HI_ATOMIC,0.0,0.0,0.0,0,0,0,36bd753facc985aad613c884a2040210d208b1aa520e957b31ba2e1e19cd4185
2,9,0.5975451610080641,G1,EXPLICIT_HEI_ATOMIC,0.0,0.0,0.0,0,0,0,36bd753facc985aad613c884a2040210d208b1aa520e957b31ba2e1e19cd4185
2,9,0.5975451610080641,G1,EXPLICIT_HEII_ATOMIC,0.0,0.0,0.0,0,0,0,36bd753facc985aad613c884a2040210d208b1aa520e957b31ba2e1e19cd4185
2,9,0.5975451610080641,G2a,EFFECTIVE_HI_SUBGRID,1.7050022897051084e+50,0.0,4.0040926535774284e-166,0,0,46080,3a2bffad0d21581e68df87c2f5519167b6171f6cfa9b3569e392081b650a0fc1
2,9,0.5975451610080641,G2a,EXPLICIT_HI_ATOMIC,0.0,0.0,0.0,0,0,0,36bd753facc985aad613c884a2040210d208b1aa520e957b31ba2e1e19cd4185
2,9,0.5975451610080641,G2a,EXPLICIT_HEI_ATOMIC,4.373966194441326e+48,0.0,6.72406461851582e-167,0,0,46080,1ce59b2ad5ba0376cfd750a0ff5ce1188a022642b21fd976ced6e3b8a2a0ed4f
2,9,0.5975451610080641,G2a,EXPLICIT_HEII_ATOMIC,0.0,0.0,0.0,0,0,0,36bd753facc985aad613c884a2040210d208b1aa520e957b31ba2e1e19cd4185
2,9,0.5975451610080641,G2b,EFFECTIVE_HI_SUBGRID,0.0,0.0,0.0,0,0,0,36bd753facc985aad613c884a2040210d208b1aa520e957b31ba2e1e19cd4185
2,9,0.5975451610080641,G2b,EXPLICIT_HI_ATOMIC,4.876648048174054e+48,0.0,1.1346552511237225e-167,0,0,46080,a18b8d57de0b6eb0a579d064332c60a3c632ca8bae8a8a9f6ba7c0f86aa26a7f
2,9,0.5975451610080641,G2b,EXPLICIT_HEI_ATOMIC,3.612213899252936e+48,0.0,5.553028668887568e-167,0,0,46080,66dd78dc07c7358cb7117391f83473647bdc6f657695bc56ea00244f52ea83fa
2,9,0.5975451610080641,G2b,EXPLICIT_HEII_ATOMIC,0.0,0.0,0.0,0,0,0,36bd753facc985aad613c884a2040210d208b1aa520e957b31ba2e1e19cd4185
2,9,0.5975451610080641,G3,EFFECTIVE_HI_SUBGRID,0.0,0.0,0.0,0,0,0,36bd753facc985aad613c884a2040210d208b1aa520e957b31ba2e1e19cd4185
2,9,0.5975451610080641,G3,EXPLICIT_HI_ATOMIC,0.0,0.0,0.0,0,0,46080,36bd753facc985aad613c884a2040210d208b1aa520e957b31ba2e1e19cd4185
2,9,0.5975451610080641,G3,EXPLICIT_HEI_ATOMIC,0.0,0.0,0.0,0,0,46080,36bd753facc985aad613c884a2040210d208b1aa520e957b31ba2e1e19cd4185
2,9,0.5975451610080641,G3,EXPLICIT_HEII_ATOMIC,0.0,0.0,0.0,0,0,46080,36bd753facc985aad613c884a2040210d208b1aa520e957b31ba2e1e19cd4185
2,10,0.6913417161825448,G1,EFFECTIVE_HI_SUBGRID,3.296958956993232e+50,0.0,7.998561989780973e-166,0,0,46080,1d4b390e95da95bdee7c1bf5a7f713a507800c9f4dc2bfeb63fabcf9b218ce22
2,10,0.6913417161825448,G1,EXPLICIT_HI_ATOMIC,0.0,0.0,0.0,0,0,0,36bd753facc985aad613c884a2040210d208b1aa520e957b31ba2e1e19cd4185
2,10,0.6913417161825448,G1,EXPLICIT_HEI_ATOMIC,0.0,0.0,0.0,0,0,0,36bd753facc985aad613c884a2040210d208b1aa520e957b31ba2e1e19cd4185
2,10,0.6913417161825448,G1,EXPLICIT_HEII_ATOMIC,0.0,0.0,0.0,0,0,0,36bd753facc985aad613c884a2040210d208b1aa520e957b31ba2e1e19cd4185
2,10,0.6913417161825448,G2a,EFFECTIVE_HI_SUBGRID,1.7102681047382891e+50,0.0,4.0105449440294805e-166,0,0,46080,860c05cb9ed0786a229d9937f84b0b1f4de5bb41ed0262eb5e529fbee877f5be
2,10,0.6913417161825448,G2a,EXPLICIT_HI_ATOMIC,0.0,0.0,0.0,0,0,0,36bd753facc985aad613c884a2040210d208b1aa520e957b31ba2e1e19cd4185
2,10,0.6913417161825448,G2a,EXPLICIT_HEI_ATOMIC,4.2467183966975986e+48,0.0,6.520079583098751e-167,0,0,46080,20f90ed4c8a3ca6f6017b2814ebc202b66e9d411d29654f0a40d015883d9af0b
2,10,0.6913417161825448,G2a,EXPLICIT_HEII_ATOMIC,0.0,0.0,0.0,0,0,0,36bd753facc985aad613c884a2040210d208b1aa520e957b31ba2e1e19cd4185
2,10,0.6913417161825448,G2b,EFFECTIVE_HI_SUBGRID,0.0,0.0,0.0,0,0,0,36bd753facc985aad613c884a2040210d208b1aa520e957b31ba2e1e19cd4185
2,10,0.6913417161825448,G2b,EXPLICIT_HI_ATOMIC,5.1971373553867944e+48,0.0,1.2069662775502165e-167,0,0,46080,1869639f0081e52d8fe84c77d56769c4e1ba38c868eb6e43f2292d7050f7a257
2,10,0.6913417161825448,G2b,EXPLICIT_HEI_ATOMIC,3.7638982360205705e+48,0.0,5.7787952364873145e-167,0,0,46080,b4a9f5df104585c11e520db88435acdc875f8512b3fbab3476904fa9c95c86d9
2,10,0.6913417161825448,G2b,EXPLICIT_HEII_ATOMIC,0.0,0.0,0.0,0,0,0,36bd753facc985aad613c884a2040210d208b1aa520e957b31ba2e1e19cd4185
2,10,0.6913417161825448,G3,EFFECTIVE_HI_SUBGRID,0.0,0.0,0.0,0,0,0,36bd753facc985aad613c884a2040210d208b1aa520e957b31ba2e1e19cd4185
2,10,0.6913417161825448,G3,EXPLICIT_HI_ATOMIC,0.0,0.0,0.0,0,0,46080,36bd753facc985aad613c884a2040210d208b1aa520e957b31ba2e1e19cd4185
2,10,0.6913417161825448,G3,EXPLICIT_HEI_ATOMIC,0.0,0.0,0.0,0,0,46080,36bd753facc985aad613c884a2040210d208b1aa520e957b31ba2e1e19cd4185
2,10,0.6913417161825448,G3,EXPLICIT_HEII_ATOMIC,0.0,0.0,0.0,0,0,46080,36bd753facc985aad613c884a2040210d208b1aa520e957b31ba2e1e19cd4185
2,11,0.777785116509801,G1,EFFECTIVE_HI_SUBGRID,3.2954721360241244e+50,0.0,7.994377836048244e-166,0,0,46080,68c41d206f414b36198fdee614e7ea731c7ea63799eef5ff2bb6511d5d454633
2,11,0.777785116509801,G1,EXPLICIT_HI_ATOMIC,0.0,0.0,0.0,0,0,0,36bd753facc985aad613c884a2040210d208b1aa520e957b31ba2e1e19cd4185
2,11,0.777785116509801,G1,EXPLICIT_HEI_ATOMIC,0.0,0.0,0.0,0,0,0,36bd753facc985aad613c884a2040210d208b1aa520e957b31ba2e1e19cd4185
2,11,0.777785116509801,G1,EXPLICIT_HEII_ATOMIC,0.0,0.0,0.0,0,0,0,36bd753facc985aad613c884a2040210d208b1aa520e957b31ba2e1e19cd4185
2,11,0.777785116509801,G2a,EFFECTIVE_HI_SUBGRID,1.7152663860667788e+50,0.0,4.0168933232982096e-166,0,0,46080,3565d0297b42752618356a7f748f08076627d50f7d465984ae4947507a8d50b3
2,11,0.777785116509801,G2a,EXPLICIT_HI_ATOMIC,0.0,0.0,0.0,0,0,0,36bd753facc985aad613c884a2040210d208b1aa520e957b31ba2e1e19cd4185
2,11,0.777785116509801,G2a,EXPLICIT_HEI_ATOMIC,4.125995564255211e+48,0.0,6.3272234282735174e-167,0,0,46080,1aeaa685b6803c83a168461d89e7021546829cf2da238e345663be43c0b15014
2,11,0.777785116509801,G2a,EXPLICIT_HEII_ATOMIC,0.0,0.0,0.0,0,0,0,36bd753facc985aad613c884a2040210d208b1aa520e957b31ba2e1e19cd4185
2,11,0.777785116509801,G2b,EFFECTIVE_HI_SUBGRID,0.0,0.0,0.0,0,0,0,36bd753facc985aad613c884a2040210d208b1aa520e957b31ba2e1e19cd4185
2,11,0.777785116509801,G2b,EXPLICIT_HI_ATOMIC,5.512631738793436e+48,0.0,1.2780262288354636e-167,0,0,46080,a70f0870362eda33b21d9ba2f4091406cf5d765f5571dc2874d0b93c69d976f9
2,11,0.777785116509801,G2b,EXPLICIT_HEI_ATOMIC,3.90736737460564e+48,0.0,5.9919566103409364e-167,0,0,46080,b5debe87efe0d6a1951bbb3a611b239ee3fb5da592d1728b124c56d0c07bfb5e
2,11,0.777785116509801,G2b,EXPLICIT_HEII_ATOMIC,0.0,0.0,0.0,0,0,0,36bd753facc985aad613c884a2040210d208b1aa520e957b31ba2e1e19cd4185
2,11,0.777785116509801,G3,EFFECTIVE_HI_SUBGRID,0.0,0.0,0.0,0,0,0,36bd753facc985aad613c884a2040210d208b1aa520e957b31ba2e1e19cd4185
2,11,0.777785116509801,G3,EXPLICIT_HI_ATOMIC,0.0,0.0,0.0,0,0,46080,36bd753facc985aad613c884a2040210d208b1aa520e957b31ba2e1e19cd4185
2,11,0.777785116509801,G3,EXPLICIT_HEI_ATOMIC,0.0,0.0,0.0,0,0,46080,36bd753facc985aad613c884a2040210d208b1aa520e957b31ba2e1e19cd4185
2,11,0.777785116509801,G3,EXPLICIT_HEII_ATOMIC,0.0,0.0,0.0,0,0,46080,36bd753facc985aad613c884a2040210d208b1aa520e957b31ba2e1e19cd4185
2,12,0.8535533905932737,G1,EFFECTIVE_HI_SUBGRID,3.2943972788283086e+50,0.0,7.991971296835474e-166,0,0,46080,d4454c329d8a46e9d10a3d5ec00ceac041ff0d776a32ca7b8346f7b2a28b1fb1
2,12,0.8535533905932737,G1,EXPLICIT_HI_ATOMIC,0.0,0.0,0.0,0,0,0,36bd753facc985aad613c884a2040210d208b1aa520e957b31ba2e1e19cd4185
2,12,0.8535533905932737,G1,EXPLICIT_HEI_ATOMIC,0.0,0.0,0.0,0,0,0,36bd753facc985aad613c884a2040210d208b1aa520e957b31ba2e1e19cd4185
2,12,0.8535533905932737,G1,EXPLICIT_HEII_ATOMIC,0.0,0.0,0.0,0,0,0,36bd753facc985aad613c884a2040210d208b1aa520e957b31ba2e1e19cd4185
2,12,0.8535533905932737,G2a,EFFECTIVE_HI_SUBGRID,1.7197719924451646e+50,0.0,4.022807323206221e-166,0,0,46080,e163eb9462f6b696be1f78ce76595f5ea852f9d023ccc60ae348c2d52f874227
2,12,0.8535533905932737,G2a,EXPLICIT_HI_ATOMIC,0.0,0.0,0.0,0,0,0,36bd753facc985aad613c884a2040210d208b1aa520e957b31ba2e1e19cd4185
2,12,0.8535533905932737,G2a,EXPLICIT_HEI_ATOMIC,4.0172757076946256e+48,0.0,6.15408254377853e-167,0,0,46080,e012fe51eb51aa55c99bc76e34ff3f0ee08bb9a2841471aaa7d2ca7d90f03eea
2,12,0.8535533905932737,G2a,EXPLICIT_HEII_ATOMIC,0.0,0.0,0.0,0,0,0,36bd753facc985aad613c884a2040210d208b1aa520e957b31ba2e1e19cd4185
2,12,0.8535533905932737,G2b,EFFECTIVE_HI_SUBGRID,0.0,0.0,0.0,0,0,0,36bd753facc985aad613c884a2040210d208b1aa520e957b31ba2e1e19cd4185
2,12,0.8535533905932737,G2b,EXPLICIT_HI_ATOMIC,5.806806676174473e+48,0.0,1.3441845728288246e-167,0,0,46080,0a7c8fd0df006d9c46e3f6d39a144275dba1610407bec7feef462ae5728cd6b6
2,12,0.8535533905932737,G2b,EXPLICIT_HEI_ATOMIC,4.0362228287465176e+48,0.0,6.183107722881118e-167,0,0,46080,721bb793299afb544a452b63cb0ba6125ffe4bda17dec16a215c8711d332b798
2,12,0.8535533905932737,G2b,EXPLICIT_HEII_ATOMIC,0.0,0.0,0.0,0,0,0,36bd753facc985aad613c884a2040210d208b1aa520e957b31ba2e1e19cd4185
2,12,0.8535533905932737,G3,EFFECTIVE_HI_SUBGRID,0.0,0.0,0.0,0,0,0,36bd753facc985aad613c884a2040210d208b1aa520e957b31ba2e1e19cd4185
2,12,0.8535533905932737,G3,EXPLICIT_HI_ATOMIC,0.0,0.0,0.0,0,0,46080,36bd753facc985aad613c884a2040210d208b1aa520e957b31ba2e1e19cd4185
2,12,0.8535533905932737,G3,EXPLICIT_HEI_ATOMIC,0.0,0.0,0.0,0,0,46080,36bd753facc985aad613c884a2040210d208b1aa520e957b31ba2e1e19cd4185
2,12,0.8535533905932737,G3,EXPLICIT_HEII_ATOMIC,0.0,0.0,0.0,0,0,46080,36bd753facc985aad613c884a2040210d208b1aa520e957b31ba2e1e19cd4185
2,13,0.9157348061512728,G1,EFFECTIVE_HI_SUBGRID,3.2936743887987776e+50,0.0,7.990927006958788e-166,0,0,46080,7602f9ddf75529a6016590d3bd2d43c402d9b5eb1d8cfe8bbdb7d8f500899d1d
2,13,0.9157348061512728,G1,EXPLICIT_HI_ATOMIC,0.0,0.0,0.0,0,0,0,36bd753facc985aad613c884a2040210d208b1aa520e957b31ba2e1e19cd4185
2,13,0.9157348061512728,G1,EXPLICIT_HEI_ATOMIC,0.0,0.0,0.0,0,0,0,36bd753facc985aad613c884a2040210d208b1aa520e957b31ba2e1e19cd4185
2,13,0.9157348061512728,G1,EXPLICIT_HEII_ATOMIC,0.0,0.0,0.0,0,0,0,36bd753facc985aad613c884a2040210d208b1aa520e957b31ba2e1e19cd4185
2,13,0.9157348061512728,G2a,EFFECTIVE_HI_SUBGRID,1.723560907513846e+50,0.0,4.027921465382189e-166,0,0,46080,a1f13d55feffb53ddbb34b9ab3de1f69898101101dea2ade96772be4138ae81e
2,13,0.9157348061512728,G2a,EXPLICIT_HI_ATOMIC,0.0,0.0,0.0,0,0,0,36bd753facc985aad613c884a2040210d208b1aa520e957b31ba2e1e19cd4185
2,13,0.9157348061512728,G2a,EXPLICIT_HEI_ATOMIC,3.925899717944594e+48,0.0,6.008947478674063e-167,0,0,46080,93114a7cb55896620317fc6cd0602ba7c63178e12ad3b221d2fc08d7421cd283
2,13,0.9157348061512728,G2a,EXPLICIT_HEII_ATOMIC,0.0,0.0,0.0,0,0,0,36bd753facc985aad613c884a2040210d208b1aa520e957b31ba2e1e19cd4185
2,13,0.9157348061512728,G2b,EFFECTIVE_HI_SUBGRID,0.0,0.0,0.0,0,0,0,36bd753facc985aad613c884a2040210d208b1aa520e957b31ba2e1e19cd4185
2,13,0.9157348061512728,G2b,EXPLICIT_HI_ATOMIC,6.06178362370421e+48,0.0,1.4014568827615889e-167,0,0,46080,75ad4e15dfedeb3b48b4c27ec24d3f20826391ddb82ac9f1b2a151e5dddae9be
2,13,0.9157348061512728,G2b,EXPLICIT_HEI_ATOMIC,4.144275735776141e+48,0.0,6.343191885313864e-167,0,0,46080,c1666a3107241e8bc30a145c60e63bcc5be40370667f507a8ec53f5cea697385
2,13,0.9157348061512728,G2b,EXPLICIT_HEII_ATOMIC,0.0,0.0,0.0,0,0,0,36bd753facc985aad613c884a2040210d208b1aa520e957b31ba2e1e19cd4185
2,13,0.9157348061512728,G3,EFFECTIVE_HI_SUBGRID,0.0,0.0,0.0,0,0,0,36bd753facc985aad613c884a2040210d208b1aa520e957b31ba2e1e19cd4185
2,13,0.9157348061512728,G3,EXPLICIT_HI_ATOMIC,0.0,0.0,0.0,0,0,46080,36bd753facc985aad613c884a2040210d208b1aa520e957b31ba2e1e19cd4185
2,13,0.9157348061512728,G3,EXPLICIT_HEI_ATOMIC,0.0,0.0,0.0,0,0,46080,36bd753facc985aad613c884a2040210d208b1aa520e957b31ba2e1e19cd4185
2,13,0.9157348061512728,G3,EXPLICIT_HEII_ATOMIC,0.0,0.0,0.0,0,0,46080,36bd753facc985aad613c884a2040210d208b1aa520e957b31ba2e1e19cd4185
2,14,0.9619397662556434,G1,EFFECTIVE_HI_SUBGRID,3.293229425114014e+50,0.0,7.990720169436108e-166,0,0,46080,f72333951d05fef8dbe1c0db38bff0336c7031678640f553591bf7c70ddf6932
2,14,0.9619397662556434,G1,EXPLICIT_HI_ATOMIC,0.0,0.0,0.0,0,0,0,36bd753facc985aad613c884a2040210d208b1aa520e957b31ba2e1e19cd4185
2,14,0.9619397662556434,G1,EXPLICIT_HEI_ATOMIC,0.0,0.0,0.0,0,0,0,36bd753facc985aad613c884a2040210d208b1aa520e957b31ba2e1e19cd4185
2,14,0.9619397662556434,G1,EXPLICIT_HEII_ATOMIC,0.0,0.0,0.0,0,0,0,36bd753facc985aad613c884a2040210d208b1aa520e957b31ba2e1e19cd4185
2,14,0.9619397662556434,G2a,EFFECTIVE_HI_SUBGRID,1.7264306267570529e+50,0.0,4.031879777246859e-166,0,0,46080,9eb85f8dc82f934947c2960954b079ebdd545ff9c5cb5ef54b3f3218f2a1e2d0
2,14,0.9619397662556434,G2a,EXPLICIT_HI_ATOMIC,0.0,0.0,0.0,0,0,0,36bd753facc985aad613c884a2040210d208b1aa520e957b31ba2e1e19cd4185
2,14,0.9619397662556434,G2a,EXPLICIT_HEI_ATOMIC,3.856680215440034e+48,0.0,5.8992326619339775e-167,0,0,46080,721fc86d9d0a4f11d02b8e1f26594250ad6e580c6e1980b8a052494d1a9170fb
2,14,0.9619397662556434,G2a,EXPLICIT_HEII_ATOMIC,0.0,0.0,0.0,0,0,0,36bd753facc985aad613c884a2040210d208b1aa520e957b31ba2e1e19cd4185
2,14,0.9619397662556434,G2b,EFFECTIVE_HI_SUBGRID,0.0,0.0,0.0,0,0,0,36bd753facc985aad613c884a2040210d208b1aa520e957b31ba2e1e19cd4185
2,14,0.9619397662556434,G2b,EXPLICIT_HI_ATOMIC,6.25983381146484e+48,0.0,1.4459008300944455e-167,0,0,46080,2e82967cb8fbdb08ea6d1d67bc44a3c8498cbcc2b036093ae2a40bb4efb5496d
2,14,0.9619397662556434,G2b,EXPLICIT_HEI_ATOMIC,4.225983160047943e+48,0.0,6.4641236747427235e-167,0,0,46080,0eb0a22b1bfea20d288ee34edf78cf5fcd16a8b415cfec0f69a574e18f121b3c
2,14,0.9619397662556434,G2b,EXPLICIT_HEII_ATOMIC,0.0,0.0,0.0,0,0,0,36bd753facc985aad613c884a2040210d208b1aa520e957b31ba2e1e19cd4185
2,14,0.9619397662556434,G3,EFFECTIVE_HI_SUBGRID,0.0,0.0,0.0,0,0,0,36bd753facc985aad613c884a2040210d208b1aa520e957b31ba2e1e19cd4185
2,14,0.9619397662556434,G3,EXPLICIT_HI_ATOMIC,0.0,0.0,0.0,0,0,46080,36bd753facc985aad613c884a2040210d208b1aa520e957b31ba2e1e19cd4185
2,14,0.9619397662556434,G3,EXPLICIT_HEI_ATOMIC,0.0,0.0,0.0,0,0,46080,36bd753facc985aad613c884a2040210d208b1aa520e957b31ba2e1e19cd4185
2,14,0.9619397662556434,G3,EXPLICIT_HEII_ATOMIC,0.0,0.0,0.0,0,0,46080,36bd753facc985aad613c884a2040210d208b1aa520e957b31ba2e1e19cd4185
2,15,0.9903926402016152,G1,EFFECTIVE_HI_SUBGRID,3.292994042822661e+50,0.0,7.990842638266589e-166,0,0,46080,26675509d0ba780bab034743310641007b7d17d85251369a0058d93053eaf7d2
2,15,0.9903926402016152,G1,EXPLICIT_HI_ATOMIC,0.0,0.0,0.0,0,0,0,36bd753facc985aad613c884a2040210d208b1aa520e957b31ba2e1e19cd4185
2,15,0.9903926402016152,G1,EXPLICIT_HEI_ATOMIC,0.0,0.0,0.0,0,0,0,36bd753facc985aad613c884a2040210d208b1aa520e957b31ba2e1e19cd4185
2,15,0.9903926402016152,G1,EXPLICIT_HEII_ATOMIC,0.0,0.0,0.0,0,0,0,36bd753facc985aad613c884a2040210d208b1aa520e957b31ba2e1e19cd4185
2,15,0.9903926402016152,G2a,EFFECTIVE_HI_SUBGRID,1.7282208013734835e+50,0.0,4.034385591787648e-166,0,0,46080,1869fa55c964861d316829bc5089f09a5b2345316647a44bb8b10edc7d9d6264
2,15,0.9903926402016152,G2a,EXPLICIT_HI_ATOMIC,0.0,0.0,0.0,0,0,0,36bd753facc985aad613c884a2040210d208b1aa520e957b31ba2e1e19cd4185
2,15,0.9903926402016152,G2a,EXPLICIT_HEI_ATOMIC,3.813472987388461e+48,0.0,5.830846016905175e-167,0,0,46080,842b46b8a3e15dc20d7c5e633e719ed087c201aa52e0fabb345cf26a3d1dca18
2,15,0.9903926402016152,G2a,EXPLICIT_HEII_ATOMIC,0.0,0.0,0.0,0,0,0,36bd753facc985aad613c884a2040210d208b1aa520e957b31ba2e1e19cd4185
2,15,0.9903926402016152,G2b,EFFECTIVE_HI_SUBGRID,0.0,0.0,0.0,0,0,0,36bd753facc985aad613c884a2040210d208b1aa520e957b31ba2e1e19cd4185
2,15,0.9903926402016152,G2b,EXPLICIT_HI_ATOMIC,6.385667823155915e+48,0.0,1.4741212047007776e-167,0,0,46080,a090496ac8e75561326b2866b52d276cecf26c6effd926321902c067d46af1c4
2,15,0.9903926402016152,G2b,EXPLICIT_HEI_ATOMIC,4.276923446223882e+48,0.0,6.5394673368595034e-167,0,0,46080,4559251f0d5719cd69668567b3677d9f908055f2d6eac026193b832b63b8e35e
2,15,0.9903926402016152,G2b,EXPLICIT_HEII_ATOMIC,0.0,0.0,0.0,0,0,0,36bd753facc985aad613c884a2040210d208b1aa520e957b31ba2e1e19cd4185
2,15,0.9903926402016152,G3,EFFECTIVE_HI_SUBGRID,0.0,0.0,0.0,0,0,0,36bd753facc985aad613c884a2040210d208b1aa520e957b31ba2e1e19cd4185
2,15,0.9903926402016152,G3,EXPLICIT_HI_ATOMIC,0.0,0.0,0.0,0,0,46080,36bd753facc985aad613c884a2040210d208b1aa520e957b31ba2e1e19cd4185
2,15,0.9903926402016152,G3,EXPLICIT_HEI_ATOMIC,0.0,0.0,0.0,0,0,46080,36bd753facc985aad613c884a2040210d208b1aa520e957b31ba2e1e19cd4185
2,15,0.9903926402016152,G3,EXPLICIT_HEII_ATOMIC,0.0,0.0,0.0,0,0,46080,36bd753facc985aad613c884a2040210d208b1aa520e957b31ba2e1e19cd4185
2,16,1.0,G1,EFFECTIVE_HI_SUBGRID,3.292921139857026e+50,0.0,7.990927910896e-166,0,0,46080,d58a4b6238248a27ed01db1c07cdecb17275892f61051c921e58307cf36d181c
2,16,1.0,G1,EXPLICIT_HI_ATOMIC,0.0,0.0,0.0,0,0,0,36bd753facc985aad613c884a2040210d208b1aa520e957b31ba2e1e19cd4185
2,16,1.0,G1,EXPLICIT_HEI_ATOMIC,0.0,0.0,0.0,0,0,0,36bd753facc985aad613c884a2040210d208b1aa520e957b31ba2e1e19cd4185
2,16,1.0,G1,EXPLICIT_HEII_ATOMIC,0.0,0.0,0.0,0,0,0,36bd753facc985aad613c884a2040210d208b1aa520e957b31ba2e1e19cd4185
2,16,1.0,G2a,EFFECTIVE_HI_SUBGRID,1.7288291968452687e+50,0.0,4.035243526349363e-166,0,0,46080,13d8db90f1a5c06072c2f16a4793373b4d68fae216c8c259a5ab304d80f6fc93
2,16,1.0,G2a,EXPLICIT_HI_ATOMIC,0.0,0.0,0.0,0,0,0,36bd753facc985aad613c884a2040210d208b1aa520e957b31ba2e1e19cd4185
2,16,1.0,G2a,EXPLICIT_HEI_ATOMIC,3.7987810912837444e+48,0.0,5.807609243542142e-167,0,0,46080,571f9687020153df6ea6d454869bd7f7f6e5599c4037adde76fb017262ef2777
2,16,1.0,G2a,EXPLICIT_HEII_ATOMIC,0.0,0.0,0.0,0,0,0,36bd753facc985aad613c884a2040210d208b1aa520e957b31ba2e1e19cd4185
2,16,1.0,G2b,EFFECTIVE_HI_SUBGRID,0.0,0.0,0.0,0,0,0,36bd753facc985aad613c884a2040210d208b1aa520e957b31ba2e1e19cd4185
2,16,1.0,G2b,EXPLICIT_HI_ATOMIC,6.428850388114788e+48,0.0,1.4838025680069466e-167,0,0,46080,9e096c6c6cc2ee26e69297cc2b86c2753e2d7027a6a4e18fa8c5fa31271ba6ff
2,16,1.0,G2b,EXPLICIT_HEI_ATOMIC,4.294234147307549e+48,0.0,6.565062141922413e-167,0,0,46080,6e87b54178d7bdf3fb8abaa006afe5f5cfc653964bfd6df4edf28de969e1864f
2,16,1.0,G2b,EXPLICIT_HEII_ATOMIC,0.0,0.0,0.0,0,0,0,36bd753facc985aad613c884a2040210d208b1aa520e957b31ba2e1e19cd4185
2,16,1.0,G3,EFFECTIVE_HI_SUBGRID,0.0,0.0,0.0,0,0,0,36bd753facc985aad613c884a2040210d208b1aa520e957b31ba2e1e19cd4185
2,16,1.0,G3,EXPLICIT_HI_ATOMIC,0.0,0.0,0.0,0,0,46080,36bd753facc985aad613c884a2040210d208b1aa520e957b31ba2e1e19cd4185
2,16,1.0,G3,EXPLICIT_HEI_ATOMIC,0.0,0.0,0.0,0,0,46080,36bd753facc985aad613c884a2040210d208b1aa520e957b31ba2e1e19cd4185
2,16,1.0,G3,EXPLICIT_HEII_ATOMIC,0.0,0.0,0.0,0,0,46080,36bd753facc985aad613c884a2040210d208b1aa520e957b31ba2e1e19cd4185
3,0,0.0,G1,EFFECTIVE_HI_SUBGRID,2.458491314949076e+50,0.0,5.959976552615847e-166,0,0,46080,ffbf39d96dd92092ff2483f3708f59f7aea669041964a7e1cb84f3073f7134f1
3,0,0.0,G1,EXPLICIT_HI_ATOMIC,0.0,0.0,0.0,0,0,0,36bd753facc985aad613c884a2040210d208b1aa520e957b31ba2e1e19cd4185
3,0,0.0,G1,EXPLICIT_HEI_ATOMIC,0.0,0.0,0.0,0,0,0,36bd753facc985aad613c884a2040210d208b1aa520e957b31ba2e1e19cd4185
3,0,0.0,G1,EXPLICIT_HEII_ATOMIC,0.0,0.0,0.0,0,0,0,36bd753facc985aad613c884a2040210d208b1aa520e957b31ba2e1e19cd4185
3,0,0.0,G2a,EFFECTIVE_HI_SUBGRID,1.123342460112602e+50,0.0,2.6213454771553563e-166,0,0,46080,6ec6c1953fbb0b2b591c3142f59fee826e8754b6c387a8851595edafc5082dc6
3,0,0.0,G2a,EXPLICIT_HI_ATOMIC,0.0,0.0,0.0,0,0,0,36bd753facc985aad613c884a2040210d208b1aa520e957b31ba2e1e19cd4185
3,0,0.0,G2a,EXPLICIT_HEI_ATOMIC,3.6318378290772565e+48,0.0,5.55238358468899e-167,0,0,46080,9f2cfd6b767db0e25937fb2cb830da5bf7c37ee7a343ab77a478723f05dbbf58
3,0,0.0,G2a,EXPLICIT_HEII_ATOMIC,0.0,0.0,0.0,0,0,0,36bd753facc985aad613c884a2040210d208b1aa520e957b31ba2e1e19cd4185
3,0,0.0,G2b,EFFECTIVE_HI_SUBGRID,0.0,0.0,0.0,0,0,0,36bd753facc985aad613c884a2040210d208b1aa520e957b31ba2e1e19cd4185
3,0,0.0,G2b,EXPLICIT_HI_ATOMIC,6.147335788460182e+48,0.0,1.4188268063838697e-167,0,0,46080,bb186cbb9c129154ce6f7a4d260f20377f920cb5e072b220ea64c4c969b038be
3,0,0.0,G2b,EXPLICIT_HEI_ATOMIC,4.1061928127337085e+48,0.0,6.277581390461796e-167,0,0,46080,8363fe54aab5ece7ff2be1682df0cdedc270fa7a87051e4114313ffe7b7af2dd
3,0,0.0,G2b,EXPLICIT_HEII_ATOMIC,0.0,0.0,0.0,0,0,0,36bd753facc985aad613c884a2040210d208b1aa520e957b31ba2e1e19cd4185
3,0,0.0,G3,EFFECTIVE_HI_SUBGRID,0.0,0.0,0.0,0,0,0,36bd753facc985aad613c884a2040210d208b1aa520e957b31ba2e1e19cd4185
3,0,0.0,G3,EXPLICIT_HI_ATOMIC,0.0,0.0,0.0,0,0,46080,36bd753facc985aad613c884a2040210d208b1aa520e957b31ba2e1e19cd4185
3,0,0.0,G3,EXPLICIT_HEI_ATOMIC,0.0,0.0,0.0,0,0,46080,36bd753facc985aad613c884a2040210d208b1aa520e957b31ba2e1e19cd4185
3,0,0.0,G3,EXPLICIT_HEII_ATOMIC,0.0,0.0,0.0,0,0,46080,36bd753facc985aad613c884a2040210d208b1aa520e957b31ba2e1e19cd4185
3,1,0.0096073597983847,G1,EFFECTIVE_HI_SUBGRID,2.480389707705092e+50,0.0,6.008317953154698e-166,0,0,46080,598808b120c1247695ea34dd362bb944450cdad1a3723a8af56db5ec5615ac06
3,1,0.0096073597983847,G1,EXPLICIT_HI_ATOMIC,0.0,0.0,0.0,0,0,0,36bd753facc985aad613c884a2040210d208b1aa520e957b31ba2e1e19cd4185
3,1,0.0096073597983847,G1,EXPLICIT_HEI_ATOMIC,0.0,0.0,0.0,0,0,0,36bd753facc985aad613c884a2040210d208b1aa520e957b31ba2e1e19cd4185
3,1,0.0096073597983847,G1,EXPLICIT_HEII_ATOMIC,0.0,0.0,0.0,0,0,0,36bd753facc985aad613c884a2040210d208b1aa520e957b31ba2e1e19cd4185
3,1,0.0096073597983847,G2a,EFFECTIVE_HI_SUBGRID,1.1156494813094095e+50,0.0,2.6025115912083874e-166,0,0,46080,1cb6943d5030e28103486bbab5fb4325c6495cee428308c80b2bbbcfdcad9ceb
3,1,0.0096073597983847,G2a,EXPLICIT_HI_ATOMIC,0.0,0.0,0.0,0,0,0,36bd753facc985aad613c884a2040210d208b1aa520e957b31ba2e1e19cd4185
3,1,0.0096073597983847,G2a,EXPLICIT_HEI_ATOMIC,3.597877973678359e+48,0.0,5.499721672778721e-167,0,0,46080,fb9c50ca92374562b57bcf7cb45b6b88646fc5e04d91db076e1dc053cd9ed2a6
3,1,0.0096073597983847,G2a,EXPLICIT_HEII_ATOMIC,0.0,0.0,0.0,0,0,0,36bd753facc985aad613c884a2040210d208b1aa520e957b31ba2e1e19cd4185
3,1,0.0096073597983847,G2b,EFFECTIVE_HI_SUBGRID,0.0,0.0,0.0,0,0,0,36bd753facc985aad613c884a2040210d208b1aa520e957b31ba2e1e19cd4185
3,1,0.0096073597983847,G2b,EXPLICIT_HI_ATOMIC,6.084843506550757e+48,0.0,1.4041259886084665e-167,0,0,46080,083b8e860163d856a9b2d0a8cd1abd5de4d5c9ca393ff425cc59889461a61180
3,1,0.0096073597983847,G2b,EXPLICIT_HEI_ATOMIC,4.0385548221378545e+48,0.0,6.173340965010221e-167,0,0,46080,f75fe8d6466bd532782b80668825533746084b61c5df971fe8fe04108d5453bf
3,1,0.0096073597983847,G2b,EXPLICIT_HEII_ATOMIC,0.0,0.0,0.0,0,0,0,36bd753facc985aad613c884a2040210d208b1aa520e957b31ba2e1e19cd4185
3,1,0.0096073597983847,G3,EFFECTIVE_HI_SUBGRID,0.0,0.0,0.0,0,0,0,36bd753facc985aad613c884a2040210d208b1aa520e957b31ba2e1e19cd4185
3,1,0.0096073597983847,G3,EXPLICIT_HI_ATOMIC,0.0,0.0,0.0,0,0,46080,36bd753facc985aad613c884a2040210d208b1aa520e957b31ba2e1e19cd4185
3,1,0.0096073597983847,G3,EXPLICIT_HEI_ATOMIC,0.0,0.0,0.0,0,0,46080,36bd753facc985aad613c884a2040210d208b1aa520e957b31ba2e1e19cd4185
3,1,0.0096073597983847,G3,EXPLICIT_HEII_ATOMIC,0.0,0.0,0.0,0,0,46080,36bd753facc985aad613c884a2040210d208b1aa520e957b31ba2e1e19cd4185
3,2,0.0380602337443566,G1,EFFECTIVE_HI_SUBGRID,2.539589715999971e+50,0.0,6.134413961082179e-166,0,0,46080,2f2126da5b19898b256b8d9f5077d3e7523565fdeaf2aa4a964bf0d47dad3f0d
3,2,0.0380602337443566,G1,EXPLICIT_HI_ATOMIC,0.0,0.0,0.0,0,0,0,36bd753facc985aad613c884a2040210d208b1aa520e957b31ba2e1e19cd4185
3,2,0.0380602337443566,G1,EXPLICIT_HEI_ATOMIC,0.0,0.0,0.0,0,0,0,36bd753facc985aad613c884a2040210d208b1aa520e957b31ba2e1e19cd4185
3,2,0.0380602337443566,G1,EXPLICIT_HEII_ATOMIC,0.0,0.0,0.0,0,0,0,36bd753facc985aad613c884a2040210d208b1aa520e957b31ba2e1e19cd4185
3,2,0.0380602337443566,G2a,EFFECTIVE_HI_SUBGRID,1.096516670149501e+50,0.0,2.555021660232358e-166,0,0,46080,85955d35f747b2b78a34e41dba00d8ec32f43079ab9b4acaa8d79793a10f3e75
3,2,0.0380602337443566,G2a,EXPLICIT_HI_ATOMIC,0.0,0.0,0.0,0,0,0,36bd753facc985aad613c884a2040210d208b1aa520e957b31ba2e1e19cd4185
3,2,0.0380602337443566,G2a,EXPLICIT_HEI_ATOMIC,3.608301732035179e+48,0.0,5.5134623895662635e-167,0,0,46080,a6a8b4fd93e2b5106cba0a835360b6067c407066b3d1d8f7fcab653b9a7e3a0c
3,2,0.0380602337443566,G2a,EXPLICIT_HEII_ATOMIC,0.0,0.0,0.0,0,0,0,36bd753facc985aad613c884a2040210d208b1aa520e957b31ba2e1e19cd4185
3,2,0.0380602337443566,G2b,EFFECTIVE_HI_SUBGRID,0.0,0.0,0.0,0,0,0,36bd753facc985aad613c884a2040210d208b1aa520e957b31ba2e1e19cd4185
3,2,0.0380602337443566,G2b,EXPLICIT_HI_ATOMIC,5.8327920360642905e+48,0.0,1.3451724513971945e-167,0,0,46080,85c99c3bc04b8a93dcd1288a2362d96c4856bd841ff124527194774cc75e376f
3,2,0.0380602337443566,G2b,EXPLICIT_HEI_ATOMIC,3.9644889306055466e+48,0.0,6.0577141924372624e-167,0,0,46080,03f5b52c2b22d67a1515a428da3f08c4d6d99fa4371e9de3f7b0a4708e54aa7f
3,2,0.0380602337443566,G2b,EXPLICIT_HEII_ATOMIC,0.0,0.0,0.0,0,0,0,36bd753facc985aad613c884a2040210d208b1aa520e957b31ba2e1e19cd4185
3,2,0.0380602337443566,G3,EFFECTIVE_HI_SUBGRID,0.0,0.0,0.0,0,0,0,36bd753facc985aad613c884a2040210d208b1aa520e957b31ba2e1e19cd4185
3,2,0.0380602337443566,G3,EXPLICIT_HI_ATOMIC,0.0,0.0,0.0,0,0,46080,36bd753facc985aad613c884a2040210d208b1aa520e957b31ba2e1e19cd4185
3,2,0.0380602337443566,G3,EXPLICIT_HEI_ATOMIC,0.0,0.0,0.0,0,0,46080,36bd753facc985aad613c884a2040210d208b1aa520e957b31ba2e1e19cd4185
3,2,0.0380602337443566,G3,EXPLICIT_HEII_ATOMIC,0.0,0.0,0.0,0,0,46080,36bd753facc985aad613c884a2040210d208b1aa520e957b31ba2e1e19cd4185
3,3,0.0842651938487273,G1,EFFECTIVE_HI_SUBGRID,2.6213042389327733e+50,0.0,6.30264650642866e-166,0,0,46080,3c74d5be8eb9c58c3421cf82e7d3cb592d1997a6ef30d4a0128f297ce9871c4a
3,3,0.0842651938487273,G1,EXPLICIT_HI_ATOMIC,0.0,0.0,0.0,0,0,0,36bd753facc985aad613c884a2040210d208b1aa520e957b31ba2e1e19cd4185
3,3,0.0842651938487273,G1,EXPLICIT_HEI_ATOMIC,0.0,0.0,0.0,0,0,0,36bd753facc985aad613c884a2040210d208b1aa520e957b31ba2e1e19cd4185
3,3,0.0842651938487273,G1,EXPLICIT_HEII_ATOMIC,0.0,0.0,0.0,0,0,0,36bd753facc985aad613c884a2040210d208b1aa520e957b31ba2e1e19cd4185
3,3,0.0842651938487273,G2a,EFFECTIVE_HI_SUBGRID,1.074462354423412e+50,0.0,2.499082081251189e-166,0,0,46080,67ab2e221add7df388cb7985ebb2119aa0bb0195cbdc324449b90e29b974ba58
3,3,0.0842651938487273,G2a,EXPLICIT_HI_ATOMIC,0.0,0.0,0.0,0,0,0,36bd753facc985aad613c884a2040210d208b1aa520e957b31ba2e1e19cd4185
3,3,0.0842651938487273,G2a,EXPLICIT_HEI_ATOMIC,3.6560244018779455e+48,0.0,5.58277629913599e-167,0,0,46080,c9da1d9d4582fb0dfdacbacea63f510820163615c45b6e53eebf87c4da705e39
3,3,0.0842651938487273,G2a,EXPLICIT_HEII_ATOMIC,0.0,0.0,0.0,0,0,0,36bd753facc985aad613c884a2040210d208b1aa520e957b31ba2e1e19cd4185
3,3,0.0842651938487273,G2b,EFFECTIVE_HI_SUBGRID,0.0,0.0,0.0,0,0,0,36bd753facc985aad613c884a2040210d208b1aa520e957b31ba2e1e19cd4185
3,3,0.0842651938487273,G2b,EXPLICIT_HI_ATOMIC,5.412161492033771e+48,0.0,1.2469736357919805e-167,0,0,46080,5da88855938938442af1b1c661d1ad08885002d79043ce53cd4c0ebe47af7e2a
3,3,0.0842651938487273,G2b,EXPLICIT_HEI_ATOMIC,3.8812977887626976e+48,0.0,5.926770426877666e-167,0,0,46080,12650bafadf29584ab1e07ff50bde3469f102dbd4823a389b68b58ded036ecfc
3,3,0.0842651938487273,G2b,EXPLICIT_HEII_ATOMIC,0.0,0.0,0.0,0,0,0,36bd753facc985aad613c884a2040210d208b1aa520e957b31ba2e1e19cd4185
3,3,0.0842651938487273,G3,EFFECTIVE_HI_SUBGRID,0.0,0.0,0.0,0,0,0,36bd753facc985aad613c884a2040210d208b1aa520e957b31ba2e1e19cd4185
3,3,0.0842651938487273,G3,EXPLICIT_HI_ATOMIC,0.0,0.0,0.0,0,0,46080,36bd753facc985aad613c884a2040210d208b1aa520e957b31ba2e1e19cd4185
3,3,0.0842651938487273,G3,EXPLICIT_HEI_ATOMIC,0.0,0.0,0.0,0,0,46080,36bd753facc985aad613c884a2040210d208b1aa520e957b31ba2e1e19cd4185
3,3,0.0842651938487273,G3,EXPLICIT_HEII_ATOMIC,0.0,0.0,0.0,0,0,46080,36bd753facc985aad613c884a2040210d208b1aa520e957b31ba2e1e19cd4185
3,4,0.1464466094067262,G1,EFFECTIVE_HI_SUBGRID,2.710958712548422e+50,0.0,6.483808245310807e-166,0,0,46080,0177f9492c6515a3978481f9be91644ee9e105d6ed09ce733dfda1a8ed55dac3
3,4,0.1464466094067262,G1,EXPLICIT_HI_ATOMIC,0.0,0.0,0.0,0,0,0,36bd753facc985aad613c884a2040210d208b1aa520e957b31ba2e1e19cd4185
3,4,0.1464466094067262,G1,EXPLICIT_HEI_ATOMIC,0.0,0.0,0.0,0,0,0,36bd753facc985aad613c884a2040210d208b1aa520e957b31ba2e1e19cd4185
3,4,0.1464466094067262,G1,EXPLICIT_HEII_ATOMIC,0.0,0.0,0.0,0,0,0,36bd753facc985aad613c884a2040210d208b1aa520e957b31ba2e1e19cd4185
3,4,0.1464466094067262,G2a,EFFECTIVE_HI_SUBGRID,1.056854148002297e+50,0.0,2.452676172520253e-166,0,0,46080,06d35a1e4b88d6969bfa836b9e36b0659671fb32a84c28c3520c853b01361199
3,4,0.1464466094067262,G2a,EXPLICIT_HI_ATOMIC,0.0,0.0,0.0,0,0,0,36bd753facc985aad613c884a2040210d208b1aa520e957b31ba2e1e19cd4185
3,4,0.1464466094067262,G2a,EXPLICIT_HEI_ATOMIC,3.719904953552257e+48,0.0,5.675380494548969e-167,0,0,46080,1998301f545ff909019253bf61eb24059d029732d66393b28653614971322b21
3,4,0.1464466094067262,G2a,EXPLICIT_HEII_ATOMIC,0.0,0.0,0.0,0,0,0,36bd753facc985aad613c884a2040210d208b1aa520e957b31ba2e1e19cd4185
3,4,0.1464466094067262,G2b,EFFECTIVE_HI_SUBGRID,0.0,0.0,0.0,0,0,0,36bd753facc985aad613c884a2040210d208b1aa520e957b31ba2e1e19cd4185
3,4,0.1464466094067262,G2b,EXPLICIT_HI_ATOMIC,4.9601419017351016e+48,0.0,1.1413612557455377e-167,0,0,46080,1c2bea80057cb51b756e597388094aad6b518eaa5a2e7eeabd9e539eac0051d5
3,4,0.1464466094067262,G2b,EXPLICIT_HEI_ATOMIC,3.777361379570333e+48,0.0,5.763040551346413e-167,0,0,46080,2343ddd59c3ff4eb58dc3c78fd44df5d01afcb2d159d79e25d731e872a9834df
3,4,0.1464466094067262,G2b,EXPLICIT_HEII_ATOMIC,0.0,0.0,0.0,0,0,0,36bd753facc985aad613c884a2040210d208b1aa520e957b31ba2e1e19cd4185
3,4,0.1464466094067262,G3,EFFECTIVE_HI_SUBGRID,0.0,0.0,0.0,0,0,0,36bd753facc985aad613c884a2040210d208b1aa520e957b31ba2e1e19cd4185
3,4,0.1464466094067262,G3,EXPLICIT_HI_ATOMIC,0.0,0.0,0.0,0,0,46080,36bd753facc985aad613c884a2040210d208b1aa520e957b31ba2e1e19cd4185
3,4,0.1464466094067262,G3,EXPLICIT_HEI_ATOMIC,0.0,0.0,0.0,0,0,46080,36bd753facc985aad613c884a2040210d208b1aa520e957b31ba2e1e19cd4185
3,4,0.1464466094067262,G3,EXPLICIT_HEII_ATOMIC,0.0,0.0,0.0,0,0,46080,36bd753facc985aad613c884a2040210d208b1aa520e957b31ba2e1e19cd4185
3,5,0.2222148834901988,G1,EFFECTIVE_HI_SUBGRID,2.798406673382241e+50,0.0,6.65777503913062e-166,0,0,46080,622f958c500b2141bceaeeb2de96be3c4fa8933796577422b3a621d9e935c25b
3,5,0.2222148834901988,G1,EXPLICIT_HI_ATOMIC,0.0,0.0,0.0,0,0,0,36bd753facc985aad613c884a2040210d208b1aa520e957b31ba2e1e19cd4185
3,5,0.2222148834901988,G1,EXPLICIT_HEI_ATOMIC,0.0,0.0,0.0,0,0,0,36bd753facc985aad613c884a2040210d208b1aa520e957b31ba2e1e19cd4185
3,5,0.2222148834901988,G1,EXPLICIT_HEII_ATOMIC,0.0,0.0,0.0,0,0,0,36bd753facc985aad613c884a2040210d208b1aa520e957b31ba2e1e19cd4185
3,5,0.2222148834901988,G2a,EFFECTIVE_HI_SUBGRID,1.046892802082889e+50,0.0,2.4236872381227965e-166,0,0,46080,5231c170a1fae04d4ad7b004d7cc74ca25dd326a0c0f6aa5779126ea455693ae
3,5,0.2222148834901988,G2a,EXPLICIT_HI_ATOMIC,0.0,0.0,0.0,0,0,0,36bd753facc985aad613c884a2040210d208b1aa520e957b31ba2e1e19cd4185
3,5,0.2222148834901988,G2a,EXPLICIT_HEI_ATOMIC,3.7959362885256166e+48,0.0,5.785228528549613e-167,0,0,46080,713444a9766fee013c74b0925c1b94e158ecefb934b217c79e70ac4ef98402f6
3,5,0.2222148834901988,G2a,EXPLICIT_HEII_ATOMIC,0.0,0.0,0.0,0,0,0,36bd753facc985aad613c884a2040210d208b1aa520e957b31ba2e1e19cd4185
3,5,0.2222148834901988,G2b,EFFECTIVE_HI_SUBGRID,0.0,0.0,0.0,0,0,0,36bd753facc985aad613c884a2040210d208b1aa520e957b31ba2e1e19cd4185
3,5,0.2222148834901988,G2b,EXPLICIT_HI_ATOMIC,4.555195778304349e+48,0.0,1.0465441975526701e-167,0,0,46080,85b0d5a43273a8c63752678608907049825e3741d6cdf8a5724ebe873f9594fa
3,5,0.2222148834901988,G2b,EXPLICIT_HEI_ATOMIC,3.664619271635962e+48,0.0,5.585093727897007e-167,0,0,46080,cb96c37d9ce775f1bf4ddde32cd473c92d483928f122e65b899b4ac3d0593f10
3,5,0.2222148834901988,G2b,EXPLICIT_HEII_ATOMIC,0.0,0.0,0.0,0,0,0,36bd753facc985aad613c884a2040210d208b1aa520e957b31ba2e1e19cd4185
3,5,0.2222148834901988,G3,EFFECTIVE_HI_SUBGRID,0.0,0.0,0.0,0,0,0,36bd753facc985aad613c884a2040210d208b1aa520e957b31ba2e1e19cd4185
3,5,0.2222148834901988,G3,EXPLICIT_HI_ATOMIC,0.0,0.0,0.0,0,0,46080,36bd753facc985aad613c884a2040210d208b1aa520e957b31ba2e1e19cd4185
3,5,0.2222148834901988,G3,EXPLICIT_HEI_ATOMIC,0.0,0.0,0.0,0,0,46080,36bd753facc985aad613c884a2040210d208b1aa520e957b31ba2e1e19cd4185
3,5,0.2222148834901988,G3,EXPLICIT_HEII_ATOMIC,0.0,0.0,0.0,0,0,46080,36bd753facc985aad613c884a2040210d208b1aa520e957b31ba2e1e19cd4185
3,6,0.3086582838174551,G1,EFFECTIVE_HI_SUBGRID,2.877822315666457e+50,0.0,6.81261793751355e-166,0,0,46080,4b2bf0e1409003e099a547f5f6b39af57589c320f799f4e260fb7f2b0f62f8d1
3,6,0.3086582838174551,G1,EXPLICIT_HI_ATOMIC,0.0,0.0,0.0,0,0,0,36bd753facc985aad613c884a2040210d208b1aa520e957b31ba2e1e19cd4185
3,6,0.3086582838174551,G1,EXPLICIT_HEI_ATOMIC,0.0,0.0,0.0,0,0,0,36bd753facc985aad613c884a2040210d208b1aa520e957b31ba2e1e19cd4185
3,6,0.3086582838174551,G1,EXPLICIT_HEII_ATOMIC,0.0,0.0,0.0,0,0,0,36bd753facc985aad613c884a2040210d208b1aa520e957b31ba2e1e19cd4185
3,6,0.3086582838174551,G2a,EFFECTIVE_HI_SUBGRID,1.0441452872347072e+50,0.0,2.41124785477186e-166,0,0,46080,693177bc7ce9f66e36e4f87306f88f366ea4c7e480596b189225fb75fb4b0ac2
3,6,0.3086582838174551,G2a,EXPLICIT_HI_ATOMIC,0.0,0.0,0.0,0,0,0,36bd753facc985aad613c884a2040210d208b1aa520e957b31ba2e1e19cd4185
3,6,0.3086582838174551,G2a,EXPLICIT_HEI_ATOMIC,3.877919554597124e+48,0.0,5.902996594686579e-167,0,0,46080,77de80d7c4a81459d751a24c9fab9f8c6b34c9bff9a82032fe77dc15ffe21c44
3,6,0.3086582838174551,G2a,EXPLICIT_HEII_ATOMIC,0.0,0.0,0.0,0,0,0,36bd753facc985aad613c884a2040210d208b1aa520e957b31ba2e1e19cd4185
3,6,0.3086582838174551,G2b,EFFECTIVE_HI_SUBGRID,0.0,0.0,0.0,0,0,0,36bd753facc985aad613c884a2040210d208b1aa520e957b31ba2e1e19cd4185
3,6,0.3086582838174551,G2b,EXPLICIT_HI_ATOMIC,4.216766319060942e+48,0.0,9.67065377688622e-168,0,0,46080,173efff8554a672b57471846be7c3a65c0902f4839e2c24f88ef2130ec6ab2d9
3,6,0.3086582838174551,G2b,EXPLICIT_HEI_ATOMIC,3.5526355488959044e+48,0.0,5.407846978783887e-167,0,0,46080,88c3e6fe0e4a42831cfe53bf66c49a22efc8a7479c1023cc9811e033f59f0d58
3,6,0.3086582838174551,G2b,EXPLICIT_HEII_ATOMIC,0.0,0.0,0.0,0,0,0,36bd753facc985aad613c884a2040210d208b1aa520e957b31ba2e1e19cd4185
3,6,0.3086582838174551,G3,EFFECTIVE_HI_SUBGRID,0.0,0.0,0.0,0,0,0,36bd753facc985aad613c884a2040210d208b1aa520e957b31ba2e1e19cd4185
3,6,0.3086582838174551,G3,EXPLICIT_HI_ATOMIC,0.0,0.0,0.0,0,0,46080,36bd753facc985aad613c884a2040210d208b1aa520e957b31ba2e1e19cd4185
3,6,0.3086582838174551,G3,EXPLICIT_HEI_ATOMIC,0.0,0.0,0.0,0,0,46080,36bd753facc985aad613c884a2040210d208b1aa520e957b31ba2e1e19cd4185
3,6,0.3086582838174551,G3,EXPLICIT_HEII_ATOMIC,0.0,0.0,0.0,0,0,46080,36bd753facc985aad613c884a2040210d208b1aa520e957b31ba2e1e19cd4185
3,7,0.4024548389919358,G1,EFFECTIVE_HI_SUBGRID,2.9475141263481597e+50,0.0,6.945404274734287e-166,0,0,46080,c7547ff41d2d1446e51338547a8d69d291db38b6444de53004c0de05fae5170b
3,7,0.4024548389919358,G1,EXPLICIT_HI_ATOMIC,0.0,0.0,0.0,0,0,0,36bd753facc985aad613c884a2040210d208b1aa520e957b31ba2e1e19cd4185
3,7,0.4024548389919358,G1,EXPLICIT_HEI_ATOMIC,0.0,0.0,0.0,0,0,0,36bd753facc985aad613c884a2040210d208b1aa520e957b31ba2e1e19cd4185
3,7,0.4024548389919358,G1,EXPLICIT_HEII_ATOMIC,0.0,0.0,0.0,0,0,0,36bd753facc985aad613c884a2040210d208b1aa520e957b31ba2e1e19cd4185
3,7,0.4024548389919358,G2a,EFFECTIVE_HI_SUBGRID,1.0472460781186996e+50,0.0,2.4122557474538922e-166,0,0,46080,c2ab2cc2de722658b7789c5dfe3c08780baaa4424c793618d3c56cea07fe6996
3,7,0.4024548389919358,G2a,EXPLICIT_HI_ATOMIC,0.0,0.0,0.0,0,0,0,36bd753facc985aad613c884a2040210d208b1aa520e957b31ba2e1e19cd4185
3,7,0.4024548389919358,G2a,EXPLICIT_HEI_ATOMIC,3.9598401617383086e+48,0.0,6.019729639534465e-167,0,0,46080,b329cacbf673200bf8eebe3caf9d52094099234ccc64ecf375783f2d89c99827
3,7,0.4024548389919358,G2a,EXPLICIT_HEII_ATOMIC,0.0,0.0,0.0,0,0,0,36bd753facc985aad613c884a2040210d208b1aa520e957b31ba2e1e19cd4185
3,7,0.4024548389919358,G2b,EFFECTIVE_HI_SUBGRID,0.0,0.0,0.0,0,0,0,36bd753facc985aad613c884a2040210d208b1aa520e957b31ba2e1e19cd4185
3,7,0.4024548389919358,G2b,EXPLICIT_HI_ATOMIC,3.94333926318867e+48,0.0,9.026081516433612e-168,0,0,46080,c2c24693146648f812e4173e4f265a3a6fc792b12b849ccfe3320084fc33aa00
3,7,0.4024548389919358,G2b,EXPLICIT_HEI_ATOMIC,3.44804849159129e+48,0.0,5.241706446623966e-167,0,0,46080,bdb73f33902797857f1950f7cc0e300717641fd3757639369edaa389bcd6f40d
3,7,0.4024548389919358,G2b,EXPLICIT_HEII_ATOMIC,0.0,0.0,0.0,0,0,0,36bd753facc985aad613c884a2040210d208b1aa520e957b31ba2e1e19cd4185
3,7,0.4024548389919358,G3,EFFECTIVE_HI_SUBGRID,0.0,0.0,0.0,0,0,0,36bd753facc985aad613c884a2040210d208b1aa520e957b31ba2e1e19cd4185
3,7,0.4024548389919358,G3,EXPLICIT_HI_ATOMIC,0.0,0.0,0.0,0,0,46080,36bd753facc985aad613c884a2040210d208b1aa520e957b31ba2e1e19cd4185
3,7,0.4024548389919358,G3,EXPLICIT_HEI_ATOMIC,0.0,0.0,0.0,0,0,46080,36bd753facc985aad613c884a2040210d208b1aa520e957b31ba2e1e19cd4185
3,7,0.4024548389919358,G3,EXPLICIT_HEII_ATOMIC,0.0,0.0,0.0,0,0,46080,36bd753facc985aad613c884a2040210d208b1aa520e957b31ba2e1e19cd4185
3,8,0.4999999999999999,G1,EFFECTIVE_HI_SUBGRID,3.007489481022472e+50,0.0,7.056848254999623e-166,0,0,46080,b043a68fa5eaee12989943bab22d699fa696ae4f09a41eeed7fa34956eb357c2
3,8,0.4999999999999999,G1,EXPLICIT_HI_ATOMIC,0.0,0.0,0.0,0,0,0,36bd753facc985aad613c884a2040210d208b1aa520e957b31ba2e1e19cd4185
3,8,0.4999999999999999,G1,EXPLICIT_HEI_ATOMIC,0.0,0.0,0.0,0,0,0,36bd753facc985aad613c884a2040210d208b1aa520e957b31ba2e1e19cd4185
3,8,0.4999999999999999,G1,EXPLICIT_HEII_ATOMIC,0.0,0.0,0.0,0,0,0,36bd753facc985aad613c884a2040210d208b1aa520e957b31ba2e1e19cd4185
3,8,0.4999999999999999,G2a,EFFECTIVE_HI_SUBGRID,1.0544002675341223e+50,0.0,2.422630910953004e-166,0,0,46080,c51c7055b2dd841c9fe189ce4df5c3d9d003331a6744ac3f0c78236bb0642cf5
3,8,0.4999999999999999,G2a,EXPLICIT_HI_ATOMIC,0.0,0.0,0.0,0,0,0,36bd753facc985aad613c884a2040210d208b1aa520e957b31ba2e1e19cd4185
3,8,0.4999999999999999,G2a,EXPLICIT_HEI_ATOMIC,4.0371481089251125e+48,0.0,6.1287905419671525e-167,0,0,46080,0412b48e5a4a6cc4b520d1c5ce5609002255d3df90a43d6ca24c5ee4cdb52a70
3,8,0.4999999999999999,G2a,EXPLICIT_HEII_ATOMIC,0.0,0.0,0.0,0,0,0,36bd753facc985aad613c884a2040210d208b1aa520e957b31ba2e1e19cd4185
3,8,0.4999999999999999,G2b,EFFECTIVE_HI_SUBGRID,0.0,0.0,0.0,0,0,0,36bd753facc985aad613c884a2040210d208b1aa520e957b31ba2e1e19cd4185
3,8,0.4999999999999999,G2b,EXPLICIT_HI_ATOMIC,3.726749325615551e+48,0.0,8.513117507189427e-168,0,0,46080,b566356839c9d1a87fc627da76b47816dbcb464d59f68f78e58884d6b38d1889
3,8,0.4999999999999999,G2b,EXPLICIT_HEI_ATOMIC,3.3548166081669575e+48,0.0,5.092943767089663e-167,0,0,46080,38d2e2b27b5a08222223afe6ef7a37ea289b267353cb6f60e2b864d47a3cd177
3,8,0.4999999999999999,G2b,EXPLICIT_HEII_ATOMIC,0.0,0.0,0.0,0,0,0,36bd753facc985aad613c884a2040210d208b1aa520e957b31ba2e1e19cd4185
3,8,0.4999999999999999,G3,EFFECTIVE_HI_SUBGRID,0.0,0.0,0.0,0,0,0,36bd753facc985aad613c884a2040210d208b1aa520e957b31ba2e1e19cd4185
3,8,0.4999999999999999,G3,EXPLICIT_HI_ATOMIC,0.0,0.0,0.0,0,0,46080,36bd753facc985aad613c884a2040210d208b1aa520e957b31ba2e1e19cd4185
3,8,0.4999999999999999,G3,EXPLICIT_HEI_ATOMIC,0.0,0.0,0.0,0,0,46080,36bd753facc985aad613c884a2040210d208b1aa520e957b31ba2e1e19cd4185
3,8,0.4999999999999999,G3,EXPLICIT_HEII_ATOMIC,0.0,0.0,0.0,0,0,46080,36bd753facc985aad613c884a2040210d208b1aa520e957b31ba2e1e19cd4185
3,9,0.5975451610080641,G1,EFFECTIVE_HI_SUBGRID,3.058390946239304e+50,0.0,7.148990281321482e-166,0,0,46080,5b25d83ee2790eefc9519a2b5bc3529d4ab6e983062258c5543d10fa197fb3cf
3,9,0.5975451610080641,G1,EXPLICIT_HI_ATOMIC,0.0,0.0,0.0,0,0,0,36bd753facc985aad613c884a2040210d208b1aa520e957b31ba2e1e19cd4185
3,9,0.5975451610080641,G1,EXPLICIT_HEI_ATOMIC,0.0,0.0,0.0,0,0,0,36bd753facc985aad613c884a2040210d208b1aa520e957b31ba2e1e19cd4185
3,9,0.5975451610080641,G1,EXPLICIT_HEII_ATOMIC,0.0,0.0,0.0,0,0,0,36bd753facc985aad613c884a2040210d208b1aa520e957b31ba2e1e19cd4185
3,9,0.5975451610080641,G2a,EFFECTIVE_HI_SUBGRID,1.0639109801927219e+50,0.0,2.438563070019856e-166,0,0,46080,830a4304db6bb7fcf27dafaec3b9dce08da26e3e2f38636e57cd82f933d6977c
3,9,0.5975451610080641,G2a,EXPLICIT_HI_ATOMIC,0.0,0.0,0.0,0,0,0,36bd753facc985aad613c884a2040210d208b1aa520e957b31ba2e1e19cd4185
3,9,0.5975451610080641,G2a,EXPLICIT_HEI_ATOMIC,4.1069331154847017e+48,0.0,6.226106250332995e-167,0,0,46080,5bdf56864e5800aa88cecb195141c35b46a1d2b2680477b61fa5bc0807cc9489
3,9,0.5975451610080641,G2a,EXPLICIT_HEII_ATOMIC,0.0,0.0,0.0,0,0,0,36bd753facc985aad613c884a2040210d208b1aa520e957b31ba2e1e19cd4185
3,9,0.5975451610080641,G2b,EFFECTIVE_HI_SUBGRID,0.0,0.0,0.0,0,0,0,36bd753facc985aad613c884a2040210d208b1aa520e957b31ba2e1e19cd4185
3,9,0.5975451610080641,G2b,EXPLICIT_HI_ATOMIC,3.557467614527489e+48,0.0,8.109992605348259e-168,0,0,46080,035c713b0d71405c4675f58545955b09fcb35e405923eba54a39a151069f3530
3,9,0.5975451610080641,G2b,EXPLICIT_HEI_ATOMIC,3.274712784303595e+48,0.0,4.964461110292929e-167,0,0,46080,608c7175cd117c7539c131f4761681bca2ef85d8a49ac1b4805ba879a1e24e2e
3,9,0.5975451610080641,G2b,EXPLICIT_HEII_ATOMIC,0.0,0.0,0.0,0,0,0,36bd753facc985aad613c884a2040210d208b1aa520e957b31ba2e1e19cd4185
3,9,0.5975451610080641,G3,EFFECTIVE_HI_SUBGRID,0.0,0.0,0.0,0,0,0,36bd753facc985aad613c884a2040210d208b1aa520e957b31ba2e1e19cd4185
3,9,0.5975451610080641,G3,EXPLICIT_HI_ATOMIC,0.0,0.0,0.0,0,0,46080,36bd753facc985aad613c884a2040210d208b1aa520e957b31ba2e1e19cd4185
3,9,0.5975451610080641,G3,EXPLICIT_HEI_ATOMIC,0.0,0.0,0.0,0,0,46080,36bd753facc985aad613c884a2040210d208b1aa520e957b31ba2e1e19cd4185
3,9,0.5975451610080641,G3,EXPLICIT_HEII_ATOMIC,0.0,0.0,0.0,0,0,46080,36bd753facc985aad613c884a2040210d208b1aa520e957b31ba2e1e19cd4185
3,10,0.6913417161825448,G1,EFFECTIVE_HI_SUBGRID,3.100991907130649e+50,0.0,7.224109830176374e-166,0,0,46080,1cda3d1acaf8e81a918510e98f72133a3570ea68caa898a918ce954b7c9b952a
3,10,0.6913417161825448,G1,EXPLICIT_HI_ATOMIC,0.0,0.0,0.0,0,0,0,36bd753facc985aad613c884a2040210d208b1aa520e957b31ba2e1e19cd4185
3,10,0.6913417161825448,G1,EXPLICIT_HEI_ATOMIC,0.0,0.0,0.0,0,0,0,36bd753facc985aad613c884a2040210d208b1aa520e957b31ba2e1e19cd4185
3,10,0.6913417161825448,G1,EXPLICIT_HEII_ATOMIC,0.0,0.0,0.0,0,0,0,36bd753facc985aad613c884a2040210d208b1aa520e957b31ba2e1e19cd4185
3,10,0.6913417161825448,G2a,EFFECTIVE_HI_SUBGRID,1.0743732346155215e+50,0.0,2.4569581003097263e-166,0,0,46080,5b73ee4adc126ed47b4989511dd048378f11a80c365c9ab34599bd959ffe0eba
3,10,0.6913417161825448,G2a,EXPLICIT_HI_ATOMIC,0.0,0.0,0.0,0,0,0,36bd753facc985aad613c884a2040210d208b1aa520e957b31ba2e1e19cd4185
3,10,0.6913417161825448,G2a,EXPLICIT_HEI_ATOMIC,4.167631100890652e+48,0.0,6.3096921981518434e-167,0,0,46080,629246992d4be45314e0e34d47ae0bd0a2d064dc58dc95fdfce742a4283da663
3,10,0.6913417161825448,G2a,EXPLICIT_HEII_ATOMIC,0.0,0.0,0.0,0,0,0,36bd753facc985aad613c884a2040210d208b1aa520e957b31ba2e1e19cd4185
3,10,0.6913417161825448,G2b,EFFECTIVE_HI_SUBGRID,0.0,0.0,0.0,0,0,0,36bd753facc985aad613c884a2040210d208b1aa520e957b31ba2e1e19cd4185
3,10,0.6913417161825448,G2b,EXPLICIT_HI_ATOMIC,3.426708282051356e+48,0.0,7.796668753276201e-168,0,0,46080,60caee2a420809d91b7a685c94774727e55d0c8ec7ef7e2e5886e83ca14993ab
3,10,0.6913417161825448,G2b,EXPLICIT_HEI_ATOMIC,3.2080103710183595e+48,0.0,4.856849735399803e-167,0,0,46080,228736d613a5c7ed4233c1de67500beba56f24a325887ad9782a09ade28acc4f
3,10,0.6913417161825448,G2b,EXPLICIT_HEII_ATOMIC,0.0,0.0,0.0,0,0,0,36bd753facc985aad613c884a2040210d208b1aa520e957b31ba2e1e19cd4185
3,10,0.6913417161825448,G3,EFFECTIVE_HI_SUBGRID,0.0,0.0,0.0,0,0,0,36bd753facc985aad613c884a2040210d208b1aa520e957b31ba2e1e19cd4185
3,10,0.6913417161825448,G3,EXPLICIT_HI_ATOMIC,0.0,0.0,0.0,0,0,46080,36bd753facc985aad613c884a2040210d208b1aa520e957b31ba2e1e19cd4185
3,10,0.6913417161825448,G3,EXPLICIT_HEI_ATOMIC,0.0,0.0,0.0,0,0,46080,36bd753facc985aad613c884a2040210d208b1aa520e957b31ba2e1e19cd4185
3,10,0.6913417161825448,G3,EXPLICIT_HEII_ATOMIC,0.0,0.0,0.0,0,0,46080,36bd753facc985aad613c884a2040210d208b1aa520e957b31ba2e1e19cd4185
3,11,0.777785116509801,G1,EFFECTIVE_HI_SUBGRID,3.135991972230192e+50,0.0,7.284285988703149e-166,0,0,46080,b3446b5b8a34755cb8d6cbfd15337e35cd502b58764ced2267b836ed531d4b55
3,11,0.777785116509801,G1,EXPLICIT_HI_ATOMIC,0.0,0.0,0.0,0,0,0,36bd753facc985aad613c884a2040210d208b1aa520e957b31ba2e1e19cd4185
3,11,0.777785116509801,G1,EXPLICIT_HEI_ATOMIC,0.0,0.0,0.0,0,0,0,36bd753facc985aad613c884a2040210d208b1aa520e957b31ba2e1e19cd4185
3,11,0.777785116509801,G1,EXPLICIT_HEII_ATOMIC,0.0,0.0,0.0,0,0,0,36bd753facc985aad613c884a2040210d208b1aa520e957b31ba2e1e19cd4185
3,11,0.777785116509801,G2a,EFFECTIVE_HI_SUBGRID,1.0846964267943515e+50,0.0,2.4754763243387653e-166,0,0,46080,ab1f093289605fed8c4757a9873e9f6a0266dd63b6b86fc242ee5f10cb66fc2f
3,11,0.777785116509801,G2a,EXPLICIT_HI_ATOMIC,0.0,0.0,0.0,0,0,0,36bd753facc985aad613c884a2040210d208b1aa520e957b31ba2e1e19cd4185
3,11,0.777785116509801,G2a,EXPLICIT_HEI_ATOMIC,4.218607242194437e+48,0.0,6.378988076571038e-167,0,0,46080,7fbbc3fe017b07c35e8237444132c1fc4325df05de04808d89162b41f0175089
3,11,0.777785116509801,G2a,EXPLICIT_HEII_ATOMIC,0.0,0.0,0.0,0,0,0,36bd753facc985aad613c884a2040210d208b1aa520e957b31ba2e1e19cd4185
3,11,0.777785116509801,G2b,EFFECTIVE_HI_SUBGRID,0.0,0.0,0.0,0,0,0,36bd753facc985aad613c884a2040210d208b1aa520e957b31ba2e1e19cd4185
3,11,0.777785116509801,G2b,EXPLICIT_HI_ATOMIC,3.327104559709161e+48,0.0,7.556402442447318e-168,0,0,46080,cdc5988b8014e0e812181974b4518e049cba5cae4d8cb39c528288676b01ae1b
3,11,0.777785116509801,G2b,EXPLICIT_HEI_ATOMIC,3.154110203073417e+48,0.0,4.769354012470317e-167,0,0,46080,43e2305adfd83ea6eee2d5260cb2431468f99764f015de0e6addfe4de75ac9fc
3,11,0.777785116509801,G2b,EXPLICIT_HEII_ATOMIC,0.0,0.0,0.0,0,0,0,36bd753facc985aad613c884a2040210d208b1aa520e957b31ba2e1e19cd4185
3,11,0.777785116509801,G3,EFFECTIVE_HI_SUBGRID,0.0,0.0,0.0,0,0,0,36bd753facc985aad613c884a2040210d208b1aa520e957b31ba2e1e19cd4185
3,11,0.777785116509801,G3,EXPLICIT_HI_ATOMIC,0.0,0.0,0.0,0,0,46080,36bd753facc985aad613c884a2040210d208b1aa520e957b31ba2e1e19cd4185
3,11,0.777785116509801,G3,EXPLICIT_HEI_ATOMIC,0.0,0.0,0.0,0,0,46080,36bd753facc985aad613c884a2040210d208b1aa520e957b31ba2e1e19cd4185
3,11,0.777785116509801,G3,EXPLICIT_HEII_ATOMIC,0.0,0.0,0.0,0,0,46080,36bd753facc985aad613c884a2040210d208b1aa520e957b31ba2e1e19cd4185
3,12,0.8535533905932737,G1,EFFECTIVE_HI_SUBGRID,3.1639557430890417e+50,0.0,7.331259585792174e-166,0,0,46080,a60de656323681de153dad36000ba5a09e9a38a47006f6c08eba6673d55df28e
3,12,0.8535533905932737,G1,EXPLICIT_HI_ATOMIC,0.0,0.0,0.0,0,0,0,36bd753facc985aad613c884a2040210d208b1aa520e957b31ba2e1e19cd4185
3,12,0.8535533905932737,G1,EXPLICIT_HEI_ATOMIC,0.0,0.0,0.0,0,0,0,36bd753facc985aad613c884a2040210d208b1aa520e957b31ba2e1e19cd4185
3,12,0.8535533905932737,G1,EXPLICIT_HEII_ATOMIC,0.0,0.0,0.0,0,0,0,36bd753facc985aad613c884a2040210d208b1aa520e957b31ba2e1e19cd4185
3,12,0.8535533905932737,G2a,EFFECTIVE_HI_SUBGRID,1.0940646557367587e+50,0.0,2.4924234576978125e-166,0,0,46080,0bf0376c5e7fa254b9e5eb6c54b4516562649a4065860b1498c918632e19462f
3,12,0.8535533905932737,G2a,EXPLICIT_HI_ATOMIC,0.0,0.0,0.0,0,0,0,36bd753facc985aad613c884a2040210d208b1aa520e957b31ba2e1e19cd4185
3,12,0.8535533905932737,G2a,EXPLICIT_HEI_ATOMIC,4.2597829950471776e+48,0.0,6.4342633935359626e-167,0,0,46080,e513ab3f027c2303116b2b8b087ba263ba68f22c64a24a2e511420f338ab3163
3,12,0.8535533905932737,G2a,EXPLICIT_HEII_ATOMIC,0.0,0.0,0.0,0,0,0,36bd753facc985aad613c884a2040210d208b1aa520e957b31ba2e1e19cd4185
3,12,0.8535533905932737,G2b,EFFECTIVE_HI_SUBGRID,0.0,0.0,0.0,0,0,0,36bd753facc985aad613c884a2040210d208b1aa520e957b31ba2e1e19cd4185
3,12,0.8535533905932737,G2b,EXPLICIT_HI_ATOMIC,3.2527901611897406e+48,0.0,7.375921368089599e-168,0,0,46080,3aaf44514369df1de3ee8344a35118451c72f4a92e7cc06cf5309ce94362588d
3,12,0.8535533905932737,G2b,EXPLICIT_HEI_ATOMIC,3.112011378157996e+48,0.0,4.700591770526948e-167,0,0,46080,1979addbace3b66b8fac2316deea98af08761a8597e17226ef92ce53e390f657
3,12,0.8535533905932737,G2b,EXPLICIT_HEII_ATOMIC,0.0,0.0,0.0,0,0,0,36bd753facc985aad613c884a2040210d208b1aa520e957b31ba2e1e19cd4185
3,12,0.8535533905932737,G3,EFFECTIVE_HI_SUBGRID,0.0,0.0,0.0,0,0,0,36bd753facc985aad613c884a2040210d208b1aa520e957b31ba2e1e19cd4185
3,12,0.8535533905932737,G3,EXPLICIT_HI_ATOMIC,0.0,0.0,0.0,0,0,46080,36bd753facc985aad613c884a2040210d208b1aa520e957b31ba2e1e19cd4185
3,12,0.8535533905932737,G3,EXPLICIT_HEI_ATOMIC,0.0,0.0,0.0,0,0,46080,36bd753facc985aad613c884a2040210d208b1aa520e957b31ba2e1e19cd4185
3,12,0.8535533905932737,G3,EXPLICIT_HEII_ATOMIC,0.0,0.0,0.0,0,0,46080,36bd753facc985aad613c884a2040210d208b1aa520e957b31ba2e1e19cd4185
3,13,0.9157348061512728,G1,EFFECTIVE_HI_SUBGRID,3.1853055008749873e+50,0.0,7.366403439136908e-166,0,0,46080,f9d8645a60f52c8f2ce183ac8bc8d3f29bd6ea81d41070e6cc8868821dcd47bb
3,13,0.9157348061512728,G1,EXPLICIT_HI_ATOMIC,0.0,0.0,0.0,0,0,0,36bd753facc985aad613c884a2040210d208b1aa520e957b31ba2e1e19cd4185
3,13,0.9157348061512728,G1,EXPLICIT_HEI_ATOMIC,0.0,0.0,0.0,0,0,0,36bd753facc985aad613c884a2040210d208b1aa520e957b31ba2e1e19cd4185
3,13,0.9157348061512728,G1,EXPLICIT_HEII_ATOMIC,0.0,0.0,0.0,0,0,0,36bd753facc985aad613c884a2040210d208b1aa520e957b31ba2e1e19cd4185
3,13,0.9157348061512728,G2a,EFFECTIVE_HI_SUBGRID,1.101881893534444e+50,0.0,2.5066065315602263e-166,0,0,46080,4f309ce98247a4cd624bebbd5b0b8a39079ecbc9a90f1b73e81bb4ed352a3c99
3,13,0.9157348061512728,G2a,EXPLICIT_HI_ATOMIC,0.0,0.0,0.0,0,0,0,36bd753facc985aad613c884a2040210d208b1aa520e957b31ba2e1e19cd4185
3,13,0.9157348061512728,G2a,EXPLICIT_HEI_ATOMIC,4.291358827388621e+48,0.0,6.4761727056128646e-167,0,0,46080,4bbb5018558d2291fcbcd6f87fc124a59cf3d0ba2d3aa08b8870d0849f42625f
3,13,0.9157348061512728,G2a,EXPLICIT_HEII_ATOMIC,0.0,0.0,0.0,0,0,0,36bd753facc985aad613c884a2040210d208b1aa520e957b31ba2e1e19cd4185
3,13,0.9157348061512728,G2b,EFFECTIVE_HI_SUBGRID,0.0,0.0,0.0,0,0,0,36bd753facc985aad613c884a2040210d208b1aa520e957b31ba2e1e19cd4185
3,13,0.9157348061512728,G2b,EXPLICIT_HI_ATOMIC,3.199272498520937e+48,0.0,7.245113721365359e-168,0,0,46080,65e2dfcdc58e3b6f173b5f4efb0606db5f780c7593fe360ff172f756a591c1af
3,13,0.9157348061512728,G2b,EXPLICIT_HEI_ATOMIC,3.080626326132336e+48,0.0,4.649032842968076e-167,0,0,46080,18d0f07a2146a54ad39dca6557c8b1ba988c59a9964521d15eda00ecbc2959b6
3,13,0.9157348061512728,G2b,EXPLICIT_HEII_ATOMIC,0.0,0.0,0.0,0,0,0,36bd753facc985aad613c884a2040210d208b1aa520e957b31ba2e1e19cd4185
3,13,0.9157348061512728,G3,EFFECTIVE_HI_SUBGRID,0.0,0.0,0.0,0,0,0,36bd753facc985aad613c884a2040210d208b1aa520e957b31ba2e1e19cd4185
3,13,0.9157348061512728,G3,EXPLICIT_HI_ATOMIC,0.0,0.0,0.0,0,0,46080,36bd753facc985aad613c884a2040210d208b1aa520e957b31ba2e1e19cd4185
3,13,0.9157348061512728,G3,EXPLICIT_HEI_ATOMIC,0.0,0.0,0.0,0,0,46080,36bd753facc985aad613c884a2040210d208b1aa520e957b31ba2e1e19cd4185
3,13,0.9157348061512728,G3,EXPLICIT_HEII_ATOMIC,0.0,0.0,0.0,0,0,46080,36bd753facc985aad613c884a2040210d208b1aa520e957b31ba2e1e19cd4185
3,14,0.9619397662556434,G1,EFFECTIVE_HI_SUBGRID,3.2002829280163057e+50,0.0,7.39061420304414e-166,0,0,46080,2877c0f7ef080a524aa54372c07c092d7c76deb1919ce0c582204c90789b0fd8
3,14,0.9619397662556434,G1,EXPLICIT_HI_ATOMIC,0.0,0.0,0.0,0,0,0,36bd753facc985aad613c884a2040210d208b1aa520e957b31ba2e1e19cd4185
3,14,0.9619397662556434,G1,EXPLICIT_HEI_ATOMIC,0.0,0.0,0.0,0,0,0,36bd753facc985aad613c884a2040210d208b1aa520e957b31ba2e1e19cd4185
3,14,0.9619397662556434,G1,EXPLICIT_HEII_ATOMIC,0.0,0.0,0.0,0,0,0,36bd753facc985aad613c884a2040210d208b1aa520e957b31ba2e1e19cd4185
3,14,0.9619397662556434,G2a,EFFECTIVE_HI_SUBGRID,1.1076944454557204e+50,0.0,2.5171400793690283e-166,0,0,46080,fc1b5205277462d76de75981ee4d35f1a27eb971b63a22ea3363ab6a02264b57
3,14,0.9619397662556434,G2a,EXPLICIT_HI_ATOMIC,0.0,0.0,0.0,0,0,0,36bd753facc985aad613c884a2040210d208b1aa520e957b31ba2e1e19cd4185
3,14,0.9619397662556434,G2a,EXPLICIT_HEI_ATOMIC,4.313629814824178e+48,0.0,6.505456326150383e-167,0,0,46080,c395d6c8704ad62ebc77483fe9f630b756e8fe97fcb5f6c82cef3a208cb4b64a
3,14,0.9619397662556434,G2a,EXPLICIT_HEII_ATOMIC,0.0,0.0,0.0,0,0,0,36bd753facc985aad613c884a2040210d208b1aa520e957b31ba2e1e19cd4185
3,14,0.9619397662556434,G2b,EFFECTIVE_HI_SUBGRID,0.0,0.0,0.0,0,0,0,36bd753facc985aad613c884a2040210d208b1aa520e957b31ba2e1e19cd4185
3,14,0.9619397662556434,G2b,EXPLICIT_HI_ATOMIC,3.1632599937573046e+48,0.0,7.156609521463612e-168,0,0,46080,b87af21cd38112629f9ecd31e9c6570771280632e273bb89945b1a34f2a824f9
3,14,0.9619397662556434,G2b,EXPLICIT_HEI_ATOMIC,3.058974741440722e+48,0.0,4.613290300167052e-167,0,0,46080,60da590dd77acf6a7eda8d1f46247465593156a0afa2ba0f3ca485bf1030e98a
3,14,0.9619397662556434,G2b,EXPLICIT_HEII_ATOMIC,0.0,0.0,0.0,0,0,0,36bd753facc985aad613c884a2040210d208b1aa520e957b31ba2e1e19cd4185
3,14,0.9619397662556434,G3,EFFECTIVE_HI_SUBGRID,0.0,0.0,0.0,0,0,0,36bd753facc985aad613c884a2040210d208b1aa520e957b31ba2e1e19cd4185
3,14,0.9619397662556434,G3,EXPLICIT_HI_ATOMIC,0.0,0.0,0.0,0,0,46080,36bd753facc985aad613c884a2040210d208b1aa520e957b31ba2e1e19cd4185
3,14,0.9619397662556434,G3,EXPLICIT_HEI_ATOMIC,0.0,0.0,0.0,0,0,46080,36bd753facc985aad613c884a2040210d208b1aa520e957b31ba2e1e19cd4185
3,14,0.9619397662556434,G3,EXPLICIT_HEII_ATOMIC,0.0,0.0,0.0,0,0,46080,36bd753facc985aad613c884a2040210d208b1aa520e957b31ba2e1e19cd4185
3,15,0.9903926402016152,G1,EFFECTIVE_HI_SUBGRID,3.209149242398932e+50,0.0,7.404754539487086e-166,0,0,46080,bb2a8bf2d2a369810e3061615b86fac0c2eafbe2d69b89bdbd923931f9510c29
3,15,0.9903926402016152,G1,EXPLICIT_HI_ATOMIC,0.0,0.0,0.0,0,0,0,36bd753facc985aad613c884a2040210d208b1aa520e957b31ba2e1e19cd4185
3,15,0.9903926402016152,G1,EXPLICIT_HEI_ATOMIC,0.0,0.0,0.0,0,0,0,36bd753facc985aad613c884a2040210d208b1aa520e957b31ba2e1e19cd4185
3,15,0.9903926402016152,G1,EXPLICIT_HEII_ATOMIC,0.0,0.0,0.0,0,0,0,36bd753facc985aad613c884a2040210d208b1aa520e957b31ba2e1e19cd4185
3,15,0.9903926402016152,G2a,EFFECTIVE_HI_SUBGRID,1.1112602657773326e+50,0.0,2.523589124210994e-166,0,0,46080,ae7630882f2ba4c4e02e493945b72f1f8234eb230cee3d84e4349a7688e61946
3,15,0.9903926402016152,G2a,EXPLICIT_HI_ATOMIC,0.0,0.0,0.0,0,0,0,36bd753facc985aad613c884a2040210d208b1aa520e957b31ba2e1e19cd4185
3,15,0.9903926402016152,G2a,EXPLICIT_HEI_ATOMIC,4.3268693703001346e+48,0.0,6.5227488717738115e-167,0,0,46080,6dd35d782825c8b6ed708881294c30f78ff1e7ea514a3f34e7febb4736ddb61c
3,15,0.9903926402016152,G2a,EXPLICIT_HEII_ATOMIC,0.0,0.0,0.0,0,0,0,36bd753facc985aad613c884a2040210d208b1aa520e957b31ba2e1e19cd4185
3,15,0.9903926402016152,G2b,EFFECTIVE_HI_SUBGRID,0.0,0.0,0.0,0,0,0,36bd753facc985aad613c884a2040210d208b1aa520e957b31ba2e1e19cd4185
3,15,0.9903926402016152,G2b,EXPLICIT_HI_ATOMIC,3.142513337312387e+48,0.0,7.10541824960302e-168,0,0,46080,33aa5cd792f629115c0c38b68ff092b6c8b8785ee8b58f9be19813dc4c618b9a
3,15,0.9903926402016152,G2b,EXPLICIT_HEI_ATOMIC,3.0462986263600317e+48,0.0,4.592290459371484e-167,0,0,46080,4fdb16a0e810702d42c3f1497e866f250fa9e714da7edf60586c113f56c4be93
3,15,0.9903926402016152,G2b,EXPLICIT_HEII_ATOMIC,0.0,0.0,0.0,0,0,0,36bd753facc985aad613c884a2040210d208b1aa520e957b31ba2e1e19cd4185
3,15,0.9903926402016152,G3,EFFECTIVE_HI_SUBGRID,0.0,0.0,0.0,0,0,0,36bd753facc985aad613c884a2040210d208b1aa520e957b31ba2e1e19cd4185
3,15,0.9903926402016152,G3,EXPLICIT_HI_ATOMIC,0.0,0.0,0.0,0,0,46080,36bd753facc985aad613c884a2040210d208b1aa520e957b31ba2e1e19cd4185
3,15,0.9903926402016152,G3,EXPLICIT_HEI_ATOMIC,0.0,0.0,0.0,0,0,46080,36bd753facc985aad613c884a2040210d208b1aa520e957b31ba2e1e19cd4185
3,15,0.9903926402016152,G3,EXPLICIT_HEII_ATOMIC,0.0,0.0,0.0,0,0,46080,36bd753facc985aad613c884a2040210d208b1aa520e957b31ba2e1e19cd4185
3,16,1.0,G1,EFFECTIVE_HI_SUBGRID,3.2120850282838317e+50,0.0,7.409404133087376e-166,0,0,46080,2227dfff541fd6e11ca345e3971806d3baf8c1190a62cbad5621be3dce19d541
3,16,1.0,G1,EXPLICIT_HI_ATOMIC,0.0,0.0,0.0,0,0,0,36bd753facc985aad613c884a2040210d208b1aa520e957b31ba2e1e19cd4185
3,16,1.0,G1,EXPLICIT_HEI_ATOMIC,0.0,0.0,0.0,0,0,0,36bd753facc985aad613c884a2040210d208b1aa520e957b31ba2e1e19cd4185
3,16,1.0,G1,EXPLICIT_HEII_ATOMIC,0.0,0.0,0.0,0,0,0,36bd753facc985aad613c884a2040210d208b1aa520e957b31ba2e1e19cd4185
3,16,1.0,G2a,EFFECTIVE_HI_SUBGRID,1.1124614419153663e+50,0.0,2.5257589938218655e-166,0,0,46080,7f76caccc562bcde0edb9e9f521c6fe04069ac4641e367dbcb822c1b79946593
3,16,1.0,G2a,EXPLICIT_HI_ATOMIC,0.0,0.0,0.0,0,0,0,36bd753facc985aad613c884a2040210d208b1aa520e957b31ba2e1e19cd4185
3,16,1.0,G2a,EXPLICIT_HEI_ATOMIC,4.331261175818127e+48,0.0,6.528465237161384e-167,0,0,46080,59b92c1ce1e7c9eac20a6ff3f782ab9f4ee17118a8cc6ce36b12872df2994180
3,16,1.0,G2a,EXPLICIT_HEII_ATOMIC,0.0,0.0,0.0,0,0,0,36bd753facc985aad613c884a2040210d208b1aa520e957b31ba2e1e19cd4185
3,16,1.0,G2b,EFFECTIVE_HI_SUBGRID,0.0,0.0,0.0,0,0,0,36bd753facc985aad613c884a2040210d208b1aa520e957b31ba2e1e19cd4185
3,16,1.0,G2b,EXPLICIT_HI_ATOMIC,3.135738717998515e+48,0.0,7.088666841026309e-168,0,0,46080,817cec49d812c9ac01804d8bfb4c0ea29e2338c90339b88e870bb9d9ed39cb8c
3,16,1.0,G2b,EXPLICIT_HEI_ATOMIC,3.042126426629237e+48,0.0,4.5853657438580905e-167,0,0,46080,f8b1d23c324f61409e7590314bde253068efd6596c36476b9a3bb7a93f36c97f
3,16,1.0,G2b,EXPLICIT_HEII_ATOMIC,0.0,0.0,0.0,0,0,0,36bd753facc985aad613c884a2040210d208b1aa520e957b31ba2e1e19cd4185
3,16,1.0,G3,EFFECTIVE_HI_SUBGRID,0.0,0.0,0.0,0,0,0,36bd753facc985aad613c884a2040210d208b1aa520e957b31ba2e1e19cd4185
3,16,1.0,G3,EXPLICIT_HI_ATOMIC,0.0,0.0,0.0,0,0,46080,36bd753facc985aad613c884a2040210d208b1aa520e957b31ba2e1e19cd4185
3,16,1.0,G3,EXPLICIT_HEI_ATOMIC,0.0,0.0,0.0,0,0,46080,36bd753facc985aad613c884a2040210d208b1aa520e957b31ba2e1e19cd4185
3,16,1.0,G3,EXPLICIT_HEII_ATOMIC,0.0,0.0,0.0,0,0,46080,36bd753facc985aad613c884a2040210d208b1aa520e957b31ba2e1e19cd4185
4,0,0.0,G1,EFFECTIVE_HI_SUBGRID,3.3913102880527213e+50,0.0,7.819406647599987e-166,0,0,46080,d304c19607fcc448f5c80b2726cb5a480ab86d10dab66281e3e7e86d4be111f9
4,0,0.0,G1,EXPLICIT_HI_ATOMIC,0.0,0.0,0.0,0,0,0,36bd753facc985aad613c884a2040210d208b1aa520e957b31ba2e1e19cd4185
4,0,0.0,G1,EXPLICIT_HEI_ATOMIC,0.0,0.0,0.0,0,0,0,36bd753facc985aad613c884a2040210d208b1aa520e957b31ba2e1e19cd4185
4,0,0.0,G1,EXPLICIT_HEII_ATOMIC,0.0,0.0,0.0,0,0,0,36bd753facc985aad613c884a2040210d208b1aa520e957b31ba2e1e19cd4185
4,0,0.0,G2a,EFFECTIVE_HI_SUBGRID,1.236520960265543e+50,0.0,2.8071528234425124e-166,0,0,46080,351fd02a5f0d6d1b87a189c3c57a4fb2adec59ce28d6e12b73bb99531e11e892
4,0,0.0,G2a,EXPLICIT_HI_ATOMIC,0.0,0.0,0.0,0,0,0,36bd753facc985aad613c884a2040210d208b1aa520e957b31ba2e1e19cd4185
4,0,0.0,G2a,EXPLICIT_HEI_ATOMIC,4.138782543520311e+48,0.0,6.2383416849750604e-167,0,0,46080,cc081e1f1cd442bdbc8ed7568f69486548cd400cb931c3c4bf54335746b0b4cd
4,0,0.0,G2a,EXPLICIT_HEII_ATOMIC,0.0,0.0,0.0,0,0,0,36bd753facc985aad613c884a2040210d208b1aa520e957b31ba2e1e19cd4185
4,0,0.0,G2b,EFFECTIVE_HI_SUBGRID,0.0,0.0,0.0,0,0,0,36bd753facc985aad613c884a2040210d208b1aa520e957b31ba2e1e19cd4185
4,0,0.0,G2b,EXPLICIT_HI_ATOMIC,2.996393404629081e+48,0.0,6.773653182523558e-168,0,0,46080,faaad133926edd1c2211476499643fa7e3f3cdc5a33ee945e71ff458f6bd96d3
4,0,0.0,G2b,EXPLICIT_HEI_ATOMIC,2.9069410370426888e+48,0.0,4.3816004480688275e-167,0,0,46080,a183c698bb3858fa1f3e1bbc0b876bdc0125ec41a13ea12844988acb9b3f56c8
4,0,0.0,G2b,EXPLICIT_HEII_ATOMIC,0.0,0.0,0.0,0,0,0,36bd753facc985aad613c884a2040210d208b1aa520e957b31ba2e1e19cd4185
4,0,0.0,G3,EFFECTIVE_HI_SUBGRID,0.0,0.0,0.0,0,0,0,36bd753facc985aad613c884a2040210d208b1aa520e957b31ba2e1e19cd4185
4,0,0.0,G3,EXPLICIT_HI_ATOMIC,0.0,0.0,0.0,0,0,46080,36bd753facc985aad613c884a2040210d208b1aa520e957b31ba2e1e19cd4185
4,0,0.0,G3,EXPLICIT_HEI_ATOMIC,0.0,0.0,0.0,0,0,46080,36bd753facc985aad613c884a2040210d208b1aa520e957b31ba2e1e19cd4185
4,0,0.0,G3,EXPLICIT_HEII_ATOMIC,0.0,0.0,0.0,0,0,46080,36bd753facc985aad613c884a2040210d208b1aa520e957b31ba2e1e19cd4185
4,1,0.0096073597983847,G1,EFFECTIVE_HI_SUBGRID,3.3881832828806302e+50,0.0,7.806532322200498e-166,0,0,46080,73d6d36a7b53aaca10a74a8ac5b0e8a2aad5332fa63738535c615149d87d345d
4,1,0.0096073597983847,G1,EXPLICIT_HI_ATOMIC,0.0,0.0,0.0,0,0,0,36bd753facc985aad613c884a2040210d208b1aa520e957b31ba2e1e19cd4185
4,1,0.0096073597983847,G1,EXPLICIT_HEI_ATOMIC,0.0,0.0,0.0,0,0,0,36bd753facc985aad613c884a2040210d208b1aa520e957b31ba2e1e19cd4185
4,1,0.0096073597983847,G1,EXPLICIT_HEII_ATOMIC,0.0,0.0,0.0,0,0,0,36bd753facc985aad613c884a2040210d208b1aa520e957b31ba2e1e19cd4185
4,1,0.0096073597983847,G2a,EFFECTIVE_HI_SUBGRID,1.2391907530172608e+50,0.0,2.812316508607081e-166,0,0,46080,aefd66961536c055d4b11b54192baa734c8beba8c71da0b6ee4063c1a9855513
4,1,0.0096073597983847,G2a,EXPLICIT_HI_ATOMIC,0.0,0.0,0.0,0,0,0,36bd753facc985aad613c884a2040210d208b1aa520e957b31ba2e1e19cd4185
4,1,0.0096073597983847,G2a,EXPLICIT_HEI_ATOMIC,4.0257022022694255e+48,0.0,6.0670486987621775e-167,0,0,46080,6dff57c31726847d89034bbe17ad1c1decb472a6327d814c3beef64bf2f2c962
4,1,0.0096073597983847,G2a,EXPLICIT_HEII_ATOMIC,0.0,0.0,0.0,0,0,0,36bd753facc985aad613c884a2040210d208b1aa520e957b31ba2e1e19cd4185
4,1,0.0096073597983847,G2b,EFFECTIVE_HI_SUBGRID,0.0,0.0,0.0,0,0,0,36bd753facc985aad613c884a2040210d208b1aa520e957b31ba2e1e19cd4185
4,1,0.0096073597983847,G2b,EXPLICIT_HI_ATOMIC,2.9175570445808586e+48,0.0,6.594089154428448e-168,0,0,46080,672219112b8bb0afde20f59f62ebaeb520eff3c107dac89499b7b75e64187956
4,1,0.0096073597983847,G2b,EXPLICIT_HEI_ATOMIC,2.833225182046095e+48,0.0,4.269892379109113e-167,0,0,46080,6d78fa55f9f6044820d4d813b2c068650edc7dfadbf9094d9569d93bc4898030
4,1,0.0096073597983847,G2b,EXPLICIT_HEII_ATOMIC,0.0,0.0,0.0,0,0,0,36bd753facc985aad613c884a2040210d208b1aa520e957b31ba2e1e19cd4185
4,1,0.0096073597983847,G3,EFFECTIVE_HI_SUBGRID,0.0,0.0,0.0,0,0,0,36bd753facc985aad613c884a2040210d208b1aa520e957b31ba2e1e19cd4185
4,1,0.0096073597983847,G3,EXPLICIT_HI_ATOMIC,0.0,0.0,0.0,0,0,46080,36bd753facc985aad613c884a2040210d208b1aa520e957b31ba2e1e19cd4185
4,1,0.0096073597983847,G3,EXPLICIT_HEI_ATOMIC,0.0,0.0,0.0,0,0,46080,36bd753facc985aad613c884a2040210d208b1aa520e957b31ba2e1e19cd4185
4,1,0.0096073597983847,G3,EXPLICIT_HEII_ATOMIC,0.0,0.0,0.0,0,0,46080,36bd753facc985aad613c884a2040210d208b1aa520e957b31ba2e1e19cd4185
4,2,0.0380602337443566,G1,EFFECTIVE_HI_SUBGRID,3.3787536857607734e+50,0.0,7.779378186457607e-166,0,0,46080,2b6fce03d159163733da7947e80ab424d4dcc4c78ed31e8c3a0e6998b59f860f
4,2,0.0380602337443566,G1,EXPLICIT_HI_ATOMIC,0.0,0.0,0.0,0,0,0,36bd753facc985aad613c884a2040210d208b1aa520e957b31ba2e1e19cd4185
4,2,0.0380602337443566,G1,EXPLICIT_HEI_ATOMIC,0.0,0.0,0.0,0,0,0,36bd753facc985aad613c884a2040210d208b1aa520e957b31ba2e1e19cd4185
4,2,0.0380602337443566,G1,EXPLICIT_HEII_ATOMIC,0.0,0.0,0.0,0,0,0,36bd753facc985aad613c884a2040210d208b1aa520e957b31ba2e1e19cd4185
4,2,0.0380602337443566,G2a,EFFECTIVE_HI_SUBGRID,1.2468517410409395e+50,0.0,2.8279474970122924e-166,0,0,46080,864e2f0ee73e2f7a48828400e81a13a205fcd64c9f67120a078cd35ea6c4d274
4,2,0.0380602337443566,G2a,EXPLICIT_HI_ATOMIC,0.0,0.0,0.0,0,0,0,36bd753facc985aad613c884a2040210d208b1aa520e957b31ba2e1e19cd4185
4,2,0.0380602337443566,G2a,EXPLICIT_HEI_ATOMIC,3.992603344012021e+48,0.0,6.014697786446134e-167,0,0,46080,1d0acd5513912a10a5dcc1c1735de052d2ee73b292e63c877eec2df4ec36c952
4,2,0.0380602337443566,G2a,EXPLICIT_HEII_ATOMIC,0.0,0.0,0.0,0,0,0,36bd753facc985aad613c884a2040210d208b1aa520e957b31ba2e1e19cd4185
4,2,0.0380602337443566,G2b,EFFECTIVE_HI_SUBGRID,0.0,0.0,0.0,0,0,0,36bd753facc985aad613c884a2040210d208b1aa520e957b31ba2e1e19cd4185
4,2,0.0380602337443566,G2b,EXPLICIT_HI_ATOMIC,2.9109049882014465e+48,0.0,6.575115921872152e-168,0,0,46080,5335b87859099154bcbbc055880a1e6e95822a452635c94c00cca8854a36f26f
4,2,0.0380602337443566,G2b,EXPLICIT_HEI_ATOMIC,2.827028811497629e+48,0.0,4.258806214806157e-167,0,0,46080,383dc25e1c0b1bbf3a3856d78f42b557b65a8bf8c2a42708c98a4877e8b98d39
4,2,0.0380602337443566,G2b,EXPLICIT_HEII_ATOMIC,0.0,0.0,0.0,0,0,0,36bd753facc985aad613c884a2040210d208b1aa520e957b31ba2e1e19cd4185
4,2,0.0380602337443566,G3,EFFECTIVE_HI_SUBGRID,0.0,0.0,0.0,0,0,0,36bd753facc985aad613c884a2040210d208b1aa520e957b31ba2e1e19cd4185
4,2,0.0380602337443566,G3,EXPLICIT_HI_ATOMIC,0.0,0.0,0.0,0,0,46080,36bd753facc985aad613c884a2040210d208b1aa520e957b31ba2e1e19cd4185
4,2,0.0380602337443566,G3,EXPLICIT_HEI_ATOMIC,0.0,0.0,0.0,0,0,46080,36bd753facc985aad613c884a2040210d208b1aa520e957b31ba2e1e19cd4185
4,2,0.0380602337443566,G3,EXPLICIT_HEII_ATOMIC,0.0,0.0,0.0,0,0,46080,36bd753facc985aad613c884a2040210d208b1aa520e957b31ba2e1e19cd4185
4,3,0.0842651938487273,G1,EFFECTIVE_HI_SUBGRID,3.363302322546505e+50,0.0,7.738608626419696e-166,0,0,46080,28893be7c3e474aede78b3883969115cb6463d1bc0278f27e46506cbadc77e3a
4,3,0.0842651938487273,G1,EXPLICIT_HI_ATOMIC,0.0,0.0,0.0,0,0,0,36bd753facc985aad613c884a2040210d208b1aa520e957b31ba2e1e19cd4185
4,3,0.0842651938487273,G1,EXPLICIT_HEI_ATOMIC,0.0,0.0,0.0,0,0,0,36bd753facc985aad613c884a2040210d208b1aa520e957b31ba2e1e19cd4185
4,3,0.0842651938487273,G1,EXPLICIT_HEII_ATOMIC,0.0,0.0,0.0,0,0,0,36bd753facc985aad613c884a2040210d208b1aa520e957b31ba2e1e19cd4185
4,3,0.0842651938487273,G2a,EFFECTIVE_HI_SUBGRID,1.2586966114190267e+50,0.0,2.852228533561972e-166,0,0,46080,8178acbfe9a62f2ece37e7f5164ba1c5bdb64eb0397c72ba4572ec2937d0de5b
4,3,0.0842651938487273,G2a,EXPLICIT_HI_ATOMIC,0.0,0.0,0.0,0,0,0,36bd753facc985aad613c884a2040210d208b1aa520e957b31ba2e1e19cd4185
4,3,0.0842651938487273,G2a,EXPLICIT_HEI_ATOMIC,3.9835166677126033e+48,0.0,5.997010191240424e-167,0,0,46080,cb5cfe8030d1a8d14cd823c5747d42e6517b86ceb2b26c8c90119a835e663fb0
4,3,0.0842651938487273,G2a,EXPLICIT_HEII_ATOMIC,0.0,0.0,0.0,0,0,0,36bd753facc985aad613c884a2040210d208b1aa520e957b31ba2e1e19cd4185
4,3,0.0842651938487273,G2b,EFFECTIVE_HI_SUBGRID,0.0,0.0,0.0,0,0,0,36bd753facc985aad613c884a2040210d208b1aa520e957b31ba2e1e19cd4185
4,3,0.0842651938487273,G2b,EXPLICIT_HI_ATOMIC,2.9727572741557146e+48,0.0,6.708304780235285e-168,0,0,46080,2e47caadaabc98d1df5389a0d80a037e742259ab79b8586284e7359774f5938f
4,3,0.0842651938487273,G2b,EXPLICIT_HEI_ATOMIC,2.8493173963188798e+48,0.0,4.2895227732572264e-167,0,0,46080,6035c607d2e0613bdcf2883c1d9c127bf1b4fb901804cac828b63512593e6a53
4,3,0.0842651938487273,G2b,EXPLICIT_HEII_ATOMIC,0.0,0.0,0.0,0,0,0,36bd753facc985aad613c884a2040210d208b1aa520e957b31ba2e1e19cd4185
4,3,0.0842651938487273,G3,EFFECTIVE_HI_SUBGRID,0.0,0.0,0.0,0,0,0,36bd753facc985aad613c884a2040210d208b1aa520e957b31ba2e1e19cd4185
4,3,0.0842651938487273,G3,EXPLICIT_HI_ATOMIC,0.0,0.0,0.0,0,0,46080,36bd753facc985aad613c884a2040210d208b1aa520e957b31ba2e1e19cd4185
4,3,0.0842651938487273,G3,EXPLICIT_HEI_ATOMIC,0.0,0.0,0.0,0,0,46080,36bd753facc985aad613c884a2040210d208b1aa520e957b31ba2e1e19cd4185
4,3,0.0842651938487273,G3,EXPLICIT_HEII_ATOMIC,0.0,0.0,0.0,0,0,46080,36bd753facc985aad613c884a2040210d208b1aa520e957b31ba2e1e19cd4185
4,4,0.1464466094067262,G1,EFFECTIVE_HI_SUBGRID,3.342333296966683e+50,0.0,7.683563694850101e-166,0,0,46080,ead39f502018bcff3d989a602b99b84102567ae694004f1a096fe766006d1a4b
4,4,0.1464466094067262,G1,EXPLICIT_HI_ATOMIC,0.0,0.0,0.0,0,0,0,36bd753facc985aad613c884a2040210d208b1aa520e957b31ba2e1e19cd4185
4,4,0.1464466094067262,G1,EXPLICIT_HEI_ATOMIC,0.0,0.0,0.0,0,0,0,36bd753facc985aad613c884a2040210d208b1aa520e957b31ba2e1e19cd4185
4,4,0.1464466094067262,G1,EXPLICIT_HEII_ATOMIC,0.0,0.0,0.0,0,0,0,36bd753facc985aad613c884a2040210d208b1aa520e957b31ba2e1e19cd4185
4,4,0.1464466094067262,G2a,EFFECTIVE_HI_SUBGRID,1.2734964470486823e+50,0.0,2.882257151850141e-166,0,0,46080,a5c5b188c9aad42fe08afe39b7424d379b06c1a7254e0d89f5d98b4f6dc6c9b1
4,4,0.1464466094067262,G2a,EXPLICIT_HI_ATOMIC,0.0,0.0,0.0,0,0,0,36bd753facc985aad613c884a2040210d208b1aa520e957b31ba2e1e19cd4185
4,4,0.1464466094067262,G2a,EXPLICIT_HEI_ATOMIC,3.970893510335128e+48,0.0,5.9726356987265555e-167,0,0,46080,6add61018eaae7a4b9012764cb9176e5eb3d62ab42a0bc0dc6bfe494f5560b3c
4,4,0.1464466094067262,G2a,EXPLICIT_HEII_ATOMIC,0.0,0.0,0.0,0,0,0,36bd753facc985aad613c884a2040210d208b1aa520e957b31ba2e1e19cd4185
4,4,0.1464466094067262,G2b,EFFECTIVE_HI_SUBGRID,0.0,0.0,0.0,0,0,0,36bd753facc985aad613c884a2040210d208b1aa520e957b31ba2e1e19cd4185
4,4,0.1464466094067262,G2b,EXPLICIT_HI_ATOMIC,3.059895753088262e+48,0.0,6.895899198376875e-168,0,0,46080,660905a291aa2c96c47387ed668ec7f63ead81a905bcdcea3436bcf1f38ec30e
4,4,0.1464466094067262,G2b,EXPLICIT_HEI_ATOMIC,2.8807473425395546e+48,0.0,4.3329427929210104e-167,0,0,46080,54904e2f87a72e913ef4149671bdbe7789896b3baa6b1607783ff57160c5ab93
4,4,0.1464466094067262,G2b,EXPLICIT_HEII_ATOMIC,0.0,0.0,0.0,0,0,0,36bd753facc985aad613c884a2040210d208b1aa520e957b31ba2e1e19cd4185
4,4,0.1464466094067262,G3,EFFECTIVE_HI_SUBGRID,0.0,0.0,0.0,0,0,0,36bd753facc985aad613c884a2040210d208b1aa520e957b31ba2e1e19cd4185
4,4,0.1464466094067262,G3,EXPLICIT_HI_ATOMIC,0.0,0.0,0.0,0,0,46080,36bd753facc985aad613c884a2040210d208b1aa520e957b31ba2e1e19cd4185
4,4,0.1464466094067262,G3,EXPLICIT_HEI_ATOMIC,0.0,0.0,0.0,0,0,46080,36bd753facc985aad613c884a2040210d208b1aa520e957b31ba2e1e19cd4185
4,4,0.1464466094067262,G3,EXPLICIT_HEII_ATOMIC,0.0,0.0,0.0,0,0,46080,36bd753facc985aad613c884a2040210d208b1aa520e957b31ba2e1e19cd4185
4,5,0.2222148834901988,G1,EFFECTIVE_HI_SUBGRID,3.3166254486943418e+50,0.0,7.616269292613812e-166,0,0,46080,6310919e9fed9015868ac5e17ddf3f6596394baee2728782cc347aceab331a73
4,5,0.2222148834901988,G1,EXPLICIT_HI_ATOMIC,0.0,0.0,0.0,0,0,0,36bd753facc985aad613c884a2040210d208b1aa520e957b31ba2e1e19cd4185
4,5,0.2222148834901988,G1,EXPLICIT_HEI_ATOMIC,0.0,0.0,0.0,0,0,0,36bd753facc985aad613c884a2040210d208b1aa520e957b31ba2e1e19cd4185
4,5,0.2222148834901988,G1,EXPLICIT_HEII_ATOMIC,0.0,0.0,0.0,0,0,0,36bd753facc985aad613c884a2040210d208b1aa520e957b31ba2e1e19cd4185
4,5,0.2222148834901988,G2a,EFFECTIVE_HI_SUBGRID,1.2897787975011175e+50,0.0,2.914777586531749e-166,0,0,46080,965a47a2a72bd003223bcaff64b8186f49d98f6c39029572b2374f26b86afd95
4,5,0.2222148834901988,G2a,EXPLICIT_HI_ATOMIC,0.0,0.0,0.0,0,0,0,36bd753facc985aad613c884a2040210d208b1aa520e957b31ba2e1e19cd4185
4,5,0.2222148834901988,G2a,EXPLICIT_HEI_ATOMIC,3.953692053867976e+48,0.0,5.9402367466902486e-167,0,0,46080,f42cedf2ef55d7350c856cddfa8ddd18f41af7e7bf1fa3480182789becf80f49
4,5,0.2222148834901988,G2a,EXPLICIT_HEII_ATOMIC,0.0,0.0,0.0,0,0,0,36bd753facc985aad613c884a2040210d208b1aa520e957b31ba2e1e19cd4185
4,5,0.2222148834901988,G2b,EFFECTIVE_HI_SUBGRID,0.0,0.0,0.0,0,0,0,36bd753facc985aad613c884a2040210d208b1aa520e957b31ba2e1e19cd4185
4,5,0.2222148834901988,G2b,EXPLICIT_HI_ATOMIC,3.1679092134716444e+48,0.0,7.127904142545871e-168,0,0,46080,dc6e983920a51cc2a9e7714d8dc6fc0efd8e2782408e61c284387e6242b8820f
4,5,0.2222148834901988,G2b,EXPLICIT_HEI_ATOMIC,2.920228075884961e+48,0.0,4.387505624803945e-167,0,0,46080,e98c07c16779ec2f7d0519791e3e0f877cbc9c1a8b1ebdbf28ae8439dd139531
4,5,0.2222148834901988,G2b,EXPLICIT_HEII_ATOMIC,0.0,0.0,0.0,0,0,0,36bd753facc985aad613c884a2040210d208b1aa520e957b31ba2e1e19cd4185
4,5,0.2222148834901988,G3,EFFECTIVE_HI_SUBGRID,0.0,0.0,0.0,0,0,0,36bd753facc985aad613c884a2040210d208b1aa520e957b31ba2e1e19cd4185
4,5,0.2222148834901988,G3,EXPLICIT_HI_ATOMIC,0.0,0.0,0.0,0,0,46080,36bd753facc985aad613c884a2040210d208b1aa520e957b31ba2e1e19cd4185
4,5,0.2222148834901988,G3,EXPLICIT_HEI_ATOMIC,0.0,0.0,0.0,0,0,46080,36bd753facc985aad613c884a2040210d208b1aa520e957b31ba2e1e19cd4185
4,5,0.2222148834901988,G3,EXPLICIT_HEII_ATOMIC,0.0,0.0,0.0,0,0,46080,36bd753facc985aad613c884a2040210d208b1aa520e957b31ba2e1e19cd4185
4,6,0.3086582838174551,G1,EFFECTIVE_HI_SUBGRID,3.287267055787349e+50,0.0,7.539600670747646e-166,0,0,46080,c8b6637bd5e0ea1e88a9606f9dbc3c3aa71b680eceec035673762bef4f6a698f
4,6,0.3086582838174551,G1,EXPLICIT_HI_ATOMIC,0.0,0.0,0.0,0,0,0,36bd753facc985aad613c884a2040210d208b1aa520e957b31ba2e1e19cd4185
4,6,0.3086582838174551,G1,EXPLICIT_HEI_ATOMIC,0.0,0.0,0.0,0,0,0,36bd753facc985aad613c884a2040210d208b1aa520e957b31ba2e1e19cd4185
4,6,0.3086582838174551,G1,EXPLICIT_HEII_ATOMIC,0.0,0.0,0.0,0,0,0,36bd753facc985aad613c884a2040210d208b1aa520e957b31ba2e1e19cd4185
4,6,0.3086582838174551,G2a,EFFECTIVE_HI_SUBGRID,1.306052496894046e+50,0.0,2.9465478360414365e-166,0,0,46080,2bda665e89f940d727f763e84cbaefa691c46cbf86be22dae1fe148ecb622cd0
4,6,0.3086582838174551,G2a,EXPLICIT_HI_ATOMIC,0.0,0.0,0.0,0,0,0,36bd753facc985aad613c884a2040210d208b1aa520e957b31ba2e1e19cd4185
4,6,0.3086582838174551,G2a,EXPLICIT_HEI_ATOMIC,3.931809853843623e+48,0.0,5.8999415669470864e-167,0,0,46080,fa8c42a9f9bdd5566030034f4dbc3e44fb4c831355a5040df35af04d33965ee1
4,6,0.3086582838174551,G2a,EXPLICIT_HEII_ATOMIC,0.0,0.0,0.0,0,0,0,36bd753facc985aad613c884a2040210d208b1aa520e957b31ba2e1e19cd4185
4,6,0.3086582838174551,G2b,EFFECTIVE_HI_SUBGRID,0.0,0.0,0.0,0,0,0,36bd753facc985aad613c884a2040210d208b1aa520e957b31ba2e1e19cd4185
4,6,0.3086582838174551,G2b,EXPLICIT_HI_ATOMIC,3.2933139430941326e+48,0.0,7.396508902683119e-168,0,0,46080,2b461e694bab1d55aceda9eaee67bce03b2f26f37bcbb6fc0e581c2d6b148d15
4,6,0.3086582838174551,G2b,EXPLICIT_HEI_ATOMIC,2.9666825348974547e+48,0.0,4.451703987278728e-167,0,0,46080,b4c10d1b401ff350a8f003873b7c231d6e29d1e9cbb25462a2d3763ce4314623
4,6,0.3086582838174551,G2b,EXPLICIT_HEII_ATOMIC,0.0,0.0,0.0,0,0,0,36bd753facc985aad613c884a2040210d208b1aa520e957b31ba2e1e19cd4185
4,6,0.3086582838174551,G3,EFFECTIVE_HI_SUBGRID,0.0,0.0,0.0,0,0,0,36bd753facc985aad613c884a2040210d208b1aa520e957b31ba2e1e19cd4185
4,6,0.3086582838174551,G3,EXPLICIT_HI_ATOMIC,0.0,0.0,0.0,0,0,46080,36bd753facc985aad613c884a2040210d208b1aa520e957b31ba2e1e19cd4185
4,6,0.3086582838174551,G3,EXPLICIT_HEI_ATOMIC,0.0,0.0,0.0,0,0,46080,36bd753facc985aad613c884a2040210d208b1aa520e957b31ba2e1e19cd4185
4,6,0.3086582838174551,G3,EXPLICIT_HEII_ATOMIC,0.0,0.0,0.0,0,0,46080,36bd753facc985aad613c884a2040210d208b1aa520e957b31ba2e1e19cd4185
4,7,0.4024548389919358,G1,EFFECTIVE_HI_SUBGRID,3.2556154356467887e+50,0.0,7.457067232517488e-166,0,0,46080,253bfbc8a6aaea53bb28bb39986d644817dab5c5d11f00932573f4a7f71c521f
4,7,0.4024548389919358,G1,EXPLICIT_HI_ATOMIC,0.0,0.0,0.0,0,0,0,36bd753facc985aad613c884a2040210d208b1aa520e957b31ba2e1e19cd4185
4,7,0.4024548389919358,G1,EXPLICIT_HEI_ATOMIC,0.0,0.0,0.0,0,0,0,36bd753facc985aad613c884a2040210d208b1aa520e957b31ba2e1e19cd4185
4,7,0.4024548389919358,G1,EXPLICIT_HEII_ATOMIC,0.0,0.0,0.0,0,0,0,36bd753facc985aad613c884a2040210d208b1aa520e957b31ba2e1e19cd4185
4,7,0.4024548389919358,G2a,EFFECTIVE_HI_SUBGRID,1.3210246848732047e+50,0.0,2.9748252232053766e-166,0,0,46080,0c73a45f490149e178c37bfb833826e02c7801e055b44be62a5e9038a2ba4272
4,7,0.4024548389919358,G2a,EXPLICIT_HI_ATOMIC,0.0,0.0,0.0,0,0,0,36bd753facc985aad613c884a2040210d208b1aa520e957b31ba2e1e19cd4185
4,7,0.4024548389919358,G2a,EXPLICIT_HEI_ATOMIC,3.9056091942384766e+48,0.0,5.8526132944156456e-167,0,0,46080,770b16ffc65607c847438f3bc9ead36b71e8bba27693dc6640979327879e497b
4,7,0.4024548389919358,G2a,EXPLICIT_HEII_ATOMIC,0.0,0.0,0.0,0,0,0,36bd753facc985aad613c884a2040210d208b1aa520e957b31ba2e1e19cd4185
4,7,0.4024548389919358,G2b,EFFECTIVE_HI_SUBGRID,0.0,0.0,0.0,0,0,0,36bd753facc985aad613c884a2040210d208b1aa520e957b31ba2e1e19cd4185
4,7,0.4024548389919358,G2b,EXPLICIT_HI_ATOMIC,3.4316057861918986e+48,0.0,7.691746831466049e-168,0,0,46080,c330b298fbc17e6d13995581a6c4c97b08d248030b6a901bd72796af67e44d16
4,7,0.4024548389919358,G2b,EXPLICIT_HEI_ATOMIC,3.0185512532402016e+48,0.0,4.523343815517939e-167,0,0,46080,b4f91808b0b8710be1d2e30e91fbdfa18404f86f856db8afc62b36a6ce84e221
4,7,0.4024548389919358,G2b,EXPLICIT_HEII_ATOMIC,0.0,0.0,0.0,0,0,0,36bd753facc985aad613c884a2040210d208b1aa520e957b31ba2e1e19cd4185
4,7,0.4024548389919358,G3,EFFECTIVE_HI_SUBGRID,0.0,0.0,0.0,0,0,0,36bd753facc985aad613c884a2040210d208b1aa520e957b31ba2e1e19cd4185
4,7,0.4024548389919358,G3,EXPLICIT_HI_ATOMIC,0.0,0.0,0.0,0,0,46080,36bd753facc985aad613c884a2040210d208b1aa520e957b31ba2e1e19cd4185
4,7,0.4024548389919358,G3,EXPLICIT_HEI_ATOMIC,0.0,0.0,0.0,0,0,46080,36bd753facc985aad613c884a2040210d208b1aa520e957b31ba2e1e19cd4185
4,7,0.4024548389919358,G3,EXPLICIT_HEII_ATOMIC,0.0,0.0,0.0,0,0,46080,36bd753facc985aad613c884a2040210d208b1aa520e957b31ba2e1e19cd4185
4,8,0.4999999999999999,G1,EFFECTIVE_HI_SUBGRID,3.2231880133181756e+50,0.0,7.372539933515239e-166,0,0,46080,774c0263c5b3f79c7e0681b9bc5540c5b213c26795be97f6d3847a965392fd0a
4,8,0.4999999999999999,G1,EXPLICIT_HI_ATOMIC,0.0,0.0,0.0,0,0,0,36bd753facc985aad613c884a2040210d208b1aa520e957b31ba2e1e19cd4185
4,8,0.4999999999999999,G1,EXPLICIT_HEI_ATOMIC,0.0,0.0,0.0,0,0,0,36bd753facc985aad613c884a2040210d208b1aa520e957b31ba2e1e19cd4185
4,8,0.4999999999999999,G1,EXPLICIT_HEII_ATOMIC,0.0,0.0,0.0,0,0,0,36bd753facc985aad613c884a2040210d208b1aa520e957b31ba2e1e19cd4185
4,8,0.4999999999999999,G2a,EFFECTIVE_HI_SUBGRID,1.3337690094618243e+50,0.0,2.997739364822353e-166,0,0,46080,d57f11f9775514f054fad30b94abab041ac90616eee839c0ff7143f338938ead
4,8,0.4999999999999999,G2a,EXPLICIT_HI_ATOMIC,0.0,0.0,0.0,0,0,0,36bd753facc985aad613c884a2040210d208b1aa520e957b31ba2e1e19cd4185
4,8,0.4999999999999999,G2a,EXPLICIT_HEI_ATOMIC,3.875967997041825e+48,0.0,5.799907155605189e-167,0,0,46080,bff1d8f5ddb4913a3d5d7d9812cdc52716c34819db4cf43a61d54e3affd52d97
4,8,0.4999999999999999,G2a,EXPLICIT_HEII_ATOMIC,0.0,0.0,0.0,0,0,0,36bd753facc985aad613c884a2040210d208b1aa520e957b31ba2e1e19cd4185
4,8,0.4999999999999999,G2b,EFFECTIVE_HI_SUBGRID,0.0,0.0,0.0,0,0,0,36bd753facc985aad613c884a2040210d208b1aa520e957b31ba2e1e19cd4185
4,8,0.4999999999999999,G2b,EXPLICIT_HI_ATOMIC,3.5773637325039464e+48,0.0,8.001782159094713e-168,0,0,46080,f758a90c22a3ed59926d984466a82268f56965d08cdffbcb14fcccd671f9a6be
4,8,0.4999999999999999,G2b,EXPLICIT_HEI_ATOMIC,3.0738206915352305e+48,0.0,4.599592833967895e-167,0,0,46080,344e36f119c1fcba1cc584cc76cc62fbba4eb77021f6fc118f915c859b4abf1a
4,8,0.4999999999999999,G2b,EXPLICIT_HEII_ATOMIC,0.0,0.0,0.0,0,0,0,36bd753facc985aad613c884a2040210d208b1aa520e957b31ba2e1e19cd4185
4,8,0.4999999999999999,G3,EFFECTIVE_HI_SUBGRID,0.0,0.0,0.0,0,0,0,36bd753facc985aad613c884a2040210d208b1aa520e957b31ba2e1e19cd4185
4,8,0.4999999999999999,G3,EXPLICIT_HI_ATOMIC,0.0,0.0,0.0,0,0,46080,36bd753facc985aad613c884a2040210d208b1aa520e957b31ba2e1e19cd4185
4,8,0.4999999999999999,G3,EXPLICIT_HEI_ATOMIC,0.0,0.0,0.0,0,0,46080,36bd753facc985aad613c884a2040210d208b1aa520e957b31ba2e1e19cd4185
4,8,0.4999999999999999,G3,EXPLICIT_HEII_ATOMIC,0.0,0.0,0.0,0,0,46080,36bd753facc985aad613c884a2040210d208b1aa520e957b31ba2e1e19cd4185
4,9,0.5975451610080641,G1,EFFECTIVE_HI_SUBGRID,3.191508889155212e+50,0.0,7.289885570028833e-166,0,0,46080,e554de716fcbcb287124ade19708836ca9a9f24d9984a149d69f35ff88c82974
4,9,0.5975451610080641,G1,EXPLICIT_HI_ATOMIC,0.0,0.0,0.0,0,0,0,36bd753facc985aad613c884a2040210d208b1aa520e957b31ba2e1e19cd4185
4,9,0.5975451610080641,G1,EXPLICIT_HEI_ATOMIC,0.0,0.0,0.0,0,0,0,36bd753facc985aad613c884a2040210d208b1aa520e957b31ba2e1e19cd4185
4,9,0.5975451610080641,G1,EXPLICIT_HEII_ATOMIC,0.0,0.0,0.0,0,0,0,36bd753facc985aad613c884a2040210d208b1aa520e957b31ba2e1e19cd4185
4,9,0.5975451610080641,G2a,EFFECTIVE_HI_SUBGRID,1.3438077379017574e+50,0.0,3.014462114751301e-166,0,0,46080,a71e345ae73f493c4a89f19133a174d353ae4be8c066a02beab624014ce8f31c
4,9,0.5975451610080641,G2a,EXPLICIT_HI_ATOMIC,0.0,0.0,0.0,0,0,0,36bd753facc985aad613c884a2040210d208b1aa520e957b31ba2e1e19cd4185
4,9,0.5975451610080641,G2a,EXPLICIT_HEI_ATOMIC,3.844225938265898e+48,0.0,5.744168961853491e-167,0,0,46080,79866251ebca2dba42c4b8ce5bf462b0e1058168c401cb17d38bd97b842d3dd1
4,9,0.5975451610080641,G2a,EXPLICIT_HEII_ATOMIC,0.0,0.0,0.0,0,0,0,36bd753facc985aad613c884a2040210d208b1aa520e957b31ba2e1e19cd4185
4,9,0.5975451610080641,G2b,EFFECTIVE_HI_SUBGRID,0.0,0.0,0.0,0,0,0,36bd753facc985aad613c884a2040210d208b1aa520e957b31ba2e1e19cd4185
4,9,0.5975451610080641,G2b,EXPLICIT_HI_ATOMIC,3.7245309499252576e+48,0.0,8.313575065714397e-168,0,0,46080,ba98a7c90462d38e794975cd0c163d66696e1287ede831f2cc5e890b4b24d12e
4,9,0.5975451610080641,G2b,EXPLICIT_HEI_ATOMIC,3.1301405819393325e+48,0.0,4.677159112329547e-167,0,0,46080,f2ac6df9eec1ff27174f849f0222b4d8dd6d6ba747b32d8d179a79b5f6668121
4,9,0.5975451610080641,G2b,EXPLICIT_HEII_ATOMIC,0.0,0.0,0.0,0,0,0,36bd753facc985aad613c884a2040210d208b1aa520e957b31ba2e1e19cd4185
4,9,0.5975451610080641,G3,EFFECTIVE_HI_SUBGRID,0.0,0.0,0.0,0,0,0,36bd753facc985aad613c884a2040210d208b1aa520e957b31ba2e1e19cd4185
4,9,0.5975451610080641,G3,EXPLICIT_HI_ATOMIC,0.0,0.0,0.0,0,0,46080,36bd753facc985aad613c884a2040210d208b1aa520e957b31ba2e1e19cd4185
4,9,0.5975451610080641,G3,EXPLICIT_HEI_ATOMIC,0.0,0.0,0.0,0,0,46080,36bd753facc985aad613c884a2040210d208b1aa520e957b31ba2e1e19cd4185
4,9,0.5975451610080641,G3,EXPLICIT_HEII_ATOMIC,0.0,0.0,0.0,0,0,46080,36bd753facc985aad613c884a2040210d208b1aa520e957b31ba2e1e19cd4185
4,10,0.6913417161825448,G1,EFFECTIVE_HI_SUBGRID,3.161955270001541e+50,0.0,7.212608802491628e-166,0,0,46080,2032d26a66cefd24c9ac0d80b553157eee372fbfefa9758ac3011a8569005811
4,10,0.6913417161825448,G1,EXPLICIT_HI_ATOMIC,0.0,0.0,0.0,0,0,0,36bd753facc985aad613c884a2040210d208b1aa520e957b31ba2e1e19cd4185
4,10,0.6913417161825448,G1,EXPLICIT_HEI_ATOMIC,0.0,0.0,0.0,0,0,0,36bd753facc985aad613c884a2040210d208b1aa520e957b31ba2e1e19cd4185
4,10,0.6913417161825448,G1,EXPLICIT_HEII_ATOMIC,0.0,0.0,0.0,0,0,0,36bd753facc985aad613c884a2040210d208b1aa520e957b31ba2e1e19cd4185
4,10,0.6913417161825448,G2a,EFFECTIVE_HI_SUBGRID,1.3510965153660178e+50,0.0,3.0251532413870103e-166,0,0,46080,13deeec5f4ce3859def93a997e14ac3459a46d120113ff3fe037303e94e459a7
4,10,0.6913417161825448,G2a,EXPLICIT_HI_ATOMIC,0.0,0.0,0.0,0,0,0,36bd753facc985aad613c884a2040210d208b1aa520e957b31ba2e1e19cd4185
4,10,0.6913417161825448,G2a,EXPLICIT_HEI_ATOMIC,3.812040909491487e+48,0.0,5.688201092512795e-167,0,0,46080,2901500b4cb80b2e7045d208c017ceef3d8e0f8692f0f7a29ce2c4e8decc1630
4,10,0.6913417161825448,G2a,EXPLICIT_HEII_ATOMIC,0.0,0.0,0.0,0,0,0,36bd753facc985aad613c884a2040210d208b1aa520e957b31ba2e1e19cd4185
4,10,0.6913417161825448,G2b,EFFECTIVE_HI_SUBGRID,0.0,0.0,0.0,0,0,0,36bd753facc985aad613c884a2040210d208b1aa520e957b31ba2e1e19cd4185
4,10,0.6913417161825448,G2b,EXPLICIT_HI_ATOMIC,3.866822503700515e+48,0.0,8.613797563761463e-168,0,0,46080,8fa2ad21638c9e38529cfe960ae6ccf34615f663c476dca87924f349d625bf1b
4,10,0.6913417161825448,G2b,EXPLICIT_HEI_ATOMIC,3.18500434357046e+48,0.0,4.7525579123893044e-167,0,0,46080,bbe208c485076294a3b88a5b4341554824a3d1c709585ff6e2c7425612635cba
4,10,0.6913417161825448,G2b,EXPLICIT_HEII_ATOMIC,0.0,0.0,0.0,0,0,0,36bd753facc985aad613c884a2040210d208b1aa520e957b31ba2e1e19cd4185
4,10,0.6913417161825448,G3,EFFECTIVE_HI_SUBGRID,0.0,0.0,0.0,0,0,0,36bd753facc985aad613c884a2040210d208b1aa520e957b31ba2e1e19cd4185
4,10,0.6913417161825448,G3,EXPLICIT_HI_ATOMIC,0.0,0.0,0.0,0,0,46080,36bd753facc985aad613c884a2040210d208b1aa520e957b31ba2e1e19cd4185
4,10,0.6913417161825448,G3,EXPLICIT_HEI_ATOMIC,0.0,0.0,0.0,0,0,46080,36bd753facc985aad613c884a2040210d208b1aa520e957b31ba2e1e19cd4185
4,10,0.6913417161825448,G3,EXPLICIT_HEII_ATOMIC,0.0,0.0,0.0,0,0,46080,36bd753facc985aad613c884a2040210d208b1aa520e957b31ba2e1e19cd4185
4,11,0.777785116509801,G1,EFFECTIVE_HI_SUBGRID,3.135647011446481e+50,0.0,7.143597704338114e-166,0,0,46080,e4dbef476d80d4c9ff92e001441b0af5970b6bf1a54a4f809dc679fad1bf8efc
4,11,0.777785116509801,G1,EXPLICIT_HI_ATOMIC,0.0,0.0,0.0,0,0,0,36bd753facc985aad613c884a2040210d208b1aa520e957b31ba2e1e19cd4185
4,11,0.777785116509801,G1,EXPLICIT_HEI_ATOMIC,0.0,0.0,0.0,0,0,0,36bd753facc985aad613c884a2040210d208b1aa520e957b31ba2e1e19cd4185
4,11,0.777785116509801,G1,EXPLICIT_HEII_ATOMIC,0.0,0.0,0.0,0,0,0,36bd753facc985aad613c884a2040210d208b1aa520e957b31ba2e1e19cd4185
4,11,0.777785116509801,G2a,EFFECTIVE_HI_SUBGRID,1.355930542396837e+50,0.0,3.030729222754693e-166,0,0,46080,930a9c5ba3a19ad60626f124bcef23b972a39dad6e682b837548fb6ac55d90ca
4,11,0.777785116509801,G2a,EXPLICIT_HI_ATOMIC,0.0,0.0,0.0,0,0,0,36bd753facc985aad613c884a2040210d208b1aa520e957b31ba2e1e19cd4185
4,11,0.777785116509801,G2a,EXPLICIT_HEI_ATOMIC,3.781197697997361e+48,0.0,5.634961527492272e-167,0,0,46080,665c333d7a62bcec2e1fa15c862f4715f6557ebd458fcd38843b8b91300c2334
4,11,0.777785116509801,G2a,EXPLICIT_HEII_ATOMIC,0.0,0.0,0.0,0,0,0,36bd753facc985aad613c884a2040210d208b1aa520e957b31ba2e1e19cd4185
4,11,0.777785116509801,G2b,EFFECTIVE_HI_SUBGRID,0.0,0.0,0.0,0,0,0,36bd753facc985aad613c884a2040210d208b1aa520e957b31ba2e1e19cd4185
4,11,0.777785116509801,G2b,EXPLICIT_HI_ATOMIC,3.998175845820308e+48,0.0,8.889805332420125e-168,0,0,46080,d53aec280eb049688d6027259ddd676c5d9b87190cd0cc0d48342a2534fb9818
4,11,0.777785116509801,G2b,EXPLICIT_HEI_ATOMIC,3.2359513329787425e+48,0.0,4.822403566951837e-167,0,0,46080,a889ca2bcf02df4529d5f1c648a1300641bc6a1cf9c02903fe32109134a0115e
4,11,0.777785116509801,G2b,EXPLICIT_HEII_ATOMIC,0.0,0.0,0.0,0,0,0,36bd753facc985aad613c884a2040210d208b1aa520e957b31ba2e1e19cd4185
4,11,0.777785116509801,G3,EFFECTIVE_HI_SUBGRID,0.0,0.0,0.0,0,0,0,36bd753facc985aad613c884a2040210d208b1aa520e957b31ba2e1e19cd4185
4,11,0.777785116509801,G3,EXPLICIT_HI_ATOMIC,0.0,0.0,0.0,0,0,46080,36bd753facc985aad613c884a2040210d208b1aa520e957b31ba2e1e19cd4185
4,11,0.777785116509801,G3,EXPLICIT_HEI_ATOMIC,0.0,0.0,0.0,0,0,46080,36bd753facc985aad613c884a2040210d208b1aa520e957b31ba2e1e19cd4185
4,11,0.777785116509801,G3,EXPLICIT_HEII_ATOMIC,0.0,0.0,0.0,0,0,46080,36bd753facc985aad613c884a2040210d208b1aa520e957b31ba2e1e19cd4185
4,12,0.8535533905932737,G1,EFFECTIVE_HI_SUBGRID,3.11340197030083e+50,0.0,7.085020273588339e-166,0,0,46080,22b6a5c9c6d052311274585e29fc770ddb0353f03ee3c93a92434b3e8a11fde8
4,12,0.8535533905932737,G1,EXPLICIT_HI_ATOMIC,0.0,0.0,0.0,0,0,0,36bd753facc985aad613c884a2040210d208b1aa520e957b31ba2e1e19cd4185
4,12,0.8535533905932737,G1,EXPLICIT_HEI_ATOMIC,0.0,0.0,0.0,0,0,0,36bd753facc985aad613c884a2040210d208b1aa520e957b31ba2e1e19cd4185
4,12,0.8535533905932737,G1,EXPLICIT_HEII_ATOMIC,0.0,0.0,0.0,0,0,0,36bd753facc985aad613c884a2040210d208b1aa520e957b31ba2e1e19cd4185
4,12,0.8535533905932737,G2a,EFFECTIVE_HI_SUBGRID,1.3588102927101136e+50,0.0,3.032544815854394e-166,0,0,46080,7b4ff7556b379309bea95a8c7a1af1a97677544cf1b8f1f28c919e655d490753
4,12,0.8535533905932737,G2a,EXPLICIT_HI_ATOMIC,0.0,0.0,0.0,0,0,0,36bd753facc985aad613c884a2040210d208b1aa520e957b31ba2e1e19cd4185
4,12,0.8535533905932737,G2a,EXPLICIT_HEI_ATOMIC,3.753417999345653e+48,0.0,5.587270651079526e-167,0,0,46080,62710f8ad991c5d414743902f5eb9840f2924d5024ccbdb03d552075b08311b4
4,12,0.8535533905932737,G2a,EXPLICIT_HEII_ATOMIC,0.0,0.0,0.0,0,0,0,36bd753facc985aad613c884a2040210d208b1aa520e957b31ba2e1e19cd4185
4,12,0.8535533905932737,G2b,EFFECTIVE_HI_SUBGRID,0.0,0.0,0.0,0,0,0,36bd753facc985aad613c884a2040210d208b1aa520e957b31ba2e1e19cd4185
4,12,0.8535533905932737,G2b,EXPLICIT_HI_ATOMIC,4.113148829698796e+48,0.0,9.130455037203337e-168,0,0,46080,eddc47f1a5d8be5eb0d95953cf6bc73da02e3ff1248f5a117aa5a7d8f45f75aa
4,12,0.8535533905932737,G2b,EXPLICIT_HEI_ATOMIC,3.2807473383328316e+48,0.0,4.8836615906541475e-167,0,0,46080,93c662c2d22bb52b469a76b4232d902b5f8118f41012c356317a9ecb32ebdeb0
4,12,0.8535533905932737,G2b,EXPLICIT_HEII_ATOMIC,0.0,0.0,0.0,0,0,0,36bd753facc985aad613c884a2040210d208b1aa520e957b31ba2e1e19cd4185
4,12,0.8535533905932737,G3,EFFECTIVE_HI_SUBGRID,0.0,0.0,0.0,0,0,0,36bd753facc985aad613c884a2040210d208b1aa520e957b31ba2e1e19cd4185
4,12,0.8535533905932737,G3,EXPLICIT_HI_ATOMIC,0.0,0.0,0.0,0,0,46080,36bd753facc985aad613c884a2040210d208b1aa520e957b31ba2e1e19cd4185
4,12,0.8535533905932737,G3,EXPLICIT_HEI_ATOMIC,0.0,0.0,0.0,0,0,46080,36bd753facc985aad613c884a2040210d208b1aa520e957b31ba2e1e19cd4185
4,12,0.8535533905932737,G3,EXPLICIT_HEII_ATOMIC,0.0,0.0,0.0,0,0,46080,36bd753facc985aad613c884a2040210d208b1aa520e957b31ba2e1e19cd4185
4,13,0.9157348061512728,G1,EFFECTIVE_HI_SUBGRID,3.0957535926910606e+50,0.0,7.038360400321143e-166,0,0,46080,80bf333993fe20194d4f9cf0791d4bddf38285f8d7bea419f5840b8112c7081d
4,13,0.9157348061512728,G1,EXPLICIT_HI_ATOMIC,0.0,0.0,0.0,0,0,0,36bd753facc985aad613c884a2040210d208b1aa520e957b31ba2e1e19cd4185
4,13,0.9157348061512728,G1,EXPLICIT_HEI_ATOMIC,0.0,0.0,0.0,0,0,0,36bd753facc985aad613c884a2040210d208b1aa520e957b31ba2e1e19cd4185
4,13,0.9157348061512728,G1,EXPLICIT_HEII_ATOMIC,0.0,0.0,0.0,0,0,0,36bd753facc985aad613c884a2040210d208b1aa520e957b31ba2e1e19cd4185
4,13,0.9157348061512728,G2a,EFFECTIVE_HI_SUBGRID,1.3603063349930518e+50,0.0,3.0320779967731665e-166,0,0,46080,601b1b6470d749c0b8567c0ec3fcd130cbe3e1ff1007fec3d5545d38e239781d
4,13,0.9157348061512728,G2a,EXPLICIT_HI_ATOMIC,0.0,0.0,0.0,0,0,0,36bd753facc985aad613c884a2040210d208b1aa520e957b31ba2e1e19cd4185
4,13,0.9157348061512728,G2a,EXPLICIT_HEI_ATOMIC,3.7302104913988515e+48,0.0,5.5475832916425615e-167,0,0,46080,7403862624784877da329433383fe483513c10f06e5b2acd069b1ab98c85bb71
4,13,0.9157348061512728,G2a,EXPLICIT_HEII_ATOMIC,0.0,0.0,0.0,0,0,0,36bd753facc985aad613c884a2040210d208b1aa520e957b31ba2e1e19cd4185
4,13,0.9157348061512728,G2b,EFFECTIVE_HI_SUBGRID,0.0,0.0,0.0,0,0,0,36bd753facc985aad613c884a2040210d208b1aa520e957b31ba2e1e19cd4185
4,13,0.9157348061512728,G2b,EXPLICIT_HI_ATOMIC,4.207196958197372e+48,0.0,9.326626135392205e-168,0,0,46080,a3738db689f2649d8f2a9e8cdf1b7cea91f80952ca91ab06cc997730d431660b
4,13,0.9157348061512728,G2b,EXPLICIT_HEI_ATOMIC,3.317512738987575e+48,0.0,4.933817617814147e-167,0,0,46080,5993e9adc2d492c79b534f2e1abcce0b13bcdb9d0d112ac6b2772e5c5282f192
4,13,0.9157348061512728,G2b,EXPLICIT_HEII_ATOMIC,0.0,0.0,0.0,0,0,0,36bd753facc985aad613c884a2040210d208b1aa520e957b31ba2e1e19cd4185
4,13,0.9157348061512728,G3,EFFECTIVE_HI_SUBGRID,0.0,0.0,0.0,0,0,0,36bd753facc985aad613c884a2040210d208b1aa520e957b31ba2e1e19cd4185
4,13,0.9157348061512728,G3,EXPLICIT_HI_ATOMIC,0.0,0.0,0.0,0,0,46080,36bd753facc985aad613c884a2040210d208b1aa520e957b31ba2e1e19cd4185
4,13,0.9157348061512728,G3,EXPLICIT_HEI_ATOMIC,0.0,0.0,0.0,0,0,46080,36bd753facc985aad613c884a2040210d208b1aa520e957b31ba2e1e19cd4185
4,13,0.9157348061512728,G3,EXPLICIT_HEII_ATOMIC,0.0,0.0,0.0,0,0,46080,36bd753facc985aad613c884a2040210d208b1aa520e957b31ba2e1e19cd4185
4,14,0.9619397662556434,G1,EFFECTIVE_HI_SUBGRID,3.0830090397368117e+50,0.0,7.00454269450015e-166,0,0,46080,7e7d9d43eb3f50dc2bc2ade6b10dcba9f92a2cdbf37908068617816642a6cb69
4,14,0.9619397662556434,G1,EXPLICIT_HI_ATOMIC,0.0,0.0,0.0,0,0,0,36bd753facc985aad613c884a2040210d208b1aa520e957b31ba2e1e19cd4185
4,14,0.9619397662556434,G1,EXPLICIT_HEI_ATOMIC,0.0,0.0,0.0,0,0,0,36bd753facc985aad613c884a2040210d208b1aa520e957b31ba2e1e19cd4185
4,14,0.9619397662556434,G1,EXPLICIT_HEII_ATOMIC,0.0,0.0,0.0,0,0,0,36bd753facc985aad613c884a2040210d208b1aa520e957b31ba2e1e19cd4185
4,14,0.9619397662556434,G2a,EFFECTIVE_HI_SUBGRID,1.3609500835303595e+50,0.0,3.030678119915846e-166,0,0,46080,0ba5fcf5b31f1fa1515ce042c45b87dc77ed011919f1439b271186dd3116fe51
4,14,0.9619397662556434,G2a,EXPLICIT_HI_ATOMIC,0.0,0.0,0.0,0,0,0,36bd753facc985aad613c884a2040210d208b1aa520e957b31ba2e1e19cd4185
4,14,0.9619397662556434,G2a,EXPLICIT_HEI_ATOMIC,3.712778380542992e+48,0.0,5.517850373749235e-167,0,0,46080,67fd8f516feeeeb38c399b2901c21bfd8f0b292ba0e664d9c2ca2441aaf10bd4
4,14,0.9619397662556434,G2a,EXPLICIT_HEII_ATOMIC,0.0,0.0,0.0,0,0,0,36bd753facc985aad613c884a2040210d208b1aa520e957b31ba2e1e19cd4185
4,14,0.9619397662556434,G2b,EFFECTIVE_HI_SUBGRID,0.0,0.0,0.0,0,0,0,36bd753facc985aad613c884a2040210d208b1aa520e957b31ba2e1e19cd4185
4,14,0.9619397662556434,G2b,EXPLICIT_HI_ATOMIC,4.276810174213692e+48,0.0,9.471419706259885e-168,0,0,46080,f592d0c49034b4b46be205e7fc3b2a96b6f7d4d77ef5daf9ec847879857940bc
4,14,0.9619397662556434,G2b,EXPLICIT_HEI_ATOMIC,3.3447890012805005e+48,0.0,4.970952572215949e-167,0,0,46080,e9ba369e63e73d2a84807812f091b4fe0e21c80fdd5406ce383ee91a8e93ebfb
4,14,0.9619397662556434,G2b,EXPLICIT_HEII_ATOMIC,0.0,0.0,0.0,0,0,0,36bd753facc985aad613c884a2040210d208b1aa520e957b31ba2e1e19cd4185
4,14,0.9619397662556434,G3,EFFECTIVE_HI_SUBGRID,0.0,0.0,0.0,0,0,0,36bd753facc985aad613c884a2040210d208b1aa520e957b31ba2e1e19cd4185
4,14,0.9619397662556434,G3,EXPLICIT_HI_ATOMIC,0.0,0.0,0.0,0,0,46080,36bd753facc985aad613c884a2040210d208b1aa520e957b31ba2e1e19cd4185
4,14,0.9619397662556434,G3,EXPLICIT_HEI_ATOMIC,0.0,0.0,0.0,0,0,46080,36bd753facc985aad613c884a2040210d208b1aa520e957b31ba2e1e19cd4185
4,14,0.9619397662556434,G3,EXPLICIT_HEII_ATOMIC,0.0,0.0,0.0,0,0,46080,36bd753facc985aad613c884a2040210d208b1aa520e957b31ba2e1e19cd4185
4,15,0.9903926402016152,G1,EFFECTIVE_HI_SUBGRID,3.0753212700387327e+50,0.0,6.984086734604192e-166,0,0,46080,4e53e019572f66f7f5c0c1a8d188ad0da54715a890cba897e7a14b1002430d2a
4,15,0.9903926402016152,G1,EXPLICIT_HI_ATOMIC,0.0,0.0,0.0,0,0,0,36bd753facc985aad613c884a2040210d208b1aa520e957b31ba2e1e19cd4185
4,15,0.9903926402016152,G1,EXPLICIT_HEI_ATOMIC,0.0,0.0,0.0,0,0,0,36bd753facc985aad613c884a2040210d208b1aa520e957b31ba2e1e19cd4185
4,15,0.9903926402016152,G1,EXPLICIT_HEII_ATOMIC,0.0,0.0,0.0,0,0,0,36bd753facc985aad613c884a2040210d208b1aa520e957b31ba2e1e19cd4185
4,15,0.9903926402016152,G2a,EFFECTIVE_HI_SUBGRID,1.3611600828923906e+50,0.0,3.029397377614969e-166,0,0,46080,846e2270fbfe84b67a5505d88b2b625af59bfaba2d1843aef431813f613123c9
4,15,0.9903926402016152,G2a,EXPLICIT_HI_ATOMIC,0.0,0.0,0.0,0,0,0,36bd753facc985aad613c884a2040210d208b1aa520e957b31ba2e1e19cd4185
4,15,0.9903926402016152,G2a,EXPLICIT_HEI_ATOMIC,3.7019800715401966e+48,0.0,5.4994617901960305e-167,0,0,46080,993818b6b041304d4cfa2a661740668913b6ab33087da7c9c782e4bad55c30a8
4,15,0.9903926402016152,G2a,EXPLICIT_HEII_ATOMIC,0.0,0.0,0.0,0,0,0,36bd753facc985aad613c884a2040210d208b1aa520e957b31ba2e1e19cd4185
4,15,0.9903926402016152,G2b,EFFECTIVE_HI_SUBGRID,0.0,0.0,0.0,0,0,0,36bd753facc985aad613c884a2040210d208b1aa520e957b31ba2e1e19cd4185
4,15,0.9903926402016152,G2b,EXPLICIT_HI_ATOMIC,4.319535082632343e+48,0.0,9.56010864553707e-168,0,0,46080,41666cbdb8ebf3e329c427831a73f82126c5e6cc334c4f7318c0f22fe74936eb
4,15,0.9903926402016152,G2b,EXPLICIT_HEI_ATOMIC,3.3615539803202186e+48,0.0,4.9937431626316305e-167,0,0,46080,f9d876fcc8e488e85d89a6d2d4e5864c818eb5a4d2c2855738e972ee8aa992fc
4,15,0.9903926402016152,G2b,EXPLICIT_HEII_ATOMIC,0.0,0.0,0.0,0,0,0,36bd753facc985aad613c884a2040210d208b1aa520e957b31ba2e1e19cd4185
4,15,0.9903926402016152,G3,EFFECTIVE_HI_SUBGRID,0.0,0.0,0.0,0,0,0,36bd753facc985aad613c884a2040210d208b1aa520e957b31ba2e1e19cd4185
4,15,0.9903926402016152,G3,EXPLICIT_HI_ATOMIC,0.0,0.0,0.0,0,0,46080,36bd753facc985aad613c884a2040210d208b1aa520e957b31ba2e1e19cd4185
4,15,0.9903926402016152,G3,EXPLICIT_HEI_ATOMIC,0.0,0.0,0.0,0,0,46080,36bd753facc985aad613c884a2040210d208b1aa520e957b31ba2e1e19cd4185
4,15,0.9903926402016152,G3,EXPLICIT_HEII_ATOMIC,0.0,0.0,0.0,0,0,46080,36bd753facc985aad613c884a2040210d208b1aa520e957b31ba2e1e19cd4185
4,16,1.0,G1,EFFECTIVE_HI_SUBGRID,3.0727533325259568e+50,0.0,6.977243663209507e-166,0,0,46080,0e5a4ab04029086063e29bd57da582d65c113059667620b78b7130ee2eecb013
4,16,1.0,G1,EXPLICIT_HI_ATOMIC,0.0,0.0,0.0,0,0,0,36bd753facc985aad613c884a2040210d208b1aa520e957b31ba2e1e19cd4185
4,16,1.0,G1,EXPLICIT_HEI_ATOMIC,0.0,0.0,0.0,0,0,0,36bd753facc985aad613c884a2040210d208b1aa520e957b31ba2e1e19cd4185
4,16,1.0,G1,EXPLICIT_HEII_ATOMIC,0.0,0.0,0.0,0,0,0,36bd753facc985aad613c884a2040210d208b1aa520e957b31ba2e1e19cd4185
4,16,1.0,G2a,EFFECTIVE_HI_SUBGRID,1.3612001700310715e+50,0.0,3.028895784477249e-166,0,0,46080,9377fdfcf2acab66da494bd8aa421625f1d21a01782d675be63616c5d3929f59
4,16,1.0,G2a,EXPLICIT_HI_ATOMIC,0.0,0.0,0.0,0,0,0,36bd753facc985aad613c884a2040210d208b1aa520e957b31ba2e1e19cd4185
4,16,1.0,G2a,EXPLICIT_HEI_ATOMIC,3.698324609648148e+48,0.0,5.493241560405309e-167,0,0,46080,bbf57821f0010bdddf06ed0b298fbd6732b9c67215ceb8637a6000a424d5057a
4,16,1.0,G2a,EXPLICIT_HEII_ATOMIC,0.0,0.0,0.0,0,0,0,36bd753facc985aad613c884a2040210d208b1aa520e957b31ba2e1e19cd4185
4,16,1.0,G2b,EFFECTIVE_HI_SUBGRID,0.0,0.0,0.0,0,0,0,36bd753facc985aad613c884a2040210d208b1aa520e957b31ba2e1e19cd4185
4,16,1.0,G2b,EXPLICIT_HI_ATOMIC,4.333934082219567e+48,0.0,9.58996727241569e-168,0,0,46080,fb914a33f9d6179f820d6db9fcea9a875e666800b633fdcb951f043f510024b6
4,16,1.0,G2b,EXPLICIT_HEI_ATOMIC,3.367207980598552e+48,0.0,5.0014232859111205e-167,0,0,46080,848faf4cd1d434d7901fac8f472dc74ce3faf0b14a4a9fea1826e5edba8f366b
4,16,1.0,G2b,EXPLICIT_HEII_ATOMIC,0.0,0.0,0.0,0,0,0,36bd753facc985aad613c884a2040210d208b1aa520e957b31ba2e1e19cd4185
4,16,1.0,G3,EFFECTIVE_HI_SUBGRID,0.0,0.0,0.0,0,0,0,36bd753facc985aad613c884a2040210d208b1aa520e957b31ba2e1e19cd4185
4,16,1.0,G3,EXPLICIT_HI_ATOMIC,0.0,0.0,0.0,0,0,46080,36bd753facc985aad613c884a2040210d208b1aa520e957b31ba2e1e19cd4185
4,16,1.0,G3,EXPLICIT_HEI_ATOMIC,0.0,0.0,0.0,0,0,46080,36bd753facc985aad613c884a2040210d208b1aa520e957b31ba2e1e19cd4185
4,16,1.0,G3,EXPLICIT_HEII_ATOMIC,0.0,0.0,0.0,0,0,46080,36bd753facc985aad613c884a2040210d208b1aa520e957b31ba2e1e19cd4185
