interval_index,node_index,fraction,z_snapshot,group,component,conditioned_kappa_cMpc_inv,authoritative_kappa_cMpc_inv,owner_current_s_inv_cMpc3,authoritative_current_s_inv_cMpc3,conditioned_fraction,raw_component_kappa_cMpc_inv
0,0,0.0,6.0,G1,EFFECTIVE_HI_SUBGRID,0.0348379578941765,0.0348379578941765,4.252832574807789e+50,4.252832574807789e+50,1.0,0.0348379581329988
0,0,0.0,6.0,G1,EXPLICIT_HI_ATOMIC,0.0,0.0348379578941765,0.0,4.252832574807789e+50,0.0,0.0
0,0,0.0,6.0,G1,EXPLICIT_HEI_ATOMIC,0.0,0.0348379578941765,0.0,4.252832574807789e+50,0.0,0.0
0,0,0.0,6.0,G1,EXPLICIT_HEII_ATOMIC,0.0,0.0348379578941765,0.0,4.252832574807789e+50,0.0,0.0
0,0,0.0,6.0,G2a,EFFECTIVE_HI_SUBGRID,0.0165719705677779,0.0168216818141389,7.19196092078885e+49,7.300331468392976e+49,0.9851553935498244,0.0165719948704725
0,0,0.0,6.0,G2a,EXPLICIT_HI_ATOMIC,0.0,0.0168216818141389,0.0,7.300331468392976e+49,0.0,0.0
0,0,0.0,6.0,G2a,EXPLICIT_HEI_ATOMIC,0.0002497112463609,0.0168216818141389,1.083705476041252e+48,7.300331468392976e+49,0.0148446064501754,0.0002497116125609
0,0,0.0,6.0,G2a,EXPLICIT_HEII_ATOMIC,0.0,0.0168216818141389,0.0,7.300331468392976e+49,0.0,0.0
0,0,0.0,6.0,G2b,EFFECTIVE_HI_SUBGRID,0.0,0.0006096451812474,0.0,9.746685330622972e+47,0.0,0.0
0,0,0.0,6.0,G2b,EXPLICIT_HI_ATOMIC,0.0004954711853402,0.0006096451812474,7.921331755663849e+47,9.746685330622972e+47,0.8127205800700192,0.0004954711853404
0,0,0.0,6.0,G2b,EXPLICIT_HEI_ATOMIC,0.0001141739959071,0.0006096451812474,1.8253535749591235e+47,9.746685330622972e+47,0.1872794199299808,0.0001141739959071
0,0,0.0,6.0,G2b,EXPLICIT_HEII_ATOMIC,0.0,0.0006096451812474,0.0,9.746685330622972e+47,0.0,0.0
0,0,0.0,6.0,G3,EFFECTIVE_HI_SUBGRID,0.0,1.919599367494748,0.0,0.0,0.0,0.0
0,0,0.0,6.0,G3,EXPLICIT_HI_ATOMIC,0.000148803880962,1.919599367494748,0.0,0.0,7.751819649549964e-05,0.000148803880962
0,0,0.0,6.0,G3,EXPLICIT_HEI_ATOMIC,4.694062733981837e-05,1.919599367494748,0.0,0.0,2.4453345908881065e-05,4.69406273398185e-05
0,0,0.0,6.0,G3,EXPLICIT_HEII_ATOMIC,1.9194036229864464,1.919599367494748,0.0,0.0,0.9998980284575956,1.9194036229864515
0,1,0.0096073597983847,5.999039264020162,G1,EFFECTIVE_HI_SUBGRID,0.034929307742544,0.034929307742544,4.2479641627248876e+50,4.247964162724887e+50,1.0,0.0349293085075507
0,1,0.0096073597983847,5.999039264020162,G1,EXPLICIT_HI_ATOMIC,0.0,0.034929307742544,0.0,4.247964162724887e+50,0.0,0.0
0,1,0.0096073597983847,5.999039264020162,G1,EXPLICIT_HEI_ATOMIC,0.0,0.034929307742544,0.0,4.247964162724887e+50,0.0,0.0
0,1,0.0096073597983847,5.999039264020162,G1,EXPLICIT_HEII_ATOMIC,0.0,0.034929307742544,0.0,4.247964162724887e+50,0.0,0.0
0,1,0.0096073597983847,5.999039264020162,G2a,EFFECTIVE_HI_SUBGRID,0.0166128448243807,0.017704264340754,7.251413120793922e+49,7.727811587461376e+49,0.9383527326882004,0.0166128677382564
0,1,0.0096073597983847,5.999039264020162,G2a,EXPLICIT_HI_ATOMIC,0.0,0.017704264340754,0.0,7.727811587461376e+49,0.0,0.0
0,1,0.0096073597983847,5.999039264020162,G2a,EXPLICIT_HEI_ATOMIC,0.0010914195163732,0.017704264340754,4.7639846666745336e+48,7.727811587461376e+49,0.0616472673117995,0.0010914210217536
0,1,0.0096073597983847,5.999039264020162,G2a,EXPLICIT_HEII_ATOMIC,0.0,0.017704264340754,0.0,7.727811587461376e+49,0.0,0.0
0,1,0.0096073597983847,5.999039264020162,G2b,EFFECTIVE_HI_SUBGRID,0.0,0.0008444193114257,0.0,1.3680677806140177e+48,0.0,0.0
0,1,0.0096073597983847,5.999039264020162,G2b,EXPLICIT_HI_ATOMIC,0.0003453960661996,0.0008444193114257,5.595860058206334e+47,1.3680677806140177e+48,0.4090338313277719,0.0003453960661992
0,1,0.0096073597983847,5.999039264020162,G2b,EXPLICIT_HEI_ATOMIC,0.000499023245226,0.0008444193114257,8.084817747933839e+47,1.3680677806140177e+48,0.590966168672228,0.0004990232452255
0,1,0.0096073597983847,5.999039264020162,G2b,EXPLICIT_HEII_ATOMIC,0.0,0.0008444193114257,0.0,1.3680677806140177e+48,0.0,0.0
0,1,0.0096073597983847,5.999039264020162,G3,EFFECTIVE_HI_SUBGRID,0.0,1.9195790097058272,0.0,0.0,0.0,0.0
0,1,0.0096073597983847,5.999039264020162,G3,EXPLICIT_HI_ATOMIC,0.000103732117306,1.9195790097058272,0.0,0.0,5.40389933321421e-05,0.000103732117306
0,1,0.0096073597983847,5.999039264020162,G3,EXPLICIT_HEI_ATOMIC,0.0002051646174062,1.9195790097058272,0.0,0.0,0.0001068800066936,0.0002051646174062
0,1,0.0096073597983847,5.999039264020162,G3,EXPLICIT_HEII_ATOMIC,1.919270112971115,1.9195790097058272,0.0,0.0,0.9998390809999744,1.9192701129711205
0,2,0.0380602337443566,5.996193976625564,G1,EFFECTIVE_HI_SUBGRID,0.0352024949366526,0.0352024949366526,4.2338369388530785e+50,4.2338369388530785e+50,1.0,0.0352024972723223
0,2,0.0380602337443566,5.996193976625564,G1,EXPLICIT_HI_ATOMIC,0.0,0.0352024949366526,0.0,4.2338369388530785e+50,0.0,0.0
0,2,0.0380602337443566,5.996193976625564,G1,EXPLICIT_HEI_ATOMIC,0.0,0.0352024949366526,0.0,4.2338369388530785e+50,0.0,0.0
0,2,0.0380602337443566,5.996193976625564,G1,EXPLICIT_HEII_ATOMIC,0.0,0.0352024949366526,0.0,4.2338369388530785e+50,0.0,0.0
0,2,0.0380602337443566,5.996193976625564,G2a,EFFECTIVE_HI_SUBGRID,0.016735103354535,0.0182346490702937,7.420998498572701e+49,8.085955641019634e+49,0.9177639388628795,0.0167351250242539
0,2,0.0380602337443566,5.996193976625564,G2a,EXPLICIT_HI_ATOMIC,0.0,0.0182346490702937,0.0,8.085955641019634e+49,0.0,0.0
0,2,0.0380602337443566,5.996193976625564,G2a,EXPLICIT_HEI_ATOMIC,0.0014995457157586,0.0182346490702937,6.649571424469356e+48,8.085955641019634e+49,0.0822360611371205,0.0014995476574695
0,2,0.0380602337443566,5.996193976625564,G2a,EXPLICIT_HEII_ATOMIC,0.0,0.0182346490702937,0.0,8.085955641019634e+49,0.0,0.0
0,2,0.0380602337443566,5.996193976625564,G2b,EFFECTIVE_HI_SUBGRID,0.0,0.0009913743210675,0.0,1.6684114065237408e+48,0.0,0.0
0,2,0.0380602337443566,5.996193976625564,G2b,EXPLICIT_HI_ATOMIC,0.0003057460222834,0.0009913743210675,5.1454848106996695e+47,1.6684114065237408e+48,0.3084062354512829,0.0003057460222829
0,2,0.0380602337443566,5.996193976625564,G2b,EXPLICIT_HEI_ATOMIC,0.000685628298784,0.0009913743210675,1.153862925453774e+48,1.6684114065237408e+48,0.6915937645487171,0.0006856282987828
0,2,0.0380602337443566,5.996193976625564,G2b,EXPLICIT_HEII_ATOMIC,0.0,0.0009913743210675,0.0,1.6684114065237408e+48,0.0,0.0
0,2,0.0380602337443566,5.996193976625564,G3,EFFECTIVE_HI_SUBGRID,0.0,1.9195858796528151,0.0,0.0,0.0,0.0
0,2,0.0380602337443566,5.996193976625564,G3,EXPLICIT_HI_ATOMIC,9.182409805157828e-05,1.9195858796528151,0.0,0.0,4.7835368568238265e-05,9.182409805157854e-05
0,2,0.0380602337443566,5.996193976625564,G3,EXPLICIT_HEI_ATOMIC,0.0002818839982877,1.9195858796528151,0.0,0.0,0.0001468462553698,0.0002818839982877
0,2,0.0380602337443566,5.996193976625564,G3,EXPLICIT_HEII_ATOMIC,1.919212171556476,1.9195858796528151,0.0,0.0,0.999805318376062,1.9192121715564812
0,3,0.0842651938487273,5.991573480615127,G1,EFFECTIVE_HI_SUBGRID,0.0356495488722516,0.0356495488722516,4.2112068691209255e+50,4.2112068691209255e+50,1.0,0.0356495537522173
0,3,0.0842651938487273,5.991573480615127,G1,EXPLICIT_HI_ATOMIC,0.0,0.0356495488722516,0.0,4.2112068691209255e+50,0.0,0.0
0,3,0.0842651938487273,5.991573480615127,G1,EXPLICIT_HEI_ATOMIC,0.0,0.0356495488722516,0.0,4.2112068691209255e+50,0.0,0.0
0,3,0.0842651938487273,5.991573480615127,G1,EXPLICIT_HEII_ATOMIC,0.0,0.0356495488722516,0.0,4.2112068691209255e+50,0.0,0.0
0,3,0.0842651938487273,5.991573480615127,G2a,EFFECTIVE_HI_SUBGRID,0.0169352462903417,0.0184218090184116,7.691329654366885e+49,8.3664685804539e+49,0.9193041939266582,0.0169352666104893
0,3,0.0842651938487273,5.991573480615127,G2a,EXPLICIT_HI_ATOMIC,0.0,0.0184218090184116,0.0,8.3664685804539e+49,0.0,0.0
0,3,0.0842651938487273,5.991573480615127,G2a,EXPLICIT_HEI_ATOMIC,0.0014865627280698,0.0184218090184116,6.751389260870161e+48,8.3664685804539e+49,0.0806958060733419,0.0014865645117566
0,3,0.0842651938487273,5.991573480615127,G2a,EXPLICIT_HEII_ATOMIC,0.0,0.0184218090184116,0.0,8.3664685804539e+49,0.0,0.0
0,3,0.0842651938487273,5.991573480615127,G2b,EFFECTIVE_HI_SUBGRID,0.0,0.0009895384458707,0.0,1.7657198409736827e+48,0.0,0.0
0,3,0.0842651938487273,5.991573480615127,G2b,EXPLICIT_HI_ATOMIC,0.0003098463452895,0.0009895384458707,5.528858851457397e+47,1.7657198409736827e+48,0.3131220889724262,0.0003098463452894
0,3,0.0842651938487273,5.991573480615127,G2b,EXPLICIT_HEI_ATOMIC,0.0006796921005811,0.0009895384458707,1.2128339558279429e+48,1.7657198409736827e+48,0.6868779110275738,0.0006796921005808
0,3,0.0842651938487273,5.991573480615127,G2b,EXPLICIT_HEII_ATOMIC,0.0,0.0009895384458707,0.0,1.7657198409736827e+48,0.0,0.0
0,3,0.0842651938487273,5.991573480615127,G3,EFFECTIVE_HI_SUBGRID,0.0,1.919599950922626,0.0,0.0,0.0,0.0
0,3,0.0842651938487273,5.991573480615127,G3,EXPLICIT_HI_ATOMIC,9.305553994893044e-05,1.919599950922626,0.0,0.0,4.847652757242713e-05,9.30555399489307e-05
0,3,0.0842651938487273,5.991573480615127,G3,EXPLICIT_HEI_ATOMIC,0.000279443434958,1.919599950922626,0.0,0.0,0.0001455737873007,0.000279443434958
0,3,0.0842651938487273,5.991573480615127,G3,EXPLICIT_HEII_ATOMIC,1.919227451947719,1.919599950922626,0.0,0.0,0.9998059496851268,1.919227451947724
0,4,0.1464466094067262,5.985355339059328,G1,EFFECTIVE_HI_SUBGRID,0.0362563838364027,0.0362563838364027,4.18120799941582e+50,4.18120799941582e+50,1.0,0.0362563920710201
0,4,0.1464466094067262,5.985355339059328,G1,EXPLICIT_HI_ATOMIC,0.0,0.0362563838364027,0.0,4.18120799941582e+50,0.0,0.0
0,4,0.1464466094067262,5.985355339059328,G1,EXPLICIT_HEI_ATOMIC,0.0,0.0362563838364027,0.0,4.18120799941582e+50,0.0,0.0
0,4,0.1464466094067262,5.985355339059328,G1,EXPLICIT_HEII_ATOMIC,0.0,0.0362563838364027,0.0,4.18120799941582e+50,0.0,0.0
0,4,0.1464466094067262,5.985355339059328,G2a,EFFECTIVE_HI_SUBGRID,0.0172070585603751,0.0186502727377223,8.048644259902541e+49,8.72371126589649e+49,0.922616993454038,0.0172070767620858
0,4,0.1464466094067262,5.985355339059328,G2a,EXPLICIT_HI_ATOMIC,0.0,0.0186502727377223,0.0,8.72371126589649e+49,0.0,0.0
0,4,0.1464466094067262,5.985355339059328,G2a,EXPLICIT_HEI_ATOMIC,0.0014432141773471,0.0186502727377223,6.750670059939493e+48,8.72371126589649e+49,0.0773830065459618,0.0014432157039861
0,4,0.1464466094067262,5.985355339059328,G2a,EXPLICIT_HEII_ATOMIC,0.0,0.0186502727377223,0.0,8.72371126589649e+49,0.0,0.0
0,4,0.1464466094067262,5.985355339059328,G2b,EFFECTIVE_HI_SUBGRID,0.0,0.0009758476107837,0.0,1.873870720198433e+48,0.0,0.0
0,4,0.1464466094067262,5.985355339059328,G2b,EXPLICIT_HI_ATOMIC,0.0003159756000664,0.0009758476107837,6.067519341325009e+47,1.873870720198433e+48,0.3237960482504627,0.0003159756000663
0,4,0.1464466094067262,5.985355339059328,G2b,EXPLICIT_HEI_ATOMIC,0.0006598720107172,0.0009758476107837,1.2671187860659317e+48,1.873870720198433e+48,0.6762039517495373,0.0006598720107172
0,4,0.1464466094067262,5.985355339059328,G2b,EXPLICIT_HEII_ATOMIC,0.0,0.0009758476107837,0.0,1.873870720198433e+48,0.0,0.0
0,4,0.1464466094067262,5.985355339059328,G3,EFFECTIVE_HI_SUBGRID,0.0,1.9196183621187808,0.0,0.0,0.0,0.0
0,4,0.1464466094067262,5.985355339059328,G3,EXPLICIT_HI_ATOMIC,9.489632691131714e-05,1.9196183621187808,0.0,0.0,4.943499644719756e-05,9.489632691131744e-05
0,4,0.1464466094067262,5.985355339059328,G3,EXPLICIT_HEI_ATOMIC,0.0002712947541245,1.9196183621187808,0.0,0.0,0.0001413274427241,0.0002712947541245
0,4,0.1464466094067262,5.985355339059328,G3,EXPLICIT_HEII_ATOMIC,1.9192521710377453,1.9196183621187808,0.0,0.0,0.9998092375608286,1.9192521710377508
0,5,0.2222148834901988,5.97777851165098,G1,EFFECTIVE_HI_SUBGRID,0.0370031233512978,0.0370031233512978,4.145341214997397e+50,4.145341214997397e+50,1.0,0.0370031354735738
0,5,0.2222148834901988,5.97777851165098,G1,EXPLICIT_HI_ATOMIC,0.0,0.0370031233512978,0.0,4.145341214997397e+50,0.0,0.0
0,5,0.2222148834901988,5.97777851165098,G1,EXPLICIT_HEI_ATOMIC,0.0,0.0370031233512978,0.0,4.145341214997397e+50,0.0,0.0
0,5,0.2222148834901988,5.97777851165098,G1,EXPLICIT_HEII_ATOMIC,0.0,0.0370031233512978,0.0,4.145341214997397e+50,0.0,0.0
0,5,0.2222148834901988,5.97777851165098,G2a,EFFECTIVE_HI_SUBGRID,0.0175417262693488,0.0189385889808312,8.473587151594787e+49,9.148346165776919e+49,0.9262425140069208,0.0175417414300756
0,5,0.2222148834901988,5.97777851165098,G2a,EXPLICIT_HI_ATOMIC,0.0,0.0189385889808312,0.0,9.148346165776919e+49,0.0,0.0
0,5,0.2222148834901988,5.97777851165098,G2a,EXPLICIT_HEI_ATOMIC,0.0013968627114823,0.0189385889808312,6.747590141821324e+48,9.148346165776919e+49,0.0737574859930793,0.001396863918744
0,5,0.2222148834901988,5.97777851165098,G2a,EXPLICIT_HEII_ATOMIC,0.0,0.0189385889808312,0.0,9.148346165776919e+49,0.0,0.0
0,5,0.2222148834901988,5.97777851165098,G2b,EFFECTIVE_HI_SUBGRID,0.0,0.0009622172164551,0.0,2.005993681691112e+48,0.0,0.0
0,5,0.2222148834901988,5.97777851165098,G2b,EXPLICIT_HI_ATOMIC,0.0003235383272111,0.0009622172164551,6.745003405380817e+47,2.005993681691112e+48,0.3362425049960566,0.0003235383272107
0,5,0.2222148834901988,5.97777851165098,G2b,EXPLICIT_HEI_ATOMIC,0.0006386788892439,0.0009622172164551,1.3314933411530302e+48,2.005993681691112e+48,0.6637574950039434,0.000638678889243
0,5,0.2222148834901988,5.97777851165098,G2b,EXPLICIT_HEII_ATOMIC,0.0,0.0009622172164551,0.0,2.005993681691112e+48,0.0,0.0
0,5,0.2222148834901988,5.97777851165098,G3,EFFECTIVE_HI_SUBGRID,0.0,1.919640940879742,0.0,0.0,0.0,0.0
0,5,0.2222148834901988,5.97777851165098,G3,EXPLICIT_HI_ATOMIC,9.716762579414658e-05,1.919640940879742,0.0,0.0,5.061760443055364e-05,9.716762579414692e-05
0,5,0.2222148834901988,5.97777851165098,G3,EXPLICIT_HEI_ATOMIC,0.0002625815755291,1.919640940879742,0.0,0.0,0.0001367868177518,0.0002625815755291
0,5,0.2222148834901988,5.97777851165098,G3,EXPLICIT_HEII_ATOMIC,1.9192811916784185,1.919640940879742,0.0,0.0,0.9998125955778177,1.9192811916784247
0,6,0.3086582838174551,5.969134171618254,G1,EFFECTIVE_HI_SUBGRID,0.0378636282847097,0.0378636282847097,4.105322656413776e+50,4.105322656413776e+50,1.0,0.0378636444489289
0,6,0.3086582838174551,5.969134171618254,G1,EXPLICIT_HI_ATOMIC,0.0,0.0378636282847097,0.0,4.105322656413776e+50,0.0,0.0
0,6,0.3086582838174551,5.969134171618254,G1,EXPLICIT_HEI_ATOMIC,0.0,0.0378636282847097,0.0,4.105322656413776e+50,0.0,0.0
0,6,0.3086582838174551,5.969134171618254,G1,EXPLICIT_HEII_ATOMIC,0.0,0.0378636282847097,0.0,4.105322656413776e+50,0.0,0.0
0,6,0.3086582838174551,5.969134171618254,G2a,EFFECTIVE_HI_SUBGRID,0.0179275995942121,0.0192790821446707,8.943553810607931e+49,9.617768830337963e+49,0.929899020071754,0.0179276107832551
0,6,0.3086582838174551,5.969134171618254,G2a,EXPLICIT_HI_ATOMIC,0.0,0.0192790821446707,0.0,9.617768830337963e+49,0.0,0.0
0,6,0.3086582838174551,5.969134171618254,G2a,EXPLICIT_HEI_ATOMIC,0.0013514825504585,0.0192790821446707,6.742150197300308e+48,9.617768830337963e+49,0.0701009799282459,0.001351483393951
0,6,0.3086582838174551,5.969134171618254,G2a,EXPLICIT_HEII_ATOMIC,0.0,0.0192790821446707,0.0,9.617768830337963e+49,0.0,0.0
0,6,0.3086582838174551,5.969134171618254,G2b,EFFECTIVE_HI_SUBGRID,0.0,0.0009502163250604,0.0,2.1580036738023598e+48,0.0,0.0
0,6,0.3086582838174551,5.969134171618254,G2b,EXPLICIT_HI_ATOMIC,0.0003322864742745,0.0009502163250604,7.546444039401594e+47,2.1580036738023598e+48,0.3496956066856415,0.0003322864742751
0,6,0.3086582838174551,5.969134171618254,G2b,EXPLICIT_HEI_ATOMIC,0.0006179298507858,0.0009502163250604,1.4033592698622006e+48,2.1580036738023598e+48,0.6503043933143585,0.0006179298507868
0,6,0.3086582838174551,5.969134171618254,G2b,EXPLICIT_HEII_ATOMIC,0.0,0.0009502163250604,0.0,2.1580036738023598e+48,0.0,0.0
0,6,0.3086582838174551,5.969134171618254,G3,EFFECTIVE_HI_SUBGRID,0.0,1.919666861929956,0.0,0.0,0.0,0.0
0,6,0.3086582838174551,5.969134171618254,G3,EXPLICIT_HI_ATOMIC,9.979493949659672e-05,1.919666861929956,0.0,0.0,5.198555097016516e-05,9.979493949659704e-05
0,6,0.3086582838174551,5.969134171618254,G3,EXPLICIT_HEI_ATOMIC,0.0002540509738445,1.919666861929956,0.0,0.0,0.0001323411779839,0.0002540509738445
0,6,0.3086582838174551,5.969134171618254,G3,EXPLICIT_HEII_ATOMIC,1.9193130160166147,1.919666861929956,0.0,0.0,0.9998156732710458,1.9193130160166203
0,7,0.4024548389919358,5.959754516100807,G1,EFFECTIVE_HI_SUBGRID,0.0388057935259744,0.0388057935259744,4.062965766259349e+50,4.062965766259349e+50,1.0,0.0388058134676137
0,7,0.4024548389919358,5.959754516100807,G1,EXPLICIT_HI_ATOMIC,0.0,0.0388057935259744,0.0,4.062965766259349e+50,0.0,0.0
0,7,0.4024548389919358,5.959754516100807,G1,EXPLICIT_HEI_ATOMIC,0.0,0.0388057935259744,0.0,4.062965766259349e+50,0.0,0.0
0,7,0.4024548389919358,5.959754516100807,G1,EXPLICIT_HEII_ATOMIC,0.0,0.0388057935259744,0.0,4.062965766259349e+50,0.0,0.0
0,7,0.4024548389919358,5.959754516100807,G2a,EFFECTIVE_HI_SUBGRID,0.0183503085821707,0.0196600017966067,9.43449329236082e+49,1.0107849371977467e+50,0.9333828537766472,0.018350315024123
0,7,0.4024548389919358,5.959754516100807,G2a,EXPLICIT_HI_ATOMIC,0.0,0.0196600017966067,0.0,1.0107849371977467e+50,0.0,0.0
0,7,0.4024548389919358,5.959754516100807,G2a,EXPLICIT_HEI_ATOMIC,0.0013096932144359,0.0196600017966067,6.733560796166477e+48,1.0107849371977467e+50,0.0666171462233528,0.0013096936742091
0,7,0.4024548389919358,5.959754516100807,G2a,EXPLICIT_HEII_ATOMIC,0.0,0.0196600017966067,0.0,1.0107849371977467e+50,0.0,0.0
0,7,0.4024548389919358,5.959754516100807,G2b,EFFECTIVE_HI_SUBGRID,0.0,0.0009407328302355,0.0,2.3250645990270144e+48,0.0,0.0
0,7,0.4024548389919358,5.959754516100807,G2b,EXPLICIT_HI_ATOMIC,0.0003419102177612,0.0009407328302355,8.450468802744762e+47,2.3250645990270144e+48,0.3634509254616446,0.0003419102177609
0,7,0.4024548389919358,5.959754516100807,G2b,EXPLICIT_HEI_ATOMIC,0.0005988226124742,0.0009407328302355,1.4800177187525384e+48,2.3250645990270144e+48,0.6365490745383553,0.0005988226124736
0,7,0.4024548389919358,5.959754516100807,G2b,EXPLICIT_HEII_ATOMIC,0.0,0.0009407328302355,0.0,2.3250645990270144e+48,0.0,0.0
0,7,0.4024548389919358,5.959754516100807,G3,EFFECTIVE_HI_SUBGRID,0.0,1.919695136270676,0.0,0.0,0.0,0.0
0,7,0.4024548389919358,5.959754516100807,G3,EXPLICIT_HI_ATOMIC,0.0001026852193401,1.919695136270676,0.0,0.0,5.3490378446056907e-05,0.0001026852193401
0,7,0.4024548389919358,5.959754516100807,G3,EXPLICIT_HEI_ATOMIC,0.0002461953693697,1.919695136270676,0.0,0.0,0.0001282471183669,0.0002461953693697
0,7,0.4024548389919358,5.959754516100807,G3,EXPLICIT_HEII_ATOMIC,1.9193462556819656,1.919695136270676,0.0,0.0,0.999818262503187,1.919346255681971
0,8,0.4999999999999999,5.95,G1,EFFECTIVE_HI_SUBGRID,0.0397925648108178,0.0397925648108178,4.020074920092687e+50,4.020074920092687e+50,1.0,0.0397925878951564
0,8,0.4999999999999999,5.95,G1,EXPLICIT_HI_ATOMIC,0.0,0.0397925648108178,0.0,4.020074920092687e+50,0.0,0.0
0,8,0.4999999999999999,5.95,G1,EXPLICIT_HEI_ATOMIC,0.0,0.0397925648108178,0.0,4.020074920092687e+50,0.0,0.0
0,8,0.4999999999999999,5.95,G1,EXPLICIT_HEII_ATOMIC,0.0,0.0397925648108178,0.0,4.020074920092687e+50,0.0,0.0
0,8,0.4999999999999999,5.95,G2a,EFFECTIVE_HI_SUBGRID,0.0187932154690292,0.0200662058550283,9.922828796240643e+49,1.059496846708863e+50,0.9365604840697858,0.0187932167027313
0,8,0.4999999999999999,5.95,G2a,EXPLICIT_HI_ATOMIC,0.0,0.0200662058550283,0.0,1.059496846708863e+50,0.0,0.0
0,8,0.4999999999999999,5.95,G2a,EXPLICIT_HEI_ATOMIC,0.001272990385999,0.0200662058550283,6.721396708479871e+48,1.059496846708863e+50,0.0634395159302142,0.0012729904695659
0,8,0.4999999999999999,5.95,G2a,EXPLICIT_HEII_ATOMIC,0.0,0.0200662058550283,0.0,1.059496846708863e+50,0.0,0.0
0,8,0.4999999999999999,5.95,G2b,EFFECTIVE_HI_SUBGRID,0.0,0.0009340873844612,0.0,2.501666512308633e+48,0.0,0.0
0,8,0.4999999999999999,5.95,G2b,EXPLICIT_HI_ATOMIC,0.0003520463365046,0.0009340873844612,9.42848116209885e+47,2.501666512308633e+48,0.3768880110801774,0.000352046336505
0,8,0.4999999999999999,5.95,G2b,EXPLICIT_HEI_ATOMIC,0.0005820410479565,0.0009340873844612,1.558818396098748e+48,2.501666512308633e+48,0.6231119889198224,0.0005820410479571
0,8,0.4999999999999999,5.95,G2b,EXPLICIT_HEII_ATOMIC,0.0,0.0009340873844612,0.0,2.501666512308633e+48,0.0,0.0
0,8,0.4999999999999999,5.95,G3,EFFECTIVE_HI_SUBGRID,0.0,1.919724660391246,0.0,0.0,0.0,0.0
0,8,0.4999999999999999,5.95,G3,EXPLICIT_HI_ATOMIC,0.0001057293798315,1.919724660391246,0.0,0.0,5.50752834575666e-05,0.0001057293798315
0,8,0.4999999999999999,5.95,G3,EXPLICIT_HEI_ATOMIC,0.0002392959247117,1.919724660391246,0.0,0.0,0.0001246511698521,0.0002392959247117
0,8,0.4999999999999999,5.95,G3,EXPLICIT_HEII_ATOMIC,1.9193796350867027,1.919724660391246,0.0,0.0,0.9998202735466905,1.9193796350867087
0,9,0.5975451610080641,5.940245483899194,G1,EFFECTIVE_HI_SUBGRID,0.0407837084755637,0.0407837084755637,3.9783543938472105e+50,3.9783543938472105e+50,1.0,0.0407837338275813
0,9,0.5975451610080641,5.940245483899194,G1,EXPLICIT_HI_ATOMIC,0.0,0.0407837084755637,0.0,3.9783543938472105e+50,0.0,0.0
0,9,0.5975451610080641,5.940245483899194,G1,EXPLICIT_HEI_ATOMIC,0.0,0.0407837084755637,0.0,3.9783543938472105e+50,0.0,0.0
0,9,0.5975451610080641,5.940245483899194,G1,EXPLICIT_HEII_ATOMIC,0.0,0.0407837084755637,0.0,3.9783543938472105e+50,0.0,0.0
0,9,0.5975451610080641,5.940245483899194,G2a,EFFECTIVE_HI_SUBGRID,0.0192382183814292,0.0204801914659452,1.038729809566619e+50,1.1057877065084422e+50,0.93935734992609,0.0192382143619595
0,9,0.5975451610080641,5.940245483899194,G2a,EXPLICIT_HI_ATOMIC,0.0,0.0204801914659452,0.0,1.1057877065084422e+50,0.0,0.0
0,9,0.5975451610080641,5.940245483899194,G2a,EXPLICIT_HEI_ATOMIC,0.0012419730845159,0.0204801914659452,6.705789694182294e+48,1.1057877065084422e+50,0.0606426500739099,0.0012419728250287
0,9,0.5975451610080641,5.940245483899194,G2a,EXPLICIT_HEII_ATOMIC,0.0,0.0204801914659452,0.0,1.1057877065084422e+50,0.0,0.0
0,9,0.5975451610080641,5.940245483899194,G2b,EFFECTIVE_HI_SUBGRID,0.0,0.0009301514170179,0.0,2.681585395452814e+48,0.0,0.0
0,9,0.5975451610080641,5.940245483899194,G2b,EXPLICIT_HI_ATOMIC,0.0003622923623778,0.0009301514170179,1.0444728568508606e+48,2.681585395452814e+48,0.3894982642066822,0.0003622923623781
0,9,0.5975451610080641,5.940245483899194,G2b,EXPLICIT_HEI_ATOMIC,0.00056785905464,0.0009301514170179,1.6371125386019535e+48,2.681585395452814e+48,0.6105017357933178,0.0005678590546404
0,9,0.5975451610080641,5.940245483899194,G2b,EXPLICIT_HEII_ATOMIC,0.0,0.0009301514170179,0.0,2.681585395452814e+48,0.0,0.0
0,9,0.5975451610080641,5.940245483899194,G3,EFFECTIVE_HI_SUBGRID,0.0,1.9197542686662967,0.0,0.0,0.0,0.0
0,9,0.5975451610080641,5.940245483899194,G3,EXPLICIT_HI_ATOMIC,0.0001088065485135,1.9197542686662967,0.0,0.0,5.667733120296532e-05,0.0001088065485135
0,9,0.5975451610080641,5.940245483899194,G3,EXPLICIT_HEI_ATOMIC,0.0002334652479632,1.9197542686662967,0.0,0.0,0.0001216120478405,0.0002334652479632
0,9,0.5975451610080641,5.940245483899194,G3,EXPLICIT_HEII_ATOMIC,1.9194119968698204,1.9197542686662967,0.0,0.0,0.9998217106209564,1.9194119968698264
0,10,0.6913417161825448,5.930865828381746,G1,EFFECTIVE_HI_SUBGRID,0.0417381693162933,0.0417381693162933,3.939336689215232e+50,3.939336689215232e+50,1.0,0.0417381959938867
0,10,0.6913417161825448,5.930865828381746,G1,EXPLICIT_HI_ATOMIC,0.0,0.0417381693162933,0.0,3.939336689215232e+50,0.0,0.0
0,10,0.6913417161825448,5.930865828381746,G1,EXPLICIT_HEI_ATOMIC,0.0,0.0417381693162933,0.0,3.939336689215232e+50,0.0,0.0
0,10,0.6913417161825448,5.930865828381746,G1,EXPLICIT_HEII_ATOMIC,0.0,0.0417381693162933,0.0,3.939336689215232e+50,0.0,0.0
0,10,0.6913417161825448,5.930865828381746,G2a,EFFECTIVE_HI_SUBGRID,0.0196668280475856,0.0208834486869821,1.0810404074763826e+50,1.147915252193335e+50,0.9417423502395548,0.019666819155563
0,10,0.6913417161825448,5.930865828381746,G2a,EXPLICIT_HI_ATOMIC,0.0,0.0208834486869821,0.0,1.147915252193335e+50,0.0,0.0
0,10,0.6913417161825448,5.930865828381746,G2a,EXPLICIT_HEI_ATOMIC,0.0012166206393964,0.0208834486869821,6.687484471695225e+48,1.147915252193335e+50,0.058257649760445,0.001216620089322
0,10,0.6913417161825448,5.930865828381746,G2a,EXPLICIT_HEII_ATOMIC,0.0,0.0208834486869821,0.0,1.147915252193335e+50,0.0,0.0
0,10,0.6913417161825448,5.930865828381746,G2b,EFFECTIVE_HI_SUBGRID,0.0,0.000928494399042,0.0,2.8579691152351818e+48,0.0,0.0
0,10,0.6913417161825448,5.930865828381746,G2b,EXPLICIT_HI_ATOMIC,0.0003722272087652,0.000928494399042,1.1457407471698322e+48,2.8579691152351818e+48,0.4008933270349737,0.0003722272087654
0,10,0.6913417161825448,5.930865828381746,G2b,EXPLICIT_HEI_ATOMIC,0.0005562671902767,0.000928494399042,1.7122283680653495e+48,2.8579691152351818e+48,0.5991066729650263,0.0005562671902769
0,10,0.6913417161825448,5.930865828381746,G2b,EXPLICIT_HEII_ATOMIC,0.0,0.000928494399042,0.0,2.8579691152351818e+48,0.0,0.0
0,10,0.6913417161825448,5.930865828381746,G3,EFFECTIVE_HI_SUBGRID,0.0,1.9197827885200565,0.0,0.0,0.0,0.0
0,10,0.6913417161825448,5.930865828381746,G3,EXPLICIT_HI_ATOMIC,0.000111790261276,1.9197827885200565,0.0,0.0,5.823068210871293e-05,0.000111790261276
0,10,0.6913417161825448,5.930865828381746,G3,EXPLICIT_HEI_ATOMIC,0.0002286994571109,1.9197827885200565,0.0,0.0,0.0001191277776207,0.0002286994571109
0,10,0.6913417161825448,5.930865828381746,G3,EXPLICIT_HEII_ATOMIC,1.9194422988016693,1.9197827885200565,0.0,0.0,0.9998226415402706,1.9194422988016755
0,11,0.777785116509801,5.92222148834902,G1,EFFECTIVE_HI_SUBGRID,0.0426166488288526,0.0426166488288526,3.904333249809112e+50,3.904333249809112e+50,1.0,0.0426166759896048
0,11,0.777785116509801,5.92222148834902,G1,EXPLICIT_HI_ATOMIC,0.0,0.0426166488288526,0.0,3.904333249809112e+50,0.0,0.0
0,11,0.777785116509801,5.92222148834902,G1,EXPLICIT_HEI_ATOMIC,0.0,0.0426166488288526,0.0,3.904333249809112e+50,0.0,0.0
0,11,0.777785116509801,5.92222148834902,G1,EXPLICIT_HEII_ATOMIC,0.0,0.0426166488288526,0.0,3.904333249809112e+50,0.0,0.0
0,11,0.777785116509801,5.92222148834902,G2a,EFFECTIVE_HI_SUBGRID,0.0200613453385656,0.0212578897534672,1.117921368262863e+50,1.1845989787081882e+50,0.943712925940526,0.0200613322935282
0,11,0.777785116509801,5.92222148834902,G2a,EXPLICIT_HI_ATOMIC,0.0,0.0212578897534672,0.0,1.1845989787081882e+50,0.0,0.0
0,11,0.777785116509801,5.92222148834902,G2a,EXPLICIT_HEI_ATOMIC,0.0011965444149015,0.0212578897534672,6.667761044532496e+48,1.1845989787081882e+50,0.0562870740594739,0.0011965436368397
0,11,0.777785116509801,5.92222148834902,G2a,EXPLICIT_HEII_ATOMIC,0.0,0.0212578897534672,0.0,1.1845989787081882e+50,0.0,0.0
0,11,0.777785116509801,5.92222148834902,G2b,EFFECTIVE_HI_SUBGRID,0.0,0.0009285235459973,0.0,3.0235834874722175e+48,0.0,0.0
0,11,0.777785116509801,5.92222148834902,G2b,EXPLICIT_HI_ATOMIC,0.0003814357798584,0.0009285235459973,1.2420825842087643e+48,3.0235834874722175e+48,0.4107981768504671,0.0003814357798593
0,11,0.777785116509801,5.92222148834902,G2b,EXPLICIT_HEI_ATOMIC,0.0005470877661388,0.0009285235459973,1.781500903263453e+48,3.0235834874722175e+48,0.5892018231495328,0.0005470877661402
0,11,0.777785116509801,5.92222148834902,G2b,EXPLICIT_HEII_ATOMIC,0.0,0.0009285235459973,0.0,3.0235834874722175e+48,0.0,0.0
0,11,0.777785116509801,5.92222148834902,G3,EFFECTIVE_HI_SUBGRID,0.0,1.9198090938656776,0.0,0.0,0.0,0.0
0,11,0.777785116509801,5.92222148834902,G3,EXPLICIT_HI_ATOMIC,0.0001145558532165,1.9198090938656776,0.0,0.0,5.967043993205647e-05,0.0001145558532165
0,11,0.777785116509801,5.92222148834902,G3,EXPLICIT_HEI_ATOMIC,0.0002249254985648,1.9198090938656776,0.0,0.0,0.000117160346455,0.0002249254985648
0,11,0.777785116509801,5.92222148834902,G3,EXPLICIT_HEII_ATOMIC,1.919469612513896,1.9198090938656776,0.0,0.0,0.9998231692136128,1.919469612513902
0,12,0.8535533905932737,5.914644660940673,G1,EFFECTIVE_HI_SUBGRID,0.0433839416999547,0.0433839416999547,3.874409412369397e+50,3.874409412369397e+50,1.0,0.0433839687211359
0,12,0.8535533905932737,5.914644660940673,G1,EXPLICIT_HI_ATOMIC,0.0,0.0433839416999547,0.0,3.874409412369397e+50,0.0,0.0
0,12,0.8535533905932737,5.914644660940673,G1,EXPLICIT_HEI_ATOMIC,0.0,0.0433839416999547,0.0,3.874409412369397e+50,0.0,0.0
0,12,0.8535533905932737,5.914644660940673,G1,EXPLICIT_HEII_ATOMIC,0.0,0.0433839416999547,0.0,3.874409412369397e+50,0.0,0.0
0,12,0.8535533905932737,5.914644660940673,G2a,EFFECTIVE_HI_SUBGRID,0.0204059252725689,0.0215871113760321,1.148539025581197e+50,1.2150215946478035e+50,0.945282808668205,0.0204059089818522
0,12,0.8535533905932737,5.914644660940673,G2a,EXPLICIT_HI_ATOMIC,0.0,0.0215871113760321,0.0,1.2150215946478035e+50,0.0,0.0
0,12,0.8535533905932737,5.914644660940673,G2a,EXPLICIT_HEI_ATOMIC,0.0011811861034631,0.0215871113760321,6.648256906660653e+48,1.2150215946478035e+50,0.054717191331795,0.0011811851604836
0,12,0.8535533905932737,5.914644660940673,G2a,EXPLICIT_HEII_ATOMIC,0.0,0.0215871113760321,0.0,1.2150215946478035e+50,0.0,0.0
0,12,0.8535533905932737,5.914644660940673,G2b,EFFECTIVE_HI_SUBGRID,0.0,0.0009295992435441,0.0,3.171198399311588e+48,0.0,0.0
0,12,0.8535533905932737,5.914644660940673,G2b,EXPLICIT_HI_ATOMIC,0.0003895337323915,0.0009295992435441,1.3288400966512605e+48,3.171198399311588e+48,0.4190340462267288,0.0003895337323921
0,12,0.8535533905932737,5.914644660940673,G2b,EXPLICIT_HEI_ATOMIC,0.0005400655111525,0.0009295992435441,1.8423583026603275e+48,3.171198399311588e+48,0.5809659537732712,0.0005400655111532
0,12,0.8535533905932737,5.914644660940673,G2b,EXPLICIT_HEII_ATOMIC,0.0,0.0009295992435441,0.0,3.171198399311588e+48,0.0,0.0
0,12,0.8535533905932737,5.914644660940673,G3,EFFECTIVE_HI_SUBGRID,0.0,1.9198321534986345,0.0,0.0,0.0,0.0
0,12,0.8535533905932737,5.914644660940673,G3,EXPLICIT_HI_ATOMIC,0.0001169878952814,1.9198321534986345,0.0,0.0,6.093652253312122e-05,0.0001169878952814
0,12,0.8535533905932737,5.914644660940673,G3,EXPLICIT_HEI_ATOMIC,0.000222038422118,1.9198321534986345,0.0,0.0,0.0001156551220966,0.000222038422118
0,12,0.8535533905932737,5.914644660940673,G3,EXPLICIT_HEII_ATOMIC,1.919493127181235,1.9198321534986345,0.0,0.0,0.9998234083553702,1.9194931271812408
0,13,0.9157348061512728,5.908426519384873,G1,EFFECTIVE_HI_SUBGRID,0.0440106391083992,0.0440106391083992,3.850382928332905e+50,3.850382928332905e+50,1.0,0.0440106656418393
0,13,0.9157348061512728,5.908426519384873,G1,EXPLICIT_HI_ATOMIC,0.0,0.0440106391083992,0.0,3.850382928332905e+50,0.0,0.0
0,13,0.9157348061512728,5.908426519384873,G1,EXPLICIT_HEI_ATOMIC,0.0,0.0440106391083992,0.0,3.850382928332905e+50,0.0,0.0
0,13,0.9157348061512728,5.908426519384873,G1,EXPLICIT_HEII_ATOMIC,0.0,0.0440106391083992,0.0,3.850382928332905e+50,0.0,0.0
0,13,0.9157348061512728,5.908426519384873,G2a,EFFECTIVE_HI_SUBGRID,0.0206873477246058,0.0218573073619936,1.1724536787145451e+50,1.2387610419910479e+50,0.9464728377557567,0.0206873291200475
0,13,0.9157348061512728,5.908426519384873,G2a,EXPLICIT_HI_ATOMIC,0.0,0.0218573073619936,0.0,1.2387610419910479e+50,0.0,0.0
0,13,0.9157348061512728,5.908426519384873,G2a,EXPLICIT_HEI_ATOMIC,0.0011699596373877,0.0218573073619936,6.63073632765025e+48,1.2387610419910479e+50,0.0535271622442431,0.0011699585852188
0,13,0.9157348061512728,5.908426519384873,G2a,EXPLICIT_HEII_ATOMIC,0.0,0.0218573073619936,0.0,1.2387610419910479e+50,0.0,0.0
0,13,0.9157348061512728,5.908426519384873,G2b,EFFECTIVE_HI_SUBGRID,0.0,0.0009311209331199,0.0,3.2940543425129105e+48,0.0,0.0
0,13,0.9157348061512728,5.908426519384873,G2b,EXPLICIT_HI_ATOMIC,0.000396188475032,0.0009311209331199,1.401607804326802e+48,3.2940543425129105e+48,0.425496260410072,0.000396188475032
0,13,0.9157348061512728,5.908426519384873,G2b,EXPLICIT_HEI_ATOMIC,0.0005349324580878,0.0009311209331199,1.8924465381861084e+48,3.2940543425129105e+48,0.574503739589928,0.0005349324580878
0,13,0.9157348061512728,5.908426519384873,G2b,EXPLICIT_HEII_ATOMIC,0.0,0.0009311209331199,0.0,3.2940543425129105e+48,0.0,0.0
0,13,0.9157348061512728,5.908426519384873,G3,EFFECTIVE_HI_SUBGRID,0.0,1.919851072154986,0.0,0.0,0.0,0.0
0,13,0.9157348061512728,5.908426519384873,G3,EXPLICIT_HI_ATOMIC,0.0001189865009742,1.919851072154986,0.0,0.0,6.197694326398193e-05,0.0001189865009742
0,13,0.9157348061512728,5.908426519384873,G3,EXPLICIT_HEI_ATOMIC,0.0002199280577644,1.919851072154986,0.0,0.0,0.0001145547490397,0.0002199280577644
0,13,0.9157348061512728,5.908426519384873,G3,EXPLICIT_HEII_ATOMIC,1.9195121575962475,1.919851072154986,0.0,0.0,0.9998234683076962,1.919512157596253
0,14,0.9619397662556434,5.903806023374436,G1,EFFECTIVE_HI_SUBGRID,0.0444740212044194,0.0444740212044194,3.832841709619539e+50,3.832841709619539e+50,1.0,0.0444740471697427
0,14,0.9619397662556434,5.903806023374436,G1,EXPLICIT_HI_ATOMIC,0.0,0.0444740212044194,0.0,3.832841709619539e+50,0.0,0.0
0,14,0.9619397662556434,5.903806023374436,G1,EXPLICIT_HEI_ATOMIC,0.0,0.0444740212044194,0.0,3.832841709619539e+50,0.0,0.0
0,14,0.9619397662556434,5.903806023374436,G1,EXPLICIT_HEII_ATOMIC,0.0,0.0444740212044194,0.0,3.832841709619539e+50,0.0,0.0
0,14,0.9619397662556434,5.903806023374436,G2a,EFFECTIVE_HI_SUBGRID,0.020895415063163,0.0220577594943491,1.189508839960377e+50,1.2556773736695739e+50,0.9473045106197726,0.0208953949770597
0,14,0.9619397662556434,5.903806023374436,G2a,EXPLICIT_HI_ATOMIC,0.0,0.0220577594943491,0.0,1.2556773736695739e+50,0.0,0.0
0,14,0.9619397662556434,5.903806023374436,G2a,EXPLICIT_HEI_ATOMIC,0.001162344431186,0.0220577594943491,6.616853370919686e+48,1.2556773736695739e+50,0.0526954893802273,0.001162343313861
0,14,0.9619397662556434,5.903806023374436,G2a,EXPLICIT_HEII_ATOMIC,0.0,0.0220577594943491,0.0,1.2556773736695739e+50,0.0,0.0
0,14,0.9619397662556434,5.903806023374436,G2b,EFFECTIVE_HI_SUBGRID,0.0,0.0009325843825872,0.0,3.38633426461706e+48,0.0,0.0
0,14,0.9619397662556434,5.903806023374436,G2b,EXPLICIT_HI_ATOMIC,0.0004011338048648,0.0009325843825872,1.4565686209989088e+48,3.38633426461706e+48,0.4301313772294193,0.0004011338048647
0,14,0.9619397662556434,5.903806023374436,G2b,EXPLICIT_HEI_ATOMIC,0.0005314505777223,0.0009325843825872,1.9297656436181506e+48,3.38633426461706e+48,0.5698686227705806,0.0005314505777222
0,14,0.9619397662556434,5.903806023374436,G2b,EXPLICIT_HEII_ATOMIC,0.0,0.0009325843825872,0.0,3.38633426461706e+48,0.0,0.0
0,14,0.9619397662556434,5.903806023374436,G3,EFFECTIVE_HI_SUBGRID,0.0,1.919865123009304,0.0,0.0,0.0,0.0
0,14,0.9619397662556434,5.903806023374436,G3,EXPLICIT_HI_ATOMIC,0.0001204717221001,1.919865123009304,0.0,0.0,6.275009668977662e-05,0.0001204717221001
0,14,0.9619397662556434,5.903806023374436,G3,EXPLICIT_HEI_ATOMIC,0.0002184965439825,1.919865123009304,0.0,0.0,0.0001138082781773,0.0002184965439825
0,14,0.9619397662556434,5.903806023374436,G3,EXPLICIT_HEII_ATOMIC,1.9195261547432212,1.919865123009304,0.0,0.0,0.9998234416251328,1.9195261547432272
0,15,0.9903926402016152,5.900960735979838,G1,EFFECTIVE_HI_SUBGRID,0.0447582246709206,0.0447582246709206,3.822172900297469e+50,3.822172900297469e+50,1.0,0.0447582502035665
0,15,0.9903926402016152,5.900960735979838,G1,EXPLICIT_HI_ATOMIC,0.0,0.0447582246709206,0.0,3.822172900297469e+50,0.0,0.0
0,15,0.9903926402016152,5.900960735979838,G1,EXPLICIT_HEI_ATOMIC,0.0,0.0447582246709206,0.0,3.822172900297469e+50,0.0,0.0
0,15,0.9903926402016152,5.900960735979838,G1,EXPLICIT_HEII_ATOMIC,0.0,0.0447582246709206,0.0,3.822172900297469e+50,0.0,0.0
0,15,0.9903926402016152,5.900960735979838,G2a,EFFECTIVE_HI_SUBGRID,0.0210230184356661,0.022180959580619,1.1997064754032367e+50,1.2657859251257855e+50,0.9477957145747355,0.0210229975480393
0,15,0.9903926402016152,5.900960735979838,G2a,EXPLICIT_HI_ATOMIC,0.0,0.022180959580619,0.0,1.2657859251257855e+50,0.0,0.0
0,15,0.9903926402016152,5.900960735979838,G2a,EXPLICIT_HEI_ATOMIC,0.0011579411449528,0.022180959580619,6.607944972254869e+48,1.2657859251257855e+50,0.0522042854252642,0.001157939994469
0,15,0.9903926402016152,5.900960735979838,G2a,EXPLICIT_HEII_ATOMIC,0.0,0.022180959580619,0.0,1.2657859251257855e+50,0.0,0.0
0,15,0.9903926402016152,5.900960735979838,G2b,EFFECTIVE_HI_SUBGRID,0.0,0.0009336150187865,0.0,3.4435745932830615e+48,0.0,0.0
0,15,0.9903926402016152,5.900960735979838,G2b,EXPLICIT_HI_ATOMIC,0.0004041777417876,0.0009336150187865,1.4907817192140464e+48,3.4435745932830615e+48,0.4329169236298592,0.0004041777417875
0,15,0.9903926402016152,5.900960735979838,G2b,EXPLICIT_HEI_ATOMIC,0.0005294372769988,0.0009336150187865,1.9527928740690148e+48,3.4435745932830615e+48,0.5670830763701409,0.0005294372769986
0,15,0.9903926402016152,5.900960735979838,G2b,EXPLICIT_HEII_ATOMIC,0.0,0.0009336150187865,0.0,3.4435745932830615e+48,0.0,0.0
0,15,0.9903926402016152,5.900960735979838,G3,EFFECTIVE_HI_SUBGRID,0.0,1.919873771457406,0.0,0.0,0.0,0.0
0,15,0.9903926402016152,5.900960735979838,G3,EXPLICIT_HI_ATOMIC,0.0001213859016547,1.919873771457406,0.0,0.0,6.322598050943061e-05,0.0001213859016547
0,15,0.9903926402016152,5.900960735979838,G3,EXPLICIT_HEI_ATOMIC,0.0002176688108526,1.919873771457406,0.0,0.0,0.0001133766261556,0.0002176688108526
0,15,0.9903926402016152,5.900960735979838,G3,EXPLICIT_HEII_ATOMIC,1.9195347167448984,1.919873771457406,0.0,0.0,0.9998233973933348,1.9195347167449048
0,16,1.0,5.9,G1,EFFECTIVE_HI_SUBGRID,0.0448539729557437,0.0448539729557437,3.8185934547907255e+50,3.8185934547907255e+50,1.0,0.0448539983285384
0,16,1.0,5.9,G1,EXPLICIT_HI_ATOMIC,0.0,0.0448539729557437,0.0,3.8185934547907255e+50,0.0,0.0
0,16,1.0,5.9,G1,EXPLICIT_HEI_ATOMIC,0.0,0.0448539729557437,0.0,3.8185934547907255e+50,0.0,0.0
0,16,1.0,5.9,G1,EXPLICIT_HEII_ATOMIC,0.0,0.0448539729557437,0.0,3.8185934547907255e+50,0.0,0.0
0,16,1.0,5.9,G2a,EFFECTIVE_HI_SUBGRID,0.0210660062550101,0.0222225076467439,1.2030971937756523e+50,1.269145953191621e+50,0.9479581058034574,0.0210659851168174
0,16,1.0,5.9,G2a,EXPLICIT_HI_ATOMIC,0.0,0.0222225076467439,0.0,1.269145953191621e+50,0.0,0.0
0,16,1.0,5.9,G2a,EXPLICIT_HEI_ATOMIC,0.0011565013917337,0.0222225076467439,6.604875941596852e+48,1.269145953191621e+50,0.0520418941965425,0.0011565002312693
0,16,1.0,5.9,G2a,EXPLICIT_HEII_ATOMIC,0.0,0.0222225076467439,0.0,1.269145953191621e+50,0.0,0.0
0,16,1.0,5.9,G2b,EFFECTIVE_HI_SUBGRID,0.0,0.0009339841313215,0.0,3.4629729597743835e+48,0.0,0.0
0,16,1.0,5.9,G2b,EXPLICIT_HI_ATOMIC,0.0004052051477665,0.0009339841313215,1.5023964785048858e+48,3.4629729597743835e+48,0.4338458590224651,0.0004052051477655
0,16,1.0,5.9,G2b,EXPLICIT_HEI_ATOMIC,0.0005287789835549,0.0009339841313215,1.9605764812694977e+48,3.4629729597743835e+48,0.5661541409775349,0.0005287789835537
0,16,1.0,5.9,G2b,EXPLICIT_HEII_ATOMIC,0.0,0.0009339841313215,0.0,3.4629729597743835e+48,0.0,0.0
0,16,1.0,5.9,G3,EFFECTIVE_HI_SUBGRID,0.0,1.9198766908780656,0.0,0.0,0.0,0.0
0,16,1.0,5.9,G3,EXPLICIT_HI_ATOMIC,0.0001216944604597,1.9198766908780656,0.0,0.0,6.33866023989573e-05,0.0001216944604597
0,16,1.0,5.9,G3,EXPLICIT_HEI_ATOMIC,0.000217398165098,1.9198766908780656,0.0,0.0,0.0001132354833677,0.000217398165098
0,16,1.0,5.9,G3,EXPLICIT_HEII_ATOMIC,1.919537598252508,1.9198766908780656,0.0,0.0,0.9998233779142331,1.9195375982525136
1,0,0.0,5.9,G1,EFFECTIVE_HI_SUBGRID,0.0428145642480502,0.0428145642480502,3.5925250257910108e+50,3.5925250257910108e+50,1.0,0.0428061424921809
1,0,0.0,5.9,G1,EXPLICIT_HI_ATOMIC,0.0,0.0428145642480502,0.0,3.5925250257910108e+50,0.0,0.0
1,0,0.0,5.9,G1,EXPLICIT_HEI_ATOMIC,0.0,0.0428145642480502,0.0,3.5925250257910108e+50,0.0,0.0
1,0,0.0,5.9,G1,EXPLICIT_HEII_ATOMIC,0.0,0.0428145642480502,0.0,3.5925250257910108e+50,0.0,0.0
1,0,0.0,5.9,G2a,EFFECTIVE_HI_SUBGRID,0.0196568579751107,0.0207790043824025,1.106466760357775e+50,1.1696313669035062e+50,0.9459961417476744,0.0196798522796679
1,0,0.0,5.9,G2a,EXPLICIT_HI_ATOMIC,0.0,0.0207790043824025,0.0,1.1696313669035062e+50,0.0,0.0
1,0,0.0,5.9,G2a,EXPLICIT_HEI_ATOMIC,0.0011221464072917,0.0207790043824025,6.316460654573094e+48,1.1696313669035062e+50,0.0540038582523257,0.0011234590777235
1,0,0.0,5.9,G2a,EXPLICIT_HEII_ATOMIC,0.0,0.0207790043824025,0.0,1.1696313669035062e+50,0.0,0.0
1,0,0.0,5.9,G2b,EFFECTIVE_HI_SUBGRID,0.0,0.0009073002515798,0.0,3.315632600541901e+48,0.0,0.0
1,0,0.0,5.9,G2b,EXPLICIT_HI_ATOMIC,0.0003936284570379,0.0009073002515798,1.438473473784892e+48,3.315632600541901e+48,0.4338458590224352,0.000393628457037
1,0,0.0,5.9,G2b,EXPLICIT_HEI_ATOMIC,0.0005136717945418,0.0009073002515798,1.8771591267570094e+48,3.315632600541901e+48,0.5661541409775649,0.0005136717945407
1,0,0.0,5.9,G2b,EXPLICIT_HEII_ATOMIC,0.0,0.0009073002515798,0.0,3.315632600541901e+48,0.0,0.0
1,0,0.0,5.9,G3,EFFECTIVE_HI_SUBGRID,0.0,1.8650259102060145,0.0,0.0,0.0,0.0
1,0,0.0,5.9,G3,EXPLICIT_HI_ATOMIC,0.0001182176558339,1.8650259102060145,0.0,0.0,6.33866023989573e-05,0.0001182176558339
1,0,0.0,5.9,G3,EXPLICIT_HEI_ATOMIC,0.0002111871104355,1.8650259102060145,0.0,0.0,0.0001132354833677,0.0002111871104355
1,0,0.0,5.9,G3,EXPLICIT_HEII_ATOMIC,1.8646965054397449,1.8650259102060145,0.0,0.0,0.9998233779142331,1.8646965054397504
1,1,0.0096073597983847,5.899039264020162,G1,EFFECTIVE_HI_SUBGRID,0.0430694353903767,0.0430694353903767,3.5931547564964397e+50,3.5931547564964397e+50,1.0,0.0430615457859873
1,1,0.0096073597983847,5.899039264020162,G1,EXPLICIT_HI_ATOMIC,0.0,0.0430694353903767,0.0,3.5931547564964397e+50,0.0,0.0
1,1,0.0096073597983847,5.899039264020162,G1,EXPLICIT_HEI_ATOMIC,0.0,0.0430694353903767,0.0,3.5931547564964397e+50,0.0,0.0
1,1,0.0096073597983847,5.899039264020162,G1,EXPLICIT_HEII_ATOMIC,0.0,0.0430694353903767,0.0,3.5931547564964397e+50,0.0,0.0
1,1,0.0096073597983847,5.899039264020162,G2a,EFFECTIVE_HI_SUBGRID,0.0198010402559201,0.0208988896345794,1.114445788467124e+50,1.1762351490565123e+50,0.947468530727932,0.0198226346675317
1,1,0.0096073597983847,5.899039264020162,G2a,EXPLICIT_HI_ATOMIC,0.0,0.0208988896345794,0.0,1.1762351490565123e+50,0.0,0.0
1,1,0.0096073597983847,5.899039264020162,G2a,EXPLICIT_HEI_ATOMIC,0.0010978493786592,0.0208988896345794,6.178936058938854e+48,1.1762351490565123e+50,0.052531469272068,0.0010990466597648
1,1,0.0096073597983847,5.899039264020162,G2a,EXPLICIT_HEII_ATOMIC,0.0,0.0208988896345794,0.0,1.1762351490565123e+50,0.0,0.0
1,1,0.0096073597983847,5.899039264020162,G2b,EFFECTIVE_HI_SUBGRID,0.0,0.0008876961902061,0.0,3.258832588769228e+48,0.0,0.0
1,1,0.0096073597983847,5.899039264020162,G2b,EXPLICIT_HI_ATOMIC,0.0003851863247386,0.0008876961902061,1.4140623353528817e+48,3.258832588769228e+48,0.4339168388784691,0.0003851863247389
1,1,0.0096073597983847,5.899039264020162,G2b,EXPLICIT_HEI_ATOMIC,0.0005025098654674,0.0008876961902061,1.8447702534163465e+48,3.258832588769228e+48,0.5660831611215309,0.0005025098654677
1,1,0.0096073597983847,5.899039264020162,G2b,EXPLICIT_HEII_ATOMIC,0.0,0.0008876961902061,0.0,3.258832588769228e+48,0.0,0.0
1,1,0.0096073597983847,5.899039264020162,G3,EFFECTIVE_HI_SUBGRID,0.0,1.8650252071026767,0.0,0.0,0.0,0.0
1,1,0.0096073597983847,5.899039264020162,G3,EXPLICIT_HI_ATOMIC,0.0001156822469409,1.8650252071026767,0.0,0.0,6.202717609413921e-05,0.0001156822469409
1,1,0.0096073597983847,5.899039264020162,G3,EXPLICIT_HEI_ATOMIC,0.000206598079905,1.8650252071026767,0.0,0.0,0.000110774953131,0.000206598079905
1,1,0.0096073597983847,5.899039264020162,G3,EXPLICIT_HEII_ATOMIC,1.8647029267758304,1.8650252071026767,0.0,0.0,0.9998271978707748,1.8647029267758364
1,2,0.0380602337443566,5.896193976625565,G1,EFFECTIVE_HI_SUBGRID,0.0438326108944032,0.0438326108944032,3.5942547403638884e+50,3.594254740363888e+50,1.0,0.0438262801902034
1,2,0.0380602337443566,5.896193976625565,G1,EXPLICIT_HI_ATOMIC,0.0,0.0438326108944032,0.0,3.594254740363888e+50,0.0,0.0
1,2,0.0380602337443566,5.896193976625565,G1,EXPLICIT_HEI_ATOMIC,0.0,0.0438326108944032,0.0,3.594254740363888e+50,0.0,0.0
1,2,0.0380602337443566,5.896193976625565,G1,EXPLICIT_HEII_ATOMIC,0.0,0.0438326108944032,0.0,3.594254740363888e+50,0.0,0.0
1,2,0.0380602337443566,5.896193976625565,G2a,EFFECTIVE_HI_SUBGRID,0.0202307331964544,0.0213179577045808,1.1378541283737968e+50,1.1990038100500698e+50,0.9489995935261296,0.0202481787401736
1,2,0.0380602337443566,5.896193976625565,G2a,EXPLICIT_HI_ATOMIC,0.0,0.0213179577045808,0.0,1.1990038100500698e+50,0.0,0.0
1,2,0.0380602337443566,5.896193976625565,G2a,EXPLICIT_HEI_ATOMIC,0.0010872245081264,0.0213179577045808,6.114968167627302e+48,1.1990038100500698e+50,0.0510004064738705,0.0010881620531231
1,2,0.0380602337443566,5.896193976625565,G2a,EXPLICIT_HEII_ATOMIC,0.0,0.0213179577045808,0.0,1.1990038100500698e+50,0.0,0.0
1,2,0.0380602337443566,5.896193976625565,G2b,EFFECTIVE_HI_SUBGRID,0.0,0.0008832649051388,0.0,3.286267997260643e+48,0.0,0.0
1,2,0.0380602337443566,5.896193976625565,G2b,EXPLICIT_HI_ATOMIC,0.0003857317366759,0.0008832649051388,1.4351502639705725e+48,3.286267997260643e+48,0.4367112679692833,0.0003857317366764
1,2,0.0380602337443566,5.896193976625565,G2b,EXPLICIT_HEI_ATOMIC,0.0004975331684628,0.0008832649051388,1.8511177332900707e+48,3.286267997260643e+48,0.5632887320307167,0.0004975331684635
1,2,0.0380602337443566,5.896193976625565,G2b,EXPLICIT_HEII_ATOMIC,0.0,0.0008832649051388,0.0,3.286267997260643e+48,0.0,0.0
1,2,0.0380602337443566,5.896193976625565,G3,EFFECTIVE_HI_SUBGRID,0.0,1.865032395468748,0.0,0.0,0.0,0.0
1,2,0.0380602337443566,5.896193976625565,G3,EXPLICIT_HI_ATOMIC,0.0001158460494292,1.865032395468748,0.0,0.0,6.211476525055485e-05,0.0001158460494292
1,2,0.0380602337443566,5.896193976625565,G3,EXPLICIT_HEI_ATOMIC,0.000204551998592,1.865032395468748,0.0,0.0,0.0001096774506914,0.000204551998592
1,2,0.0380602337443566,5.896193976625565,G3,EXPLICIT_HEII_ATOMIC,1.864711997420727,1.865032395468748,0.0,0.0,0.999828207784058,1.864711997420732
1,3,0.0842651938487273,5.891573480615127,G1,EFFECTIVE_HI_SUBGRID,0.045093670204506,0.045093670204506,3.5932448419266314e+50,3.5932448419266314e+50,1.0,0.04508972931337
1,3,0.0842651938487273,5.891573480615127,G1,EXPLICIT_HI_ATOMIC,0.0,0.045093670204506,0.0,3.5932448419266314e+50,0.0,0.0
1,3,0.0842651938487273,5.891573480615127,G1,EXPLICIT_HEI_ATOMIC,0.0,0.045093670204506,0.0,3.5932448419266314e+50,0.0,0.0
1,3,0.0842651938487273,5.891573480615127,G1,EXPLICIT_HEII_ATOMIC,0.0,0.045093670204506,0.0,3.5932448419266314e+50,0.0,0.0
1,3,0.0842651938487273,5.891573480615127,G2a,EFFECTIVE_HI_SUBGRID,0.0209318255142736,0.0220190382709091,1.1747434222688736e+50,1.2357603667104083e+50,0.9506239671660924,0.0209429307276064
1,3,0.0842651938487273,5.891573480615127,G2a,EXPLICIT_HI_ATOMIC,0.0,0.0220190382709091,0.0,1.2357603667104083e+50,0.0,0.0
1,3,0.0842651938487273,5.891573480615127,G2a,EXPLICIT_HEI_ATOMIC,0.0010872127566354,0.0220190382709091,6.101694444153472e+48,1.2357603667104083e+50,0.0493760328339075,0.0010877895687053
1,3,0.0842651938487273,5.891573480615127,G2a,EXPLICIT_HEII_ATOMIC,0.0,0.0220190382709091,0.0,1.2357603667104083e+50,0.0,0.0
1,3,0.0842651938487273,5.891573480615127,G2b,EFFECTIVE_HI_SUBGRID,0.0,0.0008924019911293,0.0,3.391679533300756e+48,0.0,0.0
1,3,0.0842651938487273,5.891573480615127,G2b,EXPLICIT_HI_ATOMIC,0.0003950391312629,0.0008924019911293,1.501393037751841e+48,3.391679533300756e+48,0.4426694866099855,0.000395039131263
1,3,0.0842651938487273,5.891573480615127,G2b,EXPLICIT_HEI_ATOMIC,0.0004973628598663,0.0008924019911293,1.8902864955489148e+48,3.391679533300756e+48,0.5573305133900145,0.0004973628598664
1,3,0.0842651938487273,5.891573480615127,G2b,EXPLICIT_HEII_ATOMIC,0.0,0.0008924019911293,0.0,3.391679533300756e+48,0.0,0.0
1,3,0.0842651938487273,5.891573480615127,G3,EFFECTIVE_HI_SUBGRID,0.0,1.8650470341877208,0.0,0.0,0.0,0.0
1,3,0.0842651938487273,5.891573480615127,G3,EXPLICIT_HI_ATOMIC,0.0001186413208337,1.8650470341877208,0.0,0.0,6.361304495754016e-05,0.0001186413208337
1,3,0.0842651938487273,5.891573480615127,G3,EXPLICIT_HEI_ATOMIC,0.0002044819792121,1.8650470341877208,0.0,0.0,0.0001096390468786,0.0002044819792121
1,3,0.0842651938487273,5.891573480615127,G3,EXPLICIT_HEII_ATOMIC,1.864723910887675,1.8650470341877208,0.0,0.0,0.9998267479081638,1.8647239108876803
1,4,0.1464466094067262,5.885355339059328,G1,EFFECTIVE_HI_SUBGRID,0.0468118945763643,0.0468118945763643,3.5850892127642438e+50,3.5850892127642438e+50,1.0,0.0468105536902406
1,4,0.1464466094067262,5.885355339059328,G1,EXPLICIT_HI_ATOMIC,0.0,0.0468118945763643,0.0,3.5850892127642438e+50,0.0,0.0
1,4,0.1464466094067262,5.885355339059328,G1,EXPLICIT_HEI_ATOMIC,0.0,0.0468118945763643,0.0,3.5850892127642438e+50,0.0,0.0
1,4,0.1464466094067262,5.885355339059328,G1,EXPLICIT_HEII_ATOMIC,0.0,0.0468118945763643,0.0,3.5850892127642438e+50,0.0,0.0
1,4,0.1464466094067262,5.885355339059328,G2a,EFFECTIVE_HI_SUBGRID,0.0218612722374293,0.0229504377231801,1.2209221215649242e+50,1.2817505226367195e+50,0.9525427140480788,0.0218654179133828
1,4,0.1464466094067262,5.885355339059328,G2a,EXPLICIT_HI_ATOMIC,0.0,0.0229504377231801,0.0,1.2817505226367195e+50,0.0,0.0
1,4,0.1464466094067262,5.885355339059328,G2a,EXPLICIT_HEI_ATOMIC,0.0010891654857507,0.0229504377231801,6.082840107179524e+48,1.2817505226367195e+50,0.0474572859519211,0.0010893720303248
1,4,0.1464466094067262,5.885355339059328,G2a,EXPLICIT_HEII_ATOMIC,0.0,0.0229504377231801,0.0,1.2817505226367195e+50,0.0,0.0
1,4,0.1464466094067262,5.885355339059328,G2b,EFFECTIVE_HI_SUBGRID,0.0,0.0009067356807278,0.0,3.5431880752003644e+48,0.0,0.0
1,4,0.1464466094067262,5.885355339059328,G2b,EXPLICIT_HI_ATOMIC,0.0004086492823587,0.0009067356807278,1.5968504327858393e+48,3.5431880752003644e+48,0.4506818150474664,0.0004086492823594
1,4,0.1464466094067262,5.885355339059328,G2b,EXPLICIT_HEI_ATOMIC,0.000498086398369,0.0009067356807278,1.9463376424145254e+48,3.5431880752003644e+48,0.5493181849525336,0.00049808639837
1,4,0.1464466094067262,5.885355339059328,G2b,EXPLICIT_HEII_ATOMIC,0.0,0.0009067356807278,0.0,3.5431880752003644e+48,0.0,0.0
1,4,0.1464466094067262,5.885355339059328,G3,EFFECTIVE_HI_SUBGRID,0.0,1.8650670844467965,0.0,0.0,0.0,0.0
1,4,0.1464466094067262,5.885355339059328,G3,EXPLICIT_HI_ATOMIC,0.0001227288305891,1.8650670844467965,0.0,0.0,6.580397649641436e-05,0.0001227288305891
1,4,0.1464466094067262,5.885355339059328,G3,EXPLICIT_HEI_ATOMIC,0.0002047794493233,1.8650670844467965,0.0,0.0,0.0001097973638755,0.0002047794493233
1,4,0.1464466094067262,5.885355339059328,G3,EXPLICIT_HEII_ATOMIC,1.864739576166884,1.8650670844467965,0.0,0.0,0.999824398659628,1.8647395761668903
1,5,0.2222148834901988,5.87777851165098,G1,EFFECTIVE_HI_SUBGRID,0.0488797786758746,0.0488797786758746,3.561755284586768e+50,3.561755284586768e+50,1.0,0.0488797886577012
1,5,0.2222148834901988,5.87777851165098,G1,EXPLICIT_HI_ATOMIC,0.0,0.0488797786758746,0.0,3.561755284586768e+50,0.0,0.0
1,5,0.2222148834901988,5.87777851165098,G1,EXPLICIT_HEI_ATOMIC,0.0,0.0488797786758746,0.0,3.561755284586768e+50,0.0,0.0
1,5,0.2222148834901988,5.87777851165098,G1,EXPLICIT_HEII_ATOMIC,0.0,0.0488797786758746,0.0,3.561755284586768e+50,0.0,0.0
1,5,0.2222148834901988,5.87777851165098,G2a,EFFECTIVE_HI_SUBGRID,0.0229183153036947,0.024011827050848,1.2688374820604302e+50,1.3293780878368855e+50,0.9544594526340024,0.0229183539422846
1,5,0.2222148834901988,5.87777851165098,G2a,EXPLICIT_HI_ATOMIC,0.0,0.024011827050848,0.0,1.3293780878368855e+50,0.0,0.0
1,5,0.2222148834901988,5.87777851165098,G2a,EXPLICIT_HEI_ATOMIC,0.0010935117471532,0.024011827050848,6.054060577645499e+48,1.3293780878368855e+50,0.0455405473659975,0.0010935135907334
1,5,0.2222148834901988,5.87777851165098,G2a,EXPLICIT_HEII_ATOMIC,0.0,0.024011827050848,0.0,1.3293780878368855e+50,0.0,0.0
1,5,0.2222148834901988,5.87777851165098,G2b,EFFECTIVE_HI_SUBGRID,0.0,0.0009264050326773,0.0,3.739833430995078e+48,0.0,0.0
1,5,0.2222148834901988,5.87777851165098,G2b,EXPLICIT_HI_ATOMIC,0.0004264250159211,0.0009264050326773,1.7214484745896397e+48,3.739833430995078e+48,0.4603008412948499,0.0004264250159224
1,5,0.2222148834901988,5.87777851165098,G2b,EXPLICIT_HEI_ATOMIC,0.0004999800167561,0.0009264050326773,2.0183849564054384e+48,3.739833430995078e+48,0.5396991587051501,0.0004999800167576
1,5,0.2222148834901988,5.87777851165098,G2b,EXPLICIT_HEII_ATOMIC,0.0,0.0009264050326773,0.0,3.739833430995078e+48,0.0,0.0
1,5,0.2222148834901988,5.87777851165098,G3,EFFECTIVE_HI_SUBGRID,0.0,1.8650918843582929,0.0,0.0,0.0,0.0
1,5,0.2222148834901988,5.87777851165098,G3,EXPLICIT_HI_ATOMIC,0.0001280673814865,1.8650918843582929,0.0,0.0,6.866545426559149e-05,0.0001280673814865
1,5,0.2222148834901988,5.87777851165098,G3,EXPLICIT_HEI_ATOMIC,0.0002055579771689,1.8650918843582929,0.0,0.0,0.0001102133245514,0.0002055579771689
1,5,0.2222148834901988,5.87777851165098,G3,EXPLICIT_HEII_ATOMIC,1.8647582589996372,1.8650918843582929,0.0,0.0,0.999821121221183,1.8647582589996436
1,6,0.3086582838174551,5.869134171618255,G1,EFFECTIVE_HI_SUBGRID,0.0512055726906922,0.0512055726906922,3.520995022617415e+50,3.520995022617415e+50,1.0,0.0512053376973818
1,6,0.3086582838174551,5.869134171618255,G1,EXPLICIT_HI_ATOMIC,0.0,0.0512055726906922,0.0,3.520995022617415e+50,0.0,0.0
1,6,0.3086582838174551,5.869134171618255,G1,EXPLICIT_HEI_ATOMIC,0.0,0.0512055726906922,0.0,3.520995022617415e+50,0.0,0.0
1,6,0.3086582838174551,5.869134171618255,G1,EXPLICIT_HEII_ATOMIC,0.0,0.0512055726906922,0.0,3.520995022617415e+50,0.0,0.0
1,6,0.3086582838174551,5.869134171618255,G2a,EFFECTIVE_HI_SUBGRID,0.0240389594887487,0.0251396075778609,1.3136251840551156e+50,1.3737708425773389e+50,0.9562185652380102,0.0240386581203395
1,6,0.3086582838174551,5.869134171618255,G2a,EXPLICIT_HI_ATOMIC,0.0,0.0251396075778609,0.0,1.3737708425773389e+50,0.0,0.0
1,6,0.3086582838174551,5.869134171618255,G2a,EXPLICIT_HEI_ATOMIC,0.0011006480891121,0.0251396075778609,6.014565852222339e+48,1.3737708425773389e+50,0.0437814347619897,0.0011006342906545
1,6,0.3086582838174551,5.869134171618255,G2a,EXPLICIT_HEII_ATOMIC,0.0,0.0251396075778609,0.0,1.3737708425773389e+50,0.0,0.0
1,6,0.3086582838174551,5.869134171618255,G2b,EFFECTIVE_HI_SUBGRID,0.0,0.0009513845473235,0.0,3.9795809128534745e+48,0.0,0.0
1,6,0.3086582838174551,5.869134171618255,G2b,EXPLICIT_HI_ATOMIC,0.0004481487798421,0.0009513845473235,1.874577777614388e+48,3.9795809128534745e+48,0.4710490422646694,0.0004481487798433
1,6,0.3086582838174551,5.869134171618255,G2b,EXPLICIT_HEI_ATOMIC,0.0005032357674813,0.0009513845473235,2.1050031352390866e+48,3.9795809128534745e+48,0.5289509577353306,0.0005032357674826
1,6,0.3086582838174551,5.869134171618255,G2b,EXPLICIT_HEII_ATOMIC,0.0,0.0009513845473235,0.0,3.9795809128534745e+48,0.0,0.0
1,6,0.3086582838174551,5.869134171618255,G3,EFFECTIVE_HI_SUBGRID,0.0,1.8651206109885248,0.0,0.0,0.0,0.0
1,6,0.3086582838174551,5.869134171618255,G3,EXPLICIT_HI_ATOMIC,0.0001345916365313,1.8651206109885248,0.0,0.0,7.21624305358149e-05,0.0001345916365313
1,6,0.3086582838174551,5.869134171618255,G3,EXPLICIT_HEI_ATOMIC,0.0002068965217323,1.8651206109885248,0.0,0.0,0.0001109292988954,0.0002068965217323
1,6,0.3086582838174551,5.869134171618255,G3,EXPLICIT_HEII_ATOMIC,1.8647791228302613,1.8651206109885248,0.0,0.0,0.9998169082705688,1.864779122830268
1,7,0.4024548389919358,5.859754516100806,G1,EFFECTIVE_HI_SUBGRID,0.0537838895053813,0.0537838895053813,3.4695377604078613e+50,3.4695377604078613e+50,1.0,0.0537834746370747
1,7,0.4024548389919358,5.859754516100806,G1,EXPLICIT_HI_ATOMIC,0.0,0.0537838895053813,0.0,3.4695377604078613e+50,0.0,0.0
1,7,0.4024548389919358,5.859754516100806,G1,EXPLICIT_HEI_ATOMIC,0.0,0.0537838895053813,0.0,3.4695377604078613e+50,0.0,0.0
1,7,0.4024548389919358,5.859754516100806,G1,EXPLICIT_HEII_ATOMIC,0.0,0.0537838895053813,0.0,3.4695377604078613e+50,0.0,0.0
1,7,0.4024548389919358,5.859754516100806,G2a,EFFECTIVE_HI_SUBGRID,0.0252585055400653,0.0263693444788571,1.3563543638073191e+50,1.4160052105182364e+50,0.95787385083909,0.0252579265256576
1,7,0.4024548389919358,5.859754516100806,G2a,EXPLICIT_HI_ATOMIC,0.0,0.0263693444788571,0.0,1.4160052105182364e+50,0.0,0.0
1,7,0.4024548389919358,5.859754516100806,G2a,EXPLICIT_HEI_ATOMIC,0.0011108389387917,0.0263693444788571,5.965084671091689e+48,1.4160052105182364e+50,0.0421261491609099,0.0011108134744288
1,7,0.4024548389919358,5.859754516100806,G2a,EXPLICIT_HEII_ATOMIC,0.0,0.0263693444788571,0.0,1.4160052105182364e+50,0.0,0.0
1,7,0.4024548389919358,5.859754516100806,G2b,EFFECTIVE_HI_SUBGRID,0.0,0.0009812354218948,0.0,4.258048312982552e+48,0.0,0.0
1,7,0.4024548389919358,5.859754516100806,G2b,EXPLICIT_HI_ATOMIC,0.0004733454932598,0.0009812354218948,2.0540717691795042e+48,4.258048312982552e+48,0.4823974784214528,0.0004733454932603
1,7,0.4024548389919358,5.859754516100806,G2b,EXPLICIT_HEI_ATOMIC,0.0005078899286349,0.0009812354218948,2.203976543803047e+48,4.258048312982552e+48,0.517602521578547,0.0005078899286355
1,7,0.4024548389919358,5.859754516100806,G2b,EXPLICIT_HEII_ATOMIC,0.0,0.0009812354218948,0.0,4.258048312982552e+48,0.0,0.0
1,7,0.4024548389919358,5.859754516100806,G3,EFFECTIVE_HI_SUBGRID,0.0,1.8651522563294416,0.0,0.0,0.0,0.0
1,7,0.4024548389919358,5.859754516100806,G3,EXPLICIT_HI_ATOMIC,0.0001421589156282,1.8651522563294416,0.0,0.0,7.62183972626762e-05,0.0001421589156282
1,7,0.4024548389919358,5.859754516100806,G3,EXPLICIT_HEI_ATOMIC,0.0002088099981112,1.8651522563294416,0.0,0.0,0.0001119533257419,0.0002088099981112
1,7,0.4024548389919358,5.859754516100806,G3,EXPLICIT_HEII_ATOMIC,1.864801287415702,1.8651522563294416,0.0,0.0,0.9998118282769952,1.8648012874157085
1,8,0.4999999999999999,5.8500000000000005,G1,EFFECTIVE_HI_SUBGRID,0.0565110975235464,0.0565110975235464,3.409675739017602e+50,3.409675739017602e+50,1.0,0.0565105826216317
1,8,0.4999999999999999,5.8500000000000005,G1,EXPLICIT_HI_ATOMIC,0.0,0.0565110975235464,0.0,3.409675739017602e+50,0.0,0.0
1,8,0.4999999999999999,5.8500000000000005,G1,EXPLICIT_HEI_ATOMIC,0.0,0.0565110975235464,0.0,3.409675739017602e+50,0.0,0.0
1,8,0.4999999999999999,5.8500000000000005,G1,EXPLICIT_HEII_ATOMIC,0.0,0.0565110975235464,0.0,3.409675739017602e+50,0.0,0.0
1,8,0.4999999999999999,5.8500000000000005,G2a,EFFECTIVE_HI_SUBGRID,0.0265241388013081,0.0276479472663383,1.3940263256738355e+50,1.4530902069558149e+50,0.9593529149124772,0.0265233590788793
1,8,0.4999999999999999,5.8500000000000005,G2a,EXPLICIT_HI_ATOMIC,0.0,0.0276479472663383,0.0,1.4530902069558149e+50,0.0,0.0
1,8,0.4999999999999999,5.8500000000000005,G2a,EXPLICIT_HEI_ATOMIC,0.0011238084650301,0.0276479472663383,5.90638812819793e+48,1.4530902069558149e+50,0.0406470850875229,0.0011237754287581
1,8,0.4999999999999999,5.8500000000000005,G2a,EXPLICIT_HEII_ATOMIC,0.0,0.0276479472663383,0.0,1.4530902069558149e+50,0.0,0.0
1,8,0.4999999999999999,5.8500000000000005,G2b,EFFECTIVE_HI_SUBGRID,0.0,0.0010150656737794,0.0,4.567919182493856e+48,0.0,0.0
1,8,0.4999999999999999,5.8500000000000005,G2b,EXPLICIT_HI_ATOMIC,0.0005012492361382,0.0010150656737794,2.2556826224268866e+48,4.567919182493856e+48,0.4938096608783249,0.0005012492361377
1,8,0.4999999999999999,5.8500000000000005,G2b,EXPLICIT_HEI_ATOMIC,0.0005138164376411,0.0010150656737794,2.3122365600669707e+48,4.567919182493856e+48,0.5061903391216752,0.0005138164376406
1,8,0.4999999999999999,5.8500000000000005,G2b,EXPLICIT_HEII_ATOMIC,0.0,0.0010150656737794,0.0,4.567919182493856e+48,0.0,0.0
1,8,0.4999999999999999,5.8500000000000005,G3,EFFECTIVE_HI_SUBGRID,0.0,1.865185653502824,0.0,0.0,0.0,0.0
1,8,0.4999999999999999,5.8500000000000005,G3,EXPLICIT_HI_ATOMIC,0.000150539191528,1.865185653502824,0.0,0.0,8.07100307925427e-05,0.000150539191528
1,8,0.4999999999999999,5.8500000000000005,G3,EXPLICIT_HEI_ATOMIC,0.0002112465778983,1.865185653502824,0.0,0.0,0.000113257668212,0.0002112465778983
1,8,0.4999999999999999,5.8500000000000005,G3,EXPLICIT_HEII_ATOMIC,1.8648238677333977,1.865185653502824,0.0,0.0,0.9998060323009954,1.864823867733404
1,9,0.5975451610080641,5.840245483899194,G1,EFFECTIVE_HI_SUBGRID,0.0592707008309347,0.0592707008309347,3.345308388185139e+50,3.345308388185139e+50,1.0,0.0592701611604931
1,9,0.5975451610080641,5.840245483899194,G1,EXPLICIT_HI_ATOMIC,0.0,0.0592707008309347,0.0,3.345308388185139e+50,0.0,0.0
1,9,0.5975451610080641,5.840245483899194,G1,EXPLICIT_HEI_ATOMIC,0.0,0.0592707008309347,0.0,3.345308388185139e+50,0.0,0.0
1,9,0.5975451610080641,5.840245483899194,G1,EXPLICIT_HEII_ATOMIC,0.0,0.0592707008309347,0.0,3.345308388185139e+50,0.0,0.0
1,9,0.5975451610080641,5.840245483899194,G2a,EFFECTIVE_HI_SUBGRID,0.0277821226919484,0.0289209671856259,1.4247934417145282e+50,1.4831985601324443e+50,0.9606221850615194,0.0277812353327255
1,9,0.5975451610080641,5.840245483899194,G2a,EXPLICIT_HI_ATOMIC,0.0,0.0289209671856259,0.0,1.4831985601324443e+50,0.0,0.0
1,9,0.5975451610080641,5.840245483899194,G2a,EXPLICIT_HEI_ATOMIC,0.0011388444936774,0.0289209671856259,5.840511841791621e+48,1.4831985601324443e+50,0.0393778149384805,0.0011388081190571
1,9,0.5975451610080641,5.840245483899194,G2a,EXPLICIT_HEII_ATOMIC,0.0,0.0289209671856259,0.0,1.4831985601324443e+50,0.0,0.0
1,9,0.5975451610080641,5.840245483899194,G2b,EFFECTIVE_HI_SUBGRID,0.0,0.0010514258436597,0.0,4.8980655866616576e+48,0.0,0.0
1,9,0.5975451610080641,5.840245483899194,G2b,EXPLICIT_HI_ATOMIC,0.0005307361080445,0.0010514258436597,2.4724332981612986e+48,4.8980655866616576e+48,0.5047774992834301,0.0005307361080438
1,9,0.5975451610080641,5.840245483899194,G2b,EXPLICIT_HEI_ATOMIC,0.0005206897356151,0.0010514258436597,2.425632288500359e+48,4.8980655866616576e+48,0.4952225007165698,0.0005206897356145
1,9,0.5975451610080641,5.840245483899194,G2b,EXPLICIT_HEII_ATOMIC,0.0,0.0010514258436597,0.0,4.8980655866616576e+48,0.0,0.0
1,9,0.5975451610080641,5.840245483899194,G3,EFFECTIVE_HI_SUBGRID,0.0,1.865219492479242,0.0,0.0,0.0,0.0
1,9,0.5975451610080641,5.840245483899194,G3,EXPLICIT_HI_ATOMIC,0.0001593949254372,1.865219492479242,0.0,0.0,8.54563905641891e-05,0.0001593949254372
1,9,0.5975451610080641,5.840245483899194,G3,EXPLICIT_HEI_ATOMIC,0.000214072413293,1.865219492479242,0.0,0.0,0.0001147706284199,0.000214072413293
1,9,0.5975451610080641,5.840245483899194,G3,EXPLICIT_HEII_ATOMIC,1.864846025140512,1.865219492479242,0.0,0.0,0.999799772981016,1.8648460251405168
1,10,0.6913417161825448,5.830865828381746,G1,EFFECTIVE_HI_SUBGRID,0.0619433171323231,0.0619433171323231,3.2811160992706155e+50,3.2811160992706155e+50,1.0,0.0619428137794634
1,10,0.6913417161825448,5.830865828381746,G1,EXPLICIT_HI_ATOMIC,0.0,0.0619433171323231,0.0,3.2811160992706155e+50,0.0,0.0
1,10,0.6913417161825448,5.830865828381746,G1,EXPLICIT_HEI_ATOMIC,0.0,0.0619433171323231,0.0,3.2811160992706155e+50,0.0,0.0
1,10,0.6913417161825448,5.830865828381746,G1,EXPLICIT_HEII_ATOMIC,0.0,0.0619433171323231,0.0,3.2811160992706155e+50,0.0,0.0
1,10,0.6913417161825448,5.830865828381746,G2a,EFFECTIVE_HI_SUBGRID,0.0289824350487036,0.0301373599148523,1.4481345893068216e+50,1.5058414950209187e+50,0.9616779681627146,0.0289815285045063
1,10,0.6913417161825448,5.830865828381746,G2a,EXPLICIT_HI_ATOMIC,0.0,0.0301373599148523,0.0,1.5058414950209187e+50,0.0,0.0
1,10,0.6913417161825448,5.830865828381746,G2a,EXPLICIT_HEI_ATOMIC,0.0011549248661486,0.0301373599148523,5.7706905714097066e+48,1.5058414950209187e+50,0.0383220318372853,0.0011548887411497
1,10,0.6913417161825448,5.830865828381746,G2a,EXPLICIT_HEII_ATOMIC,0.0,0.0301373599148523,0.0,1.5058414950209187e+50,0.0,0.0
1,10,0.6913417161825448,5.830865828381746,G2b,EFFECTIVE_HI_SUBGRID,0.0,0.0010884389867546,0.0,5.233847722598231e+48,0.0,0.0
1,10,0.6913417161825448,5.830865828381746,G2b,EXPLICIT_HI_ATOMIC,0.0005603968142153,0.0010884389867546,2.694713829185361e+48,5.233847722598231e+48,0.514862864188878,0.0005603968142164
1,10,0.6913417161825448,5.830865828381746,G2b,EXPLICIT_HEI_ATOMIC,0.0005280421725392,0.0010884389867546,2.5391338934128687e+48,5.233847722598231e+48,0.4851371358111219,0.0005280421725403
1,10,0.6913417161825448,5.830865828381746,G2b,EXPLICIT_HEII_ATOMIC,0.0,0.0010884389867546,0.0,5.233847722598231e+48,0.0,0.0
1,10,0.6913417161825448,5.830865828381746,G3,EFFECTIVE_HI_SUBGRID,0.0,1.8652523827532024,0.0,0.0,0.0,0.0
1,10,0.6913417161825448,5.830865828381746,G3,EXPLICIT_HI_ATOMIC,0.0001683028666478,1.8652523827532024,0.0,0.0,9.023061340332292e-05,0.0001683028666478
1,10,0.6913417161825448,5.830865828381746,G3,EXPLICIT_HEI_ATOMIC,0.0002170952382281,1.8652523827532024,0.0,0.0,0.000116389203003,0.0002170952382281
1,10,0.6913417161825448,5.830865828381746,G3,EXPLICIT_HEII_ATOMIC,1.8648669846483263,1.8652523827532024,0.0,0.0,0.9997933801835936,1.8648669846483328
1,11,0.777785116509801,5.82222148834902,G1,EFFECTIVE_HI_SUBGRID,0.0644152000524688,0.0644152000524688,3.2215319941698e+50,3.2215319941698e+50,1.0,0.0644147722661999
1,11,0.777785116509801,5.82222148834902,G1,EXPLICIT_HI_ATOMIC,0.0,0.0644152000524688,0.0,3.2215319941698e+50,0.0,0.0
1,11,0.777785116509801,5.82222148834902,G1,EXPLICIT_HEI_ATOMIC,0.0,0.0644152000524688,0.0,3.2215319941698e+50,0.0,0.0
1,11,0.777785116509801,5.82222148834902,G1,EXPLICIT_HEII_ATOMIC,0.0,0.0644152000524688,0.0,3.2215319941698e+50,0.0,0.0
1,11,0.777785116509801,5.82222148834902,G2a,EFFECTIVE_HI_SUBGRID,0.03008063404496,0.031251523285051,1.4646224823670947e+50,1.521632939754252e+50,0.9625333706324966,0.0300797745879955
1,11,0.777785116509801,5.82222148834902,G2a,EXPLICIT_HI_ATOMIC,0.0,0.031251523285051,0.0,1.521632939754252e+50,0.0,0.0
1,11,0.777785116509801,5.82222148834902,G2a,EXPLICIT_HEI_ATOMIC,0.0011708892400909,0.031251523285051,5.7010457387157254e+48,1.521632939754252e+50,0.0374666293675034,0.0011708557857125
1,11,0.777785116509801,5.82222148834902,G2a,EXPLICIT_HEII_ATOMIC,0.0,0.031251523285051,0.0,1.521632939754252e+50,0.0,0.0
1,11,0.777785116509801,5.82222148834902,G2b,EFFECTIVE_HI_SUBGRID,0.0,0.0011240254727195,0.0,5.558227840522379e+48,0.0,0.0
1,11,0.777785116509801,5.82222148834902,G2b,EXPLICIT_HI_ATOMIC,0.0005886827935597,0.0011240254727195,2.910995499491409e+48,5.558227840522379e+48,0.5237272711760274,0.0005886827935602
1,11,0.777785116509801,5.82222148834902,G2b,EXPLICIT_HEI_ATOMIC,0.0005353426791597,0.0011240254727195,2.64723234103097e+48,5.558227840522379e+48,0.4762727288239726,0.0005353426791602
1,11,0.777785116509801,5.82222148834902,G2b,EXPLICIT_HEII_ATOMIC,0.0,0.0011240254727195,0.0,5.558227840522379e+48,0.0,0.0
1,11,0.777785116509801,5.82222148834902,G3,EFFECTIVE_HI_SUBGRID,0.0,1.8652829372902164,0.0,0.0,0.0,0.0
1,11,0.777785116509801,5.82222148834902,G3,EXPLICIT_HI_ATOMIC,0.0001767979388693,1.8652829372902164,0.0,0.0,9.47834429484662e-05,0.0001767979388693
1,11,0.777785116509801,5.82222148834902,G3,EXPLICIT_HEI_ATOMIC,0.0002200967129327,1.8652829372902164,0.0,0.0,0.0001179964221687,0.0002200967129327
1,11,0.777785116509801,5.82222148834902,G3,EXPLICIT_HEII_ATOMIC,1.8648860426384144,1.8652829372902164,0.0,0.0,0.9997872201348827,1.86488604263842
1,12,0.8535533905932737,5.814644660940672,G1,EFFECTIVE_HI_SUBGRID,0.0665842961804865,0.0665842961804865,3.1700002703403915e+50,3.1700002703403915e+50,1.0,0.0665839585271587
1,12,0.8535533905932737,5.814644660940672,G1,EXPLICIT_HI_ATOMIC,0.0,0.0665842961804865,0.0,3.1700002703403915e+50,0.0,0.0
1,12,0.8535533905932737,5.814644660940672,G1,EXPLICIT_HEI_ATOMIC,0.0,0.0665842961804865,0.0,3.1700002703403915e+50,0.0,0.0
1,12,0.8535533905932737,5.814644660940672,G1,EXPLICIT_HEII_ATOMIC,0.0,0.0665842961804865,0.0,3.1700002703403915e+50,0.0,0.0
1,12,0.8535533905932737,5.814644660940672,G2a,EFFECTIVE_HI_SUBGRID,0.031037917336325,0.0322235201809073,1.4754774549580255e+50,1.5318385261200994e+50,0.9632069110411872,0.0310371407415645
1,12,0.8535533905932737,5.814644660940672,G2a,EXPLICIT_HI_ATOMIC,0.0,0.0322235201809073,0.0,1.5318385261200994e+50,0.0,0.0
1,12,0.8535533905932737,5.814644660940672,G2a,EXPLICIT_HEI_ATOMIC,0.0011856028445822,0.0322235201809073,5.6361071162073684e+48,1.5318385261200994e+50,0.0367930889588129,0.0011855731798032
1,12,0.8535533905932737,5.814644660940672,G2a,EXPLICIT_HEII_ATOMIC,0.0,0.0322235201809073,0.0,1.5318385261200994e+50,0.0,0.0
1,12,0.8535533905932737,5.814644660940672,G2b,EFFECTIVE_HI_SUBGRID,0.0,0.0011561502064511,0.0,5.853418939051492e+48,0.0,0.0
1,12,0.8535533905932737,5.814644660940672,G2b,EXPLICIT_HI_ATOMIC,0.000614078390125,0.0011561502064511,3.108988831004666e+48,5.853418939051492e+48,0.531140665545538,0.0006140783901243
1,12,0.8535533905932737,5.814644660940672,G2b,EXPLICIT_HEI_ATOMIC,0.000542071816326,0.0011561502064511,2.7444301080468248e+48,5.853418939051492e+48,0.468859334454462,0.0005420718163254
1,12,0.8535533905932737,5.814644660940672,G2b,EXPLICIT_HEII_ATOMIC,0.0,0.0011561502064511,0.0,5.853418939051492e+48,0.0,0.0
1,12,0.8535533905932737,5.814644660940672,G3,EFFECTIVE_HI_SUBGRID,0.0,1.86530986074322,0.0,0.0,0.0,0.0
1,12,0.8535533905932737,5.814644660940672,G3,EXPLICIT_HI_ATOMIC,0.0001844249481484,1.86530986074322,0.0,0.0,9.887094473138212e-05,0.0001844249481484
1,12,0.8535533905932737,5.814644660940672,G3,EXPLICIT_HEI_ATOMIC,0.0002228632791502,1.86530986074322,0.0,0.0,0.0001194778861359,0.0002228632791502
1,12,0.8535533905932737,5.814644660940672,G3,EXPLICIT_HEII_ATOMIC,1.8649025725159207,1.86530986074322,0.0,0.0,0.9997816511691324,1.8649025725159272
1,13,0.9157348061512728,5.808426519384873,G1,EFFECTIVE_HI_SUBGRID,0.0683639941288869,0.0683639941288869,3.1287334569524827e+50,3.1287334569524827e+50,1.0,0.0683637401527561
1,13,0.9157348061512728,5.808426519384873,G1,EXPLICIT_HI_ATOMIC,0.0,0.0683639941288869,0.0,3.1287334569524827e+50,0.0,0.0
1,13,0.9157348061512728,5.808426519384873,G1,EXPLICIT_HEI_ATOMIC,0.0,0.0683639941288869,0.0,3.1287334569524827e+50,0.0,0.0
1,13,0.9157348061512728,5.808426519384873,G1,EXPLICIT_HEII_ATOMIC,0.0,0.0683639941288869,0.0,3.1287334569524827e+50,0.0,0.0
1,13,0.9157348061512728,5.808426519384873,G2a,EFFECTIVE_HI_SUBGRID,0.0318208205957191,0.0330188966233974,1.4821217582597263e+50,1.5379246733143486e+50,0.9637154432704677,0.0318201337870657
1,13,0.9157348061512728,5.808426519384873,G2a,EXPLICIT_HI_ATOMIC,0.0,0.0330188966233974,0.0,1.5379246733143486e+50,0.0,0.0
1,13,0.9157348061512728,5.808426519384873,G2a,EXPLICIT_HEI_ATOMIC,0.0011980760276782,0.0330188966233974,5.580291505462203e+48,1.5379246733143486e+50,0.0362845567295323,0.0011980501688547
1,13,0.9157348061512728,5.808426519384873,G2a,EXPLICIT_HEII_ATOMIC,0.0,0.0330188966233974,0.0,1.5379246733143486e+50,0.0,0.0
1,13,0.9157348061512728,5.808426519384873,G2b,EFFECTIVE_HI_SUBGRID,0.0,0.0011830237579098,0.0,6.102631154721728e+48,0.0,0.0
1,13,0.9157348061512728,5.808426519384873,G2b,EXPLICIT_HI_ATOMIC,0.0006352471700587,0.0011830237579098,3.2769241911072415e+48,6.102631154721728e+48,0.5369690725240408,0.0006352471700584
1,13,0.9157348061512728,5.808426519384873,G2b,EXPLICIT_HEI_ATOMIC,0.000547776587851,0.0011830237579098,2.8257069636144865e+48,6.102631154721728e+48,0.4630309274759593,0.0005477765878508
1,13,0.9157348061512728,5.808426519384873,G2b,EXPLICIT_HEII_ATOMIC,0.0,0.0011830237579098,0.0,6.102631154721728e+48,0.0,0.0
1,13,0.9157348061512728,5.808426519384873,G3,EFFECTIVE_HI_SUBGRID,0.0,1.8653320244514755,0.0,0.0,0.0,0.0
1,13,0.9157348061512728,5.808426519384873,G3,EXPLICIT_HI_ATOMIC,0.0001907825259503,1.8653320244514755,0.0,0.0,0.0001022780520837,0.0001907825259503
1,13,0.9157348061512728,5.808426519384873,G3,EXPLICIT_HEI_ATOMIC,0.0002252086954781,1.8653320244514755,0.0,0.0,0.0001207338385478,0.0002252086954781
1,13,0.9157348061512728,5.808426519384873,G3,EXPLICIT_HEII_ATOMIC,1.864916033230047,1.8653320244514755,0.0,0.0,0.9997769881093684,1.8649160332300527
1,14,0.9619397662556434,5.803806023374436,G1,EFFECTIVE_HI_SUBGRID,0.0696853353017575,0.0696853353017575,3.098883683250865e+50,3.098883683250865e+50,1.0,0.0696851453904825
1,14,0.9619397662556434,5.803806023374436,G1,EXPLICIT_HI_ATOMIC,0.0,0.0696853353017575,0.0,3.098883683250865e+50,0.0,0.0
1,14,0.9619397662556434,5.803806023374436,G1,EXPLICIT_HEI_ATOMIC,0.0,0.0696853353017575,0.0,3.098883683250865e+50,0.0,0.0
1,14,0.9619397662556434,5.803806023374436,G1,EXPLICIT_HEII_ATOMIC,0.0,0.0696853353017575,0.0,3.098883683250865e+50,0.0,0.0
1,14,0.9619397662556434,5.803806023374436,G2a,EFFECTIVE_HI_SUBGRID,0.0324015292719552,0.0336090587592304,1.4858578792582512e+50,1.5412323397673539e+50,0.9640713089906604,0.0324009180401844
1,14,0.9619397662556434,5.803806023374436,G2a,EXPLICIT_HI_ATOMIC,0.0,0.0336090587592304,0.0,1.5412323397673539e+50,0.0,0.0
1,14,0.9619397662556434,5.803806023374436,G2a,EXPLICIT_HEI_ATOMIC,0.0012075294872751,0.0336090587592304,5.537446050910244e+48,1.5412323397673539e+50,0.0359286910093393,0.0012075067080914
1,14,0.9619397662556434,5.803806023374436,G2a,EXPLICIT_HEII_ATOMIC,0.0,0.0336090587592304,0.0,1.5412323397673539e+50,0.0,0.0
1,14,0.9619397662556434,5.803806023374436,G2b,EFFECTIVE_HI_SUBGRID,0.0,0.0012032234381362,0.0,6.291546986597169e+48,0.0,0.0
1,14,0.9619397662556434,5.803806023374436,G2b,EXPLICIT_HI_ATOMIC,0.0006511230991354,0.0012032234381362,3.4046640403007895e+48,6.291546986597169e+48,0.5411489491461666,0.0006511230991361
1,14,0.9619397662556434,5.803806023374436,G2b,EXPLICIT_HEI_ATOMIC,0.0005521003390007,0.0012032234381362,2.8868829462963788e+48,6.291546986597169e+48,0.4588510508538332,0.0005521003390013
1,14,0.9619397662556434,5.803806023374436,G2b,EXPLICIT_HEII_ATOMIC,0.0,0.0012032234381362,0.0,6.291546986597169e+48,0.0,0.0
1,14,0.9619397662556434,5.803806023374436,G3,EFFECTIVE_HI_SUBGRID,0.0,1.8653485185746683,0.0,0.0,0.0,0.0
1,14,0.9619397662556434,5.803806023374436,G3,EXPLICIT_HI_ATOMIC,0.0001955505123248,1.8653485185746683,0.0,0.0,0.0001048332310973,0.0001955505123248
1,14,0.9619397662556434,5.803806023374436,G3,EXPLICIT_HEI_ATOMIC,0.0002269863296045,1.8653485185746683,0.0,0.0,0.0001216857479148,0.0002269863296045
1,14,0.9619397662556434,5.803806023374436,G3,EXPLICIT_HEII_ATOMIC,1.864925981732739,1.8653485185746683,0.0,0.0,0.9997734810209878,1.864925981732745
1,15,0.9903926402016152,5.800960735979839,G1,EFFECTIVE_HI_SUBGRID,0.0704983245492422,0.0704983245492422,3.080904849013212e+50,3.080904849013212e+50,1.0,0.0704981736276569
1,15,0.9903926402016152,5.800960735979839,G1,EXPLICIT_HI_ATOMIC,0.0,0.0704983245492422,0.0,3.080904849013212e+50,0.0,0.0
1,15,0.9903926402016152,5.800960735979839,G1,EXPLICIT_HEI_ATOMIC,0.0,0.0704983245492422,0.0,3.080904849013212e+50,0.0,0.0
1,15,0.9903926402016152,5.800960735979839,G1,EXPLICIT_HEII_ATOMIC,0.0,0.0704983245492422,0.0,3.080904849013212e+50,0.0,0.0
1,15,0.9903926402016152,5.800960735979839,G2a,EFFECTIVE_HI_SUBGRID,0.0327588662820757,0.0339722815223415,1.487686902603455e+50,1.5427920440579519e+50,0.964282197547794,0.0327583040797797
1,15,0.9903926402016152,5.800960735979839,G2a,EXPLICIT_HI_ATOMIC,0.0,0.0339722815223415,0.0,1.5427920440579519e+50,0.0,0.0
1,15,0.9903926402016152,5.800960735979839,G2a,EXPLICIT_HEI_ATOMIC,0.0012134152402657,0.0339722815223415,5.51051414544968e+48,1.5427920440579519e+50,0.0357178024522058,0.0012133944158321
1,15,0.9903926402016152,5.800960735979839,G2a,EXPLICIT_HEII_ATOMIC,0.0,0.0339722815223415,0.0,1.5427920440579519e+50,0.0,0.0
1,15,0.9903926402016152,5.800960735979839,G2b,EFFECTIVE_HI_SUBGRID,0.0,0.001215739848326,0.0,6.409357966444504e+48,0.0,0.0
1,15,0.9903926402016152,5.800960735979839,G2b,EXPLICIT_HI_ATOMIC,0.0006609475114932,0.001215739848326,3.484503040698784e+48,6.409357966444504e+48,0.5436586720450816,0.0006609475114931
1,15,0.9903926402016152,5.800960735979839,G2b,EXPLICIT_HEI_ATOMIC,0.0005547923368327,0.001215739848326,2.92485492574572e+48,6.409357966444504e+48,0.4563413279549183,0.0005547923368327
1,15,0.9903926402016152,5.800960735979839,G2b,EXPLICIT_HEII_ATOMIC,0.0,0.001215739848326,0.0,6.409357966444504e+48,0.0,0.0
1,15,0.9903926402016152,5.800960735979839,G3,EFFECTIVE_HI_SUBGRID,0.0,1.8653586816334424,0.0,0.0,0.0,0.0
1,15,0.9903926402016152,5.800960735979839,G3,EXPLICIT_HI_ATOMIC,0.0001985010586535,1.8653586816334424,0.0,0.0,0.0001064144180998,0.0001985010586535
1,15,0.9903926402016152,5.800960735979839,G3,EXPLICIT_HEI_ATOMIC,0.0002280930970956,1.8653586816334424,0.0,0.0,0.0001222784118365,0.0002280930970956
1,15,0.9903926402016152,5.800960735979839,G3,EXPLICIT_HEII_ATOMIC,1.864932087477693,1.8653586816334424,0.0,0.0,0.9997713071700636,1.864932087477699
1,16,1.0,5.8,G1,EFFECTIVE_HI_SUBGRID,0.0707726976260614,0.0707726976260614,3.0749086948019656e+50,3.0749086948019656e+50,1.0,0.0707725596541583
1,16,1.0,5.8,G1,EXPLICIT_HI_ATOMIC,0.0,0.0707726976260614,0.0,3.0749086948019656e+50,0.0,0.0
1,16,1.0,5.8,G1,EXPLICIT_HEI_ATOMIC,0.0,0.0707726976260614,0.0,3.0749086948019656e+50,0.0,0.0
1,16,1.0,5.8,G1,EXPLICIT_HEII_ATOMIC,0.0,0.0707726976260614,0.0,3.0749086948019656e+50,0.0,0.0
1,16,1.0,5.8,G2a,EFFECTIVE_HI_SUBGRID,0.0328794982827217,0.0340949105313361,1.4882272350849492e+50,1.543240532267598e+50,0.9643520915681152,0.0328789529281767
1,16,1.0,5.8,G2a,EXPLICIT_HI_ATOMIC,0.0,0.0340949105313361,0.0,1.543240532267598e+50,0.0,0.0
1,16,1.0,5.8,G2a,EXPLICIT_HEI_ATOMIC,0.0012154122486143,0.0340949105313361,5.5013297182648666e+48,1.543240532267598e+50,0.0356479084318849,0.0012153920892254
1,16,1.0,5.8,G2a,EXPLICIT_HEII_ATOMIC,0.0,0.0340949105313361,0.0,1.543240532267598e+50,0.0,0.0
1,16,1.0,5.8,G2b,EFFECTIVE_HI_SUBGRID,0.0,0.0012199773590286,0.0,6.449380619516782e+48,0.0,0.0
1,16,1.0,5.8,G2b,EXPLICIT_HI_ATOMIC,0.0006642716391484,0.0012199773590286,3.5116558548513284e+48,6.449380619516782e+48,0.5444950549552832,0.0006642716391493
1,16,1.0,5.8,G2b,EXPLICIT_HEI_ATOMIC,0.0005557057198801,0.0012199773590286,2.9377247646654536e+48,6.449380619516782e+48,0.4555049450447169,0.0005557057198808
1,16,1.0,5.8,G2b,EXPLICIT_HEII_ATOMIC,0.0,0.0012199773590286,0.0,6.449380619516782e+48,0.0,0.0
1,16,1.0,5.8,G3,EFFECTIVE_HI_SUBGRID,0.0,1.865362113841556,0.0,0.0,0.0,0.0
1,16,1.0,5.8,G3,EXPLICIT_HI_ATOMIC,0.0001994993873368,1.865362113841556,0.0,0.0,0.0001069494152671,0.0001994993873368
1,16,1.0,5.8,G3,EXPLICIT_HEI_ATOMIC,0.0002284686184474,1.865362113841556,0.0,0.0,0.0001224794996918,0.0002284686184474
1,16,1.0,5.8,G3,EXPLICIT_HEII_ATOMIC,1.864934145835772,1.865362113841556,0.0,0.0,0.999770571085041,1.864934145835778
2,0,0.0,5.8,G1,EFFECTIVE_HI_SUBGRID,0.0775097379495998,0.0775097379495998,3.3184550908085022e+50,3.3184550908085022e+50,1.0,0.0774624392149384
2,0,0.0,5.8,G1,EXPLICIT_HI_ATOMIC,0.0,0.0775097379495998,0.0,3.3184550908085022e+50,0.0,0.0
2,0,0.0,5.8,G1,EXPLICIT_HEI_ATOMIC,0.0,0.0775097379495998,0.0,3.3184550908085022e+50,0.0,0.0
2,0,0.0,5.8,G1,EXPLICIT_HEII_ATOMIC,0.0,0.0775097379495998,0.0,3.3184550908085022e+50,0.0,0.0
2,0,0.0,5.8,G2a,EFFECTIVE_HI_SUBGRID,0.0375310058819731,0.0387112688762037,1.673969233636585e+50,1.7266116793561303e+50,0.9695111261269956,0.0375278964553176
2,0,0.0,5.8,G2a,EXPLICIT_HI_ATOMIC,0.0,0.0387112688762037,0.0,1.7266116793561303e+50,0.0,0.0
2,0,0.0,5.8,G2a,EXPLICIT_HEI_ATOMIC,0.0011802629942305,0.0387112688762037,5.2642445719545086e+48,1.7266116793561303e+50,0.0304888738730042,0.0011801652099817
2,0,0.0,5.8,G2a,EXPLICIT_HEII_ATOMIC,0.0,0.0387112688762037,0.0,1.7266116793561303e+50,0.0,0.0
2,0,0.0,5.8,G2b,EFFECTIVE_HI_SUBGRID,0.0,0.0011846175804943,0.0,6.171029353707409e+48,0.0,0.0
2,0,0.0,5.8,G2b,EXPLICIT_HI_ATOMIC,0.0006450184145917,0.0011846175804943,3.360094967075103e+48,6.171029353707409e+48,0.5444950549548816,0.0006450184145924
2,0,0.0,5.8,G2b,EXPLICIT_HEI_ATOMIC,0.0005395991659025,0.0011846175804943,2.8109343866323058e+48,6.171029353707409e+48,0.4555049450451184,0.000539599165903
2,0,0.0,5.8,G2b,EXPLICIT_HEII_ATOMIC,0.0,0.0011846175804943,0.0,6.171029353707409e+48,0.0,0.0
2,0,0.0,5.8,G3,EFFECTIVE_HI_SUBGRID,0.0,1.81129652750612,0.0,0.0,0.0,0.0
2,0,0.0,5.8,G3,EXPLICIT_HI_ATOMIC,0.000193717104492,1.81129652750612,0.0,0.0,0.000106949415267,0.000193717104492
2,0,0.0,5.8,G3,EXPLICIT_HEI_ATOMIC,0.0002218466924826,1.81129652750612,0.0,0.0,0.0001224794996919,0.0002218466924826
2,0,0.0,5.8,G3,EXPLICIT_HEII_ATOMIC,1.8108809637091448,1.81129652750612,0.0,0.0,0.999770571085041,1.8108809637091507
2,1,0.0096073597983847,5.799039264020162,G1,EFFECTIVE_HI_SUBGRID,0.0777845177180943,0.0777845177180943,3.3180516568857943e+50,3.3180516568857943e+50,1.0,0.0777367483234142
2,1,0.0096073597983847,5.799039264020162,G1,EXPLICIT_HI_ATOMIC,0.0,0.0777845177180943,0.0,3.3180516568857943e+50,0.0,0.0
2,1,0.0096073597983847,5.799039264020162,G1,EXPLICIT_HEI_ATOMIC,0.0,0.0777845177180943,0.0,3.3180516568857943e+50,0.0,0.0
2,1,0.0096073597983847,5.799039264020162,G1,EXPLICIT_HEII_ATOMIC,0.0,0.0777845177180943,0.0,3.3180516568857943e+50,0.0,0.0
2,1,0.0096073597983847,5.799039264020162,G2a,EFFECTIVE_HI_SUBGRID,0.0376769732559992,0.0388355050883185,1.674440695182041e+50,1.7259281868528389e+50,0.9701682306002064,0.0376738232983555
2,1,0.0096073597983847,5.799039264020162,G2a,EXPLICIT_HI_ATOMIC,0.0,0.0388355050883185,0.0,1.7259281868528389e+50,0.0,0.0
2,1,0.0096073597983847,5.799039264020162,G2a,EXPLICIT_HEI_ATOMIC,0.0011585318323192,0.0388355050883185,5.1487491670797916e+48,1.7259281868528389e+50,0.0298317693997936,0.0011584349740557
2,1,0.0096073597983847,5.799039264020162,G2a,EXPLICIT_HEII_ATOMIC,0.0,0.0388355050883185,0.0,1.7259281868528389e+50,0.0,0.0
2,1,0.0096073597983847,5.799039264020162,G2b,EFFECTIVE_HI_SUBGRID,0.0,0.0011661597229556,0.0,6.095465334922787e+48,0.0,0.0
2,1,0.0096073597983847,5.799039264020162,G2b,EXPLICIT_HI_ATOMIC,0.0006364961297007,0.0011661597229556,3.3269371407979875e+48,6.095465334922787e+48,0.5458052762168865,0.000636496129701
2,1,0.0096073597983847,5.799039264020162,G2b,EXPLICIT_HEI_ATOMIC,0.0005296635932548,0.0011661597229556,2.7685281941248e+48,6.095465334922787e+48,0.4541947237831137,0.0005296635932549
2,1,0.0096073597983847,5.799039264020162,G2b,EXPLICIT_HEII_ATOMIC,0.0,0.0011661597229556,0.0,6.095465334922787e+48,0.0,0.0
2,1,0.0096073597983847,5.799039264020162,G3,EFFECTIVE_HI_SUBGRID,0.0,1.8112956192246108,0.0,0.0,0.0,0.0
2,1,0.0096073597983847,5.799039264020162,G3,EXPLICIT_HI_ATOMIC,0.0001911576235291,1.8112956192246108,0.0,0.0,0.0001055364025067,0.0001911576235291
2,1,0.0096073597983847,5.799039264020162,G3,EXPLICIT_HEI_ATOMIC,0.000217761856795,1.8112956192246108,0.0,0.0,0.000120224360112,0.000217761856795
2,1,0.0096073597983847,5.799039264020162,G3,EXPLICIT_HEII_ATOMIC,1.8108866997442865,1.8112956192246108,0.0,0.0,0.9997742392373812,1.810886699744292
2,2,0.0380602337443566,5.796193976625564,G1,EFFECTIVE_HI_SUBGRID,0.0786084335532033,0.0786084335532033,3.316856110386313e+50,3.316856110386313e+50,1.0,0.0785592517166667
2,2,0.0380602337443566,5.796193976625564,G1,EXPLICIT_HI_ATOMIC,0.0,0.0786084335532033,0.0,3.316856110386313e+50,0.0,0.0
2,2,0.0380602337443566,5.796193976625564,G1,EXPLICIT_HEI_ATOMIC,0.0,0.0786084335532033,0.0,3.316856110386313e+50,0.0,0.0
2,2,0.0380602337443566,5.796193976625564,G1,EXPLICIT_HEII_ATOMIC,0.0,0.0786084335532033,0.0,3.316856110386313e+50,0.0,0.0
2,2,0.0380602337443566,5.796193976625564,G2a,EFFECTIVE_HI_SUBGRID,0.0381152477838095,0.0392678682186022,1.6758646442032336e+50,1.72654346559806e+50,0.9706472368610356,0.0381119802109005
2,2,0.0380602337443566,5.796193976625564,G2a,EXPLICIT_HI_ATOMIC,0.0,0.0392678682186022,0.0,1.72654346559806e+50,0.0,0.0
2,2,0.0380602337443566,5.796193976625564,G2a,EXPLICIT_HEI_ATOMIC,0.0011526204347926,0.0392678682186022,5.0678821394826456e+48,1.72654346559806e+50,0.0293527631389643,0.0011525216220726
2,2,0.0380602337443566,5.796193976625564,G2a,EXPLICIT_HEII_ATOMIC,0.0,0.0392678682186022,0.0,1.72654346559806e+50,0.0,0.0
2,2,0.0380602337443566,5.796193976625564,G2b,EFFECTIVE_HI_SUBGRID,0.0,0.0011592523759932,0.0,6.119953237924288e+48,0.0,0.0
2,2,0.0380602337443566,5.796193976625564,G2b,EXPLICIT_HI_ATOMIC,0.0006322925057178,0.0011592523759932,3.338013919848641e+48,6.119953237924288e+48,0.5454312786515342,0.0006322925057179
2,2,0.0380602337443566,5.796193976625564,G2b,EXPLICIT_HEI_ATOMIC,0.0005269598702753,0.0011592523759932,2.781939318075646e+48,6.119953237924288e+48,0.4545687213484657,0.0005269598702755
2,2,0.0380602337443566,5.796193976625564,G2b,EXPLICIT_HEII_ATOMIC,0.0,0.0011592523759932,0.0,6.119953237924288e+48,0.0,0.0
2,2,0.0380602337443566,5.796193976625564,G3,EFFECTIVE_HI_SUBGRID,0.0,1.8113007678362767,0.0,0.0,0.0,0.0
2,2,0.0380602337443566,5.796193976625564,G3,EXPLICIT_HI_ATOMIC,0.0001898951574538,1.8113007678362767,0.0,0.0,0.0001048391083501,0.0001898951574538
2,2,0.0380602337443566,5.796193976625564,G3,EXPLICIT_HEI_ATOMIC,0.0002166502687158,1.8113007678362767,0.0,0.0,0.0001196103223511,0.0002166502687158
2,2,0.0380602337443566,5.796193976625564,G3,EXPLICIT_HEII_ATOMIC,1.810894222410107,1.8113007678362767,0.0,0.0,0.9997755505692988,1.810894222410112
2,3,0.0842651938487273,5.791573480615127,G1,EFFECTIVE_HI_SUBGRID,0.0799809410048586,0.0799809410048586,3.314964903438094e+50,3.314964903438094e+50,1.0,0.0799294030995912
2,3,0.0842651938487273,5.791573480615127,G1,EXPLICIT_HI_ATOMIC,0.0,0.0799809410048586,0.0,3.314964903438094e+50,0.0,0.0
2,3,0.0842651938487273,5.791573480615127,G1,EXPLICIT_HEI_ATOMIC,0.0,0.0799809410048586,0.0,3.314964903438094e+50,0.0,0.0
2,3,0.0842651938487273,5.791573480615127,G1,EXPLICIT_HEII_ATOMIC,0.0,0.0799809410048586,0.0,3.314964903438094e+50,0.0,0.0
2,3,0.0842651938487273,5.791573480615127,G2a,EFFECTIVE_HI_SUBGRID,0.0388473326354479,0.0400073828836153,1.67818828500098e+50,1.72830196345494e+50,0.9710040956304992,0.0388438678983387
2,3,0.0842651938487273,5.791573480615127,G2a,EXPLICIT_HI_ATOMIC,0.0,0.0400073828836153,0.0,1.72830196345494e+50,0.0,0.0
2,3,0.0842651938487273,5.791573480615127,G2a,EXPLICIT_HEI_ATOMIC,0.0011600502481673,0.0400073828836153,5.011367845396005e+48,1.72830196345494e+50,0.0289959043695008,0.0011599467849725
2,3,0.0842651938487273,5.791573480615127,G2a,EXPLICIT_HEII_ATOMIC,0.0,0.0400073828836153,0.0,1.72830196345494e+50,0.0,0.0
2,3,0.0842651938487273,5.791573480615127,G2b,EFFECTIVE_HI_SUBGRID,0.0,0.00117110638794,0.0,6.281467325439601e+48,0.0,0.0
2,3,0.0842651938487273,5.791573480615127,G2b,EXPLICIT_HI_ATOMIC,0.0006407515593375,0.00117110638794,3.436801323219903e+48,6.281467325439601e+48,0.5471335191542022,0.0006407515593383
2,3,0.0842651938487273,5.791573480615127,G2b,EXPLICIT_HEI_ATOMIC,0.0005303548286024,0.00117110638794,2.8446660022196968e+48,6.281467325439601e+48,0.4528664808457977,0.000530354828603
2,3,0.0842651938487273,5.791573480615127,G2b,EXPLICIT_HEII_ATOMIC,0.0,0.00117110638794,0.0,6.281467325439601e+48,0.0,0.0
2,3,0.0842651938487273,5.791573480615127,G3,EFFECTIVE_HI_SUBGRID,0.0,1.81131414978422,0.0,0.0,0.0,0.0
2,3,0.0842651938487273,5.791573480615127,G3,EXPLICIT_HI_ATOMIC,0.0001924356482941,1.81131414978422,0.0,0.0,0.000106240901567,0.0001924356482941
2,3,0.0842651938487273,5.791573480615127,G3,EXPLICIT_HEI_ATOMIC,0.0002180460460328,1.81131414978422,0.0,0.0,0.0001203800268765,0.0002180460460328
2,3,0.0842651938487273,5.791573480615127,G3,EXPLICIT_HEII_ATOMIC,1.810903668089893,1.81131414978422,0.0,0.0,0.9997733790715564,1.8109036680898984
2,4,0.1464466094067262,5.785355339059327,G1,EFFECTIVE_HI_SUBGRID,0.0818994348570872,0.0818994348570872,3.3125323790897187e+50,3.3125323790897187e+50,1.0,0.081844599635549
2,4,0.1464466094067262,5.785355339059327,G1,EXPLICIT_HI_ATOMIC,0.0,0.0818994348570872,0.0,3.3125323790897187e+50,0.0,0.0
2,4,0.1464466094067262,5.785355339059327,G1,EXPLICIT_HEI_ATOMIC,0.0,0.0818994348570872,0.0,3.3125323790897187e+50,0.0,0.0
2,4,0.1464466094067262,5.785355339059327,G1,EXPLICIT_HEII_ATOMIC,0.0,0.0818994348570872,0.0,3.3125323790897187e+50,0.0,0.0
2,4,0.1464466094067262,5.785355339059327,G2a,EFFECTIVE_HI_SUBGRID,0.0398747773696153,0.0410460692144505,1.6813254729940931e+50,1.7307131547553536e+50,0.9714639704300154,0.0398710318773361
2,4,0.1464466094067262,5.785355339059327,G2a,EXPLICIT_HI_ATOMIC,0.0,0.0410460692144505,0.0,1.7307131547553536e+50,0.0,0.0
2,4,0.1464466094067262,5.785355339059327,G2a,EXPLICIT_HEI_ATOMIC,0.0011712918448351,0.0410460692144505,4.938768176126009e+48,1.7307131547553536e+50,0.0285360295699845,0.001171181823793
2,4,0.1464466094067262,5.785355339059327,G2a,EXPLICIT_HEII_ATOMIC,0.0,0.0410460692144505,0.0,1.7307131547553536e+50,0.0,0.0
2,4,0.1464466094067262,5.785355339059327,G2b,EFFECTIVE_HI_SUBGRID,0.0,0.0011905550542498,0.0,6.520038586956013e+48,0.0,0.0
2,4,0.1464466094067262,5.785355339059327,G2b,EXPLICIT_HI_ATOMIC,0.0006550633028464,0.0011905550542498,3.58743427799625e+48,6.520038586956013e+48,0.550216724970504,0.0006550633028475
2,4,0.1464466094067262,5.785355339059327,G2b,EXPLICIT_HEI_ATOMIC,0.0005354917514033,0.0011905550542498,2.9326043089597626e+48,6.520038586956013e+48,0.449783275029496,0.0005354917514043
2,4,0.1464466094067262,5.785355339059327,G2b,EXPLICIT_HEII_ATOMIC,0.0,0.0011905550542498,0.0,6.520038586956013e+48,0.0,0.0
2,4,0.1464466094067262,5.785355339059327,G3,EFFECTIVE_HI_SUBGRID,0.0,1.8113330431864807,0.0,0.0,0.0,0.0
2,4,0.1464466094067262,5.785355339059327,G3,EXPLICIT_HI_ATOMIC,0.000196733865911,1.8113330431864807,0.0,0.0,0.0001086127516146,0.000196733865911
2,4,0.1464466094067262,5.785355339059327,G3,EXPLICIT_HEI_ATOMIC,0.0002201580013601,1.8113330431864807,0.0,0.0,0.0001215447386598,0.0002201580013601
2,4,0.1464466094067262,5.785355339059327,G3,EXPLICIT_HEII_ATOMIC,1.81091615131921,1.8113330431864807,0.0,0.0,0.9997698425097254,1.810916151319216
2,5,0.2222148834901988,5.77777851165098,G1,EFFECTIVE_HI_SUBGRID,0.0843561025527109,0.0843561025527109,3.3097454692785327e+50,3.3097454692785327e+50,1.0,0.084297044317845
2,5,0.2222148834901988,5.77777851165098,G1,EXPLICIT_HI_ATOMIC,0.0,0.0843561025527109,0.0,3.3097454692785327e+50,0.0,0.0
2,5,0.2222148834901988,5.77777851165098,G1,EXPLICIT_HEI_ATOMIC,0.0,0.0843561025527109,0.0,3.3097454692785327e+50,0.0,0.0
2,5,0.2222148834901988,5.77777851165098,G1,EXPLICIT_HEII_ATOMIC,0.0,0.0843561025527109,0.0,3.3097454692785327e+50,0.0,0.0
2,5,0.2222148834901988,5.77777851165098,G2a,EFFECTIVE_HI_SUBGRID,0.0411973869140651,0.0423827817789723,1.6851715975256294e+50,1.7336599582646528e+50,0.9720312160940956,0.0411932736561415
2,5,0.2222148834901988,5.77777851165098,G2a,EXPLICIT_HI_ATOMIC,0.0,0.0423827817789723,0.0,1.7336599582646528e+50,0.0,0.0
2,5,0.2222148834901988,5.77777851165098,G2a,EXPLICIT_HEI_ATOMIC,0.0011853948649071,0.0423827817789723,4.848836073902338e+48,1.7336599582646528e+50,0.0279687839059044,0.0011852765118953
2,5,0.2222148834901988,5.77777851165098,G2a,EXPLICIT_HEII_ATOMIC,0.0,0.0423827817789723,0.0,1.7336599582646528e+50,0.0,0.0
2,5,0.2222148834901988,5.77777851165098,G2b,EFFECTIVE_HI_SUBGRID,0.0,0.0012153191234901,0.0,6.820865541658637e+48,0.0,0.0
2,5,0.2222148834901988,5.77777851165098,G2b,EXPLICIT_HI_ATOMIC,0.0006733829506784,0.0012153191234901,3.779299178172234e+48,6.820865541658637e+48,0.5540791201776452,0.0006733829506787
2,5,0.2222148834901988,5.77777851165098,G2b,EXPLICIT_HEI_ATOMIC,0.0005419361728116,0.0012153191234901,3.0415663634864015e+48,6.820865541658637e+48,0.4459208798223548,0.0005419361728118
2,5,0.2222148834901988,5.77777851165098,G2b,EXPLICIT_HEII_ATOMIC,0.0,0.0012153191234901,0.0,6.820865541658637e+48,0.0,0.0
2,5,0.2222148834901988,5.77777851165098,G3,EFFECTIVE_HI_SUBGRID,0.0,1.8113562973312325,0.0,0.0,0.0,0.0
2,5,0.2222148834901988,5.77777851165098,G3,EXPLICIT_HI_ATOMIC,0.0002022357695046,1.8113562973312325,0.0,0.0,0.0001116488069203,0.0002022357695046
2,5,0.2222148834901988,5.77777851165098,G3,EXPLICIT_HEI_ATOMIC,0.0002228075117088,1.8113562973312325,0.0,0.0,0.0001230059000745,0.0002228075117088
2,5,0.2222148834901988,5.77777851165098,G3,EXPLICIT_HEII_ATOMIC,1.810931254050019,1.8113562973312325,0.0,0.0,0.9997653452930052,1.810931254050024
2,6,0.3086582838174551,5.769134171618254,G1,EFFECTIVE_HI_SUBGRID,0.0873334577058476,0.0873334577058476,3.3068059682810347e+50,3.3068059682810347e+50,1.0,0.0872692914068021
2,6,0.3086582838174551,5.769134171618254,G1,EXPLICIT_HI_ATOMIC,0.0,0.0873334577058476,0.0,3.3068059682810347e+50,0.0,0.0
2,6,0.3086582838174551,5.769134171618254,G1,EXPLICIT_HEI_ATOMIC,0.0,0.0873334577058476,0.0,3.3068059682810347e+50,0.0,0.0
2,6,0.3086582838174551,5.769134171618254,G1,EXPLICIT_HEII_ATOMIC,0.0,0.0873334577058476,0.0,3.3068059682810347e+50,0.0,0.0
2,6,0.3086582838174551,5.769134171618254,G2a,EFFECTIVE_HI_SUBGRID,0.0428106079973065,0.0440126107486955,1.689605459619831e+50,1.7370448795727712e+50,0.9726895830321852,0.0428060378730881
2,6,0.3086582838174551,5.769134171618254,G2a,EXPLICIT_HI_ATOMIC,0.0,0.0440126107486955,0.0,1.7370448795727712e+50,0.0,0.0
2,6,0.3086582838174551,5.769134171618254,G2a,EXPLICIT_HEI_ATOMIC,0.0012020027513889,0.0440126107486955,4.743941995293989e+48,1.7370448795727712e+50,0.0273104169678147,0.0012018744350173
2,6,0.3086582838174551,5.769134171618254,G2a,EXPLICIT_HEII_ATOMIC,0.0,0.0440126107486955,0.0,1.7370448795727712e+50,0.0,0.0
2,6,0.3086582838174551,5.769134171618254,G2b,EFFECTIVE_HI_SUBGRID,0.0,0.0012449039452062,0.0,7.17748216205451e+48,0.0,0.0
2,6,0.3086582838174551,5.769134171618254,G2b,EXPLICIT_HI_ATOMIC,0.0006953788133265,0.0012449039452062,4.009200105551555e+48,7.17748216205451e+48,0.5585802952945195,0.0006953788133273
2,6,0.3086582838174551,5.769134171618254,G2b,EXPLICIT_HEI_ATOMIC,0.0005495251318796,0.0012449039452062,3.168282056502956e+48,7.17748216205451e+48,0.4414197047054805,0.0005495251318801
2,6,0.3086582838174551,5.769134171618254,G2b,EXPLICIT_HEII_ATOMIC,0.0,0.0012449039452062,0.0,7.17748216205451e+48,0.0,0.0
2,6,0.3086582838174551,5.769134171618254,G3,EFFECTIVE_HI_SUBGRID,0.0,1.811383112818788,0.0,0.0,0.0,0.0
2,6,0.3086582838174551,5.769134171618254,G3,EXPLICIT_HI_ATOMIC,0.0002088417434221,1.811383112818788,0.0,0.0,0.0001152940766335,0.0002088417434221
2,6,0.3086582838174551,5.769134171618254,G3,EXPLICIT_HEI_ATOMIC,0.0002259275785567,1.811383112818788,0.0,0.0,0.0001247265567167,0.0002259275785567
2,6,0.3086582838174551,5.769134171618254,G3,EXPLICIT_HEII_ATOMIC,1.8109483434968088,1.811383112818788,0.0,0.0,0.9997599793666496,1.8109483434968143
2,7,0.4024548389919358,5.759754516100807,G1,EFFECTIVE_HI_SUBGRID,0.0907979970486872,0.0907979970486872,3.303909651151634e+50,3.303909651151634e+50,1.0,0.0907279181291364
2,7,0.4024548389919358,5.759754516100807,G1,EXPLICIT_HI_ATOMIC,0.0,0.0907979970486872,0.0,3.303909651151634e+50,0.0,0.0
2,7,0.4024548389919358,5.759754516100807,G1,EXPLICIT_HEI_ATOMIC,0.0,0.0907979970486872,0.0,3.303909651151634e+50,0.0,0.0
2,7,0.4024548389919358,5.759754516100807,G1,EXPLICIT_HEII_ATOMIC,0.0,0.0907979970486872,0.0,3.303909651151634e+50,0.0,0.0
2,7,0.4024548389919358,5.759754516100807,G2a,EFFECTIVE_HI_SUBGRID,0.0447017167860884,0.0459224051902311,1.6944917200662259e+50,1.7407639114341479e+50,0.9734184566534356,0.0446966017330843
2,7,0.4024548389919358,5.759754516100807,G2a,EXPLICIT_HI_ATOMIC,0.0,0.0459224051902311,0.0,1.7407639114341479e+50,0.0,0.0
2,7,0.4024548389919358,5.759754516100807,G2a,EXPLICIT_HEI_ATOMIC,0.0012206884041426,0.0459224051902311,4.6272191367922025e+48,1.7407639114341479e+50,0.0265815433465645,0.0012205487252591
2,7,0.4024548389919358,5.759754516100807,G2a,EXPLICIT_HEII_ATOMIC,0.0,0.0459224051902311,0.0,1.7407639114341479e+50,0.0,0.0
2,7,0.4024548389919358,5.759754516100807,G2b,EFFECTIVE_HI_SUBGRID,0.0,0.0012787542198473,0.0,7.581893829376647e+48,0.0,0.0
2,7,0.4024548389919358,5.759754516100807,G2b,EXPLICIT_HI_ATOMIC,0.0007206907652357,0.0012787542198473,4.2730657549515866e+48,7.581893829376647e+48,0.5635881814112532,0.0007206907652347
2,7,0.4024548389919358,5.759754516100807,G2b,EXPLICIT_HEI_ATOMIC,0.0005580634546115,0.0012787542198473,3.308828074425059e+48,7.581893829376647e+48,0.4364118185887467,0.0005580634546108
2,7,0.4024548389919358,5.759754516100807,G2b,EXPLICIT_HEII_ATOMIC,0.0,0.0012787542198473,0.0,7.581893829376647e+48,0.0,0.0
2,7,0.4024548389919358,5.759754516100807,G3,EFFECTIVE_HI_SUBGRID,0.0,1.811412591166908,0.0,0.0,0.0,0.0
2,7,0.4024548389919358,5.759754516100807,G3,EXPLICIT_HI_ATOMIC,0.0002164436318668,1.811412591166908,0.0,0.0,0.0001194888635103,0.0002164436318668
2,7,0.4024548389919358,5.759754516100807,G3,EXPLICIT_HEI_ATOMIC,0.0002294379595521,1.811412591166908,0.0,0.0,0.0001266624515425,0.0002294379595521
2,7,0.4024548389919358,5.759754516100807,G3,EXPLICIT_HEII_ATOMIC,1.8109667095754889,1.811412591166908,0.0,0.0,0.9997538486849472,1.8109667095754944
2,8,0.4999999999999999,5.75,G1,EFFECTIVE_HI_SUBGRID,0.094691934661274,0.094691934661274,3.3012264161905077e+50,3.3012264161905077e+50,1.0,0.0946152746988422
2,8,0.4999999999999999,5.75,G1,EXPLICIT_HI_ATOMIC,0.0,0.094691934661274,0.0,3.3012264161905077e+50,0.0,0.0
2,8,0.4999999999999999,5.75,G1,EXPLICIT_HEI_ATOMIC,0.0,0.094691934661274,0.0,3.3012264161905077e+50,0.0,0.0
2,8,0.4999999999999999,5.75,G1,EXPLICIT_HEII_ATOMIC,0.0,0.094691934661274,0.0,3.3012264161905077e+50,0.0,0.0
2,8,0.4999999999999999,5.75,G2a,EFFECTIVE_HI_SUBGRID,0.0468446923535714,0.0480856035671171,1.6996801525598186e+50,1.7447045097449008e+50,0.974193706192881,0.0468389507610913
2,8,0.4999999999999999,5.75,G2a,EXPLICIT_HI_ATOMIC,0.0,0.0480856035671171,0.0,1.7447045097449008e+50,0.0,0.0
2,8,0.4999999999999999,5.75,G2a,EXPLICIT_HEI_ATOMIC,0.0012409112135456,0.0480856035671171,4.502435718508247e+48,1.7447045097449008e+50,0.025806293807119,0.0012407591193353
2,8,0.4999999999999999,5.75,G2a,EXPLICIT_HEII_ATOMIC,0.0,0.0480856035671171,0.0,1.7447045097449008e+50,0.0,0.0
2,8,0.4999999999999999,5.75,G2b,EFFECTIVE_HI_SUBGRID,0.0,0.0013160889977196,0.0,8.023539106499882e+48,0.0,0.0
2,8,0.4999999999999999,5.75,G2b,EXPLICIT_HI_ATOMIC,0.0007487848777398,0.0013160889977196,4.564968447659026e+48,8.023539106499882e+48,0.5689469929748255,0.0007487848777404
2,8,0.4999999999999999,5.75,G2b,EXPLICIT_HEI_ATOMIC,0.0005673041199797,0.0013160889977196,3.458570658840856e+48,8.023539106499882e+48,0.4310530070251744,0.0005673041199802
2,8,0.4999999999999999,5.75,G2b,EXPLICIT_HEII_ATOMIC,0.0,0.0013160889977196,0.0,8.023539106499882e+48,0.0,0.0
2,8,0.4999999999999999,5.75,G3,EFFECTIVE_HI_SUBGRID,0.0,1.811443722896504,0.0,0.0,0.0,0.0
2,8,0.4999999999999999,5.75,G3,EXPLICIT_HI_ATOMIC,0.0002248810811004,1.811443722896504,0.0,0.0,0.0001241446688395,0.0002248810811004
2,8,0.4999999999999999,5.75,G3,EXPLICIT_HEI_ATOMIC,0.0002332370963523,1.811443722896504,0.0,0.0,0.0001287575724292,0.0002332370963523
2,8,0.4999999999999999,5.75,G3,EXPLICIT_HEII_ATOMIC,1.8109856047190511,1.811443722896504,0.0,0.0,0.9997470977587312,1.8109856047190565
2,9,0.5975451610080641,5.740245483899193,G1,EFFECTIVE_HI_SUBGRID,0.0989234320011103,0.0989234320011103,3.298884218252893e+50,3.298884218252893e+50,1.0,0.098839727841328
2,9,0.5975451610080641,5.740245483899193,G1,EXPLICIT_HI_ATOMIC,0.0,0.0989234320011103,0.0,3.298884218252893e+50,0.0,0.0
2,9,0.5975451610080641,5.740245483899193,G1,EXPLICIT_HEI_ATOMIC,0.0,0.0989234320011103,0.0,3.298884218252893e+50,0.0,0.0
2,9,0.5975451610080641,5.740245483899193,G1,EXPLICIT_HEII_ATOMIC,0.0,0.0989234320011103,0.0,3.298884218252893e+50,0.0,0.0
2,9,0.5975451610080641,5.740245483899193,G2a,EFFECTIVE_HI_SUBGRID,0.0491939254440018,0.0504559329390249,1.7050022897051084e+50,1.7487419516495215e+50,0.9749879266617036,0.0491874900223231
2,9,0.5975451610080641,5.740245483899193,G2a,EXPLICIT_HI_ATOMIC,0.0,0.0504559329390249,0.0,1.7487419516495215e+50,0.0,0.0
2,9,0.5975451610080641,5.740245483899193,G2a,EXPLICIT_HEI_ATOMIC,0.001262007495023,0.0504559329390249,4.373966194441326e+48,1.7487419516495215e+50,0.0250120733382963,0.0012618424024771
2,9,0.5975451610080641,5.740245483899193,G2a,EXPLICIT_HEII_ATOMIC,0.0,0.0504559329390249,0.0,1.7487419516495215e+50,0.0,0.0
2,9,0.5975451610080641,5.740245483899193,G2b,EFFECTIVE_HI_SUBGRID,0.0,0.001355843583986,0.0,8.488861947426991e+48,0.0,0.0
2,9,0.5975451610080641,5.740245483899193,G2b,EXPLICIT_HI_ATOMIC,0.0007788996933185,0.001355843583986,4.876648048174054e+48,8.488861947426991e+48,0.5744760697459789,0.0007788996933192
2,9,0.5975451610080641,5.740245483899193,G2b,EXPLICIT_HEI_ATOMIC,0.0005769438906674,0.001355843583986,3.612213899252936e+48,8.488861947426991e+48,0.425523930254021,0.0005769438906679
2,9,0.5975451610080641,5.740245483899193,G2b,EXPLICIT_HEII_ATOMIC,0.0,0.001355843583986,0.0,8.488861947426991e+48,0.0,0.0
2,9,0.5975451610080641,5.740245483899193,G3,EFFECTIVE_HI_SUBGRID,0.0,1.8114754052626207,0.0,0.0,0.0,0.0
2,9,0.5975451610080641,5.740245483899193,G3,EXPLICIT_HI_ATOMIC,0.0002339254040907,1.8114754052626207,0.0,0.0,0.000129135291272,0.0002339254040907
2,9,0.5975451610080641,5.740245483899193,G3,EXPLICIT_HEI_ATOMIC,0.0002372003182743,1.8114754052626207,0.0,0.0,0.0001309431624548,0.0002372003182743
2,9,0.5975451610080641,5.740245483899193,G3,EXPLICIT_HEII_ATOMIC,1.811004279540256,1.8114754052626207,0.0,0.0,0.9997399215462732,1.8110042795402617
2,10,0.6913417161825448,5.730865828381746,G1,EFFECTIVE_HI_SUBGRID,0.103356686791683,0.103356686791683,3.296958956993232e+50,3.296958956993232e+50,1.0,0.103265755836457
2,10,0.6913417161825448,5.730865828381746,G1,EXPLICIT_HI_ATOMIC,0.0,0.103356686791683,0.0,3.296958956993232e+50,0.0,0.0
2,10,0.6913417161825448,5.730865828381746,G1,EXPLICIT_HEI_ATOMIC,0.0,0.103356686791683,0.0,3.296958956993232e+50,0.0,0.0
2,10,0.6913417161825448,5.730865828381746,G1,EXPLICIT_HEII_ATOMIC,0.0,0.103356686791683,0.0,3.296958956993232e+50,0.0,0.0
2,10,0.6913417161825448,5.730865828381746,G2a,EFFECTIVE_HI_SUBGRID,0.0516774990689901,0.0529606884437063,1.7102681047382891e+50,1.7527352887052652e+50,0.975770908339304,0.0516703267841157
2,10,0.6913417161825448,5.730865828381746,G2a,EXPLICIT_HI_ATOMIC,0.0,0.0529606884437063,0.0,1.7527352887052652e+50,0.0,0.0
2,10,0.6913417161825448,5.730865828381746,G2a,EXPLICIT_HEI_ATOMIC,0.0012831893747161,0.0529606884437063,4.2467183966975986e+48,1.7527352887052652e+50,0.0242290916606958,0.0012830112817373
2,10,0.6913417161825448,5.730865828381746,G2a,EXPLICIT_HEII_ATOMIC,0.0,0.0529606884437063,0.0,1.7527352887052652e+50,0.0,0.0
2,10,0.6913417161825448,5.730865828381746,G2b,EFFECTIVE_HI_SUBGRID,0.0,0.0013966232456682,0.0,8.961035591407365e+48,0.0,0.0
2,10,0.6913417161825448,5.730865828381746,G2b,EXPLICIT_HI_ATOMIC,0.0008100004477634,0.0013966232456682,5.1971373553867944e+48,8.961035591407365e+48,0.5799706186158071,0.0008100004477637
2,10,0.6913417161825448,5.730865828381746,G2b,EXPLICIT_HEI_ATOMIC,0.0005866227979047,0.0013966232456682,3.7638982360205705e+48,8.961035591407365e+48,0.4200293813841928,0.000586622797905
2,10,0.6913417161825448,5.730865828381746,G2b,EXPLICIT_HEII_ATOMIC,0.0,0.0013966232456682,0.0,8.961035591407365e+48,0.0,0.0
2,10,0.6913417161825448,5.730865828381746,G3,EFFECTIVE_HI_SUBGRID,0.0,1.8115064622138768,0.0,0.0,0.0,0.0
2,10,0.6913417161825448,5.730865828381746,G3,EXPLICIT_HI_ATOMIC,0.0002432658321501,1.8115064622138768,0.0,0.0,0.0001342892433587,0.0002432658321501
2,10,0.6913417161825448,5.730865828381746,G3,EXPLICIT_HEI_ATOMIC,0.0002411796304991,1.8115064622138768,0.0,0.0,0.0001331376042702,0.0002411796304991
2,10,0.6913417161825448,5.730865828381746,G3,EXPLICIT_HEII_ATOMIC,1.811022016751228,1.8115064622138768,0.0,0.0,0.9997325731523712,1.811022016751234
2,11,0.777785116509801,5.72222148834902,G1,EFFECTIVE_HI_SUBGRID,0.1078046824451965,0.1078046824451965,3.2954721360241244e+50,3.2954721360241244e+50,1.0,0.107706690923372
2,11,0.777785116509801,5.72222148834902,G1,EXPLICIT_HI_ATOMIC,0.0,0.1078046824451965,0.0,3.2954721360241244e+50,0.0,0.0
2,11,0.777785116509801,5.72222148834902,G1,EXPLICIT_HEI_ATOMIC,0.0,0.1078046824451965,0.0,3.2954721360241244e+50,0.0,0.0
2,11,0.777785116509801,5.72222148834902,G1,EXPLICIT_HEII_ATOMIC,0.0,0.1078046824451965,0.0,3.2954721360241244e+50,0.0,0.0
2,11,0.777785116509801,5.72222148834902,G2a,EFFECTIVE_HI_SUBGRID,0.0541917310729886,0.0554952886069247,1.7152663860667788e+50,1.7565263417093308e+50,0.97651048284172,0.054183813909787
2,11,0.777785116509801,5.72222148834902,G2a,EXPLICIT_HI_ATOMIC,0.0,0.0554952886069247,0.0,1.7565263417093308e+50,0.0,0.0
2,11,0.777785116509801,5.72222148834902,G2a,EXPLICIT_HEI_ATOMIC,0.001303557533936,0.0554952886069247,4.125995564255211e+48,1.7565263417093308e+50,0.0234895171582799,0.0013033670901629
2,11,0.777785116509801,5.72222148834902,G2a,EXPLICIT_HEII_ATOMIC,0.0,0.0554952886069247,0.0,1.7565263417093308e+50,0.0,0.0
2,11,0.777785116509801,5.72222148834902,G2b,EFFECTIVE_HI_SUBGRID,0.0,0.0014366858970732,0.0,9.419999113399075e+48,0.0,0.0
2,11,0.777785116509801,5.72222148834902,G2b,EXPLICIT_HI_ATOMIC,0.000840755946953,0.0014366858970732,5.512631738793436e+48,9.419999113399075e+48,0.5852051228913842,0.0008407559469523
2,11,0.777785116509801,5.72222148834902,G2b,EXPLICIT_HEI_ATOMIC,0.0005959299501201,0.0014366858970732,3.90736737460564e+48,9.419999113399075e+48,0.4147948771086158,0.0005959299501196
2,11,0.777785116509801,5.72222148834902,G2b,EXPLICIT_HEII_ATOMIC,0.0,0.0014366858970732,0.0,9.419999113399075e+48,0.0,0.0
2,11,0.777785116509801,5.72222148834902,G3,EFFECTIVE_HI_SUBGRID,0.0,1.81153566969706,0.0,0.0,0.0,0.0
2,11,0.777785116509801,5.72222148834902,G3,EXPLICIT_HI_ATOMIC,0.0002525025703815,1.81153566969706,0.0,0.0,0.0001393859224554,0.0002525025703815
2,11,0.777785116509801,5.72222148834902,G3,EXPLICIT_HEI_ATOMIC,0.0002450061021946,1.81153566969706,0.0,0.0,0.0001352477383101,0.0002450061021946
2,11,0.777785116509801,5.72222148834902,G3,EXPLICIT_HEII_ATOMIC,1.811038161024484,1.81153566969706,0.0,0.0,0.9997253663392344,1.8110381610244888
2,12,0.8535533905932737,5.714644660940673,G1,EFFECTIVE_HI_SUBGRID,0.1120289801896744,0.1120289801896744,3.2943972788283086e+50,3.2943972788283086e+50,1.0,0.1119244871918734
2,12,0.8535533905932737,5.714644660940673,G1,EXPLICIT_HI_ATOMIC,0.0,0.1120289801896744,0.0,3.2943972788283086e+50,0.0,0.0
2,12,0.8535533905932737,5.714644660940673,G1,EXPLICIT_HEI_ATOMIC,0.0,0.1120289801896744,0.0,3.2943972788283086e+50,0.0,0.0
2,12,0.8535533905932737,5.714644660940673,G1,EXPLICIT_HEII_ATOMIC,0.0,0.1120289801896744,0.0,3.2943972788283086e+50,0.0,0.0
2,12,0.8535533905932737,5.714644660940673,G2a,EFFECTIVE_HI_SUBGRID,0.0565998002842697,0.0579219348680472,1.7197719924451646e+50,1.7599447495221107e+50,0.9771738532770108,0.0565911746795951
2,12,0.8535533905932737,5.714644660940673,G2a,EXPLICIT_HI_ATOMIC,0.0,0.0579219348680472,0.0,1.7599447495221107e+50,0.0,0.0
2,12,0.8535533905932737,5.714644660940673,G2a,EXPLICIT_HEI_ATOMIC,0.0013221345837774,0.0579219348680472,4.0172757076946256e+48,1.7599447495221107e+50,0.0228261467229892,0.0013219330952529
2,12,0.8535533905932737,5.714644660940673,G2a,EXPLICIT_HEII_ATOMIC,0.0,0.0579219348680472,0.0,1.7599447495221107e+50,0.0,0.0
2,12,0.8535533905932737,5.714644660940673,G2b,EFFECTIVE_HI_SUBGRID,0.0,0.0014739799965197,0.0,9.843029504920992e+48,0.0,0.0
2,12,0.8535533905932737,5.714644660940673,G2b,EXPLICIT_HI_ATOMIC,0.0008695612341768,0.0014739799965197,5.806806676174473e+48,9.843029504920992e+48,0.58994100071237,0.0008695612341779
2,12,0.8535533905932737,5.714644660940673,G2b,EXPLICIT_HEI_ATOMIC,0.0006044187623428,0.0014739799965197,4.0362228287465176e+48,9.843029504920992e+48,0.41005899928763,0.0006044187623436
2,12,0.8535533905932737,5.714644660940673,G2b,EXPLICIT_HEII_ATOMIC,0.0,0.0014739799965197,0.0,9.843029504920992e+48,0.0,0.0
2,12,0.8535533905932737,5.714644660940673,G3,EFFECTIVE_HI_SUBGRID,0.0,1.811561792262776,0.0,0.0,0.0,0.0
2,12,0.8535533905932737,5.714644660940673,G3,EXPLICIT_HI_ATOMIC,0.000261153605312,1.811561792262776,0.0,0.0,0.00014415936924,0.000261153605312
2,12,0.8535533905932737,5.714644660940673,G3,EXPLICIT_HEI_ATOMIC,0.0002484961278173,1.811561792262776,0.0,0.0,0.0001371723166599,0.0002484961278173
2,12,0.8535533905932737,5.714644660940673,G3,EXPLICIT_HEII_ATOMIC,1.8110521425296464,1.811561792262776,0.0,0.0,0.9997186683141,1.8110521425296515
2,13,0.9157348061512728,5.708426519384873,G1,EFFECTIVE_HI_SUBGRID,0.1157516880263658,0.1157516880263658,3.2936743887987776e+50,3.2936743887987776e+50,1.0,0.1156416495316502
2,13,0.9157348061512728,5.708426519384873,G1,EXPLICIT_HI_ATOMIC,0.0,0.1157516880263658,0.0,3.2936743887987776e+50,0.0,0.0
2,13,0.9157348061512728,5.708426519384873,G1,EXPLICIT_HEI_ATOMIC,0.0,0.1157516880263658,0.0,3.2936743887987776e+50,0.0,0.0
2,13,0.9157348061512728,5.708426519384873,G1,EXPLICIT_HEII_ATOMIC,0.0,0.1157516880263658,0.0,3.2936743887987776e+50,0.0,0.0
2,13,0.9157348061512728,5.708426519384873,G2a,EFFECTIVE_HI_SUBGRID,0.0587379627626341,0.0600758867689003,1.723560907513846e+50,1.7628199046932919e+50,0.9777294339172574,0.0587287150317947
2,13,0.9157348061512728,5.708426519384873,G2a,EXPLICIT_HI_ATOMIC,0.0,0.0600758867689003,0.0,1.7628199046932919e+50,0.0,0.0
2,13,0.9157348061512728,5.708426519384873,G2a,EXPLICIT_HEI_ATOMIC,0.0013379240062661,0.0600758867689003,3.925899717944594e+48,1.7628199046932919e+50,0.0222705660827425,0.0013377133629187
2,13,0.9157348061512728,5.708426519384873,G2a,EXPLICIT_HEII_ATOMIC,0.0,0.0600758867689003,0.0,1.7628199046932919e+50,0.0,0.0
2,13,0.9157348061512728,5.708426519384873,G2b,EFFECTIVE_HI_SUBGRID,0.0,0.0015062635749737,0.0,1.0206059359480351e+49,0.0,0.0
2,13,0.9157348061512728,5.708426519384873,G2b,EXPLICIT_HI_ATOMIC,0.0008946297047818,0.0015062635749737,6.06178362370421e+48,1.0206059359480351e+49,0.5939396793801178,0.0008946297047836
2,13,0.9157348061512728,5.708426519384873,G2b,EXPLICIT_HEI_ATOMIC,0.0006116338701918,0.0015062635749737,4.144275735776141e+48,1.0206059359480351e+49,0.4060603206198822,0.000611633870193
2,13,0.9157348061512728,5.708426519384873,G2b,EXPLICIT_HEII_ATOMIC,0.0,0.0015062635749737,0.0,1.0206059359480351e+49,0.0,0.0
2,13,0.9157348061512728,5.708426519384873,G3,EFFECTIVE_HI_SUBGRID,0.0,1.8115836373530383,0.0,0.0,0.0,0.0
2,13,0.9157348061512728,5.708426519384873,G3,EXPLICIT_HI_ATOMIC,0.000268682369499,1.8115836373530383,0.0,0.0,0.0001483135329548,0.000268682369499
2,13,0.9157348061512728,5.708426519384873,G3,EXPLICIT_HEI_ATOMIC,0.0002514624923217,1.8115836373530383,0.0,0.0,0.0001388081053156,0.0002514624923217
2,13,0.9157348061512728,5.708426519384873,G3,EXPLICIT_HEII_ATOMIC,1.8110634924912172,1.8115836373530383,0.0,0.0,0.9997128783617296,1.8110634924912232
2,14,0.9619397662556434,5.703806023374436,G1,EFFECTIVE_HI_SUBGRID,0.1186831683597005,0.1186831683597005,3.293229425114014e+50,3.293229425114014e+50,1.0,0.1185688946159623
2,14,0.9619397662556434,5.703806023374436,G1,EXPLICIT_HI_ATOMIC,0.0,0.1186831683597005,0.0,3.293229425114014e+50,0.0,0.0
2,14,0.9619397662556434,5.703806023374436,G1,EXPLICIT_HEI_ATOMIC,0.0,0.1186831683597005,0.0,3.293229425114014e+50,0.0,0.0
2,14,0.9619397662556434,5.703806023374436,G1,EXPLICIT_HEII_ATOMIC,0.0,0.1186831683597005,0.0,3.293229425114014e+50,0.0,0.0
2,14,0.9619397662556434,5.703806023374436,G2a,EFFECTIVE_HI_SUBGRID,0.0604320503250846,0.0617820442909877,1.7264306267570529e+50,1.7649974289114535e+50,0.9781490887620238,0.0604223158234319
2,14,0.9619397662556434,5.703806023374436,G2a,EXPLICIT_HI_ATOMIC,0.0,0.0617820442909877,0.0,1.7649974289114535e+50,0.0,0.0
2,14,0.9619397662556434,5.703806023374436,G2a,EXPLICIT_HEI_ATOMIC,0.001349993965903,0.0617820442909877,3.856680215440034e+48,1.7649974289114535e+50,0.0218509112379761,0.001349776506485
2,14,0.9619397662556434,5.703806023374436,G2a,EXPLICIT_HEII_ATOMIC,0.0,0.0617820442909877,0.0,1.7649974289114535e+50,0.0,0.0
2,14,0.9619397662556434,5.703806023374436,G2b,EFFECTIVE_HI_SUBGRID,0.0,0.001531316059898,0.0,1.0485816971512784e+49,0.0,0.0
2,14,0.9619397662556434,5.703806023374436,G2b,EXPLICIT_HI_ATOMIC,0.0009141666380245,0.001531316059898,6.25983381146484e+48,1.0485816971512784e+49,0.5969810295631869,0.0009141666380239
2,14,0.9619397662556434,5.703806023374436,G2b,EXPLICIT_HEI_ATOMIC,0.0006171494218734,0.001531316059898,4.225983160047943e+48,1.0485816971512784e+49,0.403018970436813,0.000617149421873
2,14,0.9619397662556434,5.703806023374436,G2b,EXPLICIT_HEII_ATOMIC,0.0,0.001531316059898,0.0,1.0485816971512784e+49,0.0,0.0
2,14,0.9619397662556434,5.703806023374436,G3,EFFECTIVE_HI_SUBGRID,0.0,1.811600130313078,0.0,0.0,0.0,0.0
2,14,0.9619397662556434,5.703806023374436,G3,EXPLICIT_HI_ATOMIC,0.0002745498580115,1.811600130313078,0.0,0.0,0.0001515510257576,0.0002745498580115
2,14,0.9619397662556434,5.703806023374436,G3,EXPLICIT_HEI_ATOMIC,0.0002537301142432,1.811600130313078,0.0,0.0,0.0001400585648,0.0002537301142432
2,14,0.9619397662556434,5.703806023374436,G3,EXPLICIT_HEII_ATOMIC,1.8110718503408232,1.811600130313078,0.0,0.0,0.9997083904094424,1.8110718503408283
2,15,0.9903926402016152,5.700960735979839,G1,EFFECTIVE_HI_SUBGRID,0.1205640669579466,0.1205640669579466,3.292994042822661e+50,3.292994042822661e+50,1.0,0.1204471403615937
2,15,0.9903926402016152,5.700960735979839,G1,EXPLICIT_HI_ATOMIC,0.0,0.1205640669579466,0.0,3.292994042822661e+50,0.0,0.0
2,15,0.9903926402016152,5.700960735979839,G1,EXPLICIT_HEI_ATOMIC,0.0,0.1205640669579466,0.0,3.292994042822661e+50,0.0,0.0
2,15,0.9903926402016152,5.700960735979839,G1,EXPLICIT_HEII_ATOMIC,0.0,0.1205640669579466,0.0,3.292994042822661e+50,0.0,0.0
2,15,0.9903926402016152,5.700960735979839,G2a,EFFECTIVE_HI_SUBGRID,0.0615237569348592,0.062881333379763,1.7282208013734835e+50,1.7663555312473683e+50,0.9784105016236712,0.0615137121543539
2,15,0.9903926402016152,5.700960735979839,G2a,EXPLICIT_HI_ATOMIC,0.0,0.062881333379763,0.0,1.7663555312473683e+50,0.0,0.0
2,15,0.9903926402016152,5.700960735979839,G2a,EXPLICIT_HEI_ATOMIC,0.0013575764449037,0.062881333379763,3.813472987388461e+48,1.7663555312473683e+50,0.0215894983763288,0.0013573547978833
2,15,0.9903926402016152,5.700960735979839,G2a,EXPLICIT_HEII_ATOMIC,0.0,0.062881333379763,0.0,1.7663555312473683e+50,0.0,0.0
2,15,0.9903926402016152,5.700960735979839,G2b,EFFECTIVE_HI_SUBGRID,0.0,0.0015472237704877,0.0,1.0662591269379798e+49,0.0,0.0
2,15,0.9903926402016152,5.700960735979839,G2b,EXPLICIT_HI_ATOMIC,0.0009266093763528,0.0015472237704877,6.385667823155915e+48,1.0662591269379798e+49,0.5988851735781996,0.0009266093763535
2,15,0.9903926402016152,5.700960735979839,G2b,EXPLICIT_HEI_ATOMIC,0.0006206143941348,0.0015472237704877,4.276923446223882e+48,1.0662591269379798e+49,0.4011148264218004,0.0006206143941353
2,15,0.9903926402016152,5.700960735979839,G2b,EXPLICIT_HEII_ATOMIC,0.0,0.0015472237704877,0.0,1.0662591269379798e+49,0.0,0.0
2,15,0.9903926402016152,5.700960735979839,G3,EFFECTIVE_HI_SUBGRID,0.0,1.8116104051872604,0.0,0.0,0.0,0.0
2,15,0.9903926402016152,5.700960735979839,G3,EXPLICIT_HI_ATOMIC,0.0002782867610001,1.8116104051872604,0.0,0.0,0.0001536129182098,0.0002782867610001
2,15,0.9903926402016152,5.700960735979839,G3,EXPLICIT_HEI_ATOMIC,0.0002551546765563,1.8116104051872604,0.0,0.0,0.0001408441217966,0.0002551546765563
2,15,0.9903926402016152,5.700960735979839,G3,EXPLICIT_HEII_ATOMIC,1.811076963749704,1.8116104051872604,0.0,0.0,0.9997055429599936,1.811076963749709
2,16,1.0,5.7,G1,EFFECTIVE_HI_SUBGRID,0.121212843756594,0.121212843756594,3.292921139857026e+50,3.292921139857026e+50,1.0,0.1210950142093708
2,16,1.0,5.7,G1,EXPLICIT_HI_ATOMIC,0.0,0.121212843756594,0.0,3.292921139857026e+50,0.0,0.0
2,16,1.0,5.7,G1,EXPLICIT_HEI_ATOMIC,0.0,0.121212843756594,0.0,3.292921139857026e+50,0.0,0.0
2,16,1.0,5.7,G1,EXPLICIT_HEII_ATOMIC,0.0,0.121212843756594,0.0,3.292921139857026e+50,0.0,0.0
2,16,1.0,5.7,G2a,EFFECTIVE_HI_SUBGRID,0.0619011710527302,0.0632613343271157,1.7288291968452687e+50,1.766817007758106e+50,0.9784992952037294,0.0618910196855456
2,16,1.0,5.7,G2a,EXPLICIT_HI_ATOMIC,0.0,0.0632613343271157,0.0,1.766817007758106e+50,0.0,0.0
2,16,1.0,5.7,G2a,EXPLICIT_HEI_ATOMIC,0.0013601632743855,0.0632613343271157,3.7987810912837444e+48,1.766817007758106e+50,0.0215007047962707,0.0013599402169441
2,16,1.0,5.7,G2a,EXPLICIT_HEII_ATOMIC,0.0,0.0632613343271157,0.0,1.766817007758106e+50,0.0,0.0
2,16,1.0,5.7,G2b,EFFECTIVE_HI_SUBGRID,0.0,0.0015526811750897,0.0,1.0723084535422336e+49,0.0,0.0
2,16,1.0,5.7,G2b,EXPLICIT_HI_ATOMIC,0.000930884666825,0.0015526811750897,6.428850388114788e+48,1.0723084535422336e+49,0.5995336851889868,0.0009308846668239
2,16,1.0,5.7,G2b,EXPLICIT_HEI_ATOMIC,0.0006217965082646,0.0015526811750897,4.294234147307549e+48,1.0723084535422336e+49,0.4004663148110132,0.0006217965082638
2,16,1.0,5.7,G2b,EXPLICIT_HEII_ATOMIC,0.0,0.0015526811750897,0.0,1.0723084535422336e+49,0.0,0.0
2,16,1.0,5.7,G3,EFFECTIVE_HI_SUBGRID,0.0,1.8116138959074573,0.0,0.0,0.0,0.0
2,16,1.0,5.7,G3,EXPLICIT_HI_ATOMIC,0.0002795707505297,1.8116138959074573,0.0,0.0,0.0001543213767356,0.0002795707505297
2,16,1.0,5.7,G3,EXPLICIT_HEI_ATOMIC,0.0002556406819583,1.8116138959074573,0.0,0.0,0.0001411121224759,0.0002556406819583
2,16,1.0,5.7,G3,EXPLICIT_HEII_ATOMIC,1.811078684474969,1.8116138959074573,0.0,0.0,0.9997045665007884,1.8110786844749744
3,0,0.0,5.7,G1,EFFECTIVE_HI_SUBGRID,0.0918582391372604,0.0918582391372604,2.458491314949076e+50,2.458491314949076e+50,1.0,0.0918582195798184
3,0,0.0,5.7,G1,EXPLICIT_HI_ATOMIC,0.0,0.0918582391372604,0.0,2.458491314949076e+50,0.0,0.0
3,0,0.0,5.7,G1,EXPLICIT_HEI_ATOMIC,0.0,0.0918582391372604,0.0,2.458491314949076e+50,0.0,0.0
3,0,0.0,5.7,G1,EXPLICIT_HEII_ATOMIC,0.0,0.0918582391372604,0.0,2.458491314949076e+50,0.0,0.0
3,0,0.0,5.7,G2a,EFFECTIVE_HI_SUBGRID,0.0408263993071204,0.0421463428389776,1.123342460112602e+50,1.1596608384033747e+50,0.9686818963889684,0.0408264190439842
3,0,0.0,5.7,G2a,EXPLICIT_HI_ATOMIC,0.0,0.0421463428389776,0.0,1.1596608384033747e+50,0.0,0.0
3,0,0.0,5.7,G2a,EXPLICIT_HEI_ATOMIC,0.0013199435318571,0.0421463428389776,3.6318378290772565e+48,1.1596608384033747e+50,0.0313181036110315,0.0013199441699625
3,0,0.0,5.7,G2a,EXPLICIT_HEII_ATOMIC,0.0,0.0421463428389776,0.0,1.1596608384033747e+50,0.0,0.0
3,0,0.0,5.7,G2b,EFFECTIVE_HI_SUBGRID,0.0,0.0015070165874437,0.0,1.0253528601193891e+49,0.0,0.0
3,0,0.0,5.7,G2b,EXPLICIT_HI_ATOMIC,0.0009035072083104,0.0015070165874437,6.147335788460182e+48,1.0253528601193891e+49,0.5995336851885705,0.0009035072083099
3,0,0.0,5.7,G2b,EXPLICIT_HEI_ATOMIC,0.0006035093791332,0.0015070165874437,4.1061928127337085e+48,1.0253528601193891e+49,0.4004663148114295,0.0006035093791329
3,0,0.0,5.7,G2b,EXPLICIT_HEII_ATOMIC,0.0,0.0015070165874437,0.0,1.0253528601193891e+49,0.0,0.0
3,0,0.0,5.7,G3,EFFECTIVE_HI_SUBGRID,0.0,1.758334057871441,0.0,0.0,0.0,0.0
3,0,0.0,5.7,G3,EXPLICIT_HI_ATOMIC,0.0002713485325718,1.758334057871441,0.0,0.0,0.0001543213767356,0.0002713485325718
3,0,0.0,5.7,G3,EXPLICIT_HEI_ATOMIC,0.0002481222509283,1.758334057871441,0.0,0.0,0.0001411121224761,0.0002481222509283
3,0,0.0,5.7,G3,EXPLICIT_HEII_ATOMIC,1.757814587087941,1.758334057871441,0.0,0.0,0.9997045665007884,1.7578145870879456
3,1,0.0096073597983847,5.699039264020162,G1,EFFECTIVE_HI_SUBGRID,0.0902530649244236,0.0902530649244236,2.480389707705092e+50,2.480389707705092e+50,1.0,0.0902530430740036
3,1,0.0096073597983847,5.699039264020162,G1,EXPLICIT_HI_ATOMIC,0.0,0.0902530649244236,0.0,2.480389707705092e+50,0.0,0.0
3,1,0.0096073597983847,5.699039264020162,G1,EXPLICIT_HEI_ATOMIC,0.0,0.0902530649244236,0.0,2.480389707705092e+50,0.0,0.0
3,1,0.0096073597983847,5.699039264020162,G1,EXPLICIT_HEII_ATOMIC,0.0,0.0902530649244236,0.0,2.480389707705092e+50,0.0,0.0
3,1,0.0096073597983847,5.699039264020162,G2a,EFFECTIVE_HI_SUBGRID,0.0401238499179473,0.0414178111329835,1.1156494813094095e+50,1.1516282610461934e+50,0.9687583389937836,0.0401238734581459
3,1,0.0096073597983847,5.699039264020162,G2a,EXPLICIT_HI_ATOMIC,0.0,0.0414178111329835,0.0,1.1516282610461934e+50,0.0,0.0
3,1,0.0096073597983847,5.699039264020162,G2a,EXPLICIT_HEI_ATOMIC,0.0012939612150361,0.0414178111329835,3.597877973678359e+48,1.1516282610461934e+50,0.0312416610062163,0.0012939619741882
3,1,0.0096073597983847,5.699039264020162,G2a,EXPLICIT_HEII_ATOMIC,0.0,0.0414178111329835,0.0,1.1516282610461934e+50,0.0,0.0
3,1,0.0096073597983847,5.699039264020162,G2b,EFFECTIVE_HI_SUBGRID,0.0,0.0014830313045612,0.0,1.0123398328688612e+49,0.0,0.0
3,1,0.0096073597983847,5.699039264020162,G2b,EXPLICIT_HI_ATOMIC,0.0008914015936721,0.0014830313045612,6.084843506550757e+48,1.0123398328688612e+49,0.6010672808662454,0.0008914015936713
3,1,0.0096073597983847,5.699039264020162,G2b,EXPLICIT_HEI_ATOMIC,0.000591629710889,0.0014830313045612,4.0385548221378545e+48,1.0123398328688612e+49,0.3989327191337546,0.0005916297108885
3,1,0.0096073597983847,5.699039264020162,G2b,EXPLICIT_HEII_ATOMIC,0.0,0.0014830313045612,0.0,1.0123398328688612e+49,0.0,0.0
3,1,0.0096073597983847,5.699039264020162,G3,EFFECTIVE_HI_SUBGRID,0.0,1.7583317343299174,0.0,0.0,0.0,0.0
3,1,0.0096073597983847,5.699039264020162,G3,EXPLICIT_HI_ATOMIC,0.0002677128772745,1.7583317343299174,0.0,0.0,0.0001522539075236,0.0002677128772745
3,1,0.0096073597983847,5.699039264020162,G3,EXPLICIT_HEI_ATOMIC,0.0002432381345798,1.7583317343299174,0.0,0.0,0.0001383346099207,0.0002432381345798
3,1,0.0096073597983847,5.699039264020162,G3,EXPLICIT_HEII_ATOMIC,1.757820783318063,1.7583317343299174,0.0,0.0,0.9997094114825557,1.7578207833180688
3,2,0.0380602337443566,5.6961939766255645,G1,EFFECTIVE_HI_SUBGRID,0.0859239880400243,0.0859239880400243,2.539589715999971e+50,2.539589715999971e+50,1.0,0.0859239622862151
3,2,0.0380602337443566,5.6961939766255645,G1,EXPLICIT_HI_ATOMIC,0.0,0.0859239880400243,0.0,2.539589715999971e+50,0.0,0.0
3,2,0.0380602337443566,5.6961939766255645,G1,EXPLICIT_HEI_ATOMIC,0.0,0.0859239880400243,0.0,2.539589715999971e+50,0.0,0.0
3,2,0.0380602337443566,5.6961939766255645,G1,EXPLICIT_HEII_ATOMIC,0.0,0.0859239880400243,0.0,2.539589715999971e+50,0.0,0.0
3,2,0.0380602337443566,5.6961939766255645,G2a,EFFECTIVE_HI_SUBGRID,0.0382296541898416,0.0394876754418989,1.096516670149501e+50,1.132599687469853e+50,0.968141420380436,0.0382296857940338
3,2,0.0380602337443566,5.6961939766255645,G2a,EXPLICIT_HI_ATOMIC,0.0,0.0394876754418989,0.0,1.132599687469853e+50,0.0,0.0
3,2,0.0380602337443566,5.6961939766255645,G2a,EXPLICIT_HEI_ATOMIC,0.0012580212520572,0.0394876754418989,3.608301732035179e+48,1.132599687469853e+50,0.0318585796195641,0.0012580222920547
3,2,0.0380602337443566,5.6961939766255645,G2a,EXPLICIT_HEII_ATOMIC,0.0,0.0394876754418989,0.0,1.132599687469853e+50,0.0,0.0
3,2,0.0380602337443566,5.6961939766255645,G2b,EFFECTIVE_HI_SUBGRID,0.0,0.0014214616653515,0.0,9.797280966669838e+48,0.0,0.0
3,2,0.0380602337443566,5.6961939766255645,G2b,EXPLICIT_HI_ATOMIC,0.0008462644186115,0.0014214616653515,5.8327920360642905e+48,9.797280966669838e+48,0.5953480415543188,0.0008462644186121
3,2,0.0380602337443566,5.6961939766255645,G2b,EXPLICIT_HEI_ATOMIC,0.0005751972467399,0.0014214616653515,3.9644889306055466e+48,9.797280966669838e+48,0.4046519584456813,0.0005751972467403
3,2,0.0380602337443566,5.6961939766255645,G2b,EXPLICIT_HEII_ATOMIC,0.0,0.0014214616653515,0.0,9.797280966669838e+48,0.0,0.0
3,2,0.0380602337443566,5.6961939766255645,G3,EFFECTIVE_HI_SUBGRID,0.0,1.7583231306636198,0.0,0.0,0.0,0.0
3,2,0.0380602337443566,5.6961939766255645,G3,EXPLICIT_HI_ATOMIC,0.0002541569187784,1.7583231306636198,0.0,0.0,0.0001445450579282,0.0002541569187784
3,2,0.0380602337443566,5.6961939766255645,G3,EXPLICIT_HEI_ATOMIC,0.0002364822163891,1.7583231306636198,0.0,0.0,0.0001344930361576,0.0002364822163891
3,2,0.0380602337443566,5.6961939766255645,G3,EXPLICIT_HEII_ATOMIC,1.7578324915284522,1.7583231306636198,0.0,0.0,0.999720961905914,1.757832491528457
3,3,0.0842651938487273,5.691573480615127,G1,EFFECTIVE_HI_SUBGRID,0.0799908309197925,0.0799908309197925,2.6213042389327733e+50,2.6213042389327733e+50,1.0,0.0799908077823655
3,3,0.0842651938487273,5.691573480615127,G1,EXPLICIT_HI_ATOMIC,0.0,0.0799908309197925,0.0,2.6213042389327733e+50,0.0,0.0
3,3,0.0842651938487273,5.691573480615127,G1,EXPLICIT_HEI_ATOMIC,0.0,0.0799908309197925,0.0,2.6213042389327733e+50,0.0,0.0
3,3,0.0842651938487273,5.691573480615127,G1,EXPLICIT_HEII_ATOMIC,0.0,0.0799908309197925,0.0,2.6213042389327733e+50,0.0,0.0
3,3,0.0842651938487273,5.691573480615127,G2a,EFFECTIVE_HI_SUBGRID,0.0356363379977611,0.0368489195347225,1.074462354423412e+50,1.1110225984421916e+50,0.9670931589780064,0.0356363701603707
3,3,0.0842651938487273,5.691573480615127,G2a,EXPLICIT_HI_ATOMIC,0.0,0.0368489195347225,0.0,1.1110225984421916e+50,0.0,0.0
3,3,0.0842651938487273,5.691573480615127,G2a,EXPLICIT_HEI_ATOMIC,0.0012125815369613,0.0368489195347225,3.6560244018779455e+48,1.1110225984421916e+50,0.0329068410219936,0.0012125826313439
3,3,0.0842651938487273,5.691573480615127,G2a,EXPLICIT_HEII_ATOMIC,0.0,0.0368489195347225,0.0,1.1110225984421916e+50,0.0,0.0
3,3,0.0842651938487273,5.691573480615127,G2b,EFFECTIVE_HI_SUBGRID,0.0,0.0013275174562314,0.0,9.293459280796468e+48,0.0,0.0
3,3,0.0842651938487273,5.691573480615127,G2b,EXPLICIT_HI_ATOMIC,0.0007730962862735,0.0013275174562314,5.412161492033771e+48,9.293459280796468e+48,0.5823624259286514,0.0007730962862736
3,3,0.0842651938487273,5.691573480615127,G2b,EXPLICIT_HEI_ATOMIC,0.0005544211699578,0.0013275174562314,3.8812977887626976e+48,9.293459280796468e+48,0.4176375740713486,0.0005544211699579
3,3,0.0842651938487273,5.691573480615127,G2b,EXPLICIT_HEII_ATOMIC,0.0,0.0013275174562314,0.0,9.293459280796468e+48,0.0,0.0
3,3,0.0842651938487273,5.691573480615127,G3,EFFECTIVE_HI_SUBGRID,0.0,1.758309523165088,0.0,0.0,0.0,0.0
3,3,0.0842651938487273,5.691573480615127,G3,EXPLICIT_HI_ATOMIC,0.0002321824783329,1.758309523165088,0.0,0.0,0.0001320486952234,0.0002321824783329
3,3,0.0842651938487273,5.691573480615127,G3,EXPLICIT_HEI_ATOMIC,0.0002279404983728,1.758309523165088,0.0,0.0,0.0001296361621033,0.0002279404983728
3,3,0.0842651938487273,5.691573480615127,G3,EXPLICIT_HEII_ATOMIC,1.7578494001883822,1.758309523165088,0.0,0.0,0.9997383151426732,1.757849400188387
3,4,0.1464466094067262,5.685355339059328,G1,EFFECTIVE_HI_SUBGRID,0.0735773899663076,0.0735773899663076,2.710958712548422e+50,2.7109587125484217e+50,1.0,0.0735773838658957
3,4,0.1464466094067262,5.685355339059328,G1,EXPLICIT_HI_ATOMIC,0.0,0.0735773899663076,0.0,2.7109587125484217e+50,0.0,0.0
3,4,0.1464466094067262,5.685355339059328,G1,EXPLICIT_HEI_ATOMIC,0.0,0.0735773899663076,0.0,2.7109587125484217e+50,0.0,0.0
3,4,0.1464466094067262,5.685355339059328,G1,EXPLICIT_HEII_ATOMIC,0.0,0.0735773899663076,0.0,2.7109587125484217e+50,0.0,0.0
3,4,0.1464466094067262,5.685355339059328,G2a,EFFECTIVE_HI_SUBGRID,0.0328396015688342,0.0339954866716131,1.056854148002297e+50,1.0940531975378194e+50,0.9659988658510944,0.0328396109109165
3,4,0.1464466094067262,5.685355339059328,G2a,EXPLICIT_HI_ATOMIC,0.0,0.0339954866716131,0.0,1.0940531975378194e+50,0.0,0.0
3,4,0.1464466094067262,5.685355339059328,G2a,EXPLICIT_HEI_ATOMIC,0.0011558851027788,0.0339954866716131,3.719904953552257e+48,1.0940531975378194e+50,0.0340011341489056,0.0011558854316005
3,4,0.1464466094067262,5.685355339059328,G2a,EXPLICIT_HEII_ATOMIC,0.0,0.0339954866716131,0.0,1.0940531975378194e+50,0.0,0.0
3,4,0.1464466094067262,5.685355339059328,G2b,EFFECTIVE_HI_SUBGRID,0.0,0.0012224808591696,0.0,8.737503281305435e+48,0.0,0.0
3,4,0.1464466094067262,5.685355339059328,G2b,EXPLICIT_HI_ATOMIC,0.0006939829764195,0.0012224808591696,4.9601419017351016e+48,8.737503281305435e+48,0.5676841246340599,0.0006939829764202
3,4,0.1464466094067262,5.685355339059328,G2b,EXPLICIT_HEI_ATOMIC,0.00052849788275,0.0012224808591696,3.777361379570333e+48,8.737503281305435e+48,0.43231587536594,0.0005284978827505
3,4,0.1464466094067262,5.685355339059328,G2b,EXPLICIT_HEII_ATOMIC,0.0,0.0012224808591696,0.0,8.737503281305435e+48,0.0,0.0
3,4,0.1464466094067262,5.685355339059328,G3,EFFECTIVE_HI_SUBGRID,0.0,1.758297115456643,0.0,0.0,0.0,0.0
3,4,0.1464466094067262,5.685355339059328,G3,EXPLICIT_HI_ATOMIC,0.000208422534485,1.758297115456643,0.0,0.0,0.0001185365844332,0.000208422534485
3,4,0.1464466094067262,5.685355339059328,G3,EXPLICIT_HEI_ATOMIC,0.0002172825954541,1.758297115456643,0.0,0.0,0.0001235755854593,0.0002172825954541
3,4,0.1464466094067262,5.685355339059328,G3,EXPLICIT_HEII_ATOMIC,1.7578714103267037,1.758297115456643,0.0,0.0,0.9997578878301072,1.75787141032671
3,5,0.2222148834901988,5.67777851165098,G1,EFFECTIVE_HI_SUBGRID,0.0674378438069201,0.0674378438069201,2.798406673382241e+50,2.798406673382241e+50,1.0,0.0674378580460488
3,5,0.2222148834901988,5.67777851165098,G1,EXPLICIT_HI_ATOMIC,0.0,0.0674378438069201,0.0,2.798406673382241e+50,0.0,0.0
3,5,0.2222148834901988,5.67777851165098,G1,EXPLICIT_HEI_ATOMIC,0.0,0.0674378438069201,0.0,2.798406673382241e+50,0.0,0.0
3,5,0.2222148834901988,5.67777851165098,G1,EXPLICIT_HEII_ATOMIC,0.0,0.0674378438069201,0.0,2.798406673382241e+50,0.0,0.0
3,5,0.2222148834901988,5.67777851165098,G2a,EFFECTIVE_HI_SUBGRID,0.0301676346132937,0.0312614850890994,1.046892802082889e+50,1.0848521649681455e+50,0.9650096445294268,0.0301676174317676
3,5,0.2222148834901988,5.67777851165098,G2a,EXPLICIT_HI_ATOMIC,0.0,0.0312614850890994,0.0,1.0848521649681455e+50,0.0,0.0
3,5,0.2222148834901988,5.67777851165098,G2a,EXPLICIT_HEI_ATOMIC,0.0010938504758056,0.0312614850890994,3.7959362885256166e+48,1.0848521649681455e+50,0.034990355470573,0.0010938498528193
3,5,0.2222148834901988,5.67777851165098,G2a,EXPLICIT_HEII_ATOMIC,0.0,0.0312614850890994,0.0,1.0848521649681455e+50,0.0,0.0
3,5,0.2222148834901988,5.67777851165098,G2b,EFFECTIVE_HI_SUBGRID,0.0,0.0011218101343583,0.0,8.219815049940311e+48,0.0,0.0
3,5,0.2222148834901988,5.67777851165098,G2b,EXPLICIT_HI_ATOMIC,0.0006216763707019,0.0011218101343583,4.555195778304349e+48,8.219815049940311e+48,0.5541725392394842,0.0006216763707019
3,5,0.2222148834901988,5.67777851165098,G2b,EXPLICIT_HEI_ATOMIC,0.0005001337636563,0.0011218101343583,3.664619271635962e+48,8.219815049940311e+48,0.4458274607605159,0.0005001337636564
3,5,0.2222148834901988,5.67777851165098,G2b,EXPLICIT_HEII_ATOMIC,0.0,0.0011218101343583,0.0,8.219815049940311e+48,0.0,0.0
3,5,0.2222148834901988,5.67777851165098,G3,EFFECTIVE_HI_SUBGRID,0.0,1.7582893796810664,0.0,0.0,0.0,0.0
3,5,0.2222148834901988,5.67777851165098,G3,EXPLICIT_HI_ATOMIC,0.0001867068346251,1.7582893796810664,0.0,0.0,0.0001061866361605,0.0001867068346251
3,5,0.2222148834901988,5.67777851165098,G3,EXPLICIT_HEI_ATOMIC,0.0002056211874983,1.7582893796810664,0.0,0.0,0.0001169438830004,0.0002056211874983
3,5,0.2222148834901988,5.67777851165098,G3,EXPLICIT_HEII_ATOMIC,1.757897051658943,1.7582893796810664,0.0,0.0,0.9997768694808392,1.7578970516589485
3,6,0.3086582838174551,5.669134171618254,G1,EFFECTIVE_HI_SUBGRID,0.0619343390837267,0.0619343390837267,2.877822315666457e+50,2.877822315666457e+50,1.0,0.061934353558712
3,6,0.3086582838174551,5.669134171618254,G1,EXPLICIT_HI_ATOMIC,0.0,0.0619343390837267,0.0,2.877822315666457e+50,0.0,0.0
3,6,0.3086582838174551,5.669134171618254,G1,EXPLICIT_HEI_ATOMIC,0.0,0.0619343390837267,0.0,2.877822315666457e+50,0.0,0.0
3,6,0.3086582838174551,5.669134171618254,G1,EXPLICIT_HEII_ATOMIC,0.0,0.0619343390837267,0.0,2.877822315666457e+50,0.0,0.0
3,6,0.3086582838174551,5.669134171618254,G2a,EFFECTIVE_HI_SUBGRID,0.0277708056234929,0.0288022037583202,1.0441452872347072e+50,1.0829244827806783e+50,0.9641903048988272,0.0277708009324631
3,6,0.3086582838174551,5.669134171618254,G2a,EXPLICIT_HI_ATOMIC,0.0,0.0288022037583202,0.0,1.0829244827806783e+50,0.0,0.0
3,6,0.3086582838174551,5.669134171618254,G2a,EXPLICIT_HEI_ATOMIC,0.0010313981348272,0.0288022037583202,3.877919554597124e+48,1.0829244827806783e+50,0.0358096951011727,0.001031397960604
3,6,0.3086582838174551,5.669134171618254,G2a,EXPLICIT_HEII_ATOMIC,0.0,0.0288022037583202,0.0,1.0829244827806783e+50,0.0,0.0
3,6,0.3086582838174551,5.669134171618254,G2b,EFFECTIVE_HI_SUBGRID,0.0,0.0010313157697245,0.0,7.769401867956846e+48,0.0,0.0
3,6,0.3086582838174551,5.669134171618254,G2b,EXPLICIT_HI_ATOMIC,0.0005597364734119,0.0010313157697245,4.216766319060942e+48,7.769401867956846e+48,0.5427401479195004,0.0005597364734123
3,6,0.3086582838174551,5.669134171618254,G2b,EXPLICIT_HEI_ATOMIC,0.0004715792963125,0.0010313157697245,3.5526355488959044e+48,7.769401867956846e+48,0.4572598520804996,0.0004715792963128
3,6,0.3086582838174551,5.669134171618254,G2b,EXPLICIT_HEII_ATOMIC,0.0,0.0010313157697245,0.0,7.769401867956846e+48,0.0,0.0
3,6,0.3086582838174551,5.669134171618254,G3,EFFECTIVE_HI_SUBGRID,0.0,1.7582868953717865,0.0,0.0,0.0,0.0
3,6,0.3086582838174551,5.669134171618254,G3,EXPLICIT_HI_ATOMIC,0.0001681045478004,1.7582868953717865,0.0,0.0,9.560700716300704e-05,0.0001681045478004
3,6,0.3086582838174551,5.669134171618254,G3,EXPLICIT_HEI_ATOMIC,0.0001938815212125,1.7582868953717865,0.0,0.0,0.0001102672844362,0.0001938815212125
3,6,0.3086582838174551,5.669134171618254,G3,EXPLICIT_HEII_ATOMIC,1.7579249093027736,1.7582868953717865,0.0,0.0,0.9997941257084008,1.7579249093027791
3,7,0.4024548389919358,5.659754516100806,G1,EFFECTIVE_HI_SUBGRID,0.057197904124537,0.057197904124537,2.9475141263481597e+50,2.9475141263481597e+50,1.0,0.0571979096772477
3,7,0.4024548389919358,5.659754516100806,G1,EXPLICIT_HI_ATOMIC,0.0,0.057197904124537,0.0,2.9475141263481597e+50,0.0,0.0
3,7,0.4024548389919358,5.659754516100806,G1,EXPLICIT_HEI_ATOMIC,0.0,0.057197904124537,0.0,2.9475141263481597e+50,0.0,0.0
3,7,0.4024548389919358,5.659754516100806,G1,EXPLICIT_HEII_ATOMIC,0.0,0.057197904124537,0.0,2.9475141263481597e+50,0.0,0.0
3,7,0.4024548389919358,5.659754516100806,G2a,EFFECTIVE_HI_SUBGRID,0.0257084602233394,0.0266805468743748,1.0472460781186996e+50,1.0868444797360827e+50,0.9635657149153496,0.0257084791562235
3,7,0.4024548389919358,5.659754516100806,G2a,EXPLICIT_HI_ATOMIC,0.0,0.0266805468743748,0.0,1.0868444797360827e+50,0.0,0.0
3,7,0.4024548389919358,5.659754516100806,G2a,EXPLICIT_HEI_ATOMIC,0.0009720866510353,0.0266805468743748,3.9598401617383086e+48,1.0868444797360827e+50,0.0364342850846505,0.0009720873669243
3,7,0.4024548389919358,5.659754516100806,G2a,EXPLICIT_HEII_ATOMIC,0.0,0.0266805468743748,0.0,1.0868444797360827e+50,0.0,0.0
3,7,0.4024548389919358,5.659754516100806,G2b,EFFECTIVE_HI_SUBGRID,0.0,0.0009527662882732,0.0,7.391387754779959e+48,0.0,0.0
3,7,0.4024548389919358,5.659754516100806,G2b,EXPLICIT_HI_ATOMIC,0.0005083051840651,0.0009527662882732,3.94333926318867e+48,7.391387754779959e+48,0.5335045858794973,0.0005083051840659
3,7,0.4024548389919358,5.659754516100806,G2b,EXPLICIT_HEI_ATOMIC,0.000444461104208,0.0009527662882732,3.44804849159129e+48,7.391387754779959e+48,0.4664954141205026,0.0004444611042088
3,7,0.4024548389919358,5.659754516100806,G2b,EXPLICIT_HEII_ATOMIC,0.0,0.0009527662882732,0.0,7.391387754779959e+48,0.0,0.0
3,7,0.4024548389919358,5.659754516100806,G3,EFFECTIVE_HI_SUBGRID,0.0,1.7582891004205476,0.0,0.0,0.0,0.0
3,7,0.4024548389919358,5.659754516100806,G3,EXPLICIT_HI_ATOMIC,0.0001526582904113,1.7582891004205476,0.0,0.0,8.682206491234287e-05,0.0001526582904113
3,7,0.4024548389919358,5.659754516100806,G3,EXPLICIT_HEI_ATOMIC,0.0001827323541927,1.7582891004205476,0.0,0.0,0.0001039262281436,0.0001827323541927
3,7,0.4024548389919358,5.659754516100806,G3,EXPLICIT_HEII_ATOMIC,1.7579537097759437,1.7582891004205476,0.0,0.0,0.999809251706944,1.7579537097759492
3,8,0.4999999999999999,5.65,G1,EFFECTIVE_HI_SUBGRID,0.0532246384108207,0.0532246384108207,3.007489481022472e+50,3.007489481022472e+50,1.0,0.0532246338616096
3,8,0.4999999999999999,5.65,G1,EXPLICIT_HI_ATOMIC,0.0,0.0532246384108207,0.0,3.007489481022472e+50,0.0,0.0
3,8,0.4999999999999999,5.65,G1,EXPLICIT_HEI_ATOMIC,0.0,0.0532246384108207,0.0,3.007489481022472e+50,0.0,0.0
3,8,0.4999999999999999,5.65,G1,EXPLICIT_HEII_ATOMIC,0.0,0.0532246384108207,0.0,3.007489481022472e+50,0.0,0.0
3,8,0.4999999999999999,5.65,G2a,EFFECTIVE_HI_SUBGRID,0.0239801141832792,0.0248982785237838,1.0544002675341223e+50,1.0947717486233736e+50,0.963123380613341,0.023980151021414
3,8,0.4999999999999999,5.65,G2a,EXPLICIT_HI_ATOMIC,0.0,0.0248982785237838,0.0,1.0947717486233736e+50,0.0,0.0
3,8,0.4999999999999999,5.65,G2a,EXPLICIT_HEI_ATOMIC,0.0009181643405045,0.0248982785237838,4.0371481089251125e+48,1.0947717486233736e+50,0.0368766193866588,0.0009181657509841
3,8,0.4999999999999999,5.65,G2a,EXPLICIT_HEII_ATOMIC,0.0,0.0248982785237838,0.0,1.0947717486233736e+50,0.0,0.0
3,8,0.4999999999999999,5.65,G2b,EFFECTIVE_HI_SUBGRID,0.0,0.0008861557693399,0.0,7.08156593378251e+48,0.0,0.0
3,8,0.4999999999999999,5.65,G2b,EXPLICIT_HI_ATOMIC,0.0004663488904372,0.0008861557693399,3.726749325615551e+48,7.08156593378251e+48,0.5262606265991462,0.0004663488904372
3,8,0.4999999999999999,5.65,G2b,EXPLICIT_HEI_ATOMIC,0.0004198068789026,0.0008861557693399,3.3548166081669575e+48,7.08156593378251e+48,0.4737393734008538,0.0004198068789025
3,8,0.4999999999999999,5.65,G2b,EXPLICIT_HEII_ATOMIC,0.0,0.0008861557693399,0.0,7.08156593378251e+48,0.0,0.0
3,8,0.4999999999999999,5.65,G3,EFFECTIVE_HI_SUBGRID,0.0,1.7582949950934703,0.0,0.0,0.0,0.0
3,8,0.4999999999999999,5.65,G3,EXPLICIT_HI_ATOMIC,0.0001400576397429,1.7582949950934703,0.0,0.0,7.965537076189027e-05,0.0001400576397429
3,8,0.4999999999999999,5.65,G3,EXPLICIT_HEI_ATOMIC,0.0001725962037212,1.7582949950934703,0.0,0.0,9.816111869899835e-05,0.0001725962037212
3,8,0.4999999999999999,5.65,G3,EXPLICIT_HEII_ATOMIC,1.7579823412500062,1.7582949950934703,0.0,0.0,0.9998221835105392,1.7579823412500115
3,9,0.5975451610080641,5.640245483899194,G1,EFFECTIVE_HI_SUBGRID,0.0499515167629309,0.0499515167629309,3.058390946239304e+50,3.0583909462393046e+50,1.0,0.0499515051883413
3,9,0.5975451610080641,5.640245483899194,G1,EXPLICIT_HI_ATOMIC,0.0,0.0499515167629309,0.0,3.0583909462393046e+50,0.0,0.0
3,9,0.5975451610080641,5.640245483899194,G1,EXPLICIT_HEI_ATOMIC,0.0,0.0499515167629309,0.0,3.0583909462393046e+50,0.0,0.0
3,9,0.5975451610080641,5.640245483899194,G1,EXPLICIT_HEII_ATOMIC,0.0,0.0499515167629309,0.0,3.0583909462393046e+50,0.0,0.0
3,9,0.5975451610080641,5.640245483899194,G2a,EFFECTIVE_HI_SUBGRID,0.0225584294954129,0.0234292350689324,1.0639109801927219e+50,1.1049803113475687e+50,0.9628325222331237,0.0225584728060482
3,9,0.5975451610080641,5.640245483899194,G2a,EXPLICIT_HI_ATOMIC,0.0,0.0234292350689324,0.0,1.1049803113475687e+50,0.0,0.0
3,9,0.5975451610080641,5.640245483899194,G2a,EXPLICIT_HEI_ATOMIC,0.0008708055735194,0.0234292350689324,4.1069331154847017e+48,1.1049803113475687e+50,0.0371674777668764,0.0008708072454063
3,9,0.5975451610080641,5.640245483899194,G2a,EXPLICIT_HEII_ATOMIC,0.0,0.0234292350689324,0.0,1.1049803113475687e+50,0.0,0.0
3,9,0.5975451610080641,5.640245483899194,G2b,EFFECTIVE_HI_SUBGRID,0.0,0.0008306854534525,0.0,6.832180398831084e+48,0.0,0.0
3,9,0.5975451610080641,5.640245483899194,G2b,EXPLICIT_HI_ATOMIC,0.0004325319921326,0.0008306854534525,3.557467614527489e+48,6.832180398831084e+48,0.5206928691660623,0.0004325319921328
3,9,0.5975451610080641,5.640245483899194,G2b,EXPLICIT_HEI_ATOMIC,0.0003981534613198,0.0008306854534525,3.274712784303595e+48,6.832180398831084e+48,0.4793071308339376,0.0003981534613199
3,9,0.5975451610080641,5.640245483899194,G2b,EXPLICIT_HEII_ATOMIC,0.0,0.0008306854534525,0.0,6.832180398831084e+48,0.0,0.0
3,9,0.5975451610080641,5.640245483899194,G3,EFFECTIVE_HI_SUBGRID,0.0,1.758303440751975,0.0,0.0,0.0,0.0
3,9,0.5975451610080641,5.640245483899194,G3,EXPLICIT_HI_ATOMIC,0.0001299014775711,1.758303440751975,0.0,0.0,7.38788735552728e-05,0.0001299014775711
3,9,0.5975451610080641,5.640245483899194,G3,EXPLICIT_HEI_ATOMIC,0.0001636937824885,1.758303440751975,0.0,0.0,9.309757274806784e-05,0.0001636937824885
3,9,0.5975451610080641,5.640245483899194,G3,EXPLICIT_HEII_ATOMIC,1.7580098454919153,1.758303440751975,0.0,0.0,0.9998330235536966,1.7580098454919209
3,10,0.6913417161825448,5.630865828381745,G1,EFFECTIVE_HI_SUBGRID,0.0472979597778898,0.0472979597778898,3.100991907130649e+50,3.100991907130649e+50,1.0,0.0472979459329243
3,10,0.6913417161825448,5.630865828381745,G1,EXPLICIT_HI_ATOMIC,0.0,0.0472979597778898,0.0,3.100991907130649e+50,0.0,0.0
3,10,0.6913417161825448,5.630865828381745,G1,EXPLICIT_HEI_ATOMIC,0.0,0.0472979597778898,0.0,3.100991907130649e+50,0.0,0.0
3,10,0.6913417161825448,5.630865828381745,G1,EXPLICIT_HEII_ATOMIC,0.0,0.0472979597778898,0.0,3.100991907130649e+50,0.0,0.0
3,10,0.6913417161825448,5.630865828381745,G2a,EFFECTIVE_HI_SUBGRID,0.0214078402323405,0.0222382777179424,1.0743732346155215e+50,1.116049545624428e+50,0.9626572931530664,0.0214078792020793
3,10,0.6913417161825448,5.630865828381745,G2a,EXPLICIT_HI_ATOMIC,0.0,0.0222382777179424,0.0,1.116049545624428e+50,0.0,0.0
3,10,0.6913417161825448,5.630865828381745,G2a,EXPLICIT_HEI_ATOMIC,0.0008304374856018,0.0222382777179424,4.167631100890652e+48,1.116049545624428e+50,0.0373427068469336,0.0008304389972877
3,10,0.6913417161825448,5.630865828381745,G2a,EXPLICIT_HEII_ATOMIC,0.0,0.0222382777179424,0.0,1.116049545624428e+50,0.0,0.0
3,10,0.6913417161825448,5.630865828381745,G2b,EFFECTIVE_HI_SUBGRID,0.0,0.0007852771213988,0.0,6.634718653069715e+48,0.0,0.0
3,10,0.6913417161825448,5.630865828381745,G2b,EXPLICIT_HI_ATOMIC,0.0004055809682838,0.0007852771213988,3.426708282051356e+48,6.634718653069715e+48,0.516481325167557,0.0004055809682835
3,10,0.6913417161825448,5.630865828381745,G2b,EXPLICIT_HEI_ATOMIC,0.0003796961531149,0.0007852771213988,3.2080103710183595e+48,6.634718653069715e+48,0.483518674832443,0.0003796961531147
3,10,0.6913417161825448,5.630865828381745,G2b,EXPLICIT_HEII_ATOMIC,0.0,0.0007852771213988,0.0,6.634718653069715e+48,0.0,0.0
3,10,0.6913417161825448,5.630865828381745,G3,EFFECTIVE_HI_SUBGRID,0.0,1.758313307687983,0.0,0.0,0.0,0.0
3,10,0.6913417161825448,5.630865828381745,G3,EXPLICIT_HI_ATOMIC,0.0001218073298924,1.758313307687983,0.0,0.0,6.92750998128925e-05,0.0001218073298924
3,10,0.6913417161825448,5.630865828381745,G3,EXPLICIT_HEI_ATOMIC,0.0001561053853297,1.758313307687983,0.0,0.0,8.878132506144662e-05,0.0001561053853297
3,10,0.6913417161825448,5.630865828381745,G3,EXPLICIT_HEII_ATOMIC,1.758035394972761,1.758313307687983,0.0,0.0,0.9998419435751256,1.7580353949727667
3,11,0.777785116509801,5.62222148834902,G1,EFFECTIVE_HI_SUBGRID,0.0451856439409772,0.0451856439409772,3.135991972230192e+50,3.135991972230193e+50,1.0,0.0451856325181031
3,11,0.777785116509801,5.62222148834902,G1,EXPLICIT_HI_ATOMIC,0.0,0.0451856439409772,0.0,3.135991972230193e+50,0.0,0.0
3,11,0.777785116509801,5.62222148834902,G1,EXPLICIT_HEI_ATOMIC,0.0,0.0451856439409772,0.0,3.135991972230193e+50,0.0,0.0
3,11,0.777785116509801,5.62222148834902,G1,EXPLICIT_HEII_ATOMIC,0.0,0.0451856439409772,0.0,3.135991972230193e+50,0.0,0.0
3,11,0.777785116509801,5.62222148834902,G2a,EFFECTIVE_HI_SUBGRID,0.0204935573275888,0.0212905938737126,1.0846964267943515e+50,1.126882499216296e+50,0.962563911986136,0.0204935844444771
3,11,0.777785116509801,5.62222148834902,G2a,EXPLICIT_HI_ATOMIC,0.0,0.0212905938737126,0.0,1.126882499216296e+50,0.0,0.0
3,11,0.777785116509801,5.62222148834902,G2a,EXPLICIT_HEI_ATOMIC,0.0007970365461237,0.0212905938737126,4.218607242194437e+48,1.126882499216296e+50,0.037436088013864,0.0007970376007552
3,11,0.777785116509801,5.62222148834902,G2a,EXPLICIT_HEII_ATOMIC,0.0,0.0212905938737126,0.0,1.126882499216296e+50,0.0,0.0
3,11,0.777785116509801,5.62222148834902,G2b,EFFECTIVE_HI_SUBGRID,0.0,0.0007488361831462,0.0,6.481214762782577e+48,0.0,0.0
3,11,0.777785116509801,5.62222148834902,G2b,EXPLICIT_HI_ATOMIC,0.0003844119305732,0.0007488361831462,3.327104559709161e+48,6.481214762782577e+48,0.51334582813311,0.0003844119305738
3,11,0.777785116509801,5.62222148834902,G2b,EXPLICIT_HEI_ATOMIC,0.0003644242525729,0.0007488361831462,3.154110203073417e+48,6.481214762782577e+48,0.48665417186689,0.0003644242525735
3,11,0.777785116509801,5.62222148834902,G2b,EXPLICIT_HEII_ATOMIC,0.0,0.0007488361831462,0.0,6.481214762782577e+48,0.0,0.0
3,11,0.777785116509801,5.62222148834902,G3,EFFECTIVE_HI_SUBGRID,0.0,1.758323549688244,0.0,0.0,0.0,0.0
3,11,0.777785116509801,5.62222148834902,G3,EXPLICIT_HI_ATOMIC,0.0001154496746732,1.758323549688244,0.0,0.0,6.565894808933694e-05,0.0001154496746732
3,11,0.777785116509801,5.62222148834902,G3,EXPLICIT_HEI_ATOMIC,0.0001498266124237,1.758323549688244,0.0,0.0,8.520992194540483e-05,0.0001498266124237
3,11,0.777785116509801,5.62222148834902,G3,EXPLICIT_HEII_ATOMIC,1.758058273401147,1.758323549688244,0.0,0.0,0.9998491311299652,1.7580582734011527
3,12,0.8535533905932737,5.614644660940672,G1,EFFECTIVE_HI_SUBGRID,0.0435467234184807,0.0435467234184807,3.1639557430890417e+50,3.1639557430890417e+50,1.0,0.0435467179041158
3,12,0.8535533905932737,5.614644660940672,G1,EXPLICIT_HI_ATOMIC,0.0,0.0435467234184807,0.0,3.1639557430890417e+50,0.0,0.0
3,12,0.8535533905932737,5.614644660940672,G1,EXPLICIT_HEI_ATOMIC,0.0,0.0435467234184807,0.0,3.1639557430890417e+50,0.0,0.0
3,12,0.8535533905932737,5.614644660940672,G1,EXPLICIT_HEII_ATOMIC,0.0,0.0435467234184807,0.0,3.1639557430890417e+50,0.0,0.0
3,12,0.8535533905932737,5.614644660940672,G2a,EFFECTIVE_HI_SUBGRID,0.0197853593767435,0.0205557099861158,1.0940646557367587e+50,1.1366624856872303e+50,0.9625237654212572,0.0197853710179019
3,12,0.8535533905932737,5.614644660940672,G2a,EXPLICIT_HI_ATOMIC,0.0,0.0205557099861158,0.0,1.1366624856872303e+50,0.0,0.0
3,12,0.8535533905932737,5.614644660940672,G2a,EXPLICIT_HEI_ATOMIC,0.0007703506093722,0.0205557099861158,4.2597829950471776e+48,1.1366624856872303e+50,0.037476234578743,0.0007703510626252
3,12,0.8535533905932737,5.614644660940672,G2a,EXPLICIT_HEII_ATOMIC,0.0,0.0205557099861158,0.0,1.1366624856872303e+50,0.0,0.0
3,12,0.8535533905932737,5.614644660940672,G2b,EFFECTIVE_HI_SUBGRID,0.0,0.0007203786581611,0.0,6.364801539347737e+48,0.0,0.0
3,12,0.8535533905932737,5.614644660940672,G2b,EXPLICIT_HI_ATOMIC,0.0003681561156481,0.0007203786581611,3.2527901611897406e+48,6.364801539347737e+48,0.5110591651728211,0.0003681561156481
3,12,0.8535533905932737,5.614644660940672,G2b,EXPLICIT_HEI_ATOMIC,0.0003522225425129,0.0007203786581611,3.112011378157996e+48,6.364801539347737e+48,0.4889408348271788,0.0003522225425129
3,12,0.8535533905932737,5.614644660940672,G2b,EXPLICIT_HEII_ATOMIC,0.0,0.0007203786581611,0.0,6.364801539347737e+48,0.0,0.0
3,12,0.8535533905932737,5.614644660940672,G3,EFFECTIVE_HI_SUBGRID,0.0,1.7583332435441332,0.0,0.0,0.0,0.0
3,12,0.8535533905932737,5.614644660940672,G3,EXPLICIT_HI_ATOMIC,0.0001105675979335,1.7583332435441332,0.0,0.0,6.288204942919392e-05,0.0001105675979335
3,12,0.8535533905932737,5.614644660940672,G3,EXPLICIT_HEI_ATOMIC,0.000144810094255,1.7583332435441332,0.0,0.0,8.235645591453394e-05,0.000144810094255
3,12,0.8535533905932737,5.614644660940672,G3,EXPLICIT_HEII_ATOMIC,1.7580778658519447,1.7583332435441332,0.0,0.0,0.9998547614946562,1.7580778658519511
3,13,0.9157348061512728,5.608426519384873,G1,EFFECTIVE_HI_SUBGRID,0.0423263943099506,0.0423263943099506,3.1853055008749873e+50,3.1853055008749873e+50,1.0,0.042326396283189
3,13,0.9157348061512728,5.608426519384873,G1,EXPLICIT_HI_ATOMIC,0.0,0.0423263943099506,0.0,3.1853055008749873e+50,0.0,0.0
3,13,0.9157348061512728,5.608426519384873,G1,EXPLICIT_HEI_ATOMIC,0.0,0.0423263943099506,0.0,3.1853055008749873e+50,0.0,0.0
3,13,0.9157348061512728,5.608426519384873,G1,EXPLICIT_HEII_ATOMIC,0.0,0.0423263943099506,0.0,3.1853055008749873e+50,0.0,0.0
3,13,0.9157348061512728,5.608426519384873,G2a,EFFECTIVE_HI_SUBGRID,0.0192587844629161,0.0200088317701154,1.101881893534444e+50,1.1447954818083303e+50,0.962514187943772,0.019258780721655
3,13,0.9157348061512728,5.608426519384873,G2a,EXPLICIT_HI_ATOMIC,0.0,0.0200088317701154,0.0,1.1447954818083303e+50,0.0,0.0
3,13,0.9157348061512728,5.608426519384873,G2a,EXPLICIT_HEI_ATOMIC,0.0007500473071992,0.0200088317701154,4.291358827388621e+48,1.1447954818083303e+50,0.0374858120562281,0.0007500471614931
3,13,0.9157348061512728,5.608426519384873,G2a,EXPLICIT_HEII_ATOMIC,0.0,0.0200088317701154,0.0,1.1447954818083303e+50,0.0,0.0
3,13,0.9157348061512728,5.608426519384873,G2b,EFFECTIVE_HI_SUBGRID,0.0,0.0006990860853525,0.0,6.279898824653273e+48,0.0,0.0
3,13,0.9157348061512728,5.608426519384873,G2b,EXPLICIT_HI_ATOMIC,0.0003561469618247,0.0006990860853525,3.199272498520937e+48,6.279898824653273e+48,0.5094465034948356,0.0003561469618251
3,13,0.9157348061512728,5.608426519384873,G2b,EXPLICIT_HEI_ATOMIC,0.0003429391235277,0.0006990860853525,3.080626326132336e+48,6.279898824653273e+48,0.4905534965051645,0.0003429391235282
3,13,0.9157348061512728,5.608426519384873,G2b,EXPLICIT_HEII_ATOMIC,0.0,0.0006990860853525,0.0,6.279898824653273e+48,0.0,0.0
3,13,0.9157348061512728,5.608426519384873,G3,EFFECTIVE_HI_SUBGRID,0.0,1.7583416118780677,0.0,0.0,0.0,0.0
3,13,0.9157348061512728,5.608426519384873,G3,EXPLICIT_HI_ATOMIC,0.0001069609125221,1.7583416118780677,0.0,0.0,6.083056432243139e-05,0.0001069609125221
3,13,0.9157348061512728,5.608426519384873,G3,EXPLICIT_HEI_ATOMIC,0.0001409933800589,1.7583416118780677,0.0,0.0,8.018543103710002e-05,0.0001409933800589
3,13,0.9157348061512728,5.608426519384873,G3,EXPLICIT_HEII_ATOMIC,1.7580936575854866,1.7583416118780677,0.0,0.0,0.9998589840046403,1.7580936575854922
3,14,0.9619397662556434,5.603806023374435,G1,EFFECTIVE_HI_SUBGRID,0.0414823573204293,0.0414823573204293,3.2002829280163057e+50,3.2002829280163057e+50,1.0,0.0414823653450563
3,14,0.9619397662556434,5.603806023374435,G1,EXPLICIT_HI_ATOMIC,0.0,0.0414823573204293,0.0,3.2002829280163057e+50,0.0,0.0
3,14,0.9619397662556434,5.603806023374435,G1,EXPLICIT_HEI_ATOMIC,0.0,0.0414823573204293,0.0,3.2002829280163057e+50,0.0,0.0
3,14,0.9619397662556434,5.603806023374435,G1,EXPLICIT_HEII_ATOMIC,0.0,0.0414823573204293,0.0,3.2002829280163057e+50,0.0,0.0
3,14,0.9619397662556434,5.603806023374435,G2a,EFFECTIVE_HI_SUBGRID,0.0188947028987469,0.019630508283532,1.1076944454557204e+50,1.1508307436039623e+50,0.962517252525636,0.0188946894906854
3,14,0.9619397662556434,5.603806023374435,G2a,EXPLICIT_HI_ATOMIC,0.0,0.019630508283532,0.0,1.1508307436039623e+50,0.0,0.0
3,14,0.9619397662556434,5.603806023374435,G2a,EXPLICIT_HEI_ATOMIC,0.000735805384785,0.019630508283532,4.313629814824178e+48,1.1508307436039623e+50,0.0374827474743639,0.0007358048626427
3,14,0.9619397662556434,5.603806023374435,G2a,EXPLICIT_HEII_ATOMIC,0.0,0.019630508283532,0.0,1.1508307436039623e+50,0.0,0.0
3,14,0.9619397662556434,5.603806023374435,G2b,EFFECTIVE_HI_SUBGRID,0.0,0.0006843237539596,0.0,6.222234735198027e+48,0.0,0.0
3,14,0.9619397662556434,5.603806023374435,G2b,EXPLICIT_HI_ATOMIC,0.0003478965429306,0.0006843237539596,3.1632599937573046e+48,6.222234735198027e+48,0.5083800480659032,0.0003478965429322
3,14,0.9619397662556434,5.603806023374435,G2b,EXPLICIT_HEI_ATOMIC,0.0003364272110289,0.0006843237539596,3.058974741440722e+48,6.222234735198027e+48,0.4916199519340968,0.0003364272110305
3,14,0.9619397662556434,5.603806023374435,G2b,EXPLICIT_HEII_ATOMIC,0.0,0.0006843237539596,0.0,6.222234735198027e+48,0.0,0.0
3,14,0.9619397662556434,5.603806023374435,G3,EFFECTIVE_HI_SUBGRID,0.0,1.7583480375348544,0.0,0.0,0.0,0.0
3,14,0.9619397662556434,5.603806023374435,G3,EXPLICIT_HI_ATOMIC,0.0001044830805368,1.7583480375348544,0.0,0.0,5.942116026320527e-05,0.0001044830805368
3,14,0.9619397662556434,5.603806023374435,G3,EXPLICIT_HEI_ATOMIC,0.0001383161219372,1.7583480375348544,0.0,0.0,7.866253948858836e-05,0.0001383161219372
3,14,0.9619397662556434,5.603806023374435,G3,EXPLICIT_HEII_ATOMIC,1.7581052383323803,1.7583480375348544,0.0,0.0,0.9998619163002482,1.758105238332386
3,15,0.9903926402016152,5.600960735979838,G1,EFFECTIVE_HI_SUBGRID,0.0409866038110289,0.0409866038110289,3.209149242398932e+50,3.209149242398932e+50,1.0,0.0409866154755456
3,15,0.9903926402016152,5.600960735979838,G1,EXPLICIT_HI_ATOMIC,0.0,0.0409866038110289,0.0,3.209149242398932e+50,0.0,0.0
3,15,0.9903926402016152,5.600960735979838,G1,EXPLICIT_HEI_ATOMIC,0.0,0.0409866038110289,0.0,3.209149242398932e+50,0.0,0.0
3,15,0.9903926402016152,5.600960735979838,G1,EXPLICIT_HEII_ATOMIC,0.0,0.0409866038110289,0.0,3.209149242398932e+50,0.0,0.0
3,15,0.9903926402016152,5.600960735979838,G2a,EFFECTIVE_HI_SUBGRID,0.0186808457346936,0.0194082143063055,1.1112602657773326e+50,1.1545289594803343e+50,0.9625226432410348,0.0186808276147316
3,15,0.9903926402016152,5.600960735979838,G2a,EXPLICIT_HI_ATOMIC,0.0,0.0194082143063055,0.0,1.1545289594803343e+50,0.0,0.0
3,15,0.9903926402016152,5.600960735979838,G2a,EXPLICIT_HEI_ATOMIC,0.0007273685716118,0.0194082143063055,4.3268693703001346e+48,1.1545289594803343e+50,0.0374773567589651,0.0007273678660821
3,15,0.9903926402016152,5.600960735979838,G2a,EXPLICIT_HEII_ATOMIC,0.0,0.0194082143063055,0.0,1.1545289594803343e+50,0.0,0.0
3,15,0.9903926402016152,5.600960735979838,G2b,EFFECTIVE_HI_SUBGRID,0.0,0.0006756431614812,0.0,6.188811963672418e+48,0.0,0.0
3,15,0.9903926402016152,5.600960735979838,G2b,EXPLICIT_HI_ATOMIC,0.0003430735428191,0.0006756431614812,3.142513337312387e+48,6.188811963672418e+48,0.507773277934208,0.0003430735428198
3,15,0.9903926402016152,5.600960735979838,G2b,EXPLICIT_HEI_ATOMIC,0.000332569618662,0.0006756431614812,3.0462986263600317e+48,6.188811963672418e+48,0.492226722065792,0.0003325696186627
3,15,0.9903926402016152,5.600960735979838,G2b,EXPLICIT_HEII_ATOMIC,0.0,0.0006756431614812,0.0,6.188811963672418e+48,0.0,0.0
3,15,0.9903926402016152,5.600960735979838,G3,EFFECTIVE_HI_SUBGRID,0.0,1.7583520733742612,0.0,0.0,0.0,0.0
3,15,0.9903926402016152,5.600960735979838,G3,EXPLICIT_HI_ATOMIC,0.0001030345984538,1.7583520733742612,0.0,0.0,5.859725137760967e-05,0.0001030345984538
3,15,0.9903926402016152,5.600960735979838,G3,EXPLICIT_HEI_ATOMIC,0.0001367301407834,1.7583520733742612,0.0,0.0,7.776038874913656e-05,0.0001367301407834
3,15,0.9903926402016152,5.600960735979838,G3,EXPLICIT_HEII_ATOMIC,1.758112308635024,1.7583520733742612,0.0,0.0,0.9998636423598732,1.758112308635029
3,16,1.0,5.6,G1,EFFECTIVE_HI_SUBGRID,0.0408231114596501,0.0408231114596501,3.2120850282838317e+50,3.212085028283832e+50,1.0,0.0408231243310485
3,16,1.0,5.6,G1,EXPLICIT_HI_ATOMIC,0.0,0.0408231114596501,0.0,3.212085028283832e+50,0.0,0.0
3,16,1.0,5.6,G1,EXPLICIT_HEI_ATOMIC,0.0,0.0408231114596501,0.0,3.212085028283832e+50,0.0,0.0
3,16,1.0,5.6,G1,EXPLICIT_HEII_ATOMIC,0.0,0.0408231114596501,0.0,3.212085028283832e+50,0.0,0.0
3,16,1.0,5.6,G2a,EFFECTIVE_HI_SUBGRID,0.0186103171421207,0.0193348918650752,1.1124614419153663e+50,1.1557740536735478e+50,0.9625250180859182,0.018610297619162
3,16,1.0,5.6,G2a,EXPLICIT_HI_ATOMIC,0.0,0.0193348918650752,0.0,1.1557740536735478e+50,0.0,0.0
3,16,1.0,5.6,G2a,EXPLICIT_HEI_ATOMIC,0.0007245747229544,0.0193348918650752,4.331261175818127e+48,1.1557740536735478e+50,0.0374749819140818,0.0007245739628468
3,16,1.0,5.6,G2a,EXPLICIT_HEII_ATOMIC,0.0,0.0193348918650752,0.0,1.1557740536735478e+50,0.0,0.0
3,16,1.0,5.6,G2b,EFFECTIVE_HI_SUBGRID,0.0,0.0006727788818522,0.0,6.177865144627751e+48,0.0,0.0
3,16,1.0,5.6,G2b,EXPLICIT_HI_ATOMIC,0.0003414867011641,0.0006727788818522,3.135738717998515e+48,6.177865144627751e+48,0.5075764272267002,0.0003414867011642
3,16,1.0,5.6,G2b,EXPLICIT_HEI_ATOMIC,0.000331292180688,0.0006727788818522,3.042126426629237e+48,6.177865144627751e+48,0.4924235727732999,0.0003312921806882
3,16,1.0,5.6,G2b,EXPLICIT_HEII_ATOMIC,0.0,0.0006727788818522,0.0,6.177865144627751e+48,0.0,0.0
3,16,1.0,5.6,G3,EFFECTIVE_HI_SUBGRID,0.0,1.7583534488384125,0.0,0.0,0.0,0.0
3,16,1.0,5.6,G3,EXPLICIT_HI_ATOMIC,0.0001025580254385,1.7583534488384125,0.0,0.0,5.832617185484017e-05,0.0001025580254385
3,16,1.0,5.6,G3,EXPLICIT_HEI_ATOMIC,0.0001362049446612,1.7583534488384125,0.0,0.0,7.74616416006592e-05,0.0001362049446612
3,16,1.0,5.6,G3,EXPLICIT_HEII_ATOMIC,1.7581146858683128,1.7583534488384125,0.0,0.0,0.9998642121865444,1.7581146858683183
4,0,0.0,5.6,G1,EFFECTIVE_HI_SUBGRID,0.0437589550169648,0.0437589550169648,3.3913102880527213e+50,3.3913102880527213e+50,1.0,0.0437589684582058
4,0,0.0,5.6,G1,EXPLICIT_HI_ATOMIC,0.0,0.0437589550169648,0.0,3.3913102880527213e+50,0.0,0.0
4,0,0.0,5.6,G1,EXPLICIT_HEI_ATOMIC,0.0,0.0437589550169648,0.0,3.3913102880527213e+50,0.0,0.0
4,0,0.0,5.6,G1,EXPLICIT_HEII_ATOMIC,0.0,0.0437589550169648,0.0,3.3913102880527213e+50,0.0,0.0
4,0,0.0,5.6,G2a,EFFECTIVE_HI_SUBGRID,0.0210015154758433,0.0217044611470613,1.236520960265543e+50,1.2779087857007463e+50,0.9676128485081916,0.0210015286469352
4,0,0.0,5.6,G2a,EXPLICIT_HI_ATOMIC,0.0,0.0217044611470613,0.0,1.2779087857007463e+50,0.0,0.0
4,0,0.0,5.6,G2a,EXPLICIT_HEI_ATOMIC,0.0007029456712179,0.0217044611470613,4.138782543520311e+48,1.2779087857007463e+50,0.0323871514918084,0.00070294611207
4,0,0.0,5.6,G2a,EXPLICIT_HEII_ATOMIC,0.0,0.0217044611470613,0.0,1.2779087857007463e+50,0.0,0.0
4,0,0.0,5.6,G2b,EFFECTIVE_HI_SUBGRID,0.0,0.0006526970654908,0.0,5.903334441671771e+48,0.0,0.0
4,0,0.0,5.6,G2b,EXPLICIT_HI_ATOMIC,0.0003312936445632,0.0006526970654908,2.996393404629081e+48,5.903334441671771e+48,0.507576427226869,0.0003312936445633
4,0,0.0,5.6,G2b,EXPLICIT_HEI_ATOMIC,0.0003214034209275,0.0006526970654908,2.9069410370426888e+48,5.903334441671771e+48,0.4924235727731309,0.0003214034209275
4,0,0.0,5.6,G2b,EXPLICIT_HEII_ATOMIC,0.0,0.0006526970654908,0.0,5.903334441671771e+48,0.0,0.0
4,0,0.0,5.6,G3,EFFECTIVE_HI_SUBGRID,0.0,1.705868253463508,0.0,0.0,0.0,0.0
4,0,0.0,5.6,G3,EXPLICIT_HI_ATOMIC,9.94967649132286e-05,1.705868253463508,0.0,0.0,5.832617185484016e-05,9.949676491322892e-05
4,0,0.0,5.6,G3,EXPLICIT_HEI_ATOMIC,0.0001321393552676,1.705868253463508,0.0,0.0,7.746164160060684e-05,0.0001321393552676
4,0,0.0,5.6,G3,EXPLICIT_HEII_ATOMIC,1.705636617343327,1.705868253463508,0.0,0.0,0.9998642121865444,1.7056366173433328
4,1,0.0096073597983847,5.599039264020162,G1,EFFECTIVE_HI_SUBGRID,0.0438834360744625,0.0438834360744625,3.3881832828806302e+50,3.3881832828806302e+50,1.0,0.0438834436624373
4,1,0.0096073597983847,5.599039264020162,G1,EXPLICIT_HI_ATOMIC,0.0,0.0438834360744625,0.0,3.3881832828806302e+50,0.0,0.0
4,1,0.0096073597983847,5.599039264020162,G1,EXPLICIT_HEI_ATOMIC,0.0,0.0438834360744625,0.0,3.3881832828806302e+50,0.0,0.0
4,1,0.0096073597983847,5.599039264020162,G1,EXPLICIT_HEII_ATOMIC,0.0,0.0438834360744625,0.0,3.3881832828806302e+50,0.0,0.0
4,1,0.0096073597983847,5.599039264020162,G2a,EFFECTIVE_HI_SUBGRID,0.0210610545584143,0.0217452553847317,1.2391907530172608e+50,1.279447775039955e+50,0.9685356270040508,0.0210610608317092
4,1,0.0096073597983847,5.599039264020162,G2a,EXPLICIT_HI_ATOMIC,0.0,0.0217452553847317,0.0,1.279447775039955e+50,0.0,0.0
4,1,0.0096073597983847,5.599039264020162,G2a,EXPLICIT_HEI_ATOMIC,0.0006842008263173,0.0217452553847317,4.0257022022694255e+48,1.279447775039955e+50,0.031464372995949,0.000684201030115
4,1,0.0096073597983847,5.599039264020162,G2a,EXPLICIT_HEII_ATOMIC,0.0,0.0217452553847317,0.0,1.279447775039955e+50,0.0,0.0
4,1,0.0096073597983847,5.599039264020162,G2b,EFFECTIVE_HI_SUBGRID,0.0,0.000634977028391,0.0,5.7507822266269526e+48,0.0,0.0
4,1,0.0096073597983847,5.599039264020162,G2b,EXPLICIT_HI_ATOMIC,0.0003221442978229,0.000634977028391,2.9175570445808586e+48,5.7507822266269526e+48,0.5073322079685347,0.0003221442978229
4,1,0.0096073597983847,5.599039264020162,G2b,EXPLICIT_HEI_ATOMIC,0.000312832730568,0.000634977028391,2.833225182046095e+48,5.7507822266269526e+48,0.4926677920314652,0.0003128327305681
4,1,0.0096073597983847,5.599039264020162,G2b,EXPLICIT_HEII_ATOMIC,0.0,0.000634977028391,0.0,5.7507822266269526e+48,0.0,0.0
4,1,0.0096073597983847,5.599039264020162,G3,EFFECTIVE_HI_SUBGRID,0.0,1.7058668052899988,0.0,0.0,0.0,0.0
4,1,0.0096073597983847,5.599039264020162,G3,EXPLICIT_HI_ATOMIC,9.674895970574797e-05,1.7058668052899988,0.0,0.0,5.671542432605138e-05,9.674895970574824e-05
4,1,0.0096073597983847,5.599039264020162,G3,EXPLICIT_HEI_ATOMIC,0.0001286156668917,1.7058668052899988,0.0,0.0,7.539607810698557e-05,0.0001286156668917
4,1,0.0096073597983847,5.599039264020162,G3,EXPLICIT_HEII_ATOMIC,1.7056414406634013,1.7058668052899988,0.0,0.0,0.9998678884975668,1.7056414406634064
4,2,0.0380602337443566,5.596193976625564,G1,EFFECTIVE_HI_SUBGRID,0.0442502743972739,0.0442502743972739,3.3787536857607734e+50,3.3787536857607734e+50,1.0,0.0442502527066476
4,2,0.0380602337443566,5.596193976625564,G1,EXPLICIT_HI_ATOMIC,0.0,0.0442502743972739,0.0,3.3787536857607734e+50,0.0,0.0
4,2,0.0380602337443566,5.596193976625564,G1,EXPLICIT_HEI_ATOMIC,0.0,0.0442502743972739,0.0,3.3787536857607734e+50,0.0,0.0
4,2,0.0380602337443566,5.596193976625564,G1,EXPLICIT_HEII_ATOMIC,0.0,0.0442502743972739,0.0,3.3787536857607734e+50,0.0,0.0
4,2,0.0380602337443566,5.596193976625564,G2a,EFFECTIVE_HI_SUBGRID,0.021235678023292,0.0219156757832292,1.2468517410409395e+50,1.2867777744810595e+50,0.9689720834227016,0.0212356620012981
4,2,0.0380602337443566,5.596193976625564,G2a,EXPLICIT_HI_ATOMIC,0.0,0.0219156757832292,0.0,1.2867777744810595e+50,0.0,0.0
4,2,0.0380602337443566,5.596193976625564,G2a,EXPLICIT_HEI_ATOMIC,0.0006799977599371,0.0219156757832292,3.992603344012021e+48,1.2867777744810595e+50,0.0310279165772985,0.0006799972468892
4,2,0.0380602337443566,5.596193976625564,G2a,EXPLICIT_HEII_ATOMIC,0.0,0.0219156757832292,0.0,1.2867777744810595e+50,0.0,0.0
4,2,0.0380602337443566,5.596193976625564,G2b,EFFECTIVE_HI_SUBGRID,0.0,0.0006310458498033,0.0,5.7379337996990754e+48,0.0,0.0
4,2,0.0380602337443566,5.596193976625564,G2b,EXPLICIT_HI_ATOMIC,0.0003201351873513,0.0006310458498033,2.9109049882014465e+48,5.7379337996990754e+48,0.5073089181255642,0.000320135187351
4,2,0.0380602337443566,5.596193976625564,G2b,EXPLICIT_HEI_ATOMIC,0.0003109106624519,0.0006310458498033,2.827028811497629e+48,5.7379337996990754e+48,0.4926910818744357,0.0003109106624516
4,2,0.0380602337443566,5.596193976625564,G2b,EXPLICIT_HEII_ATOMIC,0.0,0.0006310458498033,0.0,5.7379337996990754e+48,0.0,0.0
4,2,0.0380602337443566,5.596193976625564,G3,EFFECTIVE_HI_SUBGRID,0.0,1.7058713870099662,0.0,0.0,0.0,0.0
4,2,0.0380602337443566,5.596193976625564,G3,EXPLICIT_HI_ATOMIC,9.614556753210468e-05,1.7058713870099662,0.0,0.0,5.636155706945037e-05,9.614556753210497e-05
4,2,0.0380602337443566,5.596193976625564,G3,EXPLICIT_HEI_ATOMIC,0.0001278254424412,1.7058713870099662,0.0,0.0,7.493263760365655e-05,0.0001278254424412
4,2,0.0380602337443566,5.596193976625564,G3,EXPLICIT_HEII_ATOMIC,1.7056474159999928,1.7058713870099662,0.0,0.0,0.9998687058053268,1.705647415999998
4,3,0.0842651938487273,5.591573480615127,G1,EFFECTIVE_HI_SUBGRID,0.0448447563888673,0.0448447563888673,3.363302322546505e+50,3.363302322546505e+50,1.0,0.0448446879974967
4,3,0.0842651938487273,5.591573480615127,G1,EXPLICIT_HI_ATOMIC,0.0,0.0448447563888673,0.0,3.363302322546505e+50,0.0,0.0
4,3,0.0842651938487273,5.591573480615127,G1,EXPLICIT_HEI_ATOMIC,0.0,0.0448447563888673,0.0,3.363302322546505e+50,0.0,0.0
4,3,0.0842651938487273,5.591573480615127,G1,EXPLICIT_HEII_ATOMIC,0.0,0.0448447563888673,0.0,3.363302322546505e+50,0.0,0.0
4,3,0.0842651938487273,5.591573480615127,G2a,EFFECTIVE_HI_SUBGRID,0.0215177468059038,0.0221987393681727,1.2586966114190267e+50,1.2985317780961528e+50,0.9693229173524496,0.0215176957029756
4,3,0.0842651938487273,5.591573480615127,G2a,EXPLICIT_HI_ATOMIC,0.0,0.0221987393681727,0.0,1.2985317780961528e+50,0.0,0.0
4,3,0.0842651938487273,5.591573480615127,G2a,EXPLICIT_HEI_ATOMIC,0.0006809925622688,0.0221987393681727,3.9835166677126033e+48,1.2985317780961528e+50,0.0306770826475502,0.0006809909449659
4,3,0.0842651938487273,5.591573480615127,G2a,EXPLICIT_HEII_ATOMIC,0.0,0.0221987393681727,0.0,1.2985317780961528e+50,0.0,0.0
4,3,0.0842651938487273,5.591573480615127,G2b,EFFECTIVE_HI_SUBGRID,0.0,0.0006362191548709,0.0,5.822074670474594e+48,0.0,0.0
4,3,0.0842651938487273,5.591573480615127,G2b,EXPLICIT_HI_ATOMIC,0.0003248541503926,0.0006362191548709,2.9727572741557146e+48,5.822074670474594e+48,0.5106010215278441,0.0003248541503928
4,3,0.0842651938487273,5.591573480615127,G2b,EXPLICIT_HEI_ATOMIC,0.0003113650044782,0.0006362191548709,2.8493173963188798e+48,5.822074670474594e+48,0.4893989784721558,0.0003113650044783
4,3,0.0842651938487273,5.591573480615127,G2b,EXPLICIT_HEII_ATOMIC,0.0,0.0006362191548709,0.0,5.822074670474594e+48,0.0,0.0
4,3,0.0842651938487273,5.591573480615127,G3,EFFECTIVE_HI_SUBGRID,0.0,1.705881418812402,0.0,0.0,0.0,0.0
4,3,0.0842651938487273,5.591573480615127,G3,EXPLICIT_HI_ATOMIC,9.75628043674814e-05,1.705881418812402,0.0,0.0,5.719202008507866e-05,9.756280436748166e-05
4,3,0.0842651938487273,5.591573480615127,G3,EXPLICIT_HEI_ATOMIC,0.0001280122371626,1.705881418812402,0.0,0.0,7.504169736007728e-05,0.0001280122371626
4,3,0.0842651938487273,5.591573480615127,G3,EXPLICIT_HEII_ATOMIC,1.705655843770872,1.705881418812402,0.0,0.0,0.9998677662825548,1.7056558437708766
4,4,0.1464466094067262,5.585355339059327,G1,EFFECTIVE_HI_SUBGRID,0.0456420550694631,0.0456420550694631,3.342333296966683e+50,3.342333296966683e+50,1.0,0.0456419293371328
4,4,0.1464466094067262,5.585355339059327,G1,EXPLICIT_HI_ATOMIC,0.0,0.0456420550694631,0.0,3.342333296966683e+50,0.0,0.0
4,4,0.1464466094067262,5.585355339059327,G1,EXPLICIT_HEI_ATOMIC,0.0,0.0456420550694631,0.0,3.342333296966683e+50,0.0,0.0
4,4,0.1464466094067262,5.585355339059327,G1,EXPLICIT_HEII_ATOMIC,0.0,0.0456420550694631,0.0,3.342333296966683e+50,0.0,0.0
4,4,0.1464466094067262,5.585355339059327,G2a,EFFECTIVE_HI_SUBGRID,0.0218944715423395,0.0225771637882518,1.2734964470486823e+50,1.3132053821520336e+50,0.9697618242789428,0.0218943762447967
4,4,0.1464466094067262,5.585355339059327,G2a,EXPLICIT_HI_ATOMIC,0.0,0.0225771637882518,0.0,1.3132053821520336e+50,0.0,0.0
4,4,0.1464466094067262,5.585355339059327,G2a,EXPLICIT_HEI_ATOMIC,0.0006826922459122,0.0225771637882518,3.970893510335128e+48,1.3132053821520336e+50,0.0302381757210572,0.0006826892744363
4,4,0.1464466094067262,5.585355339059327,G2a,EXPLICIT_HEII_ATOMIC,0.0,0.0225771637882518,0.0,1.3132053821520336e+50,0.0,0.0
4,4,0.1464466094067262,5.585355339059327,G2b,EFFECTIVE_HI_SUBGRID,0.0,0.0006436945514442,0.0,5.940643095627815e+48,0.0,0.0
4,4,0.1464466094067262,5.585355339059327,G2b,EXPLICIT_HI_ATOMIC,0.0003315530309672,0.0006436945514442,3.059895753088262e+48,5.940643095627815e+48,0.5150782000925588,0.0003315530309665
4,4,0.1464466094067262,5.585355339059327,G2b,EXPLICIT_HEI_ATOMIC,0.0003121415204769,0.0006436945514442,2.8807473425395546e+48,5.940643095627815e+48,0.4849217999074413,0.0003121415204762
4,4,0.1464466094067262,5.585355339059327,G2b,EXPLICIT_HEII_ATOMIC,0.0,0.0006436945514442,0.0,5.940643095627815e+48,0.0,0.0
4,4,0.1464466094067262,5.585355339059327,G3,EFFECTIVE_HI_SUBGRID,0.0,1.7058950143393856,0.0,0.0,0.0,0.0
4,4,0.1464466094067262,5.585355339059327,G3,EXPLICIT_HI_ATOMIC,9.957466591859344e-05,1.7058950143393856,0.0,0.0,5.837092264271264e-05,9.957466591859376e-05
4,4,0.1464466094067262,5.585355339059327,G3,EXPLICIT_HEI_ATOMIC,0.0001283314880375,1.7058950143393856,0.0,0.0,7.52282449733581e-05,0.0001283314880375
4,4,0.1464466094067262,5.585355339059327,G3,EXPLICIT_HEII_ATOMIC,1.7056671081854295,1.7058950143393856,0.0,0.0,0.999866400832384,1.7056671081854349
4,5,0.2222148834901988,5.57777851165098,G1,EFFECTIVE_HI_SUBGRID,0.0466075501536204,0.0466075501536204,3.3166254486943418e+50,3.3166254486943418e+50,1.0,0.0466073627036998
4,5,0.2222148834901988,5.57777851165098,G1,EXPLICIT_HI_ATOMIC,0.0,0.0466075501536204,0.0,3.3166254486943418e+50,0.0,0.0
4,5,0.2222148834901988,5.57777851165098,G1,EXPLICIT_HEI_ATOMIC,0.0,0.0466075501536204,0.0,3.3166254486943418e+50,0.0,0.0
4,5,0.2222148834901988,5.57777851165098,G1,EXPLICIT_HEII_ATOMIC,0.0,0.0466075501536204,0.0,3.3166254486943418e+50,0.0,0.0
4,5,0.2222148834901988,5.57777851165098,G2a,EFFECTIVE_HI_SUBGRID,0.0223483131652012,0.0230333790722374,1.2897787975011175e+50,1.3293157180397975e+50,0.9702576897255224,0.0223481688531084
4,5,0.2222148834901988,5.57777851165098,G2a,EXPLICIT_HI_ATOMIC,0.0,0.0230333790722374,0.0,1.3293157180397975e+50,0.0,0.0
4,5,0.2222148834901988,5.57777851165098,G2a,EXPLICIT_HEI_ATOMIC,0.0006850659070361,0.0230333790722374,3.953692053867976e+48,1.3293157180397975e+50,0.0297423102744776,0.0006850614832886
4,5,0.2222148834901988,5.57777851165098,G2a,EXPLICIT_HEII_ATOMIC,0.0,0.0230333790722374,0.0,1.3293157180397975e+50,0.0,0.0
4,5,0.2222148834901988,5.57777851165098,G2b,EFFECTIVE_HI_SUBGRID,0.0,0.0006530187895188,0.0,6.088137289356606e+48,0.0,0.0
4,5,0.2222148834901988,5.57777851165098,G2b,EXPLICIT_HI_ATOMIC,0.0003397926396146,0.0006530187895188,3.1679092134716444e+48,6.088137289356606e+48,0.5203412904321066,0.0003397926396159
4,5,0.2222148834901988,5.57777851165098,G2b,EXPLICIT_HEI_ATOMIC,0.0003132261499041,0.0006530187895188,2.920228075884961e+48,6.088137289356606e+48,0.4796587095678932,0.0003132261499053
4,5,0.2222148834901988,5.57777851165098,G2b,EXPLICIT_HEII_ATOMIC,0.0,0.0006530187895188,0.0,6.088137289356606e+48,0.0,0.0
4,5,0.2222148834901988,5.57777851165098,G3,EFFECTIVE_HI_SUBGRID,0.0,1.705911581975678,0.0,0.0,0.0,0.0
4,5,0.2222148834901988,5.57777851165098,G3,EXPLICIT_HI_ATOMIC,0.0001020492512848,1.705911581975678,0.0,0.0,5.982094990331163e-05,0.0001020492512848
4,5,0.2222148834901988,5.57777851165098,G3,EXPLICIT_HEI_ATOMIC,0.0001287774143225,1.705911581975678,0.0,0.0,7.548891494914991e-05,0.0001287774143225
4,5,0.2222148834901988,5.57777851165098,G3,EXPLICIT_HEII_ATOMIC,1.7056807553100706,1.705911581975678,0.0,0.0,0.9998646901351474,1.7056807553100766
4,6,0.3086582838174551,5.569134171618254,G1,EFFECTIVE_HI_SUBGRID,0.0476981613264152,0.0476981613264152,3.287267055787349e+50,3.287267055787349e+50,1.0,0.047697913811694
4,6,0.3086582838174551,5.569134171618254,G1,EXPLICIT_HI_ATOMIC,0.0,0.0476981613264152,0.0,3.287267055787349e+50,0.0,0.0
4,6,0.3086582838174551,5.569134171618254,G1,EXPLICIT_HEI_ATOMIC,0.0,0.0476981613264152,0.0,3.287267055787349e+50,0.0,0.0
4,6,0.3086582838174551,5.569134171618254,G1,EXPLICIT_HEII_ATOMIC,0.0,0.0476981613264152,0.0,3.287267055787349e+50,0.0,0.0
4,6,0.3086582838174551,5.569134171618254,G2a,EFFECTIVE_HI_SUBGRID,0.0228579729643787,0.0235461015315992,1.306052496894046e+50,1.3453705954324824e+50,0.9707752654384444,0.022857779384444
4,6,0.3086582838174551,5.569134171618254,G2a,EXPLICIT_HI_ATOMIC,0.0,0.0235461015315992,0.0,1.3453705954324824e+50,0.0,0.0
4,6,0.3086582838174551,5.569134171618254,G2a,EXPLICIT_HEI_ATOMIC,0.0006881285672204,0.0235461015315992,3.931809853843623e+48,1.3453705954324824e+50,0.0292247345615555,0.0006881227395871
4,6,0.3086582838174551,5.569134171618254,G2a,EXPLICIT_HEII_ATOMIC,0.0,0.0235461015315992,0.0,1.3453705954324824e+50,0.0,0.0
4,6,0.3086582838174551,5.569134171618254,G2b,EFFECTIVE_HI_SUBGRID,0.0,0.0006638919236381,0.0,6.259996477991589e+48,0.0,0.0
4,6,0.3086582838174551,5.569134171618254,G2b,EXPLICIT_HI_ATOMIC,0.0003492660956778,0.0006638919236381,3.2933139430941326e+48,6.259996477991589e+48,0.5260887853008402,0.0003492660956775
4,6,0.3086582838174551,5.569134171618254,G2b,EXPLICIT_HEI_ATOMIC,0.0003146258279602,0.0006638919236381,2.9666825348974547e+48,6.259996477991589e+48,0.4739112146991596,0.00031462582796
4,6,0.3086582838174551,5.569134171618254,G2b,EXPLICIT_HEII_ATOMIC,0.0,0.0006638919236381,0.0,6.259996477991589e+48,0.0,0.0
4,6,0.3086582838174551,5.569134171618254,G3,EFFECTIVE_HI_SUBGRID,0.0,1.705930475164887,0.0,0.0,0.0,0.0
4,6,0.3086582838174551,5.569134171618254,G3,EXPLICIT_HI_ATOMIC,0.0001048943956036,1.705930475164887,0.0,0.0,6.14880835594963e-05,0.0001048943956036
4,6,0.3086582838174551,5.569134171618254,G3,EXPLICIT_HEI_ATOMIC,0.0001293528673005,1.705930475164887,0.0,0.0,7.582540389758713e-05,0.0001293528673005
4,6,0.3086582838174551,5.569134171618254,G3,EXPLICIT_HEII_ATOMIC,1.7056962279019827,1.705930475164887,0.0,0.0,0.999862686512543,1.7056962279019878
4,7,0.4024548389919358,5.559754516100806,G1,EFFECTIVE_HI_SUBGRID,0.048864588905489,0.048864588905489,3.2556154356467887e+50,3.2556154356467883e+50,1.0,0.0488642879266949
4,7,0.4024548389919358,5.559754516100806,G1,EXPLICIT_HI_ATOMIC,0.0,0.048864588905489,0.0,3.2556154356467883e+50,0.0,0.0
4,7,0.4024548389919358,5.559754516100806,G1,EXPLICIT_HEI_ATOMIC,0.0,0.048864588905489,0.0,3.2556154356467883e+50,0.0,0.0
4,7,0.4024548389919358,5.559754516100806,G1,EXPLICIT_HEII_ATOMIC,0.0,0.048864588905489,0.0,3.2556154356467883e+50,0.0,0.0
4,7,0.4024548389919358,5.559754516100806,G2a,EFFECTIVE_HI_SUBGRID,0.0233997120925794,0.0240915245298322,1.3210246848732047e+50,1.3600807768155895e+50,0.9712839909157248,0.0233994731396491
4,7,0.4024548389919358,5.559754516100806,G2a,EXPLICIT_HI_ATOMIC,0.0,0.0240915245298322,0.0,1.3600807768155895e+50,0.0,0.0
4,7,0.4024548389919358,5.559754516100806,G2a,EXPLICIT_HEI_ATOMIC,0.0006918124372527,0.0240915245298322,3.9056091942384766e+48,1.3600807768155895e+50,0.0287160090842753,0.0006918053726098
4,7,0.4024548389919358,5.559754516100806,G2a,EXPLICIT_HEII_ATOMIC,0.0,0.0240915245298322,0.0,1.3600807768155895e+50,0.0,0.0
4,7,0.4024548389919358,5.559754516100806,G2b,EFFECTIVE_HI_SUBGRID,0.0,0.0006759026142753,0.0,6.4501570394321e+48,0.0,0.0
4,7,0.4024548389919358,5.559754516100806,G2b,EXPLICIT_HI_ATOMIC,0.0003595930002742,0.0006759026142753,3.4316057861918986e+48,6.4501570394321e+48,0.5320189516647849,0.0003595930002749
4,7,0.4024548389919358,5.559754516100806,G2b,EXPLICIT_HEI_ATOMIC,0.000316309614001,0.0006759026142753,3.0185512532402016e+48,6.4501570394321e+48,0.467981048335215,0.0003163096140016
4,7,0.4024548389919358,5.559754516100806,G2b,EXPLICIT_HEII_ATOMIC,0.0,0.0006759026142753,0.0,6.4501570394321e+48,0.0,0.0
4,7,0.4024548389919358,5.559754516100806,G3,EFFECTIVE_HI_SUBGRID,0.0,1.705950950903255,0.0,0.0,0.0,0.0
4,7,0.4024548389919358,5.559754516100806,G3,EXPLICIT_HI_ATOMIC,0.0001079958544328,1.705950950903255,0.0,0.0,6.330536899416642e-05,0.0001079958544328
4,7,0.4024548389919358,5.559754516100806,G3,EXPLICIT_HEI_ATOMIC,0.0001300451262731,1.705950950903255,0.0,0.0,7.623028446643044e-05,0.0001300451262731
4,7,0.4024548389919358,5.559754516100806,G3,EXPLICIT_HEII_ATOMIC,1.705712909922549,1.705950950903255,0.0,0.0,0.9998604643465392,1.7057129099225543
4,8,0.4999999999999999,5.55,G1,EFFECTIVE_HI_SUBGRID,0.0500545743862834,0.0500545743862834,3.2231880133181756e+50,3.2231880133181756e+50,1.0,0.050054229829791
4,8,0.4999999999999999,5.55,G1,EXPLICIT_HI_ATOMIC,0.0,0.0500545743862834,0.0,3.2231880133181756e+50,0.0,0.0
4,8,0.4999999999999999,5.55,G1,EXPLICIT_HEI_ATOMIC,0.0,0.0500545743862834,0.0,3.2231880133181756e+50,0.0,0.0
4,8,0.4999999999999999,5.55,G1,EXPLICIT_HEII_ATOMIC,0.0,0.0500545743862834,0.0,3.2231880133181756e+50,0.0,0.0
4,8,0.4999999999999999,5.55,G2a,EFFECTIVE_HI_SUBGRID,0.0239490309242531,0.0246449960933646,1.3337690094618243e+50,1.3725286894322427e+50,0.9717603863082444,0.0239487535797082
4,8,0.4999999999999999,5.55,G2a,EXPLICIT_HI_ATOMIC,0.0,0.0246449960933646,0.0,1.3725286894322427e+50,0.0,0.0
4,8,0.4999999999999999,5.55,G2a,EXPLICIT_HEI_ATOMIC,0.0006959651691114,0.0246449960933646,3.875967997041825e+48,1.3725286894322427e+50,0.0282396136917556,0.0006959571094056
4,8,0.4999999999999999,5.55,G2a,EXPLICIT_HEII_ATOMIC,0.0,0.0246449960933646,0.0,1.3725286894322427e+50,0.0,0.0
4,8,0.4999999999999999,5.55,G2b,EFFECTIVE_HI_SUBGRID,0.0,0.0006885435236839,0.0,6.651184424039176e+48,0.0,0.0
4,8,0.4999999999999999,5.55,G2b,EXPLICIT_HI_ATOMIC,0.0003703356384127,0.0006885435236839,3.5773637325039464e+48,6.651184424039176e+48,0.5378536369513959,0.0003703356384133
4,8,0.4999999999999999,5.55,G2b,EXPLICIT_HEI_ATOMIC,0.0003182078852711,0.0006885435236839,3.0738206915352305e+48,6.651184424039176e+48,0.4621463630486041,0.0003182078852717
4,8,0.4999999999999999,5.55,G2b,EXPLICIT_HEII_ATOMIC,0.0,0.0006885435236839,0.0,6.651184424039176e+48,0.0,0.0
4,8,0.4999999999999999,5.55,G3,EFFECTIVE_HI_SUBGRID,0.0,1.7059722006954443,0.0,0.0,0.0,0.0
4,8,0.4999999999999999,5.55,G3,EXPLICIT_HI_ATOMIC,0.0001112221696941,1.7059722006954443,0.0,0.0,6.519576910385444e-05,0.0001112221696941
4,8,0.4999999999999999,5.55,G3,EXPLICIT_HEI_ATOMIC,0.0001308255670694,1.7059722006954443,0.0,0.0,7.668681061512809e-05,0.0001308255670694
4,8,0.4999999999999999,5.55,G3,EXPLICIT_HEII_ATOMIC,1.7057301529586808,1.7059722006954443,0.0,0.0,0.9998581174202812,1.7057301529586866
4,9,0.5975451610080641,5.540245483899193,G1,EFFECTIVE_HI_SUBGRID,0.0512167367095978,0.0512167367095978,3.191508889155212e+50,3.191508889155212e+50,1.0,0.0512163598470998
4,9,0.5975451610080641,5.540245483899193,G1,EXPLICIT_HI_ATOMIC,0.0,0.0512167367095978,0.0,3.191508889155212e+50,0.0,0.0
4,9,0.5975451610080641,5.540245483899193,G1,EXPLICIT_HEI_ATOMIC,0.0,0.0512167367095978,0.0,3.191508889155212e+50,0.0,0.0
4,9,0.5975451610080641,5.540245483899193,G1,EXPLICIT_HEII_ATOMIC,0.0,0.0512167367095978,0.0,3.191508889155212e+50,0.0,0.0
4,9,0.5975451610080641,5.540245483899193,G2a,EFFECTIVE_HI_SUBGRID,0.024482454144537,0.0251828228252665,1.3438077379017574e+50,1.3822499972844163e+50,0.9721886348647616,0.0244821470154418
4,9,0.5975451610080641,5.540245483899193,G2a,EXPLICIT_HI_ATOMIC,0.0,0.0251828228252665,0.0,1.3822499972844163e+50,0.0,0.0
4,9,0.5975451610080641,5.540245483899193,G2a,EXPLICIT_HEI_ATOMIC,0.0007003686807294,0.0251828228252665,3.844225938265898e+48,1.3822499972844163e+50,0.0278113651352382,0.0007003598946985
4,9,0.5975451610080641,5.540245483899193,G2a,EXPLICIT_HEII_ATOMIC,0.0,0.0251828228252665,0.0,1.3822499972844163e+50,0.0,0.0
4,9,0.5975451610080641,5.540245483899193,G2b,EFFECTIVE_HI_SUBGRID,0.0,0.0007012494538692,0.0,6.854671531864592e+48,0.0,0.0
4,9,0.5975451610080641,5.540245483899193,G2b,EXPLICIT_HI_ATOMIC,0.0003810285120756,0.0007012494538692,3.7245309499252576e+48,6.854671531864592e+48,0.5433565901168893,0.0003810285120747
4,9,0.5975451610080641,5.540245483899193,G2b,EXPLICIT_HEI_ATOMIC,0.0003202209417935,0.0007012494538692,3.1301405819393325e+48,6.854671531864592e+48,0.4566434098831107,0.0003202209417926
4,9,0.5975451610080641,5.540245483899193,G2b,EXPLICIT_HEII_ATOMIC,0.0,0.0007012494538692,0.0,6.854671531864592e+48,0.0,0.0
4,9,0.5975451610080641,5.540245483899193,G3,EFFECTIVE_HI_SUBGRID,0.0,1.705993387198109,0.0,0.0,0.0,0.0
4,9,0.5975451610080641,5.540245483899193,G3,EXPLICIT_HI_ATOMIC,0.0001144335392884,1.705993387198109,0.0,0.0,6.707736392598658e-05,0.0001144335392884
4,9,0.5975451610080641,5.540245483899193,G3,EXPLICIT_HEI_ATOMIC,0.0001316531997997,1.705993387198109,0.0,0.0,7.717099068943821e-05,0.0001316531997997
4,9,0.5975451610080641,5.540245483899193,G3,EXPLICIT_HEII_ATOMIC,1.705747300459021,1.705993387198109,0.0,0.0,0.9998557516453844,1.705747300459026
4,10,0.6913417161825448,5.530865828381746,G1,EFFECTIVE_HI_SUBGRID,0.0523042581670478,0.0523042581670478,3.161955270001541e+50,3.161955270001541e+50,1.0,0.0523038598881985
4,10,0.6913417161825448,5.530865828381746,G1,EXPLICIT_HI_ATOMIC,0.0,0.0523042581670478,0.0,3.161955270001541e+50,0.0,0.0
4,10,0.6913417161825448,5.530865828381746,G1,EXPLICIT_HEI_ATOMIC,0.0,0.0523042581670478,0.0,3.161955270001541e+50,0.0,0.0
4,10,0.6913417161825448,5.530865828381746,G1,EXPLICIT_HEII_ATOMIC,0.0,0.0523042581670478,0.0,3.161955270001541e+50,0.0,0.0
4,10,0.6913417161825448,5.530865828381746,G2a,EFFECTIVE_HI_SUBGRID,0.0249790972306793,0.0256838680552841,1.3510965153660178e+50,1.3892169244609326e+50,0.972559786435292,0.02497876905608
4,10,0.6913417161825448,5.530865828381746,G2a,EXPLICIT_HI_ATOMIC,0.0,0.0256838680552841,0.0,1.3892169244609326e+50,0.0,0.0
4,10,0.6913417161825448,5.530865828381746,G2a,EXPLICIT_HEI_ATOMIC,0.0007047708246047,0.0256838680552841,3.812040909491487e+48,1.3892169244609326e+50,0.027440213564708,0.0007047615653476
4,10,0.6913417161825448,5.530865828381746,G2a,EXPLICIT_HEII_ATOMIC,0.0,0.0256838680552841,0.0,1.3892169244609326e+50,0.0,0.0
4,10,0.6913417161825448,5.530865828381746,G2b,EFFECTIVE_HI_SUBGRID,0.0,0.0007134479333121,0.0,7.051826847270975e+48,0.0,0.0
4,10,0.6913417161825448,5.530865828381746,G2b,EXPLICIT_HI_ATOMIC,0.0003912144446396,0.0007134479333121,3.866822503700515e+48,7.051826847270975e+48,0.5483433707957476,0.0003912144446394
4,10,0.6913417161825448,5.530865828381746,G2b,EXPLICIT_HEI_ATOMIC,0.0003222334886724,0.0007134479333121,3.18500434357046e+48,7.051826847270975e+48,0.4516566292042525,0.0003222334886723
4,10,0.6913417161825448,5.530865828381746,G2b,EXPLICIT_HEII_ATOMIC,0.0,0.0007134479333121,0.0,7.051826847270975e+48,0.0,0.0
4,10,0.6913417161825448,5.530865828381746,G3,EFFECTIVE_HI_SUBGRID,0.0,1.706013683041715,0.0,0.0,0.0,0.0
4,10,0.6913417161825448,5.530865828381746,G3,EXPLICIT_HI_ATOMIC,0.0001174926602659,1.706013683041715,0.0,0.0,6.886970569690217e-05,0.0001174926602659
4,10,0.6913417161825448,5.530865828381746,G3,EXPLICIT_HEI_ATOMIC,0.0001324806229999,1.706013683041715,0.0,0.0,7.765507646092573e-05,0.0001324806229999
4,10,0.6913417161825448,5.530865828381746,G3,EXPLICIT_HEII_ATOMIC,1.705763709758449,1.706013683041715,0.0,0.0,0.9998534752178422,1.7057637097584537
4,11,0.777785116509801,5.52222148834902,G1,EFFECTIVE_HI_SUBGRID,0.0532776760972517,0.0532776760972517,3.135647011446481e+50,3.135647011446481e+50,1.0,0.0532772655892569
4,11,0.777785116509801,5.52222148834902,G1,EXPLICIT_HI_ATOMIC,0.0,0.0532776760972517,0.0,3.135647011446481e+50,0.0,0.0
4,11,0.777785116509801,5.52222148834902,G1,EXPLICIT_HEI_ATOMIC,0.0,0.0532776760972517,0.0,3.135647011446481e+50,0.0,0.0
4,11,0.777785116509801,5.52222148834902,G1,EXPLICIT_HEII_ATOMIC,0.0,0.0532776760972517,0.0,3.135647011446481e+50,0.0,0.0
4,11,0.777785116509801,5.52222148834902,G2a,EFFECTIVE_HI_SUBGRID,0.0254217359502345,0.026130655813373,1.355930542396837e+50,1.3937425193768106e+50,0.9728701848050954,0.0254213944164447
4,11,0.777785116509801,5.52222148834902,G2a,EXPLICIT_HI_ATOMIC,0.0,0.026130655813373,0.0,1.3937425193768106e+50,0.0,0.0
4,11,0.777785116509801,5.52222148834902,G2a,EXPLICIT_HEI_ATOMIC,0.0007089198631384,0.026130655813373,3.781197697997361e+48,1.3937425193768106e+50,0.0271298151949045,0.0007089103390018
4,11,0.777785116509801,5.52222148834902,G2a,EXPLICIT_HEII_ATOMIC,0.0,0.026130655813373,0.0,1.3937425193768106e+50,0.0,0.0
4,11,0.777785116509801,5.52222148834902,G2b,EFFECTIVE_HI_SUBGRID,0.0,0.0007246093441783,0.0,7.23412717879905e+48,0.0,0.0
4,11,0.777785116509801,5.52222148834902,G2b,EXPLICIT_HI_ATOMIC,0.0004004789390543,0.0007246093441783,3.998175845820308e+48,7.23412717879905e+48,0.5526825485647672,0.0004004789390551
4,11,0.777785116509801,5.52222148834902,G2b,EXPLICIT_HEI_ATOMIC,0.0003241304051239,0.0007246093441783,3.2359513329787425e+48,7.23412717879905e+48,0.4473174514352329,0.0003241304051246
4,11,0.777785116509801,5.52222148834902,G2b,EXPLICIT_HEII_ATOMIC,0.0,0.0007246093441783,0.0,7.23412717879905e+48,0.0,0.0
4,11,0.777785116509801,5.52222148834902,G3,EFFECTIVE_HI_SUBGRID,0.0,1.7060323079234925,0.0,0.0,0.0,0.0
4,11,0.777785116509801,5.52222148834902,G3,EXPLICIT_HI_ATOMIC,0.0001202750475469,1.7060323079234925,0.0,0.0,7.049986508953831e-05,0.000120275047547
4,11,0.777785116509801,5.52222148834902,G3,EXPLICIT_HEI_ATOMIC,0.0001332605067868,1.7060323079234925,0.0,0.0,7.811136176488938e-05,0.0001332605067868
4,11,0.777785116509801,5.52222148834902,G3,EXPLICIT_HEII_ATOMIC,1.7057787723691586,1.7060323079234925,0.0,0.0,0.9998513887731456,1.7057787723691635
4,12,0.8535533905932737,5.5146446609406725,G1,EFFECTIVE_HI_SUBGRID,0.0541062990814803,0.0541062990814803,3.11340197030083e+50,3.11340197030083e+50,1.0,0.0541058831187275
4,12,0.8535533905932737,5.5146446609406725,G1,EXPLICIT_HI_ATOMIC,0.0,0.0541062990814803,0.0,3.11340197030083e+50,0.0,0.0
4,12,0.8535533905932737,5.5146446609406725,G1,EXPLICIT_HEI_ATOMIC,0.0,0.0541062990814803,0.0,3.11340197030083e+50,0.0,0.0
4,12,0.8535533905932737,5.5146446609406725,G1,EXPLICIT_HEII_ATOMIC,0.0,0.0541062990814803,0.0,3.11340197030083e+50,0.0,0.0
4,12,0.8535533905932737,5.5146446609406725,G2a,EFFECTIVE_HI_SUBGRID,0.0257972392580453,0.0265098319038624,1.3588102927101136e+50,1.39634447270357e+50,0.9731196844853164,0.0257968903121341
4,12,0.8535533905932737,5.5146446609406725,G2a,EXPLICIT_HI_ATOMIC,0.0,0.0265098319038624,0.0,1.39634447270357e+50,0.0,0.0
4,12,0.8535533905932737,5.5146446609406725,G2a,EXPLICIT_HEI_ATOMIC,0.000712592645817,0.0265098319038624,3.753417999345653e+48,1.39634447270357e+50,0.0268803155146836,0.0007125830069449
4,12,0.8535533905932737,5.5146446609406725,G2a,EXPLICIT_HEII_ATOMIC,0.0,0.0265098319038624,0.0,1.39634447270357e+50,0.0,0.0
4,12,0.8535533905932737,5.5146446609406725,G2b,EFFECTIVE_HI_SUBGRID,0.0,0.0007342847109364,0.0,7.393896168031628e+48,0.0,0.0
4,12,0.8535533905932737,5.5146446609406725,G2b,EXPLICIT_HI_ATOMIC,0.0004084750760379,0.0007342847109364,4.113148829698796e+48,7.393896168031628e+48,0.5562897741900237,0.0004084750760382
4,12,0.8535533905932737,5.5146446609406725,G2b,EXPLICIT_HEI_ATOMIC,0.0003258096348984,0.0007342847109364,3.2807473383328316e+48,7.393896168031628e+48,0.4437102258099764,0.0003258096348986
4,12,0.8535533905932737,5.5146446609406725,G2b,EXPLICIT_HEII_ATOMIC,0.0,0.0007342847109364,0.0,7.393896168031628e+48,0.0,0.0
4,12,0.8535533905932737,5.5146446609406725,G3,EFFECTIVE_HI_SUBGRID,0.0,1.706048560467203,0.0,0.0,0.0,0.0
4,12,0.8535533905932737,5.5146446609406725,G3,EXPLICIT_HI_ATOMIC,0.0001226765115493,1.706048560467203,0.0,0.0,7.190681109085138e-05,0.0001226765115493
4,12,0.8535533905932737,5.5146446609406725,G3,EXPLICIT_HEI_ATOMIC,0.0001339508925301,1.706048560467203,0.0,0.0,7.851528709913746e-05,0.0001339508925301
4,12,0.8535533905932737,5.5146446609406725,G3,EXPLICIT_HEII_ATOMIC,1.7057919330631237,1.706048560467203,0.0,0.0,0.99984957790181,1.7057919330631297
4,13,0.9157348061512728,5.508426519384873,G1,EFFECTIVE_HI_SUBGRID,0.0547681830639767,0.0547681830639767,3.0957535926910606e+50,3.0957535926910606e+50,1.0,0.0547677658860496
4,13,0.9157348061512728,5.508426519384873,G1,EXPLICIT_HI_ATOMIC,0.0,0.0547681830639767,0.0,3.0957535926910606e+50,0.0,0.0
4,13,0.9157348061512728,5.508426519384873,G1,EXPLICIT_HEI_ATOMIC,0.0,0.0547681830639767,0.0,3.0957535926910606e+50,0.0,0.0
4,13,0.9157348061512728,5.508426519384873,G1,EXPLICIT_HEII_ATOMIC,0.0,0.0547681830639767,0.0,3.0957535926910606e+50,0.0,0.0
4,13,0.9157348061512728,5.508426519384873,G2a,EFFECTIVE_HI_SUBGRID,0.0260963958321099,0.0268120070662599,1.3603063349930518e+50,1.3976084399070403e+50,0.9733100460408856,0.0260960434970846
4,13,0.9157348061512728,5.508426519384873,G2a,EXPLICIT_HI_ATOMIC,0.0,0.0268120070662599,0.0,1.3976084399070403e+50,0.0,0.0
4,13,0.9157348061512728,5.508426519384873,G2a,EXPLICIT_HEI_ATOMIC,0.0007156112341499,0.0268120070662599,3.7302104913988515e+48,1.3976084399070403e+50,0.0266899539591143,0.0007156015724746
4,13,0.9157348061512728,5.508426519384873,G2a,EXPLICIT_HEII_ATOMIC,0.0,0.0268120070662599,0.0,1.3976084399070403e+50,0.0,0.0
4,13,0.9157348061512728,5.508426519384873,G2b,EFFECTIVE_HI_SUBGRID,0.0,0.0007421247203658,0.0,7.524709697184946e+48,0.0,0.0
4,13,0.9157348061512728,5.508426519384873,G2b,EXPLICIT_HI_ATOMIC,0.0004149349266316,0.0007421247203658,4.207196958197372e+48,7.524709697184946e+48,0.5591175111740614,0.0004149349266318
4,13,0.9157348061512728,5.508426519384873,G2b,EXPLICIT_HEI_ATOMIC,0.0003271897937341,0.0007421247203658,3.317512738987575e+48,7.524709697184946e+48,0.4408824888259387,0.0003271897937342
4,13,0.9157348061512728,5.508426519384873,G2b,EXPLICIT_HEII_ATOMIC,0.0,0.0007421247203658,0.0,7.524709697184946e+48,0.0,0.0
4,13,0.9157348061512728,5.508426519384873,G3,EFFECTIVE_HI_SUBGRID,0.0,1.7060618427856649,0.0,0.0,0.0,0.0
4,13,0.9157348061512728,5.508426519384873,G3,EXPLICIT_HI_ATOMIC,0.0001246165856993,1.7060618427856649,0.0,0.0,7.304341646600373e-05,0.0001246165856993
4,13,0.9157348061512728,5.508426519384873,G3,EXPLICIT_HEI_ATOMIC,0.0001345183205251,1.7060618427856649,0.0,0.0,7.884727103764411e-05,0.0001345183205251
4,13,0.9157348061512728,5.508426519384873,G3,EXPLICIT_HEII_ATOMIC,1.7058027078794404,1.7060618427856649,0.0,0.0,0.9998481093124963,1.705802707879446
4,14,0.9619397662556434,5.503806023374436,G1,EFFECTIVE_HI_SUBGRID,0.055248990046168,0.055248990046168,3.0830090397368117e+50,3.0830090397368117e+50,1.0,0.0552485736704555
4,14,0.9619397662556434,5.503806023374436,G1,EXPLICIT_HI_ATOMIC,0.0,0.055248990046168,0.0,3.0830090397368117e+50,0.0,0.0
4,14,0.9619397662556434,5.503806023374436,G1,EXPLICIT_HEI_ATOMIC,0.0,0.055248990046168,0.0,3.0830090397368117e+50,0.0,0.0
4,14,0.9619397662556434,5.503806023374436,G1,EXPLICIT_HEII_ATOMIC,0.0,0.055248990046168,0.0,3.0830090397368117e+50,0.0,0.0
4,14,0.9619397662556434,5.503806023374436,G2a,EFFECTIVE_HI_SUBGRID,0.0263133025620834,0.0270311500574138,1.3609500835303595e+50,1.3980778673357895e+50,0.9734436938936872,0.0263129491305416
4,14,0.9619397662556434,5.503806023374436,G2a,EXPLICIT_HI_ATOMIC,0.0,0.0270311500574138,0.0,1.3980778673357895e+50,0.0,0.0
4,14,0.9619397662556434,5.503806023374436,G2a,EXPLICIT_HEI_ATOMIC,0.0007178474953303,0.0270311500574138,3.712778380542992e+48,1.3980778673357895e+50,0.0265563061063125,0.0007178378534411
4,14,0.9619397662556434,5.503806023374436,G2a,EXPLICIT_HEII_ATOMIC,0.0,0.0270311500574138,0.0,1.3980778673357895e+50,0.0,0.0
4,14,0.9619397662556434,5.503806023374436,G2b,EFFECTIVE_HI_SUBGRID,0.0,0.0007478804773777,0.0,7.621599175494194e+48,0.0,0.0
4,14,0.9619397662556434,5.503806023374436,G2b,EXPLICIT_HI_ATOMIC,0.000419668203627,0.0007478804773777,4.276810174213692e+48,7.621599175494194e+48,0.5611434130470891,0.000419668203628
4,14,0.9619397662556434,5.503806023374436,G2b,EXPLICIT_HEI_ATOMIC,0.0003282122737506,0.0007478804773777,3.3447890012805005e+48,7.621599175494194e+48,0.4388565869529108,0.0003282122737514
4,14,0.9619397662556434,5.503806023374436,G2b,EXPLICIT_HEII_ATOMIC,0.0,0.0007478804773777,0.0,7.621599175494194e+48,0.0,0.0
4,14,0.9619397662556434,5.503806023374436,G3,EFFECTIVE_HI_SUBGRID,0.0,1.706071677465633,0.0,0.0,0.0,0.0
4,14,0.9619397662556434,5.503806023374436,G3,EXPLICIT_HI_ATOMIC,0.0001260381214163,1.706071677465633,0.0,0.0,7.38762169732396e-05,0.0001260381214163
4,14,0.9619397662556434,5.503806023374436,G3,EXPLICIT_HEI_ATOMIC,0.000134938695174,1.706071677465633,0.0,0.0,7.909321569333754e-05,0.000134938695174
4,14,0.9619397662556434,5.503806023374436,G3,EXPLICIT_HEII_ATOMIC,1.7058107006490426,1.706071677465633,0.0,0.0,0.9998470305673334,1.7058107006490486
4,15,0.9903926402016152,5.500960735979838,G1,EFFECTIVE_HI_SUBGRID,0.0555402770301013,0.0555402770301013,3.0753212700387327e+50,3.0753212700387327e+50,1.0,0.0555398618092768
4,15,0.9903926402016152,5.500960735979838,G1,EXPLICIT_HI_ATOMIC,0.0,0.0555402770301013,0.0,3.0753212700387327e+50,0.0,0.0
4,15,0.9903926402016152,5.500960735979838,G1,EXPLICIT_HEI_ATOMIC,0.0,0.0555402770301013,0.0,3.0753212700387327e+50,0.0,0.0
4,15,0.9903926402016152,5.500960735979838,G1,EXPLICIT_HEII_ATOMIC,0.0,0.0555402770301013,0.0,3.0753212700387327e+50,0.0,0.0
4,15,0.9903926402016152,5.500960735979838,G2a,EFFECTIVE_HI_SUBGRID,0.0264445536139444,0.0271637725486606,1.3611600828923906e+50,1.3981798836077927e+50,0.9735228627235876,0.0264442000623225
4,15,0.9903926402016152,5.500960735979838,G2a,EXPLICIT_HI_ATOMIC,0.0,0.0271637725486606,0.0,1.3981798836077927e+50,0.0,0.0
4,15,0.9903926402016152,5.500960735979838,G2a,EXPLICIT_HEI_ATOMIC,0.0007192189347161,0.0271637725486606,3.7019800715401966e+48,1.3981798836077927e+50,0.0264771372764125,0.0007192093190869
4,15,0.9903926402016152,5.500960735979838,G2a,EXPLICIT_HEII_ATOMIC,0.0,0.0271637725486606,0.0,1.3981798836077927e+50,0.0,0.0
4,15,0.9903926402016152,5.500960735979838,G2b,EFFECTIVE_HI_SUBGRID,0.0,0.0007513918480548,0.0,7.681089062952562e+48,0.0,0.0
4,15,0.9903926402016152,5.500960735979838,G2b,EXPLICIT_HI_ATOMIC,0.0004225525080982,0.0007513918480548,4.319535082632343e+48,7.681089062952562e+48,0.5623597184240878,0.0004225525080971
4,15,0.9903926402016152,5.500960735979838,G2b,EXPLICIT_HEI_ATOMIC,0.0003288393399565,0.0007513918480548,3.3615539803202186e+48,7.681089062952562e+48,0.4376402815759121,0.0003288393399556
4,15,0.9903926402016152,5.500960735979838,G2b,EXPLICIT_HEII_ATOMIC,0.0,0.0007513918480548,0.0,7.681089062952562e+48,0.0,0.0
4,15,0.9903926402016152,5.500960735979838,G3,EFFECTIVE_HI_SUBGRID,0.0,1.7060777180854498,0.0,0.0,0.0,0.0
4,15,0.9903926402016152,5.500960735979838,G3,EXPLICIT_HI_ATOMIC,0.0001269043588718,1.7060777180854498,0.0,0.0,7.438369162589704e-05,0.0001269043588718
4,15,0.9903926402016152,5.500960735979838,G3,EXPLICIT_HEI_ATOMIC,0.0001351965023986,1.7060777180854498,0.0,0.0,7.924404671928786e-05,0.0001351965023986
4,15,0.9903926402016152,5.500960735979838,G3,EXPLICIT_HEII_ATOMIC,1.7058156172241792,1.7060777180854498,0.0,0.0,0.9998463722616548,1.705815617224184
4,16,1.0,5.5,G1,EFFECTIVE_HI_SUBGRID,0.0556377959717999,0.0556377959717999,3.0727533325259568e+50,3.0727533325259568e+50,1.0,0.0556373812481394
4,16,1.0,5.5,G1,EXPLICIT_HI_ATOMIC,0.0,0.0556377959717999,0.0,3.0727533325259568e+50,0.0,0.0
4,16,1.0,5.5,G1,EXPLICIT_HEI_ATOMIC,0.0,0.0556377959717999,0.0,3.0727533325259568e+50,0.0,0.0
4,16,1.0,5.5,G1,EXPLICIT_HEII_ATOMIC,0.0,0.0556377959717999,0.0,3.0727533325259568e+50,0.0,0.0
4,16,1.0,5.5,G2a,EFFECTIVE_HI_SUBGRID,0.0264884691021125,0.0272081498611152,1.3612001700310715e+50,1.398183416127553e+50,0.9735490739842192,0.0264881156004452
4,16,1.0,5.5,G2a,EXPLICIT_HI_ATOMIC,0.0,0.0272081498611152,0.0,1.398183416127553e+50,0.0,0.0
4,16,1.0,5.5,G2a,EXPLICIT_HEI_ATOMIC,0.0007196807590026,0.0272081498611152,3.698324609648148e+48,1.398183416127553e+50,0.0264509260157807,0.0007196711545084
4,16,1.0,5.5,G2a,EXPLICIT_HEII_ATOMIC,0.0,0.0272081498611152,0.0,1.398183416127553e+50,0.0,0.0
4,16,1.0,5.5,G2b,EFFECTIVE_HI_SUBGRID,0.0,0.0007525714704134,0.0,7.701142062818119e+48,0.0,0.0
4,16,1.0,5.5,G2b,EXPLICIT_HI_ATOMIC,0.0004235209684908,0.0007525714704134,4.333934082219567e+48,7.701142062818119e+48,0.5627651128712756,0.0004235209684922
4,16,1.0,5.5,G2b,EXPLICIT_HEI_ATOMIC,0.0003290505019225,0.0007525714704134,3.367207980598552e+48,7.701142062818119e+48,0.4372348871287244,0.0003290505019235
4,16,1.0,5.5,G2b,EXPLICIT_HEII_ATOMIC,0.0,0.0007525714704134,0.0,7.701142062818119e+48,0.0,0.0
4,16,1.0,5.5,G3,EFFECTIVE_HI_SUBGRID,0.0,1.7060797550049518,0.0,0.0,0.0,0.0
4,16,1.0,5.5,G3,EXPLICIT_HI_ATOMIC,0.0001271952146665,1.7060797550049518,0.0,0.0,7.455408476270383e-05,0.0001271952146665
4,16,1.0,5.5,G3,EXPLICIT_HEI_ATOMIC,0.0001352833179223,1.7060797550049518,0.0,0.0,7.929483807864236e-05,0.0001352833179223
4,16,1.0,5.5,G3,EXPLICIT_HEII_ATOMIC,1.705817276472363,1.7060797550049518,0.0,0.0,0.9998461510771588,1.7058172764723685
