shape_lane,interval_index,substep,macro_index,constraint,box_deficit,best_single_bound_family,best_single_bound_direction,minimum_z_extension,required_z,required_a,required_k_Myr_inv,rate_factor_outside_locked_bound,finite_positive_scalar_rate_exists,locked_k_min_Myr_inv,locked_k_max_Myr_inv
LOCAL_NEUTRAL_HAZARD_PRIMARY,0,1,2,J_G2A_NONNEGATIVE,1.0183840212140882,J_G2a,z_below_0,1.3750030752882117e-12,-1.3750030752882117e-12,613.2644581445148,0.00016130089192862576,2.0192153345478046,True,2.1760783939138338e-16,7.988295709172021e-05
LOCAL_NEUTRAL_HAZARD_PRIMARY,0,1,3,J_G2A_NONNEGATIVE,3.4976690660629033,J_G2a,z_below_0,1.4383895139217769e-12,-1.4383895139217769e-12,613.9190251400419,0.00016112877094334673,4.500520975890147,True,6.620898646709122e-17,3.580224862999943e-05
LOCAL_NEUTRAL_HAZARD_PRIMARY,0,1,4,J_G2A_NONNEGATIVE,47.04071794622001,J_G2a,z_below_0,1.121346840038375e-10,-1.121346840038375e-10,614.4442821172561,0.00016099091796373287,48.079038821280285,True,3.8345442571220575e-16,3.3484637361859364e-06
LOCAL_NEUTRAL_HAZARD_PRIMARY,0,1,5,J_G2A_NONNEGATIVE,1936.514706810411,J_G2a,z_below_0,2.2398809179460153e-09,-2.2398809179460153e-09,614.7405729382299,0.00016091326084626011,1939.091483842239,True,1.8596982890239656e-16,8.298384175635507e-08
LOCAL_NEUTRAL_HAZARD_PRIMARY,0,1,10,J_G2A_NONNEGATIVE,4.677602023729428,J_G2a,z_below_0,5.3820702682459375e-12,-5.3820702682459375e-12,559.6892912055382,0.00017675491930918246,5.6817859763728595,True,2.0319327824800556e-16,3.110904212939385e-05
LOCAL_NEUTRAL_HAZARD_PRIMARY,0,1,11,J_G2A_NONNEGATIVE,228.73634191846702,J_G2a,z_below_0,1.2490375003495206e-10,-1.2490375003495206e-10,559.8836088829994,0.00017669351846877178,229.94085707337098,True,9.63990585539707e-17,7.684302855859639e-07
LOCAL_NEUTRAL_HAZARD_PRIMARY,0,1,12,MACRO_MASS_CAP,0.012685895952302486,M,z_below_0,1468.8905098650955,-1468.8905098650955,1503.0157686987725,6.578262765169429e-05,1.4888103686800596,True,4.417481819736015e-05,4.418469204376609e-05
LOCAL_NEUTRAL_HAZARD_PRIMARY,0,1,16,J_G2A_NONNEGATIVE,6.637733230226654,J_G2a,z_below_0,3.3502585937675224e-12,-3.3502585937675224e-12,521.9043099924038,0.00018956395278570901,7.644100779094793,True,9.558679322740806e-17,2.479872495979272e-05
LOCAL_NEUTRAL_HAZARD_PRIMARY,0,1,17,J_G2A_NONNEGATIVE,282.8700157360406,J_G2a,z_below_0,1.6581338740195326e-10,-1.6581338740195326e-10,521.8538806303695,0.00018958228888220745,284.14138692900246,True,1.1102326608135375e-16,6.672111054683413e-07
LOCAL_NEUTRAL_HAZARD_PRIMARY,0,2,1,CYCLING_CAPACITY,0.019821872773179483,C,z_above_1,0.037165726848911604,1.0371657268489116,93.73509654595,0.0010601198787423692,1.0369597969834354,True,0.0010993016942387915,2.157967148926181
LOCAL_NEUTRAL_HAZARD_PRIMARY,0,2,2,CYCLING_CAPACITY,0.019668571183354522,J_G1,z_below_0,0.01833778037615785,-0.01833778037615785,89.52985191658323,0.0011101947127307014,1.0407773291546827,True,0.00034008730639765246,0.0010666976322710635
LOCAL_NEUTRAL_HAZARD_PRIMARY,0,2,3,CYCLING_CAPACITY,0.019629940611378127,J_G1,z_below_0,0.007224543570630729,-0.007224543570630729,89.57572888575326,0.0011096229134380875,1.0402412828794976,True,0.00016786339765124464,0.0010666976322709807
LOCAL_NEUTRAL_HAZARD_PRIMARY,0,2,4,CYCLING_CAPACITY,0.0196241228833981,J_G1,z_below_0,0.0006653069353593552,-0.0006653069353593552,89.62464626808304,0.001109013867682156,1.0396703190586345,True,1.828059731473053e-05,0.0010666976322708803
LOCAL_NEUTRAL_HAZARD_PRIMARY,0,2,5,CYCLING_CAPACITY,0.019608059221640328,J_G1,z_below_0,1.6611306978347968e-05,-1.6611306978347968e-05,89.63737935269995,0.0011088554440919604,1.0395218012544796,True,4.658613441623865e-07,0.0010666976322707326
LOCAL_NEUTRAL_HAZARD_PRIMARY,0,2,10,CYCLING_CAPACITY,0.02020802528413701,J_G1,z_below_0,0.005600011138911099,-0.005600011138911099,89.33313598653255,0.0011126532276820047,1.0430821200129312,True,0.00012736074645087756,0.001066697632270996
LOCAL_NEUTRAL_HAZARD_PRIMARY,0,2,11,CYCLING_CAPACITY,0.02017677799309181,J_G1,z_below_0,0.00012588703012399597,-0.00012588703012399597,89.35801108070359,0.0011123417426757063,1.0427901112964542,True,3.2624950739045773e-06,0.0010666976322711592
LOCAL_NEUTRAL_HAZARD_PRIMARY,0,2,12,MACRO_MASS_CAP,0.013130729865503026,M,z_below_0,0.014334625820387721,-0.014334625820387721,60.79362789413175,0.0016393390308389137,1.5103193787432043,True,4.417481819736015e-05,0.0010854254099573772
LOCAL_NEUTRAL_HAZARD_PRIMARY,0,2,14,CYCLING_CAPACITY,0.02211024929497485,C,z_above_1,0.042070673809302676,1.0420706738093026,94.49679829622863,0.0010515290493037547,1.0418383627223877,True,0.0010955233030816528,2.33428747316552
LOCAL_NEUTRAL_HAZARD_PRIMARY,0,2,15,CYCLING_CAPACITY,0.022108435644293434,C,z_above_1,0.042068314185331655,1.0420683141853317,94.46198664913575,0.0010519186339686397,1.0418359309157277,True,0.0010959266292683183,2.3342874731655154
LOCAL_NEUTRAL_HAZARD_PRIMARY,0,2,16,CYCLING_CAPACITY,0.02201329885587633,J_G1,z_below_0,0.0032328912020226025,-0.0032328912020226025,88.23020401392532,0.0011266416509727725,1.0561958861521723,True,6.110242444498487e-05,0.001066697632270886
LOCAL_NEUTRAL_HAZARD_PRIMARY,0,2,17,CYCLING_CAPACITY,0.022037925932027136,J_G1,z_below_0,8.176152856019329e-05,-8.176152856019329e-05,88.21221481332726,0.0011268727227993632,1.0564125094251717,True,1.630753968715e-06,0.001066697632549364
LOCAL_NEUTRAL_HAZARD_PRIMARY,1,1,0,J_G2A_NONNEGATIVE,3.069453733335515,J_G2a,z_below_0,4.889534509369237,-4.889534509369237,5.674776231019919,0.018480820561993506,4.3789806294515214,True,0.003645385267516107,0.004220347639287977
LOCAL_NEUTRAL_HAZARD_PRIMARY,1,1,1,J_G1_NONNEGATIVE,8.291627722284522,J_G1,z_below_0,1.0746766286506706,-1.0746766286506706,7.700984759847202,0.013260604624347876,9.883096896347011,True,0.0007307062071668363,0.0013417458883003828
LOCAL_NEUTRAL_HAZARD_PRIMARY,1,1,2,J_G1_NONNEGATIVE,0.5866845391133519,J_G1,z_below_0,0.024967385545343636,-0.024967385545343636,11.075207051647691,0.009021751512189832,1.615165808532111,True,0.0003437775187816723,0.005585650379999653
LOCAL_NEUTRAL_HAZARD_PRIMARY,1,1,3,J_G1_NONNEGATIVE,0.45238338229251174,J_G1,z_below_0,0.009499796046358363,-0.009499796046358363,11.459328129936035,0.00870509431392994,1.4735744057766968,True,0.00016968484637098057,0.0059074684520878515
LOCAL_NEUTRAL_HAZARD_PRIMARY,1,1,4,J_G1_NONNEGATIVE,1.1203186090979074,J_G1,z_below_0,0.0021849972504711613,-0.0021849972504711613,10.021611581122048,0.01002178364526517,2.1807329932411874,True,1.847895604594184e-05,0.004595603256485774
LOCAL_NEUTRAL_HAZARD_PRIMARY,1,1,5,J_G1_NONNEGATIVE,0.9347757279287764,J_G1,z_below_0,4.76422840786645e-05,-4.76422840786645e-05,10.317048799203597,0.009719654192383333,1.9836657116639786,True,4.709163029012867e-07,0.004899844835362958
LOCAL_NEUTRAL_HAZARD_PRIMARY,1,1,6,J_G1_NONNEGATIVE,0.5293587608615847,J_G1,z_below_0,0.47037090885612753,-0.47037090885612753,4.968865933512082,0.021423015597780957,1.5926239551116892,True,0.0075158621874863215,0.013451396061839708
LOCAL_NEUTRAL_HAZARD_PRIMARY,1,1,7,J_G1_NONNEGATIVE,0.3846293117311376,J_G1,z_below_0,0.03151114434727085,-0.03151114434727085,6.882652955543469,0.014967364590332117,1.4162148130871304,True,0.0010246790631650011,0.010568569437362094
LOCAL_NEUTRAL_HAZARD_PRIMARY,1,1,8,J_G1_NONNEGATIVE,1.3218761810207598,J_G1,z_below_0,0.48361145750062035,-0.48361145750062035,8.627934448493871,0.011744224591693046,2.405705719777518,True,0.0022112394886124927,0.004881820953885899
LOCAL_NEUTRAL_HAZARD_PRIMARY,1,1,9,J_G1_NONNEGATIVE,1.5755465505065127,J_G1,z_below_0,0.3317303273909144,-0.3317303273909144,9.905206938897612,0.010146052258868814,2.661460698570203,True,0.0013231016630426428,0.0038122119422313856
LOCAL_NEUTRAL_HAZARD_PRIMARY,1,1,10,J_G1_NONNEGATIVE,2.2255155479665794,J_G1,z_below_0,0.02932883424039383,-0.02932883424039383,9.367235643639336,0.010762879651970893,3.3542481933711996,True,0.0001287427098318975,0.0032087308486118977
LOCAL_NEUTRAL_HAZARD_PRIMARY,1,1,11,J_G1_NONNEGATIVE,1.8052079367749008,J_G1,z_below_0,0.0006050186795498807,-0.0006050186795498807,9.679654154350434,0.010395838761481672,2.9060700666617523,True,3.2978956886821726e-06,0.0035772842784288173
LOCAL_NEUTRAL_HAZARD_PRIMARY,1,1,12,J_G1_NONNEGATIVE,0.2754328890579793,J_G1,z_below_0,0.08342915211760278,-0.08342915211760278,2.3940593919292246,0.051554764193086494,1.363004523294049,True,0.00912370879097552,0.037824352973159045
LOCAL_NEUTRAL_HAZARD_PRIMARY,1,1,13,J_G1_NONNEGATIVE,1.907257280179297,J_G1,z_below_0,0.5298168441903389,-0.5298168441903389,5.60082277285079,0.0187504800493857,3.1031422691576056,True,0.0026524302172103286,0.0060424171446305614
LOCAL_NEUTRAL_HAZARD_PRIMARY,1,1,14,J_G1_NONNEGATIVE,0.28341736718042315,J_G1,z_below_0,0.007811257453685931,-0.007811257453685931,2.530951502406462,0.04792584508515798,1.3661899952205099,True,0.0010080078142747392,0.0350799268424027
LOCAL_NEUTRAL_HAZARD_PRIMARY,1,1,15,J_G1_NONNEGATIVE,2.8216023071571557,J_G1,z_below_0,0.13428785084989783,-0.13428785084989783,6.311810924806867,0.016444446462793944,4.073813096268559,True,0.0006101803509248835,0.004036622710515699
LOCAL_NEUTRAL_HAZARD_PRIMARY,1,1,16,J_G1_NONNEGATIVE,2.8349489984595104,J_G1,z_below_0,0.01186349769862946,-0.01186349769862946,6.359224749604049,0.016310722449465284,4.086213520154954,True,6.176543338162803e-05,0.003991647124902754
LOCAL_NEUTRAL_HAZARD_PRIMARY,1,1,17,J_G1_NONNEGATIVE,2.648501783608979,J_G1,z_below_0,0.0002869035593703006,-0.0002869035593703006,6.262505612135122,0.016585856698747264,3.887434705833538,True,1.6484489205083068e-06,0.004266529975116572
LOCAL_NEUTRAL_HAZARD_PRIMARY,1,2,0,CYCLING_CAPACITY,0.4647997750399847,J_G1,z_below_0,0.09275570154660485,-0.09275570154660485,-15.716317447430853,,,False,0.0002862763871206348,0.007103210506116878
LOCAL_NEUTRAL_HAZARD_PRIMARY,1,2,1,J_G1_NONNEGATIVE,2.672105584915403,J_G1,z_below_0,0.21704195958465303,-0.21704195958465303,20.86643405735687,0.00468196424489155,3.738403737663382,True,0.00028627638712056664,0.001252396630605212
LOCAL_NEUTRAL_HAZARD_PRIMARY,1,2,2,J_G1_NONNEGATIVE,6.420402155298648,J_G1,z_below_0,0.753540338121906,-0.753540338121906,20.922533969292743,0.004669097920834042,7.57907950975379,True,0.0002862763871204218,0.000616050790181738
LOCAL_NEUTRAL_HAZARD_PRIMARY,1,2,3,J_G1_NONNEGATIVE,13.947419269388126,J_G1,z_below_0,14.20979536463466,-14.20979536463466,20.937985625309352,0.004665566549978972,15.291670552312404,True,0.0002862763871205267,0.0003051050919530467
LOCAL_NEUTRAL_HAZARD_PRIMARY,1,2,4,J_G1_NONNEGATIVE,14.924416134458374,J_G1,z_below_0,0.12092916808760211,-0.12092916808760211,20.94395324518797,0.004664204120837603,16.292660976183075,True,3.2673755870488607e-05,0.00028627638712030074
LOCAL_NEUTRAL_HAZARD_PRIMARY,1,2,5,J_G1_NONNEGATIVE,14.91925580800917,J_G1,z_below_0,0.0027467048521863,-0.0027467048521863,20.95074235878019,0.0046626551091407025,16.287250080401318,True,8.353186187012001e-07,0.0002862763871202139
LOCAL_NEUTRAL_HAZARD_PRIMARY,1,2,6,CYCLING_CAPACITY,0.2627477495990839,J_G1,z_below_0,0.04585847334904245,-0.04585847334904245,-7.369251002017637,,,False,0.0002862763871202501,0.013491848957914488
LOCAL_NEUTRAL_HAZARD_PRIMARY,1,2,7,CYCLING_CAPACITY,0.3732473549994663,J_G1,z_below_0,0.06097643506310641,-0.06097643506310641,-10.254517388369754,,,False,0.0002862763871204393,0.010600352699050618
LOCAL_NEUTRAL_HAZARD_PRIMARY,1,2,8,CYCLING_CAPACITY,0.685613600315165,J_G1,z_below_0,0.11227603469043085,-0.11227603469043085,-15.229221061519802,,,False,0.00028627638712029325,0.004896502240110423
LOCAL_NEUTRAL_HAZARD_PRIMARY,1,2,9,CYCLING_CAPACITY,1.1002970735597157,J_G1,z_below_0,0.19017078180636748,-0.19017078180636748,-14.073587454443619,,,False,0.00028627638712019774,0.002327279453406761
LOCAL_NEUTRAL_HAZARD_PRIMARY,1,2,10,J_G1_NONNEGATIVE,15.370333148709252,J_G1,z_below_0,3.4065736269550677,-3.4065736269550677,20.373453853830824,0.0047981533299444245,16.760562679340865,True,0.00022434883101221656,0.0002862763871202634
LOCAL_NEUTRAL_HAZARD_PRIMARY,1,2,11,J_G1_NONNEGATIVE,15.361229954286577,J_G1,z_below_0,0.01933906685017852,-0.01933906685017852,20.384789402059596,0.004795416934690801,16.75100410105621,True,5.7692256812561055e-06,0.00028627638712048505
LOCAL_NEUTRAL_HAZARD_PRIMARY,1,2,12,CYCLING_CAPACITY,0.29856424203245985,J_G1,z_below_0,0.05420837100634083,-0.05420837100634083,-7.798806813675842,,,False,0.00028627638712088046,0.010314239612347722
LOCAL_NEUTRAL_HAZARD_PRIMARY,1,2,13,CYCLING_CAPACITY,0.7822662880454327,J_G1,z_below_0,0.14252104866574147,-0.14252104866574147,-21.068655245186942,,,False,0.00028627638711977663,0.004207225308644866
LOCAL_NEUTRAL_HAZARD_PRIMARY,1,2,14,J_G1_NONNEGATIVE,2.780741401655156,J_G1,z_below_0,0.238623815946829,-0.238623815946829,21.609469742382615,0.004517100223644408,3.847277155834167,True,0.00028627638712017307,0.001174103148974982
LOCAL_NEUTRAL_HAZARD_PRIMARY,1,2,15,J_G1_NONNEGATIVE,3.5038979464362607,J_G1,z_below_0,0.31882757852549826,-0.31882757852549826,21.52598303283682,0.004535042775664576,4.588044867771296,True,0.00028627638712039154,0.0009884477825230018
LOCAL_NEUTRAL_HAZARD_PRIMARY,1,2,16,J_G1_NONNEGATIVE,14.477232500920643,J_G1,z_below_0,0.5013815325016,-0.5013815325016,21.549086825245467,0.00453006317049895,15.824089496396613,True,9.980260319233379e-05,0.0002862763871204416
LOCAL_NEUTRAL_HAZARD_PRIMARY,1,2,17,J_G1_NONNEGATIVE,14.481579493435444,J_G1,z_below_0,0.008772716738964965,-0.008772716738964965,21.543036187556538,0.004531366218732696,15.828641224197877,True,2.6559449919159095e-06,0.0002862763868704924
LOCAL_NEUTRAL_HAZARD_PRIMARY,2,1,0,J_G2A_NONNEGATIVE,0.5968123529530002,J_G2a,z_below_0,0.06662712931798938,-0.06662712931798938,2.3748895966242567,0.05023488483202414,1.7855504132971964,True,0.0037418914878445406,0.02813411733318715
LOCAL_NEUTRAL_HAZARD_PRIMARY,2,1,1,CYCLING_CAPACITY,0.11708617857021147,J_G2a,z_below_0,0.007247582956624232,-0.007247582956624232,0.3600032188296465,,,False,0.0003552036206862136,0.05492603674869711
LOCAL_NEUTRAL_HAZARD_PRIMARY,2,1,2,CYCLING_CAPACITY,0.10390423713500407,J_G2a,z_below_0,0.002960987073632161,-0.002960987073632161,0.394674807651181,,,False,0.0001561371294828976,0.058154714397422806
LOCAL_NEUTRAL_HAZARD_PRIMARY,2,1,3,CYCLING_CAPACITY,0.0951586125069328,J_G2a,z_below_0,0.0012779141672785881,-0.0012779141672785881,0.4130637170987117,,,False,7.098147017120018e-05,0.06082698057050441
LOCAL_NEUTRAL_HAZARD_PRIMARY,2,1,4,CYCLING_CAPACITY,0.10986443867280538,J_G2a,z_below_0,0.00015496569273140248,-0.00015496569273140248,-0.0671305360940182,,,False,6.495783269367609e-06,0.058444470288580526
LOCAL_NEUTRAL_HAZARD_PRIMARY,2,1,5,CYCLING_CAPACITY,0.11067776632014076,J_G2a,z_below_0,3.95126921189926e-06,-3.95126921189926e-06,-0.1146899222242288,,,False,1.6242166361686068e-07,0.058600034615299855
LOCAL_NEUTRAL_HAZARD_PRIMARY,2,1,7,CYCLING_CAPACITY,0.13635078891278785,J_G2a,z_below_0,0.08639607532621688,-0.08639607532621688,0.5213146436341705,,,False,0.0039990653324653075,0.05101550686771921
LOCAL_NEUTRAL_HAZARD_PRIMARY,2,1,8,CYCLING_CAPACITY,0.12443166328432159,J_G2a,z_below_0,0.03276249502202076,-0.03276249502202076,0.46626560009257956,,,False,0.0016059892431133347,0.05297048503552301
LOCAL_NEUTRAL_HAZARD_PRIMARY,2,1,9,CYCLING_CAPACITY,0.11925771613812608,J_G2a,z_below_0,0.014038702657545178,-0.014038702657545178,0.41942084281094694,,,False,0.0007025070418270321,0.0546244761008742
LOCAL_NEUTRAL_HAZARD_PRIMARY,2,1,10,CYCLING_CAPACITY,0.1225032589596971,J_G2a,z_below_0,0.0013176560300305164,-0.0013176560300305164,0.18009308374882416,,,False,5.9354371985031605e-05,0.05508347747152377
LOCAL_NEUTRAL_HAZARD_PRIMARY,2,1,11,CYCLING_CAPACITY,0.12540758495429366,J_G2a,z_below_0,3.4314981970965266e-05,-3.4314981970965266e-05,0.08803891596308011,,,False,1.478330970916849e-06,0.05497565418183382
LOCAL_NEUTRAL_HAZARD_PRIMARY,2,1,12,J_G2A_NONNEGATIVE,1.5360164639138756,J_G2a,z_below_0,0.34569001763917645,-0.34569001763917645,4.407737641594465,0.023649134741004142,2.7456026724689724,True,0.003037239594205629,0.008613458523384139
LOCAL_NEUTRAL_HAZARD_PRIMARY,2,1,13,CYCLING_CAPACITY,0.17917759582137144,J_G2a,z_below_0,0.05179688434315726,-0.05179688434315726,0.4022909214282633,,,False,0.002047028907829684,0.044222375285722114
LOCAL_NEUTRAL_HAZARD_PRIMARY,2,1,14,J_G1_NONNEGATIVE,1.3900460285457992,J_G1,z_below_0,0.05831919362641257,-0.05831919362641257,3.0039998083553145,0.037204348520208395,2.6988811941673,True,0.001174103148974982,0.013785100507800324
LOCAL_NEUTRAL_HAZARD_PRIMARY,2,1,15,CYCLING_CAPACITY,0.1713339005016717,J_G2a,z_below_0,0.01122489516307941,-0.01122489516307941,0.38358638237528586,,,False,0.000451694735350975,0.04368160520055198
LOCAL_NEUTRAL_HAZARD_PRIMARY,2,1,16,CYCLING_CAPACITY,0.17437014738390894,J_G2a,z_below_0,0.0011061730569943762,-0.0011061730569943762,0.2679011402252667,,,False,4.343805953365662e-05,0.0444886331665369
LOCAL_NEUTRAL_HAZARD_PRIMARY,2,1,17,CYCLING_CAPACITY,0.17864301926116877,J_G2a,z_below_0,3.066607023180585e-05,-3.066607023180585e-05,0.21455735294670442,,,False,1.1559827419427064e-06,0.043489157416506365
LOCAL_NEUTRAL_HAZARD_PRIMARY,2,2,0,J_G2A_NONNEGATIVE,0.8810852472253681,J_G2a,z_below_0,8.442984255913268,-8.442984255913268,11.228358652157974,0.00857304493173316,1.9231651130152607,True,0.004218010860130364,0.004457778936251497
LOCAL_NEUTRAL_HAZARD_PRIMARY,2,2,1,J_G1_NONNEGATIVE,3.0177099291621823,J_G1,z_below_0,0.6676809618414391,-0.6676809618414391,6.966501988645774,0.014241376811142702,4.25907649971226,True,0.00155844038080331,0.0033437710762191843
LOCAL_NEUTRAL_HAZARD_PRIMARY,2,2,2,J_G1_NONNEGATIVE,6.770388416844971,J_G1,z_below_0,9.008200322740558,-9.008200322740558,6.9791151304068535,0.014213541825192721,8.309147849590595,True,0.0015584403808027011,0.0017105895914336206
LOCAL_NEUTRAL_HAZARD_PRIMARY,2,2,3,J_G1_NONNEGATIVE,7.515531010289629,J_G1,z_below_0,1.092712330032692,-1.092712330032692,6.984391541742632,0.014201930030082358,9.112911988821715,True,0.0008588516201801014,0.0015584403808028707
LOCAL_NEUTRAL_HAZARD_PRIMARY,2,2,4,J_G1_NONNEGATIVE,7.502902590260086,J_G1,z_below_0,0.05343738083702384,-0.05343738083702384,6.994764685396689,0.014179157193703398,9.098299407770684,True,8.828153467166316e-05,0.00155844038080273
LOCAL_NEUTRAL_HAZARD_PRIMARY,2,2,5,J_G1_NONNEGATIVE,7.500144197887555,J_G1,z_below_0,0.0012877336216202968,-0.0012877336216202968,6.9970345651893595,0.014174183734079453,9.09510810209954,True,2.251998057963347e-06,0.0015584403808028896
LOCAL_NEUTRAL_HAZARD_PRIMARY,2,2,6,CYCLING_CAPACITY,0.1239907983458867,J_G1,z_below_0,0.1361323302881164,-0.1361323302881164,-3.7780819217853434,,,False,0.0015584403808025335,0.028057956706284165
LOCAL_NEUTRAL_HAZARD_PRIMARY,2,2,7,CYCLING_CAPACITY,0.1530177933626251,J_G1,z_below_0,0.15601337922253133,-0.15601337922253133,-4.729877406158561,,,False,0.0015584403808034863,0.026946171820529684
LOCAL_NEUTRAL_HAZARD_PRIMARY,2,2,8,J_G2A_NONNEGATIVE,0.9470771101301002,J_G2a,z_below_0,4.246800703539597,-4.246800703539597,10.272980815301821,0.009412520902506922,1.9968371131568117,True,0.004218010860131336,0.004713714924712418
LOCAL_NEUTRAL_HAZARD_PRIMARY,2,2,9,J_G1_NONNEGATIVE,1.3390846881002814,J_G1,z_below_0,0.19941922982727592,-0.19941922982727592,6.569003209136769,0.015178252174668085,2.4540446616056184,True,0.0015584403808028536,0.006184994271757607
LOCAL_NEUTRAL_HAZARD_PRIMARY,2,2,10,J_G1_NONNEGATIVE,8.036757134899931,J_G1,z_below_0,0.539145479700087,-0.539145479700087,6.581542678845281,0.015146814286138975,9.71921317794207,True,0.0005850929436694357,0.001558440380803144
LOCAL_NEUTRAL_HAZARD_PRIMARY,2,2,11,J_G1_NONNEGATIVE,8.032212036163063,J_G1,z_below_0,0.008688376982351803,-0.008688376982351803,6.584854576441707,0.015138532756824906,9.713899192619474,True,1.4952843448487184e-05,0.0015584403808026972
LOCAL_NEUTRAL_HAZARD_PRIMARY,2,2,12,CYCLING_CAPACITY,0.30857554965575207,J_G1,z_below_0,0.34150464553705306,-0.34150464553705306,-11.346182700286292,,,False,0.001558440380803123,0.014897522470092439
LOCAL_NEUTRAL_HAZARD_PRIMARY,2,2,13,J_G2A_NONNEGATIVE,0.7194374073799652,J_G2a,z_below_0,1.5078501365054189,-1.5078501365054189,10.149144341780133,0.009533535934385176,1.757782058712872,True,0.004218010860130838,0.005423616589513984
LOCAL_NEUTRAL_HAZARD_PRIMARY,2,2,14,J_G1_NONNEGATIVE,6.579747740717704,J_G1,z_below_0,4.183011799723189,-4.183011799723189,6.498158380155658,0.01535835457240689,8.14684855278696,True,0.0015584403808029368,0.0018851896500706327
LOCAL_NEUTRAL_HAZARD_PRIMARY,2,2,15,J_G1_NONNEGATIVE,5.038284862048662,J_G1,z_below_0,1.599902218966934,-1.599902218966934,6.473623452255801,0.01542173037619377,6.474783223232925,True,0.0015584403808026268,0.0023818141618791593
LOCAL_NEUTRAL_HAZARD_PRIMARY,2,2,16,J_G1_NONNEGATIVE,8.186178592423639,J_G1,z_below_0,0.16062815118085688,-0.16062815118085688,6.4744879672553,0.015419488350743988,9.894179168277208,True,0.0002363049590845252,0.0015584403808030956
LOCAL_NEUTRAL_HAZARD_PRIMARY,2,2,17,J_G1_NONNEGATIVE,8.187034258423777,J_G1,z_below_0,0.0036242035626137584,-0.0036242035626137584,6.473884945819613,0.015421052152191653,9.895182611759871,True,6.259314792158299e-06,0.0015584403802578232
LOCAL_NEUTRAL_HAZARD_PRIMARY,3,1,0,J_G2A_NONNEGATIVE,0.11857692756204356,J_G2a,z_below_0,0.005740928841339986,-0.005740928841339986,2.0144732512075287,0.06074825121398617,1.1694302113193946,True,0.002042354141142244,0.05194688030630552
LOCAL_NEUTRAL_HAZARD_PRIMARY,3,1,1,J_G2A_NONNEGATIVE,0.14347012285515556,J_G2a,z_below_0,0.0012357187357483236,-0.0012357187357483236,1.7466584475033775,0.0752593357535079,1.223646350980859,True,0.00043348437372948186,0.061504155749887206
LOCAL_NEUTRAL_HAZARD_PRIMARY,3,1,2,J_G2A_NONNEGATIVE,0.1553974747875479,J_G2a,z_below_0,0.0006474371929731191,-0.0006474371929731191,1.7881883234479503,0.07254680820332118,1.238111397989375,True,0.0002055776832511036,0.05859473414196269
LOCAL_NEUTRAL_HAZARD_PRIMARY,3,1,3,J_G2A_NONNEGATIVE,0.16081210173013688,J_G2a,z_below_0,0.0003229637064042735,-0.0003229637064042735,1.8086413414920677,0.07128528564806667,1.2444611065691316,True,9.815875360161925e-05,0.05728205186307016
LOCAL_NEUTRAL_HAZARD_PRIMARY,3,1,4,J_G2A_NONNEGATIVE,0.16592030275799607,J_G2a,z_below_0,2.8649879286959957e-05,-2.8649879286959957e-05,1.7765819475955527,0.0732838711799582,1.2552250184646023,True,8.605751696340794e-06,0.058383054912018416
LOCAL_NEUTRAL_HAZARD_PRIMARY,3,1,5,J_G2A_NONNEGATIVE,0.16777492176829567,J_G2a,z_below_0,7.286876884871614e-07,-7.286876884871614e-07,1.778794619122402,0.0731421373992363,1.2578306275909614,True,2.162240615707901e-07,0.05814943267784832
LOCAL_NEUTRAL_HAZARD_PRIMARY,3,1,6,J_G2A_NONNEGATIVE,0.10665522493736383,J_G2a,z_below_0,0.012720274547362824,-0.012720274547362824,1.6859057030336604,0.0796398480662142,1.1712264076795023,True,0.005714719812855995,0.06799697099043474
LOCAL_NEUTRAL_HAZARD_PRIMARY,3,1,7,J_G2A_NONNEGATIVE,0.13724173699001255,J_G2a,z_below_0,0.015403362349265766,-0.015403362349265766,1.8445916707838517,0.06917625929396405,1.2062305464816654,True,0.004912080361784565,0.05734911911801392
LOCAL_NEUTRAL_HAZARD_PRIMARY,3,1,8,J_G2A_NONNEGATIVE,0.15349285274652325,J_G2a,z_below_0,0.007108851435819583,-0.007108851435819583,1.884556800225827,0.06698018912907448,1.2274177703226115,True,0.002090413882219534,0.05457000114269942
LOCAL_NEUTRAL_HAZARD_PRIMARY,3,1,9,J_G2A_NONNEGATIVE,0.15696607482102692,J_G2a,z_below_0,0.0031237641348272702,-0.0031237641348272702,1.8675668772926537,0.06789567057543104,1.2338167431369194,True,0.0009272546502208288,0.05502897488877448
LOCAL_NEUTRAL_HAZARD_PRIMARY,3,1,10,J_G2A_NONNEGATIVE,0.17217049957911382,J_G2a,z_below_0,0.00030458935968005795,-0.00030458935968005795,1.9162949668768037,0.06533742045031882,1.2523683178660632,True,8.16227472982915e-05,0.052171090180282285
LOCAL_NEUTRAL_HAZARD_PRIMARY,3,1,11,J_G2A_NONNEGATIVE,0.17355931962288254,J_G2a,z_below_0,7.593215683104817e-06,-7.593215683104817e-06,1.9108862961022801,0.06561139432381179,1.254808700236664,True,2.027415388515493e-06,0.05228796573648008
LOCAL_NEUTRAL_HAZARD_PRIMARY,3,1,12,J_G1_NONNEGATIVE,0.16879925869426884,J_G1,z_below_0,0.07591277001268071,-0.07591277001268071,3.697164360575658,0.02792741997419678,1.1981777296761753,True,0.0073579971475816,0.023308244914337178
LOCAL_NEUTRAL_HAZARD_PRIMARY,3,1,13,J_G2A_NONNEGATIVE,0.13844568529202345,J_G2a,z_below_0,0.008487668609197628,-0.008487668609197628,2.02870302962904,0.06013806963726949,1.196936949138438,True,0.002537550612332796,0.05024330619967678
LOCAL_NEUTRAL_HAZARD_PRIMARY,3,1,14,J_G1_NONNEGATIVE,0.25652174970348585,J_G1,z_below_0,0.015593653999994836,-0.015593653999994836,4.943363399709703,0.020014672513902283,1.2875500163676041,True,0.001017523229588882,0.015544772831712628
LOCAL_NEUTRAL_HAZARD_PRIMARY,3,1,15,J_G2A_NONNEGATIVE,0.16670773152289883,J_G2a,z_below_0,0.0024200015883694102,-0.0024200015883694102,2.14378879730918,0.055633288027487994,1.2305839254929185,True,0.0005916313057360577,0.04520885319154783
LOCAL_NEUTRAL_HAZARD_PRIMARY,3,1,16,J_G2A_NONNEGATIVE,0.17149408978459602,J_G2a,z_below_0,0.00024302278041505134,-0.00024302278041505134,2.16263999102888,0.05496096766396193,1.2362194173702634,True,5.794986410382807e-05,0.04445890987611014
LOCAL_NEUTRAL_HAZARD_PRIMARY,3,1,17,J_G2A_NONNEGATIVE,0.17743718880303244,J_G2a,z_below_0,6.738576740705362e-06,-6.738576740705362e-06,2.18372756137095,0.05422847619886311,1.2432983254463512,True,1.5400206533983815e-06,0.043616624497097085
LOCAL_NEUTRAL_HAZARD_PRIMARY,3,2,0,CYCLING_CAPACITY,0.032568424978573374,J_G2a,z_below_0,0.0412130231770832,-0.0412130231770832,7.6726158305698045,0.01236643453023099,1.2003025975086667,True,0.002042354141142244,0.010302764116230864
LOCAL_NEUTRAL_HAZARD_PRIMARY,3,2,1,CYCLING_CAPACITY,0.030779730196298427,J_G1,z_below_0,0.00869664888458265,-0.00869664888458265,7.65511935318384,0.012396773025455811,1.0764825263582587,True,0.0012574084433695971,0.011516000234015972
LOCAL_NEUTRAL_HAZARD_PRIMARY,3,2,2,CYCLING_CAPACITY,0.030473673518566002,J_G1,z_below_0,0.004145610277819167,-0.004145610277819167,7.673845459165756,0.012364307974920004,1.0736634008046235,True,0.0006570733691309888,0.011516000234015576
LOCAL_NEUTRAL_HAZARD_PRIMARY,3,2,3,CYCLING_CAPACITY,0.030341583071574307,J_G1,z_below_0,0.0020390611389023436,-0.0020390611389023436,7.684989785414817,0.012345068008421441,1.0719926847480035,True,0.00033983222331889764,0.011516000234015994
LOCAL_NEUTRAL_HAZARD_PRIMARY,3,2,4,CYCLING_CAPACITY,0.03003688243794267,J_G1,z_below_0,0.00019441802962166232,-0.00019441802962166232,7.705586253259537,0.012309666919755723,1.0689186062532148,True,3.46728114637215e-05,0.011516000234015668
LOCAL_NEUTRAL_HAZARD_PRIMARY,3,2,5,CYCLING_CAPACITY,0.02998339332787625,J_G1,z_below_0,4.929742284047288e-06,-4.929742284047288e-06,7.708274117303404,0.012305062030227432,1.0685187374242286,True,8.865822935254282e-07,0.011516000234015564
LOCAL_NEUTRAL_HAZARD_PRIMARY,3,2,6,CYCLING_CAPACITY,0.02976426984441194,C,z_above_1,0.05851162421560317,1.0585116242156032,8.451849615129513,0.01115121771440562,1.0547880991423297,True,0.01176217173610018,8.56291384891403
LOCAL_NEUTRAL_HAZARD_PRIMARY,3,2,7,CYCLING_CAPACITY,0.012316505952539969,C,z_above_1,0.024239983898564372,1.0242399838985643,8.178907322226143,0.011548686333679685,1.0226923146767153,True,0.011810752758066227,8.562913848914018
LOCAL_NEUTRAL_HAZARD_PRIMARY,3,2,8,CYCLING_CAPACITY,0.03384302355767621,J_G2a,z_below_0,0.048703966876382856,-0.048703966876382856,7.460805327535534,0.012744013943097739,1.2369509579493712,True,0.002090413882219534,0.010302764116230512
LOCAL_NEUTRAL_HAZARD_PRIMARY,3,2,9,CYCLING_CAPACITY,0.03357822465300553,J_G2a,z_below_0,0.019948999023149495,-0.019948999023149495,7.371489363498926,0.012910244880991458,1.253085554065361,True,0.0009272546502208288,0.010302764116230535
LOCAL_NEUTRAL_HAZARD_PRIMARY,3,2,10,CYCLING_CAPACITY,0.033217604073122464,J_G1,z_below_0,0.0017017906229147735,-0.0017017906229147735,7.597412301600914,0.012497901255721018,1.0852640675366614,True,0.00024451624666474724,0.011516000234015694
LOCAL_NEUTRAL_HAZARD_PRIMARY,3,2,11,CYCLING_CAPACITY,0.03312047660934658,J_G1,z_below_0,4.2057005502221096e-05,-4.2057005502221096e-05,7.603545490640025,0.012487074779110591,1.084323942806651,True,6.234134843387388e-06,0.011516000234016045
LOCAL_NEUTRAL_HAZARD_PRIMARY,3,2,12,CYCLING_CAPACITY,0.04236294018587039,C,z_above_1,0.08390436898960629,1.0839043689896064,8.659685029157686,0.010866462259719377,1.078580702156176,True,0.011720356494041712,8.661962486860574
LOCAL_NEUTRAL_HAZARD_PRIMARY,3,2,13,CYCLING_CAPACITY,0.042067443911232516,J_G2a,z_below_0,0.04598149637024397,-0.04598149637024397,7.89593247196612,0.011991875840561642,1.1639474324826835,True,0.002537550612332796,0.010302764116230868
LOCAL_NEUTRAL_HAZARD_PRIMARY,3,2,14,CYCLING_CAPACITY,0.041632619002503146,J_G2a,z_below_0,0.009093844520474093,-0.009093844520474093,7.907618104282359,0.011972900738781142,1.1621056838445454,True,0.0006312870780182333,0.010302764116230547
LOCAL_NEUTRAL_HAZARD_PRIMARY,3,2,15,CYCLING_CAPACITY,0.04189436824810855,J_G2a,z_below_0,0.008789310593654821,-0.008789310593654821,7.865075661305443,0.012042271811178068,1.1688389324770248,True,0.0005916313057360577,0.010302764116231024
LOCAL_NEUTRAL_HAZARD_PRIMARY,3,2,16,CYCLING_CAPACITY,0.04176835276024726,J_G2a,z_below_0,0.0008312201197738608,-0.0008312201197738608,7.84196624257603,0.012080293295536105,1.1725293483624442,True,5.794986410382807e-05,0.010302764116230828
LOCAL_NEUTRAL_HAZARD_PRIMARY,3,2,17,CYCLING_CAPACITY,0.04180536033399296,J_G2a,z_below_0,2.1940431518995222e-05,-2.1940431518995222e-05,7.843586822187282,0.012077619148447091,1.17226979206581,True,1.5400206533983815e-06,0.010302764116410044
LOCAL_NEUTRAL_HAZARD_PRIMARY,4,1,0,CYCLING_CAPACITY,0.10667869002969549,J_G1,z_below_0,0.03322564216797918,-0.03322564216797918,2.0262260071901346,0.05801381590914671,1.405279269984727,True,0.00436246625387834,0.041282766456646885
LOCAL_NEUTRAL_HAZARD_PRIMARY,4,1,1,J_G2A_NONNEGATIVE,1.9779544661310509,J_G2a,z_below_0,0.09641150237733793,-0.09641150237733793,11.733822845449698,0.007596241216226129,3.067801604967933,True,0.00030991109579816097,0.0024761187959237447
LOCAL_NEUTRAL_HAZARD_PRIMARY,4,1,2,CYCLING_CAPACITY,1.0815717870792476,J_G1,z_below_0,0.05866195681708307,-0.05866195681708307,-1.7057683861198818,,,False,0.0005779576477884481,0.014028793102946331
LOCAL_NEUTRAL_HAZARD_PRIMARY,4,1,3,CYCLING_CAPACITY,1.0265052697228003,J_G1,z_below_0,0.02775910232746836,-0.02775910232746836,-1.1974975524311429,,,False,0.00029931725778328285,0.01414289082680152
LOCAL_NEUTRAL_HAZARD_PRIMARY,4,1,4,CYCLING_CAPACITY,1.0415151161398688,J_G1,z_below_0,0.0027435052533612337,-0.0027435052533612337,-1.1387739334998077,,,False,3.0580188787054574e-05,0.014256751835927539
LOCAL_NEUTRAL_HAZARD_PRIMARY,4,1,5,CYCLING_CAPACITY,0.9712844785749081,J_G1,z_below_0,6.48900800984575e-05,-6.48900800984575e-05,-0.6880509734246072,,,False,7.849739318556716e-07,0.014585269401459548
LOCAL_NEUTRAL_HAZARD_PRIMARY,4,1,6,J_G2A_NONNEGATIVE,1.0455446078563086,J_G2a,z_below_0,0.4228947531767946,-0.4228947531767946,6.74059307084316,0.01369447265064265,2.1328806812604846,True,0.0028473112247416766,0.0064206463919723455
LOCAL_NEUTRAL_HAZARD_PRIMARY,4,1,7,CYCLING_CAPACITY,0.7444881736771656,J_G1,z_below_0,1.5407358544018155,-1.5407358544018155,-0.5741352307076113,,,False,0.009853469457881313,0.01771439590767814
LOCAL_NEUTRAL_HAZARD_PRIMARY,4,1,8,CYCLING_CAPACITY,0.5400275894862461,J_G1,z_below_0,0.3069619812867947,-0.3069619812867947,0.901293448687059,,,False,0.00482942142372652,0.019221196133706247
LOCAL_NEUTRAL_HAZARD_PRIMARY,4,1,9,CYCLING_CAPACITY,0.5953887161472451,J_G1,z_below_0,0.1376061690676831,-0.1376061690676831,0.6723307659833999,,,False,0.002302787548119918,0.018485639844247215
LOCAL_NEUTRAL_HAZARD_PRIMARY,4,1,10,CYCLING_CAPACITY,0.5759188349971804,J_G1,z_below_0,0.011338140894907192,-0.011338140894907192,0.8923326952202153,,,False,0.00022708598427295735,0.01862025626285184
LOCAL_NEUTRAL_HAZARD_PRIMARY,4,1,11,CYCLING_CAPACITY,0.5182553924614316,J_G1,z_below_0,0.0002543930560358893,-0.0002543930560358893,1.220390185160626,0.14595631364296072,7.559826073387367,True,5.837126251616904e-06,0.01930683486975533
LOCAL_NEUTRAL_HAZARD_PRIMARY,4,1,12,CYCLING_CAPACITY,0.09887818862765241,J_G1,z_below_0,0.06704422225595685,-0.06704422225595685,1.8443611260693902,0.06662872967932301,1.4493229413341773,True,0.008381389986092298,0.04597231422969666
LOCAL_NEUTRAL_HAZARD_PRIMARY,4,1,13,CYCLING_CAPACITY,0.2901468500761124,J_G1,z_below_0,0.13367749401990622,-0.13367749401990622,1.4564303301083514,0.09894923831850516,3.6282186185436025,True,0.004354213875999218,0.027272126826311315
LOCAL_NEUTRAL_HAZARD_PRIMARY,4,1,14,CYCLING_CAPACITY,0.0691889151812638,J_G1,z_below_0,0.0050410821081672075,-0.0050410821081672075,1.8365548661947027,0.06705910322951722,1.2964331216657536,True,0.0011590462507715842,0.051725848490629965
LOCAL_NEUTRAL_HAZARD_PRIMARY,4,1,15,CYCLING_CAPACITY,0.2266735575010863,J_G1,z_below_0,0.0210861821406274,-0.0210861821406274,1.832679743472634,0.06727492397031089,2.2564540266626847,True,0.0011116414919860142,0.02981444477723798
LOCAL_NEUTRAL_HAZARD_PRIMARY,4,1,16,CYCLING_CAPACITY,0.2209597838000784,J_G1,z_below_0,0.00199650950358349,-0.00199650950358349,1.8576295603875808,0.06591037129601862,2.171539413458075,True,0.00011447594682391992,0.03035191113158726
LOCAL_NEUTRAL_HAZARD_PRIMARY,4,1,17,CYCLING_CAPACITY,0.20911530126722988,J_G1,z_below_0,4.998274384752997e-05,-4.998274384752997e-05,1.8990702244586521,0.06376768877212625,2.0674945109783636,True,3.0531870620375334e-06,0.030842978510231017
LOCAL_NEUTRAL_HAZARD_PRIMARY,4,2,0,J_G2A_NONNEGATIVE,3.887708076141281,J_G2a,z_below_0,0.872965705668398,-0.872965705668398,9.124730949978677,0.009898764195105925,5.1186098179848445,True,0.0010064187389513513,0.0019338774681214104
LOCAL_NEUTRAL_HAZARD_PRIMARY,4,2,1,J_G2A_NONNEGATIVE,8.254889187000343,J_G2a,z_below_0,0.39248791674768224,-0.39248791674768224,9.209785395894102,0.009801884870404717,9.739370394293104,True,0.00030627511649031853,0.0010064187389513643
LOCAL_NEUTRAL_HAZARD_PRIMARY,4,2,2,J_G2A_NONNEGATIVE,8.2453119526665,J_G2a,z_below_0,0.15471952888526527,-0.15471952888526527,9.219325828208497,0.009791136341999887,9.728690417869954,True,0.00014803959032202307,0.0010064187389512602
LOCAL_NEUTRAL_HAZARD_PRIMARY,4,2,3,J_G2A_NONNEGATIVE,8.245116243150537,J_G2a,z_below_0,0.06788851067861235,-0.06788851067861235,9.219520991761797,0.009790916711376078,9.728472187999953,True,7.080257916784307e-05,0.0010064187389519548
LOCAL_NEUTRAL_HAZARD_PRIMARY,4,2,4,J_G2A_NONNEGATIVE,8.238950796674635,J_G2a,z_below_0,0.005525849609929173,-0.005525849609929173,9.225673472114181,0.00978399796641706,9.721597569428136,True,6.161709672183654e-06,0.0010064187389514207
LOCAL_NEUTRAL_HAZARD_PRIMARY,4,2,5,J_G2A_NONNEGATIVE,8.237019822389023,J_G2a,z_below_0,0.00013850936225881944,-0.00013850936225881944,9.227602074474177,0.009781831179797744,9.719444602142282,True,1.5537902677107894e-07,0.0010064187389515766
LOCAL_NEUTRAL_HAZARD_PRIMARY,4,2,6,J_G2A_NONNEGATIVE,1.395055766016598,J_G2a,z_below_0,0.21170269751329643,-0.21170269751329643,9.486691981650834,0.00949922483994541,2.474812035939795,True,0.0010064187389516276,0.0038383621471026735
LOCAL_NEUTRAL_HAZARD_PRIMARY,4,2,7,J_G2A_NONNEGATIVE,1.4815483191912269,J_G2a,z_below_0,0.22858377555306159,-0.22858377555306159,9.50974099961983,0.009474873515805494,2.5660034836037333,True,0.0010064187389512303,0.0036924632317719384
LOCAL_NEUTRAL_HAZARD_PRIMARY,4,2,8,J_G2A_NONNEGATIVE,4.552826706106329,J_G2a,z_below_0,1.3389441170413143,-1.3389441170413143,9.520186549618302,0.009463878881030246,5.810975564892221,True,0.0010064187389513255,0.0016286213520166088
LOCAL_NEUTRAL_HAZARD_PRIMARY,4,2,9,J_G2A_NONNEGATIVE,7.948012941351139,J_G2a,z_below_0,2.079899995014326,-2.079899995014326,9.525639249040339,0.00945814969363328,9.397827492250666,True,0.000703991645669565,0.001006418738951354
LOCAL_NEUTRAL_HAZARD_PRIMARY,4,2,10,J_G2A_NONNEGATIVE,7.943095062562827,J_G2a,z_below_0,0.0586034471471346,-0.0586034471471346,9.530877473491444,0.009452652392101126,9.392365251418484,True,6.1950945158374e-05,0.0010064187389511431
LOCAL_NEUTRAL_HAZARD_PRIMARY,4,2,11,J_G2A_NONNEGATIVE,7.941711979565013,J_G2a,z_below_0,0.00138520850630212,-0.00138520850630212,9.532351687220327,0.009451106418599496,9.390829137825875,True,1.5579998392795383e-06,0.0010064187389514762
LOCAL_NEUTRAL_HAZARD_PRIMARY,4,2,12,J_G2A_NONNEGATIVE,0.8930570582358996,J_G2a,z_below_0,0.12191336855908107,-0.12191336855908107,9.24624192879949,0.009760938695992047,1.94567175269984,True,0.0010064187389514586,0.005016744824736053
LOCAL_NEUTRAL_HAZARD_PRIMARY,4,2,13,J_G2A_NONNEGATIVE,3.2475698724757938,J_G2a,z_below_0,0.6565943734570655,-0.6565943734570655,9.271129772743375,0.009733182039205361,4.437264470232805,True,0.0010064187389509551,0.002193509560789083
LOCAL_NEUTRAL_HAZARD_PRIMARY,4,2,14,J_G2A_NONNEGATIVE,8.171854802585006,J_G2a,z_below_0,2.264188805459306,-2.264188805459306,9.293163172521446,0.009708740408889043,9.646819989669455,True,0.0007210153576264213,0.001006418738950856
LOCAL_NEUTRAL_HAZARD_PRIMARY,4,2,15,J_G2A_NONNEGATIVE,8.189770039718484,J_G2a,z_below_0,1.002853345846263,-1.002853345846263,9.275046372942072,0.009728828359019887,9.666779822837734,True,0.0005313981168514791,0.0010064187389512652
LOCAL_NEUTRAL_HAZARD_PRIMARY,4,2,16,J_G2A_NONNEGATIVE,8.189627498996677,J_G2a,z_below_0,0.04884735420326896,-0.04884735420326896,9.27519023859702,0.009728668512660207,9.666620995943484,True,5.2005677919592926e-05,0.0010064187389515697
LOCAL_NEUTRAL_HAZARD_PRIMARY,4,2,17,J_G2A_NONNEGATIVE,8.190881751994098,J_G2a,z_below_0,0.0012555417512663538,-0.0012555417512663538,9.273924478585926,0.009730075054654513,9.668018565531607,True,1.4075648370738294e-06,0.0010064187391348367
RECOMBINATION_WEIGHTED_AUDITOR,0,1,1,J_G2A_NONNEGATIVE,0.5852441950732516,J_G2a,z_below_0,5.823533031444777e-13,-5.823533031444777e-13,319.7138696496544,0.0003096341416669639,1.5861616727300336,True,3.0762256647760963e-16,0.0001952096983493712
RECOMBINATION_WEIGHTED_AUDITOR,0,1,2,J_G2A_NONNEGATIVE,2.8376034545137547,J_G2a,z_below_0,1.831930722260915e-13,-1.831930722260915e-13,322.55116352163213,0.00030690623824593976,3.842011848863939,True,1.9782855039777166e-17,7.988164803205649e-05
RECOMBINATION_WEIGHTED_AUDITOR,0,1,3,J_G2A_NONNEGATIVE,7.531468091816914,J_G2a,z_below_0,4.6266013687828375e-12,-4.6266013687828375e-12,323.65807259696476,0.0003058549946834176,8.543127732139375,True,1.8759715060769163e-16,3.580129014491806e-05
RECOMBINATION_WEIGHTED_AUDITOR,0,1,4,J_G2A_NONNEGATIVE,89.92505162736431,J_G2a,z_below_0,1.306968664983378e-11,-1.306968664983378e-11,324.66146847948403,0.00030490826239204326,91.06382793941732,True,4.424701428126824e-17,3.3482917343963594e-06
RECOMBINATION_WEIGHTED_AUDITOR,0,1,5,J_G2A_NONNEGATIVE,3662.808453087184,J_G2a,z_below_0,3.361024210559899e-09,-3.361024210559899e-09,325.1090228946414,0.00030448786971832957,3669.453232241787,True,2.789707361485721e-16,8.297908447038801e-08
RECOMBINATION_WEIGHTED_AUDITOR,0,1,10,J_G2A_NONNEGATIVE,9.99756522148226,J_G2a,z_below_0,8.537136063380874e-12,-8.537136063380874e-12,288.9503345590347,0.00034265701528641917,11.014905948787517,True,2.9209558666806996e-16,3.110848307553072e-05
RECOMBINATION_WEIGHTED_AUDITOR,0,1,11,J_G2A_NONNEGATIVE,443.5407761496232,J_G2a,z_below_0,1.0431128465670864e-10,-1.0431128465670864e-10,289.35176991831395,0.0003421808024626417,445.3089862893663,True,8.033445252628789e-17,7.684120756554621e-07
RECOMBINATION_WEIGHTED_AUDITOR,0,1,12,MACRO_MASS_CAP,0.012685761749841717,M,z_below_0,1468.8775233370807,-1468.8775233370807,1503.0222628443112,6.578234332845997e-05,1.4888039337994812,True,4.417481819736015e-05,4.4184692043754255e-05
RECOMBINATION_WEIGHTED_AUDITOR,0,1,16,J_G2A_NONNEGATIVE,7.40741718847008,J_G2a,z_below_0,1.1321188806076462e-12,-1.1321188806076462e-12,474.1172983267634,0.0002086905794469695,8.415240315638972,True,3.1861753034283683e-17,2.4799122974436834e-05
RECOMBINATION_WEIGHTED_AUDITOR,0,1,17,J_G2A_NONNEGATIVE,311.6984829205672,J_G2a,z_below_0,138.55594999811868,-138.55594999811868,473.73524364369223,0.0002088590607119941,313.02792660629507,True,6.624559429138378e-07,6.672218130067436e-07
RECOMBINATION_WEIGHTED_AUDITOR,0,2,1,CYCLING_CAPACITY,0.021587556413680153,J_G2a,z_below_0,0.04173064596745461,-0.04173064596745461,81.17813892846067,0.001225123663907217,1.2131590309703328,True,0.00019381534336116167,0.0010098623779994569
RECOMBINATION_WEIGHTED_AUDITOR,0,2,2,CYCLING_CAPACITY,0.021731427462700847,J_G2a,z_below_0,0.01561448696486279,-0.01561448696486279,80.44411421397692,0.0012363727020862508,1.2242982103514068,True,7.931106483182743e-05,0.0010098623779997017
RECOMBINATION_WEIGHTED_AUDITOR,0,2,3,CYCLING_CAPACITY,0.02163757454191828,J_G2a,z_below_0,0.007018191106343227,-0.007018191106343227,79.54685214570827,0.001250407160422,1.2381956073052265,True,3.554556664388295e-05,0.0010098623779996687
RECOMBINATION_WEIGHTED_AUDITOR,0,2,4,CYCLING_CAPACITY,0.02136171985358909,J_G2a,z_below_0,0.0006981980929775604,-0.0006981980929775604,77.68470993711702,0.0012805750567409877,1.268068882096221,True,3.324375364864957e-06,0.0010098623779996028
RECOMBINATION_WEIGHTED_AUDITOR,0,2,5,CYCLING_CAPACITY,0.021348895227528253,J_G2a,z_below_0,1.746259272536452e-05,-1.746259272536452e-05,77.42674279929187,0.0012848694745051477,1.2723213603127135,True,8.238637672417118e-08,0.0010098623779996512
RECOMBINATION_WEIGHTED_AUDITOR,0,2,10,CYCLING_CAPACITY,0.021008446311663043,J_G2a,z_below_0,0.0061331526189937705,-0.0061331526189937705,79.34854240138006,0.0012535521083957726,1.2413098415241914,True,3.088627962499124e-05,0.001009862377999476
RECOMBINATION_WEIGHTED_AUDITOR,0,2,11,CYCLING_CAPACITY,0.021008642719326787,J_G2a,z_below_0,0.00014936878175698975,-0.00014936878175698975,79.03837578339848,0.0012585028156059381,1.2462121998235731,True,7.629234179722093e-07,0.0010098623779995935
RECOMBINATION_WEIGHTED_AUDITOR,0,2,12,MACRO_MASS_CAP,0.013130594917702316,M,z_below_0,0.01433450231941873,-0.01433450231941873,60.79388637076826,0.0016393320027587573,1.5103127957735987,True,4.417481819736015e-05,0.0010854254875852214
RECOMBINATION_WEIGHTED_AUDITOR,0,2,14,CYCLING_CAPACITY,0.020653081518814564,C,z_above_1,0.04254910586490401,1.0425491058649041,94.53973905365638,0.0010510488873479774,1.042314152759343,True,0.0010955231305247572,2.3342874731654955
RECOMBINATION_WEIGHTED_AUDITOR,0,2,15,CYCLING_CAPACITY,0.020343174888136195,C,z_above_1,0.041910521750678054,1.041910521750678,94.44784676401719,0.0010520769589330218,1.0416790102106708,True,0.0010959264852468027,2.334287473165473
RECOMBINATION_WEIGHTED_AUDITOR,0,2,16,CYCLING_CAPACITY,0.02034103101678053,J_G1,z_below_0,0.0032355016115371642,-0.0032355016115371642,88.22622328997008,0.0011266927753272454,1.0562438138432308,True,6.110242444498492e-05,0.0010666976322707918
RECOMBINATION_WEIGHTED_AUDITOR,0,2,17,CYCLING_CAPACITY,0.020296695206397763,J_G1,z_below_0,8.130444120066382e-05,-8.130444120066382e-05,88.23987640456245,0.0011265174479929223,1.0560794494062309,True,1.630753968722385e-06,0.0010666976321017272
RECOMBINATION_WEIGHTED_AUDITOR,1,1,0,J_G2A_NONNEGATIVE,4.362344163217787,J_G2a,z_below_0,5.272711386711972,-5.272711386711972,4.306483923456728,0.02519117786489024,5.9688785374538815,True,0.003645363710228615,0.004220420587689816
RECOMBINATION_WEIGHTED_AUDITOR,1,1,1,J_G1_NONNEGATIVE,14.031340751306269,J_G1,z_below_0,1.1241681117685942,-1.1241681117685942,4.760366002432818,0.02248095895502178,16.755004916395468,True,0.0007307062071668376,0.001341745888300112
RECOMBINATION_WEIGHTED_AUDITOR,1,1,2,J_G1_NONNEGATIVE,2.074809875225892,J_G1,z_below_0,0.04556370730782644,-0.04556370730782644,5.715104513588324,0.01833702252227042,3.2828804659758335,True,0.0003437775187816732,0.005585650379999369
RECOMBINATION_WEIGHTED_AUDITOR,1,1,3,J_G1_NONNEGATIVE,1.8712930622790118,J_G1,z_below_0,0.01987710789780527,-0.01987710789780527,5.796460823454394,0.018053656846872986,3.0560733406020795,True,0.00016968484637098087,0.005907468452087678
RECOMBINATION_WEIGHTED_AUDITOR,1,1,4,J_G1_NONNEGATIVE,2.8990387244540896,J_G1,z_below_0,0.003074729664757023,-0.003074729664757023,5.449807255140614,0.019326412952636356,4.205413712630857,True,1.8478956045941824e-05,0.0045956032564857885
RECOMBINATION_WEIGHTED_AUDITOR,1,1,5,J_G1_NONNEGATIVE,2.613940078198053,J_G1,z_below_0,7.132314053024495e-05,-7.132314053024495e-05,5.5233831133421685,0.01904144531164248,3.8861323065194293,True,4.7091630290128934e-07,0.0048998448353645314
RECOMBINATION_WEIGHTED_AUDITOR,1,1,6,J_G1_NONNEGATIVE,1.040386422162124,J_G1,z_below_0,0.6929182104115882,-0.6929182104115882,3.7243820897959115,0.02980761159908948,2.215949293445513,True,0.00751586218748645,0.01345139606183972
RECOMBINATION_WEIGHTED_AUDITOR,1,1,7,J_G1_NONNEGATIVE,1.0935697509728406,J_G1,z_below_0,0.05925354967248473,-0.05925354967248473,4.551996903991405,0.0236486122588095,2.2376360773300803,True,0.0010246790631653643,0.0105685694373621
RECOMBINATION_WEIGHTED_AUDITOR,1,1,8,J_G1_NONNEGATIVE,2.8746338700729015,J_G1,z_below_0,0.6302265984786671,-0.6302265984786671,5.170293803008924,0.02049175580055719,4.197563981580664,True,0.002211239488612687,0.004881820953885895
RECOMBINATION_WEIGHTED_AUDITOR,1,1,9,J_G1_NONNEGATIVE,3.5924441715858024,J_G1,z_below_0,0.4241988473423318,-0.4241988473423318,5.555064059652498,0.01892132183858019,4.963344673724911,True,0.0013231016630426415,0.003812211942230488
RECOMBINATION_WEIGHTED_AUDITOR,1,1,10,J_G1_NONNEGATIVE,4.621833508029563,J_G1,z_below_0,0.03494617320794646,-0.03494617320794646,5.374432410152519,0.019627362528917922,6.116861605084583,True,0.00012874270983189687,0.003208730848610808
RECOMBINATION_WEIGHTED_AUDITOR,1,1,11,J_G1_NONNEGATIVE,3.969923649129687,J_G1,z_below_0,0.0007509984584986713,-0.0007509984584986713,5.463553280901035,0.01927252473279213,5.387473634402964,True,3.2978956886821646e-06,0.003577284278427452
RECOMBINATION_WEIGHTED_AUDITOR,1,1,12,J_G1_NONNEGATIVE,0.4156971421880892,J_G1,z_below_0,0.11344002868207875,-0.11344002868207875,2.1568610939662456,0.0593887973523025,1.5701206414408797,True,0.00912370879097548,0.0378243529731589
RECOMBINATION_WEIGHTED_AUDITOR,1,1,13,J_G1_NONNEGATIVE,3.0657137689925995,J_G1,z_below_0,0.6089683909441945,-0.6089683909441945,4.004962893735566,0.027387016356299386,4.532460388081195,True,0.0026524302172103134,0.006042417144630271
RECOMBINATION_WEIGHTED_AUDITOR,1,1,14,J_G1_NONNEGATIVE,0.4832550384145113,J_G1,z_below_0,0.011524523108033242,-0.011524523108033242,2.1899585907707237,0.058151390996930945,1.6576827898808584,True,0.001008007814274739,0.03507992684240296
RECOMBINATION_WEIGHTED_AUDITOR,1,1,15,J_G1_NONNEGATIVE,4.652044202118326,J_G1,z_below_0,0.1497009978110699,-0.1497009978110699,4.267700380606062,0.025453563743389192,6.305658360659229,True,0.0006101803509248831,0.004036622710515534
RECOMBINATION_WEIGHTED_AUDITOR,1,1,16,J_G1_NONNEGATIVE,4.708122453211806,J_G1,z_below_0,0.013236755938460323,-0.013236755938460323,4.27238602261415,0.02542157189492947,6.368692196344363,True,6.176543338162817e-05,0.003991647124902894
RECOMBINATION_WEIGHTED_AUDITOR,1,1,17,J_G1_NONNEGATIVE,4.396834304832715,J_G1,z_below_0,0.00032199656920506374,-0.00032199656920506374,4.233734371884083,0.02568791547746237,6.020798078831559,True,1.6484489205083123e-06,0.004266529975117113
RECOMBINATION_WEIGHTED_AUDITOR,1,2,0,CYCLING_CAPACITY,0.7195549845719216,J_G1,z_below_0,0.08719990781076505,-0.08719990781076505,-13.94072734710257,,,False,0.0002862763871197813,0.0071032105061166455
RECOMBINATION_WEIGHTED_AUDITOR,1,2,1,CYCLING_CAPACITY,2.5433870631115183,J_G1,z_below_0,0.32728891886203637,-0.32728891886203637,-7.455621484430509,,,False,0.0002862763871202481,0.00125239663060517
RECOMBINATION_WEIGHTED_AUDITOR,1,2,2,J_G1_NONNEGATIVE,6.1069571109476,J_G1,z_below_0,0.7483640077448522,-0.7483640077448522,21.845300842029985,0.004467175195064608,7.251309902137999,True,0.0002862763871203547,0.0006160507901817149
RECOMBINATION_WEIGHTED_AUDITOR,1,2,3,J_G1_NONNEGATIVE,13.34643494294372,J_G1,z_below_0,14.167116474222198,-14.167116474222198,21.815095599889844,0.0044735078711055825,14.662186863122377,True,0.0002862763871205272,0.00030510509195303824
RECOMBINATION_WEIGHTED_AUDITOR,1,2,4,J_G1_NONNEGATIVE,14.353193716555685,J_G1,z_below_0,0.12062770077528381,-0.12062770077528381,21.723182364144805,0.004492888869914158,15.694234914397562,True,3.267375587048878e-05,0.0002862763871205009
RECOMBINATION_WEIGHTED_AUDITOR,1,2,5,J_G1_NONNEGATIVE,14.355966524725865,J_G1,z_below_0,0.002739951503631738,-0.002739951503631738,21.719259835724245,0.004493719719361656,15.697137177795986,True,8.353186187012145e-07,0.0002862763871184194
RECOMBINATION_WEIGHTED_AUDITOR,1,2,6,CYCLING_CAPACITY,0.4189904895110093,J_G1,z_below_0,0.045089506089161784,-0.045089506089161784,-7.118612072828536,,,False,0.00028627638712097316,0.013491848957914214
RECOMBINATION_WEIGHTED_AUDITOR,1,2,7,CYCLING_CAPACITY,0.637044932999685,J_G1,z_below_0,0.06839968109348014,-0.06839968109348014,-12.659777695936643,,,False,0.0002862763871196143,0.010600352699050188
RECOMBINATION_WEIGHTED_AUDITOR,1,2,8,CYCLING_CAPACITY,1.1751917825889673,J_G1,z_below_0,0.13367240614201584,-0.13367240614201584,-21.937962867573905,,,False,0.0002862763871201043,0.004896502240110261
RECOMBINATION_WEIGHTED_AUDITOR,1,2,9,CYCLING_CAPACITY,1.7848811187684162,J_G1,z_below_0,0.21140351493637938,-0.21140351493637938,-20.27468633195032,,,False,0.0002862763871214478,0.002327279453406685
RECOMBINATION_WEIGHTED_AUDITOR,1,2,10,J_G1_NONNEGATIVE,14.611289896726667,J_G1,z_below_0,3.395797511472176,-3.395797511472176,21.364040331194474,0.004570256344566625,15.964489389155379,True,0.0002243488310122143,0.00028627638712148127
RECOMBINATION_WEIGHTED_AUDITOR,1,2,11,J_G1_NONNEGATIVE,14.611808778619269,J_G1,z_below_0,0.019278632721938176,-0.019278632721938176,21.363330265257503,0.004570411948992164,15.965032935298874,True,5.769225681256041e-06,0.0002862763871214403
RECOMBINATION_WEIGHTED_AUDITOR,1,2,12,CYCLING_CAPACITY,0.448203364417366,J_G1,z_below_0,0.058425119644178944,-0.058425119644178944,-9.164055478385052,,,False,0.0002862763871203258,0.01031423961234739
RECOMBINATION_WEIGHTED_AUDITOR,1,2,13,CYCLING_CAPACITY,1.0057545060070825,J_G1,z_below_0,0.14403792361212706,-0.14403792361212706,-21.53942730859567,,,False,0.0002862763871205168,0.00420722530864477
RECOMBINATION_WEIGHTED_AUDITOR,1,2,14,J_G1_NONNEGATIVE,2.3989682038842295,J_G1,z_below_0,0.22898527010739136,-0.22898527010739136,24.03665230803825,0.004051132659261611,3.4504060931941547,True,0.00028627638712031694,0.00117410314897495
RECOMBINATION_WEIGHTED_AUDITOR,1,2,15,J_G1_NONNEGATIVE,3.095104436279647,J_G1,z_below_0,0.30974428302966667,-0.30974428302966667,23.67481276367569,0.004114404435688302,4.162490430386171,True,0.00028627638712005115,0.000988447782522972
RECOMBINATION_WEIGHTED_AUDITOR,1,2,16,J_G1_NONNEGATIVE,13.086547341066117,J_G1,z_below_0,0.4979624699572904,-0.4979624699572904,23.67650630789643,0.004114103696279351,14.371089902546489,True,9.980260319233404e-05,0.0002862763871201134
RECOMBINATION_WEIGHTED_AUDITOR,1,2,17,J_G1_NONNEGATIVE,13.095452336380562,J_G1,z_below_0,0.008713144732337795,-0.008713144732337795,23.66154837093046,0.004116761447096308,14.38037377828241,True,2.6559449919159006e-06,0.00028627638687066264
RECOMBINATION_WEIGHTED_AUDITOR,2,1,0,J_G2A_NONNEGATIVE,0.8844362736403815,J_G2a,z_below_0,0.08366694808869439,-0.08366694808869439,2.012425326497777,0.06314009613832297,2.2442773779574754,True,0.003741869359859544,0.02813382015898008
RECOMBINATION_WEIGHTED_AUDITOR,2,1,1,CYCLING_CAPACITY,0.11297230580710482,J_G2a,z_below_0,0.006777969831757473,-0.006777969831757473,0.48066963525323336,,,False,0.0003552004059581984,0.05492671038412181
RECOMBINATION_WEIGHTED_AUDITOR,2,1,2,CYCLING_CAPACITY,0.10039727095761247,J_G2a,z_below_0,0.0028027404954001794,-0.0028027404954001794,0.48750842432452846,,,False,0.0001561336837326444,0.058155525569162834
RECOMBINATION_WEIGHTED_AUDITOR,2,1,3,CYCLING_CAPACITY,0.09228837313436283,J_G2a,z_below_0,0.0012264793525786977,-0.0012264793525786977,0.47950236556479764,,,False,7.097894742930004e-05,0.06082794343424734
RECOMBINATION_WEIGHTED_AUDITOR,2,1,4,CYCLING_CAPACITY,0.10637492051954273,J_G2a,z_below_0,0.00015195340086223842,-0.00015195340086223842,-0.024713571488916397,,,False,6.495308244916038e-06,0.058446063842732925
RECOMBINATION_WEIGHTED_AUDITOR,2,1,5,CYCLING_CAPACITY,0.10728605425688648,J_G2a,z_below_0,3.889742770477783e-06,-3.889742770477783e-06,-0.08009819838560306,,,False,1.6240854794185318e-07,0.05860180594541502
RECOMBINATION_WEIGHTED_AUDITOR,2,1,6,J_G2A_NONNEGATIVE,0.39010554620412824,J_G2a,z_below_0,0.09772044371955244,-0.09772044371955244,2.601564736487685,0.04458754361751847,1.498826719211754,True,0.00681008900714153,0.02974829781588591
RECOMBINATION_WEIGHTED_AUDITOR,2,1,7,CYCLING_CAPACITY,0.13540176393052783,J_G2a,z_below_0,0.08504397797406622,-0.08504397797406622,0.5499271913984038,,,False,0.003999105762071614,0.051015196641521245
RECOMBINATION_WEIGHTED_AUDITOR,2,1,8,CYCLING_CAPACITY,0.12219674337062036,J_G2a,z_below_0,0.03133513999489843,-0.03133513999489843,0.545412104874164,,,False,0.0016059957650109108,0.05297058351474519
RECOMBINATION_WEIGHTED_AUDITOR,2,1,9,CYCLING_CAPACITY,0.11649569023066181,J_G2a,z_below_0,0.01323239147471163,-0.01323239147471163,0.5234952572643121,,,False,0.0007025047257937036,0.0546248940060835
RECOMBINATION_WEIGHTED_AUDITOR,2,1,10,CYCLING_CAPACITY,0.11869992620877501,J_G2a,z_below_0,0.0012131257549029496,-0.0012131257549029496,0.34169789004277873,,,False,5.935299327278745e-05,0.05508460755928238
RECOMBINATION_WEIGHTED_AUDITOR,2,1,11,CYCLING_CAPACITY,0.12122365320465489,J_G2a,z_below_0,3.138884685096834e-05,-3.138884685096834e-05,0.26985011953314864,,,False,1.47828476067573e-06,0.0549770445274215
RECOMBINATION_WEIGHTED_AUDITOR,2,1,12,J_G2A_NONNEGATIVE,3.558669635340388,J_G2a,z_below_0,0.4454931811010718,-0.4454931811010718,2.452072057180432,0.04815448565901049,5.590657623126724,True,0.003036981151059856,0.008613384847573409
RECOMBINATION_WEIGHTED_AUDITOR,2,1,13,CYCLING_CAPACITY,0.17720962193527484,J_G2a,z_below_0,0.05063173769515875,-0.05063173769515875,0.4522074429437861,,,False,0.0020470517150922487,0.04422146608957855
RECOMBINATION_WEIGHTED_AUDITOR,2,1,14,J_G2A_NONNEGATIVE,2.3978979512263563,J_G2a,z_below_0,0.041178342836886934,-0.041178342836886934,2.60811565046283,0.04444351663210206,4.038799653383031,True,0.0005735743090362235,0.011004139954026862
RECOMBINATION_WEIGHTED_AUDITOR,2,1,15,CYCLING_CAPACITY,0.1689303605387154,J_G2a,z_below_0,0.010877158366941492,-0.010877158366941492,0.453683377159257,,,False,0.0004517020025678768,0.043680532252589145
RECOMBINATION_WEIGHTED_AUDITOR,2,1,16,CYCLING_CAPACITY,0.1717725419734225,J_G2a,z_below_0,0.00107012729974549,-0.00107012729974549,0.3441737764042756,,,False,4.343872568437321e-05,0.04448760881887692
RECOMBINATION_WEIGHTED_AUDITOR,2,1,17,CYCLING_CAPACITY,0.1760855248490305,J_G2a,z_below_0,2.9690740029102276e-05,-2.9690740029102276e-05,0.2921846660880556,,,False,1.1560001117295862e-06,0.04348813202061154
RECOMBINATION_WEIGHTED_AUDITOR,2,2,0,J_G2A_NONNEGATIVE,0.8180297730242422,J_G2a,z_below_0,8.111023032683237,-8.111023032683237,11.617825942223485,0.008272310539377822,1.855707110572414,True,0.004218010860130678,0.004457767334213713
RECOMBINATION_WEIGHTED_AUDITOR,2,2,1,J_G1_NONNEGATIVE,2.875134965887957,J_G1,z_below_0,0.6595405207743653,-0.6595405207743653,7.22281532325848,0.013696359592058071,4.096081723257395,True,0.0015584403808029071,0.0033437710762191744
RECOMBINATION_WEIGHTED_AUDITOR,2,2,2,J_G1_NONNEGATIVE,6.493532519020148,J_G1,z_below_0,8.959042613796386,-8.959042613796386,7.236965374006374,0.013667486053046239,7.989927052924273,True,0.001558440380802739,0.00171058959143363
RECOMBINATION_WEIGHTED_AUDITOR,2,2,3,J_G1_NONNEGATIVE,7.221308361979548,J_G1,z_below_0,1.0875090004546561,-1.0875090004546561,7.2343476418872115,0.013672818404190747,8.773398438987412,True,0.0008588516201801017,0.0015584403808028583
RECOMBINATION_WEIGHTED_AUDITOR,2,2,4,J_G1_NONNEGATIVE,7.2249058407155795,J_G1,z_below_0,0.05319665392841399,-0.05319665392841399,7.231183421858439,0.013679269524947536,8.777537911269912,True,8.828153467166314e-05,0.0015584403808024628
RECOMBINATION_WEIGHTED_AUDITOR,2,2,5,J_G1_NONNEGATIVE,7.222781357402502,J_G1,z_below_0,0.001281942189701132,-0.001281942189701132,7.233051710437707,0.013675459774746618,8.775093319708379,True,2.251998057963348e-06,0.0015584403808028213
RECOMBINATION_WEIGHTED_AUDITOR,2,2,6,CYCLING_CAPACITY,0.21584869492217676,J_G1,z_below_0,0.14667430328748288,-0.14667430328748288,-4.365003644422279,,,False,0.0015584403808029165,0.028057956706284207
RECOMBINATION_WEIGHTED_AUDITOR,2,2,7,CYCLING_CAPACITY,0.24720040116546094,J_G1,z_below_0,0.15913832421270113,-0.15913832421270113,-4.903438735284966,,,False,0.00155844038080279,0.026946171820529448
RECOMBINATION_WEIGHTED_AUDITOR,2,2,8,J_G2A_NONNEGATIVE,0.8705547832406112,J_G2a,z_below_0,4.063159095267069,-4.063159095267069,10.693182597496634,0.009023863801462065,1.914374703458522,True,0.004218010860130665,0.004713739575204109
RECOMBINATION_WEIGHTED_AUDITOR,2,2,9,J_G1_NONNEGATIVE,1.23369988976144,J_G1,z_below_0,0.1923931652585168,-0.1923931652585168,6.878925361909067,0.014437697120273008,2.33431050796596,True,0.001558440380803048,0.006184994271757588
RECOMBINATION_WEIGHTED_AUDITOR,2,2,10,J_G1_NONNEGATIVE,7.637598947477087,J_G1,z_below_0,0.5360453695120867,-0.5360453695120867,6.885686997431449,0.014422346571249836,9.2543460429389,True,0.0005850929436694345,0.0015584403808040158
RECOMBINATION_WEIGHTED_AUDITOR,2,2,11,J_G1_NONNEGATIVE,7.635103757630974,J_G1,z_below_0,0.008638632504985566,-0.008638632504985566,6.8876766777918235,0.014417835741988159,9.251451591987546,True,1.495284344848714e-05,0.0015584403808019804
RECOMBINATION_WEIGHTED_AUDITOR,2,2,12,CYCLING_CAPACITY,0.4414935606871653,J_G1,z_below_0,0.30192829313340336,-0.30192829313340336,-9.256830371997887,,,False,0.0015584403808026413,0.014897522470092368
RECOMBINATION_WEIGHTED_AUDITOR,2,2,13,CYCLING_CAPACITY,0.6892939724621638,J_G1,z_below_0,0.4685226977572015,-0.4685226977572015,-13.614220023317776,,,False,0.001558440380803026,0.009994766065371792
RECOMBINATION_WEIGHTED_AUDITOR,2,2,14,J_G1_NONNEGATIVE,5.771831653494614,J_G1,z_below_0,4.107164530578697,-4.107164530578697,7.273423767909719,0.01359365067595188,7.210760294298578,True,0.0015584403808036695,0.0018851896500706232
RECOMBINATION_WEIGHTED_AUDITOR,2,2,15,J_G1_NONNEGATIVE,4.453746825217693,J_G1,z_below_0,1.5658670018368492,-1.5658670018368492,7.167472885542164,0.013810470862317207,5.7982990794803655,True,0.0015584403808030444,0.002381814161879156
RECOMBINATION_WEIGHTED_AUDITOR,2,2,16,J_G1_NONNEGATIVE,7.296866815322094,J_G1,z_below_0,0.1585249521616712,-0.1585249521616712,7.168465408156223,0.013808407593848153,8.860401568095183,True,0.0002363049590845239,0.001558440380802819
RECOMBINATION_WEIGHTED_AUDITOR,2,2,17,J_G1_NONNEGATIVE,7.298532675308053,J_G1,z_below_0,0.0035768074326479444,-0.0035768074326479444,7.167026400158505,0.01381139922320394,8.862321199102993,True,6.259314792143907e-06,0.0015584403806761
RECOMBINATION_WEIGHTED_AUDITOR,3,1,0,J_G1_NONNEGATIVE,0.13697300562648249,J_G1,z_below_0,0.02014079692819467,-0.02014079692819467,2.9764692365240837,0.03625703243896647,1.1689254274125556,True,0.003829796048832157,0.03101740418054065
RECOMBINATION_WEIGHTED_AUDITOR,3,1,1,J_G2A_NONNEGATIVE,0.1829999576498532,J_G2a,z_below_0,0.0015235022461411725,-0.0015235022461411725,1.6882837405321411,0.07945817923798583,1.2919042628820232,True,0.0004334809307964468,0.06150469622317668
RECOMBINATION_WEIGHTED_AUDITOR,3,1,2,J_G2A_NONNEGATIVE,0.19990096416977018,J_G2a,z_below_0,0.0008019443484035044,-0.0008019443484035044,1.7218560291050338,0.07698444092934217,1.313835299465149,True,0.00020557395063253457,0.05859519907912497
RECOMBINATION_WEIGHTED_AUDITOR,3,1,3,J_G2A_NONNEGATIVE,0.20563716643434718,J_G2a,z_below_0,0.0003976192996860806,-0.0003976192996860806,1.741388700659987,0.07561897803090724,1.3201077535838717,True,9.815595346544664e-05,0.05728242851813753
RECOMBINATION_WEIGHTED_AUDITOR,3,1,4,J_G2A_NONNEGATIVE,0.21724301437528032,J_G2a,z_below_0,3.592806648245401e-05,-3.592806648245401e-05,1.7016692278498944,0.07845185321946256,1.3437362147589622,True,8.60525363086496e-06,0.05838337343132124
RECOMBINATION_WEIGHTED_AUDITOR,3,1,5,J_G2A_NONNEGATIVE,0.22044329270279633,J_G2a,z_below_0,9.160608662544182e-07,-9.160608662544182e-07,1.7020252868669368,0.07842545492125659,1.348682345039033,True,2.162105463869621e-07,0.05814968603224863
RECOMBINATION_WEIGHTED_AUDITOR,3,1,6,J_G2A_NONNEGATIVE,0.10035540209598576,J_G2a,z_below_0,0.012037488041549265,-0.012037488041549265,1.6955615585436494,0.0789076421712563,1.160461904793643,True,0.005714724141534899,0.06799675357312819
RECOMBINATION_WEIGHTED_AUDITOR,3,1,7,J_G2A_NONNEGATIVE,0.13106258896617617,J_G2a,z_below_0,0.014790293713616981,-0.014790293713616981,1.8546679821349343,0.0686084367585287,1.1963285358781246,True,0.004912109517063707,0.05734916011860321
RECOMBINATION_WEIGHTED_AUDITOR,3,1,8,J_G2A_NONNEGATIVE,0.14741166012088733,J_G2a,z_below_0,0.006863388335100851,-0.006863388335100851,1.894539315315561,0.06645424762438949,1.2177749685050552,True,0.002090419112719384,0.05457021973934065
RECOMBINATION_WEIGHTED_AUDITOR,3,1,9,J_G2A_NONNEGATIVE,0.153994725941384,J_G2a,z_below_0,0.0030724986661595987,-0.0030724986661595987,1.872366630792282,0.06763439346862118,1.2290606265830222,True,0.0009272520017261932,0.05502933867197033
RECOMBINATION_WEIGHTED_AUDITOR,3,1,10,J_G2A_NONNEGATIVE,0.16581539485375577,J_G2a,z_below_0,0.0002949385064532705,-0.0002949385064532705,1.926726634610563,0.06481570280204392,1.2423554900619171,True,8.162141574618254e-05,0.05217162343671344
RECOMBINATION_WEIGHTED_AUDITOR,3,1,11,J_G2A_NONNEGATIVE,0.16864683951457307,J_G2a,z_below_0,7.409107955553204e-06,-7.409107955553204e-06,1.9189059627435523,0.06520601540300744,1.24704449088213,True,2.027373714656779e-06,0.05228844349962384
RECOMBINATION_WEIGHTED_AUDITOR,3,1,12,J_G1_NONNEGATIVE,0.1656029736684768,J_G1,z_below_0,0.07467955399401097,-0.07467955399401097,3.707302624933664,0.02783767808670745,1.1943275089572982,True,0.007357997147581578,0.023308244914337608
RECOMBINATION_WEIGHTED_AUDITOR,3,1,13,J_G1_NONNEGATIVE,0.12285399599865253,J_G1,z_below_0,0.017463171901337782,-0.017463171901337782,2.6291930789588287,0.0423821195309741,1.1571552271298924,True,0.004228081374278878,0.03662613151400183
RECOMBINATION_WEIGHTED_AUDITOR,3,1,14,J_G1_NONNEGATIVE,0.24003327911901962,J_G1,z_below_0,0.014785357434751213,-0.014785357434751213,5.009094298530864,0.019720474947661906,1.2686241967738,True,0.0010175232295888809,0.015544772831712064
RECOMBINATION_WEIGHTED_AUDITOR,3,1,15,J_G1_NONNEGATIVE,0.13186471702244684,J_G1,z_below_0,0.004529783129144474,-0.004529783129144474,2.81375634301422,0.038886662654498624,1.1651883073453797,True,0.0010468339818289288,0.0333737151405966
RECOMBINATION_WEIGHTED_AUDITOR,3,1,16,J_G1_NONNEGATIVE,0.1348918603278746,J_G1,z_below_0,0.00047324403562850817,-0.00047324403562850817,2.8910200192296562,0.03759132711438778,1.1676813786154885,True,0.00010710315920407872,0.03219313744555861
RECOMBINATION_WEIGHTED_AUDITOR,3,1,17,J_G1_NONNEGATIVE,0.13459530268698036,J_G1,z_below_0,1.2507195664472648e-05,-1.2507195664472648e-05,2.8976830857244513,0.037483710249706266,1.167206864540889,True,2.839601816209916e-06,0.032114024847215206
RECOMBINATION_WEIGHTED_AUDITOR,3,2,0,CYCLING_CAPACITY,0.029539398037289888,J_G1,z_below_0,0.03671790264836748,-0.03671790264836748,7.63423725271725,0.012433177859720273,1.0796437658098939,True,0.003829796048832157,0.011516000234015647
RECOMBINATION_WEIGHTED_AUDITOR,3,2,1,CYCLING_CAPACITY,0.03142926374039645,J_G2a,z_below_0,0.00850756334098238,-0.00850756334098238,7.440233143917629,0.01278192075438404,1.240630243513726,True,0.0004334809307964468,0.010302764116230916
RECOMBINATION_WEIGHTED_AUDITOR,3,2,2,CYCLING_CAPACITY,0.03170389404235169,J_G2a,z_below_0,0.004098433876023821,-0.004098433876023821,7.374808318252973,0.012903990110067097,1.2524784576731611,True,0.00020557395063253457,0.010302764116230764
RECOMBINATION_WEIGHTED_AUDITOR,3,2,3,CYCLING_CAPACITY,0.03155232317222584,J_G2a,z_below_0,0.0020193955808310883,-0.0020193955808310883,7.300526826097989,0.013045446711467826,1.2662084237098368,True,9.815595346544664e-05,0.010302764116231555
RECOMBINATION_WEIGHTED_AUDITOR,3,2,4,CYCLING_CAPACITY,0.031423581750976814,J_G2a,z_below_0,0.0001891218754400665,-0.0001891218754400665,7.160431579592616,0.013320869351078521,1.292941311748909,True,8.60525363086496e-06,0.0103027641162304
RECOMBINATION_WEIGHTED_AUDITOR,3,2,5,CYCLING_CAPACITY,0.03146075382332664,J_G2a,z_below_0,4.779620768114906e-06,-4.779620768114906e-06,7.147436151771464,0.013347009639121077,1.2954785229037438,True,2.162105463869621e-07,0.010302764116231345
RECOMBINATION_WEIGHTED_AUDITOR,3,2,6,CYCLING_CAPACITY,0.023605296891912597,C,z_above_1,0.04640410337832532,1.0464041033783253,8.366613625494494,0.011272367699021195,1.0434517267616041,True,0.011762171540235396,8.562913848914175
RECOMBINATION_WEIGHTED_AUDITOR,3,2,7,CYCLING_CAPACITY,0.010600544630539888,C,z_above_1,0.024649791732006123,1.024649791732006,8.181780586585077,0.011544354458825958,1.0230759448305473,True,0.011810751345422109,8.56291384891413
RECOMBINATION_WEIGHTED_AUDITOR,3,2,8,CYCLING_CAPACITY,0.029693550247322287,J_G2a,z_below_0,0.04734964419375123,-0.04734964419375123,7.506531935135929,0.012660558350126671,1.228850647000737,True,0.002090419112719384,0.010302764116231189
RECOMBINATION_WEIGHTED_AUDITOR,3,2,9,CYCLING_CAPACITY,0.029848038349233497,J_G2a,z_below_0,0.01912094458121618,-0.01912094458121618,7.44344130944875,0.012775994449478826,1.240055028470622,True,0.0009272520017261932,0.010302764116230913
RECOMBINATION_WEIGHTED_AUDITOR,3,2,10,CYCLING_CAPACITY,0.029955926523722587,J_G2a,z_below_0,0.001631776281476488,-0.001631776281476488,7.34867123050485,0.0129534120219645,1.257275414231599,True,8.162141574618254e-05,0.010302764116230774
RECOMBINATION_WEIGHTED_AUDITOR,3,2,11,CYCLING_CAPACITY,0.030021707285691812,J_G2a,z_below_0,4.068159843476567e-05,-4.068159843476567e-05,7.328413943619418,0.012991977624883399,1.2610186429888082,True,2.027373714656779e-06,0.010302764116230996
RECOMBINATION_WEIGHTED_AUDITOR,3,2,12,CYCLING_CAPACITY,0.030023624591107856,C,z_above_1,0.059465028209350644,1.0594650282093507,8.486976387144772,0.011102045734009532,1.05569365132672,True,0.01172035919813276,8.661962486860585
RECOMBINATION_WEIGHTED_AUDITOR,3,2,13,CYCLING_CAPACITY,0.029029219431407127,J_G1,z_below_0,0.04281484925418675,-0.04281484925418675,7.633428978555492,0.01243459127117679,1.0797665003902603,True,0.004228081374278878,0.01151600023401592
RECOMBINATION_WEIGHTED_AUDITOR,3,2,14,CYCLING_CAPACITY,0.030783599973749354,J_G2a,z_below_0,0.00952957994282155,-0.00952957994282155,7.850273461046214,0.012066597935616407,1.1712000584975657,True,0.0006313013779344845,0.010302764116231034
RECOMBINATION_WEIGHTED_AUDITOR,3,2,15,CYCLING_CAPACITY,0.028767518250330304,J_G1,z_below_0,0.007145254914754889,-0.007145254914754889,7.6512116237435395,0.012403569320157954,1.0770726874006595,True,0.0010468339818289288,0.011516000234015736
RECOMBINATION_WEIGHTED_AUDITOR,3,2,16,CYCLING_CAPACITY,0.02872109924034605,J_G1,z_below_0,0.0006610256283068565,-0.0006610256283068565,7.659177141040674,0.012389723640891703,1.0758703880792906,True,0.00010710315920407872,0.011516000234015729
RECOMBINATION_WEIGHTED_AUDITOR,3,2,17,CYCLING_CAPACITY,0.02875393353942024,J_G1,z_below_0,1.7409556731466584e-05,-1.7409556731466584e-05,7.65784058948788,0.01239204467557591,1.0760719367766391,True,2.839601816209916e-06,0.011516000233865531
RECOMBINATION_WEIGHTED_AUDITOR,4,1,0,CYCLING_CAPACITY,0.20317999674033727,J_G1,z_below_0,0.05514792383067008,-0.05514792383067008,1.6437571099125878,0.07994158065544764,1.9364395246960568,True,0.0043624662538783296,0.0412827664566469
RECOMBINATION_WEIGHTED_AUDITOR,4,1,1,CYCLING_CAPACITY,2.3373491188382483,J_G2a,z_below_0,0.19778061352703016,-0.19778061352703016,-12.675058175931404,,,False,0.000309910006150653,0.0024764962002688474
RECOMBINATION_WEIGHTED_AUDITOR,4,1,2,CYCLING_CAPACITY,1.4910355626192398,J_G2a,z_below_0,0.0552572424326567,-0.0552572424326567,-8.99904174542003,,,False,0.0001497957220092897,0.004098946341318198
RECOMBINATION_WEIGHTED_AUDITOR,4,1,3,CYCLING_CAPACITY,1.4144576874618269,J_G2a,z_below_0,0.028387876883101897,-0.028387876883101897,-12.604359678795994,,,False,7.164204403239766e-05,0.004240240435632047
RECOMBINATION_WEIGHTED_AUDITOR,4,1,4,CYCLING_CAPACITY,1.5012415099482803,J_G2a,z_below_0,0.002800447171793145,-0.002800447171793145,-14.123146283406193,,,False,6.23464948702659e-06,0.003611639295081441
RECOMBINATION_WEIGHTED_AUDITOR,4,1,5,CYCLING_CAPACITY,1.397102485517426,J_G2a,z_below_0,6.566222121723796e-05,-6.566222121723796e-05,-13.36265197681373,,,False,1.5721785702290878e-07,0.003921076863422321
RECOMBINATION_WEIGHTED_AUDITOR,4,1,6,CYCLING_CAPACITY,1.4011135703129651,C,z_below_0,1.0287919808722337,-1.0287919808722337,-66.13924325731763,,,False,0.0012968330455507937,2.60372458639491
RECOMBINATION_WEIGHTED_AUDITOR,4,1,7,CYCLING_CAPACITY,1.1141620197363373,J_G1,z_below_0,1.9810816695232345,-1.9810816695232345,-2.261943199721088,,,False,0.009853469457881328,0.01771439590767823
RECOMBINATION_WEIGHTED_AUDITOR,4,1,8,CYCLING_CAPACITY,0.8025519580888987,J_G2a,z_below_0,0.34510793249097144,-0.34510793249097144,-5.8468878436432306,,,False,0.0016286278203956595,0.00979463545637202
RECOMBINATION_WEIGHTED_AUDITOR,4,1,9,CYCLING_CAPACITY,0.8780228296558015,J_G2a,z_below_0,0.15969925582225947,-0.15969925582225947,-7.111240010344858,,,False,0.000712349868013762,0.008601710310748844
RECOMBINATION_WEIGHTED_AUDITOR,4,1,10,CYCLING_CAPACITY,0.8549017301056461,J_G2a,z_below_0,0.01338524932778731,-0.01338524932778731,-7.624399844632251,,,False,6.268597533013167e-05,0.008576384324829886
RECOMBINATION_WEIGHTED_AUDITOR,4,1,11,CYCLING_CAPACITY,0.7725714834181293,J_G2a,z_below_0,0.0003000583577067058,-0.0003000583577067058,-6.865245786557244,,,False,1.5764818425900068e-06,0.009631534686205982
RECOMBINATION_WEIGHTED_AUDITOR,4,1,12,CYCLING_CAPACITY,0.15621144858122948,J_G1,z_below_0,0.09484377808120031,-0.09484377808120031,1.614091186912544,0.08241172122288054,1.792638082371055,True,0.00838138998609229,0.0459723142296953
RECOMBINATION_WEIGHTED_AUDITOR,4,1,13,CYCLING_CAPACITY,0.4293240149397907,J_G1,z_below_0,0.16803876345582083,-0.16803876345582083,0.8916694205915907,,,False,0.004354213875999238,0.0272721268263116
RECOMBINATION_WEIGHTED_AUDITOR,4,1,14,CYCLING_CAPACITY,0.10748804524282668,J_G1,z_below_0,0.007886534191426698,-0.007886534191426698,1.6320276682375467,0.08089900111949763,1.5639956323607407,True,0.0011590462507715955,0.0517258484906293
RECOMBINATION_WEIGHTED_AUDITOR,4,1,15,CYCLING_CAPACITY,0.3429360445526555,J_G1,z_below_0,0.028677376815936285,-0.028677376815936285,1.2722545610502265,0.1314830232627431,4.410044334051285,True,0.001111641491986012,0.029814444777237936
RECOMBINATION_WEIGHTED_AUDITOR,4,1,16,CYCLING_CAPACITY,0.3347446550643418,J_G1,z_below_0,0.0027238051845233226,-0.0027238051845233226,1.3178981291210037,0.12127127879545477,3.9955071781047886,True,0.0001144759468239204,0.030351911131587066
RECOMBINATION_WEIGHTED_AUDITOR,4,1,17,CYCLING_CAPACITY,0.3151766744916188,J_G1,z_below_0,6.791417934031655e-05,-6.791417934031655e-05,1.3982781168120575,0.10709662399953455,3.472317823110266,True,3.053187062044492e-06,0.030842978510418922
RECOMBINATION_WEIGHTED_AUDITOR,4,2,0,J_G2A_NONNEGATIVE,5.827554825080413,J_G2a,z_below_0,0.9367702201291245,-0.9367702201291245,6.532232184177616,0.014169639884420344,7.327087175725795,True,0.0010064187389511004,0.001933870792661444
RECOMBINATION_WEIGHTED_AUDITOR,4,2,1,J_G2A_NONNEGATIVE,11.685930514652341,J_G2a,z_below_0,0.40534520765346865,-0.40534520765346865,6.718903526754119,0.013742441211148832,13.65479464886346,True,0.0003062740396268865,0.001006418738951352
RECOMBINATION_WEIGHTED_AUDITOR,4,2,2,J_G2A_NONNEGATIVE,11.640002602496727,J_G2a,z_below_0,0.15975739938521585,-0.15975739938521585,6.743316908674188,0.013688472323515041,13.601169964090118,True,0.0001480382691364577,0.0010064187389507975
RECOMBINATION_WEIGHTED_AUDITOR,4,2,3,J_G2A_NONNEGATIVE,11.624882677824868,J_G2a,z_below_0,0.07009161821287362,-0.07009161821287362,6.751392900052721,0.013670712700090978,13.583523608013282,True,7.080151591576316e-05,0.0010064187389512292
RECOMBINATION_WEIGHTED_AUDITOR,4,2,4,J_G2A_NONNEGATIVE,11.575566265257505,J_G2a,z_below_0,0.005703609854625868,-0.005703609854625868,6.777869201048873,0.013612812116789682,13.525992303135132,True,6.161502520577136e-06,0.0010064187389515538
RECOMBINATION_WEIGHTED_AUDITOR,4,2,5,J_G2A_NONNEGATIVE,11.566021379221535,J_G2a,z_below_0,0.0001429588847935527,-0.0001429588847935527,6.783017528207736,0.013601610356879552,13.514861985835045,True,1.5537332521132354e-07,0.0010064187389508992
RECOMBINATION_WEIGHTED_AUDITOR,4,2,6,J_G2A_NONNEGATIVE,2.705351886670665,J_G2a,z_below_0,0.26536499037872674,-0.26536499037872674,6.13197170145861,0.015181816394688005,3.9552773133401598,True,0.0010064187389515011,0.003838369649451264
RECOMBINATION_WEIGHTED_AUDITOR,4,2,7,J_G2A_NONNEGATIVE,2.797686570467254,J_G2a,z_below_0,0.2820519452364393,-0.2820519452364393,6.213982455225231,0.01496278922819222,4.052229607224627,True,0.00100641873895183,0.003692483071915621
RECOMBINATION_WEIGHTED_AUDITOR,4,2,8,J_G2A_NONNEGATIVE,7.452616666311858,J_G2a,z_below_0,1.4398211959041232,-1.4398211959041232,6.254127005502809,0.014857868224548496,9.122936522685041,True,0.0010064187389511323,0.0016286278203956595
RECOMBINATION_WEIGHTED_AUDITOR,4,2,9,J_G2A_NONNEGATIVE,12.5861320004441,J_G2a,z_below_0,2.1692438665662914,-2.1692438665662914,6.273716704083228,0.014807202698302008,14.712765298599619,True,0.0007039923441458544,0.0010064187389512275
RECOMBINATION_WEIGHTED_AUDITOR,4,2,10,J_G2A_NONNEGATIVE,12.548146998636613,J_G2a,z_below_0,0.06111077507057958,-0.06111077507057958,6.291306352347391,0.014762004229546325,14.66785509670495,True,6.195052276878634e-05,0.001006418738951309
RECOMBINATION_WEIGHTED_AUDITOR,4,2,11,J_G2A_NONNEGATIVE,12.537437860507014,J_G2a,z_below_0,0.0014444089075908869,-0.0014444089075908869,6.296283251924294,0.01474926572140986,14.655197832247898,True,1.5579860370618828e-06,0.0010064187389511024
RECOMBINATION_WEIGHTED_AUDITOR,4,2,12,J_G2A_NONNEGATIVE,1.7043419062984524,J_G2a,z_below_0,0.16286784421862174,-0.16286784421862174,6.4724819999998235,0.014312059525686096,2.8528814154359803,True,0.001006418738951052,0.005016703269981136
RECOMBINATION_WEIGHTED_AUDITOR,4,2,13,J_G2A_NONNEGATIVE,4.925552431732237,J_G2a,z_below_0,0.7138429889555826,-0.7138429889555826,6.645734003592814,0.013906777009231071,6.3399458590548115,True,0.00100641873895082,0.002193516682696776
RECOMBINATION_WEIGHTED_AUDITOR,4,2,14,J_G2A_NONNEGATIVE,11.553112797484513,J_G2a,z_below_0,2.338906953734113,-2.338906953734113,6.789992621761513,0.013586463345619231,13.49981157920065,True,0.0007210229820025734,0.0010064187389512967
RECOMBINATION_WEIGHTED_AUDITOR,4,2,15,J_G2A_NONNEGATIVE,11.776981896861232,J_G2a,z_below_0,1.0372436773354414,-1.0372436773354414,6.6710232481515135,0.013849534782997603,13.761205199187238,True,0.0005314008334217265,0.0010064187389499564
RECOMBINATION_WEIGHTED_AUDITOR,4,2,16,J_G2A_NONNEGATIVE,11.777693643083625,J_G2a,z_below_0,0.0505225214160314,-0.0505225214160314,6.670651657170524,0.013850372460592716,13.762037534221507,True,5.200595388620772e-05,0.0010064187389513762
RECOMBINATION_WEIGHTED_AUDITOR,4,2,17,J_G2A_NONNEGATIVE,11.792793138649113,J_G2a,z_below_0,0.0012987066930171263,-0.0012987066930171263,6.6627782014247146,0.013868145496252425,13.779697214462704,True,1.4075716146229015e-06,0.0010064187391357836
SCRIPT_SELF_SHIELDING_AUDITOR,0,1,1,J_G2A_NONNEGATIVE,0.35195392625758637,J_G2a,z_below_0,8.645235617840523e-14,-8.645235617840523e-14,374.8834062022562,0.0002640060665934239,1.3524243354941794,True,6.476271425509665e-17,0.0001952094913294764
SCRIPT_SELF_SHIELDING_AUDITOR,0,1,2,J_G2A_NONNEGATIVE,2.257374836204274,J_G2a,z_below_0,6.867902579667274e-13,-6.867902579667274e-13,380.0111575349856,0.0002604389539797052,3.2603506010989345,True,7.913240009903245e-17,7.988065881378574e-05
SCRIPT_SELF_SHIELDING_AUDITOR,0,1,3,J_G2A_NONNEGATIVE,6.208040212861371,J_G2a,z_below_0,5.841688044370002e-12,-5.841688044370002e-12,383.0924094492284,0.00025834147655177903,7.216157367343008,True,2.4277867254737925e-16,3.580042166498656e-05
SCRIPT_SELF_SHIELDING_AUDITOR,0,1,4,J_G2A_NONNEGATIVE,75.20732143289456,J_G2a,z_below_0,2.173832200219313e-11,-2.173832200219313e-11,387.3829585541316,0.0002554764549538395,76.30456038546032,True,7.374891313005909e-17,3.3481151541044725e-06
SCRIPT_SELF_SHIELDING_AUDITOR,0,1,5,J_G2A_NONNEGATIVE,3067.28254061311,J_G2a,z_below_0,1.7926658883446545e-09,-1.7926658883446545e-09,388.2329879964236,0.00025491637171031373,3072.2396492882995,True,1.4879330022798255e-16,8.297411686922485e-08
SCRIPT_SELF_SHIELDING_AUDITOR,0,1,10,J_G2A_NONNEGATIVE,8.445864158487938,J_G2a,z_below_0,1.0952638049698351e-12,-1.0952638049698351e-12,336.4203517620995,0.0002942349404507628,9.45844229562856,True,3.8099793594505907e-17,3.110818158575122e-05
SCRIPT_SELF_SHIELDING_AUDITOR,0,1,11,J_G2A_NONNEGATIVE,380.0257053107993,J_G2a,z_below_0,6.256500199899515e-11,-6.256500199899515e-11,337.58998591463023,0.00029321400314838615,381.58967100037023,True,4.8201346817950526e-17,7.684013101814322e-07
SCRIPT_SELF_SHIELDING_AUDITOR,0,1,12,MACRO_MASS_CAP,0.012685711288448719,M,z_below_0,1468.8726357581245,-1468.8726357581245,1503.0247047080227,6.578223642071437e-05,1.4888015142333562,True,4.417481819736015e-05,4.4184692043780127e-05
SCRIPT_SELF_SHIELDING_AUDITOR,0,1,15,J_G2A_NONNEGATIVE,0.5645926985756298,J_G2a,z_below_0,2.3584156250898905e-13,-2.3584156250898905e-13,242.9467389411699,0.00040767540228370676,1.5657583773079677,True,1.6994338004196463e-16,0.00026036929336736446
SCRIPT_SELF_SHIELDING_AUDITOR,0,1,16,J_G2A_NONNEGATIVE,15.333407897585113,J_G2a,z_below_0,6.031357148146269e-12,-6.031357148146269e-12,244.0446315586205,0.000405837607411616,16.36491047087656,True,1.5930790935724883e-16,2.4799256197206558e-05
SCRIPT_SELF_SHIELDING_AUDITOR,0,1,17,J_G2A_NONNEGATIVE,606.8415822713438,J_G2a,z_below_0,1.6611867786258758e-10,-1.6611867786258758e-10,243.70739265848533,0.00040640035598697006,609.0900208487948,True,1.1102088120132075e-16,6.672254380733944e-07
SCRIPT_SELF_SHIELDING_AUDITOR,0,2,1,CYCLING_CAPACITY,0.028673801269560706,J_G2a,z_below_0,0.02658606432365768,-0.02658606432365768,87.4190879894884,0.0011371555344621652,1.126050003679212,True,0.00019381513781998008,0.0010098623779997934
SCRIPT_SELF_SHIELDING_AUDITOR,0,2,2,CYCLING_CAPACITY,0.02806547342473359,J_G2a,z_below_0,0.0100588290034751,-0.0100588290034751,86.82379910204031,0.0011449975334117768,1.1338154171851769,True,7.931008267940191e-05,0.0010098623780000811
SCRIPT_SELF_SHIELDING_AUDITOR,0,2,3,CYCLING_CAPACITY,0.027596712350998365,J_G2a,z_below_0,0.004481971780127263,-0.004481971780127263,86.35063081993717,0.0011513083633823563,1.1400646152032714,True,3.554470436737948e-05,0.001009862377999584
SCRIPT_SELF_SHIELDING_AUDITOR,0,2,4,CYCLING_CAPACITY,0.026831532201537833,J_G2a,z_below_0,0.00043433807187183725,-0.00043433807187183725,85.50321854793135,0.0011627862255916182,1.151430383905128,True,3.324200045860866e-06,0.0010098623779997678
SCRIPT_SELF_SHIELDING_AUDITOR,0,2,5,CYCLING_CAPACITY,0.026697321291981047,J_G2a,z_below_0,1.0866452663695809e-05,-1.0866452663695809e-05,85.33874562048268,0.0011650405172769656,1.1536626600395907,True,8.238144460587304e-08,0.001009862377999635
SCRIPT_SELF_SHIELDING_AUDITOR,0,2,10,CYCLING_CAPACITY,0.028273305092024414,J_G2a,z_below_0,0.003642726516249739,-0.003642726516249739,87.07431159723943,0.001141684280651984,1.1305345218554699,True,3.0885980288710097e-05,0.0010098623779999348
SCRIPT_SELF_SHIELDING_AUDITOR,0,2,11,CYCLING_CAPACITY,0.028119961721228548,J_G2a,z_below_0,8.848577093316224e-05,-8.848577093316224e-05,86.91986600010063,0.0011437246916155752,1.1325550060407088,True,7.629127293944208e-07,0.001009862377999559
SCRIPT_SELF_SHIELDING_AUDITOR,0,2,12,MACRO_MASS_CAP,0.013130544176080061,M,z_below_0,0.014334455881805734,-0.014334455881805734,60.79398356060172,0.00163932936014502,1.5103103205250237,True,4.417481819736015e-05,0.0010854255167740269
SCRIPT_SELF_SHIELDING_AUDITOR,0,2,14,CYCLING_CAPACITY,0.029080089188225744,C,z_above_1,0.06005648915924244,1.0600564891592423,96.11054358588302,0.001033780679814239,1.0597248519190252,True,0.0010955230778328935,2.33428747316552
SCRIPT_SELF_SHIELDING_AUDITOR,0,2,15,CYCLING_CAPACITY,0.02854683696580984,J_G2a,z_below_0,0.03441716567624944,-0.03441716567624944,88.58440458792401,0.00112211115875967,1.1111525522746817,True,0.0002585095127004548,0.0010098623779989115
SCRIPT_SELF_SHIELDING_AUDITOR,0,2,16,CYCLING_CAPACITY,0.02846877163703898,J_G2a,z_below_0,0.0025445382794292044,-0.0025445382794292044,88.40963555092229,0.0011243420235641198,1.1133616303166745,True,2.4622118652940753e-05,0.001009862377998712
SCRIPT_SELF_SHIELDING_AUDITOR,0,2,17,CYCLING_CAPACITY,0.028405146043512297,J_G2a,z_below_0,6.683757054542638e-05,-6.683757054542638e-05,88.40934016382194,0.001124345801584661,1.1133653714962952,True,6.624595420871555e-07,0.0010098623779484076
SCRIPT_SELF_SHIELDING_AUDITOR,1,1,0,J_G2A_NONNEGATIVE,6.184480155697807,J_G2a,z_below_0,5.578092914413879,-5.578092914413879,3.2141961019848644,0.035530480367249276,8.418511922717595,True,0.0036453435886216,0.004220517912597981
SCRIPT_SELF_SHIELDING_AUDITOR,1,1,1,J_G1_NONNEGATIVE,28.419385299223098,J_G1,z_below_0,1.1633513450622734,-1.1633513450622734,2.432229047470031,0.050487541099664655,37.62824357420988,True,0.0007307062071668356,0.001341745888300469
SCRIPT_SELF_SHIELDING_AUDITOR,1,1,2,J_G1_NONNEGATIVE,5.76564796925315,J_G1,z_below_0,0.057543694248049074,-0.057543694248049074,2.597365378185353,0.046346713249732364,8.297460474018102,True,0.0003437775187816724,0.005585650379999779
SCRIPT_SELF_SHIELDING_AUDITOR,1,1,3,J_G1_NONNEGATIVE,5.3481607621380585,J_G1,z_below_0,0.02569481210982753,-0.02569481210982753,2.6217574462546036,0.045793049659985666,7.751721406790201,True,0.0001696848463709805,0.005907468452087657
SCRIPT_SELF_SHIELDING_AUDITOR,1,1,4,J_G1_NONNEGATIVE,7.154157849387005,J_G1,z_below_0,0.0036281887614954787,-0.0036281887614954787,2.60591098689612,0.04615119398261407,10.042466985695054,True,1.8478956045941847e-05,0.004595603256486073
SCRIPT_SELF_SHIELDING_AUDITOR,1,1,5,J_G1_NONNEGATIVE,6.619130935826443,J_G1,z_below_0,8.566655702819113e-05,-8.566655702819113e-05,2.619875648375576,0.045835283289139266,9.35443566668496,True,4.7091630290128887e-07,0.004899844835362735
SCRIPT_SELF_SHIELDING_AUDITOR,1,1,6,J_G1_NONNEGATIVE,2.248927523582739,J_G1,z_below_0,0.940665379717938,-0.940665379717938,2.338980661096258,0.05317891338394611,3.9534122063961408,True,0.0075158621874864525,0.013451396061839717
SCRIPT_SELF_SHIELDING_AUDITOR,1,1,7,J_G1_NONNEGATIVE,2.9483250822211757,J_G1,z_below_0,0.08470670390168773,-0.08470670390168773,2.4136622051792305,0.05100096229646442,4.825720510116094,True,0.001024679063165317,0.010568569437362105
SCRIPT_SELF_SHIELDING_AUDITOR,1,1,8,J_G1_NONNEGATIVE,6.923521855368122,J_G1,z_below_0,0.7422559164262243,-0.7422559164262243,2.528294343479889,0.04799131373555143,9.83061734317618,True,0.002211239488612145,0.004881820953885882
SCRIPT_SELF_SHIELDING_AUDITOR,1,1,9,J_G1_NONNEGATIVE,8.865901851194552,J_G1,z_below_0,0.4873146530804476,-0.4873146530804476,2.585807354291024,0.04661385840682372,12.227509675010866,True,0.001323101663042643,0.00381221194223118
SCRIPT_SELF_SHIELDING_AUDITOR,1,1,10,J_G1_NONNEGATIVE,10.804710300083135,J_G1,z_below_0,0.038906404828000576,-0.038906404828000576,2.55950069438072,0.047233766134179164,14.720388952103447,True,0.0001287427098318972,0.0032087308486118344
SCRIPT_SELF_SHIELDING_AUDITOR,1,1,11,J_G1_NONNEGATIVE,9.546797648309195,J_G1,z_below_0,0.0008510277309251563,-0.0008510277309251563,2.574567519399995,0.046876679080287545,13.103984875610267,True,3.297895688682177e-06,0.0035772842784286595
SCRIPT_SELF_SHIELDING_AUDITOR,1,1,12,J_G1_NONNEGATIVE,0.7560329231442345,J_G1,z_below_0,0.1663288934811881,-0.1663288934811881,1.7388410243228085,0.08159704559137744,2.1572621651791617,True,0.009123708790975505,0.03782435297315881
SCRIPT_SELF_SHIELDING_AUDITOR,1,1,13,J_G1_NONNEGATIVE,5.513971534428134,J_G1,z_below_0,0.6836260607353875,-0.6836260607353875,2.499708924932225,0.04870734802583221,8.060904578412769,True,0.0026524302172103217,0.00604241714463055
SCRIPT_SELF_SHIELDING_AUDITOR,1,1,14,J_G1_NONNEGATIVE,0.9092198145376518,J_G1,z_below_0,0.01684516864817508,-0.01684516864817508,1.7013583710718427,0.084483044903309,2.408301627390835,True,0.0010080078142747368,0.03507992684240235
SCRIPT_SELF_SHIELDING_AUDITOR,1,1,15,J_G1_NONNEGATIVE,8.44779624992312,J_G1,z_below_0,0.16262949897093337,-0.16262949897093337,2.5531066244976195,0.04738699042544646,11.739266665175698,True,0.0006101803509248808,0.004036622710515558
SCRIPT_SELF_SHIELDING_AUDITOR,1,1,16,J_G1_NONNEGATIVE,8.598367160899086,J_G1,z_below_0,0.014376253429597953,-0.014376253429597953,2.5407761732447973,0.04768535448938319,11.946285079128709,True,6.176543338162871e-05,0.003991647124903626
SCRIPT_SELF_SHIELDING_AUDITOR,1,1,17,J_G1_NONNEGATIVE,8.009873138454052,J_G1,z_below_0,0.00035136394218305395,-0.00035136394218305395,2.535969435679508,0.04780270633455143,11.204118245786582,True,1.648448920508328e-06,0.0042665299745946635
SCRIPT_SELF_SHIELDING_AUDITOR,1,2,0,CYCLING_CAPACITY,0.8764690001392275,J_G1,z_below_0,0.1851940595243614,-0.1851940595243614,-45.2589248817934,,,False,0.00028627638712034974,0.007103210506116896
SCRIPT_SELF_SHIELDING_AUDITOR,1,2,1,CYCLING_CAPACITY,2.680137064651078,J_G1,z_below_0,0.34386780262412164,-0.34386780262412164,-11.7146783310329,,,False,0.00028627638712029813,0.001252396630605204
SCRIPT_SELF_SHIELDING_AUDITOR,1,2,2,J_G1_NONNEGATIVE,5.849911836406949,J_G1,z_below_0,0.7437655450812616,-0.7437655450812616,22.66505319599642,0.0043019040325102,6.983034680048261,True,0.0002862763871203194,0.0006160507901817364
SCRIPT_SELF_SHIELDING_AUDITOR,1,2,3,J_G1_NONNEGATIVE,12.894066935977914,J_G1,z_below_0,14.132556080241665,-14.132556080241665,22.525359294729185,0.0043291978283800485,14.189202155453623,True,0.00028627638712069934,0.00030510509195304686
SCRIPT_SELF_SHIELDING_AUDITOR,1,2,4,J_G1_NONNEGATIVE,13.962701512211497,J_G1,z_below_0,0.12040836935080558,-0.12040836935080558,22.29010761893386,0.004375953301507162,15.285764032191848,True,3.2673755870488756e-05,0.0002862763871201594
SCRIPT_SELF_SHIELDING_AUDITOR,1,2,5,J_G1_NONNEGATIVE,13.983177249904411,J_G1,z_below_0,0.00273520285612865,-0.00273520285612865,22.259646362996875,0.0043820813396531,15.307170052453865,True,8.353186187011982e-07,0.00028627638712033624
SCRIPT_SELF_SHIELDING_AUDITOR,1,2,6,CYCLING_CAPACITY,0.5105431137104705,J_G1,z_below_0,0.09602960622436107,-0.09602960622436107,-23.722143607765673,,,False,0.00028627638712023726,0.01349184895791452
SCRIPT_SELF_SHIELDING_AUDITOR,1,2,7,CYCLING_CAPACITY,0.7797913067149753,J_G1,z_below_0,0.13772480328968184,-0.13772480328968184,-35.12231821370166,,,False,0.00028627638712055054,0.010600352699050604
SCRIPT_SELF_SHIELDING_AUDITOR,1,2,8,CYCLING_CAPACITY,1.3387346612154467,J_G1,z_below_0,0.22651156107085452,-0.22651156107085452,-51.04728737689542,,,False,0.00028627638712036253,0.0048965022401104286
SCRIPT_SELF_SHIELDING_AUDITOR,1,2,9,CYCLING_CAPACITY,1.7980062284283067,J_G1,z_below_0,0.1786727121798426,-0.1786727121798426,-10.715533348983534,,,False,0.0002862763871200352,0.0023272794534067586
SCRIPT_SELF_SHIELDING_AUDITOR,1,2,10,J_G1_NONNEGATIVE,13.842092482781169,J_G1,z_below_0,3.3837528136843544,-3.3837528136843544,22.47124031629204,0.0043398650728199845,15.159703238111563,True,0.0002243488310122164,0.00028627638712013464
SCRIPT_SELF_SHIELDING_AUDITOR,1,2,11,J_G1_NONNEGATIVE,13.878209461534341,J_G1,z_below_0,0.019213577749265125,-0.019213577749265125,22.416691191199504,0.004350670441075824,15.197447770115701,True,5.7692256812561005e-06,0.0002862763871201448
SCRIPT_SELF_SHIELDING_AUDITOR,1,2,12,CYCLING_CAPACITY,0.6328058963608832,J_G1,z_below_0,0.05643378033196511,-0.05643378033196511,-8.519323346964182,,,False,0.00028627638712042314,0.010314239612347736
SCRIPT_SELF_SHIELDING_AUDITOR,1,2,13,CYCLING_CAPACITY,1.597185431082059,J_G1,z_below_0,0.2679300924674088,-0.2679300924674088,-59.99017245836194,,,False,0.00028627638712035673,0.004207225308644896
SCRIPT_SELF_SHIELDING_AUDITOR,1,2,14,CYCLING_CAPACITY,3.743694998682071,J_G1,z_below_0,0.3815564092434795,-0.3815564092434795,-14.383874511755167,,,False,0.0002862763871200656,0.0011741031489749807
SCRIPT_SELF_SHIELDING_AUDITOR,1,2,15,CYCLING_CAPACITY,4.356333649031968,J_G1,z_below_0,0.47445575945055585,-0.47445575945055585,-15.290881760330663,,,False,0.0002862763871204342,0.0009884477825230031
SCRIPT_SELF_SHIELDING_AUDITOR,1,2,16,CYCLING_CAPACITY,13.739829944739984,J_G2a,z_below_0,0.38188155247096645,-0.38188155247096645,-806.9130193960768,,,False,4.231864569008072e-05,0.0024909026038170226
SCRIPT_SELF_SHIELDING_AUDITOR,1,2,17,CYCLING_CAPACITY,13.759758852788002,J_G1,z_below_0,0.009786319117790682,-0.009786319117790682,-14.502903402262461,,,False,2.6559449919304887e-06,0.00028627638634745817
SCRIPT_SELF_SHIELDING_AUDITOR,2,1,0,J_G2A_NONNEGATIVE,1.2258545279748605,J_G2a,z_below_0,0.09817712181116064,-0.09817712181116064,1.7037513299930995,0.08126168713847108,2.888412273095439,True,0.003741848705562507,0.028133687110872496
SCRIPT_SELF_SHIELDING_AUDITOR,2,1,1,CYCLING_CAPACITY,0.14709567893288195,J_G1,z_below_0,0.011800041076436972,-0.011800041076436972,2.5183121093709646,0.04650452921719428,1.4274805830881414,True,0.001252396630605204,0.03257804678266703
SCRIPT_SELF_SHIELDING_AUDITOR,2,1,2,CYCLING_CAPACITY,0.13224578306418266,J_G1,z_below_0,0.004689259725362793,-0.004689259725362793,2.394074505777911,0.04970075684434361,1.3783845337247709,True,0.0006160507901817364,0.03605725080942298
SCRIPT_SELF_SHIELDING_AUDITOR,2,1,3,CYCLING_CAPACITY,0.12078734155127285,J_G1,z_below_0,0.001995308720278431,-0.001995308720278431,2.3102362340718012,0.05212495744215056,1.3449517932509896,True,0.00030510509195304686,0.038756004269978474
SCRIPT_SELF_SHIELDING_AUDITOR,2,1,4,CYCLING_CAPACITY,0.13836525751338136,J_G1,z_below_0,0.00025470180326894114,-0.00025470180326894114,2.453214183478048,0.04812502282412412,1.379894777542902,True,3.277201690187352e-05,0.03487586416539494
SCRIPT_SELF_SHIELDING_AUDITOR,2,1,5,CYCLING_CAPACITY,0.13977851987457895,J_G1,z_below_0,6.5719978894862285e-06,-6.5719978894862285e-06,2.460554188981101,0.04793655287825833,1.3822135576267827,True,8.378307042212694e-07,0.03468100324566624
SCRIPT_SELF_SHIELDING_AUDITOR,2,1,6,J_G2A_NONNEGATIVE,0.6551662938288337,J_G2a,z_below_0,0.13783574224327977,-0.13783574224327977,2.184952029014974,0.056237774556783665,1.8904593196722708,True,0.00681008098971842,0.029748206677376703
SCRIPT_SELF_SHIELDING_AUDITOR,2,1,7,CYCLING_CAPACITY,0.13294797871646946,J_G2a,z_below_0,0.08722577168191054,-0.08722577168191054,0.5038347239637202,,,False,0.0039991319445519926,0.05101483439641025
SCRIPT_SELF_SHIELDING_AUDITOR,2,1,8,CYCLING_CAPACITY,0.1284383830481829,J_G2a,z_below_0,0.03932397064819366,-0.03932397064819366,0.10247385123200559,,,False,0.0016060029338152428,0.05297040145246973
SCRIPT_SELF_SHIELDING_AUDITOR,2,1,9,CYCLING_CAPACITY,0.12597298082851816,J_G2a,z_below_0,0.01837624872114772,-0.01837624872114772,-0.14056520801633932,,,False,0.0007025052821994849,0.05462491992204696
SCRIPT_SELF_SHIELDING_AUDITOR,2,1,10,CYCLING_CAPACITY,0.13271538970644364,J_G2a,z_below_0,0.0019093412462640456,-0.0019093412462640456,-0.7352421072061501,,,False,5.935239442632788e-05,0.05508518811663962
SCRIPT_SELF_SHIELDING_AUDITOR,2,1,11,CYCLING_CAPACITY,0.1366549626477666,J_G2a,z_below_0,5.0963288588677416e-05,-5.0963288588677416e-05,-0.9471704773539305,,,False,1.4782631145662777e-06,0.05497784786298845
SCRIPT_SELF_SHIELDING_AUDITOR,2,1,12,J_G2A_NONNEGATIVE,6.587598838898364,J_G2a,z_below_0,0.4954310706761983,-0.4954310706761983,1.4732197555788193,0.10437500624117,12.117784805665984,True,0.003036836707713931,0.008613373476674282
SCRIPT_SELF_SHIELDING_AUDITOR,2,1,13,J_G2A_NONNEGATIVE,0.3388067093520341,J_G2a,z_below_0,0.015488276697012809,-0.015488276697012809,1.9557026936448325,0.06581150604275114,1.4882306374572836,True,0.0020470629010536463,0.04422130843589767
SCRIPT_SELF_SHIELDING_AUDITOR,2,1,14,J_G2A_NONNEGATIVE,3.25459171131986,J_G2a,z_below_0,0.044636993143659036,-0.044636993143659036,2.082975181536363,0.060115708237469936,5.4630725839418925,True,0.0005735777120494281,0.011004010529564172
SCRIPT_SELF_SHIELDING_AUDITOR,2,1,15,J_G2A_NONNEGATIVE,0.2610196379370603,J_G2a,z_below_0,0.0027179408877051133,-0.0027179408877051133,2.096366289577715,0.05957519440075243,1.3638878082566006,True,0.0004517046954718216,0.04368042154208039
SCRIPT_SELF_SHIELDING_AUDITOR,2,1,16,J_G2A_NONNEGATIVE,0.22880638516356575,J_G2a,z_below_0,0.00022958085339694088,-0.00022958085339694088,2.1208460538219027,0.05861265189383815,1.3175074505900075,True,4.343896967376501e-05,0.04448752974231013
SCRIPT_SELF_SHIELDING_AUDITOR,2,1,17,J_G2A_NONNEGATIVE,0.265791357194494,J_G2a,z_below_0,7.0062301084476555e-06,-7.0062301084476555e-06,2.0956806277088758,0.05960262578243994,1.370551976024622,True,1.156006649569761e-06,0.04348804483527969
SCRIPT_SELF_SHIELDING_AUDITOR,2,2,0,J_G2A_NONNEGATIVE,0.9852613918667517,J_G2a,z_below_0,8.946925967552769,-8.946925967552769,10.639222005382987,0.009071966310989363,2.0351001428538895,True,0.004218010860130734,0.00445774933624025
SCRIPT_SELF_SHIELDING_AUDITOR,2,2,1,J_G1_NONNEGATIVE,2.619334858533827,J_G1,z_below_0,0.6433278261242132,-0.6433278261242132,7.733295012843509,0.012726548206010884,3.8060465013654308,True,0.0015584403808029232,0.003343771076219168
SCRIPT_SELF_SHIELDING_AUDITOR,2,2,2,J_G1_NONNEGATIVE,6.054934384765525,J_G1,z_below_0,8.873268866582666,-8.873268866582666,7.686880190728047,0.012809005178726008,7.488064491255874,True,0.0015584403808025764,0.0017105895914336234
SCRIPT_SELF_SHIELDING_AUDITOR,2,2,3,J_G1_NONNEGATIVE,6.777177689736819,J_G1,z_below_0,1.078908856616115,-1.078908856616115,7.647478961450858,0.012879846874848947,8.264574656501512,True,0.0008588516201801002,0.0015584403808025047
SCRIPT_SELF_SHIELDING_AUDITOR,2,2,4,J_G1_NONNEGATIVE,6.842756905585185,J_G1,z_below_0,0.05283788400782781,-0.05283788400782781,7.583532612029764,0.012996505396691454,8.3394305979154,True,8.828153467166312e-05,0.0015584403808025188
SCRIPT_SELF_SHIELDING_AUDITOR,2,2,5,J_G1_NONNEGATIVE,6.85008849588322,J_G1,z_below_0,0.0012735158203006894,-0.0012735158203006894,7.576449971603495,0.01300955673136853,8.347805210660383,True,2.251998057963356e-06,0.001558440380802724
SCRIPT_SELF_SHIELDING_AUDITOR,2,2,6,CYCLING_CAPACITY,0.2877239143984349,J_G1,z_below_0,0.13016190975557343,-0.13016190975557343,-3.445680244786802,,,False,0.001558440380802981,0.028057956706284255
SCRIPT_SELF_SHIELDING_AUDITOR,2,2,7,CYCLING_CAPACITY,0.37073397619510456,J_G1,z_below_0,0.2853015032621698,-0.2853015032621698,-11.910617777155778,,,False,0.0015584403808030064,0.02694617182052944
SCRIPT_SELF_SHIELDING_AUDITOR,2,2,8,J_G2A_NONNEGATIVE,1.2618374541280917,J_G2a,z_below_0,4.870467949449196,-4.870467949449196,8.84331405722288,0.0110289908088977,2.3397485644333638,True,0.0042180108601307,0.004713750433080694
SCRIPT_SELF_SHIELDING_AUDITOR,2,2,9,J_G2A_NONNEGATIVE,1.5632472661158046,J_G2a,z_below_0,0.5672871106453503,-0.5672871106453503,8.697271977150153,0.011225967258980063,2.6614363099651355,True,0.0020085633454630207,0.004218010860131055
SCRIPT_SELF_SHIELDING_AUDITOR,2,2,10,J_G1_NONNEGATIVE,7.151501579598795,J_G1,z_below_0,0.5318600332958321,-0.5318600332958321,7.296300219161722,0.013547728074901857,8.693132083708417,True,0.0005850929436694337,0.0015584403808026016
SCRIPT_SELF_SHIELDING_AUDITOR,2,2,11,J_G1_NONNEGATIVE,7.158015272046184,J_G1,z_below_0,0.00857246504293732,-0.00857246504293732,7.290474555192532,0.013559393092877198,8.700617142565479,True,1.49528434484872e-05,0.0015584403808025797
SCRIPT_SELF_SHIELDING_AUDITOR,2,2,12,CYCLING_CAPACITY,0.7115855951080725,J_G1,z_below_0,0.28715686845271443,-0.28715686845271443,-8.47700331178212,,,False,0.0015584403808030528,0.01489752247009243
SCRIPT_SELF_SHIELDING_AUDITOR,2,2,13,CYCLING_CAPACITY,1.0423840564601337,J_G1,z_below_0,0.413787049403117,-0.413787049403117,-10.889965375122634,,,False,0.001558440380802675,0.009994766065371785
SCRIPT_SELF_SHIELDING_AUDITOR,2,2,14,J_G1_NONNEGATIVE,5.392994590857542,J_G1,z_below_0,4.064997155315094,-4.064997155315094,7.7044334389471985,0.012777695910465526,6.777936591147095,True,0.0015584403808031368,0.0018851896500706323
SCRIPT_SELF_SHIELDING_AUDITOR,2,2,15,J_G1_NONNEGATIVE,4.246300208707085,J_G1,z_below_0,1.5519648328382396,-1.5519648328382396,7.450885564932776,0.013245375203905728,5.561044776665372,True,0.0015584403808028972,0.0023818141618791627
SCRIPT_SELF_SHIELDING_AUDITOR,2,2,16,J_G1_NONNEGATIVE,6.982118385479682,J_G1,z_below_0,0.15766829585017422,-0.15766829585017422,7.451130124794382,0.01324490758050323,8.498822119638458,True,0.00023630495908452543,0.0015584403808026367
SCRIPT_SELF_SHIELDING_AUDITOR,2,2,17,J_G1_NONNEGATIVE,6.987199698321894,J_G1,z_below_0,0.003557704915663143,-0.003557704915663143,7.446389849408746,0.01325397736729062,8.504641903467778,True,6.259314792158268e-06,0.001558440380880269
SCRIPT_SELF_SHIELDING_AUDITOR,3,1,0,J_G2A_NONNEGATIVE,0.3301473487765661,J_G2a,z_below_0,0.013441642588796706,-0.013441642588796706,1.6940543277584155,0.07902098965220014,1.5211870493347266,True,0.002042339450486448,0.05194692505879474
SCRIPT_SELF_SHIELDING_AUDITOR,3,1,1,J_G2A_NONNEGATIVE,0.5251986439606713,J_G2a,z_below_0,0.003391341751439686,-0.003391341751439686,1.3094908398842628,0.12773868762472856,2.0768843182452192,True,0.0004334797781798504,0.06150496034013887
SCRIPT_SELF_SHIELDING_AUDITOR,3,1,2,J_G2A_NONNEGATIVE,0.5547509052234928,J_G2a,z_below_0,0.001717533231226834,-0.001717533231226834,1.3288604324852535,0.1236632087613092,2.1104524508450035,True,0.00020557171606746735,0.05859559106000977
SCRIPT_SELF_SHIELDING_AUDITOR,3,1,3,J_G2A_NONNEGATIVE,0.5668605845917722,J_G2a,z_below_0,0.0008433682637494582,-0.0008433682637494582,1.3399214191734663,0.12146774924292811,2.120487984789984,True,9.815404653010751e-05,0.05728292266412367
SCRIPT_SELF_SHIELDING_AUDITOR,3,1,4,J_G2A_NONNEGATIVE,0.5670241612814237,J_G2a,z_below_0,7.283950799728536e-05,-7.283950799728536e-05,1.321819038233822,0.12510942616673495,2.1428616623632886,True,8.604868446507694e-06,0.05838427573936624
SCRIPT_SELF_SHIELDING_AUDITOR,3,1,5,J_G2A_NONNEGATIVE,0.5702070714835961,J_G2a,z_below_0,1.8415968208201858e-06,-1.8415968208201858e-06,1.3228840846364966,0.12488816283504083,2.147667207858254,True,2.1619995896538814e-07,0.0581506121516772
SCRIPT_SELF_SHIELDING_AUDITOR,3,1,6,J_G2A_NONNEGATIVE,0.26637393660656555,J_G2a,z_below_0,0.027762450282444423,-0.027762450282444423,1.4732788443397855,0.10056053344026629,1.4789038982488456,True,0.0057147182725646225,0.06799666534068843
SCRIPT_SELF_SHIELDING_AUDITOR,3,1,7,J_G2A_NONNEGATIVE,0.41163025601555747,J_G2a,z_below_0,0.03721968580817416,-0.03721968580817416,1.4860455408944007,0.09896746574812246,1.7257018296745357,True,0.004912123745711924,0.057349110979842646
SCRIPT_SELF_SHIELDING_AUDITOR,3,1,8,J_G2A_NONNEGATIVE,0.4675511856474502,J_G2a,z_below_0,0.017020122754621992,-0.017020122754621992,1.481253874342961,0.09955881831276579,1.8244159441262302,True,0.0020904233654155022,0.05457024130560732
SCRIPT_SELF_SHIELDING_AUDITOR,3,1,9,J_G2A_NONNEGATIVE,0.4826748599712565,J_G2a,z_below_0,0.007495450450771854,-0.007495450450771854,1.4572974286579816,0.10263663174765925,1.8651221248201508,True,0.0009272518132328061,0.055029443049235315
SCRIPT_SELF_SHIELDING_AUDITOR,3,1,10,J_G2A_NONNEGATIVE,0.521714651273976,J_G2a,z_below_0,0.0007109381485118848,-0.0007109381485118848,1.4760975255266393,0.10020395402669738,1.9206503577139822,True,8.16208923468407e-05,0.0521718873111102
SCRIPT_SELF_SHIELDING_AUDITOR,3,1,11,J_G2A_NONNEGATIVE,0.5267788123022187,J_G2a,z_below_0,1.7714048303411533e-05,-1.7714048303411533e-05,1.4687882016868186,0.10113445944616231,1.934154450797977,True,2.027356569017403e-06,0.052288719447631034
SCRIPT_SELF_SHIELDING_AUDITOR,3,1,12,J_G1_NONNEGATIVE,0.24179836741121727,J_G1,z_below_0,0.10234968514863942,-0.10234968514863942,3.479826578384201,0.030002165663759107,1.2871911108718501,True,0.007357997147581559,0.0233082449143374
SCRIPT_SELF_SHIELDING_AUDITOR,3,1,13,J_G1_NONNEGATIVE,0.2473018159971741,J_G1,z_below_0,0.03164556702240932,-0.03164556702240932,2.3668689623455164,0.048621154923629305,1.3274990536481215,True,0.004228081374278878,0.03662613151400201
SCRIPT_SELF_SHIELDING_AUDITOR,3,1,14,J_G2A_NONNEGATIVE,0.48557734458171,J_G2a,z_below_0,0.008511164434461801,-0.008511164434461801,2.4048755331556135,0.04760313182097505,1.6370064042978847,True,0.0006313035967543474,0.02907938032251751
SCRIPT_SELF_SHIELDING_AUDITOR,3,1,15,J_G2A_NONNEGATIVE,0.2669026776705631,J_G2a,z_below_0,0.003568107731317815,-0.003568107731317815,1.974250757208572,0.06254480852512499,1.3834699383582088,True,0.0005916377265313916,0.045208650214220165
SCRIPT_SELF_SHIELDING_AUDITOR,3,1,16,J_G2A_NONNEGATIVE,0.27583915516617263,J_G2a,z_below_0,0.0003589247799802692,-0.0003589247799802692,1.9857728055225128,0.06201896511133203,1.3949775037818846,True,5.79504464176719e-05,0.04445875646251939
SCRIPT_SELF_SHIELDING_AUDITOR,3,1,17,J_G2A_NONNEGATIVE,0.27590458509855753,J_G2a,z_below_0,9.669579969397165e-06,-9.669579969397165e-06,2.0152053898950277,0.06071654292561066,1.3920559028139228,True,1.5400359028885268e-06,0.04361645448496524
SCRIPT_SELF_SHIELDING_AUDITOR,3,2,0,CYCLING_CAPACITY,0.04216117993731017,J_G2a,z_below_0,0.03444783234497682,-0.03444783234497682,7.907739865288849,0.011972703340136946,1.1620865240693172,True,0.002042339450486448,0.010302764116230975
SCRIPT_SELF_SHIELDING_AUDITOR,3,2,1,CYCLING_CAPACITY,0.04776842360741779,J_G2a,z_below_0,0.006603624301572057,-0.006603624301572057,7.812802577389277,0.012128620306729693,1.177220032401077,True,0.0004334797781798504,0.010302764116230644
SCRIPT_SELF_SHIELDING_AUDITOR,3,2,2,CYCLING_CAPACITY,0.04736245756791546,J_G2a,z_below_0,0.0031461079299197527,-0.0031461079299197527,7.77683579963202,0.012188756698035116,1.1830569505937814,True,0.00020557171606746735,0.01030276411623086
SCRIPT_SELF_SHIELDING_AUDITOR,3,2,3,CYCLING_CAPACITY,0.046829619460823535,J_G2a,z_below_0,0.0015234052680483277,-0.0015234052680483277,7.743712187321814,0.012244670076945914,1.1884839775819225,True,9.815404653010751e-05,0.010302764116230491
SCRIPT_SELF_SHIELDING_AUDITOR,3,2,4,CYCLING_CAPACITY,0.04576979643525375,J_G2a,z_below_0,0.00013889829125016974,-0.00013889829125016974,7.676781397570138,0.012359233439475419,1.199603650053968,True,8.604868446507694e-06,0.010302764116230724
SCRIPT_SELF_SHIELDING_AUDITOR,3,2,5,CYCLING_CAPACITY,0.04565619721047731,J_G2a,z_below_0,3.5062476479811785e-06,-3.5062476479811785e-06,7.668904829006088,0.012372856888505337,1.2009259601521483,True,2.1619995896538814e-07,0.010302764116230604
SCRIPT_SELF_SHIELDING_AUDITOR,3,2,6,CYCLING_CAPACITY,0.03961823985589813,C,z_above_1,0.09228173378246167,1.0922817337824617,8.68958883378151,0.010826684906702789,1.0864056640748405,True,0.011762171805795496,8.562913848914125
SCRIPT_SELF_SHIELDING_AUDITOR,3,2,7,CYCLING_CAPACITY,0.035386797356673494,C,z_above_1,0.08246216675348615,1.0824621667534862,8.5869885714566,0.010964392919286097,1.0771914818226158,True,0.011810750656011186,8.562913848914123
SCRIPT_SELF_SHIELDING_AUDITOR,3,2,8,CYCLING_CAPACITY,0.046314691087628646,J_G2a,z_below_0,0.037094069775393965,-0.037094069775393965,7.852759625683602,0.01206250526540878,1.1708028184791677,True,0.0020904233654155022,0.010302764116230568
SCRIPT_SELF_SHIELDING_AUDITOR,3,2,9,CYCLING_CAPACITY,0.046294307647259725,J_G2a,z_below_0,0.014724478998733588,-0.014724478998733588,7.825490997958399,0.01210754685856114,1.175174615469233,True,0.0009272518132328061,0.010302764116230287
SCRIPT_SELF_SHIELDING_AUDITOR,3,2,10,CYCLING_CAPACITY,0.04605250969072633,J_G2a,z_below_0,0.0012263727854757288,-0.0012263727854757288,7.7850200470414155,0.012175020217304768,1.181723669488272,True,8.16208923468407e-05,0.01030276411623115
SCRIPT_SELF_SHIELDING_AUDITOR,3,2,11,CYCLING_CAPACITY,0.046018780830885175,J_G2a,z_below_0,3.0436676529021218e-05,-3.0436676529021218e-05,7.775813423684593,0.012190474840436654,1.1832237157824348,True,2.027356569017403e-06,0.010302764116230897
SCRIPT_SELF_SHIELDING_AUDITOR,3,2,12,CYCLING_CAPACITY,0.0299007476171263,C,z_above_1,0.07020391942759419,1.0702039194275943,8.5628650451693,0.0109972818701633,1.0657506052161796,True,0.011720359808859456,8.661962486860581
SCRIPT_SELF_SHIELDING_AUDITOR,3,2,13,CYCLING_CAPACITY,0.03583087941098384,J_G2a,z_below_0,0.04583845169890398,-0.04583845169890398,7.899705843903858,0.011985742066594024,1.1633520802161894,True,0.0025375695556133005,0.010302764116230984
SCRIPT_SELF_SHIELDING_AUDITOR,3,2,14,CYCLING_CAPACITY,0.04369921465692139,J_G2a,z_below_0,0.008542402410296154,-0.008542402410296154,7.980259917919042,0.011856280898543525,1.150786406908517,True,0.0006313035967543474,0.010302764116231043
SCRIPT_SELF_SHIELDING_AUDITOR,3,2,15,CYCLING_CAPACITY,0.03669182904426699,J_G2a,z_below_0,0.008672609223519487,-0.008672609223519487,7.8815535436546895,0.012015307133631803,1.1662217049794439,True,0.0005916377265313916,0.010302764116230873
SCRIPT_SELF_SHIELDING_AUDITOR,3,2,16,CYCLING_CAPACITY,0.03669276852541581,J_G2a,z_below_0,0.0008185478219216302,-0.0008185478219216302,7.861234881148882,0.01204857435561534,1.169450665829964,True,5.79504464176719e-05,0.010302764116230947
SCRIPT_SELF_SHIELDING_AUDITOR,3,2,17,CYCLING_CAPACITY,0.036568707207952855,J_G2a,z_below_0,2.1641974995549386e-05,-2.1641974995549386e-05,7.860758725189232,0.012049356166120405,1.169526549420622,True,1.5400359028885268e-06,0.010302764116034476
SCRIPT_SELF_SHIELDING_AUDITOR,4,1,0,CYCLING_CAPACITY,0.3073494534619209,J_G2a,z_below_0,0.053387930522520124,-0.053387930522520124,1.5974326842395432,0.08387232933742234,3.1976609868740122,True,0.0019338634237705803,0.026229274986218826
SCRIPT_SELF_SHIELDING_AUDITOR,4,1,1,J_G2A_NONNEGATIVE,6.8335101575531745,J_G2a,z_below_0,0.1265859426967968,-0.1265859426967968,4.459504737919602,0.021653244957085288,8.742493002542616,True,0.0003099102191407486,0.002476781502803352
SCRIPT_SELF_SHIELDING_AUDITOR,4,1,2,J_G2A_NONNEGATIVE,3.2454759816684002,J_G2a,z_below_0,0.029695180697695146,-0.029695180697695146,5.018571019918358,0.018950480026805168,4.622645008642934,True,0.0001497950466084008,0.004099488494438478
SCRIPT_SELF_SHIELDING_AUDITOR,4,1,3,J_G2A_NONNEGATIVE,3.0629440476784544,J_G2a,z_below_0,0.013278490121926197,-0.013278490121926197,5.0732354604455985,0.018722127437132016,4.4145611811610515,True,7.164128563850024e-05,0.004240993989850652
SCRIPT_SELF_SHIELDING_AUDITOR,4,1,4,J_G2A_NONNEGATIVE,4.031757759544636,J_G2a,z_below_0,0.0014146043625252822,-0.0014146043625252822,4.791049301879255,0.019964248301366054,5.5258217084325425,True,6.234462715072346e-06,0.003612901276003913
SCRIPT_SELF_SHIELDING_AUDITOR,4,1,5,J_G2A_NONNEGATIVE,3.536460704808153,J_G2a,z_below_0,3.1970735702464756e-05,-3.1970735702464756e-05,4.9036363997809715,0.019449329900994825,4.958510982644174,True,1.5721262357133034e-07,0.003922413395689059
SCRIPT_SELF_SHIELDING_AUDITOR,4,1,6,J_G2A_NONNEGATIVE,2.172062236048282,J_G2a,z_below_0,0.5664807610988492,-0.5664807610988492,4.346758153517852,0.022295040176531573,3.4723990116641423,True,0.002847149635552312,0.006420644661411393
SCRIPT_SELF_SHIELDING_AUDITOR,4,1,7,CYCLING_CAPACITY,2.0186133604680623,J_G2a,z_below_0,1.2255587068067793,-1.2255587068067793,0.31958064557546173,,,False,0.0036924956902466663,0.006750882307382356
SCRIPT_SELF_SHIELDING_AUDITOR,4,1,8,CYCLING_CAPACITY,1.3228533382322,J_G2a,z_below_0,0.19156384225887146,-0.19156384225887146,0.8548368523248175,,,False,0.0016286334681584155,0.009794757293544249
SCRIPT_SELF_SHIELDING_AUDITOR,4,1,9,CYCLING_CAPACITY,1.4799368850526418,J_G2a,z_below_0,0.08907582914067658,-0.08907582914067658,0.6424540185557568,,,False,0.0007123513718720209,0.008601907177398208
SCRIPT_SELF_SHIELDING_AUDITOR,4,1,10,CYCLING_CAPACITY,1.4136355900231488,J_G2a,z_below_0,0.0072346178048741504,-0.0072346178048741504,0.6813268284386034,,,False,6.268582851667748e-05,0.008576730572678135
SCRIPT_SELF_SHIELDING_AUDITOR,4,1,11,CYCLING_CAPACITY,1.2319161172499051,J_G2a,z_below_0,0.000156687575932827,-0.000156687575932827,0.8885932951996569,,,False,1.5764761976317034e-06,0.009631949209008301
SCRIPT_SELF_SHIELDING_AUDITOR,4,1,12,CYCLING_CAPACITY,0.21858758368694775,J_G1,z_below_0,0.12158562768226135,-0.12158562768226135,1.392582465000179,0.10797689193624131,2.348737359549581,True,0.00838138998609227,0.04597231422969664
SCRIPT_SELF_SHIELDING_AUDITOR,4,1,13,CYCLING_CAPACITY,0.7131068725045068,J_G2a,z_below_0,0.12601965325111167,-0.12601965325111167,0.785159877591223,,,False,0.0021935200502266527,0.018594011780156728
SCRIPT_SELF_SHIELDING_AUDITOR,4,1,14,CYCLING_CAPACITY,0.16819689641735447,J_G2a,z_below_0,0.007477661622421869,-0.007477661622421869,1.6633812766303957,0.07839288101224677,1.843802249520072,True,0.000709287120537539,0.04251696787584018
SCRIPT_SELF_SHIELDING_AUDITOR,4,1,15,CYCLING_CAPACITY,0.5397579260816094,J_G2a,z_below_0,0.020933348920535354,-0.020933348920535354,1.0204537467453023,0.333424798434755,14.620427175202908,True,0.0005377105485675933,0.02280540742340708
SCRIPT_SELF_SHIELDING_AUDITOR,4,1,16,CYCLING_CAPACITY,0.5335572295733488,J_G2a,z_below_0,0.0019844489481814654,-0.0019844489481814654,1.064931676846062,0.2385519915249296,10.493161008175068,True,5.262346750349708e-05,0.022734044711510405
SCRIPT_SELF_SHIELDING_AUDITOR,4,1,17,CYCLING_CAPACITY,0.4952859271361035,J_G2a,z_below_0,4.9170410800995724e-05,-4.9170410800995724e-05,1.0943772438987724,0.2089868434912605,8.612978066484784,True,1.4242847596765292e-06,0.024264179227911856
SCRIPT_SELF_SHIELDING_AUDITOR,4,2,0,J_G2A_NONNEGATIVE,5.405010178526385,J_G2a,z_below_0,0.9261728120430082,-0.9261728120430082,6.9631960212129655,0.0132208871899871,6.836515457854552,True,0.0010064187389516707,0.0019338634237705803
SCRIPT_SELF_SHIELDING_AUDITOR,4,2,1,J_G2A_NONNEGATIVE,9.988269090778147,J_G2a,z_below_0,0.39998660551643406,-0.39998660551643406,7.756958131521429,0.011769914537972713,11.69484835927914,True,0.0003062742501181167,0.0010064187389513275
SCRIPT_SELF_SHIELDING_AUDITOR,4,2,2,J_G2A_NONNEGATIVE,9.904104800987177,J_G2a,z_below_0,0.15757161368514794,-0.15757161368514794,7.816830893570071,0.011673300417146011,11.598850424141405,True,0.00014803760165959604,0.00100641873895103
SCRIPT_SELF_SHIELDING_AUDITOR,4,2,3,J_G2A_NONNEGATIVE,9.856262948959985,J_G2a,z_below_0,0.06910855959606832,-0.06910855959606832,7.851278444138217,0.011618430410414868,11.544330367419708,True,7.080076641959452e-05,0.0010064187389512245
SCRIPT_SELF_SHIELDING_AUDITOR,4,2,4,J_G2A_NONNEGATIVE,9.864594339637387,J_G2a,z_below_0,0.005625844706427382,-0.005625844706427382,7.845257780503431,0.011627983176524848,11.553822207881941,True,6.16131793989323e-06,0.0010064187389513676
SCRIPT_SELF_SHIELDING_AUDITOR,4,2,5,J_G2A_NONNEGATIVE,9.888610272826103,J_G2a,z_below_0,0.00014105006906137162,-0.00014105006906137162,7.827954269589,0.011655525816598507,11.581189186465009,True,1.55368153160329e-07,0.0010064187389512967
SCRIPT_SELF_SHIELDING_AUDITOR,4,2,6,J_G2A_NONNEGATIVE,2.4714022673860847,J_G2a,z_below_0,0.2587545587972291,-0.2587545587972291,6.545228257966052,0.014139037988047123,3.6836063035190603,True,0.0010064187389514944,0.0038383683876693536
SCRIPT_SELF_SHIELDING_AUDITOR,4,2,7,J_G2A_NONNEGATIVE,2.5196197059095002,J_G2a,z_below_0,0.27408571891100597,-0.27408571891100597,6.704894500163121,0.013773602963974486,3.7301608774672346,True,0.0010064187389510707,0.0036924956902466663
SCRIPT_SELF_SHIELDING_AUDITOR,4,2,8,J_G2A_NONNEGATIVE,6.795866815320232,J_G2a,z_below_0,1.4235327837313274,-1.4235327837313274,6.7809722557757155,0.013606058259868048,8.354278925173482,True,0.001006418738951488,0.0016286334681584155
SCRIPT_SELF_SHIELDING_AUDITOR,4,2,9,J_G2A_NONNEGATIVE,11.471984238920422,J_G2a,z_below_0,2.153862451277972,-2.153862451277972,6.834160598846836,0.013491328122280094,13.405283109433816,True,0.000703993830360364,0.001006418738951192
SCRIPT_SELF_SHIELDING_AUDITOR,4,2,10,J_G2A_NONNEGATIVE,11.352826456431849,J_G2a,z_below_0,0.06063936844558767,-0.06063936844558767,6.900084250006472,0.013351790148310356,13.266635080968038,True,6.19503776777972e-05,0.0010064187389509551
SCRIPT_SELF_SHIELDING_AUDITOR,4,2,11,J_G2A_NONNEGATIVE,11.328369744409818,J_G2a,z_below_0,0.0014331051199617335,-0.0014331051199617335,6.91377246482395,0.013323178692754192,13.238206103593352,True,1.5579804583321142e-06,0.0010064187389511768
SCRIPT_SELF_SHIELDING_AUDITOR,4,2,12,J_G2A_NONNEGATIVE,2.5924201779777136,J_G2a,z_below_0,0.18649200299985957,-0.18649200299985957,4.872442158853337,0.019589306049646166,3.9048292564355016,True,0.0010064187389510352,0.005016686969695607
SCRIPT_SELF_SHIELDING_AUDITOR,4,2,13,J_G2A_NONNEGATIVE,6.725896804991475,J_G2a,z_below_0,0.747612700454894,-0.747612700454894,5.097089256754103,0.01862420421957979,8.490555724646958,True,0.00100641873895148,0.0021935200502266527
SCRIPT_SELF_SHIELDING_AUDITOR,4,2,14,J_G2A_NONNEGATIVE,14.604928047538964,J_G2a,z_below_0,2.378523434119666,-2.378523434119666,5.462091399294394,0.017244511333863295,17.13452926346981,True,0.0007210250632161738,0.0010064187389511752
SCRIPT_SELF_SHIELDING_AUDITOR,4,2,15,J_G2A_NONNEGATIVE,15.600447907570722,J_G2a,z_below_0,1.057533818814602,-1.057533818814602,5.1345327396957146,0.018472550536886227,18.354736276203827,True,0.0005314019508609558,0.0010064187389515992
SCRIPT_SELF_SHIELDING_AUDITOR,4,2,16,J_G2A_NONNEGATIVE,15.587634625822199,J_G2a,z_below_0,0.05150792182957459,-0.05150792182957459,5.13849896008567,0.01845663164286821,18.338918909739483,True,5.2006071606592864e-05,0.0010064187389511937
SCRIPT_SELF_SHIELDING_AUDITOR,4,2,17,J_G2A_NONNEGATIVE,15.62524782150723,J_G2a,z_below_0,0.001324096014447733,-0.001324096014447733,5.126873546624964,0.01850336976390894,18.38535894152259,True,1.4075745805777864e-06,0.0010064187391043984
