shape_lane,interval_index,substep,macro_index,endpoint_previous_C,endpoint_previous_I,endpoint_previous_J_G1,endpoint_previous_J_G2a,endpoint_previous_M,endpoint_previous_U,endpoint_target_C,endpoint_target_I,endpoint_target_J_G1,endpoint_target_J_G2a,endpoint_target_M,endpoint_target_U,M_sink_H_cap_cosmic_cMpc3,M_sink_H_cap_volume_cMpc3,prev_cap_cosmic,prev_cap_volume,neutral_previous,neutral_target,previous_state_cone_pass,target_state_cone_pass,previous_mass_caps_pass,target_mass_caps_pass,J_endpoint_nonnegative_pass,convex_state_segment_pass,minimum_endpoint_neutral_slack,minimum_endpoint_cosmic_cap_slack,minimum_endpoint_volume_cap_slack
LOCAL_NEUTRAL_HAZARD_PRIMARY,0,1,0,4.732165632481849e+49,9.463198077408007e+64,3.532375821099304e+49,9.511942065891981e+48,9.53522954022476e+64,2.8729025858967924e+53,4.734281549410279e+49,9.467432617699559e+64,3.532375821099313e+49,9.511942065891985e+48,9.539493075182654e+64,2.874161432436065e+53,1.9982867080879831e+65,1.406538245611929e+67,1.9982867080879831e+65,1.406538245611929e+67,7.203146281675371e+62,7.2060457483095085e+62,True,True,True,True,True,True,7.203146281675371e+62,1.0443374005697177e+65,1.3969987525367464e+67
LOCAL_NEUTRAL_HAZARD_PRIMARY,0,1,1,4.305688755561037e+48,8.61034644980778e+63,3.584220643979812e+48,4.952766839411192e+47,8.675886222415873e+63,2.613988038586579e+52,4.307613979746749e+48,8.614199360701927e+63,3.5842206439798006e+48,4.952766839411186e+47,8.67976551489058e+63,2.615133434122169e+52,3.8278277477244722e+65,2.6943011245571405e+67,3.8278277477244722e+65,2.6943011245571405e+67,6.55397726080933e+61,6.55661541886527e+61,True,True,True,True,True,True,6.55397726080933e+61,3.7410300925755665e+65,2.6934331480056516e+67
LOCAL_NEUTRAL_HAZARD_PRIMARY,0,1,2,1.9936875832883684e+48,3.986897748384988e+63,1.686278928067318e+48,2.0267395043080718e+47,4.017245002512806e+63,1.210369766895823e+52,1.9945790308062927e+48,3.988681783656756e+63,1.686278928067313e+48,2.026739504308068e+47,4.019041253398051e+63,1.2109001259131374e+52,2.155772488130218e+65,1.5173880910684788e+67,2.155772488130218e+65,1.5173880910684788e+67,3.0347254127817845e+61,3.035946974129478e+61,True,True,True,True,True,True,3.0347254127817845e+61,2.1155820755962377e+65,1.516986186943139e+67
LOCAL_NEUTRAL_HAZARD_PRIMARY,0,1,3,9.743498058716205e+47,1.9484662891673528e+63,8.323289488555658e+47,9.083518472928465e+46,1.9632975202067746e+63,5.91528761724372e+51,9.747854717820239e+47,1.949338178241291e+63,8.323289488555663e+47,9.083518472928472e+46,1.964175379263532e+63,5.917879574027192e+51,1.0728828021765943e+65,7.551722624250346e+66,1.0728828021765943e+65,7.551722624250346e+66,1.4831231039421817e+61,1.48372010222408e+61,True,True,True,True,True,True,1.4831231039421817e+61,1.053241048383959e+65,7.549758448871083e+66
LOCAL_NEUTRAL_HAZARD_PRIMARY,0,1,4,1.0463425442842084e+47,2.0924345262588413e+62,9.064197770519011e+46,8.495508904457472e+45,2.1083616069922058e+62,6.352356267021392e+50,1.0468104006684378e+47,2.093370837454739e+62,9.064197770518976e+46,8.495508904457505e+45,2.10930432928089e+62,6.35513973825436e+50,1.0764576037551994e+64,7.5768846549060595e+65,1.0764576037551994e+64,7.5768846549060595e+65,1.5927080733364432e+60,1.5933491826151242e+60,True,True,True,True,True,True,1.5927080733364432e+60,1.0553645604623905e+64,7.574775350576778e+65
LOCAL_NEUTRAL_HAZARD_PRIMARY,0,1,5,2.6602034337461034e+45,5.3197698421509894e+60,2.3099132289977508e+45,2.105413174849616e+44,5.3602625804878726e+60,1.6150122200630772e+49,2.6613929038356318e+45,5.322150303761757e+60,2.3099132289977485e+45,2.105413174849612e+44,5.362659341551567e+60,1.6157198850406816e+49,2.794052134789696e+62,1.96665532123548e+64,2.794052134789696e+62,1.96665532123548e+64,4.0492738336883146e+58,4.050903778981019e+58,True,True,True,True,True,True,4.0492738336883146e+58,2.74042554137418e+62,1.966119055301325e+64
LOCAL_NEUTRAL_HAZARD_PRIMARY,0,1,6,5.561327798118322e+49,1.1121323853448371e+65,4.237330106697077e+49,1.031843579583412e+49,1.120597654898216e+65,3.3762877830323112e+53,5.563814462480155e+49,1.11263003628237e+65,4.2373301066970844e+49,1.0318435795834128e+49,1.1210987133420882e+65,3.3777672025615774e+53,8.021334743528933e+65,3.134891613405384e+67,8.021334743528933e+65,3.134891613405384e+67,8.46526955337879e+62,8.468677059718334e+62,True,True,True,True,True,True,8.46526955337879e+62,6.900236030186845e+65,3.1236806262719627e+67
LOCAL_NEUTRAL_HAZARD_PRIMARY,0,1,7,3.871144671018148e+49,7.741362338776442e+64,3.1099497303323287e+49,5.578314860914613e+48,7.800287624805044e+64,2.3501758812942995e+53,3.872875595330177e+49,7.744826401397439e+64,3.1099497303323204e+49,5.578314860914593e+48,7.803775406491857e+64,2.3512056797947327e+53,1.5365306480192269e+66,6.005056759539585e+67,1.5365306480192269e+66,6.005056759539585e+67,5.892528602860134e+62,5.894900509441828e+62,True,True,True,True,True,True,5.892528602860134e+62,1.4584928939543084e+66,5.997252984133093e+67
LOCAL_NEUTRAL_HAZARD_PRIMARY,0,1,8,1.6981178032452386e+49,3.3958289668856576e+64,1.388601224703541e+49,2.2030908770273165e+48,3.421677155411293e+64,1.0309290517251012e+53,1.6988770911665434e+49,3.397348513921012e+64,1.388601224703542e+49,2.203090877027314e+48,3.4232071070611386e+64,1.0313807835295035e+53,8.653499364327135e+65,3.381953683671262e+67,8.653499364327135e+65,3.381953683671262e+67,2.584818852563533e+62,2.5858593140126596e+62,True,True,True,True,True,True,2.584818852563533e+62,8.311178653621022e+65,3.378530476564201e+67
LOCAL_NEUTRAL_HAZARD_PRIMARY,0,1,9,7.838827822137991e+48,1.567577852017908e+64,6.490006856721114e+48,9.37022585001096e+47,1.5795098569105835e+64,4.7589603724011945e+52,7.842332836496336e+48,1.5682793032102228e+64,6.490006856721127e+48,9.370225850011002e+47,1.5802161110665916e+64,4.761045650483625e+52,4.30666533586075e+65,1.683127493716077e+67,4.30666533586075e+65,1.683127493716077e+67,1.193200489267555e+62,1.193680785636884e+62,True,True,True,True,True,True,1.193200489267555e+62,4.1486437247540906e+65,1.6815472776050105e+67
LOCAL_NEUTRAL_HAZARD_PRIMARY,0,1,10,7.4982008804073e+47,1.4994606204913205e+63,6.3150179075463915e+47,7.892788013898101e+46,1.51087413429993e+63,4.552165408377293e+51,7.501553588534571e+47,1.500131590956181e+63,6.315017907546381e+47,7.892788013898085e+46,1.5115496990214072e+63,4.554160073180292e+51,4.3210149684673677e+64,1.6887356056266576e+66,4.3210149684673677e+64,1.6887356056266576e+66,1.1413513808609618e+61,1.1418108065226273e+61,True,True,True,True,True,True,1.1413513808609618e+61,4.169859998565227e+64,1.687224055927636e+66
LOCAL_NEUTRAL_HAZARD_PRIMARY,0,1,11,1.9131299885488549e+46,3.8258018496220847e+61,1.6176659912193343e+46,1.9496123739080125e+45,3.8549228826408493e+61,1.1614631688992952e+50,1.913985415945832e+46,3.8275137985792124e+61,1.6176659912193336e+46,1.949612373908015e+45,3.8566465536233664e+61,1.1619720980561133e+50,1.121562154885324e+63,4.383280221660519e+64,1.121562154885324e+63,4.383280221660519e+64,2.9121033018764653e+59,2.913275504415395e+59,True,True,True,True,True,True,2.9121033018764653e+59,1.0829956893490902e+63,4.379423575106896e+64
LOCAL_NEUTRAL_HAZARD_PRIMARY,0,1,12,6.004793468319635e+49,1.200814899938997e+65,4.475312386501754e+49,1.2140303178654384e+49,1.2099551982934458e+65,3.6455162440846407e+53,6.007478421708446e+49,1.2013522340447497e+65,4.4753123865017375e+49,1.2140303178654392e+49,1.2104962116233975e+65,3.647113633961435e+53,2.023106764287333e+65,3.1321766099781997e+66,2.023106764287333e+65,3.1321766099781997e+66,9.140298354448746e+62,9.143977578647894e+62,True,True,True,True,True,True,9.140298354448746e+62,8.126105526639355e+64,3.01112698881586e+66
LOCAL_NEUTRAL_HAZARD_PRIMARY,0,1,13,1.695091203699795e+49,3.3897764925591186e+64,1.301055752366207e+49,3.049869573267081e+48,3.41557861118578e+64,1.0290916000516235e+53,1.6958491383224812e+49,3.391293331266253e+64,1.3010557523662076e+49,3.049869573267072e+48,3.417105835962991e+64,1.0295425267226768e+53,3.875371926162632e+65,5.999856021621605e+66,3.875371926162632e+65,5.999856021621605e+66,2.580211862666141e+62,2.581250469673774e+62,True,True,True,True,True,True,2.580211862666141e+62,3.533661342566333e+65,5.965684963261975e+66
LOCAL_NEUTRAL_HAZARD_PRIMARY,0,1,14,6.426018969587543e+48,1.2850499133204514e+64,4.9444255184649936e+48,1.144014381363673e+48,1.2948313872251345e+64,3.9012426758755683e+52,6.428892267645167e+48,1.2856249404508249e+64,4.944425518465003e+48,1.1440143813636716e+48,1.295410351670691e+64,3.902952119789711e+52,2.1825486229520344e+65,3.379024709730831e+66,2.1825486229520344e+65,3.379024709730831e+66,9.781473904683065e+61,9.785411219866138e+61,True,True,True,True,True,True,9.781473904683065e+61,2.0530075877849653e+65,3.3660706062141242e+66
LOCAL_NEUTRAL_HAZARD_PRIMARY,0,1,15,3.8561782563200795e+48,7.711433093311259e+63,2.9930237199099875e+48,6.605773148435464e+47,7.770130565516855e+63,2.341089755653948e+52,3.857902488624119e+48,7.71488376335664e+63,2.993023719909998e+48,6.6057731484354496e+47,7.773604862926659e+63,2.3421155728019081e+52,1.0862087234958699e+65,1.681669804750275e+66,1.0862087234958699e+65,1.681669804750275e+66,5.869747220559595e+61,5.872109957001821e+61,True,True,True,True,True,True,5.869747220559595e+61,1.0084726748666033e+65,1.6738961998873483e+66
LOCAL_NEUTRAL_HAZARD_PRIMARY,0,1,16,3.861731079913524e+47,7.7225374107918205e+62,3.0296846973443694e+47,6.291774536435115e+46,7.781319406244755e+62,2.344460880525641e+51,3.8634577950794e+47,7.725993049736659e+62,3.02968469734437e+47,6.291774536435109e+46,7.784798706576973e+62,2.3454881748308495e+51,1.0898279264988302e+64,1.6872730597008994e+65,1.0898279264988302e+64,1.6872730597008994e+65,5.878199545293435e+60,5.880565684031364e+60,True,True,True,True,True,True,5.878199545293435e+60,1.0119799394330604e+64,1.6794882609943225e+65
LOCAL_NEUTRAL_HAZARD_PRIMARY,0,1,17,1.032087641034306e+46,2.063928133307973e+61,8.085882661821196e+45,1.6928055174686376e+45,2.079638230610675e+61,6.265814603882532e+49,1.0325491235522252e+46,2.0648516886185424e+61,8.085882661821196e+45,1.6928055174686395e+45,2.0805681096721679e+61,6.268560154347255e+49,2.828756129330972e+62,4.379484039115477e+63,2.828756129330972e+62,4.379484039115477e+63,1.5710097302702169e+59,1.5716421053625474e+59,True,True,True,True,True,True,1.5710097302702169e+59,2.6206993183637554e+62,4.358678358018755e+63
LOCAL_NEUTRAL_HAZARD_PRIMARY,0,2,0,4.734281549410279e+49,9.467432617699559e+64,3.532375821099313e+49,9.511942065891985e+48,9.539493075182654e+64,2.874161432436065e+53,4.786981387561816e+49,9.572060086407161e+64,3.570704852365172e+49,9.609626524385065e+48,9.644838216175146e+64,2.905358520983816e+53,1.9982867080879831e+65,1.4064936081990275e+67,1.9982867080879831e+65,1.406538245611929e+67,7.2060457483095085e+62,7.2778129767985235e+62,True,True,True,True,True,True,7.2060457483095085e+62,1.0338028864704685e+65,1.3968487699828523e+67
LOCAL_NEUTRAL_HAZARD_PRIMARY,0,2,1,4.307613979746749e+48,8.614199360701927e+63,3.5842206439798006e+48,4.952766839411186e+47,8.67976551489058e+63,2.615133434122169e+52,4.355791596023324e+48,8.70985188898735e+63,3.6231122319887216e+48,5.0036300956630435e+47,8.776074491573895e+63,2.6436568694456057e+52,3.8278277477244722e+65,2.6942156191454304e+67,3.8278277477244722e+65,2.6943011245571405e+67,6.55661541886527e+61,6.622260258654489e+61,True,True,True,True,True,True,6.55661541886527e+61,3.7400670028087333e+65,2.693338011696273e+67
LOCAL_NEUTRAL_HAZARD_PRIMARY,0,2,2,1.9945790308062927e+48,3.988681783656756e+63,1.686278928067313e+48,2.026739504308068e+47,4.019041253398051e+63,1.2109001259131374e+52,2.016903350235608e+48,4.033005038852752e+63,1.7045763689485462e+48,2.0475534400546665e+47,4.063668716412546e+63,1.2241174260325361e+52,2.155772488130218e+65,1.5173399357630943e+67,2.155772488130218e+65,1.5173880910684788e+67,3.035946974129478e+61,3.066367755979382e+61,True,True,True,True,True,True,3.035946974129478e+61,2.1151358009660926e+65,1.516933568891453e+67
LOCAL_NEUTRAL_HAZARD_PRIMARY,0,2,3,9.747854717820239e+47,1.949338178241291e+63,8.323289488555663e+47,9.083518472928472e+46,1.964175379263532e+63,5.917879574027192e+51,9.857007979368752e+47,1.9710098078900066e+63,8.413603667793358e+47,9.176803164644745e+46,1.9859957572340032e+63,5.982505425794212e+51,1.0728828021765943e+65,7.551482965384374e+66,1.0728828021765943e+65,7.551722624250346e+66,1.48372010222408e+61,1.4985949343996555e+61,True,True,True,True,True,True,1.48372010222408e+61,1.0530228446042542e+65,7.54949696962714e+66
LOCAL_NEUTRAL_HAZARD_PRIMARY,0,2,4,1.0468104006684378e+47,2.093370837454739e+62,9.064197770518976e+46,8.495508904457505e+45,2.10930432928089e+62,6.35513973825436e+50,1.0585399677040252e+47,2.1166591959295727e+62,9.16255138217914e+46,8.582754934890236e+45,2.1327525443044663e+62,6.4245875761327234e+50,1.0764576037551994e+64,7.576644197506554e+65,1.0764576037551994e+64,7.5768846549060595e+65,1.5933491826151242e+60,1.609334837489362e+60,True,True,True,True,True,True,1.5933491826151242e+60,1.0551300783121547e+64,7.574511444962249e+65
LOCAL_NEUTRAL_HAZARD_PRIMARY,0,2,5,2.6613929038356318e+45,5.322150303761757e+60,2.3099132289977485e+45,2.105413174849612e+44,5.362659341551567e+60,1.6157198850406816e+49,2.6912172986549044e+45,5.381364915108614e+60,2.3349775881881903e+45,2.1270350628368023e+44,5.422280420296136e+60,1.633378214250494e+49,2.794052134789696e+62,1.9665929081401505e+64,2.794052134789696e+62,1.96665532123548e+64,4.050903778981019e+58,4.091550518752224e+58,True,True,True,True,True,True,4.050903778981019e+58,2.7398293305867345e+62,1.9660506800981208e+64
LOCAL_NEUTRAL_HAZARD_PRIMARY,0,2,6,5.563814462480155e+49,1.11263003628237e+65,4.2373301066970844e+49,1.0318435795834128e+49,1.1210987133420882e+65,3.3777672025615774e+53,5.625801080432573e+49,1.1249366065219428e+65,4.283308441497481e+49,1.0424402674756332e+49,1.1334897060210223e+65,3.4144626400395957e+53,8.021334743528933e+65,3.1347921255658004e+67,8.021334743528933e+65,3.134891613405384e+67,8.468677059718334e+62,8.553099499079482e+62,True,True,True,True,True,True,8.468677059718334e+62,6.887845037507911e+65,3.12345722850559e+67
LOCAL_NEUTRAL_HAZARD_PRIMARY,0,2,7,3.872875595330177e+49,7.744826401397439e+64,3.1099497303323204e+49,5.578314860914593e+48,7.803775406491857e+64,2.3512056797947327e+53,3.91612188717722e+49,7.830687227477861e+64,3.143695109217864e+49,5.635602285787192e+48,7.890225379774163e+64,2.376808508945688e+53,1.5365306480192269e+66,6.004866185128327e+67,1.5365306480192269e+66,6.005056759539585e+67,5.894900509441828e+62,5.953815229630177e+62,True,True,True,True,True,True,5.894900509441828e+62,1.4576283942214854e+66,5.996975959748552e+67
LOCAL_NEUTRAL_HAZARD_PRIMARY,0,2,8,1.6988770911665434e+49,3.397348513921012e+64,1.388601224703542e+49,2.203090877027314e+48,3.4232071070611386e+64,1.0313807835295035e+53,1.717862497697979e+49,3.4350421939964564e+64,1.4036686304533968e+49,2.2257158822936114e+48,3.4611594502920136e+64,1.0426208170630603e+53,8.653499364327135e+65,3.381846355154984e+67,8.653499364327135e+65,3.381953683671262e+67,2.5858593140126596e+62,2.6117256295557172e+62,True,True,True,True,True,True,2.5858593140126596e+62,8.307383419297934e+65,3.3783851957046923e+67
LOCAL_NEUTRAL_HAZARD_PRIMARY,0,2,9,7.842332836496336e+48,1.5682793032102228e+64,6.490006856721127e+48,9.370225850011002e+47,1.5802161110665916e+64,4.761045650483625e+52,7.93002209345947e+48,1.5856892229069714e+64,6.560428490297329e+48,9.46645493044221e+47,1.5977455091185782e+64,4.812961529511454e+52,4.30666533586075e+65,1.6830740785621438e+67,4.30666533586075e+65,1.683127493716077e+67,1.193680785636884e+62,1.2056286211606846e+62,True,True,True,True,True,True,1.193680785636884e+62,4.146890784948892e+65,1.681476333053025e+67
LOCAL_NEUTRAL_HAZARD_PRIMARY,0,2,10,7.501553588534571e+47,1.500131590956181e+63,6.315017907546381e+47,7.892788013898085e+46,1.5115496990214072e+63,4.554160073180292e+51,7.585498111857253e+47,1.5167981204332195e+63,6.3835407746142176e+47,7.973844302697684e+46,1.5283306149479045e+63,4.6038598839040335e+51,4.3210149684673677e+64,1.6886820124956184e+66,4.3210149684673677e+64,1.6887356056266576e+66,1.1418108065226273e+61,1.1532494514685089e+61,True,True,True,True,True,True,1.1418108065226273e+61,4.168181906972577e+64,1.6871536818806706e+66
LOCAL_NEUTRAL_HAZARD_PRIMARY,0,2,11,1.913985415945832e+46,3.8275137985792124e+61,1.6176659912193336e+46,1.949612373908015e+45,3.8566465536233664e+61,1.1619720980561133e+50,1.9354073990370504e+46,3.870045528774351e+61,1.6352189282496527e+46,1.9696342398631836e+45,3.8994701952681515e+61,1.174655158045526e+50,1.121562154885324e+63,4.383141115390409e+64,1.121562154885324e+63,4.383280221660519e+64,2.913275504415395e+59,2.9424666493800685e+59,True,True,True,True,True,True,2.913275504415395e+59,1.0825674529326424e+63,4.379241645195141e+64
LOCAL_NEUTRAL_HAZARD_PRIMARY,0,2,12,6.007478421708446e+49,1.2013522340447497e+65,4.4753123865017375e+49,1.2140303178654392e+49,1.2104962116233975e+65,3.647113633961435e+53,6.074346584597871e+49,1.214627878949155e+65,4.5238730145532875e+49,1.2264980025268198e+49,1.2238629176551392e+65,3.6866979794043445e+53,2.023106764287333e+65,3.1320772083010285e+66,2.023106764287333e+65,3.1321766099781997e+66,9.143977578647894e+62,9.235038705984175e+62,True,True,True,True,True,True,9.143977578647894e+62,7.992438466321938e+64,3.0096909165355145e+66
LOCAL_NEUTRAL_HAZARD_PRIMARY,0,2,13,1.6958491383224812e+49,3.391293331266253e+64,1.3010557523662076e+49,3.049869573267072e+48,3.417105835962991e+64,1.0295425267226768e+53,1.71474848574121e+49,3.428815407813951e+64,1.3151732214965348e+49,3.081190712070828e+48,3.45488532071125e+64,1.040730832448424e+53,3.875371926162632e+65,5.999665612259172e+66,3.875371926162632e+65,5.999856021621605e+66,2.581250469673774e+62,2.606991289729899e+62,True,True,True,True,True,True,2.581250469673774e+62,3.529883394091507e+65,5.96511675905206e+66
LOCAL_NEUTRAL_HAZARD_PRIMARY,0,2,14,6.428892267645167e+48,1.2856249404508249e+64,4.944425518465003e+48,1.1440143813636716e+48,1.295410351670691e+64,3.902952119789711e+52,6.500546369039538e+48,1.299850895610336e+64,4.998076389687985e+48,1.1557630258126898e+48,1.309733900554496e+64,3.9453710502014217e+52,2.1825486229520344e+65,3.37891747416746e+66,2.1825486229520344e+65,3.379024709730831e+66,9.785411219866138e+61,9.883004944160015e+61,True,True,True,True,True,True,9.785411219866138e+61,2.0515752328965849e+65,3.365820135161915e+66
LOCAL_NEUTRAL_HAZARD_PRIMARY,0,2,15,3.857902488624119e+48,7.71488376335664e+63,2.993023719909998e+48,6.6057731484354496e+47,7.773604862926659e+63,2.3421155728019081e+52,3.9009171890824304e+48,7.800283874722575e+63,3.025500360434672e+48,6.673612225719865e+47,7.859590864747411e+63,2.3675803345300797e+52,1.0862087234958699e+65,1.6816164358570565e+66,1.0862087234958699e+65,1.681669804750275e+66,5.872109957001821e+61,5.930699002483613e+61,True,True,True,True,True,True,5.872109957001821e+61,1.0076128148483958e+65,1.673756844992309e+66
LOCAL_NEUTRAL_HAZARD_PRIMARY,0,2,16,3.8634577950794e+47,7.725993049736659e+62,3.02968469734437e+47,6.291774536435109e+46,7.784798706576973e+62,2.3454881748308495e+51,3.906554294746907e+47,7.8115558454626305e+62,3.062559138052683e+47,6.356388953164581e+46,7.87094853834995e+62,2.3710016582516478e+51,1.0898279264988302e+64,1.6872195129847132e+65,1.0898279264988302e+64,1.6872730597008994e+65,5.880565684031364e+60,5.9392692887319856e+60,True,True,True,True,True,True,5.880565684031364e+60,1.0111184411153308e+64,1.6793485644463632e+65
LOCAL_NEUTRAL_HAZARD_PRIMARY,0,2,17,1.0325491235522252e+46,2.0648516886185424e+61,8.085882661821196e+45,1.6928055174686395e+45,2.0805681096721679e+61,6.268560154347255e+49,1.0440664181736077e+46,2.0877178496923114e+61,8.173620791945161e+45,1.7101900630547347e+45,2.1035911516996405e+61,6.336743385707535e+49,2.828756129330972e+62,4.379345053319707e+63,2.828756129330972e+62,4.379484039115477e+63,1.5716421053625474e+59,1.5873302007329168e+59,True,True,True,True,True,True,1.5716421053625474e+59,2.618397014161008e+62,4.358309141802711e+63
LOCAL_NEUTRAL_HAZARD_PRIMARY,1,1,0,4.786981387561816e+49,9.572060086407161e+64,3.570704852365172e+49,9.609626524385065e+48,9.644838216175146e+64,2.905358520983816e+53,3.3239216083163284e+49,8.611942895051178e+64,2.084044077349936e+49,9.193437107515322e+48,8.687641275563666e+64,2.6161104630380355e+53,1.9802574657709903e+65,1.1094984478923316e+67,1.9982867080879831e+65,1.4064936081990275e+67,7.2778129767985235e+62,7.569838051248825e+62,True,True,True,True,True,True,7.2778129767985235e+62,1.0338028864704685e+65,1.100810806616768e+67
LOCAL_NEUTRAL_HAZARD_PRIMARY,1,1,1,4.355791596023324e+48,8.70985188898735e+63,3.6231122319887216e+48,5.0036300956630435e+47,8.776074491573895e+63,2.6436568694456057e+52,5.032455003961949e+48,1.303857919139902e+64,3.674464917318972e+48,8.726982483988317e+47,1.315318739781664e+64,3.9608209043478895e+52,3.7932917455921924e+65,2.125305106474496e+67,3.8278277477244722e+65,2.6942156191454304e+67,6.622260258654489e+61,1.1460820641761997e+62,True,True,True,True,True,True,6.622260258654489e+61,3.661759871614026e+65,2.1239897877347145e+67
LOCAL_NEUTRAL_HAZARD_PRIMARY,1,1,2,2.016903350235608e+48,4.033005038852752e+63,1.7045763689485462e+48,2.0475534400546665e+47,4.063668716412546e+63,1.2241174260325361e+52,2.424913048193883e+48,6.282703131223421e+63,1.8074601611755652e+48,3.836126420854212e+47,6.3379276558249104e+63,1.908540917892112e+52,2.1363223539670404e+65,1.1969384672923304e+67,2.155772488130218e+65,1.5173399357630943e+67,3.066367755979382e+61,5.522452460148917e+61,True,True,True,True,True,True,3.066367755979382e+61,2.0729430774087913e+65,1.1963046745267478e+67
LOCAL_NEUTRAL_HAZARD_PRIMARY,1,1,3,9.857007979368752e+47,1.9710098078900066e+63,8.413603667793358e+47,9.176803164644745e+46,1.9859957572340032e+63,5.982505425794212e+51,1.1837035381123385e+48,3.0668555026654394e+63,8.951620669364859e+47,1.7439406886537053e+47,3.093812949741755e+63,9.31640265956635e+51,1.06320287789952e+65,5.956911983487488e+66,1.0728828021765943e+65,7.551482965384374e+66,1.4985949343996555e+61,2.695744707631579e+61,True,True,True,True,True,True,1.4985949343996555e+61,1.0322647484021025e+65,5.953818170537746e+66
LOCAL_NEUTRAL_HAZARD_PRIMARY,1,1,4,1.0585399677040252e+47,2.1166591959295727e+62,9.16255138217914e+46,8.582754934890236e+45,2.1327525443044663e+62,6.4245875761327234e+50,1.2407573571302092e+47,3.21467614623813e+62,9.615134968666184e+46,1.595946198466095e+46,3.242932926514993e+62,9.765447825118662e+50,1.0667454263666793e+64,5.976760170371441e+65,1.0764576037551994e+64,7.576644197506554e+65,1.609334837489362e+60,2.8256780276863185e+60,True,True,True,True,True,True,1.609334837489362e+60,1.0343160971015294e+64,5.973517237444927e+65
LOCAL_NEUTRAL_HAZARD_PRIMARY,1,1,5,2.6912172986549044e+45,5.381364915108614e+60,2.3349775881881903e+45,2.1270350628368023e+44,5.422280420296136e+60,1.633378214250494e+49,3.1621361427482023e+45,8.192773204876767e+60,2.4581506002822807e+45,3.990530869776124e+44,8.264787112896487e+60,2.488776338135298e+49,2.7688432181810097e+62,1.5513271916048458e+64,2.794052134789696e+62,1.9665929081401505e+64,4.091550518752224e+58,7.201390801971981e+58,True,True,True,True,True,True,4.091550518752224e+58,2.6861953470520446e+62,1.5505007128935562e+64
LOCAL_NEUTRAL_HAZARD_PRIMARY,1,1,6,5.625801080432573e+49,1.1249366065219428e+65,4.283308441497481e+49,1.0424402674756332e+49,1.1334897060210223e+65,3.4144626400395957e+53,6.232630393713882e+49,1.614811158672674e+65,3.9584365251499135e+49,1.673166207416377e+49,1.629005236714606e+65,4.905425430145113e+53,8.006157683942245e+65,2.472849487196669e+67,8.021334743528933e+65,3.1347921255658004e+67,8.553099499079482e+62,1.419407804193209e+63,True,True,True,True,True,True,8.553099499079482e+62,6.377152447227639e+65,2.456559434829523e+67
LOCAL_NEUTRAL_HAZARD_PRIMARY,1,1,7,3.91612188717722e+49,7.830687227477861e+64,3.143695109217864e+49,5.635602285787192e+48,7.890225379774163e+64,2.376808508945688e+53,4.5293962495077326e+49,1.1735205112005574e+65,3.110086944664357e+49,9.825286420596498e+48,1.1838356750699232e+65,3.56488579331584e+53,1.5336233990454113e+66,4.736878769560861e+67,1.5365306480192269e+66,6.004866185128327e+67,5.953815229630177e+62,1.0315163869365716e+63,True,True,True,True,True,True,5.953815229630177e+62,1.415239831538419e+66,4.725040412810162e+67
LOCAL_NEUTRAL_HAZARD_PRIMARY,1,1,8,1.717862497697979e+49,3.4350421939964564e+64,1.4036686304533968e+49,2.2257158822936114e+48,3.4611594502920136e+64,1.0426208170630603e+53,2.0266137235502134e+49,5.250750082033977e+64,1.436607641635466e+49,3.9457480661507644e+48,5.296903810934595e+64,1.5950572821727102e+53,8.637126194563625e+65,2.6677357509354855e+67,8.653499364327135e+65,3.381846355154984e+67,2.6117256295557172e+62,4.615372890061812e+62,True,True,True,True,True,True,2.6117256295557172e+62,8.107435813470165e+65,2.6624388471245508e+67
LOCAL_NEUTRAL_HAZARD_PRIMARY,1,1,9,7.93002209345947e+48,1.5856892229069714e+64,6.560428490297329e+48,9.46645493044221e+47,1.5977455091185782e+64,4.812961529511454e+52,9.467028869402935e+48,2.4528109148276888e+64,6.828113790283817e+48,1.7259865305029888e+48,2.4743709525820633e+64,7.45107622789977e+52,4.298516752300511e+65,1.3276761920330538e+67,4.30666533586075e+65,1.6830740785621438e+67,1.2056286211606846e+62,2.156003775437454e+62,True,True,True,True,True,True,1.2056286211606846e+62,4.051079657042305e+65,1.3252018210804717e+67
LOCAL_NEUTRAL_HAZARD_PRIMARY,1,1,10,7.585498111857253e+47,1.5167981204332195e+63,6.3835407746142176e+47,7.973844302697684e+46,1.5283306149479045e+63,4.6038598839040335e+51,8.920578167201305e+47,2.3112310944568714e+63,6.6020701715326935e+47,1.4582750132467996e+47,2.331546655413625e+63,7.020989249919473e+51,4.3128392341602685e+64,1.3320999547567532e+66,4.3210149684673677e+64,1.6886820124956184e+66,1.1532494514685089e+61,2.0315560956753464e+61,True,True,True,True,True,True,1.1532494514685089e+61,4.079684568618906e+64,1.3297684081013396e+66
LOCAL_NEUTRAL_HAZARD_PRIMARY,1,1,11,1.9354073990370504e+46,3.870045528774351e+61,1.6352189282496527e+46,1.9696342398631836e+45,3.8994701952681515e+61,1.174655158045526e+50,2.2809151220105568e+46,5.909619146873764e+61,1.697750445643611e+46,3.632105006082094e+45,5.961564289139048e+61,1.7952065719793056e+50,1.11944006221632e+63,3.457597130957288e+64,1.121562154885324e+63,4.383141115390409e+64,2.9424666493800685e+59,5.194514226528413e+59,True,True,True,True,True,True,2.9424666493800685e+59,1.0598244193249296e+63,3.4516355666681494e+64
LOCAL_NEUTRAL_HAZARD_PRIMARY,1,1,12,6.074346584597871e+49,1.214627878949155e+65,4.5238730145532875e+49,1.2264980025268198e+49,1.2238629176551392e+65,3.6866979794043445e+53,4.911781328946567e+49,1.2725925970105146e+65,3.0261428910167814e+49,1.411983454765266e+49,1.2837785976400863e+65,3.865844036352229e+53,2.0563130661910119e+65,2.470707851803617e+66,2.023106764287333e+65,3.1320772083010285e+66,9.235038705984175e+62,1.1186000629571626e+63,True,True,True,True,True,True,9.235038705984175e+62,7.725344685509256e+64,2.3423299920396084e+66
LOCAL_NEUTRAL_HAZARD_PRIMARY,1,1,13,1.71474848574121e+49,3.428815407813951e+64,1.3151732214965348e+49,3.081190712070828e+48,3.45488532071125e+64,1.040730832448424e+53,1.92272406173358e+49,4.981582532260076e+64,1.2343774662186367e+49,5.029336522058927e+48,5.025370297074227e+64,1.5132903624595686e+53,3.93898041803307e+65,4.732776349547828e+66,3.875371926162632e+65,5.999665612259172e+66,2.606991289729899e+62,4.378776481415105e+62,True,True,True,True,True,True,2.606991289729899e+62,3.4364433883256473e+65,4.682522646577085e+66
LOCAL_NEUTRAL_HAZARD_PRIMARY,1,1,14,6.500546369039538e+48,1.299850895610336e+64,4.998076389687985e+48,1.1557630258126898e+48,1.309733900554496e+64,3.9453710502014217e+52,5.3719587177722396e+48,1.3918198791535433e+64,3.4447560180176455e+48,1.4091716951918276e+48,1.4040538793206321e+64,4.2280291368516824e+52,2.218371926878721e+65,2.665425332394814e+66,2.1825486229520344e+65,3.37891747416746e+66,9.883004944160015e+61,1.2234000167088823e+62,True,True,True,True,True,True,9.883004944160015e+61,2.0515752328965849e+65,2.6513847936016077e+66
LOCAL_NEUTRAL_HAZARD_PRIMARY,1,1,15,3.9009171890824304e+48,7.800283874722575e+63,3.025500360434672e+48,6.673612225719865e+47,7.859590864747411e+63,2.3675803345300797e+52,4.437764299635439e+48,1.1497796047457231e+64,2.90005307482133e+48,1.1097668531368917e+48,1.159886087694601e+64,3.4927663720245204e+52,1.1040372313331806e+65,1.3265263451304808e+66,1.0862087234958699e+65,1.6816164358570565e+66,5.930699002483613e+61,1.0106482948877906e+62,True,True,True,True,True,True,5.930699002483613e+61,9.880486225637205e+64,1.3149274842535348e+66
LOCAL_NEUTRAL_HAZARD_PRIMARY,1,1,16,3.906554294746907e+47,7.8115558454626305e+62,3.062559138052683e+47,6.356388953164581e+46,7.87094853834995e+62,2.3710016582516478e+51,4.431532324467569e+47,1.148164963349404e+63,2.9369611002855727e+47,1.0672278169809132e+47,1.1582572537124392e+63,3.487861462293416e+51,1.1077158381944484e+64,1.3309462766113759e+65,1.0898279264988302e+64,1.6872195129847132e+65,5.9392692887319856e+60,1.0092290363035086e+61,True,True,True,True,True,True,5.9392692887319856e+60,9.918901128232045e+63,1.3193637040742514e+65
LOCAL_NEUTRAL_HAZARD_PRIMARY,1,1,17,1.0440664181736077e+46,2.0877178496923114e+61,8.173620791945161e+45,1.7101900630547347e+45,2.1035911516996405e+61,6.336743385707535e+49,1.1793212433517228e+46,3.0555014225531764e+61,7.815835335199436e+45,2.8401290283062e+45,3.082359068053103e+61,9.281911571850319e+49,2.875185972629694e+62,3.454602645272466e+63,2.828756129330972e+62,4.379345053319707e+63,1.5873302007329168e+59,2.68576454999264e+59,True,True,True,True,True,True,1.5873302007329168e+59,2.566950065824384e+62,3.423779054591935e+63
LOCAL_NEUTRAL_HAZARD_PRIMARY,1,2,0,3.3239216083163284e+49,8.611942895051178e+64,2.084044077349936e+49,9.193437107515322e+48,8.687641275563666e+64,2.6161104630380355e+53,3.3034451498722685e+49,8.54752272212523e+64,2.0903115025367558e+49,9.436819850891848e+48,8.626215698260571e+64,2.6038596100322314e+53,1.9802574657709903e+65,1.1099515402135743e+67,1.9802574657709903e+65,1.1094984478923316e+67,7.569838051248825e+62,7.869297613534058e+62,True,True,True,True,True,True,7.569838051248825e+62,1.1114933382146235e+65,1.100810806616768e+67
LOCAL_NEUTRAL_HAZARD_PRIMARY,1,2,1,5.032455003961949e+48,1.303857919139902e+64,3.674464917318972e+48,8.726982483988317e+47,1.315318739781664e+64,3.9608209043478895e+52,4.988187762670489e+48,1.2906722015742152e+64,3.685515275716463e+48,8.958016526372292e+47,1.3025548066352257e+64,3.931816649953141e+52,3.7932917455921924e+65,2.126173029657148e+67,3.7932917455921924e+65,2.125305106474496e+67,1.1460820641761997e+62,1.1882605061010446e+62,True,True,True,True,True,True,1.1460820641761997e+62,3.661759871614026e+65,2.1239897877347145e+67
LOCAL_NEUTRAL_HAZARD_PRIMARY,1,2,2,2.424913048193883e+48,6.282703131223421e+63,1.8074601611755652e+48,3.836126420854212e+47,6.3379276558249104e+63,1.908540917892112e+52,2.4026398248579446e+48,6.21672755694168e+63,1.8128958050093185e+48,3.937682233041523e+47,6.2739620106170126e+63,1.8938219082113162e+52,2.1363223539670404e+65,1.1974272680018408e+67,2.1363223539670404e+65,1.1969384672923304e+67,5.522452460148917e+61,5.723445367533275e+61,True,True,True,True,True,True,5.522452460148917e+61,2.0729430774087913e+65,1.1963046745267478e+67
LOCAL_NEUTRAL_HAZARD_PRIMARY,1,2,3,1.1837035381123385e+48,3.0668555026654394e+63,8.951620669364859e+47,1.7439406886537053e+47,3.093812949741755e+63,9.31640265956635e+51,1.1725023583647285e+48,3.0337995926027254e+63,8.978541219393414e+47,1.7901089567482892e+47,3.0617303424470194e+63,9.241962239728736e+51,1.06320287789952e+65,5.959344642211044e+66,1.06320287789952e+65,5.956911983487488e+66,2.695744707631579e+61,2.7930749844294036e+61,True,True,True,True,True,True,2.695744707631579e+61,1.0322647484021025e+65,5.953818170537746e+66
LOCAL_NEUTRAL_HAZARD_PRIMARY,1,2,4,1.2407573571302092e+47,3.21467614623813e+62,9.615134968666184e+46,1.595946198466095e+46,3.242932926514993e+62,9.765447825118662e+50,1.2284233899834195e+47,3.1784928648442614e+62,9.644050930536744e+46,1.6381965298189366e+46,3.2077557368237767e+62,9.682746054737368e+50,1.0667454263666793e+64,5.979200934614285e+65,1.0667454263666793e+64,5.976760170371441e+65,2.8256780276863185e+60,2.926287197951528e+60,True,True,True,True,True,True,2.8256780276863185e+60,1.0343160971015294e+64,5.973517237444927e+65
LOCAL_NEUTRAL_HAZARD_PRIMARY,1,2,5,3.1621361427482023e+45,8.192773204876767e+60,2.4581506002822807e+45,3.990530869776124e+44,8.264787112896487e+60,2.488776338135298e+49,3.130506086720092e+45,8.100050309303895e+60,2.4655430902745138e+45,4.096174312947219e+44,8.174623619771403e+60,2.4675446354802313e+49,2.7688432181810097e+62,1.5519607160947506e+64,2.7688432181810097e+62,1.5513271916048458e+64,7.201390801971981e+58,7.457331046750745e+58,True,True,True,True,True,True,7.201390801971981e+58,2.6861953470520446e+62,1.5505007128935562e+64
LOCAL_NEUTRAL_HAZARD_PRIMARY,1,2,6,6.232630393713882e+49,1.614811158672674e+65,3.9584365251499135e+49,1.673166207416377e+49,1.629005236714606e+65,4.905425430145113e+53,6.192940439699857e+49,1.6023967925470031e+65,3.9703408821871527e+49,1.7174608250793286e+49,1.6171492976475563e+65,4.881433396553663e+53,8.006157683942245e+65,2.473859339095395e+67,8.006157683942245e+65,2.472849487196669e+67,1.419407804193209e+63,1.4752505100553215e+63,True,True,True,True,True,True,1.419407804193209e+63,6.377152447227639e+65,2.456559434829523e+67
LOCAL_NEUTRAL_HAZARD_PRIMARY,1,2,7,4.5293962495077326e+49,1.1735205112005574e+65,3.110086944664357e+49,9.825286420596498e+48,1.1838356750699232e+65,3.56488579331584e+53,4.4945892214009436e+49,1.1629556948457036e+65,3.119440027673504e+49,1.0085396446426767e+49,1.1736624747766959e+65,3.5427497071488095e+53,1.5336233990454113e+66,4.7388131962391705e+67,1.5336233990454113e+66,4.736878769560861e+67,1.0315163869365716e+63,1.0706779930992226e+63,True,True,True,True,True,True,1.0315163869365716e+63,1.415239831538419e+66,4.725040412810162e+67
LOCAL_NEUTRAL_HAZARD_PRIMARY,1,2,8,2.0266137235502134e+49,5.250750082033977e+64,1.436607641635466e+49,3.9457480661507644e+48,5.296903810934595e+64,1.5950572821727102e+53,2.0098889400079463e+49,5.20050147777704e+64,1.4409280065522204e+49,4.0502059503763777e+48,5.2483800213020763e+64,1.5842456569135248e+53,8.637126194563625e+65,2.6688251896689517e+67,8.637126194563625e+65,2.6677357509354855e+67,4.615372890061812e+62,4.78785435250361e+62,True,True,True,True,True,True,4.615372890061812e+62,8.107435813470165e+65,2.6624388471245508e+67
LOCAL_NEUTRAL_HAZARD_PRIMARY,1,2,9,9.467028869402935e+48,2.4528109148276888e+64,6.828113790283817e+48,1.7259865305029888e+48,2.4743709525820633e+64,7.45107622789977e+52,9.385906704199832e+48,2.4285631267405082e+64,6.848648237137768e+48,1.771679488633015e+48,2.450921752319949e+64,7.398210735099288e+52,4.298516752300511e+65,1.3282183828660828e+67,4.298516752300511e+65,1.3276761920330538e+67,2.156003775437454e+62,2.235862557944069e+62,True,True,True,True,True,True,2.156003775437454e+62,4.051079657042305e+65,1.3252018210804717e+67
LOCAL_NEUTRAL_HAZARD_PRIMARY,1,2,10,8.920578167201305e+47,2.3112310944568714e+63,6.6020701715326935e+47,1.4582750132467996e+47,2.331546655413625e+63,7.020989249919473e+51,8.839843876886533e+47,2.287271710887914e+63,6.6219248287963615e+47,1.496880702193242e+47,2.3083295336058376e+63,6.967790105703916e+51,4.3128392341602685e+64,1.3326439521474434e+66,4.3128392341602685e+64,1.3320999547567532e+66,2.0315560956753464e+61,2.1057822717923536e+61,True,True,True,True,True,True,2.0315560956753464e+61,4.079684568618906e+64,1.3297684081013396e+66
LOCAL_NEUTRAL_HAZARD_PRIMARY,1,2,11,2.2809151220105568e+46,5.909619146873764e+61,1.697750445643611e+46,3.632105006082094e+45,5.961564289139048e+61,1.7952065719793056e+50,2.2600252970784366e+46,5.847718579526802e+61,1.702856155268278e+46,3.728259650996037e+45,5.901555743063524e+61,1.7814095048441116e+50,1.11944006221632e+63,3.4590091299672577e+64,1.11944006221632e+63,3.457597130957288e+64,5.194514226528413e+59,5.383716353672216e+59,True,True,True,True,True,True,5.194514226528413e+59,1.0598244193249296e+63,3.4516355666681494e+64
LOCAL_NEUTRAL_HAZARD_PRIMARY,1,2,12,4.911781328946567e+49,1.2725925970105146e+65,3.0261428910167814e+49,1.411983454765266e+49,1.2837785976400863e+65,3.865844036352229e+53,4.882889123039004e+49,1.2634266299353524e+65,3.035243525873895e+49,1.449363642697602e+49,1.2750583979774424e+65,3.848817580106812e+53,2.0563130661910119e+65,2.471716829110267e+66,2.0563130661910119e+65,2.470707851803617e+66,1.1186000629571626e+63,1.1631768042089964e+63,True,True,True,True,True,True,1.1186000629571626e+63,7.725344685509256e+64,2.3423299920396084e+66
LOCAL_NEUTRAL_HAZARD_PRIMARY,1,2,13,1.92272406173358e+49,4.981582532260076e+64,1.2343774662186367e+49,5.029336522058927e+48,5.025370297074227e+64,1.5132903624595686e+53,1.910142034644816e+49,4.942410635831018e+64,1.2380896566208835e+49,5.1624808189945893e+48,4.9879130597332964e+64,1.5056226054271676e+53,3.93898041803307e+65,4.734709100897064e+66,3.93898041803307e+65,4.732776349547828e+66,4.378776481415105e+62,4.550242390227851e+62,True,True,True,True,True,True,4.378776481415105e+62,3.4364433883256473e+65,4.682522646577085e+66
LOCAL_NEUTRAL_HAZARD_PRIMARY,1,2,14,5.3719587177722396e+48,1.3918198791535433e+64,3.4447560180176455e+48,1.4091716951918276e+48,1.4040538793206321e+64,4.2280291368516824e+52,5.336907848218221e+48,1.380902028910563e+64,3.455115564086936e+48,1.4464774459195854e+48,1.3936153370746955e+64,4.206686703721049e+52,2.218371926878721e+65,2.666513827609249e+66,2.218371926878721e+65,2.665425332394814e+66,1.2234000167088823e+62,1.2713308164132488e+62,True,True,True,True,True,True,1.2234000167088823e+62,2.0779665389466578e+65,2.6513847936016077e+66
LOCAL_NEUTRAL_HAZARD_PRIMARY,1,2,15,4.437764299635439e+48,1.1497796047457231e+64,2.90005307482133e+48,1.1097668531368917e+48,1.159886087694601e+64,3.4927663720245204e+52,4.4074202661718e+48,1.1404011013325088e+64,2.90877451496829e+48,1.139146300460678e+48,1.1509002318489542e+64,3.4740409163342716e+52,1.1040372313331806e+65,1.327068066393856e+66,1.1040372313331806e+65,1.3265263451304808e+66,1.0106482948877906e+62,1.049913051644544e+62,True,True,True,True,True,True,1.0106482948877906e+62,9.880486225637205e+64,1.3149274842535348e+66
LOCAL_NEUTRAL_HAZARD_PRIMARY,1,2,16,4.431532324467569e+47,1.148164963349404e+63,2.9369611002855727e+47,1.0672278169809132e+47,1.1582572537124392e+63,3.487861462293416e+51,4.4001838392407776e+47,1.1385287068832687e+63,2.9457935353442558e+47,1.0954811058071553e+47,1.1490105991546107e+63,3.4683369803063435e+51,1.1077158381944484e+64,1.3314898028678254e+65,1.1077158381944484e+64,1.3309462766113759e+65,1.0092290363035086e+61,1.048189227134201e+61,True,True,True,True,True,True,1.0092290363035086e+61,9.918901128232045e+63,1.3193637040742514e+65
LOCAL_NEUTRAL_HAZARD_PRIMARY,1,2,17,1.1793212433517228e+46,3.0555014225531764e+61,7.815835335199436e+45,2.8401290283062e+45,3.082359068053103e+61,9.281911571850319e+49,1.1709788169812328e+46,3.0298574945799893e+61,7.83934019468172e+45,2.915317272531901e+45,3.057751951402818e+61,9.229953298478867e+49,2.875185972629694e+62,3.456013421406936e+63,2.875185972629694e+62,3.454602645272466e+63,2.68576454999264e+59,2.789445682282872e+59,True,True,True,True,True,True,2.68576454999264e+59,2.566950065824384e+62,3.423779054591935e+63
LOCAL_NEUTRAL_HAZARD_PRIMARY,2,1,0,3.3034451498722685e+49,8.54752272212523e+64,2.0903115025367558e+49,9.436819850891848e+48,8.626215698260571e+64,2.6038596100322314e+53,2.4802315041346714e+49,8.71937822009448e+64,1.3369060157184788e+49,6.931547157938675e+48,8.816595420966845e+64,2.625731798484032e+53,1.961737854909865e+65,8.071090311095705e+66,1.9802574657709903e+65,1.1099515402135743e+67,7.869297613534058e+62,9.721720087236448e+62,True,True,True,True,True,True,7.869297613534058e+62,1.0800783128131807e+65,7.982924356886035e+66
LOCAL_NEUTRAL_HAZARD_PRIMARY,2,1,1,4.988187762670489e+48,1.2906722015742152e+64,3.685515275716463e+48,8.958016526372292e+47,1.3025548066352257e+64,3.931816649953141e+52,8.469906189572752e+48,2.977637991957144e+64,5.273301605338605e+48,1.659286714090875e+48,3.010837335245426e+64,8.966784743707667e+52,3.757816415628604e+65,1.5460615997773026e+67,3.7932917455921924e+65,2.126173029657148e+67,1.1882605061010446e+62,3.3199343288281973e+62,True,True,True,True,True,True,1.1882605061010446e+62,3.4567326821040616e+65,1.5430507624420572e+67
LOCAL_NEUTRAL_HAZARD_PRIMARY,2,1,2,2.4026398248579446e+48,6.21672755694168e+63,1.8128958050093185e+48,3.937682233041523e+47,6.2739620106170126e+63,1.8938219082113162e+52,4.222279017389003e+48,1.4843633605173566e+64,2.6976891159612235e+48,7.582313561402037e+47,1.5009133538017902e+64,4.469974782413796e+52,2.1163432051173286e+65,8.707176188207121e+66,2.1363223539670404e+65,1.1974272680018408e+67,5.723445367533275e+61,1.654999328443357e+62,True,True,True,True,True,True,5.723445367533275e+61,1.9662518697371495e+65,8.692167054669103e+66
LOCAL_NEUTRAL_HAZARD_PRIMARY,2,1,3,1.1725023583647285e+48,3.0337995926027254e+63,8.978541219393414e+47,1.7901089567482892e+47,3.0617303424470194e+63,9.241962239728736e+51,2.118146533306072e+48,7.44645034896499e+63,1.377617053711121e+48,3.5607840725105397e+47,7.52947496850645e+63,2.2424054758916093e+52,1.0532596740962403e+65,4.3333791665332214e+66,1.06320287789952e+65,5.959344642211044e+66,2.7930749844294036e+61,8.302461954146034e+61,True,True,True,True,True,True,2.7930749844294036e+61,9.779649244111758e+64,4.325849691564715e+66
LOCAL_NEUTRAL_HAZARD_PRIMARY,2,1,4,1.2284233899834195e+47,3.1784928648442614e+62,9.644050930536744e+46,1.6381965298189366e+46,3.2077557368237767e+62,9.682746054737368e+50,2.116821056608273e+47,7.441790569169933e+62,1.4160554027477904e+47,3.1655516021584795e+46,7.524763234232882e+62,2.2410022414323416e+51,1.0567690922153503e+64,4.347817808530082e+65,1.0667454263666793e+64,5.979200934614285e+65,2.926287197951528e+60,8.297266506294866e+60,True,True,True,True,True,True,2.926287197951528e+60,9.815214598730214e+63,4.340293045295849e+65
LOCAL_NEUTRAL_HAZARD_PRIMARY,2,1,5,3.130506086720092e+45,8.100050309303895e+60,2.4655430902745138e+45,4.096174312947219e+44,8.174623619771403e+60,2.4675446354802313e+49,5.3821453595821875e+45,1.892120189082775e+61,3.6122548490088053e+45,7.930121301279591e+44,1.91321649020122e+61,5.697883520614646e+49,2.7429486565785303e+62,1.1285190970106014e+64,2.7688432181810097e+62,1.5519607160947506e+64,7.457331046750745e+58,2.109630111844493e+59,True,True,True,True,True,True,7.457331046750745e+58,2.5516270075584084e+62,1.1266058805204002e+64
LOCAL_NEUTRAL_HAZARD_PRIMARY,2,1,6,6.192940439699857e+49,1.6023967925470031e+65,3.9703408821871527e+49,1.7174608250793286e+49,1.6171492976475563e+65,4.881433396553663e+53,8.314744176640406e+49,2.9230900082752585e+65,4.4248862966141376e+49,2.380702462914856e+49,2.955681165732748e+65,8.802520306862124e+53,7.989752541206482e+65,1.7988841331707608e+67,8.006157683942245e+65,2.473859339095395e+67,1.4752505100553215e+63,3.2591157457489585e+63,True,True,True,True,True,True,1.4752505100553215e+63,5.034071375473734e+65,1.7693273215134334e+67
LOCAL_NEUTRAL_HAZARD_PRIMARY,2,1,7,4.4945892214009436e+49,1.1629556948457036e+65,3.119440027673504e+49,1.0085396446426767e+49,1.1736624747766959e+65,3.5427497071488095e+53,7.370776862899361e+49,2.5912335657539233e+65,4.249552014176665e+49,1.7834028310333527e+49,2.6201246710266093e+65,7.803176097143216e+53,1.530480904011282e+66,3.4458611829935337e+67,1.5336233990454113e+66,4.7388131962391705e+67,1.0706779930992226e+63,2.8891105272686018e+63,True,True,True,True,True,True,1.0706779930992226e+63,1.268468436908621e+66,3.4196599362832673e+67
LOCAL_NEUTRAL_HAZARD_PRIMARY,2,1,8,2.0098889400079463e+49,5.20050147777704e+64,1.4409280065522204e+49,4.0502059503763777e+48,5.2483800213020763e+64,1.5842456569135248e+53,3.3676510257595064e+49,1.183914604662318e+65,2.0234594327486166e+49,7.329510448357449e+48,1.1971147275417158e+65,3.565210896560716e+53,8.619428155923589e+65,1.9406549159975474e+67,8.637126194563625e+65,2.6688251896689517e+67,4.78785435250361e+62,1.3200122879397793e+63,True,True,True,True,True,True,4.78785435250361e+62,7.422313428381873e+65,1.9286837687221303e+67
LOCAL_NEUTRAL_HAZARD_PRIMARY,2,1,9,9.385906704199832e+48,2.4285631267405082e+64,6.848648237137768e+48,1.771679488633015e+48,2.450921752319949e+64,7.398210735099288e+52,1.5912019832857163e+49,5.593950360562501e+64,9.75405895882912e+48,3.2698731087537414e+48,5.656320426655006e+64,1.684548252193034e+53,4.289708809257497e+65,9.658232934121512e+66,4.298516752300511e+65,1.3282183828660828e+67,2.235862557944069e+62,6.237006609250516e+62,True,True,True,True,True,True,2.235862557944069e+62,3.724076766591997e+65,9.601669729854962e+66
LOCAL_NEUTRAL_HAZARD_PRIMARY,2,1,10,8.839843876886533e+47,2.287271710887914e+63,6.6219248287963615e+47,1.496880702193242e+47,2.3083295336058376e+63,6.967790105703916e+51,1.4860055837712942e+48,5.224127143161496e+63,9.385020628313315e+47,2.777882622424457e+47,5.2823738443642335e+63,1.5731806113778198e+52,4.3040019434115865e+64,9.690413770900208e+65,4.3128392341602685e+64,1.3326439521474434e+66,2.1057822717923536e+61,5.824670120273731e+61,True,True,True,True,True,True,2.1057822717923536e+61,3.775764558975163e+64,9.637590032456565e+65
LOCAL_NEUTRAL_HAZARD_PRIMARY,2,1,11,2.2600252970784366e+46,5.847718579526802e+61,1.702856155268278e+46,3.728259650996037e+45,5.901555743063524e+61,1.7814095048441116e+50,3.774556953291961e+46,1.3269644238521475e+62,2.3984692643170233e+46,6.909922786723972e+45,1.3417594887854272e+62,3.995987552341631e+50,1.1171462560324096e+63,2.5152426987486685e+64,1.11944006221632e+63,3.4590091299672577e+64,5.383716353672216e+59,1.4795064933279646e+60,True,True,True,True,True,True,5.383716353672216e+59,9.829703071538668e+62,2.5018251038608143e+64
LOCAL_NEUTRAL_HAZARD_PRIMARY,2,1,12,4.882889123039004e+49,1.2634266299353524e+65,3.035243525873895e+49,1.449363642697602e+49,1.2750583979774424e+65,3.848817580106812e+53,4.5836030108507917e+49,1.6113886222212016e+65,2.3494170912541487e+49,1.4022457941087935e+49,1.6293548908490384e+65,4.852495485665187e+53,2.0912378197879003e+65,1.797326192039469e+66,2.0563130661910119e+65,2.471716829110267e+66,1.1631768042089964e+63,1.7966268627836806e+63,True,True,True,True,True,True,1.1631768042089964e+63,4.6188292893886183e+64,1.634390702954565e+66
LOCAL_NEUTRAL_HAZARD_PRIMARY,2,1,13,1.910142034644816e+49,4.942410635831018e+64,1.2380896566208835e+49,5.1624808189945893e+48,4.9879130597332964e+64,1.5056226054271676e+53,2.9561065707713637e+49,1.0392340878862756e+65,1.5762268030951215e+49,8.43335990734592e+48,1.0508210871567758e+65,3.1295235987618097e+53,4.0058806983379535e+65,3.442876861340617e+66,3.93898041803307e+65,4.734709100897064e+66,4.550242390227851e+62,1.1586999270500172e+63,True,True,True,True,True,True,4.550242390227851e+62,2.955059611181178e+65,3.337794752624939e+66
LOCAL_NEUTRAL_HAZARD_PRIMARY,2,1,14,5.336907848218221e+48,1.380902028910563e+64,3.455115564086936e+48,1.4464774459195854e+48,1.3936153370746955e+64,4.206686703721049e+52,5.624631227842766e+48,1.977367311977041e+64,2.973042526381834e+48,1.6306982800092998e+48,1.999414080716113e+64,5.9545945792047e+52,2.256049114368468e+65,1.93897419289842e+66,2.218371926878721e+65,2.666513827609249e+66,1.2713308164132488e+62,2.2046768739072005e+62,True,True,True,True,True,True,1.2713308164132488e+62,2.0561077062968564e+65,1.918980052091259e+66
LOCAL_NEUTRAL_HAZARD_PRIMARY,2,1,15,4.4074202661718e+48,1.1404011013325088e+64,2.90877451496829e+48,1.139146300460678e+48,1.1509002318489542e+64,3.4740409163342716e+52,6.848609349490068e+48,2.4076629580879912e+64,3.756245316188713e+48,1.8493172624217562e+48,2.434507332482713e+64,7.250376150118723e+52,1.122788378179475e+65,9.64986832738211e+65,1.1040372313331806e+65,1.327068066393856e+66,1.049913051644544e+62,2.684437439472175e+62,True,True,True,True,True,True,1.049913051644544e+62,8.793376449312038e+64,9.406417594133838e+65
LOCAL_NEUTRAL_HAZARD_PRIMARY,2,1,16,4.4001838392407776e+47,1.1385287068832687e+63,2.9457935353442558e+47,1.0954811058071553e+47,1.1490105991546107e+63,3.4683369803063435e+51,6.824049829018439e+47,2.3990289355163363e+63,3.790383971600189e+47,1.795076726193474e+47,2.4257770443878177e+63,7.22437587000359e+51,1.1265294630944609e+64,9.682021293633596e+64,1.1077158381944484e+64,1.3314898028678254e+65,1.048189227134201e+61,2.674810887148138e+61,True,True,True,True,True,True,1.048189227134201e+61,8.839517586556792e+63,9.439443589194814e+64
LOCAL_NEUTRAL_HAZARD_PRIMARY,2,1,17,1.1709788169812328e+46,3.0298574945799893e+61,7.83934019468172e+45,2.915317272531901e+45,3.057751951402818e+61,9.229953298478867e+49,1.8035980721830292e+46,6.340639461348924e+61,1.0040079799074228e+46,4.7223067589458435e+45,6.411334779823887e+61,1.9094043446834366e+50,2.924018596071282e+62,2.5130643483018166e+63,2.875185972629694e+62,3.456013421406936e+63,2.789445682282872e+59,7.069531847496334e+59,True,True,True,True,True,True,2.789445682282872e+59,2.2828851180888934e+62,2.4489510005035778e+63
LOCAL_NEUTRAL_HAZARD_PRIMARY,2,2,0,2.4802315041346714e+49,8.71937822009448e+64,1.3369060157184788e+49,6.931547157938675e+48,8.816595420966845e+64,2.625731798484032e+53,2.4025341766259005e+49,8.293403378504402e+64,1.3144273316683642e+49,7.257133412154174e+48,8.398919489755026e+64,2.486298430151768e+53,1.961737854909865e+65,8.062818293320634e+66,1.961737854909865e+65,8.071090311095705e+66,9.721720087236448e+62,1.055161112506245e+63,True,True,True,True,True,True,9.721720087236448e+62,1.0800783128131807e+65,7.978829098423084e+66
LOCAL_NEUTRAL_HAZARD_PRIMARY,2,2,1,8.469906189572752e+48,2.977637991957144e+64,5.273301605338605e+48,1.659286714090875e+48,3.010837335245426e+64,8.966784743707667e+52,8.151404403400633e+48,2.8138157399142365e+64,5.184636523953877e+48,1.737226160162689e+48,2.849615625811634e+64,8.43560277680202e+52,3.757816415628604e+65,1.544477049420193e+67,3.757816415628604e+65,1.5460615997773026e+67,3.3199343288281973e+62,3.5799885897397243e+62,True,True,True,True,True,True,3.3199343288281973e+62,3.4567326821040616e+65,1.5416274337943813e+67
LOCAL_NEUTRAL_HAZARD_PRIMARY,2,2,2,4.222279017389003e+48,1.4843633605173566e+64,2.6976891159612235e+48,7.582313561402037e+47,1.5009133538017902e+64,4.469974782413796e+52,4.0583270439010444e+48,1.400910070059141e+64,2.6523302795208517e+48,7.938467391779878e+47,1.418733703621643e+64,4.1998204464521896e+52,2.1163432051173286e+65,8.698252249380606e+66,2.1163432051173286e+65,8.707176188207121e+66,1.654999328443357e+62,1.7823633562501755e+62,True,True,True,True,True,True,1.654999328443357e+62,1.9662518697371495e+65,8.68406491234439e+66
LOCAL_NEUTRAL_HAZARD_PRIMARY,2,2,3,2.118146533306072e+48,7.44645034896499e+63,1.377617053711121e+48,3.5607840725105397e+47,7.52947496850645e+63,2.2424054758916093e+52,2.0340734762995016e+48,7.021499217197289e+63,1.354453855903396e+48,3.7280399999135766e+47,7.110833023685977e+63,2.1049913629279777e+52,1.0532596740962403e+65,4.3289379091429536e+66,1.0532596740962403e+65,4.3333791665332214e+66,8.302461954146034e+61,8.933380648868852e+61,True,True,True,True,True,True,8.302461954146034e+61,9.779649244111758e+64,4.321827076119268e+66
LOCAL_NEUTRAL_HAZARD_PRIMARY,2,2,4,2.116821056608273e+47,7.441790569169933e+62,1.4160554027477904e+47,3.1655516021584795e+46,7.524763234232882e+62,2.2410022414323416e+51,2.0298485211730763e+47,7.006914926384516e+62,1.39224590408328e+47,3.3142428056067847e+46,7.096063178453425e+62,2.1006191049178762e+51,1.0567690922153503e+64,4.343361753051992e+65,1.0567690922153503e+64,4.347817808530082e+65,8.297266506294866e+60,8.91482520689092e+60,True,True,True,True,True,True,8.297266506294866e+60,9.815214598730214e+63,4.336265689873538e+65
LOCAL_NEUTRAL_HAZARD_PRIMARY,2,2,5,5.3821453595821875e+45,1.892120189082775e+61,3.6122548490088053e+45,7.930121301279591e+44,1.91321649020122e+61,5.697883520614646e+49,5.1601224265229635e+45,1.7812432048614107e+61,3.551518541067418e+45,8.302612237448346e+44,1.8039057774616682e+61,5.340029878980856e+49,2.7429486565785303e+62,1.127362483756362e+64,2.7429486565785303e+62,1.1285190970106014e+64,2.109630111844493e+59,2.266257260025742e+59,True,True,True,True,True,True,2.109630111844493e+59,2.5516270075584084e+62,1.1255585779789004e+64
LOCAL_NEUTRAL_HAZARD_PRIMARY,2,2,6,8.314744176640406e+49,2.9230900082752585e+65,4.4248862966141376e+49,2.380702462914856e+49,2.955681165732748e+65,8.802520306862124e+53,8.058550215291692e+49,2.7817630330323525e+65,4.3504864361528893e+49,2.492528001952609e+49,2.8171551156636027e+65,8.339511231310461e+53,7.989752541206482e+65,1.797040466336254e+67,7.989752541206482e+65,1.7988841331707608e+67,3.2591157457489585e+63,3.539208263125021e+63,True,True,True,True,True,True,3.2591157457489585e+63,5.034071375473734e+65,1.768868915179618e+67
LOCAL_NEUTRAL_HAZARD_PRIMARY,2,2,7,7.370776862899361e+49,2.5912335657539233e+65,4.249552014176665e+49,1.7834028310333527e+49,2.6201246710266093e+65,7.803176097143216e+53,7.119104002418481e+49,2.457471854510691e+65,4.1781002172978e+49,1.8671722167539047e+49,2.4887380141030125e+65,7.367311265539741e+53,1.530480904011282e+66,3.442329538090868e+67,1.530480904011282e+66,3.4458611829935337e+67,2.8891105272686018e+63,3.12661595923215e+63,True,True,True,True,True,True,2.8891105272686018e+63,1.268468436908621e+66,3.4174421579498375e+67
LOCAL_NEUTRAL_HAZARD_PRIMARY,2,2,8,3.3676510257595064e+49,1.183914604662318e+65,2.0234594327486166e+49,7.329510448357449e+48,1.1971147275417158e+65,3.565210896560716e+53,3.2465137504125724e+49,1.1206770071360812e+65,1.989437067120665e+49,7.673789697670714e+48,1.1349352644960783e+65,3.359703316459324e+53,8.619428155923589e+65,1.93866594903749e+67,8.619428155923589e+65,1.9406549159975474e+67,1.3200122879397793e+63,1.4258257359997076e+63,True,True,True,True,True,True,1.3200122879397793e+63,7.422313428381873e+65,1.9273165963925294e+67
LOCAL_NEUTRAL_HAZARD_PRIMARY,2,2,9,1.5912019832857163e+49,5.593950360562501e+64,9.75405895882912e+48,3.2698731087537414e+48,5.656320426655006e+64,1.684548252193034e+53,1.5325131613798928e+49,5.290143197063669e+64,9.590054603276954e+48,3.423464466207049e+48,5.357449140430644e+64,1.5859441686181898e+53,4.289708809257497e+65,9.648334262265868e+66,4.289708809257497e+65,9.658232934121512e+66,6.237006609250516e+62,6.730594336697536e+62,True,True,True,True,True,True,6.237006609250516e+62,3.724076766591997e+65,9.594759770861562e+66
LOCAL_NEUTRAL_HAZARD_PRIMARY,2,2,10,1.4860055837712942e+48,5.224127143161496e+63,9.385020628313315e+47,2.777882622424457e+47,5.2823738443642335e+63,1.5731806113778198e+52,1.4291249442291017e+48,4.933253293994693e+63,9.227221268427616e+47,2.9083643716036014e+47,4.9960185641304514e+63,1.478951325603067e+52,4.3040019434115865e+64,9.68048211707514e+65,4.3040019434115865e+64,9.690413770900208e+65,5.824670120273731e+61,6.276527013575809e+61,True,True,True,True,True,True,5.824670120273731e+61,3.775764558975163e+64,9.630521931433835e+65
LOCAL_NEUTRAL_HAZARD_PRIMARY,2,2,11,3.774556953291961e+46,1.3269644238521475e+62,2.3984692643170233e+46,6.909922786723972e+45,1.3417594887854272e+62,3.995987552341631e+50,3.6289788170660936e+46,1.2527016462360697e+62,2.3581414984437304e+46,7.234493308396219e+45,1.2686396393898432e+62,3.7555030116561715e+50,1.1171462560324096e+63,2.512664839808835e+64,1.1171462560324096e+63,2.5152426987486685e+64,1.4795064933279646e+60,1.593799315377349e+60,True,True,True,True,True,True,1.4795064933279646e+60,9.829703071538668e+62,2.4999784434149367e+64
LOCAL_NEUTRAL_HAZARD_PRIMARY,2,2,12,4.5836030108507917e+49,1.6113886222212016e+65,2.3494170912541487e+49,1.4022457941087935e+49,1.6293548908490384e+65,4.852495485665187e+53,4.4491225328330454e+49,1.5358103207920823e+65,2.3099140866484946e+49,1.4681116023029234e+49,1.5553502762569976e+65,4.604241003751642e+53,2.0912378197879003e+65,1.795484121930588e+66,2.0912378197879003e+65,1.797326192039469e+66,1.7966268627836806e+63,1.9539955464915298e+63,True,True,True,True,True,True,1.7966268627836806e+63,4.6188292893886183e+64,1.634390702954565e+66
LOCAL_NEUTRAL_HAZARD_PRIMARY,2,2,13,2.9561065707713637e+49,1.0392340878862756e+65,1.5762268030951215e+49,8.43335990734592e+48,1.0508210871567758e+65,3.1295235987618097e+53,2.8647927395740504e+49,9.889092116252472e+64,1.5497241889386127e+49,8.829488794608772e+48,1.0014910009858213e+65,2.9646736185523277e+53,4.0058806983379535e+65,3.439348275053429e+66,4.0058806983379535e+65,3.442876861340617e+66,1.1586999270500172e+63,1.2581789360574112e+63,True,True,True,True,True,True,1.1586999270500172e+63,2.955059611181178e+65,3.337794752624939e+66
LOCAL_NEUTRAL_HAZARD_PRIMARY,2,2,14,5.624631227842766e+48,1.977367311977041e+64,2.973042526381834e+48,1.6306982800092998e+48,1.999414080716113e+64,5.9545945792047e+52,5.452845170174618e+48,1.8822893341853696e+64,2.9230539087584895e+48,1.7072948799669108e+48,1.906237506211651e+64,5.642958388839952e+52,2.256049114368468e+65,1.936986948502578e+66,2.256049114368468e+65,1.93897419289842e+66,2.2046768739072005e+62,2.394817202628128e+62,True,True,True,True,True,True,2.2046768739072005e+62,2.0561077062968564e+65,1.9179245734404615e+66
LOCAL_NEUTRAL_HAZARD_PRIMARY,2,2,15,6.848609349490068e+48,2.4076629580879912e+64,3.756245316188713e+48,1.8493172624217562e+48,2.434507332482713e+64,7.250376150118723e+52,6.629207223623222e+48,2.288362434969156e+64,3.6930879583156953e+48,1.9361827581918314e+48,2.3174770329514257e+64,6.860334256053177e+52,1.122788378179475e+65,9.639978228367674e+65,1.122788378179475e+65,9.64986832738211e+65,2.684437439472175e+62,2.911459798226975e+62,True,True,True,True,True,True,2.684437439472175e+62,8.793376449312038e+64,9.406417594133838e+65
LOCAL_NEUTRAL_HAZARD_PRIMARY,2,2,16,6.824049829018439e+47,2.3990289355163363e+63,3.790383971600189e+47,1.795076726193474e+47,2.4257770443878177e+63,7.22437587000359e+51,6.601858313450076e+47,2.2789217557798625e+63,3.726652607746277e+47,1.879394454111029e+47,2.3079162409797e+63,6.832031827271351e+51,1.1265294630944609e+64,9.672098241214091e+64,1.1265294630944609e+64,9.682021293633596e+64,2.674810887148138e+61,2.8994485199837456e+61,True,True,True,True,True,True,2.674810887148138e+61,8.839517586556792e+63,9.439443589194814e+64
LOCAL_NEUTRAL_HAZARD_PRIMARY,2,2,17,1.8035980721830292e+46,6.340639461348924e+61,1.0040079799074228e+46,4.7223067589458435e+45,6.411334779823887e+61,1.9094043446834366e+50,1.7447069017794948e+46,6.022623217805354e+61,9.871266300661036e+45,4.9441213313498377e+45,6.099248428526159e+61,1.8055360348968571e+50,2.924018596071282e+62,2.510488721941835e+63,2.924018596071282e+62,2.5130643483018166e+63,7.069531847496334e+59,7.66252107208056e+59,True,True,True,True,True,True,7.069531847496334e+59,2.2828851180888934e+62,2.4489510005035778e+63
LOCAL_NEUTRAL_HAZARD_PRIMARY,3,1,0,2.4025341766259005e+49,8.293403378504402e+64,1.3144273316683642e+49,7.257133412154174e+48,8.398919489755026e+64,2.486298430151768e+53,1.4825674067695716e+49,4.236241856383481e+64,9.226499744525012e+48,3.9655253363369536e+48,4.2904475652692175e+64,1.264858484181845e+53,1.9427047006535542e+65,1.0445870633980244e+67,1.961737854909865e+65,8.062818293320634e+66,1.055161112506245e+63,5.4205708885736745e+62,True,True,True,True,True,True,5.4205708885736745e+62,1.1218459059343623e+65,7.978829098423084e+66
LOCAL_NEUTRAL_HAZARD_PRIMARY,3,1,1,8.151404403400633e+48,2.8138157399142365e+64,5.184636523953877e+48,1.737226160162689e+48,2.849615625811634e+64,8.43560277680202e+52,4.350302681372809e+48,1.243041916517264e+64,3.029268016778825e+48,8.416724760422872e+47,1.258947516467364e+64,3.711478635081488e+52,3.7213573651359264e+65,2.000963790633856e+67,3.757816415628604e+65,1.544477049420193e+67,3.5799885897397243e+62,1.5905599950100006e+62,True,True,True,True,True,True,1.5905599950100006e+62,3.4728548530474407e+65,1.5416274337943813e+67
LOCAL_NEUTRAL_HAZARD_PRIMARY,3,1,2,4.0583270439010444e+48,1.400910070059141e+64,2.6523302795208517e+48,7.938467391779878e+47,1.418733703621643e+64,4.1998204464521896e+52,2.227598120331728e+48,6.3650693745604e+63,1.58297914435154e+48,3.991587428915564e+47,6.446514936275682e+63,1.9004845034253764e+52,2.0958100403106854e+65,1.126911390450508e+67,2.1163432051173286e+65,8.698252249380606e+66,1.7823633562501755e+62,8.144556171528217e+61,True,True,True,True,True,True,8.144556171528217e+61,1.9744698347551644e+65,8.68406491234439e+66
LOCAL_NEUTRAL_HAZARD_PRIMARY,3,1,3,2.0340734762995016e+48,7.021499217197289e+63,1.354453855903396e+48,3.7280399999135766e+47,7.110833023685977e+63,2.1049913629279777e+52,1.1342781697660281e+48,3.241051056164037e+63,8.187020618472073e+47,1.9058938729048064e+47,3.282522595323093e+63,9.677140883441838e+51,1.0430407481582756e+65,5.60840189328101e+66,1.0532596740962403e+65,4.3289379091429536e+66,8.933380648868852e+61,4.1471539159055926e+61,True,True,True,True,True,True,4.1471539159055926e+61,9.821513438593805e+64,4.321827076119268e+66
LOCAL_NEUTRAL_HAZARD_PRIMARY,3,1,4,2.0298485211730763e+47,7.006914926384516e+62,1.39224590408328e+47,3.3142428056067847e+46,7.096063178453425e+62,2.1006191049178762e+51,1.1265426293221531e+47,3.218947764225701e+62,8.353152022535033e+46,1.6709308979576877e+46,3.2601364761409765e+62,9.61114480181013e+50,1.0465161172344701e+64,5.627088858810589e+65,1.0567690922153503e+64,4.343361753051992e+65,8.91482520689092e+60,4.1188711915275576e+60,True,True,True,True,True,True,4.1188711915275576e+60,9.858084604308161e+63,4.336265689873538e+65
LOCAL_NEUTRAL_HAZARD_PRIMARY,3,1,5,5.1601224265229635e+45,1.7812432048614107e+61,3.551518541067418e+45,8.302612237448346e+44,1.8039057774616682e+61,5.340029878980856e+49,2.8722189393280717e+45,8.206988792496814e+60,2.1358973690536727e+45,4.19830222982336e+44,8.312003015101747e+60,2.450445407910915e+49,2.716336046352788e+62,1.4605665456552913e+64,2.7429486565785303e+62,1.127362483756362e+64,2.266257260025742e+59,1.0501422260493364e+59,True,True,True,True,True,True,1.0501422260493364e+59,2.5625580788323636e+62,1.1255585779789004e+64
LOCAL_NEUTRAL_HAZARD_PRIMARY,3,1,6,8.058550215291692e+49,2.7817630330323525e+65,4.3504864361528893e+49,2.492528001952609e+49,2.8171551156636027e+65,8.339511231310461e+53,4.0251440623247664e+49,1.1501321071092348e+65,2.472015944863089e+49,1.1095953317514695e+49,1.1648488603758495e+65,3.4340682211402246e+53,7.972004895826807e+65,2.328175031666876e+67,7.989752541206482e+65,1.797040466336254e+67,3.539208263125021e+63,1.4716753266614724e+63,True,True,True,True,True,True,1.4716753266614724e+63,5.17259742554288e+65,1.768868915179618e+67
LOCAL_NEUTRAL_HAZARD_PRIMARY,3,1,7,7.119104002418481e+49,2.457471854510691e+65,4.1781002172978e+49,1.8671722167539047e+49,2.4887380141030125e+65,7.367311265539741e+53,3.9754620221837444e+49,1.1359361159526163e+65,2.583652429259536e+49,9.537512978961489e+48,1.1504712214781278e+65,3.3916817841412096e+53,1.5270812452352848e+66,4.459746918049046e+67,1.530480904011282e+66,3.442329538090868e+67,3.12661595923215e+63,1.4535105525511466e+63,True,True,True,True,True,True,1.4535105525511466e+63,1.2816071026009807e+66,3.4174421579498375e+67
LOCAL_NEUTRAL_HAZARD_PRIMARY,3,1,8,3.2465137504125724e+49,1.1206770071360812e+65,1.989437067120665e+49,7.673789697670714e+48,1.1349352644960783e+65,3.359703316459324e+53,1.8540541284613428e+49,5.29771642565813e+64,1.2438708824220262e+49,4.058840260061781e+48,5.365504451947442e+64,1.581793909544105e+53,8.60028181146574e+65,2.5116594433145607e+67,8.619428155923589e+65,1.93866594903749e+67,1.4258257359997076e+63,6.778802628931195e+62,True,True,True,True,True,True,6.778802628931195e+62,7.484492891427511e+65,1.9273165963925294e+67
LOCAL_NEUTRAL_HAZARD_PRIMARY,3,1,9,1.5325131613798928e+49,5.290143197063669e+64,9.590054603276954e+48,3.423464466207049e+48,5.357449140430644e+64,1.5859441686181898e+53,8.747378342973869e+48,2.4994485984870793e+64,5.983101292750281e+48,1.8003987333119682e+48,2.5314308100079568e+64,7.462861830725978e+52,4.280180074752127e+65,1.250000283654173e+67,4.289708809257497e+65,9.648334262265868e+66,6.730594336697536e+62,3.1982211520877514e+62,True,True,True,True,True,True,3.1982211520877514e+62,3.7539638952144326e+65,9.594759770861562e+66
LOCAL_NEUTRAL_HAZARD_PRIMARY,3,1,10,1.4291249442291017e+48,4.933253293994693e+63,9.227221268427616e+47,2.9083643716036014e+47,4.9960185641304514e+63,1.478951325603067e+52,8.401295798453647e+47,2.40056005189109e+63,5.8907290587248186e+47,1.584823444242524e+47,2.431276914560169e+63,7.167600083661493e+51,4.294441459552901e+64,1.2541652334308013e+66,4.3040019434115865e+64,9.68048211707514e+65,6.276527013575809e+61,3.071686266907877e+61,True,True,True,True,True,True,3.071686266907877e+61,3.804400086998541e+64,9.630521931433835e+65
LOCAL_NEUTRAL_HAZARD_PRIMARY,3,1,11,3.6289788170660936e+46,1.2527016462360697e+62,2.3581414984437304e+46,7.234493308396219e+45,1.2686396393898432e+62,3.7555030116561715e+50,2.1302761324785817e+46,6.086984562627111e+61,1.5018879022915033e+46,3.9365195920141127e+45,6.164871832613018e+61,1.817453848986723e+50,1.1146647379269312e+63,3.2553098567205936e+64,1.1171462560324096e+63,2.512664839808835e+64,1.593799315377349e+60,7.7887269985907074e+59,True,True,True,True,True,True,7.7887269985907074e+59,9.902822920934252e+62,2.4999784434149367e+64
LOCAL_NEUTRAL_HAZARD_PRIMARY,3,1,12,4.4491225328330454e+49,1.5358103207920823e+65,2.3099140866484946e+49,1.4681116023029234e+49,1.5553502762569976e+65,4.604241003751642e+53,3.038552501890206e+49,8.682265125046478e+64,1.7726416220800818e+49,9.31091147939034e+48,8.793360844269374e+64,2.5923535713106057e+53,2.128018619423888e+65,2.326158692995698e+66,2.0912378197879003e+65,1.795484121930588e+66,1.9539955464915298e+63,1.1109571922289526e+63,True,True,True,True,True,True,1.1109571922289526e+63,5.358875435309026e+64,1.639949094304888e+66
LOCAL_NEUTRAL_HAZARD_PRIMARY,3,1,13,2.8647927395740504e+49,9.889092116252472e+64,1.5497241889386127e+49,8.829488794608772e+48,1.0014910009858213e+65,2.9646736185523277e+53,1.698458452852871e+49,4.8531221962995444e+64,1.0186023282234752e+49,4.927020756456649e+48,4.915221325168476e+64,1.4490468185877407e+53,4.076336336590602e+65,4.455884510776301e+66,4.0058806983379535e+65,3.439348275053429e+66,1.2581789360574112e+63,6.209912886893181e+62,True,True,True,True,True,True,6.209912886893181e+62,3.0043896973521323e+65,3.339199174954847e+66
LOCAL_NEUTRAL_HAZARD_PRIMARY,3,1,14,5.452845170174618e+48,1.8822893341853696e+64,2.9230539087584895e+48,1.7072948799669108e+48,1.906237506211651e+64,5.642958388839952e+52,4.132442986056399e+48,1.1807913668353929e+64,2.451351899199139e+48,1.2257349751220583e+48,1.1959004270013089e+64,3.525610739480932e+52,2.295728623632961e+65,2.509484196180862e+66,2.256049114368468e+65,1.936986948502578e+66,2.394817202628128e+62,1.5109060165915964e+62,True,True,True,True,True,True,1.5109060165915964e+62,2.0654253637473028e+65,1.9179245734404615e+66
LOCAL_NEUTRAL_HAZARD_PRIMARY,3,1,15,6.629207223623222e+48,2.288362434969156e+64,3.6930879583156953e+48,1.9361827581918314e+48,2.3174770329514257e+64,6.860334256053177e+52,4.125268623885631e+48,1.1787413869706056e+64,2.521965489219713e+48,1.148737569750911e+48,1.1938242161951501e+64,3.5194899028708347e+52,1.1425360386228115e+65,1.2489177087289013e+66,1.122788378179475e+65,9.639978228367674e+65,2.911459798226975e+62,1.5082829224544496e+62,True,True,True,True,True,True,1.5082829224544496e+62,8.910406748843326e+64,9.408230525072531e+65
LOCAL_NEUTRAL_HAZARD_PRIMARY,3,1,16,6.601858313450076e+47,2.2789217557798625e+63,3.726652607746277e+47,1.879394454111029e+47,2.3079162409797e+63,6.832031827271351e+51,4.164308459987708e+47,1.1898965079456676e+63,2.5802608244258524e+47,1.125180250142566e+47,1.2051220748279423e+63,3.5527968996989794e+51,1.146342921934028e+64,1.2530790514101996e+65,1.1265294630944609e+64,9.672098241214091e+64,2.8994485199837456e+61,1.5225566882274704e+61,True,True,True,True,True,True,1.5225566882274704e+61,8.957378389964908e+63,9.441306617116121e+64
LOCAL_NEUTRAL_HAZARD_PRIMARY,3,1,17,1.7447069017794948e+46,6.022623217805354e+61,9.871266300661036e+45,4.9441213313498377e+45,6.099248428526159e+61,1.8055360348968571e+50,1.1048611972026292e+46,3.156995916483954e+61,6.840987117265119e+45,2.990172368499208e+45,3.1973919107175036e+61,9.426168771443002e+49,2.9754463873518098e+62,3.2524905639006382e+63,2.924018596071282e+62,2.510488721941835e+63,7.66252107208056e+59,4.0395994233549586e+59,True,True,True,True,True,True,4.0395994233549586e+59,2.314093753218666e+62,2.4494962376565735e+63
LOCAL_NEUTRAL_HAZARD_PRIMARY,3,2,0,1.4825674067695716e+49,4.236241856383481e+64,9.226499744525012e+48,3.9655253363369536e+48,4.2904475652692175e+64,1.264858484181845e+53,1.6937067157525004e+49,4.8490791428886635e+64,1.050977474092409e+49,4.455377827228983e+48,4.9094547629298747e+64,1.4461974852257687e+53,1.9427047006535542e+65,1.0444460049208522e+67,1.9427047006535542e+65,1.0445870633980244e+67,5.4205708885736745e+62,6.037562004121119e+62,True,True,True,True,True,True,5.4205708885736745e+62,1.4517592243605668e+65,1.0395365501579223e+67
LOCAL_NEUTRAL_HAZARD_PRIMARY,3,2,1,4.350302681372809e+48,1.243041916517264e+64,3.029268016778825e+48,8.416724760422872e+47,1.258947516467364e+64,3.711478635081488e+52,4.975518102243251e+48,1.4244898972330904e+64,3.450596148894201e+48,9.456423977892535e+47,1.4422261432817895e+64,4.248422528077736e+52,3.7213573651359264e+65,2.0006935853871384e+67,3.7213573651359264e+65,2.000963790633856e+67,1.5905599950100006e+62,1.7736246048699062e+62,True,True,True,True,True,True,1.5905599950100006e+62,3.5771347508077474e+65,1.9992513592438566e+67
LOCAL_NEUTRAL_HAZARD_PRIMARY,3,2,2,2.227598120331728e+48,6.3650693745604e+63,1.58297914435154e+48,3.991587428915564e+47,6.446514936275682e+63,1.9004845034253764e+52,2.548303729911383e+48,7.295788787711448e+63,1.803149047566777e+48,4.484659311914492e+47,7.386628256148209e+63,2.175908267655368e+52,2.0958100403106854e+65,1.1267592150979548e+67,2.0958100403106854e+65,1.126911390450508e+67,8.144556171528217e+61,9.083946843676097e+61,True,True,True,True,True,True,8.144556171528217e+61,2.0219437577492032e+65,1.12602055227234e+67
LOCAL_NEUTRAL_HAZARD_PRIMARY,3,2,3,1.1342781697660281e+48,3.241051056164037e+63,8.187020618472073e+47,1.9058938729048064e+47,3.282522595323093e+63,9.677140883441838e+51,1.2978022472605665e+48,3.715605393929881e+63,9.32571884050621e+47,2.141324687698356e+47,3.761868194118649e+63,1.1081483758979488e+52,1.0430407481582756e+65,5.607644548433314e+66,1.0430407481582756e+65,5.60840189328101e+66,4.1471539159055926e+61,4.62628001887681e+61,True,True,True,True,True,True,4.1471539159055926e+61,1.0054220662170891e+65,5.6038826802391956e+66
LOCAL_NEUTRAL_HAZARD_PRIMARY,3,2,4,1.1265426293221531e+47,3.218947764225701e+62,8.353152022535033e+46,1.6709308979576877e+46,3.2601364761409765e+62,9.61114480181013e+50,1.2893423442744412e+47,3.6913847075859296e+62,9.514956761975929e+46,1.877337261062433e+46,3.7373459373295174e+62,1.1009247578358616e+51,1.0465161172344701e+64,5.626328990520862e+65,1.0465161172344701e+64,5.627088858810589e+65,4.1188711915275576e+60,4.5961229743587736e+60,True,True,True,True,True,True,4.1188711915275576e+60,1.009142657861175e+64,5.622591644583533e+65
LOCAL_NEUTRAL_HAZARD_PRIMARY,3,2,5,2.8722189393280717e+45,8.206988792496814e+60,2.1358973690536727e+45,4.19830222982336e+44,8.312003015101747e+60,2.450445407910915e+49,3.287400010481975e+45,9.411820049422032e+60,2.4329703397875134e+45,4.71690913064226e+44,9.529006107734465e+60,2.8069969752572725e+49,2.716336046352788e+62,1.4603693143282362e+64,2.716336046352788e+62,1.4605665456552913e+64,1.0501422260493364e+59,1.171860583124324e+59,True,True,True,True,True,True,1.0501422260493364e+59,2.6210459852754437e+62,1.4594164137174627e+64
LOCAL_NEUTRAL_HAZARD_PRIMARY,3,2,6,4.0251440623247664e+49,1.1501321071092348e+65,2.472015944863089e+49,1.1095953317514695e+49,1.1648488603758495e+65,3.4340682211402246e+53,4.597803118117572e+49,1.3163501682914943e+65,2.8158382329009624e+49,1.2466611656676436e+49,1.3327399724708104e+65,3.925904789266059e+53,7.972004895826807e+65,2.3278606406160344e+67,7.972004895826807e+65,2.328175031666876e+67,1.4716753266614724e+63,1.6389804179316043e+63,True,True,True,True,True,True,1.4716753266614724e+63,6.639264923355997e+65,2.3145332408913264e+67
LOCAL_NEUTRAL_HAZARD_PRIMARY,3,2,7,3.9754620221837444e+49,1.1359361159526163e+65,2.583652429259536e+49,9.537512978961489e+48,1.1504712214781278e+65,3.3916817841412096e+53,4.5435557486375664e+49,1.3008191566083288e+65,2.9430017658074365e+49,1.0715660662661563e+49,1.317015585007913e+65,3.879584839895577e+53,1.5270812452352848e+66,4.459144684754306e+67,1.5270812452352848e+66,4.459746918049046e+67,1.4535105525511466e+63,1.619642839958423e+63,True,True,True,True,True,True,1.4535105525511466e+63,1.3953796867344934e+66,4.445974528904227e+67
LOCAL_NEUTRAL_HAZARD_PRIMARY,3,2,8,1.8540541284613428e+49,5.29771642565813e+64,1.2438708824220262e+49,4.058840260061781e+48,5.365504451947442e+64,1.581793909544105e+53,2.1196838861220182e+49,6.068650980783769e+64,1.4168756454805214e+49,4.5602197351354714e+48,6.144211423288787e+64,1.8099246328023664e+53,8.60028181146574e+65,2.5113202749784175e+67,8.60028181146574e+65,2.5116594433145607e+67,6.778802628931195e+62,7.556044250501802e+62,True,True,True,True,True,True,6.778802628931195e+62,7.985860669136861e+65,2.5051760635551286e+67
LOCAL_NEUTRAL_HAZARD_PRIMARY,3,2,9,8.747378342973869e+48,2.4994485984870793e+64,5.983101292750281e+48,1.8003987333119682e+48,2.5314308100079568e+64,7.462861830725978e+52,1.00026295413584e+49,2.863750957112624e+64,6.815265656539974e+48,2.0227979690526607e+48,2.899407364150824e+64,8.540898819032234e+52,4.280180074752127e+65,1.2498314866791236e+67,4.280180074752127e+65,1.250000283654173e+67,3.1982211520877514e+62,3.565640703820016e+62,True,True,True,True,True,True,3.1982211520877514e+62,3.9902393383370444e+65,1.2469320793149728e+67
LOCAL_NEUTRAL_HAZARD_PRIMARY,3,2,10,8.401295798453647e+47,2.40056005189109e+63,5.8907290587248186e+47,1.584823444242524e+47,2.431276914560169e+63,7.167600083661493e+51,9.609425674796304e+47,2.7511767640415234e+63,6.71004575746625e+47,1.7805931458436229e+47,2.7854315159392272e+63,8.205155660128542e+51,4.294441459552901e+64,1.2539958740311413e+66,4.294441459552901e+64,1.2541652334308013e+66,3.071686266907877e+61,3.4254751897703837e+61,True,True,True,True,True,True,3.071686266907877e+61,4.0158983079589787e+64,1.2512104425152021e+66
LOCAL_NEUTRAL_HAZARD_PRIMARY,3,2,11,2.1302761324785817e+46,6.086984562627111e+61,1.5018879022915033e+46,3.9365195920141127e+45,6.164871832613018e+61,1.817453848986723e+50,2.4367602675116217e+46,6.976440064572002e+61,1.7107791661262691e+46,4.4227890680716367e+45,7.063303339467524e+61,2.0806651695938264e+50,1.1146647379269312e+63,3.2548702676550176e+64,1.1146647379269312e+63,3.2553098567205936e+64,7.7887269985907074e+59,8.686327489552242e+59,True,True,True,True,True,True,7.7887269985907074e+59,1.0440317045322559e+63,3.24780696431555e+64
LOCAL_NEUTRAL_HAZARD_PRIMARY,3,2,12,3.038552501890206e+49,8.682265125046478e+64,1.7726416220800818e+49,9.31091147939034e+48,8.793360844269374e+64,2.5923535713106057e+53,3.4692029858666963e+49,9.932321626143633e+64,2.0191908806482067e+49,1.0461067585785976e+49,1.0055988421210608e+65,2.9622322372790855e+53,2.128018619423888e+65,2.3258445742262895e+66,2.128018619423888e+65,2.326158692995698e+66,1.1109571922289526e+63,1.2366679506697546e+63,True,True,True,True,True,True,1.1109571922289526e+63,1.122419777302827e+65,2.2252846900141836e+66
LOCAL_NEUTRAL_HAZARD_PRIMARY,3,2,13,1.698458452852871e+49,4.8531221962995444e+64,1.0186023282234752e+49,4.927020756456649e+48,4.915221325168476e+64,1.4490468185877407e+53,1.9396675941565391e+49,5.553264675332339e+64,1.1602754366911562e+49,5.535644629846506e+48,5.622408071046522e+64,1.6562149578516612e+53,4.076336336590602e+65,4.455282799051574e+66,4.076336336590602e+65,4.455884510776301e+66,6.209912886893181e+62,6.914339571418341e+62,True,True,True,True,True,True,6.209912886893181e+62,3.51409552948595e+65,4.399058718341109e+66
LOCAL_NEUTRAL_HAZARD_PRIMARY,3,2,14,4.132442986056399e+48,1.1807913668353929e+64,2.451351899199139e+48,1.2257349751220583e+48,1.1959004270013089e+64,3.525610739480932e+52,4.7188433373324603e+48,1.3510039602961395e+64,2.7923001121424053e+48,1.3771472798765222e+48,1.3678252369504162e+64,4.0292568389519295e+52,2.295728623632961e+65,2.5091453215847615e+66,2.295728623632961e+65,2.509484196180862e+66,1.5109060165915964e+62,1.6821276654276683e+62,True,True,True,True,True,True,1.5109060165915964e+62,2.1589460999379196e+65,2.495467069215257e+66
LOCAL_NEUTRAL_HAZARD_PRIMARY,3,2,15,4.125268623885631e+48,1.1787413869706056e+64,2.521965489219713e+48,1.148737569750911e+48,1.1938242161951501e+64,3.5194899028708347e+52,4.711969226184384e+48,1.3490359035668368e+64,2.872735049043037e+48,1.2906385569334915e+48,1.365832676054073e+64,4.023387273599766e+52,1.1425360386228115e+65,1.2487490579421173e+66,1.1425360386228115e+65,1.2489177087289013e+66,1.5082829224544496e+62,1.6796772487236343e+62,True,True,True,True,True,True,1.5082829224544496e+62,1.0059527710174042e+65,1.2350907311815766e+66
LOCAL_NEUTRAL_HAZARD_PRIMARY,3,2,16,4.164308459987708e+47,1.1898965079456676e+63,2.5802608244258524e+47,1.125180250142566e+47,1.2051220748279423e+63,3.5527968996989794e+51,4.757167573067712e+47,1.3619761817818649e+63,2.939138436939584e+47,1.2641712542308111e+47,1.3789340729676658e+63,4.0619805760830656e+51,1.146342921934028e+64,1.2529098386858975e+65,1.146342921934028e+64,1.2530790514101996e+65,1.5225566882274704e+61,1.6957891185800917e+61,True,True,True,True,True,True,1.5225566882274704e+61,1.0084495146372616e+64,1.2391204979562208e+65
LOCAL_NEUTRAL_HAZARD_PRIMARY,3,2,17,1.1048611972026292e+46,3.156995916483954e+61,6.840987117265119e+45,2.990172368499208e+45,3.1973919107175036e+61,9.426168771443002e+49,1.2621481167418464e+46,3.6135276852875384e+61,7.792471207790458e+45,3.3595416849706326e+45,3.6585195214911755e+61,1.077704549104019e+50,2.9754463873518098e+62,3.2520513555454546e+63,2.9754463873518098e+62,3.2524905639006382e+63,4.0395994233549586e+59,4.499183620363712e+59,True,True,True,True,True,True,4.0395994233549586e+59,2.609594435202692e+62,3.215466160330543e+63
LOCAL_NEUTRAL_HAZARD_PRIMARY,4,1,0,1.6937067157525004e+49,4.8490791428886635e+64,1.050977474092409e+49,4.455377827228983e+48,4.9094547629298747e+64,1.4461974852257687e+53,2.422376066192982e+49,6.409017204895776e+64,1.7222217084626566e+49,6.074767912032978e+48,6.459444723602524e+64,1.954899058606775e+53,1.9231342960329392e+65,1.2637621106345924e+67,1.9427047006535542e+65,1.0444460049208522e+67,6.037562004121119e+62,5.042751870674773e+62,True,True,True,True,True,True,5.042751870674773e+62,1.2771898236726868e+65,1.0395365501579223e+67
LOCAL_NEUTRAL_HAZARD_PRIMARY,4,1,1,4.975518102243251e+48,1.4244898972330904e+64,3.450596148894201e+48,9.456423977892535e+47,1.4422261432817895e+64,4.248422528077736e+52,5.18954703980959e+48,1.373027777475816e+64,4.0174961415260603e+48,9.735042738599444e+47,1.3838310538160098e+64,4.188053524927425e+52,3.6838691821150493e+65,2.420805610141179e+67,3.7213573651359264e+65,2.0006935853871384e+67,1.7736246048699062e+62,1.0803276340193722e+62,True,True,True,True,True,True,1.0803276340193722e+62,3.5454860767334484e+65,1.9992513592438566e+67
LOCAL_NEUTRAL_HAZARD_PRIMARY,4,1,2,2.548303729911383e+48,7.295788787711448e+63,1.803149047566777e+48,4.484659311914492e+47,7.386628256148209e+63,2.175908267655368e+52,2.7002182486962617e+48,7.144119963200294e+63,2.126362632660757e+48,4.705480991418392e+47,7.200331427699461e+63,2.1791224682570104e+52,2.0746972842222128e+65,1.3633597114070777e+67,2.0958100403106854e+65,1.1267592150979548e+67,9.083946843676097e+61,5.621146449916656e+61,True,True,True,True,True,True,5.621146449916656e+61,2.0026939699452182e+65,1.12602055227234e+67
LOCAL_NEUTRAL_HAZARD_PRIMARY,4,1,3,1.2978022472605665e+48,3.715605393929881e+63,9.32571884050621e+47,2.141324687698356e+47,3.761868194118649e+63,1.1081483758979488e+52,1.379025530031309e+48,3.6485657496820175e+63,1.1012174243151897e+48,2.2504803592942694e+47,3.6772734456848216e+63,1.1128972697826127e+52,1.0325333717822471e+65,6.785155648858727e+66,1.0430407481582756e+65,5.607644548433314e+66,4.62628001887681e+61,2.870769600280411e+61,True,True,True,True,True,True,2.870769600280411e+61,9.957606373253989e+64,5.6038826802391956e+66
LOCAL_NEUTRAL_HAZARD_PRIMARY,4,1,4,1.2893423442744412e+47,3.6913847075859296e+62,9.514956761975929e+46,1.877337261062433e+46,3.7373459373295174e+62,1.1009247578358616e+51,1.3734744173416042e+47,3.6338788572415114e+62,1.1250750117300228e+47,1.9585171557169428e+46,3.662470993632037e+62,1.1084174265729748e+51,1.035973730710474e+64,6.807763509731705e+65,1.0465161172344701e+64,5.626328990520862e+65,4.5961229743587736e+60,2.8592136390525628e+60,True,True,True,True,True,True,2.8592136390525628e+60,9.993490207741537e+63,5.622591644583533e+65
LOCAL_NEUTRAL_HAZARD_PRIMARY,4,1,5,3.287400010481975e+45,9.411820049422032e+60,2.4329703397875134e+45,4.71690913064226e+44,9.529006107734465e+60,2.8069969752572725e+49,3.5164064918892047e+45,9.30355530689498e+60,2.887995760065898e+45,4.9387670916003355e+44,9.376757670733124e+60,2.8378003880613437e+49,2.6889722398541457e+62,1.767022324070549e+64,2.716336046352788e+62,1.4603693143282362e+64,1.171860583124324e+59,7.320236383814421e+58,True,True,True,True,True,True,7.320236383814421e+58,2.5952046631468146e+62,1.4594164137174627e+64
LOCAL_NEUTRAL_HAZARD_PRIMARY,4,1,6,4.597803118117572e+49,1.3163501682914943e+65,2.8158382329009624e+49,1.2466611656676436e+49,1.3327399724708104e+65,3.925904789266059e+53,4.668256446694959e+49,1.2351069803440698e+65,3.283933243345018e+49,1.2057206100359522e+49,1.2448250663414918e+65,3.7673630698149216e+53,7.952805534504271e+65,2.8166722478593306e+67,7.972004895826807e+65,2.3278606406160344e+67,1.6389804179316043e+63,9.718085997421995e+62,True,True,True,True,True,True,9.718085997421995e+62,6.639264923355997e+65,2.3145332408913264e+67
LOCAL_NEUTRAL_HAZARD_PRIMARY,4,1,7,4.5435557486375664e+49,1.3008191566083288e+65,2.9430017658074365e+49,1.0715660662661563e+49,1.317015585007913e+65,3.879584839895577e+53,4.975432785018449e+49,1.3163783594964472e+65,3.6251876478277916e+49,1.1598902994882764e+49,1.326735906094693e+65,4.015259646649343e+53,1.5234035023112324e+66,5.395490118091043e+67,1.5270812452352848e+66,4.459144684754306e+67,1.619642839958423e+63,1.0357546598245812e+63,True,True,True,True,True,True,1.0357546598245812e+63,1.390729911701763e+66,4.445974528904227e+67
LOCAL_NEUTRAL_HAZARD_PRIMARY,4,1,8,2.1196838861220182e+49,6.068650980783769e+64,1.4168756454805214e+49,4.5602197351354714e+48,6.144211423288787e+64,1.8099246328023664e+53,2.3794137866757477e+49,6.295349474921778e+64,1.7767913085116292e+49,5.115886033716972e+48,6.344882631607586e+64,1.920227761711146e+53,8.579569340747063e+65,3.0386553218006454e+67,8.60028181146574e+65,2.5113202749784175e+67,7.556044250501802e+62,4.953315668580756e+62,True,True,True,True,True,True,4.953315668580756e+62,7.945081077586305e+65,2.5051760635551286e+67
LOCAL_NEUTRAL_HAZARD_PRIMARY,4,1,9,1.00026295413584e+49,2.863750957112624e+64,6.815265656539974e+48,2.0227979690526607e+48,2.899407364150824e+64,8.540898819032234e+52,1.1135885288625181e+49,2.946284080436367e+64,8.472180292129303e+48,2.2376577100826266e+48,2.969466073998204e+64,8.986850543689323e+52,4.269871912018346e+65,1.5122750913895958e+67,4.280180074752127e+65,1.2498314866791236e+67,3.565640703820016e+62,2.318199356183703e+62,True,True,True,True,True,True,2.318199356183703e+62,3.972925304618525e+65,1.2469320793149728e+67
LOCAL_NEUTRAL_HAZARD_PRIMARY,4,1,10,9.609425674796304e+47,2.7511767640415234e+63,6.71004575746625e+47,1.7805931458436229e+47,2.7854315159392272e+63,8.205155660128542e+51,1.0734535848085842e+48,2.8400967916214435e+63,8.35471514576704e+47,1.969128624370185e+47,2.8624432808739696e+63,8.66295465715351e+51,4.284098950442853e+64,1.5173139300894332e+66,4.294441459552901e+64,1.2539958740311413e+66,3.4254751897703837e+61,2.234648925252616e+61,True,True,True,True,True,True,2.234648925252616e+61,3.997854622355456e+64,1.2512104425152021e+66
LOCAL_NEUTRAL_HAZARD_PRIMARY,4,1,11,2.4367602675116217e+46,6.976440064572002e+61,1.7107791661262691e+46,4.4227890680716367e+45,7.063303339467524e+61,2.0806651695938264e+50,2.747881555062056e+46,7.270225465481232e+61,2.147535756478911e+46,4.9521473360036545e+45,7.327429155055161e+61,2.217587574499169e+50,1.1119802374359505e+63,3.938338315157993e+64,1.1146647379269312e+63,3.2548702676550176e+64,8.686327489552242e+59,5.720368957392939e+59,True,True,True,True,True,True,5.720368957392939e+59,1.0387059458853988e+63,3.24780696431555e+64
LOCAL_NEUTRAL_HAZARD_PRIMARY,4,1,12,3.4692029858666963e+49,9.932321626143633e+64,2.0191908806482067e+49,1.0461067585785976e+49,1.0055988421210608e+65,2.9622322372790855e+53,5.287547893548769e+49,1.3989564169828911e+65,3.5093732947743087e+49,1.5758785645177594e+49,1.4099637054066828e+65,4.2671418958006e+53,2.1667883853670383e+65,2.814232841414307e+66,2.128018619423888e+65,2.3258445742262895e+66,1.2366679506697546e+63,1.1007288423791726e+63,True,True,True,True,True,True,1.1007288423791726e+63,7.568246799603554e+64,2.2252846900141836e+66
LOCAL_NEUTRAL_HAZARD_PRIMARY,4,1,13,1.9396675941565391e+49,5.553264675332339e+64,1.1602754366911562e+49,5.535644629846506e+48,5.622408071046522e+64,1.6562149578516612e+53,2.3821289557934207e+49,6.302533151243648e+64,1.601957810570696e+49,6.89033390908845e+48,6.352122830631846e+64,1.922418949787257e+53,4.1506019488520045e+65,5.390817301302313e+66,4.076336336590602e+65,4.455282799051574e+66,6.914339571418341e+62,4.95896793881982e+62,True,True,True,True,True,True,4.95896793881982e+62,3.51409552948595e+65,4.399058718341109e+66
LOCAL_NEUTRAL_HAZARD_PRIMARY,4,1,14,4.7188433373324603e+48,1.3510039602961395e+64,2.7923001121424053e+48,1.3771472798765222e+48,1.3678252369504162e+64,4.0292568389519295e+52,7.813936225158179e+48,2.0673772501270846e+64,5.223215155675059e+48,2.2917680685631547e+48,2.0836438166881865e+64,6.305980637672865e+52,2.3375538504401114e+65,3.036023664751502e+66,2.295728623632961e+65,2.5091453215847615e+66,1.6821276654276683e+62,1.6266566561101893e+62,True,True,True,True,True,True,1.6266566561101893e+62,2.1291894687712926e+65,2.495467069215257e+66
LOCAL_NEUTRAL_HAZARD_PRIMARY,4,1,15,4.711969226184384e+48,1.3490359035668368e+64,2.872735049043037e+48,1.2906385569334915e+48,1.365832676054073e+64,4.023387273599766e+52,6.008791901761568e+48,1.5897800187380272e+64,4.089837617893289e+48,1.6890642106486423e+48,1.60228874809099e+64,4.849198188528457e+52,1.1633515777326211e+65,1.5109653708115613e+66,1.1425360386228115e+65,1.2487490579421173e+66,1.6796772487236343e+62,1.2508729352962947e+62,True,True,True,True,True,True,1.2508729352962947e+62,1.0031227029235221e+65,1.2350907311815766e+66
LOCAL_NEUTRAL_HAZARD_PRIMARY,4,1,16,4.757167573067712e+47,1.3619761817818649e+63,2.939138436939584e+47,1.2641712542308111e+47,1.3789340729676658e+63,4.0619805760830656e+51,6.098000427259384e+47,1.6133824222920485e+63,4.211681887008142e+47,1.6530154424513288e+47,1.6260768604063857e+63,4.9211909996155724e+51,1.1672278175680714e+64,1.5159998455760522e+65,1.146342921934028e+64,1.2529098386858975e+65,1.6957891185800917e+61,1.2694438114337171e+61,True,True,True,True,True,True,1.2694438114337171e+61,1.0046201315274328e+64,1.2391204979562208e+65
LOCAL_NEUTRAL_HAZARD_PRIMARY,4,1,17,1.2621481167418464e+46,3.6135276852875384e+61,7.792471207790458e+45,3.3595416849706326e+45,3.6585195214911755e+61,1.077704549104019e+50,1.633179612611031e+46,4.320995563814013e+61,1.1232973391877756e+46,4.4739853512474597e+45,4.354994081474343e+61,1.318003976255738e+50,3.0296551987602608e+62,3.934927478886429e+63,2.9754463873518098e+62,3.2520513555454546e+63,4.499183620363712e+59,3.399851766033014e+59,True,True,True,True,True,True,3.399851766033014e+59,2.5941557906128265e+62,3.215466160330543e+63
LOCAL_NEUTRAL_HAZARD_PRIMARY,4,2,0,2.422376066192982e+49,6.409017204895776e+64,1.7222217084626566e+49,6.074767912032978e+48,6.459444723602524e+64,1.954899058606775e+53,2.4925519459767985e+49,6.659115636986588e+64,1.7472374719531966e+49,6.003496729014145e+48,6.708349974324777e+64,2.0512816509124814e+53,1.9231342960329392e+65,1.265980464084233e+67,1.9231342960329392e+65,1.2637621106345924e+67,5.042751870674773e+62,4.923433733818836e+62,True,True,True,True,True,True,4.923433733818836e+62,1.2522992986004615e+65,1.2573026659109899e+67
LOCAL_NEUTRAL_HAZARD_PRIMARY,4,2,1,5.18954703980959e+48,1.373027777475816e+64,4.0174961415260603e+48,9.735042738599444e+47,1.3838310538160098e+64,4.188053524927425e+52,5.349029440935848e+48,1.4290496793991031e+64,4.075851423431256e+48,9.62082800270072e+47,1.4396153938008435e+64,4.4020610924850475e+52,3.6838691821150493e+65,2.425054987797761e+67,3.6838691821150493e+65,2.420805610141179e+67,1.0803276340193722e+62,1.056571440174031e+62,True,True,True,True,True,True,1.056571440174031e+62,3.539907642734965e+65,2.419421779087363e+67
LOCAL_NEUTRAL_HAZARD_PRIMARY,4,2,2,2.7002182486962617e+48,7.144119963200294e+63,2.126362632660757e+48,4.705480991418392e+47,7.200331427699461e+63,2.1791224682570104e+52,2.7842031298873457e+48,7.43829256144715e+63,2.1572486588050034e+48,4.650274734687712e+47,7.493287762785345e+63,2.2913002081940065e+52,2.0746972842222128e+65,1.3657528941852685e+67,2.0746972842222128e+65,1.3633597114070777e+67,5.621146449916656e+61,5.499520133819569e+61,True,True,True,True,True,True,5.499520133819569e+61,1.9997644065943593e+65,1.362639678264308e+67
LOCAL_NEUTRAL_HAZARD_PRIMARY,4,2,3,1.379025530031309e+48,3.6485657496820175e+63,1.1012174243151897e+48,2.2504803592942694e+47,3.6772734456848216e+63,1.1128972697826127e+52,1.4223429330781185e+48,3.799939287967814e+63,1.1172129227478077e+48,2.224076980615401e+47,3.828034233748498e+63,1.1705376751074308e+52,1.0325333717822471e+65,6.797066018154761e+66,1.0325333717822471e+65,6.785155648858727e+66,2.870769600280411e+61,2.8094945780684217e+61,True,True,True,True,True,True,2.8094945780684217e+61,9.942530294447621e+64,6.781478375413043e+66
LOCAL_NEUTRAL_HAZARD_PRIMARY,4,2,4,1.3734744173416042e+47,3.6338788572415114e+62,1.1250750117300228e+47,1.9585171557169428e+46,3.662470993632037e+62,1.1084174265729748e+51,1.4174061606094316e+47,3.7867501791929544e+62,1.141417048451693e+47,1.9355391857480583e+46,3.8147476109693767e+62,1.1664748868489585e+51,1.035973730710474e+64,6.8197135638906865e+65,1.035973730710474e+64,6.807763509731705e+65,2.8592136390525628e+60,2.7997431776422383e+60,True,True,True,True,True,True,2.7997431776422383e+60,9.978262546007803e+63,6.804101038738074e+65
LOCAL_NEUTRAL_HAZARD_PRIMARY,4,2,5,3.5164064918892047e+45,9.30355530689498e+60,2.887995760065898e+45,4.9387670916003355e+44,9.376757670733124e+60,2.8378003880613437e+49,3.6290921694429885e+45,9.695502816946448e+60,2.9299447254868526e+45,4.880823845311752e+44,9.76718675853496e+60,2.9866138551954053e+49,2.6889722398541457e+62,1.7701240787720137e+64,2.6889722398541457e+62,1.767022324070549e+64,7.320236383814421e+58,7.168394158851218e+58,True,True,True,True,True,True,7.168394158851218e+58,2.591300372268796e+62,1.7660846483034757e+64
LOCAL_NEUTRAL_HAZARD_PRIMARY,4,2,6,4.668256446694959e+49,1.2351069803440698e+65,3.283933243345018e+49,1.2057206100359522e+49,1.2448250663414918e+65,3.7673630698149216e+53,4.802518601531171e+49,1.283043539694112e+65,3.331633314091181e+49,1.1915746977127412e+49,1.2925297540649844e+65,3.952302098011505e+53,7.952805534504271e+65,2.8216165127213366e+67,7.952805534504271e+65,2.8166722478593306e+67,9.718085997421995e+62,9.486214370872516e+62,True,True,True,True,True,True,9.486214370872516e+62,6.660275780439287e+65,2.804223997195916e+67
LOCAL_NEUTRAL_HAZARD_PRIMARY,4,2,7,4.975432785018449e+49,1.3163783594964472e+65,3.6251876478277916e+49,1.1598902994882764e+49,1.326735906094693e+65,4.015259646649343e+53,5.122019099793307e+49,1.3684014704460276e+65,3.677844536520607e+49,1.146282083501483e+49,1.3785187808041494e+65,4.2152396510684735e+53,1.5234035023112324e+66,5.404961128509261e+67,1.5234035023112324e+66,5.395490118091043e+67,1.0357546598245812e+63,1.011731035812178e+63,True,True,True,True,True,True,1.011731035812178e+63,1.3855516242308174e+66,5.382222759030096e+67
LOCAL_NEUTRAL_HAZARD_PRIMARY,4,2,8,2.3794137866757477e+49,6.295349474921778e+64,1.7767913085116292e+49,5.115886033716972e+48,6.344882631607586e+64,1.920227761711146e+53,2.4507179583251124e+49,6.547351722987329e+64,1.802599711069418e+49,5.05586476951521e+48,6.595759731043361e+64,2.0168537661123623e+53,8.579569340747063e+65,3.043989246167154e+67,8.579569340747063e+65,3.0386553218006454e+67,4.953315668580756e+62,4.840800805603231e+62,True,True,True,True,True,True,4.840800805603231e+62,7.919993367642727e+65,3.0323104391690376e+67
LOCAL_NEUTRAL_HAZARD_PRIMARY,4,2,9,1.1135885288625181e+49,2.946284080436367e+64,8.472180292129303e+48,2.2376577100826266e+48,2.969466073998204e+64,8.986850543689323e+52,1.1473962253675463e+49,3.065390134996827e+64,8.595241136964617e+48,2.2114047709583354e+48,3.088054173317668e+64,9.442663079586625e+52,4.269871912018346e+65,1.514929673796806e+67,4.269871912018346e+65,1.5122750913895958e+67,2.318199356183703e+62,2.2664038320841324e+62,True,True,True,True,True,True,2.2664038320841324e+62,3.961066494686579e+65,1.5093056253155976e+67
LOCAL_NEUTRAL_HAZARD_PRIMARY,4,2,10,1.0734535848085842e+48,2.8400967916214435e+63,8.35471514576704e+47,1.969128624370185e+47,2.8624432808739696e+63,8.66295465715351e+51,1.1065666105536297e+48,2.956309509055068e+63,8.476069775714137e+47,1.946026157147184e+47,2.9781670570508522e+63,9.106649863024387e+51,4.284098950442853e+64,1.5199773574565597e+66,4.284098950442853e+64,1.5173139300894332e+66,2.234648925252616e+61,2.1857547995784167e+61,True,True,True,True,True,True,2.1857547995784167e+61,3.9862822447377676e+64,1.5144514868085592e+66
LOCAL_NEUTRAL_HAZARD_PRIMARY,4,2,11,2.747881555062056e+46,7.270225465481232e+61,2.147535756478911e+46,4.9521473360036545e+45,7.327429155055161e+61,2.217587574499169e+50,2.8328927877942594e+46,7.568372122216497e+61,2.1787293283097492e+46,4.894047108269609e+45,7.624329070027477e+61,2.331370065921493e+50,1.1119802374359505e+63,3.9452515042097637e+64,1.1119802374359505e+63,3.938338315157993e+64,5.720368957392939e+59,5.595694781098014e+59,True,True,True,True,True,True,5.595694781098014e+59,1.0357369467356756e+63,3.9310108860029374e+64
LOCAL_NEUTRAL_HAZARD_PRIMARY,4,2,12,5.287547893548769e+49,1.3989564169828911e+65,3.5093732947743087e+49,1.5758785645177594e+49,1.4099637054066828e+65,4.2671418958006e+53,5.433760914753963e+49,1.4516865870534387e+65,3.560347946824445e+49,1.5573898368472362e+49,1.462419667995799e+65,4.471792083559643e+53,2.1667883853670383e+65,2.819172824247554e+66,2.1667883853670383e+65,2.814232841414307e+66,1.1007288423791726e+63,1.073308094236032e+63,True,True,True,True,True,True,1.073308094236032e+63,7.043687173712392e+64,2.672930857447974e+66
LOCAL_NEUTRAL_HAZARD_PRIMARY,4,2,13,2.3821289557934207e+49,6.302533151243648e+64,1.601957810570696e+49,6.89033390908845e+48,6.352122830631846e+64,1.922418949787257e+53,2.4485837782772225e+49,6.541650035705748e+64,1.6252267065056048e+49,6.809494236494117e+48,6.590015888194841e+64,2.0150974117948334e+53,4.1506019488520045e+65,5.400280109259677e+66,4.1506019488520045e+65,5.390817301302313e+66,4.95896793881982e+62,4.836585248909275e+62,True,True,True,True,True,True,4.836585248909275e+62,3.4916003600325203e+65,5.327296072995995e+66
LOCAL_NEUTRAL_HAZARD_PRIMARY,4,2,14,7.813936225158179e+48,2.0673772501270846e+64,5.223215155675059e+48,2.2917680685631547e+48,2.0836438166881865e+64,6.305980637672865e+52,8.031043098321853e+48,2.1455779392549562e+64,5.2990838515302934e+48,2.2648802888460625e+48,2.161441323194397e+64,6.609262997252814e+52,2.3375538504401114e+65,3.0413529696208427e+66,2.3375538504401114e+65,3.036023664751502e+66,1.6266566561101893e+62,1.586338393944072e+62,True,True,True,True,True,True,1.586338393944072e+62,2.1214097181206718e+65,3.0151872265846203e+66
LOCAL_NEUTRAL_HAZARD_PRIMARY,4,2,15,6.008791901761568e+48,1.5897800187380272e+64,4.089837617893289e+48,1.6890642106486423e+48,1.60228874809099e+64,4.849198188528457e+52,6.177786275118e+48,1.6504608159922514e+64,4.149243680458405e+48,1.669247551604066e+48,1.6626635391476635e+64,5.084098507901862e+52,1.1633515777326211e+65,1.5136176541918125e+66,1.1633515777326211e+65,1.5109653708115613e+66,1.2508729352962947e+62,1.220272315541203e+62,True,True,True,True,True,True,1.220272315541203e+62,9.970852238178548e+64,1.4949424833306514e+66
LOCAL_NEUTRAL_HAZARD_PRIMARY,4,2,16,6.098000427259384e+47,1.6133824222920485e+63,4.211681887008142e+47,1.6530154424513288e+47,1.6260768604063857e+63,4.9211909996155724e+51,6.271207858568648e+47,1.675419378167551e+63,4.2728577724734464e+47,1.6336217194584608e+47,1.6878066330741145e+63,5.160981150304085e+51,1.1672278175680714e+64,1.5186609662559562e+65,1.1672278175680714e+64,1.5159998455760522e+65,1.2694438114337171e+61,1.2387254906563637e+61,True,True,True,True,True,True,1.2387254906563637e+61,9.9844715426066e+63,1.4997390769719884e+65
LOCAL_NEUTRAL_HAZARD_PRIMARY,4,2,17,1.633179612611031e+46,4.320995563814013e+61,1.1232973391877756e+46,4.4739853512474597e+45,4.354994081474343e+61,1.318003976255738e+50,1.6794378040958318e+46,4.4867953747773456e+61,1.1396135547017488e+46,4.4214950777970926e+45,4.5199686081451886e+61,1.3821176152220493e+50,3.0296551987602608e+62,3.9418346807034615e+63,3.0296551987602608e+62,3.934927478886429e+63,3.399851766033014e+59,3.3173233367843018e+59,True,True,True,True,True,True,3.3173233367843018e+59,2.577658337945742e+62,3.891377538071686e+63
RECOMBINATION_WEIGHTED_AUDITOR,0,1,0,4.73216046419096e+49,9.463187742063856e+64,3.532375821099334e+49,9.511893098049409e+48,9.535219126210589e+64,2.872899448222119e+53,4.734276378808467e+49,9.467422277730602e+64,3.532375821099323e+49,9.511893098049422e+48,9.539482656512014e+64,2.8741582933865276e+53,1.9982867080879831e+65,1.406538245611929e+67,1.9982867080879831e+65,1.406538245611929e+67,7.203138414673257e+62,7.206037878141197e+62,True,True,True,True,True,True,7.203138414673257e+62,1.0443384424367817e+65,1.396998762955417e+67
RECOMBINATION_WEIGHTED_AUDITOR,0,1,1,4.305685513700528e+48,8.61033996686307e+63,3.5842206439798097e+48,4.952736123857751e+47,8.675879690124636e+63,2.6139860704497543e+52,4.3076107364366896e+48,8.614192874856267e+63,3.584220643979812e+48,4.9527361238577664e+47,8.679758979678527e+63,2.615131465122948e+52,3.8278277477244722e+65,2.6943011245571405e+67,3.8278277477244722e+65,2.6943011245571405e+67,6.553972326156618e+61,6.556610482225939e+61,True,True,True,True,True,True,6.553972326156618e+61,3.741030157927687e+65,2.6934331486591726e+67
RECOMBINATION_WEIGHTED_AUDITOR,0,1,2,1.9936840778751525e+48,3.986890738397979e+63,1.686278928067317e+48,2.0267062916801607e+47,4.017237939167554e+63,1.2103676387558816e+52,1.9945755238256842e+48,3.988674770532957e+63,1.6862789280673187e+48,2.02670629168016e+47,4.01903418689453e+63,1.2108979968406887e+52,2.155772488130218e+65,1.5173880910684788e+67,2.155772488130218e+65,1.5173880910684788e+67,3.034720076957542e+61,3.035941636157267e+61,True,True,True,True,True,True,3.034720076957542e+61,2.115582146261273e+65,1.5169861876497894e+67
RECOMBINATION_WEIGHTED_AUDITOR,0,1,3,9.743472392305677e+47,1.9484611564998678e+63,8.323289488555679e+47,9.083275292199101e+46,1.9632923484707267e+63,5.9152720351396876e+51,9.747829039933361e+47,1.949333043277068e+63,8.323289488555667e+47,9.083275292199117e+46,1.9641702052150202e+63,5.917863985095404e+51,1.0728828021765943e+65,7.551722624250346e+66,1.0728828021765943e+65,7.551722624250346e+66,1.4831191970858925e+61,1.483716193795215e+61,True,True,True,True,True,True,1.4831191970858925e+61,1.053241100124444e+65,7.549758454045132e+66
RECOMBINATION_WEIGHTED_AUDITOR,0,1,4,1.046337938402874e+47,2.092425315599119e+62,9.064197770518957e+46,8.495072512473156e+45,2.1083523262232795e+62,6.352328304668797e+50,1.0468057927276528e+47,2.0933616226734807e+62,9.064197770518963e+46,8.495072512473152e+45,2.109295044362207e+62,6.355111763649239e+50,1.0764576037551994e+64,7.5768846549060595e+65,1.0764576037551994e+64,7.5768846549060595e+65,1.5927010624160361e+60,1.5933421688726487e+60,True,True,True,True,True,True,1.5927010624160361e+60,1.0553646533115773e+64,7.574775359861698e+65
RECOMBINATION_WEIGHTED_AUDITOR,0,1,5,2.6601906946375793e+45,5.319744366984509e+60,2.309913228997751e+45,2.105292476020362e+44,5.3602369114108895e+60,1.6150044861372883e+49,2.6613801590310063e+45,5.32212481719579e+60,2.309913228997749e+45,2.105292476020368e+44,5.36263366099704e+60,1.6157121477260464e+49,2.794052134789696e+62,1.96665532123548e+64,2.794052134789696e+62,1.96665532123548e+64,4.0492544426380196e+58,4.050884380125035e+58,True,True,True,True,True,True,4.0492544426380196e+58,2.7404257981797257e+62,1.9661190578693804e+64
RECOMBINATION_WEIGHTED_AUDITOR,0,1,6,5.561331569990003e+49,1.1121331396288508e+65,4.2373301066970694e+49,1.0318471533067624e+49,1.120598414923647e+65,3.3762900729394606e+53,5.563818236038373e+49,1.1126307909039063e+65,4.2373301066970725e+49,1.0318471533067629e+49,1.1210994737073539e+65,3.3777694934721165e+53,8.021334743528933e+65,3.134891613405384e+67,8.021334743528933e+65,3.134891613405384e+67,8.465275294796306e+62,8.468682803447595e+62,True,True,True,True,True,True,8.465275294796306e+62,6.900235269821579e+65,3.12368061866831e+67
RECOMBINATION_WEIGHTED_AUDITOR,0,1,7,3.8711490609055286e+49,7.741371117499978e+64,3.1099497303323054e+49,5.578356453641938e+48,7.800296470349997e+64,2.3501785463994094e+53,3.8728799871804304e+49,7.74483518404923e+64,3.1099497303323204e+49,5.578356453641928e+48,7.803784255991965e+64,2.3512083460676368e+53,1.5365306480192269e+66,6.005056759539585e+67,1.5365306480192269e+66,6.005056759539585e+67,5.892535285001942e+62,5.894907194273501e+62,True,True,True,True,True,True,5.892535285001942e+62,1.4584928054593073e+66,5.997252975283593e+67
RECOMBINATION_WEIGHTED_AUDITOR,0,1,8,1.6981185211601267e+49,3.395830402543518e+64,1.388601224703544e+49,2.2030976790328233e+48,3.421678601997017e+64,1.0309294875719624e+53,1.6988778094024362e+49,3.397349950221293e+64,1.3886012247035408e+49,2.203097679032828e+48,3.423208554293682e+64,1.031381219567344e+53,8.653499364327135e+65,3.381953683671262e+67,8.653499364327135e+65,3.381953683671262e+67,2.584819945349879e+62,2.585860407238859e+62,True,True,True,True,True,True,2.584819945349879e+62,8.311178508897767e+65,3.3785304751169687e+67
RECOMBINATION_WEIGHTED_AUDITOR,0,1,9,7.838825130037556e+48,1.5675773136622872e+64,6.490006856721069e+48,9.370200343252063e+47,1.5795093144571364e+64,4.758958738024273e+52,7.842330143192166e+48,1.568278764613702e+64,6.490006856721082e+48,9.370200343252063e+47,1.5802155683705954e+64,4.761044015390553e+52,4.30666533586075e+65,1.683127493716077e+67,4.30666533586075e+65,1.683127493716077e+67,1.1932000794849153e+62,1.1936803756893285e+62,True,True,True,True,True,True,1.1932000794849153e+62,4.14864377902369e+65,1.6815472781477064e+67
RECOMBINATION_WEIGHTED_AUDITOR,0,1,10,7.498185910006361e+47,1.499457626769622e+63,6.315017907546346e+47,7.892646174313152e+46,1.5108711177907816e+63,4.5521563198316036e+51,7.501538611439845e+47,1.5001285958948678e+63,6.315017907546332e+47,7.892646174313127e+46,1.5115466811634721e+63,4.5541509806521896e+51,4.3210149684673677e+64,1.6887356056266576e+66,4.3210149684673677e+64,1.6887356056266576e+66,1.141349102115962e+61,1.1418085268604256e+61,True,True,True,True,True,True,1.141349102115962e+61,4.1698603003510206e+64,1.687224058945494e+66
RECOMBINATION_WEIGHTED_AUDITOR,0,1,11,1.9131251122752313e+46,3.8257920982425333e+61,1.6176659912193295e+46,1.9495661728323054e+45,3.854913057036271e+61,1.1614602085086003e+50,1.913980537491856e+46,3.8275040428361675e+61,1.6176659912193348e+46,1.9495661728323073e+45,3.856636723625417e+61,1.1619691363682366e+50,1.121562154885324e+63,4.383280221660519e+64,1.121562154885324e+63,4.383280221660519e+64,2.9120958793737902e+59,2.9132680789249197e+59,True,True,True,True,True,True,2.9120958793737902e+59,1.0829957876490698e+63,4.379423584936894e+64
RECOMBINATION_WEIGHTED_AUDITOR,0,1,12,6.004783040141183e+49,1.200812814553025e+65,4.4753123865017255e+49,1.214020437512135e+49,1.2099530970340455e+65,3.6455099131268574e+53,6.007467988867193e+49,1.2013501477256207e+65,4.4753123865017203e+49,1.2140204375121343e+49,1.2104941094244502e+65,3.647107300229557e+53,2.023106764287333e+65,3.1321766099781997e+66,2.023106764287333e+65,3.1321766099781997e+66,9.140282481020535e+62,9.14396169882953e+62,True,True,True,True,True,True,9.140282481020535e+62,8.126126548628828e+64,3.0111271990357547e+66
RECOMBINATION_WEIGHTED_AUDITOR,0,1,13,1.695095617652583e+49,3.389785319407708e+64,1.3010557523662128e+49,3.049911394006191e+48,3.415587505222102e+64,1.0290942797668671e+53,1.695853554248902e+49,3.391302162064633e+64,1.3010557523662063e+49,3.049911394006194e+48,3.4171147339761475e+64,1.0295452076121164e+53,3.875371926162632e+65,5.999856021621605e+66,3.875371926162632e+65,5.999856021621605e+66,2.580218581439377e+62,2.581257191151431e+62,True,True,True,True,True,True,2.580218581439377e+62,3.5336604527650175e+65,5.9656848742818435e+66
RECOMBINATION_WEIGHTED_AUDITOR,0,1,14,6.426042998143003e+48,1.2850547184561441e+64,4.944425518465023e+48,1.1440371476232409e+48,1.2948362289363008e+64,3.901257263636116e+52,6.428916306944635e+48,1.2856297477366934e+64,4.9444255184650125e+48,1.1440371476232395e+48,1.2954151955467562e+64,3.902966713942314e+52,2.1825486229520344e+65,3.379024709730831e+66,2.1825486229520344e+65,3.379024709730831e+66,9.781510480156689e+61,9.785447810062783e+61,True,True,True,True,True,True,9.781510480156689e+61,2.0530071033973588e+65,3.3660705577753632e+66
RECOMBINATION_WEIGHTED_AUDITOR,0,1,15,3.856190186855474e+48,7.711456951525103e+63,2.9930237199100057e+48,6.605886186302411e+47,7.770154605333371e+63,2.3410969986941642e+52,3.8579144244940736e+48,7.71490763224643e+63,2.993023719910002e+48,6.60588618630241e+47,7.773628913492217e+63,2.3421228190158744e+52,1.0862087234958699e+65,1.681669804750275e+66,1.0862087234958699e+65,1.681669804750275e+66,5.869765380826865e+61,5.872128124578792e+61,True,True,True,True,True,True,5.869765380826865e+61,1.0084724343609477e+65,1.6738961758367827e+66
RECOMBINATION_WEIGHTED_AUDITOR,0,1,16,3.861741737989984e+47,7.722558724392501e+62,3.0296846973443742e+47,6.291875518175541e+46,7.781340882079155e+62,2.3444673510547395e+51,3.8634684579214575e+47,7.72601437287463e+62,3.029684697344377e+47,6.291875518175543e+46,7.78482019201397e+62,2.345494648195199e+51,1.0898279264988302e+64,1.6872730597008994e+65,1.0898279264988302e+64,1.6872730597008994e+65,5.8782157686654134e+60,5.8805819139339716e+60,True,True,True,True,True,True,5.8782157686654134e+60,1.0119797245786905e+64,1.6794882395088854e+65
RECOMBINATION_WEIGHTED_AUDITOR,0,1,17,1.0320905083094197e+46,2.063933867171588e+61,8.085882661857822e+45,1.692832683953076e+45,2.079644008119005e+61,6.265832011139012e+49,1.0325519921093978e+46,2.0648574250479152e+61,8.085882661857846e+45,1.692832683953076e+45,2.0805738897638238e+61,6.268577569231237e+49,2.828756129330972e+62,4.379484039115477e+63,2.828756129330972e+62,4.379484039115477e+63,1.5710140947417094e+59,1.5716464715908676e+59,True,True,True,True,True,True,1.5710140947417094e+59,2.6206987403545897e+62,4.3586783002178384e+63
RECOMBINATION_WEIGHTED_AUDITOR,0,2,0,4.734276378808467e+49,9.467422277730602e+64,3.532375821099323e+49,9.511893098049422e+48,9.539482656512014e+64,2.8741582933865276e+53,4.786976161771457e+49,9.572049636903542e+64,3.5707048523652105e+49,9.609577053659216e+48,9.644827687222034e+64,2.905355349299341e+53,1.9982867080879831e+65,1.4064936081990275e+67,1.9982867080879831e+65,1.406538245611929e+67,7.206037878141197e+62,7.277805031849149e+62,True,True,True,True,True,True,7.206037878141197e+62,1.0338039393657798e+65,1.3968487805118055e+67
RECOMBINATION_WEIGHTED_AUDITOR,0,2,1,4.3076107364366896e+48,8.614192874856267e+63,3.584220643979812e+48,4.9527361238577664e+47,8.679758979678527e+63,2.615131465122948e+52,4.355788318095714e+48,8.709845334435015e+63,3.623112231988725e+48,5.0035990646711725e+47,8.776067887186094e+63,2.643654879975804e+52,3.8278277477244722e+65,2.6942156191454304e+67,3.8278277477244722e+65,2.6943011245571405e+67,6.556610482225939e+61,6.622255275107825e+61,True,True,True,True,True,True,6.556610482225939e+61,3.7400670688526113e+65,2.6933380123567116e+67
RECOMBINATION_WEIGHTED_AUDITOR,0,2,2,1.9945755238256842e+48,3.988674770532957e+63,1.6862789280673187e+48,2.02670629168016e+47,4.01903418689453e+63,1.2108979968406887e+52,2.0168998058231533e+48,4.0329979514366446e+63,1.7045763689485442e+48,2.047519886344197e+47,4.063661575109514e+63,1.224115274825315e+52,2.155772488130218e+65,1.5173399357630943e+67,2.155772488130218e+65,1.5173880910684788e+67,3.035941636157267e+61,3.0663623672869254e+61,True,True,True,True,True,True,3.035941636157267e+61,2.115135872379123e+65,1.5169335696055833e+67
RECOMBINATION_WEIGHTED_AUDITOR,0,2,3,9.747829039933361e+47,1.949333043277068e+63,8.323289488555667e+47,9.083275292199117e+46,1.9641702052150202e+63,5.917863985095404e+51,9.8569820274083e+47,1.971004618529433e+63,8.413603667793358e+47,9.176557486530769e+46,1.9859905284177684e+63,5.9824896747930416e+51,1.0728828021765943e+65,7.551482965384374e+66,1.0728828021765943e+65,7.551722624250346e+66,1.483716193795215e+61,1.498590988833559e+61,True,True,True,True,True,True,1.483716193795215e+61,1.0530228968924166e+65,7.549496974855956e+66
RECOMBINATION_WEIGHTED_AUDITOR,0,2,4,1.0468057927276528e+47,2.0933616226734807e+62,9.064197770518963e+46,8.495072512473152e+45,2.109295044362207e+62,6.355111763649239e+50,1.058535310580268e+47,2.1166498835331326e+62,9.16255138217915e+46,8.582314061306371e+45,2.1327431611041668e+62,6.424559310691321e+50,1.0764576037551994e+64,7.576644197506554e+65,1.0764576037551994e+64,7.5768846549060595e+65,1.5933421688726487e+60,1.6093277571034167e+60,True,True,True,True,True,True,1.5933421688726487e+60,1.0551301721441577e+64,7.574511454345449e+65
RECOMBINATION_WEIGHTED_AUDITOR,0,2,5,2.6613801590310063e+45,5.32212481719579e+60,2.309913228997749e+45,2.105292476020368e+44,5.36263366099704e+60,1.6157121477260464e+49,2.6912044178182845e+45,5.381339158555143e+60,2.3349775881881957e+45,2.126913124471016e+44,5.4222544679108584e+60,1.633370396495337e+49,2.794052134789696e+62,1.9665929081401505e+64,2.794052134789696e+62,1.96665532123548e+64,4.050884380125035e+58,4.0915309355715535e+58,True,True,True,True,True,True,4.050884380125035e+58,2.739829590110587e+62,1.9660506826933595e+64
RECOMBINATION_WEIGHTED_AUDITOR,0,2,6,5.563818236038373e+49,1.1126307909039063e+65,4.2373301066970725e+49,1.0318471533067629e+49,1.1210994737073539e+65,3.3777694934721165e+53,5.625804894267959e+49,1.124937369137431e+65,4.2833084414974875e+49,1.0424438778999276e+49,1.1334904744348165e+65,3.4144649547674475e+53,8.021334743528933e+65,3.1347921255658004e+67,8.021334743528933e+65,3.134891613405384e+67,8.468682803447595e+62,8.553105297385424e+62,True,True,True,True,True,True,8.468682803447595e+62,6.8878442690941165e+65,3.123457220821452e+67
RECOMBINATION_WEIGHTED_AUDITOR,0,2,7,3.8728799871804304e+49,7.74483518404923e+64,3.1099497303323204e+49,5.578356453641928e+48,7.803784255991965e+64,2.3512083460676368e+53,3.916126325904e+49,7.83069610316715e+64,3.143695109217873e+49,5.635644305657935e+48,7.890234322946949e+64,2.376811202938336e+53,1.5365306480192269e+66,6.004866185128327e+67,1.5365306480192269e+66,6.005056759539585e+67,5.894907194273501e+62,5.95382197797988e+62,True,True,True,True,True,True,5.894907194273501e+62,1.4576283047897574e+66,5.99697595080538e+67
RECOMBINATION_WEIGHTED_AUDITOR,0,2,8,1.6988778094024362e+49,3.397349950221293e+64,1.3886012247035408e+49,2.203097679032828e+48,3.423208554293682e+64,1.031381219567344e+53,1.7178632235999812e+49,3.435043645511935e+64,1.4036686304533942e+49,2.2257227541534445e+48,3.461160912843631e+64,1.042621257634142e+53,8.653499364327135e+65,3.381846355154984e+67,8.653499364327135e+65,3.381953683671262e+67,2.585860407238859e+62,2.6117267331696273e+62,True,True,True,True,True,True,2.585860407238859e+62,8.307383273042772e+65,3.378385194242141e+67
RECOMBINATION_WEIGHTED_AUDITOR,0,2,9,7.842330143192166e+48,1.568278764613702e+64,6.490006856721082e+48,9.370200343252063e+47,1.5802155683705954e+64,4.761044015390553e+52,7.930019371408253e+48,1.5856886786049222e+64,6.560428490297315e+48,9.466429161737442e+47,1.5977449606781004e+64,4.812959877419237e+52,4.30666533586075e+65,1.6830740785621438e+67,4.30666533586075e+65,1.683127493716077e+67,1.1936803756893285e+62,1.205628207317818e+62,True,True,True,True,True,True,1.1936803756893285e+62,4.1468908397929394e+65,1.6814763336014657e+67
RECOMBINATION_WEIGHTED_AUDITOR,0,2,10,7.501538611439845e+47,1.5001285958948678e+63,6.315017907546332e+47,7.892646174313127e+46,1.5115466811634721e+63,4.5541509806521896e+51,7.58548297490413e+47,1.516795093644246e+63,6.3835407746142176e+47,7.973701006467714e+46,1.5283275651456989e+63,4.603850696846016e+51,4.3210149684673677e+64,1.6886820124956184e+66,4.3210149684673677e+64,1.6887356056266576e+66,1.1418085268604256e+61,1.1532471501452819e+61,True,True,True,True,True,True,1.1418085268604256e+61,4.1681822119527975e+64,1.6871536849304725e+66
RECOMBINATION_WEIGHTED_AUDITOR,0,2,11,1.913980537491856e+46,3.8275040428361675e+61,1.6176659912193348e+46,1.9495661728323073e+45,3.856636723625417e+61,1.1619691363682366e+50,1.935402468512773e+46,3.8700356696855404e+61,1.635218928249652e+46,1.9695875643179014e+45,3.899460261218879e+61,1.174652165566642e+50,1.121562154885324e+63,4.383141115390409e+64,1.121562154885324e+63,4.383280221660519e+64,2.9132680789249197e+59,2.942459153333832e+59,True,True,True,True,True,True,2.9132680789249197e+59,1.0825675522731352e+63,4.3792416551291904e+64
RECOMBINATION_WEIGHTED_AUDITOR,0,2,12,6.007467988867193e+49,1.2013501477256207e+65,4.4753123865017203e+49,1.2140204375121343e+49,1.2104941094244502e+65,3.647107300229557e+53,6.074336040401425e+49,1.2146257705289675e+65,4.523873014553283e+49,1.2264880207055996e+49,1.2238607932042458e+65,3.686691579824211e+53,2.023106764287333e+65,3.1320772083010285e+66,2.023106764287333e+65,3.1321766099781997e+66,9.14396169882953e+62,9.235022675278278e+62,True,True,True,True,True,True,9.14396169882953e+62,7.992459710830873e+64,3.009691128980604e+66
RECOMBINATION_WEIGHTED_AUDITOR,0,2,13,1.695853554248902e+49,3.391302162064633e+64,1.3010557523662063e+49,3.049911394006194e+48,3.4171147339761475e+64,1.0295452076121164e+53,1.714752948801134e+49,3.4288243321598575e+64,1.3151732214965283e+49,3.08123296229493e+48,3.454894312910597e+64,1.0407335412095675e+53,3.875371926162632e+65,5.999665612259172e+66,3.875371926162632e+65,5.999856021621605e+66,2.581257191151431e+62,2.60699807507395e+62,True,True,True,True,True,True,2.581257191151431e+62,3.5298824948715726e+65,5.9651166691300665e+66
RECOMBINATION_WEIGHTED_AUDITOR,0,2,14,6.428916306944635e+48,1.2856297477366934e+64,4.9444255184650125e+48,1.1440371476232395e+48,1.2954151955467562e+64,3.902966713942314e+52,6.500570664923075e+48,1.2998557538213509e+64,4.998076389687988e+48,1.1557860258741152e+48,1.3097387957033812e+64,3.9453857960812464e+52,2.1825486229520344e+65,3.37891747416746e+66,2.1825486229520344e+65,3.379024709730831e+66,9.785447810062783e+61,9.883041882030361e+61,True,True,True,True,True,True,9.785447810062783e+61,2.0515747433816962e+65,3.3658200862104267e+66
RECOMBINATION_WEIGHTED_AUDITOR,0,2,15,3.8579144244940736e+48,7.71490763224643e+63,2.993023719910002e+48,6.60588618630241e+47,7.773628913492217e+63,2.3421228190158744e+52,3.900929252350193e+48,7.800307996463298e+63,3.0255003604346675e+48,6.6737264244478715e+47,7.859615169890157e+63,2.367587656078871e+52,1.0862087234958699e+65,1.6816164358570565e+66,1.0862087234958699e+65,1.681669804750275e+66,5.872128124578792e+61,5.930717342685849e+61,True,True,True,True,True,True,5.872128124578792e+61,1.0076125717969683e+65,1.6737568206871664e+66
RECOMBINATION_WEIGHTED_AUDITOR,0,2,16,3.8634684579214575e+47,7.72601437287463e+62,3.029684697344377e+47,6.291875518175543e+46,7.78482019201397e+62,2.345494648195199e+51,3.906565071399075e+47,7.811577394483557e+62,3.062559138052687e+47,6.356490971953696e+46,7.870970251212038e+62,2.371008198915936e+51,1.0898279264988302e+64,1.6872195129847132e+65,1.0898279264988302e+64,1.6872730597008994e+65,5.8805819139339716e+60,5.9392856728481354e+60,True,True,True,True,True,True,5.8805819139339716e+60,1.0111182239867098e+64,1.6793485427335012e+65
RECOMBINATION_WEIGHTED_AUDITOR,0,2,17,1.0325519921093978e+46,2.0648574250479152e+61,8.085882661857846e+45,1.692832683953076e+45,2.0805738897638238e+61,6.268577569231237e+49,1.0440693173433716e+46,2.0877236468795023e+61,8.17362079194519e+45,1.710217508506777e+45,2.1035969929639108e+61,6.336760981613797e+49,2.828756129330972e+62,4.379345053319707e+63,2.828756129330972e+62,4.379484039115477e+63,1.5716464715908676e+59,1.5873346084408515e+59,True,True,True,True,True,True,1.5716464715908676e+59,2.618396430034581e+62,4.358309083390068e+63
RECOMBINATION_WEIGHTED_AUDITOR,1,1,0,4.786976161771457e+49,9.572049636903542e+64,3.5707048523652105e+49,9.609577053659216e+48,9.644827687222034e+64,2.905355349299341e+53,3.323915591483425e+49,8.611927306048939e+64,2.084044077349943e+49,9.19338274136414e+48,8.687625549535183e+64,2.6161057274571855e+53,1.9802574657709903e+65,1.1094984478923316e+67,1.9982867080879831e+65,1.4064936081990275e+67,7.277805031849149e+62,7.569824348624423e+62,True,True,True,True,True,True,7.277805031849149e+62,1.0338039393657798e+65,1.1008108223427965e+67
RECOMBINATION_WEIGHTED_AUDITOR,1,1,1,4.355788318095714e+48,8.709845334435015e+63,3.623112231988725e+48,5.0035990646711725e+47,8.776067887186094e+63,2.643654879975804e+52,5.032446262776828e+48,1.303855654387721e+64,3.674464917318965e+48,8.726903501473964e+47,1.3153164551224684e+64,3.9608140245509056e+52,3.7932917455921924e+65,2.125305106474496e+67,3.8278277477244722e+65,2.6942156191454304e+67,6.622255275107825e+61,1.146080073474743e+62,True,True,True,True,True,True,6.622255275107825e+61,3.6617601000799456e+65,2.1239897900193735e+67
RECOMBINATION_WEIGHTED_AUDITOR,1,1,2,2.0168998058231533e+48,4.0329979514366446e+63,1.7045763689485442e+48,2.047519886344197e+47,4.063661575109514e+63,1.224115274825315e+52,2.4249036788348938e+48,6.282678856167006e+63,1.807460161175558e+48,3.836041762364393e+47,6.337903167392432e+63,1.908533543687492e+52,2.1363223539670404e+65,1.1969384672923304e+67,2.155772488130218e+65,1.5173399357630943e+67,3.0663623672869254e+61,5.522431122542669e+61,True,True,True,True,True,True,3.0663623672869254e+61,2.072943322293116e+65,1.1963046769755911e+67
RECOMBINATION_WEIGHTED_AUDITOR,1,1,3,9.8569820274083e+47,1.971004618529433e+63,8.413603667793358e+47,9.176557486530769e+46,1.9859905284177684e+63,5.9824896747930416e+51,1.18369667851058e+48,3.066837730134801e+63,8.951620669364841e+47,1.7438787075164235e+47,3.093795020991805e+63,9.316348670700044e+51,1.06320287789952e+65,5.956911983487488e+66,1.0728828021765943e+65,7.551482965384374e+66,1.498590988833559e+61,2.6957290857003896e+61,True,True,True,True,True,True,1.498590988833559e+61,1.032264927689602e+65,5.953818188466496e+66
RECOMBINATION_WEIGHTED_AUDITOR,1,1,4,1.058535310580268e+47,2.1166498835331326e+62,9.16255138217915e+46,8.582314061306371e+45,2.1327431611041668e+62,6.424559310691321e+50,1.2407444407135008e+47,3.2146426811158406e+62,9.615134968666195e+46,1.5958294899128313e+46,3.242899167236601e+62,9.765346165763005e+50,1.0667454263666793e+64,5.976760170371441e+65,1.0764576037551994e+64,7.576644197506554e+65,1.6093277571034167e+60,2.8256486120760217e+60,True,True,True,True,True,True,1.6093277571034167e+60,1.0343164346943134e+64,5.973517271204205e+65
RECOMBINATION_WEIGHTED_AUDITOR,1,1,5,2.6912044178182845e+45,5.381339158555143e+60,2.3349775881881957e+45,2.126913124471016e+44,5.4222544679108584e+60,1.633370396495337e+49,3.1621004798421655e+45,8.192680805913603e+60,2.4581506002823266e+45,3.990208631320772e+44,8.264693901752846e+60,2.4887482694523937e+49,2.7688432181810097e+62,1.5513271916048458e+64,2.794052134789696e+62,1.9665929081401505e+64,4.0915309355715535e+58,7.201309583924365e+58,True,True,True,True,True,True,4.0915309355715535e+58,2.686196279163481e+62,1.5505007222146704e+64
RECOMBINATION_WEIGHTED_AUDITOR,1,1,6,5.625804894267959e+49,1.124937369137431e+65,4.2833084414974875e+49,1.0424438778999276e+49,1.1334904744348165e+65,3.4144649547674475e+53,6.232632200575655e+49,1.6148116268121852e+65,3.9584365251499135e+49,1.6731678400380847e+49,1.6290057089690312e+65,4.905426852245432e+53,8.006157683942245e+65,2.472849487196669e+67,8.021334743528933e+65,3.1347921255658004e+67,8.553105297385424e+62,1.4194082156846072e+63,True,True,True,True,True,True,8.553105297385424e+62,6.377151974973214e+65,2.456559430106979e+67
RECOMBINATION_WEIGHTED_AUDITOR,1,1,7,3.916126325904e+49,7.83069610316715e+64,3.143695109217873e+49,5.635644305657935e+48,7.890234322946949e+64,2.376811202938336e+53,4.529407242744833e+49,1.1735233594365055e+65,3.110086944664355e+49,9.825385751922399e+48,1.1838385483416674e+65,3.564894445602504e+53,1.5336233990454113e+66,4.736878769560861e+67,1.5365306480192269e+66,6.004866185128327e+67,5.95382197797988e+62,1.031518890516189e+63,True,True,True,True,True,True,5.95382197797988e+62,1.4152395442112445e+66,4.7250403840774443e+67
RECOMBINATION_WEIGHTED_AUDITOR,1,1,8,1.7178632235999812e+49,3.435043645511935e+64,1.4036686304533942e+49,2.2257227541534445e+48,3.461160912843631e+64,1.042621257634142e+53,2.026615496923068e+49,5.2507546766627164e+64,1.4366076416354662e+49,3.94576408977285e+48,5.296908445949803e+64,1.5950586779153976e+53,8.637126194563625e+65,2.6677357509354855e+67,8.653499364327135e+65,3.381846355154984e+67,2.6117267331696273e+62,4.615376928708675e+62,True,True,True,True,True,True,2.6117267331696273e+62,8.107435349968644e+65,2.6624388424895357e+67
RECOMBINATION_WEIGHTED_AUDITOR,1,1,9,7.930019371408253e+48,1.5856886786049222e+64,6.560428490297315e+48,9.466429161737442e+47,1.5977449606781004e+64,4.812959877419237e+52,9.467022571863608e+48,2.4528092831992866e+64,6.828113790283739e+48,1.725980840250638e+48,2.47436930661176e+64,7.451071271387416e+52,4.298516752300511e+65,1.3276761920330538e+67,4.30666533586075e+65,1.6830740785621438e+67,1.205628207317818e+62,2.156002341247336e+62,True,True,True,True,True,True,1.205628207317818e+62,4.051079821639335e+65,1.325201822726442e+67
RECOMBINATION_WEIGHTED_AUDITOR,1,1,10,7.58548297490413e+47,1.516795093644246e+63,6.3835407746142176e+47,7.973701006467714e+46,1.5283275651456989e+63,4.603850696846016e+51,8.920540678558755e+47,2.3112213815307887e+63,6.602070171532618e+47,1.458241139724934e+47,2.3315368571115962e+63,7.020959744280783e+51,4.3128392341602685e+64,1.3320999547567532e+66,4.3210149684673677e+64,1.6886820124956184e+66,1.1532471501452819e+61,2.0315475580807512e+61,True,True,True,True,True,True,1.1532471501452819e+61,4.079685548449109e+64,1.3297684178996417e+66
RECOMBINATION_WEIGHTED_AUDITOR,1,1,11,1.935402468512773e+46,3.8700356696855404e+61,1.635218928249652e+46,1.9695875643179014e+45,3.899460261218879e+61,1.174652165566642e+50,2.2809025569577785e+46,5.909586592099685e+61,1.697750445643586e+46,3.6319914723393594e+45,5.961531448210767e+61,1.7951966825866189e+50,1.11944006221632e+63,3.457597130957288e+64,1.121562154885324e+63,4.383141115390409e+64,2.942459153333832e+59,5.194485611108257e+59,True,True,True,True,True,True,2.942459153333832e+59,1.0598247477342123e+63,3.4516355995090774e+64
RECOMBINATION_WEIGHTED_AUDITOR,1,1,12,6.074336040401425e+49,1.2146257705289675e+65,4.523873014553283e+49,1.2264880207055996e+49,1.2238607932042458e+65,3.686691579824211e+53,4.911763567127481e+49,1.2725879951037987e+65,3.026142891016784e+49,1.4119674057614596e+49,1.28377395528293e+65,3.865830056816537e+53,2.0563130661910119e+65,2.470707851803617e+66,2.023106764287333e+65,3.1320772083010285e+66,9.235022675278278e+62,1.1185960179131313e+63,True,True,True,True,True,True,9.235022675278278e+62,7.725391109080818e+64,2.342330456275324e+66
RECOMBINATION_WEIGHTED_AUDITOR,1,1,13,1.714752948801134e+49,3.4288243321598575e+64,1.3151732214965283e+49,3.08123296229493e+48,3.454894312910597e+64,1.0407335412095675e+53,1.9227302632692323e+49,4.981598599808351e+64,1.2343774662186343e+49,5.029392557124272e+48,5.0253865058551365e+64,1.5132952434117148e+53,3.93898041803307e+65,4.732776349547828e+66,3.875371926162632e+65,5.999665612259172e+66,2.60699807507395e+62,4.378790604678561e+62,True,True,True,True,True,True,2.60699807507395e+62,3.436441767447556e+65,4.682522484489276e+66
RECOMBINATION_WEIGHTED_AUDITOR,1,1,14,6.500570664923075e+48,1.2998557538213509e+64,4.998076389687988e+48,1.1557860258741152e+48,1.3097387957033812e+64,3.9453857960812464e+52,5.372003604827935e+48,1.3918315089332414e+64,3.444756018017638e+48,1.4092122536798976e+48,1.404065611325287e+64,4.228064465451421e+52,2.218371926878721e+65,2.665425332394814e+66,2.1825486229520344e+65,3.37891747416746e+66,9.883041882030361e+61,1.2234102392045625e+62,True,True,True,True,True,True,9.883041882030361e+61,2.0515747433816962e+65,2.651384676281561e+66
RECOMBINATION_WEIGHTED_AUDITOR,1,1,15,3.900929252350193e+48,7.800307996463298e+63,3.0255003604346675e+48,6.6737264244478715e+47,7.859615169890157e+63,2.367587656078871e+52,4.437784059965977e+48,1.1497847244464334e+64,2.9000530748213306e+48,1.1097847079308493e+48,1.1598912523971251e+64,3.492781924499449e+52,1.1040372313331806e+65,1.3265263451304808e+66,1.0862087234958699e+65,1.6816164358570565e+66,5.930717342685849e+61,1.0106527950691688e+62,True,True,True,True,True,True,5.930717342685849e+61,9.880481060934681e+64,1.3149274326065095e+66
RECOMBINATION_WEIGHTED_AUDITOR,1,1,16,3.906565071399075e+47,7.811577394483557e+62,3.062559138052687e+47,6.356490971953696e+46,7.870970251212038e+62,2.371008198915936e+51,4.431550437809337e+47,1.148169656332072e+63,2.936961100285572e+47,1.0672441836092149e+47,1.1582619879460988e+63,3.487875718496934e+51,1.1077158381944484e+64,1.3309462766113759e+65,1.0898279264988302e+64,1.6872195129847132e+65,5.9392856728481354e+60,1.0092331614026768e+61,True,True,True,True,True,True,5.9392856728481354e+60,9.918896393998385e+63,1.319363656731915e+65
RECOMBINATION_WEIGHTED_AUDITOR,1,1,17,1.0440693173433716e+46,2.0877236468795023e+61,8.17362079194519e+45,1.710217508506777e+45,2.1035969929639108e+61,6.336760981613797e+49,1.1793259663759436e+46,3.0555136594286724e+61,7.81583533519942e+45,2.8401717040695796e+45,3.082371412489885e+61,9.281948744667665e+49,2.875185972629694e+62,3.454602645272466e+63,2.828756129330972e+62,4.379345053319707e+63,1.5873346084408515e+59,2.6857753061212335e+59,True,True,True,True,True,True,1.5873346084408515e+59,2.5669488313807055e+62,3.423778931147567e+63
RECOMBINATION_WEIGHTED_AUDITOR,1,2,0,3.323915591483425e+49,8.611927306048939e+64,2.084044077349943e+49,9.19338274136414e+48,8.687625549535183e+64,2.6161057274571855e+53,3.303439073717891e+49,8.547507000336238e+64,2.0903115025367439e+49,9.436764045476638e+48,8.626199831728545e+64,2.6038548206525848e+53,1.9802574657709903e+65,1.1099515402135743e+67,1.9802574657709903e+65,1.1094984478923316e+67,7.569824348624423e+62,7.869283139230711e+62,True,True,True,True,True,True,7.569824348624423e+62,1.111494910817472e+65,1.1008108223427965e+67
RECOMBINATION_WEIGHTED_AUDITOR,1,2,1,5.032446262776828e+48,1.303855654387721e+64,3.674464917318965e+48,8.726903501473964e+47,1.3153164551224684e+64,3.9608140245509056e+52,4.988178935303819e+48,1.2906699175309283e+64,3.685515275716443e+48,8.957935452911826e+47,1.3025525015638382e+64,3.9318096919978875e+52,3.7932917455921924e+65,2.126173029657148e+67,3.7932917455921924e+65,2.125305106474496e+67,1.146080073474743e+62,1.188258403290998e+62,True,True,True,True,True,True,1.146080073474743e+62,3.6617601000799456e+65,2.1239897900193735e+67
RECOMBINATION_WEIGHTED_AUDITOR,1,2,2,2.4249036788348938e+48,6.282678856167006e+63,1.807460161175558e+48,3.836041762364393e+47,6.337903167392432e+63,1.908533543687492e+52,2.4026303631240843e+48,6.216703075110896e+63,1.8128958050093098e+48,3.9375953333425295e+47,6.2739373033936574e+63,1.8938144502316845e+52,2.1363223539670404e+65,1.1974272680018408e+67,2.1363223539670404e+65,1.1969384672923304e+67,5.522431122542669e+61,5.723422828276143e+61,True,True,True,True,True,True,5.522431122542669e+61,2.072943322293116e+65,1.1963046769755911e+67
RECOMBINATION_WEIGHTED_AUDITOR,1,2,3,1.18369667851058e+48,3.066837730134801e+63,8.951620669364841e+47,1.7438787075164235e+47,3.093795020991805e+63,9.316348670700044e+51,1.1724954311324261e+48,3.0337816686860827e+63,8.978541219393396e+47,1.7900453347514398e+47,3.0617122535134e+63,9.241907637519276e+51,1.06320287789952e+65,5.959344642211044e+66,1.06320287789952e+65,5.956911983487488e+66,2.6957290857003896e+61,2.7930584827317385e+61,True,True,True,True,True,True,2.6957290857003896e+61,1.032264927689602e+65,5.953818188466496e+66
RECOMBINATION_WEIGHTED_AUDITOR,1,2,4,1.2407444407135008e+47,3.2146426811158406e+62,9.615134968666195e+46,1.5958294899128313e+46,3.242899167236601e+62,9.765346165763005e+50,1.228410346220502e+47,3.1784591146668386e+62,9.644050930536778e+46,1.6380767315781505e+46,3.2077216759245217e+62,9.682643240475645e+50,1.0667454263666793e+64,5.979200934614285e+65,1.0667454263666793e+64,5.976760170371441e+65,2.8256486120760217e+60,2.9262561257683117e+60,True,True,True,True,True,True,2.8256486120760217e+60,1.0343164346943134e+64,5.973517271204205e+65
RECOMBINATION_WEIGHTED_AUDITOR,1,2,5,3.1621004798421655e+45,8.192680805913603e+60,2.4581506002823266e+45,3.990208631320772e+44,8.264693901752846e+60,2.4887482694523937e+49,3.1304700722044714e+45,8.099957123288503e+60,2.4655430902745138e+45,4.095843543702097e+44,8.174529575836689e+60,2.4675162479216836e+49,2.7688432181810097e+62,1.5519607160947506e+64,2.7688432181810097e+62,1.5513271916048458e+64,7.201309583924365e+58,7.457245254818576e+58,True,True,True,True,True,True,7.201309583924365e+58,2.686196279163481e+62,1.5505007222146704e+64
RECOMBINATION_WEIGHTED_AUDITOR,1,2,6,6.232632200575655e+49,1.6148116268121852e+65,3.9584365251499135e+49,1.6731678400380847e+49,1.6290057089690312e+65,4.905426852245432e+53,6.192942264375938e+49,1.602397264674117e+65,3.970340882187184e+49,1.717462500922296e+49,1.6171497741213204e+65,4.8814348348098254e+53,8.006157683942245e+65,2.473859339095395e+67,8.006157683942245e+65,2.472849487196669e+67,1.4194082156846072e+63,1.4752509447203363e+63,True,True,True,True,True,True,1.4194082156846072e+63,6.377151974973214e+65,2.456559430106979e+67
RECOMBINATION_WEIGHTED_AUDITOR,1,2,7,4.529407242744833e+49,1.1735233594365055e+65,3.110086944664355e+49,9.825385751922399e+48,1.1838385483416674e+65,3.564894445602504e+53,4.4946003230231404e+49,1.1629585673428595e+65,3.1194400276734744e+49,1.0085498407403593e+49,1.1736653737195667e+65,3.5427584577301975e+53,1.5336233990454113e+66,4.7388131962391705e+67,1.5336233990454113e+66,4.736878769560861e+67,1.031518890516189e+63,1.0706806376707213e+63,True,True,True,True,True,True,1.031518890516189e+63,1.4152395442112445e+66,4.7250403840774443e+67
RECOMBINATION_WEIGHTED_AUDITOR,1,2,8,2.026615496923068e+49,5.2507546766627164e+64,1.4366076416354662e+49,3.94576408977285e+48,5.296908445949803e+64,1.5950586779153976e+53,2.0098907308649308e+49,5.200506111542722e+64,1.4409280065522178e+49,4.050222398200338e+48,5.2483846977286337e+64,1.5842470685126144e+53,8.637126194563625e+65,2.6688251896689517e+67,8.637126194563625e+65,2.6677357509354855e+67,4.615376928708675e+62,4.78785861859117e+62,True,True,True,True,True,True,4.615376928708675e+62,8.107435349968644e+65,2.6624388424895357e+67
RECOMBINATION_WEIGHTED_AUDITOR,1,2,9,9.467022571863608e+48,2.4528092831992866e+64,6.828113790283739e+48,1.725980840250638e+48,2.47436930661176e+64,7.451071271387416e+52,9.385900344571477e+48,2.4285614812139326e+64,6.848648237137778e+48,1.7716736477396066e+48,2.4509200916437928e+64,7.398205722278233e+52,4.298516752300511e+65,1.3282183828660828e+67,4.298516752300511e+65,1.3276761920330538e+67,2.156002341247336e+62,2.235861042986022e+62,True,True,True,True,True,True,2.156002341247336e+62,4.051079821639335e+65,1.325201822726442e+67
RECOMBINATION_WEIGHTED_AUDITOR,1,2,10,8.920540678558755e+47,2.3112213815307887e+63,6.602070171532618e+47,1.458241139724934e+47,2.3315368571115962e+63,7.020959744280783e+51,8.839806018634001e+47,2.2872619152273528e+63,6.621924828796372e+47,1.4968459319196535e+47,2.308319647761289e+63,6.967760264864973e+51,4.3128392341602685e+64,1.3326439521474434e+66,4.3128392341602685e+64,1.3320999547567532e+66,2.0315475580807512e+61,2.1057732533936074e+61,True,True,True,True,True,True,2.0315475580807512e+61,4.079685548449109e+64,1.3297684178996417e+66
RECOMBINATION_WEIGHTED_AUDITOR,1,2,11,2.2809025569577785e+46,5.909586592099685e+61,1.697750445643586e+46,3.6319914723393594e+45,5.961531448210767e+61,1.7951966825866189e+50,2.2600126081436333e+46,5.847685747451916e+61,1.7028561552682699e+46,3.728143111614229e+45,5.901522608719337e+61,1.781399503102496e+50,1.11944006221632e+63,3.4590091299672577e+64,1.11944006221632e+63,3.457597130957288e+64,5.194485611108257e+59,5.383686126742123e+59,True,True,True,True,True,True,5.194485611108257e+59,1.0598247477342123e+63,3.4516355995090774e+64
RECOMBINATION_WEIGHTED_AUDITOR,1,2,12,4.911763567127481e+49,1.2725879951037987e+65,3.026142891016784e+49,1.4119674057614596e+49,1.28377395528293e+65,3.865830056816537e+53,4.882871186101663e+49,1.2634219888297022e+65,3.0352435258738793e+49,1.4493471688199936e+49,1.2750537141433404e+65,3.848803441755924e+53,2.0563130661910119e+65,2.471716829110267e+66,2.0563130661910119e+65,2.470707851803617e+66,1.1185960179131313e+63,1.163172531363815e+63,True,True,True,True,True,True,1.1185960179131313e+63,7.725391109080818e+64,2.342330456275324e+66
RECOMBINATION_WEIGHTED_AUDITOR,1,2,13,1.9227302632692323e+49,4.981598599808351e+64,1.2343774662186343e+49,5.029392557124272e+48,5.0253865058551365e+64,1.5132952434117148e+53,1.910148297322972e+49,4.9424268402422957e+64,1.2380896566208912e+49,5.162538337505958e+48,4.987929413330881e+64,1.5056275418296084e+53,3.93898041803307e+65,4.734709100897064e+66,3.93898041803307e+65,4.732776349547828e+66,4.378790604678561e+62,4.550257308858562e+62,True,True,True,True,True,True,4.378790604678561e+62,3.436441767447556e+65,4.682522484489276e+66
RECOMBINATION_WEIGHTED_AUDITOR,1,2,14,5.372003604827935e+48,1.3918315089332414e+64,3.444756018017638e+48,1.4092122536798976e+48,1.404065611325287e+64,4.228064465451421e+52,5.336953177826719e+48,1.3809137577524553e+64,3.455115564086933e+48,1.4465190781340613e+48,1.393627173898456e+64,4.206722433673069e+52,2.218371926878721e+65,2.666513827609249e+66,2.218371926878721e+65,2.665425332394814e+66,1.2234102392045625e+62,1.2713416146000653e+62,True,True,True,True,True,True,1.2234102392045625e+62,2.0779653657461923e+65,2.651384676281561e+66
RECOMBINATION_WEIGHTED_AUDITOR,1,2,15,4.437784059965977e+48,1.1497847244464334e+64,2.9000530748213306e+48,1.1097847079308493e+48,1.1598912523971251e+64,3.492781924499449e+52,4.407440221324421e+48,1.1404062646427116e+64,2.90877451496828e+48,1.1391646279340781e+48,1.1509054426952981e+64,3.4740566454938483e+52,1.1040372313331806e+65,1.327068066393856e+66,1.1040372313331806e+65,1.3265263451304808e+66,1.0106527950691688e+62,1.0499178052586513e+62,True,True,True,True,True,True,1.0106527950691688e+62,9.880481060934681e+64,1.3149274326065095e+66
RECOMBINATION_WEIGHTED_AUDITOR,1,2,16,4.431550437809337e+47,1.148169656332072e+63,2.936961100285572e+47,1.0672441836092149e+47,1.1582619879460988e+63,3.487875718496934e+51,4.400202131166553e+47,1.138533439840654e+63,2.9457935353442456e+47,1.0954979057179063e+47,1.1490153756860828e+63,3.468351398468156e+51,1.1077158381944484e+64,1.3314898028678254e+65,1.1077158381944484e+64,1.3309462766113759e+65,1.0092331614026768e+61,1.0481935845428727e+61,True,True,True,True,True,True,1.0092331614026768e+61,9.918896393998385e+63,1.319363656731915e+65
RECOMBINATION_WEIGHTED_AUDITOR,1,2,17,1.1793259663759436e+46,3.0555136594286724e+61,7.81583533519942e+45,2.8401717040695796e+45,3.082371412489885e+61,9.281948744667665e+49,1.1709835865735904e+46,3.0298698356957646e+61,7.839340194681718e+45,2.915361078064529e+45,3.057764406137376e+61,9.229990893620703e+49,2.875185972629694e+62,3.456013421406936e+63,2.875185972629694e+62,3.454602645272466e+63,2.6857753061212335e+59,2.7894570441611336e+59,True,True,True,True,True,True,2.6857753061212335e+59,2.5669488313807055e+62,3.423778931147567e+63
RECOMBINATION_WEIGHTED_AUDITOR,2,1,0,3.303439073717891e+49,8.547507000336238e+64,2.0903115025367439e+49,9.436764045476638e+48,8.626199831728545e+64,2.6038548206525848e+53,2.4802293000457e+49,8.719370471509178e+64,1.3369060157184788e+49,6.931529117548202e+48,8.816587585988255e+64,2.6257294650943903e+53,1.961737854909865e+65,8.071090311095705e+66,1.9802574657709903e+65,1.1099515402135743e+67,7.869283139230711e+62,9.721711447907769e+62,True,True,True,True,True,True,7.869283139230711e+62,1.0800790963110395e+65,7.982924435235822e+66
RECOMBINATION_WEIGHTED_AUDITOR,2,1,1,4.988178935303819e+48,1.2906699175309283e+64,3.685515275716443e+48,8.957935452911826e+47,1.3025525015638382e+64,3.9318096919978875e+52,8.469904157516576e+48,2.9776372775776043e+64,5.273301605338606e+48,1.6592850508600524e+48,3.010836612900872e+64,8.966782592442949e+52,3.757816415628604e+65,1.5460615997773026e+67,3.7932917455921924e+65,2.126173029657148e+67,1.188258403290998e+62,3.3199335323267584e+62,True,True,True,True,True,True,1.188258403290998e+62,3.456732754338517e+65,1.5430507631644016e+67
RECOMBINATION_WEIGHTED_AUDITOR,2,1,2,2.4026303631240843e+48,6.216703075110896e+63,1.8128958050093098e+48,3.9375953333425295e+47,6.2739373033936574e+63,1.8938144502316845e+52,4.2222676588520055e+48,1.4843593673667196e+64,2.6976891159612358e+48,7.582220592177611e+47,1.500909316129294e+64,4.4699627575396123e+52,2.1163432051173286e+65,8.707176188207121e+66,2.1363223539670404e+65,1.1974272680018408e+67,5.723422828276143e+61,1.6549948762574441e+62,True,True,True,True,True,True,5.723422828276143e+61,1.9662522735043993e+65,8.692167095045829e+66
RECOMBINATION_WEIGHTED_AUDITOR,2,1,3,1.1724954311324261e+48,3.0337816686860827e+63,8.978541219393396e+47,1.7900453347514398e+47,3.0617122535134e+63,9.241907637519276e+51,2.118136189569592e+48,7.446413985040726e+63,1.3776170537111221e+48,3.5606994093925328e+47,7.529438199140554e+63,2.2423945253502e+52,1.0532596740962403e+65,4.3333791665332214e+66,1.06320287789952e+65,5.959344642211044e+66,2.7930584827317385e+61,8.302421409982837e+61,True,True,True,True,True,True,2.7930584827317385e+61,9.779652921048348e+64,4.3258497283340805e+66
RECOMBINATION_WEIGHTED_AUDITOR,2,1,4,1.228410346220502e+47,3.1784591146668386e+62,9.644050930536778e+46,1.6380767315781505e+46,3.2077216759245217e+62,9.682643240475645e+50,2.1168002335703804e+47,7.441717364736083e+62,1.41605540274779e+47,3.165381166328313e+46,7.524689213602056e+62,2.2409801968318106e+51,1.0567690922153503e+64,4.347817808530082e+65,1.0667454263666793e+64,5.979200934614285e+65,2.9262561257683117e+60,8.297184886597296e+60,True,True,True,True,True,True,2.9262561257683117e+60,9.815222000793298e+63,4.34029311931648e+65
RECOMBINATION_WEIGHTED_AUDITOR,2,1,5,3.1304700722044714e+45,8.099957123288503e+60,2.4655430902745138e+45,4.095843543702097e+44,8.174529575836689e+60,2.4675162479216836e+49,5.382087906852087e+45,1.8920999912874199e+61,3.6122548490088117e+45,7.92965105271159e+44,1.9131960672094022e+61,5.697822697477738e+49,2.7429486565785303e+62,1.1285190970106014e+64,2.7688432181810097e+62,1.5519607160947506e+64,7.457245254818576e+58,2.109607592198234e+59,True,True,True,True,True,True,7.457245254818576e+58,2.5516290498575902e+62,1.126605900943392e+64
RECOMBINATION_WEIGHTED_AUDITOR,2,1,6,6.192942264375938e+49,1.602397264674117e+65,3.970340882187184e+49,1.717462500922296e+49,1.6171497741213204e+65,4.8814348348098254e+53,8.314738004188235e+49,2.923087838318749e+65,4.424886296614141e+49,2.38069741078455e+49,2.9556789715821854e+65,8.802513772309239e+53,7.989752541206482e+65,1.7988841331707608e+67,8.006157683942245e+65,2.473859339095395e+67,1.4752509447203363e+63,3.259113326343651e+63,True,True,True,True,True,True,1.4752509447203363e+63,5.0340735696242975e+65,1.769327343454939e+67
RECOMBINATION_WEIGHTED_AUDITOR,2,1,7,4.4946003230231404e+49,1.1629585673428595e+65,3.1194400276734744e+49,1.0085498407403593e+49,1.1736653737195667e+65,3.5427584577301975e+53,7.370790922423472e+49,2.5912385084501234e+65,4.249552014176634e+49,1.783414338704221e+49,2.6201296688316806e+65,7.80319098145521e+53,1.530480904011282e+66,3.4458611829935337e+67,1.5336233990454113e+66,4.7388131962391705e+67,1.0706806376707213e+63,2.8891160381557253e+63,True,True,True,True,True,True,1.0706806376707213e+63,1.268467937128114e+66,3.419659886305217e+67
RECOMBINATION_WEIGHTED_AUDITOR,2,1,8,2.0098907308649308e+49,5.200506111542722e+64,1.4409280065522178e+49,4.050222398200338e+48,5.2483846977286337e+64,1.5842470685126144e+53,3.3676557087192996e+49,1.1839162509803157e+65,2.0234594327486127e+49,7.329548778218101e+48,1.1971163922154283e+65,3.565215854241648e+53,8.619428155923589e+65,1.9406549159975474e+67,8.637126194563625e+65,2.6688251896689517e+67,4.78785861859117e+62,1.320014123511264e+63,True,True,True,True,True,True,4.78785861859117e+62,7.4223117637081605e+65,1.928683752075393e+67
RECOMBINATION_WEIGHTED_AUDITOR,2,1,9,9.385900344571477e+48,2.4285614812139326e+64,6.848648237137778e+48,1.7716736477396066e+48,2.4509200916437928e+64,7.398205722278233e+52,1.5912026586829138e+49,5.593952734955212e+64,9.754058958829152e+48,3.269878636856017e+48,5.656322827521145e+64,1.6845489672117305e+53,4.289708809257497e+65,9.658232934121512e+66,4.298516752300511e+65,1.3282183828660828e+67,2.235861042986022e+62,6.237009256593302e+62,True,True,True,True,True,True,2.235861042986022e+62,3.7240765265053826e+65,9.6016697058463e+66
RECOMBINATION_WEIGHTED_AUDITOR,2,1,10,8.839806018634001e+47,2.2872619152273528e+63,6.621924828796372e+47,1.4968459319196535e+47,2.308319647761289e+63,6.967760264864973e+51,1.4860022850064178e+48,5.224115546188161e+63,9.385020628313416e+47,2.7778556221504062e+47,5.2823621180897914e+63,1.5731771190942098e+52,4.3040019434115865e+64,9.690413770900208e+65,4.3128392341602685e+64,1.3326439521474434e+66,2.1057732533936074e+61,5.82465719016304e+61,True,True,True,True,True,True,2.1057732533936074e+61,3.7757657316026076e+64,9.63759014971931e+65
RECOMBINATION_WEIGHTED_AUDITOR,2,1,11,2.2600126081436333e+46,5.847685747451916e+61,1.7028561552682699e+46,3.728143111614229e+45,5.901522608719337e+61,1.781399503102496e+50,3.774544589590755e+46,1.3269600773309929e+62,2.3984692643170015e+46,6.909821590266054e+45,1.3417550938024888e+62,3.99597446333629e+50,1.1171462560324096e+63,2.5152426987486685e+64,1.11944006221632e+63,3.4590091299672577e+64,5.383686126742123e+59,1.4795016471495973e+60,True,True,True,True,True,True,5.383686126742123e+59,9.829707466521606e+62,2.5018251478106437e+64
RECOMBINATION_WEIGHTED_AUDITOR,2,1,12,4.882871186101663e+49,1.2634219888297022e+65,3.0352435258738793e+49,1.4493471688199936e+49,1.2750537141433404e+65,3.848803441755924e+53,4.5835883569012255e+49,1.6113834705517515e+65,2.349417091254144e+49,1.4022337999027922e+49,1.629349681740758e+65,4.852479972056362e+53,2.0912378197879003e+65,1.797326192039469e+66,2.0563130661910119e+65,2.471716829110267e+66,1.163172531363815e+63,1.7966211189006455e+63,True,True,True,True,True,True,1.163172531363815e+63,4.618881380471423e+64,1.634391223865393e+66
RECOMBINATION_WEIGHTED_AUDITOR,2,1,13,1.910148297322972e+49,4.9424268402422957e+64,1.2380896566208912e+49,5.162538337505958e+48,4.987929413330881e+64,1.5056275418296084e+53,2.9561072316435884e+49,1.0392343202192203e+65,1.576226803095123e+49,8.433365316561758e+48,1.0508213220801299e+65,3.129524298403443e+53,4.0058806983379535e+65,3.442876861340617e+66,3.93898041803307e+65,4.734709100897064e+66,4.550257308858562e+62,1.1587001860909636e+63,True,True,True,True,True,True,4.550257308858562e+62,2.9550593762578235e+65,3.3377947291326036e+66
RECOMBINATION_WEIGHTED_AUDITOR,2,1,14,5.336953177826719e+48,1.3809137577524553e+64,3.455115564086933e+48,1.4465190781340613e+48,1.393627173898456e+64,4.206722433673069e+52,5.624680860774856e+48,1.977384760683193e+64,2.973042526381838e+48,1.6307389043890266e+48,1.999431723967602e+64,5.954647123802984e+52,2.256049114368468e+65,1.93897419289842e+66,2.218371926878721e+65,2.666513827609249e+66,1.2713416146000653e+62,2.204696328440918e+62,True,True,True,True,True,True,1.2713416146000653e+62,2.0561059419717076e+65,1.918979875658744e+66
RECOMBINATION_WEIGHTED_AUDITOR,2,1,15,4.407440221324421e+48,1.1404062646427116e+64,2.90877451496828e+48,1.1391646279340781e+48,1.1509054426952981e+64,3.4740566454938483e+52,6.848617745036066e+48,2.4076659095842852e+64,3.7562453161887185e+48,1.8493241341465208e+48,2.434510316886882e+64,7.250385038181011e+52,1.122788378179475e+65,9.64986832738211e+65,1.1040372313331806e+65,1.327068066393856e+66,1.0499178052586513e+62,2.684440730259677e+62,True,True,True,True,True,True,1.0499178052586513e+62,8.793373464907869e+64,9.40641729569342e+65
RECOMBINATION_WEIGHTED_AUDITOR,2,1,16,4.400202131166553e+47,1.138533439840654e+63,2.9457935353442456e+47,1.0954979057179063e+47,1.1490153756860828e+63,3.468351398468156e+51,6.824057497793821e+47,2.399031631512776e+63,3.790383971600181e+47,1.7950830030590495e+47,2.4257797704434227e+63,7.22438398865999e+51,1.1265294630944609e+64,9.682021293633596e+64,1.1077158381944484e+64,1.3314898028678254e+65,1.0481935845428727e+61,2.674813893064666e+61,True,True,True,True,True,True,1.0481935845428727e+61,8.839514860501187e+63,9.439443316589254e+64
RECOMBINATION_WEIGHTED_AUDITOR,2,1,17,1.1709835865735904e+46,3.0298698356957646e+61,7.839340194681718e+45,2.915361078064529e+45,3.057764406137376e+61,9.229990893620703e+49,1.8035999228035783e+46,6.34064596729826e+61,1.0040079799096868e+46,4.7223219062883356e+45,6.411341358311672e+61,1.909406303868785e+50,2.924018596071282e+62,2.5130643483018166e+63,2.875185972629694e+62,3.456013421406936e+63,2.7894570441611336e+59,7.069539101341149e+59,True,True,True,True,True,True,2.7894570441611336e+59,2.282884460240115e+62,2.4489509347187e+63
RECOMBINATION_WEIGHTED_AUDITOR,2,2,0,2.4802293000457e+49,8.719370471509178e+64,1.3369060157184788e+49,6.931529117548202e+48,8.816587585988255e+64,2.6257294650943903e+53,2.402531952341492e+49,8.293395700408498e+64,1.3144273316683603e+49,7.257114524376695e+48,8.398911713971505e+64,2.4862961283177773e+53,1.961737854909865e+65,8.062818293320634e+66,1.961737854909865e+65,8.071090311095705e+66,9.721711447907769e+62,1.0551601356300739e+63,True,True,True,True,True,True,9.721711447907769e+62,1.0800790963110395e+65,7.97882917618092e+66
RECOMBINATION_WEIGHTED_AUDITOR,2,2,1,8.469904157516576e+48,2.9776372775776043e+64,5.273301605338606e+48,1.6592850508600524e+48,3.010836612900872e+64,8.966782592442949e+52,8.151402352725301e+48,2.8138150320334543e+64,5.184636523953901e+48,1.7372244188071597e+48,2.849614908924557e+64,8.435600654629978e+52,3.757816415628604e+65,1.544477049420193e+67,3.757816415628604e+65,1.5460615997773026e+67,3.3199335323267584e+62,3.579987689110269e+62,True,True,True,True,True,True,3.3199335323267584e+62,3.456732754338517e+65,1.5416274345112684e+67
RECOMBINATION_WEIGHTED_AUDITOR,2,2,2,4.2222676588520055e+48,1.4843593673667196e+64,2.6976891159612358e+48,7.582220592177611e+47,1.500909316129294e+64,4.4699627575396123e+52,4.058315581289025e+48,1.4009061132344614e+64,2.6523302795208624e+48,7.938370055636916e+47,1.4187296964546933e+64,4.1998085841966817e+52,2.1163432051173286e+65,8.698252249380606e+66,2.1163432051173286e+65,8.707176188207121e+66,1.6549948762574441e+62,1.782358322023194e+62,True,True,True,True,True,True,1.6549948762574441e+62,1.9662522735043993e+65,8.684064952416059e+66
RECOMBINATION_WEIGHTED_AUDITOR,2,2,3,2.118136189569592e+48,7.446413985040726e+63,1.3776170537111221e+48,3.5606994093925328e+47,7.529438199140554e+63,2.2423945253502e+52,2.0340630377863288e+48,7.021463184078068e+63,1.3544538559033973e+48,3.7279513600286574e+47,7.110796532121118e+63,2.1049805604764802e+52,1.0532596740962403e+65,4.3289379091429536e+66,1.0532596740962403e+65,4.3333791665332214e+66,8.302421409982837e+61,8.933334804304997e+61,True,True,True,True,True,True,8.302421409982837e+61,9.779652921048348e+64,4.321827112610832e+66
RECOMBINATION_WEIGHTED_AUDITOR,2,2,4,2.1168002335703804e+47,7.441717364736083e+62,1.41605540274779e+47,3.165381166328313e+46,7.524689213602056e+62,2.2409801968318106e+51,2.0298275073396552e+47,7.006842387896286e+62,1.3922459040832835e+47,3.3140643641233115e+46,7.095989717065532e+62,2.1005973584380328e+51,1.0567690922153503e+64,4.343361753051992e+65,1.0567690922153503e+64,4.347817808530082e+65,8.297184886597296e+60,8.914732916924632e+60,True,True,True,True,True,True,8.297184886597296e+60,9.815222000793298e+63,4.336265763334926e+65
RECOMBINATION_WEIGHTED_AUDITOR,2,2,5,5.382087906852087e+45,1.8920999912874199e+61,3.6122548490088117e+45,7.92965105271159e+44,1.9131960672094022e+61,5.697822697477738e+49,5.16006444736996e+45,1.7812231908067476e+61,3.5515185410674274e+45,8.302119900525958e+44,1.8038855087702624e+61,5.339969878387108e+49,2.7429486565785303e+62,1.127362483756362e+64,2.7429486565785303e+62,1.1285190970106014e+64,2.109607592198234e+59,2.2662317963514796e+59,True,True,True,True,True,True,2.109607592198234e+59,2.5516290498575902e+62,1.1255585982475918e+64
RECOMBINATION_WEIGHTED_AUDITOR,2,2,6,8.314738004188235e+49,2.923087838318749e+65,4.424886296614141e+49,2.38069741078455e+49,2.9556789715821854e+65,8.802513772309239e+53,8.058543986283113e+49,2.781760882816081e+65,4.350486436152876e+49,2.49252271251537e+49,2.817152938090352e+65,8.339504785127756e+53,7.989752541206482e+65,1.797040466336254e+67,7.989752541206482e+65,1.7988841331707608e+67,3.259113326343651e+63,3.539205527427095e+63,True,True,True,True,True,True,3.259113326343651e+63,5.0340735696242975e+65,1.7688689369553505e+67
RECOMBINATION_WEIGHTED_AUDITOR,2,2,7,7.370790922423472e+49,2.5912385084501234e+65,4.249552014176634e+49,1.783414338704221e+49,2.6201296688316806e+65,7.80319098145521e+53,7.119118190765984e+49,2.457476752242854e+65,4.1781002172978005e+49,1.867184264959128e+49,2.488742974148515e+65,7.367325948563385e+53,1.530480904011282e+66,3.442329538090868e+67,1.530480904011282e+66,3.4458611829935337e+67,2.8891160381557253e+63,3.1266221905661082e+63,True,True,True,True,True,True,2.8891160381557253e+63,1.268467937128114e+66,3.4174421083493825e+67
RECOMBINATION_WEIGHTED_AUDITOR,2,2,8,3.3676557087192996e+49,1.1839162509803157e+65,2.0234594327486127e+49,7.329548778218101e+48,1.1971163922154283e+65,3.565215854241648e+53,3.2465184762809823e+49,1.120678638477413e+65,1.9894370671206614e+49,7.67382982794837e+48,1.1349369165927972e+65,3.359708207094939e+53,8.619428155923589e+65,1.93866594903749e+67,8.619428155923589e+65,1.9406549159975474e+67,1.320014123511264e+63,1.42582781153842e+63,True,True,True,True,True,True,1.320014123511264e+63,7.4223117637081605e+65,1.927316579871562e+67
RECOMBINATION_WEIGHTED_AUDITOR,2,2,9,1.5912026586829138e+49,5.593952734955212e+64,9.754058958829152e+48,3.269878636856017e+48,5.656322827521145e+64,1.6845489672117305e+53,1.5325138429655607e+49,5.290145549856373e+64,9.590054603276962e+48,3.423470253973397e+48,5.357451523157685e+64,1.5859448739673135e+53,4.289708809257497e+65,9.648334262265868e+66,4.289708809257497e+65,9.658232934121512e+66,6.237009256593302e+62,6.730597330131159e+62,True,True,True,True,True,True,6.237009256593302e+62,3.7240765265053826e+65,9.594759747034291e+66
RECOMBINATION_WEIGHTED_AUDITOR,2,2,10,1.4860022850064178e+48,5.224115546188161e+63,9.385020628313416e+47,2.7778556221504062e+47,5.2823621180897914e+63,1.5731771190942098e+52,1.4291216152385889e+48,4.933241802519802e+63,9.227221268427629e+47,2.908336103081932e+47,4.996006926450718e+63,1.4789478805474397e+52,4.3040019434115865e+64,9.68048211707514e+65,4.3040019434115865e+64,9.690413770900208e+65,5.82465719016304e+61,6.276512393091593e+61,True,True,True,True,True,True,5.82465719016304e+61,3.7757657316026076e+64,9.630522047810633e+65
RECOMBINATION_WEIGHTED_AUDITOR,2,2,11,3.774544589590755e+46,1.3269600773309929e+62,2.3984692643170015e+46,6.909821590266054e+45,1.3417550938024888e+62,3.99597446333629e+50,3.628966340079837e+46,1.2526973392555075e+62,2.3581414984437274e+46,7.234387358572978e+45,1.2686352776120142e+62,3.755490099660311e+50,1.1171462560324096e+63,2.512664839808835e+64,1.1171462560324096e+63,2.5152426987486685e+64,1.4795016471495973e+60,1.593793835650673e+60,True,True,True,True,True,True,1.4795016471495973e+60,9.829707466521606e+62,2.499978487032715e+64
RECOMBINATION_WEIGHTED_AUDITOR,2,2,12,4.5835883569012255e+49,1.6113834705517515e+65,2.349417091254144e+49,1.4022337999027922e+49,1.629349681740758e+65,4.852479972056362e+53,4.4491077446135356e+49,1.535805215987712e+65,2.3099140866485022e+49,1.4680990447091916e+49,1.55534510650473e+65,4.604225699941476e+53,2.0912378197879003e+65,1.795484121930588e+66,2.0912378197879003e+65,1.797326192039469e+66,1.7966211189006455e+63,1.9539890517018147e+63,True,True,True,True,True,True,1.7966211189006455e+63,4.618881380471423e+64,1.634391223865393e+66
RECOMBINATION_WEIGHTED_AUDITOR,2,2,13,2.9561072316435884e+49,1.0392343202192203e+65,1.576226803095123e+49,8.433365316561758e+48,1.0508213220801299e+65,3.129524298403443e+53,2.8647934065016584e+49,9.88909441844644e+64,1.5497241889386132e+49,8.829494457904426e+48,1.0014912341342753e+65,2.96467430873234e+53,4.0058806983379535e+65,3.439348275053429e+66,4.0058806983379535e+65,3.442876861340617e+66,1.1587001860909636e+63,1.2581792289631277e+63,True,True,True,True,True,True,1.1587001860909636e+63,2.9550593762578235e+65,3.3377947291326036e+66
RECOMBINATION_WEIGHTED_AUDITOR,2,2,14,5.624680860774856e+48,1.977384760683193e+64,2.973042526381838e+48,1.6307389043890266e+48,1.999431723967602e+64,5.954647123802984e+52,5.4528952578790457e+48,1.8823066241594794e+64,2.92305390875847e+48,1.7073374125410427e+48,1.906255016164308e+64,5.643010222850097e+52,2.256049114368468e+65,1.936986948502578e+66,2.256049114368468e+65,1.93897419289842e+66,2.204696328440918e+62,2.394839200482867e+62,True,True,True,True,True,True,2.204696328440918e+62,2.0561059419717076e+65,1.917924398340935e+66
RECOMBINATION_WEIGHTED_AUDITOR,2,2,15,6.848617745036066e+48,2.4076659095842852e+64,3.7562453161887185e+48,1.8493241341465208e+48,2.434510316886882e+64,7.250385038181011e+52,6.629215696095199e+48,2.2883653596154914e+64,3.693087958315684e+48,1.936189952692893e+48,2.3174799948077325e+64,6.860343023917537e+52,1.122788378179475e+65,9.639978228367674e+65,1.122788378179475e+65,9.64986832738211e+65,2.684440730259677e+62,2.9114635192241155e+62,True,True,True,True,True,True,2.684440730259677e+62,8.793373464907869e+64,9.40641729569342e+65
RECOMBINATION_WEIGHTED_AUDITOR,2,2,16,6.824057497793821e+47,2.399031631512776e+63,3.790383971600181e+47,1.7950830030590495e+47,2.4257797704434227e+63,7.22438398865999e+51,6.601866052492244e+47,2.2789244272506412e+63,3.72665260774628e+47,1.879401025811392e+47,2.307918946439325e+63,6.832039836134902e+51,1.1265294630944609e+64,9.672098241214091e+64,1.1265294630944609e+64,9.682021293633596e+64,2.674813893064666e+61,2.899451918868395e+61,True,True,True,True,True,True,2.674813893064666e+61,8.839514860501187e+63,9.439443316589254e+64
RECOMBINATION_WEIGHTED_AUDITOR,2,2,17,1.8035999228035783e+46,6.34064596729826e+61,1.0040079799096868e+46,4.7223219062883356e+45,6.411341358311672e+61,1.909406303868785e+50,1.7447087693665673e+46,6.022629664603524e+61,9.871266300638367e+45,4.944137190178732e+45,6.099254957346274e+61,1.805537967597275e+50,2.924018596071282e+62,2.510488721941835e+63,2.924018596071282e+62,2.5130643483018166e+63,7.069539101341149e+59,7.662529274274948e+59,True,True,True,True,True,True,7.069539101341149e+59,2.282884460240115e+62,2.4489509347187e+63
RECOMBINATION_WEIGHTED_AUDITOR,3,1,0,2.402531952341492e+49,8.293395700408498e+64,1.3144273316683603e+49,7.257114524376695e+48,8.398911713971505e+64,2.4862961283177773e+53,1.4825659900093883e+49,4.236237808177136e+64,9.226499744525026e+48,3.965512729870766e+48,4.2904434652632103e+64,1.2648572754670655e+53,1.9427047006535542e+65,1.0445870633980244e+67,1.961737854909865e+65,8.062818293320634e+66,1.0551601356300739e+63,5.420565708607445e+62,True,True,True,True,True,True,5.420565708607445e+62,1.1218466835127144e+65,7.97882917618092e+66
RECOMBINATION_WEIGHTED_AUDITOR,3,1,1,8.151402352725301e+48,2.8138150320334543e+64,5.184636523953901e+48,1.7372244188071597e+48,2.849614908924557e+64,8.435600654629978e+52,4.350295168583081e+48,1.2430397698361652e+64,3.0292680167788284e+48,8.416657910908885e+47,1.2589453423179628e+64,3.711472225514014e+52,3.7213573651359264e+65,2.000963790633856e+67,3.757816415628604e+65,1.544477049420193e+67,3.579987689110269e+62,1.5905572481797578e+62,True,True,True,True,True,True,1.5905572481797578e+62,3.4728549247361486e+65,1.5416274345112684e+67
RECOMBINATION_WEIGHTED_AUDITOR,3,1,2,4.058315581289025e+48,1.4009061132344614e+64,2.6523302795208624e+48,7.938370055636916e+47,1.4187296964546933e+64,4.1998085841966817e+52,2.227589975422088e+48,6.365046101549693e+63,1.5829791443515384e+48,3.991514954738809e+47,6.4464913654703524e+63,1.9004775545621993e+52,2.0958100403106854e+65,1.126911390450508e+67,2.1163432051173286e+65,8.698252249380606e+66,1.782358322023194e+62,8.144526392065926e+61,True,True,True,True,True,True,8.144526392065926e+61,1.9744702354718592e+65,8.684064952416059e+66
RECOMBINATION_WEIGHTED_AUDITOR,3,1,3,2.0340630377863288e+48,7.021463184078068e+63,1.3544538559033973e+48,3.7279513600286574e+47,7.110796532121118e+63,2.1049805604764802e+52,1.1342720596168965e+48,3.2410335972145267e+63,8.187020618472094e+47,1.9058395042196127e+47,3.282504912973982e+63,9.677088754453071e+51,1.0430407481582756e+65,5.60840189328101e+66,1.0532596740962403e+65,4.3289379091429536e+66,8.933334804304997e+61,4.1471315759455465e+61,True,True,True,True,True,True,4.1471315759455465e+61,9.821517087750291e+64,4.321827112610832e+66
RECOMBINATION_WEIGHTED_AUDITOR,3,1,4,2.0298275073396552e+47,7.006842387896286e+62,1.3922459040832835e+47,3.3140643641233115e+46,7.095989717065532e+62,2.1005973584380328e+51,1.1265317610852232e+47,3.2189167096645527e+62,8.35315202253501e+46,1.6708341913570214e+46,3.2601050242147687e+62,9.611052078999507e+50,1.0465161172344701e+64,5.627088858810589e+65,1.0567690922153503e+64,4.343361753051992e+65,8.914732916924632e+60,4.118831455021606e+60,True,True,True,True,True,True,4.118831455021606e+60,9.85809195044695e+63,4.336265763334926e+65
RECOMBINATION_WEIGHTED_AUDITOR,3,1,5,5.16006444736996e+45,1.7812231908067476e+61,3.5515185410674274e+45,8.302119900525958e+44,1.8038855087702624e+61,5.339969878387108e+49,2.87218944798063e+45,8.20690452484068e+60,2.1358973690536784e+45,4.198039813023034e+44,8.31191766918139e+60,2.450420247246482e+49,2.716336046352788e+62,1.4605665456552913e+64,2.7429486565785303e+62,1.127362483756362e+64,2.2662317963514796e+59,1.0501314434070909e+59,True,True,True,True,True,True,1.0501314434070909e+59,2.562560105701504e+62,1.1255585982475918e+64
RECOMBINATION_WEIGHTED_AUDITOR,3,1,6,8.058543986283113e+49,2.781760882816081e+65,4.350486436152876e+49,2.49252271251537e+49,2.817152938090352e+65,8.339504785127756e+53,4.0251450068814655e+49,1.1501323770039195e+65,2.47201594486308e+49,1.1095961722269627e+49,1.1648491337240275e+65,3.4340690269926597e+53,7.972004895826807e+65,2.328175031666876e+67,7.989752541206482e+65,1.797040466336254e+67,3.539205527427095e+63,1.4716756720108017e+63,True,True,True,True,True,True,1.4716756720108017e+63,5.17259960311613e+65,1.7688689369553505e+67
RECOMBINATION_WEIGHTED_AUDITOR,3,1,7,7.119118190765984e+49,2.457476752242854e+65,4.1781002172978005e+49,1.867184264959128e+49,2.488742974148515e+65,7.367325948563385e+53,3.97546838412804e+49,1.135937933794732e+65,2.5836524292595443e+49,9.53756958814394e+48,1.150473062580818e+65,3.3916872118601646e+53,1.5270812452352848e+66,4.459746918049046e+67,1.530480904011282e+66,3.442329538090868e+67,3.1266221905661082e+63,1.453512878608614e+63,True,True,True,True,True,True,1.453512878608614e+63,1.2816066065964304e+66,3.4174421083493825e+67
RECOMBINATION_WEIGHTED_AUDITOR,3,1,8,3.2465184762809823e+49,1.120678638477413e+65,1.9894370671206614e+49,7.67382982794837e+48,1.1349369165927972e+65,3.359708207094939e+53,1.8540552698034866e+49,5.297719686893567e+64,1.2438708824220208e+49,4.058850415832185e+48,5.365507754912692e+64,1.5817948832848527e+53,8.60028181146574e+65,2.5116594433145607e+67,8.619428155923589e+65,1.93866594903749e+67,1.42582781153842e+63,6.778806801912508e+62,True,True,True,True,True,True,6.778806801912508e+62,7.484491239330792e+65,1.927316579871562e+67
RECOMBINATION_WEIGHTED_AUDITOR,3,1,9,1.5325138429655607e+49,5.290145549856373e+64,9.590054603276962e+48,3.423470253973397e+48,5.357451523157685e+64,1.5859448739673135e+53,8.747372563720238e+48,2.4994469471411768e+64,5.983101292750285e+48,1.8003935908773994e+48,2.5314291375319165e+64,7.46285690013196e+52,4.280180074752127e+65,1.250000283654173e+67,4.289708809257497e+65,9.648334262265868e+66,6.730597330131159e+62,3.198219039073968e+62,True,True,True,True,True,True,3.198219039073968e+62,3.753963656941729e+65,9.594759747034291e+66
RECOMBINATION_WEIGHTED_AUDITOR,3,1,10,1.4291216152385889e+48,4.933241802519802e+63,9.227221268427629e+47,2.908336103081932e+47,4.996006926450718e+63,1.4789478805474397e+52,8.40126674278827e+47,2.4005517496159106e+63,5.8907290587248015e+47,1.5847975902365209e+47,2.4312685060515115e+63,7.16757529470101e+51,4.294441459552901e+64,1.2541652334308013e+66,4.3040019434115865e+64,9.68048211707514e+65,6.276512393091593e+61,3.071675643560085e+61,True,True,True,True,True,True,3.071675643560085e+61,3.8044012507665146e+64,9.630522047810633e+65
RECOMBINATION_WEIGHTED_AUDITOR,3,1,11,3.628966340079837e+46,1.2526973392555075e+62,2.3581414984437274e+46,7.234387358572978e+45,1.2686352776120142e+62,3.755490099660311e+50,2.1302670388675593e+46,6.086958578826668e+61,1.50188790229151e+46,3.9364386762026996e+45,6.164845516331481e+61,1.8174460907350566e+50,1.1146647379269312e+63,3.2553098567205936e+64,1.1171462560324096e+63,2.512664839808835e+64,1.593793835650673e+60,7.78869375048131e+59,True,True,True,True,True,True,7.78869375048131e+59,9.90282728271208e+62,2.499978487032715e+64
RECOMBINATION_WEIGHTED_AUDITOR,3,1,12,4.4491077446135356e+49,1.535805215987712e+65,2.3099140866485022e+49,1.4680990447091916e+49,1.55534510650473e+65,4.604225699941476e+53,3.038542143963901e+49,8.682235528630986e+64,1.7726416220800787e+49,9.310819313581903e+48,8.793330869146826e+64,2.5923447344031524e+53,2.128018619423888e+65,2.326158692995698e+66,2.0912378197879003e+65,1.795484121930588e+66,1.9539890517018147e+63,1.1109534051583987e+63,True,True,True,True,True,True,1.1109534051583987e+63,5.358927132831702e+64,1.6399496112801148e+66
RECOMBINATION_WEIGHTED_AUDITOR,3,1,13,2.8647934065016584e+49,9.88909441844644e+64,1.5497241889386132e+49,8.829494457904426e+48,1.0014912341342753e+65,2.96467430873234e+53,1.698460814083494e+49,4.8531289432062635e+64,1.0186023282234771e+49,4.927041766910175e+48,4.9152281584066343e+64,1.4490488330813638e+53,4.076336336590602e+65,4.455884510776301e+66,4.0058806983379535e+65,3.439348275053429e+66,1.2581792289631277e+63,6.209921520037078e+62,True,True,True,True,True,True,6.209921520037078e+62,3.0043894642036783e+65,3.3391991516400018e+66
RECOMBINATION_WEIGHTED_AUDITOR,3,1,14,5.4528952578790457e+48,1.8823066241594794e+64,2.92305390875847e+48,1.7073374125410427e+48,1.906255016164308e+64,5.643010222850097e+52,4.132474189760629e+48,1.1808002828844932e+64,2.4513518991991385e+48,1.225762740473364e+48,1.1959094571375597e+64,3.5256373610496064e+52,2.295728623632961e+65,2.509484196180862e+66,2.256049114368468e+65,1.936986948502578e+66,2.394839200482867e+62,1.5109174253066476e+62,True,True,True,True,True,True,1.5109174253066476e+62,2.065423612752037e+65,1.917924398340935e+66
RECOMBINATION_WEIGHTED_AUDITOR,3,1,15,6.629215696095199e+48,2.2883653596154914e+64,3.693087958315684e+48,1.936189952692893e+48,2.3174799948077325e+64,6.860343023917537e+52,4.1252778888252416e+48,1.1787440343055467e+64,2.521965489219717e+48,1.1487458137818502e+48,1.1938268974046129e+64,3.519497807292193e+52,1.1425360386228115e+65,1.2489177087289013e+66,1.122788378179475e+65,9.639978228367674e+65,2.9114635192241155e+62,1.5082863099066196e+62,True,True,True,True,True,True,1.5082863099066196e+62,8.910403786987018e+64,9.408230228886901e+65
RECOMBINATION_WEIGHTED_AUDITOR,3,1,16,6.601866052492244e+47,2.2789244272506412e+63,3.72665260774628e+47,1.879401025811392e+47,2.307918946439325e+63,6.832039836134902e+51,4.1643167199571925e+47,1.189898868123579e+63,2.5802608244258577e+47,1.125187599941571e+47,1.205124465205998e+63,3.552803946725935e+51,1.146342921934028e+64,1.2530790514101996e+65,1.1265294630944609e+64,9.672098241214091e+64,2.899451918868395e+61,1.522559708241917e+61,True,True,True,True,True,True,1.522559708241917e+61,8.957375684505284e+63,9.441306346570159e+64
RECOMBINATION_WEIGHTED_AUDITOR,3,1,17,1.7447087693665673e+46,6.022629664603524e+61,9.871266300638367e+45,4.944137190178732e+45,6.099254957346274e+61,1.805537967597275e+50,1.1048633378343188e+46,3.157002033058163e+61,6.840987117265117e+45,2.9901914160535005e+45,3.197398105557602e+61,9.42618703433035e+49,2.9754463873518098e+62,3.2524905639006382e+63,2.924018596071282e+62,2.510488721941835e+63,7.662529274274948e+59,4.03960724994394e+59,True,True,True,True,True,True,4.03960724994394e+59,2.3140931003366546e+62,2.4494961723683724e+63
RECOMBINATION_WEIGHTED_AUDITOR,3,2,0,1.4825659900093883e+49,4.236237808177136e+64,9.226499744525026e+48,3.965512729870766e+48,4.2904434652632103e+64,1.2648572754670655e+53,1.6937051127498743e+49,4.849074553495161e+64,1.0509774740924075e+49,4.455363663514177e+48,4.9094501163940827e+64,1.4461961164773631e+53,1.9427047006535542e+65,1.0444460049208522e+67,1.9427047006535542e+65,1.0445870633980244e+67,5.420565708607445e+62,6.037556289892151e+62,True,True,True,True,True,True,5.420565708607445e+62,1.451759689014146e+65,1.0395365548044582e+67
RECOMBINATION_WEIGHTED_AUDITOR,3,2,1,4.350295168583081e+48,1.2430397698361652e+64,3.0292680167788284e+48,8.416657910908885e+47,1.2589453423179628e+64,3.711472225514014e+52,4.975509601847906e+48,1.4244874635715007e+64,3.4505961488941965e+48,9.456348870607372e+47,1.4422236793188118e+64,4.24841526988465e+52,3.7213573651359264e+65,2.0006935853871384e+67,3.7213573651359264e+65,2.000963790633856e+67,1.5905572481797578e+62,1.773621574731108e+62,True,True,True,True,True,True,1.5905572481797578e+62,3.5771349972040454e+65,1.9992513617078197e+67
RECOMBINATION_WEIGHTED_AUDITOR,3,2,2,2.227589975422088e+48,6.365046101549693e+63,1.5829791443515384e+48,3.991514954738809e+47,6.4464913654703524e+63,1.9004775545621993e+52,2.5482945142998048e+48,7.295762403432825e+63,1.8031490475667802e+48,4.484577885164486e+47,7.386601543360373e+63,2.1759003987639213e+52,2.0958100403106854e+65,1.1267592150979548e+67,2.0958100403106854e+65,1.126911390450508e+67,8.144526392065926e+61,9.083913992754775e+61,True,True,True,True,True,True,8.144526392065926e+61,2.0219440248770817e+65,1.1260205549436187e+67
RECOMBINATION_WEIGHTED_AUDITOR,3,2,3,1.1342720596168965e+48,3.2410335972145267e+63,8.187020618472094e+47,1.9058395042196127e+47,3.282504912973982e+63,9.677088754453071e+51,1.2977953338921481e+48,3.715585600969095e+63,9.325718840506192e+47,2.1412636029708875e+47,3.761848154716788e+63,1.1081424728121733e+52,1.0430407481582756e+65,5.607644548433314e+66,1.0430407481582756e+65,5.60840189328101e+66,4.1471315759455465e+61,4.626255374769258e+61,True,True,True,True,True,True,4.1471315759455465e+61,1.0054222666111077e+65,5.6038827002785974e+66
RECOMBINATION_WEIGHTED_AUDITOR,3,2,4,1.1265317610852232e+47,3.2189167096645527e+62,8.35315202253501e+46,1.6708341913570214e+46,3.2601050242147687e+62,9.611052078999507e+50,1.289330047336292e+47,3.691349501475128e+62,9.514956761975939e+46,1.8772286085112935e+46,3.7373102928693487e+62,1.1009142579064099e+51,1.0465161172344701e+64,5.626328990520862e+65,1.0465161172344701e+64,5.627088858810589e+65,4.118831455021606e+60,4.5960791394220575e+60,True,True,True,True,True,True,4.118831455021606e+60,1.0091430143057767e+64,5.622591680227993e+65
RECOMBINATION_WEIGHTED_AUDITOR,3,2,5,2.87218944798063e+45,8.20690452484068e+60,2.1358973690536784e+45,4.198039813023034e+44,8.31191766918139e+60,2.450420247246482e+49,3.2873666423029623e+45,9.411724516388248e+60,2.43297033978752e+45,4.716614298080517e+44,9.528909385224089e+60,2.806968483325271e+49,2.716336046352788e+62,1.4603693143282362e+64,2.716336046352788e+62,1.4605665456552913e+64,1.0501314434070909e+59,1.171848688358402e+59,True,True,True,True,True,True,1.0501314434070909e+59,2.621046952500547e+62,1.459416423389714e+64
RECOMBINATION_WEIGHTED_AUDITOR,3,2,6,4.0251450068814655e+49,1.1501323770039195e+65,2.47201594486308e+49,1.1095961722269627e+49,1.1648491337240275e+65,3.4340690269926597e+53,4.59780418684246e+49,1.3163504742672287e+65,2.815838232900864e+49,1.2466621099651643e+49,1.3327402822562324e+65,3.925905701813213e+53,7.972004895826807e+65,2.3278606406160344e+67,7.972004895826807e+65,2.328175031666876e+67,1.4716756720108017e+63,1.6389807989003709e+63,True,True,True,True,True,True,1.4716756720108017e+63,6.639264613570575e+65,2.314533237793472e+67
RECOMBINATION_WEIGHTED_AUDITOR,3,2,7,3.97546838412804e+49,1.135937933794732e+65,2.5836524292595443e+49,9.53756958814394e+48,1.150473062580818e+65,3.3916872118601646e+53,4.5435629469012755e+49,1.300821217469876e+65,2.943001765807438e+49,1.0715724264649875e+49,1.3170176715291354e+65,3.879590986243573e+53,1.5270812452352848e+66,4.459144684754306e+67,1.5270812452352848e+66,4.459746918049046e+67,1.453512878608614e+63,1.6196454059259441e+63,True,True,True,True,True,True,1.453512878608614e+63,1.3953794780823712e+66,4.4459745080390145e+67
RECOMBINATION_WEIGHTED_AUDITOR,3,2,8,1.8540552698034866e+49,5.297719686893567e+64,1.2438708824220208e+49,4.058850415832185e+48,5.365507754912692e+64,1.5817948832848527e+53,2.1196851775010934e+49,6.068654677999631e+64,1.4168756454805383e+49,4.5602311454255524e+48,6.144215166538485e+64,1.8099257354662178e+53,8.60028181146574e+65,2.5113202749784175e+67,8.60028181146574e+65,2.5116594433145607e+67,6.778806801912508e+62,7.556048853885408e+62,True,True,True,True,True,True,6.778806801912508e+62,7.985860294811891e+65,2.505176059811879e+67
RECOMBINATION_WEIGHTED_AUDITOR,3,2,9,8.747372563720238e+48,2.4994469471411768e+64,5.983101292750285e+48,1.8003935908773994e+48,2.5314291375319165e+64,7.46285690013196e+52,1.0002623002383871e+49,2.863749085005446e+64,6.81526565654008e+48,2.02279219138464e+48,2.899405468734142e+64,8.540893235628431e+52,4.280180074752127e+65,1.2498314866791236e+67,4.280180074752127e+65,1.250000283654173e+67,3.198219039073968e+62,3.565638372869593e+62,True,True,True,True,True,True,3.198219039073968e+62,3.9902395278787124e+65,1.2469320812103895e+67
RECOMBINATION_WEIGHTED_AUDITOR,3,2,10,8.40126674278827e+47,2.4005517496159106e+63,5.8907290587248015e+47,1.5847975902365209e+47,2.4312685060515115e+63,7.16757529470101e+51,9.609392799572633e+47,2.7511673518711664e+63,6.710045757466262e+47,1.7805640981499816e+47,2.785421986578449e+63,8.205127589114026e+51,4.294441459552901e+64,1.2539958740311413e+66,4.294441459552901e+64,1.2541652334308013e+66,3.071675643560085e+61,3.425463470728274e+61,True,True,True,True,True,True,3.071675643560085e+61,4.015899260895056e+64,1.2512104520445628e+66
RECOMBINATION_WEIGHTED_AUDITOR,3,2,11,2.1302670388675593e+46,6.086958578826668e+61,1.50188790229151e+46,3.9364386762026996e+45,6.164845516331481e+61,1.8174460907350566e+50,2.436749978485625e+46,6.976410607109919e+61,1.7107791661262653e+46,4.4226981569107034e+45,7.063273515232187e+61,2.080656384150996e+50,1.1146647379269312e+63,3.2548702676550176e+64,1.1146647379269312e+63,3.2553098567205936e+64,7.78869375048131e+59,8.686290812226784e+59,True,True,True,True,True,True,7.78869375048131e+59,1.0440320027746093e+63,3.247806994139785e+64
RECOMBINATION_WEIGHTED_AUDITOR,3,2,12,3.038542143963901e+49,8.682235528630986e+64,1.7726416220800787e+49,9.310819313581903e+48,8.793330869146826e+64,2.5923447344031524e+53,3.469191266322857e+49,9.932288073111658e+64,2.0191908806482075e+49,1.0460964034940972e+49,1.005595445041166e+65,2.9622222303666314e+53,2.128018619423888e+65,2.3258445742262895e+66,2.128018619423888e+65,2.326158692995698e+66,1.1109534051583987e+63,1.2366637730000151e+63,True,True,True,True,True,True,1.1109534051583987e+63,1.122423174382722e+65,2.225285029722173e+66
RECOMBINATION_WEIGHTED_AUDITOR,3,2,13,1.698460814083494e+49,4.8531289432062635e+64,1.0186023282234771e+49,4.927041766910175e+48,4.9152281584066343e+64,1.4490488330813638e+53,1.939670265786456e+49,5.553272324203768e+64,1.1602754366911531e+49,5.53566823567444e+48,5.622415815153633e+64,1.656217239063887e+53,4.076336336590602e+65,4.455282799051574e+66,4.076336336590602e+65,4.455884510776301e+66,6.209921520037078e+62,6.914349094986494e+62,True,True,True,True,True,True,6.209921520037078e+62,3.514094755075239e+65,4.399058640900038e+66
RECOMBINATION_WEIGHTED_AUDITOR,3,2,14,4.132474189760629e+48,1.1808002828844932e+64,2.4513518991991385e+48,1.225762740473364e+48,1.1959094571375597e+64,3.5256373610496064e+52,4.7188786429688216e+48,1.3510140682931923e+64,2.7923001121424338e+48,1.3771784750196901e+48,1.3678354708015894e+64,4.029286985211637e+52,2.295728623632961e+65,2.5091453215847615e+66,2.295728623632961e+65,2.509484196180862e+66,1.5109174253066476e+62,1.682140250839706e+62,True,True,True,True,True,True,1.5109174253066476e+62,2.158945076552802e+65,2.4954669668767457e+66
RECOMBINATION_WEIGHTED_AUDITOR,3,2,15,4.1252778888252416e+48,1.1787440343055467e+64,2.521965489219717e+48,1.1487458137818502e+48,1.1938268974046129e+64,3.519497807292193e+52,4.711979709061241e+48,1.3490389048125092e+64,2.872735049043034e+48,1.2906478193311666e+48,1.365835714668092e+64,4.023396224565129e+52,1.1425360386228115e+65,1.2487490579421173e+66,1.1425360386228115e+65,1.2489177087289013e+66,1.5082863099066196e+62,1.679680985558279e+62,True,True,True,True,True,True,1.5082863099066196e+62,1.0059524671560022e+65,1.2350907007954363e+66
RECOMBINATION_WEIGHTED_AUDITOR,3,2,16,4.1643167199571925e+47,1.189898868123579e+63,2.5802608244258577e+47,1.125187599941571e+47,1.205124465205998e+63,3.552803946725935e+51,4.757176918864506e+47,1.3619788574817296e+63,2.9391384369395927e+47,1.264179511934085e+47,1.3789367819825234e+63,4.061988556135156e+51,1.146342921934028e+64,1.2529098386858975e+65,1.146342921934028e+64,1.2530790514101996e+65,1.522559708241917e+61,1.6957924500793767e+61,True,True,True,True,True,True,1.522559708241917e+61,1.0084492437357757e+64,1.2391204708660722e+65
RECOMBINATION_WEIGHTED_AUDITOR,3,2,17,1.1048633378343188e+46,3.157002033058163e+61,6.840987117265117e+45,2.9901914160535005e+45,3.197398105557602e+61,9.42618703433035e+49,1.2621505387716297e+46,3.6135346195542547e+61,7.792471207790486e+45,3.359563085417369e+45,3.6585265420960685e+61,1.0777066171913384e+50,2.9754463873518098e+62,3.2520513555454546e+63,2.9754463873518098e+62,3.2524905639006382e+63,4.03960724994394e+59,4.49919225418138e+59,True,True,True,True,True,True,4.03960724994394e+59,2.609593733142203e+62,3.215466090124494e+63
RECOMBINATION_WEIGHTED_AUDITOR,4,1,0,1.6937051127498743e+49,4.849074553495161e+64,1.0509774740924075e+49,4.455363663514177e+48,4.9094501163940827e+64,1.4461961164773631e+53,2.422373885855168e+49,6.409011436252846e+64,1.7222217084626548e+49,6.074746942829217e+48,6.459438909570677e+64,1.95489729903674e+53,1.9231342960329392e+65,1.2637621106345924e+67,1.9427047006535542e+65,1.0444460049208522e+67,6.037556289892151e+62,5.042747331783142e+62,True,True,True,True,True,True,5.042747331783142e+62,1.2771904050758715e+65,1.0395365548044582e+67
RECOMBINATION_WEIGHTED_AUDITOR,4,1,1,4.975509601847906e+48,1.4244874635715007e+64,3.4505961488941965e+48,9.456348870607372e+47,1.4422236793188118e+64,4.24841526988465e+52,5.18954348080441e+48,1.3730268358497096e+64,4.0174961415260616e+48,9.735008510185674e+47,1.3838301047809877e+64,4.188050652749163e+52,3.6838691821150493e+65,2.420805610141179e+67,3.7213573651359264e+65,2.0006935853871384e+67,1.773621574731108e+62,1.0803268931278075e+62,True,True,True,True,True,True,1.0803268931278075e+62,3.5454861716369505e+65,1.9992513617078197e+67
RECOMBINATION_WEIGHTED_AUDITOR,4,1,2,2.5482945142998048e+48,7.295762403432825e+63,1.8031490475667802e+48,4.484577885164486e+47,7.386601543360373e+63,2.1759003987639213e+52,2.7002138822128522e+48,7.144108410548458e+63,2.1263626326607537e+48,4.705438997155034e+47,7.200319784148887e+63,2.1791189444299596e+52,2.0746972842222128e+65,1.3633597114070777e+67,2.0958100403106854e+65,1.1267592150979548e+67,9.083913992754775e+61,5.621137360042916e+61,True,True,True,True,True,True,5.621137360042916e+61,2.0026940863807238e+65,1.1260205549436187e+67
RECOMBINATION_WEIGHTED_AUDITOR,4,1,3,1.2977953338921481e+48,3.715585600969095e+63,9.325718840506192e+47,2.1412636029708875e+47,3.761848154716788e+63,1.1081424728121733e+52,1.3790220160112552e+48,3.648556452440647e+63,1.1012174243151928e+48,2.250446563520926e+47,3.677264075290766e+63,1.1128944339081212e+52,1.0325333717822471e+65,6.785155648858727e+66,1.0430407481582756e+65,5.607644548433314e+66,4.626255374769258e+61,2.870762285011943e+61,True,True,True,True,True,True,2.870762285011943e+61,9.957607310293395e+64,5.6038827002785974e+66
RECOMBINATION_WEIGHTED_AUDITOR,4,1,4,1.289330047336292e+47,3.691349501475128e+62,9.514956761975939e+46,1.8772286085112935e+46,3.7373102928693487e+62,1.1009142579064099e+51,1.37346757103569e+47,3.633860743583188e+62,1.1250750117300232e+47,1.9584513119826096e+46,3.662452737451573e+62,1.1084119014866048e+51,1.035973730710474e+64,6.807763509731705e+65,1.0465161172344701e+64,5.626328990520862e+65,4.5960791394220575e+60,2.859199386838488e+60,True,True,True,True,True,True,2.859199386838488e+60,9.993492033359583e+63,5.622591680227993e+65
RECOMBINATION_WEIGHTED_AUDITOR,4,1,5,3.2873666423029623e+45,9.411724516388248e+60,2.43297033978752e+45,4.716614298080517e+44,9.528909385224089e+60,2.806968483325271e+49,3.5163876483847084e+45,9.303505451570612e+60,2.887995760065907e+45,4.938585865882475e+44,9.376707423136397e+60,2.837785181029821e+49,2.6889722398541457e+62,1.767022324070549e+64,2.716336046352788e+62,1.4603693143282362e+64,1.171848688358402e+59,7.32019715657854e+58,True,True,True,True,True,True,7.32019715657854e+58,2.595205165622782e+62,1.459416423389714e+64
RECOMBINATION_WEIGHTED_AUDITOR,4,1,6,4.59780418684246e+49,1.3163504742672287e+65,2.815838232900864e+49,1.2466621099651643e+49,1.3327402822562324e+65,3.925905701813213e+53,4.668258897110913e+49,1.2351076286644622e+65,3.283933243345019e+49,1.2057229667015587e+49,1.2448257197630078e+65,3.767365047342651e+53,7.952805534504271e+65,2.8166722478593306e+67,7.972004895826807e+65,2.3278606406160344e+67,1.6389807989003709e+63,9.71809109854559e+62,True,True,True,True,True,True,9.71809109854559e+62,6.639264613570575e+65,2.314533237793472e+67
RECOMBINATION_WEIGHTED_AUDITOR,4,1,7,4.5435629469012755e+49,1.300821217469876e+65,2.943001765807438e+49,1.0715724264649875e+49,1.3170176715291354e+65,3.879590986243573e+53,4.97543926520327e+49,1.3163800739955529e+65,3.625187647827797e+49,1.1598965317480203e+49,1.3267376340838446e+65,4.0152648762697055e+53,1.5234035023112324e+66,5.395490118091043e+67,1.5270812452352848e+66,4.459144684754306e+67,1.6196454059259441e+63,1.0357560088291761e+63,True,True,True,True,True,True,1.0357560088291761e+63,1.3907297389028478e+66,4.4459745080390145e+67
RECOMBINATION_WEIGHTED_AUDITOR,4,1,8,2.1196851775010934e+49,6.068654677999631e+64,1.4168756454805383e+49,4.5602311454255524e+48,6.144215166538485e+64,1.8099257354662178e+53,2.379415899376757e+49,6.295355064614189e+64,1.7767913085116292e+49,5.115906352429805e+48,6.34488826528089e+64,1.9202294666971184e+53,8.579569340747063e+65,3.0386553218006454e+67,8.60028181146574e+65,2.5113202749784175e+67,7.556048853885408e+62,4.9533200666701505e+62,True,True,True,True,True,True,4.9533200666701505e+62,7.945080514218974e+65,2.505176059811879e+67
RECOMBINATION_WEIGHTED_AUDITOR,4,1,9,1.0002623002383871e+49,2.863749085005446e+64,6.81526565654008e+48,2.02279219138464e+48,2.899405468734142e+64,8.540893235628431e+52,1.1135887597070979e+49,2.9462846911949146e+64,8.472180292129315e+48,2.2376599302097072e+48,2.969466689562331e+64,8.986852406644706e+52,4.269871912018346e+65,1.5122750913895958e+67,4.280180074752127e+65,1.2498314866791236e+67,3.565638372869593e+62,2.318199836741635e+62,True,True,True,True,True,True,2.318199836741635e+62,3.9729252430621123e+65,1.2469320812103895e+67
RECOMBINATION_WEIGHTED_AUDITOR,4,1,10,9.609392799572633e+47,2.7511673518711664e+63,6.710045757466262e+47,1.7805640981499816e+47,2.785421986578449e+63,8.205127589114026e+51,1.0734521888221533e+48,2.84009309818128e+63,8.354715145767047e+47,1.9691151985956403e+47,2.86243955837303e+63,8.662943391303433e+51,4.284098950442853e+64,1.5173139300894332e+66,4.294441459552901e+64,1.2539958740311413e+66,3.425463470728274e+61,2.2346460191749917e+61,True,True,True,True,True,True,2.2346460191749917e+61,3.99785499460555e+64,1.2512104520445628e+66
RECOMBINATION_WEIGHTED_AUDITOR,4,1,11,2.436749978485625e+46,6.976410607109919e+61,1.7107791661262653e+46,4.4226981569107034e+45,7.063273515232187e+61,2.080656384150996e+50,2.7478769934655686e+46,7.270213396607711e+61,2.1475357564789121e+46,4.9521034652577214e+45,7.327416991221161e+61,2.2175838932125174e+50,1.1119802374359505e+63,3.938338315157993e+64,1.1146647379269312e+63,3.2548702676550176e+64,8.686290812226784e+59,5.720359461344967e+59,True,True,True,True,True,True,5.720359461344967e+59,1.0387060675237388e+63,3.247806994139785e+64
RECOMBINATION_WEIGHTED_AUDITOR,4,1,12,3.469191266322857e+49,9.932288073111658e+64,2.0191908806482075e+49,1.0460964034940972e+49,1.005595445041166e+65,2.9622222303666314e+53,5.287534320940593e+49,1.398952826001272e+65,3.50937329477425e+49,1.5758655111833208e+49,1.4099600861704514e+65,4.267130942472869e+53,2.1667883853670383e+65,2.814232841414307e+66,2.128018619423888e+65,2.3258445742262895e+66,1.2366637730000151e+63,1.1007260169179437e+63,True,True,True,True,True,True,1.1007260169179437e+63,7.568282991965869e+64,2.225285029722173e+66
RECOMBINATION_WEIGHTED_AUDITOR,4,1,13,1.939670265786456e+49,5.553272324203768e+64,1.1602754366911531e+49,5.53566823567444e+48,5.622415815153633e+64,1.656217239063887e+53,2.3821312819498524e+49,6.302539305687126e+64,1.6019578105706975e+49,6.890356280689699e+48,6.352129033499804e+64,1.9224208270354182e+53,4.1506019488520045e+65,5.390817301302313e+66,4.076336336590602e+65,4.455282799051574e+66,6.914349094986494e+62,4.958972781267797e+62,True,True,True,True,True,True,4.958972781267797e+62,3.514094755075239e+65,4.399058640900038e+66
RECOMBINATION_WEIGHTED_AUDITOR,4,1,14,4.7188786429688216e+48,1.3510140682931923e+64,2.7923001121424338e+48,1.3771784750196901e+48,1.3678354708015894e+64,4.029286985211637e+52,7.813961423520238e+48,2.0673839170000862e+64,5.223215155675066e+48,2.291792302862325e+48,2.083650536017572e+64,6.306000973183504e+52,2.3375538504401114e+65,3.036023664751502e+66,2.295728623632961e+65,2.5091453215847615e+66,1.682140250839706e+62,1.6266619017485856e+62,True,True,True,True,True,True,1.6266619017485856e+62,2.1291887968383543e+65,2.4954669668767457e+66
RECOMBINATION_WEIGHTED_AUDITOR,4,1,15,4.711979709061241e+48,1.3490389048125092e+64,2.872735049043034e+48,1.2906478193311666e+48,1.365835714668092e+64,4.023396224565129e+52,6.008800879954603e+48,1.5897823941492792e+64,4.089837617893283e+48,1.6890728453454083e+48,1.6022911421924863e+64,4.849205434084323e+52,1.1633515777326211e+65,1.5109653708115613e+66,1.1425360386228115e+65,1.2487490579421173e+66,1.679680985558279e+62,1.2508748043207102e+62,True,True,True,True,True,True,1.2508748043207102e+62,1.0031224635133725e+65,1.2350907007954363e+66
RECOMBINATION_WEIGHTED_AUDITOR,4,1,16,4.757176918864506e+47,1.3619788574817296e+63,2.9391384369395927e+47,1.264179511934085e+47,1.3789367819825234e+63,4.061988556135156e+51,6.0980095478832286e+47,1.6133848353870237e+63,4.211681887008144e+47,1.6530242141296764e+47,1.6260792924881083e+63,4.921198360115544e+51,1.1672278175680714e+64,1.5159998455760522e+65,1.146342921934028e+64,1.2529098386858975e+65,1.6957924500793767e+61,1.2694457101084566e+61,True,True,True,True,True,True,1.2694457101084566e+61,1.0046198883192606e+64,1.2391204708660722e+65
RECOMBINATION_WEIGHTED_AUDITOR,4,1,17,1.2621505387716297e+46,3.6135346195542547e+61,7.792471207790486e+45,3.359563085417369e+45,3.6585265420960685e+61,1.0777066171913384e+50,1.6331818525711885e+46,4.321001490203142e+61,1.1232973391903383e+46,4.4740068938825086e+45,4.3550000544935684e+61,1.3180057839420272e+50,3.0296551987602608e+62,3.934927478886429e+63,2.9754463873518098e+62,3.2520513555454546e+63,4.49919225418138e+59,3.3998564290426487e+59,True,True,True,True,True,True,3.3998564290426487e+59,2.594155193310904e+62,3.215466090124494e+63
RECOMBINATION_WEIGHTED_AUDITOR,4,2,0,2.422373885855168e+49,6.409011436252846e+64,1.7222217084626548e+49,6.074746942829217e+48,6.459438909570677e+64,1.95489729903674e+53,2.4925497456913674e+49,6.659109758691795e+64,1.7472374719531948e+49,6.003476005828025e+48,6.708344052568665e+64,2.0512798401557827e+53,1.9231342960329392e+65,1.265980464084233e+67,1.9231342960329392e+65,1.2637621106345924e+67,5.042747331783142e+62,4.923429387686994e+62,True,True,True,True,True,True,4.923429387686994e+62,1.2522998907760727e+65,1.2573026717250218e+67
RECOMBINATION_WEIGHTED_AUDITOR,4,2,1,5.18954348080441e+48,1.3730268358497096e+64,4.0174961415260616e+48,9.735008510185674e+47,1.3838301047809877e+64,4.188050652749163e+52,5.349025849369809e+48,1.429048719874323e+64,4.0758514234312314e+48,9.620794175866003e+47,1.4396144271817928e+64,4.402058136753864e+52,3.6838691821150493e+65,2.425054987797761e+67,3.6838691821150493e+65,2.420805610141179e+67,1.0803268931278075e+62,1.0565707307469889e+62,True,True,True,True,True,True,1.0565707307469889e+62,3.53990773939687e+65,2.419421780036398e+67
RECOMBINATION_WEIGHTED_AUDITOR,4,2,2,2.7002138822128522e+48,7.144108410548458e+63,2.1263626326607537e+48,4.705438997155034e+47,7.200319784148887e+63,2.1791189444299596e+52,2.784198723455563e+48,7.438280789199497e+63,2.1572486588050002e+48,4.6502332331149435e+47,7.493275903499286e+63,2.2912965818572808e+52,2.0746972842222128e+65,1.3657528941852685e+67,2.0746972842222128e+65,1.3633597114070777e+67,5.621137360042916e+61,5.49951142997898e+61,True,True,True,True,True,True,5.49951142997898e+61,1.9997645251872198e+65,1.362639679428663e+67
RECOMBINATION_WEIGHTED_AUDITOR,4,2,3,1.3790220160112552e+48,3.648556452440647e+63,1.1012174243151928e+48,2.250446563520926e+47,3.677264075290766e+63,1.1128944339081212e+52,1.4223393869087669e+48,3.7999298140020605e+63,1.1172129227478097e+48,2.2240435813452487e+47,3.828024689736741e+63,1.1705347567361073e+52,1.0325333717822471e+65,6.797066018154761e+66,1.0325333717822471e+65,6.785155648858727e+66,2.870762285011943e+61,2.8094875734680683e+61,True,True,True,True,True,True,2.8094875734680683e+61,9.942531248848797e+64,6.781478384783436e+66
RECOMBINATION_WEIGHTED_AUDITOR,4,2,4,1.37346757103569e+47,3.633860743583188e+62,1.1250750117300232e+47,1.9584513119826096e+46,3.662452737451573e+62,1.1084119014866048e+51,1.4173992516675828e+47,3.7867317212255e+62,1.1414170484516935e+47,1.9354741145141553e+46,3.8147290165324792e+62,1.1664692010354036e+51,1.035973730710474e+64,6.8197135638906865e+65,1.035973730710474e+64,6.807763509731705e+65,2.859199386838488e+60,2.7997295306979228e+60,True,True,True,True,True,True,2.7997295306979228e+60,9.978264405451492e+63,6.804101056994254e+65
RECOMBINATION_WEIGHTED_AUDITOR,4,2,5,3.5163876483847084e+45,9.303505451570612e+60,2.887995760065907e+45,4.938585865882475e+44,9.376707423136397e+60,2.837785181029821e+49,3.6290731535417983e+45,9.695452013959099e+60,2.9299447254868444e+45,4.8806447457938916e+44,9.767135579934458e+60,2.9865982057846664e+49,2.6889722398541457e+62,1.7701240787720137e+64,2.6889722398541457e+62,1.767022324070549e+64,7.32019715657854e+58,7.168356597535952e+58,True,True,True,True,True,True,7.168356597535952e+58,2.591300884054801e+62,1.7660846533282352e+64
RECOMBINATION_WEIGHTED_AUDITOR,4,2,6,4.668258897110913e+49,1.2351076286644622e+65,3.283933243345019e+49,1.2057229667015587e+49,1.2448257197630078e+65,3.767365047342651e+53,4.802521074365653e+49,1.2830442003379471e+65,3.3316333140911896e+49,1.1915770267291707e+49,1.292530419593306e+65,3.952304133066385e+53,7.952805534504271e+65,2.8216165127213366e+67,7.952805534504271e+65,2.8166722478593306e+67,9.71809109854559e+62,9.486219255358775e+62,True,True,True,True,True,True,9.486219255358775e+62,6.660275114910965e+65,2.8042239906617e+67
RECOMBINATION_WEIGHTED_AUDITOR,4,2,7,4.97543926520327e+49,1.3163800739955529e+65,3.625187647827797e+49,1.1598965317480203e+49,1.3267376340838446e+65,4.0152648762697055e+53,5.122025639264471e+49,1.3684032175347792e+65,3.6778445365206014e+49,1.1462882426422895e+49,1.3785205408100448e+65,4.215245032820785e+53,1.5234035023112324e+66,5.404961128509261e+67,1.5234035023112324e+66,5.395490118091043e+67,1.0357560088291761e+63,1.0117323275265634e+63,True,True,True,True,True,True,1.0117323275265634e+63,1.385551448230228e+66,5.382222741750204e+67
RECOMBINATION_WEIGHTED_AUDITOR,4,2,8,2.379415899376757e+49,6.295355064614189e+64,1.7767913085116292e+49,5.115906352429805e+48,6.34488826528089e+64,1.9202294666971184e+53,2.4507200903549394e+49,6.547357418930066e+64,1.8025997110694255e+49,5.055884849842206e+48,6.595765469099195e+64,2.0168555206971245e+53,8.579569340747063e+65,3.043989246167154e+67,8.579569340747063e+65,3.0386553218006454e+67,4.9533200666701505e+62,4.84080501691295e+62,True,True,True,True,True,True,4.84080501691295e+62,7.919992793837144e+65,3.032310433535364e+67
RECOMBINATION_WEIGHTED_AUDITOR,4,2,9,1.1135887597070979e+49,2.9462846911949146e+64,8.472180292129315e+48,2.2376599302097072e+48,2.969466689562331e+64,8.986852406644706e+52,1.1473964583240927e+49,3.0653907573648295e+64,8.595241136964614e+48,2.2114069650381554e+48,3.0880548002871655e+64,9.442664996736194e+52,4.269871912018346e+65,1.514929673796806e+67,4.269871912018346e+65,1.5122750913895958e+67,2.318199836741635e+62,2.266404292233597e+62,True,True,True,True,True,True,2.266404292233597e+62,3.961066431989629e+65,1.5093056247000333e+67
RECOMBINATION_WEIGHTED_AUDITOR,4,2,10,1.0734521888221533e+48,2.84009309818128e+63,8.354715145767047e+47,1.9691151985956403e+47,2.86243955837303e+63,8.662943391303433e+51,1.1065652017955067e+48,2.9563057454090337e+63,8.476069775714142e+47,1.946012888888256e+47,2.9781632655782074e+63,9.106638269445795e+51,4.284098950442853e+64,1.5199773574565597e+66,4.284098950442853e+64,1.5173139300894332e+66,2.2346460191749917e+61,2.1857520169173713e+61,True,True,True,True,True,True,2.1857520169173713e+61,3.9862826238850325e+64,1.5144514905310601e+66
RECOMBINATION_WEIGHTED_AUDITOR,4,2,11,2.7478769934655686e+46,7.270213396607711e+61,2.1475357564789121e+46,4.9521034652577214e+45,7.327416991221161e+61,2.2175838932125174e+50,2.8328881844643386e+46,7.568359823934687e+61,2.1787293283097505e+46,4.8940037522297754e+45,7.624316680818015e+61,2.3313662775445985e+50,1.1119802374359505e+63,3.9452515042097637e+64,1.1119802374359505e+63,3.938338315157993e+64,5.720359461344967e+59,5.595685688332807e+59,True,True,True,True,True,True,5.595685688332807e+59,1.0357370706277703e+63,3.931010898166772e+64
RECOMBINATION_WEIGHTED_AUDITOR,4,2,12,5.287534320940593e+49,1.398952826001272e+65,3.50937329477425e+49,1.5758655111833208e+49,1.4099600861704514e+65,4.267130942472869e+53,5.433747217971817e+49,1.4516829278135064e+65,3.5603479468244436e+49,1.5573769366588343e+49,1.4624159817011842e+65,4.471780811594804e+53,2.1667883853670383e+65,2.819172824247554e+66,2.1667883853670383e+65,2.814232841414307e+66,1.1007260169179437e+63,1.0733053887677821e+63,True,True,True,True,True,True,1.0733053887677821e+63,7.04372403665854e+64,2.6729312260774355e+66
RECOMBINATION_WEIGHTED_AUDITOR,4,2,13,2.3821312819498524e+49,6.302539305687126e+64,1.6019578105706975e+49,6.890356280689699e+48,6.352129033499804e+64,1.9224208270354182e+53,2.4485861257153457e+49,6.54165630713449e+64,1.6252267065056118e+49,6.809516345624361e+48,6.590022205991548e+64,2.0150993436529665e+53,4.1506019488520045e+65,5.400280109259677e+66,4.1506019488520045e+65,5.390817301302313e+66,4.958972781267797e+62,4.836589885705848e+62,True,True,True,True,True,True,4.836589885705848e+62,3.49159972825285e+65,5.327296010967315e+66
RECOMBINATION_WEIGHTED_AUDITOR,4,2,14,7.813961423520238e+48,2.0673839170000862e+64,5.223215155675066e+48,2.291792302862325e+48,2.083650536017572e+64,6.306000973183504e+52,8.031068527220349e+48,2.1455847328536157e+64,5.299083851530322e+48,2.2649042388204213e+48,2.1614481670216968e+64,6.609283924332374e+52,2.3375538504401114e+65,3.0413529696208427e+66,2.3375538504401114e+65,3.036023664751502e+66,1.6266619017485856e+62,1.5863434168081121e+62,True,True,True,True,True,True,1.5863434168081121e+62,2.121409033737942e+65,3.0151871593913262e+66
RECOMBINATION_WEIGHTED_AUDITOR,4,2,15,6.008800879954603e+48,1.5897823941492792e+64,4.089837617893283e+48,1.6890728453454083e+48,1.6022911421924863e+64,4.849205434084323e+52,6.177795335451322e+48,1.6504632365559392e+64,4.149243680458409e+48,1.6692560849957442e+48,1.6626659776078492e+64,5.084105964234126e+52,1.1633515777326211e+65,1.5136176541918125e+66,1.1633515777326211e+65,1.5109653708115613e+66,1.2508748043207102e+62,1.2202741051909968e+62,True,True,True,True,True,True,1.2202741051909968e+62,9.970849799718362e+64,1.4949424593896364e+66
RECOMBINATION_WEIGHTED_AUDITOR,4,2,16,6.0980095478832286e+47,1.6133848353870237e+63,4.211681887008144e+47,1.6530242141296764e+47,1.6260792924881083e+63,4.921198360115544e+51,6.2712170626358555e+47,1.6754218371312643e+63,4.2728577724734635e+47,1.6336303882245852e+47,1.6878091102182374e+63,5.1609887249242314e+51,1.1672278175680714e+64,1.5186609662559562e+65,1.1672278175680714e+64,1.5159998455760522e+65,1.2694457101084566e+61,1.2387273086973176e+61,True,True,True,True,True,True,1.2387273086973176e+61,9.984469065462477e+63,1.4997390526511713e+65
RECOMBINATION_WEIGHTED_AUDITOR,4,2,17,1.6331818525711885e+46,4.321001490203142e+61,1.1232973391903383e+46,4.4740068938825086e+45,4.3550000544935684e+61,1.3180057839420272e+50,1.6794400645428316e+46,4.486801413800119e+61,1.1396135547043094e+46,4.4215163676867846e+45,4.519974691817626e+61,1.38211947548958e+50,3.0296551987602608e+62,3.9418346807034615e+63,3.0296551987602608e+62,3.934927478886429e+63,3.3998564290426487e+59,3.317327801750702e+59,True,True,True,True,True,True,3.317327801750702e+59,2.577657729578498e+62,3.8913774783414935e+63
SCRIPT_SELF_SHIELDING_AUDITOR,0,1,0,4.732155948096928e+49,9.463178710957235e+64,3.5323758210993216e+49,9.511850309555998e+48,9.535210026361479e+64,2.872896706496821e+53,4.734271860695129e+49,9.467413242582794e+64,3.53237582109932e+49,9.511850309556008e+48,9.53947355259404e+64,2.874155550459862e+53,1.9982867080879831e+65,1.406538245611929e+67,1.9982867080879831e+65,1.406538245611929e+67,7.203131540424308e+62,7.2060310011246315e+62,True,True,True,True,True,True,7.203131540424308e+62,1.0443393528285791e+65,1.396998772059335e+67
SCRIPT_SELF_SHIELDING_AUDITOR,0,1,1,4.305684959340544e+48,8.610338858275854e+63,3.5842206439798097e+48,4.9527308714807485e+47,8.675878573099134e+63,2.6139857338972426e+52,4.3076101818288316e+48,8.614191765772986e+63,3.584220643979803e+48,4.952730871480752e+47,8.679757862153562e+63,2.615131128422966e+52,3.8278277477244722e+65,2.6943011245571405e+67,3.8278277477244722e+65,2.6943011245571405e+67,6.553971482327956e+61,6.556609638057624e+61,True,True,True,True,True,True,6.553971482327956e+61,3.7410301691029364e+65,2.693433148770925e+67
SCRIPT_SELF_SHIELDING_AUDITOR,0,1,2,1.993681428936448e+48,3.986885441154896e+63,1.6862789280673235e+48,2.0266811938642647e+47,4.017232601603201e+63,1.2103660305824898e+52,1.9945728737025454e+48,3.9886694709194924e+63,1.6862789280673148e+48,2.0266811938642664e+47,4.019028846943565e+63,1.210896387962629e+52,2.155772488130218e+65,1.5173880910684788e+67,2.155772488130218e+65,1.5173880910684788e+67,3.034716044830467e+61,3.035937602407267e+61,True,True,True,True,True,True,3.034716044830467e+61,2.1155821996607826e+65,1.5169861881837845e+67
SCRIPT_SELF_SHIELDING_AUDITOR,0,1,3,9.743449136062111e+47,1.948456505808058e+63,8.323289488555658e+47,9.08305494700265e+46,1.963287662379032e+63,5.915257916250478e+51,9.747805773291119e+47,1.949328390504193e+63,8.323289488555674e+47,9.083054947002672e+46,1.9641655170280094e+63,5.917849860019586e+51,1.0728828021765943e+65,7.551722624250346e+66,1.0728828021765943e+65,7.551722624250346e+66,1.4831156570973884e+61,1.4837126523816374e+61,True,True,True,True,True,True,1.4831156570973884e+61,1.0532411470063143e+65,7.549758458733319e+66
SCRIPT_SELF_SHIELDING_AUDITOR,0,1,4,1.046333209917936e+47,2.0924158597615483e+62,9.064197770518976e+46,8.494624504204039e+45,2.108342798410272e+62,6.35229959798847e+50,1.0468010621284434e+47,2.093352162604664e+62,9.064197770518958e+46,8.494624504204033e+45,2.1092855122889814e+62,6.355083044390239e+50,1.0764576037551994e+64,7.5768846549060595e+65,1.0764576037551994e+64,7.5768846549060595e+65,1.5926938648723744e+60,1.5933349684317427e+60,True,True,True,True,True,True,1.5926938648723744e+60,1.0553647486323096e+64,7.57477536939377e+65
SCRIPT_SELF_SHIELDING_AUDITOR,0,1,5,2.6601773923448766e+45,5.31971776558454e+60,2.3099132289977454e+45,2.105166441207812e+44,5.36021010752781e+60,1.6149964103018108e+49,2.6613668507903836e+45,5.3220982038923705e+60,2.309913228997749e+45,2.105166441207809e+44,5.362606845129008e+60,1.6157040683519047e+49,2.794052134789696e+62,1.96665532123548e+64,2.794052134789696e+62,1.96665532123548e+64,4.0492341943270264e+58,4.050864123663744e+58,True,True,True,True,True,True,4.0492341943270264e+58,2.740426066338406e+62,1.9661190605509673e+64
SCRIPT_SELF_SHIELDING_AUDITOR,0,1,6,5.561332175907775e+49,1.1121332607978951e+65,4.237330106697072e+49,1.0318477273937603e+49,1.1205985370150002e+65,3.3762904407927567e+53,5.563818842227072e+49,1.1126309121271707e+65,4.2373301066970735e+49,1.0318477273937607e+49,1.121099595853298e+65,3.3777698614866e+53,8.021334743528933e+65,3.134891613405384e+67,8.021334743528933e+65,3.134891613405384e+67,8.465276217105092e+62,8.468683726127252e+62,True,True,True,True,True,True,8.465276217105092e+62,6.900235147675635e+65,3.1236806174468506e+67
SCRIPT_SELF_SHIELDING_AUDITOR,0,1,7,3.871153395363277e+49,7.741379785377527e+64,3.1099497303323064e+49,5.5783975211918947e+48,7.80030520420523e+64,2.350181177853133e+53,3.872884323576266e+49,7.744843855805435e+64,3.1099497303323137e+49,5.5783975211918875e+48,7.803792993752412e+64,2.3512109786744097e+53,1.5365306480192269e+66,6.005056759539585e+67,1.5365306480192269e+66,6.005056759539585e+67,5.892541882770326e+62,5.894913794697608e+62,True,True,True,True,True,True,5.892541882770326e+62,1.4584927180817029e+66,5.997252966545833e+67
SCRIPT_SELF_SHIELDING_AUDITOR,0,1,8,1.698119749158695e+49,3.395832858246592e+64,1.3886012247035427e+49,2.2031093139120924e+48,3.42168107639228e+64,1.030930233091147e+53,1.6988790379500858e+49,3.397352407023231e+64,1.3886012247035416e+49,2.2031093139120872e+48,3.4232110297953336e+64,1.0313819654131996e+53,8.653499364327135e+65,3.381953683671262e+67,8.653499364327135e+65,3.381953683671262e+67,2.584821814568791e+62,2.585862277210269e+62,True,True,True,True,True,True,2.584821814568791e+62,8.311178261347602e+65,3.378530472641467e+67
SCRIPT_SELF_SHIELDING_AUDITOR,0,1,9,7.838826516522642e+48,1.567577590926103e+64,6.490006856721094e+48,9.370213479738393e+47,1.579509593831414e+64,4.7589595797607844e+52,7.8423315302972e+48,1.5682790420015862e+64,6.490006856721091e+48,9.370213479738424e+47,1.5802158478697905e+64,4.761044857495897e+52,4.30666533586075e+65,1.683127493716077e+67,4.30666533586075e+65,1.683127493716077e+67,1.1932002905311008e+62,1.1936805868204273e+62,True,True,True,True,True,True,1.1932002905311008e+62,4.1486437510737704e+65,1.6815472778682074e+67
SCRIPT_SELF_SHIELDING_AUDITOR,0,1,10,7.498177836682498e+47,1.4994560122981773e+63,6.3150179075464004e+47,7.892569682246516e+46,1.5108694910303901e+63,4.5521514185084464e+51,7.501530534506116e+47,1.5001269807009887e+63,6.3150179075464085e+47,7.892569682246511e+46,1.5115450536756993e+63,4.5541460771813735e+51,4.3210149684673677e+64,1.6887356056266576e+66,4.3210149684673677e+64,1.6887356056266576e+66,1.1413478732212802e+61,1.141807297471062e+61,True,True,True,True,True,True,1.1413478732212802e+61,4.1698604630997975e+64,1.687224060572982e+66
SCRIPT_SELF_SHIELDING_AUDITOR,0,1,11,1.9131222294856896e+46,3.825786333353777e+61,1.6176659912193442e+46,1.9495388593572864e+45,3.8549072482666444e+61,1.1614584583641275e+50,1.9139776534133177e+46,3.827498275367769e+61,1.6176659912193386e+46,1.9495388593572873e+45,3.8566309122584863e+61,1.1619673854568863e+50,1.121562154885324e+63,4.383280221660519e+64,1.121562154885324e+63,4.383280221660519e+64,2.912091491286772e+59,2.913263689071711e+59,True,True,True,True,True,True,2.912091491286772e+59,1.0829958457627391e+63,4.379423590748261e+64
SCRIPT_SELF_SHIELDING_AUDITOR,0,1,12,6.004779119049569e+49,1.2008120304285984e+65,4.475312386501698e+49,1.2140167224078456e+49,1.2099523069410626e+65,3.6455075326281374e+53,6.00746406602232e+49,1.2013493632503185e+65,4.4753123865017245e+49,1.2140167224078464e+49,1.2104933189781891e+65,3.647104918687751e+53,2.023106764287333e+65,3.1321766099781997e+66,2.023106764287333e+65,3.1321766099781997e+66,9.14027651246415e+62,9.14395572787067e+62,True,True,True,True,True,True,9.14027651246415e+62,8.126134453091439e+64,3.0111272780803807e+66
SCRIPT_SELF_SHIELDING_AUDITOR,0,1,13,1.695097264888647e+49,3.3897886134853814e+64,1.3010557523662032e+49,3.04992700102169e+48,3.415590824373458e+64,1.0290952798055623e+53,1.6958552022215028e+49,3.391305457616323e+64,1.3010557523662042e+49,3.0499270010216894e+48,3.417118054611613e+64,1.0295462080890078e+53,3.875371926162632e+65,5.999856021621605e+66,3.875371926162632e+65,5.999856021621605e+66,2.5802210888076624e+62,2.5812596995290297e+62,True,True,True,True,True,True,2.5802210888076624e+62,3.533660120701471e+65,5.965684841075489e+66
SCRIPT_SELF_SHIELDING_AUDITOR,0,1,14,6.426050335520857e+48,1.285056185756011e+64,4.9444255184650177e+48,1.1440440995454712e+48,1.294837707404882e+64,3.9012617181657035e+52,6.428923647603289e+48,1.28563121569314e+64,4.944425518464996e+48,1.144044099545469e+48,1.2954166746764125e+64,3.902971170423785e+52,2.1825486229520344e+65,3.379024709730831e+66,2.1825486229520344e+65,3.379024709730831e+66,9.781521648871088e+61,9.785458983272469e+61,True,True,True,True,True,True,9.781521648871088e+61,2.053006955484393e+65,3.366070542984067e+66
SCRIPT_SELF_SHIELDING_AUDITOR,0,1,15,3.856194163529113e+48,7.711464903920109e+63,2.993023719909994e+48,6.605923863966623e+47,7.770162618259987e+63,2.3410994129367905e+52,3.857918402945823e+48,7.714915588199928e+63,2.9930237199100024e+48,6.605923863966613e+47,7.773636930001697e+63,2.342125234316372e+52,1.0862087234958699e+65,1.681669804750275e+66,1.0862087234958699e+65,1.681669804750275e+66,5.869771433987825e+61,5.872134180176952e+61,True,True,True,True,True,True,5.869771433987825e+61,1.0084723541958529e+65,1.6738961678202733e+66
SCRIPT_SELF_SHIELDING_AUDITOR,0,1,16,3.861745305442784e+47,7.722565858443821e+62,3.0296846973443787e+47,6.291909318607949e+46,7.781348070433067e+62,2.3444695168589766e+51,3.863472026969391e+47,7.7260215101182595e+62,3.029684697344373e+47,6.291909318607939e+46,7.784827383582044e+62,2.3454968149484472e+51,1.0898279264988302e+64,1.6872730597008994e+65,1.0898279264988302e+64,1.6872730597008994e+65,5.878221198924621e+60,5.880587346378489e+60,True,True,True,True,True,True,5.878221198924621e+60,1.0119796526630097e+64,1.6794882323173173e+65
SCRIPT_SELF_SHIELDING_AUDITOR,0,1,17,1.032091479030104e+46,2.063935808380504e+61,8.08588266185785e+45,1.6928418812412423e+45,2.0796459641039112e+61,6.265837904394197e+49,1.0325529632641256e+46,2.0648593671254723e+61,8.08588266185787e+45,1.6928418812412442e+45,2.080575846623319e+61,6.268583465068724e+49,2.828756129330972e+62,4.379484039115477e+63,2.828756129330972e+62,4.379484039115477e+63,1.571015572340731e+59,1.5716479497846805e+59,True,True,True,True,True,True,1.571015572340731e+59,2.6206985446686403e+62,4.3586782806492435e+63
SCRIPT_SELF_SHIELDING_AUDITOR,0,2,0,4.734271860695129e+49,9.467413242582794e+64,3.53237582109932e+49,9.511850309556008e+48,9.53947355259404e+64,2.874155550459862e+53,4.786971595433925e+49,9.572040506043464e+64,3.570704852365163e+49,9.609533825742274e+48,9.644818486938352e+64,2.9053525778560045e+53,1.9982867080879831e+65,1.4064936081990275e+67,1.9982867080879831e+65,1.406538245611929e+67,7.2060310011246315e+62,7.277798089488845e+62,True,True,True,True,True,True,7.2060310011246315e+62,1.0338048593941479e+65,1.3968487897120892e+67
SCRIPT_SELF_SHIELDING_AUDITOR,0,2,1,4.3076101818288316e+48,8.614191765772986e+63,3.584220643979803e+48,4.952730871480752e+47,8.679757862153562e+63,2.615131128422966e+52,4.3557877575682325e+48,8.709844213602847e+63,3.6231122319887164e+48,5.0035937583540224e+47,8.776066757832032e+63,2.6436545397753387e+52,3.8278277477244722e+65,2.6942156191454304e+67,3.8278277477244722e+65,2.6943011245571405e+67,6.556609638057624e+61,6.622254422918496e+61,True,True,True,True,True,True,6.556609638057624e+61,3.740067080146152e+65,2.6933380124696473e+67
SCRIPT_SELF_SHIELDING_AUDITOR,0,2,2,1.9945728737025454e+48,3.9886694709194924e+63,1.6862789280673148e+48,2.0266811938642664e+47,4.019028846943565e+63,1.210896387962629e+52,2.0168971274138575e+48,4.032992595682644e+63,1.7045763689485442e+48,2.04749453078215e+47,4.063656178634732e+63,1.2241136492206514e+52,2.155772488130218e+65,1.5173399357630943e+67,2.155772488130218e+65,1.5173880910684788e+67,3.035937602407267e+61,3.066358295208826e+61,True,True,True,True,True,True,3.035937602407267e+61,2.115135926343871e+65,1.516933570145231e+67
SCRIPT_SELF_SHIELDING_AUDITOR,0,2,3,9.747805773291119e+47,1.949328390504193e+63,8.323289488555674e+47,9.083054947002672e+46,1.9641655170280094e+63,5.917849860019586e+51,9.856958512428956e+47,1.970999916468217e+63,8.413603667793363e+47,9.176334878462964e+46,1.985985790605918e+63,5.982475402866729e+51,1.0728828021765943e+65,7.551482965384374e+66,1.0728828021765943e+65,7.551722624250346e+66,1.4837126523816374e+61,1.4985874137701117e+61,True,True,True,True,True,True,1.4837126523816374e+61,1.053022944270535e+65,7.549496979593768e+66
SCRIPT_SELF_SHIELDING_AUDITOR,0,2,4,1.0468010621284434e+47,2.093352162604664e+62,9.064197770518958e+46,8.494624504204033e+45,2.1092855122889814e+62,6.355083044390239e+50,1.0585305294888886e+47,2.1166403232507206e+62,9.16255138217914e+46,8.581861452142426e+45,2.1327335281331725e+62,6.4245302928542815e+50,1.0764576037551994e+64,7.576644197506554e+65,1.0764576037551994e+64,7.5768846549060595e+65,1.5933349684317427e+60,1.609320488245189e+60,True,True,True,True,True,True,1.5933349684317427e+60,1.0551302684738676e+64,7.57451146397842e+65
SCRIPT_SELF_SHIELDING_AUDITOR,0,2,5,2.6613668507903836e+45,5.3220982038923705e+60,2.309913228997749e+45,2.105166441207809e+44,5.362606845129008e+60,1.6157040683519047e+49,2.6911909675318202e+45,5.3813122633283176e+60,2.3349775881881967e+45,2.126785795323154e+44,5.422227368194688e+60,1.6333622331244724e+49,2.794052134789696e+62,1.9665929081401505e+64,2.794052134789696e+62,1.96665532123548e+64,4.050864123663744e+58,4.091510486637062e+58,True,True,True,True,True,True,4.050864123663744e+58,2.739829861107749e+62,1.966050685403331e+64
SCRIPT_SELF_SHIELDING_AUDITOR,0,2,6,5.563818842227072e+49,1.1126309121271707e+65,4.2373301066970735e+49,1.0318477273937607e+49,1.121099595853298e+65,3.3777698614866e+53,5.625805506926823e+49,1.1249374916448524e+65,4.2833084414974917e+49,1.0424444578826056e+49,1.1334905978736837e+65,3.4144653266079674e+53,8.021334743528933e+65,3.1347921255658004e+67,8.021334743528933e+65,3.134891613405384e+67,8.468683726127252e+62,8.553106228831284e+62,True,True,True,True,True,True,8.468683726127252e+62,6.8878441456552495e+65,3.1234572195870636e+67
SCRIPT_SELF_SHIELDING_AUDITOR,0,2,7,3.872884323576266e+49,7.744843855805435e+64,3.1099497303323137e+49,5.5783975211918875e+48,7.803792993752412e+64,2.3512109786744097e+53,3.916130708584464e+49,7.830704866786085e+64,3.143695109217871e+49,5.635685794957847e+48,7.890243153197288e+64,2.376813862914843e+53,1.5365306480192269e+66,6.004866185128327e+67,1.5365306480192269e+66,6.005056759539585e+67,5.894913794697608e+62,5.953828641120296e+62,True,True,True,True,True,True,5.894913794697608e+62,1.457628216487254e+66,5.996975941975129e+67
SCRIPT_SELF_SHIELDING_AUDITOR,0,2,8,1.6988790379500858e+49,3.397352407023231e+64,1.3886012247035416e+49,2.2031093139120872e+48,3.4232110297953336e+64,1.0313819654131996e+53,1.717864465260564e+49,3.435046128339575e+64,1.403668630453399e+49,2.2257345085190188e+48,3.4611634145486656e+64,1.0426220112341375e+53,8.653499364327135e+65,3.381846355154984e+67,8.653499364327135e+65,3.381953683671262e+67,2.585862277210269e+62,2.611728620909039e+62,True,True,True,True,True,True,2.585862277210269e+62,8.307383022872269e+65,3.378385191740436e+67
SCRIPT_SELF_SHIELDING_AUDITOR,0,2,9,7.8423315302972e+48,1.5682790420015862e+64,6.490006856721091e+48,9.370213479738424e+47,1.5802158478697905e+64,4.761044857495897e+52,7.93002077331858e+48,1.5856889589312656e+64,6.560428490297341e+48,9.46644243313112e+47,1.5977452431358162e+64,4.812960728279472e+52,4.30666533586075e+65,1.6830740785621438e+67,4.30666533586075e+65,1.683127493716077e+67,1.1936805868204273e+62,1.2056284204550616e+62,True,True,True,True,True,True,1.1936805868204273e+62,4.146890811547168e+65,1.681476333319008e+67
SCRIPT_SELF_SHIELDING_AUDITOR,0,2,10,7.501530534506116e+47,1.5001269807009887e+63,6.3150179075464085e+47,7.892569682246511e+46,1.5115450536756993e+63,4.5541460771813735e+51,7.585474811761048e+47,1.5167934613400902e+63,6.383540774614227e+47,7.973623728853236e+46,1.5283259204308353e+63,4.603845742396562e+51,4.3210149684673677e+64,1.6886820124956184e+66,4.3210149684673677e+64,1.6887356056266576e+66,1.141807297471062e+61,1.1532459090745011e+61,True,True,True,True,True,True,1.141807297471062e+61,4.1681823764242844e+64,1.6871536865751874e+66
SCRIPT_SELF_SHIELDING_AUDITOR,0,2,11,1.9139776534133177e+46,3.827498275367769e+61,1.6176659912193386e+46,1.9495388593572873e+45,3.8566309122584863e+61,1.1619673854568863e+50,1.9353995536509505e+46,3.870029841120468e+61,1.6352189282496532e+46,1.9695599703426423e+45,3.899454388338157e+61,1.174650396452048e+50,1.121562154885324e+63,4.383141115390409e+64,1.121562154885324e+63,4.383280221660519e+64,2.913263689071711e+59,2.9424547217688526e+59,True,True,True,True,True,True,2.913263689071711e+59,1.0825676110019425e+63,4.379241661002071e+64
SCRIPT_SELF_SHIELDING_AUDITOR,0,2,12,6.00746406602232e+49,1.2013493632503185e+65,4.4753123865017245e+49,1.2140167224078464e+49,1.2104933189781891e+65,3.647104918687751e+53,6.074332075685963e+49,1.214624977743462e+65,4.523873014553286e+49,1.2264842674484292e+49,1.2238599943910466e+65,3.686689173522847e+53,2.023106764287333e+65,3.1320772083010285e+66,2.023106764287333e+65,3.1321766099781997e+66,9.14395572787067e+62,9.235016647584627e+62,True,True,True,True,True,True,9.14395572787067e+62,7.992467698962865e+64,3.009691208861924e+66
SCRIPT_SELF_SHIELDING_AUDITOR,0,2,13,1.6958552022215028e+49,3.391305457616323e+64,1.3010557523662042e+49,3.0499270010216894e+48,3.417118054611613e+64,1.0295462080890078e+53,1.7147546143634106e+49,3.4288276626223975e+64,1.3151732214965324e+49,3.0812487295892576e+48,3.4548976686952547e+64,1.0407345520878563e+53,3.875371926162632e+65,5.999665612259172e+66,3.875371926162632e+65,5.999856021621605e+66,2.5812596995290297e+62,2.607000607285717e+62,True,True,True,True,True,True,2.5812596995290297e+62,3.5298821592931066e+65,5.96511663557222e+66
SCRIPT_SELF_SHIELDING_AUDITOR,0,2,14,6.428923647603289e+48,1.28563121569314e+64,4.944425518464996e+48,1.144044099545469e+48,1.2954166746764125e+64,3.902971170423785e+52,6.500578083932433e+48,1.2998572373283378e+64,4.998076389687966e+48,1.155793049190252e+48,1.3097402904897441e+64,3.9453902988942523e+52,2.1825486229520344e+65,3.37891747416746e+66,2.1825486229520344e+65,3.379024709730831e+66,9.785458983272469e+61,9.883053161406303e+61,True,True,True,True,True,True,9.785458983272469e+61,2.05157459390306e+65,3.365820071262563e+66
SCRIPT_SELF_SHIELDING_AUDITOR,0,2,15,3.857918402945823e+48,7.714915588199928e+63,2.9930237199100024e+48,6.605923863966613e+47,7.773636930001697e+63,2.342125234316372e+52,3.9009332732660485e+48,7.800316036696802e+63,3.025500360434667e+48,6.6737644890489975e+47,7.859623271255033e+63,2.3675900964898906e+52,1.0862087234958699e+65,1.6816164358570565e+66,1.0862087234958699e+65,1.681669804750275e+66,5.872134180176952e+61,5.930723455823037e+61,True,True,True,True,True,True,5.872134180176952e+61,1.0076124907833195e+65,1.6737568125858014e+66
SCRIPT_SELF_SHIELDING_AUDITOR,0,2,16,3.863472026969391e+47,7.7260215101182595e+62,3.029684697344373e+47,6.291909318607939e+46,7.784827383582044e+62,2.3454968149484472e+51,3.906568678541328e+47,7.81158460733433e+62,3.0625591380527107e+47,6.356525119505113e+46,7.8709775189034385e+62,2.3710103881957004e+51,1.0898279264988302e+64,1.6872195129847132e+65,1.0898279264988302e+64,1.6872730597008994e+65,5.880587346378489e+60,5.939291156910881e+60,True,True,True,True,True,True,5.880587346378489e+60,1.0111181513097958e+64,1.6793485354658097e+65
SCRIPT_SELF_SHIELDING_AUDITOR,0,2,17,1.0325529632641256e+46,2.0648593671254723e+61,8.08588266185787e+45,1.6928418812412442e+45,2.080575846623319e+61,6.268583465068724e+49,1.0440702988753768e+46,2.0877256095533814e+61,8.173620791945251e+45,1.710226800254573e+45,2.10359897056036e+61,6.336766938817606e+49,2.828756129330972e+62,4.379345053319707e+63,2.828756129330972e+62,4.379484039115477e+63,1.5716479497846805e+59,1.5873361006978497e+59,True,True,True,True,True,True,1.5716479497846805e+59,2.6183962322749363e+62,4.3583090636141036e+63
SCRIPT_SELF_SHIELDING_AUDITOR,1,1,0,4.786971595433925e+49,9.572040506043464e+64,3.570704852365163e+49,9.609533825742274e+48,9.644818486938352e+64,2.9053525778560045e+53,3.3239099753618623e+49,8.611912755249043e+64,2.0840440773499422e+49,9.193331995910723e+48,8.687610870834765e+64,2.6161013072583616e+53,1.9802574657709903e+65,1.1094984478923316e+67,1.9982867080879831e+65,1.4064936081990275e+67,7.277798089488845e+62,7.569811558572166e+62,True,True,True,True,True,True,7.277798089488845e+62,1.0338048593941479e+65,1.1008108370214969e+67
SCRIPT_SELF_SHIELDING_AUDITOR,1,1,1,4.3557877575682325e+48,8.709844213602847e+63,3.6231122319887164e+48,5.0035937583540224e+47,8.776066757832032e+63,2.6436545397753387e+52,5.032443778942682e+48,1.3038550108515509e+64,3.674464917318969e+48,8.726881058353899e+47,1.3153158059296601e+64,3.96081206963582e+52,3.7932917455921924e+65,2.125305106474496e+67,3.8278277477244722e+65,2.6942156191454304e+67,6.622254422918496e+61,1.1460795078109257e+62,True,True,True,True,True,True,6.622254422918496e+61,3.6617601649992263e+65,2.1239897906685665e+67
SCRIPT_SELF_SHIELDING_AUDITOR,1,1,2,2.0168971274138575e+48,4.032992595682644e+63,1.7045763689485442e+48,2.04749453078215e+47,4.063656178634732e+63,1.2241136492206514e+52,2.424897534511996e+48,6.282662936851158e+63,1.8074601611755652e+48,3.835986244254961e+47,6.337887108146904e+63,1.9085287077649536e+52,2.1363223539670404e+65,1.1969384672923304e+67,2.155772488130218e+65,1.5173399357630943e+67,3.066358295208826e+61,5.522417129574569e+61,True,True,True,True,True,True,3.066358295208826e+61,2.0729434828855714e+65,1.1963046785815157e+67
SCRIPT_SELF_SHIELDING_AUDITOR,1,1,3,9.856958512428956e+47,1.970999916468217e+63,8.413603667793363e+47,9.176334878462964e+46,1.985985790605918e+63,5.982475402866729e+51,1.1836914297734764e+48,3.0668241311906796e+63,8.951620669364846e+47,1.7438312816298372e+47,3.093781302513909e+63,9.316307360231043e+51,1.06320287789952e+65,5.956911983487488e+66,1.0728828021765943e+65,7.551482965384374e+66,1.4985874137701117e+61,2.695717132322934e+61,True,True,True,True,True,True,1.4985874137701117e+61,1.0322650648743809e+65,5.953818202184974e+66
SCRIPT_SELF_SHIELDING_AUDITOR,1,1,4,1.0585305294888886e+47,2.1166403232507206e+62,9.16255138217914e+46,8.581861452142426e+45,2.1327335281331725e+62,6.4245302928542815e+50,1.2407332471349675e+47,3.2146136796920784e+62,9.615134968666217e+46,1.5957283483666883e+46,3.2428699108923365e+62,9.765258066098304e+50,1.0667454263666793e+64,5.976760170371441e+65,1.0764576037551994e+64,7.576644197506554e+65,1.609320488245189e+60,2.8256231200258087e+60,True,True,True,True,True,True,1.609320488245189e+60,1.034316727257756e+64,5.973517300460549e+65
SCRIPT_SELF_SHIELDING_AUDITOR,1,1,5,2.6911909675318202e+45,5.3813122633283176e+60,2.3349775881881967e+45,2.126785795323154e+44,5.422227368194688e+60,1.6333622331244724e+49,3.162069117156328e+45,8.192599548383704e+60,2.4581506002822813e+45,3.989925248260811e+44,8.264611929974899e+60,2.4887235852810345e+49,2.7688432181810097e+62,1.5513271916048458e+64,2.794052134789696e+62,1.9665929081401505e+64,4.091510486637062e+58,7.20123815911948e+58,True,True,True,True,True,True,4.091510486637062e+58,2.686197098881261e+62,1.5505007304118482e+64
SCRIPT_SELF_SHIELDING_AUDITOR,1,1,6,5.625805506926823e+49,1.1249374916448524e+65,4.2833084414974917e+49,1.0424444578826056e+49,1.1334905978736837e+65,3.4144653266079674e+53,6.23263002055362e+49,1.6148110619906436e+65,3.9584365251499176e+49,1.6731658702408602e+49,1.6290051391827478e+65,4.905425136447311e+53,8.006157683942245e+65,2.472849487196669e+67,8.021334743528933e+65,3.1347921255658004e+67,8.553106228831284e+62,1.4194077192104199e+63,True,True,True,True,True,True,8.553106228831284e+62,6.377152544759497e+65,2.4565594358048416e+67
SCRIPT_SELF_SHIELDING_AUDITOR,1,1,7,3.916130708584464e+49,7.830704866786085e+64,3.143695109217871e+49,5.635685794957847e+48,7.890243153197288e+64,2.376813862914843e+53,4.529414362037888e+49,1.1735252039729436e+65,3.110086944664354e+49,9.825450079546052e+48,1.183840409091453e+65,3.564900048880571e+53,1.5336233990454113e+66,4.736878769560861e+67,1.5365306480192269e+66,6.004866185128327e+67,5.953828641120296e+62,1.0315205118509425e+63,True,True,True,True,True,True,5.953828641120296e+62,1.415239358136266e+66,4.7250403654699463e+67
SCRIPT_SELF_SHIELDING_AUDITOR,1,1,8,1.717864465260564e+49,3.435046128339575e+64,1.403668630453399e+49,2.2257345085190188e+48,3.4611634145486656e+64,1.0426220112341375e+53,2.0266174461967136e+49,5.2507597270325213e+64,1.436607641635463e+49,3.945781702777477e+48,5.296913540712008e+64,1.5950602121017535e+53,8.637126194563625e+65,2.6677357509354855e+67,8.653499364327135e+65,3.381846355154984e+67,2.611728620909039e+62,4.615381367948694e+62,True,True,True,True,True,True,2.611728620909039e+62,8.107434840492424e+65,2.6624388373947734e+67
SCRIPT_SELF_SHIELDING_AUDITOR,1,1,9,7.93002077331858e+48,1.5856889589312656e+64,6.560428490297341e+48,9.46644243313112e+47,1.5977452431358162e+64,4.812960728279472e+52,9.467024084789754e+48,2.4528096751830666e+64,6.828113790283816e+48,1.7259822072816608e+48,2.4743697020410505e+64,7.451072462144114e+52,4.298516752300511e+65,1.3276761920330538e+67,4.30666533586075e+65,1.6830740785621438e+67,1.2056284204550616e+62,2.156002685798393e+62,True,True,True,True,True,True,1.2056284204550616e+62,4.051079782096406e+65,1.3252018223310127e+67
SCRIPT_SELF_SHIELDING_AUDITOR,1,1,10,7.585474811761048e+47,1.5167934613400902e+63,6.383540774614227e+47,7.973623728853236e+46,1.5283259204308353e+63,4.603845742396562e+51,8.920524395290855e+47,2.311217162701652e+63,6.602070171532699e+47,1.4582264266920512e+47,2.3315326011992442e+63,7.020946928446793e+51,4.3128392341602685e+64,1.3320999547567532e+66,4.3210149684673677e+64,1.6886820124956184e+66,1.1532459090745011e+61,2.031543849759229e+61,True,True,True,True,True,True,1.1532459090745011e+61,4.079685974040344e+64,1.329768422155554e+66
SCRIPT_SELF_SHIELDING_AUDITOR,1,1,11,1.9353995536509505e+46,3.870029841120468e+61,1.6352189282496532e+46,1.9695599703426423e+45,3.899454388338157e+61,1.174650396452048e+50,2.2808966711519308e+46,5.909571342575233e+61,1.6977504456436088e+46,3.631938290106175e+45,5.961516064644052e+61,1.795192050131322e+50,1.11944006221632e+63,3.457597130957288e+64,1.121562154885324e+63,4.383141115390409e+64,2.9424547217688526e+59,5.194472206881936e+59,True,True,True,True,True,True,2.9424547217688526e+59,1.0598249015698795e+63,3.4516356148926443e+64
SCRIPT_SELF_SHIELDING_AUDITOR,1,1,12,6.074332075685963e+49,1.214624977743462e+65,4.523873014553286e+49,1.2264842674484292e+49,1.2238599943910466e+65,3.686689173522847e+53,4.911759047645338e+49,1.2725868241519314e+65,3.0261428910167887e+49,1.4119633221039408e+49,1.2837727740384772e+65,3.865826499733693e+53,2.0563130661910119e+65,2.470707851803617e+66,2.023106764287333e+65,3.1320772083010285e+66,9.235016647584627e+62,1.1185949886545785e+63,True,True,True,True,True,True,9.235016647584627e+62,7.725402921525346e+64,2.3423305743997695e+66
SCRIPT_SELF_SHIELDING_AUDITOR,1,1,13,1.7147546143634106e+49,3.4288276626223975e+64,1.3151732214965324e+49,3.0812487295892576e+48,3.4548976686952547e+64,1.0407345520878563e+53,1.922733304850324e+49,4.9816064802356765e+64,1.2343774662186348e+49,5.029420039864754e+48,5.0253944555508706e+64,1.5132976373045483e+53,3.93898041803307e+65,4.732776349547828e+66,3.875371926162632e+65,5.999665612259172e+66,2.607000607285717e+62,4.378797531519413e+62,True,True,True,True,True,True,2.607000607285717e+62,3.436440972477983e+65,4.682522404992319e+66
SCRIPT_SELF_SHIELDING_AUDITOR,1,1,14,6.500578083932433e+48,1.2998572373283378e+64,4.998076389687966e+48,1.155793049190252e+48,1.3097402904897441e+64,3.9453902988942523e+52,5.372012857980401e+48,1.3918339063309552e+64,3.4447560180176455e+48,1.4092206145284396e+48,1.4040680297959604e+64,4.2280717481950695e+52,2.218371926878721e+65,2.665425332394814e+66,2.1825486229520344e+65,3.37891747416746e+66,9.883053161406303e+61,1.223412346500513e+62,True,True,True,True,True,True,9.883053161406303e+61,2.05157459390306e+65,2.6513846520968544e+66
SCRIPT_SELF_SHIELDING_AUDITOR,1,1,15,3.9009332732660485e+48,7.800316036696802e+63,3.025500360434667e+48,6.6737644890489975e+47,7.859623271255033e+63,2.3675900964898906e+52,4.437791382256339e+48,1.1497866215774094e+64,2.900053074821329e+48,1.1097913241149919e+48,1.1598931662037509e+64,3.492787687547645e+52,1.1040372313331806e+65,1.3265263451304808e+66,1.0862087234958699e+65,1.6816164358570565e+66,5.930723455823037e+61,1.0106544626341479e+62,True,True,True,True,True,True,5.930723455823037e+61,9.880479147128055e+64,1.3149274134684433e+66
SCRIPT_SELF_SHIELDING_AUDITOR,1,1,16,3.906568678541328e+47,7.81158460733433e+62,3.0625591380527107e+47,6.356525119505113e+46,7.8709775189034385e+62,2.3710103881957004e+51,4.431557072138711e+47,1.1481713752193504e+63,2.936961100285572e+47,1.0672501781741183e+47,1.1582637219422777e+63,3.4878809400817154e+51,1.1077158381944484e+64,1.3309462766113759e+65,1.0898279264988302e+64,1.6872195129847132e+65,5.939291156910881e+60,1.0092346722927293e+61,True,True,True,True,True,True,5.939291156910881e+60,9.918894660002206e+63,1.319363639391953e+65
SCRIPT_SELF_SHIELDING_AUDITOR,1,1,17,1.0440702988753768e+46,2.0877256095533814e+61,8.173620791945251e+45,1.710226800254573e+45,2.10359897056036e+61,6.336766938817606e+49,1.179327744092641e+46,3.055518265311871e+61,7.81583533524233e+45,2.8401877668525606e+45,3.0823760588584763e+61,9.281962736282999e+49,2.875185972629694e+62,3.454602645272466e+63,2.828756129330972e+62,4.379345053319707e+63,1.5873361006978497e+59,2.685779354660545e+59,True,True,True,True,True,True,1.5873361006978497e+59,2.5669483667438464e+62,3.423778884683881e+63
SCRIPT_SELF_SHIELDING_AUDITOR,1,2,0,3.3239099753618623e+49,8.611912755249043e+64,2.0840440773499422e+49,9.193331995910723e+48,8.687610870834765e+64,2.6161013072583616e+53,3.3034334022255677e+49,8.547492325592966e+64,2.0903115025367558e+49,9.436711956611869e+48,8.62618502188189e+64,2.603850350237876e+53,1.9802574657709903e+65,1.1099515402135743e+67,1.9802574657709903e+65,1.1094984478923316e+67,7.569811558572166e+62,7.869269628892455e+62,True,True,True,True,True,True,7.569811558572166e+62,1.1114963786875138e+65,1.1008108370214969e+67
SCRIPT_SELF_SHIELDING_AUDITOR,1,2,1,5.032443778942682e+48,1.3038550108515509e+64,3.674464917318969e+48,8.726881058353899e+47,1.3153158059296601e+64,3.96081206963582e+52,4.9881764269809244e+48,1.2906692685131313e+64,3.6855152757164496e+48,8.95791241564314e+47,1.302551846570843e+64,3.9318077148738916e+52,3.7932917455921924e+65,2.126173029657148e+67,3.7932917455921924e+65,2.125305106474496e+67,1.1460795078109257e+62,1.1882578057711802e+62,True,True,True,True,True,True,1.1460795078109257e+62,3.6617601649992263e+65,2.1239897906685665e+67
SCRIPT_SELF_SHIELDING_AUDITOR,1,2,2,2.424897534511996e+48,6.282662936851158e+63,1.8074601611755652e+48,3.835986244254961e+47,6.337887108146904e+63,1.9085287077649536e+52,2.402624158222756e+48,6.216687020194685e+63,1.8128958050093166e+48,3.937538345472698e+47,6.273921100667469e+63,1.8938095593704122e+52,2.1363223539670404e+65,1.1974272680018408e+67,2.1363223539670404e+65,1.1969384672923304e+67,5.522417129574569e+61,5.723408047278417e+61,True,True,True,True,True,True,5.522417129574569e+61,2.0729434828855714e+65,1.1963046785815157e+67
SCRIPT_SELF_SHIELDING_AUDITOR,1,2,3,1.1836914297734764e+48,3.0668241311906796e+63,8.951620669364846e+47,1.7438312816298372e+47,3.093781302513909e+63,9.316307360231043e+51,1.1724901306466997e+48,3.0337679539064705e+63,8.978541219393417e+47,1.7899966533341723e+47,3.061698412468336e+63,9.241865857740675e+51,1.06320287789952e+65,5.959344642211044e+66,1.06320287789952e+65,5.956911983487488e+66,2.695717132322934e+61,2.793045856186556e+61,True,True,True,True,True,True,2.695717132322934e+61,1.0322650648743809e+65,5.953818202184974e+66
SCRIPT_SELF_SHIELDING_AUDITOR,1,2,4,1.2407332471349675e+47,3.2146136796920784e+62,9.615134968666217e+46,1.5957283483666883e+46,3.2428699108923365e+62,9.765258066098304e+50,1.2283990422816551e+47,3.1784298662096177e+62,9.644050930536766e+46,1.6379729124581422e+46,3.207692158190668e+62,9.682554139950396e+50,1.0667454263666793e+64,5.979200934614285e+65,1.0667454263666793e+64,5.976760170371441e+65,2.8256231200258087e+60,2.9262291981050447e+60,True,True,True,True,True,True,2.8256231200258087e+60,1.034316727257756e+64,5.973517300460549e+65
SCRIPT_SELF_SHIELDING_AUDITOR,1,2,5,3.162069117156328e+45,8.192599548383704e+60,2.4581506002822813e+45,3.989925248260811e+44,8.264611929974899e+60,2.4887235852810345e+49,3.130438400306003e+45,8.099875173608842e+60,2.4655430902745182e+45,4.0955526584918725e+44,8.174446871685306e+60,2.467491283324589e+49,2.7688432181810097e+62,1.5519607160947506e+64,2.7688432181810097e+62,1.5513271916048458e+64,7.20123815911948e+58,7.457169807646334e+58,True,True,True,True,True,True,7.20123815911948e+58,2.686197098881261e+62,1.5505007304118482e+64
SCRIPT_SELF_SHIELDING_AUDITOR,1,2,6,6.23263002055362e+49,1.6148110619906436e+65,3.9584365251499176e+49,1.6731658702408602e+49,1.6290051391827478e+65,4.905425136447311e+53,6.192940062860517e+49,1.602396695041439e+65,3.9703408821871564e+49,1.7174604789775963e+49,1.6171491992443048e+65,4.8814330995192955e+53,8.006157683942245e+65,2.473859339095395e+67,8.006157683942245e+65,2.472849487196669e+67,1.4194077192104199e+63,1.4752504202865704e+63,True,True,True,True,True,True,1.4194077192104199e+63,6.377152544759497e+65,2.4565594358048416e+67
SCRIPT_SELF_SHIELDING_AUDITOR,1,2,7,4.529414362037888e+49,1.1735252039729436e+65,3.110086944664354e+49,9.825450079546052e+48,1.183840409091453e+65,3.564900048880571e+53,4.4946075125070997e+49,1.1629604275910164e+65,3.1194400276735045e+49,1.0085564438006612e+49,1.1736672510941434e+65,3.542764124664579e+53,1.5336233990454113e+66,4.7388131962391705e+67,1.5336233990454113e+66,4.736878769560861e+67,1.0315205118509425e+63,1.0706823503127078e+63,True,True,True,True,True,True,1.0315205118509425e+63,1.415239358136266e+66,4.7250403654699463e+67
SCRIPT_SELF_SHIELDING_AUDITOR,1,2,8,2.0266174461967136e+49,5.2507597270325213e+64,1.436607641635463e+49,3.945781702777477e+48,5.296913540712008e+64,1.5950602121017535e+53,2.0098926993569567e+49,5.2005112049314575e+64,1.440928006552219e+49,4.050240477483383e+48,5.2483898380097796e+64,1.5842486201281698e+53,8.637126194563625e+65,2.6688251896689517e+67,8.637126194563625e+65,2.6677357509354855e+67,4.615381367948694e+62,4.78786330783221e+62,True,True,True,True,True,True,4.615381367948694e+62,8.107434840492424e+65,2.6624388373947734e+67
SCRIPT_SELF_SHIELDING_AUDITOR,1,2,9,9.467024084789754e+48,2.4528096751830666e+64,6.828113790283816e+48,1.7259822072816608e+48,2.4743697020410505e+64,7.451072462144114e+52,9.385901872413947e+48,2.4285618765366218e+64,6.848648237137754e+48,1.7716750509607536e+48,2.4509204906060297e+64,7.398206926562579e+52,4.298516752300511e+65,1.3282183828660828e+67,4.298516752300511e+65,1.3276761920330538e+67,2.156002685798393e+62,2.235861406940793e+62,True,True,True,True,True,True,2.156002685798393e+62,4.051079782096406e+65,1.3252018223310127e+67
SCRIPT_SELF_SHIELDING_AUDITOR,1,2,10,8.920524395290855e+47,2.311217162701652e+63,6.602070171532699e+47,1.4582264266920512e+47,2.3315326011992442e+63,7.020946928446793e+51,8.839789574825257e+47,2.2872576604623266e+63,6.621924828796359e+47,1.49683082938083e+47,2.308315353824665e+63,6.967747303436076e+51,4.3128392341602685e+64,1.3326439521474434e+66,4.3128392341602685e+64,1.3320999547567532e+66,2.031543849759229e+61,2.1057693362338413e+61,True,True,True,True,True,True,2.031543849759229e+61,4.079685974040344e+64,1.329768422155554e+66
SCRIPT_SELF_SHIELDING_AUDITOR,1,2,11,2.2808966711519308e+46,5.909571342575233e+61,1.6977504456436088e+46,3.631938290106175e+45,5.961516064644052e+61,1.795192050131322e+50,2.260006664308141e+46,5.847670368032364e+61,1.7028561552682696e+46,3.728088521459558e+45,5.901507087708785e+61,1.781394818019964e+50,1.11944006221632e+63,3.4590091299672577e+64,1.11944006221632e+63,3.457597130957288e+64,5.194472206881936e+59,5.383671967642099e+59,True,True,True,True,True,True,5.194472206881936e+59,1.0598249015698795e+63,3.4516356148926443e+64
SCRIPT_SELF_SHIELDING_AUDITOR,1,2,12,4.911759047645338e+49,1.2725868241519314e+65,3.0261428910167887e+49,1.4119633221039408e+49,1.2837727740384772e+65,3.865826499733693e+53,4.882866622060805e+49,1.2634208079036943e+65,3.0352435258738876e+49,1.4493429770536347e+49,1.2750525223451079e+65,3.848799844262666e+53,2.0563130661910119e+65,2.471716829110267e+66,2.0563130661910119e+65,2.470707851803617e+66,1.1185949886545785e+63,1.163171444141359e+63,True,True,True,True,True,True,1.1185949886545785e+63,7.725402921525346e+64,2.3423305743997695e+66
SCRIPT_SELF_SHIELDING_AUDITOR,1,2,13,1.922733304850324e+49,4.9816064802356765e+64,1.2343774662186348e+49,5.029420039864754e+48,5.0253944555508706e+64,1.5132976373045483e+53,1.9101513688917796e+49,4.942434787794921e+64,1.2380896566208894e+49,5.1625665478116914e+48,4.987937434052843e+64,1.505629962918379e+53,3.93898041803307e+65,4.734709100897064e+66,3.93898041803307e+65,4.732776349547828e+66,4.378797531519413e+62,4.550264625792207e+62,True,True,True,True,True,True,4.378797531519413e+62,3.436440972477983e+65,4.682522404992319e+66
SCRIPT_SELF_SHIELDING_AUDITOR,1,2,14,5.372012857980401e+48,1.3918339063309552e+64,3.4447560180176455e+48,1.4092206145284396e+48,1.4040680297959604e+64,4.2280717481950695e+52,5.336962522208353e+48,1.380916175571147e+64,3.4551155640869324e+48,1.4465276603237848e+48,1.3936296139768548e+64,4.206729799152684e+52,2.218371926878721e+65,2.666513827609249e+66,2.218371926878721e+65,2.665425332394814e+66,1.223412346500513e+62,1.2713438405707671e+62,True,True,True,True,True,True,1.223412346500513e+62,2.077965123899125e+65,2.6513846520968544e+66
SCRIPT_SELF_SHIELDING_AUDITOR,1,2,15,4.437791382256339e+48,1.1497866215774094e+64,2.900053074821329e+48,1.1097913241149919e+48,1.1598931662037509e+64,3.492787687547645e+52,4.4074476158070885e+48,1.1404081779334051e+64,2.90877451496829e+48,1.13917141927198e+48,1.1509073736007488e+64,3.474062474013435e+52,1.1040372313331806e+65,1.327068066393856e+66,1.1040372313331806e+65,1.3265263451304808e+66,1.0106544626341479e+62,1.0499195667343766e+62,True,True,True,True,True,True,1.0106544626341479e+62,9.880479147128055e+64,1.3149274134684433e+66
SCRIPT_SELF_SHIELDING_AUDITOR,1,2,16,4.431557072138711e+47,1.1481713752193504e+63,2.936961100285572e+47,1.0672501781741183e+47,1.1582637219422777e+63,3.4878809400817154e+51,4.400208830905449e+47,1.1385351733693744e+63,2.9457935353442517e+47,1.0955040589801055e+47,1.1490171251745786e+63,3.4683566793730066e+51,1.1077158381944484e+64,1.3314898028678254e+65,1.1077158381944484e+64,1.3309462766113759e+65,1.0092346722927293e+61,1.0481951805204179e+61,True,True,True,True,True,True,1.0092346722927293e+61,9.918894660002206e+63,1.319363639391953e+65
SCRIPT_SELF_SHIELDING_AUDITOR,1,2,17,1.179327744092641e+46,3.055518265311871e+61,7.81583533524233e+45,2.8401877668525606e+45,3.0823760588584763e+61,9.281962736282999e+49,1.170985381809521e+46,3.029874480791783e+61,7.839340194681737e+45,2.9153775660948e+45,3.0577690939985836e+61,9.230005044127581e+49,2.875185972629694e+62,3.456013421406936e+63,2.875185972629694e+62,3.454602645272466e+63,2.685779354660545e+59,2.7894613206800856e+59,True,True,True,True,True,True,2.685779354660545e+59,2.5669483667438464e+62,3.423778884683881e+63
SCRIPT_SELF_SHIELDING_AUDITOR,2,1,0,3.3034334022255677e+49,8.547492325592966e+64,2.0903115025367558e+49,9.436711956611869e+48,8.62618502188189e+64,2.603850350237876e+53,2.480225880893355e+49,8.719358451307661e+64,1.336906015718477e+49,6.931501131906954e+48,8.81657543176682e+64,2.6257258453609007e+53,1.961737854909865e+65,8.071090311095705e+66,1.9802574657709903e+65,1.1099515402135743e+67,7.869269628892455e+62,9.72169804591589e+62,True,True,True,True,True,True,7.869269628892455e+62,1.080080311733183e+65,7.982924556778036e+66
SCRIPT_SELF_SHIELDING_AUDITOR,2,1,1,4.9881764269809244e+48,1.2906692685131313e+64,3.6855152757164496e+48,8.95791241564314e+47,1.302551846570843e+64,3.9318077148738916e+52,8.469905642466922e+48,2.977637799619346e+64,5.273301605338591e+48,1.659286266286678e+48,3.010837140763147e+64,8.966784164506423e+52,3.757816415628604e+65,1.5460615997773026e+67,3.7932917455921924e+65,2.126173029657148e+67,1.1882578057711802e+62,3.319934114380133e+62,True,True,True,True,True,True,1.1882578057711802e+62,3.4567327015522896e+65,1.5430507626365395e+67
SCRIPT_SELF_SHIELDING_AUDITOR,2,1,2,2.402624158222756e+48,6.216687020194685e+63,1.8128958050093166e+48,3.937538345472698e+47,6.273921100667469e+63,1.8938095593704122e+52,4.222262193771722e+48,1.484357446090342e+64,2.6976891159612254e+48,7.582175860688415e+47,1.5009073734315366e+64,4.4699569718558746e+52,2.1163432051173286e+65,8.707176188207121e+66,2.1363223539670404e+65,1.1974272680018408e+67,5.723408047278417e+61,1.65499273411947e+62,True,True,True,True,True,True,5.723408047278417e+61,1.966252467774175e+65,8.692167114472807e+66
SCRIPT_SELF_SHIELDING_AUDITOR,2,1,3,1.1724901306466997e+48,3.0337679539064705e+63,8.978541219393417e+47,1.7899966533341723e+47,3.061698412468336e+63,9.241865857740675e+51,2.1181304490248317e+48,7.446393803867767e+63,1.3776170537111136e+48,3.5606524232363127e+47,7.529417792956466e+63,2.242388448042135e+52,1.0532596740962403e+65,4.3333791665332214e+66,1.06320287789952e+65,5.959344642211044e+66,2.793045856186556e+61,8.302398908869948e+61,True,True,True,True,True,True,2.793045856186556e+61,9.779654961666756e+64,4.325849748740265e+66
SCRIPT_SELF_SHIELDING_AUDITOR,2,1,4,1.2283990422816551e+47,3.1784298662096177e+62,9.644050930536766e+46,1.6379729124581422e+46,3.207692158190668e+62,9.682554139950396e+50,2.116787343569396e+47,7.441672049291275e+62,1.4160554027477876e+47,3.165275662125243e+46,7.524643392910131e+62,2.2409665506518425e+51,1.0567690922153503e+64,4.347817808530082e+65,1.0667454263666793e+64,5.979200934614285e+65,2.9262291981050447e+60,8.297134361885564e+60,True,True,True,True,True,True,2.9262291981050447e+60,9.81522658286249e+63,4.340293165137172e+65
SCRIPT_SELF_SHIELDING_AUDITOR,2,1,5,3.130438400306003e+45,8.099875173608842e+60,2.4655430902745182e+45,4.0955526584918725e+44,8.174446871685306e+60,2.467491283324589e+49,5.3820518216684994e+45,1.8920873053601864e+61,3.612254849008809e+45,7.929355696757705e+44,1.9131832398397047e+61,5.697784495393037e+49,2.7429486565785303e+62,1.1285190970106014e+64,2.7688432181810097e+62,1.5519607160947506e+64,7.457169807646334e+58,2.1095934479518334e+59,True,True,True,True,True,True,7.457169807646334e+58,2.55163033259456e+62,1.1266059137707616e+64
SCRIPT_SELF_SHIELDING_AUDITOR,2,1,6,6.192940062860517e+49,1.602396695041439e+65,3.9703408821871564e+49,1.7174604789775963e+49,1.6171491992443048e+65,4.8814330995192955e+53,8.31473161806963e+49,2.923085593246729e+65,4.4248862966141443e+49,2.3806921837690134e+49,2.9556767014786084e+65,8.80250701155539e+53,7.989752541206482e+65,1.7988841331707608e+67,8.006157683942245e+65,2.473859339095395e+67,1.4752504202865704e+63,3.2591108231879394e+63,True,True,True,True,True,True,1.4752504202865704e+63,5.034075839727874e+65,1.7693273661559746e+67
SCRIPT_SELF_SHIELDING_AUDITOR,2,1,7,4.4946075125070997e+49,1.1629604275910164e+65,3.1194400276735045e+49,1.0085564438006612e+49,1.1736672510941434e+65,3.542764124664579e+53,7.370795883238669e+49,2.5912402524495806e+65,4.249552014176635e+49,1.7834183991139443e+49,2.620131432275959e+65,7.803196233291654e+53,1.530480904011282e+66,3.4458611829935337e+67,1.5336233990454113e+66,4.7388131962391705e+67,1.0706823503127078e+63,2.889117982637821e+63,True,True,True,True,True,True,1.0706823503127078e+63,1.268467760783686e+66,3.419659868670774e+67
SCRIPT_SELF_SHIELDING_AUDITOR,2,1,8,2.0098926993569567e+49,5.2005112049314575e+64,1.440928006552219e+49,4.050240477483383e+48,5.2483898380097796e+64,1.5842486201281698e+53,3.3676577714367487e+49,1.1839169761389782e+65,2.0234594327486158e+49,7.329565661487629e+48,1.1971171254592884e+65,3.5652180379663486e+53,8.619428155923589e+65,1.9406549159975474e+67,8.637126194563625e+65,2.6688251896689517e+67,4.78786330783221e+62,1.3200149320310168e+63,True,True,True,True,True,True,4.78786330783221e+62,7.422311030464301e+65,1.9286837447429547e+67
SCRIPT_SELF_SHIELDING_AUDITOR,2,1,9,9.385901872413947e+48,2.4285618765366218e+64,6.848648237137754e+48,1.7716750509607536e+48,2.4509204906060297e+64,7.398206926562579e+52,1.5912030986592434e+49,5.593954281714062e+64,9.754058958829114e+48,3.26988223804672e+48,5.656324391525669e+64,1.6845494329988307e+53,4.289708809257497e+65,9.658232934121512e+66,4.298516752300511e+65,1.3282183828660828e+67,2.235861406940793e+62,6.237010981160674e+62,True,True,True,True,True,True,2.235861406940793e+62,3.72407637010493e+65,9.601669690206255e+66
SCRIPT_SELF_SHIELDING_AUDITOR,2,1,10,8.839789574825257e+47,2.2872576604623266e+63,6.621924828796359e+47,1.49683082938083e+47,2.308315353824665e+63,6.967747303436076e+51,1.4860012160572607e+48,5.2241117882438e+63,9.385020628313272e+47,2.7778468728392728e+47,5.2823583182460164e+63,1.5731759874362222e+52,4.3040019434115865e+64,9.690413770900208e+65,4.3128392341602685e+64,1.3326439521474434e+66,2.1057693362338413e+61,5.824653000221629e+61,True,True,True,True,True,True,2.1057693362338413e+61,3.775766111586985e+64,9.637590187717748e+65
SCRIPT_SELF_SHIELDING_AUDITOR,2,1,11,2.260006664308141e+46,5.847670368032364e+61,1.7028561552682696e+46,3.728088521459558e+45,5.901507087708785e+61,1.781394818019964e+50,3.7745403318493235e+46,1.3269585805006427e+62,2.3984692643170217e+46,6.909786740802686e+45,1.341753580283144e+62,3.995969955818727e+50,1.1171462560324096e+63,2.5152426987486685e+64,1.11944006221632e+63,3.4590091299672577e+64,5.383671967642099e+59,1.4794999782501218e+60,True,True,True,True,True,True,5.383671967642099e+59,9.829708980040951e+62,2.5018251629458372e+64
SCRIPT_SELF_SHIELDING_AUDITOR,2,1,12,4.882866622060805e+49,1.2634208079036943e+65,3.0352435258738876e+49,1.4493429770536347e+49,1.2750525223451079e+65,3.848799844262666e+53,4.583586095255508e+49,1.6113826754588587e+65,2.349417091254146e+49,1.402231948753758e+49,1.6293488777829322e+65,4.8524775777334645e+53,2.0912378197879003e+65,1.797326192039469e+66,2.0563130661910119e+65,2.471716829110267e+66,1.163171444141359e+63,1.7966202324073485e+63,True,True,True,True,True,True,1.163171444141359e+63,4.6188894200496804e+64,1.6343913042611756e+66
SCRIPT_SELF_SHIELDING_AUDITOR,2,1,13,1.9101513688917796e+49,4.942434787794921e+64,1.2380896566208894e+49,5.1625665478116914e+48,4.987937434052843e+64,1.505629962918379e+53,2.956110985924693e+49,1.0392356400555675e+65,1.5762268030951202e+49,8.43339604522007e+48,1.0508226566320669e+65,3.1295282729256836e+53,4.0058806983379535e+65,3.442876861340617e+66,3.93898041803307e+65,4.734709100897064e+66,4.550264625792207e+62,1.158701657649942e+63,True,True,True,True,True,True,4.550264625792207e+62,2.9550580417058865e+65,3.33779459567741e+66
SCRIPT_SELF_SHIELDING_AUDITOR,2,1,14,5.336962522208353e+48,1.380916175571147e+64,3.4551155640869324e+48,1.4465276603237848e+48,1.3936296139768548e+64,4.206729799152684e+52,5.6246898656952613e+48,1.977387926408116e+64,2.9730425263818417e+48,1.6307462748845917e+48,1.9994349249889537e+64,5.954656656988017e+52,2.256049114368468e+65,1.93897419289842e+66,2.218371926878721e+65,2.666513827609249e+66,1.2713438405707671e+62,2.2046998580837663e+62,True,True,True,True,True,True,1.2713438405707671e+62,2.0561056218695724e+65,1.9189798436485307e+66
SCRIPT_SELF_SHIELDING_AUDITOR,2,1,15,4.4074476158070885e+48,1.1404081779334051e+64,2.90877451496829e+48,1.13917141927198e+48,1.1509073736007488e+64,3.474062474013435e+52,6.848628330412295e+48,2.4076696309263768e+64,3.756245316188724e+48,1.8493327982395992e+48,2.4345140797202886e+64,7.250396244537719e+52,1.122788378179475e+65,9.64986832738211e+65,1.1040372313331806e+65,1.327068066393856e+66,1.0499195667343766e+62,2.6844448793911825e+62,True,True,True,True,True,True,1.0499195667343766e+62,8.793369702074462e+64,9.406416919410081e+65
SCRIPT_SELF_SHIELDING_AUDITOR,2,1,16,4.400208830905449e+47,1.1385351733693744e+63,2.9457935353442517e+47,1.0955040589801055e+47,1.1490171251745786e+63,3.4683566793730066e+51,6.824067812028966e+47,2.3990352575338604e+63,3.790383971600186e+47,1.795091445224106e+47,2.425783436893034e+63,7.224394907969402e+51,1.1265294630944609e+64,9.682021293633596e+64,1.1077158381944484e+64,1.3314898028678254e+65,1.0481951805204179e+61,2.6748179359173726e+61,True,True,True,True,True,True,1.0481951805204179e+61,8.839511194051575e+63,9.439442949944292e+64
SCRIPT_SELF_SHIELDING_AUDITOR,2,1,17,1.170985381809521e+46,3.029874480791783e+61,7.839340194681737e+45,2.9153775660948e+45,3.0577690939985836e+61,9.230005044127581e+49,1.803602606031024e+46,6.340655400318894e+61,1.0040079799142195e+46,4.722343868421769e+45,6.4113508965063e+61,1.9094091445050778e+50,2.924018596071282e+62,2.5130643483018166e+63,2.875185972629694e+62,3.456013421406936e+63,2.7894613206800856e+59,7.069549618740587e+59,True,True,True,True,True,True,2.7894613206800856e+59,2.282883506420652e+62,2.4489508393367536e+63
SCRIPT_SELF_SHIELDING_AUDITOR,2,2,0,2.480225880893355e+49,8.719358451307661e+64,1.336906015718477e+49,6.931501131906954e+48,8.81657543176682e+64,2.6257258453609007e+53,2.4025285018604326e+49,8.293383789555555e+64,1.3144273316683627e+49,7.257085224203515e+48,8.398899651578013e+64,2.4862925575358407e+53,1.961737854909865e+65,8.062818293320634e+66,1.961737854909865e+65,8.071090311095705e+66,9.72169804591589e+62,1.0551586202245732e+63,True,True,True,True,True,True,9.72169804591589e+62,1.080080311733183e+65,7.978829296804854e+66
SCRIPT_SELF_SHIELDING_AUDITOR,2,2,1,8.469905642466922e+48,2.977637799619346e+64,5.273301605338591e+48,1.659286266286678e+48,3.010837140763147e+64,8.966784164506423e+52,8.151403851281825e+48,2.813815549326148e+64,5.1846365239538843e+48,1.7372256913243924e+48,2.849615432798712e+64,8.43560220543362e+52,3.757816415628604e+65,1.544477049420193e+67,3.757816415628604e+65,1.5460615997773026e+67,3.319934114380133e+62,3.579988347256434e+62,True,True,True,True,True,True,3.319934114380133e+62,3.4567327015522896e+65,1.5416274339873944e+67
SCRIPT_SELF_SHIELDING_AUDITOR,2,2,2,4.222262193771722e+48,1.484357446090342e+64,2.6976891159612254e+48,7.582175860688415e+47,1.5009073734315366e+64,4.4699569718558746e+52,4.058310066133778e+48,1.4009042094360636e+64,2.652330279520857e+48,7.938323223035592e+47,1.4187277684344662e+64,4.199802876755778e+52,2.1163432051173286e+65,8.698252249380606e+66,2.1163432051173286e+65,8.707176188207121e+66,1.65499273411947e+62,1.782355899840256e+62,True,True,True,True,True,True,1.65499273411947e+62,1.966252467774175e+65,8.684064971696261e+66
SCRIPT_SELF_SHIELDING_AUDITOR,2,2,3,2.1181304490248317e+48,7.446393803867767e+63,1.3776170537111136e+48,3.5606524232363127e+47,7.529417792956466e+63,2.242388448042135e+52,2.0340572446426017e+48,7.021443186494586e+63,1.3544538559033942e+48,3.7279021668548216e+47,7.110776280110457e+63,2.1049745653550388e+52,1.0532596740962403e+65,4.3289379091429536e+66,1.0532596740962403e+65,4.3333791665332214e+66,8.302398908869948e+61,8.933309361587132e+61,True,True,True,True,True,True,8.302398908869948e+61,9.779654961666756e+64,4.321827132862843e+66
SCRIPT_SELF_SHIELDING_AUDITOR,2,2,4,2.116787343569396e+47,7.441672049291275e+62,1.4160554027477876e+47,3.165275662125243e+46,7.524643392910131e+62,2.2409665506518425e+51,2.0298144992312848e+47,7.006797484689104e+62,1.3922459040832804e+47,3.3139539042130327e+46,7.095944242559496e+62,2.1005838968025088e+51,1.0567690922153503e+64,4.343361753051992e+65,1.0567690922153503e+64,4.347817808530082e+65,8.297134361885564e+60,8.914675787039191e+60,True,True,True,True,True,True,8.297134361885564e+60,9.81522658286249e+63,4.336265808809432e+65
SCRIPT_SELF_SHIELDING_AUDITOR,2,2,5,5.3820518216684994e+45,1.8920873053601864e+61,3.612254849008809e+45,7.929355696757705e+44,1.9131832398397047e+61,5.697784495393037e+49,5.1600280315481756e+45,1.7812106202842403e+61,3.551518541067429e+45,8.301810671213576e+44,1.803872778314301e+61,5.339932192929224e+49,2.7429486565785303e+62,1.127362483756362e+64,2.7429486565785303e+62,1.1285190970106014e+64,2.1095934479518334e+59,2.2662158030060714e+59,True,True,True,True,True,True,2.1095934479518334e+59,2.55163033259456e+62,1.1255586109780477e+64
SCRIPT_SELF_SHIELDING_AUDITOR,2,2,6,8.31473161806963e+49,2.923085593246729e+65,4.4248862966141443e+49,2.3806921837690134e+49,2.9556767014786084e+65,8.80250701155539e+53,8.058537541650334e+49,2.781758658167633e+65,4.350486436152876e+49,2.492517239978247e+49,2.817150685137933e+65,8.339498115803123e+53,7.989752541206482e+65,1.797040466336254e+67,7.989752541206482e+65,1.7988841331707608e+67,3.2591108231879394e+63,3.539202697029989e+63,True,True,True,True,True,True,3.2591108231879394e+63,5.034075839727874e+65,1.7688689594848745e+67
SCRIPT_SELF_SHIELDING_AUDITOR,2,2,7,7.370795883238669e+49,2.5912402524495806e+65,4.249552014176635e+49,1.7834183991139443e+49,2.620131432275959e+65,7.803196233291654e+53,7.119123197035707e+49,2.4574784803770316e+65,4.1781002172977917e+49,1.8671885160930247e+49,2.4887447242695644e+65,7.36733112937649e+53,1.530480904011282e+66,3.442329538090868e+67,1.530480904011282e+66,3.4458611829935337e+67,2.889117982637821e+63,3.126624389253287e+63,True,True,True,True,True,True,2.889117982637821e+63,1.268467760783686e+66,3.417442090848172e+67
SCRIPT_SELF_SHIELDING_AUDITOR,2,2,8,3.3676577714367487e+49,1.1839169761389782e+65,2.0234594327486158e+49,7.329565661487629e+48,1.1971171254592884e+65,3.5652180379663486e+53,3.2465205578985213e+49,1.1206793570392596e+65,1.9894370671206575e+49,7.673847504253042e+48,1.1349376442968312e+65,3.3597103612879867e+53,8.619428155923589e+65,1.93866594903749e+67,8.619428155923589e+65,1.9406549159975474e+67,1.3200149320310168e+63,1.4258287257571514e+63,True,True,True,True,True,True,1.3200149320310168e+63,7.422311030464301e+65,1.9273165725945216e+67
SCRIPT_SELF_SHIELDING_AUDITOR,2,2,9,1.5912030986592434e+49,5.593954281714062e+64,9.754058958829114e+48,3.26988223804672e+48,5.656324391525669e+64,1.6845494329988307e+53,1.5325142869732675e+49,5.290147082544252e+64,9.590054603276969e+48,3.423474024318027e+48,5.357453075345794e+64,1.5859453334553303e+53,4.289708809257497e+65,9.648334262265868e+66,4.289708809257497e+65,9.658232934121512e+66,6.237010981160674e+62,6.730599280154216e+62,True,True,True,True,True,True,6.237010981160674e+62,3.72407637010493e+65,9.59475973151241e+66
SCRIPT_SELF_SHIELDING_AUDITOR,2,2,10,1.4860012160572607e+48,5.2241117882438e+63,9.385020628313272e+47,2.7778468728392728e+47,5.2823583182460164e+63,1.5731759874362222e+52,1.429120536494957e+48,4.933238078761709e+63,9.227221268427629e+47,2.908326942801172e+47,4.996003155315636e+63,1.4789467641934555e+52,4.3040019434115865e+64,9.68048211707514e+65,4.3040019434115865e+64,9.690413770900208e+65,5.824653000221629e+61,6.276507655392668e+61,True,True,True,True,True,True,5.824653000221629e+61,3.775766111586985e+64,9.630522085521983e+65
SCRIPT_SELF_SHIELDING_AUDITOR,2,2,11,3.7745403318493235e+46,1.3269585805006427e+62,2.3984692643170217e+46,6.909786740802686e+45,1.341753580283144e+62,3.995969955818727e+50,3.628962043325938e+46,1.252695856041923e+62,2.358141498443732e+46,7.234350872172603e+45,1.2686337755276568e+62,3.755485653100269e+50,1.1171462560324096e+63,2.512664839808835e+64,1.1171462560324096e+63,2.5152426987486685e+64,1.4794999782501218e+60,1.5937919485733691e+60,True,True,True,True,True,True,1.4794999782501218e+60,9.829708980040951e+62,2.4999785020535585e+64
SCRIPT_SELF_SHIELDING_AUDITOR,2,2,12,4.583586095255508e+49,1.6113826754588587e+65,2.349417091254146e+49,1.402231948753758e+49,1.6293488777829322e+65,4.8524775777334645e+53,4.449105462245007e+49,1.5358044281278326e+65,2.309914086648494e+49,1.4680971066086198e+49,1.5553443086209914e+65,4.6042233379982666e+53,2.0912378197879003e+65,1.795484121930588e+66,2.0912378197879003e+65,1.797326192039469e+66,1.7966202324073485e+63,1.9539880493158808e+63,True,True,True,True,True,True,1.7966202324073485e+63,4.6188894200496804e+64,1.6343913042611756e+66
SCRIPT_SELF_SHIELDING_AUDITOR,2,2,13,2.956110985924693e+49,1.0392356400555675e+65,1.5762268030951202e+49,8.43339604522007e+48,1.0508226566320669e+65,3.1295282729256836e+53,2.864797195182165e+49,9.88910749674352e+64,1.5497241889386163e+49,8.829526629938724e+48,1.0014925586033651e+65,2.9646782295050326e+53,4.0058806983379535e+65,3.439348275053429e+66,4.0058806983379535e+65,3.442876861340617e+66,1.158701657649942e+63,1.2581808929013087e+63,True,True,True,True,True,True,1.158701657649942e+63,2.9550580417058865e+65,3.33779459567741e+66
SCRIPT_SELF_SHIELDING_AUDITOR,2,2,14,5.6246898656952613e+48,1.977387926408116e+64,2.9730425263818417e+48,1.6307462748845917e+48,1.9994349249889537e+64,5.954656656988017e+52,5.4529043453089524e+48,1.8823097610855896e+64,2.923053908758491e+48,1.707345129241017e+48,1.906258193001204e+64,5.643019627112867e+52,2.256049114368468e+65,1.936986948502578e+66,2.256049114368468e+65,1.93897419289842e+66,2.2046998580837663e+62,2.394843191561447e+62,True,True,True,True,True,True,2.2046998580837663e+62,2.0561056218695724e+65,1.9179243665725662e+66
SCRIPT_SELF_SHIELDING_AUDITOR,2,2,15,6.848628330412295e+48,2.4076696309263768e+64,3.756245316188724e+48,1.8493327982395992e+48,2.4345140797202886e+64,7.250396244537719e+52,6.629226378462198e+48,2.2883690471042856e+64,3.693087958315695e+48,1.9361990237527754e+48,2.3174837292120645e+64,6.860354078724812e+52,1.122788378179475e+65,9.639978228367674e+65,1.122788378179475e+65,9.64986832738211e+65,2.6844448793911825e+62,2.911468210777894e+62,True,True,True,True,True,True,2.6844448793911825e+62,8.793369702074462e+64,9.406416919410081e+65
SCRIPT_SELF_SHIELDING_AUDITOR,2,2,16,6.824067812028966e+47,2.3990352575338604e+63,3.790383971600186e+47,1.795091445224106e+47,2.425783436893034e+63,7.224394907969402e+51,6.601876461233772e+47,2.2789280202855708e+63,3.726652607746292e+47,1.879409864518926e+47,2.3079225851880653e+63,6.832050607776767e+51,1.1265294630944609e+64,9.672098241214091e+64,1.1265294630944609e+64,9.682021293633596e+64,2.6748179359173726e+61,2.8994564902494564e+61,True,True,True,True,True,True,2.6748179359173726e+61,8.839511194051575e+63,9.439442949944292e+64
SCRIPT_SELF_SHIELDING_AUDITOR,2,2,17,1.803602606031024e+46,6.340655400318894e+61,1.0040079799142195e+46,4.722343868421769e+45,6.4113508965063e+61,1.9094091445050778e+50,1.7447114771751765e+46,6.022639011795872e+61,9.871266300661001e+45,4.944160183919028e+45,6.09926442346198e+61,1.8055407698135175e+50,2.924018596071282e+62,2.510488721941835e+63,2.924018596071282e+62,2.5130643483018166e+63,7.069549618740587e+59,7.662541166610824e+59,True,True,True,True,True,True,7.069549618740587e+59,2.282883506420652e+62,2.4489508393367536e+63
SCRIPT_SELF_SHIELDING_AUDITOR,3,1,0,2.4025285018604326e+49,8.293383789555555e+64,1.3144273316683627e+49,7.257085224203515e+48,8.398899651578013e+64,2.4862925575358407e+53,1.4825642011362548e+49,4.2362326967068506e+64,9.226499744525006e+48,3.9654968123083615e+48,4.29043828838805e+64,1.2648557492825898e+53,1.9427047006535542e+65,1.0445870633980244e+67,1.961737854909865e+65,8.062818293320634e+66,1.0551586202245732e+63,5.420559168119929e+62,True,True,True,True,True,True,5.420559168119929e+62,1.1218478897520638e+65,7.978829296804854e+66
SCRIPT_SELF_SHIELDING_AUDITOR,3,1,1,8.151403851281825e+48,2.813815549326148e+64,5.1846365239538843e+48,1.7372256913243924e+48,2.849615432798712e+64,8.43560220543362e+52,4.350292653469915e+48,1.2430390511755756e+64,3.029268016778821e+48,8.41663553119395e+47,1.2589446144616028e+64,3.7114700797348655e+52,3.7213573651359264e+65,2.000963790633856e+67,3.757816415628604e+65,1.544477049420193e+67,3.579988347256434e+62,1.590556328602723e+62,True,True,True,True,True,True,1.590556328602723e+62,3.472854872348733e+65,1.5416274339873944e+67
SCRIPT_SELF_SHIELDING_AUDITOR,3,1,2,4.058310066133778e+48,1.4009042094360636e+64,2.652330279520857e+48,7.938323223035592e+47,1.4187277684344662e+64,4.199802876755778e+52,2.2275850993999936e+48,6.36503216895628e+63,1.582979144351533e+48,3.9914715674328156e+47,6.4464772545995594e+63,1.900473394563884e+52,2.0958100403106854e+65,1.126911390450508e+67,2.1163432051173286e+65,8.698252249380606e+66,1.782355899840256e+62,8.144508564327912e+61,True,True,True,True,True,True,8.144508564327912e+61,1.974470428273882e+65,8.684064971696261e+66
SCRIPT_SELF_SHIELDING_AUDITOR,3,1,3,2.0340572446426017e+48,7.021443186494586e+63,1.3544538559033942e+48,3.7279021668548216e+47,7.110776280110457e+63,2.1049745653550388e+52,1.1342678985123601e+48,3.241021707404238e+63,8.187020618472079e+47,1.905802478317693e+47,3.2824928710251677e+63,9.67705325381848e+51,1.0430407481582756e+65,5.60840189328101e+66,1.0532596740962403e+65,4.3289379091429536e+66,8.933309361587132e+61,4.147116362092981e+61,True,True,True,True,True,True,4.147116362092981e+61,9.821519112951358e+64,4.321827132862843e+66
SCRIPT_SELF_SHIELDING_AUDITOR,3,1,4,2.0298144992312848e+47,7.006797484689104e+62,1.3922459040832804e+47,3.3139539042130327e+46,7.095944242559496e+62,2.1005838968025088e+51,1.1265233560158864e+47,3.218892693281644e+62,8.353152022535018e+46,1.6707594022546898e+46,3.260080700525264e+62,9.610980370804577e+50,1.0465161172344701e+64,5.627088858810589e+65,1.0567690922153503e+64,4.343361753051992e+65,8.914675787039191e+60,4.118800724362001e+60,True,True,True,True,True,True,4.118800724362001e+60,9.858096497897553e+63,4.336265808809432e+65
SCRIPT_SELF_SHIELDING_AUDITOR,3,1,5,5.1600280315481756e+45,1.7812106202842403e+61,3.551518541067429e+45,8.301810671213576e+44,1.803872778314301e+61,5.339932192929224e+49,2.8721663452738963e+45,8.206838511887194e+60,2.1358973690536708e+45,4.197834242952336e+44,8.311850811545503e+60,2.4504005370771597e+49,2.716336046352788e+62,1.4605665456552913e+64,2.7429486565785303e+62,1.127362483756362e+64,2.2662158030060714e+59,1.0501229965830906e+59,True,True,True,True,True,True,1.0501229965830906e+59,2.5625613787471e+62,1.1255586109780477e+64
SCRIPT_SELF_SHIELDING_AUDITOR,3,1,6,8.058537541650334e+49,2.781758658167633e+65,4.350486436152876e+49,2.492517239978247e+49,2.817150685137933e+65,8.339498115803123e+53,4.025143726219304e+49,1.1501320110715092e+65,2.472015944863077e+49,1.1095950326816511e+49,1.1648487631092531e+65,3.4340679343904676e+53,7.972004895826807e+65,2.328175031666876e+67,7.989752541206482e+65,1.797040466336254e+67,3.539202697029989e+63,1.4716752037743926e+63,True,True,True,True,True,True,1.4716752037743926e+63,5.17260185606855e+65,1.7688689594848745e+67
SCRIPT_SELF_SHIELDING_AUDITOR,3,1,7,7.119123197035707e+49,2.4574784803770316e+65,4.1781002172977917e+49,1.8671885160930247e+49,2.4887447242695644e+65,7.36733112937649e+53,3.9754714889471254e+49,1.1359388209560514e+65,2.583652429259536e+49,9.537597215117841e+48,1.1504739610939935e+65,3.3916898607493437e+53,1.5270812452352848e+66,4.459746918049046e+67,1.530480904011282e+66,3.442329538090868e+67,3.126624389253287e+63,1.4535140137942099e+63,True,True,True,True,True,True,1.4535140137942099e+63,1.2816064315843255e+66,3.417442090848172e+67
SCRIPT_SELF_SHIELDING_AUDITOR,3,1,8,3.2465205578985213e+49,1.1206793570392596e+65,1.9894370671206575e+49,7.673847504253042e+48,1.1349376442968312e+65,3.3597103612879867e+53,1.8540561977800403e+49,5.297722338464822e+64,1.2438708824220216e+49,4.0588586730553843e+48,5.365510440412673e+64,1.5817956749918678e+53,8.60028181146574e+65,2.5116594433145607e+67,8.619428155923589e+65,1.93866594903749e+67,1.4258287257571514e+63,6.778810194785168e+62,True,True,True,True,True,True,6.778810194785168e+62,7.484490511626758e+65,1.9273165725945216e+67
SCRIPT_SELF_SHIELDING_AUDITOR,3,1,9,1.5325142869732675e+49,5.290147082544252e+64,9.590054603276969e+48,3.423474024318027e+48,5.357453075345794e+64,1.5859453334553303e+53,8.747372152410638e+48,2.499446829614854e+64,5.983101292750295e+48,1.8003932248902323e+48,2.5314290185017612e+64,7.462856549221482e+52,4.280180074752127e+65,1.250000283654173e+67,4.289708809257497e+65,9.648334262265868e+66,6.730599280154216e+62,3.198218888690711e+62,True,True,True,True,True,True,3.198218888690711e+62,3.7539635017229176e+65,9.59475973151241e+66
SCRIPT_SELF_SHIELDING_AUDITOR,3,1,10,1.429120536494957e+48,4.933238078761709e+63,9.227221268427629e+47,2.908326942801172e+47,4.996003155315636e+63,1.4789467641934555e+52,8.401255321743542e+47,2.4005484862022216e+63,5.890729058724818e+47,1.5847874276828431e+47,2.4312652008801368e+63,7.167565550789702e+51,4.294441459552901e+64,1.2541652334308013e+66,4.3040019434115865e+64,9.68048211707514e+65,6.276507655392668e+61,3.0716714677915136e+61,True,True,True,True,True,True,3.0716714677915136e+61,3.804401627880023e+64,9.630522085521983e+65
SCRIPT_SELF_SHIELDING_AUDITOR,3,1,11,3.628962043325938e+46,1.252695856041923e+62,2.358141498443732e+46,7.234350872172603e+45,1.2686337755276568e+62,3.755485653100269e+50,2.1302632975347304e+46,6.086947888458963e+61,1.5018879022915083e+46,3.936405385469141e+45,6.164834689172964e+61,1.8174428988015567e+50,1.1146647379269312e+63,3.2553098567205936e+64,1.1171462560324096e+63,2.512664839808835e+64,1.5937919485733691e+60,7.788680071400081e+59,True,True,True,True,True,True,7.788680071400081e+59,9.902828784796438e+62,2.4999785020535585e+64
SCRIPT_SELF_SHIELDING_AUDITOR,3,1,12,4.449105462245007e+49,1.5358044281278326e+65,2.309914086648494e+49,1.4680971066086198e+49,1.5553443086209914e+65,4.6042233379982666e+53,3.0385398046063883e+49,8.682228844223811e+64,1.7726416220800766e+49,9.310798497757354e+48,8.793324099207937e+64,2.5923427385706634e+53,2.128018619423888e+65,2.326158692995698e+66,2.0912378197879003e+65,1.795484121930588e+66,1.9539880493158808e+63,1.1109525498412583e+63,True,True,True,True,True,True,1.1109525498412583e+63,5.358935111669088e+64,1.6399496910684887e+66
SCRIPT_SELF_SHIELDING_AUDITOR,3,1,13,2.864797195182165e+49,9.88910749674352e+64,1.5497241889386163e+49,8.829526629938724e+48,1.0014925586033651e+65,2.9646782295050326e+53,1.698462586447155e+49,4.8531340075028965e+64,1.0186023282234767e+49,4.9270575375697436e+48,4.915233287504522e+64,1.449050345180715e+53,4.076336336590602e+65,4.455884510776301e+66,4.0058806983379535e+65,3.439348275053429e+66,1.2581808929013087e+63,6.20992800016253e+62,True,True,True,True,True,True,6.20992800016253e+62,3.004388139734588e+65,3.339199019193093e+66
SCRIPT_SELF_SHIELDING_AUDITOR,3,1,14,5.4529043453089524e+48,1.8823097610855896e+64,2.923053908758491e+48,1.707345129241017e+48,1.906258193001204e+64,5.643019627112867e+52,4.1324790314252266e+48,1.1808016663266302e+64,2.4513518991991467e+48,1.2257670486323393e+48,1.1959108582818168e+64,3.5256414917356815e+52,2.295728623632961e+65,2.509484196180862e+66,2.256049114368468e+65,1.936986948502578e+66,2.394843191561447e+62,1.5109191955186597e+62,True,True,True,True,True,True,1.5109191955186597e+62,2.0654232950683473e+65,1.9179243665725662e+66
SCRIPT_SELF_SHIELDING_AUDITOR,3,1,15,6.629226378462198e+48,2.2883690471042856e+64,3.693087958315695e+48,1.9361990237527754e+48,2.3174837292120645e+64,6.860354078724812e+52,4.125282634638884e+48,1.178745390359531e+64,2.5219654892197124e+48,1.1487500366517403e+48,1.1938282708102665e+64,3.5195018562026304e+52,1.1425360386228115e+65,1.2489177087289013e+66,1.122788378179475e+65,9.639978228367674e+65,2.911468210777894e+62,1.508288045073547e+62,True,True,True,True,True,True,1.508288045073547e+62,8.910400052582687e+64,9.408229855446468e+65
SCRIPT_SELF_SHIELDING_AUDITOR,3,1,16,6.601876461233772e+47,2.2789280202855708e+63,3.726652607746292e+47,1.879409864518926e+47,2.3079225851880653e+63,6.832050607776767e+51,4.164321166599831e+47,1.1899001386933736e+63,2.5802608244258565e+47,1.1251915566062711e+47,1.2051257520336316e+63,3.5528077403974e+51,1.146342921934028e+64,1.2530790514101996e+65,1.1265294630944609e+64,9.672098241214091e+64,2.8994564902494564e+61,1.5225613340258017e+61,True,True,True,True,True,True,1.5225613340258017e+61,8.957372045756544e+63,9.441305982695285e+64
SCRIPT_SELF_SHIELDING_AUDITOR,3,1,17,1.7447114771751765e+46,6.022639011795872e+61,9.871266300661001e+45,4.944160183919028e+45,6.09926442346198e+61,1.8055407698135175e+50,1.1048645247757304e+46,3.157005424587523e+61,6.840987117248072e+45,2.9902019775852234e+45,3.1974015404839783e+61,9.426197160769853e+49,2.9754463873518098e+62,3.2524905639006382e+63,2.924018596071282e+62,2.510488721941835e+63,7.662541166610824e+59,4.039611589645548e+59,True,True,True,True,True,True,4.039611589645548e+59,2.314092153725084e+62,2.4494960777072153e+63
SCRIPT_SELF_SHIELDING_AUDITOR,3,2,0,1.4825642011362548e+49,4.2362326967068506e+64,9.226499744525006e+48,3.9654968123083615e+48,4.29043828838805e+64,1.2648557492825898e+53,1.6937030887176034e+49,4.8490687586945724e+64,1.0509774740924082e+49,4.455345779690829e+48,4.909444249442748e+64,1.44619438822633e+53,1.9427047006535542e+65,1.0444460049208522e+67,1.9427047006535542e+65,1.0445870633980244e+67,5.420559168119929e+62,6.03754907481757e+62,True,True,True,True,True,True,5.420559168119929e+62,1.4517602757092794e+65,1.0395365606714095e+67
SCRIPT_SELF_SHIELDING_AUDITOR,3,2,1,4.350292653469915e+48,1.2430390511755756e+64,3.029268016778821e+48,8.41663553119395e+47,1.2589446144616028e+64,3.7114700797348655e+52,4.975506756106571e+48,1.4244866488362925e+64,3.450596148894194e+48,9.456323726376191e+47,1.44222285443938e+64,4.248412840004719e+52,3.7213573651359264e+65,2.0006935853871384e+67,3.7213573651359264e+65,2.000963790633856e+67,1.590556328602723e+62,1.7736205603087551e+62,True,True,True,True,True,True,1.590556328602723e+62,3.577135079691988e+65,1.999251362532699e+67
SCRIPT_SELF_SHIELDING_AUDITOR,3,2,2,2.2275850993999936e+48,6.36503216895628e+63,1.582979144351533e+48,3.9914715674328156e+47,6.4464772545995594e+63,1.900473394563884e+52,2.54828899729254e+48,7.295746608251398e+63,1.803149047566776e+48,4.48452913832146e+47,7.386585551514002e+63,2.1758956879825568e+52,2.0958100403106854e+65,1.1267592150979548e+67,2.0958100403106854e+65,1.126911390450508e+67,8.144508564327912e+61,9.08389432626041e+61,True,True,True,True,True,True,8.144508564327912e+61,2.0219441847955454e+65,1.1260205565428034e+67
SCRIPT_SELF_SHIELDING_AUDITOR,3,2,3,1.1342678985123601e+48,3.241021707404238e+63,8.187020618472079e+47,1.905802478317693e+47,3.2824928710251677e+63,9.67705325381848e+51,1.2977906257830546e+48,3.7155721216616114e+63,9.325718840506205e+47,2.1412220033419463e+47,3.761834507579181e+63,1.1081384527209332e+52,1.0430407481582756e+65,5.607644548433314e+66,1.0430407481582756e+65,5.60840189328101e+66,4.147116362092981e+61,4.626238591756971e+61,True,True,True,True,True,True,4.147116362092981e+61,1.0054224030824838e+65,5.603882713925735e+66
SCRIPT_SELF_SHIELDING_AUDITOR,3,2,4,1.1265233560158864e+47,3.218892693281644e+62,8.353152022535018e+46,1.6707594022546898e+46,3.260080700525264e+62,9.610980370804577e+50,1.2893205373653143e+47,3.691322274446099e+62,9.514956761975923e+46,1.8771445808781409e+46,3.737282726838066e+62,1.10090613767167e+51,1.0465161172344701e+64,5.626328990520862e+65,1.0465161172344701e+64,5.627088858810589e+65,4.118800724362001e+60,4.596045239196681e+60,True,True,True,True,True,True,4.118800724362001e+60,1.0091432899660895e+64,5.622591707794024e+65
SCRIPT_SELF_SHIELDING_AUDITOR,3,2,5,2.8721663452738963e+45,8.206838511887194e+60,2.1358973690536708e+45,4.197834242952336e+44,8.311850811545503e+60,2.4504005370771597e+49,3.2873405025934926e+45,9.411649678449185e+60,2.43297033978752e+45,4.716383334397927e+44,9.528833615481924e+60,2.8069461635329794e+49,2.716336046352788e+62,1.4603693143282362e+64,2.716336046352788e+62,1.4605665456552913e+64,1.0501229965830906e+59,1.1718393703273813e+59,True,True,True,True,True,True,1.0501229965830906e+59,2.621047710197969e+62,1.4594164309666882e+64
SCRIPT_SELF_SHIELDING_AUDITOR,3,2,6,4.025143726219304e+49,1.1501320110715092e+65,2.472015944863077e+49,1.1095950326816511e+49,1.1648487631092531e+65,3.4340679343904676e+53,4.5978027378288335e+49,1.3163500594148999e+65,2.815838232900863e+49,1.2466608296543705e+49,1.3327398622386e+65,3.92590446455068e+53,7.972004895826807e+65,2.3278606406160344e+67,7.972004895826807e+65,2.328175031666876e+67,1.4716752037743926e+63,1.6389802823700082e+63,True,True,True,True,True,True,1.4716752037743926e+63,6.639265033588207e+65,2.3145332419936483e+67
SCRIPT_SELF_SHIELDING_AUDITOR,3,2,7,3.9754714889471254e+49,1.1359388209560514e+65,2.583652429259536e+49,9.537597215117841e+48,1.1504739610939935e+65,3.3916898607493437e+53,4.5435664598692486e+49,1.3008222232319467e+65,2.943001765807436e+49,1.071575530432226e+49,1.3170186898138944e+65,3.879593985845217e+53,1.5270812452352848e+66,4.459144684754306e+67,1.5270812452352848e+66,4.459746918049046e+67,1.4535140137942099e+63,1.6196466581947745e+63,True,True,True,True,True,True,1.4535140137942099e+63,1.3953793762538954e+66,4.445974497856167e+67
SCRIPT_SELF_SHIELDING_AUDITOR,3,2,8,1.8540561977800403e+49,5.297722338464822e+64,1.2438708824220216e+49,4.0588586730553843e+48,5.365510440412673e+64,1.5817956749918678e+53,2.1196862274662676e+49,6.068657684047953e+64,1.416875645480542e+49,4.5602404226450657e+48,6.14421821001495e+64,1.809926631995104e+53,8.60028181146574e+65,2.5113202749784175e+67,8.60028181146574e+65,2.5116594433145607e+67,6.778810194785168e+62,7.55605259669967e+62,True,True,True,True,True,True,6.778810194785168e+62,7.985859990464244e+65,2.5051760567684027e+67
SCRIPT_SELF_SHIELDING_AUDITOR,3,2,9,8.747372152410638e+48,2.499446829614854e+64,5.983101292750295e+48,1.8003932248902323e+48,2.5314290185017612e+64,7.462856549221482e+52,1.0002622537004916e+49,2.863748951767539e+64,6.81526565654008e+48,2.0227917801878805e+48,2.899405333837297e+64,8.540892838257466e+52,4.280180074752127e+65,1.2498314866791236e+67,4.280180074752127e+65,1.250000283654173e+67,3.198218888690711e+62,3.5656382069758284e+62,True,True,True,True,True,True,3.198218888690711e+62,3.990239541368397e+65,1.2469320813452862e+67
SCRIPT_SELF_SHIELDING_AUDITOR,3,2,10,8.401255321743542e+47,2.4005484862022216e+63,5.890729058724818e+47,1.5847874276828431e+47,2.4312652008801368e+63,7.167565550789702e+51,9.609379877156472e+47,2.7511636521858484e+63,6.710045757466237e+47,1.7805526802387453e+47,2.785418240828552e+63,8.205116555110571e+51,4.294441459552901e+64,1.2539958740311413e+66,4.294441459552901e+64,1.2541652334308013e+66,3.0716714677915136e+61,3.4254588642703695e+61,True,True,True,True,True,True,3.0716714677915136e+61,4.015899635470046e+64,1.2512104557903128e+66
SCRIPT_SELF_SHIELDING_AUDITOR,3,2,11,2.1302632975347304e+46,6.086947888458963e+61,1.5018879022915083e+46,3.936405385469141e+45,6.164834689172964e+61,1.8174428988015567e+50,2.4367457453299923e+46,6.976398487593297e+61,1.710779166126268e+46,4.4226607538471516e+45,7.063261244816126e+61,2.0806527696060607e+50,1.1146647379269312e+63,3.2548702676550176e+64,1.1146647379269312e+63,3.2553098567205936e+64,7.788680071400081e+59,8.686275722282894e+59,True,True,True,True,True,True,7.788680071400081e+59,1.04403212547877e+63,3.2478070064102015e+64
SCRIPT_SELF_SHIELDING_AUDITOR,3,2,12,3.0385398046063883e+49,8.682228844223811e+64,1.7726416220800766e+49,9.310798497757354e+48,8.793324099207937e+64,2.5923427385706634e+53,3.469188619441415e+49,9.932280495095066e+64,2.0191908806482036e+49,1.0460940647784165e+49,1.0055946778041595e+65,2.9622199702862702e+53,2.128018619423888e+65,2.3258445742262895e+66,2.128018619423888e+65,2.326158692995698e+66,1.1109525498412583e+63,1.2366628294652913e+63,True,True,True,True,True,True,1.1109525498412583e+63,1.1224239416197285e+65,2.2252851064458736e+66
SCRIPT_SELF_SHIELDING_AUDITOR,3,2,13,1.698462586447155e+49,4.8531340075028965e+64,1.0186023282234767e+49,4.9270575375697436e+48,4.915233287504522e+64,1.449050345180715e+53,1.939672271138976e+49,5.553278065524261e+64,1.1602754366911505e+49,5.5356859544483866e+48,5.622421627958993e+64,1.656218951364927e+53,4.076336336590602e+65,4.455282799051574e+66,4.076336336590602e+65,4.455884510776301e+66,6.20992800016253e+62,6.914356243473248e+62,True,True,True,True,True,True,6.20992800016253e+62,3.5140941737947028e+65,4.399058582771984e+66
SCRIPT_SELF_SHIELDING_AUDITOR,3,2,14,4.1324790314252266e+48,1.1808016663266302e+64,2.4513518991991467e+48,1.2257670486323393e+48,1.1959108582818168e+64,3.5256414917356815e+52,4.71888412110207e+48,1.351015636681712e+64,2.79230011214245e+48,1.3771833153559246e+48,1.3678370587180285e+64,4.029291662799825e+52,2.295728623632961e+65,2.5091453215847615e+66,2.295728623632961e+65,2.509484196180862e+66,1.5109191955186597e+62,1.6821422036316662e+62,True,True,True,True,True,True,1.5109191955186597e+62,2.158944917761158e+65,2.495466950997581e+66
SCRIPT_SELF_SHIELDING_AUDITOR,3,2,15,4.125282634638884e+48,1.178745390359531e+64,2.5219654892197124e+48,1.1487500366517403e+48,1.1938282708102665e+64,3.5195018562026304e+52,4.711985078743295e+48,1.349040442151472e+64,2.8727350490430506e+48,1.2906525638427429e+48,1.3658372711483786e+64,4.0234008095505996e+52,1.1425360386228115e+65,1.2487490579421173e+66,1.1425360386228115e+65,1.2489177087289013e+66,1.508288045073547e+62,1.6796828996906563e+62,True,True,True,True,True,True,1.508288045073547e+62,1.0059523115079736e+65,1.2350906852306335e+66
SCRIPT_SELF_SHIELDING_AUDITOR,3,2,16,4.164321166599831e+47,1.1899001386933736e+63,2.5802608244258565e+47,1.1251915566062711e+47,1.2051257520336316e+63,3.5528077403974e+51,4.7571819500475616e+47,1.3619802979084929e+63,2.9391384369395874e+47,1.2641839573567351e+47,1.3789382403439617e+63,4.0619928520880596e+51,1.146342921934028e+64,1.2529098386858975e+65,1.146342921934028e+64,1.2530790514101996e+65,1.5225613340258017e+61,1.6957942435468796e+61,True,True,True,True,True,True,1.5225613340258017e+61,1.0084490978996318e+64,1.2391204562824578e+65
SCRIPT_SELF_SHIELDING_AUDITOR,3,2,17,1.1048645247757304e+46,3.157005424587523e+61,6.840987117248072e+45,2.9902019775852234e+45,3.1974015404839783e+61,9.426197160769853e+49,1.2621518817453672e+46,3.6135384644855406e+61,7.792471207773441e+45,3.359574951586639e+45,3.6585304349003837e+61,1.0777077639100848e+50,2.9754463873518098e+62,3.2520513555454546e+63,2.9754463873518098e+62,3.2524905639006382e+63,4.039611589645548e+59,4.499197041484307e+59,True,True,True,True,True,True,4.039611589645548e+59,2.6095933438617713e+62,3.2154660511964508e+63
SCRIPT_SELF_SHIELDING_AUDITOR,4,1,0,1.6937030887176034e+49,4.8490687586945724e+64,1.0509774740924082e+49,4.455345779690829e+48,4.909444249442748e+64,1.44619438822633e+53,2.4223714790290814e+49,6.409005068377103e+64,1.7222217084626623e+49,6.074723795394805e+48,6.459432491591125e+64,1.9548953566867824e+53,1.9231342960329392e+65,1.2637621106345924e+67,1.9427047006535542e+65,1.0444460049208522e+67,6.03754907481757e+62,5.0427423214021965e+62,True,True,True,True,True,True,5.0427423214021965e+62,1.2771910468738267e+65,1.0395365606714095e+67
SCRIPT_SELF_SHIELDING_AUDITOR,4,1,1,4.975506756106571e+48,1.4244866488362925e+64,3.450596148894194e+48,9.456323726376191e+47,1.44222285443938e+64,4.248412840004719e+52,5.189544176472345e+48,1.373027019906505e+64,4.0174961415260675e+48,9.73501520070979e+47,1.3838302902859815e+64,4.188051214165126e+52,3.6838691821150493e+65,2.420805610141179e+67,3.7213573651359264e+65,2.0006935853871384e+67,1.7736205603087551e+62,1.080327037947654e+62,True,True,True,True,True,True,1.080327037947654e+62,3.545486153086451e+65,1.999251362532699e+67
SCRIPT_SELF_SHIELDING_AUDITOR,4,1,2,2.54828899729254e+48,7.295746608251398e+63,1.803149047566776e+48,4.48452913832146e+47,7.386585551514002e+63,2.1758956879825568e+52,2.7002116762194336e+48,7.144102574027054e+63,2.1263626326607596e+48,4.7054177812107926e+47,7.200313901704481e+63,2.1791171641554121e+52,2.0746972842222128e+65,1.3633597114070777e+67,2.0958100403106854e+65,1.1267592150979548e+67,9.08389432626041e+61,5.621132767742725e+61,True,True,True,True,True,True,5.621132767742725e+61,2.002694145205168e+65,1.1260205565428034e+67
SCRIPT_SELF_SHIELDING_AUDITOR,4,1,3,1.2977906257830546e+48,3.7155721216616114e+63,9.325718840506205e+47,2.1412220033419463e+47,3.761834507579181e+63,1.1081384527209332e+52,1.3790195389461946e+48,3.648549898729676e+63,1.1012174243151967e+48,2.250422740569409e+47,3.677257470013796e+63,1.1128924348741053e+52,1.0325333717822471e+65,6.785155648858727e+66,1.0430407481582756e+65,5.607644548433314e+66,4.626238591756971e+61,2.8707571284120116e+61,True,True,True,True,True,True,2.8707571284120116e+61,9.957607970821092e+64,5.603882713925735e+66
SCRIPT_SELF_SHIELDING_AUDITOR,4,1,4,1.2893205373653143e+47,3.691322274446099e+62,9.514956761975923e+46,1.8771445808781409e+46,3.737282726838066e+62,1.10090613767167e+51,1.3734614706927965e+47,3.6338446035613693e+62,1.1250750117300236e+47,1.958392642480865e+46,3.6624364704366105e+62,1.1084069784051947e+51,1.035973730710474e+64,6.807763509731705e+65,1.0465161172344701e+64,5.626328990520862e+65,4.596045239196681e+60,2.8591866875241157e+60,True,True,True,True,True,True,2.8591866875241157e+60,9.99349366006108e+63,5.622591707794024e+65
SCRIPT_SELF_SHIELDING_AUDITOR,4,1,5,3.2873405025934926e+45,9.411649678449185e+60,2.43297033978752e+45,4.716383334397927e+44,9.528833615481924e+60,2.8069461635329794e+49,3.5163705548926646e+45,9.303460226353057e+60,2.8879957600659115e+45,4.9384214707527526e+44,9.376661842077152e+60,2.83777138628838e+49,2.6889722398541457e+62,1.767022324070549e+64,2.716336046352788e+62,1.4603693143282362e+64,1.1718393703273813e+59,7.320161572409521e+58,True,True,True,True,True,True,7.320161572409521e+58,2.595205621433374e+62,1.4594164309666882e+64
SCRIPT_SELF_SHIELDING_AUDITOR,4,1,6,4.5978027378288335e+49,1.3163500594148999e+65,2.815838232900863e+49,1.2466608296543705e+49,1.3327398622386e+65,3.92590446455068e+53,4.6682584849878734e+49,1.2351075196267409e+65,3.283933243345026e+49,1.2057225703459162e+49,1.2448256098673544e+65,3.7673647147522836e+53,7.952805534504271e+65,2.8166722478593306e+67,7.972004895826807e+65,2.3278606406160344e+67,1.6389802823700082e+63,9.718090240613495e+62,True,True,True,True,True,True,9.718090240613495e+62,6.639265033588207e+65,2.3145332419936483e+67
SCRIPT_SELF_SHIELDING_AUDITOR,4,1,7,4.5435664598692486e+49,1.3008222232319467e+65,2.943001765807436e+49,1.071575530432226e+49,1.3170186898138944e+65,3.879593985845217e+53,4.975443386600736e+49,1.316381164416963e+65,3.6251876478277864e+49,1.159900495465144e+49,1.3267387330849235e+65,4.015268202308189e+53,1.5234035023112324e+66,5.395490118091043e+67,1.5270812452352848e+66,4.459144684754306e+67,1.6196466581947745e+63,1.0357568667960423e+63,True,True,True,True,True,True,1.0357568667960423e+63,1.39072962900274e+66,4.445974497856167e+67
SCRIPT_SELF_SHIELDING_AUDITOR,4,1,8,2.1196862274662676e+49,6.068657684047953e+64,1.416875645480542e+49,4.5602404226450657e+48,6.14421821001495e+64,1.809926631995104e+53,2.379417744048211e+49,6.295359945165666e+64,1.77679130851163e+49,5.1159240933924286e+48,6.344893184233593e+64,1.9202309553786405e+53,8.579569340747063e+65,3.0386553218006454e+67,8.60028181146574e+65,2.5113202749784175e+67,7.55605259669967e+62,4.953323906792711e+62,True,True,True,True,True,True,4.953323906792711e+62,7.945080022323704e+65,2.5051760567684027e+67
SCRIPT_SELF_SHIELDING_AUDITOR,4,1,9,1.0002622537004916e+49,2.863748951767539e+64,6.81526565654008e+48,2.0227917801878805e+48,2.899405333837297e+64,8.540892838257466e+52,1.1135892508970651e+49,2.946285990763957e+64,8.472180292129298e+48,2.2376646541852497e+48,2.969467999356661e+64,8.986856370632036e+52,4.269871912018346e+65,1.5122750913895958e+67,4.280180074752127e+65,1.2498314866791236e+67,3.5656382069758284e+62,2.318200859270382e+62,True,True,True,True,True,True,2.318200859270382e+62,3.9729251120826793e+65,1.2469320813452862e+67
SCRIPT_SELF_SHIELDING_AUDITOR,4,1,10,9.609379877156472e+47,2.7511636521858484e+63,6.710045757466237e+47,1.7805526802387453e+47,2.785418240828552e+63,8.205116555110571e+51,1.0734517093002576e+48,2.8400918294831106e+63,8.354715145767063e+47,1.969110586836732e+47,2.8624382796924722e+63,8.66293952147944e+51,4.284098950442853e+64,1.5173139300894332e+66,4.294441459552901e+64,1.2539958740311413e+66,3.4254588642703695e+61,2.2346450209361608e+61,True,True,True,True,True,True,2.2346450209361608e+61,3.997855122473606e+64,1.2512104557903128e+66
SCRIPT_SELF_SHIELDING_AUDITOR,4,1,11,2.4367457453299923e+46,6.976398487593297e+61,1.710779166126268e+46,4.4226607538471516e+45,7.063261244816126e+61,2.0806527696060607e+50,2.7478751497100893e+46,7.270208518479679e+61,2.147535756478911e+46,4.952085733104449e+45,7.327412074710974e+61,2.2175824052702024e+50,1.1119802374359505e+63,3.938338315157993e+64,1.1146647379269312e+63,3.2548702676550176e+64,8.686275722282894e+59,5.7203556231295e+59,True,True,True,True,True,True,5.7203556231295e+59,1.0387061166888408e+63,3.2478070064102015e+64
SCRIPT_SELF_SHIELDING_AUDITOR,4,1,12,3.469188619441415e+49,9.932280495095066e+64,2.0191908806482036e+49,1.0460940647784165e+49,1.0055946778041595e+65,2.9622199702862702e+53,5.287528996943662e+49,1.3989514174013267e+65,3.5093732947743014e+49,1.575860390876927e+49,1.4099586664873408e+65,4.267126645915974e+53,2.1667883853670383e+65,2.814232841414307e+66,2.128018619423888e+65,2.3258445742262895e+66,1.2366628294652913e+63,1.1007249086014124e+63,True,True,True,True,True,True,1.1007249086014124e+63,7.568297188796975e+64,2.2252851064458736e+66
SCRIPT_SELF_SHIELDING_AUDITOR,4,1,13,1.939672271138976e+49,5.553278065524261e+64,1.1602754366911505e+49,5.5356859544483866e+48,5.622421627958993e+64,1.656218951364927e+53,2.3821323818519714e+49,6.302542215760299e+64,1.6019578105707003e+49,6.8903668588999e+48,6.352131966470057e+64,1.922421714675305e+53,4.1506019488520045e+65,5.390817301302313e+66,4.076336336590602e+65,4.455282799051574e+66,6.914356243473248e+62,4.958975070975754e+62,True,True,True,True,True,True,4.958975070975754e+62,3.5140941737947028e+65,4.399058582771984e+66
SCRIPT_SELF_SHIELDING_AUDITOR,4,1,14,4.71888412110207e+48,1.351015636681712e+64,2.79230011214245e+48,1.3771833153559246e+48,1.3678370587180285e+64,4.029291662799825e+52,7.813968301876207e+48,2.0673857368455822e+64,5.223215155675081e+48,2.2917989180596028e+48,2.0836523701820017e+64,6.306006524134816e+52,2.3375538504401114e+65,3.036023664751502e+66,2.295728623632961e+65,2.5091453215847615e+66,1.6821422036316662e+62,1.6266633336419536e+62,True,True,True,True,True,True,1.6266633336419536e+62,2.1291886134219113e+65,2.495466950997581e+66
SCRIPT_SELF_SHIELDING_AUDITOR,4,1,15,4.711985078743295e+48,1.349040442151472e+64,2.8727350490430506e+48,1.2906525638427429e+48,1.3658372711483786e+64,4.0234008095505996e+52,6.008804573061726e+48,1.5897833712554942e+64,4.0898376178933e+48,1.6890763971581573e+48,1.602292126986782e+64,4.849208414485153e+52,1.1633515777326211e+65,1.5109653708115613e+66,1.1425360386228115e+65,1.2487490579421173e+66,1.6796828996906563e+62,1.2508755731287684e+62,True,True,True,True,True,True,1.2508755731287684e+62,1.0031223650339429e+65,1.2350906852306335e+66
SCRIPT_SELF_SHIELDING_AUDITOR,4,1,16,4.7571819500475616e+47,1.3619802979084929e+63,2.9391384369395874e+47,1.2641839573567351e+47,1.3789382403439617e+63,4.0619928520880596e+51,6.0980134385108365e+47,1.6133858647523496e+63,4.2116818870081376e+47,1.6530279559059576e+47,1.6260803299527009e+63,4.921201499918799e+51,1.1672278175680714e+64,1.5159998455760522e+65,1.146342921934028e+64,1.2529098386858975e+65,1.6957942435468796e+61,1.2694465200351217e+61,True,True,True,True,True,True,1.2694465200351217e+61,1.0046197845728013e+64,1.2391204562824578e+65
SCRIPT_SELF_SHIELDING_AUDITOR,4,1,17,1.2621518817453672e+46,3.6135384644855406e+61,7.792471207773441e+45,3.359574951586639e+45,3.6585304349003837e+61,1.0777077639100848e+50,1.633182832819248e+46,4.3210040837008103e+61,1.1232973391826481e+46,4.4740163212537286e+45,4.3550026683974317e+61,1.3180065750190348e+50,3.0296551987602608e+62,3.934927478886429e+63,2.9754463873518098e+62,3.2520513555454546e+63,4.499197041484307e+59,3.3998584696621404e+59,True,True,True,True,True,True,3.3998584696621404e+59,2.5941549319205176e+62,3.2154660511964508e+63
SCRIPT_SELF_SHIELDING_AUDITOR,4,2,0,2.4223714790290814e+49,6.409005068377103e+64,1.7222217084626623e+49,6.074723795394805e+48,6.459432491591125e+64,1.9548953566867824e+53,2.4925473168455495e+49,6.659103269773813e+64,1.7472374719531935e+49,6.003453129966916e+48,6.708337515674704e+64,2.051277841302013e+53,1.9231342960329392e+65,1.265980464084233e+67,1.9231342960329392e+65,1.2637621106345924e+67,5.0427423214021965e+62,4.923424590089112e+62,True,True,True,True,True,True,4.923424590089112e+62,1.2523005444654688e+65,1.2573026781430013e+67
SCRIPT_SELF_SHIELDING_AUDITOR,4,2,1,5.189544176472345e+48,1.373027019906505e+64,4.0174961415260675e+48,9.73501520070979e+47,1.3838302902859815e+64,4.188051214165126e+52,5.349026551402314e+48,1.4290489074297172e+64,4.075851423431245e+48,9.620800787894681e+47,1.439614616123883e+64,4.40205871450166e+52,3.6838691821150493e+65,2.425054987797761e+67,3.6838691821150493e+65,2.420805610141179e+67,1.080327037947654e+62,1.0565708694165734e+62,True,True,True,True,True,True,1.0565708694165734e+62,3.539907720502661e+65,2.419421779850893e+67
SCRIPT_SELF_SHIELDING_AUDITOR,4,2,2,2.7002116762194336e+48,7.144102574027054e+63,2.1263626326607596e+48,4.7054177812107926e+47,7.200313901704481e+63,2.1791171641554121e+52,2.784196497279809e+48,7.438274841735971e+63,2.1572486588050044e+48,4.650212266083153e+47,7.493269912063045e+63,2.2912947497937666e+52,2.0746972842222128e+65,1.3657528941852685e+67,2.0746972842222128e+65,1.3633597114070777e+67,5.621132767742725e+61,5.499507032707413e+61,True,True,True,True,True,True,5.499507032707413e+61,1.9997645851015823e+65,1.3626396800169072e+67
SCRIPT_SELF_SHIELDING_AUDITOR,4,2,3,1.3790195389461946e+48,3.648549898729676e+63,1.1012174243151967e+48,2.250422740569409e+47,3.677257470013796e+63,1.1128924348741053e+52,1.4223368871813688e+48,3.799923135716446e+63,1.1172129227478097e+48,2.224020037892465e+47,3.8280179620750565e+63,1.1705326995493148e+52,1.0325333717822471e+65,6.797066018154761e+66,1.0325333717822471e+65,6.785155648858727e+66,2.8707571284120116e+61,2.809482635861077e+61,True,True,True,True,True,True,2.809482635861077e+61,9.942531921614966e+64,6.781478391388713e+66
SCRIPT_SELF_SHIELDING_AUDITOR,4,2,4,1.3734614706927965e+47,3.6338446035613693e+62,1.1250750117300236e+47,1.958392642480865e+46,3.6624364704366105e+62,1.1084069784051947e+51,1.4173930955134704e+47,3.786715274409947e+62,1.1414170484516935e+47,1.935416133342382e+46,3.814712448116984e+62,1.1664641347393966e+51,1.035973730710474e+64,6.8197135638906865e+65,1.035973730710474e+64,6.807763509731705e+65,2.8591866875241157e+60,2.7997173707036876e+60,True,True,True,True,True,True,2.7997173707036876e+60,9.978266062293042e+63,6.804101073261269e+65
SCRIPT_SELF_SHIELDING_AUDITOR,4,2,5,3.5163705548926646e+45,9.303460226353057e+60,2.8879957600659115e+45,4.9384214707527526e+44,9.376661842077152e+60,2.83777138628838e+49,3.6290559036636875e+45,9.695405929088833e+60,2.929944725486851e+45,4.880482279402093e+44,9.767089154334555e+60,2.986584009748149e+49,2.6889722398541457e+62,1.7701240787720137e+64,2.6889722398541457e+62,1.767022324070549e+64,7.320161572409521e+58,7.168322524572186e+58,True,True,True,True,True,True,7.168322524572186e+58,2.5913013483108e+62,1.7660846578863414e+64
SCRIPT_SELF_SHIELDING_AUDITOR,4,2,6,4.6682584849878734e+49,1.2351075196267409e+65,3.283933243345026e+49,1.2057225703459162e+49,1.2448256098673544e+65,3.7673647147522836e+53,4.802520658472155e+49,1.283044089227609e+65,3.3316333140911735e+49,1.191576635023703e+49,1.2925303076614708e+65,3.95230379080082e+53,7.952805534504271e+65,2.8216165127213366e+67,7.952805534504271e+65,2.8166722478593306e+67,9.718090240613495e+62,9.4862184338618e+62,True,True,True,True,True,True,9.4862184338618e+62,6.6602752268428e+65,2.804223991760657e+67
SCRIPT_SELF_SHIELDING_AUDITOR,4,2,7,4.975443386600736e+49,1.316381164416963e+65,3.6251876478277864e+49,1.159900495465144e+49,1.3267387330849235e+65,4.015268202308189e+53,5.122029798368046e+49,1.3684043286832035e+65,3.677844536520607e+49,1.1462921598557851e+49,1.3785216601737726e+65,4.21524845561519e+53,1.5234035023112324e+66,5.404961128509261e+67,1.5234035023112324e+66,5.395490118091043e+67,1.0357568667960423e+63,1.0117331490569077e+63,True,True,True,True,True,True,1.0117331490569077e+63,1.3855513362938551e+66,5.3822227307601936e+67
SCRIPT_SELF_SHIELDING_AUDITOR,4,2,8,2.379417744048211e+49,6.295359945165666e+64,1.77679130851163e+49,5.1159240933924286e+48,6.344893184233593e+64,1.9202309553786405e+53,2.4507219519030447e+49,6.547362392252336e+64,1.802599711069424e+49,5.0559023826619766e+48,6.595770479191847e+64,2.0168570526850445e+53,8.579569340747063e+65,3.043989246167154e+67,8.579569340747063e+65,3.0386553218006454e+67,4.953323906792711e+62,4.840808693951103e+62,True,True,True,True,True,True,4.840808693951103e+62,7.919992292827879e+65,3.0323104286164116e+67
SCRIPT_SELF_SHIELDING_AUDITOR,4,2,9,1.1135892508970651e+49,2.946285990763957e+64,8.472180292129298e+48,2.2376646541852497e+48,2.969467999356661e+64,8.986856370632036e+52,1.1473969540078903e+49,3.06539208163642e+64,8.595241136964617e+48,2.2114116335904572e+48,3.0880561343497903e+64,9.442669076037655e+52,4.269871912018346e+65,1.514929673796806e+67,4.269871912018346e+65,1.5122750913895958e+67,2.318200859270382e+62,2.266405271337038e+62,True,True,True,True,True,True,2.266405271337038e+62,3.9610662985833663e+65,1.509305623390239e+67
SCRIPT_SELF_SHIELDING_AUDITOR,4,2,10,1.0734517093002576e+48,2.8400918294831106e+63,8.354715145767063e+47,1.969110586836732e+47,2.8624382796924722e+63,8.66293952147944e+51,1.106564717886529e+48,2.9563044525951193e+63,8.476069775714144e+47,1.9460083312360335e+47,2.978161963205841e+63,9.106634287046924e+51,4.284098950442853e+64,1.5199773574565597e+66,4.284098950442853e+64,1.5173139300894332e+66,2.2346450209361608e+61,2.1857510610721722e+61,True,True,True,True,True,True,2.1857510610721722e+61,3.986282754122269e+64,1.5144514918097408e+66
SCRIPT_SELF_SHIELDING_AUDITOR,4,2,11,2.7478751497100893e+46,7.270208518479679e+61,2.147535756478911e+46,4.952085733104449e+45,7.327412074710974e+61,2.2175824052702024e+50,2.8328863238405867e+46,7.568354853081929e+61,2.178729328309748e+46,4.8939862281159766e+45,7.624311673213133e+61,2.3313647463173877e+50,1.1119802374359505e+63,3.9452515042097637e+64,1.1119802374359505e+63,3.938338315157993e+64,5.7203556231295e+59,5.5956820131203305e+59,True,True,True,True,True,True,5.5956820131203305e+59,1.035737120703819e+63,3.931010903083282e+64
SCRIPT_SELF_SHIELDING_AUDITOR,4,2,12,5.287528996943662e+49,1.3989514174013267e+65,3.5093732947743014e+49,1.575860390876927e+49,1.4099586664873408e+65,4.267126645915974e+53,5.433741845266351e+49,1.4516814924385263e+65,3.5603479468244924e+49,1.5573718764255668e+49,1.4624145357137242e+65,4.471776390049185e+53,2.1667883853670383e+65,2.819172824247554e+66,2.1667883853670383e+65,2.814232841414307e+66,1.1007249086014124e+63,1.073304327519788e+63,True,True,True,True,True,True,1.073304327519788e+63,7.04373849653314e+64,2.6729313706761817e+66
SCRIPT_SELF_SHIELDING_AUDITOR,4,2,13,2.3821323818519714e+49,6.302542215760299e+64,1.6019578105707003e+49,6.8903668588999e+48,6.352131966470057e+64,1.922421714675305e+53,2.4485872356803225e+49,6.541659272523092e+64,1.6252267065056144e+49,6.809526799727455e+48,6.590025193304824e+64,2.0151002571146873e+53,4.1506019488520045e+65,5.400280109259677e+66,4.1506019488520045e+65,5.390817301302313e+66,4.958975070975754e+62,4.836592078173204e+62,True,True,True,True,True,True,4.836592078173204e+62,3.491599429521522e+65,5.3272959816376124e+66
SCRIPT_SELF_SHIELDING_AUDITOR,4,2,14,7.813968301876207e+48,2.0673857368455822e+64,5.223215155675081e+48,2.2917989180596028e+48,2.0836523701820017e+64,6.306006524134816e+52,8.03107546850547e+48,2.145586587291208e+64,5.299083851530278e+48,2.264910776406024e+48,2.1614500351701204e+64,6.609289636763297e+52,2.3375538504401114e+65,3.0413529696208427e+66,2.3375538504401114e+65,3.036023664751502e+66,1.6266633336419536e+62,1.5863447878912323e+62,True,True,True,True,True,True,1.5863447878912323e+62,2.121408846923099e+65,3.015187141049682e+66
SCRIPT_SELF_SHIELDING_AUDITOR,4,2,15,6.008804573061726e+48,1.5897833712554942e+64,4.0898376178933e+48,1.6890763971581573e+48,1.602292126986782e+64,4.849208414485153e+52,6.177799062346187e+48,1.6504642322352432e+64,4.14924368045841e+48,1.669259595137421e+48,1.6626669806487328e+64,5.084109031336123e+52,1.1633515777326211e+65,1.5136176541918125e+66,1.1633515777326211e+65,1.5109653708115613e+66,1.2508755731287684e+62,1.2202748413489623e+62,True,True,True,True,True,True,1.2202748413489623e+62,9.970848796677479e+64,1.4949424495416934e+66
SCRIPT_SELF_SHIELDING_AUDITOR,4,2,16,6.0980134385108365e+47,1.6133858647523496e+63,4.2116818870081376e+47,1.6530279559059576e+47,1.6260803299527009e+63,4.921201499918799e+51,6.271220988858298e+47,1.675422886063034e+63,4.272857772473454e+47,1.6336340861011154e+47,1.6878101669053103e+63,5.160991956065738e+51,1.1672278175680714e+64,1.5186609662559562e+65,1.1672278175680714e+64,1.5159998455760522e+65,1.2694465200351217e+61,1.238728084227633e+61,True,True,True,True,True,True,1.238728084227633e+61,9.984468008775404e+63,1.4997390422765253e+65
SCRIPT_SELF_SHIELDING_AUDITOR,4,2,17,1.633182832819248e+46,4.3210040837008103e+61,1.1232973391826481e+46,4.4740163212537286e+45,4.3550026683974317e+61,1.3180065750190348e+50,1.6794410537596946e+46,4.4868040565973884e+61,1.1396135546991993e+46,4.4215256844546006e+45,4.519977354154484e+61,1.3821202895798953e+50,3.0296551987602608e+62,3.9418346807034615e+63,3.0296551987602608e+62,3.934927478886429e+63,3.3998584696621404e+59,3.3173297557095407e+59,True,True,True,True,True,True,3.3173297557095407e+59,2.5776574633448123e+62,3.891377452202455e+63
