shape_lane,interval_index,substep,macro_index,z_mid,state_rows,M,I,N,U,C_old,C_local,B_old,B_local,R_rec,Q_coll,J_G1,J_G2a,kappa_G1,kappa_G2a,S_plus,S_minus,S_net,local_budget_violation_nodes,old_local_budget_mismatch_nodes,gamma_M_weight,recomb_down_M_weight,coll_up_M_weight,max_current_gamma_resid,max_old_capacity_rel_violation,max_local_budget_rel_violation,min_local_budget_slack,min_old_capacity_slack,x_mass_weighted,T_mass_weighted_K,gamma_mass_weighted_Myr_inv,recombination_down_mass_weighted_Myr_inv,collisional_up_mass_weighted_Myr_inv,old_to_local_budget_ratio,local_budget_to_J_ratio,M_sink_H_cMpc3,M_sink_H_cap_cosmic_cMpc3,M_sink_H_cap_volume_cMpc3,kappa_sink_G1_cMpc_inv,kappa_sink_G2a_cMpc_inv,J_sink_G1_s_inv_cMpc3,J_sink_G2a_s_inv_cMpc3,cycling_capacity_macro_s_inv_cMpc3,mass_transfer_rate_macro_H_s_inv_cMpc3,volume_filling_macro,mass_relative_residual,J_G1_relative_residual,J_G2a_relative_residual,kappa_G1_relative_residual,kappa_G2a_relative_residual,old_capacity_relative_residual,transfer_relative_residual,mass_cap_slack_cosmic,mass_cap_slack_volume,endpoint_state_cone_pass
LOCAL_NEUTRAL_HAZARD_PRIMARY,0,1,0,5.95,2560,9.539493075182652e+64,9.467432617699557e+64,7.20604574830956e+62,2.874161432436065e+53,4.73428154941028e+49,2.8422988603375048e+48,1.5115684180593824e+64,9.07493385666409e+62,5.853418464944103e+47,5.4974474619818335e+47,3.532375821099312e+49,9.511942065891984e+48,0.003343251001252501,0.0017468404186684,1.335353044246615e+47,0.0,1.335353044246615e+47,2048,2560,5.663653763450356e+51,5.912820969917181e+47,3.043923326395187e+49,7.197193795361579e-16,7.912077827817832e-16,0.9399634594885619,-1.3076097174730576e+48,-1.6225927682921336e+32,0.9924460915359786,14548.26886460798,1.8735934771045346,0.00019560204884019555,0.010069603699902,16.65652270235972,0.06339365378001785,9.539493075182652e+64,1.9982867080879831e+65,1.406538245611929e+67,0.0033432510012525,0.0017468404186684,3.5323758210993117e+49,9.511942065891984e+48,4.73428154941028e+49,1.335353044246615e+47,0.006782249330897,0.0,1.4699163173750098e-16,0.0,2.5943661952496507e-16,0.0,0.0,0.0,1.044337400569718e+65,1.3969987525367464e+67,True
LOCAL_NEUTRAL_HAZARD_PRIMARY,0,1,1,5.95,2560,8.679765514890578e+63,8.614199360701927e+63,6.556615418865196e+61,2.6151334341221693e+52,4.3076139797467485e+48,2.5861424120272385e+47,1.3753413651089972e+63,8.257073758342963e+61,5.325890939469317e+46,5.002001104709486e+46,3.5842206439798e+48,4.952766839411187e+47,0.0003392320031498,9.09561185233408e-05,1.2150070462139308e+46,0.0,1.2150070462139308e+46,2059,2560,5.15392432971575e+50,5.37993991357097e+46,2.769595880010647e+48,6.707037523333856e-16,8.093124515345596e-16,0.9399634594885631,-1.189764030772775e+47,-2.028240960365167e+31,0.9924460915359788,14548.26886460798,1.8738465013647105,0.0001956020488401956,0.010069603699902004,16.656522702359897,0.06339365378001716,8.679765514890578e+63,3.8278277477244722e+65,2.6943011245571405e+67,0.0003392320031498,9.095611852334072e-05,3.5842206439798e+48,4.952766839411182e+47,4.307613979746748e+48,1.2150070462139308e+46,0.0003221527629476,0.0,0.0,9.828401906872544e-16,0.0,8.940043205069932e-16,1.5067206819563053e-16,0.0,3.7410300925755665e+65,2.6934331480056516e+67,True
LOCAL_NEUTRAL_HAZARD_PRIMARY,0,1,2,5.95,2560,4.01904125339805e+63,3.988681783656756e+63,3.035946974129411e+61,1.2109001259131374e+52,1.9945790308062923e+48,1.1974762478627635e+47,6.3683214418581345e+62,3.8233198823400595e+61,2.466077610058102e+46,2.316105055474347e+46,1.6862789280673135e+48,2.0267395043080673e+47,0.00015959948771519997,3.722047989476879e-05,5.6259163148195474e+45,0.0,5.6259163148195474e+45,2060,2560,2.386491611900508e+50,2.4911042143189795e+46,1.2824217518212982e+48,5.838380206451223e-16,7.032509089575004e-16,0.9399634594885622,-5.509032142955572e+46,-1.0141204801825835e+31,0.9924460915359787,14548.268864607979,1.8738784437217746,0.0001956020488401956,0.010069603699902006,16.656522702359943,0.063393653780017,4.01904125339805e+63,2.155772488130218e+65,1.5173880910684788e+67,0.0001595994877152,3.722047989476873e-05,1.6862789280673138e+48,2.0267395043080645e+47,1.994579030806293e+48,5.625916314819547e+45,0.0002648657437773,0.0,1.924465450270232e-16,1.4010371527645618e-15,1.698317124958802e-16,1.6385165472001623e-15,3.2540054682841286e-16,1.126617007161161e-16,2.1155820755962377e+65,1.516986186943139e+67,True
LOCAL_NEUTRAL_HAZARD_PRIMARY,0,1,3,5.95,2560,1.964175379263532e+63,1.949338178241291e+63,1.4837201022240932e+61,5.9178795740271915e+51,9.74785471782024e+47,5.852274746660738e+46,3.112309477479982e+62,1.8685229402887437e+61,1.205215030060663e+46,1.1319208335829319e+46,8.323289488555661e+47,9.083518472928472e+46,7.877657227216792e-05,1.6681616753250225e-05,2.7494831763726468e+45,0.0,2.7494831763726468e+45,2060,2560,1.1663175039964235e+50,1.2174459669474708e+46,6.2674182023628245e+47,4.921476344744394e-16,6.50067193949626e-16,0.939963459488562,-2.6923598481642777e+46,-1.0141204801825835e+31,0.9924460915359788,14548.268864607984,1.873874484564511,0.00019560204884019558,0.010069603699902016,16.65652270235995,0.06339365378001699,1.964175379263532e+63,1.0728828021765943e+65,7.551722624250346e+66,7.877657227216796e-05,1.6681616753250225e-05,8.323289488555666e+47,9.083518472928473e+46,9.747854717820244e+47,2.7494831763726465e+45,0.0002600963352329,0.0,5.848382795731766e-16,1.1164401582987444e-16,5.161125991587588e-16,0.0,3.3291279266315696e-16,1.1526262563830472e-16,1.053241048383959e+65,7.549758448871083e+66,True
LOCAL_NEUTRAL_HAZARD_PRIMARY,0,1,4,5.95,2560,2.1093043292808906e+62,2.093370837454739e+62,1.5933491826151556e+60,6.355139738254361e+50,1.046810400668438e+47,6.284687502753031e+45,3.342271736127733e+61,2.006584324862828e+60,1.2942659334089306e+45,1.2155561768496055e+45,9.064197770518977e+46,8.495508904457507e+45,8.578896982260555e-06,1.5601754330147302e-06,2.952636932747992e+44,0.0,2.952636932747992e+44,2059,2560,1.25247734617114e+49,1.3074005895088243e+45,6.730505069569984e+46,5.300189681424521e-16,7.466453018040615e-16,0.9399634594885622,-2.8912928772400797e+45,-1.2676506002282294e+30,0.9924460915359787,14548.26886460798,1.873849048278652,0.00019560204884019558,0.010069603699902004,16.656522702359965,0.0633936537800168,2.10930432928089e+62,1.0764576037551994e+64,7.5768846549060595e+65,8.578896982260538e-06,1.560175433014733e-06,9.06419777051896e+46,8.495508904457523e+45,1.0468104006684382e+47,2.9526369327479917e+44,0.0002783867546294,2.1652601539087204e-16,1.9019938222416816e-15,1.9397846542565977e-15,1.9746896343569464e-15,1.764453548186642e-15,1.9375437606180056e-16,1.341650943188051e-16,1.0553645604623905e+64,7.574775350576778e+65,True
LOCAL_NEUTRAL_HAZARD_PRIMARY,0,1,5,5.95,2560,5.3626593415515666e+60,5.322150303761757e+60,4.050903778980918e+58,1.6157198850406816e+49,2.661392903835632e+45,1.5978082288799493e+44,8.497334642014262e+59,5.101505754745775e+58,3.290519628627322e+43,3.0904092863572855e+43,2.3099132289977495e+45,2.105413174849612e+44,2.1862395471979992e-07,3.8665298908961205e-08,7.506733765160074e+42,0.0,7.506733765160074e+42,2059,2560,3.184279464504518e+47,3.3239129542154676e+43,1.7111521264925626e+45,4.95306011042354e-16,7.938468490076019e-16,0.9399634594885629,-7.350773684980247e+43,-1.9807040628566084e+28,0.9924460915359786,14548.268864607979,1.8738504765804076,0.00019560204884019555,0.010069603699902003,16.65652270235989,0.06339365378001707,5.362659341551566e+60,2.794052134789696e+62,1.96665532123548e+64,2.186239547197995e-07,3.866529890896117e-08,2.3099132289977447e+45,2.10541317484961e+44,2.6613929038356318e+45,7.506733765160073e+42,0.000272679166687,1.3307275381518243e-16,2.057951654278565e-15,9.40767392603634e-16,1.9371915313212197e-15,8.557343518803806e-16,1.1907773917947963e-16,1.6491060932930027e-16,2.74042554137418e+62,1.966119055301325e+64,True
LOCAL_NEUTRAL_HAZARD_PRIMARY,0,1,6,5.95,2560,1.1210987133420885e+65,1.11263003628237e+65,8.468677059718438e+62,3.3777672025615782e+53,5.563814462480155e+49,3.891345023797957e+48,1.7764229139423772e+64,1.2424343969315082e+63,1.238927768136293e+48,1.1635833582221792e+48,4.2373301066970855e+49,1.0318435795834129e+49,0.004010461751333104,0.001894950640020303,1.5693313763778343e+47,0.0,1.5693313763778343e+47,2016,2560,6.556020908896981e+51,1.25150083349097e+48,6.442732833359481e+49,5.757979371145292e-16,6.54170495765836e-16,0.930059762955091,-1.4798988765357426e+48,-3.2451855365842673e+32,0.9924460915359784,14548.268864607977,1.8454421807143484,0.0003522826512327238,0.018135529301957696,14.297921228917055,0.07385114356601996,1.1210987133420882e+65,8.021334743528933e+65,3.134891613405384e+67,0.0040104617513331,0.0018949506400203,4.237330106697081e+49,1.0318435795834112e+49,5.563814462480155e+49,1.5693313763778343e+47,0.0035761960909527,2.0858133114420156e-16,1.1028329289935609e-15,1.6354188875266476e-15,1.0813739062591566e-15,1.6020291076958533e-15,0.0,0.0,6.900236030186845e+65,3.1236806262719627e+67,True
LOCAL_NEUTRAL_HAZARD_PRIMARY,0,1,7,5.95,2560,7.803775406491859e+64,7.744826401397439e+64,5.894900509442043e+62,2.351205679794733e+53,3.872875595330177e+49,2.7086983718285958e+48,1.2365374504824783e+64,8.64837224016596e+62,8.623963199975322e+47,8.09950371562556e+47,3.109949730332321e+49,5.5783148609145925e+48,0.0029434417730056046,0.0010244412549615988,1.0923845914607199e+47,0.0,1.0923845914607199e+47,2016,2560,4.563754046666172e+51,8.711482146372598e+47,4.484675563107783e+49,6.471590825637105e-16,7.192910974708128e-16,0.9300597629550915,-1.0301321658265523e+48,-3.2451855365842673e+32,0.9924460915359787,14548.26886460798,1.8455313896305001,0.0003522826512327238,0.018135529301957727,14.297921228917287,0.07385114356601878,7.803775406491859e+64,1.5365306480192269e+66,6.005056759539585e+67,0.0029434417730056,0.0010244412549616,3.1099497303323163e+49,5.578314860914599e+48,3.8728755953301766e+49,1.0923845914607199e+47,0.0012995339959268,0.0,1.5026182343410397e-15,1.1635003105766601e-15,1.620718168331552e-15,1.2700021603789993e-15,1.3406825834518355e-16,0.0,1.4584928939543084e+66,5.997252984133093e+67,True
LOCAL_NEUTRAL_HAZARD_PRIMARY,0,1,8,5.95,2560,3.423207107061138e+64,3.3973485139210114e+64,2.585859314012674e+62,1.0313807835295035e+53,1.6988770911665434e+49,1.1881986646636279e+48,5.4241999136950634e+63,3.7936982774283727e+62,3.782990998514721e+47,3.5529314003491053e+47,1.3886012247035421e+49,2.2030908770273135e+48,0.0013142549575558995,0.0004045912142158991,4.791858430499688e+46,0.0,4.791858430499688e+46,2026,2560,2.0019743795351012e+51,3.8213820930432e+47,1.9672494992260868e+49,5.773268378980573e-16,6.758562356715977e-16,0.9300597629550916,-4.5187817019134776e+47,-8.112963841460668e+31,0.9924460915359788,14548.268864607979,1.845564837409312,0.00035228265123272393,0.018135529301957713,14.297921228917435,0.07385114356601813,3.423207107061138e+64,8.653499364327135e+65,3.381953683671262e+67,0.0013142549575559,0.0004045912142159,1.3886012247035424e+49,2.2030908770273187e+48,1.6988770911665434e+49,4.791858430499688e+46,0.0010121981041872,0.0,1.8696141002048122e-16,2.3568237300954707e-15,3.2998229643410403e-16,2.277785117995432e-15,0.0,0.0,8.311178653621022e+65,3.378530476564201e+67,True
LOCAL_NEUTRAL_HAZARD_PRIMARY,0,1,9,5.95,2560,1.5802161110665916e+64,1.568279303210223e+64,1.1936807856368753e+62,4.7610456504836256e+52,7.842332836496335e+48,5.484946175696738e+47,2.503911631752134e+63,1.75124173064264e+62,1.7462990514193527e+47,1.6400992591903464e+47,6.490006856721127e+48,9.370225850010998e+47,0.0006142529283624013,0.0001720814648939008,2.212011034391277e+46,0.0,2.212011034391277e+46,2027,2560,9.24153378307213e+50,1.7640210951631408e+47,9.081189819781561e+48,6.22456545118009e-16,7.172212487485333e-16,0.9300597629550899,-2.0859537341539574e+47,-4.056481920730334e+31,0.9924460915359788,14548.26886460798,1.8455743139831022,0.0003522826512327238,0.018135529301957727,14.297921228917337,0.0738511435660184,1.5802161110665916e+64,4.30666533586075e+65,1.683127493716077e+67,0.0006142529283624,0.0001720814648939,6.490006856721113e+48,9.370225850010956e+47,7.842332836496335e+48,2.212011034391277e+46,0.0009388570485398,0.0,2.2001234630720714e-15,4.5022833655120445e-15,2.1180893845328273e-15,4.725387652095408e-15,0.0,0.0,4.1486437247540906e+65,1.6815472776050105e+67,True
LOCAL_NEUTRAL_HAZARD_PRIMARY,0,1,10,5.95,2560,1.5115496990214076e+63,1.500131590956181e+63,1.1418108065226605e+61,4.554160073180292e+51,7.501553588534571e+47,5.246604361872384e+46,2.3951071292372394e+62,1.6751436036681767e+61,1.6704157026931213e+46,1.5688306961514843e+46,6.315017907546382e+47,7.892788013898085e+46,5.976909313053209e-05,1.4494874993087014e-05,2.1158907252308522e+45,0.0,2.1158907252308522e+45,2027,2560,8.839970012744037e+49,1.6873676560995995e+46,8.686577514756547e+47,5.313833915200828e-16,6.914094682511369e-16,0.9300597629550932,-1.9953110950785207e+46,-5.070602400912918e+30,0.9924460915359787,14548.26886460798,1.845577673395576,0.0003522826512327238,0.018135529301957727,14.297921228917387,0.07385114356601837,1.5115496990214076e+63,4.3210149684673677e+64,1.6887356056266576e+66,5.976909313053213e-05,1.449487499308696e-05,6.315017907546387e+47,7.892788013898057e+46,7.501553588534571e+47,2.115890725230852e+45,0.0008950777694182,0.0,7.708257325857227e-16,3.597635385001104e-15,6.8024424227773855e-16,3.739950061668655e-15,0.0,1.4977741821826876e-16,4.169859998565227e+64,1.687224055927636e+66,True
LOCAL_NEUTRAL_HAZARD_PRIMARY,0,1,11,5.95,2560,3.856646553623367e+61,3.8275137985792124e+61,2.913275504415449e+59,1.1619720980561133e+50,1.9139854159458317e+46,1.3386459369176267e+45,6.111000955847985e+60,4.274048554337133e+59,4.261985541779092e+44,4.002796270243983e+44,1.6176659912193333e+46,1.949612373908015e+45,1.5310555044941925e-06,3.580406263922394e-07,5.398593694000426e+43,0.0,5.398593694000426e+43,2027,2560,2.2554777586372133e+48,4.305237637773425e+44,2.2163385866013545e+46,5.072388314004886e-16,5.571631253506937e-16,0.9300597629550914,-5.090940551424193e+44,-7.922816251426434e+28,0.9924460915359786,14548.268864607982,1.8455791560441965,0.00035228265123272366,0.01813552930195774,14.29792122891722,0.07385114356601925,3.8566465536233664e+61,1.121562154885324e+63,4.383280221660519e+64,1.5310555044941935e-06,3.580406263922392e-07,1.6176659912193346e+46,1.9496123739080135e+45,1.913985415945832e+46,5.398593694000425e+43,0.0008798539811726,1.4802991903575328e-16,7.836293815342703e-16,8.127581007854479e-16,6.915433052295922e-16,5.91436337678592e-16,1.3246188708306284e-16,1.8344629871459003e-16,1.0829956893490902e+63,4.379423575106896e+64,True
LOCAL_NEUTRAL_HAZARD_PRIMARY,0,1,12,5.95,2560,1.2104962116233978e+65,1.20135223404475e+65,9.143977578647739e+62,3.647113633961435e+53,6.007478421708446e+49,6.240791052737139e+48,1.91807659930129e+64,1.9925690013514477e+63,3.376867473651578e+48,3.171505955649406e+48,4.475312386501738e+49,1.2140303178654392e+49,0.004235702364317908,0.0022295312713695994,1.6944713817608688e+47,0.0,1.6944713817608688e+47,1952,2560,6.86456701854457e+51,3.411137086886718e+48,1.7560551555904173e+50,6.376512200870228e-16,6.038881909478963e-16,0.8961162968112341,-1.4558530034806782e+48,-4.867778304876401e+32,0.9924460915359785,14548.26886460798,1.789590566780051,0.0008892824174044328,0.0457803053375446,9.626148946412226,0.10969265479378956,1.2104962116233975e+65,2.023106764287333e+65,3.1321766099781997e+66,0.0042357023643179,0.0022295312713696,4.4753123865017286e+49,1.2140303178654394e+49,6.007478421708447e+49,1.6944713817608688e+47,0.0386471250620769,1.9317719438323647e-16,2.0883758580858252e-15,2.1384543623523952e-16,2.0477400520281322e-15,1.945166118830851e-16,1.7286110724167055e-16,0.0,8.126105526639353e+64,3.01112698881586e+66,True
LOCAL_NEUTRAL_HAZARD_PRIMARY,0,1,13,5.95,2560,3.4171058359629904e+64,3.391293331266253e+64,2.581250469673753e+62,1.0295425267226768e+53,1.6958491383224814e+49,1.761710885384278e+48,5.41453222105218e+63,5.624816581578283e+62,9.53254825639916e+47,8.952833892232471e+47,1.3010557523662079e+49,3.049869573267073e+48,0.0012313967049604002,0.0005600996521365989,4.783317776535714e+46,0.0,4.783317776535714e+46,1952,2560,1.9379071760312752e+51,9.62928783662878e+47,4.957162412258578e+49,5.722760124083977e-16,5.061334956887805e-16,0.8961162968112362,-4.109722729182572e+47,-8.112963841460668e+31,0.9924460915359787,14548.268864607982,1.7896928697583052,0.000889282417404433,0.04578030533754461,9.626148946412224,0.10969265479378987,3.4171058359629904e+64,3.875371926162632e+65,5.999856021621605e+66,0.0012313967049604,0.0005600996521366,1.3010557523662076e+49,3.0498695732670786e+48,1.695849138322481e+49,4.783317776535714e+46,0.0056953130602614,0.0,1.99541674101655e-16,1.9152733667867418e-15,1.7609307676690116e-16,1.9357308442339177e-15,3.061768137978948e-16,0.0,3.533661342566333e+65,5.965684963261975e+66,True
LOCAL_NEUTRAL_HAZARD_PRIMARY,0,1,14,5.95,2560,1.2954103516706912e+64,1.285624940450825e+64,9.785411219866089e+61,3.902952119789711e+52,6.428892267645167e+48,6.6785713616464334e+47,2.0526262355666356e+63,2.132344146130912e+62,3.6137486756127537e+47,3.3939814151286816e+47,4.9444255184650034e+48,1.1440143813636721e+48,0.0004679698990827998,0.00021009490460100003,1.8133355127142485e+46,0.0,1.8133355127142485e+46,1952,2560,7.346740413026496e+50,3.6504222408055074e+47,1.8792392779203827e+49,8.320520377948669e-16,6.528707673718625e-16,0.896116296811236,-1.5579784827996432e+47,-4.056481920730334e+31,0.9924460915359786,14548.26886460798,1.7897455810748597,0.000889282417404433,0.045780305337544604,9.626148946412224,0.10969265479378984,1.2954103516706912e+64,2.1825486229520344e+65,3.379024709730831e+66,0.0004679698990828,0.000210094904601,4.944425518465006e+48,1.144014381363672e+48,6.428892267645166e+48,1.8133355127142485e+46,0.0038336812037514,0.0,5.250657370754341e-16,1.418332491902762e-16,4.633640644881186e-16,1.2901338261208166e-16,2.0191257849607382e-16,0.0,2.0530075877849653e+65,3.3660706062141242e+66,True
LOCAL_NEUTRAL_HAZARD_PRIMARY,0,1,15,5.95,2560,7.773604862926659e+63,7.714883763356639e+63,5.87210995700189e+61,2.3421155728019073e+52,3.857902488624119e+48,4.007731970594532e+47,1.2317568148187777e+63,1.279594593513812e+62,2.1685679940652005e+47,2.036688250892872e+47,2.993023719909997e+48,6.6057731484354496e+47,0.0002832776028130998,0.00012131309728660004,1.08816127195319e+46,0.0,1.08816127195319e+46,1952,2560,4.408625472942408e+50,2.190575368358263e+47,1.1277093448114065e+49,6.479656154885013e-16,5.664592223069612e-16,0.8961162968112354,-9.349245275527347e+46,-2.028240960365167e+31,0.9924460915359786,14548.26886460798,1.7897184340875847,0.0008892824174044326,0.04578030533754466,9.626148946412238,0.10969265479378969,7.773604862926657e+63,1.0862087234958699e+65,1.681669804750275e+66,0.0002832776028131,0.0001213130972866,2.99302371991e+48,6.605773148435447e+47,3.8579024886241186e+48,1.08816127195319e+46,0.0046225512529084,1.8800822309621062e-16,8.673998846041487e-16,3.6844879437233737e-16,7.654697453796485e-16,3.3514585298365273e-16,1.6823574707517447e-16,0.0,1.0084726748666033e+65,1.6738961998873483e+66,True
LOCAL_NEUTRAL_HAZARD_PRIMARY,0,1,16,5.95,2560,7.784798706576972e+62,7.725993049736658e+62,5.8805656840313805e+60,2.3454881748308498e+51,3.863457795079399e+47,4.0135030286637587e+46,1.2335305212835928e+62,1.2814371854731595e+61,2.1716906908704392e+46,2.0396210433677702e+46,3.02968469734437e+47,6.291774536435108e+46,2.8674741621133506e-05,1.1554660435542832e-05,1.0897282035581992e+45,0.0,1.0897282035581992e+45,1952,2560,4.4149740215141474e+49,2.193729755365324e+46,1.1293332248916766e+48,5.709060824021571e-16,6.347244728785098e-16,0.8961162968112343,-9.362708011504823e+45,-3.802951800684688e+30,0.9924460915359787,14548.268864607977,1.7897185198073982,0.0008892824174044331,0.04578030533754456,9.626148946412243,0.10969265479378953,7.784798706576972e+62,1.0898279264988302e+64,1.6872730597008994e+65,2.867474162113351e-05,1.1554660435542815e-05,3.0296846973443714e+47,6.2917745364351e+46,3.8634577950794e+47,1.089728203558199e+45,0.004613834531298,0.0,4.0167367161533224e-16,1.2894555891154736e-15,1.1815736071079788e-16,1.4661321325355021e-15,2.0999229891403368e-16,1.4540903365732335e-16,1.0119799394330604e+64,1.6794882609943225e+65,True
LOCAL_NEUTRAL_HAZARD_PRIMARY,0,1,17,5.95,2560,2.0805681096721679e+61,2.0648516886185427e+61,1.5716421053625452e+59,6.268560154347256e+49,1.0325491235522252e+46,1.0726502667892624e+45,3.296738119537597e+60,3.424773643011548e+59,5.804068371966551e+44,5.451098555781693e+44,8.085882661821197e+45,1.69280551746864e+45,7.652961257313684e-07,3.1087879618849137e-07,2.912411526605851e+43,0.0,2.912411526605851e+43,1952,2560,1.1799450599607507e+48,5.8629700552128056e+44,3.018260049444506e+46,5.47165666222515e-16,6.535400426381611e-16,0.8961162968112357,-2.502280719532485e+44,-3.961408125713217e+28,0.9924460915359788,14548.268864607984,1.789714744310132,0.0008892824174044328,0.04578030533754466,9.626148946412226,0.10969265479402597,2.0805681096721679e+61,2.828756129330972e+62,4.379484039115477e+63,7.652961257313684e-07,3.108787961884907e-07,8.085882661821197e+45,1.692805517468636e+45,1.0325491235522252e+46,2.9124115266058503e+43,0.004750715132398,0.0,0.0,2.4337494226167465e-15,0.0,2.2137703763715116e-15,0.0,1.7002268092628874e-16,2.6206993183637554e+62,4.358678358018755e+63,True
LOCAL_NEUTRAL_HAZARD_PRIMARY,0,2,0,5.95,2560,9.644838216175146e+64,9.572060086407159e+64,7.277812976798718e+62,2.9053585209838163e+53,4.786981387561817e+49,2.8713491745250314e+48,1.5283945003604294e+64,9.16768612963788e+62,5.919144308200799e+47,5.546891540830326e+47,3.570704852365172e+49,9.609626524385065e+48,0.0033795278807937997,0.0017647798845723016,3.3037547281528216e+48,0.0,3.3037547281528216e+48,2048,2560,5.7296846739795736e+51,5.9791492378297445e+47,3.074412395818019e+49,6.335247082185783e-16,7.362637356879436e-16,0.9400175404486535,-1.322173759571494e+48,-3.2451855365842673e+32,0.992454188640932,14545.553199444144,1.8747343710165794,0.00019563583728267428,0.010059378337684794,16.6715404383156,0.0633618678219735,9.644838216175145e+64,1.9982867080879831e+65,1.4064936081990275e+67,0.0033795278807938,0.0017647798845723,3.5707048523651726e+49,9.609626524385056e+48,4.786981387561817e+49,3.3037547281528216e+48,0.0068573637021536,1.2122560105817851e-16,1.4541377888165528e-16,9.455642713458533e-16,1.283258739952566e-16,9.829687493277504e-16,0.0,0.0,1.0338028864704685e+65,1.3968487699828523e+67,True
LOCAL_NEUTRAL_HAZARD_PRIMARY,0,2,1,5.95,2560,8.776074491573895e+63,8.709851888987352e+63,6.62226025865445e+61,2.6436568694456057e+52,4.355791596023324e+48,2.612710932225882e+47,1.3907235857186117e+63,8.34190212274779e+61,5.385974363782168e+46,5.047252454413136e+46,3.623112231988723e+48,5.0036300956630435e+47,0.0003429129348268009,9.189020739005537e-05,3.006167334930869e+47,0.0,3.006167334930869e+47,2059,2560,5.2142831248934115e+50,5.440574318751045e+46,2.7974831302268382e+48,5.344461502513851e-16,6.583262475830096e-16,0.9400175404486538,-1.2030782834017718e+47,-2.028240960365167e+31,0.9924541886409322,14545.553199444143,1.8749870605602161,0.00019563583728267437,0.010059378337684785,16.671540438315677,0.06336186782197309,8.776074491573895e+63,3.8278277477244722e+65,2.6942156191454304e+67,0.0003429129348268,9.189020739005535e-05,3.623112231988714e+48,5.0036300956630435e+47,4.355791596023324e+48,3.006167334930869e+47,0.0003257376443522,0.0,2.507932109364541e-15,0.0,2.529393469588694e-15,1.4748608737535073e-16,0.0,0.0,3.7400670028087333e+65,2.693338011696273e+67,True
LOCAL_NEUTRAL_HAZARD_PRIMARY,0,2,2,5.95,2560,4.063668716412545e+63,4.0330050388527515e+63,3.06636775597939e+61,1.2241174260325361e+52,2.0169033502356078e+48,1.2097882362449123e+47,6.439598859248374e+62,3.8626297810179025e+61,2.493918613671247e+46,2.337077006641994e+46,1.7045763689485465e+48,2.047553440054667e+47,0.00016133126657010013,3.760272175433712e-05,1.3919740730310306e+47,0.0,1.3919740730310306e+47,2060,2560,2.4144598733906297e+50,2.519200546856475e+46,1.2953450534073494e+48,6.257517080062755e-16,7.343139831988951e-16,0.9400175404486539,-5.570727081167108e+46,-1.0141204801825835e+31,0.9924541886409323,14545.553199444144,1.8750189599062,0.00019563583728267437,0.010059378337684803,16.671540438316026,0.06336186782197181,4.063668716412545e+63,2.155772488130218e+65,1.5173399357630943e+67,0.0001613312665701,3.7602721754337066e-05,1.7045763689485452e+48,2.047553440054664e+47,2.0169033502356078e+48,1.3919740730310306e+47,0.0002678153141977,0.0,7.615230612603253e-16,1.3867952303288466e-15,8.400434363527476e-16,1.4416538509748327e-15,0.0,0.0,2.1151358009660926e+65,1.516933568891453e+67,True
LOCAL_NEUTRAL_HAZARD_PRIMARY,0,2,3,5.95,2560,1.9859957572340032e+63,1.9710098078900063e+63,1.4985949343997043e+61,5.982505425794211e+51,9.857007979368753e+47,5.912475824198411e+46,3.1471600923331398e+62,1.887744029400021e+61,1.2188276484335297e+46,1.142176034373624e+46,8.413603667793358e+47,9.176803164644747e+46,7.963135949033492e-05,1.6852931368924073e-05,6.802854258404839e+46,0.0,6.802854258404839e+46,2060,2560,1.1799920921849242e+50,1.2311834322201724e+46,6.33060901305981e+47,6.209411031372261e-16,7.112544462097527e-16,0.9400175404486545,-2.72252516629196e+46,-2.535301200456459e+30,0.9924541886409322,14545.553199444143,1.8750150050772425,0.00019563583728267437,0.010059378337684787,16.671540438315663,0.06336186782197328,1.9859957572340032e+63,1.0728828021765943e+65,7.551482965384374e+66,7.963135949033492e-05,1.685293136892408e-05,8.413603667793358e+47,9.17680316464475e+46,9.857007979368753e+47,6.802854258404839e+46,0.000262994138547,0.0,0.0,4.4203649658288897e-16,0.0,4.020821915010867e-16,0.0,0.0,1.0530228446042542e+65,7.54949696962714e+66,True
LOCAL_NEUTRAL_HAZARD_PRIMARY,0,2,4,5.95,2560,2.1327525443044663e+62,2.116659195929573e+62,1.609334837489317e+60,6.4245875761327234e+50,1.0585399677040254e+47,6.349383079629476e+45,3.379722071312621e+61,2.0272404243731642e+60,1.3088939182255039e+45,1.2265780702102759e+45,9.16255138217914e+46,8.582754934890235e+45,8.67198470205968e-06,1.5761979120492447e-06,7.3055567592715e+45,0.0,7.3055567592715e+45,2059,2560,1.2671714078563972e+49,1.3221627427997008e+45,6.798414563787635e+46,6.921343179266843e-16,7.107573300534494e-16,0.9400175404486564,-2.9237083987677054e+45,-6.338253001141147e+29,0.9924541886409323,14545.553199444143,1.8749896009904994,0.0001956358372826744,0.010059378337684789,16.671540438316057,0.06336186782197169,2.132752544304466e+62,1.0764576037551994e+64,7.576644197506554e+65,8.671984702059667e-06,1.5761979120492445e-06,9.162551382179127e+46,8.582754934890234e+45,1.0585399677040254e+47,7.3055567592715e+45,0.0002814903918817,2.1414545390442965e-16,1.3281721711116593e-15,1.476974013408017e-16,1.3674449009052917e-15,1.3434749227542384e-16,0.0,0.0,1.0551300783121547e+64,7.574511444962249e+65,True
LOCAL_NEUTRAL_HAZARD_PRIMARY,0,2,5,5.95,2560,5.422280420296134e+60,5.381364915108613e+60,4.091550518752099e+58,1.633378214250494e+49,2.6912172986549044e+45,1.6142583276046321e+44,8.592558411082584e+59,5.154027873353797e+58,3.327713702178879e+43,3.11843503449425e+43,2.3349775881881903e+45,2.1270350628368023e+44,2.2099619505330815e-07,3.906237857578743e-08,1.8573545946971767e+44,0.0,1.8573545946971767e+44,2059,2560,3.221641422527133e+47,3.361448177320474e+43,1.7284194679183245e+45,6.320031710487956e-16,6.539871925234523e-16,0.9400175404486566,-7.433195589253671e+43,-9.903520314283042e+27,0.9924541886409324,14545.553199444144,1.874991027298986,0.00019563583728267442,0.010059378337684792,16.67154043831604,0.06336186782197184,5.422280420296134e+60,2.794052134789696e+62,1.9665929081401505e+64,2.2099619505330815e-07,3.906237857578739e-08,2.3349775881881903e+45,2.1270350628368003e+44,2.691217298654904e+45,1.8573545946971763e+44,0.0002757195145905,0.0,0.0,9.31204237044859e-16,0.0,1.0164426962764632e-15,1.1775810530626912e-16,2.1328227453299434e-16,2.7398293305867345e+62,1.9660506800981208e+64,True
LOCAL_NEUTRAL_HAZARD_PRIMARY,0,2,6,5.95,2560,1.1334897060210225e+65,1.1249366065219428e+65,8.553099499079752e+62,3.414462640039596e+53,5.625801080432573e+49,3.9317096216445055e+48,1.796214093039205e+64,1.2553220654564422e+63,1.2528509828307902e+48,1.1740596540206321e+48,4.2833084414974813e+49,1.0424402674756332e+49,0.004053978387626194,0.0019144111482801993,3.8826695602827525e+48,0.0,3.8826695602827525e+48,2016,2560,6.632398331542785e+51,1.2655516758948487e+48,6.507326720166721e+49,6.16381147931733e-16,7.719003709404914e-16,0.9301128929830216,-1.4963677659751147e+48,-2.4338891524382005e+32,0.9924541886409323,14545.55319944414,1.8465326370031696,0.0003523435047982567,0.0181171132488895,14.308790886951321,0.07382454254779511,1.1334897060210223e+65,8.021334743528933e+65,3.1347921255658004e+67,0.0040539783876262,0.0019144111482802,4.2833084414974875e+49,1.0424402674756336e+49,5.625801080432573e+49,3.8826695602827525e+48,0.0036158369059844,2.0630117832636718e-16,1.4546597134768698e-15,3.7356794105156204e-16,1.4976725540646012e-15,3.398022959047719e-16,0.0,0.0,6.887845037507911e+65,3.12345722850559e+67,True
LOCAL_NEUTRAL_HAZARD_PRIMARY,0,2,7,5.95,2560,7.890225379774164e+64,7.83068722747786e+64,5.953815229630429e+62,2.376808508945688e+53,3.9161218871772203e+49,2.7368642942070456e+48,1.2503451905317182e+64,8.738300813886043e+62,8.721099600019805e+47,8.172632914366034e+47,3.143695109217864e+49,5.6356022857871915e+48,0.0029753804107554957,0.0010349619234596992,2.702727492194041e+48,0.0,2.702727492194041e+48,2016,2560,4.617037256339961e+51,8.809509164061224e+47,4.529752160006809e+49,6.505168086754621e-16,6.254620958105447e-16,0.9301128929830231,-1.0416220687189739e+48,-3.2451855365842673e+32,0.9924541886409323,14545.553199444144,1.8466217111385517,0.0003523435047982567,0.01811711324888952,14.30879088695131,0.07382454254779516,7.890225379774164e+64,1.5365306480192269e+66,6.004866185128327e+67,0.0029753804107555,0.0010349619234597,3.1436951092178686e+49,5.635602285787197e+48,3.916121887177221e+49,2.7027274921940405e+48,0.0013139718915494,0.0,1.4864886734655303e-15,9.213384116245444e-16,1.4575644426054507e-15,8.380614961069893e-16,1.3258772347041235e-16,1.2007076355115127e-16,1.4576283942214852e+66,5.996975959748552e+67,True
LOCAL_NEUTRAL_HAZARD_PRIMARY,0,2,8,5.95,2560,3.4611594502920136e+64,3.435042193996455e+64,2.6117256295558026e+62,1.0426208170630605e+53,1.7178624976979796e+49,1.2005644021708061e+48,5.484816800581548e+63,3.833179787107896e+62,3.825634230287401e+47,3.5850415271832355e+47,1.403668630453397e+49,2.225715882293611e+48,0.0013285156483518014,0.00040874623044690053,1.1855898090250987e+48,0.0,1.1855898090250987e+48,2026,2560,2.0253656101953443e+51,3.864416341488249e+47,1.9870401340217427e+49,7.335501143278415e-16,6.626162621155577e-16,0.9301128929830237,-4.569223175830992e+47,-1.6225927682921336e+32,0.9924541886409322,14545.553199444143,1.846655107868784,0.0003523435047982567,0.018117113248889503,14.308790886951325,0.07382454254779493,3.461159450292013e+64,8.653499364327135e+65,3.381846355154984e+67,0.0013285156483518,0.0004087462304469,1.4036686304533955e+49,2.225715882293608e+48,1.7178624976979794e+49,1.1855898090250985e+48,0.0010234526015695,1.6890312721161666e-16,1.109727056490036e-15,1.3122371126345555e-15,1.1425405815602096e-15,1.3262534204903831e-15,1.511266724051768e-16,1.3685954079061958e-16,8.307383419297934e+65,3.3783851957046923e+67,True
LOCAL_NEUTRAL_HAZARD_PRIMARY,0,2,9,5.95,2560,1.5977455091185782e+64,1.5856892229069717e+64,1.2056286211606485e+62,4.812961529511455e+52,7.93002209345947e+48,5.542063026926455e+47,2.5319091874625834e+63,1.769478083414813e+62,1.7659948923925789e+47,1.6549321354083868e+47,6.560428490297326e+48,9.466454930442212e+47,0.0006209180514661004,0.00017384868389070017,5.4729370901036846e+47,0.0,5.4729370901036846e+47,2026,2560,9.349570381289103e+50,1.7838975475274255e+47,9.172603851879067e+48,7.524627539733977e-16,6.081845681012993e-16,0.9301128929830224,-2.109251513601517e+47,-4.056481920730334e+31,0.9924541886409322,14545.553199444143,1.846664569424063,0.0003523435047982567,0.018117113248889496,14.308790886951245,0.07382454254779533,1.597745509118578e+64,4.30666533586075e+65,1.6830740785621438e+67,0.0006209180514661,0.0001738486838907,6.560428490297323e+48,9.466454930442204e+47,7.930022093459471e+48,5.4729370901036846e+47,0.0009493019525816,1.8294548524654136e-16,5.935927279232686e-16,8.570223912830358e-16,6.984510564159028e-16,9.354705611408162e-16,1.636911220845568e-16,0.0,4.146890784948892e+65,1.681476333053025e+67,True
LOCAL_NEUTRAL_HAZARD_PRIMARY,0,2,10,5.95,2560,1.5283306149479045e+63,1.5167981204332195e+63,1.1532494514685152e+61,4.603859883904034e+51,7.585498111857255e+47,5.301285183205011e+46,2.421909060850162e+62,1.692602177210395e+61,1.6892703152545035e+46,1.5830327381743843e+46,6.3835407746142176e+47,7.973844302697686e+46,6.041763438303671e-05,1.4643732503447735e-05,5.235162459072562e+46,0.0,5.235162459072562e+46,2027,2560,8.943389617136424e+49,1.7063951801189556e+46,8.774095252096518e+47,7.162340090476301e-16,6.244463851013342e-16,0.9301128929830195,-2.0176139719777495e+46,-7.605903601369376e+30,0.9924541886409322,14545.553199444143,1.8466679226429334,0.00035234350479825666,0.018117113248889493,14.30879088695106,0.07382454254779636,1.5283306149479045e+63,4.3210149684673677e+64,1.6886820124956184e+66,6.041763438303671e-05,1.4643732503447725e-05,6.383540774614218e+47,7.973844302697681e+46,7.585498111857255e+47,5.235162459072562e+46,0.0009050434620839,0.0,1.270919091442784e-16,6.359043653758637e-16,0.0,6.941123354075533e-16,0.0,0.0,4.168181906972577e+64,1.6871536818806706e+66,True
LOCAL_NEUTRAL_HAZARD_PRIMARY,0,2,11,5.95,2560,3.899470195268152e+61,3.8700455287743513e+61,2.942466649380044e+59,1.1746551580455264e+50,1.9354073990370507e+46,1.3526002401796344e+45,6.179397380426752e+60,4.318602060263499e+59,4.310100956991372e+44,4.039040322996448e+44,1.6352189282496527e+46,1.9696342398631833e+45,1.5476686502277301e-06,3.6171758368081084e-07,1.3357293099331153e+45,0.0,1.3357293099331153e+45,2027,2560,2.2818694377161433e+48,4.353794317239344e+44,2.2386728755780654e+46,5.772771108584129e-16,5.762292723232135e-16,0.9301128929830236,-5.1478557534175995e+44,-1.5845632502852868e+29,0.9924541886409323,14545.553199444143,1.8466694028089394,0.0003523435047982567,0.0181171132488895,14.30879088695131,0.07382454254779493,3.8994701952681515e+61,1.121562154885324e+63,4.383141115390409e+64,1.5476686502277276e-06,3.617175836808102e-07,1.6352189282496502e+46,1.9696342398631798e+45,1.935407399037051e+46,1.3357293099331151e+45,0.0008896519853253,1.464042673733336e-16,1.5504353311090026e-15,1.769891627630205e-15,1.641888166041868e-15,1.7562726809579388e-15,1.3099573773035491e-16,1.1862906941561622e-16,1.0825674529326424e+63,4.379241645195141e+64,True
LOCAL_NEUTRAL_HAZARD_PRIMARY,0,2,12,5.95,2560,1.2238629176551392e+65,1.2146278789491553e+65,9.235038705983936e+62,3.6866979794043458e+53,6.074346584597871e+49,6.307226848477021e+48,1.939426365288464e+64,2.013780720515374e+63,3.414782627529297e+48,3.200028227758696e+48,4.523873014553288e+49,1.2264980025268198e+49,0.004281663036844602,0.0022524278106282004,4.19223506935873e+48,0.0,4.19223506935873e+48,1952,2560,6.944415622503004e+51,3.4493997580796026e+48,1.7736431978106712e+50,6.531366702846001e-16,6.856881530512423e-16,0.8961661676587703,-1.4720146579731605e+48,-3.2451855365842673e+32,0.9924541886409323,14545.553199444143,1.7906342882630975,0.0008894360327064508,0.04573381689386379,9.63077233549102,0.10968382439572866,1.223862917655139e+65,2.023106764287333e+65,3.1320772083010285e+66,0.0042816630368446,0.0022524278106282,4.523873014553286e+49,1.2264980025268196e+49,6.074346584597871e+49,4.19223506935873e+48,0.0390751196813252,1.9106736432620316e-16,4.591019104056388e-16,2.1167163940902088e-16,4.0515179757238026e-16,1.925392977958519e-16,0.0,0.0,7.992438466321938e+64,3.0096909165355145e+66,True
LOCAL_NEUTRAL_HAZARD_PRIMARY,0,2,13,5.95,2560,3.45488532071125e+64,3.42881540781395e+64,2.6069912897299254e+62,1.040730832448424e+53,1.7147484857412103e+49,1.7804890677584293e+48,5.4748743371302596e+63,5.684771840109248e+62,9.639708992796787e+47,9.03347130667816e+47,1.3151732214965348e+49,3.0811907120708274e+48,0.0012447583191248029,0.0005658516879292987,1.1834406609727517e+48,0.0,1.1834406609727517e+48,1952,2560,1.960475125844015e+51,9.737430898132836e+47,5.006879250852606e+49,5.844805346062703e-16,6.253898012588983e-16,0.8961661676587682,-4.1554015244183675e+47,-1.2169445762191002e+32,0.9924541886409322,14545.55319944414,1.7907364235927365,0.0008894360327064508,0.04573381689386379,9.630772335491034,0.10968382439572841,3.454885320711249e+64,3.875371926162632e+65,5.999665612259172e+66,0.0012447583191248,0.0005658516879293,1.3151732214965316e+49,3.0811907120708345e+48,1.7147484857412103e+49,1.1834406609727515e+48,0.0057584631277647,1.6920985811824594e-16,2.3687967974103897e-15,2.3170938924734943e-15,2.2646369220045183e-15,2.299264338582592e-15,0.0,1.3710808000786558e-16,3.529883394091507e+65,5.96511675905206e+66,True
LOCAL_NEUTRAL_HAZARD_PRIMARY,0,2,14,5.95,2560,1.309733900554496e+64,1.2998508956103359e+64,9.883004944160204e+61,3.945371050201422e+52,6.500546369039538e+48,6.7497664180928925e+47,2.0755040630810655e+63,2.155075409095158e+62,3.6543770595392194e+47,3.4245546557264654e+47,4.998076389687985e+48,1.1557630258126898e+48,0.0004730477372863,0.0002122525088889005,4.486378588831248e+47,0.0,4.486378588831248e+47,1952,2560,7.432305136514408e+50,3.6914230626230645e+47,1.8980889037076753e+49,5.979343521630154e-16,6.737811376560554e-16,0.896166167658771,-1.5752969322368505e+47,-2.028240960365167e+31,0.9924541886409323,14545.553199444143,1.790789048651551,0.0008894360327064508,0.04573381689386379,9.630772335491026,0.10968382439572862,1.309733900554496e+64,2.1825486229520344e+65,3.37891747416746e+66,0.0004730477372863,0.0002122525088889,4.998076389687985e+48,1.1557630258126872e+48,6.500546369039539e+48,4.486378588831248e+47,0.0038761938122717,0.0,0.0,2.2462636122503556e-15,0.0,2.2986346789137563e-15,1.9968694028798973e-16,0.0,2.0515752328965849e+65,3.365820135161915e+66,True
LOCAL_NEUTRAL_HAZARD_PRIMARY,0,2,15,5.95,2560,7.859590864747411e+63,7.800283874722575e+63,5.930699002483612e+61,2.3675803345300797e+52,3.9009171890824304e+48,4.0504718138823545e+47,1.2454906120267547e+63,1.2932406339177097e+62,2.1929575573585664e+47,2.0550432783774517e+47,3.025500360434673e+48,6.673612225719867e+47,0.00028635138562809994,0.00012255894215549998,2.6922339077921197e+47,0.0,2.6922339077921197e+47,1952,2560,4.4599894251483e+50,2.2151885179597943e+47,1.1390254311767774e+49,6.927653449015812e-16,7.756448439383076e-16,0.8961661676587706,-9.453209825775751e+46,-2.028240960365167e+31,0.9924541886409323,14545.553199444143,1.7907619455657666,0.0008894360327064508,0.0457338168938638,9.630772335491018,0.1096838243957288,7.859590864747411e+63,1.0862087234958699e+65,1.6816164358570565e+66,0.0002863513856281,0.0001225589421555,3.0255003604346734e+48,6.6736122257198686e+47,3.9009171890824304e+48,2.6922339077921197e+47,0.0046738309029084,0.0,2.1452223764521593e-16,2.4313560833497603e-16,1.893132401136023e-16,2.2115933636035575e-16,0.0,0.0,1.0076128148483958e+65,1.673756844992309e+66,True
LOCAL_NEUTRAL_HAZARD_PRIMARY,0,2,16,5.95,2560,7.870948538349951e+62,7.811555845462631e+62,5.939269288732e+60,2.3710016582516484e+51,3.906554294746906e+47,4.056325036726943e+46,1.247290435464114e+62,1.2951094595681078e+61,2.1961265386184447e+46,2.0580129635934982e+46,3.062559138052683e+47,6.356388953164581e+46,2.8985884920657894e-05,1.1673322927376617e-05,2.6961243792571856e+46,0.0,2.6961243792571856e+46,1952,2560,4.4664346423780066e+49,2.2183896245552948e+46,1.140671404777047e+48,7.20805161274695e-16,5.84062272854878e-16,0.896166167658767,-9.46687039329706e+45,-2.535301200456459e+30,0.9924541886409322,14545.553199444143,1.7907620305678766,0.0008894360327064506,0.04573381689386378,9.630772335490926,0.10968382439572984,7.870948538349951e+62,1.0898279264988302e+64,1.6872195129847132e+65,2.8985884920657914e-05,1.16733229273766e-05,3.0625591380526856e+47,6.356388953164573e+46,3.906554294746907e+47,2.6961243792571856e+46,0.0046650411981225,0.0,7.947239686564152e-16,1.2763479235205644e-15,7.01334142109117e-16,1.4512285019851785e-15,2.0767569651777439e-16,0.0,1.0111184411153306e+64,1.6793485644463632e+65,True
LOCAL_NEUTRAL_HAZARD_PRIMARY,0,2,17,5.95,2560,2.103591151699641e+61,2.0877178496923114e+61,1.587330200732992e+59,6.336743385707536e+49,1.0440664181736077e+46,1.0840941741775553e+45,3.333510708217575e+60,3.46131191984786e+59,5.869371819853106e+44,5.500249225623854e+44,8.173620791945162e+45,1.710190063054735e+45,7.736001852720583e-07,3.140714172830699e-07,7.205666966830081e+44,0.0,7.205666966830081e+44,1952,2560,1.1936976301898481e+48,5.9288721842095786e+44,3.0485604910190733e+46,6.578061337198085e-16,6.580155970427645e-16,0.896166167658767,-2.5301175197115205e+44,-5.942112188569825e+28,0.9924541886409322,14545.553199444148,1.79075826136855,0.0008894360327064506,0.04573381689386382,9.630772335490922,0.10968382439544029,2.103591151699641e+61,2.828756129330972e+62,4.379345053319707e+63,7.736001852720609e-07,3.140714172830683e-07,8.173620791945189e+45,1.710190063054726e+45,1.0440664181736077e+46,7.205666966830081e+44,0.0048034377882716,0.0,3.2568996387777774e-15,5.1886362769221666e-15,3.2847702083593006e-15,5.056769539363698e-15,0.0,0.0,2.618397014161008e+62,4.358309141802711e+63,True
LOCAL_NEUTRAL_HAZARD_PRIMARY,1,1,0,5.85,2560,8.687641275563666e+64,8.611942895051176e+64,7.569838051249032e+62,2.6161104630380355e+53,3.3239216083163284e+49,2.7904411286241618e+48,1.100269124504307e+64,9.236788887832072e+62,5.035871481184747e+47,5.563549118087723e+47,2.0840440773499363e+49,9.193437107515324e+48,0.0033719868994126967,0.001735716283554797,5.509466035983222e+49,0.0,5.509466035983222e+49,1888,2560,3.25414348510843e+51,5.0950625785662305e+47,2.6660206233589654e+49,6.144522246898885e-16,6.460998630671084e-16,0.9160497310874481,-8.99495533221476e+47,-1.6225927682921336e+32,0.9912866590468677,14540.510555521785,1.1820579969675937,0.0001850766413222207,0.00968424106786732,11.911814136552673,0.0929097847330625,8.687641275563665e+64,1.9802574657709903e+65,1.1094984478923316e+67,0.0033719868994127,0.0017357162835548,2.0840440773499383e+49,9.193437107515339e+48,3.323921608316329e+49,5.509466035983222e+49,0.0078302419368564,1.3458213487168447e-16,9.965810061248475e-16,1.6943489571349627e-15,1.0289028562234e-15,1.7489990223183656e-15,1.5620996733328165e-16,0.0,1.1114933382146235e+65,1.100810806616768e+67,True
LOCAL_NEUTRAL_HAZARD_PRIMARY,1,1,1,5.85,2560,1.3153187397816639e+64,1.3038579191399019e+64,1.146082064176195e+62,3.96082090434789e+52,5.032455003961949e+48,4.224759508729564e+47,1.6658199301280233e+63,1.39846031094147e+62,7.624366522781619e+46,8.423276448234579e+46,3.6744649173189716e+48,8.726982483988317e+47,0.0005945290552254011,0.00016476498861749998,8.341394048696095e+48,0.0,8.341394048696095e+48,1905,2560,4.928014170682797e+50,7.713982515367659e+46,4.036385452990424e+48,6.198497626128662e-16,6.654054569734206e-16,0.9160497310874482,-1.3618464364130088e+47,-6.084722881095501e+31,0.9912866590468676,14540.510555521783,1.1823468737209228,0.00018507664132222075,0.009684241067867307,11.911814136552518,0.09290978473306344,1.3153187397816639e+64,3.7932917455921924e+65,2.125305106474496e+67,0.0005945290552254,0.0001647649886175,3.6744649173189645e+48,8.726982483988318e+47,5.03245500396195e+48,8.341394048696095e+48,0.0006188846654415,0.0,1.9429790026936954e-15,1.859282714579934e-16,1.823631936835208e-15,1.6450736615569268e-16,1.2897027530417653e-16,0.0,3.661759871614026e+65,2.1239897877347145e+67,True
LOCAL_NEUTRAL_HAZARD_PRIMARY,1,1,2,5.85,2560,6.33792765582491e+63,6.282703131223421e+63,5.522452460148825e+61,1.9085409178921123e+52,2.4249130481938826e+48,2.0357210248544594e+47,8.026834778112621e+62,6.738549381392231e+61,3.673838285836674e+46,4.058796939423666e+46,1.8074601611755655e+48,3.836126420854213e+47,0.00029244736476220025,7.24258731156017e-05,4.019341504869e+48,0.0,4.019341504869e+48,1905,2560,2.3746554960813567e+50,3.717020190012199e+46,1.9449520651035476e+48,7.107171170036316e-16,6.552589371445563e-16,0.9160497310874486,-6.562123636861924e+46,-1.0141204801825835e+31,0.9912866590468677,14540.51055552179,1.1823806195431155,0.0001850766413222207,0.009684241067867331,11.911814136552664,0.09290978473306243,6.33792765582491e+63,2.1363223539670404e+65,1.1969384672923304e+67,0.0002924473647622,7.242587311560178e-05,1.807460161175564e+48,3.836126420854217e+47,2.4249130481938826e+48,4.019341504869e+48,0.0005295115688079,0.0,8.977197966215783e-16,1.057442189255861e-15,9.268353070706496e-16,1.1227363846428543e-15,0.0,0.0,2.0729430774087913e+65,1.1963046745267478e+67,True
LOCAL_NEUTRAL_HAZARD_PRIMARY,1,1,3,5.85,2560,3.0938129497417548e+63,3.066855502665439e+63,2.695744707631551e+61,9.31640265956635e+51,1.1837035381123385e+48,9.937223033727656e+46,3.918240587542666e+62,3.2893735098830407e+61,1.7933572424943047e+46,1.9812719888054274e+46,8.95162066936486e+47,1.7439406886537055e+47,0.00014483737629960008,3.2925512139259204e-05,1.962012107501682e+48,0.0,1.962012107501682e+48,1905,2560,1.1591695716562673e+50,1.8144361726411271e+46,9.494141006980527e+47,5.888497458315947e-16,8.546739427502233e-16,0.9160497310874471,-3.2032525752911116e+46,-2.535301200456459e+30,0.9912866590468677,14540.510555521789,1.1823794866962871,0.0001850766413222207,0.00968424106786733,11.911814136552664,0.09290978473306241,3.0938129497417548e+63,1.06320287789952e+65,5.956911983487488e+66,0.0001448373762996,3.292551213925918e-05,8.951620669364856e+47,1.7439406886537042e+47,1.1837035381123385e+48,1.9620121075016818e+48,0.000519365227876,0.0,5.437873748979783e-16,6.978130530107432e-16,5.614238880453772e-16,8.232234687040301e-16,0.0,1.654008924907455e-16,1.0322647484021025e+65,5.953818170537746e+66,True
LOCAL_NEUTRAL_HAZARD_PRIMARY,1,1,4,5.85,2560,3.2429329265149934e+62,3.21467614623813e+62,2.825678027686381e+60,9.76544782511866e+50,1.2407573571302094e+47,1.0416191378631499e+46,4.1070974948276046e+61,3.4479193914086785e+60,1.8797960139039317e+45,2.076768141207518e+45,9.615134968666184e+46,1.595946198466095e+46,1.5557304906744466e-05,3.013138363768879e-06,2.0565799448765573e+47,0.0,2.0565799448765573e+47,1905,2560,1.2150172590820395e+49,1.9018909361695284e+45,9.951753057043519e+46,6.425171198394202e-16,6.190648537719176e-16,0.9160497310874479,-3.3576474780812516e+45,-6.338253001141147e+29,0.9912866590468679,14540.510555521787,1.1823565125786482,0.00018507664132222075,0.00968424106786732,11.91181413655269,0.09290978473306238,3.242932926514993e+62,1.0667454263666793e+64,5.976760170371441e+65,1.5557304906744486e-05,3.013138363768877e-06,9.615134968666199e+46,1.5959461984660942e+46,1.2407573571302094e+47,2.0565799448765573e+47,0.0005425904393137,1.4083524760307607e-16,1.4765977564354105e-15,4.765764415291447e-16,1.3067038832214545e-15,5.622263865737773e-16,0.0,0.0,1.0343160971015294e+64,5.973517237444927e+65,True
LOCAL_NEUTRAL_HAZARD_PRIMARY,1,1,5,5.85,2560,8.264787112896487e+60,8.192773204876767e+60,7.201390801971854e+58,2.4887763381352985e+49,3.1621361427482023e+45,2.654621795218243e+44,1.0467156495629019e+60,8.78720602557864e+58,4.7907601614453485e+43,5.292754108353054e+43,2.4581506002822807e+45,3.990530869776125e+44,3.977291896568493e-07,7.534102131439664e-08,5.241303415832013e+45,0.0,5.241303415832013e+45,1905,2560,3.0965427827092943e+47,4.847070246463786e+43,2.536257217782492e+45,6.463391777355442e-16,6.159749692225859e-16,0.9160497310874519,-8.557143251284211e+43,-2.9710560942849127e+28,0.9912866590468679,14540.510555521785,1.1823590515373839,0.00018507664132222075,0.009684241067867323,11.91181413655287,0.09290978473306082,8.264787112896486e+60,2.7688432181810097e+62,1.5513271916048458e+64,3.97729189656849e-07,7.534102131439663e-08,2.4581506002822785e+45,3.9905308697761235e+44,3.1621361427482023e+45,5.241303415832013e+45,0.000532755898151,1.726901943401377e-16,9.024624244522097e-16,3.970808150581186e-16,7.986272154035566e-16,1.7566645062614032e-16,0.0,0.0,2.6861953470520446e+62,1.5505007128935562e+64,True
LOCAL_NEUTRAL_HAZARD_PRIMARY,1,1,6,5.85,2560,1.629005236714606e+65,1.614811158672674e+65,1.419407804193207e+63,4.905425430145113e+53,6.232630393713882e+49,6.00092124408025e+48,2.0630964248654723e+64,1.986397136118957e+63,1.712879194825995e+48,1.89236114729517e+48,3.9584365251499135e+49,1.6731662074163774e+49,0.006404757101843705,0.0031589293507346132,1.0330708577208864e+50,0.0,1.0330708577208864e+50,1888,2560,6.012863898243341e+51,1.7330121945664525e+48,9.068085386591854e+49,5.836789509638968e-16,5.609208463614487e-16,0.9037176783315705,-1.6222985057130843e+48,-3.2451855365842673e+32,0.9912866590468679,14540.51055552179,1.1648308395735847,0.00033572455384826773,0.01756697921813042,10.386122630524783,0.10655796456270385,1.6290052367146058e+65,8.006157683942245e+65,2.472849487196669e+67,0.0064047571018437,0.0031589293507346,3.9584365251499104e+49,1.6731662074163706e+49,6.232630393713883e+49,1.0330708577208862e+50,0.0065875632348385,1.4354788843070623e-16,7.870223749521691e-16,4.034259050999051e-15,8.12547664989875e-16,4.118618881679155e-15,1.6661654969213908e-16,2.010432031734913e-16,6.377152447227639e+65,2.456559434829523e+67,True
LOCAL_NEUTRAL_HAZARD_PRIMARY,1,1,7,5.85,2560,1.1838356750699234e+65,1.1735205112005577e+65,1.0315163869365645e+63,3.5648857933158402e+53,4.529396249507733e+49,4.361007866589089e+48,1.4992997528913726e+64,1.4435606108529303e+63,1.2447888148043529e+48,1.3752224890341208e+48,3.1100869446643573e+49,9.825286420596498e+48,0.005032126022391101,0.0018550091148040993,7.50756417893168e+49,0.0,7.50756417893168e+49,1888,2560,4.370074321116517e+51,1.2594199300406651e+48,6.589986786585384e+49,7.59212742674228e-16,6.634181072952589e-16,0.9037176783315696,-1.1789617389745918e+48,-3.2451855365842673e+32,0.9912866590468677,14540.510555521783,1.1649341230396777,0.0003357245538482678,0.01756697921813038,10.386122630524735,0.10655796456270451,1.1838356750699232e+65,1.5336233990454113e+66,4.736878769560861e+67,0.0050321260223911,0.0018550091148041,3.110086944664357e+49,9.825286420596501e+48,4.5293962495077336e+49,7.50756417893168e+49,0.0024991893030432,1.9752763571610787e-16,1.6695021557010471e-16,2.642313229490362e-16,1.723648680754346e-16,3.506836156759271e-16,1.1463551812449926e-16,0.0,1.4152398315384189e+66,4.725040412810162e+67,True
LOCAL_NEUTRAL_HAZARD_PRIMARY,1,1,8,5.85,2560,5.296903810934595e+64,5.2507500820339766e+64,4.615372890061799e+62,1.59505728217271e+53,2.026613723550214e+49,1.951270744285264e+48,6.708402814735702e+63,6.4590059768981725e+62,5.569629937496594e+47,6.153236801735562e+47,1.4366076416354657e+49,3.945748066150764e+48,0.002324433633549104,0.0007449552424330998,3.359152469186271e+49,0.0,3.359152469186271e+49,1888,2560,1.9553896091351336e+51,5.63509477496136e+47,2.948595557555827e+49,6.456463425982358e-16,5.747542366782305e-16,0.9037176783315694,-5.275096079320118e+47,-1.6225927682921336e+32,0.9912866590468677,14540.510555521783,1.1649711856548728,0.00033572455384826773,0.017566979218130406,10.386122630524794,0.10655796456270376,5.296903810934594e+64,8.637126194563625e+65,2.6677357509354855e+67,0.0023244336335491,0.0007449552424331,1.4366076416354634e+49,3.945748066150765e+48,2.0266137235502142e+49,3.359152469186271e+49,0.0019855429118409,2.2073296997598798e-16,1.6264243058603748e-15,3.2898051088700914e-16,1.679173698320762e-15,2.910784731024616e-16,1.2810277553630156e-16,0.0,8.107435813470165e+65,2.6624388471245508e+67,True
LOCAL_NEUTRAL_HAZARD_PRIMARY,1,1,9,5.85,2560,2.474370952582063e+64,2.4528109148276888e+64,2.156003775437435e+62,7.451076227899769e+52,9.467028869402935e+48,9.115075188482296e+47,3.13373201694463e+63,3.0172299407814167e+62,2.6017709639211693e+47,2.8743943537625664e+47,6.828113790283817e+48,1.725986530502989e+48,0.0011047899849514022,0.0003258653853999001,1.5691788244087962e+49,0.0,1.5691788244087962e+49,1888,2560,9.134395008709106e+50,2.6323519029036625e+47,1.3773931826867255e+49,6.615675517711532e-16,5.979621367752113e-16,0.9037176783315708,-2.4641837905012343e+47,-4.056481920730334e+31,0.9912866590468677,14540.510555521785,1.1649812798927055,0.0003357245538482677,0.017566979218130396,10.38612263052461,0.10655796456270565,2.474370952582063e+64,4.298516752300511e+65,1.3276761920330538e+67,0.0011047899849514,0.0003258653853999,6.828113790283804e+48,1.7259865305029885e+48,9.467028869402936e+48,1.5691788244087962e+49,0.0018636855638671,0.0,1.9010729090086695e-15,3.7603833856554504e-16,1.9627299075003773e-15,3.32714740829247e-16,1.3711526948323054e-16,0.0,4.051079657042305e+65,1.3252018210804717e+67,True
LOCAL_NEUTRAL_HAZARD_PRIMARY,1,1,10,5.85,2560,2.331546655413625e+63,2.311231094456871e+63,2.0315560956753783e+61,7.020989249919473e+51,8.920578167201305e+47,8.588939765628949e+46,2.9528484382850546e+62,2.843071031730977e+61,2.4515929524441445e+46,2.708480122942481e+46,6.6020701715326935e+47,1.4582750132467998e+47,0.0001068216088582,2.753215861263165e-05,1.4786035359727958e+48,0.0,1.4786035359727958e+48,1888,2560,8.607207615456091e+49,2.480408715064391e+46,1.297888040971194e+48,5.680118777446959e-16,5.649968181204854e-16,0.9037176783315701,-2.3219475111733704e+46,-5.070602400912918e+30,0.9912866590468679,14540.510555521783,1.1649898337433453,0.00033572455384826784,0.017566979218130382,10.386122630524783,0.10655796456270397,2.331546655413625e+63,4.3128392341602685e+64,1.3320999547567532e+66,0.0001068216088582,2.753215861263157e-05,6.6020701715326935e+47,1.458275013246796e+47,8.920578167201307e+47,1.4786035359727958e+48,0.001750279059081,0.0,0.0,2.6426139031990813e-15,0.0,2.8304003417895104e-15,1.8189322910234607e-16,0.0,4.079684568618906e+64,1.3297684081013396e+66,True
LOCAL_NEUTRAL_HAZARD_PRIMARY,1,1,11,5.85,2560,5.961564289139049e+61,5.909619146873764e+61,5.194514226528538e+59,1.795206571979306e+50,2.2809151220105573e+46,2.1961180347581853e+45,7.550179517122827e+60,7.269488129220506e+59,6.268512346883815e+44,6.925350750020655e+44,1.6977504456436108e+46,3.632105006082094e+45,2.7469631393123213e-06,6.857395910702721e-07,3.780662084279144e+46,0.0,3.780662084279144e+46,1888,2560,2.2007926363485988e+48,6.3421917738008366e+44,3.31858810476253e+46,7.521759442248254e-16,6.012124567004391e-16,0.9037176783315702,-5.9370201028255795e+44,-1.5845632502852868e+29,0.9912866590468679,14540.510555521787,1.1649917761914221,0.00033572455384826773,0.017566979218130403,10.38612263052477,0.10655796456270408,5.961564289139048e+61,1.11944006221632e+63,3.457597130957288e+64,2.74696313931232e-06,6.857395910702711e-07,1.69775044564361e+46,3.6321050060820886e+45,2.2809151220105575e+46,3.780662084279144e+46,0.0017241928609214,1.9152660254707458e-16,4.479989165007114e-16,1.5705569336444725e-15,4.625287477281263e-16,1.3896121473368992e-15,1.1115280774769328e-16,0.0,1.0598244193249294e+63,3.4516355666681494e+64,True
LOCAL_NEUTRAL_HAZARD_PRIMARY,1,1,12,5.85,2560,1.2837785976400865e+65,1.2725925970105144e+65,1.1186000629572101e+63,3.865844036352229e+53,4.91178132894657e+49,6.849349804387313e+48,1.6258750895434275e+64,2.2672400257099516e+63,3.4700502880052913e+48,3.833655265364811e+48,3.026142891016782e+49,1.411983454765266e+49,0.004896304399298094,0.002665817632605105,8.141375037335812e+49,0.0,8.141375037335812e+49,1824,2560,4.5929960047204196e+51,3.510836889745098e+48,1.8370654744625095e+50,6.341853535849547e-16,6.815411172272441e-16,0.8605526316079749,-1.1243265306268035e+48,-1.6225927682921336e+32,0.9912866590468677,14540.510555521789,1.1290414950444658,0.0008630272107315613,0.0451583922052198,7.171164372128221,0.15432976149714323,1.2837785976400863e+65,2.0563130661910119e+65,2.470707851803617e+66,0.0048963043992981,0.0026658176326051,3.026142891016786e+49,1.4119834547652635e+49,4.91178132894657e+49,8.141375037335811e+49,0.051959951343617,1.8214999253204773e-16,1.372650808776637e-15,1.838653576644783e-15,1.2400234280346615e-15,1.9521854624559495e-15,0.0,1.2755331463599933e-16,7.725344685509254e+64,2.3423299920396084e+66,True
LOCAL_NEUTRAL_HAZARD_PRIMARY,1,1,13,5.85,2560,5.0253702970742267e+64,4.9815825322600756e+64,4.378776481415156e+62,1.5132903624595686e+53,1.9227240617335795e+49,2.681188105527927e+48,6.3645120714460704e+63,8.875144594624952e+62,1.3583563146131031e+48,1.5006900204756158e+48,1.2343774662186367e+49,5.029336522058927e+48,0.0019972248621115017,0.0009495361957367008,3.1869532928168686e+49,0.0,3.1869532928168686e+49,1824,2560,1.7981364145731612e+51,1.3743222901542598e+48,7.191219954994673e+49,5.762437122935748e-16,6.787726720478744e-16,0.8605526316079743,-4.4011928237554966e+47,-8.112963841460668e+31,0.9912866590468677,14540.51055552179,1.12916792916874,0.0008630272107315613,0.045158392205219805,7.1711643721282075,0.15432976149714317,5.0253702970742267e+64,3.93898041803307e+65,4.732776349547828e+66,0.0019972248621115,0.0009495361957367,1.2343774662186356e+49,5.0293365220589226e+48,1.92272406173358e+49,3.1869532928168686e+49,0.0106182289757984,0.0,8.412818607975387e-16,9.033517107656259e-16,8.685669344927073e-16,7.992760298632174e-16,2.7004898736500505e-16,0.0,3.4364433883256473e+65,4.682522646577085e+66,True
LOCAL_NEUTRAL_HAZARD_PRIMARY,1,1,14,5.85,2560,1.4040538793206321e+64,1.3918198791535436e+64,1.2234000167088768e+62,4.228029136851683e+52,5.371958717772238e+48,7.491055063039905e+47,1.7782008758836063e+63,2.4796543261438096e+62,3.795154068830671e+47,4.1928246484309274e+47,3.4447560180176455e+48,1.4091716951918276e+48,0.0005573621158339017,0.00026605090447280074,8.904128192500229e+48,0.0,8.904128192500229e+48,1824,2560,5.024503333893909e+50,3.8397619058068844e+47,2.009177369623212e+49,5.848099569145616e-16,6.340236605897012e-16,0.86055263160797,-1.2296629885025077e+47,-2.028240960365167e+31,0.9912866590468679,14540.51055552179,1.1293104114096544,0.0008630272107315613,0.04515839220521981,7.171164372128207,0.15432976149714295,1.4040538793206321e+64,2.218371926878721e+65,2.665425332394814e+66,0.0005573621158339,0.0002660509044728,3.444756018017635e+48,1.4091716951918237e+48,5.371958717772239e+48,8.904128192500229e+48,0.0052676541423095,0.0,3.014609354843563e-15,2.7634834400864176e-15,2.917857551719407e-15,2.8526177057873607e-15,1.208194517894602e-16,0.0,2.0779665389466578e+65,2.6513847936016077e+66,True
LOCAL_NEUTRAL_HAZARD_PRIMARY,1,1,15,5.85,2560,1.1598860876946009e+64,1.1497796047457231e+64,1.0106482948877783e+62,3.4927663720245204e+52,4.437764299635438e+48,6.18834553128285e+47,1.4689681695560845e+63,2.0484374549626091e+62,3.1351691483692812e+47,3.463684014897744e+47,2.9000530748213296e+48,1.1097668531368914e+48,0.00046922908599580026,0.00020952342148119934,7.355682403390034e+48,0.0,7.355682403390034e+48,1824,2560,4.150325114908002e+50,3.1720195928379038e+47,1.6597773867940137e+49,5.788600071829953e-16,6.0040052820563515e-16,0.860552631607971,-1.015822123298531e+47,-4.056481920730334e+31,0.9912866590468677,14540.510555521789,1.1291996794835808,0.0008630272107315613,0.04515839220521981,7.171164372128208,0.1543297614971434,1.1598860876946009e+64,1.1040372313331806e+65,1.3265263451304808e+66,0.0004692290859958,0.0002095234214812,2.9000530748213283e+48,1.109766853136895e+48,4.437764299635439e+48,7.355682403390034e+48,0.0087437847876327,0.0,4.476036062594062e-16,3.21662525795619e-15,5.776507706169819e-16,3.104766516757518e-15,1.4625317242967855e-16,0.0,9.880486225637205e+64,1.3149274842535348e+66,True
LOCAL_NEUTRAL_HAZARD_PRIMARY,1,1,16,5.85,2560,1.1582572537124392e+63,1.148164963349404e+63,1.0092290363035163e+61,3.487861462293416e+51,4.431532324467569e+47,6.179655205912412e+46,1.466905290021041e+62,2.0455608237378935e+61,3.1307664142535217e+46,3.4588199456699165e+46,2.9369611002855727e+47,1.0672278169809132e+47,4.7520081086005456e-05,2.014920729356164e-05,7.345352780862668e+47,0.0,7.345352780862668e+47,1824,2560,4.14450026010543e+49,3.1675651094539663e+46,1.657446552896515e+48,6.50935540517661e-16,5.894026589069499e-16,0.8605526316079739,-1.0143955990804944e+46,-1.2676506002282294e+30,0.9912866590468677,14540.510555521787,1.1292006243785158,0.0008630272107315614,0.045158392205219756,7.1711643721282075,0.15432976149714328,1.1582572537124392e+63,1.1077158381944484e+64,1.3309462766113759e+65,4.752008108600544e-05,2.01492072935616e-05,2.9369611002855723e+47,1.0672278169809112e+47,4.4315323244675695e+47,7.345352780862668e+47,0.0087025094405868,0.0,1.3811834008751107e-16,1.9004761008786944e-15,2.8519579189144085e-16,2.0178253603653135e-15,1.8307355667174125e-16,0.0,9.918901128232045e+63,1.3193637040742514e+65,True
LOCAL_NEUTRAL_HAZARD_PRIMARY,1,1,17,5.85,2560,3.082359068053103e+61,3.055501422553177e+61,2.6857645499925826e+59,9.281911571850321e+49,1.1793212433517228e+46,1.644532438742206e+45,3.903734518544171e+60,5.443655055121329e+59,8.331608730271146e+44,9.204626165842673e+44,7.815835335199436e+45,2.8401290283062e+45,1.264603500698154e-06,5.362149263846153e-07,1.9547483669567224e+46,0.0,1.9547483669567224e+46,1824,2560,1.1029319676148601e+48,8.429537572486515e+44,4.4108037275476425e+46,7.048824426529035e-16,5.916726832338673e-16,0.8605526316079747,-2.6995138285533235e+44,-3.961408125713217e+28,0.9912866590468677,14540.510555521781,1.1291963425658584,0.0008630272107315614,0.045158392205219694,7.171164372128212,0.15432976149717362,3.082359068053102e+61,2.875185972629694e+62,3.454602645272466e+63,1.2646035006981526e-06,5.36214926384615e-07,7.815835335199428e+45,2.840129028306198e+45,1.1793212433517228e+46,1.9547483669567224e+46,0.0089224706415113,1.8521498127827738e-16,9.731402051314195e-16,6.695033505137437e-16,1.0047018058862038e-15,5.923694764746781e-16,0.0,0.0,2.566950065824384e+62,3.423779054591935e+63,True
LOCAL_NEUTRAL_HAZARD_PRIMARY,1,2,0,5.85,2560,8.626215698260571e+64,8.54752272212523e+64,7.869297613534075e+62,2.6038596100322314e+53,3.303445149872268e+49,2.8757591805344766e+48,1.0934911021379471e+64,9.519204748798554e+62,4.984382326543623e+47,5.847058291622699e+47,2.090311502536756e+49,9.436819850891849e+48,0.003382127604138107,0.0017816668226050994,0.0,2.033210233294903e+48,-2.033210233294903e+48,1888,2560,3.156919814382489e+51,5.045731433766855e+47,2.6799392639183736e+49,6.339636237083268e-16,7.249514365114796e-16,0.9129466647676759,-8.925360391196672e+47,-8.112963841460668e+31,0.990877462506391,14575.47476442353,1.154907507755059,0.00018458983622024312,0.009804119705942901,11.487210654608093,0.09478461942199881,8.626215698260571e+64,1.9802574657709903e+65,1.1099515402135743e+67,0.0033821276041381,0.0017816668226051,2.090311502536752e+49,9.436819850891852e+48,3.303445149872268e+49,-2.0332102332949026e+48,0.00777170478686,0.0,1.987185872434255e-15,2.7510840201342383e-16,2.051635750057845e-15,3.651195022760371e-16,0.0,1.5960895157040928e-16,1.1176358959449332e+65,1.1013253245153138e+67,True
LOCAL_NEUTRAL_HAZARD_PRIMARY,1,2,1,5.85,2560,1.3025548066352257e+64,1.2906722015742154e+64,1.1882605061010288e+62,3.9318166499531405e+52,4.988187762670489e+48,4.34238381505558e+47,1.651166793093108e+63,1.4373957636362486e+62,7.526395565156377e+46,8.829032508386208e+46,3.6855152757164626e+48,8.958016526372294e+47,0.0005963170051136025,0.00016912689967130056,0.0,3.0701385809448653e+47,-3.0701385809448653e+47,1909,2560,4.7681616057783294e+50,7.619032449384199e+46,4.04669659536944e+48,6.312778312499841e-16,6.957224800304001e-16,0.9129466647676783,-1.3477255247453748e+47,-2.028240960365167e+31,0.9908774625063911,14575.474764423529,1.1552046480041058,0.00018458983622024317,0.009804119705942905,11.487210654608251,0.09478461942199723,1.3025548066352257e+64,3.7932917455921924e+65,2.126173029657148e+67,0.0005963170051136,0.0001691268996713,3.685515275716447e+48,8.958016526372263e+47,4.9881877626704895e+48,-3.0701385809448653e+47,0.0006126287881872,0.0,4.226516351251954e-15,3.4415277653026825e-15,4.181777436049471e-15,3.3655565238950536e-15,1.3011481086858351e-16,0.0,3.6630362649286697e+65,2.124870474850513e+67,True
LOCAL_NEUTRAL_HAZARD_PRIMARY,1,2,2,5.85,2560,6.2739620106170126e+63,6.216727556941679e+63,5.723445367533323e+61,1.8938219082113162e+52,2.4026398248579446e+48,2.0915781011590986e+47,7.953106986583461e+62,6.92344488641651e+61,3.625207907730769e+46,4.252643671187348e+46,1.8128958050093185e+48,3.937682233041522e+47,0.0002933268528689005,7.434324172150695e-05,0.0,1.47878098687727e+47,-1.47878098687727e+47,1909,2560,2.296728813563238e+50,3.669827933657253e+46,1.9491556576744544e+48,6.502341863410862e-16,6.863642666741493e-16,0.9129466647676764,-6.49153394538066e+46,-1.0141204801825835e+31,0.9908774625063907,14575.474764423529,1.1552388918557586,0.00018458983622024307,0.009804119705942894,11.487210654607942,0.09478461942200005,6.2739620106170126e+63,2.1363223539670404e+65,1.1974272680018408e+67,0.0002933268528689,7.434324172150692e-05,1.8128958050093156e+48,3.9376822330415214e+47,2.4026398248579446e+48,-1.47878098687727e+47,0.0005239534941513,0.0,1.6110506598644967e-15,2.0603399058928374e-16,1.6633014429010868e-15,3.6459338716590183e-16,0.0,0.0,2.0735827338608702e+65,1.1967998718007791e+67,True
LOCAL_NEUTRAL_HAZARD_PRIMARY,1,2,3,5.85,2560,3.061730342447019e+63,3.0337995926027254e+63,2.793074984429358e+61,9.241962239728735e+51,1.1725023583647285e+48,1.0207024086342393e+47,3.8811629615135705e+62,3.3786818037994915e+61,1.7691227696303183e+46,2.0753151105562645e+46,8.978541219393414e+47,1.7901089567482892e+47,0.00014527295126180034,3.3797166709558954e-05,0.0,7.216538145583411e+46,-7.216538145583411e+46,1909,2560,1.1208161295000883e+50,1.790897604579702e+46,9.511994189883932e+47,6.027834985453442e-16,7.169407726484914e-16,0.9129466647676759,-3.1679067256007045e+46,-5.070602400912918e+30,0.9908774625063909,14575.474764423527,1.155237827379765,0.0001845898362202431,0.009804119705942898,11.487210654608003,0.0947846194219995,3.061730342447019e+63,1.06320287789952e+65,5.959344642211044e+66,0.0001452729512618,3.379716670955893e-05,8.978541219393393e+47,1.7901089567482884e+47,1.1725023583647285e+48,-7.216538145583411e+46,0.0005137696384868,0.0,2.3493466780812773e-15,4.532106166430096e-16,2.4255424220217092e-15,6.014939331690652e-16,0.0,0.0,1.0325855744750499e+65,5.956282911868597e+66,True
LOCAL_NEUTRAL_HAZARD_PRIMARY,1,2,4,5.85,2560,3.207755736823777e+62,3.1784928648442623e+62,2.9262871979514658e+60,9.682746054737372e+50,1.2284233899834195e+47,1.0693835317546388e+46,4.0662701684541126e+61,3.539823801196655e+60,1.853498864596833e+45,2.174294665768443e+45,9.644050930536746e+46,1.6381965298189366e+46,1.5604090982754657e-05,3.09290677601457e-06,0.0,7.56072189492742e+45,-7.56072189492742e+45,1909,2560,1.1742485545014052e+49,1.876312223029781e+45,9.96565684058527e+46,7.960057259113508e-16,7.29633987581097e-16,0.9129466647676765,-3.31899606960377e+45,-3.1691265005705735e+29,0.9908774625063909,14575.47476442353,1.1552147115860432,0.00018458983622024307,0.009804119705942896,11.487210654607978,0.09478461942199995,3.2077557368237767e+62,1.0667454263666793e+64,5.979200934614285e+65,1.5604090982754688e-05,3.09290677601456e-06,9.644050930536764e+46,1.6381965298189315e+46,1.22842338998342e+47,-7.56072189492742e+45,0.0005364856896268,1.4237968821096608e-16,1.89279056848267e-15,3.095234490255788e-15,1.9541789479986523e-15,3.149425313742003e-15,3.3021855117762653e-16,0.0,1.0346678689984415e+64,5.975993178877462e+65,True
LOCAL_NEUTRAL_HAZARD_PRIMARY,1,2,5,5.85,2560,8.174623619771404e+60,8.100050309303895e+60,7.457331046750771e+58,2.467544635480232e+49,3.130506086720091e+45,2.725209958140997e+44,1.036245615020872e+60,9.020863690744594e+58,4.7234443146084e+43,5.540958224186091e+43,2.4655430902745144e+45,4.096174312947219e+44,3.989252958082873e-07,7.733556418686557e-08,0.0,1.926769394417637e+44,-1.926769394417637e+44,1909,2560,2.9924539885877596e+47,4.781581727177397e+43,2.539641434052877e+45,7.118586942927639e-16,7.175002130619589e-16,0.9129466647676756,-8.458107752112105e+43,-9.903520314283042e+27,0.9908774625063906,14575.474764423529,1.1552172966331367,0.00018458983622024307,0.009804119705942894,11.487210654607939,0.09478461942200021,8.174623619771403e+60,2.7688432181810097e+62,1.5519607160947506e+64,3.9892529580828746e-07,7.733556418686545e-08,2.465543090274515e+45,4.096174312947213e+44,3.130506086720091e+45,-1.9267693944176366e+44,0.0005267287718687,1.745949121442085e-16,2.5707330065099134e-16,1.5473591983395698e-15,3.9811633726657736e-16,1.5402229163263275e-15,0.0,2.055984560057093e-16,2.6870969819832955e+62,1.5511432537327735e+64,True
LOCAL_NEUTRAL_HAZARD_PRIMARY,1,2,6,5.85,2560,1.6171492976475568e+65,1.6023967925470034e+65,1.4752505100553432e+63,4.881433396553664e+53,6.192940439699858e+49,6.151754788349121e+48,2.0499584402495396e+64,2.036325356833722e+63,1.695011489056945e+48,1.988376960713549e+48,3.970340882187153e+49,1.7174608250793288e+49,0.0064240183719924,0.0032425573652108955,0.0,3.811641878379744e+48,-3.811641878379744e+48,1888,2560,5.83620114340233e+51,1.7158741425963825e+48,9.11352208703146e+49,6.26752768417739e-16,5.774233606691396e-16,0.9006650419417407,-1.6106182373442712e+48,-3.2451855365842673e+32,0.9908774625063909,14575.474764423527,1.1388960899958476,0.0003348415011599062,0.017784436169998204,10.06694943600278,0.10815698410318901,1.6171492976475566e+65,8.006157683942245e+65,2.473859339095395e+67,0.0064240183719924,0.0032425573652109,3.970340882187154e+49,1.7174608250793314e+49,6.192940439699858e+49,-3.811641878379744e+48,0.0065369492601745,1.4460029281966014e-16,1.3077710485338809e-16,1.5116201728487722e-15,0.0,1.3374655253508357e-15,0.0,0.0,6.389008386294689e+65,2.4576878461189194e+67,True
LOCAL_NEUTRAL_HAZARD_PRIMARY,1,2,7,5.85,2560,1.1736624747766959e+65,1.1629556948457039e+65,1.070677993099203e+63,3.54274970714881e+53,4.494589221400944e+49,4.4646983179697585e+48,1.4877780917770324e+64,1.477883743466715e+63,1.2301717484683802e+48,1.4430847095532327e+48,3.119440027673504e+49,1.0085396446426767e+49,0.005047259326777005,0.0019041177563349995,0.0,2.766337682271708e+48,-2.766337682271708e+48,1888,2560,4.2360810401162326e+51,1.2453130304879953e+48,6.614230919901479e+49,5.98890501905118e-16,5.700357070736757e-16,0.9006650419417449,-1.1689224916411887e+48,-3.2451855365842673e+32,0.9908774625063913,14575.474764423529,1.1390033668496256,0.0003348415011599064,0.017784436169998218,10.066949436003053,0.10815698410318594,1.1736624747766956e+65,1.5336233990454113e+66,4.7388131962391705e+67,0.005047259326777,0.001904117756335,3.119440027673501e+49,1.0085396446426771e+49,4.4945892214009436e+49,-2.7663376822717077e+48,0.0024767012882215,1.9923978741625487e-16,9.986978712472197e-16,3.861248949991285e-16,1.031088377076439e-15,2.277594794499161e-16,1.1552327927570677e-16,1.1730981208047353e-16,1.4162571515677417e+66,4.727076571491404e+67,True
LOCAL_NEUTRAL_HAZARD_PRIMARY,1,2,8,5.85,2560,5.2483800213020763e+64,5.20050147777704e+64,4.787854352503626e+62,1.5842456569135248e+53,2.0098889400079466e+49,1.9965223355745566e+48,6.65304121144297e+63,6.608795696985814e+62,5.5010780068265375e+47,6.4531814907917876e+47,1.4409280065522207e+49,4.050205950376378e+48,0.0023314239914107035,0.000764676838227499,0.0,1.2370499812198831e+48,-1.2370499812198831e+48,1888,2560,1.894353475743972e+51,5.568786742307553e+47,2.957749622428215e+49,6.601165439243403e-16,6.586979735842734e-16,0.9006650419417445,-5.227183780198413e+47,-8.112963841460668e+31,0.9908774625063911,14575.47476442353,1.1390419330059636,0.00033484150115990633,0.017784436169998214,10.066949436002895,0.10815698410318757,5.2483800213020763e+64,8.637126194563625e+65,2.6688251896689517e+67,0.0023314239914107,0.0007646768382275,1.4409280065522186e+49,4.050205950376384e+48,2.0098889400079469e+49,-1.237049981219883e+48,0.00196655069115,0.0,1.4413757897478005e-15,1.4422313426577352e-15,1.4881235522734383e-15,1.4178566922448644e-15,1.2916875045131345e-16,1.31166306367998e-16,8.112288192433417e+65,2.6635768096476498e+67,True
LOCAL_NEUTRAL_HAZARD_PRIMARY,1,2,9,5.85,2560,2.450921752319949e+64,2.4285631267405085e+64,2.23586255794405e+62,7.398210735099287e+52,9.385906704199834e+48,9.323486488004595e+47,3.1068793338179906e+63,3.08621728316894e+62,2.5689282585133934e+47,3.0135475753004318e+47,6.848648237137765e+48,1.771679488633015e+48,0.0011081124619821002,0.00033449219282160014,0.0,5.776854372916779e+47,-5.776854372916779e+47,1888,2560,8.846453738023981e+50,2.6005473127623133e+47,1.3812286568621915e+49,5.798829857891942e-16,5.511298325695954e-16,0.9006650419417432,-2.4410233973651747e+47,-4.056481920730334e+31,0.9908774625063911,14575.474764423529,1.1390524737022356,0.0003348415011599063,0.01778443616999821,10.066949436002881,0.10815698410318783,2.450921752319949e+64,4.298516752300511e+65,1.3282183828660828e+67,0.0011081124619821,0.0003344921928216,6.848648237137764e+48,1.7716794886330142e+48,9.385906704199835e+48,-5.776854372916779e+47,0.0018452701633531,0.0,1.8953728818991104e-16,3.6634002452533603e-16,1.9568450129081175e-16,4.86200662864391e-16,1.383003534493762e-16,0.0,4.0534245770685163e+65,1.3257674611137629e+67,True
LOCAL_NEUTRAL_HAZARD_PRIMARY,1,2,10,5.85,2560,2.3083295336058383e+63,2.2872717108879144e+63,2.1057822717924126e+61,6.967790105703916e+51,8.839843876886532e+47,8.781055207521161e+46,2.92612414770616e+62,2.9066641948566174e+61,2.419470537249111e+46,2.838222339170039e+46,6.621924828796362e+47,1.4968807021932422e+47,0.00010714285755409993,2.8261032070496638e-05,0.0,5.440762663157868e+46,-5.440762663157868e+46,1888,2560,8.331841423918319e+49,2.4492500259979384e+46,1.300870131116903e+48,7.367751991255746e-16,6.340443438364172e-16,0.9006650419417429,-2.2990070552139464e+46,-5.070602400912918e+30,0.9908774625063912,14575.474764423529,1.1390614515455146,0.00033484150115990633,0.017784436169998214,10.066949436002881,0.10815698410318783,2.3083295336058383e+63,4.3128392341602685e+64,1.3326439521474434e+66,0.0001071428575541,2.8261032070496577e-05,6.621924828796366e+47,1.4968807021932391e+47,8.839843876886533e+47,-5.440762663157868e+46,0.0017321427301614,0.0,6.125835048882094e-16,2.0324675413946194e-15,6.324512648556944e-16,2.1579669153688445e-15,1.83554459885283e-16,0.0,4.0820062807996845e+64,1.3303356226138375e+66,True
LOCAL_NEUTRAL_HAZARD_PRIMARY,1,2,11,5.85,2560,5.901555743063525e+61,5.847718579526804e+61,5.383716353672053e+59,1.7814095048441114e+50,2.2600252970784366e+46,2.2449951809590058e+45,7.481030986869867e+60,7.431278993132865e+59,6.185702706827494e+44,7.256298159325287e+44,1.702856155268278e+46,3.728259650996038e+45,2.7552241862612345e-06,7.038935394755019e-07,0.0,1.3910043463875602e+45,-1.3910043463875602e+45,1888,2560,2.130151432336474e+48,6.261837985734837e+44,3.3258499193918293e+46,6.34468692928191e-16,6.63908888482022e-16,0.9006650419417419,-5.87772156986929e+44,-1.5845632502852868e+29,0.990877462506391,14575.474764423529,1.1390634905060817,0.0003348415011599063,0.017784436169998207,10.066949436002844,0.10815698410318801,5.901555743063524e+61,1.11944006221632e+63,3.4590091299672577e+64,2.755224186261228e-06,7.038935394755011e-07,1.7028561552682742e+46,3.7282596509960335e+45,2.2600252970784368e+46,-1.39100434638756e+45,0.0017061405510425,1.9347409460747637e-16,2.2332783593723738e-15,1.1900397279501384e-15,2.3057096900081152e-15,1.0529345522900736e-15,1.1218021336902179e-16,1.1391504666397336e-16,1.0604245047856848e+63,3.4531075742241943e+64,True
LOCAL_NEUTRAL_HAZARD_PRIMARY,1,2,12,5.85,2560,1.2750583979774426e+65,1.2634266299353524e+65,1.1631768042090061e+63,3.848817580106812e+53,4.882889123039004e+49,6.949498130855818e+48,1.6163113254584442e+64,2.300390660552958e+63,3.4355319314093916e+48,4.0301393732778167e+48,3.035243525873895e+49,1.449363642697602e+49,0.004911029242139921,0.0027363912386653088,0.0,3.0053291889502544e+48,-3.0053291889502544e+48,1824,2560,4.462580302017147e+51,3.477817374824601e+48,1.8471730923205331e+50,7.090939067361554e-16,6.0450875152747735e-16,0.8576765116769574,-1.1448333273095971e+48,-1.6225927682921336e+32,0.9908774625063911,14575.474764423529,1.1044852875940805,0.0008607571995279425,0.04571739590177243,7.026247120434415,0.15496336400562538,1.2750583979774424e+65,2.0563130661910119e+65,2.471716829110267e+66,0.0049110292421399,0.0027363912386653,3.0352435258738824e+49,1.4493636426975975e+49,4.882889123039004e+49,-3.0053291889502544e+48,0.0515859415188923,1.833957270850283e-16,4.1056054824779566e-15,3.045096620155412e-15,4.238761507078925e-15,3.1697285305279095e-15,0.0,0.0,7.812546682135693e+64,2.3442109893125227e+66,True
LOCAL_NEUTRAL_HAZARD_PRIMARY,1,2,13,5.85,2560,4.987913059733296e+64,4.9424106358310173e+64,4.550242390227878e+62,1.5056226054271674e+53,1.910142034644816e+49,2.7185807756313685e+48,6.322863628550163e+63,8.998920078061915e+62,1.3439489999038315e+48,1.5765540499481993e+48,1.238089656620884e+49,5.162480818994588e+48,0.002003231192563191,0.0009746737717652,0.0,1.175657580401102e+48,-1.175657580401102e+48,1824,2560,1.7458680648789718e+51,1.3604906826833736e+48,7.225973967457859e+49,7.310065194836926e-16,5.60522115842649e-16,0.8576765116769577,-4.478484368687284e+47,-8.112963841460668e+31,0.9908774625063911,14575.474764423529,1.1045783153078974,0.0008607571995279425,0.04571739590177242,7.026247120434378,0.15496336400562727,4.987913059733296e+64,3.93898041803307e+65,4.734709100897064e+66,0.0020032311925632,0.0009746737717652,1.2380896566208894e+49,5.162480818994588e+48,1.910142034644816e+49,-1.1756575804011018e+48,0.0105347825039309,0.0,4.403486994909107e-15,0.0,4.54630413238781e-15,0.0,0.0,1.3801576201622838e-16,3.4401891120597404e+65,4.684829970299731e+66,True
LOCAL_NEUTRAL_HAZARD_PRIMARY,1,2,14,5.85,2560,1.3936153370746955e+64,1.380902028910563e+64,1.271330816413226e+62,4.2066867037210486e+52,5.336907848218221e+48,7.595673418170717e+47,1.7665984995036028e+63,2.5142846091561596e+62,3.754973104146938e+47,4.40486808295029e+47,3.4551155640869356e+48,1.4464774459195854e+48,0.0005590382921686007,0.0002730942113722001,0.0,3.284769432774973e+47,-3.284769432774973e+47,1834,2560,4.878394003822038e+50,3.801190314724835e+47,2.0189261572434495e+49,7.032351901797103e-16,7.100016469017346e-16,0.857676511676957,-1.251281734125822e+47,-4.056481920730334e+31,0.990877462506391,14575.474764423527,1.10468364203115,0.0008607571995279426,0.04571739590177243,7.026247120434412,0.15496336400562583,1.3936153370746952e+64,2.218371926878721e+65,2.666513827609249e+66,0.0005590382921686,0.0002730942113722,3.455115564086931e+48,1.446477445919585e+48,5.336907848218222e+48,-3.284769432774973e+47,0.0052263570608376,2.0974247318470332e-16,1.314937132187819e-15,3.3652638819969662e-16,1.3575841429319541e-15,3.970066472803575e-16,1.2161295000316348e-16,0.0,2.0790103931712513e+65,2.652577674238502e+66,True
LOCAL_NEUTRAL_HAZARD_PRIMARY,1,2,15,5.85,2560,1.1509002318489542e+64,1.1404011013325088e+64,1.0499130516445397e+62,3.4740409163342716e+52,4.4074202661718e+48,6.272794267872743e+47,1.4589238282426688e+63,2.0763912843311428e+62,3.1009987484930103e+47,3.6377065916718773e+47,2.9087745149682892e+48,1.139146300460678e+48,0.00047064021651070046,0.00021507024630039968,0.0,2.712686780332448e+47,-2.712686780332448e+47,1824,2560,4.028463208233512e+50,3.1391666682585664e+47,1.667305547407926e+49,6.608273858550369e-16,6.941504844307149e-16,0.857676511676957,-1.0333557615235928e+47,-2.028240960365167e+31,0.990877462506391,14575.474764423534,1.1046016589632108,0.0008607571995279423,0.04571739590177247,7.026247120434357,0.15496336400562719,1.1509002318489542e+64,1.1040372313331806e+65,1.327068066393856e+66,0.0004706402165107,0.0002150702463004,2.908774514968286e+48,1.1391463004606798e+48,4.4074202661718e+48,-2.712686780332448e+47,0.0086725034004953,0.0,1.115653867250568e-15,1.56683302609993e-15,1.0366538185701015e-15,1.512346116400232e-15,0.0,0.0,9.889472081482851e+64,1.3155590640753664e+66,True
LOCAL_NEUTRAL_HAZARD_PRIMARY,1,2,16,5.85,2560,1.1490105991546107e+63,1.1385287068832687e+63,1.0481892271341919e+61,3.4683369803063435e+51,4.4001838392407776e+47,6.262495132634512e+46,1.4565284597405914e+62,2.072982112320778e+61,3.0959073005480787e+46,3.631733937294105e+46,2.9457935353442558e+47,1.0954811058071557e+47,4.766299003707562e-05,2.0682627959914997e-05,0.0,2.708232891552362e+46,-2.708232891552362e+46,1824,2560,4.021851180033152e+49,3.134012553414221e+46,1.664568042464702e+48,6.783766768881244e-16,5.582752058657327e-16,0.8576765116769586,-1.0316591219906135e+46,-2.535301200456459e+30,0.9908774625063911,14575.474764423527,1.1046022629590717,0.0008607571995279426,0.04571739590177243,7.026247120434414,0.15496336400562585,1.1490105991546105e+63,1.1077158381944484e+64,1.3314898028678254e+65,4.7662990037075554e-05,2.0682627959914983e-05,2.945793535344252e+47,1.095481105807155e+47,4.4001838392407776e+47,-2.708232891552362e+46,0.0086295110685775,1.5899566531481616e-16,1.2393379525258043e-15,5.554384141214602e-16,1.4217034165845133e-15,6.55261371153364e-16,0.0,0.0,9.928147782789874e+63,1.3199996968762794e+65,True
LOCAL_NEUTRAL_HAZARD_PRIMARY,1,2,17,5.85,2560,3.0577519514028186e+61,3.0298574945799905e+61,2.7894456822828135e+59,9.22995329847887e+49,1.1709788169812328e+46,1.666577899851663e+45,3.876119805441626e+60,5.516628918685105e+59,8.238841831901417e+44,9.664785983617125e+44,7.839340194681723e+45,2.915317272531902e+45,1.268406591002637e-06,5.504104289271584e-07,0.0,7.207161026262713e+44,-7.207161026262713e+44,1824,2560,1.0702936917351755e+48,8.340247694820238e+44,4.429755638315329e+46,7.270240639805307e-16,6.479629246804175e-16,0.8576765116769575,-2.7454556953349954e+44,-7.922816251426434e+28,0.9908774625063911,14575.474764423527,1.1045990892363409,0.0008607571995279425,0.045717395901772415,7.026247120434382,0.15496336400599928,3.057751951402818e+61,2.875185972629694e+62,3.456013421406936e+63,1.2684065910026354e-06,5.504104289271589e-07,7.839340194681714e+45,2.915317272531904e+45,1.1709788169812328e+46,-7.207161026262713e+44,0.0088476275365794,1.8670549022803174e-16,1.1319261546548908e-15,6.522363511711177e-16,1.1686376184180077e-15,7.69455757683687e-16,0.0,0.0,2.569410777489412e+62,3.425435901892908e+63,True
LOCAL_NEUTRAL_HAZARD_PRIMARY,2,1,0,5.75,2560,8.816595420966846e+64,8.719378220094479e+64,9.72172008723673e+62,2.6257317984840323e+53,2.480231504134672e+49,3.3165619756363926e+48,8.516135023804794e+63,1.1387763421378868e+63,4.8521696204233615e+47,6.467365537149134e+47,1.336906015718479e+49,6.931547157938676e+48,0.004096159933813806,0.0020573382727400056,1.1259177355213871e+50,0.0,1.1259177355213871e+50,1728,2560,1.7034760018787656e+51,4.924684760263354e+47,2.4450091437595665e+49,7.365578906064136e-16,6.739843648259699e-16,0.8662801448127962,-5.942060364422621e+47,-8.112963841460668e+31,0.988973385277363,14380.530572471067,0.6097321211887271,0.00017627125253008843,0.008751521065786359,7.478320991299302,0.1633725496067122,8.816595420966846e+64,1.961737854909865e+65,8.071090311095705e+66,0.0040961599338138,0.00205733827274,1.336906015718477e+49,6.931547157938658e+48,2.480231504134672e+49,1.1259177355213871e+50,0.0109236733590333,0.0,1.5535263653501887e-15,2.621786823459519e-15,1.4822497812642319e-15,2.7403618411356417e-15,0.0,0.0,1.0800783128131805e+65,7.982924356886035e+66,True
LOCAL_NEUTRAL_HAZARD_PRIMARY,2,1,1,5.75,2560,3.010837335245426e+64,2.977637991957144e+64,3.3199343288282407e+62,8.966784743707669e+52,8.469906189572753e+48,1.1325946291189034e+48,2.9082311320179473e+63,3.888882458243692e+62,1.6569994144647085e+47,2.208583323855494e+47,5.273301605338605e+48,1.6592867140908746e+48,0.0016156922401980053,0.0004924894810011009,3.8449707541996167e+49,0.0,3.8449707541996167e+49,1728,2560,5.81849178343554e+50,1.6817630879663385e+47,8.349623027434388e+48,5.93251343802623e-16,6.485963855949654e-16,0.8662801448127982,-2.0260621674923675e+47,-2.028240960365167e+31,0.9889733852773631,14380.53057247106,0.6098557173962305,0.0001762712525300885,0.008751521065786336,7.478320991299311,0.16337254960671177,3.010837335245426e+64,3.757816415628604e+65,1.5460615997773026e+67,0.001615692240198,0.0004924894810011,5.2733016053385876e+48,1.659286714090872e+48,8.469906189572755e+48,3.8449707541996167e+49,0.0019474239161486,0.0,3.3231556260339873e-15,1.5646171377258612e-15,3.3552249169453026e-15,1.7611782006496596e-15,1.5325721272235076e-16,0.0,3.4567326821040616e+65,1.5430507624420572e+67,True
LOCAL_NEUTRAL_HAZARD_PRIMARY,2,1,2,5.75,2560,1.5009133538017902e+64,1.4843633605173566e+64,1.6549993284433581e+62,4.4699747824137957e+52,4.222279017389003e+48,5.646025387652511e+47,1.4497637885947179e+63,1.9386220386654604e+62,8.260202300862925e+46,1.100986813519932e+47,2.6976891159612235e+48,7.582313561402039e+47,0.000826547710965799,0.0002250490912107001,1.9167318946126758e+49,0.0,1.9167318946126758e+49,1728,2560,2.900617753265155e+50,8.383650113246169e+46,4.162317423922098e+48,5.675954012512748e-16,7.081047749474837e-16,0.8662801448127949,-1.0097875503777785e+47,-2.028240960365167e+31,0.9889733852773628,14380.530572471062,0.6098722126669059,0.00017627125253008843,0.008751521065786345,7.47832099129921,0.1633725496067146,1.5009133538017902e+64,2.1163432051173286e+65,8.707176188207121e+66,0.0008265477109658,0.0002250490912107,2.6976891159612267e+48,7.582313561402034e+47,4.2222790173890034e+48,1.9167318946126756e+49,0.0017237659160206,0.0,1.2029501536643742e-15,6.419911634432993e-16,1.180551276461437e-15,4.817625197474938e-16,1.5371724716530189e-16,1.3544661288124657e-16,1.9662518697371495e+65,8.692167054669103e+66,True
LOCAL_NEUTRAL_HAZARD_PRIMARY,2,1,3,5.75,2560,7.52947496850645e+63,7.44645034896499e+63,8.302461954146123e+61,2.2424054758916093e+52,2.118146533306072e+48,2.8323824769897736e+47,7.272878296952353e+62,9.725282326626662e+61,4.1438092546520313e+46,5.523205341638104e+46,1.3776170537111208e+48,3.56078407251054e+47,0.0004220894897026012,0.00010568690057810022,9.61546833151167e+48,0.0,9.61546833151167e+48,1728,2560,1.4551177769897976e+50,4.2057380269493875e+46,2.0880662281414068e+48,5.959219017427329e-16,6.113307316672162e-16,0.8662801448127962,-5.0657776574072e+46,-1.0141204801825835e+31,0.988973385277363,14380.530572471067,0.6098702094263281,0.0001762712525300884,0.008751521065786355,7.478320991299225,0.16337254960671377,7.52947496850645e+63,1.0532596740962403e+65,4.3333791665332214e+66,0.0004220894897026,0.0001056869005781,1.3776170537111169e+48,3.5607840725105328e+47,2.118146533306072e+48,9.61546833151167e+48,0.0017375527686699,0.0,2.8267816759458606e-15,2.0505785547862614e-15,2.8255202245721902e-15,2.0517247957031414e-15,0.0,0.0,9.779649244111758e+64,4.325849691564715e+66,True
LOCAL_NEUTRAL_HAZARD_PRIMARY,2,1,4,5.75,2560,7.5247632342328835e+62,7.441790569169934e+62,8.297266506294979e+60,2.2410022414323422e+51,2.1168210566082733e+47,2.830610051468897e+46,7.268327133679673e+61,9.719196517688965e+60,4.141216175032282e+45,5.519749074631751e+45,1.4160554027477904e+47,3.1655516021584795e+46,4.338666545440707e-05,9.395608681671247e-06,9.609451241092554e+47,0.0,9.609451241092554e+47,1728,2560,1.454204501609078e+49,4.203106194040706e+45,2.0867595748549857e+47,6.96174429530142e-16,6.755103126965019e-16,0.8662801448127975,-5.062613307447783e+45,-6.338253001141147e+29,0.988973385277363,14380.530572471062,0.6098690756302187,0.00017627125253008848,0.008751521065786349,7.478320991299332,0.1633725496067117,7.5247632342328835e+62,1.0567690922153503e+64,4.347817808530082e+65,4.338666545440701e-05,9.395608681671234e-06,1.4160554027477888e+47,3.1655516021584755e+46,2.1168210566082733e+47,9.609451241092553e+47,0.00173069883919,0.0,1.1458540147112654e-15,1.2814455205735267e-15,1.2494647389125118e-15,1.4424320568508547e-15,0.0,1.6885384269951835e-16,9.815214598730214e+63,4.340293045295849e+65,True
LOCAL_NEUTRAL_HAZARD_PRIMARY,2,1,5,5.75,2560,1.9132164902012197e+61,1.892120189082775e+61,2.1096301118444612e+59,5.697883520614646e+49,5.3821453595821875e+45,7.196996980798305e+44,1.8480160631593023e+60,2.4711644034929507e+59,1.0529292190237934e+44,1.403429532947287e+44,3.6122548490088053e+45,7.930121301279593e+44,1.1067624357485564e-06,2.3537230128930445e-07,2.4432610042270807e+46,0.0,2.4432610042270807e+46,1728,2560,3.697419076203033e+47,1.068665130076396e+44,5.305712226977264e+45,7.903583992898523e-16,6.205253016501107e-16,0.8662801448127991,-1.2871563819311389e+44,-2.9710560942849127e+28,0.988973385277363,14380.530572471058,0.609871767449135,0.00017627125253008848,0.008751521065786335,7.478320991299331,0.16337254960671183,1.9132164902012194e+61,2.7429486565785303e+62,1.1285190970106014e+64,1.106762435748556e-06,2.353723012893044e-07,3.612254849008804e+45,7.93012130127959e+44,5.382145359582188e+45,2.4432610042270807e+46,0.0016953337300797,1.4919876553602683e-16,3.5093055534995542e-16,3.9963152897285544e-16,3.826624937272159e-16,2.249183906237288e-16,1.1776443365389116e-16,0.0,2.5516270075584084e+62,1.1266058805204002e+64,True
LOCAL_NEUTRAL_HAZARD_PRIMARY,2,1,6,5.75,2560,2.9556811657327485e+65,2.923090008275259e+65,3.2591157457489545e+63,8.802520306862124e+53,8.314744176640407e+49,1.2464265686391194e+49,2.854954627365281e+64,4.279736362550483e+63,2.972446303968484e+48,3.9619177174675426e+48,4.4248862966141376e+49,2.380702462914856e+49,0.0135574541117852,0.007066114074332799,3.77453391717513e+50,0.0,3.77453391717513e+50,1696,2560,5.634874901936321e+51,3.016869186155427e+48,1.4978162267755016e+50,6.0196477427322595e-16,6.120914313678067e-16,0.850094417559976,-1.8496453409577374e+48,-3.2451855365842673e+32,0.988973385277363,14380.530572471062,0.601631631540546,0.00032210900192076715,0.015992078545580338,6.670865645714419,0.1831475001915019,2.955681165732748e+65,7.989752541206482e+65,1.7988841331707608e+67,0.0135574541117852,0.0070661140743328,4.4248862966141376e+49,2.3807024629148565e+49,8.314744176640406e+49,3.77453391717513e+50,0.0164306366998912,1.582310464904104e-16,0.0,2.1809936098346133e-16,0.0,2.454989344536734e-16,1.248937248874634e-16,0.0,5.034071375473734e+65,1.7693273215134334e+67,True
LOCAL_NEUTRAL_HAZARD_PRIMARY,2,1,7,5.75,2560,2.62012467102661e+65,2.5912335657539233e+65,2.889110527268636e+63,7.803176097143214e+53,7.37077686289936e+49,1.1049205986684183e+49,2.530833548809682e+64,3.793860771930809e+63,2.634986474394949e+48,3.5121238638541146e+48,4.249552014176666e+49,1.7834028310333527e+49,0.013020245621210506,0.0052932813070393795,3.346013620371492e+50,0.0,3.346013620371492e+50,1696,2560,4.9955156610376405e+51,2.674366056646765e+48,1.327770158005374e+50,6.192521289549009e-16,6.791902814017141e-16,0.8500944175599757,-1.6386364307518154e+48,-1.6225927682921336e+32,0.988973385277363,14380.53057247106,0.601675510970983,0.0003221090019207671,0.015992078545580338,6.670865645714419,0.18314750019150092,2.6201246710266093e+65,1.530480904011282e+66,3.4458611829935337e+67,0.0130202456212104,0.0052932813070394,4.249552014176631e+49,1.7834028310333595e+49,7.37077686289936e+49,3.3460136203714917e+50,0.0076036860798623,1.7849552317777446e-16,8.18636619486665e-15,3.7848913316932004e-15,8.12719937189228e-15,3.93266114235004e-15,0.0,1.2414287442041796e-16,1.268468436908621e+66,3.4196599362832673e+67,True
LOCAL_NEUTRAL_HAZARD_PRIMARY,2,1,8,5.75,2560,1.1971147275417158e+65,1.1839146046623185e+65,1.3200122879397283e+63,3.565210896560715e+53,3.3676510257595064e+49,5.0482968847124715e+48,1.1563183033766285e+64,1.7333856875374216e+63,1.2039049707262492e+48,1.6046622700297645e+48,2.0234594327486171e+49,7.32951044835745e+48,0.006199697928405408,0.002175456939448688,1.5287677826156426e+50,0.0,1.5287677826156426e+50,1696,2560,2.2824816065945818e+51,1.221897197737195e+48,6.0664793111384e+49,6.41482226350706e-16,5.948932944876843e-16,0.850094417559976,-7.484816419291817e+47,-1.6225927682921336e+32,0.9889733852773628,14380.53057247106,0.6016937215047264,0.00032210900192076704,0.01599207854558033,6.670865645714323,0.18314750019150455,1.1971147275417156e+65,8.619428155923589e+65,1.9406549159975474e+67,0.0061996979284054,0.0021754569394487,2.0234594327486148e+49,7.329510448357489e+48,3.367651025759507e+49,1.5287677826156424e+50,0.0061686120374799,1.9533655095292096e-16,1.154722228933833e-15,5.313073323708542e-15,1.2591348372199545e-15,5.382493788091626e-15,1.5418155915854755e-16,1.3585573734818185e-16,7.422313428381873e+65,1.9286837687221303e+67,True
LOCAL_NEUTRAL_HAZARD_PRIMARY,2,1,9,5.75,2560,5.656320426655006e+64,5.5939503605625e+64,6.237006609250617e+62,1.6845482521930342e+53,1.5912019832857163e+49,2.3853006008417413e+48,5.463558912632597e+63,8.190179809935994e+62,5.688404061032729e+47,7.58196667957662e+47,9.75405895882912e+48,3.269873108753741e+48,0.002988556041296698,0.0009705243202359902,7.223368184750368e+49,0.0,7.223368184750368e+49,1696,2560,1.0784728440652732e+51,5.7734166323608e+47,2.866387828670027e+49,5.908077013391799e-16,6.362176242792194e-16,0.8500944175599764,-3.536258447228058e+47,-4.056481920730334e+31,0.988973385277363,14380.530572471058,0.60169884406639,0.0003221090019207672,0.01599207854558032,6.670865645714431,0.183147500191502,5.656320426655005e+64,4.289708809257497e+65,9.658232934121512e+66,0.0029885560412967,0.000970524320236,9.754058958829126e+48,3.269873108753774e+48,1.5912019832857163e+49,7.223368184750367e+49,0.0058564754704474,2.0670705010892678e-16,5.323216601879254e-16,1.0122989905799451e-14,5.8045539451357605e-16,1.005417314014012e-14,0.0,1.4376387097355934e-16,3.724076766591997e+65,9.601669729854962e+66,True
LOCAL_NEUTRAL_HAZARD_PRIMARY,2,1,10,5.75,2560,5.282373844364234e+63,5.224127143161495e+63,5.824670120273953e+61,1.5731806113778198e+52,1.486005583771294e+48,2.227605325443722e+47,5.102356040727503e+62,7.648716541016604e+61,5.312336388613031e+46,7.080713159088509e+46,9.385020628313317e+47,2.7778826224244573e+47,0.0002875486012010007,8.244976346655764e-05,6.74582206968477e+48,0.0,6.74582206968477e+48,1696,2560,1.0071857751418416e+50,5.39172867005263e+46,2.6768872609511495e+48,5.773605495618784e-16,8.476246994999815e-16,0.8500944175599762,-3.3020867496375887e+46,-5.070602400912918e+30,0.988973385277363,14380.530572471063,0.6017061032423316,0.0003221090019207671,0.015992078545580338,6.670865645714385,0.18314750019150244,5.282373844364234e+63,4.3040019434115865e+64,9.690413770900208e+65,0.000287548601201,8.24497634665577e-05,9.385020628313293e+47,2.7778826224244597e+47,1.4860055837712936e+48,6.74582206968477e+48,0.0054511334286126,0.0,2.59337645470431e-15,8.761670247657796e-16,2.4508253880287885e-15,6.574925911857017e-16,2.1838313207063446e-16,0.0,3.775764558975163e+64,9.637590032456565e+65,True
LOCAL_NEUTRAL_HAZARD_PRIMARY,2,1,11,5.75,2560,1.3417594887854272e+62,1.326964423852148e+62,1.4795064933279184e+60,3.995987552341631e+50,3.774556953291961e+46,5.658271585362909e+45,1.296033721678353e+61,1.9428268991011134e+60,1.3493701822422845e+45,1.7985501118424102e+45,2.3984692643170233e+46,6.909922786723976e+45,7.348694364053399e-06,2.050919987541921e-06,1.713485459063919e+47,0.0,1.713485459063919e+47,1696,2560,2.5583308262500867e+48,1.3695363707962352e+45,6.79947877339667e+46,7.432729698047094e-16,6.340204040462418e-16,0.8500944175599774,-8.387254045922765e+44,-1.5845632502852868e+29,0.9889733852773631,14380.530572471062,0.6017082909214347,0.00032210900192076715,0.01599207854558034,6.67086564571444,0.1831475001915013,1.341759488785427e+62,1.1171462560324096e+63,2.5152426987486685e+64,7.348694364053402e-06,2.050919987541921e-06,2.398469264317025e+46,6.909922786723976e+45,3.7745569532919616e+46,1.713485459063919e+47,0.0053345130052577,1.701941612797289e-16,6.34229816035203e-16,0.0,4.610522116133254e-16,0.0,1.343363595690513e-16,0.0,9.829703071538668e+62,2.5018251038608143e+64,True
LOCAL_NEUTRAL_HAZARD_PRIMARY,2,1,12,5.75,2560,1.6293548908490387e+65,1.6113886222212018e+65,1.7966268627836718e+63,4.852495485665187e+53,4.583603010850792e+49,9.525060987037553e+48,1.5738281717190877e+64,3.2705295993685066e+63,4.2925810723874304e+48,5.72150049662742e+48,2.349417091254149e+49,1.402245794108794e+49,0.007198402912295117,0.004161976935704309,2.0807573462005013e+50,0.0,2.0807573462005013e+50,1648,2560,3.010024727099011e+51,4.3567332230930484e+48,2.163032373835424e+50,6.146721810510096e-16,6.253338589192752e-16,0.7921927146725309,-8.797920587991299e+47,-1.6225927682921336e+32,0.9889733852773629,14380.530572471058,0.5829862902268146,0.000843818895031749,0.04189394884068454,4.812150827263486,0.2538890427548658,1.6293548908490384e+65,2.0912378197879003e+65,1.797326192039469e+66,0.0071984029122951,0.0041619769357043,2.349417091254144e+49,1.4022457941087911e+49,4.5836030108507917e+49,2.080757346200501e+50,0.0906543786022597,1.435170835318099e-16,2.2100362161590952e-15,2.0365639777220038e-15,2.2893790779106687e-15,2.0840138025455554e-15,1.132798116731111e-16,1.9963103792053604e-16,4.618829289388616e+64,1.634390702954565e+66,True
LOCAL_NEUTRAL_HAZARD_PRIMARY,2,1,13,5.75,2560,1.0508210871567759e+65,1.0392340878862756e+65,1.1586999270500273e+63,3.1295235987618106e+53,2.9561065707713637e+49,6.143004816107123e+48,1.0150101980189412e+64,2.109265138300203e+63,2.768417570983732e+48,3.689971660441069e+48,1.5762268030951215e+49,8.433359907345919e+48,0.004829417327419205,0.0025030882297759995,1.3419444155008468e+50,0.0,1.3419444155008468e+50,1649,2560,1.9414159240282845e+51,2.8097912662581812e+48,1.3950061115565996e+50,7.917667159871018e-16,6.738624343019719e-16,0.79219271467253,-5.674049606328856e+47,-4.056481920730334e+31,0.988973385277363,14380.530572471062,0.5830338571705349,0.000843818895031749,0.041893948840684606,4.812150827263514,0.2538890427548648,1.0508210871567758e+65,4.0058806983379535e+65,3.442876861340617e+66,0.0048294173274192,0.002503088229776,1.57622680309512e+49,8.43335990734592e+48,2.9561065707713637e+49,1.3419444155008466e+50,0.0305215995075582,1.1126549744336115e-16,9.882391636163831e-16,1.539213586156821e-16,1.0775979947691704e-15,1.7325832299287813e-16,0.0,1.5476935701832132e-16,2.9550596111811775e+65,3.337794752624939e+66,True
LOCAL_NEUTRAL_HAZARD_PRIMARY,2,1,14,5.75,2560,1.999414080716113e+64,1.9773673119770412e+64,2.204676873907193e+62,5.9545945792047e+52,5.624631227842766e+48,1.1688393464261555e+48,1.9312761294889615e+63,4.013332496868568e+62,5.2675123675938894e+47,7.020968065354938e+47,2.973042526381833e+48,1.6306982800092998e+48,0.0009109135223350005,0.00048400420660949943,2.553339091386585e+49,0.0,2.553339091386585e+49,1650,2560,3.694730999885033e+50,5.3462347589829105e+47,2.654300428703871e+49,5.96307770344488e-16,5.678089784574306e-16,0.7921927146725309,-1.0794147339081482e+47,-2.028240960365167e+31,0.9889733852773631,14380.530572471063,0.5831550559062354,0.0008438188950317491,0.04189394884068461,4.812150827263512,0.2538890427548651,1.999414080716113e+64,2.256049114368468e+65,1.93897419289842e+66,0.000910913522335,0.0004840042066095,2.973042526381832e+48,1.630698280009302e+48,5.6246312278427655e+48,2.553339091386585e+49,0.0103117106356498,0.0,4.3661474839831905e-16,1.3930411918972705e-15,5.951180578076734e-16,1.2320372152222593e-15,1.1539193967135528e-16,0.0,2.0561077062968564e+65,1.918980052091259e+66,True
LOCAL_NEUTRAL_HAZARD_PRIMARY,2,1,15,5.75,2560,2.434507332482713e+64,2.4076629580879915e+64,2.684437439472149e+62,7.250376150118725e+52,6.848609349490069e+48,1.423190917185904e+48,2.351541856005006e+63,4.886675294303353e+62,6.4137777194495434e+47,8.54880357255046e+47,3.756245316188713e+48,1.849317262421756e+48,0.0011508798213820995,0.0005488920576787998,3.108972173522464e+49,0.0,3.108972173522464e+49,1649,2560,4.497930107803228e+50,6.509630920102459e+47,3.231903745509876e+49,7.728928471281911e-16,5.857509433393045e-16,0.7921927146725314,-1.3145449344620339e+47,-3.0423614405477506e+31,0.9889733852773631,14380.530572471067,0.5830497089744093,0.000843818895031749,0.04189394884068467,4.812150827263515,0.25388904275486485,2.434507332482713e+64,1.122788378179475e+65,9.64986832738211e+65,0.0011508798213821,0.0005488920576788,3.7562453161887146e+48,1.8493172624217565e+48,6.848609349490069e+48,3.108972173522464e+49,0.0252283994961324,0.0,3.455775928795837e-16,3.50960389818085e-16,3.768255042245777e-16,3.950511425034889e-16,0.0,0.0,8.793376449312038e+64,9.406417594133838e+65,True
LOCAL_NEUTRAL_HAZARD_PRIMARY,2,1,16,5.75,2560,2.4257770443878177e+63,2.399028935516336e+63,2.67481088714817e+61,7.224375870003589e+51,6.824049829018439e+47,1.4180872699077573e+47,2.3431090870434138e+62,4.869151386046355e+61,6.390777531066332e+46,8.518147054470136e+46,3.790383971600189e+47,1.7950767261934742e+47,0.00011613395987220029,5.327930355451851e-05,3.0978232143915066e+48,0.0,3.0978232143915066e+48,1649,2560,4.481811826954712e+49,6.486286996440511e+46,3.2203139464499904e+48,5.845688443370552e-16,6.545028192934161e-16,0.7921927146725296,-1.3098308981400072e+46,-2.535301200456459e+30,0.9889733852773629,14380.53057247106,0.5830512133731539,0.0008438188950317491,0.04189394884068456,4.8121508272634905,0.2538890427548657,2.4257770443878177e+63,1.1265294630944609e+64,9.682021293633596e+64,0.0001161339598722,5.327930355451851e-05,3.79038397160018e+47,1.7950767261934744e+47,6.8240498290184394e+47,3.0978232143915066e+48,0.0250544485579977,0.0,2.3544475421151525e-15,1.1298909571771485e-16,2.4506446743970206e-15,0.0,1.1888781654203753e-16,0.0,8.839517586556792e+63,9.439443589194814e+64,True
LOCAL_NEUTRAL_HAZARD_PRIMARY,2,1,17,5.75,2560,6.411334779823887e+61,6.340639461348926e+61,7.069531847496142e+59,1.909404344683437e+50,1.8035980721830294e+46,3.74800819202228e+45,6.192843162333568e+60,1.2869179260233727e+60,1.6890840957472607e+45,2.2513483914908407e+45,1.004007979907423e+46,4.722306758945844e+45,3.076190257335352e-06,1.4016181682716129e-06,8.187554483681408e+46,0.0,8.187554483681408e+46,1649,2560,1.1845415641188739e+48,1.7143272712720913e+45,8.511297794079505e+46,7.318483458190594e-16,5.640338152666702e-16,0.7921927146725279,-3.4618863313764782e+44,-7.922816251426434e+28,0.9889733852773629,14380.530572471056,0.5830500223054115,0.000843818895031749,0.041893948840684536,4.8121508272634745,0.2538890427568482,6.411334779823886e+61,2.924018596071282e+62,2.5130643483018166e+63,3.076190257335354e-06,1.4016181682716122e-06,1.0040079799074236e+46,4.722306758945842e+45,1.8035980721830297e+46,8.187554483681408e+46,0.0255120199534735,1.7809055265027541e-16,6.312950821093651e-16,4.026582764324291e-16,5.507025745462273e-16,4.532437755313246e-16,1.4056907908466515e-16,0.0,2.2828851180888934e+62,2.4489510005035778e+63,True
LOCAL_NEUTRAL_HAZARD_PRIMARY,2,2,0,5.75,2560,8.398919489755026e+64,8.293403378504403e+64,1.0551611125062282e+63,2.486298430151768e+53,2.4025341766259005e+49,3.53577352636149e+48,8.249353100040652e+63,1.214044927414723e+63,4.627317933917525e+47,6.749638924159217e+47,1.3144273316683645e+49,7.257133412154174e+48,0.004027287265213111,0.0021539748600145014,0.0,1.2497620591577774e+49,-1.2497620591577774e+49,1728,2560,1.519416722499775e+51,4.70617173296386e+47,2.2438153170484171e+49,6.583284984674908e-16,7.461463263408234e-16,0.8528314993076634,-5.780627551210523e+47,-8.112963841460668e+31,0.9874369421710338,14294.049963317244,0.5708965923586612,0.00017682689453249193,0.00843077807040063,6.794932307494942,0.17331028067606727,8.398919489755025e+64,1.961737854909865e+65,8.062818293320634e+66,0.0040272872652131,0.0021539748600145,1.3144273316683608e+49,7.257133412154169e+48,2.4025341766259005e+49,-1.2497620591577774e+49,0.0104168532443709,1.3920853882346535e-16,2.7651645042720444e-15,7.154749077423354e-16,2.799825751504362e-15,6.040194020527455e-16,0.0,0.0,1.1218459059343623e+65,7.978829098423084e+66,True
LOCAL_NEUTRAL_HAZARD_PRIMARY,2,2,1,5.75,2560,2.849615625811634e+64,2.8138157399142365e+64,3.579988589739696e+62,8.435602776802021e+52,8.151404403400633e+48,1.1996299645854422e+48,2.798870202933583e+63,4.119055313982121e+62,1.5699730788197362e+47,2.290041781009084e+47,5.184636523953878e+48,1.737226160162689e+48,0.001588526055767197,0.0005156225278816999,0.0,4.2402376837480546e+48,-4.2402376837480546e+48,1728,2560,5.155988069290352e+50,1.5967268794950658e+47,7.612897345540745e+48,6.187279594575945e-16,6.148661318962418e-16,0.8528314993076626,-1.96127211565963e+47,-2.028240960365167e+31,0.9874369421710338,14294.04996331724,0.570991426428235,0.00017682689453249196,0.00843077807040062,6.794932307494941,0.1733102806760678,2.849615625811633e+64,3.757816415628604e+65,1.544477049420193e+67,0.0015885260557672,0.0005156225278817,5.184636523953888e+48,1.7372261601626892e+48,8.151404403400633e+48,-4.2402376837480546e+48,0.0018450359148304,2.05150705111625e-16,2.002955013160729e-15,1.8680270945726257e-16,1.911058412884042e-15,2.1027052036296103e-16,0.0,0.0,3.4728548530474407e+65,1.5416274337943813e+67,True
LOCAL_NEUTRAL_HAZARD_PRIMARY,2,2,2,5.75,2560,1.4187337036216432e+64,1.4009100700591408e+64,1.782363356250215e+62,4.199820446452189e+52,4.058327043901044e+48,5.972579063701152e+47,1.3934691587863663e+63,2.0507476685961342e+62,7.816400571799193e+46,1.1401395430283615e+47,2.6523302795208517e+48,7.938467391779878e+47,0.0008126501709528,0.00023562001988690058,0.0,2.1110805467268986e+48,-2.1110805467268986e+48,1728,2560,2.5670611322567635e+50,7.949599303495701e+46,3.790221371787339e+48,6.414394850970486e-16,7.579689627868907e-16,0.8528314993076611,-9.7645550061409e+46,-2.028240960365167e+31,0.9874369421710336,14294.04996331724,0.5710041862014605,0.00017682689453249193,0.008430778070400628,6.794932307494873,0.17331028067606918,1.418733703621643e+64,2.1163432051173286e+65,8.698252249380606e+66,0.0008126501709528,0.0002356200198869,2.6523302795208517e+48,7.938467391779859e+47,4.058327043901044e+48,-2.1110805467268986e+48,0.0016310560592476,2.0602902907009044e-16,0.0,2.452754701703196e-15,0.0,2.415780037825789e-15,0.0,0.0,1.9744698347551644e+65,8.68406491234439e+66,True
LOCAL_NEUTRAL_HAZARD_PRIMARY,2,2,3,5.75,2560,7.110833023685977e+63,7.021499217197287e+63,8.93338064886888e+61,2.1049913629279782e+52,2.0340734762995016e+48,2.9935154380506204e+47,6.984204637199859e+62,1.0278549249852205e+62,3.9176569338152844e+46,5.714491657934383e+46,1.354453855903396e+48,3.7280399999135766e+47,0.0004149924939764009,0.0001106511894006,0.0,1.0580943575955284e+48,-1.0580943575955284e+48,1728,2560,1.2866329276430084e+50,3.9844174497347117e+46,1.8996962734292937e+48,7.419349152648881e-16,6.557567803855089e-16,0.8528314993076621,-4.894091119568016e+46,-2.028240960365167e+31,0.9874369421710337,14294.04996331724,0.5710026819943519,0.00017682689453249196,0.008430778070400621,6.794932307494936,0.17331028067606732,7.110833023685976e+63,1.0532596740962403e+65,4.3289379091429536e+66,0.0004149924939764,0.0001106511894006,1.354453855903393e+48,3.728039999913577e+47,2.0340734762995016e+48,-1.0580943575955284e+48,0.0016426276312874,2.0553170528160113e-16,2.2761397491085426e-15,2.1762008566562432e-16,2.220695217357558e-15,0.0,0.0,0.0,9.821513438593805e+64,4.321827076119268e+66,True
LOCAL_NEUTRAL_HAZARD_PRIMARY,2,2,4,5.75,2560,7.096063178453424e+62,7.006914926384516e+62,8.914825206890846e+60,2.1006191049178766e+51,2.029848521173076e+47,2.987297634936166e+46,6.969697810612835e+61,1.0257199770666147e+61,3.909519604982789e+45,5.7026221403843535e+45,1.3922459040832802e+47,3.314242805606785e+46,4.2657163804125756e-05,9.836935988120623e-06,0.0,1.0558965996322822e+47,-1.0558965996322822e+47,1728,2560,1.2839586520010583e+49,3.976141453254631e+45,1.895750431942937e+47,6.041960286007147e-16,6.427613886534073e-16,0.8528314993076602,-4.883925648356772e+45,-1.2676506002282294e+30,0.9874369421710337,14294.04996331724,0.5710018715647847,0.00017682689453249196,0.008430778070400616,6.794932307494866,0.17331028067606927,7.096063178453424e+62,1.0567690922153503e+64,4.343361753051992e+65,4.265716380412566e-05,9.836935988120658e-06,1.3922459040832772e+47,3.314242805606798e+46,2.0298485211730763e+47,-1.0558965996322822e+47,0.0016337720829878,0.0,2.185218452878828e-15,3.824857364353961e-15,2.2239568136338717e-15,3.6165106520610056e-15,1.9984160780559327e-16,0.0,9.858084604308161e+63,4.336265689873538e+65,True
LOCAL_NEUTRAL_HAZARD_PRIMARY,2,2,5,5.75,2560,1.8039057774616682e+61,1.7812432048614107e+61,2.266257260025739e+59,5.340029878980858e+49,5.160122426522964e+45,7.594074809003367e+44,1.7717821602691287e+60,2.607505240802542e+59,9.938475497149068e+43,1.4496760763004166e+44,3.5515185410674186e+45,8.302612237448348e+44,1.0881533766081056e-06,2.464281282463655e-07,0.0,2.684217894595941e+45,-2.684217894595941e+45,1728,2560,3.263991366796529e+47,1.0107836358207444e+44,4.81922873402693e+45,5.760225363492132e-16,6.017945489686212e-16,0.8528314993076637,-1.2415534462143993e+44,-3.961408125713217e+28,0.9874369421710336,14294.049963317244,0.5710039584315645,0.00017682689453249193,0.008430778070400626,6.794932307494834,0.17331028067607024,1.803905777461668e+61,2.7429486565785303e+62,1.127362483756362e+64,1.088153376608106e-06,2.464281282463648e-07,3.55151854106742e+45,8.30261223744832e+44,5.160122426522964e+45,-2.6842178945959407e+45,0.0016001115909508,1.582397163464141e-16,3.569319955872265e-16,3.2444698709822723e-15,3.8920659783025966e-16,3.00758616364828e-15,0.0,1.1806517298580288e-16,2.5625580788323636e+62,1.1255585779789004e+64,True
LOCAL_NEUTRAL_HAZARD_PRIMARY,2,2,6,5.75,2560,2.8171551156636027e+65,2.781763033032353e+65,3.539208263124938e+63,8.33951123131046e+53,8.058550215291692e+49,1.3143766154909152e+49,2.766987743488032e+64,4.513049975775329e+63,2.8362078442913734e+48,4.137035564925773e+48,4.3504864361528903e+49,2.4925280019526093e+49,0.013329499622898444,0.0073980211595622005,0.0,4.191936334921698e+49,-4.191936334921698e+49,1696,2560,5.0342001136673685e+51,2.884539462434162e+48,1.3752948671858543e+50,7.621472517062382e-16,6.194480234539357e-16,0.8368966401677669,-1.8780780122960438e+48,-4.867778304876401e+32,0.9874369421710338,14294.049963317237,0.5639280301739683,0.00032312435347838376,0.015405969326783368,6.1310815487095764,0.19207567474529583,2.8171551156636022e+65,7.989752541206482e+65,1.797040466336254e+67,0.0133294996228984,0.0073980211595622,4.350486436152876e+49,2.492528001952609e+49,8.058550215291692e+49,-4.191936334921698e+49,0.015676637050957,1.660116339869071e-16,3.341794398686545e-15,2.0831448450999385e-16,3.38368368291304e-15,1.172423975656393e-16,0.0,0.0,5.17259742554288e+65,1.768868915179618e+67,True
LOCAL_NEUTRAL_HAZARD_PRIMARY,2,2,7,5.75,2560,2.4887380141030135e+65,2.457471854510691e+65,3.1266159592322123e+63,7.3673112655397425e+53,7.119104002418483e+49,1.1611497817896142e+49,2.4444190323377566e+64,3.986929570121653e+63,2.50556962189936e+48,3.6547500060896016e+48,4.1781002172978005e+49,1.8671722167539052e+49,0.012801323734306617,0.005541915499954609,0.0,3.703250577652983e+49,-3.703250577652983e+49,1696,2560,4.4475881734253696e+51,2.5482668573786122e+48,1.2149663316497715e+50,8.027676113912478e-16,5.519964170354699e-16,0.8368966401677655,-1.6591362387765407e+48,-3.2451855365842673e+32,0.9874369421710338,14294.049963317244,0.5639613641385031,0.0003231243534783837,0.015405969326783389,6.131081548709601,0.19207567474529516,2.488738014103013e+65,1.530480904011282e+66,3.442329538090868e+67,0.0128013237343066,0.0055419154999546,4.178100217297795e+49,1.8671722167539023e+49,7.119104002418482e+49,-3.703250577652983e+49,0.0072298075665448,1.879187448802037e-16,1.3670152096261248e-15,1.5294589575453966e-15,1.3551125742784508e-15,1.5650937622479225e-15,1.4586939190018614e-16,0.0,1.2816071026009807e+66,3.4174421579498375e+67,True
LOCAL_NEUTRAL_HAZARD_PRIMARY,2,2,8,5.75,2560,1.1349352644960785e+65,1.1206770071360814e+65,1.4258257359997105e+63,3.359703316459324e+53,3.2465137504125724e+49,5.2951730043386435e+48,1.1147245492633312e+64,1.8181531927233125e+63,1.1426109560063902e+48,1.6666698709640325e+48,1.9894370671206655e+49,7.673789697670713e+48,0.006095456456454308,0.0022776417561979068,0.0,1.688787509985724e+49,-1.688787509985724e+49,1696,2560,2.028276494702703e+51,1.1620821088426047e+48,5.540591766392685e+49,6.210165386982471e-16,5.671051766492016e-16,0.8368966401677653,-7.566132776211675e+47,-1.6225927682921336e+32,0.987436942171034,14294.049963317244,0.5639752355183882,0.0003231243534783837,0.015405969326783389,6.131081548709579,0.1920756747452958,1.1349352644960783e+65,8.619428155923589e+65,1.93866594903749e+67,0.0060954564564543,0.0022776417561979,1.989437067120663e+49,7.673789697670691e+48,3.246513750412573e+49,-1.688787509985724e+49,0.0058542074515702,2.0603841407357418e-16,1.3049663506193982e-15,2.875666719856979e-15,1.4229643738492767e-15,3.046525593862664e-15,1.599345407939511e-16,0.0,7.484492891427511e+65,1.9273165963925294e+67,True
LOCAL_NEUTRAL_HAZARD_PRIMARY,2,2,9,5.75,2560,5.357449140430644e+64,5.290143197063669e+64,6.730594336697463e+62,1.5859441686181898e+53,1.5325131613798928e+49,2.4995804560819203e+48,5.26204468668037e+63,8.582571679849677e+62,5.393682155802134e+47,7.867496364686933e+47,9.590054603276952e+48,3.4234644662070497e+48,0.0029383065800566975,0.0010161114555250006,0.0,7.97190243071726e+48,-7.97190243071726e+48,1696,2560,9.574522358646905e+50,5.485595513584604e+47,2.615430106449047e+49,5.905357473147124e-16,6.85345450393745e-16,0.8368966401677655,-3.5715844600438375e+47,-1.6225927682921336e+32,0.9874369421710338,14294.049963317239,0.5639791230214986,0.0003231243534783838,0.01540596932678337,6.1310815487095764,0.19207567474529633,5.357449140430643e+64,4.289708809257497e+65,9.648334262265868e+66,0.0029383065800567,0.001016111455525,9.59005460327696e+48,3.423464466207048e+48,1.5325131613798928e+49,-7.97190243071726e+48,0.0055527192516363,2.1823843385487354e-16,8.121377416496564e-16,5.687546464029225e-16,8.855730820011977e-16,6.402066426415729e-16,0.0,0.0,3.7539638952144326e+65,9.594759770861562e+66,True
LOCAL_NEUTRAL_HAZARD_PRIMARY,2,2,10,5.75,2560,4.9960185641304514e+63,4.933253293994693e+63,6.276527013575796e+61,1.4789513256030667e+52,1.4291249442291015e+48,2.330950800238301e+47,4.907050398583149e+62,8.003564068750476e+61,5.029807184924684e+46,7.336730011037472e+46,9.227221268427616e+47,2.908364371603602e+47,0.0002827137705700998,8.632256545958576e-05,0.0,7.434092511440743e+47,-7.434092511440743e+47,1703,2560,8.928681982377577e+49,5.115519774953279e+46,2.4389848643443755e+48,6.041926301151395e-16,8.030516730828753e-16,0.8368966401677681,-3.3306340009985595e+46,-1.0141204801825835e+31,0.9874369421710341,14294.049963317239,0.5639846427914942,0.0003231243534783839,0.015405969326783377,6.1310815487096395,0.19207567474529433,4.9960185641304514e+63,4.3040019434115865e+64,9.68048211707514e+65,0.0002827137705701,8.632256545958578e-05,9.227221268427624e+47,2.9083643716036022e+47,1.4291249442291017e+48,-7.434092511440743e+47,0.0051609191605427,0.0,8.792423640278833e-16,1.394763998739844e-16,7.669963654753578e-16,1.5699866059256296e-16,1.135375024307194e-16,0.0,3.804400086998541e+64,9.630521931433835e+65,True
LOCAL_NEUTRAL_HAZARD_PRIMARY,2,2,11,5.75,2560,1.2686396393898432e+62,1.25270164623607e+62,1.5937993153773232e+60,3.7555030116561715e+50,3.6289788170660936e+46,5.918986378235163e+45,1.2460479416192502e+61,2.0323460579014952e+60,1.2772195882330341e+45,1.8630167994828674e+45,2.3581414984437304e+46,7.23449330839622e+45,7.225133712183913e-06,2.147255097326865e-06,0.0,1.8877400717878237e+46,-1.8877400717878237e+46,1703,2560,2.2672681007364688e+48,1.298984597291597e+45,6.1933174167812e+46,6.50283551402106e-16,6.146984671415992e-16,0.8368966401677662,-8.457483221345459e+44,-2.37684487542793e+29,0.987436942171034,14294.049963317242,0.5639863172666842,0.00032312435347838376,0.01540596932678337,6.131081548709577,0.19207567474529605,1.268639639389843e+62,1.1171462560324096e+63,2.512664839808835e+64,7.225133712183906e-06,2.147255097326864e-06,2.3581414984437284e+46,7.234493308396217e+45,3.6289788170660936e+46,-1.8877400717878237e+46,0.0050489807446279,1.8000354375083532e-16,8.601014662197823e-16,5.256694060758965e-16,9.378737955544587e-16,5.91708652811288e-16,0.0,0.0,9.902822920934252e+62,2.4999784434149367e+64,True
LOCAL_NEUTRAL_HAZARD_PRIMARY,2,2,12,5.75,2560,1.5553502762569976e+65,1.5358103207920825e+65,1.953995546491488e+63,4.604241003751642e+53,4.4491225328330464e+49,9.792857916221211e+48,1.5276528890103672e+64,3.362480483956758e+63,4.102058862659703e+48,5.983469595994481e+48,2.3099140866484946e+49,1.4681116023029231e+49,0.0070773692548588936,0.004357471887949612,0.0,2.3143664686125698e+49,-2.3143664686125698e+49,1664,2560,2.6989474772162766e+51,4.1719617588625795e+48,1.989113918454624e+50,6.864467502290856e-16,6.170716644723774e-16,0.7798923755425309,-8.99099911263068e+47,-1.6225927682921336e+32,0.987436942171034,14294.049963317242,0.5476085111321056,0.00084647877980463,0.040358536820455475,4.5432319869191335,0.25920569954989364,1.5553502762569974e+65,2.0912378197879003e+65,1.795484121930588e+66,0.0070773692548589,0.0043574718879496,2.3099140866484967e+49,1.468111602302919e+49,4.449122532833046e+49,-2.3143664686125698e+49,0.0866256770115356,1.5034572310983792e-16,8.99132463591915e-16,2.8293744701097862e-15,8.578798063631444e-16,2.786722357387717e-15,1.1670384036891322e-16,0.0,5.358875435309026e+64,1.639949094304888e+66,True
LOCAL_NEUTRAL_HAZARD_PRIMARY,2,2,13,5.75,2560,1.0014910009858213e+65,9.889092116252474e+64,1.2581789360573927e+63,2.9646736185523277e+53,2.864792739574051e+49,6.305627244706764e+48,9.836566362759801e+63,2.1651032549254006e+63,2.6413182285563907e+48,3.852759758709564e+48,1.5497241889386132e+49,8.829488794608771e+48,0.004748215698454299,0.0026206624310524066,0.0,1.4902219948015366e+49,-1.4902219948015366e+49,1664,2560,1.7379811422653273e+51,2.6863287464819744e+48,1.2807916773975548e+50,6.108652879800066e-16,5.855385546664712e-16,0.7798923755425287,-5.785185985119542e+47,-1.6225927682921336e+32,0.9874369421710341,14294.049963317242,0.5476485923604298,0.0008464787798046301,0.04035853682045547,4.54323198691913,0.25920569954989375,1.0014910009858213e+65,4.0058806983379535e+65,3.439348275053429e+66,0.0047482156984543,0.0026206624310524,1.5497241889386135e+49,8.829488794608749e+48,2.864792739574051e+49,-1.4902219948015366e+49,0.0291186271611374,0.0,1.6752325657673853e-16,2.499268322561001e-15,1.8267109016777782e-16,2.482278128549605e-15,0.0,0.0,3.0043896973521323e+65,3.339199174954847e+66,True
LOCAL_NEUTRAL_HAZARD_PRIMARY,2,2,14,5.75,2560,1.906237506211651e+64,1.8822893341853696e+64,2.3948172026281254e+62,5.642958388839951e+52,5.452845170174619e+48,1.2002127969415808e+48,1.872291584704725e+63,4.121056530010884e+62,5.027483889678996e+47,7.333341135612665e+47,2.9230539087584895e+48,1.7072948799669108e+48,0.0008955974589581993,0.0005067386860935007,0.0,2.8364878528873083e+48,-2.8364878528873083e+48,1664,2560,3.3086944924814206e+50,5.113156888596911e+47,2.437858283994223e+49,6.765264198820437e-16,6.33047643531742e-16,0.7798923755425261,-1.099358376139094e+47,-4.056481920730334e+31,0.9874369421710338,14294.049963317244,0.5477515628335269,0.0008464787798046298,0.04035853682045545,4.543231986919092,0.259205699549896,1.906237506211651e+64,2.256049114368468e+65,1.936986948502578e+66,0.0008955974589582,0.0005067386860935,2.923053908758492e+48,1.7072948799669085e+48,5.4528451701746195e+48,-2.836487852887308e+48,0.0098412511642646,0.0,8.881630343827888e-16,1.330543365568468e-15,8.474136601757319e-16,1.2837411497161123e-15,1.1902723936980388e-16,1.1440858219367797e-16,2.0654253637473028e+65,1.9179245734404615e+66,True
LOCAL_NEUTRAL_HAZARD_PRIMARY,2,2,15,5.75,2560,2.3174770329514257e+64,2.2883624349691562e+64,2.9114597982269494e+62,6.860334256053176e+52,6.629207223623221e+48,1.4591390540280691e+48,2.276207834754285e+63,5.010106992792683e+62,6.112081212282446e+47,8.915389399904704e+47,3.693087958315696e+48,1.936182758191831e+48,0.0011315289742916024,0.0005746744270339,0.0,3.448413658786849e+48,-3.448413658786849e+48,1664,2560,4.021832160863807e+50,6.216236757795196e+47,2.9637862880868634e+49,6.043624986580365e-16,5.686693861034688e-16,0.7798923755425284,-1.3383579198773371e+47,-3.0423614405477506e+31,0.987436942171034,14294.049963317244,0.5476618270431676,0.0008464787798046298,0.04035853682045547,4.543231986919114,0.2592056995498944,2.3174770329514257e+64,1.122788378179475e+65,9.639978228367674e+65,0.0011315289742916,0.0005746744270339,3.6930879583156875e+48,1.936182758191831e+48,6.629207223623221e+48,-3.448413658786849e+48,0.0240402724783315,0.0,2.2846686811562353e-15,0.0,2.1079838286610385e-15,0.0,0.0,0.0,8.910406748843326e+64,9.408230525072531e+65,True
LOCAL_NEUTRAL_HAZARD_PRIMARY,2,2,16,5.75,2560,2.3079162409797003e+63,2.2789217557798625e+63,2.8994485199837776e+61,6.83203182727135e+51,6.6018583134500744e+47,1.4531193503783506e+47,2.2668172995804452e+62,4.9894377088976784e+61,6.086865714500145e+46,8.878608805237495e+46,3.726652607746277e+47,1.8793944541110294e+47,0.00011418128813549997,5.5781920715776705e-05,0.0,3.4341871680146278e+47,-3.4341871680146278e+47,1664,2560,4.005248509734746e+49,6.190591564490915e+46,2.95155913599597e+48,6.911844884962781e-16,6.060900833522335e-16,0.7798923755425295,-1.3327830230873411e+46,-2.535301200456459e+30,0.987436942171034,14294.049963317242,0.5476629876184357,0.00084647877980463,0.040358536820455475,4.5432319869191335,0.2592056995498939,2.3079162409797003e+63,1.1265294630944609e+64,9.672098241214091e+64,0.0001141812881355,5.578192071577672e-05,3.7266526077462784e+47,1.8793944541110302e+47,6.6018583134500744e+47,-3.4341871680146278e+47,0.0238615880796719,0.0,4.3540220650548077e-16,4.3167967340300415e-16,2.373861317799445e-16,2.4295554871841773e-16,0.0,0.0,8.957378389964908e+63,9.441306617116121e+64,True
LOCAL_NEUTRAL_HAZARD_PRIMARY,2,2,17,5.75,2560,6.09924842852616e+61,6.022623217805354e+61,7.662521072080602e+59,1.8055360348968576e+50,1.744706901779495e+46,3.8402329152525745e+45,5.990634151589883e+60,1.3185842521003101e+60,1.6086071705988435e+45,2.34639541250669e+45,9.871266300661038e+45,4.944121331349838e+45,3.024467317924726e-06,1.4674544958417965e-06,0.0,9.075702278880798e+45,-9.075702278880798e+45,1664,2560,1.058485508212758e+48,1.636019332111482e+45,7.800236465376888e+46,6.335523708449747e-16,6.661060742445053e-16,0.7798923755425275,-3.5222569078587414e+44,-1.5845632502852868e+29,0.9874369421710336,14294.049963317239,0.5476619400801582,0.0008464787798046298,0.040358536820455385,4.543231986919066,0.2592056995495125,6.099248428526159e+61,2.924018596071282e+62,2.510488721941835e+63,3.024467317924717e-06,1.4674544958417912e-06,9.871266300661008e+45,4.9441213313498206e+45,1.7447069017794953e+46,-9.075702278880797e+45,0.0242950640455714,1.8720309027331671e-16,3.082037651384216e-15,3.589537394777065e-15,3.080662292026525e-15,3.607577567372902e-15,1.4531387466115972e-16,1.396752076341308e-16,2.314093753218666e+62,2.4494962376565735e+63,True
LOCAL_NEUTRAL_HAZARD_PRIMARY,3,1,0,5.65,2560,4.290447565269218e+64,4.236241856383481e+64,5.420570888573734e+62,1.2648584841818452e+53,1.4825674067695716e+49,1.7452921695764575e+48,5.283251704948753e+63,6.219493149819174e+62,2.2419073919110645e+47,3.2858260956107827e+47,9.22649974452501e+48,3.965525336336954e+48,0.0018783645213248015,0.001001694479232701,0.0,1.328732878319268e+50,-1.328732878319268e+50,1792,2560,9.881368835852396e+50,2.280465701439092e+47,1.0811780466578354e+49,6.607024515881544e-16,6.708185776011835e-16,0.8822790679461052,-3.908674292294461e+47,-4.056481920730334e+31,0.9873659547025985,14235.240136797856,0.7268059577246659,0.00016773547124149168,0.007952406784178558,8.494666008438902,0.13229903361148102,4.2904475652692175e+64,1.9427047006535542e+65,1.0445870633980244e+67,0.0018783645213248,0.0010016944792327,9.226499744525003e+48,3.96552533633695e+48,1.4825674067695716e+49,-1.3287328783192678e+50,0.0041073144744033,1.3625633364328937e-16,7.034488975106633e-16,1.145689250699552e-15,8.0808758057735815e-16,1.0823681221803323e-15,0.0,1.563082224653802e-16,1.5136599441266323e+65,1.0402966158327553e+67,True
LOCAL_NEUTRAL_HAZARD_PRIMARY,3,1,1,5.65,2560,1.2589475164673639e+64,1.2430419165172642e+64,1.5905599950099837e+62,3.711478635081487e+52,4.35030268137281e+48,5.1212168636778314e+47,1.5502663793537911e+63,1.8249880310935165e+62,6.578436632214514e+46,9.641610903484591e+46,3.029268016778825e+48,8.416724760422872e+47,0.0006167094484208009,0.0002126070573419007,0.0,3.8989054912354086e+49,-3.8989054912354086e+49,1801,2560,2.8999789462938912e+50,6.69157841353458e+46,3.172504490480841e+48,9.143461259914775e-16,6.382270518691054e-16,0.882279067946108,-1.1469236526271734e+47,-2.028240960365167e+31,0.9873659547025986,14235.240136797858,0.7269276470901757,0.00016773547124149168,0.007952406784178565,8.494666008438891,0.132299033611481,1.2589475164673639e+64,3.7213573651359264e+65,2.000963790633856e+67,0.0006167094484208,0.0002126070573419,3.02926801677882e+48,8.416724760422845e+47,4.35030268137281e+48,-3.8989054912354086e+49,0.0006291705638853,0.0,1.7140434024903683e-15,3.277293465823206e-15,1.582239347452232e-15,3.3147131658112137e-15,0.0,0.0,3.59546261348919e+65,1.9997048431173888e+67,True
LOCAL_NEUTRAL_HAZARD_PRIMARY,3,1,2,5.65,2560,6.446514936275682e+63,6.365069374560399e+63,8.144556171528263e+61,1.9004845034253764e+52,2.227598120331728e+48,2.6223492696696474e+47,7.938230338428338e+62,9.34495874298323e+61,3.368527238205431e+46,4.937043672279503e+46,1.58297914435154e+48,3.991587428915564e+47,0.00032226867664640065,0.00010082777820830012,0.0,1.9964575294531664e+49,-1.9964575294531664e+49,1802,2560,1.4849732338183746e+50,3.426462153970885e+46,1.6244996170034216e+48,6.481244618308155e-16,7.286767762714853e-16,0.8822790679461073,-5.87289014094545e+46,-2.028240960365167e+31,0.9873659547025984,14235.240136797858,0.7269383812305293,0.00016773547124149165,0.007952406784178565,8.494666008438882,0.13229903361148118,6.446514936275682e+63,2.0958100403106854e+65,1.126911390450508e+67,0.0003222686766464,0.0001008277782083,1.5829791443515368e+48,3.99158742891556e+47,2.2275981203317278e+48,-1.9964575294531664e+49,0.0005720516263216,0.0,2.0500494577985373e-15,1.0162578154607528e-15,2.018568202968938e-15,1.2097136976740253e-15,1.4568092453323683e-16,0.0,2.0313448909479286e+65,1.1262667389568805e+67,True
LOCAL_NEUTRAL_HAZARD_PRIMARY,3,1,3,5.65,2560,3.282522595323093e+63,3.2410510561640375e+63,4.1471539159055343e+61,9.67714088344184e+51,1.1342781697660283e+48,1.3352828335324572e+47,4.042094171866503e+62,4.758390933617513e+61,1.7152316998676954e+46,2.5139098518426387e+46,8.187020618472074e+47,1.9058938729048064e+47,0.00016667435637460012,4.8143012805859044e-05,0.0,1.0165829158567056e+49,-1.0165829158567056e+49,1802,2560,7.561338866774934e+49,1.7447317742393697e+46,8.271844169476393e+47,7.24696997524578e-16,8.715806322107245e-16,0.8822790679461081,-2.9904366588873477e+46,-1.0141204801825835e+31,0.9873659547025986,14235.240136797858,0.7269339372168128,0.0001677354712414917,0.007952406784178573,8.494666008439005,0.13229903361147938,3.282522595323093e+63,1.0430407481582756e+65,5.60840189328101e+66,0.0001666743563746,4.814301280585898e-05,8.18702061847207e+47,1.905893872904804e+47,1.1342781697660284e+48,-1.0165829158567056e+49,0.0005852866213556,0.0,5.945726207032399e-16,1.2770328857444025e-15,6.504912909630581e-16,1.2667751486231773e-15,1.4305069175639972e-16,0.0,1.0102155222050446e+65,5.605119370685687e+66,True
LOCAL_NEUTRAL_HAZARD_PRIMARY,3,1,4,5.65,2560,3.2601364761409765e+62,3.218947764225701e+62,4.118871191527534e+60,9.611144801810132e+50,1.126542629322153e+47,1.326176483222518e+46,4.014527933021515e+61,4.72593970031698e+60,1.7035341775679587e+45,2.496765511195396e+45,8.353152022535032e+46,1.670930897957688e+46,1.700565201844115e-05,4.220783159110373e-06,0.0,1.0096500324866729e+48,-1.0096500324866729e+48,1802,2560,7.509753715107509e+48,1.7328330675877852e+45,8.215431918210355e+46,7.683784730485306e-16,6.945842212261964e-16,0.8822790679461091,-2.97004250484625e+45,-6.338253001141147e+29,0.9873659547025986,14235.240136797856,0.7269321562893635,0.00016773547124149173,0.007952406784178566,8.494666008439024,0.1322990336114789,3.260136476140976e+62,1.0465161172344701e+64,5.627088858810589e+65,1.7005652018441114e-05,4.220783159110371e-06,8.353152022535014e+46,1.670930897957687e+46,1.1265426293221531e+47,-1.0096500324866729e+48,0.0005793646693594,1.400920682334519e-16,2.18530305614463e-15,6.069194611351687e-16,2.1915919271295058e-15,6.020443945996259e-16,1.8004120816853338e-16,0.0,1.0139147524730603e+64,5.623828722334447e+65,True
LOCAL_NEUTRAL_HAZARD_PRIMARY,3,1,5,5.65,2560,8.312003015101747e+60,8.206988792496815e+60,1.050142226049325e+59,2.450445407910915e+49,2.872218939328071e+45,3.3812029060055863e+44,1.0235389999066434e+60,1.2049196506252461e+59,4.3433093442255767e+43,6.365721990149256e+43,2.1358973690536727e+45,4.19830222982336e+44,4.3483378857754297e-07,1.0604940856712008e-07,0.0,2.574191042505272e+46,-2.574191042505272e+46,1802,2560,1.9146821649360336e+47,4.418009426251653e+43,2.094596204001817e+45,5.429834952067978e-16,6.235801936911133e-16,0.8822790679461091,-7.572383069215747e+43,-9.903520314283042e+27,0.9873659547025986,14235.240136797853,0.7269339746196631,0.00016773547124149173,0.007952406784178554,8.494666008438967,0.13229903361147996,8.312003015101746e+60,2.716336046352788e+62,1.4605665456552913e+64,4.3483378857754233e-07,1.0604940856712013e-07,2.1358973690536695e+45,4.1983022298233616e+44,2.8722189393280704e+45,-2.574191042505272e+46,0.0005690944407721,1.7170923664402557e-16,1.4837447465814715e-15,3.774295330691224e-16,1.4609598589816993e-15,4.991971187645765e-16,2.2067443795297592e-16,0.0,2.633216016201771e+62,1.459735345353781e+64,True
LOCAL_NEUTRAL_HAZARD_PRIMARY,3,1,6,5.65,2560,1.1648488603758497e+65,1.1501321071092348e+65,1.471675326661488e+63,3.434068221140224e+53,4.025144062324767e+49,5.2504246938604396e+48,1.4343934132667012e+64,1.871032311170631e+63,1.120661444815223e+48,1.6424847132430206e+48,2.4720159448630894e+49,1.1095953317514695e+49,0.0050326203604303165,0.002802845584702699,0.0,3.6074860617880585e+50,-3.6074860617880585e+50,1792,2560,2.6502545095863185e+51,1.1399355731852107e+48,5.404480828430767e+49,6.067451671412457e-16,6.515700451810597e-16,0.8695593347079424,-1.0246732053263574e+48,-1.6225927682921336e+32,0.9873659547025986,14235.240136797853,0.7179959096559132,0.0003088265960336036,0.014641594286855068,7.666320911204671,0.14659392905483845,1.1648488603758495e+65,7.972004895826807e+65,2.328175031666876e+67,0.0050326203604303,0.0028028455847027,2.472015944863081e+49,1.1095953317514698e+49,4.0251440623247664e+49,-3.607486061788058e+50,0.0050032701344703,2.0074729857871315e-16,3.3606882637303695e-15,2.3397254431211923e-16,3.2746108073946887e-15,3.094575536812547e-16,1.2899654715801547e-16,1.1514493516210575e-16,6.807156035450957e+65,2.3165265430631176e+67,True
LOCAL_NEUTRAL_HAZARD_PRIMARY,3,1,7,5.65,2560,1.150471221478128e+65,1.1359361159526166e+65,1.45351055255114e+63,3.3916817841412096e+53,3.9754620221837454e+49,5.185619110169828e+48,1.4166888069141092e+64,1.8479383048569714e+63,1.1068292077514774e+48,1.6222116521572998e+48,2.583652429259537e+49,9.537512978961487e+48,0.005259893993316008,0.002409182462937202,0.0,3.5629591418679774e+50,-3.5629591418679774e+50,1792,2560,2.6176747140783345e+51,1.1258654370538705e+48,5.33777374185152e+49,6.290290979010071e-16,5.454577666161242e-16,0.8695593347079431,-1.0120257436379786e+48,-1.6225927682921336e+32,0.9873659547025986,14235.240136797855,0.7180321420892571,0.0003088265960336035,0.014641594286855087,7.666320911204661,0.14659392905483876,1.1504712214781278e+65,1.5270812452352848e+66,4.459746918049046e+67,0.005259893993316,0.0024091824629372,2.583652429259533e+49,9.53751297896148e+48,3.975462022183746e+49,-3.562959141867977e+50,0.0025796782701324,2.032560724748125e-16,1.6077385022018357e-15,8.166117629388855e-16,1.6490099212847262e-15,9.000581642651325e-16,1.3060863943765376e-16,1.1658392143812518e-16,1.4120341230874719e+66,4.448242205834265e+67,True
LOCAL_NEUTRAL_HAZARD_PRIMARY,3,1,8,5.65,2560,5.365504451947443e+64,5.29771642565813e+64,6.778802628931311e+62,1.5817939095441053e+53,1.8540541284613428e+49,2.418440540039964e+48,6.60707539538074e+63,8.618313102082938e+62,5.161969226927695e+47,7.565581545332478e+47,1.2438708824220262e+49,4.058840260061782e+48,0.0025323177795967084,0.0010252658943662016,0.0,1.6616733022871977e+50,-1.6616733022871977e+50,1792,2560,1.2208412530611975e+51,5.2507493469024076e+47,2.489401580910119e+49,6.618227222711954e-16,6.569381183566885e-16,0.869559334707944,-4.719830041466373e+47,-8.112963841460668e+31,0.9873659547025986,14235.240136797853,0.7180465559695975,0.0003088265960336035,0.014641594286855077,7.666320911204644,0.14659392905483887,5.365504451947442e+64,8.60028181146574e+65,2.5116594433145607e+67,0.0025323177795967,0.0010252658943662,1.2438708824220224e+49,4.058840260061776e+48,1.8540541284613428e+49,-1.6616733022871975e+50,0.0021362388385213,2.179107892530689e-16,3.1307290000376993e-15,1.4391633056686905e-15,3.253910933801566e-15,1.480477454502698e-15,0.0,1.249895957620052e-16,8.063731366270995e+65,2.506293938862613e+67,True
LOCAL_NEUTRAL_HAZARD_PRIMARY,3,1,9,5.65,2560,2.5314308100079568e+64,2.4994485984870793e+64,3.1982211520877683e+62,7.462861830725979e+52,8.747378342973869e+48,1.1410138506188949e+48,3.1172006974743517e+63,4.0660973282743715e+62,2.435403429143539e+47,3.5694213640118667e+47,5.983101292750281e+48,1.800398733311968e+48,0.001218061616753801,0.00045478198186020015,0.0,7.83973069307721e+49,-7.83973069307721e+49,1792,2560,5.759930926596947e+50,2.4772896549463366e+47,1.1744930820271974e+49,6.394686774870704e-16,5.734967835374252e-16,0.8695593347079437,-2.226803330790744e+47,-4.056481920730334e+31,0.9873659547025988,14235.240136797858,0.7180508173107226,0.00030882659603360355,0.014641594286855101,7.666320911204735,0.14659392905483748,2.5314308100079568e+64,4.280180074752127e+65,1.250000283654173e+67,0.0012180616167538,0.0004547819818602,5.983101292750277e+48,1.8003987333119672e+48,8.747378342973869e+48,-7.839730693077209e+49,0.0020251441884538,0.0,6.508702516234762e-16,3.604963141264276e-16,7.120836303010424e-16,3.576006358203043e-16,0.0,1.3246110260190006e-16,4.0270369937513307e+65,1.2474688528441651e+67,True
LOCAL_NEUTRAL_HAZARD_PRIMARY,3,1,10,5.65,2560,2.4312769145601693e+63,2.40056005189109e+63,3.071686266907906e+61,7.167600083661492e+51,8.401295798453645e+47,1.0958706132657044e+47,2.9938713173031296e+62,3.9052256642784434e+61,2.339048774909534e+46,3.4282002598493366e+46,5.890729058724819e+47,1.584823444242524e+47,0.00011992561399250011,4.003275127534048e-05,0.0,7.529558451723003e+48,-7.529558451723003e+48,1792,2560,5.532069563218066e+49,2.379277808004093e+46,1.12802526751042e+48,7.119260065555676e-16,8.054343168909559e-16,0.8695593347079449,-2.1387017610804162e+46,-5.070602400912918e+30,0.9873659547025987,14235.240136797856,0.7180541114124496,0.00030882659603360366,0.014641594286855084,7.6663209112047515,0.1465939290548371,2.4312769145601693e+63,4.294441459552901e+64,1.2541652334308013e+66,0.0001199256139925,4.003275127534049e-05,5.8907290587248145e+47,1.5848234442425244e+47,8.401295798453645e+47,-7.529558451723003e+48,0.0019385618814431,0.0,8.263456452247934e-16,2.5595797030054367e-16,9.040622235657747e-16,1.6926799588237317e-16,0.0,0.0,4.051313768096884e+64,1.251733956516241e+66,True
LOCAL_NEUTRAL_HAZARD_PRIMARY,3,1,11,5.65,2560,6.164871832613018e+61,6.086984562627112e+61,7.788726998590597e+59,1.8174538489867232e+50,2.1302761324785814e+46,2.778746359763091e+45,7.591415376824334e+60,9.90229272261363e+59,5.931013378686406e+44,8.69272236820674e+44,1.5018879022915035e+46,3.936519592014113e+45,3.0575982537098306e-06,9.943676078878725e-07,0.0,1.9092338899387693e+47,-1.9092338899387693e+47,1792,2560,1.402744008961283e+48,6.033020201312273e+44,2.860279368633248e+46,6.022408117317613e-16,5.581593997551598e-16,0.8695593347079437,-5.423003100257576e+44,-7.922816251426434e+28,0.9873659547025988,14235.240136797856,0.7180560365102295,0.0003088265960336036,0.014641594286855084,7.666320911204733,0.14659392905483762,6.164871832613017e+61,1.1146647379269312e+63,3.2553098567205936e+64,3.057598253709834e-06,9.943676078878712e-07,1.5018879022915053e+46,3.936519592014108e+45,2.1302761324785812e+46,-1.9092338899387693e+47,0.001893789563499,1.8521036368096073e-16,1.1816533295272944e-15,1.2880927637701791e-15,1.1081023430420675e-15,1.27774618843449e-15,1.1901279659490106e-16,0.0,1.0530160196008011e+63,3.2491449848879804e+64,True
LOCAL_NEUTRAL_HAZARD_PRIMARY,3,1,12,5.65,2560,8.793360844269372e+64,8.682265125046478e+64,1.1109571922289362e+63,2.5923535713106057e+53,3.0385525018902066e+49,5.37771332723552e+48,1.0828133421041033e+64,1.9163926695751655e+63,2.2601845485629648e+48,3.3126138025862934e+48,1.772641622080082e+49,9.310911479390342e+48,0.0036088085667750082,0.0023519427653299015,0.0,2.7232654605284365e+50,-2.7232654605284365e+50,1728,2560,1.942293812635511e+51,2.2990572048236053e+48,1.089992353885087e+50,5.618752068113636e-16,6.365941713046703e-16,0.8230172648361349,-6.7365686835406916e+47,-8.112963841460668e+31,0.9873659547025987,14235.240136797856,0.6970501075430305,0.000825085299373606,0.039117628988671466,5.650268649504625,0.19889958752090348,8.793360844269371e+64,2.128018619423888e+65,2.326158692995698e+66,0.003608808566775,0.0023519427653299,1.772641622080078e+49,9.310911479390336e+48,3.0385525018902066e+49,-2.723265460528436e+50,0.0378020677211192,1.3296409991257099e-16,2.34330359565494e-15,6.970715044960893e-16,2.283284457577479e-15,7.375704466743184e-16,0.0,1.5253149379061378e-16,1.2486825349969508e+65,2.238225084553004e+66,True
LOCAL_NEUTRAL_HAZARD_PRIMARY,3,1,13,5.65,2560,4.915221325168476e+64,4.8531221962995444e+64,6.209912886893217e+62,1.449046818587741e+53,1.6984584528528707e+49,3.0059782254810075e+48,6.052597322621596e+63,1.0712052290031034e+63,1.2633744354017832e+48,1.8516503863401564e+48,1.0186023282234753e+49,4.9270207564566486e+48,0.0020737078281600966,0.0012445688962276003,0.0,1.5222225839176628e+50,-1.5222225839176628e+50,1728,2560,1.0857657412950729e+51,1.2851030682194353e+48,6.09272581549758e+49,7.965715254220691e-16,6.289188835174322e-16,0.8230172648361324,-3.765537049850534e+47,-8.112963841460668e+31,0.9873659547025986,14235.240136797856,0.6971031148087505,0.0008250852993736061,0.03911762898867144,5.650268649504567,0.198899587520906,4.915221325168476e+64,4.076336336590602e+65,4.455884510776301e+66,0.0020737078281601,0.0012445688962276,1.0186023282234771e+49,4.927020756456648e+48,1.698458452852871e+49,-1.5222225839176626e+50,0.0110308543977773,0.0,1.784115203876189e-15,1.317301345780446e-16,1.6730645006205553e-15,1.7422935375804719e-16,1.528532196302305e-16,1.3643988503104957e-16,3.5848142040737546e+65,4.406732297524616e+66,True
LOCAL_NEUTRAL_HAZARD_PRIMARY,3,1,14,5.65,2560,1.1959004270013089e+64,1.1807913668353929e+64,1.510906016591601e+62,3.525610739480932e+52,4.1324429860563985e+48,7.313710625810155e+47,1.4726302731326227e+63,2.606301336241299e+62,3.073859602258589e+47,4.505167399771979e+47,2.451351899199139e+48,1.2257349751220583e+48,0.0004990551741433999,0.00030962151378309983,0.0,3.703651407875862e+49,-3.703651407875862e+49,1737,2560,2.642064837622199e+50,3.126726562962324e+47,1.482393756522391e+49,6.057228099200592e-16,6.446368343736959e-16,0.8230172648361354,-9.161759090575954e+46,-2.028240960365167e+31,0.9873659547025988,14235.240136797858,0.6971920357016065,0.0008250852993736061,0.03911762898867148,5.6502686495046275,0.1988995875209038,1.1959004270013089e+64,2.295728623632961e+65,2.509484196180862e+66,0.0004990551741434,0.0003096215137831,2.4513518991991392e+48,1.225734975122059e+48,4.1324429860563985e+48,-3.7036514078758617e+49,0.0047655228465727,0.0,1.323835038798173e-16,5.295085156986911e-16,2.1725096315181506e-16,5.252552507922739e-16,0.0,1.4019399470191341e-16,2.17613858093283e+65,2.4975251919108488e+66,True
LOCAL_NEUTRAL_HAZARD_PRIMARY,3,1,15,5.65,2560,1.1938242161951501e+64,1.1787413869706057e+64,1.5082829224544322e+62,3.5194899028708347e+52,4.125268623885631e+48,7.301013243409842e+47,1.4700736297720882e+63,2.6017765188934647e+62,3.0685230538480924e+47,4.4973459482299495e+47,2.5219654892197134e+48,1.148737569750911e+48,0.0005134309467430002,0.0002901719152220999,0.0,3.697221473659216e+49,-3.697221473659216e+49,1728,2560,2.63718495350231e+50,3.1212982318643877e+47,1.4798201627124167e+49,6.7194179219086405e-16,6.2412578471330055e-16,0.8230172648361349,-9.145853298757647e+46,-2.028240960365167e+31,0.9873659547025985,14235.240136797855,0.697114589900732,0.000825085299373606,0.03911762898867144,5.650268649504571,0.19889958752090575,1.1938242161951501e+64,1.1425360386228115e+65,1.2489177087289013e+66,0.000513430946743,0.0002901719152221,2.521965489219712e+48,1.1487375697509114e+48,4.125268623885631e+48,-3.697221473659216e+49,0.0095588701149107,0.0,5.147073662119485e-16,2.8250016557636774e-16,4.2233612109408197e-16,3.7364131937291277e-16,0.0,0.0,1.0231536170032965e+65,1.2369794665669498e+66,True
LOCAL_NEUTRAL_HAZARD_PRIMARY,3,1,16,5.65,2560,1.2051220748279421e+63,1.1898965079456676e+63,1.5225566882274576e+61,3.5527968996989794e+51,4.164308459987708e+47,7.370107013146774e+46,1.4839857986020128e+62,2.6263986558092755e+61,3.097562286930773e+46,4.5399069702435323e+46,2.5802608244258524e+47,1.125180250142566e+47,5.2529892403042405e-05,2.8422131977869507e-05,0.0,3.732210448565968e+48,-3.732210448565968e+48,1728,2560,2.6621416576002337e+49,3.150836907404726e+46,1.493824568699059e+48,6.850012494259501e-16,6.526040845511666e-16,0.8230172648361342,-9.232405871777964e+45,-3.802951800684688e+30,0.9873659547025987,14235.240136797858,0.6971144527900175,0.000825085299373606,0.03911762898867147,5.650268649504582,0.19889958752090497,1.2051220748279421e+63,1.146342921934028e+64,1.2530790514101996e+65,5.252989240304235e-05,2.8422131977869463e-05,2.58026082442585e+47,1.1251802501425644e+47,4.164308459987709e+47,-3.732210448565968e+48,0.0096172869019852,0.0,9.432725286521288e-16,1.4420736305019066e-15,1.0319859063929e-15,1.549697724699864e-15,1.9482139518273376e-16,0.0,1.0258307144512338e+64,1.2410278306619203e+65,True
LOCAL_NEUTRAL_HAZARD_PRIMARY,3,1,17,5.65,2560,3.197391910717504e+61,3.156995916483954e+61,4.03959942335501e+59,9.426168771443e+49,1.1048611972026293e+46,1.9554135665735273e+45,3.9372643545237264e+60,6.968278145268306e+59,8.218354643109577e+44,1.2045138102826042e+45,6.840987117265119e+45,2.990172368499208e+45,1.3927131466660864e-06,7.553196359720572e-07,0.0,9.902183145248151e+46,-9.902183145248151e+46,1728,2560,7.063092831245317e+47,8.359701187254727e+44,3.9633682692862094e+46,6.862226776898159e-16,5.664912945497613e-16,0.8230172648361339,-2.449512830897076e+44,-5.942112188569825e+28,0.9873659547025985,14235.240136797853,0.6971127236050619,0.0008250852993736059,0.039117628988671396,5.650268649504557,0.19889958752118678,3.1973919107175036e+61,2.9754463873518098e+62,3.2524905639006382e+63,1.3927131466660858e-06,7.553196359720571e-07,6.840987117265117e+45,2.990172368499207e+45,1.1048611972026294e+46,-9.902183145248151e+46,0.0098305955018142,1.7855148603108604e-16,3.706045862968995e-16,2.119694860374343e-16,4.561418207054788e-16,1.4017789736199113e-16,1.147339234500915e-16,0.0,2.6557071962800594e+62,3.220516644793463e+63,True
LOCAL_NEUTRAL_HAZARD_PRIMARY,3,2,0,5.65,2560,4.9094547629298747e+64,4.849079142888663e+64,6.037562004121197e+62,1.4461974852257685e+53,1.6937067157525002e+49,1.9511852526804944e+48,6.035664114038721e+63,6.9532101986222225e+62,2.5694595772581957e+47,3.64979164904271e+47,1.0509774740924091e+49,4.4553778272289816e+48,0.002139618332746605,0.0011254315617496,1.7382124887808574e+49,0.0,1.7382124887808574e+49,1792,2560,1.1488154018146351e+51,2.61246833049657e+47,1.232700205800735e+49,6.073230675109172e-16,7.507561384105292e-16,0.8847979266697589,-4.474271190520041e+47,-1.6225927682921336e+32,0.987702174079066,14223.936264034566,0.7384497602065667,0.00016792746764668814,0.007923702711003658,8.680399328693797,0.13038191517223538,4.9094547629298747e+64,1.9427047006535542e+65,1.0444460049208522e+67,0.0021396183327466,0.0011254315617496,1.0509774740924067e+49,4.4553778272289816e+48,1.6937067157525004e+49,1.7382124887808571e+49,0.0047005347713517,0.0,2.2232004433381685e-15,0.0,2.2295983755254114e-15,0.0,1.532820532103733e-16,1.4935736833235463e-16,1.4517592243605668e+65,1.0395365501579223e+67,True
LOCAL_NEUTRAL_HAZARD_PRIMARY,3,2,1,5.65,2560,1.4422261432817895e+64,1.4244898972330904e+64,1.7736246048698941e+62,4.248422528077736e+52,4.975518102243251e+48,5.731900012705778e+47,1.773067071126142e+63,2.0426100274731278e+62,7.548173789905803e+46,1.0721811663337198e+47,3.450596148894201e+48,9.456423977892535e+47,0.0007024849686197026,0.00023886993244349994,5.106260501324154e+48,0.0,5.106260501324154e+48,1801,2560,3.375367292047198e+50,7.674518468297991e+46,3.6212421734866594e+48,6.62948566279988e-16,6.340615607835809e-16,0.8847979266697612,-1.3143844265202077e+47,-4.056481920730334e+31,0.9877021740790662,14223.93626403456,0.7385699624964885,0.00016792746764668825,0.007923702711003655,8.680399328694024,0.13038191517223183,1.4422261432817892e+64,3.7213573651359264e+65,2.0006935853871384e+67,0.0007024849686197,0.0002388699324435,3.450596148894188e+48,9.456423977892538e+47,4.975518102243252e+48,5.1062605013241536e+48,0.0007208630815911,2.0267301964243304e-16,3.7618839140294514e-15,3.4317259295595696e-16,3.704115148652918e-15,2.269440446930154e-16,1.30446135252574e-16,1.2710614884386438e-16,3.5771347508077474e+65,1.9992513592438566e+67,True
LOCAL_NEUTRAL_HAZARD_PRIMARY,3,2,2,5.65,2560,7.386628256148209e+63,7.295788787711448e+63,9.083946843676037e+61,2.175908267655368e+52,2.5483037299113824e+48,2.9356987316098266e+47,9.081091331366439e+62,1.0461605494747099e+62,3.865936979339704e+46,5.49137438385985e+46,1.8031490475667766e+48,4.484659311914492e+47,0.0003670916697980998,0.00011328280853030012,2.6152658706149235e+48,0.0,2.6152658706149235e+48,1802,2560,1.7287816170988667e+50,3.9306467459579996e+46,1.8546862352782756e+48,8.074199819546074e-16,8.119326749378222e-16,0.8847979266697636,-6.731863230743246e+46,-2.028240960365167e+31,0.9877021740790662,14223.936264034559,0.738580538615162,0.00016792746764668825,0.007923702711003648,8.680399328694019,0.13038191517223233,7.386628256148208e+63,2.0958100403106854e+65,1.1267592150979548e+67,0.0003670916697981,0.0001132828085303,1.8031490475667776e+48,4.484659311914487e+47,2.5483037299113824e+48,2.6152658706149232e+48,0.0006555640421814,1.9785774871159003e-16,5.399196823407499e-16,1.0854287842878207e-15,5.906983250705822e-16,1.0767101026807153e-15,0.0,1.2408625727300268e-16,2.0219437577492032e+65,1.12602055227234e+67,True
LOCAL_NEUTRAL_HAZARD_PRIMARY,3,2,3,5.65,2560,3.761868194118648e+63,3.71560539392988e+63,4.626280018876813e+61,1.1081483758979488e+52,1.2978022472605668e+48,1.495095096570658e+47,4.624825761188075e+62,5.327895164799848e+61,1.968847606611348e+46,2.796651722583415e+46,9.325718840506208e+47,2.1413246876983565e+47,0.0001898563907320005,5.409001168792414e-05,1.3319047820826054e+48,0.0,1.3319047820826054e+48,1801,2560,8.804300812976675e+49,2.0018030504821821e+46,9.445561515506984e+47,6.951836627532357e-16,6.826741289271701e-16,0.8847979266697626,-3.428408916315954e+46,-5.070602400912918e+30,0.9877021740790664,14223.93626403456,0.7385761249423235,0.00016792746764668833,0.007923702711003646,8.680399328694024,0.13038191517223185,3.761868194118648e+63,1.0430407481582756e+65,5.607644548433314e+66,0.000189856390732,5.4090011687924085e-05,9.325718840506182e+47,2.1413246876983545e+47,1.2978022472605668e+48,1.3319047820826052e+48,0.0006708464064773,0.0,2.7838587820072996e-15,9.471898269408459e-16,2.712555684562539e-15,1.0022203163320428e-15,0.0,1.2182498254529878e-16,1.0054220662170891e+65,5.6038826802391956e+66,True
LOCAL_NEUTRAL_HAZARD_PRIMARY,3,2,4,5.65,2560,3.7373459373295174e+62,3.69138470758593e+62,4.596122974358716e+60,1.1009247578358616e+51,1.2893423442744412e+47,1.4853491129289196e+46,4.5946781964493227e+61,5.293164545162248e+60,1.956013401876723e+45,2.7784213625197367e+45,9.514956761975927e+46,1.8773372610624324e+46,1.9370896546375882e-05,4.742167078930485e-06,1.323222577018652e+47,0.0,1.323222577018652e+47,1801,2560,8.746887459699459e+48,1.9887540211403408e+45,9.383989319712653e+46,6.617022524157784e-16,7.338197755783183e-16,0.8847979266697619,-3.40606035983135e+45,-9.50737950171172e+29,0.9877021740790662,14223.936264034563,0.73857432607763,0.00016792746764668823,0.007923702711003658,8.680399328693992,0.1303819151722326,3.737345937329517e+62,1.0465161172344701e+64,5.626328990520862e+65,1.9370896546375865e-05,4.742167078930483e-06,9.51495676197592e+46,1.877337261062432e+46,1.2893423442744412e+47,1.323222577018652e+47,0.0006642601141216,1.2220417090751072e-16,6.394903343556461e-16,2.7009544348165424e-16,8.745418109341692e-16,3.572345441043947e-16,0.0,0.0,1.009142657861175e+64,5.622591644583533e+65,True
LOCAL_NEUTRAL_HAZARD_PRIMARY,3,2,5,5.65,2560,9.529006107734463e+60,9.411820049422031e+60,1.171860583124318e+59,2.8069969752572725e+49,3.2874000104819744e+45,3.787152970733855e+44,1.1714922121532173e+60,1.3495833173028334e+59,4.987192506619275e+43,7.084063016180996e+43,2.4329703397875137e+45,4.71690913064226e+44,4.953129891326787e-07,1.1914945522883568e-07,3.373783489604525e+45,0.0,3.373783489604525e+45,1801,2560,2.230174770884695e+47,5.070670345215333e+43,2.392609435731044e+45,7.685341385951511e-16,7.143350745175864e-16,0.8847979266697626,-8.684336563003897e+43,-1.9807040628566084e+28,0.9877021740790664,14223.936264034564,0.7385761175296756,0.00016792746764668825,0.00792370271100366,8.680399328694026,0.1303819151722323,9.529006107734462e+60,2.716336046352788e+62,1.4603693143282362e+64,4.953129891326792e-07,1.1914945522883581e-07,2.432970339787516e+45,4.7169091306422636e+44,3.287400010481975e+45,3.373783489604525e+45,0.0006525065963959,1.4977928197018339e-16,9.118025460980939e-16,8.398313420919821e-16,1.0688102344356829e-15,1.110780555012174e-15,1.92804434535847e-16,0.0,2.6210459852754437e+62,1.4594164137174627e+64,True
LOCAL_NEUTRAL_HAZARD_PRIMARY,3,2,6,5.65,2560,1.3327399724708106e+65,1.3163501682914943e+65,1.6389804179316193e+63,3.925904789266059e+53,4.597803118117572e+49,5.883481602451473e+48,1.6384652091969838e+64,2.0966273820167418e+63,1.2842327238055162e+48,1.824189768253331e+48,2.8158382329009624e+49,1.246661165667644e+49,0.005732586333847603,0.003149074841813172,4.718620246668128e+49,0.0,4.718620246668128e+49,1792,2560,3.079700948389463e+51,1.3057287803333806e+48,6.161116356694501e+49,6.681255612629622e-16,6.367112976260839e-16,0.8720371131319811,-1.1722959181836761e+48,-1.6225927682921336e+32,0.9877021740790661,14223.93626403456,0.7292343041885007,0.00030918009071083944,0.014588745708404178,7.814765862787441,0.14482418396232813,1.3327399724708104e+65,7.972004895826807e+65,2.3278606406160344e+67,0.0057325863338474,0.0031490748418131,2.8158382329008627e+49,1.2466611656676156e+49,4.597803118117572e+49,4.718620246668128e+49,0.0057251707822085,1.7545827903654777e-16,3.54040578464491e-14,2.2699044983774667e-14,3.540507458054483e-14,2.2861007714756806e-14,0.0,0.0,6.639264923355996e+65,2.3145332408913264e+67,True
LOCAL_NEUTRAL_HAZARD_PRIMARY,3,2,7,5.65,2560,1.3170155850079133e+65,1.3008191566083288e+65,1.6196428399584475e+63,3.879584839895578e+53,4.5435557486375664e+49,5.814065102414977e+48,1.6191337099352594e+64,2.0718902374865977e+63,1.269080651114087e+48,1.802666990131313e+48,2.943001765807437e+49,1.0715660662661564e+49,0.005991470499275101,0.0027067833935553003,4.6629474113202674e+49,0.0,4.6629474113202674e+49,1792,2560,3.04354895927998e+51,1.2903230855335505e+48,6.088424171573762e+49,6.596532455170303e-16,6.560382198123848e-16,0.8720371131319795,-1.1584645365042361e+48,-3.2451855365842673e+32,0.9877021740790659,14223.936264034564,0.7292783907093765,0.00030918009071083933,0.014588745708404181,7.814765862787326,0.1448241839623348,1.317015585007913e+65,1.5270812452352848e+66,4.459144684754306e+67,0.0059914704992751,0.0027067833935553,2.9430017658074365e+49,1.0715660662661563e+49,4.543555748637566e+49,4.662947411320267e+49,0.0029535161518996,1.7755314715697875e-16,1.7642860153399458e-16,1.2113804790000604e-16,1.447660867383632e-16,1.602200124423593e-16,1.1427826895470124e-16,1.1135224999384414e-16,1.3953796867344934e+66,4.445974528904227e+67,True
LOCAL_NEUTRAL_HAZARD_PRIMARY,3,2,8,5.65,2560,6.144211423288787e+64,6.068650980783769e+64,7.556044250501803e+62,1.8099246328023664e+53,2.1196838861220182e+49,2.7124086931581288e+48,7.553669029935132e+63,9.665892955161128e+62,5.920582810417617e+47,8.409898287637664e+47,1.4168756454805214e+49,4.5602197351354714e+48,0.0028845271958947627,0.0011519147011660956,2.1753831220347118e+49,0.0,2.1753831220347118e+49,1792,2560,1.419929601820194e+51,6.019684149615317e+47,2.8404041509187084e+49,6.259925588382243e-16,6.614809583954411e-16,0.8720371131319792,-5.4045306066909e+47,-1.6225927682921336e+32,0.9877021740790662,14223.936264034564,0.7292973388343449,0.00030918009071083944,0.014588745708404178,7.814765862787493,0.14482418396233324,6.144211423288786e+64,8.60028181146574e+65,2.5113202749784175e+67,0.0028845271958948,0.0011519147011661,1.4168756454805398e+49,4.5602197351354876e+48,2.1196838861220182e+49,2.1753831220347118e+49,0.0024466060679343,1.9029314411822253e-16,1.3009365999474936e-14,3.558146016057985e-15,1.2929867600687227e-14,3.7648696431704565e-15,0.0,0.0,7.985860669136861e+65,2.5051760635551286e+67,True
LOCAL_NEUTRAL_HAZARD_PRIMARY,3,2,9,5.65,2560,2.899407364150824e+64,2.863750957112624e+64,3.565640703820012e+62,8.540898819032236e+52,1.00026295413584e+49,1.2799653523836341e+48,3.564519855019732e+63,4.561262509467275e+62,2.7938786962186185e+47,3.968568030473839e+47,6.815265656539972e+48,2.0227979690526603e+48,0.0013874766777340795,0.0005109601846787978,1.0265470064994539e+49,0.0,1.0265470064994539e+49,1792,2560,6.700594386194908e+50,2.8406438761370566e+47,1.340365450499113e+49,6.908067920889305e-16,6.945476723174734e-16,0.8720371131319814,-2.5503575253649963e+47,-4.056481920730334e+31,0.9877021740790662,14223.936264034563,0.729303098337529,0.00030918009071083944,0.014588745708404178,7.814765862787502,0.14482418396233335,2.8994073641508236e+64,4.280180074752127e+65,1.2498314866791236e+67,0.0013874766777341,0.0005109601846788,6.815265656540074e+48,2.0227979690526688e+48,1.00026295413584e+49,1.0265470064994539e+49,0.0023198386302898,2.0162763679245137e-16,1.4856323119887144e-14,4.171193823706772e-15,1.4846982012603165e-14,4.243783390547567e-15,0.0,0.0,3.9902393383370444e+65,1.2469320793149728e+67,True
LOCAL_NEUTRAL_HAZARD_PRIMARY,3,2,10,5.65,2560,2.7854315159392272e+63,2.751176764041523e+63,3.425475189770412e+61,8.205155660128542e+51,9.609425674796307e+47,1.229649850490706e+47,3.4243984015923195e+62,4.3819590525402195e+61,2.684051185211004e+46,3.812563423100944e+46,6.710045757466251e+47,1.780593145843623e+47,0.00013660556263239996,4.4977907658479525e-05,9.861933924328365e+47,0.0,9.861933924328365e+47,1792,2560,6.437233291814921e+49,2.7289780235725187e+46,1.2876756177343049e+48,7.954607696031629e-16,6.455777327360245e-16,0.8720371131319795,-2.450102843739272e+46,-1.0141204801825835e+31,0.9877021740790659,14223.93626403456,0.7293075854398811,0.0003091800907108394,0.014588745708404162,7.814765862787325,0.14482418396233482,2.7854315159392272e+63,4.294441459552901e+64,1.2539958740311413e+66,0.0001366055626324,4.497790765847957e-05,6.7100457574662525e+47,1.7805931458436251e+47,9.609425674796309e+47,9.861933924328365e+47,0.0022212445619817,0.0,2.418154550565737e-16,1.1390816397893125e-15,1.9841837908955588e-16,1.0546031933368122e-15,1.6885429194253358e-16,0.0,4.0158983079589787e+64,1.2512104425152021e+66,True
LOCAL_NEUTRAL_HAZARD_PRIMARY,3,2,11,5.65,2560,7.063303339467525e+61,6.976440064572003e+61,8.686327489552192e+59,2.080665169593826e+50,2.4367602675116217e+46,3.118148784360954e+45,8.683596967731736e+60,1.1111781363894074e+60,6.8062228747383435e+44,9.667906679529244e+44,1.7107791661262691e+46,4.422789068071637e+45,3.4828667191804737e-06,1.1171996183463308e-06,2.500791364738633e+46,0.0,2.500791364738633e+46,1792,2560,1.6323608204469794e+48,6.920148449865468e+44,3.265290652039879e+46,6.652480584781613e-16,6.802966054756353e-16,0.8720371131319815,-6.2129761579821495e+44,-1.5845632502852868e+29,0.9877021740790661,14223.936264034563,0.7293101733221186,0.0003091800907108395,0.014588745708404169,7.814765862787466,0.14482418396233193,7.063303339467524e+61,1.1146647379269312e+63,3.2548702676550176e+64,3.482866719180468e-06,1.1171996183463289e-06,1.7107791661262663e+46,4.42278906807163e+45,2.4367602675116217e+46,2.500791364738633e+46,0.0021700721560728,1.6165214762684164e-16,1.6301527255659055e-15,1.719707515847143e-15,1.7023995199492627e-15,1.705894004997209e-15,0.0,0.0,1.0440317045322559e+63,3.24780696431555e+64,True
LOCAL_NEUTRAL_HAZARD_PRIMARY,3,2,12,5.65,2560,1.0055988421210609e+65,9.932321626143635e+64,1.236667950669737e+63,2.962232237279086e+53,3.4692029858666963e+49,6.059145889826239e+48,1.2362792076908424e+64,2.1592268052560245e+63,2.5888520271618703e+48,3.677337675584565e+48,2.0191908806482072e+49,1.0461067585785977e+49,0.004110742553526707,0.0026424730039026,3.560363727713127e+49,0.0,3.560363727713127e+49,1728,2560,2.255356986508474e+51,2.6321853798218376e+48,1.2420037485374261e+50,5.876475660735595e-16,6.5978076269783e-16,0.8253447286160381,-7.703574801756637e+47,-1.6225927682921336e+32,0.9877021740790661,14223.936264034566,0.7077738224848855,0.0008260297234139579,0.0389764345911271,5.725564376477134,0.19766908806136707,1.0055988421210608e+65,2.128018619423888e+65,2.3258445742262895e+66,0.0041107425535267,0.0026424730039026,2.0191908806482038e+49,1.0461067585785977e+49,3.469202985866696e+49,3.560363727713127e+49,0.0432358573425131,1.1626915832545936e-16,1.6714581025465938e-15,0.0,1.6879903845971043e-15,0.0,1.4966829210305368e-16,0.0,1.122419777302827e+65,2.2252846900141833e+66,True
LOCAL_NEUTRAL_HAZARD_PRIMARY,3,2,13,5.65,2560,5.622408071046522e+64,5.553264675332339e+64,6.914339571418319e+62,1.6562149578516612e+53,1.9396675941565391e+49,3.3877317005210114e+48,6.912166068853922e+63,1.2072462406067458e+63,1.4474541857624527e+48,2.056037871280784e+48,1.1602754366911563e+49,5.535644629846506e+48,0.00236213111753311,0.0013983077132053991,1.990636516280483e+49,0.0,1.990636516280483e+49,1728,2560,1.2610872264230478e+51,1.4716823154634587e+48,6.944172574142819e+49,6.545932198830781e-16,5.962823706480327e-16,0.825344728616037,-4.3071490665154194e+47,-8.112963841460668e+31,0.9877021740790661,14223.936264034559,0.707826357562133,0.0008260297234139581,0.03897643459112703,5.72556437647713,0.1976690880613668,5.622408071046521e+64,4.076336336590602e+65,4.455282799051574e+66,0.0023621311175331,0.0013983077132054,1.1602754366911515e+49,5.5356446298465095e+48,1.9396675941565394e+49,1.990636516280483e+49,0.0126196435212673,2.079538331423699e-16,4.139426245065939e-15,5.862344412586052e-16,4.2227376426435085e-15,6.202938951113367e-16,1.338450174188915e-16,0.0,3.51409552948595e+65,4.399058718341109e+66,True
LOCAL_NEUTRAL_HAZARD_PRIMARY,3,2,14,5.65,2560,1.3678252369504162e+64,1.3510039602961395e+64,1.6821276654276656e+62,4.02925683895193e+52,4.71884333733246e+48,8.24170863700248e+47,1.681598893481048e+63,2.9370011109991913e+62,3.5213814785358968e+47,5.00195014827566e+47,2.7923001121424056e+48,1.377147279876522e+48,0.0005684666567786932,0.00034786836808279817,4.842841056993376e+48,0.0,4.842841056993376e+48,1737,2560,3.0683680972249222e+50,3.5803239224680684e+47,1.6893854691133287e+49,6.134108934275655e-16,5.656763370437817e-16,0.8253447286160338,-1.0478476691910804e+47,-4.056481920730334e+31,0.9877021740790659,14223.936264034563,0.7079145087340958,0.0008260297234139575,0.03897643459112707,5.725564376477047,0.19766908806137218,1.367825236950416e+64,2.295728623632961e+65,2.5091453215847615e+66,0.0005684666567787,0.0003478683680828,2.792300112142439e+48,1.3771472798765293e+48,4.718843337332459e+48,4.842841056993376e+48,0.0054513591747109,2.1369712999145116e-16,1.1970565370629788e-14,5.3020236571714e-15,1.2015610071775472e-14,5.298394054577134e-15,1.375415670577763e-16,0.0,2.1589460999379196e+65,2.495467069215257e+66,True
LOCAL_NEUTRAL_HAZARD_PRIMARY,3,2,15,5.65,2560,1.365832676054073e+64,1.3490359035668368e+64,1.6796772487236126e+62,4.023387273599766e+52,4.711969226184384e+48,8.229702639521455e+47,1.6791492470584132e+63,2.932722674391749e+62,3.5162517537394194e+47,4.99466362511331e+47,2.8727350490430363e+48,1.2906385569334915e+48,0.0005848418950524013,0.0003260162040370002,4.8357863138458634e+48,0.0,4.8357863138458634e+48,1728,2560,3.0635659485481766e+50,3.5751083340643528e+47,1.686924479702056e+49,7.922566869106288e-16,6.106389050717522e-16,0.8253447286160396,-1.0463212312847214e+47,-4.056481920730334e+31,0.987702174079066,14223.936264034559,0.7078377203363704,0.000826029723413958,0.038976434591127054,5.725564376477129,0.19766908806136702,1.3658326760540728e+64,1.1425360386228115e+65,1.2487490579421173e+66,0.0005848418950524,0.000326016204037,2.8727350490430298e+48,1.2906385569334908e+48,4.7119692261843853e+48,4.8357863138458634e+48,0.0109376072587786,2.1400888453675307e-16,2.2593002704271676e-15,5.028806119499026e-16,2.2246056891427607e-15,4.988412350644033e-16,2.7548444234744064e-16,0.0,1.0059527710174042e+65,1.2350907311815766e+66,True
LOCAL_NEUTRAL_HAZARD_PRIMARY,3,2,16,5.65,2560,1.3789340729676656e+63,1.3619761817818652e+63,1.6957891185800472e+61,4.0619805760830656e+51,4.757167573067714e+47,8.308643934931577e+46,1.6952560521953572e+62,2.960854058614957e+61,3.5499804898295144e+46,5.042573644949362e+46,2.9391384369395846e+47,1.2641712542308113e+47,5.983605393243054e-05,3.193305448244787e-05,4.882172344139158e+47,0.0,4.882172344139158e+47,1728,2560,3.09295178586738e+49,3.6094016366883523e+46,1.703105866748445e+48,7.219332848430185e-16,6.399025813201241e-16,0.8253447286160387,-1.0563577972495854e+46,-3.802951800684688e+30,0.9877021740790664,14223.936264034566,0.7078375768003607,0.000826029723413958,0.03897643459112712,5.725564376477147,0.19766908806136688,1.3789340729676656e+63,1.146342921934028e+64,1.2529098386858975e+65,5.9836053932430544e-05,3.1933054482447864e-05,2.9391384369395854e+47,1.2641712542308111e+47,4.757167573067713e+47,4.882172344139158e+47,0.0110058523797206,0.0,2.760320418900851e-16,1.604403638808617e-16,1.1324716676147215e-16,2.1220217382458675e-16,1.7054189739691953e-16,0.0,1.0084495146372616e+64,1.2391204979562208e+65,True
LOCAL_NEUTRAL_HAZARD_PRIMARY,3,2,17,5.65,2560,3.658519521491176e+61,3.613527685287539e+61,4.499183620363694e+59,1.0777045491040192e+50,1.2621481167418464e+46,2.2044082185631426e+45,4.497769315058625e+60,7.855591203440586e+59,9.418632244689353e+44,1.3378706408277329e+45,7.79247120779046e+45,3.359541684970633e+45,1.58641975347637e-06,8.486225841885402e-07,1.2953137628864906e+46,0.0,1.2953137628864906e+46,1728,2560,8.20604649254939e+47,9.576285485721099e+44,4.5185960538748946e+46,6.891933796844959e-16,6.752564837166946e-16,0.8253447286160368,-2.8026761385333045e+44,-7.922816251426434e+28,0.987702174079066,14223.936264034563,0.707835864403768,0.0008260297234139578,0.03897643459112708,5.725564376477095,0.1976690880615867,3.6585195214911755e+61,2.9754463873518098e+62,3.2520513555454546e+63,1.5864197534763702e-06,8.486225841885381e-07,7.792471207790461e+45,3.3595416849706244e+45,1.2621481167418464e+46,1.2953137628864906e+46,0.0112498823711765,1.560464755562357e-16,1.6267632775606613e-16,2.6412990323336836e-15,1.3348184574072704e-16,2.4953170085151577e-15,0.0,0.0,2.609594435202692e+62,3.215466160330543e+63,True
LOCAL_NEUTRAL_HAZARD_PRIMARY,4,1,0,5.55,2560,6.459444723602523e+64,6.409017204895776e+64,5.042751870674595e+62,1.954899058606775e+53,2.422376066192982e+49,1.6783555126940137e+48,8.964090692556311e+63,6.210815587269928e+62,3.1564714011857735e+47,3.477136419216187e+47,1.722221708462657e+49,6.074767912032978e+48,0.002330946564062803,0.0009629717098481017,1.707846889106764e+49,0.0,1.707846889106764e+49,2016,2560,2.863574455366705e+51,3.190054092373574e+47,1.8362959684879703e+49,6.767078426866583e-16,7.322515547235048e-16,0.930714494082184,-6.626136165413776e+47,-1.6225927682921336e+32,0.9921932115120535,14613.512305565737,1.3989985377919774,0.00015585000775320974,0.008971219065225926,14.433033096216326,0.07204174758813922,6.459444723602522e+64,1.9231342960329392e+65,1.2637621106345924e+67,0.0023309465640628,0.0009629717098481,1.722221708462655e+49,6.074767912032966e+48,2.422376066192982e+49,1.707846889106764e+49,0.0051112821544862,1.8100647345003401e-16,1.2059531785067873e-15,1.9231463820308565e-15,1.302374807626701e-15,1.8014272467572708e-15,0.0,0.0,1.2771898236726868e+65,1.2573026659109899e+67,True
LOCAL_NEUTRAL_HAZARD_PRIMARY,4,1,1,5.55,2560,1.38383105381601e+64,1.373027777475816e+64,1.0803276340193756e+62,4.1880535249274244e+52,5.18954703980959e+48,3.5956039213754407e+47,1.92041074742167e+63,1.330566302051335e+62,6.762226990630391e+46,7.449199677619478e+46,4.01749614152606e+48,9.735042738599447e+47,0.0005437493199168001,0.00015431981743470034,3.658784402432229e+48,0.0,3.658784402432229e+48,2026,2560,6.135181854339304e+50,6.834172448676626e+46,3.9339656795972695e+48,6.312128815432835e-16,8.361930775854487e-16,0.9307144940821828,-1.4195419861723047e+47,-4.056481920730334e+31,0.9921932115120533,14613.512305565737,1.3990986425156493,0.0001558500077532097,0.00897121906522593,14.433033096216036,0.07204174758814073,1.3838310538160098e+64,3.6838691821150493e+65,2.420805610141179e+67,0.0005437493199168,0.0001543198174347,4.017496141526059e+48,9.735042738599426e+47,5.189547039809591e+48,3.658784402432229e+48,0.0005716407166353,2.112254430626789e-16,1.6155263986646032e-16,2.1667810357073407e-15,1.9939375237313395e-16,2.283347089928296e-15,2.501324691107019e-16,0.0,3.5454860767334484e+65,2.419421779087363e+67,True
LOCAL_NEUTRAL_HAZARD_PRIMARY,4,1,2,5.55,2560,7.200331427699458e+63,7.144119963200294e+63,5.621146449916383e+61,2.1791224682570104e+52,2.7002182486962623e+48,1.8708598744945643e+47,9.992255789188656e+62,6.923184976142239e+61,3.518512999661825e+46,3.87595771912079e+46,2.126362632660757e+48,4.705480991418392e+47,0.00028779324103260024,7.459124597976468e-05,1.90373385879459e+48,0.0,1.90373385879459e+48,2027,2560,3.192265365171725e+50,3.555947565190763e+46,2.0469158167960438e+48,5.623418095992587e-16,8.763539770063507e-16,0.9307144940821832,-7.386142078391545e+46,-2.028240960365167e+31,0.9921932115120535,14613.51230556574,1.3991055064548639,0.00015585000775320972,0.008971219065225931,14.433033096216034,0.07204174758814072,7.200331427699458e+63,2.0746972842222128e+65,1.3633597114070777e+67,0.0002877932410326,7.459124597976466e-05,2.126362632660755e+48,4.705480991418391e+47,2.7002182486962626e+48,1.90373385879459e+48,0.0005281314511097,0.0,9.15700498138506e-16,1.724151868056988e-16,7.534590934765488e-16,1.8169058551113857e-16,1.2018234222923016e-16,0.0,2.0026939699452182e+65,1.362639678264308e+67,True
LOCAL_NEUTRAL_HAZARD_PRIMARY,4,1,3,5.55,2560,3.677273445684821e+63,3.6485657496820175e+63,2.870769600280382e+61,1.1128972697826127e+52,1.3790255300313089e+48,9.554648152181227e+46,5.103134105010752e+62,3.535732282321632e+61,1.7969359538338916e+46,1.9794861584133892e+46,1.1012174243151894e+48,2.2504803592942703e+47,0.0001490446299032994,3.567459614838388e-05,9.722538520470793e+47,0.0,9.722538520470793e+47,2026,2560,1.6303140122017391e+50,1.8160541201506182e+46,1.0453781543582763e+48,7.194549279253556e-16,6.96895051528592e-16,0.9307144940821835,-3.772168601355971e+46,-5.070602400912918e+30,0.9921932115120535,14613.51230556574,1.3991017592621877,0.0001558500077532097,0.008971219065225937,14.43303309621602,0.07204174758814097,3.677273445684821e+63,1.0325333717822471e+65,6.785155648858727e+66,0.0001490446299033,3.5674596148383565e-05,1.101217424315194e+48,2.2504803592942508e+47,1.3790255300313089e+48,9.722538520470793e+47,0.0005419585984447,0.0,4.125670054706279e-15,8.651980960016716e-15,4.000890171312536e-15,8.737537582572003e-15,0.0,0.0,9.957606373253989e+64,6.781478375413043e+66,True
LOCAL_NEUTRAL_HAZARD_PRIMARY,4,1,4,5.55,2560,3.6624709936320365e+62,3.6338788572415114e+62,2.8592136390524917e+60,1.108417426572975e+51,1.373474417341604e+47,9.516186987069968e+45,5.082592010705255e+61,3.521499588355969e+60,1.789702589578708e+45,1.971517958772599e+45,1.125075011730023e+47,1.9585171557169428e+46,1.5227364281954579e-05,3.1046397846277473e-06,9.683401531501556e+46,0.0,9.683401531501556e+46,2026,2560,1.6237493368545193e+49,1.8087437978599716e+45,1.0411701017792447e+47,8.601942369162249e-16,8.772412228364346e-16,0.9307144940821827,-3.7569841594912523e+45,-6.338253001141147e+29,0.9921932115120533,14613.51230556574,1.3991000109438232,0.0001558500077532097,0.008971219065225933,14.43303309621595,0.07204174758814116,3.662470993632036e+62,1.035973730710474e+64,6.807763509731705e+65,1.5227364281954575e-05,3.1046397846277384e-06,1.125075011730023e+47,1.958517155716937e+46,1.3734744173416042e+47,9.683401531501556e+46,0.0005379844626501,1.247024925139361e-16,0.0,2.9773508718208113e-15,2.2250283938057217e-16,2.864694960815412e-15,1.4767227803855864e-16,0.0,9.993490207741537e+63,6.804101038738074e+65,True
LOCAL_NEUTRAL_HAZARD_PRIMARY,4,1,5,5.55,2560,9.376757670733124e+60,9.303555306894979e+60,7.320236383814558e+58,2.837800388061344e+49,3.5164064918892047e+45,2.436360028032627e+44,1.3012590053668987e+60,9.015838851696947e+58,4.582045158676036e+43,5.047533803012186e+43,2.887995760065899e+45,4.9387670916003355e+44,3.908767239940842e-07,7.828929532138706e-08,2.4791707496706133e+45,0.0,2.4791707496706133e+45,2026,2560,4.157170156320099e+47,4.63079497706963e+43,2.6656319614192582e+45,8.026190583976588e-16,8.342506411007436e-16,0.9307144940821812,-9.61873284391457e+43,-1.9807040628566084e+28,0.9921932115120533,14613.512305565735,1.3991010275818507,0.0001558500077532097,0.00897121906522592,14.433033096215754,0.07204174758814245,9.376757670733123e+60,2.6889722398541457e+62,1.767022324070549e+64,3.908767239940861e-07,7.828929532138699e-08,2.887995760065912e+45,4.938767091600331e+44,3.5164064918892047e+45,2.479170749670613e+45,0.0005306530394665,1.522112165872332e-16,4.608847245015564e-15,9.625255985326283e-16,4.8757677659798705e-15,8.452553919739356e-16,0.0,1.278301021013429e-16,2.5952046631468146e+62,1.7660846483034757e+64,True
LOCAL_NEUTRAL_HAZARD_PRIMARY,4,1,6,5.55,2560,1.244825066341492e+65,1.2351069803440698e+65,9.71808599742217e+62,3.767363069814922e+53,4.6682564466949587e+49,3.7547672917920844e+48,1.7275052684140292e+64,1.3894652858738603e+63,1.128638246833993e+48,1.2432962803696247e+48,3.283933243345018e+49,1.2057206100359522e+49,0.004444650112452598,0.0019113073194873063,3.291259091149486e+49,0.0,3.291259091149486e+49,1984,2560,5.4315632680807305e+51,1.14064618382716e+48,6.565919975590554e+49,8.239047207599942e-16,7.538334178943276e-16,0.9195681013957542,-1.2265340409304538e+48,-3.2451855365842673e+32,0.9921932115120533,14613.51230556574,1.3769573382109457,0.00028916557823289535,0.016645284692946096,12.432878215648039,0.0836315541111154,1.2448250663414918e+65,7.952805534504271e+65,2.8166722478593306e+67,0.0044446501124526,0.0019113073194873,3.28393324334502e+49,1.2057206100359483e+49,4.6682564466949587e+49,3.291259091149486e+49,0.0044194885197862,1.8784989818705597e-16,4.743363954541852e-16,3.229788569165292e-15,3.902947210887586e-16,3.2900897392590606e-15,0.0,0.0,6.707980468162779e+65,2.804223997195916e+67,True
LOCAL_NEUTRAL_HAZARD_PRIMARY,4,1,7,5.55,2560,1.3267359060946933e+65,1.3163783594964475e+65,1.035754659824568e+63,4.015259646649343e+53,4.975432785018451e+49,4.001835052768734e+48,1.8411769890757448e+64,1.4808936089782164e+63,1.2029038678239802e+48,1.3251065243474693e+48,3.6251876478277926e+49,1.1598902994882765e+49,0.004906521994389605,0.0018386571488963018,3.5078275097094764e+49,0.0,3.5078275097094764e+49,1984,2560,5.789067092404199e+51,1.2157019400975243e+48,6.997964632703347e+49,6.6319426370792e-16,6.399803686494193e-16,0.9195681013957544,-1.3072413113694896e+48,-3.2451855365842673e+32,0.9921932115120531,14613.512305565735,1.3769813784041485,0.00028916557823289535,0.016645284692946054,12.43287821564789,0.08363155411111635,1.326735906094693e+65,1.5234035023112324e+66,5.395490118091043e+67,0.0049065219943896,0.0018386571488963,3.6251876478277885e+49,1.1598902994882754e+49,4.975432785018451e+49,3.5078275097094764e+49,0.0024589719878202,1.7625230529960088e-16,1.1458268896278613e-15,1.007221798204326e-15,1.060663833542612e-15,9.434730542440263e-16,0.0,0.0,1.390729911701763e+66,5.382222759030096e+67,True
LOCAL_NEUTRAL_HAZARD_PRIMARY,4,1,8,5.55,2560,6.344882631607586e+64,6.295349474921779e+64,4.953315668580614e+62,1.9202277617111466e+53,2.3794137866757477e+49,1.9138076842745847e+48,8.805107215413269e+63,7.082114907496708e+62,5.752677547497703e+47,6.337090398126178e+47,1.7767913085116294e+49,5.115886033716973e+48,0.0024048039664585023,0.0008109698333525011,1.6775572092975687e+49,0.0,1.6775572092975687e+49,1984,2560,2.768538304010711e+51,5.8138820917581265e+47,3.3466543002774983e+49,6.507824153864542e-16,7.254159341507088e-16,0.9195681013957588,-6.2516531388999814e+47,-1.2169445762191002e+32,0.9921932115120534,14613.512305565739,1.3769903945490651,0.0002891655782328954,0.01664528469294608,12.43287821564813,0.08363155411111477,6.344882631607585e+64,8.579569340747063e+65,3.0386553218006454e+67,0.0024048039664585,0.0008109698333525,1.776791308511628e+49,5.1158860337169664e+48,2.3794137866757477e+49,1.6775572092975687e+49,0.002088056051006,1.8427469470282148e-16,8.766865585724205e-16,1.2686699880319504e-15,9.016969263255027e-16,1.33692047212592e-15,0.0,0.0,7.945081077586305e+65,3.0323104391690376e+67,True
LOCAL_NEUTRAL_HAZARD_PRIMARY,4,1,9,5.55,2560,2.9694660739982047e+64,2.9462840804363676e+64,2.318199356183711e+62,8.986850543689322e+52,1.1135885288625182e+49,8.956803964032627e+47,4.120874832866979e+63,3.3144978671796354e+62,2.692308400922699e+47,2.9658192338110537e+47,8.472180292129301e+48,2.2376577100826266e+48,0.0011466699928946993,0.0003547133161852007,7.851129027012591e+48,0.0,7.851129027012591e+48,1984,2560,1.2957058559153582e+51,2.720952716083152e+47,1.5662663886906776e+49,7.194697975568066e-16,5.683739129571177e-16,0.9195681013957565,-2.92583377506296e+47,-4.056481920730334e+31,0.9921932115120534,14613.512305565731,1.3769939140466243,0.00028916557823289546,0.016645284692946054,12.432878215648103,0.08363155411111502,2.969466073998204e+64,4.269871912018346e+65,1.5122750913895958e+67,0.0011466699928947,0.0003547133161852,8.472180292129305e+48,2.237657710082622e+48,1.1135885288625183e+49,7.851129027012591e+48,0.0019635753381811,1.9687062938733364e-16,4.596482262681393e-16,2.0303640412680507e-15,5.673134446024008e-16,1.9867633380519267e-15,1.1656677318323606e-16,0.0,3.972925304618525e+65,1.5093056253155976e+67,True
LOCAL_NEUTRAL_HAZARD_PRIMARY,4,1,10,5.55,2560,2.86244328087397e+63,2.8400967916214427e+63,2.234648925252706e+61,8.66295465715351e+51,1.0734535848085842e+48,8.633990988969326e+46,3.9723540133868067e+62,3.1950397522491515e+61,2.5952746723539026e+46,2.858927876781134e+46,8.35471514576704e+47,1.969128624370185e+47,0.00011307716345139989,3.121461076010372e-05,7.568165781529779e+47,0.0,7.568165781529779e+47,1984,2560,1.2490091072568183e+50,2.6228866151823573e+46,1.509816441286976e+48,5.640052928709745e-16,6.209642633495905e-16,0.9195681013957571,-2.820383537538312e+46,-7.605903601369376e+30,0.9921932115120533,14613.51230556574,1.3769960112933046,0.00028916557823289535,0.01664528469294609,12.432878215648065,0.08363155411111536,2.86244328087397e+63,4.284098950442853e+64,1.5173139300894332e+66,0.0001130771634514,3.1214610760103763e-05,8.354715145767048e+47,1.9691286243701873e+47,1.0734535848085842e+48,7.568165781529779e+47,0.0018865201354246,0.0,9.71064087753026e-16,1.2360234482989468e-15,9.588162095624985e-16,1.3025176504898778e-15,0.0,0.0,3.997854622355456e+64,1.5144514868085592e+66,True
LOCAL_NEUTRAL_HAZARD_PRIMARY,4,1,11,5.55,2560,7.327429155055163e+61,7.270225465481233e+61,5.720368957392946e+59,2.2175875744991693e+50,2.747881555062056e+46,2.210173306132426e+45,1.0168635587079225e+61,8.178826664835337e+59,6.6435172450913984e+44,7.318430243316495e+44,2.147535756478911e+46,4.952147336003655e+45,2.9065892435156486e-06,7.85013988456341e-07,1.937337901799067e+46,0.0,1.937337901799067e+46,1984,2560,3.197279434319559e+48,6.7141997128492096e+44,3.8649055806932846e+46,7.042340110029636e-16,7.460791795112768e-16,0.9195681013957562,-7.219762466380082e+44,-1.5845632502852868e+29,0.9921932115120533,14613.512305565735,1.3769968066750053,0.0002891655782328954,0.016645284692946065,12.432878215648001,0.08363155411111572,7.327429155055161e+61,1.1119802374359505e+63,3.938338315157993e+64,2.90658924351565e-06,7.850139884563399e-07,2.147535756478912e+46,4.9521473360036475e+45,2.747881555062056e+46,1.937337901799067e+46,0.0018605382698721,1.5582520553979647e-16,4.7222518978931e-16,1.5358799093217777e-15,4.3712726994911193e-16,1.483629998447393e-15,0.0,0.0,1.0387059458853988e+63,3.9310108860029374e+64,True
LOCAL_NEUTRAL_HAZARD_PRIMARY,4,1,12,5.55,2560,1.4099637054066833e+65,1.3989564169828916e+65,1.1007288423791652e+63,4.267141895800601e+53,5.287547893548769e+49,6.460506919968522e+48,1.9566763196061983e+64,2.3907340713410012e+63,3.485995288396419e+48,3.840136542957811e+48,3.509373294774309e+49,1.5758785645177597e+49,0.004749772682153812,0.0024980814045271133,3.7278779075754263e+49,0.0,3.7278779075754263e+49,1920,2560,5.9458653932356624e+51,3.5230838877762034e+48,2.0279984453037313e+50,6.652161021359891e-16,6.121155938542577e-16,0.8778165786857428,-1.2455084592489755e+48,-2.4338891524382005e+32,0.9921932115120532,14613.512305565739,1.330794835456084,0.0007885314470901083,0.04539036252642938,8.184416422813044,0.12704399110859194,1.409963705406683e+65,2.1667883853670383e+65,2.814232841414307e+66,0.0047497726821538,0.0024980814045271,3.5093732947743004e+49,1.5758785645177514e+49,5.287547893548769e+49,3.727877907575426e+49,0.0501011744535714,1.6584842650647994e-16,2.5152367440229445e-15,5.271773574887089e-15,2.5565569437591076e-15,5.381772953618068e-15,0.0,1.3928291074081458e-16,7.56824679960355e+64,2.6732364708736386e+66,True
LOCAL_NEUTRAL_HAZARD_PRIMARY,4,1,13,5.55,2560,6.352122830631846e+64,6.302533151243647e+64,4.958967938819852e+62,1.9224189497872575e+53,2.382128955793422e+49,2.9105666583062544e+48,8.815154797436613e+63,1.0770657725656904e+63,1.5704993095911642e+48,1.7300458808781273e+48,1.6019578105706964e+49,6.890333909088449e+48,0.002168175000915895,0.0010922551646320993,1.6794714839619088e+49,0.0,1.6794714839619088e+49,1920,2560,2.6787992812553556e+51,1.5872083452899607e+48,9.136472928701439e+49,6.434180779095003e-16,6.832701045206356e-16,0.8778165786857428,-5.6112243807428755e+47,-1.6225927682921336e+32,0.9921932115120534,14613.512305565739,1.3308381851573101,0.0007885314470901086,0.04539036252642942,8.184416422813191,0.1270439911085903,6.352122830631845e+64,4.1506019488520045e+65,5.390817301302313e+66,0.0021681750009159,0.0010922551646321,1.6019578105707e+49,6.890333909088453e+48,2.382128955793422e+49,1.6794714839619088e+49,0.0117832278031334,1.8406465697207271e-16,2.268853634590754e-15,5.651718327851402e-16,2.2002327104228336e-15,5.95576312711156e-16,0.0,0.0,3.5153896657888196e+65,5.327296072995995e+66,True
LOCAL_NEUTRAL_HAZARD_PRIMARY,4,1,14,5.55,2560,2.0836438166881868e+64,2.0673772501270843e+64,1.6266566561102576e+62,6.305980637672863e+52,7.81393622515818e+48,9.54733461921336e+47,2.8915755057905538e+63,3.533025882860297e+62,5.151602484388974e+47,5.674952292948838e+47,5.223215155675059e+48,2.291768068563154e+48,0.0007069377514320981,0.00036329088576170015,5.509056525144804e+48,0.0,5.509056525144804e+48,1920,2560,8.787337440204342e+50,5.206412002159521e+47,2.996975315468529e+49,6.023619233410568e-16,6.363774772444298e-16,0.8778165786857408,-1.8406119177361587e+47,-4.056481920730334e+31,0.9921932115120534,14613.512305565737,1.3308766007990465,0.0007885314470901086,0.045390362526429334,8.184416422813092,0.1270439911085918,2.0836438166881868e+64,2.3375538504401114e+65,3.036023664751502e+66,0.0007069377514321,0.0003632908857617,5.223215155675073e+48,2.291768068563153e+48,7.813936225158182e+48,5.5090565251448034e+48,0.0068630684301952,0.0,2.733721651396402e-15,4.248054915895832e-16,2.607222049595675e-15,4.476587006355636e-16,1.6612295995638604e-16,1.1781275148557197e-16,2.1291894687712926e+65,3.0151872265846203e+66,True
LOCAL_NEUTRAL_HAZARD_PRIMARY,4,1,15,5.55,2560,1.6022887480909904e+64,1.5897800187380272e+64,1.2508729352963073e+62,4.849198188528457e+52,6.008791901761567e+48,7.341747525227018e+47,2.2235752867530807e+63,2.7168403608534836e+62,3.961499863490966e+47,4.363947490506086e+47,4.089837617893289e+48,1.6890642106486423e+48,0.0005535404005278991,0.00026775031976930086,4.236376300085133e+48,0.0,4.236376300085133e+48,1920,2560,6.757158148018185e+50,4.0036475054769286e+47,2.3046260535613824e+49,7.451821177580398e-16,6.152110412416419e-16,0.8778165786857425,-1.4154011073151362e+47,-4.056481920730334e+31,0.9921932115120533,14613.512305565737,1.33084435764751,0.0007885314470901086,0.04539036252642934,8.18441642281313,0.12704399110859108,1.60228874809099e+64,1.1633515777326211e+65,1.5109653708115613e+66,0.0005535404005279,0.0002677503197693,4.0898376178932956e+48,1.689064210648637e+48,6.008791901761567e+48,4.236376300085133e+48,0.0106044041712906,1.8242674912024127e-16,1.5869507984309094e-15,3.074067182171161e-15,1.5669348382904279e-15,3.239442398185519e-15,0.0,0.0,1.0031227029235221e+65,1.4949424833306514e+66,True
LOCAL_NEUTRAL_HAZARD_PRIMARY,4,1,16,5.55,2560,1.6260768604063853e+63,1.6133824222920485e+63,1.2694438114336717e+61,4.921190999615573e+51,6.098000427259383e+47,7.45074555378422e+46,2.256587225909515e+62,2.7571754775569844e+61,4.020313609641541e+46,4.428736108142106e+46,4.2116818870081424e+47,1.6530154424513286e+47,5.7003145269901675e-05,2.6203587199928238e-05,4.2992709533470815e+47,0.0,4.2992709533470815e+47,1920,2560,6.857474141772008e+49,4.0630869895555676e+46,2.3388412993917138e+48,5.889511851635344e-16,5.894948209541488e-16,0.8778165786857443,-1.4364146234821053e+46,-3.802951800684688e+30,0.9921932115120534,14613.512305565739,1.3308437703387574,0.0007885314470901087,0.04539036252642939,8.184416422813177,0.12704399110859024,1.6260768604063853e+63,1.1672278175680714e+64,1.5159998455760522e+65,5.700314526990167e-05,2.6203587199928218e-05,4.2116818870081424e+47,1.6530154424513276e+47,6.098000427259383e+47,4.2992709533470815e+47,0.0107261017549016,0.0,0.0,6.1349728147651185e-16,1.188752576011336e-16,7.758018235823407e-16,0.0,0.0,1.004620131527433e+64,1.4997390769719884e+65,True
LOCAL_NEUTRAL_HAZARD_PRIMARY,4,1,17,5.55,2560,4.3549940814743435e+61,4.3209955638140133e+61,3.3998517660330003e+59,1.318003976255738e+50,1.6331796126110316e+46,1.9954747268953017e+45,6.043640526752527e+60,7.384326767522016e+59,1.076729052726572e+45,1.186113646224016e+45,1.1232973391877755e+46,4.4739853512474597e+45,1.5203304315203377e-06,7.092157899551274e-07,1.1514400095344907e+46,0.0,1.1514400095344907e+46,1920,2560,1.8365809335938305e+48,1.0881847114906779e+45,6.263935158522022e+46,6.743488774293129e-16,8.046884924110706e-16,0.8778165786857431,-3.847036592258247e+44,-1.5845632502852868e+29,0.9921932115120532,14613.512305565735,1.3308419112790042,0.0007885314470901085,0.04539036252642933,8.184416422813062,0.12704399110799866,4.354994081474343e+61,3.0296551987602608e+62,3.934927478886429e+63,1.5203304315203336e-06,7.092157899551282e-07,1.1232973391877726e+46,4.473985351247464e+45,1.6331796126110316e+46,1.1514400095344907e+46,0.0110675332768948,1.31090666577694e-16,2.5955695600891505e-15,9.916834214849884e-16,2.646402660923192e-15,1.1943233064620455e-15,0.0,0.0,2.5941557906128265e+62,3.891377538071686e+63,True
LOCAL_NEUTRAL_HAZARD_PRIMARY,4,2,0,5.55,2560,6.708349974324777e+64,6.65911563698659e+64,4.923433733818715e+62,2.051281650912482e+53,2.4925519459767985e+49,1.655764121223061e+48,9.223779086770302e+63,6.127215321876401e+62,3.2529921972522473e+47,3.5916431689967415e+47,1.747237471953197e+49,6.003496729014145e+48,0.0023648042303953034,0.0009516738077771003,6.702961318729685e+48,0.0,6.702961318729685e+48,1984,2560,3.044444220051641e+51,3.2855203242890803e+47,2.0201642074670957e+49,7.002015585555162e-16,7.77098820857221e-16,0.9335715300178454,-6.824062234352668e+47,-8.112963841460668e+31,0.9926607381059986,14765.054073920024,1.4321756212245331,0.00015455832892233865,0.009503310685572941,15.053786430253291,0.07053046464546066,6.708349974324776e+64,1.9231342960329392e+65,1.265980464084233e+67,0.0023648042303953,0.0009516738077771,1.7472374719531948e+49,6.003496729014143e+48,2.4925519459767985e+49,6.702961318729685e+48,0.0052989364090838,1.7429044613648192e-16,1.3372730518014329e-15,4.3243938432089996e-16,1.467118041891213e-15,3.4177745471989854e-16,0.0,0.0,1.2522992986004615e+65,1.2592721141099082e+67,True
LOCAL_NEUTRAL_HAZARD_PRIMARY,4,2,1,5.55,2560,1.4396153938008435e+64,1.429049679399103e+64,1.0565714401740367e+62,4.4020610924850475e+52,5.349029440935848e+48,3.5532784165092275e+47,1.9794277897180473e+63,1.314903595111481e+62,6.980938175560428e+46,7.707684922398212e+46,4.075851423431256e+48,9.62082800270072e+47,0.0005516474344966014,0.00015250928638050004,1.4384589855072578e+48,0.0,1.4384589855072578e+48,2002,2560,6.53409998681762e+50,7.050743705374706e+46,4.335282896995606e+48,6.143187077283387e-16,7.629052435166721e-16,0.9335715300178423,-1.464447304989913e+47,-4.056481920730334e+31,0.9926607381059984,14765.054073920024,1.4323305699002655,0.00015455832892233865,0.009503310685572941,15.053786430253282,0.07053046464546064,1.4396153938008432e+64,3.6838691821150493e+65,2.425054987797761e+67,0.0005516474344966,0.0001525092863805,4.0758514234312456e+48,9.620828002700717e+47,5.349029440935848e+48,1.4384589855072577e+48,0.0005936423714285,2.0304056814400629e-16,2.5478342162745924e-15,3.373083414102499e-16,2.5550065786444608e-15,3.5545447697542024e-16,0.0,1.1280076697633077e-16,3.539907642734965e+65,2.4236153724039604e+67,True
LOCAL_NEUTRAL_HAZARD_PRIMARY,4,2,2,5.55,2560,7.493287762785344e+63,7.438292561447147e+63,5.499520133819748e+61,2.2913002081940068e+52,2.7842031298873454e+48,1.849503540379706e+47,1.0303044895103005e+63,6.844155085392455e+61,3.6336217873844575e+46,4.011897994222305e+46,2.157248658805003e+48,4.650274734687712e+47,0.00029197352027100055,7.371611685206632e-05,7.487268585613148e+47,0.0,7.487268585613148e+47,2002,2560,3.4010648806306e+50,3.6699560002988583e+46,2.256541741645465e+48,7.474737574473171e-16,8.206791822890339e-16,0.9335715300178433,-7.622539406690297e+46,-2.028240960365167e+31,0.9926607381059986,14765.054073920026,1.4323411628474896,0.0001545583289223387,0.009503310685572943,15.0537864302533,0.07053046464546059,7.493287762785344e+63,2.0746972842222128e+65,1.3657528941852685e+67,0.000291973520271,7.371611685206635e-05,2.1572486588049992e+48,4.6502747346877146e+47,2.7842031298873457e+48,7.487268585613148e+47,0.0005486561877106,0.0,1.8051802364120163e-15,5.233860989509142e-16,1.8566789404038804e-15,3.6769509124486425e-16,1.165570680439388e-16,0.0,1.9997644065943593e+65,1.36500356540899e+67,True
LOCAL_NEUTRAL_HAZARD_PRIMARY,4,2,3,5.55,2560,3.828034233748498e+63,3.7999392879678146e+63,2.8094945780683846e+61,1.1705376751074305e+52,1.4223429330781185e+48,9.448406483432562e+46,5.263431729684642e+62,3.4964171665853587e+61,1.856278450119435e+46,2.049525301892522e+46,1.1172129227478076e+48,2.224076980615401e+47,0.00015120954583309982,3.525605000669834e-05,3.8249592662571125e+47,0.0,3.8249592662571125e+47,2002,2560,1.7374669402007217e+50,1.8748402103635035e+46,1.152780903437558e+48,5.673126776324612e-16,7.177482009735152e-16,0.9335715300178448,-3.8940639570555373e+46,-1.0141204801825835e+31,0.9926607381059985,14765.054073920022,1.432335328370019,0.00015455832892233867,0.00950331068557293,15.05378643025303,0.07053046464546206,3.828034233748498e+63,1.0325333717822471e+65,6.797066018154761e+66,0.0001512095458331,3.525605000669833e-05,1.1172129227478089e+48,2.224076980615401e+47,1.4223429330781185e+48,3.8249592662571125e+47,0.000563189208921,0.0,1.1618861438167632e-15,0.0,1.0755294910569439e-15,3.8440287988852815e-16,0.0,0.0,9.942530294447621e+64,6.793237983921012e+66,True
LOCAL_NEUTRAL_HAZARD_PRIMARY,4,2,4,5.55,2560,3.8147476109693767e+62,3.7867501791929557e+62,2.7997431776420895e+60,1.1664748868489589e+51,1.4174061606094318e+47,9.415612259258024e+45,5.245163023699871e+61,3.4842815447141194e+60,1.849835542341257e+45,2.0424116587274564e+45,1.141417048451693e+47,1.9355391857480588e+46,1.544854610865546e-05,3.0682151255293285e-06,3.81168331630133e+46,0.0,3.81168331630133e+46,2002,2560,1.7314330749889488e+49,1.8683328770626105e+45,1.1487797466882507e+47,7.361655191846447e-16,7.704510563772535e-16,0.933571530017842,-3.8805481534561414e+45,-1.2676506002282294e+30,0.9926607381059984,14765.054073920026,1.4323325676947354,0.00015455832892233862,0.009503310685572945,15.0537864302531,0.07053046464546166,3.8147476109693763e+62,1.035973730710474e+64,6.8197135638906865e+65,1.544854610865546e-05,3.068215125529326e-06,1.141417048451693e+47,1.9355391857480573e+46,1.4174061606094318e+47,3.81168331630133e+46,0.0005593706502818,1.1972463403675844e-16,0.0,7.85920911069522e-16,0.0,8.282010021459987e-16,0.0,0.0,9.978262546007803e+63,6.815898816279717e+65,True
LOCAL_NEUTRAL_HAZARD_PRIMARY,4,2,5,5.55,2560,9.76718675853496e+60,9.69550281694645e+60,7.168394158851057e+58,2.9866138551954063e+49,3.629092169442989e+45,2.410750402403524e+44,1.3429587499871386e+60,8.921069501080599e+58,4.736273813415308e+43,5.229341005742386e+43,2.929944725486853e+45,4.880823845311753e+44,3.9655432034149376e-07,7.737077945772486e-08,9.759341013191304e+44,0.0,9.759341013191304e+44,2002,2560,4.433123876901568e+47,4.7836339381688e+43,2.941307649833062e+45,5.782588723137562e-16,7.824773731254201e-16,0.9335715300178449,-9.935660862937717e+43,-1.9807040628566084e+28,0.9926607381059986,14765.054073920024,1.4323341358806287,0.00015455832892233867,0.009503310685572941,15.053786430253316,0.07053046464546059,9.767186758534959e+60,2.6889722398541457e+62,1.7701240787720137e+64,3.965543203414936e-07,7.737077945772508e-08,2.9299447254868514e+45,4.880823845311767e+44,3.62909216944299e+45,9.759341013191303e+44,0.0005517797806191,1.461267945407897e-16,6.489801270999697e-16,2.759531598412892e-15,4.004966519427003e-16,2.9079857821176325e-15,1.7465119939662408e-16,1.6236375469854953e-16,2.591300372268796e+62,1.76914736009616e+64,True
LOCAL_NEUTRAL_HAZARD_PRIMARY,4,2,6,5.55,2560,1.2925297540649844e+65,1.283043539694112e+65,9.486214370872393e+62,3.952302098011507e+53,4.802518601531171e+49,3.726384190957382e+48,1.7771894668886835e+64,1.3789620162300966e+63,1.1629140701275158e+48,1.2839786027253008e+48,3.331633314091181e+49,1.1915746977127412e+49,0.004509209928105203,0.0018888832309055972,1.291491496115157e+49,0.0,1.291491496115157e+49,1968,2560,5.769793707168246e+51,1.1745425691561905e+48,7.221896759592245e+49,7.694978969326851e-16,6.408879298917093e-16,0.9224077093679757,-1.2618392264620767e+48,-1.6225927682921336e+32,0.9926607381059983,14765.054073920024,1.408716830855858,0.0002867689851149055,0.01763253251723982,12.88787831696256,0.08238365737841105,1.2925297540649842e+65,7.952805534504271e+65,2.8216165127213366e+67,0.0045092099281052,0.0018888832309056,3.3316333140911787e+49,1.191574697712743e+49,4.802518601531171e+49,1.291491496115157e+49,0.0045808129780839,1.809167342086484e-16,7.792419466713141e-16,1.5251279705548879e-15,7.69413490893181e-16,1.492376872397144e-15,0.0,0.0,6.660275780439287e+65,2.808691215180687e+67,True
LOCAL_NEUTRAL_HAZARD_PRIMARY,4,2,7,5.55,2560,1.3785187808041494e+65,1.3684014704460279e+65,1.0117310358121434e+63,4.215239651068474e+53,5.122019099793308e+49,3.9742919461397244e+48,1.8954217877371906e+64,1.4707011822438647e+63,1.2402800640298255e+48,1.3693987410664363e+48,3.6778445365206076e+49,1.1462820835014831e+49,0.004977790631388993,0.0018170854161049027,1.3774114499449142e+49,0.0,1.3774114499449142e+49,1971,2560,6.153808256536261e+51,1.2526821803085235e+48,7.702352912818148e+49,6.994188947531412e-16,6.420406022600844e-16,0.9224077093679747,-1.3457864831062902e+48,-3.2451855365842673e+32,0.9926607381059983,14765.054073920028,1.4087542523227998,0.00028676898511490536,0.01763253251723985,12.887878316962558,0.08238365737841112,1.3785187808041492e+65,1.5234035023112324e+66,5.404961128509261e+67,0.004977790631389,0.0018170854161049,3.677844536520613e+49,1.1462820835014817e+49,5.122019099793308e+49,1.3774114499449142e+49,0.0025504693706915,1.6963153874228349e-16,1.4117771447313396e-15,1.2456633987817451e-15,1.393970622257972e-15,1.432010400228202e-15,0.0,0.0,1.3855516242308174e+66,5.3911759407012195e+67,True
LOCAL_NEUTRAL_HAZARD_PRIMARY,4,2,8,5.55,2560,6.595759731043361e+64,6.547351722987327e+64,4.84080080560356e+62,2.0168537661123623e+53,2.4507179583251124e+49,1.9015682007949485e+48,9.068970894692038e+63,7.036822253943565e+62,5.93433286180673e+47,6.552123335453112e+47,1.802599711069418e+49,5.0558647695152095e+48,0.0024397344327104966,0.0008014552674871998,6.590461516472775e+48,0.0,6.590461516472775e+48,1972,2560,2.9444245032553822e+51,5.9936729159792474e+47,3.685322962884477e+49,7.286887442483247e-16,6.721869770941846e-16,0.9224077093679759,-6.439146434172517e+47,-1.6225927682921336e+32,0.9926607381059988,14765.054073920024,1.4087682767855083,0.0002867689851149055,0.01763253251723984,12.887878316962771,0.08238365737840982,6.595759731043361e+64,8.579569340747063e+65,3.043989246167154e+67,0.0024397344327105,0.0008014552674872,1.8025997110694208e+49,5.05586476951521e+48,2.450717958325113e+49,6.590461516472775e+48,0.0021668143996725,0.0,1.5842470486694622e-15,1.2837311457186927e-16,1.4220592640892978e-15,2.7055837461391944e-16,2.1186839721382643e-16,0.0,7.919993367642727e+65,3.037393486436111e+67,True
LOCAL_NEUTRAL_HAZARD_PRIMARY,4,2,9,5.55,2560,3.088054173317669e+64,3.065390134996826e+64,2.266403832084243e+62,9.442663079586627e+52,1.1473962253675464e+49,8.902910138881176e+47,4.24598144278068e+63,3.2945542612644053e+62,2.77838218901579e+47,3.067624145692981e+47,8.595241136964619e+48,2.211404770958335e+48,0.0011633257029017012,0.0003505517024342002,3.0855736139457386e+48,0.0,3.0855736139457386e+48,1972,2560,1.378548953796475e+51,2.8061644778505222e+47,1.725423214250196e+49,6.891964601872032e-16,6.301815577041204e-16,0.9224077093679768,-3.014729739936201e+47,-1.2169445762191002e+32,0.9926607381059985,14765.054073920022,1.4087737462710763,0.0002867689851149055,0.017632532517239837,12.887878316962762,0.08238365737840968,3.088054173317668e+64,4.269871912018346e+65,1.514929673796806e+67,0.0011633257029017,0.0003505517024342,8.59524113696461e+48,2.2114047709583338e+48,1.1473962253675467e+49,3.0855736139457386e+48,0.0020384142094056,1.8931036248768009e-16,1.0571570195231105e-15,5.869907814620356e-16,1.1183820693872701e-15,6.185690527000154e-16,2.262643341393063e-16,0.0,3.9610664946865785e+65,1.5118416196234885e+67,True
LOCAL_NEUTRAL_HAZARD_PRIMARY,4,2,10,5.55,2560,2.9781670570508522e+63,2.956309509055068e+63,2.1857547995784252e+61,9.106649863024391e+51,1.1065666105536297e+48,8.586103804977803e+46,4.09488996890012e+62,3.1773189257308403e+61,2.6795146207988685e+46,2.9584640234149945e+46,8.476069775714137e+47,1.946026157147184e+47,0.00011471964163129994,3.084839063967109e-05,2.9757747673467502e+47,0.0,2.9757747673467502e+47,1972,2560,1.3294969355656506e+50,2.706308288504568e+46,1.6640247507802125e+48,8.110397842703718e-16,6.721658027398131e-16,0.9224077093679758,-2.907451842965421e+46,-5.070602400912918e+30,0.9926607381059984,14765.054073920026,1.4087769990765222,0.0002867689851149054,0.017632532517239844,12.887878316962539,0.08238365737841123,2.9781670570508522e+63,4.284098950442853e+64,1.5199773574565597e+66,0.0001147196416313,3.0848390639671096e-05,8.476069775714142e+47,1.9460261571471842e+47,1.1065666105536298e+48,2.9757747673467502e+47,0.0019593496195458,0.0,5.742966296506533e-16,2.0844950648952295e-16,4.725442640284938e-16,2.1966343908132806e-16,1.4663308587273648e-16,0.0,3.9862822447377676e+64,1.516999190399509e+66,True
LOCAL_NEUTRAL_HAZARD_PRIMARY,4,2,11,5.55,2560,7.62432907002748e+61,7.568372122216498e+61,5.5956947810981725e+59,2.3313700659214933e+50,2.8328927877942594e+46,2.1981064051991574e+45,1.0483222744182012e+61,8.134172659268848e+59,6.859756630694485e+44,7.57388783914964e+44,2.1787293283097492e+46,4.89404710826961e+45,2.9488082846081277e-06,7.758039451338942e-07,7.618204630536507e+45,0.0,7.618204630536507e+45,1972,2560,3.4036139765124856e+48,6.9283504119256546e+44,4.2600270695298976e+46,6.660708085247117e-16,6.95876031787815e-16,0.9224077093679778,-7.443292864832612e+44,-7.922816251426434e+28,0.9926607381059984,14765.05407392003,1.4087782339751933,0.0002867689851149053,0.01763253251723986,12.887878316962494,0.08238365737841144,7.624329070027479e+61,1.1119802374359505e+63,3.9452515042097637e+64,2.948808284608125e-06,7.758039451338951e-07,2.1787293283097472e+46,4.894047108269616e+45,2.83289278779426e+46,7.618204630536507e+45,0.0019325330874069,1.4975719747634825e-16,9.309283783032697e-16,1.2950943995678369e-15,8.617375551427522e-16,1.2282897910458883e-15,1.789902682784186e-16,0.0,1.0357369467356756e+63,3.937627175139736e+64,True
LOCAL_NEUTRAL_HAZARD_PRIMARY,4,2,12,5.55,2560,1.4624196679957993e+65,1.4516865870534392e+65,1.0733080942360035e+63,4.471792083559643e+53,5.433760914753963e+49,6.48840467922772e+48,2.0107829796251718e+64,2.4010577385704078e+63,3.587992436313362e+48,3.9615184245375564e+48,3.560347946824446e+49,1.5573898368472365e+49,0.004818764490506202,0.0024687730886282073,1.4612449415792468e+49,0.0,1.4612449415792468e+49,1888,2560,6.303658146193621e+51,3.6238703808944036e+48,2.22820512838165e+50,7.168285631701569e-16,6.749577116299133e-16,0.8805909059853965,-1.279101033427595e+48,-1.6225927682921336e+32,0.9926607381059984,14765.054073920026,1.3602683734891565,0.0007819961289828722,0.04808250852902146,8.374571537052642,0.1267826714359848,1.462419667995799e+65,2.1667883853670383e+65,2.819172824247554e+66,0.0048187644905062,0.0024687730886282,3.5603479468244446e+49,1.5573898368472318e+49,5.433760914753964e+49,1.4612449415792468e+49,0.0518740694226904,1.59899560359042e-16,4.3751034472621864e-16,3.0005763888516522e-15,5.399901196856098e-16,2.9863314724473355e-15,1.9111245194599917e-16,0.0,7.04368717371239e+64,2.672930857447974e+66,True
LOCAL_NEUTRAL_HAZARD_PRIMARY,4,2,13,5.55,2560,6.590015888194841e+64,6.541650035705748e+64,4.8365852489093505e+62,2.0150974117948343e+53,2.4485837782772225e+49,2.9238317058295515e+48,9.061073283841878e+63,1.0819745516235507e+63,1.6168359657274452e+48,1.7851557887522932e+48,1.6252267065056048e+49,6.809494236494116e+48,0.0021996683636823933,0.0010794404663804034,6.584722287514558e+48,0.0,6.584722287514558e+48,1898,2560,2.840702071411683e+51,1.6330034332471393e+48,1.0040829947477476e+50,7.053283927526756e-16,7.445744242140425e-16,0.8805909059853954,-5.76393788825774e+47,-8.112963841460668e+31,0.9926607381059985,14765.054073920026,1.3603266093693347,0.0007819961289828725,0.048082508529021434,8.374571537052638,0.12678267143598515,6.590015888194841e+64,4.1506019488520045e+65,5.400280109259677e+66,0.0021996683636824,0.0010794404663804,1.6252267065056095e+49,6.809494236494096e+48,2.4485837782772225e+49,6.584722287514558e+48,0.0122031001260382,0.0,2.875332502213725e-15,2.859406667113996e-15,2.957360819620482e-15,3.0132338176677816e-15,0.0,0.0,3.4916003600325203e+65,5.334379950377729e+66,True
LOCAL_NEUTRAL_HAZARD_PRIMARY,4,2,14,5.55,2560,2.1614413231943966e+64,2.145577939254956e+64,1.5863383939440754e+62,6.609262997252813e+52,8.031043098321853e+48,9.589795803628962e+47,2.9719166934441733e+63,3.5487387985106323e+62,5.3030161511606e+47,5.8550837442757026e+47,5.299083851530294e+48,2.2648802888460625e+48,0.0007172062247102034,0.0003590286371321017,2.159705089556577e+48,0.0,2.159705089556577e+48,1900,2560,9.317494912138884e+50,5.356043386574507e+47,3.2932644072259577e+49,6.709221497405988e-16,6.315814657889978e-16,0.8805909059853954,-1.8904982548408804e+47,-4.056481920730334e+31,0.9926607381059985,14765.05407392002,1.3603782544730627,0.0007819961289828727,0.0480825085290214,8.374571537052699,0.1267826714359834,2.1614413231943966e+64,2.3375538504401114e+65,3.0413529696208427e+66,0.0007172062247102,0.0003590286371321,5.299083851530269e+48,2.2648802888460518e+48,8.031043098321854e+48,2.1597050895565768e+48,0.0071068414116492,0.0,4.776759133193833e-15,4.728334792557308e-15,4.837446793431679e-15,4.680722353448927e-15,1.6163208175348344e-16,1.502605866086354e-16,2.1214097181206718e+65,3.0197385563888986e+66,True
LOCAL_NEUTRAL_HAZARD_PRIMARY,4,2,15,5.55,2560,1.6626635391476632e+64,1.6504608159922514e+64,1.2202723155412005e+62,5.084098507901862e+52,6.177786275118e+48,7.376838621277283e+47,2.2861122689517027e+63,2.729825948512057e+62,4.0792833501559284e+47,4.503954909993096e+47,4.149243680458405e+48,1.669247551604066e+48,0.0005615807333572994,0.00026460898460730053,1.6613279616632936e+48,0.0,1.6613279616632936e+48,1898,2560,7.167146395078274e+50,4.1200739327909454e+47,2.533305251412039e+49,7.1548165606862445e-16,6.42626066606103e-16,0.8805909059853977,-1.4542437425508264e+47,-4.056481920730334e+31,0.9926607381059988,14765.054073920028,1.3603349911267586,0.0007819961289828725,0.04808250852902149,8.374571537052724,0.1267826714359837,1.6626635391476632e+64,1.1633515777326211e+65,1.5136176541918125e+66,0.0005615807333573,0.0002646089846073,4.1492436804584105e+48,1.6692475516040626e+48,6.177786275118001e+48,1.6613279616632936e+48,0.01098469969971,0.0,1.2513839288323458e-15,2.138510903797571e-15,1.158375394401957e-15,2.0486873756281205e-15,2.1011963781620345e-16,0.0,9.970852238178548e+64,1.496991018800336e+66,True
LOCAL_NEUTRAL_HAZARD_PRIMARY,4,2,16,5.55,2560,1.6878066330741145e+63,1.675419378167551e+63,1.238725490656363e+61,5.1609811503040865e+51,6.271207858568649e+47,7.488392487689786e+46,2.320683265519133e+62,2.77110686230504e+61,4.1409709989259013e+46,4.572064517665405e+46,4.272857772473446e+47,1.6336217194584608e+47,5.7831132278358035e-05,2.5896158062532295e-05,1.6864508587493468e+47,0.0,1.6864508587493468e+47,1898,2560,7.27552549198409e+49,4.182378424010614e+46,2.5716143442506757e+48,6.512333024455531e-16,8.32045957101469e-16,0.8805909059853984,-1.476235075222774e+46,-2.535301200456459e+30,0.9926607381059986,14765.054073920024,1.360334286918015,0.0007819961289828727,0.04808250852902147,8.374571537052747,0.12678267143598365,1.6878066330741145e+63,1.1672278175680714e+64,1.5186609662559562e+65,5.783113227835815e-05,2.589615806253238e-05,4.2728577724734545e+47,1.6336217194584663e+47,6.2712078585686495e+47,1.6864508587493468e+47,0.0111137816179944,0.0,2.0885928577118764e-15,3.3522146086557223e-15,1.991945796117401e-15,3.2708826738272896e-15,1.2936844104721453e-16,0.0,9.9844715426066e+63,1.501782899925215e+65,True
LOCAL_NEUTRAL_HAZARD_PRIMARY,4,2,17,5.55,2560,4.519968608145189e+61,4.486795374777346e+61,3.3173233367843018e+59,1.3821176152220495e+50,1.6794378040958316e+46,2.005401466409691e+45,6.214820645946436e+60,7.421061027957563e+59,1.1089575402541262e+45,1.224404957848925e+45,1.1396135547017485e+46,4.4214950777970926e+45,1.5424136663930164e-06,7.008950361243865e-07,4.5163378264661905e+45,0.0,4.5163378264661905e+45,1898,2560,1.9483917955177974e+48,1.1200465037561917e+45,6.886817411718587e+46,6.028586860864944e-16,5.907547314463984e-16,0.880590905985395,-3.953377162700635e+44,-7.922816251426434e+28,0.9926607381059985,14765.054073920026,1.360331769017839,0.0007819961289828723,0.0480825085290215,8.374571537052686,0.12678267143649394,4.5199686081451886e+61,3.0296551987602608e+62,3.9418346807034615e+63,1.5424136663930166e-06,7.008950361243882e-07,1.1396135547017488e+46,4.4214950777971034e+45,1.6794378040958318e+46,4.5163378264661905e+45,0.0114666620349957,1.2630598275695937e-16,2.2247025669328574e-16,2.4369653052533382e-15,1.3729017151979627e-16,2.417003698408208e-15,1.5096130349533265e-16,0.0,2.577658337945742e+62,3.89663499462201e+63,True
RECOMBINATION_WEIGHTED_AUDITOR,0,1,0,5.95,2560,9.539482656512013e+64,9.467422277730604e+64,7.206037878140914e+62,2.8741582933865276e+53,4.734276378808466e+49,2.842295756086987e+48,1.511566767181985e+64,9.074923945367106e+62,5.8534120720636215e+47,5.497441457879141e+47,3.532375821099323e+49,9.511893098049422e+48,0.0033432510012525074,0.0017468314258668872,1.3353515858249311e+47,0.0,1.3353515858249311e+47,1808,2560,5.653401362506939e+51,5.912814512159547e+47,3.043920001938186e+49,7.078109924989637e-16,8.040998730360595e-16,0.9399634594885625,-1.3076082893515797e+48,-2.4338891524382005e+32,0.9924460915359787,14548.268864607982,1.87020392259596,0.00019560204884019558,0.010069603699902016,16.6565227023601,0.06339365378001635,9.539482656512012e+64,1.9982867080879831e+65,1.406538245611929e+67,0.0033432510012525,0.0017468314258669,3.5323758210993154e+49,9.511893098049492e+48,4.734276378808467e+49,1.3353515858249311e+47,0.0067822419235829,1.2256443582572909e-16,2.204874476062508e-15,7.369301449003254e-15,2.205211265962199e-15,7.323881083133068e-15,2.1934912299486984e-16,0.0,1.0443384424367818e+65,1.396998762955417e+67,True
RECOMBINATION_WEIGHTED_AUDITOR,0,1,1,5.95,2560,8.679758979678525e+63,8.614192874856267e+63,6.556610482225849e+61,2.615131465122948e+52,4.3076107364366896e+48,2.5861404648560867e+47,1.3753403295801628e+63,8.257067541386098e+61,5.325886929473125e+46,5.001997338578047e+46,3.5842206439798116e+48,4.952736123857767e+47,0.0003392320031498009,9.09555544411605e-05,1.2150061314048062e+46,0.0,1.2150061314048062e+46,1856,2560,5.145679434131018e+50,5.379935862879956e+46,2.7695937947127957e+48,6.276682583899875e-16,7.92245889512715e-16,0.9399634594885616,-1.1897631349697438e+47,-4.056481920730334e+31,0.9924460915359787,14548.268864607982,1.8708502585235072,0.00019560204884019558,0.010069603699902004,16.65652270235986,0.06339365378001717,8.679758979678525e+63,3.8278277477244722e+65,2.6943011245571405e+67,0.0003392320031498,9.095555444116044e-05,3.5842206439798025e+48,4.952736123857763e+47,4.3076107364366896e+48,1.2150061314048062e+46,0.0003221525203908,0.0,2.5351451277694077e-15,8.190385716674673e-16,2.71664182051162e-15,7.450082207368648e-16,0.0,0.0,3.741030157927687e+65,2.6934331486591726e+67,True
RECOMBINATION_WEIGHTED_AUDITOR,0,1,2,5.95,2560,4.01903418689453e+63,3.9886747705329564e+63,3.035941636157335e+61,1.210897996840689e+52,1.9945755238256836e+48,1.1974741423929295e+47,6.368310244718557e+62,3.82331315996482e+61,2.466073274062272e+46,2.316100983168665e+46,1.6862789280673187e+48,2.0267062916801602e+47,0.00015959948771520038,3.721986995454379e-05,5.6259064230182604e+45,0.0,5.6259064230182604e+45,1857,2560,2.38266081349428e+50,2.4910998343199725e+46,1.2824194969955193e+48,6.532280754839157e-16,7.347044973510576e-16,0.9399634594885621,-5.509022456666586e+46,-1.5211807202738753e+31,0.9924460915359787,14548.26886460798,1.8708737818930203,0.0001956020488401956,0.010069603699902004,16.656522702359947,0.06339365378001686,4.01903418689453e+63,2.155772488130218e+65,1.5173880910684788e+67,0.0001595994877152,3.721986995454375e-05,1.6862789280673148e+48,2.0267062916801582e+47,1.9945755238256842e+48,5.62590642301826e+45,0.0002648652780755,0.0,2.309358540324272e-15,1.0007572230329115e-15,2.377643974942317e-15,1.0923622655818268e-15,3.2540111896689254e-16,1.1266189880457909e-16,2.115582146261273e+65,1.5169861876497894e+67,True
RECOMBINATION_WEIGHTED_AUDITOR,0,1,3,5.95,2560,1.96417020521502e+63,1.949333043277068e+63,1.483716193795209e+61,5.917863985095403e+51,9.747829039933363e+47,5.852259330545782e+46,3.112301279006266e+62,1.8685180182087506e+61,1.2052118552723532e+46,1.1319178518668546e+46,8.323289488555667e+47,9.083275292199118e+46,7.877657227216799e-05,1.668117015893317e-05,2.749475933659248e+45,0.0,2.749475933659248e+45,1856,2560,1.1644293895238017e+50,1.2174427599403164e+46,6.267401692673221e+47,4.953269653580941e-16,7.835745819718297e-16,0.9399634594885623,-2.692352755925667e+46,-5.070602400912918e+30,0.992446091535979,14548.268864607982,1.8708458567017943,0.0001956020488401956,0.010069603699902006,16.656522702359943,0.06339365378001702,1.96417020521502e+63,1.0728828021765943e+65,7.551722624250346e+66,7.877657227216803e-05,1.6681170158933166e-05,8.323289488555672e+47,9.083275292199118e+46,9.747829039933366e+47,2.7494759336592477e+45,0.0002600956500848,0.0,5.848382795731762e-16,0.0,5.161125991587584e-16,2.0311115807440973e-16,3.3291366962735024e-16,1.152629292649533e-16,1.053241100124444e+65,7.549758454045132e+66,True
RECOMBINATION_WEIGHTED_AUDITOR,0,1,4,5.95,2560,2.109295044362207e+62,2.0933616226734816e+62,1.59334216887257e+60,6.35511176364924e+50,1.0468057927276528e+47,6.284659838270661e+45,3.342257023826214e+61,2.0065754921059637e+60,1.2942602361969259e+45,1.2155508261090313e+45,9.064197770518964e+46,8.495072512473152e+45,8.578896982260545e-06,1.5600952908995475e-06,2.952623935574733e+44,0.0,2.952623935574733e+44,1845,2560,1.2504175897891177e+49,1.3073948344795515e+45,6.7304754426492e+46,6.250360546414064e-16,8.124293919937597e-16,0.9399634594885627,-2.891280150096403e+45,-6.338253001141147e+29,0.9924460915359788,14548.26886460798,1.8707756526048605,0.00019560204884019558,0.010069603699902003,16.656522702359982,0.06339365378001686,2.1092950443622067e+62,1.0764576037551994e+64,7.5768846549060595e+65,8.578896982260547e-06,1.5600952908995502e-06,9.064197770518967e+46,8.495072512473167e+45,1.0468057927276532e+47,2.9526239355747326e+44,0.0002783855292024,2.16526968518056e-16,3.356459686308854e-16,1.790662431710091e-15,1.9746896343569484e-16,1.764544188188133e-15,3.8751045790073367e-16,1.3416568490094972e-16,1.0553646533115773e+64,7.574775359861698e+65,True
RECOMBINATION_WEIGHTED_AUDITOR,0,1,5,5.95,2560,5.362633660997041e+60,5.322124817195789e+60,4.050884380125148e+58,1.6157121477260467e+49,2.6613801590310063e+45,1.5978005773401725e+44,8.497293950213478e+59,5.101481324796362e+58,3.2905038710780606e+43,3.0903944870909283e+43,2.3099132289977495e+45,2.105292476020368e+44,2.1862395471979997e-07,3.866308231016416e-08,7.506697817121334e+42,0.0,7.506697817121334e+42,1844,2560,3.1790320190880685e+47,3.323897036753174e+43,1.7111439321746525e+45,6.682578316715253e-16,8.556580806787779e-16,0.9399634594885619,-7.350738483798922e+43,-2.9710560942849127e+28,0.9924460915359786,14548.26886460798,1.8707714751285336,0.00019560204884019552,0.010069603699902,16.656522702359727,0.06339365378001771,5.36263366099704e+60,2.794052134789696e+62,1.96665532123548e+64,2.186239547197996e-07,3.866308231016408e-08,2.3099132289977454e+45,2.1052924760203637e+44,2.6613801590310063e+45,7.506697817121333e+42,0.0002726778608886,1.3307339107335187e-16,1.7835581003747563e-15,2.0698069213269636e-15,1.6950425899060667e-15,2.0538801890664235e-15,0.0,1.649113990524405e-16,2.7404257981797257e+62,1.9661190578693804e+64,True
RECOMBINATION_WEIGHTED_AUDITOR,0,1,6,5.95,2560,1.1210994737073543e+65,1.1126307909039065e+65,8.468682803447742e+62,3.3777694934721174e+53,5.563818236038374e+49,3.891347663033422e+48,1.7764241187696286e+64,1.2424352395905125e+63,1.2389286084170205e+48,1.1635841474018627e+48,4.237330106697073e+49,1.0318471533067632e+49,0.004010461751333094,0.0018949572030590007,1.5693324407489326e+47,0.0,1.5693324407489326e+47,1792,2560,6.543211813519739e+51,1.251501682299155e+48,6.442737203028465e+49,7.606271706078389e-16,7.318439438126809e-16,0.9300597629550913,-1.479899880250842e+48,-3.2451855365842673e+32,0.9924460915359787,14548.268864607979,1.841835322993212,0.0003522826512327238,0.018135529301957727,14.297921228917415,0.0738511435660183,1.121099473707354e+65,8.021334743528933e+65,3.134891613405384e+67,0.0040104617513331,0.001894957203059,4.23733010669708e+49,1.0318471533067628e+49,5.563818236038374e+49,1.5693324407489326e+47,0.0035761985164441,2.0858118967771888e-16,1.5929808974351457e-15,3.774030515489911e-16,1.513923468762821e-15,3.4329076268380944e-16,0.0,0.0,6.900235269821579e+65,3.12368061866831e+67,True
RECOMBINATION_WEIGHTED_AUDITOR,0,1,7,5.95,2560,7.803784255991965e+64,7.744835184049232e+64,5.894907194273353e+62,2.351208346067637e+53,3.87287998718043e+49,2.7087014434990528e+48,1.2365388527189254e+64,8.648382047440843e+62,8.623972979570362e+47,8.099512900482201e+47,3.1099497303323204e+49,5.578356453641928e+48,0.002943441773005604,0.0010244488933445987,1.0923858302274779e+47,0.0,1.0923858302274779e+47,1819,2560,4.555250964717339e+51,8.711492025214332e+47,4.484680648740678e+49,6.502920059861113e-16,8.550508025556953e-16,0.9300597629550912,-1.0301333339989188e+48,-3.2451855365842673e+32,0.9924460915359787,14548.268864607984,1.8420907489053975,0.00035228265123272377,0.018135529301957748,14.297921228917396,0.07385114356601821,7.803784255991964e+64,1.5365306480192269e+66,6.005056759539585e+67,0.0029434417730056,0.0010244488933446,3.1099497303323163e+49,5.578356453641935e+48,3.8728799871804304e+49,1.0923858302274779e+47,0.0012995354696015,1.498249146197214e-16,1.335660652747591e-15,1.279840798955092e-15,1.473380153028684e-15,1.2699926911287764e-15,1.3406810631162808e-16,0.0,1.4584928054593073e+66,5.997252975283593e+67,True
RECOMBINATION_WEIGHTED_AUDITOR,0,1,8,5.95,2560,3.423208554293682e+64,3.3973499502212926e+64,2.585860407238899e+62,1.031381219567344e+53,1.6988778094024362e+49,1.1881991669995166e+48,5.4242022068892496e+63,3.793699881293831e+62,3.782992597853444e+47,3.5529329024253303e+47,1.388601224703541e+49,2.203097679032828e+48,0.0013142549575558987,0.0004045924633843983,4.79186045635826e+46,0.0,4.79186045635826e+46,1823,2560,1.9982838676474775e+51,3.821383708612562e+47,1.9672503309220393e+49,5.447453761216322e-16,6.960077043862775e-16,0.9300597629550909,-4.518783612323126e+47,-8.112963841460668e+31,0.9924460915359787,14548.268864607979,1.842161877709013,0.0003522826512327238,0.018135529301957706,14.297921228917401,0.07385114356601837,3.423208554293681e+64,8.653499364327135e+65,3.381953683671262e+67,0.0013142549575559,0.0004045924633844,1.3886012247035424e+49,2.203097679032837e+48,1.698877809402436e+49,4.79186045635826e+46,0.0010121985321152,1.7077564678292968e-16,9.348070501024062e-16,3.977127765221946e-15,9.899468893023121e-16,4.153595332189591e-15,1.5281548884204827e-16,0.0,8.311178508897767e+65,3.3785304751169687e+67,True
RECOMBINATION_WEIGHTED_AUDITOR,0,1,9,5.95,2560,1.5802155683705948e+64,1.568278764613702e+64,1.1936803756892792e+62,4.7610440153905534e+52,7.842330143192169e+48,5.484944291993395e+47,2.5039107718299948e+63,1.7512411292110494e+62,1.746298451685242e+47,1.6400986959285806e+47,6.490006856721082e+48,9.370200343252063e+47,0.0006142529283623969,0.00017208099646970159,2.2120102747169997e+46,0.0,2.2120102747169997e+46,1824,2560,9.224498132933293e+50,1.7640204893427217e+47,9.081186701014878e+48,6.158828151730984e-16,7.680007934928148e-16,0.9300597629550929,-2.0859530177717335e+47,-4.056481920730334e+31,0.9924460915359788,14548.268864607982,1.8421728535431419,0.0003522826512327238,0.01813552930195773,14.297921228917401,0.07385114356601852,1.5802155683705948e+64,4.30666533586075e+65,1.683127493716077e+67,0.0006142529283624,0.0001720809964697,6.490006856721116e+48,9.370200343251977e+47,7.842330143192169e+48,2.2120102747169997e+46,0.0009388567261067,0.0,5.200291821806724e-15,9.1777564586881e-15,5.11871601262101e-15,9.293287679779858e-15,0.0,0.0,4.14864377902369e+65,1.6815472781477064e+67,True
RECOMBINATION_WEIGHTED_AUDITOR,0,1,10,5.95,2560,1.5115466811634721e+63,1.500128595894868e+63,1.1418085268604137e+61,4.5541509806521896e+51,7.501538611439845e+47,5.246593886856872e+46,2.3951023473282746e+62,1.675140259189725e+61,1.6704123676540634e+46,1.5688275639302026e+46,6.315017907546334e+47,7.892646174313129e+46,5.9769093130531644e-05,1.4494614508826015e-05,2.1158865007864823e+45,0.0,2.1158865007864823e+45,1823,2560,8.823595255530124e+49,1.6873642872154177e+46,8.686560171723166e+47,5.26761008893348e-16,8.05425451813895e-16,0.9300597629550884,-1.9953071113752683e+46,-5.070602400912918e+30,0.9924460915359787,14548.26886460798,1.842162687437393,0.0003522826512327238,0.018135529301957727,14.297921228917271,0.07385114356601943,1.5115466811634721e+63,4.3210149684673677e+64,1.6887356056266576e+66,5.9769093130532105e-05,1.449461450882596e-05,6.3150179075463826e+47,7.892646174313099e+46,7.501538611439845e+47,2.115886500786482e+45,0.0008950759823664,0.0,7.708257325857232e-15,3.726189325578672e-15,7.709434745814374e-15,3.856892812481686e-15,0.0,1.497777172543328e-16,4.1698603003510206e+64,1.687224058945494e+66,True
RECOMBINATION_WEIGHTED_AUDITOR,0,1,11,5.95,2560,3.8566367236254173e+61,3.827504042836168e+61,2.913268078924922e+59,1.1619691363682366e+50,1.9139805374918554e+46,1.3386425249153343e+45,6.110985379847947e+60,4.274037660445729e+59,4.261974678634506e+44,4.002786067732828e+44,1.6176659912193348e+46,1.949566172832307e+45,1.5310555044941933e-06,3.5803214169943176e-07,5.398579933816752e+43,0.0,5.398579933816752e+43,1823,2560,2.251294734835686e+48,4.305226664385909e+44,2.2163329374957222e+46,6.621225119988706e-16,8.267063569578262e-16,0.9300597629550906,-5.0909275754009454e+44,-1.5845632502852868e+29,0.9924460915359787,14548.268864607979,1.8421610282563667,0.0003522826512327238,0.018135529301957727,14.297921228917405,0.07385114356601823,3.856636723625417e+61,1.121562154885324e+63,4.383280221660519e+64,1.5310555044941935e-06,3.580321416994311e-07,1.6176659912193348e+46,1.9495661728323035e+45,1.9139805374918557e+46,5.398579933816751e+43,0.0008798517385603,1.4803029634217463e-16,0.0,1.7881101955945173e-15,1.3830866104591845e-16,1.7743510608442491e-15,1.3246222470886786e-16,1.834467662921374e-16,1.0829957876490698e+63,4.379423584936894e+64,True
RECOMBINATION_WEIGHTED_AUDITOR,0,1,12,5.95,2560,1.2104941094244505e+65,1.201350147725621e+65,9.143961698829556e+62,3.6471073002295577e+53,6.007467988867192e+49,6.24078021471537e+48,1.9180732682882978e+64,1.9925655409718213e+63,3.3768616092406185e+48,3.171500447878013e+48,4.4753123865017214e+49,1.2140204375121348e+49,0.004235702364317896,0.002229513126388894,1.6944684390701598e+47,0.0,1.6944684390701598e+47,1743,2560,6.848879176795779e+51,3.411131162961699e+48,1.7560521059507182e+50,7.613748839863752e-16,8.349167630746625e-16,0.896116296811234,-1.4558504751847512e+48,-3.2451855365842673e+32,0.9924460915359785,14548.268864607977,1.7855038519139517,0.0008892824174044328,0.045780305337544534,9.626148946412112,0.10969265479379117,1.2104941094244502e+65,2.023106764287333e+65,3.1321766099781997e+66,0.0042357023643179,0.0022295131263889,4.475312386501725e+49,1.2140204375121382e+49,6.007467988867193e+49,1.6944684390701598e+47,0.0386470579458441,1.931775298635098e-16,8.121461670333789e-16,2.780013296122038e-15,8.190960208112545e-16,2.723254729499068e-15,1.7286140744010594e-16,0.0,8.126126548628826e+64,3.0111271990357547e+66,True
RECOMBINATION_WEIGHTED_AUDITOR,0,1,13,5.95,2560,3.417114733976148e+64,3.391302162064633e+64,2.5812571911514905e+62,1.0295452076121164e+53,1.695853554248902e+49,1.7617154728121886e+48,5.4145463202873954e+63,5.624831228385994e+62,9.532573078790932e+47,8.95285720507032e+47,1.3010557523662063e+49,3.049911394006194e+48,0.0012313967049604004,0.0005601073323934002,4.783330232112614e+46,0.0,4.783330232112614e+46,1760,2560,1.9338763470189694e+51,9.629312910926728e+47,4.957175320520276e+49,7.340227786471286e-16,8.329475293273631e-16,0.8961162968112352,-4.109733430743716e+47,-8.112963841460668e+31,0.9924460915359785,14548.268864607984,1.7859656745465256,0.0008892824174044326,0.04578030533754464,9.626148946412144,0.10969265479379064,3.4171147339761475e+64,3.875371926162632e+65,5.999856021621605e+66,0.0012313967049604,0.0005601073323934,1.301055752366206e+49,3.049911394006193e+48,1.6958535542489022e+49,4.783330232112614e+46,0.0056953278906392,1.7108019497259344e-16,1.9954167410165521e-16,4.256104676302182e-16,3.5218615353380223e-16,3.8714086025354794e-16,1.530880082636177e-16,0.0,3.5336604527650175e+65,5.9656848742818435e+66,True
RECOMBINATION_WEIGHTED_AUDITOR,0,1,14,5.95,2560,1.295415195546756e+64,1.2856297477366936e+64,9.785447810062489e+61,3.902966713942314e+52,6.428916306944635e+48,6.678596334560941e+47,2.0526339108697387e+63,2.1323521195200065e+62,3.613762188358496e+47,3.3939941061075055e+47,4.9444255184650125e+48,1.1440371476232395e+48,0.0004679698990828012,0.0002100990855581002,1.8133422932471323e+46,0.0,1.8133422932471323e+46,1767,2560,7.332096518399529e+50,3.650435890683244e+47,1.8792463048845776e+49,6.653567165425427e-16,7.944448054581502e-16,0.8961162968112347,-1.55798430848621e+47,-4.056481920730334e+31,0.9924460915359786,14548.26886460798,1.7861714906886281,0.000889282417404433,0.04578030533754461,9.626148946412226,0.10969265479378952,1.295415195546756e+64,2.1825486229520344e+65,3.379024709730831e+66,0.0004679698990828,0.0002100990855581,4.944425518465e+48,1.1440371476232385e+48,6.428916306944634e+48,1.813342293247132e+46,0.0038336955388821,0.0,2.4940622511083087e-15,8.509825603109671e-16,2.5485023546846456e-15,1.0320865220383667e-15,2.01911823495276e-16,1.3981371359935155e-16,2.0530071033973588e+65,3.3660705577753632e+66,True
RECOMBINATION_WEIGHTED_AUDITOR,0,1,15,5.95,2560,7.773628913492217e+63,7.714907632246428e+63,5.872128124578937e+61,2.342122819015874e+52,3.857914424494074e+48,4.0077443700182405e+47,1.2317606257209976e+63,1.2795985524201604e+62,2.168574703344568e+47,2.0366945521527224e+47,2.993023719910002e+48,6.6058861863024105e+47,0.00028327760281310045,0.00012131517319399983,1.0881646385886792e+46,0.0,1.0881646385886792e+46,1760,2560,4.399634963218119e+50,2.1905821457257063e+47,1.1277128338037077e+49,6.651916498948133e-16,7.998347364936821e-16,0.8961162968112336,-9.34927420092819e+46,-2.028240960365167e+31,0.9924460915359787,14548.26886460798,1.786063135510271,0.000889282417404433,0.04578030533754462,9.626148946412258,0.10969265479378928,7.773628913492217e+63,1.0862087234958699e+65,1.681669804750275e+66,0.0002832776028131,0.000121315173194,2.993023719909997e+48,6.605886186302419e+47,3.8579144244940736e+48,1.0881646385886792e+46,0.0046225655545064,0.0,1.5179497980572592e-15,1.3509557951681882e-15,1.5309394907592947e-15,1.340560472289455e-15,1.6823522657633028e-16,0.0,1.0084724343609477e+65,1.6738961758367827e+66,True
RECOMBINATION_WEIGHTED_AUDITOR,0,1,16,5.95,2560,7.7848201920139705e+62,7.726014372874633e+62,5.880581913933833e+60,2.3454946481951995e+51,3.8634684579214575e+47,4.013514105618956e+46,1.233533925731582e+62,1.2814407221398046e+61,2.171696684567293e+46,2.0396266725627153e+46,3.0296846973443775e+47,6.291875518175543e+46,2.867474162113357e-05,1.1554845885563993e-05,1.0897312111230117e+45,0.0,1.0897312111230117e+45,1760,2560,4.405956130249615e+49,2.193735809888276e+46,1.129336341763259e+48,5.610998023265519e-16,8.182872019319012e-16,0.8961162968112333,-9.362733851848364e+45,-2.535301200456459e+30,0.9924460915359787,14548.268864607982,1.7860579659707538,0.000889282417404433,0.04578030533754461,9.62614894641224,0.1096926547937894,7.7848201920139705e+62,1.0898279264988302e+64,1.6872730597008994e+65,2.867474162113348e-05,1.1554845885564012e-05,3.029684697344368e+47,6.291875518175554e+46,3.8634684579214575e+47,1.0897312111230115e+45,0.0046138472651213,0.0,3.079498149050874e-15,1.7729729791671263e-15,3.1902487391915362e-15,1.6127194619597486e-15,0.0,1.4540863234084401e-16,1.0119797245786905e+64,1.6794882395088854e+65,True
RECOMBINATION_WEIGHTED_AUDITOR,0,1,17,5.95,2560,2.0805738897638244e+61,2.0648574250479152e+61,1.5716464715909048e+59,6.268577569231238e+49,1.0325519921093978e+46,1.0726532467526908e+45,3.296747278309382e+60,3.4247831574828744e+59,5.804084496431311e+44,5.45111369965e+44,8.085882661857847e+45,1.692832683953076e+45,7.652961257348372e-07,3.1088378523412664e-07,2.912419617648464e+43,0.0,2.912419617648464e+43,1760,2560,1.1775282359418348e+48,5.8629863433141845e+44,3.01826843456761e+46,5.809328769957773e-16,7.095085131624279e-16,0.8961162968112343,-2.50228767119722e+44,-3.961408125713217e+28,0.9924460915359784,14548.268864607982,1.7860439968693562,0.0008892824174044326,0.04578030533754463,9.626148946412142,0.10969265479357693,2.080573889763824e+61,2.828756129330972e+62,4.379484039115477e+63,7.652961257348379e-07,3.108837852341257e-07,8.085882661857854e+45,1.6928326839530706e+45,1.0325519921093978e+46,2.9124196176484635e+43,0.004750728330509,1.3719750110561787e-16,7.838665568373259e-16,3.1825443246931736e-15,8.30103131426066e-16,3.06517133064193e-15,0.0,1.7002220858337901e-16,2.6206987403545897e+62,4.3586783002178384e+63,True
RECOMBINATION_WEIGHTED_AUDITOR,0,2,0,5.95,2560,9.644827687222034e+64,9.572049636903542e+64,7.277805031849219e+62,2.905355349299341e+53,4.786976161771457e+49,2.8713460399674116e+48,1.528392831862351e+64,9.16767612157593e+62,5.919137846465365e+47,5.546885485470919e+47,3.570704852365211e+49,9.609577053659216e+48,0.003379527880793835,0.0017647707994177988,3.303751121552292e+48,0.0,3.303751121552292e+48,1808,2560,5.71920438700893e+51,5.979142710588898e+47,3.074409039582982e+49,6.136698595120353e-16,8.311111549102602e-16,0.9400175404486543,-1.32217231619784e+48,-3.2451855365842673e+32,0.9924541886409323,14545.553199444146,1.8713072977196679,0.00019563583728267434,0.0100593783376848,16.671540438315777,0.06336186782197235,9.644827687222034e+64,1.9982867080879831e+65,1.4064936081990275e+67,0.0033795278807938,0.0017647707994178,3.5707048523651746e+49,9.609577053659223e+48,4.786976161771457e+49,3.303751121552292e+48,0.0068573562161949,0.0,1.017896452171576e-14,6.754065279800292e-16,1.0266069919620423e-14,6.143586310716293e-16,0.0,0.0,1.0338039393657798e+65,1.3968487805118055e+67,True
RECOMBINATION_WEIGHTED_AUDITOR,0,2,1,5.95,2560,8.776067887186092e+63,8.709845334435012e+63,6.622255275108048e+61,2.6436548799758034e+52,4.355788318095714e+48,2.612708966044294e+47,1.3907225391370342e+63,8.341895845094124e+61,5.385970310596037e+46,5.047248656130415e+46,3.623112231988725e+48,5.0035990646711725e+47,0.0003429129348268008,9.18896375149399e-05,3.0061650726557595e+47,0.0,3.0061650726557595e+47,1855,2560,5.205838663308311e+50,5.440570224476012e+46,2.7974810249959075e+48,6.357780568543369e-16,8.290926771528067e-16,0.9400175404486534,-1.203077378031653e+47,-1.0141204801825835e+31,0.9924541886409322,14545.553199444143,1.8719519528909814,0.00019563583728267437,0.010059378337684784,16.67154043831558,0.06336186782197348,8.776067887186092e+63,3.8278277477244722e+65,2.6942156191454304e+67,0.0003429129348268,9.188963751494006e-05,3.623112231988717e+48,5.0035990646711814e+47,4.355788318095713e+48,3.0061650726557595e+47,0.0003257373992201,0.0,2.1496560937410342e-15,1.7835682096549446e-15,2.213219285890108e-15,1.7698440245385024e-15,1.4900565865895953e-16,0.0,3.7400670688526113e+65,2.6933380123567116e+67,True
RECOMBINATION_WEIGHTED_AUDITOR,0,2,2,5.95,2560,4.063661575109513e+63,4.032997951436645e+63,3.06636236728676e+61,1.224115274825315e+52,2.0168998058231533e+48,1.2097861102191214e+47,6.4395875425958455e+62,3.8626229930113005e+61,2.493914230974282e+46,2.337072899571142e+46,1.7045763689485442e+48,2.0475198863441975e+47,0.00016133126657009986,3.7602105550230364e-05,1.391971626840319e+47,0.0,1.391971626840319e+47,1857,2560,2.4105364865631454e+50,2.5191961197302116e+46,1.2953427770279968e+48,6.584561828716867e-16,8.118156539717684e-16,0.9400175404486566,-5.570717291429683e+46,-2.028240960365167e+31,0.9924541886409324,14545.553199444144,1.8719754296053814,0.00019563583728267445,0.010059378337684796,16.67154043831636,0.06336186782197069,4.063661575109513e+63,2.155772488130218e+65,1.5173399357630943e+67,0.0001613312665701,3.76021055502303e-05,1.704576368948546e+48,2.0475198863441947e+47,2.0168998058231533e+48,1.391971626840319e+47,0.0002678148435515,0.0,9.51903826575407e-16,1.3868179564210076e-15,8.400434363527483e-16,1.6218871605698155e-15,0.0,0.0,2.115135872379123e+65,1.5169335696055833e+67,True
RECOMBINATION_WEIGHTED_AUDITOR,0,2,3,5.95,2560,1.985990528417768e+63,1.971004618529433e+63,1.4985909888335415e+61,5.9824896747930416e+51,9.8569820274083e+47,5.912460257574015e+46,3.147151806352807e+62,1.8877390592651512e+61,1.2188244394509468e+46,1.1421730272027139e+46,8.41360366779336e+47,9.17655748653077e+46,7.963135949033493e-05,1.685248018823299e-05,6.802836347553489e+46,0.0,6.802836347553489e+46,1854,2560,1.1780585867972518e+50,1.2311801907067427e+46,6.3305923455563465e+47,7.028075663847243e-16,7.82647242573024e-16,0.9400175404486563,-2.7225179983089974e+46,-3.802951800684688e+30,0.9924541886409325,14545.553199444148,1.8719475811564672,0.00019563583728267442,0.010059378337684804,16.671540438316264,0.06336186782197102,1.985990528417768e+63,1.0728828021765943e+65,7.551482965384374e+66,7.963135949033499e-05,1.685248018823299e-05,8.413603667793366e+47,9.17655748653077e+46,9.8569820274083e+47,6.802836347553489e+46,0.0002629934461246,0.0,7.71413930277365e-16,0.0,6.807633195167892e-16,0.0,0.0,0.0,1.0530228968924166e+65,7.549496974855956e+66,True
RECOMBINATION_WEIGHTED_AUDITOR,0,2,4,5.95,2560,2.1327431611041668e+62,2.1166498835331326e+62,1.6093277571034152e+60,6.42455931069132e+50,1.0585353105802681e+47,6.349355145055858e+45,3.3797072019789804e+61,2.0272315053811667e+60,1.3088881596512897e+45,1.2265726737906573e+45,9.16255138217915e+46,8.58231406130637e+45,8.671984702059691e-06,1.5761169469013823e-06,7.305524617941951e+45,0.0,7.305524617941951e+45,1844,2560,1.2650626369014752e+49,1.322156925848326e+45,6.798384653667145e+46,6.084870959896914e-16,9.188287226520019e-16,0.9400175404486532,-2.923695535699491e+45,-3.1691265005705735e+29,0.9924541886409322,14545.553199444143,1.8718775611786909,0.00019563583728267437,0.010059378337684787,16.671540438315734,0.06336186782197291,2.1327431611041663e+62,1.0764576037551994e+64,7.576644197506554e+65,8.671984702059676e-06,1.5761169469013863e-06,9.162551382179135e+46,8.582314061306391e+45,1.0585353105802683e+47,7.305524617941951e+45,0.0002814891534442,2.141463960571107e-16,1.5495341996302674e-15,2.510984805489578e-15,1.7581434440210871e-15,2.552733480448809e-15,1.916082477450209e-16,0.0,1.0551301721441577e+64,7.574511454345449e+65,True
RECOMBINATION_WEIGHTED_AUDITOR,0,2,5,5.95,2560,5.4222544679108584e+60,5.3813391585551415e+60,4.091530935571726e+58,1.633370396495337e+49,2.6912044178182855e+45,1.6142506013620135e+44,8.592517284956839e+59,5.154003204892044e+58,3.3276977749118636e+43,3.1184201088870857e+43,2.3349775881881957e+45,2.126913124471016e+44,2.2099619505330865e-07,3.906013921326329e-08,1.8573457049352505e+44,0.0,1.8573457049352505e+44,1844,2560,3.2162692626024605e+47,3.3614320885918543e+43,1.728411195272044e+45,4.973573627691305e-16,8.736232572582294e-16,0.9400175404486557,-7.433160012127313e+43,-1.9807040628566084e+28,0.9924541886409324,14545.55319944414,1.8718733966133738,0.00019563583728267442,0.01005937833768479,16.67154043831608,0.06336186782197158,5.4222544679108584e+60,2.794052134789696e+62,1.9665929081401505e+64,2.209961950533083e-07,3.9060139213263224e-08,2.334977588188192e+45,2.1269131244710125e+44,2.6912044178182855e+45,1.85734570493525e+44,0.0002757181949282,0.0,1.628688780535814e-15,1.6762637232908193e-15,1.557072666970823e-15,1.6941682835009448e-15,0.0,2.1328329535999422e-16,2.739829590110587e+62,1.9660506826933595e+64,True
RECOMBINATION_WEIGHTED_AUDITOR,0,2,6,5.95,2560,1.1334904744348165e+65,1.124937369137431e+65,8.553105297385285e+62,3.4144649547674475e+53,5.625804894267959e+49,3.931712287023723e+48,1.7962153107262108e+64,1.2553229164626626e+63,1.252851832161818e+48,1.1740604499375516e+48,4.283308441497488e+49,1.0424438778999276e+49,0.004053978387626202,0.0019144177787192016,3.882672192416801e+48,0.0,3.882672192416801e+48,1792,2560,6.619299644634603e+51,1.265552533835913e+48,6.507331131604766e+49,5.836995534326355e-16,7.315231621331308e-16,0.9301128929830224,-1.496368780390705e+48,-4.867778304876401e+32,0.9924541886409322,14545.55319944414,1.842884569185972,0.0003523435047982567,0.0181171132488895,14.308790886951321,0.073824542547795,1.1334904744348162e+65,8.021334743528933e+65,3.1347921255658004e+67,0.0040539783876262,0.0019144177787192,4.283308441497487e+49,1.0424438778999268e+49,5.62580489426796e+49,3.882672192416801e+48,0.0036158393572276,2.0630103847104883e-16,2.424432855794783e-16,7.471332944553889e-16,4.279064440184573e-16,7.928692777264176e-16,1.8458858620657724e-16,0.0,6.8878442690941165e+65,3.123457220821452e+67,True
RECOMBINATION_WEIGHTED_AUDITOR,0,2,7,5.95,2560,7.89023432294695e+64,7.83069610316715e+64,5.953821977979945e+62,2.376811202938336e+53,3.916126325904e+49,2.7368673963047916e+48,1.250346607734972e+64,8.738310718309625e+62,8.721109484946644e+47,8.172642177633582e+47,3.1436951092178733e+49,5.6356443056579335e+48,0.002975380410755505,0.0010349696402864044,2.7027305555994302e+48,0.0,2.7027305555994302e+48,1818,2560,4.608335344182911e+51,8.809519149195849e+47,4.5297572942525627e+49,6.679165114755885e-16,7.335017702777258e-16,0.9301128929830217,-1.0416232493451083e+48,-3.2451855365842673e+32,0.9924541886409322,14545.553199444137,1.843139221285766,0.00035234350479825677,0.018117113248889476,14.30879088695125,0.07382454254779525,7.890234322946949e+64,1.5365306480192269e+66,6.004866185128327e+67,0.0029753804107555,0.0010349696402864,3.1436951092178686e+49,5.63564430565791e+48,3.9161263259040005e+49,2.70273055559943e+48,0.0013139733808703,1.4818334437348286e-16,1.4864886734655281e-15,4.145991939191226e-15,1.6033208868659933e-15,4.190276237225571e-15,1.325875731890808e-16,1.2007062745714686e-16,1.4576283047897574e+66,5.99697595080538e+67,True
RECOMBINATION_WEIGHTED_AUDITOR,0,2,8,5.95,2560,3.461160912843631e+64,3.435043645511934e+64,2.611726733169663e+62,1.0426212576341418e+53,1.7178632235999812e+49,1.2005649094827149e+48,5.484819118252199e+63,3.8331814068608642e+62,3.825635846851911e+47,3.585043042082613e+47,1.4036686304533942e+49,2.2257227541534445e+48,0.0013285156483517986,0.0004087474924439001,1.1855903100093258e+48,0.0,1.1855903100093258e+48,1822,2560,2.0215881124540316e+51,3.864417974440574e+47,1.9870409736677636e+49,7.019389931331349e-16,8.155454622399176e-16,0.9301128929830226,-4.5692251066073204e+47,-8.112963841460668e+31,0.9924541886409323,14545.55319944414,1.843210143187629,0.0003523435047982567,0.0181171132488895,14.308790886951325,0.07382454254779507,3.4611609128436305e+64,8.653499364327135e+65,3.381846355154984e+67,0.0013285156483518,0.0004087474924439,1.4036686304533955e+49,2.2257227541534438e+48,1.7178632235999812e+49,1.1855903100093256e+48,0.0010234530340409,1.6890305583974227e-16,9.24772547075031e-16,2.916073469194124e-16,9.793204984801808e-16,2.6524986514365206e-16,0.0,1.3685948295911514e-16,8.307383273042772e+65,3.378385194242141e+67,True
RECOMBINATION_WEIGHTED_AUDITOR,0,2,9,5.95,2560,1.5977449606781004e+64,1.5856886786049222e+64,1.205628207317801e+62,4.812959877419237e+52,7.930019371408253e+48,5.542061124563582e+47,2.5319083183620433e+63,1.7694774760255803e+62,1.7659942861989915e+47,1.6549315673380722e+47,6.560428490297315e+48,9.466429161737446e+47,0.0006209180514660991,0.00017384821065590165,5.472935211468935e+47,0.0,5.472935211468935e+47,1822,2560,9.332133014945658e+50,1.783896935188591e+47,9.17260070330052e+48,6.81238938399473e-16,7.696351535153839e-16,0.9301128929830226,-2.1092507895819744e+47,-6.084722881095501e+31,0.9924541886409322,14545.553199444143,1.8432210902261912,0.0003523435047982567,0.018117113248889503,14.308790886951313,0.07382454254779504,1.5977449606781e+64,4.30666533586075e+65,1.6830740785621438e+67,0.0006209180514661,0.0001738482106559,6.560428490297324e+48,9.466429161737356e+47,7.930019371408253e+48,5.472935211468935e+47,0.0009493016267252,1.8294554804424175e-16,1.3850496984876274e-15,9.427271966157931e-15,1.3969021128318066e-15,9.510643260591223e-15,0.0,0.0,4.1468908397929394e+65,1.6814763336014657e+67,True
RECOMBINATION_WEIGHTED_AUDITOR,0,2,10,5.95,2560,1.5283275651456985e+63,1.5167950936442459e+63,1.153247150145262e+61,4.603850696846016e+51,7.58548297490413e+47,5.301274604426258e+46,2.4219042279013716e+62,1.692598799602262e+61,1.6892669442951825e+46,1.5830295792133653e+46,6.383540774614218e+47,7.973701006467714e+46,6.041763438303672e-05,1.4643469344100648e-05,5.235152012242629e+46,0.0,5.235152012242629e+46,1822,2560,8.9266297757151e+49,1.7063917749867593e+46,8.774077743283448e+47,6.629554557028077e-16,8.213494349079919e-16,0.9301128929830231,-2.0176099458047035e+46,-3.802951800684688e+30,0.9924541886409324,14545.553199444143,1.8432109597084414,0.00035234350479825677,0.018117113248889507,14.308790886951394,0.07382454254779458,1.5283275651456985e+63,4.3210149684673677e+64,1.6886820124956184e+66,6.041763438303668e-05,1.4643469344100626e-05,6.383540774614215e+47,7.973701006467703e+46,7.585482974904131e+47,5.235152012242629e+46,0.0009050416560587,0.0,5.083676365771136e-16,1.3990147452180602e-15,5.607852448404497e-16,1.5039370869775517e-15,2.1390764090570525e-16,0.0,4.168182211952798e+64,1.6871536849304725e+66,True
RECOMBINATION_WEIGHTED_AUDITOR,0,2,11,5.95,2560,3.899460261218879e+61,3.87003566968554e+61,2.942459153333855e+59,1.1746521655666421e+50,1.9354024685127736e+46,1.352596794378855e+45,6.179381638175887e+60,4.318591058459786e+59,4.310089976844548e+44,4.0390300333869376e+44,1.6352189282496522e+46,1.9695875643179017e+45,1.5476686502277297e-06,3.6170901185304983e-07,1.3357259071116765e+45,0.0,1.3357259071116765e+45,1822,2560,2.2775881075729194e+48,4.353783225782016e+44,2.238667172473403e+46,7.755312281673069e-16,8.625042154276538e-16,0.930112892983022,-5.147842639058435e+44,-7.922816251426434e+28,0.9924541886409322,14545.55319944414,1.843209307153618,0.0003523435047982567,0.0181171132488895,14.308790886951325,0.0738245425477949,3.899460261218878e+61,1.121562154885324e+63,4.383141115390409e+64,1.5476686502277278e-06,3.617090118530494e-07,1.6352189282496502e+46,1.9695875643178995e+45,1.9354024685127736e+46,1.3357259071116763e+45,0.0008896497189029,1.464046403447472e-16,1.2403482648872026e-15,1.126321363207664e-15,1.2314161245314013e-15,1.170876200892696e-15,0.0,1.186293716284718e-16,1.0825675522731352e+63,4.3792416551291904e+64,True
RECOMBINATION_WEIGHTED_AUDITOR,0,2,12,5.95,2560,1.223860793204246e+65,1.2146257705289675e+65,9.235022675278432e+62,3.686691579824211e+53,6.074336040401424e+49,6.307215900033815e+48,1.9394229987218208e+64,2.0137772248802275e+63,3.4147766999553015e+48,3.2000226729676656e+48,4.523873014553283e+49,1.2264880207055996e+49,0.004281663036844601,0.0022524094793046,4.1922277922385486e+48,0.0,4.1922277922385486e+48,1743,2560,6.928462398608518e+51,3.4493937704152226e+48,1.7736401190198832e+50,6.429552196783611e-16,8.776376027266869e-16,0.8961661676587682,-1.4720121027663632e+48,-4.867778304876401e+32,0.992454188640932,14545.55319944414,1.7865238122211757,0.0008894360327064506,0.04573381689386377,9.630772335490937,0.10968382439572966,1.2238607932042458e+65,2.023106764287333e+65,3.1320772083010285e+66,0.0042816630368446,0.0022524094793046,4.523873014553282e+49,1.2264880207055996e+49,6.074336040401425e+49,4.192227792238548e+48,0.039075051852509,1.9106769599238208e-16,2.295509552028197e-16,0.0,2.0257589878619018e-16,0.0,1.7095849897009298e-16,1.5481914139266828e-16,7.99245971083087e+64,3.009691128980604e+66,True
RECOMBINATION_WEIGHTED_AUDITOR,0,2,13,5.95,2560,3.4548943129105976e+64,3.4288243321598575e+64,2.6069980750739927e+62,1.0407335412095678e+53,1.714752948801134e+49,1.7804937019246085e+48,5.474888586854021e+63,5.684786636143593e+62,9.639734082539816e+47,9.03349481853689e+47,1.3151732214965285e+49,3.08123296229493e+48,0.0012447583191247985,0.0005658594470597003,1.1834437411717604e+48,0.0,1.1834437411717604e+48,1760,2560,1.9563730063303118e+51,9.737456242221461e+47,5.006892282502621e+49,6.555744021003235e-16,8.063901111097955e-16,0.8961661676587674,-4.155412339885575e+47,-8.112963841460668e+31,0.992454188640932,14545.553199444143,1.786984816116054,0.0008894360327064504,0.04573381689386382,9.630772335490922,0.10968382439572995,3.454894312910597e+64,3.875371926162632e+65,5.999665612259172e+66,0.0012447583191248,0.0005658594470597,1.31517322149653e+49,3.081232962294929e+48,1.7147529488011342e+49,1.1834437411717604e+48,0.0057584781155989,1.6920941770860152e-16,1.184398398705199e-15,4.212840218569159e-16,1.2194198810793588e-15,5.748082027007939e-16,1.5140072691418933e-16,0.0,3.5298824948715726e+65,5.9651166691300665e+66,True
RECOMBINATION_WEIGHTED_AUDITOR,0,2,14,5.95,2560,1.3097387957033812e+64,1.2998557538213509e+64,9.883041882030389e+61,3.9453857960812464e+52,6.500570664923075e+48,6.749791645439906e+47,2.0755118203067097e+63,2.15508346371984e+62,3.654390717824906e+47,3.4245674550477227e+47,4.9980763896879876e+48,1.1557860258741155e+48,0.00047304773728630084,0.00021225673278310052,4.486395356734361e+47,0.0,4.486395356734361e+47,1760,2560,7.4173968814847855e+50,3.691436859368709e+47,1.8980959978416667e+49,5.917816041821891e-16,8.341780674587887e-16,0.8961661676587679,-1.575302819931319e+47,-4.056481920730334e+31,0.9924541886409322,14545.553199444146,1.7871902748474109,0.0008894360327064506,0.04573381689386384,9.630772335490974,0.10968382439572903,1.3097387957033812e+64,2.1825486229520344e+65,3.37891747416746e+66,0.0004730477372863,0.0002122567327831,4.9980763896879785e+48,1.1557860258741128e+48,6.500570664923075e+48,4.486395356734361e+47,0.0038762082996007,0.0,1.818003326476406e-15,2.3866075937459585e-15,1.833560695087848e-15,2.4262883215906056e-15,0.0,0.0,2.0515747433816962e+65,3.3658200862104267e+66,True
RECOMBINATION_WEIGHTED_AUDITOR,0,2,15,5.95,2560,7.859615169890157e+63,7.800307996463298e+63,5.930717342685949e+61,2.367587656078871e+52,3.900929252350193e+48,4.050484339635615e+47,1.2454944636047352e+63,1.293244633158744e+62,2.1929643389006817e+47,2.0550496334309674e+47,3.0255003604346675e+48,6.6737264244478715e+47,0.00028635138562809967,0.00012256103938180007,2.6922422333055667e+47,0.0,2.6922422333055667e+47,1760,2560,4.4508383492287505e+50,2.2151953682493397e+47,1.1390289535198842e+49,5.707757071704351e-16,7.707666606633942e-16,0.8961661676587669,-9.453239059055e+46,-2.028240960365167e+31,0.9924541886409323,14545.553199444146,1.7870821058479915,0.0008894360327064506,0.04573381689386384,9.630772335490931,0.1096838243957298,7.859615169890157e+63,1.0862087234958699e+65,1.6816164358570565e+66,0.0002863513856281,0.0001225610393818,3.025500360434671e+48,6.6737264244478675e+47,3.9009292523501937e+48,2.6922422333055667e+47,0.0046738453563487,0.0,1.0726111882260807e-15,6.078286196854306e-16,1.1358794406816138e-15,6.634666558522012e-16,1.6638012774157027e-16,0.0,1.0076125717969683e+65,1.6737568206871664e+66,True
RECOMBINATION_WEIGHTED_AUDITOR,0,2,16,5.95,2560,7.870970251212038e+62,7.8115773944835585e+62,5.939285672847998e+60,2.3710081989159364e+51,3.906565071399075e+47,4.056336226537845e+46,1.2472938762495637e+62,1.2951130322674893e+61,2.1961325968708181e+46,2.0580186408446087e+46,3.0625591380526876e+47,6.356490971953694e+46,2.8985884920657935e-05,1.1673510281907429e-05,2.6961318168076323e+46,0.0,2.6961318168076323e+46,1760,2560,4.4572557695876075e+49,2.218395744222796e+46,1.1406745514423811e+48,6.143311915385829e-16,9.15334131277077e-16,0.8961661676587716,-9.466896508682018e+45,-1.2676506002282294e+30,0.9924541886409324,14545.553199444146,1.7870769445822492,0.0008894360327064508,0.04573381689386385,9.630772335491029,0.10968382439572841,7.870970251212038e+62,1.0898279264988302e+64,1.6872195129847132e+65,2.898588492065788e-05,1.1673510281907388e-05,3.0625591380526823e+47,6.356490971953672e+46,3.906565071399075e+47,2.6961318168076323e+46,0.0046650540671428,0.0,1.7219019320888984e-15,3.350359526631826e-15,1.870224378957644e-15,3.482892505026607e-15,0.0,0.0,1.0111182239867098e+64,1.6793485427335012e+65,True
RECOMBINATION_WEIGHTED_AUDITOR,0,2,17,5.95,2560,2.1035969929639102e+61,2.0877236468795028e+61,1.5873346084407576e+59,6.336760981613799e+49,1.0440693173433718e+46,1.0840971844966086e+45,3.333519964729694e+60,3.461321531239075e+59,5.869388117959264e+44,5.5002644987480204e+44,8.17362079194519e+45,1.7102175085067776e+45,7.73600185272061e-07,3.140764575602924e-07,7.205686975631602e+44,0.0,7.205686975631602e+44,1760,2560,1.1912377216959383e+48,5.928888647536695e+44,3.048568956279758e+46,6.297288562531748e-16,7.684413481909902e-16,0.8961661676587703,-2.5301245453567264e+44,-3.961408125713217e+28,0.9924541886409325,14545.553199444146,1.787062999801345,0.0008894360327064508,0.04573381689386386,9.63077233549109,0.10968382439512744,2.1035969929639102e+61,2.828756129330972e+62,4.379345053319707e+63,7.736001852720609e-07,3.140764575602917e-07,8.173620791945189e+45,1.710217508506773e+45,1.0440693173433716e+46,7.205686975631602e+44,0.0048034511264859,0.0,1.5509045898941797e-16,2.5942765050234077e-15,1.3686542534830418e-16,2.3597879147157517e-15,1.2141440986444836e-16,0.0,2.618396430034581e+62,4.358309083390068e+63,True
RECOMBINATION_WEIGHTED_AUDITOR,1,1,0,5.85,2560,8.687625549535182e+64,8.611927306048939e+64,7.569824348624393e+62,2.616105727457186e+53,3.3239155914834256e+49,2.7904360774768075e+48,1.1002671328401673e+64,9.236772167758219e+62,5.03586236544713e+47,5.563539047168787e+47,2.0840440773499428e+49,9.193382741364138e+48,0.0033719868994127084,0.0017357060192528964,5.509456062963267e+49,0.0,5.509456062963267e+49,1716,2560,3.2432556245771205e+51,5.095053355683205e+47,2.666015797432697e+49,5.002106054782843e-16,8.580957693579859e-16,0.9160497310874471,-8.994939049898253e+47,-1.6225927682921336e+32,0.9912866590468677,14540.51055552179,1.178105146389867,0.00018507664132222067,0.009684241067867328,11.911814136552469,0.09290978473306394,8.687625549535182e+64,1.9802574657709903e+65,1.1094984478923316e+67,0.0033719868994127,0.0017357060192529,2.0840440773499378e+49,9.193382741364156e+48,3.323915591483425e+49,5.509456062963267e+49,0.0078302277628587,0.0,2.366879889546508e-15,1.9767521396781637e-15,2.4436442835305695e-15,1.998867845977148e-15,1.5621025009896732e-16,0.0,1.111494910817472e+65,1.1008108223427965e+67,True
RECOMBINATION_WEIGHTED_AUDITOR,1,1,1,5.85,2560,1.3153164551224686e+64,1.3038556543877212e+64,1.1460800734747422e+62,3.9608140245509056e+52,5.032446262776828e+48,4.224752170481148e+47,1.6658170366614395e+63,1.3984578818684919e+62,7.624353279543642e+46,8.423261817320127e+46,3.6744649173189645e+48,8.726903501473964e+47,0.0005945290552254001,0.00016476349743160197,8.341379560008268e+48,0.0,8.341379560008268e+48,1763,2560,4.913778087864294e+50,7.713969116470071e+46,4.036378441940664e+48,5.784965148821351e-16,7.585894741695427e-16,0.9160497310874474,-1.3618440709369535e+47,-2.028240960365167e+31,0.9912866590468676,14540.510555521787,1.1789333493219927,0.0001850766413222207,0.009684241067867319,11.91181413655252,0.09290978473306337,1.3153164551224686e+64,3.7932917455921924e+65,2.125305106474496e+67,0.0005945290552254,0.0001647634974316,3.674464917318964e+48,8.726903501473858e+47,5.032446262776828e+48,8.341379560008267e+48,0.0006188835904621,0.0,1.766344547903363e-16,1.2085447022666766e-14,1.823631936835211e-16,1.2009146416714344e-14,0.0,1.5561864860546163e-16,3.6617601000799456e+65,2.1239897900193735e+67,True
RECOMBINATION_WEIGHTED_AUDITOR,1,1,2,5.85,2560,6.3379031673924316e+63,6.282678856167005e+63,5.522431122542655e+61,1.9085335436874924e+52,2.4249036788348935e+48,2.0357131592523903e+47,8.026803764094761e+62,6.738523345040831e+61,3.673824090890679e+46,4.058781257077593e+46,1.8074601611755577e+48,3.836041762364394e+47,0.000292447364762199,7.242427476758887e-05,4.019325974970523e+48,0.0,4.019325974970523e+48,1764,2560,2.3678055569317626e+50,3.7170058282203196e+46,1.9449445502138386e+48,5.093103031143125e-16,7.452963435015748e-16,0.9160497310874468,-6.562098282182874e+46,-2.028240960365167e+31,0.9912866590468679,14540.51055552179,1.1789744757834848,0.0001850766413222207,0.009684241067867333,11.911814136552676,0.09290978473306256,6.3379031673924316e+63,2.1363223539670404e+65,1.1969384672923304e+67,0.0002924473647622,7.242427476758879e-05,1.8074601611755642e+48,3.83604176236439e+47,2.4249036788348938e+48,4.0193259749705227e+48,0.0005295095228854,0.0,3.5908791864863155e-15,1.0574655261912656e-15,3.3366071054543414e-15,1.1227611625709063e-15,1.3382739961628077e-16,1.6147909160854098e-16,2.072943322293116e+65,1.1963046769755911e+67,True
RECOMBINATION_WEIGHTED_AUDITOR,1,1,3,5.85,2560,3.0937950209918053e+63,3.066837730134801e+63,2.6957290857004325e+61,9.316348670700046e+51,1.18369667851058e+48,9.93716544718643e+46,3.918217881206866e+62,3.289354447853076e+61,1.7933468499288548e+46,1.9812605072677085e+46,8.951620669364844e+47,1.7438787075164239e+47,0.00014483737629959986,3.2924341938517145e-05,1.962000737575624e+48,0.0,1.962000737575624e+48,1764,2560,1.1558014619203635e+50,1.8144256579225691e+46,9.494085988114521e+47,5.70979739275473e-16,8.481450585384103e-16,0.9160497310874466,-3.203234012334857e+46,-5.070602400912918e+30,0.9912866590468679,14540.510555521787,1.1789507697573698,0.0001850766413222207,0.00968424106786732,11.911814136552664,0.09290978473306252,3.0937950209918053e+63,1.06320287789952e+65,5.956911983487488e+66,0.0001448373762996,3.2924341938517145e-05,8.951620669364852e+47,1.7438787075164243e+47,1.1836966785105802e+48,1.9620007375756238e+48,0.0005193622181371,0.0,9.063122914966314e-16,2.326126182541356e-16,9.35706480075629e-16,0.0,1.370784253896705e-16,1.6540185100002713e-16,1.032264927689602e+65,5.953818188466496e+66,True
RECOMBINATION_WEIGHTED_AUDITOR,1,1,4,5.85,2560,3.2428991672366012e+62,3.2146426811158406e+62,2.8256486120760428e+60,9.765346165763005e+50,1.240744440713501e+47,1.0416082944965766e+46,4.107054739503688e+61,3.447883498199235e+60,1.8797764450265015e+45,2.076746521829169e+45,9.615134968666197e+46,1.5958294899128315e+46,1.5557304906744476e-05,3.012918018609652e-06,2.0565585356595098e+47,0.0,2.0565585356595098e+47,1760,2560,1.21142127529543e+49,1.9018711372815953e+45,9.951649458230496e+46,6.993483031383005e-16,8.966374225029267e-16,0.9160497310874509,-3.357612524612082e+45,-9.50737950171172e+29,0.9912866590468679,14540.51055552179,1.178869464197369,0.00018507664132222073,0.009684241067867335,11.911814136552834,0.09290978473306112,3.242899167236601e+62,1.0667454263666793e+64,5.976760170371441e+65,1.5557304906744483e-05,3.0129180186096498e-06,9.6151349686662e+46,1.5958294899128305e+46,1.2407444407135012e+47,2.0565585356595098e+47,0.0005425847908893,1.4083671372831957e-16,4.2188507326726006e-16,6.354817269594244e-16,4.355679610738183e-16,7.028343801777041e-16,1.634696794771701e-16,0.0,1.0343164346943134e+64,5.973517271204205e+65,True
RECOMBINATION_WEIGHTED_AUDITOR,1,1,5,5.85,2560,8.264693901752846e+60,8.192680805913601e+60,7.201309583924487e+58,2.488748269452394e+49,3.162100479842167e+45,2.654591856112769e+44,1.0467038445930424e+60,8.787106922539369e+58,4.790706130745286e+43,5.29269441611223e+43,2.458150600282327e+45,3.990208631320772e+44,3.9772918965685676e-07,7.533493746863142e-08,5.241244303857452e+45,0.0,5.241244303857452e+45,1760,2560,3.0873653163085138e+47,4.847015580692627e+43,2.5362286136052015e+45,6.991136130347559e-16,8.809564462358317e-16,0.916049731087448,-8.557046742917141e+43,-1.9807040628566084e+28,0.9912866590468677,14540.510555521783,1.1788680967999772,0.0001850766413222207,0.009684241067867319,11.911814136552668,0.09290978473306091,8.264693901752845e+60,2.7688432181810097e+62,1.5513271916048458e+64,3.9772918965684893e-07,7.533493746863158e-08,2.458150600282278e+45,3.990208631320781e+44,3.162100479842166e+45,5.241244303857452e+45,0.0005327498896736,1.7269214198038926e-16,1.9854173337948237e-14,2.1841208522684018e-15,1.9699471313287363e-14,2.1081676436820723e-15,2.0044438946663436e-16,0.0,2.686196279163481e+62,1.5505007222146704e+64,True
RECOMBINATION_WEIGHTED_AUDITOR,1,1,6,5.85,2560,1.6290057089690317e+65,1.6148116268121854e+65,1.4194082156846295e+63,4.905426852245432e+53,6.232632200575655e+49,6.000922983768831e+48,2.0630970229644815e+64,1.986397711982608e+63,1.7128796913957792e+48,1.8923616958974617e+48,3.9584365251499135e+49,1.6731678400380847e+49,0.006404757101843702,0.00315893243311611,1.0330711572118111e+50,0.0,1.0330711572118111e+50,1710,2560,5.991459861195697e+51,1.7330126969728658e+48,9.068088015462121e+49,7.543348061920867e-16,8.795214690632471e-16,0.9037176783315689,-1.6222989760232016e+48,-6.490371073168535e+32,0.9912866590468676,14540.510555521783,1.1606840459468504,0.0003357245538482677,0.01756697921813039,10.38612263052458,0.106557964562706,1.6290057089690315e+65,8.006157683942245e+65,2.472849487196669e+67,0.0064047571018437,0.0031589324331161,3.958436525149912e+49,1.6731678400380795e+49,6.232632200575655e+49,1.0330711572118111e+50,0.0065875651445965,1.435478468156737e-16,3.9351118747608454e-16,3.1032731650021677e-15,4.0627383249493763e-16,3.1576047281983796e-15,0.0,0.0,6.377151974973214e+65,2.456559430106979e+67,True
RECOMBINATION_WEIGHTED_AUDITOR,1,1,7,5.85,2560,1.1838385483416677e+65,1.1735233594365055e+65,1.031518890516203e+63,3.564894445602503e+53,4.5294072427448343e+49,4.3610184511330016e+48,1.4993033918217647e+64,1.443564114499597e+63,1.2447918360146477e+48,1.3752258268182472e+48,3.110086944664355e+49,9.825385751922397e+48,0.005032126022391195,0.001855027868508298,7.507582400440357e+49,0.0,7.507582400440357e+49,1728,2560,4.355360980172104e+51,1.2594229867619441e+48,6.590002781054242e+49,7.201121381274554e-16,8.077309066279252e-16,0.9037176783315699,-1.17896460041687e+48,-3.2451855365842673e+32,0.9912866590468677,14540.510555521785,1.1610091583891493,0.00033572455384826773,0.0175669792181304,10.386122630524723,0.10655796456270476,1.1838385483416674e+65,1.5336233990454113e+66,4.736878769560861e+67,0.0050321260223912,0.0018550278685083,3.110086944664358e+49,9.825385751922408e+48,4.529407242744835e+49,7.507582400440356e+49,0.0024991953687922,1.9752715630058689e-16,1.0017012934206281e-15,1.0569146066390151e-15,8.618243403771561e-16,1.0520402111496236e-15,1.1463523989484062e-16,1.383214084531466e-16,1.4152395442112445e+66,4.7250403840774443e+67,True
RECOMBINATION_WEIGHTED_AUDITOR,1,1,8,5.85,2560,5.296908445949803e+64,5.250754676662717e+64,4.615376928708573e+62,1.5950586779153976e+53,2.0266154969230682e+49,1.951272451729817e+48,6.708408684872328e+63,6.459011628801992e+62,5.569634811158715e+47,6.153242186078411e+47,1.4366076416354665e+49,3.945764089772851e+48,0.002324433633549105,0.0007449582676848996,3.3591554085869717e+49,0.0,3.3591554085869717e+49,1728,2560,1.9488889010286182e+51,5.635099705907987e+47,2.9485981377018406e+49,6.321479218358327e-16,7.018446741455339e-16,0.9037176783315709,-5.275100695252641e+47,-8.112963841460668e+31,0.9912866590468679,14540.510555521785,1.1610972137932163,0.00033572455384826773,0.017566979218130406,10.38612263052481,0.10655796456270364,5.296908445949802e+64,8.637126194563625e+65,2.6677357509354855e+67,0.0023244336335491,0.0007449582676849,1.4366076416354636e+49,3.945764089772853e+48,2.026615496923068e+49,3.3591554085869717e+49,0.001985544649275,2.2073277682545816e-16,1.9878519293849017e-15,4.934687623614747e-16,2.0523234090587083e-15,4.3661593656307875e-16,1.281026634410447e-16,0.0,8.107435349968644e+65,2.6624388424895357e+67,True
RECOMBINATION_WEIGHTED_AUDITOR,1,1,9,5.85,2560,2.47436930661176e+64,2.4528092831992863e+64,2.156002341247371e+62,7.451071271387416e+52,9.46702257186361e+48,9.115069125065168e+47,3.133729932362352e+63,3.0172279336971825e+62,2.6017692332034133e+47,2.874392441693645e+47,6.828113790283739e+48,1.725980840250638e+48,0.0011047899849513897,0.0003258643110830975,1.569177780579154e+49,0.0,1.569177780579154e+49,1736,2560,9.104062138081813e+50,2.6323501518432346e+47,1.3773922664343474e+49,6.268450681963916e-16,8.320052118790873e-16,0.9037176783315691,-2.464182151307523e+47,-8.112963841460668e+31,0.9912866590468677,14540.51055552179,1.1611134625742012,0.00033572455384826773,0.01756697921813042,10.386122630524676,0.10655796456270611,2.47436930661176e+64,4.298516752300511e+65,1.3276761920330538e+67,0.0011047899849514,0.0003258643110831,6.828113790283804e+48,1.7259808402506512e+48,9.467022571863612e+48,1.569177780579154e+49,0.0018636843241293,0.0,9.505364545043366e-15,7.708811355092027e-15,9.42110355600183e-15,7.652464267806057e-15,1.3711536069340723e-16,0.0,4.051079821639335e+65,1.325201822726442e+67,True
RECOMBINATION_WEIGHTED_AUDITOR,1,1,10,5.85,2560,2.3315368571115962e+63,2.311221381530789e+63,2.0315475580807424e+61,7.020959744280783e+51,8.920540678558756e+47,8.588903670693533e+46,2.952836028968357e+62,2.843059083752755e+61,2.4515826496487247e+46,2.7084687405812456e+46,6.602070171532619e+47,1.4582411397249342e+47,0.0001068216088581988,2.7531519082249312e-05,1.478597322155889e+48,0.0,1.478597322155889e+48,1736,2560,8.578559948813329e+49,2.4803982911710113e+46,1.2978825866093917e+48,6.400180068774956e-16,7.2222615105192e-16,0.9037176783315707,-2.3219377532116514e+46,-5.070602400912918e+30,0.991286659046868,14540.51055552179,1.1611172373918595,0.00033572455384826773,0.017566979218130427,10.386122630524794,0.10655796456270507,2.3315368571115962e+63,4.3128392341602685e+64,1.3320999547567532e+66,0.0001068216088582,2.753151908224953e-05,6.6020701715326935e+47,1.458241139724946e+47,8.920540678558756e+47,1.478597322155889e+48,0.0017502717035504,0.0,1.1305433811242025e-14,8.06711403872261e-15,1.1164617369854424e-14,7.876079552650075e-15,0.0,0.0,4.079685548449109e+64,1.3297684178996417e+66,True
RECOMBINATION_WEIGHTED_AUDITOR,1,1,11,5.85,2560,5.961531448210766e+61,5.909586592099686e+61,5.194485611108021e+59,1.795196682586619e+50,2.2809025569577785e+46,2.1961059368336556e+45,7.550137924867505e+60,7.269448083231464e+59,6.2684778150471294e+44,6.9253125998077076e+44,1.697750445643586e+46,3.63199147233936e+45,2.7469631393122815e-06,6.857181559569743e-07,3.780641257454782e+46,0.0,3.780641257454782e+46,1736,2560,2.1934615290311836e+48,6.342156836080618e+44,3.318569823400682e+46,7.602440880558967e-16,7.746012754117934e-16,0.9037176783315702,-5.936987397105736e+44,-7.922816251426434e+28,0.9912866590468679,14540.510555521785,1.1611174435610767,0.00033572455384826773,0.0175669792181304,10.38612263052475,0.10655796456270562,5.961531448210765e+61,1.11944006221632e+63,3.457597130957288e+64,2.74696313931232e-06,6.857181559569733e-07,1.69775044564361e+46,3.631991472339355e+45,2.2809025569577785e+46,3.780641257454782e+46,0.0017241833627274,1.9152765763023118e-16,1.4186632355855869e-14,1.3960942473377974e-15,1.4030038681086503e-14,1.3896555857285466e-15,0.0,0.0,1.0598247477342123e+63,3.4516355995090774e+64,True
RECOMBINATION_WEIGHTED_AUDITOR,1,1,12,5.85,2560,1.2837739552829305e+65,1.2725879951037987e+65,1.118596017913163e+63,3.865830056816536e+53,4.911763567127482e+49,6.849325035998092e+48,1.6258692101083985e+64,2.2672318269925522e+63,3.470037739725691e+48,3.833641402229162e+48,3.0261428910167846e+49,1.4119674057614596e+49,0.0048963043992980996,0.0026657873321670007,8.141345596768152e+49,0.0,8.141345596768152e+49,1653,2560,4.573286436933556e+51,3.510824193974356e+48,1.8370588313278825e+50,5.861802933681065e-16,8.73172739393062e-16,0.8605526316079705,-1.1516007478162794e+48,-3.2451855365842673e+32,0.9912866590468674,14540.510555521785,1.1242005920767206,0.0008630272107315612,0.04515839220521973,7.171164372128142,0.15432976149714486,1.2837739552829303e+65,2.0563130661910119e+65,2.470707851803617e+66,0.0048963043992981,0.002665787332167,3.026142891016785e+49,1.411967405761459e+49,4.911763567127482e+49,8.141345596768151e+49,0.0519597634477817,1.8215065121913031e-16,1.7158135109707968e-16,3.677348951079133e-16,1.7714620400495166e-16,3.253679419668226e-16,0.0,1.2755377589169044e-16,7.725391109080813e+64,2.342330456275324e+66,True
RECOMBINATION_WEIGHTED_AUDITOR,1,1,13,5.85,2560,5.025386505855136e+64,4.98159859980835e+64,4.378790604678614e+62,1.5132952434117148e+53,1.9227302632692323e+49,2.6811967534061974e+48,6.364532599481949e+63,8.875173220430776e+62,1.358360695842465e+48,1.5006948607867455e+48,1.2343774662186343e+49,5.029392557124273e+48,0.001997224862111499,0.000949546775128704,3.1869635719852957e+49,0.0,3.1869635719852957e+49,1664,2560,1.7910851529369572e+51,1.3743267228801253e+48,7.19124314948619e+49,6.177580352054966e-16,7.438783091863539e-16,0.8605526316079719,-4.507988991670375e+47,-1.2169445762191002e+32,0.9912866590468677,14540.510555521789,1.1247363512531519,0.0008630272107315613,0.045158392205219805,7.1711643721282,0.1543297614971434,5.025386505855136e+64,3.93898041803307e+65,4.732776349547828e+66,0.0019972248621115,0.0009495467751287,1.2343774662186348e+49,5.0293925571242514e+48,1.9227302632692326e+49,3.1869635719852957e+49,0.0106182632237318,0.0,4.2064093039876993e-16,4.25861061712446e-15,4.3428346724635405e-16,4.224697659209712e-15,1.35024058177207e-16,0.0,3.436441767447556e+65,4.682522484489276e+66,True
RECOMBINATION_WEIGHTED_AUDITOR,1,1,14,5.85,2560,1.404065611325287e+64,1.3918315089332414e+64,1.2234102392045376e+62,4.228064465451421e+52,5.372003604827934e+48,7.491117656857818e+47,1.7782157341887327e+63,2.479675045659295e+62,3.7951857804094466e+47,4.192859682868722e+47,3.444756018017638e+48,1.4092122536798976e+48,0.0005573621158339006,0.0002660585618948992,8.904202593685924e+48,0.0,8.904202593685924e+48,1684,2560,5.006465832968158e+50,3.839793990120183e+47,2.0091941579235753e+49,6.067492859999459e-16,7.835378269389147e-16,0.8605526316079734,-1.2595075646545299e+47,-4.056481920730334e+31,0.9912866590468675,14540.510555521787,1.1252468894338095,0.0008630272107315613,0.0451583922052198,7.171164372128209,0.15432976149714336,1.4040656113252868e+64,2.218371926878721e+65,2.665425332394814e+66,0.0005573621158339,0.0002660585618949,3.444756018017634e+48,1.4092122536799017e+48,5.372003604827935e+48,8.904202593685923e+48,0.0052676981578162,2.0818138775600413e-16,1.1304785080663387e-15,2.878545733715818e-15,9.726191839064707e-16,3.0562881478903285e-15,1.2081844225375238e-16,1.457821967746092e-16,2.0779653657461923e+65,2.651384676281561e+66,True
RECOMBINATION_WEIGHTED_AUDITOR,1,1,15,5.85,2560,1.1598912523971252e+64,1.1497847244464336e+64,1.0106527950691803e+62,3.492781924499449e+52,4.437784059965977e+48,6.188373086543774e+47,1.4689747105291108e+63,2.0484465761773624e+62,3.135183108547084e+47,3.4636994378757133e+47,2.9000530748213306e+48,1.1097847079308491e+48,0.0004692290859958006,0.00020952679245730025,7.355715156530089e+48,0.0,7.355715156530089e+48,1673,2560,4.13436212289789e+50,3.1720337171021507e+47,1.659784777396031e+49,6.201526619590095e-16,9.166161962032907e-16,0.8605526316079715,-1.0404726066838638e+47,-2.028240960365167e+31,0.9912866590468677,14540.510555521789,1.124851539831182,0.0008630272107315613,0.04515839220521981,7.171164372128207,0.1543297614971432,1.1598912523971252e+64,1.1040372313331806e+65,1.3265263451304808e+66,0.0004692290859958,0.0002095267924573,2.9000530748213267e+48,1.1097847079308476e+48,4.437784059965978e+48,7.355715156530088e+48,0.0087438237216693,0.0,1.3428108187782184e-15,1.3158709802243138e-15,1.2708316953573594e-15,1.164268712121637e-15,1.4625252120127477e-16,1.764715173182491e-16,9.880481060934681e+64,1.3149274326065095e+66,True
RECOMBINATION_WEIGHTED_AUDITOR,1,1,16,5.85,2560,1.1582619879460988e+63,1.148169656332072e+63,1.0092331614026855e+61,3.487875718496934e+51,4.431550437809339e+47,6.179680464490739e+46,1.4669112858154787e+62,2.0455691847154188e+61,3.1307792108750787e+46,3.4588340831697e+46,2.9369611002855723e+47,1.0672441836092149e+47,4.752008108600545e-05,2.014951629467753e-05,7.345382804086148e+47,0.0,7.345382804086148e+47,1673,2560,4.1285468841299456e+49,3.16757805648565e+46,1.6574533275048634e+48,6.299452763689099e-16,7.470409650717314e-16,0.8605526316079726,-1.0390110860224872e+46,-2.535301200456459e+30,0.9912866590468681,14540.510555521785,1.1248494080484515,0.0008630272107315618,0.045158392205219784,7.171164372128322,0.15432976149714092,1.1582619879460988e+63,1.1077158381944484e+64,1.3309462766113759e+65,4.752008108600541e-05,2.014951629467756e-05,2.9369611002855702e+47,1.0672441836092167e+47,4.4315504378093395e+47,7.345382804086148e+47,0.0087025450110207,0.0,6.905917004375554e-16,1.7104022606667558e-15,8.555873756743226e-16,1.5133458121379075e-15,1.8307280838421804e-16,0.0,9.918896393998385e+63,1.319363656731915e+65,True
RECOMBINATION_WEIGHTED_AUDITOR,1,1,17,5.85,2560,3.0823714124898853e+61,3.055513659428673e+61,2.6857753061212313e+59,9.281948744667668e+49,1.1793259663759436e+46,1.6445390248751875e+45,3.903750152480036e+60,5.44367685623346e+59,8.331642097252406e+44,9.204663029142273e+44,7.81583533519942e+45,2.84017170406958e+45,1.2646035006981516e-06,5.362229835471918e-07,1.9547561954699264e+46,0.0,1.9547561954699264e+46,1672,2560,1.0986748779876662e+48,8.429571331659721e+44,4.41082139222804e+46,8.307446894138004e-16,7.86744522816534e-16,0.8605526316079726,-2.765020437642826e+44,-7.922816251426434e+28,0.9912866590468677,14540.510555521789,1.1248333730676705,0.0008630272107315613,0.0451583922052198,7.171164372128224,0.15432976149647912,3.082371412489885e+61,2.875185972629694e+62,3.454602645272466e+63,1.2646035006981526e-06,5.36222983547191e-07,7.815835335199428e+45,2.8401717040695752e+45,1.1793259663759436e+46,1.9547561954699264e+46,0.0089225063748157,1.8521423951996158e-16,9.731402051314205e-16,1.6737332267779687e-15,8.372515049051707e-16,1.579628201781013e-15,0.0,0.0,2.5669488313807055e+62,3.423778931147567e+63,True
RECOMBINATION_WEIGHTED_AUDITOR,1,2,0,5.85,2560,8.626199831728545e+64,8.547507000336238e+64,7.869283139230736e+62,2.6038548206525848e+53,3.3034390737178906e+49,2.8757538910394354e+48,1.093489090837488e+64,9.519187239757236e+62,4.984373158576511e+47,5.847047536902336e+47,2.090311502536744e+49,9.436764045476636e+48,0.0033821276041379887,0.001781656286570893,0.0,2.033206493532715e+48,-2.033206493532715e+48,1719,2560,3.148588819125935e+51,5.045722152957958e+47,2.679934334602481e+49,6.316244658640743e-16,8.125112433788124e-16,0.9129466647676796,-8.925343974436254e+47,-3.2451855365842673e+32,0.990877462506391,14575.474764423532,1.1518618679917383,0.00018458983622024307,0.009804119705942912,11.4872106546081,0.09478461942199921,8.626199831728544e+64,1.9802574657709903e+65,1.1099515402135743e+67,0.003382127604138,0.0017816562865709,2.0903115025367509e+49,9.436764045476674e+48,3.30343907371789e+49,-2.0332064935327147e+48,0.007771690492063,1.355407169637101e-16,3.2291770427056725e-15,3.9890954190405425e-15,3.333908093844104e-15,3.894631055500782e-15,1.5717852645882469e-16,1.5960924514586453e-16,1.1176374825981357e+65,1.1013253403818458e+67,True
RECOMBINATION_WEIGHTED_AUDITOR,1,2,1,5.85,2560,1.3025525015638382e+64,1.2906699175309281e+64,1.1882584032910138e+62,3.9318096919978875e+52,4.988178935303819e+48,4.342376130538482e+47,1.6511638710991073e+63,1.4373932199430163e+62,7.526382246039989e+46,8.829016884053094e+46,3.685515275716443e+48,8.957935452911828e+47,0.0005963170051135996,0.0001691253690085015,0.0,3.0701331478616954e+47,-3.0701331478616954e+47,1773,2560,4.75798782074237e+50,7.619018966332575e+46,4.046689434116431e+48,6.069688197543455e-16,8.633177369061741e-16,0.9129466647676804,-1.3477231397374427e+47,-4.056481920730334e+31,0.9908774625063912,14575.474764423532,1.1527418378267995,0.00018458983622024312,0.009804119705942917,11.487210654608248,0.09478461942199756,1.3025525015638382e+64,3.7932917455921924e+65,2.126173029657148e+67,0.0005963170051136,0.0001691253690085,3.685515275716446e+48,8.95793545291175e+47,4.9881789353038194e+48,-3.0701331478616954e+47,0.0006126277040462,0.0,7.044193918753289e-16,8.694464621611627e-15,7.272656410520849e-16,8.814632576456528e-15,1.3011504112719283e-16,0.0,3.6630364954358086e+65,2.1248704771555842e+67,True
RECOMBINATION_WEIGHTED_AUDITOR,1,2,2,5.85,2560,6.273937303393656e+63,6.216703075110897e+63,5.723422828275974e+61,1.8938144502316847e+52,2.4026303631240843e+48,2.09156986440414e+47,7.953075666790585e+62,6.923417621492017e+61,3.625193631453463e+46,4.252626924031758e+46,1.8128958050093098e+48,3.93759533334253e+47,0.00029332685286889926,7.434160105957808e-05,0.0,1.4787751633526655e+47,-1.4787751633526655e+47,1774,2560,2.291841516092255e+50,3.6698134816637165e+46,1.949147981787336e+48,5.9563690781728e-16,8.00288239612391e-16,0.9129466647676776,-6.491508381346564e+46,-1.0141204801825835e+31,0.9908774625063912,14575.474764423529,1.152785154373656,0.00018458983622024317,0.009804119705942905,11.487210654608285,0.09478461942199762,6.273937303393656e+63,2.1363223539670404e+65,1.1974272680018408e+67,0.0002933268528689,7.434160105957807e-05,1.8128958050093146e+48,3.9375953333425295e+47,2.4026303631240843e+48,-1.4787751633526655e+47,0.0005239514307923,0.0,2.6850844331075004e-15,2.0603853760091105e-16,2.5873578000683614e-15,1.8230071673069939e-16,0.0,0.0,2.0735829809331038e+65,1.1967998742715015e+67,True
RECOMBINATION_WEIGHTED_AUDITOR,1,2,3,5.85,2560,3.0617122535134e+63,3.0337816686860823e+63,2.7930584827317676e+61,9.241907637519279e+51,1.172495431132426e+48,1.0206963782474587e+47,3.881140031310278e+62,3.378661842292677e+61,1.7691123175196615e+46,2.0753028494381356e+46,8.978541219393398e+47,1.7900453347514398e+47,0.00014527295126180013,3.379596552947112e-05,0.0,7.21649550973215e+46,-7.21649550973215e+46,1774,2560,1.1184054489163662e+50,1.7908870238216785e+46,9.511937992305377e+47,5.511313094866518e-16,8.24822154918251e-16,0.912946664767681,-3.1678880093690035e+46,-5.070602400912918e+30,0.9908774625063911,14575.47476442353,1.152759922302367,0.00018458983622024312,0.009804119705942915,11.48721065460825,0.09478461942199758,3.0617122535134e+63,1.06320287789952e+65,5.959344642211044e+66,0.0001452729512618,3.379596552947114e-05,8.97854121939339e+47,1.7900453347514412e+47,1.1724954311324261e+48,-7.21649550973215e+46,0.000513766603097,0.0,9.035948761851082e-16,7.931467682368841e-16,9.329009315468127e-16,6.015153115355106e-16,1.3838798217959723e-16,0.0,1.032585755364386e+65,5.95628292995753e+66,True
RECOMBINATION_WEIGHTED_AUDITOR,1,2,4,5.85,2560,3.2077216759245217e+62,3.178459114666838e+62,2.926256125768323e+60,9.682643240475643e+50,1.2284103462205022e+47,1.0693721767239519e+46,4.066226991594678e+61,3.5397862143003776e+60,1.8534791835976324e+45,2.174271578464478e+45,9.644050930536778e+46,1.6380767315781505e+46,1.560409098275471e-05,3.092680597540903e-06,0.0,7.560641612945906e+45,-7.560641612945906e+45,1772,2560,1.1716531579845961e+49,1.8762922997915916e+45,9.965551022293141e+46,7.290060547591854e-16,8.337030517254649e-16,0.9129466647676777,-3.318960827521765e+45,-1.2676506002282294e+30,0.9908774625063911,14575.474764423529,1.152673624271282,0.00018458983622024315,0.009804119705942907,11.487210654608274,0.09478461942199733,3.2077216759245212e+62,1.0667454263666793e+64,5.979200934614285e+65,1.5604090982754684e-05,3.0926805975409024e-06,9.644050930536762e+46,1.6380767315781505e+46,1.2284103462205022e+47,-7.560641612945906e+45,0.000536479993063,1.423812000566641e-16,1.6824805053179263e-15,0.0,1.7370479537765772e-15,1.3694154965886317e-16,0.0,0.0,1.034668209607434e+64,5.97599321293836e+65,True
RECOMBINATION_WEIGHTED_AUDITOR,1,2,5,5.85,2560,8.17452957583669e+60,8.099957123288503e+60,7.457245254818707e+58,2.467516247921684e+49,3.130470072204471e+45,2.7251786063039774e+44,1.0362336936628374e+60,9.02075991134684e+58,4.723389974334229e+43,5.540894478925397e+43,2.4655430902745144e+45,4.095843543702098e+44,3.989252958082873e-07,7.73293192802203e-08,0.0,1.926747228140195e+44,-1.926747228140195e+44,1772,2560,2.9858266416559805e+47,4.781526718068636e+43,2.539612217065728e+45,8.362651233535131e-16,8.785992834578452e-16,0.9129466647676767,-8.458010446869673e+43,-1.9807040628566084e+28,0.9908774625063909,14575.474764423521,1.1526721134540452,0.0001845898362202431,0.009804119705942884,11.487210654607955,0.09478461942200007,8.174529575836689e+60,2.7688432181810097e+62,1.5519607160947506e+64,3.989252958082874e-07,7.73293192802202e-08,2.4655430902745147e+45,4.095843543702092e+44,3.1304700722044714e+45,-1.9267472281401947e+44,0.0005267227121834,1.7459692077263986e-16,1.285366503254957e-16,1.3540486390223986e-15,2.654108915110516e-16,1.369197600500149e-15,2.0246968841576436e-16,2.056008213146356e-16,2.6870979224226427e+62,1.551143263137167e+64,True
RECOMBINATION_WEIGHTED_AUDITOR,1,2,6,5.85,2560,1.6171497741213204e+65,1.6023972646741175e+65,1.475250944720281e+63,4.8814348348098254e+53,6.192942264375938e+49,6.15175660089022e+48,2.049959044245358e+64,2.036325956812676e+63,1.6950119884718763e+48,1.9883775465650577e+48,3.9703408821871834e+49,1.7174625009222965e+49,0.0064240183719924465,0.003242560529193989,0.0,3.811643001434587e+48,-3.811643001434587e+48,1719,2560,5.819917501227309e+51,1.715874648158245e+48,9.113524772222112e+49,6.805808757333628e-16,8.114375675918391e-16,0.900665041941745,-1.610618711893742e+48,-3.2451855365842673e+32,0.9908774625063911,14575.474764423527,1.135718110194983,0.00033484150115990633,0.017784436169998214,10.066949436002975,0.10815698410318643,1.6171497741213202e+65,8.006157683942245e+65,2.473859339095395e+67,0.0064240183719924,0.003242560529194,3.970340882187155e+49,1.7174625009223022e+49,6.192942264375938e+49,-3.8116430014345865e+48,0.0065369511862087,1.446002502149201e-16,7.19274076693629e-15,3.3255611352918262e-15,7.291002475269519e-15,3.343660550740755e-15,0.0,1.7027751735211706e-16,6.389007909820925e+65,2.457687841354182e+67,True
RECOMBINATION_WEIGHTED_AUDITOR,1,2,7,5.85,2560,1.173665373719567e+65,1.1629585673428598e+65,1.0706806376707065e+63,3.5427584577301975e+53,4.494600323023141e+49,4.464709345761513e+48,1.4877817665845564e+64,1.4778873938352277e+63,1.2301747869889917e+48,1.4430882739682337e+48,3.1194400276734744e+49,1.0085498407403596e+49,0.005047259326776957,0.0019041370065158948,0.0,2.7663445151176724e+48,-2.7663445151176724e+48,1736,2560,4.2251949479541994e+51,1.2453161064075289e+48,6.614247257032456e+49,6.03280392077152e-16,7.477799858761145e-16,0.9006650419417456,-1.1689253788763154e+48,-1.6225927682921336e+32,0.9908774625063911,14575.474764423525,1.136073493137054,0.0003348415011599064,0.017784436169998218,10.06694943600305,0.10815698410318682,1.1736653737195667e+65,1.5336233990454113e+66,4.7388131962391705e+67,0.005047259326777,0.0019041370065159,3.119440027673501e+49,1.0085498407403624e+49,4.494600323023141e+49,-2.766344515117672e+48,0.0024767074056664,1.992392952957797e-16,8.488931905601376e-15,2.8315539369851855e-15,8.420555079457593e-15,2.733086122543654e-15,0.0,1.1730952232629733e-16,1.4162568616734547e+66,4.7270765425019746e+67,True
RECOMBINATION_WEIGHTED_AUDITOR,1,2,8,5.85,2560,5.248384697728633e+64,5.2005061115427214e+64,4.787858618591183e+62,1.5842470685126149e+53,2.0098907308649308e+49,1.9965241145215596e+48,6.653047139454754e+63,6.60880158557373e+62,5.501082908412778e+47,6.453187240723855e+47,1.4409280065522178e+49,4.0502223982003385e+48,0.0023314239914106988,0.0007646799435684017,0.0,1.2370510834596905e+48,-1.2370510834596905e+48,1741,2560,1.8895799048071966e+51,5.568791704223823e+47,2.957752257850733e+49,5.984464802319204e-16,9.134754501916339e-16,0.9006650419417462,-5.2271884377386206e+47,-1.6225927682921336e+32,0.9908774625063913,14575.474764423529,1.1361706551303337,0.0003348415011599064,0.01778443616999822,10.066949436003053,0.10815698410318603,5.248384697728633e+64,8.637126194563625e+65,2.6688251896689517e+67,0.0023314239914107,0.0007646799435684,1.4409280065522186e+49,4.05022239820033e+48,2.0098907308649308e+49,-1.2370510834596903e+48,0.0019665524433916,0.0,5.40515921155426e-16,2.0832145906032657e-15,5.580463321025402e-16,2.1267764015609775e-15,0.0,1.3116618949592522e-16,8.112287724790762e+65,2.6635768049712232e+67,True
RECOMBINATION_WEIGHTED_AUDITOR,1,2,9,5.85,2560,2.4509200916437928e+64,2.4285614812139328e+64,2.235861042986006e+62,7.398205722278233e+52,9.385900344571478e+48,9.323480170670454e+47,3.1068772286832887e+63,3.0862151920342737e+62,2.5689265178793224e+47,3.0135455334047367e+47,6.848648237137778e+48,1.7716736477396066e+48,0.0011081124619821026,0.00033449109006380035,0.0,5.77685045868153e+47,-5.77685045868153e+47,1742,2560,8.824205177568424e+50,2.600545550704054e+47,1.3812277209802155e+49,7.843102355742065e-16,8.3369211412749485e-16,0.9006650419417431,-2.4410217433958586e+47,-8.112963841460668e+31,0.9908774625063911,14575.474764423532,1.1361885614347689,0.0003348415011599062,0.01778443616999823,10.066949436002862,0.10815698410318782,2.4509200916437928e+64,4.298516752300511e+65,1.3282183828660828e+67,0.0011081124619821,0.0003344910900638,6.848648237137763e+48,1.771673647739605e+48,9.38590034457148e+48,-5.77685045868153e+47,0.0018452689130495,0.0,2.274447458278928e-15,9.158530807083584e-16,2.348214015489736e-15,9.724045315634913e-16,1.3830044715789826e-16,0.0,4.053424743136132e+65,1.325767462774439e+67,True
RECOMBINATION_WEIGHTED_AUDITOR,1,2,10,5.85,2560,2.308319647761289e+63,2.2872619152273524e+63,2.1057732533936283e+61,6.967760264864973e+51,8.839806018634003e+47,8.781017601041801e+46,2.92611161604288e+62,2.906651746534125e+61,2.4194601754228324e+46,2.838210183962329e+46,6.621924828796371e+47,1.4968459319196537e+47,0.00010714285755410008,2.8260375609487056e-05,0.0,5.440739362093988e+46,-5.440739362093988e+46,1742,2560,8.310821690515346e+49,2.449239536635537e+46,1.3008645599020018e+48,8.094286987003978e-16,7.866592751972565e-16,0.9006650419417437,-2.2989972092945984e+46,-5.070602400912918e+30,0.9908774625063911,14575.474764423527,1.1361926708676064,0.00033484150115990633,0.017784436169998218,10.066949436002982,0.10815698410318669,2.308319647761289e+63,4.3128392341602685e+64,1.3326439521474434e+66,0.0001071428575541,2.8260375609487063e-05,6.621924828796366e+47,1.4968459319196543e+47,8.839806018634004e+47,-5.440739362093988e+46,0.0017321353119425,0.0,7.351002058658507e-16,4.06502950727337e-16,7.589415178268327e-16,2.39779671426575e-16,1.835552459942859e-16,0.0,4.0820072693841393e+64,1.330335632499682e+66,True
RECOMBINATION_WEIGHTED_AUDITOR,1,2,11,5.85,2560,5.901522608719338e+61,5.847685747451916e+61,5.383686126742189e+59,1.7813995031024957e+50,2.2600126081436333e+46,2.2449825764108967e+45,7.48098898454601e+60,7.431237270141931e+59,6.18566797713732e+44,7.256257418765936e+44,1.7028561552682696e+46,3.72814311161423e+45,2.755224186261221e-06,7.038715368990646e-07,0.0,1.3909965365796409e+45,-1.3909965365796409e+45,1742,2560,2.1247711914643174e+48,6.26180282858237e+44,3.3258312463739463e+46,4.753608543346948e-16,8.675649498744126e-16,0.9006650419417458,-5.8776885693423246e+44,-1.5845632502852868e+29,0.9908774625063912,14575.474764423527,1.136192874236995,0.0003348415011599064,0.017784436169998218,10.066949436003043,0.10815698410318635,5.901522608719337e+61,1.11944006221632e+63,3.4590091299672577e+64,2.755224186261228e-06,7.038715368990643e-07,1.7028561552682742e+46,3.728143111614228e+45,2.2600126081436333e+46,-1.3909965365796407e+45,0.0017061309718992,1.9347518087582895e-16,2.679934031246855e-15,5.10032969072111e-16,2.61313764867587e-15,4.512717712946985e-16,0.0,1.1391568624474165e-16,1.0604248361291266e+63,3.453107607358538e+64,True
RECOMBINATION_WEIGHTED_AUDITOR,1,2,12,5.85,2560,1.2750537141433404e+65,1.2634219888297025e+65,1.163172531363785e+63,3.848803441755924e+53,4.882871186101663e+49,6.949472602380893e+48,1.6163053880565828e+64,2.3003822102355123e+63,3.435519311233213e+48,4.030124568854539e+48,3.03524352587388e+49,1.4493471688199933e+49,0.004911029242139898,0.0027363601360676044,0.0,3.0053181490924985e+48,-3.0053181490924985e+48,1657,2560,4.446891780071007e+51,3.477804599315928e+48,1.8471663068647975e+50,6.525458105793349e-16,8.487129499239835e-16,0.8576765116769575,-1.1448291218478005e+48,-1.6225927682921336e+32,0.9908774625063911,14575.47476442353,1.1006064331419427,0.0008607571995279424,0.04571739590177248,7.026247120434418,0.15496336400562588,1.2750537141433402e+65,2.0563130661910119e+65,2.471716829110267e+66,0.0049110292421399,0.0027363601360676,3.035243525873881e+49,1.449347168819991e+49,4.882871186101663e+49,-3.0053181490924985e+48,0.0515857520216956,1.8339640077834114e-16,3.4213379020649796e-16,1.6121282992831831e-15,3.5323012558991196e-16,1.5848822794847472e-15,0.0,0.0,7.812593520476715e+64,2.344211457695933e+66,True
RECOMBINATION_WEIGHTED_AUDITOR,1,2,13,5.85,2560,4.9879294133308807e+64,4.942426840242295e+64,4.550257308858604e+62,1.5056275418296084e+53,1.9101482973229724e+49,2.718589688893387e+48,6.322884358977123e+63,8.998949582328721e+62,1.3439534062358697e+48,1.5765592189096886e+48,1.2380896566208912e+49,5.162538337505957e+48,0.002003231192563203,0.000974684631231099,0.0,1.175661434965273e+48,-1.175661434965273e+48,1681,2560,1.740130939658866e+51,1.3604951432497218e+48,7.225997658863264e+49,6.900037929203607e-16,7.750606530806662e-16,0.8576765116769572,-4.478499052048893e+47,-8.112963841460668e+31,0.9908774625063911,14575.474764423529,1.1009449330740921,0.0008607571995279425,0.04571739590177242,7.026247120434368,0.15496336400562688,4.9879294133308807e+64,3.93898041803307e+65,4.734709100897064e+66,0.0020032311925632,0.0009746846312311,1.2380896566208894e+49,5.1625383375059624e+48,1.9101482973229724e+49,-1.1756614349652729e+48,0.0105348170437458,0.0,1.4678289983030336e-15,1.0057643196201893e-15,1.5154347107959344e-15,1.0011258246726102e-15,0.0,1.3801530951298595e-16,3.4401874766999817e+65,4.6848298067637555e+66,True
RECOMBINATION_WEIGHTED_AUDITOR,1,2,14,5.85,2560,1.3936271738984562e+64,1.380913757752455e+64,1.2713416146001046e+62,4.206722433673069e+52,5.33695317782672e+48,7.59573793285084e+47,1.7666135043005065e+63,2.51430596450655e+62,3.755004997420265e+47,4.404905496177531e+47,3.4551155640869324e+48,1.4465190781340612e+48,0.0005590382921686005,0.0002731020715133004,0.0,3.28479733232217e+47,-3.28479733232217e+47,1700,2560,4.8633411070042165e+50,3.8012226005490784e+47,2.0189433052128156e+49,5.326636919288242e-16,8.090881157468378e-16,0.8576765116769566,-1.2512923620236011e+47,-6.084722881095501e+31,0.9908774625063909,14575.474764423527,1.1012656483230925,0.0008607571995279424,0.04571739590177241,7.026247120434352,0.15496336400562719,1.393627173898456e+64,2.218371926878721e+65,2.666513827609249e+66,0.0005590382921686,0.0002731020715133,3.4551155640869285e+48,1.4465190781340592e+48,5.33695317782672e+48,-3.28479733232217e+47,0.005226401451471,2.097406917292777e-16,1.1270889704467033e-15,1.3460668105824353e-15,9.697029592371104e-16,1.389483273661093e-15,0.0,0.0,2.0790092094888753e+65,2.6525775558702644e+66,True
RECOMBINATION_WEIGHTED_AUDITOR,1,2,15,5.85,2560,1.1509054426952978e+64,1.1404062646427116e+64,1.0499178052586298e+62,3.474056645493849e+52,4.407440221324421e+48,6.272822668741984e+47,1.4589304337047978e+63,2.076400685455242e+62,3.1010127886570022e+47,3.637723061848407e+47,2.90877451496828e+48,1.139164627934078e+48,0.0004706402165106992,0.00021507370651810038,0.0,2.7126990623648953e+47,-2.7126990623648953e+47,1686,2560,4.015408976825197e+50,3.1391808812326408e+47,1.667313096344638e+49,7.957722424107131e-16,9.055761916004902e-16,0.8576765116769596,-1.0333604401724804e+47,-3.0423614405477506e+31,0.9908774625063913,14575.474764423527,1.1010172132847154,0.0008607571995279429,0.045717395901772394,7.026247120434435,0.15496336400562566,1.1509054426952978e+64,1.1040372313331806e+65,1.327068066393856e+66,0.0004706402165107,0.0002150737065181,2.908774514968285e+48,1.139164627934076e+48,4.407440221324421e+48,-2.7126990623648953e+47,0.0086725426663512,0.0,1.6734808008758545e-15,1.7092448924452008e-15,1.6125726066646042e-15,1.764375415820486e-15,0.0,0.0,9.889466870636508e+64,1.3155590119669029e+66,True
RECOMBINATION_WEIGHTED_AUDITOR,1,2,16,5.85,2560,1.1490153756860832e+63,1.1385334398406539e+63,1.0481935845429349e+61,3.468351398468157e+51,4.400202131166553e+47,6.26252116634135e+46,1.4565345146490791e+62,2.0729907298777497e+61,3.0959201704891114e+46,3.6317490347104933e+46,2.9457935353442456e+47,1.0954979057179065e+47,4.7662990037075445e-05,2.0682945141381638e-05,0.0,2.708244149899023e+46,-2.708244149899023e+46,1686,2560,4.0088100856109717e+49,3.1340255817619206e+46,1.664574962210829e+48,7.409227808446124e-16,7.999977435978786e-16,0.8576765116769588,-1.0316634106823545e+46,-2.535301200456459e+30,0.9908774625063912,14575.474764423529,1.1010159466503044,0.0008607571995279426,0.045717395901772435,7.026247120434423,0.15496336400562594,1.1490153756860832e+63,1.1077158381944484e+64,1.3314898028678254e+65,4.766299003707552e-05,2.0682945141381604e-05,2.9457935353442505e+47,1.0954979057179047e+47,4.4002021311665526e+47,-2.708244149899023e+46,0.0086295469421641,0.0,1.6524506033677422e-15,1.6662896887351055e-15,1.563873758242968e-15,1.6381283061271376e-15,1.8437707177124183e-16,0.0,9.9281430062584e+63,1.3199996491109647e+65,True
RECOMBINATION_WEIGHTED_AUDITOR,1,2,17,5.85,2560,3.0577644061373765e+61,3.029869835695765e+61,2.7894570441610823e+59,9.229990893620705e+49,1.1709835865735902e+46,1.6665846881018766e+45,3.8761355935251785e+60,5.516651388836328e+59,8.238875390080668e+44,9.664825349905031e+44,7.839340194681718e+45,2.915361078064529e+45,1.268406591002636e-06,5.504186993895982e-07,0.0,7.207190382237038e+44,-7.207190382237038e+44,1685,2560,1.0668164484937851e+48,8.34028166604251e+44,4.4297736814501204e+46,7.12208750766538e-16,8.017086829573653e-16,0.8576765116769576,-2.745466878034739e+44,-7.922816251426434e+28,0.990877462506391,14575.474764423525,1.1010059076956549,0.0008607571995279428,0.045717395901772366,7.026247120434417,0.15496336400576832,3.057764406137376e+61,2.875185972629694e+62,3.456013421406936e+63,1.2684065910026354e-06,5.504186993895988e-07,7.839340194681714e+45,2.915361078064532e+45,1.1709835865735902e+46,-7.207190382237038e+44,0.0088476635744445,1.8670472974847465e-16,4.851112091378106e-16,1.0870442513674886e-15,5.008446936077179e-16,9.61805245027149e-16,0.0,0.0,2.5694095320159564e+62,3.4254357773455625e+63,True
RECOMBINATION_WEIGHTED_AUDITOR,2,1,0,5.75,2560,8.816587585988256e+64,8.719370471509178e+64,9.721711447907784e+62,2.625729465094391e+53,2.4802293000457e+49,3.316559028331835e+48,8.51612745583412e+63,1.1387753301499524e+63,4.852165308481701e+47,6.467359789843315e+47,1.3369060157184788e+49,6.931529117548203e+48,0.004096159933813799,0.0020573329182088,1.125916734960408e+50,0.0,1.125916734960408e+50,1592,2560,1.692011274187527e+51,4.924680383880201e+47,2.4450069709713884e+49,5.915076632976923e-16,8.602695126582448e-16,0.8662801448127954,-6.046162906322202e+47,-8.112963841460668e+31,0.9889733852773628,14380.530572471065,0.6056290425919376,0.00017627125253008837,0.008751521065786354,7.478320991299248,0.16337254960671366,8.816587585988255e+64,1.961737854909865e+65,8.071090311095705e+66,0.0040961599338138,0.0020573329182088,1.3369060157184788e+49,6.931529117548202e+48,2.4802293000457006e+49,1.1259167349604078e+50,0.0109236636515734,1.3261381441079008e-16,0.0,1.8727097479074822e-16,2.1174996875203346e-16,0.0,2.0934745261009353e-16,1.844646836594861e-16,1.0800790963110395e+65,7.982924435235822e+66,True
RECOMBINATION_WEIGHTED_AUDITOR,2,1,1,5.75,2560,3.010836612900871e+64,2.977637277577604e+64,3.319933532326739e+62,8.96678259244295e+52,8.469904157516574e+48,1.1325943573926475e+48,2.9082304342901436e+63,3.8888815252430914e+62,1.6569990169259599e+47,2.2085827939835878e+47,5.273301605338606e+48,1.659285050860052e+48,0.0016156922401980027,0.0004924889873410004,3.844969831734077e+49,0.0,3.844969831734077e+49,1600,2560,5.783066329903571e+50,1.6817626844864172e+47,8.349621024235933e+48,8.2933101494838e-16,7.888006748302693e-16,0.866280144812797,-2.0647029235817805e+47,-8.112963841460668e+31,0.9889733852773631,14380.530572471062,0.6061428017401806,0.00017627125253008845,0.008751521065786349,7.478320991299297,0.16337254960671238,3.010836612900871e+64,3.757816415628604e+65,1.5460615997773026e+67,0.001615692240198,0.000492488987341,5.273301605338596e+48,1.6592850508600508e+48,8.469904157516574e+48,3.8449698317340767e+49,0.0019474234489327,0.0,1.8461975700188817e-15,7.823093530318255e-16,1.7447169568115601e-15,8.80589983007925e-16,0.0,1.35041289938889e-16,3.456732754338517e+65,1.5430507631644016e+67,True
RECOMBINATION_WEIGHTED_AUDITOR,2,1,2,5.75,2560,1.5009093161292938e+64,1.4843593673667196e+64,1.6549948762574263e+62,4.469962757539613e+52,4.222267658852005e+48,5.6460101990331915e+47,1.4497598885218987e+63,1.9386168234937017e+62,8.260180079732336e+46,1.1009838517072506e+47,2.6976891159612358e+48,7.582220592177613e+47,0.0008265477109658013,0.0002250463318103007,1.916726738328581e+49,0.0,1.916726738328581e+49,1601,2560,2.883106958696119e+50,8.383627560023232e+46,4.1623062266904006e+48,6.377927839505687e-16,7.077958481442355e-16,0.8662801448128001,-1.0292593891561432e+47,-4.056481920730334e+31,0.9889733852773631,14380.530572471063,0.6061920942325002,0.00017627125253008848,0.00875152106578635,7.478320991299334,0.16337254960671146,1.5009093161292938e+64,2.1163432051173286e+65,8.707176188207121e+66,0.0008265477109658,0.0002250463318103,2.6976891159612316e+48,7.582220592177588e+47,4.2222676588520055e+48,1.916726738328581e+49,0.0017237612788427,0.0,1.563835199763681e-15,3.2099951760163548e-15,1.5740683686152468e-15,3.1314947746387627e-15,1.5371766068788744e-16,0.0,1.9662522735043993e+65,8.692167095045829e+66,True
RECOMBINATION_WEIGHTED_AUDITOR,2,1,3,5.75,2560,7.529438199140554e+63,7.446413985040726e+63,8.302421409982845e+61,2.2423945253501998e+52,2.118136189569592e+48,2.83236864536029e+47,7.272842780648184e+62,9.725234834276014e+61,4.143789018813636e+46,5.523178369669975e+46,1.3776170537111218e+48,3.5606994093925336e+47,0.00042208948970260074,0.00010568438770949995,9.615421375425779e+48,0.0,9.615421375425779e+48,1600,2560,1.4462976732778746e+50,4.205717488688618e+46,2.0880560312987995e+48,5.858621923710222e-16,7.923823420235936e-16,0.8662801448127978,-5.163366552699007e+46,-1.0141204801825835e+31,0.988973385277363,14380.530572471062,0.6061764801979995,0.00017627125253008848,0.00875152106578635,7.478320991299336,0.1633725496067115,7.529438199140554e+63,1.0532596740962403e+65,4.3333791665332214e+66,0.0004220894897026,0.0001056843877095,1.3776170537111193e+48,3.560699409392536e+47,2.1181361895695925e+48,9.615421375425779e+48,0.0017375442835214,0.0,1.7667385474661617e-15,6.835424372015238e-16,1.798058324727759e-15,5.129433949438708e-16,1.5320948447812944e-16,0.0,9.779652921048348e+64,4.3258497283340805e+66,True
RECOMBINATION_WEIGHTED_AUDITOR,2,1,4,5.75,2560,7.524689213602057e+62,7.441717364736085e+62,8.297184886597174e+60,2.240980196831811e+51,2.11680023357038e+47,2.83058220693277e+46,7.268255635594915e+61,9.719100910553527e+60,4.1411754381447384e+45,5.519694777201258e+45,1.4160554027477898e+47,3.1653811663283136e+46,4.3386665454407054e-05,9.395102814584927e-06,9.609356713514658e+47,0.0,9.609356713514658e+47,1600,2560,1.4453391047437803e+49,4.20306484834487e+45,2.0867390475300337e+47,7.796374085704252e-16,8.051040028366647e-16,0.8662801448127992,-5.1601099016128525e+45,-1.2676506002282294e+30,0.988973385277363,14380.530572471065,0.6061570390098304,0.00017627125253008845,0.008751521065786359,7.478320991299359,0.16337254960671127,7.524689213602057e+62,1.0567690922153503e+64,4.347817808530082e+65,4.338666545440709e-05,9.395102814584902e-06,1.4160554027477912e+47,3.165381166328305e+46,2.1168002335703804e+47,9.609356713514658e+47,0.0017306818144125,0.0,1.0026222628723566e-15,2.7232183514729015e-15,7.809154618203195e-16,2.7047057301151695e-15,1.9163272265367794e-16,0.0,9.815222000793297e+63,4.34029311931648e+65,True
RECOMBINATION_WEIGHTED_AUDITOR,2,1,5,5.75,2560,1.9131960672094025e+61,1.8920999912874199e+61,2.1096075921982485e+59,5.697822697477739e+49,5.382087906852087e+45,7.196920155090848e+44,1.847996336161794e+60,2.4711380245804613e+59,1.0529179793314035e+44,1.4034145517729153e+44,3.612254849008812e+45,7.929651052711593e+44,1.1067624357485592e-06,2.3535834393815898e-07,2.4432349231746996e+46,0.0,2.4432349231746996e+46,1600,2560,3.6749006765222006e+47,1.0686537224080432e+44,5.3056555901471204e+45,6.02540934530056e-16,8.545341982308116e-16,0.866280144812797,-1.3119880024132253e+44,-3.961408125713217e+28,0.9889733852773629,14380.530572471058,0.6061639346696597,0.00017627125253008843,0.008751521065786347,7.478320991299295,0.1633725496067126,1.9131960672094022e+61,2.7429486565785303e+62,1.1285190970106014e+64,1.106762435748558e-06,2.3535834393815893e-07,3.612254849008809e+45,7.92965105271159e+44,5.382087906852087e+45,2.4432349231746996e+46,0.0016953156329187,1.4920035820351133e-16,8.773263883748868e-16,3.99655228143598e-16,9.566562343180374e-16,2.2493172885896824e-16,0.0,0.0,2.5516290498575902e+62,1.126605900943392e+64,True
RECOMBINATION_WEIGHTED_AUDITOR,2,1,6,5.75,2560,2.955678971582186e+65,2.9230878383187494e+65,3.259113326343649e+63,8.80251377230924e+53,8.314738004188236e+49,1.2464256433540777e+49,2.854952507989084e+64,4.2797331854872385e+63,2.972444097372318e+48,3.9619147763370324e+48,4.424886296614141e+49,2.380697410784551e+49,0.013557454111785218,0.007066099079208618,3.774531115149047e+50,0.0,3.774531115149047e+50,1587,2560,5.5949895693305676e+51,3.016866946581924e+48,1.4978151148712968e+50,7.123884368406145e-16,7.9850503260863e-16,0.8500944175599778,-1.960868231815858e+48,-3.2451855365842673e+32,0.9889733852773631,14380.530572471062,0.5973735460809897,0.0003221090019207671,0.01599207854558034,6.67086564571444,0.18314750019150094,2.9556789715821854e+65,7.989752541206482e+65,1.7988841331707608e+67,0.0135574541117852,0.0070660990792086,4.4248862966141355e+49,2.380697410784545e+49,8.314738004188236e+49,3.774531115149047e+50,0.0164306245026044,1.5823116395334973e-16,1.2907736293153313e-15,2.6171978858029117e-15,1.4074883144289842e-15,2.5777442820397667e-15,0.0,0.0,5.034073569624297e+65,1.769327343454939e+67,True
RECOMBINATION_WEIGHTED_AUDITOR,2,1,7,5.75,2560,2.620129668831681e+65,2.5912385084501234e+65,2.8891160381557385e+63,7.80319098145521e+53,7.370790922423474e+49,1.1049227062695702e+49,2.5308383762947582e+64,3.7938680086004324e+63,2.6349915005484407e+48,3.512130563119489e+48,4.2495520141766346e+49,1.7834143387042216e+49,0.01302024562121042,0.005293315462720812,3.346020002786813e+50,0.0,3.346020002786813e+50,1590,2560,4.9613912816817284e+51,2.6743711579155664e+48,1.3277726906850217e+50,6.444641177377232e-16,8.7389150597638e-16,0.8500944175599775,-1.7382567864262952e+48,-6.490371073168535e+32,0.9889733852773629,14380.530572471062,0.5975643242901557,0.0003221090019207671,0.015992078545580338,6.6708656457144135,0.18314750019150175,2.6201296688316806e+65,1.530480904011282e+66,3.4458611829935337e+67,0.0130202456212104,0.0052933154627208,4.2495520141766284e+49,1.7834143387042174e+49,7.370790922423473e+49,3.3460200027868126e+50,0.0076037005836534,1.7849518270385e-16,1.4662148408716498e-15,2.3291488672486076e-15,1.465560542472388e-15,2.29403753042068e-15,1.4088845859780893e-16,1.2414263762225685e-16,1.2684679371281138e+66,3.419659886305217e+67,True
RECOMBINATION_WEIGHTED_AUDITOR,2,1,8,5.75,2560,1.1971163922154285e+65,1.183916250980316e+65,1.320014123511263e+63,3.565215854241648e+53,3.3676557087192996e+49,5.048303904730532e+48,1.1563199113199937e+64,1.733388097934256e+63,1.203906644842282e+48,1.604664501427465e+48,2.0234594327486127e+49,7.329548778218102e+48,0.006199697928405396,0.002175468316055903,1.5287699084766665e+50,0.0,1.5287699084766665e+50,1593,2560,2.2670856125125888e+51,1.2218988968727069e+48,6.06648774701209e+49,8.003934292976971e-16,9.006383534163504e-16,0.8500944175599761,-7.941956910241462e+47,-1.6225927682921336e+32,0.9889733852773631,14380.530572471058,0.5976342934626905,0.0003221090019207672,0.01599207854558032,6.6708656457144455,0.1831475001915012,1.1971163922154283e+65,8.619428155923589e+65,1.9406549159975474e+67,0.0061996979284054,0.0021754683160559,2.0234594327486143e+49,7.329548778218092e+48,3.3676557087192996e+49,1.5287699084766663e+50,0.0061686206153765,1.9533627932384327e-16,7.69814819289223e-16,1.4168121437339379e-15,6.995193540110867e-16,1.3954540549058505e-15,0.0,1.3585554843131784e-16,7.4223117637081605e+65,1.928683752075393e+67,True
RECOMBINATION_WEIGHTED_AUDITOR,2,1,9,5.75,2560,5.656322827521145e+64,5.593952734955212e+64,6.237009256593205e+62,1.6845489672117307e+53,1.5912026586829138e+49,2.3853016132998424e+48,5.463561231679718e+63,8.190183286317082e+62,5.688406475516999e+47,7.58196989779725e+47,9.754058958829148e+48,3.269878636856017e+48,0.002988556041296708,0.0009705259610207074,7.22337125076127e+49,0.0,7.22337125076127e+49,1594,2560,1.0712174805051362e+51,5.7734190829292715e+47,2.8663890453290846e+49,7.86930857034211e-16,8.073513939191335e-16,0.8500944175599765,-3.752540058653211e+47,-8.112963841460668e+31,0.9889733852773629,14380.530572471058,0.5976506962846705,0.0003221090019207672,0.01599207854558032,6.670865645714436,0.18314750019150072,5.656322827521144e+64,4.289708809257497e+65,9.658232934121512e+66,0.0029885560412967,0.0009705259610207,9.754058958829122e+48,3.2698786368559926e+48,1.5912026586829135e+49,7.223371250761269e+49,0.0058564779562708,2.0670696237066067e-16,2.661608300939621e-15,7.542607178153333e-15,2.757163123939479e-15,7.596473529824647e-15,1.631563657275638e-16,1.4376380995196978e-16,3.7240765265053826e+65,9.6016697058463e+66,True
RECOMBINATION_WEIGHTED_AUDITOR,2,1,10,5.75,2560,5.2823621180897914e+63,5.224115546188162e+63,5.824657190162965e+61,1.57317711909421e+52,1.4860022850064178e+48,2.227600380411037e+47,5.10234471407229e+62,7.64869956172819e+61,5.312324595825116e+46,7.080697440703577e+46,9.385020628313416e+47,2.7778556221504062e+47,0.00028754860120100407,8.244896207697009e-05,6.745807094720245e+48,0.0,6.745807094720245e+48,1600,2560,1.0004307627214213e+50,5.391716701022802e+46,2.6768813185632e+48,5.764179119898204e-16,8.544427329677443e-16,0.8500944175599757,-3.504445565942195e+46,-1.0141204801825835e+31,0.9889733852773629,14380.530572471063,0.5976718962439156,0.0003221090019207671,0.015992078545580334,6.670865645714338,0.18314750019150192,5.2823621180897914e+63,4.3040019434115865e+64,9.690413770900208e+65,0.000287548601201,8.244896207696972e-05,9.385020628313285e+47,2.777855622150394e+47,1.4860022850064178e+48,6.745807094720245e+48,0.0054511213277109,0.0,1.4004232855403125e-14,4.380877704785224e-15,1.413937723862746e-14,4.438118127821371e-15,0.0,0.0,3.7757657316026076e+64,9.63759014971931e+65,True
RECOMBINATION_WEIGHTED_AUDITOR,2,1,11,5.75,2560,1.341755093802489e+62,1.3269600773309929e+62,1.4795016471496067e+60,3.995974463336291e+50,3.774544589590755e+46,5.658253051484738e+45,1.2960294764718597e+61,1.9428205352996392e+60,1.349365762330237e+45,1.7985442206249012e+45,2.398469264317002e+46,6.909821590266053e+45,7.3486943640533325e-06,2.050889951629128e-06,1.713479846478787e+47,0.0,1.713479846478787e+47,1600,2560,2.541189825939656e+48,1.3695318848290901e+45,6.79945650145191e+46,7.679747800926974e-16,8.421394715807558e-16,0.8500944175599732,-8.901524704173124e+44,-1.5845632502852868e+29,0.9889733852773627,14380.530572471058,0.5976787598682156,0.00032210900192076704,0.01599207854558031,6.670865645714284,0.18314750019150663,1.3417550938024888e+62,1.1171462560324096e+63,2.5152426987486685e+64,7.348694364053397e-06,2.050889951629121e-06,2.398469264317023e+46,6.909821590266029e+45,3.7745445895907557e+46,1.713479846478787e+47,0.0053344955318626,1.701947187588385e-16,8.667807485814449e-15,3.485670518362687e-15,8.75999202065319e-15,3.5105638144759523e-15,1.3433679959421763e-16,0.0,9.829707466521606e+62,2.5018251478106437e+64,True
RECOMBINATION_WEIGHTED_AUDITOR,2,1,12,5.75,2560,1.6293496817407584e+65,1.6113834705517517e+65,1.796621118900668e+63,4.852479972056363e+53,4.5835883569012255e+49,9.525030535062769e+48,1.573823140131797e+64,3.27051914336355e+63,4.292567348845841e+48,5.721482204777209e+48,2.3494170912541445e+49,1.4022337999027925e+49,0.007198402912295103,0.004161941335947897,2.0807506939417565e+50,0.0,2.0807506939417565e+50,1545,2560,2.9852164730525353e+51,4.3567192944546434e+48,2.163025458540353e+50,6.091616913806262e-16,8.214015260965264e-16,0.7921927146725297,-9.740479778604169e+47,-1.6225927682921336e+32,0.9889733852773629,14380.53057247106,0.5781832373106979,0.000843818895031749,0.041893948840684585,4.812150827263484,0.25388904275486657,1.6293496817407582e+65,2.0912378197879003e+65,1.797326192039469e+66,0.0071984029122951,0.0041619413359479,2.349417091254144e+49,1.4022337999027938e+49,4.583588356901225e+49,2.080750693941756e+50,0.0906540887768344,1.4351754236273893e-16,2.2100362161590996e-16,9.257188171642221e-16,3.6148090703852736e-16,8.336126513814574e-16,1.1328017383404658e-16,1.9963167615044104e-16,4.6188813804714185e+64,1.634391223865393e+66,True
RECOMBINATION_WEIGHTED_AUDITOR,2,1,13,5.75,2560,1.0508213220801299e+65,1.0392343202192204e+65,1.1587001860909587e+63,3.129524298403443e+53,2.956107231643589e+49,6.143006189447753e+48,1.0150104249363516e+64,2.109265609851114e+63,2.768418189895885e+48,3.6899724853774246e+48,1.576226803095123e+49,8.433365316561759e+48,0.00482941732741921,0.0025030898352743,1.3419447155082285e+50,0.0,1.3419447155082285e+50,1547,2560,1.925839380554903e+51,2.8097918944199083e+48,1.3950064234265447e+50,7.947076549916877e-16,7.699019456318068e-16,0.7921927146725307,-6.281956508999487e+47,-1.2169445762191002e+32,0.9889733852773631,14380.530572471063,0.5783558780049673,0.000843818895031749,0.04189394884068461,4.812150827263514,0.2538890427548646,1.0508213220801299e+65,4.0058806983379535e+65,3.442876861340617e+66,0.0048294173274192,0.0025030898352743,1.57622680309512e+49,8.433365316561758e+48,2.956107231643589e+49,1.3419447155082283e+50,0.0305216063310191,0.0,1.9764783272327643e-15,1.5392125988951292e-16,1.975596323743477e-15,0.0,0.0,1.547693224178277e-16,2.9550593762578235e+65,3.3377947291326036e+66,True
RECOMBINATION_WEIGHTED_AUDITOR,2,1,14,5.75,2560,1.9994317239676018e+64,1.9773847606831935e+64,2.2046963284408533e+62,5.954647123802984e+52,5.6246808607748556e+48,1.168849660511035e+48,1.9312931714768e+63,4.0133679113608586e+62,5.267558849233845e+47,7.021030019857748e+47,2.973042526381838e+48,1.6307389043890263e+48,0.0009109135223350021,0.00048401626424819996,2.5533616225891817e+49,0.0,2.5533616225891817e+49,1568,2560,3.6670136131517424e+50,5.3462819352858485e+47,2.6543238508105987e+49,6.80113698147965e-16,8.885119237882098e-16,0.7921927146725286,-1.1952881873214002e+47,-4.056481920730334e+31,0.9889733852773631,14380.530572471062,0.5787751960280118,0.000843818895031749,0.04189394884068461,4.8121508272635145,0.25388904275486446,1.9994317239676018e+64,2.256049114368468e+65,1.93897419289842e+66,0.000910913522335,0.0004840162642482,2.9730425263818306e+48,1.6307389043890266e+48,5.6246808607748556e+48,2.5533616225891817e+49,0.010311801628359,0.0,2.401381116190751e-15,1.9900092699389607e-16,2.3804722312306895e-15,1.1200059301411548e-16,0.0,0.0,2.0561059419717076e+65,1.918979875658744e+66,True
RECOMBINATION_WEIGHTED_AUDITOR,2,1,15,5.75,2560,2.4345103168868817e+64,2.4076659095842852e+64,2.6844407302596423e+62,7.250385038181011e+52,6.848617745036066e+48,1.4231926618415264e+48,2.351544738703786e+63,4.886681284761431e+62,6.413785581945872e+47,8.54881405232379e+47,3.7562453161887185e+48,1.849324134146521e+48,0.001150879821382101,0.0005488940972613004,3.10897598473691e+49,0.0,3.10897598473691e+49,1547,2560,4.462106682012345e+50,6.509638900102928e+47,3.231907707423189e+49,7.300612690314449e-16,7.98788132428155e-16,0.7921927146725317,-1.455384241834765e+47,-2.028240960365167e+31,0.988973385277363,14380.530572471067,0.5784053443993501,0.000843818895031749,0.04189394884068466,4.812150827263515,0.25388904275486457,2.4345103168868817e+64,1.122788378179475e+65,9.64986832738211e+65,0.0011508798213821,0.0005488940972613,3.7562453161887146e+48,1.8493241341465198e+48,6.848617745036066e+48,3.10897598473691e+49,0.0252284304230225,0.0,1.0367327786387502e-15,7.019181714366039e-16,9.420637605614434e-16,7.900993491422964e-16,0.0,0.0,8.793373464907869e+64,9.40641729569342e+65,True
RECOMBINATION_WEIGHTED_AUDITOR,2,1,16,5.75,2560,2.425779770443422e+63,2.3990316315127757e+63,2.6748138930646144e+61,7.224383988659991e+51,6.824057497793822e+47,1.4180888635351392e+47,2.34311172019788e+62,4.869156857933128e+61,6.390784712936137e+46,8.518156627049095e+46,3.790383971600181e+47,1.7950830030590495e+47,0.00011613395987219999,5.3279489856876236e-05,3.097826695683555e+48,0.0,3.097826695683555e+48,1547,2560,4.446114733175577e+49,6.486294285642567e+46,3.22031756539548e+48,5.862977920810761e-16,7.66432359875821e-16,0.7921927146725304,-1.4501649993331963e+46,-1.2676506002282294e+30,0.9889733852773631,14380.530572471063,0.578406630367825,0.0008438188950317492,0.04189394884068461,4.812150827263531,0.2538890427548642,2.425779770443422e+63,1.1265294630944609e+64,9.682021293633596e+64,0.0001161339598722,5.3279489856876345e-05,3.7903839716001815e+47,1.7950830030590535e+47,6.824057497793822e+47,3.097826695683555e+48,0.0250544767138499,0.0,2.1404068564683246e-16,2.2597740125763346e-15,1.1669736544747746e-16,2.0349334713939183e-15,0.0,0.0,8.839514860501187e+63,9.439443316589254e+64,True
RECOMBINATION_WEIGHTED_AUDITOR,2,1,17,5.75,2560,6.411341358311673e+61,6.340645967298262e+61,7.069539101341149e+59,1.9094063038687853e+50,1.8035999228035786e+46,3.7480120377465975e+45,6.192849516633338e+60,1.2869192464931555e+60,1.6890858288682836e+45,2.2513507015352167e+45,1.004007979909687e+46,4.722321906288337e+45,3.0761902573422886e-06,1.4016226641232216e-06,8.187562884701419e+46,0.0,8.187562884701419e+46,1547,2560,1.175098421223031e+48,1.7143290302944165e+45,8.511306527279467e+46,6.854197157171745e-16,8.442330669286906e-16,0.7921927146725316,-3.832789336396098e+44,-7.922816251426434e+28,0.9889733852773629,14380.530572471062,0.5784013650983205,0.0008438188950317489,0.04189394884068459,4.812150827263484,0.2538890427551062,6.411341358311672e+61,2.924018596071282e+62,2.5130643483018166e+63,3.076190257342293e-06,1.40162266412322e-06,1.0040079799096882e+46,4.722321906288331e+45,1.8035999228035783e+46,8.187562884701419e+46,0.0255120461306296,1.7809036991682542e-16,1.2625901642158822e-15,1.2079709545914063e-15,1.3767564363624625e-15,1.2086461912117522e-15,1.4056893485088966e-16,0.0,2.282884460240115e+62,2.4489509347187e+63,True
RECOMBINATION_WEIGHTED_AUDITOR,2,2,0,5.75,2560,8.398911713971504e+64,8.293395700408498e+64,1.055160135630062e+63,2.4862961283177778e+53,2.402531952341493e+49,3.535770252915518e+48,8.24934546272683e+63,1.2140438034427129e+63,4.627313649911398e+47,6.749632675292257e+47,1.3144273316683606e+49,7.257114524376694e+48,0.004027287265213091,0.0021539692539721015,0.0,1.249760902118561e+49,-1.249760902118561e+49,1603,2560,1.511386385161377e+51,4.706167375954288e+47,2.243813239707136e+49,7.82974188603195e-16,8.392427344897312e-16,0.8528314993076618,-6.124363733215464e+47,-8.112963841460668e+31,0.9874369421710337,14294.049963317244,0.56787984696907,0.00017682689453249193,0.00843077807040063,6.794932307494862,0.1733102806760698,8.398911713971504e+64,1.961737854909865e+65,8.062818293320634e+66,0.0040272872652131,0.0021539692539721,1.3144273316683634e+49,7.257114524376689e+48,2.402531952341493e+49,-1.249760902118561e+49,0.0104168436003689,0.0,2.172629253356608e-15,7.154767698778722e-16,2.153712116541823e-15,8.053612988104775e-16,0.0,0.0,1.1218466835127146e+65,7.97882917618092e+66,True
RECOMBINATION_WEIGHTED_AUDITOR,2,2,1,5.75,2560,2.8496149089245576e+64,2.8138150320334543e+64,3.5799876891103156e+62,8.43560065462998e+52,8.151402352725301e+48,1.1996296627906279e+48,2.798869498812698e+63,4.119054277737971e+62,1.5699726838564996e+47,2.2900412048958208e+47,5.1846365239539e+48,1.73722441880716e+48,0.0015885260557672017,0.0005156220110334999,0.0,4.240236617017663e+48,-4.240236617017663e+48,1623,2560,5.1311271934012165e+50,1.5967264778012887e+47,7.612895430339386e+48,6.110938559801331e-16,7.504826012339973e-16,0.8528314993076616,-2.0778975653258145e+47,-2.028240960365167e+31,0.9874369421710338,14294.04996331724,0.5682383925327966,0.00017682689453249196,0.00843077807040062,6.794932307494943,0.17331028067606744,2.849614908924557e+64,3.757816415628604e+65,1.544477049420193e+67,0.0015885260557672,0.0005156220110335,5.184636523953895e+48,1.7372244188071604e+48,8.151402352725301e+48,-4.240236617017663e+48,0.0018450354506687,2.0515075672206844e-16,1.001477506580362e-15,1.8680289670418784e-16,1.09203337879088e-15,2.1027073113352092e-16,0.0,0.0,3.472854924736148e+65,1.5416274345112684e+67,True
RECOMBINATION_WEIGHTED_AUDITOR,2,2,2,5.75,2560,1.4187296964546933e+64,1.4009061132344614e+64,1.7823583220231817e+62,4.1998085841966817e+52,4.0583155812890245e+48,5.9725621943468426e+47,1.393465222978297e+63,2.050741876326388e+62,7.816378494631397e+46,1.1401363227414961e+47,2.6523302795208624e+48,7.938370055636916e+47,0.0008126501709528019,0.00023561713087280023,0.0,2.1110745840489324e+48,-2.1110745840489324e+48,1632,2560,2.5547739617951544e+50,7.949576850112443e+46,3.7902106664310207e+48,6.068710693477478e-16,7.711224037156742e-16,0.8528314993076627,-1.0345169703057187e+47,-2.028240960365167e+31,0.9874369421710338,14294.049963317237,0.5682726947791172,0.000176826894532492,0.008430778070400621,6.794932307494942,0.17331028067606713,1.418729696454693e+64,2.1163432051173286e+65,8.698252249380606e+66,0.0008126501709528,0.0002356171308728,2.6523302795208562e+48,7.938370055636909e+47,4.0583155812890245e+48,-2.111074584048932e+48,0.0016310514523831,2.06029610993989e-16,2.3246925796224577e-15,8.175949253663e-16,2.2680653485427075e-15,1.0353469966533733e-15,0.0,1.5372197463341954e-16,1.9744702354718592e+65,8.684064952416059e+66,True
RECOMBINATION_WEIGHTED_AUDITOR,2,2,3,5.75,2560,7.110796532121116e+63,7.021463184078068e+63,8.93333480430492e+61,2.1049805604764802e+52,2.0340630377863288e+48,2.993500075847289e+47,6.984168795469972e+62,1.0278496502115707e+62,3.917636829077678e+46,5.714462332151844e+46,1.3544538559033972e+48,3.727951360028658e+47,0.0004149924939764007,0.0001106485584984,0.0,1.0580889276383424e+48,-1.0580889276383424e+48,1632,2560,1.2804511833171063e+50,3.9843970023936877e+46,1.89968652451668e+48,5.510935735729009e-16,9.270352346527776e-16,0.8528314993076618,-5.185088958984283e+46,-1.0141204801825835e+31,0.987436942171034,14294.049963317244,0.568262164162844,0.000176826894532492,0.008430778070400633,6.794932307494937,0.1733102806760674,7.110796532121116e+63,1.0532596740962403e+65,4.3289379091429536e+66,0.0004149924939764,0.0001106485584984,1.3544538559033949e+48,3.727951360028658e+47,2.0340630377863288e+48,-1.0580889276383424e+48,0.0016426192016066,0.0,1.6771556046062932e-15,0.0,1.698178695626369e-15,0.0,0.0,0.0,9.821517087750291e+64,4.321827112610832e+66,True
RECOMBINATION_WEIGHTED_AUDITOR,2,2,4,5.75,2560,7.09598971706553e+62,7.006842387896287e+62,8.914732916924427e+60,2.1005973584380328e+51,2.0298275073396552e+47,2.987266709192585e+46,6.969625657411618e+61,1.0257093583881725e+61,3.9094791320150375e+45,5.702563104475783e+45,1.3922459040832837e+47,3.3140643641233105e+46,4.265716380412587e-05,9.836406359619175e-06,0.0,1.0558856685529314e+47,-1.0558856685529314e+47,1632,2560,1.2777554391365597e+49,3.976100290589886e+45,1.8957308063485322e+47,6.954092426878249e-16,8.791312482748376e-16,0.8528314993076624,-5.174292045738894e+45,-1.2676506002282294e+30,0.9874369421710338,14294.049963317244,0.5682490625531936,0.00017682689453249193,0.00843077807040063,6.794932307494861,0.17331028067606916,7.09598971706553e+62,1.0567690922153503e+64,4.343361753051992e+65,4.2657163804125735e-05,9.83640635961916e-06,1.3922459040832794e+47,3.314064364123306e+46,2.0298275073396552e+47,-1.0558856685529314e+47,0.0016337551695019,0.0,3.0593058340303515e-15,1.377022791175888e-15,3.1770811623340936e-15,1.5500165907305695e-15,0.0,0.0,9.85809195044695e+63,4.336265763334926e+65,True
RECOMBINATION_WEIGHTED_AUDITOR,2,2,5,5.75,2560,1.8038855087702627e+61,1.781223190806748e+61,2.2662317963514805e+59,5.339969878387109e+49,5.16006444736996e+45,7.593989481953078e+44,1.7717622525187945e+60,2.6074759428648197e+59,9.938363828404835e+43,1.4496597877351077e+44,3.5515185410674274e+45,8.302119900525958e+44,1.0881533766081083e-06,2.46413515295311e-07,0.0,2.6841877347146162e+45,-2.6841877347146162e+45,1632,2560,3.2482345627943973e+47,1.0107722786524002e+44,4.819174585156607e+45,5.821829948614813e-16,7.80453092027919e-16,0.8528314993076619,-1.3153669624134743e+44,-1.9807040628566084e+28,0.9874369421710338,14294.049963317242,0.5682538417236955,0.00017682689453249196,0.00843077807040063,6.794932307494922,0.17331028067606802,1.8038855087702624e+61,2.7429486565785303e+62,1.127362483756362e+64,1.0881533766081077e-06,2.464135152953114e-07,3.551518541067425e+45,8.30211990052597e+44,5.16006444736996e+45,-2.684187734714616e+45,0.0016000936120915,1.5824149434837881e-16,7.138639911744515e-16,1.5268998947460624e-15,5.838098967453882e-16,1.7187225835384549e-15,0.0,1.1806649958139072e-16,2.562560105701504e+62,1.1255585982475918e+64,True
RECOMBINATION_WEIGHTED_AUDITOR,2,2,6,5.75,2560,2.8171529380903527e+65,2.7817608828160813e+65,3.53920552742713e+63,8.339504785127758e+53,8.058543986283112e+49,1.3143755995187046e+49,2.7669856046926e+64,4.513046487328178e+63,2.8362056519909552e+48,4.137032367126077e+48,4.3504864361528753e+49,2.4925227125153706e+49,0.013329499622898406,0.007398005460092209,0.0,4.1919330946853403e+49,-4.1919330946853403e+49,1589,2560,5.0061938426251214e+51,2.8845372327749078e+48,1.375293804125713e+50,6.306790375538908e-16,7.49927340618171e-16,0.8368966401677628,-1.975396860192976e+48,-3.2451855365842673e+32,0.9874369421710337,14294.049963317239,0.5607912182258655,0.00032312435347838365,0.015405969326783361,6.1310815487094965,0.1920756747452986,2.8171529380903522e+65,7.989752541206482e+65,1.797040466336254e+67,0.0133294996228984,0.0073980054600922,4.350486436152873e+49,2.4925227125153675e+49,8.058543986283111e+49,-4.19193309468534e+49,0.0156766249334043,1.66011762308834e-16,4.773991998123652e-16,1.2498895594724435e-15,5.205667204481614e-16,1.2896691100513894e-15,1.2886439206320447e-16,1.238640202802325e-16,5.17259960311613e+65,1.7688689369553505e+67,True
RECOMBINATION_WEIGHTED_AUDITOR,2,2,7,5.75,2560,2.488742974148515e+65,2.4574767522428546e+65,3.1266221905660637e+63,7.367325948563385e+53,7.119118190765984e+49,1.1611520959567633e+49,2.4444239040556943e+64,3.986937516057295e+63,2.5055746154901928e+48,3.6547572899926186e+48,4.178100217297801e+49,1.867184264959128e+49,0.012801323734306622,0.005541951259985004,0.0,3.7032579582174546e+49,-3.7032579582174546e+49,1600,2560,4.4236463571754515e+51,2.5482719360648748e+48,1.2149687530731008e+50,6.603433508708609e-16,8.561989327282663e-16,0.8368966401677667,-1.7451147186538157e+48,-3.2451855365842673e+32,0.9874369421710341,14294.049963317242,0.5609243852469815,0.00032312435347838376,0.015405969326783389,6.131081548709594,0.19207567474529538,2.4887429741485147e+65,1.530480904011282e+66,3.442329538090868e+67,0.0128013237343066,0.005541951259985,4.178100217297794e+49,1.8671842649591266e+49,7.119118190765984e+49,-3.7032579582174546e+49,0.0072298219755241,1.8791837035959833e-16,1.7398375395241586e-15,6.95204131158486e-16,1.7616463465619854e-15,6.260334653255327e-16,0.0,0.0,1.2816066065964304e+66,3.4174421083493825e+67,True
RECOMBINATION_WEIGHTED_AUDITOR,2,2,8,5.75,2560,1.1349369165927972e+65,1.1206786384774135e+65,1.4258278115383733e+63,3.3597082070949387e+53,3.2465184762809823e+49,5.2951807123888056e+48,1.11472617193982e+64,1.8181558393631864e+63,1.14261261927642e+48,1.666672297093444e+48,1.9894370671206617e+49,7.67382982794837e+48,0.006095456456454299,0.0022776536671832042,0.0,1.6887899683112256e+49,-1.6887899683112256e+49,1600,2560,2.017483043100679e+51,1.1620838004563019e+48,5.540599831692762e+49,5.621705267772878e-16,7.514753726891382e-16,0.8368966401677672,-7.958214803468369e+47,-1.6225927682921336e+32,0.987436942171034,14294.049963317242,0.5609732307597232,0.0003231243534783837,0.015405969326783389,6.131081548709574,0.19207567474529622,1.134936916592797e+65,8.619428155923589e+65,1.93866594903749e+67,0.0060954564564543,0.0022776536671832,1.9894370671206622e+49,7.673829827948354e+48,3.246518476280983e+49,-1.6887899683112256e+49,0.0058542159733927,2.0603811414907367e-16,2.609932701238801e-16,2.0298717752213994e-15,1.4229643738492786e-16,1.9040685387894772e-15,1.5993430798160163e-16,0.0,7.484491239330792e+65,1.927316579871562e+67,True
RECOMBINATION_WEIGHTED_AUDITOR,2,2,9,5.75,2560,5.357451523157686e+64,5.290145549856372e+64,6.730597330131316e+62,1.5859448739673137e+53,1.5325138429655607e+49,2.4995815677710714e+48,5.262047026976253e+63,8.582575496950984e+62,5.393684554643816e+47,7.867499863758326e+47,9.590054603276961e+48,3.4234702539733966e+48,0.002938306580056702,0.0010161131733800023,0.0,7.971905976223149e+48,-7.971905976223149e+48,1600,2560,9.523692517109038e+50,5.48559795330478e+47,2.615431269662335e+49,5.661380151165927e-16,7.467239249006417e-16,0.8368966401677645,-3.756662541954745e+47,-1.2169445762191002e+32,0.9874369421710336,14294.04996331724,0.5609847847970425,0.00032312435347838365,0.015405969326783361,6.131081548709511,0.1920756747452981,5.357451523157685e+64,4.289708809257497e+65,9.648334262265868e+66,0.0029383065800567,0.00101611317338,9.590054603276956e+48,3.423470253973388e+48,1.5325138429655607e+49,-7.971905976223149e+48,0.0055527217212098,2.182383367933107e-16,5.414251610997709e-16,2.4645993010531534e-15,5.903820546674647e-16,2.347420387764311e-15,0.0,0.0,3.7539636569417285e+65,9.594759747034291e+66,True
RECOMBINATION_WEIGHTED_AUDITOR,2,2,10,5.75,2560,4.996006926450717e+63,4.933241802519802e+63,6.276512393091532e+61,1.4789478805474394e+52,1.4291216152385889e+48,2.330945370542951e+47,4.907038968145042e+62,8.003545425321965e+61,5.029795468538043e+46,7.336712920926077e+46,9.227221268427629e+47,2.9083361030819325e+47,0.00028271377057010043,8.63217264274012e-05,0.0,7.434075194533958e+47,-7.434075194533958e+47,1600,2560,8.881406296044295e+49,5.11550785890852e+46,2.438979182995447e+48,6.607634380529859e-16,8.039558559170726e-16,0.8368966401677662,-3.503216407804615e+46,-5.070602400912918e+30,0.987436942171034,14294.049963317242,0.5609997573145122,0.00032312435347838376,0.015405969326783392,6.131081548709575,0.1920756747452961,4.996006926450717e+63,4.3040019434115865e+64,9.68048211707514e+65,0.0002827137705701,8.632172642740109e-05,9.227221268427616e+47,2.9083361030819293e+47,1.4291216152385889e+48,-7.434075194533958e+47,0.005160907138745,0.0,1.4067877824446124e-15,1.1158220444828846e-15,1.5339927309507133e-15,1.2560014927381538e-15,0.0,0.0,3.8044012507665146e+64,9.630522047810633e+65,True
RECOMBINATION_WEIGHTED_AUDITOR,2,2,11,5.75,2560,1.268635277612014e+62,1.252697339255508e+62,1.5937938356506252e+60,3.755490099660311e+50,3.628966340079837e+46,5.918966027851408e+45,1.2460436575151464e+61,2.0323390703837752e+60,1.2772151969560237e+45,1.8630103941451344e+45,2.3581414984437274e+46,7.234387358572979e+45,7.2251337121839035e-06,2.147223650577477e-06,0.0,1.88773358144767e+46,-1.88773358144767e+46,1600,2560,2.2552734662511407e+48,1.2989801311831445e+45,6.193296123205184e+46,5.851933284239507e-16,7.469525462366696e-16,0.8368966401677643,-8.895712086627311e+44,-3.1691265005705735e+29,0.9874369421710341,14294.049963317242,0.5610045628916618,0.0003231243534783838,0.01540596932678337,6.131081548709541,0.1920756747452973,1.268635277612014e+62,1.1171462560324096e+63,2.512664839808835e+64,7.225133712183902e-06,2.147223650577477e-06,2.358141498443727e+46,7.234387358572978e+45,3.628966340079837e+46,-1.88773358144767e+46,0.005048963385457,0.0,2.1502536655494585e-16,1.7522570155522887e-16,2.34468448888615e-16,0.0,0.0,0.0,9.902827282712083e+62,2.499978487032715e+64,True
RECOMBINATION_WEIGHTED_AUDITOR,2,2,12,5.75,2560,1.5553451065047305e+65,1.5358052159877121e+65,1.953989051701836e+63,4.604225699941478e+53,4.4491077446135367e+49,9.792825366222596e+48,1.527647811320083e+64,3.362469307573313e+63,4.102045228028051e+48,5.983449707834312e+48,2.3099140866485024e+49,1.468099044709192e+49,0.007077369254858917,0.0043574346160136935,0.0,2.3143587760037222e+49,-2.3143587760037222e+49,1553,2560,2.680744663351802e+51,4.17194789188413e+48,1.9891073069367246e+50,7.975378853607587e-16,8.338824049550505e-16,0.7798923755425269,-9.359534922354807e+47,-1.6225927682921336e+32,0.9874369421710338,14294.049963317242,0.5439170215946767,0.0008464787798046298,0.040358536820455454,4.543231986919112,0.25920569954989475,1.5553451065047303e+65,2.0912378197879003e+65,1.795484121930588e+66,0.0070773692548589,0.0043574346160137,2.3099140866484967e+49,1.4680990447091942e+49,4.4491077446135367e+49,-2.314358776003722e+49,0.0866253890807094,1.5034622283825166e-16,2.4726142748777603e-15,1.5915367527560108e-15,2.4510851610375495e-15,1.5924263965789846e-15,0.0,1.1217571174294189e-16,5.358927132831697e+64,1.6399496112801148e+66,True
RECOMBINATION_WEIGHTED_AUDITOR,2,2,13,5.75,2560,1.0014912341342754e+65,9.889094418446439e+64,1.2581792289631493e+63,2.9646743087323396e+53,2.864793406501659e+49,6.305628712665295e+48,9.836568652725698e+63,2.16510375896436e+63,2.6413188434588316e+48,3.852760655637245e+48,1.5497241889386137e+49,8.829494457904426e+48,0.0047482156984543,0.0026206641119635036,0.0,1.4902223417272243e+49,-1.4902223417272243e+49,1556,2560,1.7267286980750184e+51,2.6863293718629246e+48,1.2807919755675822e+50,6.215861918803219e-16,7.333460538262104e-16,0.7798923755425278,-6.026631736654686e+47,-1.6225927682921336e+32,0.987436942171034,14294.049963317242,0.5441027510288347,0.0008464787798046298,0.04035853682045546,4.543231986919118,0.25920569954989453,1.0014912341342753e+65,4.0058806983379535e+65,3.439348275053429e+66,0.0047482156984543,0.0026206641119635,1.5497241889386135e+49,8.829494457904414e+48,2.8647934065016595e+49,-1.4902223417272243e+49,0.0291186339399931,1.1674603531357132e-16,1.675232565767385e-16,1.3231412044485391e-15,0.0,1.3238808194134308e-15,1.8124507152072083e-16,0.0,3.004389464203678e+65,3.3391991516400018e+66,True
RECOMBINATION_WEIGHTED_AUDITOR,2,2,14,5.75,2560,1.9062550161643078e+64,1.882306624159479e+64,2.3948392004828675e+62,5.643010222850096e+52,5.4528952578790457e+48,1.2002238216272052e+48,1.8723087828434157e+63,4.121094384425368e+62,5.027530070180958e+47,7.333408496817884e+47,2.92305390875847e+48,1.7073374125410433e+48,0.0008955974589581939,0.0005067513100993965,0.0,2.836513907756049e+48,-2.836513907756049e+48,1568,2560,3.289394858724511e+50,5.113203856057554e+47,2.437880677207556e+49,5.946772798403432e-16,7.330777338721636e-16,0.7798923755425285,-1.1471190747369842e+47,-3.0423614405477506e+31,0.9874369421710341,14294.049963317246,0.5445515228206865,0.0008464787798046302,0.040358536820455475,4.543231986919135,0.2592056995498955,1.9062550161643078e+64,2.256049114368468e+65,1.936986948502578e+66,0.0008955974589582,0.0005067513100994,2.923053908758491e+48,1.707337412541055e+48,5.452895257879045e+48,-2.8365139077560488e+48,0.0098413415621513,0.0,7.1053042750623134e-15,6.842623986266358e-15,6.900368375716674e-15,6.846448904637419e-15,1.190261460421491e-16,1.144075312908131e-16,2.065423612752037e+65,1.917924398340935e+66,True
RECOMBINATION_WEIGHTED_AUDITOR,2,2,15,5.75,2560,2.3174799948077325e+64,2.288365359615491e+64,2.9114635192241544e+62,6.860343023917536e+52,6.629215696095199e+48,1.4591409188837496e+48,2.2762107438664076e+63,5.010113395970269e+62,6.112089023840459e+47,8.915400794236523e+47,3.693087958315683e+48,1.936189952692893e+48,0.001131528974291598,0.0005746765624190007,0.0,3.4484180660390444e+48,-3.4484180660390444e+48,1557,2560,3.996093259734179e+50,6.21624470246942e+47,2.963790075960044e+49,6.078823929825873e-16,8.351269577171278e-16,0.779892375542528,-1.3945802029753993e+47,-4.056481920730334e+31,0.987436942171034,14294.04996331724,0.5441562081913448,0.0008464787798046301,0.04035853682045541,4.543231986919114,0.259205699549895,2.3174799948077325e+64,1.122788378179475e+65,9.639978228367674e+65,0.0011315289742916,0.000574676562419,3.693087958315689e+48,1.936189952692891e+48,6.6292156960952e+48,-3.4484180660390444e+48,0.0240403032030514,0.0,1.5816937023389351e-15,1.0056406496906348e-15,1.7247140416317624e-15,1.1319781352367092e-15,1.9581112972358256e-16,0.0,8.910403786987018e+64,9.408230228886901e+65,True
RECOMBINATION_WEIGHTED_AUDITOR,2,2,16,5.75,2560,2.307918946439325e+63,2.2789244272506416e+63,2.899451918868377e+61,6.832039836134902e+51,6.6018660524922445e+47,1.453121053800546e+47,2.26681995686175e+62,4.989443557776461e+61,6.086872849841165e+46,8.878619213205269e+46,3.72665260774628e+47,1.8794010258113917e+47,0.00011418128813550002,5.578211576906515e-05,0.0,3.4341911937476947e+47,-3.4341911937476947e+47,1557,2560,3.9796181396621123e+49,6.190598821424781e+46,2.9515625959673194e+48,7.241308785106715e-16,7.65201746327185e-16,0.779892375542525,-1.3888266910554906e+46,-1.2676506002282294e+30,0.987436942171034,14294.049963317244,0.5441577469518935,0.0008464787798046298,0.04035853682045546,4.54323198691911,0.2592056995498948,2.307918946439325e+63,1.1265294630944609e+64,9.672098241214091e+64,0.0001141812881355,5.578211576906496e-05,3.72665260774628e+47,1.8794010258113856e+47,6.6018660524922445e+47,-3.4341911937476947e+47,0.0238616160514683,0.0,0.0,3.237586229617253e-15,2.373861317799444e-16,3.401365788462689e-15,0.0,0.0,8.957375684505284e+63,9.441306346570159e+64,True
RECOMBINATION_WEIGHTED_AUDITOR,2,2,17,5.75,2560,6.099254957346275e+61,6.022629664603525e+61,7.662529274274912e+59,1.8055379675972748e+50,1.7447087693665673e+46,3.840237025954069e+45,5.990640564145989e+60,1.3185856635527857e+60,1.608608892500645e+45,2.346397924159314e+45,9.871266300638369e+45,4.944137190178732e+45,3.0244673179177813e-06,1.467459202868222e-06,0.0,9.075711993792832e+45,-9.075711993792832e+45,1557,2560,1.0517030733913781e+48,1.63602108335609e+45,7.800244814986093e+46,7.957374862789355e-16,6.916210288151131e-16,0.7798923755425292,-3.670323038590184e+44,-7.922816251426434e+28,0.9874369421710338,14294.04996331724,0.5441521159708342,0.0008464787798046298,0.04035853682045546,4.543231986919119,0.25920569955008843,6.099254957346274e+61,2.924018596071282e+62,2.510488721941835e+63,3.0244673179177783e-06,1.4674592028682263e-06,9.87126630063836e+45,4.944137190178746e+45,1.7447087693665673e+46,-9.075711993792832e+45,0.0242950900517432,1.872028898856776e-16,8.989276483224607e-16,2.820341763616474e-15,9.802107292834178e-16,2.8860527965572394e-15,0.0,0.0,2.3140931003366546e+62,2.4494961723683724e+63,True
RECOMBINATION_WEIGHTED_AUDITOR,3,1,0,5.65,2560,4.2904434652632103e+64,4.2362378081771365e+64,5.420565708607442e+62,1.2648572754670658e+53,1.4825659900093886e+49,1.7452905017531298e+48,5.2832466562065395e+63,6.219487206392657e+62,2.2419052495159815e+47,3.285822955633697e+47,9.226499744525026e+48,3.965512729870766e+48,0.0018783645213248032,0.0010016912948304989,0.0,1.3287316085653082e+50,-1.3287316085653082e+50,1654,2560,9.8425728342304e+50,2.2804635221971992e+47,1.0811770134704087e+49,6.569909504570885e-16,1.0814149167508315e-15,0.8822790679461119,-3.908670557115852e+47,-1.2169445762191002e+32,0.9873659547025989,14235.240136797858,0.7239530808138829,0.00016773547124149173,0.00795240678417857,8.494666008439072,0.1322990336114783,4.2904434652632103e+64,1.9427047006535542e+65,1.0445870633980244e+67,0.0018783645213248,0.0010016912948305,9.226499744525011e+48,3.96551272987077e+48,1.4825659900093888e+49,-1.328731608565308e+50,0.0041073105494016,0.0,1.6882773540255887e-15,9.820224796070765e-16,1.7316162440943372e-15,1.0823715630562274e-15,1.7511182954162958e-16,1.5630837183563914e-16,1.513660354127233e+65,1.0402966199327612e+67,True
RECOMBINATION_WEIGHTED_AUDITOR,3,1,1,5.65,2560,1.2589453423179628e+64,1.2430397698361652e+64,1.5905572481797647e+62,3.711472225514014e+52,4.350295168583081e+48,5.121208019551693e+47,1.5502637021089682e+63,1.8249848794159408e+62,6.578425271531185e+46,9.641594252828045e+46,3.029268016778828e+48,8.416657910908883e+47,0.000616709448420801,0.00021260536871850044,0.0,3.8988987579896383e+49,-3.8988987579896383e+49,1682,2560,2.8896684986080723e+50,6.691566857460155e+46,3.1724990116990424e+48,6.650552047921185e-16,8.387914361531912e-16,0.8822790679461077,-1.1469216719382852e+47,-2.028240960365167e+31,0.9873659547025987,14235.240136797855,0.7243444139026223,0.00016773547124149173,0.007952406784178563,8.494666008438967,0.13229903361147985,1.2589453423179628e+64,3.7213573651359264e+65,2.000963790633856e+67,0.0006167094484208,0.0002126053687185,3.0292680167788226e+48,8.416657910908867e+47,4.3502951685830815e+48,-3.8988987579896383e+49,0.0006291694773343,0.0,1.714043402490367e-15,1.927834997533975e-15,1.7580437193913686e-15,2.0398396880015563e-15,1.491938091934688e-16,0.0,3.59546283090413e+65,1.999704845291538e+67,True
RECOMBINATION_WEIGHTED_AUDITOR,3,1,2,5.65,2560,6.4464913654703524e+63,6.365046101549693e+63,8.144526392065966e+61,1.900477554562199e+52,2.227589975422088e+48,2.622339681406084e+47,7.93820131336847e+62,9.34492457441215e+61,3.3685149216436056e+46,4.937025620650558e+46,1.5829791443515384e+48,3.991514954738809e+47,0.0003222686766464,0.00010082594750559992,0.0,1.9964502296776688e+49,-1.9964502296776688e+49,1683,2560,1.4797087485225955e+50,3.4264496255779173e+46,1.624493677241455e+48,8.100909728938693e-16,7.771386014351658e-16,0.8822790679461071,-5.872868667521229e+46,-1.0141204801825835e+31,0.9873659547025986,14235.240136797858,0.724363908288111,0.0001677354712414917,0.007952406784178561,8.494666008438948,0.13229903361148043,6.4464913654703524e+63,2.0958100403106854e+65,1.126911390450508e+67,0.0003222686766464,0.0001008259475056,1.5829791443515384e+48,3.991514954738812e+47,2.227589975422088e+48,-1.9964502296776688e+49,0.0005720495346926,0.0,0.0,8.130210141719533e-16,0.0,8.064904416781849e-16,0.0,0.0,2.031345126655982e+65,1.126266741313961e+67,True
RECOMBINATION_WEIGHTED_AUDITOR,3,1,3,5.65,2560,3.282504912973982e+63,3.2410335972145263e+63,4.147131575945571e+61,9.677088754453071e+51,1.1342720596168965e+48,1.335275640607949e+47,4.0420723978441748e+62,4.7583653010354814e+61,1.715222460228107e+46,2.5138963098698563e+46,8.187020618472095e+47,1.9058395042196135e+47,0.00016667435637460039,4.814163944906061e-05,0.0,1.0165774397103896e+49,-1.0165774397103896e+49,1682,2560,7.534364970067488e+49,1.7447223756882737e+46,8.271799610564098e+47,5.807600284882812e-16,8.927342194271947e-16,0.8822790679461086,-2.9904205499517765e+46,-1.0141204801825835e+31,0.9873659547025986,14235.240136797856,0.7243446157220919,0.00016773547124149173,0.007952406784178563,8.494666008439008,0.13229903361147927,3.282504912973982e+63,1.0430407481582756e+65,5.60840189328101e+66,0.0001666743563746,4.8141639449060656e-05,8.187020618472076e+47,1.9058395042196155e+47,1.1342720596168965e+48,-1.0165774397103896e+49,0.0005852834685236,0.0,2.3782904828129535e-15,1.0642244301655775e-15,2.2767195183707e-15,9.852976672394224e-16,0.0,0.0,1.0102156990285357e+65,5.605119388368036e+66,True
RECOMBINATION_WEIGHTED_AUDITOR,3,1,4,5.65,2560,3.260105024214769e+62,3.218916709664553e+62,4.118831455021607e+60,9.611052078999509e+50,1.1265317610852234e+47,1.3261636890327379e+46,4.014489203159368e+61,4.7258941071623874e+60,1.703517742847621e+45,2.4967414238343262e+45,8.353152022535009e+46,1.6708341913570217e+46,1.7005652018441108e-05,4.2205388775593145e-06,0.0,1.00964029196245e+48,-1.00964029196245e+48,1681,2560,7.482742336520186e+48,1.7328163502085677e+45,8.215352660436823e+46,6.738423146153087e-16,7.663251467825499e-16,0.8822790679461062,-2.970013851580257e+45,-4.75368975085586e+29,0.9873659547025984,14235.240136797853,0.724324485883229,0.00016773547124149168,0.007952406784178552,8.494666008438825,0.1322990336114824,3.2601050242147687e+62,1.0465161172344701e+64,5.627088858810589e+65,1.7005652018441128e-05,4.220538877559297e-06,8.353152022535021e+46,1.6708341913570149e+46,1.1265317610852234e+47,-1.00964029196245e+48,0.0005793590799815,1.4009341977438682e-16,1.456868704096422e-15,4.096943476882525e-15,1.1954137784342777e-15,4.214554683269902e-15,0.0,0.0,1.0139150669923224e+64,5.623828753786374e+65,True
RECOMBINATION_WEIGHTED_AUDITOR,3,1,5,5.65,2560,8.31191766918139e+60,8.206904524840679e+60,1.0501314434070967e+59,2.4504202472464826e+49,2.87218944798063e+45,3.381168188516529e+44,1.0235284904208057e+60,1.204907278760573e+59,4.343264748027438e+43,6.365656628238219e+43,2.1358973690536784e+45,4.1980398130230345e+44,4.348337885775441e-07,1.0604277990035213e-07,0.0,2.5741646112463677e+46,-2.5741646112463677e+46,1681,2560,1.907795788512821e+47,4.417964063048589e+43,2.0945746971230917e+45,6.344649432156713e-16,7.820276408986034e-16,0.8822790679461071,-7.572305317559292e+43,-2.9710560942849127e+28,0.9873659547025984,14235.240136797853,0.7243269095265427,0.0001677354712414917,0.007952406784178554,8.494666008438903,0.1322990336114808,8.311917669181388e+60,2.716336046352788e+62,1.4605665456552913e+64,4.3483378857754265e-07,1.060427799003523e-07,2.1358973690536714e+45,4.198039813023041e+44,2.87218944798063e+45,-2.5741646112463677e+46,0.0005690885974286,1.717109997369024e-16,3.2642384424792288e-15,1.5098125037973191e-15,3.287159682708815e-15,1.6224920505922926e-15,0.0,0.0,2.6332168696609744e+62,1.459735353888373e+64,True
RECOMBINATION_WEIGHTED_AUDITOR,3,1,6,5.65,2560,1.1648491337240277e+65,1.1501323770039197e+65,1.4716756720107898e+63,3.43406902699266e+53,4.0251450068814655e+49,5.250425925946415e+48,1.4343937498673014e+64,1.8710327502346694e+63,1.1206617077942026e+48,1.64248509867515e+48,2.47201594486308e+49,1.1095961722269629e+49,0.005032620360430302,0.0028028477077497063,0.0,3.6074869083354308e+50,-3.6074869083354308e+50,1650,2560,2.6395758283620063e+51,1.1399358406871354e+48,5.404482096668257e+49,6.606791558456335e-16,9.00553955488608e-16,0.8695593347079468,-1.0246734457803476e+48,-1.6225927682921336e+32,0.9873659547025987,14235.240136797855,0.7151027180216086,0.0003088265960336036,0.014641594286855084,7.666320911204767,0.14659392905483679,1.1648491337240275e+65,7.972004895826807e+65,2.328175031666876e+67,0.0050326203604303,0.0028028477077497,2.472015944863079e+49,1.1095961722269603e+49,4.0251450068814655e+49,-3.6074869083354304e+50,0.0050032713085581,2.0074725147054548e-16,4.2008603296629776e-16,2.3397236708711204e-15,3.446958744625998e-16,2.3209298945948797e-15,0.0,1.1514490814173264e-16,6.80715576210278e+65,2.3165265403296358e+67,True
RECOMBINATION_WEIGHTED_AUDITOR,3,1,7,5.65,2560,1.150473062580818e+65,1.135937933794732e+65,1.4535128786086003e+63,3.391687211860165e+53,3.97546838412804e+49,5.1856274087322405e+48,1.416691074045633e+64,1.8479412621183958e+63,1.106830979013717e+48,1.6222142481876572e+48,2.5836524292595443e+49,9.53756958814394e+48,0.005259893993316025,0.0024091967624564233,0.0,3.5629648436826233e+50,-3.5629648436826233e+50,1664,2560,2.6077010204235477e+51,1.125867238779847e+48,5.337782283907518e+49,6.4683871925594e-16,7.039710292358794e-16,0.8695593347079442,-1.0120273631859358e+48,-3.2451855365842673e+32,0.9873659547025986,14235.240136797856,0.7152951981119269,0.00030882659603360355,0.014641594286855093,7.666320911204735,0.14659392905483665,1.1504730625808178e+65,1.5270812452352848e+66,4.459746918049046e+67,0.005259893993316,0.0024091967624564,2.583652429259532e+49,9.537569588143848e+48,3.97546838412804e+49,-3.562964843682623e+50,0.0025796823983996,2.0325574720400526e-16,4.823215506605493e-15,9.6631818396964e-15,4.782128771725691e-15,9.720570478356886e-15,0.0,1.1658373486881005e-16,1.412033938977203e+66,4.4482421874232377e+67,True
RECOMBINATION_WEIGHTED_AUDITOR,3,1,8,5.65,2560,5.365507754912692e+64,5.297719686893567e+64,6.7788068019124675e+62,1.581794883284853e+53,1.8540552698034869e+49,2.418442028814222e+48,6.607079462647969e+63,8.618318407453272e+62,5.161972404598152e+47,7.565586202648966e+47,1.2438708824220208e+49,4.058850415832184e+48,0.0025323177795966985,0.0010252684597208993,0.0,1.6616743252011144e+50,-1.6616743252011144e+50,1664,2560,1.2162821584738052e+51,5.250752579225255e+47,2.4894031133675046e+49,7.210086435105251e-16,7.662013562862025e-16,0.8695593347079451,-4.719832946959191e+47,-8.112963841460668e+31,0.9873659547025987,14235.240136797856,0.7153646513530669,0.00030882659603360355,0.014641594286855089,7.666320911204733,0.14659392905483767,5.365507754912691e+64,8.60028181146574e+65,2.5116594433145607e+67,0.0025323177795967,0.0010252684597209,1.2438708824220216e+49,4.058850415832187e+48,1.8540552698034869e+49,-1.6616743252011142e+50,0.0021362401535743,2.1791065510886537e-16,6.261458000075422e-16,6.396265354201591e-16,6.850338808003319e-16,6.344887500668737e-16,0.0,1.249895188193727e-16,8.06373103597447e+65,2.506293935559648e+67,True
RECOMBINATION_WEIGHTED_AUDITOR,3,1,9,5.65,2560,2.5314291375319162e+64,2.4994469471411768e+64,3.1982190390739494e+62,7.46285690013196e+52,8.747372563720238e+48,1.1410130967692028e+48,3.11719863798947e+63,4.066094641868578e+62,2.435401820111261e+47,3.5694190057519737e+47,5.983101292750286e+48,1.8003935908773994e+48,0.0012180616167538018,0.00045478068287760066,0.0,7.839725513491934e+49,-7.839725513491934e+49,1664,2560,5.738508719492141e+50,2.477288018240496e+47,1.1744923060583124e+49,7.589469230182626e-16,8.077954354880331e-16,0.8695593347079457,-2.2268018595772357e+47,-6.084722881095501e+31,0.9873659547025988,14235.240136797855,0.7153807313081935,0.00030882659603360366,0.014641594286855084,7.666320911204759,0.1465939290548369,2.5314291375319162e+64,4.280180074752127e+65,1.250000283654173e+67,0.0012180616167538,0.0004547806828776,5.983101292750277e+48,1.8003935908773968e+48,8.747372563720238e+48,-7.839725513491933e+49,0.0020251428504733,0.0,1.5186972537881096e-15,1.4419893752244549e-15,1.4241672606020838e-15,1.4304066289165221e-15,0.0,1.3246119011689986e-16,4.027037160998935e+65,1.2474688545166411e+67,True
RECOMBINATION_WEIGHTED_AUDITOR,3,1,10,5.65,2560,2.431268506051511e+63,2.400551749615911e+63,3.071675643560023e+61,7.16757529470101e+51,8.401266742788272e+47,1.0958668232253949e+47,2.993860963076204e+62,3.905212158155999e+61,2.3390406853695223e+46,3.428188403506985e+46,5.8907290587248015e+47,1.5847975902365209e+47,0.00011992561399249976,4.0032098201336845e-05,0.0,7.529532410938814e+48,-7.529532410938814e+48,1664,2560,5.51151430299124e+49,2.379269579333006e+46,1.1280213662640547e+48,8.029080178174657e-16,7.316294609370506e-16,0.8695593347079423,-2.1386943644353952e+46,-2.535301200456459e+30,0.9873659547025987,14235.24013679786,0.7153885444374333,0.0003088265960336035,0.014641594286855096,7.666320911204666,0.14659392905483906,2.431268506051511e+63,4.294441459552901e+64,1.2541652334308013e+66,0.0001199256139925,4.003209820133678e-05,5.8907290587248145e+47,1.5847975902365184e+47,8.401266742788273e+47,-7.529532410938814e+48,0.0019385551769767,0.0,2.2035883872661176e-15,1.5357728756231628e-15,2.034140003022995e-15,1.6927075727967e-15,1.931366802137288e-16,0.0,4.0513146089477504e+64,1.2517339649247498e+66,True
RECOMBINATION_WEIGHTED_AUDITOR,3,1,11,5.65,2560,6.164845516331482e+61,6.086958578826669e+61,7.7886937504813325e+59,1.817446090735057e+50,2.1302670388675588e+46,2.7787344979963833e+45,7.591382970988538e+60,9.90225045222586e+59,5.930988060687572e+44,8.692685261169452e+44,1.5018879022915099e+46,3.9364386762026996e+45,3.0575982537098433e-06,9.943471684971988e-07,0.0,1.909225739901278e+47,-1.909225739901278e+47,1664,2560,1.3975409125799523e+48,6.032994447872065e+44,2.8602671588227e+46,6.6360257947340705e-16,8.470018172401004e-16,0.8695593347079433,-5.422979950826426e+44,-2.37684487542793e+29,0.9873659547025987,14235.240136797856,0.7153956572958461,0.00030882659603360355,0.014641594286855089,7.666320911204707,0.14659392905483767,6.164845516331481e+61,1.1146647379269312e+63,3.2553098567205936e+64,3.0575982537098327e-06,9.94347168497199e-07,1.5018879022915045e+46,3.9364386762027e+45,2.1302670388675588e+46,-1.909225739901278e+47,0.0018937814793894,1.85211154300622e-16,3.5449599885818726e-15,1.6101490515928387e-16,3.462819822006451e-15,2.1296207554310705e-16,0.0,0.0,1.0530162827636164e+63,3.2491450112042624e+64,True
RECOMBINATION_WEIGHTED_AUDITOR,3,1,12,5.65,2560,8.793330869146825e+64,8.682235528630988e+64,1.110953405158375e+63,2.5923447344031524e+53,3.038542143963901e+49,5.377694995494235e+48,1.0828096509713046e+64,1.916386136907379e+63,2.260176843965141e+48,3.312602510430038e+48,1.7726416220800792e+49,9.3108193135819e+48,0.0036088085667749996,0.0023519194841821038,0.0,2.7232561773638595e+50,-2.7232561773638595e+50,1610,2560,1.9333441631449217e+51,2.2990493677152825e+48,1.0899886382802172e+50,6.71752427860573e-16,8.392283502658627e-16,0.8230172648361356,-6.952042114594626e+47,-2.4338891524382005e+32,0.9873659547025988,14235.240136797858,0.693840623886155,0.000825085299373606,0.0391176289886715,5.650268649504628,0.1988995875209036,8.793330869146824e+64,2.128018619423888e+65,2.326158692995698e+66,0.003608808566775,0.0023519194841821,1.7726416220800795e+49,9.310819313581883e+48,3.038542143963901e+49,-2.723256177363859e+50,0.0378019388600805,1.3296455316688934e-16,1.4645647472843398e-16,1.812403852110233e-15,1.2017286618828863e-16,1.6595499323843373e-15,0.0,1.525320137471907e-16,1.2486855325092055e+65,2.2382253843042294e+66,True
RECOMBINATION_WEIGHTED_AUDITOR,3,1,13,5.65,2560,4.915228158406635e+64,4.8531289432062624e+64,6.209921520037262e+62,1.4490488330813638e+53,1.6984608140834943e+49,3.005982404451548e+48,6.052605737062423e+63,1.0712067182138557e+63,1.263376191769977e+48,1.8516529605412466e+48,1.0186023282234772e+49,4.927041766910175e+48,0.0020737078281600992,0.0012445742034829024,0.0,1.5222247001416857e+50,-1.5222247001416857e+50,1616,2560,1.0810501416335751e+51,1.2851048547952051e+48,6.092734285725832e+49,6.852045864589568e-16,7.937122666637431e-16,0.8230172648361332,-3.88599879483437e+47,-8.112963841460668e+31,0.9873659547025986,14235.240136797856,0.6940745546321669,0.000825085299373606,0.03911762898867144,5.650268649504569,0.19889958752090578,4.915228158406635e+64,4.076336336590602e+65,4.455884510776301e+66,0.0020737078281601,0.0012445742034829,1.0186023282234778e+49,4.927041766910165e+48,1.6984608140834943e+49,-1.5222247001416855e+50,0.0110308697330898,0.0,5.097472011074823e-16,1.9759435925906757e-15,4.182661251551388e-16,1.9165147186829648e-15,0.0,1.364396953498794e-16,3.5848135207499385e+65,4.4067322291922346e+66,True
RECOMBINATION_WEIGHTED_AUDITOR,3,1,14,5.65,2560,1.1959094571375597e+64,1.180800282884493e+64,1.5109174253066597e+62,3.525637361049606e+52,4.1324741897606286e+48,7.313765850979417e+47,1.47264139283098e+63,2.6063210161876084e+62,3.0738828126951746e+47,4.5052014178846636e+47,2.451351899199138e+48,1.225762740473364e+48,0.0004990551741433996,0.00030962852733030035,0.0,3.703679373813563e+49,-3.703679373813563e+49,1632,2560,2.631588313963276e+50,3.1267501725925614e+47,1.48240494994393e+49,6.24964494399289e-16,8.169315156620094e-16,0.8230172648361352,-9.454907400827658e+46,-2.028240960365167e+31,0.9873659547025986,14235.240136797856,0.6944222313911765,0.000825085299373606,0.03911762898867147,5.650268649504594,0.19889958752090495,1.1959094571375597e+64,2.295728623632961e+65,2.509484196180862e+66,0.0004990551741434,0.0003096285273303,2.4513518991991398e+48,1.2257627404733626e+48,4.1324741897606286e+48,-3.703679373813563e+49,0.0047655588306058,0.0,7.943010232789035e-16,1.1913671734702671e-15,8.6900385260726025e-16,1.2255678236169792e-15,0.0,0.0,2.176137677919205e+65,2.4975251016094863e+66,True
RECOMBINATION_WEIGHTED_AUDITOR,3,1,15,5.65,2560,1.1938268974046127e+64,1.1787440343055467e+64,1.50828630990661e+62,3.5194978072921924e+52,4.1252778888252416e+48,7.301029640753371e+47,1.4700769314100282e+63,2.6017823622225955e+62,3.0685299454431338e+47,4.4973560488179045e+47,2.5219654892197173e+48,1.1487458137818502e+48,0.0005134309467430005,0.00029017399767010014,0.0,3.697229777247856e+49,-3.697229777247856e+49,1618,2560,2.6258569761620013e+50,3.1213052419871855e+47,1.4798234862400941e+49,6.479820832901523e-16,8.899045878464175e-16,0.8230172648361337,-9.43844260132793e+46,-2.028240960365167e+31,0.9873659547025986,14235.240136797856,0.69411858864196,0.0008250852993736059,0.039117628988671466,5.650268649504574,0.19889958752090542,1.1938268974046127e+64,1.1425360386228115e+65,1.2489177087289013e+66,0.000513430946743,0.0002901739976701,2.5219654892197147e+48,1.1487458137818494e+48,4.1252778888252416e+48,-3.6972297772478556e+49,0.0095588915831743,0.0,1.0294147324238955e-15,7.062453455000221e-16,8.446722421881635e-16,5.604579568763451e-16,0.0,1.40437494323111e-16,1.0231533488823502e+65,1.2369794397548551e+66,True
RECOMBINATION_WEIGHTED_AUDITOR,3,1,16,5.65,2560,1.205124465205998e+63,1.1898988681235787e+63,1.52255970824193e+61,3.552803946725936e+51,4.1643167199571925e+47,7.370121631866712e+46,1.4839887421105279e+62,2.626403865311162e+61,3.0975684309929153e+46,4.5399159752184324e+46,2.580260824425858e+47,1.1251875999415713e+47,5.252989240304253e-05,2.8422317634307498e-05,0.0,3.73221785146244e+48,-3.73221785146244e+48,1618,2560,2.650693499588596e+49,3.1508431571378927e+46,1.4938275317229248e+48,8.041002564017754e-16,7.895417121283896e-16,0.8230172648361337,-9.52776161856552e+45,-3.802951800684688e+30,0.9873659547025985,14235.240136797858,0.6941152353779361,0.0008250852993736059,0.039117628988671486,5.650268649504567,0.19889958752090556,1.205124465205998e+63,1.146342921934028e+64,1.2530790514101996e+65,5.252989240304239e-05,2.842231763430749e-05,2.580260824425852e+47,1.125187599941571e+47,4.1643167199571925e+47,-3.7322178514624395e+48,0.0096173059780208,0.0,2.358181321630317e-15,1.8025802634782766e-16,2.5799647659822436e-15,2.3841347722660845e-16,0.0,1.7390118507217723e-16,1.0258304754134283e+64,1.2410278067581396e+65,True
RECOMBINATION_WEIGHTED_AUDITOR,3,1,17,5.65,2560,3.1973981055576027e+61,3.157002033058163e+61,4.039607249943965e+59,9.426187034330353e+49,1.1048633378343188e+46,1.9554173551220173e+45,3.937271982841988e+60,6.968291646074527e+59,8.218370565897374e+44,1.2045161439878838e+45,6.840987117265117e+45,2.990191416053501e+45,1.3927131466660858e-06,7.553244473976214e-07,0.0,9.902202330427816e+46,-9.902202330427816e+46,1618,2560,7.032664008090561e+47,8.359717383896734e+44,3.963375948179945e+46,6.944636375831881e-16,7.672543374502068e-16,0.8230172648361365,-2.5278755704456117e+44,-3.961408125713217e+28,0.9873659547025987,14235.240136797858,0.6941081165837966,0.0008250852993736061,0.03911762898867151,5.650268649504626,0.19889958752096282,3.197398105557602e+61,2.9754463873518098e+62,3.2524905639006382e+63,1.3927131466660858e-06,7.553244473976206e-07,6.840987117265117e+45,2.990191416053498e+45,1.1048633378343188e+46,-9.902202330427816e+46,0.0098306145482649,1.785511400942121e-16,0.0,1.0598406789466454e-15,0.0,9.81239030990018e-16,0.0,0.0,2.6557065767960496e+62,3.2205165828450622e+63,True
RECOMBINATION_WEIGHTED_AUDITOR,3,2,0,5.65,2560,4.9094501163940827e+64,4.8490745534951606e+64,6.037556289892225e+62,1.4461961164773633e+53,1.6937051127498746e+49,1.9511834059881944e+48,6.035658401606142e+63,6.953203617781313e+62,2.569457145402428e+47,3.649788194710461e+47,1.0509774740924075e+49,4.455363663514176e+48,0.0021396183327466005,0.0011254279839852989,1.738210843655903e+49,0.0,1.738210843655903e+49,1653,2560,1.1439710791645649e+51,2.6124658579353217e+47,1.232699039116062e+49,5.343808713956002e-16,8.097971386361025e-16,0.8847979266697615,-4.474266955862182e+47,-8.112963841460668e+31,0.9877021740790664,14223.936264034566,0.7353365625875694,0.00016792746764668823,0.007923702711003662,8.680399328693975,0.130381915172233,4.9094501163940827e+64,1.9427047006535542e+65,1.0444460049208522e+67,0.0021396183327466,0.0011254279839853,1.0509774740924075e+49,4.455363663514181e+48,1.6937051127498746e+49,1.738210843655903e+49,0.0047005303225475,0.0,0.0,1.0197281511324408e-15,2.0269076141140147e-16,9.63368769848952e-16,0.0,0.0,1.451759689014146e+65,1.0395365548044582e+67,True
RECOMBINATION_WEIGHTED_AUDITOR,3,2,1,5.65,2560,1.442223679318812e+64,1.4244874635715007e+64,1.7736215747311161e+62,4.24841526988465e+52,4.975509601847905e+48,5.731890220074095e+47,1.7730640419398807e+63,2.0426065377877481e+62,7.548160894271612e+46,1.072179334571959e+47,3.4505961488941965e+48,9.456348870607372e+47,0.0007024849686197013,0.00023886803522820037,5.106251777562707e+48,0.0,5.106251777562707e+48,1681,2560,3.363226495998598e+50,7.674505356810959e+46,3.621235986796248e+48,5.857091832118085e-16,7.814580733506601e-16,0.8847979266697633,-1.3143821809676792e+47,-6.084722881095501e+31,0.9877021740790662,14223.93626403456,0.7359146711573545,0.00016792746764668828,0.007923702711003648,8.68039932869403,0.13038191517223194,1.4422236793188118e+64,3.7213573651359264e+65,2.0006935853871384e+67,0.0007024849686197,0.0002388680352282,3.4505961488941906e+48,9.456348870607357e+47,4.975509601847906e+48,5.1062517775627065e+48,0.0007208618500367,2.0267336589858185e-16,1.6928477613132555e-15,1.5442889337575006e-15,1.8520575743264627e-15,1.475148006811207e-15,1.3044635811290584e-16,1.2710636599800585e-16,3.577134997204045e+65,1.9992513617078197e+67,True
RECOMBINATION_WEIGHTED_AUDITOR,3,2,2,5.65,2560,7.386601543360374e+63,7.295762403432827e+63,9.083913992754756e+61,2.1759003987639218e+52,2.548294514299805e+48,2.935688115034271e+47,9.081058490771567e+62,1.0461567661701094e+62,3.8659229986775194e+46,5.491354525013164e+46,1.8031490475667802e+48,4.4845778851644865e+47,0.00036709166979810023,0.0001132807516848997,2.6152564128434058e+48,0.0,2.6152564128434058e+48,1682,2560,1.722605224830025e+50,3.930632531281297e+46,1.8546795280448544e+48,6.729117563720465e-16,8.506136674743182e-16,0.8847979266697592,-6.731838885828739e+46,-1.5211807202738753e+31,0.987702174079066,14223.936264034559,0.7359444844017605,0.0001679274676466882,0.007923702711003644,8.680399328693868,0.1303819151722346,7.386601543360373e+63,2.0958100403106854e+65,1.1267592150979548e+67,0.0003670916697981,0.0001132807516849,1.8031490475667792e+48,4.484577885164499e+47,2.5482945142998048e+48,2.6152564128434055e+48,0.0006555616714186,1.9785846424119209e-16,5.399196823407491e-16,2.7136212312086125e-15,5.906983250705818e-16,2.75164244545821e-15,1.273473500952831e-16,1.2408670601656143e-16,2.0219440248770815e+65,1.1260205549436187e+67,True
RECOMBINATION_WEIGHTED_AUDITOR,3,2,3,5.65,2560,3.761848154716787e+63,3.7155856009690945e+63,4.626255374769284e+61,1.1081424728121734e+52,1.2977953338921481e+48,1.4950871322269123e+47,4.624801124827314e+62,5.327866783201494e+61,1.9688371185967875e+46,2.796636824871759e+46,9.32571884050619e+47,2.1412636029708875e+47,0.00018985639073200002,5.4088468683427085e-05,1.3318976870506183e+48,0.0,1.3318976870506183e+48,1681,2560,8.772530151199939e+49,2.0017923869145855e+46,9.445511199176578e+47,5.951015235356853e-16,7.583149147302252e-16,0.8847979266697623,-3.4283906532454915e+46,-1.0141204801825835e+31,0.9877021740790664,14223.936264034563,0.7359148644859358,0.00016792746764668828,0.007923702711003648,8.68039932869397,0.1303819151722329,3.761848154716787e+63,1.0430407481582756e+65,5.607644548433314e+66,0.000189856390732,5.408846868342679e-05,9.325718840506189e+47,2.141263602970876e+47,1.2977953338921481e+48,1.3318976870506181e+48,0.000670842832891,0.0,1.7399117387545655e-16,5.304414347811319e-15,1.4276608866118665e-16,5.512368989009107e-15,0.0,1.218256315081706e-16,1.0054222666111077e+65,5.6038827002785974e+66,True
RECOMBINATION_WEIGHTED_AUDITOR,3,2,4,5.65,2560,3.737310292869349e+62,3.691349501475128e+62,4.596079139422112e+60,1.1009142579064099e+51,1.289330047336292e+47,1.4853349466012197e+46,4.594634375292088e+61,5.2931140622805715e+60,1.9559947466483975e+45,2.778394863680395e+45,9.514956761975939e+46,1.877228608511294e+46,1.93708965463759e-05,4.741892621824807e-06,1.3232099569521046e+47,0.0,1.3232099569521046e+47,1679,2560,8.714943051554936e+48,1.9887350536525353e+45,9.38389982111147e+46,5.726956411276352e-16,8.278800857771494e-16,0.8847979266697615,-3.406027874965113e+45,-9.50737950171172e+29,0.9877021740790662,14223.936264034564,0.7358840055868072,0.0001679274676466882,0.007923702711003656,8.68039932869397,0.13038191517223297,3.7373102928693487e+62,1.0465161172344701e+64,5.626328990520862e+65,1.937089654637588e-05,4.741892621824817e-06,9.514956761975929e+46,1.8772286085112978e+46,1.2893300473362922e+47,1.3232099569521046e+47,0.0006642537788255,1.2220533642531923e-16,1.0658172239260755e-15,2.0258330729897358e-15,1.049450173121002e-15,1.964903713111014e-15,1.5730967912796552e-16,0.0,1.0091430143057767e+64,5.622591680227993e+65,True
RECOMBINATION_WEIGHTED_AUDITOR,3,2,5,5.65,2560,9.528909385224087e+60,9.411724516388248e+60,1.1718486883583936e+59,2.8069684833252705e+49,3.287366642302963e+45,3.787114529899877e+44,1.1714803211263507e+60,1.3495696185933698e+59,4.987141884993731e+43,7.083991110638139e+43,2.4329703397875207e+45,4.716614298080517e+44,4.9531298913268e-07,1.1914200773766249e-07,3.3737492446051115e+45,0.0,3.3737492446051115e+45,1679,2560,2.2220344151467096e+47,5.070618876262585e+43,2.3925851499673047e+45,6.574709198380723e-16,8.669875814351035e-16,0.8847979266697604,-8.684248414164157e+43,-1.9807040628566084e+28,0.9877021740790661,14223.936264034564,0.7358877120624941,0.0001679274676466882,0.007923702711003648,8.680399328693852,0.13038191517223466,9.528909385224087e+60,2.716336046352788e+62,1.4603693143282362e+64,4.953129891326796e-07,1.1914200773766216e-07,2.4329703397875182e+45,4.7166142980805034e+44,3.2873666423029623e+45,3.373749244605111e+45,0.0006524999732418,0.0,1.0420600526835338e-15,2.8556050540122018e-15,8.550481875485449e-16,2.777124972996553e-15,1.92806391583413e-16,1.8786971234677588e-16,2.621046952500547e+62,1.459416423389714e+64,True
RECOMBINATION_WEIGHTED_AUDITOR,3,2,6,5.65,2560,1.3327402822562324e+65,1.316350474267229e+65,1.6389807989003387e+63,3.925905701813215e+53,4.59780418684246e+49,5.883482970022695e+48,1.638465590045946e+64,2.0966278693620695e+63,1.2842330223157915e+48,1.8241901922725755e+48,2.815838232900864e+49,1.2466621099651646e+49,0.005732586333847406,0.003149077227115294,4.718621343476054e+49,0.0,4.718621343476054e+49,1650,2560,3.06743345188851e+51,1.305729083840253e+48,6.161117788799839e+49,6.478075591071736e-16,7.441506093482992e-16,0.8720371131319774,-1.172296190675078e+48,-1.6225927682921336e+32,0.9877021740790661,14223.936264034564,0.7263293470610798,0.00030918009071083944,0.014588745708404176,7.8147658627874375,0.14482418396233274,1.3327402822562322e+65,7.972004895826807e+65,2.3278606406160344e+67,0.0057325863338474,0.0031490772271153,2.8158382329008606e+49,1.246662109965167e+49,4.59780418684246e+49,4.718621343476054e+49,0.0057251721129815,1.754582382525948e-16,1.1063768077015731e-15,1.8742316523969414e-15,1.0591261626659073e-15,1.790318525179249e-15,0.0,0.0,6.639264613570575e+65,2.314533237793472e+67,True
RECOMBINATION_WEIGHTED_AUDITOR,3,2,7,5.65,2560,1.3170176715291354e+65,1.3008212174698764e+65,1.6196454059258937e+63,3.879590986243574e+53,4.5435629469012755e+49,5.814074313520941e+48,1.619136275096131e+64,2.071893519940473e+63,1.2690826616929614e+48,1.802669846060232e+48,2.9430017658074375e+49,1.0715724264649875e+49,0.005991470499275104,0.0027067994594621096,4.66295479873378e+49,0.0,4.66295479873378e+49,1664,2560,3.032106871243664e+51,1.2903251297663849e+48,6.088433817341345e+49,6.969904618886662e-16,8.504401292171549e-16,0.8720371131319775,-1.1584663718362281e+48,-4.867778304876401e+32,0.9877021740790661,14223.93626403456,0.7265355497383867,0.0003091800907108395,0.014588745708404165,7.8147658627874375,0.14482418396233251,1.3170176715291352e+65,1.5270812452352848e+66,4.459144684754306e+67,0.0059914704992751,0.0027067994594621,2.9430017658074354e+49,1.0715724264649836e+49,4.5435629469012755e+49,4.66295479873378e+49,0.0029535208310956,1.7755286586355526e-16,7.057144061359782e-16,3.6341198669582975e-15,7.238304336918156e-16,3.5248193524349254e-15,0.0,0.0,1.3953794780823712e+66,4.4459745080390145e+67,True
RECOMBINATION_WEIGHTED_AUDITOR,3,2,8,5.65,2560,6.144215166538485e+64,6.068654677999631e+64,7.5560488538853305e+62,1.809925735466218e+53,2.1196851775010937e+49,2.712410345644133e+48,7.553673631871387e+63,9.665898843931823e+62,5.920586417425622e+47,8.409903411216312e+47,1.4168756454805385e+49,4.5602311454255524e+48,0.002884527195894799,0.0011519175834134024,2.175384447347539e+49,0.0,2.175384447347539e+49,1664,2560,1.4146892884166571e+51,6.019687816999024e+47,2.840405881383568e+49,6.581922306915384e-16,8.093467307769725e-16,0.8720371131319754,-5.4045338993034925e+47,-8.112963841460668e+31,0.9877021740790658,14223.936264034563,0.7266053918695861,0.0003091800907108394,0.014588745708404162,7.814765862787324,0.14482418396233482,6.144215166538484e+64,8.60028181146574e+65,2.5113202749784175e+67,0.0028845271958948,0.0011519175834134,1.4168756454805388e+49,4.5602311454255427e+48,2.1196851775010934e+49,2.175384447347539e+49,0.0024466075584848,1.9029302818563634e-16,1.8323050703485838e-16,2.1348822678689673e-15,3.0069459536481925e-16,2.0706731226378795e-15,1.2247801969951145e-16,0.0,7.985860294811891e+65,2.505176059811879e+67,True
RECOMBINATION_WEIGHTED_AUDITOR,3,2,9,5.65,2560,2.899405468734142e+64,2.863749085005446e+64,3.565638372869579e+62,8.540893235628432e+52,1.0002623002383872e+49,1.2799645156375787e+48,3.564517524802019e+63,4.561259527653427e+62,2.7938768697887237e+47,3.968565436119505e+47,6.815265656540079e+48,2.0227921913846395e+48,0.0013874766777341018,0.0005109587252358003,1.0265463354194441e+49,0.0,1.0265463354194441e+49,1664,2560,6.675952572118417e+50,2.8406420191355686e+47,1.3403645742679671e+49,6.685667212118108e-16,9.168312526669797e-16,0.8720371131319782,-2.55035585813111e+47,-1.2169445762191002e+32,0.9877021740790662,14223.93626403456,0.7266215200382584,0.0003091800907108395,0.014588745708404172,7.814765862787488,0.14482418396233168,2.8994054687341415e+64,4.280180074752127e+65,1.2498314866791236e+67,0.0013874766777341,0.0005109587252358,6.815265656540071e+48,2.0227921913846386e+48,1.0002623002383871e+49,1.0265463354194441e+49,0.002319837113752,2.0162776860167587e-16,1.1427940861451642e-15,4.812929697483472e-16,1.2502721694823703e-15,6.365693267994359e-16,1.2977338187436873e-16,0.0,3.9902395278787124e+65,1.2469320812103895e+67,True
RECOMBINATION_WEIGHTED_AUDITOR,3,2,10,5.65,2560,2.78542198657845e+63,2.7511673518711664e+63,3.425463470728351e+61,8.205127589114026e+51,9.609392799572634e+47,1.2296456436821603e+47,3.4243866862341697e+62,4.38194406122966e+61,2.6840420026868826e+46,3.8125503797745193e+46,6.710045757466262e+47,1.7805640981499816e+47,0.00013660556263240018,4.4977173911702307e-05,9.861900185237746e+47,0.0,9.861900185237746e+47,1664,2560,6.413571520589449e+49,2.728968687347238e+46,1.2876712124113041e+48,8.719836684845741e-16,7.812163135946346e-16,0.8720371131319791,-2.450094461585978e+46,-5.070602400912918e+30,0.9877021740790661,14223.93626403456,0.7266293064153395,0.0003091800907108395,0.014588745708404165,7.81476586278744,0.14482418396233251,2.78542198657845e+63,4.294441459552901e+64,1.2539958740311413e+66,0.0001366055626324,4.497717391170231e-05,6.7100457574662525e+47,1.7805640981499822e+47,9.609392799572636e+47,9.861900185237746e+47,0.0022212369627854,0.0,1.45089273033944e-15,3.4173006674781143e-16,1.3889286536268893e-15,1.5066005683988364e-16,1.688548696192642e-16,0.0,4.015899260895056e+64,1.2512104520445628e+66,True
RECOMBINATION_WEIGHTED_AUDITOR,3,2,11,5.65,2560,7.063273515232188e+61,6.97641060710992e+61,8.686290812226782e+59,2.0806563841509965e+50,2.4367499784856255e+46,3.1181356182262667e+45,8.683560301935708e+60,1.1111734445283012e+60,6.806194136004776e+44,9.667865857563933e+44,1.7107791661262653e+46,4.422698156910704e+45,3.482866719180466e-06,1.117176654123363e-06,2.500780805346433e+46,0.0,2.500780805346433e+46,1664,2560,1.6263695669561785e+48,6.920119230090242e+44,3.265276864610376e+46,6.990265356830324e-16,8.732215352797719e-16,0.872037113131981,-6.21294992418555e+44,-1.5845632502852868e+29,0.9877021740790661,14223.936264034563,0.7266364545489237,0.0003091800907108395,0.014588745708404165,7.8147658627874454,0.14482418396233257,7.063273515232187e+61,1.1146647379269312e+63,3.2548702676550176e+64,3.482866719180466e-06,1.1171766541233624e-06,1.7107791661262656e+46,4.422698156910702e+45,2.436749978485626e+46,2.500780805346433e+46,0.0021700629931161,1.6165283019303183e-16,1.4819570232417354e-16,4.2993571636155763e-16,0.0,5.686430235504865e-16,2.080887430258298e-16,0.0,1.0440320027746093e+63,3.247806994139785e+64,True
RECOMBINATION_WEIGHTED_AUDITOR,3,2,12,5.65,2560,1.0055954450411663e+65,9.932288073111658e+64,1.2366637730000504e+63,2.962222230366632e+53,3.4691912663228574e+49,6.059125421025232e+48,1.2362750313343622e+64,2.1592195110293118e+63,2.5888432815897743e+48,3.677325252927267e+48,2.0191908806482072e+49,1.0460964034940973e+49,0.004110742553526704,0.0026424468468865966,3.560351700213163e+49,0.0,3.560351700213163e+49,1605,2560,2.2442839046857345e+51,2.6321764878624808e+48,1.2419995528424947e+50,7.011901178781737e-16,8.661974817990966e-16,0.825344728616034,-7.944466877651289e+47,-2.4338891524382005e+32,0.9877021740790659,14223.936264034563,0.7043012585206289,0.0008260297234139577,0.03897643459112705,5.72556437647705,0.1976690880613701,1.0055954450411662e+65,2.128018619423888e+65,2.3258445742262895e+66,0.0041107425535267,0.0026424468468866,2.0191908806482051e+49,1.0460964034940986e+49,3.469191266322858e+49,3.5603517002131627e+49,0.0432357112846066,1.1626955110331257e-16,1.0285896015671346e-15,1.2408743690332646e-15,1.0549939903731908e-15,1.3129675459854215e-15,1.4966879770910878e-16,1.458366278315695e-16,1.1224231743827218e+65,2.2252850297221727e+66,True
RECOMBINATION_WEIGHTED_AUDITOR,3,2,13,5.65,2560,5.622415815153632e+64,5.553272324203767e+64,6.914349094986428e+62,1.6562172390638873e+53,1.9396702657864556e+49,3.387736366663492e+48,6.91217558942833e+63,1.2072479034252524e+63,1.4474561794349337e+48,2.0560407031950304e+48,1.1602754366911533e+49,5.535668235674441e+48,0.0023621311175331026,0.0013983136760541003,1.9906392581132004e+49,0.0,1.9906392581132004e+49,1612,2560,1.2552175147497749e+51,1.4716843425069135e+48,6.944182138801871e+49,6.645746816010802e-16,9.632397282556677e-16,0.825344728616037,-4.4418554634604975e+47,-1.6225927682921336e+32,0.9877021740790661,14223.93626403456,0.7045308199494156,0.0008260297234139579,0.03897643459112707,5.725564376477131,0.19766908806136713,5.62241581515363e+64,4.076336336590602e+65,4.455282799051574e+66,0.0023621311175331,0.0013983136760541,1.1602754366911522e+49,5.53566823567444e+48,1.939670265786456e+49,1.9906392581132004e+49,0.0126196609031204,2.079535467144694e-16,1.0068874650160418e-15,1.172463882741661e-16,1.1015837328635274e-15,1.5507281249583616e-16,1.338448330657264e-16,0.0,3.514094755075239e+65,4.399058640900038e+66,True
RECOMBINATION_WEIGHTED_AUDITOR,3,2,14,5.65,2560,1.3678354708015888e+64,1.3510140682931926e+64,1.6821402508396434e+62,4.0292869852116374e+52,4.7188786429688216e+48,8.241770300157359e+47,1.6816114749368827e+63,2.93702308517498e+62,3.5214078249528256e+47,5.001987572072096e+47,2.7923001121424338e+48,1.3771784750196902e+48,0.0005684666567786986,0.0003478762479978007,4.842877290360983e+48,0.0,4.842877290360983e+48,1632,2560,3.055205608158784e+50,3.580350709883e+47,1.6893981088270872e+49,6.708381615082173e-16,7.43532554798819e-16,0.8253447286160372,-1.0806257770404847e+47,-2.028240960365167e+31,0.9877021740790664,14223.936264034566,0.7048724686422253,0.0008260297234139581,0.03897643459112712,5.7255643764771325,0.19766908806136746,1.3678354708015888e+64,2.295728623632961e+65,2.5091453215847615e+66,0.0005684666567787,0.0003478762479978,2.7923001121424406e+48,1.3771784750196873e+48,4.718878642968821e+48,4.842877290360983e+48,0.0054513999609144,0.0,2.440600706633256e-15,2.120761423376213e-15,2.479411602112399e-15,2.0258106616121528e-15,1.3754053800131639e-16,0.0,2.1589450765528023e+65,2.4954669668767457e+66,True
RECOMBINATION_WEIGHTED_AUDITOR,3,2,15,5.65,2560,1.3658357146680917e+64,1.3490389048125095e+64,1.6796809855582372e+62,4.023396224565128e+52,4.7119797090612405e+48,8.229720948418473e+47,1.6791529827183755e+63,2.9327291989187924e+62,3.516259576463285e+47,4.994674736909934e+47,2.8727350490430343e+48,1.2906478193311668e+48,0.0005848418950524004,0.00032601854372510066,4.83579707218277e+48,0.0,4.83579707218277e+48,1614,2560,3.0494471703761694e+50,3.5751162877284378e+47,1.686928232659842e+49,7.48843929253862e-16,7.236542986274524e-16,0.8253447286160405,-1.0790459174215588e+47,-4.056481920730334e+31,0.9877021740790664,14223.936264034564,0.7045740054267683,0.000826029723413958,0.03897643459112712,5.7255643764771325,0.19766908806136715,1.3658357146680917e+64,1.1425360386228115e+65,1.2487490579421173e+66,0.0005848418950524,0.0003260185437251,2.8727350490430327e+48,1.2906478193311643e+48,4.71197970906124e+48,4.83579707218277e+48,0.0109376315920424,0.0,5.648250676067923e-16,1.8857887612590386e-15,5.561514222856911e-16,1.9953506204230616e-15,1.3774191473463707e-16,0.0,1.0059524671560023e+65,1.2350907007954363e+66,True
RECOMBINATION_WEIGHTED_AUDITOR,3,2,16,5.65,2560,1.3789367819825234e+63,1.3619788574817296e+63,1.6957924500793878e+61,4.061988556135156e+51,4.757176918864506e+47,8.308660257858403e+46,1.6952593826474237e+62,2.960859875425078e+61,3.5499874640207235e+46,5.04258355144693e+46,2.9391384369395927e+47,1.264179511934085e+47,5.983605393243069e-05,3.193326307261132e-05,4.8821819355167875e+47,0.0,4.8821819355167875e+47,1614,2560,3.07868285090531e+49,3.609408727616666e+46,1.7031092126220328e+48,7.60716387529571e-16,8.323610717969351e-16,0.8253447286160397,-1.089396103060794e+46,-2.535301200456459e+30,0.9877021740790661,14223.936264034564,0.7045706750678347,0.0008260297234139579,0.03897643459112706,5.725564376477094,0.1976690880613681,1.3789367819825234e+63,1.146342921934028e+64,1.2529098386858975e+65,5.983605393243059e-05,3.1933263072611174e-05,2.939138436939588e+47,1.2641795119340795e+47,4.7571769188645065e+47,4.8821819355167875e+47,0.0110058740015068,0.0,1.6561922513405064e-15,4.331861528595541e-15,1.698707501422078e-15,4.456216541828209e-15,1.7054156235579223e-16,0.0,1.0084492437357757e+64,1.2391204708660722e+65,True
RECOMBINATION_WEIGHTED_AUDITOR,3,2,17,5.65,2560,3.6585265420960685e+61,3.613534619554255e+61,4.499192254181322e+59,1.0777066171913382e+50,1.2621505387716297e+46,2.204412448765819e+45,4.497777946162293e+60,7.855606278118067e+59,9.418650318802462e+44,1.3378732081670719e+45,7.792471207790486e+45,3.3595630854173695e+45,1.5864197534763753e-06,8.486279899563848e-07,1.295316248563612e+46,0.0,1.295316248563612e+46,1614,2560,8.168127333465318e+47,9.57630386236672e+44,4.5186047249445343e+46,6.847016875582273e-16,8.512747673768985e-16,0.8253447286160395,-2.8903316018402035e+44,-7.922816251426434e+28,0.9877021740790662,14223.93626403456,0.7045636875190846,0.0008260297234139581,0.038976434591127054,5.725564376477133,0.1976690880612173,3.658526542096068e+61,2.9754463873518098e+62,3.2520513555454546e+63,1.5864197534763702e-06,8.486279899563853e-07,7.792471207790461e+45,3.3595630854173714e+45,1.2621505387716297e+46,1.295316248563612e+46,0.0112499039594116,1.5604617610763609e-16,3.253526555121312e-15,5.659890444075755e-16,3.2035642977774388e-15,6.23825278330904e-16,0.0,0.0,2.609593733142203e+62,3.215466090124494e+63,True
RECOMBINATION_WEIGHTED_AUDITOR,4,1,0,5.55,2560,6.459438909570678e+64,6.409011436252847e+64,5.042747331783147e+62,1.95489729903674e+53,2.4223738858551685e+49,1.6783540020359928e+48,8.96408262413697e+63,6.210809997025006e+62,3.1564685601017407e+47,3.4771332895074152e+47,1.7222217084626548e+49,6.074746942829218e+48,0.0023309465640628016,0.0009629683858117011,1.707845351904013e+49,0.0,1.707845351904013e+49,1802,2560,2.8594415597034436e+51,3.1900512210623568e+47,1.8362943156704767e+49,7.022602390767315e-16,7.799734009797502e-16,0.9307144940821811,-6.626130201345977e+47,-1.6225927682921336e+32,0.9921932115120533,14613.512305565737,1.396980670113574,0.00015585000775320966,0.008971219065225926,14.433033096215777,0.07204174758814201,6.459438909570677e+64,1.9231342960329392e+65,1.2637621106345924e+67,0.0023309465640628,0.0009629683858117,1.7222217084626535e+49,6.074746942829212e+48,2.4223738858551685e+49,1.707845351904013e+49,0.0051112775539117,1.8100663637090306e-16,7.537207365667431e-16,1.0684183447065114e-15,7.442141757866867e-16,1.1258959156500381e-15,0.0,0.0,1.2771904050758713e+65,1.2573026717250218e+67,True
RECOMBINATION_WEIGHTED_AUDITOR,4,1,1,5.55,2560,1.383830104780988e+64,1.3730268358497096e+64,1.0803268931278402e+62,4.188050652749163e+52,5.1895434808044095e+48,3.5956014555007847e+47,1.9204094303988653e+63,1.3305653895454545e+62,6.762222353077108e+46,7.449194568938706e+46,4.017496141526062e+48,9.735008510185675e+47,0.0005437493199168007,0.00015431927484619982,3.658781893228142e+48,0.0,3.658781893228142e+48,1841,2560,6.128237714700807e+50,6.83416776178296e+46,3.9339629816731244e+48,5.869241727152702e-16,9.16203957487018e-16,0.9307144940821818,-1.419541012646631e+47,-4.056481920730334e+31,0.9921932115120532,14613.512305565735,1.3975160233708708,0.00015585000775320966,0.008971219065225917,14.433033096215679,0.07204174758814248,1.3838301047809877e+64,3.6838691821150493e+65,2.420805610141179e+67,0.0005437493199168,0.0001543192748462,4.017496141526058e+48,9.735008510185688e+47,5.189543480804411e+48,3.658781893228142e+48,0.0005716403246026,2.1122558792174963e-16,1.1308684790652216e-15,1.3334084025458618e-15,1.1963625142388026e-15,1.2294989098028112e-15,2.5013264065233295e-16,0.0,3.5454861716369505e+65,2.419421780036398e+67,True
RECOMBINATION_WEIGHTED_AUDITOR,4,1,2,5.55,2560,7.200319784148888e+63,7.144108410548458e+63,5.621137360042936e+61,2.1791189444299593e+52,2.7002138822128522e+48,1.8708568491544984e+47,9.992239630858063e+62,6.923173780761346e+61,3.518507309925946e+46,3.875951451366427e+46,2.1263626326607537e+48,4.705438997155034e+47,0.00028779324103260013,7.459058028704728e-05,1.903730780294429e+48,0.0,1.903730780294429e+48,1842,2560,3.1886748590366145e+50,3.5559418149199974e+46,2.0469125067584313e+48,6.286347844026908e-16,8.699811440693412e-16,0.9307144940821841,-7.386130134369269e+46,-2.028240960365167e+31,0.992193211512053,14613.512305565735,1.3975341199853173,0.00015585000775320966,0.008971219065225917,14.433033096215606,0.07204174758814293,7.200319784148887e+63,2.0746972842222128e+65,1.3633597114070777e+67,0.0002877932410326,7.459058028704731e-05,2.1263626326607528e+48,4.705438997155036e+47,2.700213882212852e+48,1.903730780294429e+48,0.000528130597076,2.0297732338893046e-16,4.578502490692538e-16,5.172501766380902e-16,3.7672954673827457e-16,3.6338441406179027e-16,1.201825365746511e-16,0.0,2.0026940863807238e+65,1.362639679428663e+67,True
RECOMBINATION_WEIGHTED_AUDITOR,4,1,3,5.55,2560,3.6772640752907655e+63,3.648556452440646e+63,2.8707622850119315e+61,1.1128944339081213e+52,1.3790220160112552e+48,9.554623805115492e+46,5.1031211012518e+62,3.535723272601449e+61,1.796931374898377e+46,1.9794811143051343e+46,1.1012174243151928e+48,2.250446563520926e+47,0.00014904462990329994,3.5674060418062756e-05,9.722513745588392e+47,0.0,9.722513745588392e+47,1841,2560,1.6284546481346744e+50,1.8160494924983697e+46,1.0453754905353663e+48,6.250066160805702e-16,7.789680981773739e-16,0.9307144940821829,-3.772158989150963e+46,-5.070602400912918e+30,0.9921932115120534,14613.512305565735,1.3975096526052817,0.00015585000775320974,0.00897121906522592,14.43303309621604,0.07204174758814073,3.6772640752907655e+63,1.0325333717822471e+65,6.785155648858727e+66,0.0001490446299033,3.56740604180627e-05,1.1012174243151933e+48,2.250446563520923e+47,1.3790220160112557e+48,9.722513745588392e+47,0.0005419572174308,0.0,4.420360772899588e-16,1.2617661714520556e-15,3.6371728830113964e-16,1.5195945734516712e-15,3.5298771508784016e-16,0.0,9.957607310293395e+64,6.781478384783436e+66,True
RECOMBINATION_WEIGHTED_AUDITOR,4,1,4,5.55,2560,3.6624527374515734e+62,3.633860743583188e+62,2.859199386838535e+60,1.108411901486605e+51,1.3734675710356902e+47,9.516139552093048e+45,5.0825666757013395e+61,3.521482034870322e+60,1.7896936685159864e+45,1.9715081314216806e+45,1.1250750117300232e+47,1.9584513119826098e+46,1.522736428195458e-05,3.1045354091942307e-06,9.683353263016655e+46,0.0,9.683353263016655e+46,1840,2560,1.621864419012597e+49,1.8087347818832602e+45,1.041164911898068e+47,6.943337701242033e-16,8.377002397049052e-16,0.9307144940821837,-3.7569654321946076e+45,-9.50737950171172e+29,0.9921932115120534,14613.512305565739,1.3974828416501495,0.0001558500077532097,0.008971219065225935,14.433033096215995,0.07204174758814093,3.662452737451573e+62,1.035973730710474e+64,6.807763509731705e+65,1.5227364281954563e-05,3.104535409194235e-06,1.125075011730022e+47,1.958451311982613e+46,1.3734675710356902e+47,9.683353263016655e+46,0.0005379817809793,1.247031141168265e-16,1.08165639049063e-15,1.5534526806631998e-15,1.1125141969028607e-15,1.3641863203521056e-15,0.0,0.0,9.993492033359583e+63,6.804101056994254e+65,True
RECOMBINATION_WEIGHTED_AUDITOR,4,1,5,5.55,2560,9.376707423136397e+60,9.303505451570613e+60,7.320197156578398e+58,2.837785181029821e+49,3.5163876483847084e+45,2.436346972215152e+44,1.301252032259559e+60,9.01579053816977e+58,4.582020604692091e+43,5.047506754595973e+43,2.887995760065908e+45,4.938585865882475e+44,3.9087672399408537e-07,7.828642253279788e-08,2.479157464441708e+45,0.0,2.479157464441708e+45,1840,2560,4.152344032698392e+47,4.630770161848133e+43,2.6656176769933963e+45,7.086292832592922e-16,8.728786059188536e-16,0.9307144940821827,-9.618681299636022e+43,-1.9807040628566084e+28,0.9921932115120534,14613.51230556574,1.3974842781481616,0.0001558500077532097,0.008971219065225937,14.433033096216061,0.07204174758814072,9.376707423136396e+60,2.6889722398541457e+62,1.767022324070549e+64,3.908767239940856e-07,7.828642253279823e-08,2.887995760065909e+45,4.9385858658824965e+44,3.5163876483847084e+45,2.4791574644417078e+45,0.0005306501958354,1.5221203225178188e-16,4.389378328586256e-16,4.331524136622218e-15,5.417519739977642e-16,4.395489328662262e-15,0.0,1.2783078711316315e-16,2.595205165622782e+62,1.7660846533282352e+64,True
RECOMBINATION_WEIGHTED_AUDITOR,4,1,6,5.55,2560,1.2448257197630078e+65,1.2351076286644622e+65,9.718091098545734e+62,3.7673650473426514e+53,4.668258897110914e+49,3.754769262708159e+48,1.7275061751993612e+64,1.3894660152185187e+63,1.1286388392678491e+48,1.2432969329886636e+48,3.283933243345019e+49,1.2057229667015592e+49,0.004444650112452598,0.0019113110552715989,3.291260818765328e+49,0.0,3.291260818765328e+49,1792,2560,5.4246250029030215e+51,1.1406467825641061e+48,6.565923422109659e+49,6.0942285061771e-16,8.056345279937128e-16,0.9195681013957552,-1.2265346847508224e+48,-3.2451855365842673e+32,0.9921932115120535,14613.512305565739,1.3751976945351314,0.0002891655782328954,0.016645284692946075,12.432878215648044,0.08363155411111545,1.2448257197630078e+65,7.952805534504271e+65,2.8166722478593306e+67,0.0044446501124526,0.0019113110552716,3.283933243345021e+49,1.20572296670156e+49,4.668258897110914e+49,3.291260818765328e+49,0.0044194908396213,0.0,4.743363954541851e-16,6.459564512658101e-16,3.902947210887586e-16,5.672557428552297e-16,0.0,0.0,6.707979814741263e+65,2.8042239906617e+67,True
RECOMBINATION_WEIGHTED_AUDITOR,4,1,7,5.55,2560,1.3267376340838446e+65,1.3163800739955533e+65,1.035756008829132e+63,4.015264876269706e+53,4.97543926520327e+49,4.001840264904369e+48,1.8411793870916945e+64,1.4808955377479558e+63,1.2029054345297762e+48,1.3251082502144323e+48,3.625187647827798e+49,1.1598965317480203e+49,0.00490652199438961,0.001838667028269302,3.5078320784317473e+49,0.0,3.5078320784317473e+49,1792,2560,5.782175632598474e+51,1.2157035234719953e+48,6.997973747107301e+49,6.458681060420841e-16,8.178525121695632e-16,0.9195681013957567,-1.3072430139681608e+48,-1.6225927682921336e+32,0.9921932115120534,14613.512305565742,1.375340391766999,0.0002891655782328953,0.016645284692946096,12.432878215648039,0.08363155411111532,1.3267376340838444e+65,1.5234035023112324e+66,5.395490118091043e+67,0.0049065219943896,0.0018386670282693,3.62518764782779e+49,1.1598965317480191e+49,4.97543926520327e+49,3.5078320784317473e+49,0.0024589751904749,1.7625207574247998e-16,2.1484254180522367e-15,1.0072163862837848e-15,2.121327667085222e-15,1.0614014829595728e-15,0.0,0.0,1.3907297389028478e+66,5.382222741750204e+67,True
RECOMBINATION_WEIGHTED_AUDITOR,4,1,8,5.55,2560,6.344888265280892e+64,6.295355064614189e+64,4.953320066670244e+62,1.920229466697119e+53,2.379415899376757e+49,1.913809383560128e+48,8.805115033540157e+63,7.082121195764634e+62,5.75268265534726e+47,6.337096024880731e+47,1.7767913085116292e+49,5.115906352429805e+48,0.0024048039664585005,0.0008109730542731999,1.677558698814368e+49,0.0,1.677558698814368e+49,1806,2560,2.7653162780147858e+51,5.8138872539517004e+47,3.3466572717992853e+49,6.73112965830522e-16,7.199285768892553e-16,0.9195681013957568,-6.251658689794019e+47,-1.6225927682921336e+32,0.9921932115120533,14613.512305565739,1.375386631354903,0.00028916557823289546,0.016645284692946065,12.432878215648065,0.08363155411111528,6.34488826528089e+64,8.579569340747063e+65,3.0386553218006454e+67,0.0024048039664585,0.0008109730542732,1.776791308511629e+49,5.115906352429805e+48,2.379415899376757e+49,1.677558698814368e+49,0.0020880579050081,1.8427453108395457e-16,1.4611442642873676e-16,0.0,1.8033938526510068e-16,1.3369151623134685e-16,0.0,0.0,7.945080514218974e+65,3.032310433535364e+67,True
RECOMBINATION_WEIGHTED_AUDITOR,4,1,9,5.55,2560,2.9694666895623303e+64,2.9462846911949146e+64,2.318199836741602e+62,8.986852406644704e+52,1.1135887597070983e+49,8.956805820759408e+47,4.120875687115739e+63,3.3144985542681306e+62,2.6923089590326176e+47,2.9658198486191967e+47,8.472180292129314e+48,2.2376599302097072e+48,0.0011466699928947004,0.0003547136681196004,7.851130654535269e+48,0.0,7.851130654535269e+48,1808,2560,1.2942077287397157e+51,2.720953280130977e+47,1.5662667133744346e+49,6.111708559160016e-16,7.885173297114399e-16,0.9195681013957558,-2.9258343815822e+47,-8.112963841460668e+31,0.9921932115120535,14613.512305565737,1.3754015144886562,0.0002891655782328955,0.016645284692946058,12.43287821564811,0.08363155411111492,2.9694666895623303e+64,4.269871912018346e+65,1.5122750913895958e+67,0.0011466699928947,0.0003547136681196,8.47218029212931e+48,2.237659930209705e+48,1.1135887597070983e+49,7.851130654535269e+48,0.0019635757452261,0.0,4.596482262681388e-16,1.0151810134063115e-15,3.78208963068267e-16,1.0697945821528893e-15,0.0,0.0,3.9729252430621123e+65,1.5093056247000333e+67,True
RECOMBINATION_WEIGHTED_AUDITOR,4,1,10,5.55,2560,2.8624395583730297e+63,2.84009309818128e+63,2.2346460191749466e+61,8.662943391303433e+51,1.0734521888221534e+48,8.633979760785394e+46,3.9723488474882713e+62,3.19503559721887e+61,2.5952712972957934e+46,2.8589241588518316e+46,8.354715145767045e+47,1.9691151985956403e+47,0.00011307716345139997,3.121439793483606e-05,7.568155939411884e+47,0.0,7.568155939411884e+47,1809,2560,1.2475658198415883e+50,2.622883204215944e+46,1.5098144778268928e+48,5.34669623027837e-16,8.096712690864567e-16,0.9195681013957566,-2.8203798697345154e+46,-5.070602400912918e+30,0.9921932115120534,14613.51230556574,1.3754066177945905,0.00028916557823289535,0.01664528469294609,12.432878215648103,0.08363155411111504,2.8624395583730297e+63,4.284098950442853e+64,1.5173139300894332e+66,0.0001130771634514,3.121439793483605e-05,8.354715145767048e+47,1.96911519859564e+47,1.0734521888221536e+48,7.568155939411884e+47,0.0018865176820753,0.0,3.884256351012104e-16,2.0600531262078469e-16,2.397040523906246e-16,2.1708775521413856e-16,1.5115650097770308e-16,0.0,3.99785499460555e+64,1.5144514905310601e+66,True
RECOMBINATION_WEIGHTED_AUDITOR,4,1,11,5.55,2560,7.327416991221162e+61,7.270213396607712e+61,5.720359461344949e+59,2.217583893212518e+50,2.747876993465569e+46,2.2101696371537457e+45,1.0168618706725601e+61,8.178813087646353e+59,6.6435062165793195e+44,7.318418094420972e+44,2.1475357564789116e+46,4.952103465257722e+45,2.9065892435156502e-06,7.850070340693036e-07,1.9373346857384075e+46,0.0,1.9373346857384075e+46,1809,2560,3.193588381909533e+48,6.714188567001324e+44,3.8648991647909413e+46,6.99603493325045e-16,7.429378980114139e-16,0.9195681013957555,-7.21975048127728e+44,-1.5845632502852868e+29,0.9921932115120534,14613.512305565737,1.3754094361177105,0.0002891655782328954,0.01664528469294608,12.43287821564811,0.08363155411111503,7.327416991221161e+61,1.1119802374359505e+63,3.938338315157993e+64,2.9065892435156515e-06,7.850070340693038e-07,2.147535756478913e+46,4.952103465257724e+45,2.7478769934655696e+46,1.9373346857384075e+46,0.001860535181302,1.5582546421648098e-16,5.902814872366371e-16,3.8397337892522907e-16,4.371272699491117e-16,2.6975329853525894e-16,1.8452799790422828e-16,0.0,1.0387060675237388e+63,3.931010898166772e+64,True
RECOMBINATION_WEIGHTED_AUDITOR,4,1,12,5.55,2560,1.4099600861704516e+65,1.398952826001272e+65,1.1007260169179634e+63,4.267130942472869e+53,5.287534320940594e+49,6.460490336491423e+48,1.9566712970132033e+64,2.3907279345650152e+63,3.4859863401941354e+48,3.840126685710129e+48,3.5093732947742495e+49,1.5758655111833205e+49,0.004749772682153733,0.0024980607123920927,3.727868338484577e+49,0.0,3.727868338484577e+49,1721,2560,5.9356834263050264e+51,3.523074844371183e+48,2.0279932396339502e+50,6.865161932572618e-16,6.976004392854591e-16,0.8778165786857364,-1.2455052621529581e+48,-3.2451855365842673e+32,0.9921932115120534,14613.512305565735,1.3285193327899545,0.0007885314470901086,0.045390362526429334,8.184416422813133,0.12704399110859235,1.4099600861704514e+65,2.1667883853670383e+65,2.814232841414307e+66,0.0047497726821538,0.0024980607123921,3.509373294774299e+49,1.5758655111833252e+49,5.287534320940593e+49,3.7278683384845766e+49,0.0501010458488526,1.6584885222394533e-16,1.4055734746010614e-14,2.9653971988842597e-15,1.406106319067513e-14,2.9513192919324924e-15,1.963976607384432e-16,1.3928326826707508e-16,7.568282991965866e+64,2.673236832797262e+66,True
RECOMBINATION_WEIGHTED_AUDITOR,4,1,13,5.55,2560,6.352129033499804e+64,6.302539305687126e+64,4.9589727812677065e+62,1.9224208270354182e+53,2.3821312819498524e+49,2.910569500483777e+48,8.815163405463046e+63,1.0770668243238146e+63,1.570500843188688e+48,1.730047570273391e+48,1.601957810570698e+49,6.890356280689699e+48,0.0021681750009158985,0.0010922587109764967,1.679473123971104e+49,0.0,1.679473123971104e+49,1735,2560,2.6744723191918215e+51,1.587209895203911e+48,9.136481850496024e+49,6.867124804517921e-16,6.739159891616833e-16,0.8778165786857391,-5.611229860121136e+47,-1.6225927682921336e+32,0.9921932115120533,14613.512305565737,1.328687235649972,0.0007885314470901087,0.04539036252642934,8.184416422813161,0.12704399110859074,6.352129033499803e+64,4.1506019488520045e+65,5.390817301302313e+66,0.0021681750009159,0.0010922587109765,1.601957810570699e+49,6.89035628068972e+48,2.382131281949852e+49,1.679473123971104e+49,0.0117832393094925,1.8406447723253078e-16,6.482438955973587e-16,3.014239988191196e-15,6.000634664789546e-16,2.9778718949731437e-15,2.1796854345847651e-16,0.0,3.515389045502024e+65,5.327296010967315e+66,True
RECOMBINATION_WEIGHTED_AUDITOR,4,1,14,5.55,2560,2.083650536017572e+64,2.0673839170000862e+64,1.6266619017485916e+62,6.306000973183504e+52,7.813961423520236e+48,9.547365407434249e+47,2.891584830536035e+63,3.53303727615336e+62,5.151619097263821e+47,5.674970593520862e+47,5.223215155675067e+48,2.2917923028623245e+48,0.0007069377514320995,0.00036329472738080073,5.50907429073655e+48,0.0,5.50907429073655e+48,1760,2560,8.773802235949972e+50,5.206428791783963e+47,2.9969849801070604e+49,6.987964594239655e-16,9.219686522730095e-16,0.8778165786857342,-1.8406178533368784e+47,-4.056481920730334e+31,0.9921932115120533,14613.512305565742,1.328822356029091,0.0007885314470901084,0.04539036252642942,8.184416422813081,0.12704399110859174,2.083650536017572e+64,2.3375538504401114e+65,3.036023664751502e+66,0.0007069377514321,0.0003632947273808,5.22321515567507e+48,2.29179230286232e+48,7.813961423520238e+48,5.5090742907365496e+48,0.0068630905622012,0.0,6.213003753173645e-16,1.9824046644818943e-15,6.134640116695706e-16,1.939833856649639e-15,1.6612242424520653e-16,1.178123715645299e-16,2.1291887968383543e+65,3.0151871593913262e+66,True
RECOMBINATION_WEIGHTED_AUDITOR,4,1,15,5.55,2560,1.602291142192486e+64,1.5897823941492792e+64,1.2508748043206963e+62,4.849205434084323e+52,6.008800879954603e+48,7.341758495090414e+47,2.223578609166052e+63,2.7168444202913115e+62,3.9615057826692425e+47,4.363954011011943e+47,4.089837617893283e+48,1.6890728453454087e+48,0.0005535404005278985,0.00026775168854079626,4.236382629977202e+48,0.0,4.236382629977202e+48,1741,2560,6.746325092100209e+50,4.003653487631203e+47,2.3046294970784694e+49,7.609580404992849e-16,7.911919956767509e-16,0.8778165786857378,-1.4154032221735984e+47,-4.056481920730334e+31,0.9921932115120536,14613.51230556574,1.3287087665924686,0.0007885314470901088,0.045390362526429355,8.184416422813163,0.12704399110859124,1.602291142192486e+64,1.1633515777326211e+65,1.5109653708115613e+66,0.0005535404005279,0.0002677516885408,4.089837617893294e+48,1.689072845345432e+48,6.008800879954603e+48,4.2363826299772016e+48,0.0106044200161375,0.0,2.5391212774894564e-15,1.3833231602647832e-14,2.546269112221945e-15,1.3970023925750195e-14,0.0,1.5320549723818177e-16,1.0031224635133725e+65,1.4949424593896364e+66,True
RECOMBINATION_WEIGHTED_AUDITOR,4,1,16,5.55,2560,1.6260792924881081e+63,1.6133848353870235e+63,1.2694457101084458e+61,4.921198360115545e+51,6.0980095478832286e+47,7.450756697674515e+46,2.2565906010295243e+62,2.7571796013940986e+61,4.020319622722156e+46,4.4287427320899007e+46,4.211681887008144e+47,1.6530242141296764e+47,5.700314526990171e-05,2.620372624850127e-05,4.2992773836570875e+47,0.0,4.2992773836570875e+47,1741,2560,6.846466330233628e+49,4.0630930666112375e+46,2.3388447975370453e+48,6.772271357949608e-16,8.503717568926774e-16,0.8778165786857371,-1.4364167718908465e+46,-3.802951800684688e+30,0.9921932115120534,14613.512305565739,1.328705474948792,0.0007885314470901086,0.045390362526429404,8.184416422813138,0.1270439911085908,1.6260792924881081e+63,1.1672278175680714e+64,1.5159998455760522e+65,5.700314526990165e-05,2.620372624850125e-05,4.21168188700814e+47,1.6530242141296754e+47,6.0980095478832286e+47,4.2992773836570875e+47,0.0107261177976586,0.0,9.63150121390564e-16,6.134940259883137e-16,1.069877318410202e-15,7.757977068343827e-16,0.0,0.0,1.0046198883192606e+64,1.4997390526511713e+65,True
RECOMBINATION_WEIGHTED_AUDITOR,4,1,17,5.55,2560,4.3550000544935695e+61,4.321001490203142e+61,3.3998564290427486e+59,1.3180057839420276e+50,1.6331818525711885e+46,1.9954774637552503e+45,6.043648815806517e+60,7.384336895371748e+59,1.0767305294962787e+45,1.186115273018329e+45,1.1232973391903382e+46,4.4740068938825086e+45,1.520330431523806e-06,7.092192048918639e-07,1.1514415887715802e+46,0.0,1.1514415887715802e+46,1738,2560,1.8336262787706167e+48,1.0881862039722017e+45,6.263943749717437e+46,6.397743069577039e-16,8.562308531998027e-16,0.8778165786857377,-3.847041868596896e+44,-7.922816251426434e+28,0.9921932115120533,14613.512305565742,1.3286990569661554,0.0007885314470901084,0.04539036252642941,8.184416422813092,0.12704399110763942,4.355000054493569e+61,3.0296551987602608e+62,3.934927478886429e+63,1.520330431523803e-06,7.092192048918644e-07,1.123297339190336e+46,4.474006893882512e+45,1.6331818525711885e+46,1.1514415887715802e+46,0.0110675484563848,1.3109048678273144e-16,1.9184644574528214e-15,7.083418903318738e-16,1.9499809080442194e-15,7.464484723233846e-16,0.0,0.0,2.594155193310904e+62,3.8913774783414935e+63,True
RECOMBINATION_WEIGHTED_AUDITOR,4,2,0,5.55,2560,6.708344052568665e+64,6.659109758691797e+64,4.923429387686824e+62,2.051279840155783e+53,2.4925497456913674e+49,1.6557626596071155e+48,9.223770944534078e+63,6.127209913113461e+62,3.2529893256926986e+47,3.591639998495055e+47,1.7472374719531945e+49,6.003476005828025e+48,0.0023648042303953017,0.0009516705227393027,6.702955401730377e+48,0.0,6.702955401730377e+48,1779,2560,3.038085166261703e+51,3.285517424015521e+47,2.0201624241791342e+49,5.993120557889362e-16,7.811670286355944e-16,0.9335715300178455,-6.824056210452241e+47,-1.6225927682921336e+32,0.9926607381059985,14765.054073920024,1.4291854396780577,0.00015455832892233867,0.009503310685572934,15.053786430253279,0.07053046464546076,6.708344052568664e+64,1.9231342960329392e+65,1.265980464084233e+67,0.0023648042303953,0.0009516705227393,1.7472374719531932e+49,6.003476005828009e+48,2.4925497456913674e+49,6.702955401730377e+48,0.0052989317314791,1.7429059999047427e-16,7.429294732230193e-16,2.5946452622585357e-15,7.33559020945607e-16,2.8481552874116576e-15,0.0,0.0,1.2522998907760727e+65,1.2592721200316644e+67,True
RECOMBINATION_WEIGHTED_AUDITOR,4,2,1,5.55,2560,1.439614427181793e+64,1.429048719874323e+64,1.0565707307470007e+62,4.4020581367538635e+52,5.349025849369809e+48,3.5532760306868595e+47,1.979426460645978e+63,1.314902712229241e+62,6.980933488261404e+46,7.707679747130492e+46,4.0758514234312314e+48,9.620794175866003e+47,0.0005516474344965982,0.00015250875015779952,1.4384580196646695e+48,0.0,1.4384580196646695e+48,1815,2560,6.5218998352324384e+50,7.050738971205279e+46,4.3352799861021446e+48,6.655388038266946e-16,7.164552047330298e-16,0.933571530017846,-1.4644463216976624e+47,-4.056481920730334e+31,0.9926607381059984,14765.054073920024,1.4296571523198622,0.00015455832892233865,0.009503310685572941,15.053786430253282,0.07053046464546103,1.4396144271817928e+64,3.6838691821150493e+65,2.425054987797761e+67,0.0005516474344966,0.0001525087501578,4.075851423431245e+48,9.620794175866035e+47,5.349025849369809e+48,1.4384580196646693e+48,0.0005936419728317,2.0304070447417736e-16,3.344032408860411e-15,3.3730952739066837e-15,3.3411624489966107e-15,3.19910154082083e-15,0.0,1.1280084271561775e-16,3.53990773939687e+65,2.4236153733705793e+67,True
RECOMBINATION_WEIGHTED_AUDITOR,4,2,2,5.55,2560,7.493275903499288e+63,7.438280789199497e+63,5.499511429979076e+61,2.2912965818572805e+52,2.7841987234555627e+48,1.849500613254479e+47,1.0303028588942008e+63,6.844144253459143e+61,3.633616036616362e+46,4.0118916447736126e+46,2.157248658805e+48,4.6502332331149435e+47,0.0002919735202710004,7.371545896947611e-05,7.48725673585337e+47,0.0,7.48725673585337e+47,1824,2560,3.3947245371407824e+50,3.6699501920262545e+46,2.256538170319385e+48,6.59217527745088e-16,8.229622584307324e-16,0.9335715300178412,-7.622527342843595e+46,-3.0423614405477506e+31,0.9926607381059986,14765.054073920022,1.4296732221383384,0.00015455832892233867,0.009503310685572941,15.053786430253407,0.07053046464546006,7.493275903499286e+63,2.0746972842222128e+65,1.3657528941852685e+67,0.000291973520271,7.371545896947577e-05,2.1572486588049973e+48,4.650233233114923e+47,2.7841987234555627e+48,7.48725673585337e+47,0.0005486553193774,1.9504174891630452e-16,1.203453490941346e-15,4.361589749782413e-15,1.299675258282717e-15,4.596229659806025e-15,0.0,0.0,1.9997645251872198e+65,1.3650035665949186e+67,True
RECOMBINATION_WEIGHTED_AUDITOR,4,2,3,5.55,2560,3.828024689736741e+63,3.7999298140020605e+63,2.8094875734681157e+61,1.1705347567361073e+52,1.4223393869087669e+48,9.448382926771893e+46,5.263418606956044e+62,3.496408449357443e+61,1.8562738220669498e+46,2.0495201920391147e+46,1.1172129227478097e+48,2.2240435813452487e+47,0.00015120954583310026,3.5255520561742536e-05,3.8249497299118295e+47,0.0,3.8249497299118295e+47,1815,2560,1.7342072340359487e+50,1.8748355360330466e+46,1.1527780293372191e+48,7.991443464475713e-16,7.911445224695337e-16,0.933571530017843,-3.8940542484192055e+46,-1.0141204801825835e+31,0.9926607381059988,14765.054073920026,1.429651651817756,0.0001545583289223387,0.009503310685572945,15.053786430253405,0.07053046464546013,3.828024689736741e+63,1.0325333717822471e+65,6.797066018154761e+66,0.0001512095458331,3.525552056174249e-05,1.1172129227478079e+48,2.2240435813452463e+47,1.4223393869087669e+48,3.8249497299118295e+47,0.000563187804784,0.0,1.5975934477480482e-15,1.0943531740353862e-15,1.79254915176157e-15,1.3454302841216184e-15,0.0,0.0,9.942531248848797e+64,6.793237993465025e+66,True
RECOMBINATION_WEIGHTED_AUDITOR,4,2,4,5.55,2560,3.8147290165324783e+62,3.7867317212255e+62,2.799729530697844e+60,1.1664692010354036e+51,1.417399251667583e+47,9.415566364214326e+45,5.245137456909402e+61,3.4842645610863585e+60,1.8498265255847712e+45,2.0424017032864604e+45,1.1414170484516935e+47,1.9354741145141553e+46,1.544854610865546e-05,3.0681119746628574e-06,3.811664736800895e+46,0.0,3.811664736800895e+46,1815,2560,1.728155481690732e+49,1.868323770143535e+45,1.1487741471271034e+47,6.808241384025287e-16,8.009936307924302e-16,0.9335715300178432,-3.880529238283922e+45,-6.338253001141147e+29,0.9926607381059985,14765.054073920026,1.4296281385296437,0.00015455832892233865,0.009503310685572947,15.053786430253224,0.07053046464546106,3.8147290165324783e+62,1.035973730710474e+64,6.8197135638906865e+65,1.5448546108655447e-05,3.0681119746628727e-06,1.1414170484516925e+47,1.9354741145141652e+46,1.417399251667583e+47,3.811664736800895e+46,0.0005593679237102,0.0,8.88474972016771e-16,5.108657670816824e-15,8.772687773172156e-16,4.969373079107622e-15,0.0,0.0,9.978264405451492e+63,6.815898834874154e+65,True
RECOMBINATION_WEIGHTED_AUDITOR,4,2,5,5.55,2560,9.767135579934455e+60,9.695452013959097e+60,7.168356597535835e+58,2.986598205784667e+49,3.6290731535417983e+45,2.4107377704313147e+44,1.3429517130837752e+60,8.921022756008233e+58,4.736248996047588e+43,5.229313604776199e+43,2.9299447254868444e+45,4.880644745793892e+44,3.965543203414926e-07,7.736794037364057e-08,9.759289875701337e+44,0.0,9.759289875701337e+44,1815,2560,4.424729568184863e+47,4.783608872641096e+43,2.9412922378200764e+45,5.391339407703268e-16,7.196247193047525e-16,0.9335715300178419,-9.935608801558047e+43,-1.9807040628566084e+28,0.9926607381059986,14765.054073920026,1.429629441284849,0.00015455832892233867,0.009503310685572948,15.053786430253284,0.07053046464546087,9.767135579934455e+60,2.6889722398541457e+62,1.7701240787720137e+64,3.9655432034149307e-07,7.736794037364062e-08,2.9299447254868476e+45,4.8806447457938956e+44,3.6290731535417983e+45,9.759289875701335e+44,0.0005517768893754,0.0,1.0816335451666184e-15,6.493253792548011e-16,1.2014899558281031e-15,6.842570572219907e-16,0.0,1.6236460546484326e-16,2.591300884054801e+62,1.7691473652140203e+64,True
RECOMBINATION_WEIGHTED_AUDITOR,4,2,6,5.55,2560,1.2925304195933061e+65,1.283044200337947e+65,9.486219255359056e+62,3.952304133066386e+53,4.802521074365653e+49,3.726386109686303e+48,1.777190381970073e+64,1.378962726262709e+63,1.1629146689162452e+48,1.2839792638506043e+48,3.33163331409119e+49,1.1915770267291707e+49,0.0045092099281052135,0.0018888869228604924,1.2914921611088767e+49,0.0,1.2914921611088767e+49,1760,2560,5.7563588467079916e+51,1.1745431739324768e+48,7.221900478173439e+49,6.121718666503938e-16,7.755463445380045e-16,0.9224077093679764,-1.2618398761877323e+48,-3.2451855365842673e+32,0.9926607381059982,14765.054073920022,1.4054359354887007,0.0002867689851149054,0.01763253251723983,12.887878316962547,0.08238365737841101,1.292530419593306e+65,7.952805534504271e+65,2.8216165127213366e+67,0.0045092099281052,0.0018888869228605,3.3316333140911797e+49,1.1915770267291756e+49,4.802521074365654e+49,1.2914921611088767e+49,0.0045808153367613,1.8091664105400487e-16,3.116967786685248e-15,4.139624971746957e-15,3.077653963572717e-15,4.017929880050862e-15,2.1623213217114963e-16,0.0,6.660275114910965e+65,2.8086912085254037e+67,True
RECOMBINATION_WEIGHTED_AUDITOR,4,2,7,5.55,2560,1.3785205408100448e+65,1.3684032175347794e+65,1.0117323275265427e+63,4.215245032820786e+53,5.122025639264471e+49,3.974297020265138e+48,1.8954242076922667e+64,1.4707030599424197e+63,1.2402816475412409e+48,1.3694004894284092e+48,3.677844536520602e+49,1.1462882426422897e+49,0.004977790631388981,0.0018170951795698892,1.3774132085370395e+49,0.0,1.3774132085370395e+49,1792,2560,6.13993289559804e+51,1.252683779654179e+48,7.70236274669689e+49,5.689509152949048e-16,9.300463005009037e-16,0.9224077093679756,-1.3457882013216412e+48,-3.2451855365842673e+32,0.9926607381059985,14765.054073920024,1.4055760549804124,0.00028676898511490546,0.017632532517239848,12.887878316962741,0.08238365737841027,1.3785205408100446e+65,1.5234035023112324e+66,5.404961128509261e+67,0.004977790631389,0.0018170951795699,3.677844536520616e+49,1.1462882426422967e+49,5.122025639264471e+49,1.3774132085370395e+49,0.0025504726269701,1.696313221677027e-16,3.811798290774614e-15,6.115042009734185e-15,3.833419211209423e-15,5.96667794111991e-15,0.0,0.0,1.385551448230228e+66,5.391175923101161e+67,True
RECOMBINATION_WEIGHTED_AUDITOR,4,2,8,5.55,2560,6.595765469099196e+64,6.547357418930064e+64,4.84080501691313e+62,2.016855520697124e+53,2.4507200903549394e+49,1.9015698550857593e+48,9.068978784345916e+63,7.036828375706849e+62,5.93433802444677e+47,6.552129035547126e+47,1.8025997110694257e+49,5.055884849842205e+48,0.0024397344327105066,0.0008014584506190011,6.590467249919367e+48,0.0,6.590467249919367e+48,1792,2560,2.9378645417444413e+51,5.9936781302428415e+47,3.6853261689728983e+49,8.370335402432671e-16,9.123983911542446e-16,0.9224077093679766,-6.439152035980867e+47,-4.056481920730334e+31,0.9926607381059983,14765.054073920019,1.405628421703362,0.00028676898511490546,0.017632532517239823,12.88787831696256,0.08238365737841091,6.595765469099195e+64,8.579569340747063e+65,3.043989246167154e+67,0.0024397344327105,0.000801458450619,1.802599711069421e+49,5.0558848498421986e+48,2.4507200903549394e+49,6.590467249919367e+48,0.0021668162847172,1.772654463446839e-16,2.5924042614591127e-15,1.2837260471569285e-15,2.6663611201674263e-15,1.3527865002211008e-15,0.0,0.0,7.919992793837144e+65,3.037393480698055e+67,True
RECOMBINATION_WEIGHTED_AUDITOR,4,2,9,5.55,2560,3.0880548002871655e+64,3.06539075736483e+64,2.2664042922335777e+62,9.442664996736194e+52,1.147396458324093e+49,8.902911946444381e+47,4.245982304844849e+63,3.2945549301597403e+62,2.7783827531123983e+47,3.0676247685145564e+47,8.595241136964615e+48,2.2114069650381554e+48,0.0011633257029017,0.00035055205023960036,3.085574240411607e+48,0.0,3.085574240411607e+48,1792,2560,1.3754878886181849e+51,2.806165047587785e+47,1.7254235645639085e+49,6.75130857227225e-16,7.955844561567473e-16,0.9224077093679758,-3.014730352018594e+47,-8.112963841460668e+31,0.9926607381059988,14765.054073920024,1.4056452816129008,0.0002867689851149056,0.01763253251723983,12.887878316962764,0.08238365737840973,3.0880548002871655e+64,4.269871912018346e+65,1.514929673796806e+67,0.0011633257029017,0.0003505520502396,8.595241136964615e+48,2.2114069650381528e+48,1.1473964583240931e+49,3.085574240411607e+48,0.0020384146232661,0.0,0.0,1.1739803981410632e-15,0.0,1.0824947682107705e-15,1.1313214410036583e-16,0.0,3.961066431989629e+65,1.5118416189965188e+67,True
RECOMBINATION_WEIGHTED_AUDITOR,4,2,10,5.55,2560,2.978163265578207e+63,2.9563057454090337e+63,2.185752016917344e+61,9.106638269445798e+51,1.1065652017955065e+48,8.586092874100801e+46,4.0948847557394737e+62,3.177314880720069e+61,2.679511209537447e+46,2.958460257026056e+46,8.47606977571414e+47,1.9460128888882556e+47,0.00011471964163129997,3.084818031133968e-05,2.9757709789197043e+47,0.0,2.9757709789197043e+47,1792,2560,1.3265452189400508e+50,2.706304843132415e+46,1.6640226323280912e+48,7.513319689950752e-16,8.215355422318913e-16,0.9224077093679778,-2.9074481415195715e+46,-5.070602400912918e+30,0.9926607381059984,14765.054073920028,1.4056510563095328,0.0002867689851149054,0.017632532517239854,12.887878316962583,0.08238365737841095,2.978163265578207e+63,4.284098950442853e+64,1.5199773574565597e+66,0.0001147196416313,3.08481803113397e-05,8.476069775714142e+47,1.9460128888882572e+47,1.1065652017955065e+48,2.9757709789197043e+47,0.0019593471251188,0.0,1.914322098835511e-16,8.338037109400179e-16,2.362721320142469e-16,6.589948103561365e-16,0.0,0.0,3.9862826238850325e+64,1.5169991941909815e+66,True
RECOMBINATION_WEIGHTED_AUDITOR,4,2,11,5.55,2560,7.624316680818016e+61,7.568359823934687e+61,5.595685688332849e+59,2.3313662775445985e+50,2.8328881844643386e+46,2.198102833370018e+45,1.0483205709392297e+61,8.134159441585271e+59,6.859745483882618e+44,7.573875531904988e+44,2.1787293283097505e+46,4.894003752229776e+45,2.9488082846081303e-06,7.75797072338025e-07,7.618192251278998e+45,0.0,7.618192251278998e+45,1792,2560,3.3960609261342905e+48,6.9283391536518195e+44,4.2600201471676516e+46,7.037039552188863e-16,7.814213882613955e-16,0.9224077093679764,-7.443280769799292e+44,-1.5845632502852868e+29,0.9926607381059983,14765.054073920026,1.4056542608232403,0.00028676898511490536,0.01763253251723985,12.887878316962544,0.08238365737841108,7.624316680818015e+61,1.1119802374359505e+63,3.9452515042097637e+64,2.9488082846081265e-06,7.75797072338024e-07,2.178729328309748e+46,4.894003752229769e+45,2.832888184464339e+46,7.618192251278998e+45,0.0019325299471231,1.497574408258005e-16,1.1636604728790865e-15,1.4246164601076749e-15,1.2926063327141272e-15,1.3647785249781737e-15,1.7899055913044094e-16,0.0,1.0357370706277703e+63,3.9376271875289456e+64,True
RECOMBINATION_WEIGHTED_AUDITOR,4,2,12,5.55,2560,1.4624159817011845e+65,1.4516829278135062e+65,1.0733053887678126e+63,4.471780811594804e+53,5.433747217971817e+49,6.488388324024169e+48,2.0107779110811474e+64,2.401051686267878e+63,3.5879833921261964e+48,3.9615084388101194e+48,3.560347946824443e+49,1.5573769366588348e+49,0.004818764490506199,0.0024687526392601984,1.4612412582457439e+49,0.0,1.4612412582457439e+49,1711,2560,6.286941622514667e+51,3.623861246270356e+48,2.2281995117855745e+50,6.669265582716175e-16,8.3572236859993e-16,0.880590905985397,-1.2790978092209188e+48,-1.6225927682921336e+32,0.9926607381059985,14765.054073920022,1.356664529307695,0.0007819961289828727,0.04808250852902143,8.374571537052747,0.1267826714359834,1.4624159817011842e+65,2.1667883853670383e+65,2.819172824247554e+66,0.0048187644905062,0.0024687526392602,3.5603479468244436e+49,1.5573769366588359e+49,5.433747217971819e+49,1.4612412582457439e+49,0.0518739386646686,1.5989996341596674e-16,1.4583678157540634e-16,6.668002763254313e-16,1.7999670656187004e-16,7.026720491918719e-16,1.9111293368088943e-16,0.0,7.043724036658538e+64,2.6729312260774355e+66,True
RECOMBINATION_WEIGHTED_AUDITOR,4,2,13,5.55,2560,6.590022205991548e+64,6.541656307134491e+64,4.8365898857056675e+62,2.0150993436529674e+53,2.448586125715345e+49,2.923834508884109e+48,9.061081970621988e+63,1.0819755889040794e+63,1.6168375157754447e+48,1.7851575001671406e+48,1.6252267065056124e+49,6.809516345624361e+48,0.0021996683636824055,0.0010794439711179023,6.584728600236329e+48,0.0,6.584728600236329e+48,1728,2560,2.8336110105287296e+51,1.633004998794763e+48,1.0040839573542645e+50,5.579559870356234e-16,8.141481307095515e-16,0.8805909059853977,-5.7639434140999125e+47,-8.112963841460668e+31,0.9926607381059985,14765.054073920024,1.356929613143949,0.0007819961289828726,0.048082508529021455,8.374571537052747,0.12678267143598307,6.590022205991547e+64,4.1506019488520045e+65,5.400280109259677e+66,0.0021996683636824,0.0010794439711179,1.6252267065056082e+49,6.809516345624347e+48,2.4485861257153457e+49,6.584728600236329e+48,0.0122031118250548,1.7741993476163135e-16,2.555851113078862e-15,2.0968914143434013e-15,2.563046043671078e-15,2.008816022869023e-15,2.1205285793318447e-16,0.0,3.49159972825285e+65,5.3343798871997616e+66,True
RECOMBINATION_WEIGHTED_AUDITOR,4,2,14,5.55,2560,2.1614481670216968e+64,2.1455847328536154e+64,1.586343416808148e+62,6.609283924332374e+52,8.031068527220348e+48,9.58982616804622e+47,2.9719261035005025e+63,3.548750034973621e+62,5.3030329422371465e+47,5.855102283378027e+47,5.2990838515303226e+48,2.2649042388204216e+48,0.0007172062247102075,0.00035903243368010047,2.159711927886396e+48,0.0,2.159711927886396e+48,1728,2560,9.29537787606468e+50,5.356060345552553e+47,3.2932748347738275e+49,5.835643209591619e-16,7.87735707327303e-16,0.8805909059853969,-1.8905042407741816e+47,-6.084722881095501e+31,0.9926607381059986,14765.054073920026,1.3571448130810262,0.0007819961289828726,0.04808250852902146,8.374571537052747,0.12678267143598235,2.1614481670216968e+64,2.3375538504401114e+65,3.0413529696208427e+66,0.0007172062247102,0.0003590324336801,5.299083851530267e+48,2.2649042388204184e+48,8.031068527220349e+48,2.1597119278863958e+48,0.0071068639142241,0.0,1.0533366293709421e-14,1.4328135737316573e-15,1.0581914860631739e-14,1.358905023196846e-15,1.6163156997528276e-16,1.5026011083617854e-16,2.121409033737942e+65,3.0197384879506256e+66,True
RECOMBINATION_WEIGHTED_AUDITOR,4,2,15,5.55,2560,1.6626659776078492e+64,1.6504632365559392e+64,1.220274105190993e+62,5.084105964234126e+52,6.177795335451322e+48,7.37684944013922e+47,2.2861156217609852e+63,2.729829952071246e+62,4.079289332827589e+47,4.503961515487509e+47,4.149243680458409e+48,1.6692560849957442e+48,0.0005615807333573001,0.00026461033731980027,1.661330398164723e+48,0.0,1.661330398164723e+48,1728,2560,7.14939483640186e+50,4.120079975286022e+47,2.5333089667542273e+49,7.193451646746588e-16,7.977848963338578e-16,0.8805909059853962,-1.4542458753428099e+47,-6.084722881095501e+31,0.9926607381059985,14765.05407392002,1.356963728901469,0.0007819961289828726,0.04808250852902146,8.374571537052722,0.12678267143598368,1.662665977607849e+64,1.1633515777326211e+65,1.5136176541918125e+66,0.0005615807333573,0.0002646103373198,4.149243680458408e+48,1.6692560849957426e+48,6.177795335451322e+48,1.661330398164723e+48,0.0109847158098563,1.758021944291697e-16,3.1284598220808654e-16,9.720454416053666e-16,1.9306256573365946e-16,1.024338451274458e-15,0.0,0.0,9.970849799718362e+64,1.496990994415734e+66,True
RECOMBINATION_WEIGHTED_AUDITOR,4,2,16,5.55,2560,1.687809110218237e+63,1.6754218371312643e+63,1.23872730869731e+61,5.160988724924232e+51,6.2712170626358555e+47,7.488403478183054e+46,2.3206866715176626e+62,2.771110929377027e+61,4.140977076507166e+46,4.572071227949942e+46,4.272857772473464e+47,1.6336303882245854e+47,5.7831132278358307e-05,2.5896295479741614e-05,1.6864533339036394e+47,0.0,1.6864533339036394e+47,1728,2560,7.257480921958114e+49,4.1823845623643373e+46,2.5716181185333667e+48,5.836459528067639e-16,7.878571538494115e-16,0.8805909059853968,-1.4762372418495483e+46,-2.535301200456459e+30,0.9926607381059988,14765.054073920028,1.3569584294587174,0.0007819961289828726,0.0480825085290215,8.374571537052741,0.12678267143598318,1.687809110218237e+63,1.1672278175680714e+64,1.5186609662559562e+65,5.783113227835813e-05,2.589629547974164e-05,4.272857772473452e+47,1.6336303882245872e+47,6.271217062635858e+47,1.6864533339036396e+47,0.0111137979293646,0.0,2.8480811696070977e-15,1.1173989401069447e-15,3.0465053352383696e-15,1.04667690146421e-15,3.88104753531719e-16,1.202666518895243e-16,9.984469065462477e+63,1.5017828751537737e+65,True
RECOMBINATION_WEIGHTED_AUDITOR,4,2,17,5.55,2560,4.5199746918176266e+61,4.4868014138001184e+61,3.3173278017507823e+59,1.38211947548958e+50,1.6794400645428316e+46,2.005404165588961e+45,6.214829010812732e+60,7.421071016368574e+59,1.1089590328606042e+45,1.2244066058423602e+45,1.1396135547043094e+46,4.4215163676867846e+45,1.5424136663964826e-06,7.008984109959497e-07,4.516343905264661e+45,0.0,4.516343905264661e+45,1728,2560,1.943548242445701e+48,1.1200480112879105e+45,6.886826681062e+46,7.136751360429436e-16,7.499114394861144e-16,0.8805909059853966,-3.9533824837666885e+44,-7.922816251426434e+28,0.9926607381059985,14765.054073920024,1.3569482618306477,0.0007819961289828725,0.04808250852902146,8.374571537052741,0.12678267143566788,4.519974691817626e+61,3.0296551987602608e+62,3.9418346807034615e+63,1.542413666396486e-06,7.00898410995951e-07,1.139613554704312e+46,4.421516367686793e+45,1.6794400645428318e+46,4.516343905264661e+45,0.0114666774686019,1.2630581275507257e-16,2.2247025669278538e-15,1.863552730846109e-15,2.1966427443117994e-15,1.812744045283319e-15,1.5096110030854866e-16,0.0,2.577657729578498e+62,3.896634933785285e+63,True
SCRIPT_SELF_SHIELDING_AUDITOR,0,1,0,5.95,2560,9.539473552594042e+64,9.467413242582794e+64,7.206031001124754e+62,2.874155550459863e+53,4.734271860695131e+49,2.8422930435680883e+48,1.511565324632074e+64,9.074915284796631e+62,5.853406485913377e+47,5.497436211446318e+47,3.53237582109932e+49,9.51185030955601e+48,0.0033432510012525083,0.0017468235678849003,1.3353503114443655e+47,0.0,1.3353503114443655e+47,1843,2560,5.649024992901447e+51,5.912808869319129e+47,3.043917097000984e+49,6.252208768147843e-16,1.206749321744134e-15,0.9399634594885614,-1.3076070414475498e+48,-3.2451855365842673e+32,0.9924460915359787,14548.26886460798,1.8687579574819446,0.00019560204884019555,0.010069603699902003,16.65652270235984,0.06339365378001725,9.53947355259404e+64,1.9982867080879831e+65,1.406538245611929e+67,0.0033432510012525,0.0017468235678849,3.5323758210993117e+49,9.511850309556007e+48,4.734271860695131e+49,1.3353503114443655e+47,0.0067822354510124,1.225645527940884e-16,2.3518661078000105e-15,2.729383184951105e-16,2.4646478854871625e-15,2.482682721754859e-16,0.0,0.0,1.044339352828579e+65,1.396998772059335e+67,True
SCRIPT_SELF_SHIELDING_AUDITOR,0,1,1,5.95,2560,8.679757862153562e+63,8.614191765772986e+63,6.556609638057657e+61,2.615131128422966e+52,4.307610181828831e+48,2.5861401318886957e+47,1.375340152504145e+63,8.257066478282887e+61,5.325886243761506e+46,5.001996694567385e+46,3.5842206439798025e+48,4.952730871480752e+47,0.0003392320031498003,9.09554579827885e-05,1.2150059749719276e+46,0.0,1.2150059749719276e+46,1913,2560,5.142457774855467e+50,5.379935170209498e+46,2.769593438125682e+48,6.517400360828743e-16,1.2889259661309547e-15,0.9399634594885614,-1.1897629817869325e+47,-3.0423614405477506e+31,0.9924460915359788,14548.268864607982,1.8696791783027247,0.0001956020488401956,0.010069603699902006,16.656522702359986,0.06339365378001678,8.679757862153562e+63,3.8278277477244722e+65,2.6943011245571405e+67,0.0003392320031498,9.09554579827885e-05,3.5842206439797986e+48,4.9527308714807525e+47,4.3076101818288316e+48,1.2150059749719276e+46,0.0003221524789134,0.0,1.0864907690440346e-15,1.638078880517705e-16,9.588147601805734e-16,0.0,1.5067220103962597e-16,0.0,3.7410301691029364e+65,2.693433148770925e+67,True
SCRIPT_SELF_SHIELDING_AUDITOR,0,1,2,5.95,2560,4.019028846943565e+63,3.988669470919492e+63,3.035937602407338e+61,1.2108963879626288e+52,1.9945728737025454e+48,1.1974725513507034e+47,6.368301783366189e+62,3.823308080061659e+61,2.466069997476468e+46,2.3160979058458964e+46,1.6862789280673148e+48,2.0266811938642664e+47,0.0001595994877152001,3.721940904047473e-05,5.625898948072033e+45,0.0,5.625898948072033e+45,1888,2560,2.380742292685902e+50,2.4910965244822483e+46,1.2824177930893285e+48,5.662819625062869e-16,1.2463571206843833e-15,0.9399634594885612,-5.509015137020026e+46,-2.535301200456459e+31,0.9924460915359785,14548.268864607982,1.8693698362678013,0.00019560204884019555,0.010069603699902,16.65652270235959,0.06339365378001834,4.019028846943565e+63,2.155772488130218e+65,1.5173880910684788e+67,0.0001595994877152,3.721940904047475e-05,1.6862789280673138e+48,2.026681193864268e+47,1.9945728737025454e+48,5.625898948072033e+45,0.0002648649261583,0.0,5.773396350810693e-16,8.006156928896843e-16,6.793268499835203e-16,5.461878965352833e-16,0.0,0.0,2.1155821996607826e+65,1.5169861881837845e+67,True
SCRIPT_SELF_SHIELDING_AUDITOR,0,1,3,5.95,2560,1.9641655170280094e+63,1.9493283905041926e+63,1.483712652381695e+61,5.917849860019587e+51,9.747805773291115e+47,5.852245362058806e+46,3.1122938503983037e+62,1.8685135583295606e+61,1.205208978607922e+46,1.1319151501445229e+46,8.323289488555674e+47,9.083054947002671e+46,7.877657227216804e-05,1.66807655014063e-05,2.7494693710623187e+45,0.0,2.7494693710623187e+45,1870,2560,1.1633736193738941e+50,1.217439854082505e+46,6.267386733302015e+47,4.968741161905754e-16,1.0729890453644804e-15,0.9399634594885611,-2.692346329673412e+46,-1.0141204801825835e+31,0.9924460915359786,14548.26886460798,1.8691540510447757,0.00019560204884019552,0.010069603699901999,16.656522702359595,0.06339365378001827,1.9641655170280094e+63,1.0728828021765943e+65,7.551722624250346e+66,7.877657227216796e-05,1.668076550140628e-05,8.323289488555666e+47,9.083054947002663e+46,9.747805773291117e+47,2.7494693710623184e+45,0.0002600950292745,0.0,9.747304659552935e-16,8.931977059257882e-16,1.0322251983175166e-15,1.0155804266691356e-15,1.6645723212274298e-16,1.1526320438136435e-16,1.0532411470063143e+65,7.549758458733319e+66,True
SCRIPT_SELF_SHIELDING_AUDITOR,0,1,4,5.95,2560,2.1092855122889814e+62,2.093352162604664e+62,1.5933349684317547e+60,6.355083044390239e+50,1.0468010621284436e+47,6.284631437389697e+45,3.342241919899064e+61,2.0065664242306673e+60,1.2942543873312685e+45,1.2155453329375354e+45,9.064197770518958e+46,8.494624504204035e+45,8.578896982260537e-06,1.5600130154875475e-06,2.952610592430711e+44,0.0,2.952610592430711e+44,1848,2560,1.2491111674476306e+49,1.307388926257593e+45,6.730445027091671e+46,5.666945512048255e-16,1.284481313938266e-15,0.9399634594885613,-2.891267084169853e+45,-1.2676506002282294e+30,0.9924460915359786,14548.268864607979,1.8688295324736854,0.00019560204884019552,0.010069603699901999,16.656522702359606,0.06339365378001831,2.109285512288981e+62,1.0764576037551994e+64,7.5768846549060595e+65,8.578896982260538e-06,1.5600130154875469e-06,9.06419777051896e+46,8.494624504204032e+45,1.0468010621284436e+47,2.9526105924307108e+44,0.0002783842711559,2.1652794702518897e-16,2.237639790872571e-16,4.476892179051101e-16,1.9746896343569503e-16,4.0722398091158504e-16,0.0,1.3416629120916422e-16,1.0553647486323096e+64,7.57477536939377e+65,True
SCRIPT_SELF_SHIELDING_AUDITOR,0,1,5,5.95,2560,5.362606845129007e+60,5.322098203892369e+60,4.050864123663761e+58,1.6157040683519047e+49,2.6613668507903836e+45,1.5977925875328572e+44,8.497251459465904e+59,5.101455814821346e+58,3.2904874169021584e+43,3.090379033562562e+43,2.3099132289977492e+45,2.105166441207809e+44,2.1862395471979992e-07,3.866076771758976e-08,7.506660279853126e+42,0.0,7.506660279853126e+42,1847,2560,3.175623577668191e+47,3.323880415594631e+43,1.711135375593546e+45,6.642832680942578e-16,1.189287667605429e-15,0.9399634594885624,-7.350701726405756e+43,-1.9807040628566084e+28,0.9924460915359787,14548.268864607979,1.8687750474500957,0.00019560204884019558,0.01006960369990201,16.65652270236017,0.06339365378001599,5.3626068451290065e+60,2.794052134789696e+62,1.96665532123548e+64,2.1862395471979947e-07,3.8660767717589643e-08,2.309913228997744e+45,2.1051664412078023e+44,2.661366850790384e+45,7.506660279853125e+42,0.000272676497362,1.3307405651062835e-16,2.1951484312304696e-15,3.198984024203192e-15,2.0582660020287958e-15,3.0810047301114985e-15,1.1907890487286235e-16,1.649122236965813e-16,2.740426066338406e+62,1.9661190605509673e+64,True
SCRIPT_SELF_SHIELDING_AUDITOR,0,1,6,5.95,2560,1.1210995958532981e+65,1.1126309121271711e+65,8.468683726127026e+62,3.3777698614865997e+53,5.563818842227072e+49,3.891348087003236e+48,1.776424312314453e+64,1.242435374956222e+63,1.2389287434006752e+48,1.1635842741765937e+48,4.237330106697074e+49,1.031847727393761e+49,0.0040104617513330955,0.0018949582573530026,1.5693326117307206e+47,0.0,1.5693326117307206e+47,1888,2560,6.541489715115616e+51,1.2515018186526703e+48,6.442737904977075e+49,5.72850012808871e-16,1.2131281573881166e-15,0.930059762955091,-1.479900041488781e+48,-3.2451855365842673e+32,0.9924460915359787,14548.268864607979,1.841350372413706,0.0003522826512327238,0.018135529301957727,14.29792122891741,0.0738511435660183,1.121099595853298e+65,8.021334743528933e+65,3.134891613405384e+67,0.0040104617513331,0.001894958257353,4.2373301066970787e+49,1.0318477273937595e+49,5.563818842227072e+49,1.5693326117307206e+47,0.0035761989060778,2.0858116695239957e-16,1.1028329289935627e-15,1.3838104191047823e-15,1.0813739062591578e-15,1.3731622867513544e-15,0.0,0.0,6.900235147675635e+65,3.1236806174468506e+67,True
SCRIPT_SELF_SHIELDING_AUDITOR,0,1,7,5.95,2560,7.803792993752412e+64,7.744843855805435e+64,5.894913794697603e+62,2.3512109786744097e+53,3.872884323576266e+49,2.708704476384578e+48,1.2365402372498042e+64,8.648391730882625e+62,8.623982635681748e+47,8.099521969364805e+47,3.1099497303323147e+49,5.578397521191887e+48,0.0029434417730055985,0.0010244564352804002,1.0923870533527444e+47,0.0,1.0923870533527444e+47,1905,2560,4.553968641374921e+51,8.711501779319259e+47,4.484685670158988e+49,5.229772798498061e-16,1.1772069088664876e-15,0.9300597629550912,-1.0301344874211579e+48,-3.2451855365842673e+32,0.9924460915359787,14548.26886460798,1.8415701302188168,0.0003522826512327238,0.018135529301957727,14.297921228917406,0.07385114356601827,7.80379299375241e+64,1.5365306480192269e+66,6.005056759539585e+67,0.0029434417730056,0.0010244564352804,3.109949730332316e+49,5.578397521191886e+48,3.872884323576267e+49,1.0923870533527444e+47,0.0012995369246685,1.4982474686357847e-16,3.3391516318689826e-16,1.1634830699160704e-16,4.420140459086058e-16,2.1166389026366972e-16,1.3406795619808753e-16,0.0,1.4584927180817029e+66,5.997252966545833e+67,True
SCRIPT_SELF_SHIELDING_AUDITOR,0,1,8,5.95,2560,3.423211029795333e+64,3.3973524070232315e+64,2.585862277210193e+62,1.0313819654131998e+53,1.6988790379500858e+49,1.1882000262486567e+48,5.4242061294143636e+63,3.793702624717199e+62,3.782995333533806e+47,3.5529354717374755e+47,1.388601224703542e+49,2.2031093139120872e+48,0.0013142549575559,0.00040459460009599886,4.791863921603889e+46,0.0,4.791863921603889e+46,1890,2560,1.9974655428396516e+51,3.821386472055551e+47,1.9672517535439394e+49,6.607900002319928e-16,1.2822875423793035e-15,0.9300597629550914,-4.51878688009256e+47,-8.112963841460668e+31,0.9924460915359788,14548.268864607984,1.8414061553922179,0.0003522826512327238,0.01813552930195775,14.297921228917382,0.07385114356601842,3.423211029795333e+64,8.653499364327135e+65,3.381953683671262e+67,0.0013142549575559,0.000404594600096,1.388601224703542e+49,2.2031093139120934e+48,1.6988790379500858e+49,4.791863921603889e+46,0.001012199264089,0.0,0.0,2.7987047581226525e-15,0.0,2.8137110105761753e-15,0.0,0.0,8.311178261347602e+65,3.378530472641467e+67,True
SCRIPT_SELF_SHIELDING_AUDITOR,0,1,9,5.95,2560,1.5802158478697902e+64,1.5682790420015862e+64,1.1936805868204074e+62,4.7610448574958967e+52,7.8423315302972e+48,5.484945262137924e+47,2.503911214706941e+63,1.7512414389602303e+62,1.7462987605601967e+47,1.6400989860195416e+47,6.490006856721092e+48,9.370213479738424e+47,0.0006142529283623982,0.0001720812377174999,2.2120106659643106e+46,0.0,2.2120106659643106e+46,1884,2560,9.219761300077635e+50,1.7640208013522457e+47,9.08118830724155e+48,6.25404332489784e-16,1.1926889213797592e-15,0.9300597629550925,-2.0859533867227907e+47,-4.056481920730334e+31,0.9924460915359788,14548.268864607984,1.8412265615203762,0.0003522826512327238,0.018135529301957755,14.297921228917447,0.07385114356601825,1.5802158478697902e+64,4.30666533586075e+65,1.683127493716077e+67,0.0006142529283624,0.0001720812377175,6.490006856721112e+48,9.370213479738429e+47,7.842331530297199e+48,2.2120106659643106e+46,0.0009388568921662,0.0,3.00016835873465e-15,5.194949203027428e-16,3.000626628088178e-15,4.725393890408042e-16,1.6552146636735133e-16,0.0,4.148643751073771e+65,1.6815472778682074e+67,True
SCRIPT_SELF_SHIELDING_AUDITOR,0,1,10,5.95,2560,1.5115450536756991e+63,1.5001269807009887e+63,1.1418072974710482e+61,4.554146077181373e+51,7.501530534506116e+47,5.24658823783028e+46,2.395099768512923e+62,1.6751384555601563e+61,1.670410569115032e+46,1.5688258747678946e+46,6.3150179075464085e+47,7.892569682246511e+46,5.976909313053235e-05,1.4494474033376578e-05,2.1158842226038418e+45,0.0,2.1158842226038418e+45,1863,2560,8.81771406551609e+49,1.6873624704241932e+46,8.686550818872434e+47,5.184407026396144e-16,1.2856472683794866e-15,0.930059762955091,-1.9953049630208908e+46,-7.605903601369376e+30,0.9924460915359786,14548.268864607977,1.8409368130791575,0.0003522826512327238,0.018135529301957703,14.297921228917259,0.07385114356601867,1.5115450536756991e+63,4.3210149684673677e+64,1.6887356056266576e+66,5.97690931305321e-05,1.4494474033376504e-05,6.3150179075463826e+47,7.892569682246471e+46,7.501530534506118e+47,2.1158842226038415e+45,0.0008950750186348,0.0,4.1110705737905065e-15,5.011130762150357e-15,4.194839494046039e-15,5.142573589544327e-15,2.1630156150513638e-16,1.4977787852071578e-16,4.1698604630997975e+64,1.687224060572982e+66,True
SCRIPT_SELF_SHIELDING_AUDITOR,0,1,11,5.95,2560,3.856630912258487e+61,3.827498275367771e+61,2.913263689071587e+59,1.1619673854568865e+50,1.913977653413318e+46,1.3386405077839841e+45,6.1109761715193185e+60,4.274031220118908e+59,4.26196825648472e+44,4.002780036141049e+44,1.6176659912193386e+46,1.949538859357287e+45,1.5310555044941976e-06,3.580271256594045e-07,5.39857179897514e+43,0.0,5.39857179897514e+43,1860,2560,2.2497090852113084e+48,4.305220177061937e+44,2.2163295978179497e+46,5.848113074708165e-16,1.225763847090341e-15,0.9300597629550911,-5.090919904144731e+44,-1.5845632502852868e+29,0.9924460915359786,14548.26886460798,1.8408663168104062,0.00035228265123272377,0.018135529301957724,14.29792122891724,0.07385114356601889,3.8566309122584863e+61,1.121562154885324e+63,4.383280221660519e+64,1.531055504494193e-06,3.5802712565940365e-07,1.6176659912193338e+46,1.9495388593572823e+45,1.913977653413318e+46,5.398571798975139e+43,0.0008798504127572,1.48030519401728e-16,2.9777916498302197e-15,2.438366246478939e-15,3.042790543010198e-15,2.3658345598654247e-15,0.0,1.8344704271902279e-16,1.0829958457627391e+63,4.379423590748261e+64,True
SCRIPT_SELF_SHIELDING_AUDITOR,0,1,12,5.95,2560,1.2104933189781894e+65,1.2013493632503187e+65,9.143955727870587e+62,3.647104918687751e+53,6.00746406602232e+49,6.240776139518764e+48,1.9180720157965825e+64,1.992564239837019e+63,3.376859404167821e+48,3.1714983769049005e+48,4.4753123865017245e+49,1.2140167224078467e+49,0.004235702364317897,0.0022295063037082044,1.694467332591217e+47,0.0,1.694467332591217e+47,1672,2560,6.83928297716686e+51,3.4111289355110636e+48,1.756050959257969e+50,5.835719366535022e-16,1.1738693657501373e-15,0.8961162968112354,-1.4558495245220739e+48,-3.2451855365842673e+32,0.9924460915359786,14548.268864607979,1.783003285490498,0.0008892824174044328,0.045780305337544604,9.62614894641224,0.10969265479378965,1.2104933189781891e+65,2.023106764287333e+65,3.1321766099781997e+66,0.0042357023643179,0.0022295063037082,4.4753123865017276e+49,1.2140167224078443e+49,6.00746406602232e+49,1.694467332591217e+47,0.0386470327095193,1.9317765600749902e-16,6.9612528602861e-16,1.924630479312062e-15,6.143220156084408e-16,1.945187902240448e-15,0.0,0.0,8.126134453091437e+64,3.0111272780803807e+66,True
SCRIPT_SELF_SHIELDING_AUDITOR,0,1,13,5.95,2560,3.417118054611613e+64,3.391305457616322e+64,2.5812596995290685e+62,1.029546208089008e+53,1.695855202221503e+49,1.761717184787137e+48,5.4145515819587e+63,5.62483669440494e+62,9.53258234222009e+47,8.95286590515119e+47,1.3010557523662042e+49,3.0499270010216894e+48,0.0012313967049603968,0.0005601101985761999,4.783334880389668e+46,0.0,4.783334880389668e+46,1797,2560,1.9325793511355653e+51,9.629322268364352e+47,4.957180137734044e+49,5.744817962164311e-16,1.0502053333255538e-15,0.8961162968112345,-4.10973742444236e+47,-8.112963841460668e+31,0.9924460915359786,14548.268864607977,1.7847661437710414,0.0008892824174044331,0.04578030533754455,9.626148946412236,0.10969265479378988,3.4171180546116125e+64,3.875371926162632e+65,5.999856021621605e+66,0.0012313967049604,0.0005601101985762,1.3010557523662076e+49,3.04992700102169e+48,1.695855202221503e+49,4.783334880389668e+46,0.0056953334251645,1.7108002872286085e-16,2.5940417633215153e-15,2.1280414485311732e-16,2.6413961515035178e-15,1.935694395926991e-16,0.0,0.0,3.533660120701471e+65,5.965684841075489e+66,True
SCRIPT_SELF_SHIELDING_AUDITOR,0,1,14,5.95,2560,1.2954166746764125e+64,1.28563121569314e+64,9.785458983272493e+61,3.9029711704237843e+52,6.428923647603289e+48,6.678603960308982e+47,2.052636254606095e+63,2.1323545542801243e+62,3.6137663146207494e+47,3.3939979814343833e+47,4.944425518464997e+48,1.1440440995454686e+48,0.0004679698990827992,0.00021010036225840165,1.8133443637557783e+46,0.0,1.8133443637557783e+46,1821,2560,7.32776299726516e+50,3.6504400588202264e+47,1.8792484506436778e+49,5.770297990893798e-16,1.0950392688363056e-15,0.8961162968112334,-1.5579860874222658e+47,-8.112963841460668e+31,0.9924460915359787,14548.268864607982,1.7851137636487433,0.0008892824174044328,0.045780305337544666,9.626148946412235,0.10969265479378965,1.2954166746764125e+64,2.1825486229520344e+65,3.379024709730831e+66,0.0004679698990828,0.0002101003622584,4.944425518465005e+48,1.1440440995454597e+48,6.42892364760329e+48,1.8133443637557783e+46,0.0038336999162684,0.0,1.7064636454951611e-15,7.800626067782146e-15,1.7376152418304447e-15,7.869611909601915e-15,2.0191159294878706e-16,0.0,2.053006955484393e+65,3.366070542984067e+66,True
SCRIPT_SELF_SHIELDING_AUDITOR,0,1,15,5.95,2560,7.773636930001696e+63,7.714915588199928e+63,5.872134180176834e+61,2.3421252343163716e+52,3.857918402945823e+48,4.007748502981252e+47,1.2317618959669585e+63,1.279599871998706e+62,2.1685769396745826e+47,2.0366966524821065e+47,2.993023719910002e+48,6.605923863966614e+47,0.00028327760281310035,0.0001213158651333014,1.088165760752116e+46,0.0,1.088165760752116e+46,1804,2560,4.396770491593541e+50,2.1905844047507677e+47,1.1277139967509917e+49,7.840245030416579e-16,1.0499766311698182e-15,0.8961162968112358,-9.349283842312662e+46,-2.028240960365167e+31,0.9924460915359787,14548.268864607984,1.7848984421952168,0.000889282417404433,0.045780305337544666,9.626148946412243,0.10969265479378926,7.773636930001696e+63,1.0862087234958699e+65,1.681669804750275e+66,0.0002832776028131,0.0001213158651333,2.9930237199099985e+48,6.605923863966537e+47,3.857918402945823e+48,1.088165760752116e+46,0.0046225703215002,0.0,1.0842498557551853e-15,1.1544465494935003e-14,1.1482046180694715e-15,1.1506411758604419e-14,0.0,0.0,1.0084723541958529e+65,1.6738961678202733e+66,True
SCRIPT_SELF_SHIELDING_AUDITOR,0,1,16,5.95,2560,7.784827383582045e+62,7.7260215101182595e+62,5.8805873463786105e+60,2.3454968149484472e+51,3.863472026969391e+47,4.013517813278143e+46,1.233535065262487e+62,1.2814419059267158e+61,2.1716986907670705e+46,2.0396285567570625e+46,3.029684697344374e+47,6.291909318607939e+46,2.867474162113354e-05,1.1554907959072293e-05,1.0897322178098708e+45,0.0,1.0897322178098708e+45,1800,2560,4.402939738839208e+49,2.1937378364476595e+46,1.1293373850370905e+48,6.615006198850984e-16,1.0783540848592245e-15,0.8961162968112345,-9.362742501083276e+45,-3.802951800684688e+30,0.9924460915359786,14548.268864607984,1.7848335519349519,0.0008892824174044328,0.04578030533754465,9.62614894641218,0.10969265479379016,7.784827383582045e+62,1.0898279264988302e+64,1.6872730597008994e+65,2.8674741621133496e-05,1.1554907959072264e-05,3.0296846973443694e+47,6.291909318607924e+46,3.8634720269693915e+47,1.0897322178098707e+45,0.0046138515273645,0.0,1.4728034625895503e-15,2.4176774381904643e-15,1.5360456892403709e-15,2.492371233821442e-15,2.0999152536441913e-16,1.454084980133854e-16,1.0119796526630097e+64,1.6794882323173173e+65,True
SCRIPT_SELF_SHIELDING_AUDITOR,0,1,17,5.95,2560,2.0805758466233194e+61,2.0648593671254726e+61,1.5716479497846584e+59,6.268583465068725e+49,1.0325529632641255e+46,1.072654255624187e+45,3.296750379026566e+60,3.424786378622715e+59,5.80408995539526e+44,5.4511188266313885e+44,8.085882661857869e+45,1.6928418812412446e+45,7.652961257348392e-07,3.108854742892747e-07,2.9124223569095754e+43,0.0,2.9124223569095754e+43,1800,2560,1.176720905098186e+48,5.8629918576775786e+44,3.0182712733647644e+46,6.231203665599758e-16,1.0484563790049673e-15,0.8961162968112335,-2.502290024694687e+44,-7.922816251426434e+28,0.9924460915359784,14548.268864607979,1.7848177798946436,0.0008892824174044326,0.04578030533754458,9.62614894641213,0.10969265479322286,2.080575846623319e+61,2.828756129330972e+62,4.379484039115477e+63,7.652961257348379e-07,3.108854742892714e-07,8.085882661857854e+45,1.6928418812412262e+45,1.0325529632641256e+46,2.912422356909575e+43,0.0047507327987511,1.3719737206623045e-16,1.8812797364095786e-15,1.0858033409376575e-14,1.798556784756473e-15,1.0728041370985563e-14,1.2276857898125717e-16,1.7002204867002614e-16,2.6206985446686403e+62,4.3586782806492435e+63,True
SCRIPT_SELF_SHIELDING_AUDITOR,0,2,0,5.95,2560,9.644818486938352e+64,9.572040506043465e+64,7.2777980894887e+62,2.9053525778560045e+53,4.786971595433925e+49,2.8713433009658455e+48,1.528391373915347e+64,9.167667376451205e+62,5.919132200149113e+47,5.546880194249365e+47,3.570704852365163e+49,9.609533825742273e+48,0.003379527880793791,0.0017647628607370051,3.30374797007582e+48,0.0,3.30374797007582e+48,1843,2560,5.714788643548752e+51,5.9791370070334925e+47,3.0744061068778776e+49,5.818192613582048e-16,1.160529920020865e-15,0.9400175404486544,-1.3221710549663527e+48,-3.2451855365842673e+32,0.9924541886409322,14545.553199444139,1.8698642627840965,0.0001956358372826744,0.010059378337684775,16.67154043831579,0.06336186782197287,9.644818486938351e+64,1.9982867080879831e+65,1.4064936081990275e+67,0.0033795278807938,0.001764762860737,3.5707048523651726e+49,9.609533825742246e+48,4.786971595433925e+49,3.30374797007582e+48,0.0068573496749041,1.2122584903470518e-16,2.617448019869795e-15,2.836720178275893e-15,2.6948433539003887e-15,2.948934694691524e-15,0.0,0.0,1.0338048593941479e+65,1.3968487897120892e+67,True
SCRIPT_SELF_SHIELDING_AUDITOR,0,2,1,5.95,2560,8.776066757832032e+63,8.709844213602846e+63,6.622254422918724e+61,2.643654539775339e+52,4.355787757568232e+48,2.6127086298261077e+47,1.3907223601709903e+63,8.341894771611723e+61,5.385969617498912e+46,5.047248006621849e+46,3.6231122319887164e+48,5.0035937583540224e+47,0.0003429129348268003,9.188954006597305e-05,3.0061646858054325e+47,0.0,3.0061646858054325e+47,1913,2560,5.2025911817592205e+50,5.440569524352661e+46,2.7974806650002255e+48,5.045638870323101e-16,1.2371773682496918e-15,0.9400175404486552,-1.2030772232128587e+47,-4.056481920730334e+31,0.9924541886409322,14545.553199444146,1.8707844414579498,0.0001956358372826744,0.010059378337684787,16.671540438315684,0.06336186782197312,8.776066757832032e+63,3.8278277477244722e+65,2.6942156191454304e+67,0.0003429129348268,9.188954006597295e-05,3.623112231988714e+48,5.0035937583540175e+47,4.355787757568232e+48,3.0061646858054325e+47,0.0003257373573023,0.0,7.16552031247013e-16,9.728564187988157e-16,7.904354592464682e-16,1.0324101091851194e-15,0.0,0.0,3.740067080146152e+65,2.6933380124696473e+67,True
SCRIPT_SELF_SHIELDING_AUDITOR,0,2,2,5.95,2560,4.063656178634732e+63,4.032992595682644e+63,3.06635829520887e+61,1.224113649220651e+52,2.0168971274138575e+48,1.2097845036434052e+47,6.439578990931015e+62,3.862617863512582e+61,2.4939109190977837e+46,2.3370697959774467e+46,1.704576368948544e+48,2.0474945307821505e+47,0.00016133126657009994,3.760163990272834e-05,1.39196977832522e+47,0.0,1.39196977832522e+47,1888,2560,2.40860224130365e+50,2.5191927742797885e+46,1.2953410568343982e+48,5.951284897146416e-16,1.2044190782084891e-15,0.9400175404486562,-5.570709893609947e+46,-1.0141204801825835e+31,0.9924541886409322,14545.553199444146,1.8704758165761226,0.00019563583728267428,0.010059378337684798,16.67154043831558,0.06336186782197356,4.063656178634732e+63,2.155772488130218e+65,1.5173399357630943e+67,0.0001613312665701,3.760163990272822e-05,1.7045763689485446e+48,2.047494530782144e+47,2.0168971274138575e+48,1.39196977832522e+47,0.0002678144878979,0.0,3.807615306301631e-16,3.1699088693971695e-15,3.360173745410993e-16,3.243814491074072e-15,0.0,0.0,2.115135926343871e+65,1.516933570145231e+67,True
SCRIPT_SELF_SHIELDING_AUDITOR,0,2,3,5.95,2560,1.9859857906059178e+63,1.9709999164682167e+63,1.4985874137701075e+61,5.98247540286673e+51,9.856958512428956e+47,5.912446152711084e+46,3.147144298455409e+62,1.8877345558436442e+61,1.2188215318032064e+46,1.1421703024158555e+46,8.413603667793365e+47,9.176334878462966e+46,7.963135949033499e-05,1.685207137500887e-05,6.802820118594588e+46,0.0,6.802820118594588e+46,1870,2560,1.1769940743595366e+50,1.231177253582918e+46,6.330577243190539e+47,5.2436589815904e-16,1.1756318593637097e-15,0.940017540448654,-2.72251150342502e+46,-5.070602400912918e+30,0.9924541886409324,14545.553199444144,1.8702605213341568,0.00019563583728267445,0.010059378337684792,16.671540438316146,0.06336186782197138,1.9859857906059178e+63,1.0728828021765943e+65,7.551482965384374e+66,7.963135949033492e-05,1.6852071375008867e-05,8.413603667793358e+47,9.176334878462966e+46,9.856958512428956e+47,6.802820118594588e+46,0.0002629928187231,0.0,7.714139302773652e-16,0.0,8.509541493959866e-16,2.0105135526791692e-16,0.0,0.0,1.0530229442705352e+65,7.549496979593768e+66,True
SCRIPT_SELF_SHIELDING_AUDITOR,0,2,4,5.95,2560,2.1327335281331725e+62,2.1166403232507206e+62,1.609320488245184e+60,6.424530292854283e+50,1.0585305294888886e+47,6.349326466893713e+45,3.379691936839682e+61,2.0272223489751242e+60,1.308882247790028e+45,1.2265671337241143e+45,9.162551382179141e+46,8.581861452142427e+45,8.671984702059683e-06,1.576033826548466e-06,7.305491621044798e+45,0.0,7.305491621044798e+45,1848,2560,1.263745201630654e+49,1.3221509540559657e+45,6.798353947371438e+46,6.142526863427832e-16,1.299366974306491e-15,0.9400175404486554,-2.923682330230188e+45,-6.338253001141147e+29,0.9924541886409323,14545.553199444143,1.8699366352573834,0.00019563583728267442,0.010059378337684789,16.671540438316043,0.06336186782197172,2.132733528133172e+62,1.0764576037551994e+64,7.576644197506554e+65,8.671984702059667e-06,1.576033826548464e-06,9.162551382179127e+46,8.581861452142416e+45,1.0585305294888884e+47,7.305491621044798e+45,0.0002814878820408,2.1414736329750645e-16,1.5495341996302688e-15,1.3294150069511888e-15,1.7581434440210889e-15,1.343614795865951e-15,1.9160911318679708e-16,0.0,1.0551302684738676e+64,7.57451146397842e+65,True
SCRIPT_SELF_SHIELDING_AUDITOR,0,2,5,5.95,2560,5.422227368194688e+60,5.381312263328317e+60,4.0915104866371144e+58,1.6333622331244721e+49,2.6911909675318205e+45,1.6142425335493749e+44,8.5924743406832e+59,5.153977445860478e+58,3.3276811435151384e+43,3.1184045234326677e+43,2.334977588188197e+45,2.126785795323154e+44,2.209961950533087e-07,3.9057800850598546e-08,1.85733642216519e+44,0.0,1.85733642216519e+44,1846,2560,3.2128320382997776e+47,3.3614152885954566e+43,1.7284025568997406e+45,5.107989085085721e-16,1.231214665206129e-15,0.9400175404486549,-7.433122862169161e+43,-9.903520314283042e+27,0.9924541886409323,14545.55319944414,1.8698822724877042,0.0001956358372826744,0.010059378337684789,16.67154043831608,0.06336186782197147,5.4222273681946875e+60,2.794052134789696e+62,1.9665929081401505e+64,2.209961950533081e-07,3.9057800850598434e-08,2.3349775881881903e+45,2.1267857953231477e+44,2.6911909675318205e+45,1.8573364221651897e+44,0.0002757168169248,1.3161083036445567e-16,2.8502053659376727e-15,2.980202808895516e-15,2.754820872332994e-15,2.880258510650064e-15,0.0,2.13284361327239e-16,2.739829861107749e+62,1.966050685403331e+64,True
SCRIPT_SELF_SHIELDING_AUDITOR,0,2,6,5.95,2560,1.1334905978736841e+65,1.1249374916448524e+65,8.553106228831706e+62,3.414465326607968e+53,5.625805506926824e+49,3.931712715193282e+48,1.7962155063368394e+64,1.255323053169273e+63,1.2528519685993224e+48,1.1740605777945507e+48,4.2833084414974917e+49,1.0424444578826057e+49,0.004053978387626205,0.0019144188438404023,3.882672615245815e+48,0.0,3.882672615245815e+48,1888,2560,6.617573547472082e+51,1.2655526716565432e+48,6.507331840263202e+49,6.652199816050629e-16,1.2676592316070788e-15,0.9301128929830244,-1.4963689433475843e+48,-3.2451855365842673e+32,0.9924541886409323,14545.553199444143,1.8424038044378863,0.0003523435047982567,0.0181171132488895,14.308790886951314,0.07382454254779493,1.133490597873684e+65,8.021334743528933e+65,3.1347921255658004e+67,0.0040539783876262,0.0019144188438404,4.283308441497486e+49,1.0424444578826045e+49,5.625805506926824e+49,3.882672615245815e+48,0.0036158397509981,2.0630101600454877e-16,1.3334380706871294e-15,1.1206993181615628e-15,1.2837193320553708e-15,1.13266976657057e-15,0.0,0.0,6.887844145655249e+65,3.1234572195870636e+67,True
SCRIPT_SELF_SHIELDING_AUDITOR,0,2,7,5.95,2560,7.890243153197288e+64,7.830704866786085e+64,5.9538286411203685e+62,2.376813862914843e+53,3.9161307085844644e+49,2.736870459233405e+48,1.2503480070436754e+64,8.738320497673423e+62,8.721119245059816e+47,8.172651323937044e+47,3.1436951092178717e+49,5.635685794957846e+48,0.002975380410755503,0.0010349772596753013,2.702733580324227e+48,0.0,2.702733580324227e+48,1905,2560,4.6070510522247344e+51,8.809529008251517e+47,4.529762363669931e+49,6.337584422204792e-16,1.2209289866623014e-15,0.9301128929830206,-1.0416244150638389e+48,-3.2451855365842673e+32,0.9924541886409322,14545.553199444143,1.84262349667606,0.0003523435047982567,0.018117113248889496,14.308790886951108,0.07382454254779601,7.890243153197288e+64,1.5365306480192269e+66,6.004866185128327e+67,0.0029753804107555,0.0010349772596753,3.1436951092178686e+49,5.63568579495784e+48,3.916130708584464e+49,2.7027335803242266e+48,0.001313974851386,0.0,9.909924489770193e-16,1.1516559491260782e-15,1.0202951098238145e-15,1.2570736166616602e-15,1.3258742480563552e-16,1.2007049308185849e-16,1.457628216487254e+66,5.996975941975129e+67,True
SCRIPT_SELF_SHIELDING_AUDITOR,0,2,8,5.95,2560,3.4611634145486656e+64,3.435046128339575e+64,2.611728620909094e+62,1.0426220112341377e+53,1.7178644652605642e+49,1.2005657772433763e+48,5.4848230826444805e+63,3.8331841774599443e+62,3.825638611997105e+47,3.585045633328857e+47,1.403668630453399e+49,2.2257345085190188e+48,0.0013285156483518036,0.00040874965109880126,1.1855911669464412e+48,0.0,1.1855911669464412e+48,1890,2560,2.020766906226109e+51,3.864420767617242e+47,1.9870424098883056e+49,6.542767528507549e-16,1.343114368240076e-15,0.9301128929830234,-4.569228409214089e+47,-4.056481920730334e+31,0.9924541886409325,14545.553199444143,1.8424600656492467,0.0003523435047982569,0.018117113248889483,14.30879088695131,0.07382454254779484,3.4611634145486656e+64,8.653499364327135e+65,3.381846355154984e+67,0.0013285156483518,0.0004087496510988,1.4036686304533952e+49,2.225734508519012e+48,1.7178644652605642e+49,1.185591166946441e+48,0.0010234537737862,0.0,2.7743176412250857e-15,3.061860972520716e-15,2.7747414123605045e-15,3.0503573397716514e-15,0.0,1.3685938403802513e-16,8.307383022872269e+65,3.378385191740436e+67,True
SCRIPT_SELF_SHIELDING_AUDITOR,0,2,9,5.95,2560,1.5977452431358165e+64,1.5856889589312656e+64,1.2056284204550778e+62,4.812960728279473e+52,7.93002077331858e+48,5.542062104318191e+47,2.5319087659660468e+63,1.7694777888430814e+62,1.7659945984007035e+47,1.6549318599055554e+47,6.560428490297341e+48,9.46644243313112e+47,0.0006209180514661019,0.0001738484543812,5.472936179003064e+47,0.0,5.472936179003064e+47,1884,2560,9.327374974237712e+50,1.7838972505552271e+47,9.172602324880874e+48,5.039375532743557e-16,1.2770593255946913e-15,0.9301128929830229,-2.1092511624664026e+47,-8.112963841460668e+31,0.9924541886409322,14545.55319944414,1.84228098785823,0.0003523435047982567,0.018117113248889496,14.308790886951215,0.07382454254779533,1.5977452431358162e+64,4.30666533586075e+65,1.6830740785621438e+67,0.0006209180514661,0.0001738484543812,6.56042849029732e+48,9.46644243313112e+47,7.930020773318581e+48,5.472936179003064e+47,0.0009493017945477,1.8294551570217603e-16,3.1658278822574257e-15,0.0,3.143029753871555e-15,0.0,1.63691149334844e-16,0.0,4.146890811547168e+65,1.681476333319008e+67,True
SCRIPT_SELF_SHIELDING_AUDITOR,0,2,10,5.95,2560,1.5283259204308353e+63,1.5167934613400902e+63,1.1532459090744892e+61,4.603845742396563e+51,7.585474811761047e+47,5.301268899441829e+46,2.42190162156097e+62,1.6925969781063926e+61,1.6892651263848626e+46,1.5830278756307982e+46,6.3835407746142265e+47,7.973623728853235e+46,6.0417634383036805e-05,1.464332742601547e-05,5.235146378416136e+46,0.0,5.235146378416136e+46,1862,2560,8.920716969647694e+49,1.7063899386474956e+46,8.77406830103009e+47,6.061443641935564e-16,1.3674143273174015e-15,0.9301128929830211,-2.0176077745469557e+46,-2.535301200456459e+30,0.992454188640932,14545.553199444144,1.8419920389886113,0.0003523435047982567,0.018117113248889496,14.308790886951087,0.07382454254779602,1.5283259204308353e+63,4.3210149684673677e+64,1.6886820124956184e+66,6.041763438303668e-05,1.464332742601536e-05,6.383540774614214e+47,7.973623728853176e+46,7.585474811761047e+47,5.235146378416136e+46,0.0009050406820951,0.0,1.9063786371641735e-15,7.376694693749888e-15,2.018826881425616e-15,7.519758313088663e-15,0.0,0.0,4.1681823764242844e+64,1.6871536865751874e+66,True
SCRIPT_SELF_SHIELDING_AUDITOR,0,2,11,5.95,2560,3.899454388338157e+61,3.870029841120469e+61,2.942454721768852e+59,1.174650396452048e+50,1.9353995536509505e+46,1.3525947572662543e+45,6.179372331561929e+60,4.318584554336533e+59,4.310083485524561e+44,4.039023950303637e+44,1.635218928249653e+46,1.9695599703426427e+45,1.5476686502277305e-06,3.6170394429997167e-07,1.3357238954079012e+45,0.0,1.3357238954079012e+45,1859,2560,2.2759936737603687e+48,4.3537766686567064e+44,2.2386638008721047e+46,7.31269119120709e-16,1.1476995600719893e-15,0.9301128929830254,-5.147834886019859e+44,-1.5845632502852868e+29,0.9924541886409324,14545.553199444144,1.8419217358680289,0.00035234350479825677,0.018117113248889503,14.308790886951314,0.07382454254779487,3.899454388338157e+61,1.121562154885324e+63,4.383141115390409e+64,1.547668650227727e-06,3.617039442999712e-07,1.6352189282496494e+46,1.9695599703426398e+45,1.9353995536509507e+46,1.335723895407901e+45,0.0008896483790234,0.0,2.1706094635526032e-15,1.4481477555706613e-15,2.326008235225979e-15,1.3172541807711254e-15,1.3099626873809337e-16,1.1862955029350549e-16,1.0825676110019425e+63,4.379241661002071e+64,True
SCRIPT_SELF_SHIELDING_AUDITOR,0,2,12,5.95,2560,1.2238599943910466e+65,1.214624977743462e+65,9.235016647584535e+62,3.686689173522847e+53,6.074332075685963e+49,6.307211783317756e+48,1.9394217328616024e+64,2.0137759104890332e+63,3.4147744711326163e+48,3.200020584314742e+48,4.523873014553286e+49,1.2264842674484292e+49,0.004281663036844601,0.0022524025865572994,4.192225055974003e+48,0.0,4.192225055974003e+48,1671,2560,6.918617710719448e+51,3.449391518997996e+48,1.7736389613660511e+50,6.212485939188211e-16,1.301636372362092e-15,0.8961661676587711,-1.4720111419849477e+48,-3.2451855365842673e+32,0.9924541886409322,14545.55319944414,1.7839864957464888,0.0008894360327064508,0.04573381689386379,9.63077233549102,0.10968382439572866,1.2238599943910464e+65,2.023106764287333e+65,3.1320772083010285e+66,0.0042816630368446,0.0022524025865573,4.523873014553285e+49,1.2264842674484295e+49,6.074332075685964e+49,4.1922250559740026e+48,0.0390750263482463,1.9106782070223307e-16,2.295509552028195e-16,2.1167400986466996e-16,2.0257589878619018e-16,1.9254145399338413e-16,1.709586105546747e-16,1.5481924244309422e-16,7.992467698962865e+64,3.009691208861924e+66,True
SCRIPT_SELF_SHIELDING_AUDITOR,0,2,13,5.95,2560,3.4548976686952547e+64,3.4288276626223975e+64,2.607000607285727e+62,1.0407345520878563e+53,1.714754614363411e+49,1.780495431341731e+48,5.4748939046859034e+63,5.68479215785217e+62,9.63974344574136e+47,9.033503592889978e+47,1.3151732214965324e+49,3.081248729589258e+48,0.0012447583191248007,0.0005658623426773019,1.1834448906663586e+48,0.0,1.1834448906663586e+48,1797,2560,1.9550156688491472e+51,9.737465700341831e+47,5.006897145763483e+49,6.124804342195156e-16,1.0741524862113672e-15,0.8961661676587701,-4.15541637609267e+47,-8.112963841460668e+31,0.9924541886409323,14545.553199444143,1.7857432661550652,0.000889436032706451,0.0457338168938638,9.630772335491029,0.10968382439572846,3.4548976686952547e+64,3.875371926162632e+65,5.999665612259172e+66,0.0012447583191248,0.0005658623426773,1.3151732214965316e+49,3.081248729589248e+48,1.7147546143634112e+49,1.1834448906663586e+48,0.005758483708885,0.0,5.921991993525985e-16,3.370254928576947e-15,5.226085204625821e-16,3.2572298140653256e-15,1.5140057985679852e-16,0.0,3.5298821592931066e+65,5.96511663557222e+66,True
SCRIPT_SELF_SHIELDING_AUDITOR,0,2,14,5.95,2560,1.309740290489744e+64,1.2998572373283378e+64,9.883053161406181e+61,3.945390298894252e+52,6.500578083932433e+48,6.7497993488816065e+47,2.075514189058995e+63,2.155085923286104e+62,3.654394888529346e+47,3.4245713634580833e+47,4.9980763896879655e+48,1.1557930491902519e+48,0.00047304773728629824,0.00021225802259460105,4.486400476993927e+47,0.0,4.486400476993927e+47,1821,2560,7.41283804134555e+50,3.691441072353387e+47,1.8980981641117808e+49,6.575961992495105e-16,1.0382046146991667e-15,0.8961661676587713,-1.5753046178021323e+47,-6.084722881095501e+31,0.9924541886409323,14545.553199444143,1.786089803239493,0.000889436032706451,0.0457338168938638,9.630772335491029,0.10968382439572882,1.309740290489744e+64,2.1825486229520344e+65,3.37891747416746e+66,0.0004730477372863,0.0002122580225946,4.998076389687984e+48,1.1557930491902462e+48,6.500578083932433e+48,4.486400476993927e+47,0.0038762127234624,0.0,3.6360066529528155e-15,4.9135740113692716e-15,3.667121390175703e-15,4.9802457652795214e-15,0.0,0.0,2.05157459390306e+65,3.365820071262563e+66,True
SCRIPT_SELF_SHIELDING_AUDITOR,0,2,15,5.95,2560,7.859623271255033e+63,7.800316036696802e+63,5.930723455823044e+61,2.3675900964898906e+52,3.900933273266047e+48,4.050488514706635e+47,1.2454957474086987e+63,1.293245966181597e+62,2.1929665993172405e+47,2.0550517516907654e+47,3.025500360434666e+48,6.6737644890489975e+47,0.0002863513856280994,0.00012256173842710045,2.6922450083570413e+47,0.0,2.6922450083570413e+47,1801,2560,4.447837063403094e+50,2.2151976515807203e+47,1.1390301275836184e+49,6.139009443675842e-16,1.0602790229635462e-15,0.8961661676587693,-9.453248803061203e+46,-4.056481920730334e+31,0.9924541886409322,14545.553199444139,1.785875201237682,0.000889436032706451,0.04573381689386373,9.630772335490946,0.10968382439572968,7.859623271255033e+63,1.0862087234958699e+65,1.6816164358570565e+66,0.0002863513856281,0.0001225617384271,3.025500360434673e+48,6.673764489048973e+47,3.900933273266047e+48,2.6922450083570413e+47,0.0046738501739543,0.0,2.1452223764521598e-15,3.646950917180217e-15,2.0824456412496252e-15,3.759622939588232e-15,0.0,0.0,1.0076124907833195e+65,1.6737568125858014e+66,True
SCRIPT_SELF_SHIELDING_AUDITOR,0,2,16,5.95,2560,7.8709775189034385e+62,7.811584607334331e+62,5.9392911569108256e+60,2.3710103881957004e+51,3.906568678541329e+47,4.056339971971885e+46,1.2472950279432797e+62,1.2951142281152113e+61,2.1961346246785067e+46,2.0580205411242295e+46,3.0625591380527107e+47,6.356525119505113e+46,2.8985884920658158e-05,1.1673572992889691e-05,2.6961343062915707e+46,0.0,2.6961343062915707e+46,1800,2560,4.45410135333948e+49,2.2183977925872495e+46,1.1406756046887224e+48,6.44255066428459e-16,1.1623451712052344e-15,0.8961661676587699,-9.466905249978214e+45,-2.535301200456459e+30,0.9924541886409323,14545.553199444143,1.7858105747420365,0.000889436032706451,0.045733816893863806,9.630772335491029,0.1096838243957279,7.8709775189034385e+62,1.0898279264988302e+64,1.6872195129847132e+65,2.8985884920657897e-05,1.1673572992889772e-05,3.0625591380526835e+47,6.356525119505159e+46,3.9065686785413296e+47,2.6961343062915707e+46,0.0046650583746388,0.0,8.874417649996563e-15,7.17930327502094e-15,9.000454823733592e-15,6.9657475895290055e-15,2.076749318660375e-16,0.0,1.0111181513097958e+64,1.6793485354658097e+65,True
SCRIPT_SELF_SHIELDING_AUDITOR,0,2,17,5.95,2560,2.1035989705603596e+61,2.087725609553382e+61,1.587336100697759e+59,6.336766938817606e+49,1.044070298875377e+46,1.0840982036589133e+45,3.3335230985796034e+60,3.4613247852355613e+59,5.869393635784749e+44,5.50026966955961e+44,8.173620791945252e+45,1.710226800254573e+45,7.736001852720669e-07,3.1407816396267563e-07,7.205693749735738e+44,0.0,7.205693749735738e+44,1800,2560,1.1903935007443596e+48,5.928894221298769e+44,3.048571822246554e+46,6.626668183629042e-16,1.0277946626275184e-15,0.896166167658771,-2.530126923932703e+44,-7.922816251426434e+28,0.9924541886409323,14545.55319944414,1.7857948432577588,0.0008894360327064508,0.04573381689386379,9.630772335491018,0.10968382439592313,2.1035989705603593e+61,2.828756129330972e+62,4.379345053319707e+63,7.736001852720609e-07,3.140781639626722e-07,8.173620791945189e+45,1.7102268002545543e+45,1.0440702988753768e+46,7.205693749735737e+44,0.0048034556422215,1.3569579683961984e-16,7.754522949470838e-15,1.0932963014369291e-14,7.801329244853278e-15,1.095609865011031e-14,1.214142957225852e-16,2.1990432917627107e-16,2.6183962322749363e+62,4.3583090636141036e+63,True
SCRIPT_SELF_SHIELDING_AUDITOR,1,1,0,5.85,2560,8.687610870834766e+64,8.611912755249042e+64,7.569811558572334e+62,2.6161013072583616e+53,3.3239099753618623e+49,2.79043136272768e+48,1.1002652738176381e+64,9.236756561214184e+62,5.0358538568029e+47,5.563529646956734e+47,2.0840440773499425e+49,9.193331995910724e+48,0.0033719868994127066,0.0017356964385368998,5.509446754130313e+49,0.0,5.509446754130313e+49,1767,2560,3.240750767012156e+51,5.095044747029277e+47,2.666011292905308e+49,5.050654874566099e-16,1.1155554477405992e-15,0.916049731087446,-8.99492385195795e+47,-3.2451855365842673e+32,0.9912866590468674,14540.510555521783,1.1771972516448124,0.00018507664132222067,0.009684241067867314,11.911814136552353,0.09290978473306478,8.687610870834765e+64,1.9802574657709903e+65,1.1094984478923316e+67,0.0033719868994127,0.0017356964385369,2.0840440773499383e+49,9.193331995910726e+48,3.323909975361862e+49,5.509446754130313e+49,0.0078302145328263,1.345826058795814e-16,1.993162012249691e-15,1.4119736078400102e-16,1.9291928554188717e-15,1.249299299593458e-16,1.5621051403383934e-16,0.0,1.1114963786875136e+65,1.1008108370214969e+67,True
SCRIPT_SELF_SHIELDING_AUDITOR,1,1,1,5.85,2560,1.3153158059296598e+64,1.3038550108515509e+64,1.146079507810896e+62,3.96081206963582e+52,5.032443778942682e+48,4.2247500852956496e+47,1.6658162144741732e+63,1.3984571916400531e+62,7.624349516437586e+46,8.423257659901505e+46,3.674464917318969e+48,8.726881058353899e+47,0.0005945290552254007,0.0001647630737066003,8.341375443003871e+48,0.0,8.341375443003871e+48,1823,2560,4.9113033290634896e+50,7.713965309132865e+46,4.03637644972971e+48,5.867673375045739e-16,1.1283428504444766e-15,0.916049731087449,-1.3618433987798066e+47,-4.056481920730334e+31,0.9912866590468679,14540.51055552179,1.1783401768498358,0.0001850766413222207,0.009684241067867333,11.91181413655267,0.0929097847330623,1.3153158059296598e+64,3.7932917455921924e+65,2.125305106474496e+67,0.0005945290552254,0.0001647630737066,3.6744649173189645e+48,8.726881058353883e+47,5.032443778942682e+48,8.341375443003871e+48,0.0006188832850035,0.0,1.2364411835323525e-15,1.859304323551986e-15,1.2765423557846462e-15,1.8096020590417632e-15,0.0,0.0,3.6617601649992263e+65,2.1239897906685665e+67,True
SCRIPT_SELF_SHIELDING_AUDITOR,1,1,2,5.85,2560,6.337887108146903e+63,6.282662936851158e+63,5.522417129574494e+61,1.9085287077649534e+52,2.4248975345119963e+48,2.0357080010767982e+47,8.026783425441894e+62,6.738506270687066e+61,3.673814782000728e+46,4.0587709727670027e+46,1.8074601611755652e+48,3.835986244254962e+47,0.0002924473647622002,7.242322658848624e-05,4.0193157906333725e+48,0.0,4.0193157906333725e+48,1806,2560,2.3659464869754676e+50,3.716996409914667e+46,1.9449396220315603e+48,6.393296646982243e-16,1.1657127275922836e-15,0.9160497310874491,-6.562081654862336e+46,-2.028240960365167e+31,0.9912866590468679,14540.510555521789,1.1780517952331824,0.0001850766413222207,0.009684241067867333,11.91181413655266,0.09290978473306244,6.337887108146903e+63,2.1363223539670404e+65,1.1969384672923304e+67,0.0002924473647622,7.242322658848622e-05,1.8074601611755642e+48,3.835986244254961e+47,2.424897534511996e+48,4.019315790633372e+48,0.0005295081811919,0.0,5.386318779729471e-16,2.1149616617137777e-16,7.414682456565197e-16,1.8712956870970688e-16,1.3382773871463197e-16,1.6147950077208955e-16,2.0729434828855714e+65,1.1963046785815157e+67,True
SCRIPT_SELF_SHIELDING_AUDITOR,1,1,3,5.85,2560,3.0937813025139096e+63,3.0668241311906796e+63,2.695717132322996e+61,9.316307360231044e+51,1.1836914297734764e+48,9.937121383897566e+46,3.9182005070805825e+62,3.2893398622274284e+61,1.793338897886474e+46,1.981251721980346e+46,8.951620669364848e+47,1.7438312816298372e+47,0.00014483737629959992,3.2923446540173215e-05,1.9619920376897018e+48,0.0,1.9619920376897018e+48,1800,2560,1.154680982595526e+50,1.8144176124127296e+46,9.49404388952431e+47,6.180978162201977e-16,1.1964816629980887e-15,0.9160497310874469,-3.203219808583572e+46,-1.0141204801825835e+31,0.9912866590468675,14540.510555521785,1.1778130712325212,0.0001850766413222207,0.009684241067867316,11.911814136552346,0.09290978473306503,3.0937813025139096e+63,1.06320287789952e+65,5.956911983487488e+66,0.0001448373762996,3.292344654017324e-05,8.951620669364854e+47,1.7438312816298388e+47,1.1836914297734762e+48,1.9619920376897018e+48,0.0005193599151858,0.0,7.25049833197305e-16,9.304757778949855e-16,5.614238880453775e-16,8.232751172956325e-16,1.3707903322427958e-16,0.0,1.0322650648743809e+65,5.953818202184974e+66,True
SCRIPT_SELF_SHIELDING_AUDITOR,1,1,4,5.85,2560,3.2428699108923365e+62,3.214613679692078e+62,2.825623120025832e+60,9.765258066098304e+50,1.2407332471349677e+47,1.0415988974573129e+46,4.107017687038847e+61,3.447852392555414e+60,1.8797594863164146e+45,2.076727786121405e+45,9.615134968666215e+46,1.595728348366688e+46,1.5557304906744516e-05,3.0127270638812607e-06,2.056539982080932e+47,0.0,2.056539982080932e+47,1782,2560,1.2098703204127576e+49,1.9018539792406354e+45,9.951559677800225e+46,6.665969015567048e-16,1.248792755263612e-15,0.9160497310874496,-3.357582233362561e+45,-6.338253001141147e+29,0.9912866590468677,14540.510555521789,1.1773708064950263,0.0001850766413222207,0.009684241067867331,11.911814136552653,0.0929097847330624,3.242869910892336e+62,1.0667454263666793e+64,5.976760170371441e+65,1.5557304906744486e-05,3.012727063881263e-06,9.615134968666199e+46,1.5957283483666893e+46,1.240733247134968e+47,2.056539982080932e+47,0.000542579895872,1.4083798432118798e-16,1.6875402930690377e-15,7.944025068713829e-16,1.960055824832178e-15,7.02878927707342e-16,1.6347115425887619e-16,0.0,1.034316727257756e+64,5.973517300460549e+65,True
SCRIPT_SELF_SHIELDING_AUDITOR,1,1,5,5.85,2560,8.264611929974897e+60,8.192599548383701e+60,7.201238159119506e+58,2.488723585281034e+49,3.162069117156328e+45,2.65456552705367e+44,1.0466934630621415e+60,8.787019769308283e+58,4.790658615047324e+43,5.292641921539963e+43,2.4581506002822816e+45,3.989925248260811e+44,3.9772918965684946e-07,7.532958721076915e-08,5.241192319583219e+45,0.0,5.241192319583219e+45,1779,2560,3.083266979366493e+47,4.84696750650021e+43,2.536203458509176e+45,7.890838967935945e-16,1.385654135043581e-15,0.9160497310874497,-8.556961871493732e+43,-1.9807040628566084e+28,0.9912866590468676,14540.510555521787,1.1773148800266968,0.0001850766413222207,0.00968424106786733,11.911814136552664,0.09290978473306234,8.264611929974896e+60,2.7688432181810097e+62,1.5513271916048458e+64,3.977291896568489e-07,7.532958721076907e-08,2.458150600282278e+45,3.9899252482608064e+44,3.162069117156328e+45,5.241192319583218e+45,0.0005327446056963,1.7269385481119558e-16,1.4181552384249002e-15,1.1914232611069519e-15,1.46414989490652e-15,1.054158687779697e-15,0.0,1.2093150975320758e-16,2.686197098881261e+62,1.5505007304118482e+64,True
SCRIPT_SELF_SHIELDING_AUDITOR,1,1,6,5.85,2560,1.6290051391827483e+65,1.6148110619906438e+65,1.4194077192104352e+63,4.905425136447311e+53,6.232630020553621e+49,6.000920884793069e+48,2.0630963013436922e+64,1.98639701718938e+63,1.7128790922724312e+48,1.892361033995728e+48,3.9584365251499176e+49,1.67316587024086e+49,0.006404757101843712,0.0031589287141489037,1.0330707958688325e+50,0.0,1.0330707958688325e+50,1774,2560,5.9895533144822e+51,1.733012090807486e+48,9.068084843667115e+49,5.756584386138857e-16,1.3231315038859061e-15,0.903717678331568,-1.622298408582787e+48,-3.2451855365842673e+32,0.9912866590468674,14540.510555521785,1.1603151096989812,0.00033572455384826757,0.017566979218130385,10.386122630524468,0.10655796456270711,1.629005139182748e+65,8.006157683942245e+65,2.472849487196669e+67,0.0064047571018437,0.0031589287141489,3.9584365251499104e+49,1.673165870240858e+49,6.232630020553621e+49,1.0330707958688323e+50,0.0065875628404277,1.4354789702521087e-16,1.8363855415550593e-15,1.24131072737872e-15,1.8959445516430397e-15,1.235585913498342e-15,0.0,2.0104321521035762e-16,6.377152544759497e+65,2.4565594358048416e+67,True
SCRIPT_SELF_SHIELDING_AUDITOR,1,1,7,5.85,2560,1.183840409091453e+65,1.1735252039729438e+65,1.0315205118509218e+63,3.5649000488805716e+53,4.5294143620378885e+49,4.3610253057536057e+48,1.499305748417154e+64,1.4435663834843384e+63,1.2447937925704174e+48,1.3752279883893019e+48,3.110086944664355e+49,9.825450079546052e+48,0.005032126022391096,0.001855040013531201,7.507594200809892e+49,0.0,7.507594200809892e+49,1803,2560,4.3553096469543854e+51,1.259424966314862e+48,6.590013139178058e+49,7.752141615947185e-16,1.2614571049791302e-15,0.9037176783315702,-1.1789664535058262e+48,-3.2451855365842673e+32,0.991286659046868,14540.510555521787,1.1609936496441224,0.00033572455384826773,0.017566979218130403,10.386122630524806,0.10655796456270385,1.1838404090914528e+65,1.5336233990454113e+66,4.736878769560861e+67,0.0050321260223911,0.0018550400135312,3.110086944664357e+49,9.825450079546048e+48,4.5294143620378885e+49,7.507594200809891e+49,0.0024991992970113,1.9752684582916618e-16,6.67800862280419e-16,3.9634038261594207e-16,6.894594723017385e-16,4.675703659552436e-16,0.0,1.3832119104079178e-16,1.415239358136266e+66,4.7250403654699463e+67,True
SCRIPT_SELF_SHIELDING_AUDITOR,1,1,8,5.85,2560,5.296913540712008e+64,5.250759727032522e+64,4.615381367948594e+62,1.5950602121017538e+53,2.0266174461967136e+49,1.9512743285357403e+48,6.708415137267601e+63,6.45901784131797e+62,5.569640168239212e+47,6.15324810449404e+47,1.4366076416354634e+49,3.9457817027774775e+48,0.002324433633549101,0.0007449615930111995,3.3591586395467266e+49,0.0,3.3591586395467266e+49,1799,2560,1.948482767574286e+51,5.635105125955039e+47,2.9486009737724473e+49,6.467617413669353e-16,1.283788160962078e-15,0.9037176783315708,-5.275105769039339e+47,-8.112963841460668e+31,0.9912866590468679,14540.510555521785,1.160854133513701,0.00033572455384826773,0.017566979218130406,10.386122630524799,0.10655796456270386,5.296913540712007e+64,8.637126194563625e+65,2.6677357509354855e+67,0.0023244336335491,0.0007449615930112,1.4366076416354628e+49,3.94578170277748e+48,2.0266174461967136e+49,3.3591586395467266e+49,0.0019855465590452,2.20732564516724e-16,3.6142762352452834e-16,6.579554128501219e-16,3.731497107379476e-16,5.821519834884718e-16,0.0,0.0,8.107434840492424e+65,2.6624388373947734e+67,True
SCRIPT_SELF_SHIELDING_AUDITOR,1,1,9,5.85,2560,2.4743697020410502e+64,2.4528096751830666e+64,2.156002685798365e+62,7.451072462144114e+52,9.467024084789755e+48,9.1150705817455e+47,3.133730433164152e+63,3.0172284158807545e+62,2.601769648992504e+47,2.8743929010506584e+47,6.828113790283816e+48,1.7259822072816608e+48,0.001104789984951402,0.0003258645691779,1.5691780313496658e+49,0.0,1.5691780313496658e+49,1793,2560,9.100818781150454e+50,2.632350572519465e+47,1.3773924865555903e+49,6.640525923595144e-16,1.1958686306232673e-15,0.9037176783315708,-2.4641825451087768e+47,-8.112963841460668e+31,0.9912866590468679,14540.51055552179,1.160699625973956,0.00033572455384826773,0.017566979218130423,10.386122630524774,0.10655796456270399,2.4743697020410502e+64,4.298516752300511e+65,1.3276761920330538e+67,0.0011047899849514,0.0003258645691779,6.828113790283804e+48,1.7259822072816608e+48,9.467024084789755e+48,1.5691780313496658e+49,0.0018636846219649,0.0,1.710965618107803e-15,0.0,1.7664569167503398e-15,0.0,0.0,0.0,4.051079782096406e+65,1.3252018223310127e+67,True
SCRIPT_SELF_SHIELDING_AUDITOR,1,1,10,5.85,2560,2.331532601199244e+63,2.311217162701652e+63,2.0315438497591992e+61,7.020946928446793e+51,8.920524395290855e+47,8.588887992785143e+46,2.9528306389564886e+62,2.8430538941241865e+61,2.451578174608646e+46,2.7084637966295494e+46,6.602070171532699e+47,1.4582264266920512e+47,0.00010682160885820016,2.7531241300931433e-05,1.4785946231719168e+48,0.0,1.4785946231719168e+48,1775,2560,8.573353466375636e+49,2.4803937635317873e+46,1.2978802174962827e+48,5.877489491980449e-16,1.192271746772561e-15,0.9037176783315708,-2.321933514821199e+46,-2.535301200456459e+30,0.991286659046868,14540.510555521789,1.1604146526252035,0.00033572455384826773,0.017566979218130427,10.386122630524806,0.10655796456270374,2.331532601199244e+63,4.3128392341602685e+64,1.3320999547567532e+66,0.0001068216088582,2.7531241300931464e-05,6.6020701715326894e+47,1.458226426692053e+47,8.920524395290855e+47,1.4785946231719168e+48,0.0017502685086608,0.0,1.4746218014663498e-15,1.251806187924847e-15,1.5224478231619647e-15,1.1075848621516073e-15,0.0,0.0,4.079685974040344e+64,1.329768422155554e+66,True
SCRIPT_SELF_SHIELDING_AUDITOR,1,1,11,5.85,2560,5.961516064644052e+61,5.909571342575234e+61,5.1944722068818385e+59,1.7951920501313224e+50,2.2808966711519308e+46,2.1961002698431388e+45,7.550118441945794e+60,7.269429324622117e+59,6.2684616394138216e+44,6.9252947292304275e+44,1.6977504456436085e+46,3.631938290106175e+45,2.7469631393123183e-06,6.857081151782041e-07,3.780631501614774e+46,0.0,3.780631501614774e+46,1774,2560,2.1919986241131875e+48,6.342140470320638e+44,3.3185612599232023e+46,6.07750112523834e-16,1.2080391689954659e-15,0.9037176783315708,-5.9369720768742515e+44,-7.922816251426434e+28,0.9912866590468679,14540.510555521781,1.160346043359099,0.0003357245538482678,0.01756697921813038,10.386122630524738,0.10655796456270455,5.961516064644051e+61,1.11944006221632e+63,3.457597130957288e+64,2.74696313931232e-06,6.857081151782045e-07,1.6977504456436098e+46,3.631938290106177e+45,2.280896671151931e+46,3.780631501614774e+46,0.00172417891352,1.9152815186332002e-16,7.466648608345195e-16,5.23543008845218e-16,6.167049969708354e-16,4.632253114545885e-16,1.1115370689615872e-16,0.0,1.0598249015698795e+63,3.4516356148926443e+64,True
SCRIPT_SELF_SHIELDING_AUDITOR,1,1,12,5.85,2560,1.2837727740384777e+65,1.2725868241519317e+65,1.1185949886545975e+63,3.8658264997336935e+53,4.911759047645337e+49,6.84931873369918e+48,1.6258677140903668e+64,2.267229740834778e+63,3.470034546824936e+48,3.8336378747642056e+48,3.026142891016789e+49,1.4119633221039408e+49,0.0048963043992981065,0.0026657796222422088,8.141338105636802e+49,0.0,8.141338105636802e+49,1600,2560,4.56100863751885e+51,3.510820963544585e+48,1.8370571409870362e+50,6.988684987189317e-16,8.265500916578083e-16,0.8605526316079716,-1.1515996881889277e+48,-1.6225927682921336e+32,0.9912866590468675,14540.510555521783,1.121183507627891,0.0008630272107315612,0.04515839220521973,7.171164372128137,0.15432976149714464,1.2837727740384775e+65,2.0563130661910119e+65,2.470707851803617e+66,0.0048963043992981,0.0026657796222422,3.0261428910167856e+49,1.4119633221039364e+49,4.911759047645338e+49,8.141338105636801e+49,0.0519597156378211,1.8215081882234691e-16,1.201069457679556e-15,3.125755648651127e-15,1.2400234280346601e-15,3.2536888299073223e-15,2.1142310965046128e-16,1.27553893258403e-16,7.725402921525342e+64,2.342330574399769e+66,True
SCRIPT_SELF_SHIELDING_AUDITOR,1,1,13,5.85,2560,5.0253944555508706e+64,4.981606480235676e+64,4.378797531519531e+62,1.513297637304548e+53,1.9227333048503244e+49,2.6812009948109795e+48,6.3645426675827034e+63,8.875187260132298e+62,1.3583628446432027e+48,1.5006972347469317e+48,1.2343774662186348e+49,5.0294200398647545e+48,0.001997224862111499,0.0009495519638561964,3.186968613466322e+49,0.0,3.186968613466322e+49,1686,2560,1.7884056934280527e+51,1.3743288969376381e+48,7.191254525366419e+49,6.373027935970651e-16,7.107220658250394e-16,0.860552631607971,-4.507996122891202e+47,-8.112963841460668e+31,0.9912866590468679,14540.510555521787,1.1230519715439642,0.0008630272107315613,0.04515839220521981,7.1711643721282226,0.15432976149714325,5.0253944555508706e+64,3.93898041803307e+65,4.732776349547828e+66,0.0019972248621115,0.0009495519638562,1.2343774662186354e+49,5.0294200398647734e+48,1.9227333048503244e+49,3.1869686134663216e+49,0.0106182800208402,0.0,4.206409303987698e-16,3.742394940768324e-15,4.3428346724635405e-16,3.767952998245809e-15,0.0,1.6292274848880297e-16,3.436440972477983e+65,4.682522404992319e+66,True
SCRIPT_SELF_SHIELDING_AUDITOR,1,1,14,5.85,2560,1.4040680297959604e+64,1.3918339063309552e+64,1.223412346500495e+62,4.22807174819507e+52,5.372012857980401e+48,7.49113056013543e+47,1.7782187971243743e+63,2.479679316842444e+62,3.795192317529533e+47,4.192866904972939e+47,3.444756018017646e+48,1.4092206145284396e+48,0.0005573621158339019,0.0002660601404188998,8.904217930969786e+48,0.0,8.904217930969786e+48,1731,2560,5.0006874219960695e+50,3.839800604076883e+47,2.0091976187142289e+49,6.60098036506002e-16,9.716312037477726e-16,0.8605526316079734,-1.2595097341272967e+47,-4.056481920730334e+31,0.9912866590468675,14540.510555521785,1.1239462051658289,0.0008630272107315613,0.04515839220521975,7.171164372128206,0.1543297614971431,1.40406802979596e+64,2.218371926878721e+65,2.665425332394814e+66,0.0005573621158339,0.0002660601404189,3.4447560180176345e+48,1.409220614528441e+48,5.372012857980402e+48,8.904217930969786e+48,0.0052677072313049,2.0818102916897677e-16,3.3914355241990078e-15,9.211291697347712e-16,3.306905225281993e-15,8.150053373485226e-16,1.2081823414712706e-16,0.0,2.077965123899125e+65,2.6513846520968544e+66,True
SCRIPT_SELF_SHIELDING_AUDITOR,1,1,15,5.85,2560,1.1598931662037509e+64,1.1497866215774095e+64,1.0106544626341378e+62,3.4927876875476443e+52,4.437791382256339e+48,6.188383297284966e+47,1.4689771343197277e+63,2.0484499560895854e+62,3.1351882815615316e+47,3.463705152938131e+47,2.9000530748213286e+48,1.1097913241149919e+48,0.00046922908599580026,0.0002095280415894995,7.355727293371689e+48,0.0,7.355727293371689e+48,1693,2560,4.128507437963676e+50,3.1720389509196593e+47,1.6597875160209648e+49,5.265395734880017e-16,7.891614058269341e-16,0.8605526316079762,-1.0404743234511635e+47,-2.028240960365167e+31,0.9912866590468677,14540.510555521789,1.123256780197255,0.0008630272107315613,0.04515839220521982,7.171164372128232,0.15432976149714286,1.1598931662037509e+64,1.1040372313331806e+65,1.3265263451304808e+66,0.0004692290859958,0.0002095280415895,2.900053074821327e+48,1.1097913241149945e+48,4.437791382256339e+48,7.355727293371688e+48,0.0087438381488734,0.0,5.59504507824258e-16,2.339312240828444e-15,5.776507706169819e-16,2.3285235423253556e-15,0.0,1.7647122614284696e-16,9.880479147128055e+64,1.3149274134684433e+66,True
SCRIPT_SELF_SHIELDING_AUDITOR,1,1,16,5.85,2560,1.1582637219422777e+63,1.1481713752193504e+63,1.0092346722927329e+61,3.4878809400817154e+51,4.4315570721387115e+47,6.17968971588862e+46,1.4669134818804378e+62,2.0455722470702655e+61,3.130783897862341e+46,3.458839261277393e+46,2.9369611002855723e+47,1.0672501781741183e+47,4.752008108600543e-05,2.0149629471760194e-05,7.345393800618753e+47,0.0,7.345393800618753e+47,1692,2560,4.1225627710348855e+49,3.167582798563263e+46,1.657455808824087e+48,6.381988454472961e-16,8.77858556249684e-16,0.8605526316079692,-1.0390126414920351e+46,-2.535301200456459e+30,0.9912866590468675,14540.51055552179,1.1232173160448338,0.000863027210731561,0.045158392205219784,7.1711643721281355,0.154329761497145,1.1582637219422777e+63,1.1077158381944484e+64,1.3309462766113759e+65,4.752008108600543e-05,2.01496294717602e-05,2.9369611002855723e+47,1.0672501781741187e+47,4.4315570721387115e+47,7.345393800618753e+47,0.0087025580393165,0.0,0.0,3.800872563610414e-16,0.0,3.3629718042862114e-16,0.0,0.0,9.918894660002206e+63,1.319363639391953e+65,True
SCRIPT_SELF_SHIELDING_AUDITOR,1,1,17,5.85,2560,3.082376058858477e+61,3.05551826531187e+61,2.685779354660616e+59,9.281962736283e+49,1.1793277440926413e+46,1.6445415038543438e+45,3.903756036995452e+60,5.4436850620353625e+59,8.331654656374904e+44,9.204676904257096e+44,7.81583533524233e+45,2.8401877668525613e+45,1.2646035007050943e-06,5.362260161925076e-07,1.954759142061009e+46,0.0,1.954759142061009e+46,1689,2560,1.0970678486379766e+48,8.429584038400808e+44,4.41082804110296e+46,7.672926278331616e-16,8.834087587247749e-16,0.8605526316079741,-2.765024605636351e+44,-1.188422437713965e+29,0.9912866590468675,14540.510555521787,1.123186388652371,0.000863027210731561,0.0451583922052198,7.1711643721282075,0.1543297614971424,3.0823760588584763e+61,2.875185972629694e+62,3.454602645272466e+63,1.2646035007050915e-06,5.362260161925064e-07,7.815835335242314e+45,2.840187766852555e+45,1.1793277440926413e+46,1.954759142061009e+46,0.0089225198246074,1.8521396032832217e-16,2.1084704444398374e-15,2.2316316812268618e-15,2.1768539127414947e-15,2.1719764936890734e-15,0.0,0.0,2.5669483667438464e+62,3.423778884683881e+63,True
SCRIPT_SELF_SHIELDING_AUDITOR,1,2,0,5.85,2560,8.626185021881891e+64,8.547492325592966e+64,7.869269628892515e+62,2.603850350237876e+53,3.3034334022255677e+49,2.8757489538161866e+48,1.0934872134863866e+64,9.519170896789677e+62,4.984364601181185e+47,5.8470374984289036e+47,2.090311502536756e+49,9.436711956611866e+48,0.003382127604138107,0.0017816464522194936,0.0,2.0332030028326417e+48,-2.0332030028326417e+48,1784,2560,3.146172183917825e+51,5.045713490235926e+47,2.6799297335710494e+49,6.108250415884119e-16,1.1606942031760733e-15,0.9129466647676792,-8.925328651005584e+47,-3.2451855365842673e+32,0.990877462506391,14575.474764423527,1.150979755933231,0.00018458983622024312,0.009804119705942901,11.487210654608198,0.094784619421998,8.62618502188189e+64,1.9802574657709903e+65,1.1099515402135743e+67,0.0033821276041381,0.0017816464522195,2.090311502536752e+49,9.4367119566119e+48,3.303433402225569e+49,-2.0332030028326417e+48,0.0077716771492763,1.3554094966648988e-16,1.987185872434255e-15,3.57645011691061e-15,2.051635750057845e-15,3.529528876271797e-15,3.143575926208596e-16,0.0,1.1176389635828011e+65,1.1013253551916925e+67,True
SCRIPT_SELF_SHIELDING_AUDITOR,1,2,1,5.85,2560,1.3025518465708432e+64,1.2906692685131313e+64,1.1882578057711966e+62,3.931807714873891e+52,4.9881764269809244e+48,4.34237394695974e+47,1.6511630408056887e+63,1.437392497144902e+62,7.526378461372852e+46,8.829012444351646e+46,3.68551527571645e+48,8.957912415643141e+47,0.0005963170051136006,0.00016912493406600002,0.0,3.070131604034707e+47,-3.070131604034707e+47,1832,2560,4.755314147815986e+50,7.619015135082745e+46,4.046687399224758e+48,6.400666821771259e-16,1.1930780089883506e-15,0.9129466647676762,-1.3477224620302389e+47,-2.028240960365167e+31,0.9908774625063912,14575.474764423527,1.1520946528630633,0.00018458983622024315,0.009804119705942905,11.487210654608258,0.09478461942199749,1.3025518465708432e+64,3.7932917455921924e+65,2.126173029657148e+67,0.0005963170051136,0.000169124934066,3.685515275716447e+48,8.95791241564314e+47,4.988176426980925e+48,-3.070131604034707e+47,0.0006126273959842,0.0,8.8052423984416e-16,1.811351454451163e-16,9.090820513151055e-16,1.6026645900456062e-16,1.3011510655602067e-16,0.0,3.663036560935108e+65,2.1248704778105773e+67,True
SCRIPT_SELF_SHIELDING_AUDITOR,1,2,2,5.85,2560,6.273921100667468e+63,6.216687020194684e+63,5.723408047278423e+61,1.8938095593704116e+52,2.402624158222756e+48,2.0915644628306357e+47,7.9530551276138035e+62,6.923399741453764e+61,3.6251842692273263e+46,4.252615941430929e+46,1.8128958050093166e+48,3.937538345472699e+47,0.00029332685286890034,7.434052513147335e-05,0.0,1.4787713443490786e+47,-1.4787713443490786e+47,1823,2560,2.2898600152888943e+50,3.669804004204804e+46,1.9491429480247193e+48,6.487836691824307e-16,1.1625537977229181e-15,0.9129466647676768,-6.491491616733254e+46,-1.5211807202738753e+31,0.9908774625063909,14575.474764423529,1.151791443644278,0.0001845898362202431,0.009804119705942898,11.487210654608011,0.09478461942199956,6.273921100667468e+63,2.1363223539670404e+65,1.1974272680018408e+67,0.0002933268528689,7.43405251314734e-05,1.8128958050093146e+48,3.937538345472702e+47,2.402624158222756e+48,-1.4787713443490786e+47,0.0005239500776641,0.0,1.074033773242999e-15,8.241660783609923e-16,1.108867628600725e-15,7.292134206531774e-16,0.0,0.0,2.0735831429603657e+65,1.196799875891774e+67,True
SCRIPT_SELF_SHIELDING_AUDITOR,1,2,3,5.85,2560,3.061698412468336e+63,3.03376795390647e+63,2.7930458561865814e+61,9.241865857740677e+51,1.1724901306466995e+48,1.0206917639978706e+47,3.8811224858881023e+62,3.3786465684175596e+61,1.7691043199152868e+46,2.075293467642021e+46,8.978541219393419e+47,1.7899966533341729e+47,0.00014527295126180045,3.379504642677134e-05,0.0,7.216462886209337e+46,-7.216462886209337e+46,1807,2560,1.1172198914913665e+50,1.7908789277806566e+46,9.511894991803847e+47,5.584327766316738e-16,1.0663232013089137e-15,0.9129466647676793,-3.167873688336509e+46,-5.070602400912918e+30,0.9908774625063909,14575.474764423529,1.1515431534389435,0.0001845898362202431,0.0098041197059429,11.487210654608022,0.09478461942199928,3.061698412468336e+63,1.06320287789952e+65,5.959344642211044e+66,0.0001452729512618,3.379504642677131e-05,8.978541219393391e+47,1.7899966533341715e+47,1.1724901306466995e+48,-7.216462886209337e+46,0.0005137642805186,0.0,3.072222579029361e-15,7.931683389525095e-16,3.171863167259156e-15,8.020422274273269e-16,0.0,0.0,1.0325858937748367e+65,5.956282943798576e+66,True
SCRIPT_SELF_SHIELDING_AUDITOR,1,2,4,5.85,2560,3.2076921581906677e+62,3.1784298662096177e+62,2.9262291981049776e+60,9.682554139950397e+50,1.2283990422816551e+47,1.0693623362681834e+46,4.0661895738202406e+61,3.539753640879795e+60,1.8534621277209773e+45,2.174251570628323e+45,9.644050930536764e+46,1.6379729124581422e+46,1.5604090982754688e-05,3.0924845875665745e-06,0.0,7.560572039264196e+45,-7.560572039264196e+45,1785,2560,1.1700488915990966e+49,1.8762750339866574e+45,9.965459318425887e+46,8.815334821420519e-16,1.1452872976380225e-15,0.9129466647676773,-3.318930286155536e+45,-6.338253001141147e+29,0.990877462506391,14575.474764423532,1.151105937870141,0.00018458983622024307,0.009804119705942914,11.48721065460816,0.09478461942199835,3.207692158190667e+62,1.0667454263666793e+64,5.979200934614285e+65,1.5604090982754688e-05,3.0924845875665707e-06,9.644050930536764e+46,1.6379729124581402e+46,1.2283990422816551e+47,-7.560572039264196e+45,0.0005364750563275,1.4238251027290737e-16,0.0,1.2382628216490717e-15,0.0,1.2325520644368595e-15,0.0,0.0,1.0346685047847727e+64,5.975993242456094e+65,True
SCRIPT_SELF_SHIELDING_AUDITOR,1,2,5,5.85,2560,8.174446871685307e+60,8.099875173608841e+60,7.457169807646522e+58,2.4674912833245896e+49,3.1304384003060034e+45,2.7251510348600295e+44,1.036223209777805e+60,9.020668645631013e+58,4.723342186390486e+43,5.540838420045014e+43,2.4655430902745185e+45,4.095552658491873e+44,3.989252958082881e-07,7.732382738213985e-08,0.0,1.9267277346643993e+44,-1.9267277346643993e+44,1784,2560,2.9816077680190003e+47,4.781478341938135e+43,2.5395865230522368e+45,5.816437283383625e-16,1.1996602603672647e-15,0.912946664767676,-8.457924874657855e+43,-1.9807040628566084e+28,0.9908774625063907,14575.47476442353,1.151055071700987,0.00018458983622024304,0.009804119705942907,11.487210654607958,0.0947846194219999,8.174446871685306e+60,2.7688432181810097e+62,1.5519607160947506e+64,3.989252958082874e-07,7.732382738213967e-08,2.465543090274514e+45,4.095552658491863e+44,3.1304384003060034e+45,-1.926727734664399e+44,0.0005267173831728,1.745986872395817e-16,1.799513104556937e-15,2.5148403611655822e-15,1.7251707948218325e-15,2.225104126839568e-15,0.0,2.0560290146045059e-16,2.6870987494641565e+62,1.551143271407582e+64,True
SCRIPT_SELF_SHIELDING_AUDITOR,1,2,6,5.85,2560,1.6171491992443048e+65,1.6023966950414393e+65,1.4752504202865504e+63,4.8814330995192955e+53,6.192940062860516e+49,6.151754414015747e+48,2.0499583155099273e+64,2.0363252329236235e+63,1.6950113859157938e+48,1.9883768397210817e+48,3.9703408821871574e+49,1.7174604789775966e+49,0.006424018371992406,0.003242556711772607,0.0,3.8116416464420016e+48,-3.8116416464420016e+48,1792,2560,5.817789132135089e+51,1.7158740381857415e+48,9.113521532475243e+49,6.320686498772379e-16,1.1359739483077418e-15,0.900665041941746,-1.6106181393384526e+48,-3.2451855365842673e+32,0.9908774625063913,14575.474764423529,1.1353031767387982,0.0003348415011599064,0.01778443616999822,10.06694943600306,0.10815698410318576,1.6171491992443046e+65,8.006157683942245e+65,2.473859339095395e+67,0.0064240183719924,0.0032425567117726,3.970340882187154e+49,1.717460478977593e+49,6.192940062860516e+49,-3.8116416464420016e+48,0.0065369488624023,1.4460030161856323e-16,9.154397339737158e-16,2.116268668457547e-15,9.451299504979066e-16,2.273691851289493e-15,0.0,0.0,6.389008484697941e+65,2.4576878471029522e+67,True
SCRIPT_SELF_SHIELDING_AUDITOR,1,2,7,5.85,2560,1.1736672510941434e+65,1.1629604275910164e+65,1.0706823503127072e+63,3.54276412466458e+53,4.4946075125071e+49,4.464716487432401e+48,1.4877841464142135e+64,1.4778897578380238e+63,1.2301767547550359e+48,1.4430905823069677e+48,3.119440027673505e+49,1.0085564438006614e+49,0.0050472593267770075,0.001904149473060401,0.0,2.7663489401139092e+48,-2.7663489401139092e+48,1822,2560,4.224940505456527e+51,1.2453180983933625e+48,6.614257837066528e+49,6.388234737702929e-16,1.142759041959621e-15,0.9006650419417462,-1.1689272486688745e+48,-4.867778304876401e+32,0.9908774625063912,14575.474764423529,1.1360032613221493,0.0003348415011599064,0.017784436169998218,10.066949436003021,0.1081569841031862,1.1736672510941432e+65,1.5336233990454113e+66,4.7388131962391705e+67,0.005047259326777,0.0019041494730604,3.1194400276735004e+49,1.0085564438006609e+49,4.4946075125071e+49,-2.766348940113909e+48,0.0024767113673642,1.9923897659660218e-16,1.4980468068708291e-15,5.148246179428577e-16,1.5466325656146575e-15,4.555113714861661e-16,0.0,1.1730933468034012e-16,1.4162566739359969e+66,4.727076523728229e+67,True
SCRIPT_SELF_SHIELDING_AUDITOR,1,2,8,5.85,2560,5.2483898380097785e+64,5.200511204931458e+64,4.787863307832038e+62,1.5842486201281702e+53,2.0098926993569567e+49,1.9965260699223205e+48,6.653053655465819e+63,6.608808058250696e+62,5.501088296187181e+47,6.453193560991778e+47,1.440928006552219e+49,4.0502404774833825e+48,0.0023314239914107014,0.0007646833569279003,0.0,1.2370522950306266e+48,-1.2370522950306266e+48,1819,2560,1.889048448815403e+51,5.568797158312392e+47,2.9577551546807194e+49,7.857350945291552e-16,1.2351895095456957e-15,0.9006650419417451,-5.227193557260111e+47,-8.112963841460668e+31,0.9908774625063911,14575.474764423532,1.1358499876781807,0.0003348415011599063,0.01778443616999823,10.066949436002888,0.1081569841031877,5.2483898380097785e+64,8.637126194563625e+65,2.6688251896689517e+67,0.0023314239914107,0.0007646833569279,1.4409280065522183e+49,4.050240477483382e+48,2.009892699356957e+49,-1.2370522950306264e+48,0.001966554369438,0.0,5.405159211554258e-16,1.6024656089559718e-16,5.580463321025399e-16,2.8356892108683116e-16,1.291685088511453e-16,1.3116606103155583e-16,8.112287210762647e+65,2.663576799830942e+67,True
SCRIPT_SELF_SHIELDING_AUDITOR,1,2,9,5.85,2560,2.4509204906060297e+64,2.4285618765366218e+64,2.2358614069407903e+62,7.398206926562579e+52,9.385901872413947e+48,9.323481688352092e+47,3.1068777344226215e+63,3.086215694410215e+62,2.5689269360507166e+47,3.0135460239514607e+47,6.848648237137755e+48,1.771675050960754e+48,0.0011081124619820987,0.00033449135499130016,0.0,5.7768513990406985e+47,-5.7768513990406985e+47,1806,2560,8.820290369336297e+50,2.6005459740224134e+47,1.3812279458172877e+49,6.0493182813122265e-16,1.2574570465401224e-15,0.9006650419417445,-2.441022140746847e+47,-8.112963841460668e+31,0.9908774625063911,14575.47476442353,1.135684313000873,0.00033484150115990633,0.017784436169998214,10.0669494360029,0.1081569841031877,2.4509204906060297e+64,4.298516752300511e+65,1.3282183828660828e+67,0.0011081124619821,0.0003344913549913,6.848648237137763e+48,1.771675050960753e+48,9.385901872413948e+48,-5.7768513990406985e+47,0.0018452692134235,0.0,1.1372237291394666e-15,5.495114131947249e-16,1.1741070077448707e-15,4.862018806945116e-16,1.3830042464527247e-16,0.0,4.053424703239908e+65,1.3257674623754768e+67,True
SCRIPT_SELF_SHIELDING_AUDITOR,1,2,10,5.85,2560,2.308315353824665e+63,2.287257660462327e+63,2.1057693362338033e+61,6.967747303436076e+51,8.839789574825256e+47,8.78100126659116e+46,2.9261061728895246e+62,2.9066463395799835e+61,2.41945567474258e+46,2.838204904323188e+46,6.621924828796359e+47,1.4968308293808301e+47,0.0001071428575540999,2.826009047431669e-05,0.0,5.440729241229647e+46,-5.440729241229647e+46,1796,2560,8.304862267562389e+49,2.4492349805597114e+46,1.3008621400335142e+48,5.99740229663833e-16,1.1055151937049114e-15,0.9006650419417468,-2.298992932699564e+46,-1.0141204801825835e+31,0.9908774625063913,14575.474764423529,1.1353800556781897,0.0003348415011599065,0.017784436169998225,10.066949436003119,0.1081569841031853,2.308315353824665e+63,4.3128392341602685e+64,1.3326439521474434e+66,0.0001071428575541,2.8260090474316628e-05,6.621924828796365e+47,1.496830829380827e+47,8.839789574825257e+47,-5.440729241229647e+46,0.0017321320898241,0.0,8.576169068434934e-16,2.0325352610530044e-15,8.854317707979721e-16,2.1580388165329903e-15,1.835555874444227e-16,0.0,4.082007698777802e+64,1.3303356367936188e+66,True
SCRIPT_SELF_SHIELDING_AUDITOR,1,2,11,5.85,2560,5.901507087708786e+61,5.847670368032365e+61,5.383671967642133e+59,1.7813948180199641e+50,2.2600066643081407e+46,2.2449766721044075e+45,7.480969309537257e+60,7.431217725980255e+59,6.1856517088241555e+44,7.256238334801453e+44,1.7028561552682696e+46,3.7280885214595575e+45,2.755224186261221e-06,7.038612303054286e-07,0.0,1.3909928782573141e+45,-1.3909928782573141e+45,1793,2560,2.1231087340003204e+48,6.261786360034468e+44,3.3258224994343356e+46,6.471564445518865e-16,1.25727418009218e-15,0.9006650419417455,-5.877673111015305e+44,-1.5845632502852868e+29,0.9908774625063913,14575.474764423529,1.135306883281247,0.0003348415011599064,0.017784436169998218,10.066949436003021,0.10815698410318644,5.901507087708785e+61,1.11944006221632e+63,3.4590091299672577e+64,2.7552241862612277e-06,7.038612303054262e-07,1.702856155268274e+46,3.7280885214595454e+45,2.260006664308141e+46,-1.390992878257314e+45,0.001706126484773,1.934756897170926e-16,2.5310488072886963e-15,3.2302561038581334e-15,2.4594236693419955e-15,3.309374781075168e-15,1.1218113824600576e-16,1.13915985843902e-16,1.0604249913392321e+63,3.4531076228795487e+64,True
SCRIPT_SELF_SHIELDING_AUDITOR,1,2,12,5.85,2560,1.275052522345108e+65,1.2634208079036945e+65,1.1631714441413629e+63,3.848799844262667e+53,4.882866622060804e+49,6.949466106678687e+48,1.616303877288932e+64,2.3003800600582755e+63,3.435516100038426e+48,4.0301208018795946e+48,3.0352435258738876e+49,1.449342977053635e+49,0.00491102924213991,0.0027363522220339017,0.0,3.005315340008601e+48,-3.005315340008601e+48,1608,2560,4.436512540729279e+51,3.477801348596898e+48,1.8471645803104458e+50,8.427549887968936e-16,7.2309107199277e-16,0.8576765116769606,-1.1448280517710531e+48,-2.4338891524382005e+32,0.9908774625063913,14575.474764423529,1.0980385960714496,0.0008607571995279426,0.04571739590177249,7.026247120434465,0.1549633640056246,1.2750525223451079e+65,2.0563130661910119e+65,2.471716829110267e+66,0.0049110292421399,0.0027363522220339,3.035243525873882e+49,1.4493429770536342e+49,4.882866622060804e+49,-3.005315340008601e+48,0.0515857038042696,1.8339657219991195e-16,1.8817358461357345e-15,5.373776539515407e-16,1.942765690744512e-15,6.339547453022716e-16,0.0,0.0,7.812605438459038e+64,2.344211576875756e+66,True
SCRIPT_SELF_SHIELDING_AUDITOR,1,2,13,5.85,2560,4.9879374340528427e+64,4.9424347877949206e+64,4.550264625792226e+62,1.505629962918379e+53,1.9101513688917793e+49,2.718594060457242e+48,6.322894526341822e+63,8.998964052876774e+62,1.3439555673483693e+48,1.576561754058446e+48,1.2380896566208894e+49,5.1625665478116914e+48,0.0020032311925632,0.0009746899573226039,0.0,1.1756633254598465e+48,-1.1756633254598465e+48,1701,2560,1.7387269155201442e+51,1.3604973309617706e+48,7.226009278457954e+49,6.05955825743351e-16,8.453879453789412e-16,0.8576765116769587,-4.4785062535934366e+47,-1.6225927682921336e+32,0.9908774625063912,14575.474764423529,1.1000548670602512,0.0008607571995279428,0.045717395901772435,7.026247120434412,0.15496336400562583,4.9879374340528427e+64,3.93898041803307e+65,4.734709100897064e+66,0.0020032311925632,0.0009746899573226,1.2380896566208894e+49,5.1625665478116706e+48,1.9101513688917796e+49,-1.1756633254598465e+48,0.0105348339840092,0.0,0.0,4.023035294904422e-15,0.0,4.0044814165002774e-15,1.3591323030978598e-16,0.0,3.4401866746277854e+65,4.684829726556536e+66,True
SCRIPT_SELF_SHIELDING_AUDITOR,1,2,14,5.85,2560,1.393629613976855e+64,1.380916175571147e+64,1.2713438405707852e+62,4.206729799152684e+52,5.3369625222083535e+48,7.595751232100777e+47,1.766616597434404e+63,2.5143103667626227e+62,3.755011571995411e+47,4.4049132086525824e+47,3.455115564086931e+48,1.446527660323785e+48,0.0005590382921686001,0.00027310369182640055,0.0,3.2848030836186184e+47,-3.2848030836186184e+47,1751,2560,4.862243496949451e+50,3.80122925604585e+47,2.01894684014672e+49,7.986182907067935e-16,8.397018834832472e-16,0.8576765116769569,-1.2512945528903847e+47,-5.070602400912918e+31,0.9908774625063909,14575.474764423527,1.101015175341131,0.0008607571995279423,0.04571739590177241,7.026247120434322,0.15496336400562793,1.3936296139768548e+64,2.218371926878721e+65,2.666513827609249e+66,0.0005590382921686,0.0002731036918264,3.4551155640869305e+48,1.4465276603237822e+48,5.336962522208353e+48,-3.2848030836186184e+47,0.0052264106022895,2.0974032449846822e-16,1.8784816174111726e-16,1.9069166679323617e-15,1.9394059184742223e-16,1.984964328447603e-15,1.216117041512017e-16,0.0,2.0790089654810353e+65,2.6525775314694805e+66,True
SCRIPT_SELF_SHIELDING_AUDITOR,1,2,15,5.85,2560,1.1509073736007488e+64,1.1404081779334051e+64,1.0499195667343775e+62,3.474062474013436e+52,4.4074476158070885e+48,6.2728331928276895e+47,1.4589328813921772e+63,2.076404169089313e+62,3.101017991310733e+47,3.6377291649556504e+47,2.90877451496829e+48,1.1391714192719802e+48,0.0004706402165107007,0.00021507498871930006,0.0,2.7127036135340983e+47,-2.7127036135340983e+47,1715,2560,4.0127047802448785e+50,3.139186147922022e+47,1.6673158936412975e+49,6.085033968461234e-16,7.901991994707811e-16,0.8576765116769586,-1.0333621738694684e+47,-3.0423614405477506e+31,0.9908774625063911,14575.47476442353,1.1002738819621494,0.0008607571995279424,0.045717395901772484,7.026247120434402,0.15496336400562602,1.1509073736007488e+64,1.1040372313331806e+65,1.327068066393856e+66,0.0004706402165107,0.0002150749887193,2.9087745149682854e+48,1.1391714192719799e+48,4.407447615807089e+48,-2.7127036135340983e+47,0.0086725572165126,0.0,1.561915414150795e-15,2.848724504217456e-16,1.4973888490457016e-15,2.5205212817668093e-16,1.4725917671468505e-16,0.0,9.889464939731057e+64,1.3155589926578484e+66,True
SCRIPT_SELF_SHIELDING_AUDITOR,1,2,16,5.85,2560,1.1490171251745784e+63,1.1385351733693746e+63,1.0481951805203918e+61,3.468356679373006e+51,4.4002088309054486e+47,6.262530701643508e+46,1.4565367323655951e+62,2.0729938862092744e+61,3.0959248843309223e+46,3.6317545644043097e+46,2.945793535344252e+47,1.0955040589801057e+47,4.7662990037075554e-05,2.068306131466124e-05,0.0,2.708248273466108e+46,-2.708248273466108e+46,1714,2560,4.005955585166067e+49,3.1340303536229545e+46,1.664577496689311e+48,8.299271918345894e-16,9.283124320226745e-16,0.8576765116769572,-1.0316649814909738e+46,-2.535301200456459e+30,0.9908774625063911,14575.474764423529,1.1002302855601827,0.0008607571995279425,0.045717395901772415,7.026247120434363,0.15496336400562713,1.1490171251745784e+63,1.1077158381944484e+64,1.3314898028678254e+65,4.766299003707554e-05,2.0683061314661263e-05,2.9457935353442517e+47,1.0955040589801071e+47,4.4002088309054486e+47,-2.708248273466108e+46,0.0086295600814949,0.0,1.3770421694731178e-16,1.2959958118068442e-15,2.8434068331690306e-16,1.1466833735250103e-15,0.0,0.0,9.928141256769906e+63,1.3199996316160797e+65,True
SCRIPT_SELF_SHIELDING_AUDITOR,1,2,17,5.85,2560,3.057769093998584e+61,3.0298744807917833e+61,2.7894613206800914e+59,9.230005044127582e+49,1.170985381809521e+46,1.6665872431442908e+45,3.876141536031948e+60,5.516659846419302e+59,8.238888021107521e+44,9.66484016705714e+44,7.839340194681736e+45,2.9153775660948e+45,1.268406591002639e-06,5.504218123213876e-07,0.0,7.207201431600522e+44,-7.207201431600522e+44,1713,2560,1.066034372023033e+48,8.340294452535413e+44,4.429780472739912e+46,7.34767419347629e-16,9.184601693477642e-16,0.857676511676958,-2.7454710871123143e+44,-7.922816251426434e+28,0.990877462506391,14575.474764423525,1.1001970804329688,0.0008607571995279425,0.04571739590177235,7.026247120434358,0.15496336400593336,3.0577690939985836e+61,2.875185972629694e+62,3.456013421406936e+63,1.2684065910026354e-06,5.504218123213861e-07,7.839340194681714e+45,2.915377566094792e+45,1.170985381809521e+46,-7.207201431600522e+44,0.0088476771388051,1.8670444351173375e-16,2.7489635184475874e-15,2.6088914485123174e-15,2.8381199304437284e-15,2.693039455401372e-15,0.0,0.0,2.5694090632298357e+62,3.4254357304669505e+63,True
SCRIPT_SELF_SHIELDING_AUDITOR,2,1,0,5.75,2560,8.816575431766821e+64,8.719358451307661e+64,9.72169804591602e+62,2.625725845360901e+53,2.480225880893355e+49,3.316554456246253e+48,8.516115715815904e+63,1.1387737602764105e+63,4.852158619466138e+47,6.467350874180354e+47,1.3369060157184773e+49,6.931501131906955e+48,0.004096159933813801,0.0020573246118480997,1.1259151828132553e+50,0.0,1.1259151828132553e+50,1591,2560,1.687833861336308e+51,4.924673594898037e+47,2.4450036003752403e+49,5.938071902749536e-16,1.2476511407048082e-15,0.8662801448127972,-6.396437659058243e+47,-8.112963841460668e+31,0.988973385277363,14380.530572471062,0.604134635661283,0.00017627125253008845,0.008751521065786347,7.478320991299288,0.16337254960671285,8.816575431766821e+64,1.961737854909865e+65,8.071090311095705e+66,0.0040961599338138,0.0020573246118481,1.336906015718477e+49,6.931501131906957e+48,2.480225880893355e+49,1.125915182813255e+50,0.0109236485926148,0.0,1.9419079566877385e-16,1.8727173088935034e-16,2.117499687520334e-16,2.1079846442153098e-16,0.0,1.8446493795602448e-16,1.0800803117331828e+65,7.982924556778036e+66,True
SCRIPT_SELF_SHIELDING_AUDITOR,2,1,1,5.75,2560,3.010837140763147e+64,2.977637799619346e+64,3.3199341143801156e+62,8.966784164506424e+52,8.469905642466924e+48,1.1325945559599884e+48,2.908230944163422e+63,3.888882207044884e+62,1.656999307432349e+47,2.208583181194074e+47,5.27330160533859e+48,1.6592862662866778e+48,0.001615692240198,0.0004924893480893004,3.844970505837253e+49,0.0,3.844970505837253e+49,1638,2560,5.775657059471676e+50,1.6817629793343922e+47,8.349622488098149e+48,7.775340466895902e-16,1.2434960255944253e-15,0.866280144812798,-2.1843665061922332e+47,-4.056481920730334e+31,0.988973385277363,14380.53057247106,0.6053661048361619,0.00017627125253008845,0.008751521065786349,7.478320991299329,0.1633725496067119,3.0108371407631465e+64,3.757816415628604e+65,1.5460615997773026e+67,0.001615692240198,0.0004924893480893,5.2733016053385895e+48,1.6592862662866765e+48,8.469905642466924e+48,3.8449705058372526e+49,0.0019474237903566,1.9416548541186931e-16,1.2307983800125915e-16,7.823087799904904e-16,0.0,6.604420034820197e-16,0.0,1.3504126626334656e-16,3.4567327015522896e+65,1.5430507626365395e+67,True
SCRIPT_SELF_SHIELDING_AUDITOR,2,1,2,5.75,2560,1.5009073734315366e+64,1.484357446090342e+64,1.654992734119485e+62,4.469956971855874e+52,4.2222621937717215e+48,5.646002891135831e+47,1.4497580120292595e+63,1.9386143142504896e+62,8.260169388191449e+46,1.1009824266519133e+47,2.6976891159612254e+48,7.582175860688418e+47,0.0008265477109657998,0.00022504500414410007,1.9167242574187118e+49,0.0,1.9167242574187118e+49,1635,2560,2.8785809789542354e+50,8.383616708698447e+46,4.162300839221026e+48,6.820351550131717e-16,1.1315503017164722e-15,0.866280144812799,-1.0889103734750008e+47,-3.0423614405477506e+31,0.9889733852773629,14380.530572471063,0.6052412607831716,0.00017627125253008843,0.008751521065786347,7.478320991299229,0.16337254960671416,1.5009073734315366e+64,2.1163432051173286e+65,8.707176188207121e+66,0.0008265477109658,0.0002250450041441,2.6976891159612258e+48,7.582175860688415e+47,4.222262193771722e+48,1.9167242574187115e+49,0.0017237590476971,0.0,1.2029501536643746e-16,4.280018818093759e-16,2.6234472810254155e-16,3.6132845181644367e-16,1.5371785965216727e-16,1.354471525687109e-16,1.966252467774175e+65,8.692167114472807e+66,True
SCRIPT_SELF_SHIELDING_AUDITOR,2,1,3,5.75,2560,7.529417792956465e+63,7.446393803867767e+63,8.302398908869847e+61,2.2423884480421353e+52,2.1181304490248314e+48,2.832360969112146e+47,7.272823069885614e+62,9.725208477072841e+61,4.143777788371297e+46,5.523163400824805e+46,1.3776170537111136e+48,3.5606524232363135e+47,0.0004220894897025988,0.00010568299312300024,9.6153953158376e+48,0.0,9.6153953158376e+48,1624,2560,1.443709759529026e+50,4.2057060904085565e+46,2.0880503722768836e+48,6.103739067675746e-16,1.2148636218300241e-15,0.8662801448127988,-5.462603013424103e+46,-1.0141204801825835e+31,0.9889733852773631,14380.53057247106,0.6050934661898184,0.0001762712525300885,0.008751521065786338,7.478320991299344,0.1633725496067119,7.529417792956465e+63,1.0532596740962403e+65,4.3333791665332214e+66,0.0004220894897026,0.000105682993123,1.3776170537111175e+48,3.5606524232363054e+47,2.118130449024831e+48,9.6153953158376e+48,0.0017375395744518,0.0,2.8267816759458673e-15,2.2785048572886852e-15,2.825520224572198e-15,2.308275736714989e-15,1.5320989970557867e-16,0.0,9.779654961666756e+64,4.325849748740265e+66,True
SCRIPT_SELF_SHIELDING_AUDITOR,2,1,4,5.75,2560,7.524643392910131e+62,7.441672049291275e+62,8.297134361885586e+60,2.2409665506518428e+51,2.1167873435693957e+47,2.830564970442129e+46,7.268211376424488e+61,9.719041727254955e+60,4.1411502209538916e+45,5.5196611656823496e+45,1.4160554027477876e+47,3.1652756621252436e+46,4.338666545440698e-05,9.394789669727129e-06,9.609298198490174e+47,0.0,9.609298198490174e+47,1618,2560,1.4422058667534577e+49,4.203039254285888e+45,2.0867263405830314e+47,6.639497175107239e-16,1.225754098319449e-15,0.8662801448128004,-5.4591391795929066e+45,-1.2676506002282294e+30,0.988973385277363,14380.530572471063,0.6048466815522681,0.00017627125253008848,0.008751521065786349,7.478320991299336,0.163372549606712,7.524643392910131e+62,1.0567690922153503e+64,4.347817808530082e+65,4.338666545440704e-05,9.394789669727135e-06,1.4160554027477896e+47,3.1652756621252467e+46,2.116787343569396e+47,9.609298198490174e+47,0.0017306712756333,0.0,1.4323175183890827e-15,9.611679251042014e-16,1.4056478312765766e-15,7.212789020566987e-16,1.9163388958525052e-16,0.0,9.81522658286249e+63,4.340293165137172e+65,True
SCRIPT_SELF_SHIELDING_AUDITOR,2,1,5,5.75,2560,1.9131832398397053e+61,1.8920873053601864e+61,2.1095934479518784e+59,5.697784495393037e+49,5.3820518216685e+45,7.196871902035567e+44,1.8479839459355075e+60,2.4711214563877994e+59,1.0529109198520263e+44,1.4034051423257508e+44,3.61225484900881e+45,7.929355696757703e+44,1.1067624357485575e-06,2.3534957753876542e-07,2.443218542063452e+46,0.0,2.443218542063452e+46,1618,2560,3.66674876162648e+47,1.0686465574255252e+44,5.3056200174178436e+45,5.900345122985382e-16,1.2463612399735223e-15,0.8662801448127996,-1.388017084263459e+44,-2.9710560942849127e+28,0.988973385277363,14380.530572471056,0.604823355705326,0.0001762712525300885,0.008751521065786336,7.478320991299341,0.1633725496067115,1.913183239839705e+61,2.7429486565785303e+62,1.1285190970106014e+64,1.1067624357485562e-06,2.3534957753876534e-07,3.6122548490088053e+45,7.9293556967577e+44,5.3820518216685e+45,2.443218542063452e+46,0.0016953042663678,1.492013585510545e-16,1.2282569437248424e-15,3.9967011466851244e-16,1.1479874811816466e-15,3.374101608149724e-16,0.0,0.0,2.5516303325945596e+62,1.1266059137707616e+64,True
SCRIPT_SELF_SHIELDING_AUDITOR,2,1,6,5.75,2560,2.9556767014786094e+65,2.9230855932467295e+65,3.259110823187968e+63,8.802507011555387e+53,8.31473161806963e+49,1.2464246860392686e+49,2.854950315248276e+64,4.279729898446428e+63,2.972441814392317e+48,3.9619117333960536e+48,4.424886296614145e+49,2.3806921837690144e+49,0.013557454111785229,0.00706608356501122,3.77452821612765e+50,0.0,3.77452821612765e+50,1558,2560,5.575223632889002e+51,3.01686462948304e+48,1.497813964477264e+50,6.231009820427509e-16,1.1833626079733811e-15,0.8500944175599753,-2.058133949662158e+48,-3.2451855365842673e+32,0.9889733852773628,14380.530572471062,0.595263606568478,0.00032210900192076704,0.01599207854558033,6.670865645714333,0.18314750019150375,2.955676701478609e+65,7.989752541206482e+65,1.7988841331707608e+67,0.0135574541117852,0.0070660835650112,4.424886296614135e+49,2.3806921837690077e+49,8.314731618069631e+49,3.77452821612765e+50,0.0164306118830947,1.5823128548258566e-16,2.2295180869992066e-15,2.8353039347610972e-15,2.1752092132084285e-15,2.8232499361478473e-15,1.2489391352694759e-16,0.0,5.034075839727873e+65,1.7693273661559746e+67,True
SCRIPT_SELF_SHIELDING_AUDITOR,2,1,7,5.75,2560,2.620131432275959e+65,2.5912402524495806e+65,2.88911798263779e+63,7.803196233291654e+53,7.370795883238669e+49,1.104923449923458e+49,2.5308400796426898e+64,3.793870562014059e+63,2.634993273995282e+48,3.512132926913368e+48,4.249552014176635e+49,1.7834183991139449e+49,0.013020245621210421,0.005293327514339501,3.3460222547821614e+50,0.0,3.3460222547821614e+50,1599,2560,4.9486419642498665e+51,2.674372957866375e+48,1.327773584325204e+50,6.083156670528815e-16,1.2406236020593306e-15,0.8500944175599795,-1.8244828504573547e+48,-3.2451855365842673e+32,0.9889733852773629,14380.530572471058,0.5960283584528353,0.00032210900192076715,0.015992078545580345,6.670865645714434,0.18314750019150128,2.6201314322759584e+65,1.530480904011282e+66,3.4458611829935337e+67,0.0130202456212104,0.0052933275143395,4.2495520141766284e+49,1.7834183991139446e+49,7.370795883238669e+49,3.346022254782161e+50,0.0076037057012255,1.784950625700641e-16,1.588399410944287e-15,1.455714727714628e-16,1.5987933190607868e-15,1.638594505325319e-16,0.0,1.241425540697216e-16,1.268467760783686e+66,3.419659868670774e+67,True
SCRIPT_SELF_SHIELDING_AUDITOR,2,1,8,5.75,2560,1.1971171254592886e+65,1.1839169761389782e+65,1.3200149320310327e+63,3.5652180379663494e+53,3.3676577714367487e+49,5.048306996859183e+48,1.1563206195756658e+64,1.733389159649062e+63,1.2039073822452283e+48,1.604665484297991e+48,2.0234594327486158e+49,7.32956566148763e+48,0.006199697928405408,0.002175473327144404,1.528770844861095e+50,0.0,1.528770844861095e+50,1602,2560,2.2613763949537642e+51,1.221899645296059e+48,6.06649146278687e+49,5.986192076499368e-16,1.1318644046101148e-15,0.8500944175599797,-8.335916429551292e+47,-1.6225927682921336e+32,0.9889733852773629,14380.530572471063,0.5961289017063671,0.00032210900192076704,0.015992078545580338,6.670865645714386,0.18314750019150253,1.1971171254592884e+65,8.619428155923589e+65,1.9406549159975474e+67,0.0061996979284054,0.0021754733271444,2.0234594327486135e+49,7.329565661487617e+48,3.3676577714367487e+49,1.5287708448610949e+50,0.0061686243937085,1.9533615967880235e-16,1.1547222289338337e-15,1.7710111002269758e-15,1.2591348372199545e-15,1.7941510807081174e-15,0.0,1.3585546521870262e-16,7.422311030464301e+65,1.9286837447429547e+67,True
SCRIPT_SELF_SHIELDING_AUDITOR,2,1,9,5.75,2560,5.65632439152567e+64,5.593954281714061e+64,6.237010981160838e+62,1.6845494329988307e+53,1.5912030986592437e+49,2.3853022728489513e+48,5.463562742384596e+63,8.190185550948129e+62,5.688408048392827e+47,7.581971994253954e+47,9.754058958829113e+48,3.26988223804672e+48,0.0029885560412966986,0.0009705270298826981,7.223373248063345e+49,0.0,7.223373248063345e+49,1600,2560,1.0684519421772811e+51,5.7734206793115565e+47,2.8663898379014975e+49,7.286725160034982e-16,1.1505852715845477e-15,0.8500944175599787,-3.938682892711976e+47,-1.6225927682921336e+32,0.9889733852773628,14380.530572471058,0.596107589956649,0.0003221090019207671,0.015992078545580317,6.670865645714354,0.18314750019150386,5.656324391525669e+64,4.289708809257497e+65,9.658232934121512e+66,0.0029885560412967,0.0009705270298827,9.754058958829118e+48,3.2698822380467266e+48,1.5912030986592434e+49,7.223373248063344e+49,0.0058564795756193,2.067069052150589e-16,5.323216601879258e-16,1.9848944398210427e-15,4.3534154588518206e-16,2.010829013911934e-15,1.6315632061393938e-16,1.4376377020049273e-16,3.72407637010493e+65,9.601669690206255e+66,True
SCRIPT_SELF_SHIELDING_AUDITOR,2,1,10,5.75,2560,5.282358318246015e+63,5.2241117882438e+63,5.824653000221513e+61,1.5731759874362222e+52,1.4860012160572607e+48,2.2275987779965424e+47,5.102341043723236e+62,7.648694059669943e+61,5.312320774427967e+46,7.080692347235099e+46,9.385020628313273e+47,2.777846872839273e+47,0.00028754860120099984,8.244870239046367e-05,6.745802242153811e+48,0.0,6.745802242153811e+48,1599,2560,9.97711232155381e+49,5.391712822515293e+46,2.67687939296049e+48,6.891883122591705e-16,1.0875649715585649e-15,0.8500944175599827,-3.678278136314334e+46,-5.070602400912918e+30,0.9889733852773631,14380.530572471062,0.5960476378724956,0.0003221090019207672,0.015992078545580345,6.670865645714442,0.18314750019150142,5.282358318246015e+63,4.3040019434115865e+64,9.690413770900208e+65,0.000287548601201,8.244870239046375e-05,9.38502062831328e+47,2.777846872839276e+47,1.4860012160572607e+48,6.745802242153811e+48,0.0054511174064709,0.0,6.915670545878187e-16,1.0222080173947469e-15,5.655750895451064e-16,9.862515792100322e-16,0.0,0.0,3.775766111586985e+64,9.637590187717748e+65,True
SCRIPT_SELF_SHIELDING_AUDITOR,2,1,11,5.75,2560,1.341753580283144e+62,1.326958580500643e+62,1.4794999782500935e+60,3.995969955818726e+50,3.774540331849323e+46,5.6582466688925175e+45,1.296028014531679e+61,1.9428183437696528e+60,1.3493642402259476e+45,1.7985421918407028e+45,2.398469264317021e+46,6.909786740802686e+45,7.348694364053393e-06,2.0508796080314964e-06,1.7134779136484907e+47,0.0,1.7134779136484907e+47,1599,2560,2.5342069891902117e+48,1.3695303399771194e+45,6.799448831565661e+46,7.877181634007619e-16,1.2533179291633572e-15,0.8500944175599849,-9.343067170641548e+44,-3.1691265005705735e+29,0.988973385277363,14380.530572471056,0.5960370939736386,0.0003221090019207672,0.01599207854558032,6.670865645714434,0.18314750019150156,1.3417535802831437e+62,1.1171462560324096e+63,2.5152426987486685e+64,7.348694364053397e-06,2.0508796080314964e-06,2.398469264317023e+46,6.909786740802686e+45,3.774540331849323e+46,1.7134779136484907e+47,0.0053344895144737,1.701949107411839e-16,6.342298160352035e-16,0.0,5.763152645166573e-16,0.0,0.0,0.0,9.829708980040951e+62,2.5018251629458372e+64,True
SCRIPT_SELF_SHIELDING_AUDITOR,2,1,12,5.75,2560,1.6293488777829324e+65,1.6113826754588592e+65,1.7966202324073266e+63,4.852477577733465e+53,4.5835860952555074e+49,9.52502583519814e+48,1.5738223635720172e+64,3.270517529615732e+63,4.2925652307964446e+48,5.7214793816689676e+48,2.3494170912541466e+49,1.4022319487537585e+49,0.007198402912295105,0.004161935841590406,2.080749667252505e+50,0.0,2.080749667252505e+50,1487,2560,2.9658412062922546e+51,4.3567171447512315e+48,2.1630243912548787e+50,7.252300952739638e-16,9.729037556448725e-16,0.7921927146725295,-1.002718825495099e+48,-1.6225927682921336e+32,0.9889733852773631,14380.530572471058,0.5744308768238983,0.0008438188950317492,0.04189394884068456,4.8121508272635145,0.2538890427548646,1.6293488777829322e+65,2.0912378197879003e+65,1.797326192039469e+66,0.0071984029122951,0.0041619358415904,2.349417091254145e+49,1.4022319487537562e+49,4.583586095255507e+49,2.0807496672525048e+50,0.0906540440460655,1.4351761317756128e-16,6.630108648477293e-16,1.6662960706445747e-15,7.229618140770544e-16,1.4588240657738496e-15,1.13280229729063e-16,1.9963177465325442e-16,4.618889420049678e+64,1.6343913042611756e+66,True
SCRIPT_SELF_SHIELDING_AUDITOR,2,1,13,5.75,2560,1.0508226566320672e+65,1.0392356400555675e+65,1.1587016576499732e+63,3.1295282729256836e+53,2.956110985924693e+49,6.143013991117428e+48,1.0150117140081479e+64,2.109268288636229e+63,2.768421705810322e+48,3.6899771716736233e+48,1.5762268030951205e+49,8.43339604522007e+48,0.004829417327419197,0.0025030989557842023,1.3419464197893293e+50,0.0,1.3419464197893293e+50,1504,2560,1.9147750871647796e+51,2.809795462879299e+48,1.3950081950964634e+50,7.988961030056719e-16,7.696993385064865e-16,0.7921927146725289,-6.394538530450419e+47,-1.6225927682921336e+32,0.988973385277363,14380.530572471065,0.5750323892366225,0.0008438188950317489,0.04189394884068465,4.8121508272634905,0.2538890427548662,1.0508226566320672e+65,4.0058806983379535e+65,3.442876861340617e+66,0.0048294173274192,0.0025030989557842,1.5762268030951215e+49,8.433396045220063e+48,2.956110985924693e+49,1.341946419789329e+50,0.0305216450937164,0.0,6.588261090775887e-16,9.235241942914115e-16,7.183986631794476e-16,8.662879028255053e-16,0.0,1.5476912585973324e-16,2.9550580417058865e+65,3.33779459567741e+66,True
SCRIPT_SELF_SHIELDING_AUDITOR,2,1,14,5.75,2560,1.9994349249889534e+64,1.9773879264081157e+64,2.204699858083773e+62,5.954656656988017e+52,5.6246898656952613e+48,1.1688515317991002e+48,1.9312962634106747e+63,4.013374336624712e+62,5.2675672824142056e+47,7.02104126028509e+47,2.9730425263818417e+48,1.630746274884592e+48,0.000910913522335002,0.0004840184518698009,2.5533657104332297e+49,0.0,2.5533657104332297e+49,1536,2560,3.652503673230667e+50,5.34629049449916e+47,2.6543281002916973e+49,5.527624538551322e-16,8.838414783094431e-16,0.7921927146725302,-1.1952901009366328e+47,-4.056481920730334e+31,0.9889733852773631,14380.530572471063,0.5764841279792134,0.0008438188950317491,0.041893948840684606,4.81215082726351,0.2538890427548645,1.9994349249889534e+64,2.256049114368468e+65,1.93897419289842e+66,0.000910913522335,0.0004840184518698,2.9730425263818345e+48,1.6307462748845888e+48,5.6246898656952613e+48,2.5533657104332297e+49,0.0103118181371983,0.0,2.401381116190748e-15,1.990000275679875e-15,2.2614486196691552e-15,1.9040014756722084e-15,0.0,0.0,2.0561056218695724e+65,1.9189798436485307e+66,True
SCRIPT_SELF_SHIELDING_AUDITOR,2,1,15,5.75,2560,2.434514079720288e+64,2.4076696309263774e+64,2.684444879391084e+62,7.250396244537719e+52,6.848628330412294e+48,1.4231948615598301e+48,2.3515483733037453e+63,4.8866888377249585e+62,6.41379549523582e+47,8.54882726556134e+47,3.7562453161887224e+48,1.8493327982395992e+48,0.001150879821382102,0.0005488966688330007,3.108980790039485e+49,0.0,3.108980790039485e+49,1504,2560,4.437302230732875e+50,6.509648961545901e+47,3.231912702731766e+49,5.828773678800699e-16,8.227558367412674e-16,0.7921927146725308,-1.465249704539189e+47,-2.028240960365167e+31,0.988973385277363,14380.530572471058,0.5751891518847346,0.0008438188950317492,0.04189394884068455,4.812150827263497,0.25388904275486546,2.434514079720288e+64,1.122788378179475e+65,9.64986832738211e+65,0.0011508798213821,0.000548896668833,3.7562453161887165e+48,1.849332798239597e+48,6.848628330412294e+48,3.108980790039485e+49,0.0252284694166468,0.0,1.5550991679581236e-15,1.2283510451830938e-15,1.6957147690105969e-15,1.1851434713101178e-15,0.0,0.0,8.793369702074463e+64,9.406416919410081e+65,True
SCRIPT_SELF_SHIELDING_AUDITOR,2,1,16,5.75,2560,2.425783436893034e+63,2.3990352575338608e+63,2.6748179359173595e+61,7.224394907969403e+51,6.824067812028966e+47,1.4180910069083502e+47,2.3431152616987045e+62,4.869164217429869e+61,6.390794372300276e+46,8.518169501833749e+46,3.790383971600186e+47,1.795091445224106e+47,0.00011613395987220008,5.3279740427043024e-05,3.097831377899816e+48,0.0,3.097831377899816e+48,1504,2560,4.4213871074591026e+49,6.486304089364839e+46,3.220322432750811e+48,6.003520419526234e-16,8.804453928615767e-16,0.7921927146725307,-1.4600230750229698e+46,-7.605903601369376e+30,0.9889733852773631,14380.530572471067,0.57518887984931,0.000843818895031749,0.04189394884068467,4.812150827263514,0.253889042754865,2.425783436893034e+63,1.1265294630944609e+64,9.682021293633596e+64,0.0001161339598722,5.327974042704317e-05,3.790383971600183e+47,1.795091445224111e+47,6.824067812028967e+47,3.097831377899816e+48,0.0250545145824881,0.0,6.421220569404967e-16,2.8247042313099934e-15,7.001841926848642e-16,2.6708376204193094e-15,1.1888750324490812e-16,0.0,8.839511194051575e+63,9.439442949944292e+64,True
SCRIPT_SELF_SHIELDING_AUDITOR,2,1,17,5.75,2560,6.411350896506301e+61,6.340655400318893e+61,7.0695496187408025e+59,1.9094091445050786e+50,1.8036026060310238e+46,3.7480176136886893e+45,6.1928587297762176e+60,1.2869211610513592e+60,1.6890883417323603e+45,2.2513540508844122e+45,1.0040079799142195e+46,4.722343868421771e+45,3.076190257356176e-06,1.40162918265893e-06,8.187575065414464e+46,0.0,8.187575065414464e+46,1504,2560,1.1685379365388807e+48,1.7143315807129696e+45,8.511319189606065e+46,8.262104800352814e-16,7.986050333933128e-16,0.7921927146725306,-3.863623161223889e+44,-7.922816251426434e+28,0.988973385277363,14380.530572471062,0.5751713387924865,0.000843818895031749,0.041893948840684606,4.812150827263512,0.2538890427541273,6.4113508965063e+61,2.924018596071282e+62,2.5130643483018166e+63,3.0761902573561706e-06,1.401629182658931e-06,1.0040079799142177e+46,4.722343868421774e+45,1.8036026060310238e+46,8.187575065414464e+46,0.0255120840850681,1.7809010497100712e-16,1.7676262298942575e-15,6.710918537217215e-16,1.789783367263124e-15,7.554003563619573e-16,0.0,0.0,2.282883506420652e+62,2.4489508393367536e+63,True
SCRIPT_SELF_SHIELDING_AUDITOR,2,2,0,5.75,2560,8.398899651578013e+64,8.293383789555555e+64,1.0551586202245781e+63,2.486292557535841e+53,2.4025285018604336e+49,3.535765174894236e+48,8.249333615138187e+63,1.2140420598508418e+63,4.627307004231584e+47,6.749622981568994e+47,1.314427331668363e+49,7.257085224203515e+48,0.004027287265213107,0.0021539605574479033,0.0,1.2497591072303318e+49,-1.2497591072303318e+49,1602,2560,1.5080191288343516e+51,4.706160617025911e+47,2.2438100171755587e+49,6.096790089497428e-16,1.1503672470962388e-15,0.852831499307664,-6.124354937494408e+47,-8.112963841460668e+31,0.987436942171034,14294.049963317244,0.5666154667196396,0.000176826894532492,0.00843077807040063,6.794932307494938,0.1733102806760674,8.398899651578013e+64,1.961737854909865e+65,8.062818293320634e+66,0.0040272872652131,0.0021539605574479,1.3144273316683608e+49,7.257085224203504e+48,2.4025285018604336e+49,-1.2497591072303318e+49,0.0104168286398513,0.0,1.5800940024411702e-15,1.609829231816079e-15,1.7229696932334554e-15,1.6107291008449805e-15,0.0,0.0,1.1218478897520638e+65,7.978829296804854e+66,True
SCRIPT_SELF_SHIELDING_AUDITOR,2,2,1,5.75,2560,2.849615432798713e+64,2.813815549326148e+64,3.57998834725649e+62,8.435602205433619e+52,8.151403851281825e+48,1.199629883330958e+48,2.7988700133577992e+63,4.119055034986326e+62,1.5699729724808006e+47,2.2900416258977827e+47,5.184636523953885e+48,1.7372256913243924e+48,0.0015885260557671986,0.0005156223887268013,0.0,4.240237396544175e+48,-4.240237396544175e+48,1647,2560,5.127986516242221e+50,1.5967267713440164e+47,7.612896829896628e+48,5.887824950809441e-16,1.3746199268973005e-15,0.85283149930766,-2.0778979473271704e+47,-4.056481920730334e+31,0.9874369421710337,14294.04996331724,0.5678904789129012,0.00017682689453249193,0.00843077807040063,6.794932307494867,0.17331028067606943,2.849615432798712e+64,3.757816415628604e+65,1.544477049420193e+67,0.0015885260557672,0.0005156223887268,5.184636523953889e+48,1.7372256913243878e+48,8.151403851281826e+48,-4.2402373965441746e+48,0.0018450357898607,2.0515071900709185e-16,7.511081299352732e-16,2.6152386381958074e-15,8.190250340931609e-16,2.5232469253230065e-15,1.592454794678811e-16,1.5306621932201804e-16,3.472854872348733e+65,1.5416274339873944e+67,True
SCRIPT_SELF_SHIELDING_AUDITOR,2,2,2,5.75,2560,1.418727768434466e+64,1.4009042094360636e+64,1.7823558998402229e+62,4.1998028767557785e+52,4.058310066133778e+48,5.972554077775561e+47,1.393463329291894e+63,2.0507390894165026e+62,7.816367872357202e+46,1.1401347733231004e+47,2.6523302795208575e+48,7.938323223035592e+47,0.0008126501709528022,0.0002356157408440004,0.0,2.1110717151483165e+48,-2.1110717151483165e+48,1644,2560,2.5524392204573447e+50,7.949566046824821e+46,3.7902055156240396e+48,5.3734059900391565e-16,1.2078094662907795e-15,0.8528314993076632,-1.0345155644215346e+47,-4.056481920730334e+31,0.9874369421710338,14294.049963317242,0.5677541367389217,0.00017682689453249196,0.00843077807040063,6.7949323074949355,0.17331028067606732,1.4187277684344656e+64,2.1163432051173286e+65,8.698252249380606e+66,0.0008126501709528,0.000235615740844,2.6523302795208507e+48,7.938323223035579e+47,4.058310066133778e+48,-2.111071715148316e+48,0.0016310492358226,2.060298909837561e-16,2.569397061687984e-15,1.6351994976305929e-15,2.6683121747561254e-15,1.7255885079055701e-15,0.0,1.537221835382448e-16,1.974470428273882e+65,8.684064971696261e+66,True
SCRIPT_SELF_SHIELDING_AUDITOR,2,2,3,5.75,2560,7.110776280110454e+63,7.021443186494587e+63,8.933309361586807e+61,2.1049745653550385e+52,2.0340572446426013e+48,2.993491550164521e+47,6.984148904103334e+62,1.0278467228289654e+62,3.9176256713933776e+46,5.714446056991725e+46,1.3544538559033942e+48,3.7279021668548216e+47,0.0004149924939764003,0.00011064709840589999,0.0,1.0580859141323102e+48,-1.0580859141323102e+48,1640,2560,1.278946676242292e+50,3.984385654572075e+46,1.899681114085993e+48,6.455610848326431e-16,1.2119904335628091e-15,0.8528314993076638,-5.185074191513949e+46,-1.0141204801825835e+31,0.9874369421710341,14294.049963317242,0.567596082906954,0.00017682689453249202,0.008430778070400623,6.79493230749494,0.17331028067606752,7.110776280110454e+63,1.0532596740962403e+65,4.3289379091429536e+66,0.0004149924939764,0.0001106470984059,1.3544538559033933e+48,3.727902166854823e+47,2.0340572446426013e+48,-1.05808591413231e+48,0.0016426145233203,0.0,7.187809734026986e-16,4.352562636216099e-16,7.837747825967864e-16,1.2248425264937763e-16,0.0,1.5335170297799028e-16,9.821519112951358e+64,4.321827132862843e+66,True
SCRIPT_SELF_SHIELDING_AUDITOR,2,2,4,5.75,2560,7.095944242559497e+62,7.0067974846891035e+62,8.914675787039396e+60,2.100583896802509e+51,2.0298144992312848e+47,2.987247565354493e+46,6.969580992707093e+61,1.0257027851505615e+61,3.909454078197395e+45,5.7025265597158435e+45,1.3922459040832806e+47,3.313953904213033e+46,4.2657163804125776e-05,9.836078505828613e-06,0.0,1.0558789019310621e+47,-1.0558789019310621e+47,1626,2560,1.275684861506992e+49,3.9760748098319006e+45,1.8957186575961487e+47,5.72230931857095e-16,1.1252789999996626e-15,0.8528314993076637,-5.1742588863934444e+45,-1.2676506002282294e+30,0.987436942171034,14294.049963317242,0.5673318618266399,0.00017682689453249196,0.00843077807040063,6.794932307494941,0.1733102806760672,7.095944242559497e+62,1.0567690922153503e+64,4.343361753051992e+65,4.265716380412569e-05,9.836078505828603e-06,1.3922459040832778e+47,3.3139539042130296e+46,2.029814499231285e+47,-1.0558789019310621e+47,0.001633744699615,0.0,2.0395372226869053e-15,1.0710534253740399e-15,2.0651027555171656e-15,1.0333788370058696e-15,1.9984495737253684e-16,0.0,9.858096497897553e+63,4.336265808809432e+65,True
SCRIPT_SELF_SHIELDING_AUDITOR,2,2,5,5.75,2560,1.8038727783143013e+61,1.781210620284241e+61,2.2662158030060486e+59,5.339932192929224e+49,5.160028031548176e+45,7.593935889334178e+44,1.7717497487644156e+60,2.607457541276981e+59,9.938293690969597e+43,1.4496495571356691e+44,3.551518541067429e+45,8.301810671213576e+44,1.088153376608109e-06,2.464043371236139e-07,0.0,2.6841687917531124e+45,-2.6841687917531124e+45,1626,2560,3.2427968075495363e+47,1.010765145388167e+44,4.81914057507696e+45,8.232476614149354e-16,1.2685788320546062e-15,0.8528314993076624,-1.3153576795509411e+44,-1.9807040628566084e+28,0.9874369421710338,14294.049963317242,0.5673065515715362,0.00017682689453249193,0.00843077807040063,6.794932307494893,0.17331028067606846,1.803872778314301e+61,2.7429486565785303e+62,1.127362483756362e+64,1.0881533766081062e-06,2.4640433712361413e-07,3.55151854106742e+45,8.301810671213583e+44,5.160028031548176e+45,-2.684168791753112e+45,0.0016000823198442,1.5824261110472622e-16,2.4985239691105793e-15,7.634783846756412e-16,2.529842885896681e-15,8.593933016176656e-16,0.0,1.1806733281109048e-16,2.5625613787471e+62,1.1255586109780477e+64,True
SCRIPT_SELF_SHIELDING_AUDITOR,2,2,6,5.75,2560,2.817150685137933e+65,2.7817586581676335e+65,3.539202697029914e+63,8.339498115803125e+53,8.058537541650333e+49,1.3143745483774271e+49,2.7669833918603365e+64,4.513042878124347e+63,2.836203383801573e+48,4.1370290586307654e+48,4.350486436152876e+49,2.492517239978247e+49,0.013329499622898406,0.007397989217167192,0.0,4.191929742284525e+49,-4.191929742284525e+49,1579,2560,4.99263791480099e+51,2.8845349259334694e+48,1.3752927042665395e+50,6.292676292420718e-16,1.356475635213294e-15,0.8368966401677671,-1.975395280415364e+48,-3.2451855365842673e+32,0.9874369421710338,14294.049963317239,0.5592731375404206,0.0003231243534783838,0.015405969326783368,6.131081548709582,0.1920756747452961,2.8171506851379324e+65,7.989752541206482e+65,1.797040466336254e+67,0.0133294996228984,0.0073979892171672,4.3504864361528727e+49,2.4925172399782497e+49,8.058537541650332e+49,-4.1919297422845244e+49,0.0156766123963888,1.6601189507297882e-16,7.160987997185477e-16,1.0415769197608712e-15,5.205667204481614e-16,1.0551861340620828e-15,1.2886449511958174e-16,1.2386411933767576e-16,5.17260185606855e+65,1.7688689594848745e+67,True
SCRIPT_SELF_SHIELDING_AUDITOR,2,2,7,5.75,2560,2.4887447242695644e+65,2.4574784803770316e+65,3.12662438925327e+63,7.3673311293764905e+53,7.119123197035706e+49,1.1611529124961785e+49,2.4444256230109145e+64,3.9869403197310244e+63,2.5055763774475026e+48,3.6547598600722654e+48,4.1781002172977917e+49,1.867188516093025e+49,0.012801323734306596,0.005541963877688198,0.0,3.7032605624034925e+49,-3.7032605624034925e+49,1606,2560,4.417112741377592e+51,2.5482737280475752e+48,1.2149696074571843e+50,6.734359086315315e-16,1.1504329987495542e-15,0.8368966401677687,-1.745115945844417e+48,-3.2451855365842673e+32,0.9874369421710338,14294.04996331724,0.5600955199943571,0.0003231243534783838,0.015405969326783368,6.131081548709577,0.19207567474529624,2.488744724269564e+65,1.530480904011282e+66,3.442329538090868e+67,0.0128013237343066,0.0055419638776882,4.1781002172977927e+49,1.867188516093026e+49,7.119123197035706e+49,-3.7032605624034925e+49,0.0072298270596423,1.8791823821270023e-16,2.4854821993202316e-16,5.561620386782777e-16,2.710225148556905e-16,4.69524029999751e-16,0.0,0.0,1.2816064315843255e+66,3.417442090848172e+67,True
SCRIPT_SELF_SHIELDING_AUDITOR,2,2,8,5.75,2560,1.1349376442968314e+65,1.1206793570392596e+65,1.4258287257571589e+63,3.3597103612879863e+53,3.246520557898522e+49,5.29518410757695e+48,1.1147268866850365e+64,1.818157005136648e+63,1.1426133519019964e+48,1.6666733657379956e+48,1.989437067120658e+49,7.673847504253042e+48,0.00609545645645429,0.002277658913650807,0.0,1.688791051137288e+49,-1.688791051137288e+49,1615,2560,2.014699798709086e+51,1.1620845455664992e+48,5.540603384239854e+49,6.030450456692199e-16,1.2661216790286598e-15,0.836896640167766,-7.958219906152869e+47,-1.6225927682921336e+32,0.9874369421710338,14294.04996331724,0.5601989738135198,0.00032312435347838376,0.01540596932678337,6.131081548709576,0.19207567474529633,1.1349376442968312e+65,8.619428155923589e+65,1.93866594903749e+67,0.0060954564564543,0.0022776589136508,1.9894370671206614e+49,7.67384750425302e+48,3.246520557898522e+49,-1.688791051137288e+49,0.0058542197270257,2.060379820406996e-16,1.6964562558052213e-15,2.8756450576510387e-15,1.5652608112342066e-15,3.0465026445882695e-15,0.0,0.0,7.484490511626758e+65,1.9273165725945216e+67,True
SCRIPT_SELF_SHIELDING_AUDITOR,2,2,9,5.75,2560,5.357453075345795e+64,5.290147082544253e+64,6.730599280154205e+62,1.5859453334553305e+53,1.5325142869732678e+49,2.499582291962556e+48,5.262048551523288e+63,8.582577983538408e+62,5.393686117329544e+47,7.867502143170396e+47,9.590054603276967e+48,3.423474024318027e+48,0.0029383065800567044,0.0010161142924482033,0.0,7.971908285884304e+48,-7.971908285884304e+48,1608,2560,9.50992398457548e+50,5.485599542620126e+47,2.6154320274183877e+49,5.833335975927124e-16,1.1722228938750053e-15,0.8368966401677636,-3.756663630354138e+47,-8.112963841460668e+31,0.9874369421710337,14294.04996331724,0.5601735991243724,0.0003231243534783837,0.015405969326783361,6.13108154870952,0.19207567474529766,5.357453075345794e+64,4.289708809257497e+65,9.648334262265868e+66,0.0029383065800567,0.0010161142924482,9.590054603276953e+48,3.423474024318016e+48,1.532514286973268e+49,-7.971908285884304e+48,0.0055527233299726,2.1823827356420784e-16,1.4889191930243688e-15,3.2229339980414964e-15,1.4759551366686606e-15,3.201024276137043e-15,1.6940451722605696e-16,0.0,3.7539635017229176e+65,9.59475973151241e+66,True
SCRIPT_SELF_SHIELDING_AUDITOR,2,2,10,5.75,2560,4.996003155315635e+63,4.9332380787617086e+63,6.276507655392718e+61,1.4789467641934553e+52,1.4291205364949566e+48,2.330943611075842e+47,4.90703526416563e+62,8.003539384007094e+61,5.029791671898363e+46,7.336707382956274e+46,9.227221268427628e+47,2.908326942801173e+47,0.00028271377057010043,8.632145454298972e-05,0.0,7.434069583072212e+47,-7.434069583072212e+47,1606,2560,8.867232218612325e+49,5.115503997570569e+46,2.4389773419811937e+48,6.099129867555751e-16,1.1869950215201897e-15,0.8368966401677661,-3.5032137634723516e+46,-1.5211807202738753e+31,0.9874369421710341,14294.049963317242,0.5601048653549168,0.00032312435347838376,0.015405969326783392,6.1310815487095764,0.19207567474529602,4.996003155315635e+63,4.3040019434115865e+64,9.68048211707514e+65,0.0002827137705701,8.632145454298969e-05,9.227221268427613e+47,2.908326942801172e+47,1.4291205364949566e+48,-7.434069583072212e+47,0.0051609032431383,0.0,1.5826362552501893e-15,2.789563897395462e-16,1.5339927309507133e-15,3.1400136218324244e-16,0.0,0.0,3.804401627880023e+64,9.630522085521983e+65,True
SCRIPT_SELF_SHIELDING_AUDITOR,2,2,11,5.75,2560,1.2686337755276566e+62,1.252695856041923e+62,1.5937919485733427e+60,3.7554856531002694e+50,3.6289620433259384e+46,5.918959019701385e+45,1.2460421821796264e+61,2.0323366640619556e+60,1.2772136847129049e+45,1.863008188311167e+45,2.3581414984437315e+46,7.234350872172602e+45,7.225133712183917e-06,2.147212821123934e-06,0.0,1.887731346341068e+46,-1.887731346341068e+46,1606,2560,2.2516040430979366e+48,1.298978593169997e+45,6.193288790244032e+46,6.094631195284522e-16,1.0417371671214317e-15,0.8368966401677667,-8.895701553962698e+44,-3.1691265005705735e+29,0.987436942171034,14294.049963317246,0.5600924484366168,0.00032312435347838365,0.015405969326783408,6.131081548709593,0.19207567474529536,1.2686337755276563e+62,1.1171462560324096e+63,2.512664839808835e+64,7.225133712183902e-06,2.1472128211239342e-06,2.358141498443727e+46,7.234350872172603e+45,3.628962043325939e+46,-1.887731346341068e+46,0.005048957407404,1.8000437576082434e-16,1.9352282989945092e-15,1.7522658530488605e-16,2.110216039997531e-15,1.9724010096282178e-16,1.3972596958511359e-16,0.0,9.90282878479644e+62,2.4999785020535585e+64,True
SCRIPT_SELF_SHIELDING_AUDITOR,2,2,12,5.75,2560,1.5553443086209917e+65,1.5358044281278329e+65,1.9539880493158658e+63,4.6042233379982666e+53,4.4491054622450067e+49,9.792820342555405e+48,1.5276470276449086e+64,3.362467582644489e+63,4.102043123700742e+48,5.983446638356501e+48,2.3099140866484941e+49,1.46809710660862e+49,0.007077369254858888,0.004357428863577103,0.0,2.314357588750021e+49,-2.314357588750021e+49,1511,2560,2.6678218001391352e+51,4.1719457516971276e+48,1.9891062865352923e+50,6.065406742592413e-16,8.54706402879296e-16,0.7798923755425289,-9.66552006463973e+47,-1.6225927682921336e+32,0.987436942171034,14294.049963317242,0.541295279594496,0.00084647877980463,0.04035853682045547,4.54323198691913,0.25920569954989414,1.5553443086209914e+65,2.0912378197879003e+65,1.795484121930588e+66,0.0070773692548589,0.0043574288635771,2.3099140866484978e+49,1.468097106608619e+49,4.4491054622450067e+49,-2.314357588750021e+49,0.0866253446423471,1.5034629996510116e-16,1.5734818112858505e-15,7.073506016954561e-16,1.5932053546744112e-15,7.962142494061219e-16,0.0,0.0,5.358935111669086e+64,1.6399496910684887e+66,True
SCRIPT_SELF_SHIELDING_AUDITOR,2,2,13,5.75,2560,1.0014925586033651e+65,9.889107496743519e+64,1.2581808929013199e+63,2.9646782295050335e+53,2.8647971951821643e+49,6.305637051839938e+48,9.836581661557613e+63,2.1651066223074435e+63,2.6413223365949122e+48,3.8527657509013966e+48,1.5497241889386166e+49,8.829526629938725e+48,0.004748215698454304,0.0026206736608789037,0.0,1.4902243125417062e+49,-1.4902243125417062e+49,1521,2560,1.72011385210202e+51,2.686332924525291e+48,1.280793669411049e+50,7.927954561961687e-16,7.902599782567675e-16,0.7798923755425293,-6.223667882483648e+47,-2.4338891524382005e+32,0.987436942171034,14294.049963317248,0.5420176558754943,0.0008464787798046298,0.040358536820455516,4.54323198691913,0.2592056995498936,1.0014925586033651e+65,4.0058806983379535e+65,3.439348275053429e+66,0.0047482156984543,0.0026206736608789,1.549724188938615e+49,8.829526629938711e+48,2.864797195182165e+49,-1.4902243125417062e+49,0.0291186724492973,0.0,1.0051395394604293e-15,1.6171666907436314e-15,9.133554508388882e-16,1.4893604950563786e-15,1.812448318249859e-16,0.0,3.004388139734588e+65,3.339199019193093e+66,True
SCRIPT_SELF_SHIELDING_AUDITOR,2,2,14,5.75,2560,1.906258193001204e+64,1.8823097610855896e+64,2.394843191561456e+62,5.643019627112867e+52,5.452904345308953e+48,1.2002258218398217e+48,1.8723119031077933e+63,4.121101252365191e+62,5.027538448725741e+47,7.333420718185247e+47,2.9230539087584914e+48,1.707345129241017e+48,0.0008955974589581992,0.0005067536004773034,0.0,2.8365186349000898e+48,-2.8365186349000898e+48,1558,2560,3.281153258579708e+50,5.113212377380529e+47,2.4378847400161605e+49,6.2758727796874145e-16,9.712872042507462e-16,0.7798923755425309,-1.184623668901515e+47,-6.084722881095501e+31,0.987436942171034,14294.049963317242,0.54318624021195,0.0008464787798046298,0.04035853682045546,4.543231986919109,0.25920569954989464,1.906258193001204e+64,2.256049114368468e+65,1.936986948502578e+66,0.0008955974589582,0.0005067536004773,2.923053908758494e+48,1.7073451292410057e+48,5.4529043453089524e+48,-2.8365186349000895e+48,0.0098413579630718,0.0,8.881630343827882e-16,6.652521030176298e-15,9.684727544865508e-16,6.632467399421266e-15,1.190259476814791e-16,1.1440734062720416e-16,2.0654232950683473e+65,1.9179243665725662e+66,True
SCRIPT_SELF_SHIELDING_AUDITOR,2,2,15,5.75,2560,2.3174837292120645e+64,2.2883690471042856e+64,2.911468210777893e+62,6.860354078724811e+52,6.629226378462198e+48,1.4591432701541674e+48,2.276214411769165e+63,5.010121469303876e+62,6.1120988729057304e+47,8.915415160578947e+47,3.693087958315694e+48,1.936199023752775e+48,0.0011315289742916009,0.0005746792547817002,0.0,3.4484236228453135e+48,-3.4484236228453135e+48,1525,2560,3.981600452865188e+50,6.216254719371918e+47,2.963794851833202e+49,7.679870448005271e-16,8.784571694540213e-16,0.7798923755425332,-1.4401753592447637e+47,-4.056481920730334e+31,0.987436942171034,14294.04996331724,0.5421818193047633,0.0008464787798046302,0.04035853682045543,4.543231986919132,0.2592056995498937,2.3174837292120645e+64,1.122788378179475e+65,9.639978228367674e+65,0.0011315289742916,0.0005746792547817,3.6930879583156914e+48,1.9361990237527748e+48,6.629226378462198e+48,-3.4484236228453135e+48,0.024040341941773,0.0,7.029749788173036e-16,1.6760598971351568e-16,7.665395740585605e-16,3.7732427731269105e-16,0.0,0.0,8.910400052582687e+64,9.408229855446468e+65,True
SCRIPT_SELF_SHIELDING_AUDITOR,2,2,16,5.75,2560,2.307922585188065e+63,2.2789280202855708e+63,2.899456490249437e+61,6.832050607776767e+51,6.601876461233772e+47,1.4531233448439102e+47,2.266823530812332e+62,4.9894514243141625e+61,6.086882446625728e+46,8.878633211558343e+46,3.726652607746292e+47,1.879409864518926e+47,0.00011418128813550029,5.578237810892775e-05,0.0,3.4341966082181188e+47,-3.4341966082181188e+47,1525,2560,3.965172420595832e+49,6.190608581747472e+46,2.951567249507989e+48,6.304444516442775e-16,8.438362345943954e-16,0.7798923755425315,-1.4342336890375512e+46,-5.070602400912918e+30,0.9874369421710341,14294.049963317242,0.5421816398143982,0.00084647877980463,0.040358536820455475,4.543231986919131,0.2592056995498933,2.307922585188065e+63,1.1265294630944609e+64,9.672098241214091e+64,0.0001141812881355,5.578237810892766e-05,3.7266526077462825e+47,1.8794098645189233e+47,6.601876461233772e+47,-3.4341966082181188e+47,0.0238616536725578,0.0,2.612413239032875e-15,1.5108664683092276e-15,2.611247449579382e-15,1.5791981177716865e-15,0.0,0.0,8.957372045756544e+63,9.441305982695285e+64,True
SCRIPT_SELF_SHIELDING_AUDITOR,2,2,17,5.75,2560,6.09926442346198e+61,6.022639011795873e+61,7.662541166610681e+59,1.8055407698135181e+50,1.7447114771751765e+46,3.8402429860472354e+45,5.990649861690873e+60,1.3185877100132907e+60,1.6086113890806395e+45,2.346401565796555e+45,9.871266300661003e+45,4.944160183919028e+45,3.0244673179247155e-06,1.4674660275930447e-06,0.0,9.07572607943498e+45,-9.07572607943498e+45,1525,2560,1.0478610544171027e+48,1.6360236224801278e+45,7.800256921058146e+46,6.212039411756207e-16,8.186831116799272e-16,0.7798923755425353,-3.790322331701823e+44,-7.922816251426434e+28,0.9874369421710342,14294.049963317244,0.5421634104543965,0.0008464787798046302,0.04035853682045549,4.543231986919164,0.25920569954865486,6.099264423461979e+61,2.924018596071282e+62,2.510488721941835e+63,3.024467317924717e-06,1.4674660275930396e-06,9.871266300661008e+45,4.944160183919011e+45,1.7447114771751767e+46,-9.07572607943498e+45,0.0242951277580098,1.8720259934503319e-16,5.136729418973709e-16,3.4613124305200236e-15,4.200903125490729e-16,3.463247249315668e-15,1.4531349358469908e-16,0.0,2.314092153725084e+62,2.4494960777072153e+63,True
SCRIPT_SELF_SHIELDING_AUDITOR,3,1,0,5.65,2560,4.290438288388051e+64,4.2362326967068506e+64,5.420559168120048e+62,1.26485574928259e+53,1.4825642011362548e+49,1.7452883958750406e+48,5.283240281409015e+63,6.219479701921727e+62,2.2419025444194804e+47,3.285818990939827e+47,9.226499744525003e+48,3.9654968123083615e+48,0.001878364521324799,0.0010016872740431031,0.0,1.3287300053096742e+50,-1.3287300053096742e+50,1699,2560,9.839679512963237e+50,2.2804607705760535e+47,1.0811757089156527e+49,6.186129453045635e-16,1.1951798902290198e-15,0.8822790679461081,-3.908665840890173e+47,-8.112963841460668e+31,0.9873659547025985,14235.240136797856,0.7237411409428569,0.00016773547124149168,0.007952406784178565,8.494666008438893,0.13229903361148113,4.2904382883880504e+64,1.9427047006535542e+65,1.0445870633980244e+67,0.0018783645213248,0.0010016872740431,9.226499744525007e+48,3.96549681230835e+48,1.482564201136255e+49,-1.328730005309674e+50,0.0041073055934957,1.3625662825976689e-16,4.220693385063981e-16,2.94607926437917e-15,4.617643317584907e-16,3.0306525415923193e-15,1.7511204083288228e-16,1.563085604384981e-16,1.5136608718147491e+65,1.0402966251096364e+67,True
SCRIPT_SELF_SHIELDING_AUDITOR,3,1,1,5.65,2560,1.2589446144616028e+64,1.2430390511755756e+64,1.5905563286027244e+62,3.7114700797348655e+52,4.350292653469914e+48,5.12120505873698e+47,1.5502628058275671e+63,1.8249838243051036e+62,6.578421468229718e+46,9.641588678562357e+46,3.029268016778821e+48,8.416635531193953e+47,0.0006167094484208,0.0002126048034054004,0.0,3.898896503850271e+49,-3.898896503850271e+49,1727,2560,2.889663424642575e+50,6.691562988746137e+46,3.172497177526021e+48,6.527994247732048e-16,1.3557098364631237e-15,0.8822790679461109,-1.1469210088481467e+47,-2.028240960365167e+31,0.9873659547025988,14235.240136797855,0.7243435608046902,0.00016773547124149176,0.007952406784178565,8.494666008439053,0.13229903361147866,1.2589446144616028e+64,3.7213573651359264e+65,2.000963790633856e+67,0.0006167094484208,0.0002126048034054,3.0292680167788206e+48,8.416635531193937e+47,4.350292653469915e+48,-3.898896503850271e+49,0.0006291691135814,0.0,2.142554253112963e-16,1.927840123619988e-15,0.0,1.9123547924116972e-15,1.49193895449577e-16,0.0,3.595462903689766e+65,1.9997048460193945e+67,True
SCRIPT_SELF_SHIELDING_AUDITOR,3,1,2,5.65,2560,6.446477254599559e+63,6.36503216895628e+63,8.144508564327872e+61,1.9004733945638837e+52,2.2275850993999936e+48,2.6223339413074243e+47,7.93818393726002e+62,9.344904119095318e+61,3.368507548225085e+46,4.937014813883479e+46,1.582979144351533e+48,3.9914715674328156e+47,0.0003222686766463991,0.00010082485153919996,0.0,1.996445859602594e+49,-1.996445859602594e+49,1722,2560,1.4793788570041249e+50,3.426442125344813e+46,1.6244901213504932e+48,7.180157645929848e-16,1.2211153010391e-15,0.882279067946109,-5.872855812266138e+46,-1.0141204801825835e+31,0.9873659547025987,14235.240136797856,0.7242040012548433,0.00016773547124149173,0.007952406784178563,8.494666008438957,0.13229903361148052,6.446477254599559e+63,2.0958100403106854e+65,1.126911390450508e+67,0.0003222686766464,0.0001008248515392,1.5829791443515374e+48,3.991471567432817e+47,2.227585099399994e+48,-1.996445859602594e+49,0.0005720482825204,0.0,2.870069240917957e-15,4.0651492585621294e-16,2.859638287539334e-15,4.0324960411569794e-16,1.456817760838123e-16,0.0,2.0313452677646897e+65,1.1262667427250481e+67,True
SCRIPT_SELF_SHIELDING_AUDITOR,3,1,3,5.65,2560,3.2824928710251673e+63,3.2410217074042382e+63,4.14711636209291e+61,9.677053253818479e+51,1.1342678985123601e+48,1.3352707421169103e+47,4.042057569403636e+62,4.7583478448570883e+61,1.715216167892948e+46,2.513887087580331e+46,8.18702061847208e+47,1.905802478317694e+47,0.00016667435637460014,4.814070417218314e-05,0.0,1.0165737103714181e+49,-1.0165737103714181e+49,1717,2560,7.531448394039882e+49,1.7447159751319604e+46,8.271769265266779e+47,7.164787010480523e-16,1.2429339872573367e-15,0.8822790679461077,-2.9904095795215627e+46,-7.605903601369376e+30,0.9873659547025986,14235.240136797853,0.7240668759336071,0.00016773547124149173,0.007952406784178556,8.494666008438974,0.13229903361147982,3.2824928710251673e+63,1.0430407481582756e+65,5.60840189328101e+66,0.0001666743563746,4.814070417218296e-05,8.187020618472074e+47,1.9058024783176873e+47,1.13426789851236e+48,-1.0165737103714181e+49,0.000585281321397,0.0,7.927634942709859e-16,3.4055843388858275e-15,8.131141137038225e-16,3.659748149897175e-15,1.43051987138156e-16,0.0,1.0102158194480239e+65,5.6051194004099846e+66,True
SCRIPT_SELF_SHIELDING_AUDITOR,3,1,4,5.65,2560,3.2600807005252646e+62,3.218892693281644e+62,4.118800724362061e+60,9.610980370804577e+50,1.1265233560158864e+47,1.3261537945067618e+46,4.014459250998878e+61,4.725858847199843e+60,1.7035050328777477e+45,2.4967227956113788e+45,8.353152022535017e+46,1.6707594022546896e+46,1.7005652018441124e-05,4.220349959762657e-06,0.0,1.0096327590220105e+48,-1.0096327590220105e+48,1701,2560,7.477493363979751e+48,1.732803421641372e+45,8.215291365574918e+46,6.958969925006644e-16,1.3032531687574e-15,0.882279067946106,-2.969991692265056e+45,-6.338253001141147e+29,0.9873659547025986,14235.240136797856,0.7238217892738287,0.00016773547124149168,0.00795240678417856,8.494666008438907,0.13229903361148102,3.260080700525264e+62,1.0465161172344701e+64,5.627088858810589e+65,1.700565201844112e-05,4.2203499597626495e-06,8.353152022535017e+46,1.6707594022546865e+46,1.1265233560158864e+47,-1.0096327590220105e+48,0.0005793547573752,1.400944650211636e-16,0.0,1.820945275808165e-15,1.992356297390463e-16,1.806318574992634e-15,0.0,0.0,1.0139153102292175e+64,5.623828778110063e+65,True
SCRIPT_SELF_SHIELDING_AUDITOR,3,1,5,5.65,2560,8.311850811545503e+60,8.206838511887194e+60,1.0501229965830797e+59,2.4504005370771597e+49,2.8721663452738963e+45,3.381140991794792e+44,1.0235202575799795e+60,1.2048975869836037e+59,4.3432298125980183e+43,6.365605425522976e+43,2.1358973690536708e+45,4.197834242952335e+44,4.348337885775425e-07,1.0603758718595871e-07,0.0,2.574143905728443e+46,-2.574143905728443e+46,1701,2560,1.9063832195476474e+47,4.417928526768703e+43,2.094557849228539e+45,6.287436802160952e-16,1.2126429378073303e-15,0.8822790679461081,-7.572244409059939e+43,-1.9807040628566084e+28,0.9873659547025986,14235.240136797853,0.7237964257687458,0.0001677354712414917,0.007952406784178561,8.494666008439005,0.13229903361147946,8.311850811545502e+60,2.716336046352788e+62,1.4605665456552913e+64,4.3483378857754265e-07,1.0603758718595829e-07,2.1358973690536714e+45,4.197834242952318e+44,2.8721663452738963e+45,-2.574143905728443e+46,0.0005690840199147,1.717123809204388e-16,2.967489493162945e-16,4.1521877102225705e-15,3.652399647454251e-16,3.994022165785675e-15,0.0,0.0,2.633217538237333e+62,1.4597353605741368e+64,True
SCRIPT_SELF_SHIELDING_AUDITOR,3,1,6,5.65,2560,1.1648487631092534e+65,1.1501320110715092e+65,1.471675203774413e+63,3.434067934390468e+53,4.0251437262193043e+49,5.250424255442194e+48,1.4343932934927366e+64,1.8710321549366592e+63,1.1206613512383412e+48,1.6424845760931124e+48,2.4720159448630774e+49,1.109595032681651e+49,0.005032620360430295,0.002802844829250204,0.0,3.6074857605576553e+50,-3.6074857605576553e+50,1678,2560,2.6386085160336872e+51,1.1399354779989105e+48,5.404480377148663e+49,6.813143332447157e-16,1.2119806889977927e-15,0.8695593347079433,-1.0246731197646323e+48,-2.4338891524382005e+32,0.9873659547025987,14235.240136797856,0.7148408852950364,0.00030882659603360355,0.014641594286855093,7.6663209112047355,0.1465939290548376,1.1648487631092531e+65,7.972004895826807e+65,2.328175031666876e+67,0.0050326203604303,0.0028028448292502,2.47201594486308e+49,1.1095950326816493e+49,4.025143726219304e+49,-3.607485760557655e+50,0.0050032697166899,2.0074731534140983e-16,1.0502150824157444e-15,1.5208219479367219e-15,1.0340876233877999e-15,1.5472881854477003e-15,1.2899655792941821e-16,1.1514494477687834e-16,6.807156132717554e+65,2.3165265440357835e+67,True
SCRIPT_SELF_SHIELDING_AUDITOR,3,1,7,5.65,2560,1.1504739610939937e+65,1.1359388209560514e+65,1.4535140137942164e+63,3.3916898607493446e+53,3.9754714889471265e+49,5.185631458678912e+48,1.4166921804736212e+64,1.8479427053504245e+63,1.1068318434426641e+48,1.6222155151281196e+48,2.5836524292595365e+49,9.537597215117841e+48,0.005259893993316004,0.0024092037410493967,0.0,3.562967626338698e+50,-3.562967626338698e+50,1704,2560,2.6074787917083413e+51,1.125868118076009e+48,5.337786452686308e+49,7.830993443772655e-16,1.2788640774405746e-15,0.8695593347079454,-1.012028153573778e+48,-2.4338891524382005e+32,0.9873659547025986,14235.240136797853,0.7152336819424321,0.00030882659603360366,0.014641594286855072,7.666320911204737,0.1465939290548375,1.1504739610939935e+65,1.5270812452352848e+66,4.459746918049046e+67,0.005259893993316,0.0024092037410494,2.5836524292595345e+49,9.537597215117857e+48,3.975471488947126e+49,-3.5629676263386976e+50,0.0025796844131175,2.0325558846250125e-16,8.038692511009179e-16,1.633209101230849e-15,8.245049606423638e-16,1.4400803439074827e-15,1.3060832842018364e-16,1.1658364381762125e-16,1.4120338491258853e+66,4.448242178438106e+67,True
SCRIPT_SELF_SHIELDING_AUDITOR,3,1,8,5.65,2560,5.365510440412673e+64,5.297722338464822e+64,6.77881019478512e+62,1.5817956749918676e+53,1.8540561977800403e+49,2.4184432392729592e+48,6.60708276956925e+63,8.618322721023202e+62,5.161974988226293e+47,7.565589989313992e+47,1.2438708824220216e+49,4.0588586730553843e+48,0.002532317779596698,0.001025270545501304,0.0,1.6616751568887337e+50,-1.6616751568887337e+50,1703,2560,1.2160360176783962e+51,5.250755207288919e+47,2.4894043593431555e+49,6.948084049193673e-16,1.303055406474447e-15,0.8695593347079458,-4.7198353092913426e+47,-1.6225927682921336e+32,0.987365954702599,14235.240136797853,0.7152195239887789,0.00030882659603360377,0.014641594286855096,7.6663209112049,0.1465939290548343,5.365510440412672e+64,8.60028181146574e+65,2.5116594433145607e+67,0.0025323177795967,0.0010252705455013,1.2438708824220226e+49,4.058858673055368e+48,1.8540561977800406e+49,-1.6616751568887335e+50,0.0021362412227877,2.1791054604206425e-16,8.348610666767222e-16,3.997657713641691e-15,8.562923510004149e-16,4.01842057544964e-15,1.4002533646908435e-16,1.2498945626067406e-16,8.063730767424472e+65,2.506293932874148e+67,True
SCRIPT_SELF_SHIELDING_AUDITOR,3,1,9,5.65,2560,2.5314290185017612e+64,2.499446829614854e+64,3.198218888690709e+62,7.462856549221482e+52,8.747372152410638e+48,1.1410130431177038e+48,3.1171984914158888e+63,4.0660944506770188e+62,2.4354017055963995e+47,3.5694188379145685e+47,5.983101292750297e+48,1.8003932248902326e+48,0.001218061616753803,0.00045478059042900333,0.0,7.839725144860743e+49,-7.839725144860743e+49,1701,2560,5.736687276586144e+50,2.4772879017561068e+47,1.1744922508325915e+49,5.603387876279258e-16,1.2571417431073403e-15,0.8695593347079438,-2.226801754870942e+47,-6.084722881095501e+31,0.9873659547025988,14235.240136797858,0.7151536980750184,0.00030882659603360366,0.014641594286855096,7.666320911204766,0.1465939290548364,2.5314290185017612e+64,4.280180074752127e+65,1.250000283654173e+67,0.0012180616167538,0.000454780590429,5.983101292750282e+48,1.8003932248902193e+48,8.747372152410639e+48,-7.839725144860742e+49,0.0020251427552492,0.0,2.3865242559527397e-15,7.390197050317548e-15,2.492292706053644e-15,7.27123517510148e-15,1.483959058808282e-16,1.3246119634534862e-16,4.0270371729019507e+65,1.2474688546356712e+67,True
SCRIPT_SELF_SHIELDING_AUDITOR,3,1,10,5.65,2560,2.4312652008801368e+63,2.4005484862022216e+63,3.0716714677915113e+61,7.167565550789702e+51,8.401255321743545e+47,1.0958653334567153e+47,2.9938568930923535e+62,3.9052068492419623e+61,2.3390375055766303e+46,3.428183743079629e+46,5.890729058724817e+47,1.5847874276828433e+47,0.00011992561399250003,4.0031841494518696e-05,0.0,7.529522174967376e+48,-7.529522174967376e+48,1695,2560,5.508811663232498e+49,2.379266344851218e+46,1.128019832783108e+48,6.625404299591362e-16,1.1857432332868728e-15,0.8695593347079452,-2.13869145700196e+46,-5.070602400912918e+30,0.9873659547025987,14235.240136797858,0.7150387167993549,0.00030882659603360355,0.014641594286855093,7.666320911204716,0.14659392905483787,2.4312652008801368e+63,4.294441459552901e+64,1.2541652334308013e+66,0.0001199256139925,4.0031841494518696e-05,5.890729058724816e+47,1.5847874276828435e+47,8.401255321743545e+47,-7.529522174967376e+48,0.0019385525416211,0.0,1.377242742041323e-16,1.2798189365564993e-16,2.260155558914438e-16,0.0,0.0,0.0,4.0513149394648876e+64,1.2517339682299212e+66,True
SCRIPT_SELF_SHIELDING_AUDITOR,3,1,11,5.65,2560,6.164834689172965e+61,6.086947888458963e+61,7.788680071400179e+59,1.8174428988015573e+50,2.1302632975347304e+46,2.77872961777694e+45,7.591369638439235e+60,9.90223306115981e+59,5.9309776442468494e+44,8.692669994431415e+44,1.5018879022915086e+46,3.9364053854691417e+45,3.057598253709841e-06,9.9433875923457e-07,0.0,1.9092223867775584e+47,-1.9092223867775584e+47,1694,2560,1.3967981295563628e+48,6.032983852280167e+44,2.860262135409562e+46,6.636079700010826e-16,1.0923762776351404e-15,0.8695593347079456,-5.422970426587142e+44,-1.5845632502852868e+29,0.9873659547025987,14235.240136797853,0.7150166853736238,0.0003088265960336037,0.014641594286855061,7.666320911204738,0.14659392905483726,6.164834689172964e+61,1.1146647379269312e+63,3.2553098567205936e+64,3.0575982537098344e-06,9.943387592345702e-07,1.5018879022915056e+46,3.936405385469142e+45,2.13026329753473e+46,-1.9092223867775584e+47,0.0018937781533901,1.8521147958274683e-16,2.025691422046786e-15,1.6101626688496544e-16,2.0776918932038723e-15,2.129638765933091e-16,1.1901351365300538e-16,0.0,1.0530163910352016e+63,3.249145022031421e+64,True
SCRIPT_SELF_SHIELDING_AUDITOR,3,1,12,5.65,2560,8.793324099207936e+64,8.682228844223813e+64,1.110952549841229e+63,2.592342738570664e+53,3.038539804606389e+49,5.377690855235325e+48,1.0828088173218862e+64,1.9163846614918363e+63,2.2601751038669536e+48,3.312599960074898e+48,1.772641622080077e+49,9.310798497757354e+48,0.0036088085667749987,0.0023519142260901944,0.0,2.7232540807433444e+50,-2.7232540807433444e+50,1556,2560,1.9274263173021108e+51,2.2990475976893445e+48,1.0899877991037338e+50,8.270002148850187e-16,8.266012143495319e-16,0.8230172648361349,-6.952036762254197e+47,-1.6225927682921336e+32,0.9873659547025988,14235.240136797858,0.6917173535815874,0.0008250852993736062,0.03911762898867148,5.650268649504628,0.198899587520904,8.793324099207936e+64,2.128018619423888e+65,2.326158692995698e+66,0.003608808566775,0.0023519142260902,1.772641622080078e+49,9.310798497757376e+48,3.038539804606389e+49,-2.723254080743344e+50,0.0378019097565679,0.0,4.3936942418530236e-16,2.3700718745108916e-15,3.6051859856486593e-16,2.397133039284742e-15,0.0,1.5253213118087106e-16,1.2486862095030946e+65,2.2382254520036185e+66,True
SCRIPT_SELF_SHIELDING_AUDITOR,3,1,13,5.65,2560,4.915233287504523e+64,4.8531340075028965e+64,6.209928000162685e+62,1.4490503451807152e+53,1.698462586447155e+49,3.00598554122921e+48,6.0526120530270736e+63,1.0712078360305469e+63,1.2633775101177627e+48,1.8516548927626796e+48,1.0186023282234771e+49,4.927057537569743e+48,0.0020737078281601005,0.0012445781871625987,0.0,1.5222262886009076e+50,-1.5222262886009076e+50,1599,2560,1.0787223234304087e+51,1.285106195817104e+48,6.092740643565098e+49,8.415638702453802e-16,8.75389279402716e-16,0.8230172648361337,-3.886002849919387e+47,-8.112963841460668e+31,0.9873659547025988,14235.240136797858,0.6925792857162761,0.0008250852993736062,0.03911762898867147,5.650268649504609,0.19889958752090442,4.915233287504523e+64,4.076336336590602e+65,4.455884510776301e+66,0.0020737078281601,0.0012445781871626,1.0186023282234771e+49,4.927057537569748e+48,1.698462586447155e+49,-1.5222262886009074e+50,0.011030881243931,0.0,0.0,1.0538332095662734e-15,2.0913306257756936e-16,1.0453683186821179e-15,0.0,1.3643955297361514e-16,3.58481300784015e+65,4.406732177901256e+66,True
SCRIPT_SELF_SHIELDING_AUDITOR,3,1,14,5.65,2560,1.195910858281817e+64,1.1808016663266302e+64,1.5109191955186755e+62,3.525641491735681e+52,4.132479031425227e+48,7.313774419889887e+47,1.4726431181982467e+63,2.6063240697898016e+62,3.073886414099297e+47,4.505206696241744e+47,2.4513518991991467e+48,1.2257670486323393e+48,0.0004990551741434014,0.0003096296155743003,0.0,3.703683713096152e+49,-3.703683713096152e+49,1639,2560,2.627600106745439e+50,3.1267538359368235e+47,1.482406686750316e+49,5.667420914576226e-16,8.523040813539739e-16,0.8230172648361336,-9.454918478329576e+46,-4.056481920730334e+31,0.9873659547025986,14235.240136797856,0.6933690128690976,0.0008250852993736059,0.03911762898867146,5.650268649504566,0.19889958752090553,1.195910858281817e+64,2.295728623632961e+65,2.509484196180862e+66,0.0004990551741434,0.0003096296155743,2.4513518991991398e+48,1.2257670486323379e+48,4.1324790314252266e+48,-3.703683713096152e+49,0.0047655644140012,0.0,2.780053581476155e-15,1.191362986215285e-15,2.824262520973588e-15,1.0504830138498172e-15,1.570575682008992e-16,0.0,2.176137537804779e+65,2.4975250875980438e+66,True
SCRIPT_SELF_SHIELDING_AUDITOR,3,1,15,5.65,2560,1.1938282708102662e+64,1.178745390359531e+64,1.5082880450735178e+62,3.5195018562026304e+52,4.1252826346388837e+48,7.301038040024115e+47,1.4700786226200132e+63,2.6017853553722677e+62,3.068533475549873e+47,4.497361222678701e+47,2.521965489219712e+48,1.1487500366517403e+48,0.0005134309467429999,0.0002901750643700002,0.0,3.697234030625201e+49,-3.697234030625201e+49,1603,2560,2.620407746396993e+50,3.121308832807828e+47,1.4798251886627376e+49,6.526081582421086e-16,8.558834900818417e-16,0.8230172648361356,-9.438453459527202e+46,-2.028240960365167e+31,0.9873659547025987,14235.240136797856,0.6926773432963892,0.0008250852993736062,0.03911762898867147,5.65026864950461,0.19889958752090436,1.1938282708102662e+64,1.1425360386228115e+65,1.2489177087289013e+66,0.000513430946743,0.00029017506437,2.5219654892197124e+48,1.1487500366517394e+48,4.125282634638883e+48,-3.697234030625201e+49,0.0095589025799409,0.0,1.2867684155298718e-16,7.062427493023208e-16,2.1116806054704106e-16,7.472745288017208e-16,1.5733154908394984e-16,0.0,1.0231532115417848e+65,1.2369794260207987e+66,True
SCRIPT_SELF_SHIELDING_AUDITOR,3,1,16,5.65,2560,1.2051257520336318e+63,1.1899001386933738e+63,1.5225613340258137e+61,3.5528077403974e+51,4.16432116659983e+47,7.370129501656536e+46,1.4839903267084484e+62,2.6264066697759257e+61,3.0975717385655096e+46,4.5399208229246816e+46,2.5802608244258565e+47,1.1251915566062711e+47,5.252989240304249e-05,2.8422417579935128e-05,0.0,3.7322218367114376e+48,-3.7322218367114376e+48,1602,2560,2.6451379302634306e+49,3.1508465215970515e+46,1.4938291268266662e+48,6.416067303096965e-16,8.692653204805557e-16,0.8230172648361322,-9.527771792275608e+45,-2.535301200456459e+30,0.9873659547025985,14235.240136797855,0.6926597046592006,0.000825085299373606,0.03911762898867139,5.65026864950452,0.1988995875209072,1.2051257520336318e+63,1.146342921934028e+64,1.2530790514101996e+65,5.252989240304235e-05,2.842241757993513e-05,2.58026082442585e+47,1.1251915566062715e+47,4.16432116659983e+47,-3.7322218367114376e+48,0.009617316247346,0.0,2.5153934097390064e-15,3.6051478496383555e-16,2.7089630042813576e-15,1.1920631943037317e-16,0.0,0.0,1.0258303467306649e+64,1.2410277938898633e+65,True
SCRIPT_SELF_SHIELDING_AUDITOR,3,1,17,5.65,2560,3.197401540483979e+61,3.157005424587523e+61,4.039611589645575e+59,9.426197160769851e+49,1.1048645247757305e+46,1.955419455803411e+45,3.937276212605983e+60,6.968299132026602e+59,8.218379394794148e+44,1.2045174379851205e+45,6.840987117248072e+45,2.990201977585223e+45,1.392713146662616e-06,7.553271152479364e-07,0.0,9.902212968173004e+46,-9.902212968173004e+46,1601,2560,7.017831339035168e+47,8.359726364640697e+44,3.963380205987109e+46,6.590783027775848e-16,7.517924614404001e-16,0.823017264836134,-2.5278782861119818e+44,-3.961408125713217e+28,0.9873659547025985,14235.240136797855,0.6926434214177983,0.000825085299373606,0.03911762898867144,5.650268649504572,0.19889958752101172,3.1974015404839783e+61,2.9754463873518098e+62,3.2524905639006382e+63,1.3927131466626164e-06,7.553271152479363e-07,6.840987117248074e+45,2.990201977585222e+45,1.1048645247757306e+46,-9.902212968173004e+46,0.009830625109176,1.7855094827907323e-16,3.7060458629782293e-16,2.119673871080671e-16,3.040945471377436e-16,1.4017650931548072e-16,1.147335779004708e-16,0.0,2.655706233303412e+62,3.2205165484957984e+63,True
SCRIPT_SELF_SHIELDING_AUDITOR,3,2,0,5.65,2560,4.909444249442749e+64,4.849068758694571e+64,6.03754907481775e+62,1.4461943882263298e+53,1.6937030887176034e+49,1.9511810742610932e+48,6.035651188799562e+63,6.9531953084787295e+62,2.5694540748182123e+47,3.649783833095853e+47,1.0509774740924083e+49,4.4553457796908294e+48,0.002139618332746602,0.001125423466518904,1.7382087664378462e+49,0.0,1.7382087664378462e+49,1688,2560,1.1436005903954774e+51,2.6124627359543075e+47,1.2326975660009242e+49,5.427984494215756e-16,1.1345202162268283e-15,0.8847979266697596,-4.4742616089687584e+47,-8.112963841460668e+31,0.987702174079066,14223.93626403456,0.7350992934803295,0.00016792746764668817,0.007923702711003646,8.680399328693797,0.13038191517223544,4.909444249442749e+64,1.9427047006535542e+65,1.0444460049208522e+67,0.0021396183327466,0.0011254234665189,1.0509774740924075e+49,4.4553457796908145e+48,1.6937030887176034e+49,1.7382087664378462e+49,0.004700524705262,0.0,7.410668144460568e-16,3.3505488028189635e-15,8.107630456456054e-16,3.468141492571458e-15,0.0,0.0,1.4517602757092794e+65,1.0395365606714095e+67,True
SCRIPT_SELF_SHIELDING_AUDITOR,3,2,1,5.65,2560,1.44222285443938e+64,1.4244866488362925e+64,1.7736205603087528e+62,4.2484128400047186e+52,4.975506756106572e+48,5.7318869417210866e+47,1.773063027836395e+63,2.0426053695195102e+62,7.548156577103088e+46,1.0721787213392905e+47,3.450596148894194e+48,9.456323726376191e+47,0.0007024849686197011,0.00023886740008319956,5.106248857043423e+48,0.0,5.106248857043423e+48,1725,2560,3.362224601250154e+50,7.674500967379756e+46,3.6212339156313353e+48,6.4814783349819e-16,1.1090918755833464e-15,0.8847979266697633,-1.3143814292071773e+47,-4.056481920730334e+31,0.9877021740790664,14223.936264034559,0.7356958652389158,0.00016792746764668825,0.007923702711003653,8.680399328694017,0.13038191517223222,1.4422228544393798e+64,3.7213573651359264e+65,2.0006935853871384e+67,0.0007024849686197,0.0002388674000832,3.4505961488941887e+48,9.456323726376209e+47,4.9755067561065725e+48,5.106248857043423e+48,0.00072086143774,2.0267348181762337e-16,1.5047535656117837e-15,1.887469271111054e-15,1.5433813119387194e-15,1.8155716051798872e-15,1.3044643272170675e-16,0.0,3.577135079691988e+65,1.999251362532699e+67,True
SCRIPT_SELF_SHIELDING_AUDITOR,3,2,2,5.65,2560,7.386585551514002e+63,7.295746608251398e+63,9.083894326260446e+61,2.1758956879825574e+52,2.5482889972925398e+48,2.935681759327508e+47,9.08103883045939e+62,1.0461545012613817e+62,3.8659146290306244e+46,5.491342636339127e+46,1.8031490475667766e+48,4.484529138321459e+47,0.00036709166979809974,0.00011327952033619981,2.6152507508649533e+48,0.0,2.6152507508649533e+48,1720,2560,1.7217002352896456e+50,3.930624021539542e+46,1.8546755127003276e+48,6.674483288893339e-16,1.2646300146630211e-15,0.8847979266697595,-6.731824311530478e+46,-1.5211807202738753e+31,0.9877021740790661,14223.936264034563,0.7355594403701198,0.00016792746764668825,0.007923702711003646,8.68039932869389,0.13038191517223435,7.386585551514002e+63,2.0958100403106854e+65,1.1267592150979548e+67,0.0003670916697981,0.0001132795203362,1.803149047566778e+48,4.484529138321467e+47,2.5482889972925398e+48,2.615250750864953e+48,0.0006555602521406,0.0,7.198929097876664e-16,1.8091004855188217e-15,7.383729063382277e-16,1.674930999194307e-15,0.0,1.2408697466240945e-16,2.0219441847955454e+65,1.1260205565428034e+67,True
SCRIPT_SELF_SHIELDING_AUDITOR,3,2,3,5.65,2560,3.761834507579181e+63,3.7155721216616114e+63,4.626238591756983e+61,1.1081384527209332e+52,1.2977906257830546e+48,1.4950817083876103e+47,4.624784347090745e+62,5.327847454901067e+61,1.9688299760992774e+46,2.7966266793033817e+46,9.325718840506205e+47,2.1412220033419463e+47,0.00018985639073200035,5.408741787388448e-05,1.3318928552258706e+48,0.0,1.3318928552258706e+48,1707,2560,8.766660636006999e+49,2.001785124862786e+46,9.44547693298991e+47,6.184679225897029e-16,1.2022709590635548e-15,0.8847979266697621,-3.428378215816546e+46,-1.0141204801825835e+31,0.9877021740790664,14223.93626403456,0.7354251473036957,0.0001679274676466883,0.00792370271100365,8.680399328694037,0.13038191517223183,3.761834507579181e+63,1.0430407481582756e+65,5.607644548433314e+66,0.000189856390732,5.40874178738846e-05,9.325718840506189e+47,2.1412220033419512e+47,1.2977906257830546e+48,1.3318928552258705e+48,0.0006708403992243,0.0,1.7399117387545628e-15,2.2733646008115587e-15,1.8559591525954234e-15,2.2551038522308935e-15,0.0,1.2182607346571915e-16,1.0054224030824838e+65,5.603882713925735e+66,True
SCRIPT_SELF_SHIELDING_AUDITOR,3,2,4,5.65,2560,3.7372827268380662e+62,3.6913222744460994e+62,4.5960452391966756e+60,1.10090613767167e+51,1.2893205373653145e+47,1.485323990917472e+46,4.5946004857231204e+61,5.293075020794447e+60,1.9559803194244992e+45,2.778374370514504e+45,9.514956761975923e+46,1.8771445808781414e+46,1.9370896546375872e-05,4.741680367434548e-06,1.323200197086263e+47,0.0,1.323200197086263e+47,1699,2560,8.706603103840903e+48,1.9887203849393688e+45,9.383830606393995e+46,8.739184414010588e-16,1.2506058141736731e-15,0.8847979266697618,-3.4060027524401595e+45,-6.338253001141147e+29,0.9877021740790664,14223.936264034563,0.7351852085919931,0.00016792746764668825,0.007923702711003655,8.680399328694019,0.13038191517223227,3.737282726838066e+62,1.0465161172344701e+64,5.626328990520862e+65,1.9370896546375875e-05,4.74168036743455e-06,9.514956761975925e+46,1.8771445808781424e+46,1.2893205373653147e+47,1.323200197086263e+47,0.0006642488793553,1.2220623780644907e-16,2.131634447852154e-16,5.402463350522368e-16,1.749083621868339e-16,5.359068188600285e-16,1.5731083943716686e-16,0.0,1.0091432899660895e+64,5.622591707794024e+65,True
SCRIPT_SELF_SHIELDING_AUDITOR,3,2,5,5.65,2560,9.528833615481925e+60,9.411649678449184e+60,1.1718393703273996e+59,2.806946163532979e+49,3.287340502593493e+45,3.787084416412601e+44,1.1714710060244544e+60,1.349558887402851e+59,4.987102229410969e+43,7.083934781822491e+43,2.4329703397875207e+45,4.716383334397926e+44,4.953129891326801e-07,1.1913617357885293e-07,3.373722418018766e+45,0.0,3.373722418018766e+45,1699,2560,2.2198206314533638e+47,5.070578556907103e+43,2.3925661251710153e+45,6.547495604249808e-16,1.348393066904338e-15,0.8847979266697598,-8.6841793607986e+43,-1.9807040628566084e+28,0.987702174079066,14223.93626403456,0.7351604024792256,0.0001679274676466882,0.007923702711003648,8.680399328693863,0.1303819151722345,9.528833615481924e+60,2.716336046352788e+62,1.4603693143282362e+64,4.953129891326796e-07,1.1913617357885289e-07,2.4329703397875182e+45,4.716383334397924e+44,3.287340502593493e+45,3.373722418018766e+45,0.0006524947848459,1.4978199329528078e-16,1.0420600526835338e-15,3.359699875810806e-16,1.068810234435681e-15,3.3327131642570264e-16,0.0,0.0,2.621047710197969e+62,1.4594164309666882e+64,True
SCRIPT_SELF_SHIELDING_AUDITOR,3,2,6,5.65,2560,1.3327398622386002e+65,1.3163500594149e+65,1.6389802823699973e+63,3.925904464550681e+53,4.5978027378288335e+49,5.883481115823114e+48,1.638465073677943e+64,2.0966272086026972e+63,1.2842326175853867e+48,1.8241896173728563e+48,2.815838232900864e+49,1.2466608296543705e+49,0.0057325863338474016,0.0031490739930413072,4.71861985638649e+49,0.0,4.71861985638649e+49,1674,2560,3.0651402219068335e+51,1.3057286723352918e+48,6.161115847102605e+49,5.555630744959798e-16,1.1240220557163915e-15,0.872037113131976,-1.1722958212219488e+48,-3.2451855365842673e+32,0.9877021740790658,14223.93626403456,0.7257865680131492,0.0003091800907108394,0.01458874570840415,7.814765862787322,0.14482418396233468,1.3327398622386e+65,7.972004895826807e+65,2.3278606406160344e+67,0.0057325863338474,0.0031490739930413,2.8158382329008627e+49,1.2466608296543679e+49,4.597802737828834e+49,4.71861985638649e+49,0.0057251703086741,1.754582935488727e-16,3.687922692338577e-16,2.0824817524644464e-15,3.026074750474023e-16,2.3411881680751356e-15,1.1292996143167997e-16,0.0,6.639265033588207e+65,2.3145332419936483e+67,True
SCRIPT_SELF_SHIELDING_AUDITOR,3,2,7,5.65,2560,1.3170186898138944e+65,1.300822223231947e+65,1.6196466581947497e+63,3.879593985845217e+53,4.543566459869249e+49,5.814078808816134e+48,1.6191375269713544e+64,2.0718951218761342e+63,1.2690836429155836e+48,1.8026712398389518e+48,2.9430017658074354e+49,1.0715755304322261e+49,0.005991470499275096,0.0027068073001051,4.662958404012514e+49,0.0,4.662958404012514e+49,1696,2560,3.030593476727668e+51,1.290326127413146e+48,6.088438524764402e+49,7.328063893374113e-16,1.2238084964719714e-15,0.8720371131319783,-1.1584672675331193e+48,-3.2451855365842673e+32,0.9877021740790662,14223.936264034559,0.726172357620039,0.0003091800907108396,0.01458874570840415,7.8147658627874925,0.14482418396233182,1.3170186898138942e+65,1.5270812452352848e+66,4.459144684754306e+67,0.0059914704992751,0.0027068073001051,2.943001765807438e+49,1.0715755304322261e+49,4.5435664598692486e+49,4.6629584040125134e+49,0.0029535231146832,1.7755272858427546e-16,8.821430076699726e-16,0.0,7.238304336918161e-16,0.0,1.1427799954937265e-16,1.1135198748645953e-16,1.3953793762538954e+66,4.445974497856167e+67,True
SCRIPT_SELF_SHIELDING_AUDITOR,3,2,8,5.65,2560,6.144218210014951e+64,6.068657684047953e+64,7.5560525966997e+62,1.8099266319951042e+53,2.1196862274662676e+49,2.71241168920988e+48,7.553677373509218e+63,9.665903631839604e+62,5.92058935012979e+47,8.409907576979117e+47,1.416875645480542e+49,4.5602404226450657e+48,0.002884527195894803,0.0011519199268454994,2.1753855249027982e+49,0.0,2.1753855249027982e+49,1696,2560,1.4138220971107476e+51,6.0196907987920946e+47,2.840407288350643e+49,6.52453283891622e-16,1.217743409457527e-15,0.8720371131319754,-5.4045365763861375e+47,-2.4338891524382005e+32,0.9877021740790658,14223.93626403456,0.7261596298623899,0.00030918009071083944,0.01458874570840415,7.814765862787326,0.14482418396233462,6.14421821001495e+64,8.60028181146574e+65,2.5113202749784175e+67,0.0028845271958948,0.0011519199268455,1.4168756454805404e+49,4.560240422645068e+48,2.1196862274662678e+49,2.1753855249027982e+49,0.0024466087703878,1.902929339259058e-16,1.099383042209148e-15,5.693007799272071e-16,1.0524310837768663e-15,5.647278845785199e-16,1.2247795903126083e-16,0.0,7.985859990464244e+65,2.5051760567684027e+67,True
SCRIPT_SELF_SHIELDING_AUDITOR,3,2,9,5.65,2560,2.899405333837297e+64,2.863748951767539e+64,3.565638206975819e+62,8.540892838257466e+52,1.0002622537004919e+49,1.279964456086353e+48,3.564517358960376e+63,4.561259315437704e+62,2.793876739801669e+47,3.968565251479291e+47,6.815265656540079e+48,2.0227917801878802e+48,0.0013874766777341005,0.0005109586213671999,1.026546287658666e+49,0.0,1.026546287658666e+49,1693,2560,6.671122826112118e+50,2.8406418869727334e+47,1.3403645119065776e+49,7.01827820972122e-16,1.337580156346086e-15,0.8720371131319811,-2.5503557394740647e+47,-8.112963841460668e+31,0.9877021740790661,14223.93626403456,0.7260958764212908,0.00030918009071083944,0.014588745708404165,7.814765862787435,0.14482418396233274,2.8994053338372966e+64,4.280180074752127e+65,1.2498314866791236e+67,0.0013874766777341,0.0005109586213672,6.815265656540078e+48,2.0227917801878808e+48,1.000262253700492e+49,1.026546287658666e+49,0.00231983700582,2.016277779825477e-16,1.9046568102419402e-16,3.2086204505763297e-16,3.1256804237059287e-16,2.1218981873413646e-16,1.2977338791216535e-16,0.0,3.990239541368397e+65,1.2469320813452862e+67,True
SCRIPT_SELF_SHIELDING_AUDITOR,3,2,10,5.65,2560,2.7854182408285517e+63,2.7511636521858488e+63,3.425458864270306e+61,8.20511655511057e+51,9.609379877156472e+47,1.2296439900924756e+47,3.4243820812241774e+62,4.381938168525907e+61,2.684038393269672e+46,3.812545252773893e+46,6.710045757466238e+47,1.7805526802387455e+47,0.00013660556263239967,4.497688549446424e-05,9.861886923257409e+47,0.0,9.861886923257409e+47,1689,2560,6.407869252783218e+49,2.7289650175140016e+46,1.2876694807906268e+48,8.461304290711662e-16,1.13650074599081e-15,0.8720371131319814,-2.450091166774205e+46,-5.070602400912918e+30,0.9877021740790662,14223.936264034564,0.725984240957222,0.0003091800907108395,0.014588745708404191,7.814765862787485,0.14482418396233207,2.7854182408285517e+63,4.294441459552901e+64,1.2539958740311413e+66,0.0001366055626324,4.497688549446415e-05,6.710045757466254e+47,1.7805526802387418e+47,9.609379877156472e+47,9.861886923257409e+47,0.0022212339757342,0.0,2.4181545505657364e-15,2.050393548686118e-15,2.3810205490746706e-15,2.109254321403779e-15,0.0,0.0,4.015899635470046e+64,1.2512104557903128e+66,True
SCRIPT_SELF_SHIELDING_AUDITOR,3,2,11,5.65,2560,7.063261244816126e+61,6.976398487593299e+61,8.68627572228276e+59,2.0806527696060607e+50,2.436745745329992e+46,3.118130201358126e+45,8.683545216735117e+60,1.1111715141824895e+60,6.806182312190553e+44,9.66784906241421e+44,1.710779166126268e+46,4.422660753847153e+45,3.4828667191804708e-06,1.117167206083296e-06,2.5007764609555644e+46,0.0,2.5007764609555644e+46,1688,2560,1.624859220923656e+48,6.9201072083637755e+44,3.2652711921264205e+46,6.417324853543465e-16,1.0524424466610286e-15,0.8720371131319781,-6.212939130963317e+44,-1.5845632502852868e+29,0.987702174079066,14223.93626403456,0.7259629167454816,0.00030918009071083944,0.014588745708404165,7.814765862787411,0.1448241839623331,7.063261244816125e+61,1.1146647379269312e+63,3.2548702676550176e+64,3.482866719180468e-06,1.1171672060832965e-06,1.7107791661262668e+46,4.422660753847155e+45,2.4367457453299923e+46,2.5007764609555644e+46,0.0021700592232528,1.616531110190434e-16,7.409785116208666e-16,4.299393523883334e-16,8.511997599746322e-16,3.790985550963018e-16,2.0808910452108904e-16,0.0,1.04403212547877e+63,3.2478070064102015e+64,True
SCRIPT_SELF_SHIELDING_AUDITOR,3,2,12,5.65,2560,1.0055946778041597e+65,9.932280495095064e+64,1.236662829465321e+63,2.9622199702862702e+53,3.4691886194414145e+49,6.059120798107224e+48,1.2362740880962449e+64,2.1592178636142036e+63,2.5888413063855522e+48,3.677322447246248e+48,2.0191908806482033e+49,1.0460940647784168e+49,0.004110742553526699,0.002642440939274403,3.56034898377924e+49,0.0,3.56034898377924e+49,1546,2560,2.236547876618992e+51,2.6321744795964143e+48,1.2419986052367508e+50,6.691971744825285e-16,7.16840884123783e-16,0.8253447286160364,-7.944460816278435e+47,-1.6225927682921336e+32,0.987702174079066,14223.93626403456,0.7018740734120812,0.0008260297234139579,0.03897643459112703,5.725564376477088,0.1976690880613687,1.0055946778041595e+65,2.128018619423888e+65,2.3258445742262895e+66,0.0041107425535267,0.0026424409392744,2.0191908806482038e+49,1.0460940647784155e+49,3.469188619441415e+49,3.5603489837792393e+49,0.0432356782971484,1.1626963981331107e-16,2.571474003917841e-16,1.240877143212417e-15,2.109987980746384e-16,1.1488491711731556e-15,1.4966891190167849e-16,1.4583673910031448e-16,1.1224239416197282e+65,2.2252851064458736e+66,True
SCRIPT_SELF_SHIELDING_AUDITOR,3,2,13,5.65,2560,5.622421627958994e+64,5.553278065524261e+64,6.914356243473276e+62,1.6562189513649275e+53,1.939672271138976e+49,3.3877398691173775e+48,6.912182735668071e+63,1.2072491515536938e+63,1.4474576759057248e+48,2.05604282885859e+48,1.1602754366911505e+49,5.535685954448387e+48,0.002362131117533098,0.0013983181518287993,1.9906413161606549e+49,0.0,1.9906413161606549e+49,1591,2560,1.251885484710525e+51,1.471685864026296e+48,6.944189318131981e+49,7.168915404114871e-16,8.008333971978391e-16,0.8253447286160401,-4.441860055728677e+47,-8.112963841460668e+31,0.987702174079066,14223.93626403456,0.7026598854814485,0.0008260297234139581,0.038976434591127054,5.7255643764771325,0.19766908806136735,5.622421627958993e+64,4.076336336590602e+65,4.455282799051574e+66,0.0023621311175331,0.0013983181518288,1.1602754366911515e+49,5.53568595444839e+48,1.9396722711389763e+49,1.9906413161606546e+49,0.0126196739501157,2.0795333171929979e-16,8.950110800142608e-16,4.689840519549686e-16,9.179864440529405e-16,4.652169484037048e-16,1.3384469468870401e-16,1.3041769042926323e-16,3.5140941737947028e+65,4.399058582771984e+66,True
SCRIPT_SELF_SHIELDING_AUDITOR,3,2,14,5.65,2560,1.3678370587180285e+64,1.3510156366817122e+64,1.6821422036316363e+62,4.0292916627998255e+52,4.7188841211020706e+48,8.241779868005848e+47,1.681613427115023e+63,2.937026494757007e+62,3.521411912945494e+47,5.001993378865716e+47,2.7923001121424504e+48,1.3771833153559245e+48,0.000568466656778702,0.0003478774706701006,4.8428829124439227e+48,0.0,4.8428829124439227e+48,1637,2560,3.050534804038907e+50,3.580354866302301e+47,1.6894000700447073e+49,6.497439196052527e-16,7.412581682751848e-16,0.8253447286160388,-1.0806270315359807e+47,-4.056481920730334e+31,0.9877021740790662,14223.936264034559,0.7037940412446684,0.000826029723413958,0.038976434591127054,5.725564376477134,0.1976690880613666,1.3678370587180282e+64,2.295728623632961e+65,2.5091453215847615e+66,0.0005684666567787,0.0003478774706701,2.7923001121424406e+48,1.377183315355922e+48,4.718884121102071e+48,4.842882912443922e+48,0.0054514062894297,2.1369528307716115e-16,3.486572438047497e-15,1.767294974677483e-15,3.4330314490786943e-15,1.7141414582507461e-15,1.3754037833106912e-16,1.3401874855349786e-16,2.158944917761158e+65,2.495466950997581e+66,True
SCRIPT_SELF_SHIELDING_AUDITOR,3,2,15,5.65,2560,1.365837271148378e+64,1.349040442151472e+64,1.6796828996905983e+62,4.0234008095505986e+52,4.7119850787432934e+48,8.22973032685124e+47,1.6791548962490337e+63,2.9327325410009587e+62,3.5162635835255215e+47,4.994680428745836e+47,2.8727350490430506e+48,1.2906525638427426e+48,0.0005848418950524043,0.00032601974219209997,4.8358025829647267e+48,0.0,4.8358025829647267e+48,1600,2560,3.0416789035669265e+50,3.575120361862658e+47,1.686930155051025e+49,6.309150134981264e-16,8.348476239600671e-16,0.8253447286160399,-1.0790471470816729e+47,-4.056481920730334e+31,0.9877021740790662,14223.936264034563,0.7027783484521412,0.0008260297234139582,0.038976434591127054,5.725564376477129,0.1976690880613664,1.365837271148378e+64,1.1425360386228115e+65,1.2487490579421173e+66,0.0005848418950524,0.0003260197421921,2.8727350490430298e+48,1.2906525638427429e+48,4.711985078743295e+48,4.835802582964726e+48,0.0109376440563584,0.0,7.2297608653669e-15,2.5143757719910054e-16,7.229968489713936e-15,1.6627860711678342e-16,2.75483515533523e-16,1.3421497180286933e-16,1.0059523115079737e+65,1.2350906852306335e+66,True
SCRIPT_SELF_SHIELDING_AUDITOR,3,2,16,5.65,2560,1.3789382403439617e+63,1.3619802979084929e+63,1.6957942435468776e+61,4.06199285208806e+51,4.7571819500475616e+47,8.308669045084768e+46,1.695261175551162e+62,2.960863006825949e+61,3.549991218482054e+46,5.042588884475539e+46,2.9391384369395874e+47,1.2641839573567353e+47,5.9836053932430585e-05,3.1933375364299025e-05,4.882187098904957e+47,0.0,4.882187098904957e+47,1600,2560,3.0707438151025097e+49,3.6094125449218336e+46,1.7031110138277413e+48,6.357488214246094e-16,8.021820172734962e-16,0.8253447286160381,-1.0893972552044461e+46,-3.802951800684688e+30,0.9877021740790662,14223.936264034563,0.7027530471220157,0.0008260297234139579,0.0389764345911271,5.7255643764771325,0.1976690880613672,1.3789382403439617e+63,1.146342921934028e+64,1.2529098386858975e+65,5.9836053932430544e-05,3.193337536429904e-05,2.9391384369395854e+47,1.2641839573567361e+47,4.7571819500475616e+47,4.882187098904957e+47,0.0110058856413023,0.0,6.900801047252122e-16,6.417550067969496e-16,6.794830005688324e-16,4.2440008303100637e-16,0.0,0.0,1.0084490978996318e+64,1.2391204562824578e+65,True
SCRIPT_SELF_SHIELDING_AUDITOR,3,2,17,5.65,2560,3.658530434900384e+61,3.6135384644855406e+61,4.4991970414843465e+59,1.077707763910085e+50,1.2621518817453672e+46,2.204414794340256e+45,4.4977827319604e+60,7.8556146367667795e+59,9.418660340586415e+44,1.3378746317124765e+45,7.792471207773441e+45,3.3595749515866384e+45,1.5864197534729052e-06,8.486309873590587e-07,1.2953176268276592e+46,0.0,1.2953176268276592e+46,1598,2560,8.146873608291772e+47,9.576314051899736e+44,4.518609532903091e+46,7.845269152245523e-16,7.605630607653655e-16,0.8253447286160387,-2.8903346772573887e+44,-7.922816251426434e+28,0.987702174079066,14223.936264034564,0.7027296428327477,0.0008260297234139578,0.03897643459112709,5.725564376477104,0.1976690880614817,3.6585304349003837e+61,2.9754463873518098e+62,3.2520513555454546e+63,1.5864197534729008e-06,8.486309873590586e-07,7.792471207773418e+45,3.3595749515866384e+45,1.2621518817453672e+46,1.2953176268276592e+46,0.0112499159297155,1.56046010069048e-16,2.9281738996155854e-15,0.0,2.8031187605613904e-15,1.2476461499041363e-16,0.0,0.0,2.6095933438617713e+62,3.2154660511964508e+63,True
SCRIPT_SELF_SHIELDING_AUDITOR,4,1,0,5.55,2560,6.459432491591125e+64,6.409005068377103e+64,5.042742321402144e+62,1.9548953566867824e+53,2.422371479029082e+49,1.6783523344543318e+48,8.964073717589543e+63,6.210803826078448e+62,3.1564654238927054e+47,3.477129834691729e+47,1.7222217084626625e+49,6.074723795394805e+48,0.0023309465640628103,0.0009629647164823089,1.7078436550203203e+49,0.0,1.7078436550203203e+49,1916,2560,2.859585558277071e+51,3.1900480514862073e+47,1.836292491162261e+49,6.940375253683521e-16,1.3005522190418775e-15,0.9307144940821824,-6.626123617744973e+47,-1.6225927682921336e+32,0.9921932115120534,14613.512305565737,1.397052408727251,0.0001558500077532097,0.008971219065225935,14.433033096216038,0.07204174758814033,6.459432491591124e+64,1.9231342960329392e+65,1.2637621106345924e+67,0.0023309465640628,0.0009629647164823,1.722221708462655e+49,6.074723795394749e+48,2.422371479029082e+49,1.7078436550203203e+49,0.0051112724754404,1.810068162159425e-16,4.371580272087091e-15,9.18843277641099e-15,4.465285054720103e-15,9.232381687729747e-15,0.0,0.0,1.2771910468738267e+65,1.2573026781430013e+67,True
SCRIPT_SELF_SHIELDING_AUDITOR,4,1,1,5.55,2560,1.3838302902859812e+64,1.373027019906505e+64,1.0803270379476318e+62,4.188051214165126e+52,5.189544176472345e+48,3.595601937497743e+47,1.920409687833314e+63,1.330565567910181e+62,6.762223259565565e+46,7.449195567516861e+46,4.0174961415260675e+48,9.735015200709788e+47,0.0005437493199168012,0.00015431938090430014,3.6587823836946445e+48,0.0,3.6587823836946445e+48,1988,2560,6.1291438960633985e+50,6.83416867791583e+46,3.93396350902817e+48,6.856034642121272e-16,1.2943571436803634e-15,0.9307144940821838,-1.4195412029387377e+47,-4.056481920730334e+31,0.9921932115120535,14613.51230556574,1.3977224864360938,0.0001558500077532097,0.008971219065225938,14.433033096216043,0.07204174758814058,1.3838302902859812e+64,3.6838691821150493e+65,2.420805610141179e+67,0.0005437493199168,0.0001543193809043,4.017496141526059e+48,9.735015200709778e+47,5.189544176472345e+48,3.6587823836946445e+48,0.000571640401232,0.0,2.1001843182639804e-15,1.0000556146068447e-15,2.193331276104469e-15,8.782129034377925e-16,0.0,0.0,3.545486153086451e+65,2.419421779850893e+67,True
SCRIPT_SELF_SHIELDING_AUDITOR,4,1,2,5.55,2560,7.200313901704483e+63,7.144102574027054e+63,5.621132767742802e+61,2.1791171641554121e+52,2.700211676219434e+48,1.8708553207207426e+47,9.992231467499226e+62,6.923168124736671e+61,3.5185044354114466e+46,3.8759482848306877e+46,2.12636263266076e+48,4.705417781210793e+47,0.00028779324103260083,7.459024397207364e-05,1.903729225003718e+48,0.0,1.903729225003718e+48,1967,2560,3.1886770697289427e+50,3.5559389098226333e+46,2.0469108344925634e+48,6.934757947364487e-16,1.1905125997978919e-15,0.9307144940821835,-7.386124100123431e+46,-2.028240960365167e+31,0.9921932115120533,14613.512305565735,1.397536230633741,0.00015585000775320972,0.008971219065225924,14.433033096216034,0.07204174758814061,7.200313901704481e+63,2.0746972842222128e+65,1.3633597114070777e+67,0.0002877932410326,7.45902439720738e-05,2.1263626326607537e+48,4.705417781210803e+47,2.7002116762194346e+48,1.903729225003718e+48,0.0005281301656092,2.0297748921542592e-16,2.8997182441052653e-15,2.0690100353315784e-15,2.825471600537052e-15,2.1803163150091533e-15,2.4036526952048815e-16,0.0,2.002694145205168e+65,1.3626396800169072e+67,True
SCRIPT_SELF_SHIELDING_AUDITOR,4,1,3,5.55,2560,3.677257470013796e+63,3.648549898729676e+63,2.870757128412016e+61,1.1128924348741054e+52,1.3790195389461945e+48,9.554606642645179e+46,5.103111934782495e+62,3.535716921566919e+61,1.7969281471646083e+46,1.9794775586669002e+46,1.1012174243151967e+48,2.2504227405694097e+47,0.0001490446299033004,3.567368277683123e-05,9.722496281545886e+47,0.0,9.722496281545886e+47,1959,2560,1.6282849729385885e+50,1.8160462304237277e+46,1.0453736127820944e+48,6.702554739208707e-16,1.2611187634619337e-15,0.9307144940821861,-3.7721522134192154e+46,-1.0141204801825835e+31,0.9921932115120532,14613.51230556574,1.3973665505073816,0.00015585000775320966,0.008971219065225926,14.433033096215617,0.07204174758814268,3.677257470013796e+63,1.0325333717822471e+65,6.785155648858727e+66,0.0001490446299033,3.567368277683118e-05,1.101217424315194e+48,2.2504227405694072e+47,1.3790195389461945e+48,9.722496281545884e+47,0.0005419562439414,0.0,2.504871104643092e-15,1.081525310139005e-15,2.72787966225854e-15,1.3296593273808945e-15,0.0,1.6689055169627073e-16,9.957607970821092e+64,6.781478391388713e+66,True
SCRIPT_SELF_SHIELDING_AUDITOR,4,1,4,5.55,2560,3.662436470436611e+62,3.6338446035613703e+62,2.8591866875240808e+60,1.1084069784051949e+51,1.3734614706927967e+47,9.516097285558848e+45,5.0825441011607e+61,3.521466393985691e+60,1.789685719478614e+45,1.9714993748439332e+45,1.125075011730024e+47,1.9583926424808654e+46,1.5227364281954592e-05,3.1044424063483133e-06,9.683310253792044e+46,0.0,9.683310253792044e+46,1934,2560,1.6214421069669728e+49,1.8087267482735813e+45,1.0411602874984044e+47,6.986232399719726e-16,1.3685787968125926e-15,0.9307144940821804,-3.7569487453955815e+45,-1.2676506002282294e+30,0.9921932115120533,14613.512305565737,1.3971251610194058,0.0001558500077532097,0.00897121906522592,14.433033096215745,0.07204174758814208,3.6624364704366105e+62,1.035973730710474e+64,6.807763509731705e+65,1.5227364281954568e-05,3.1044424063483086e-06,1.1250750117300224e+47,1.9583926424808628e+46,1.373461470692797e+47,9.683310253792044e+46,0.0005379793914993,1.2470366799603768e-16,1.4422085206541725e-15,1.2945826824822898e-15,1.5575198756640039e-15,1.5006499074912958e-15,2.953473400811292e-16,0.0,9.99349366006108e+63,6.804101073261269e+65,True
SCRIPT_SELF_SHIELDING_AUDITOR,4,1,5,5.55,2560,9.376661842077152e+60,9.303460226353056e+60,7.320161572409539e+58,2.8377713862883806e+49,3.5163705548926646e+45,2.4363351289027107e+44,1.301245706750689e+60,9.015746711561545e+58,4.581998331057731e+43,5.047482218189529e+43,2.8879957600659115e+45,4.9384214707527526e+44,3.9087672399408585e-07,7.828381654255344e-08,2.4791454130234257e+45,0.0,2.4791454130234257e+45,1932,2560,4.151212879428117e+47,4.630747651237577e+43,2.6656047191744315e+45,7.795250573145268e-16,1.1963099046322975e-15,0.9307144940821833,-9.618634542318937e+43,-1.9807040628566084e+28,0.9921932115120533,14613.512305565737,1.3971103764878934,0.0001558500077532097,0.00897121906522593,14.433033096216061,0.07204174758814061,9.376661842077151e+60,2.6889722398541457e+62,1.767022324070549e+64,3.9087672399408585e-07,7.828381654255345e-08,2.887995760065911e+45,4.9384214707527526e+44,3.5163705548926646e+45,2.4791454130234253e+45,0.0005306476162947,1.5221277217242492e-16,2.194689164293126e-16,0.0,0.0,1.690629096200775e-16,0.0,1.2783140851369772e-16,2.595205621433374e+62,1.7660846578863414e+64,True
SCRIPT_SELF_SHIELDING_AUDITOR,4,1,6,5.55,2560,1.2448256098673546e+65,1.2351075196267409e+65,9.718090240613685e+62,3.767364714752284e+53,4.6682584849878734e+49,3.7547689312297924e+48,1.727506022691732e+64,1.389465892553744e+63,1.128638739629401e+48,1.2432968232279825e+48,3.2839332433450265e+49,1.2057225703459162e+49,0.004444650112452608,0.0019113104269690023,3.2912605282063743e+49,0.0,3.2912605282063743e+49,1933,2560,5.4256959534821955e+51,1.1406466818655733e+48,6.565922842457074e+49,5.394814925746702e-16,1.1606047837890026e-15,0.9195681013957553,-1.2265345764699295e+48,-2.4338891524382005e+32,0.9921932115120533,14613.512305565737,1.375469312844991,0.00028916557823289535,0.016645284692946072,12.43287821564798,0.08363155411111568,1.2448256098673544e+65,7.952805534504271e+65,2.8166722478593306e+67,0.0044446501124526,0.001911310426969,3.283933243345021e+49,1.205722570345915e+49,4.6682584849878734e+49,3.2912605282063743e+49,0.00441949044946,1.8784981616650856e-16,1.7392334499986755e-15,1.0765944393504182e-15,1.7563262448994107e-15,1.2479630445226434e-15,0.0,0.0,6.707979924636917e+65,2.804223991760657e+67,True
SCRIPT_SELF_SHIELDING_AUDITOR,4,1,7,5.55,2560,1.3267387330849237e+65,1.3163811644169633e+65,1.0357568667960343e+63,4.01526820230819e+53,4.975443386600736e+49,4.0018435798226127e+48,1.841180912229809e+64,1.4808967644455024e+63,1.2029064309546435e+48,1.3251093478658172e+48,3.6251876478277864e+49,1.1599004954651441e+49,0.0049065219943895955,0.0018386733115503982,3.5078349841390563e+49,0.0,3.5078349841390563e+49,1959,2560,5.784231350635723e+51,1.2157045304981402e+48,6.997979543868074e+49,6.242482984315898e-16,1.2039520208828034e-15,0.9195681013957571,-1.307244096820896e+48,-4.867778304876401e+32,0.9921932115120533,14613.512305565731,1.3758282223839908,0.00028916557823289546,0.016645284692946048,12.432878215647998,0.08363155411111578,1.3267387330849235e+65,1.5234035023112324e+66,5.395490118091043e+67,0.0049065219943896,0.0018386733115504,3.62518764782779e+49,1.1599004954651451e+49,4.975443386600736e+49,3.5078349841390563e+49,0.0024589772273632,1.7625192974446498e-16,1.0025985284243794e-15,8.953003949623462e-16,8.838865279521777e-16,9.434647607486397e-16,0.0,0.0,1.39072962900274e+66,5.3822227307601936e+67,True
SCRIPT_SELF_SHIELDING_AUDITOR,4,1,8,5.55,2560,6.344893184233592e+64,6.295359945165666e+64,4.953323906792573e+62,1.920230955378641e+53,2.379417744048211e+49,1.9138108672644008e+48,8.805121859813931e+63,7.082126686266233e+62,5.752687115185273e+47,6.337100937792402e+47,1.77679130851163e+49,5.115924093392428e+48,0.002404803966458503,0.0008109758665691009,1.6775599993623912e+49,0.0,1.6775599993623912e+49,1956,2560,2.7660850189574407e+51,5.813891761239332e+47,3.3466598663365173e+49,6.26862090076292e-16,1.3112206943946371e-15,0.9195681013957552,-6.251663536469343e+47,-8.112963841460668e+31,0.9921932115120533,14613.512305565737,1.3757679138107561,0.0002891655782328954,0.016645284692946072,12.43287821564807,0.08363155411111513,6.34489318423359e+64,8.579569340747063e+65,3.0386553218006454e+67,0.0024048039664585,0.0008109758665691,1.776791308511628e+49,5.115924093392423e+48,2.379417744048211e+49,1.6775599993623912e+49,0.0020880595238007,1.8427438822296766e-16,1.1689154114298937e-15,1.0149284398572373e-15,1.2623756968557034e-15,1.0695284209354436e-15,0.0,0.0,7.945080022323704e+65,3.0323104286164116e+67,True
SCRIPT_SELF_SHIELDING_AUDITOR,4,1,9,5.55,2560,2.969467999356661e+64,2.946285990763957e+64,2.3182008592703915e+62,8.986856370632037e+52,1.1135892508970654e+49,8.956809771493726e+47,4.120877504782068e+63,3.314500016251727e+62,2.6923101465761638e+47,2.965821156805038e+47,8.472180292129298e+48,2.23766465418525e+48,0.0011466699928946989,0.0003547144169638,7.851134117570048e+48,0.0,7.851134117570048e+48,1953,2560,1.2944451377579936e+51,2.720954480309173e+47,1.5662674042349435e+49,6.811056251857036e-16,1.1155953333685117e-15,0.9195681013957563,-2.9258356721308767e+47,-8.112963841460668e+31,0.9921932115120533,14613.512305565744,1.3756532108836255,0.0002891655782328953,0.016645284692946082,12.432878215647895,0.08363155411111649,2.969467999356661e+64,4.269871912018346e+65,1.5122750913895958e+67,0.0011466699928947,0.0003547144169638,8.472180292129306e+48,2.23766465418525e+48,1.1135892508970654e+49,7.851134117570048e+48,0.0019635766113347,0.0,9.192964525362783e-16,0.0,9.455224076706679e-16,0.0,0.0,0.0,3.9729251120826793e+65,1.509305623390239e+67,True
SCRIPT_SELF_SHIELDING_AUDITOR,4,1,10,5.55,2560,2.862438279692472e+63,2.840091829483111e+63,2.2346450209360903e+61,8.662939521479439e+51,1.0734517093002576e+48,8.633975903899769e+46,3.9723470730000643e+62,3.1950341699643236e+61,2.595270137961986e+46,2.858922881741648e+46,8.354715145767063e+47,1.9691105868367323e+47,0.0001130771634514002,3.121432482927178e-05,7.56815255864046e+47,0.0,7.56815255864046e+47,1933,2560,1.2476216013172277e+50,2.6228820325476204e+46,1.509813803377572e+48,6.687648925861217e-16,1.2061770489534726e-15,0.9195681013957562,-2.820378609842433e+46,-1.0141204801825835e+31,0.9921932115120534,14613.512305565742,1.3754687297557555,0.00028916557823289535,0.016645284692946096,12.432878215648067,0.08363155411111511,2.862438279692472e+63,4.284098950442853e+64,1.5173139300894332e+66,0.0001130771634514,3.1214324829271774e-05,8.354715145767048e+47,1.9691105868367323e+47,1.0734517093002576e+48,7.56815255864046e+47,0.0018865168393489,0.0,1.7479153579554438e-15,0.0,1.7977803929296816e-15,2.1708826364489687e-16,0.0,0.0,3.997855122473606e+64,1.5144514918097408e+66,True
SCRIPT_SELF_SHIELDING_AUDITOR,4,1,11,5.55,2560,7.327412074710974e+61,7.270208518479679e+61,5.720355623129512e+59,2.217582405270203e+50,2.7478751497100893e+46,2.210168154186228e+45,1.0168611883841421e+61,8.178807599871143e+59,6.6435017589558416e+44,7.31841318394891e+44,2.147535756478911e+46,4.952085733104451e+45,2.9065892435156486e-06,7.85004223169825e-07,1.9373333858361725e+46,0.0,1.9373333858361725e+46,1932,2560,3.19364668393303e+48,6.71418406195179e+44,3.864896571542031e+46,7.121277014684861e-16,1.2120773418775998e-15,0.919568101395756,-7.219745637008512e+44,-1.5845632502852868e+29,0.9921932115120533,14613.512305565739,1.3754354684202794,0.00028916557823289535,0.016645284692946072,12.432878215647996,0.08363155411111572,7.327412074710973e+61,1.1119802374359505e+63,3.938338315157993e+64,2.90658924351565e-06,7.850042231698236e-07,2.147535756478912e+46,4.9520857331044414e+45,2.7478751497100893e+46,1.9373333858361725e+46,0.0018605339329302,1.558255687714691e-16,4.7222518978931e-16,1.9198737691787835e-15,4.3712726994911193e-16,1.7534027189436744e-15,0.0,0.0,1.0387061166888408e+63,3.931010903083282e+64,True
SCRIPT_SELF_SHIELDING_AUDITOR,4,1,12,5.55,2560,1.4099586664873408e+65,1.398951417401327e+65,1.1007249086013855e+63,4.267126645915974e+53,5.287528996943662e+49,6.460483831449816e+48,1.9566693268487847e+64,2.3907255273507214e+63,3.485982830168582e+48,3.840122819102095e+48,3.5093732947743014e+49,1.575860390876927e+49,0.004749772682153801,0.0024980525956865966,3.727864584909018e+49,0.0,3.727864584909018e+49,1675,2560,5.928342859183694e+51,3.5230712970013646e+48,2.027991197655757e+50,6.399859193182169e-16,1.2107148187524664e-15,0.8778165786857447,-1.2455040080587448e+48,-3.2451855365842673e+32,0.9921932115120534,14613.512305565737,1.326877709678272,0.0007885314470901086,0.04539036252642937,8.184416422813138,0.1270439911085909,1.4099586664873406e+65,2.1667883853670383e+65,2.814232841414307e+66,0.0047497726821538,0.0024980525956866,3.509373294774301e+49,1.5758603908769295e+49,5.287528996943662e+49,3.7278645849090174e+49,0.0501009954023121,1.6584901921665232e-16,1.479551025895853e-16,1.4827034170460025e-15,1.8261121026850814e-16,1.3888606500697086e-15,0.0,1.39283408510976e-16,7.568297188796975e+64,2.6732369747655727e+66,True
SCRIPT_SELF_SHIELDING_AUDITOR,4,1,13,5.55,2560,6.352131966470055e+64,6.302542215760299e+64,4.958975070975583e+62,1.9224217146753054e+53,2.3821323818519714e+49,2.910570844381827e+48,8.815167475690821e+63,1.0770673216381733e+63,1.5705015683364655e+48,1.730048369088736e+48,1.6019578105707006e+49,6.8903668588999e+48,0.0021681750009159007,0.0010922603878334993,1.679473899434683e+49,0.0,1.679473899434683e+49,1797,2560,2.673587437843925e+51,1.5872106280667637e+48,9.136486069086259e+49,6.561672487145528e-16,1.16012088807669e-15,0.8778165786857423,-5.611232450995799e+47,-1.6225927682921336e+32,0.9921932115120533,14613.512305565737,1.3282470101985278,0.0007885314470901086,0.045390362526429376,8.184416422813134,0.1270439911085909,6.352131966470054e+64,4.1506019488520045e+65,5.390817301302313e+66,0.0021681750009159,0.0010922603878335,1.6019578105707e+49,6.890366858899904e+48,2.3821323818519714e+49,1.679473899434683e+49,0.0117832447501708,1.840643922444293e-16,3.2412194779867903e-16,5.651691301271092e-16,4.0004231098596955e-16,5.955734646585624e-16,0.0,0.0,3.515388752204999e+65,5.3272959816376124e+66,True
SCRIPT_SELF_SHIELDING_AUDITOR,4,1,14,5.55,2560,2.0836523701820014e+64,2.0673857368455822e+64,1.6266633336419353e+62,6.306006524134815e+52,7.813968301876205e+48,9.547373811644818e+47,2.891587375896666e+63,3.533040386162032e+62,5.151623632053291e+47,5.674975588998138e+47,5.223215155675081e+48,2.291798918059603e+48,0.000706937751432101,0.0003632957760214002,5.509079140181276e+48,0.0,5.509079140181276e+48,1845,2560,8.774222508998766e+50,5.206433374820482e+47,2.99698761824774e+49,7.459659107014753e-16,1.227229934430067e-15,0.877816578685741,-1.8406194735681593e+47,-4.056481920730334e+31,0.9921932115120535,14613.512305565739,1.328884838049034,0.0007885314470901086,0.04539036252642938,8.184416422813152,0.12704399110859052,2.0836523701820014e+64,2.3375538504401114e+65,3.036023664751502e+66,0.0007069377514321,0.0003632957760214,5.2232151556750726e+48,2.2917989180596018e+48,7.813968301876205e+48,5.5090791401812755e+48,0.0068630966035389,0.0,1.6153809758251442e-15,5.66399697811511e-16,1.5336600291739241e-15,5.968702330420922e-16,0.0,1.178122678585258e-16,2.1291886134219113e+65,3.015187141049682e+66,True
SCRIPT_SELF_SHIELDING_AUDITOR,4,1,15,5.55,2560,1.6022921269867816e+64,1.5897833712554942e+64,1.2508755731287388e+62,4.849208414485153e+52,6.008804573061727e+48,7.341763007454957e+47,2.223579975813768e+63,2.716846090108215e+62,3.961508217475375e+47,4.363956693169221e+47,4.0898376178933e+48,1.689076397158157e+48,0.0005535404005279006,0.0002677522515738008,4.236385233727131e+48,0.0,4.236385233727131e+48,1802,2560,6.744505102941122e+50,4.003655948342002e+47,2.3046309135413872e+49,7.047552750950942e-16,1.0458162197507306e-15,0.8778165786857464,-1.4154040921035219e+47,-4.056481920730334e+31,0.9921932115120538,14613.51230556574,1.3283494978960888,0.0007885314470901089,0.045390362526429404,8.184416422813266,0.12704399110858866,1.6022921269867816e+64,1.1633515777326211e+65,1.5109653708115613e+66,0.0005535404005279,0.0002677522515738,4.089837617893295e+48,1.6890763971581517e+48,6.008804573061726e+48,4.236385233727131e+48,0.0106044265337872,0.0,1.2695606387447262e-15,3.0740450030980134e-15,1.1752011287178194e-15,3.0369553368256123e-15,2.1602869569983137e-16,0.0,1.003122365033943e+65,1.4949424495416934e+66,True
SCRIPT_SELF_SHIELDING_AUDITOR,4,1,16,5.55,2560,1.6260803299527009e+63,1.6133858647523496e+63,1.2694465200351203e+61,4.921201499918798e+51,6.098013438510838e+47,7.450761451376468e+46,2.2565920407704148e+62,2.757181360518787e+61,4.020322187750367e+46,4.428745557698644e+46,4.211681887008138e+47,1.6530279559059578e+47,5.7003145269901634e-05,2.6203785563108114e-05,4.2992801266648135e+47,0.0,4.2992801266648135e+47,1800,2560,6.844430622716552e+49,4.0630956589295897e+46,2.3388462897574283e+48,8.454651050413473e-16,1.0994169670315992e-15,0.877816578685742,-1.4364176883477078e+46,-3.802951800684688e+30,0.9921932115120533,14613.51230556574,1.3283095542132453,0.0007885314470901085,0.0453903625264294,8.184416422813106,0.12704399110859138,1.6260803299527009e+63,1.1672278175680714e+64,1.5159998455760522e+65,5.700314526990168e-05,2.6203785563108083e-05,4.2116818870081424e+47,1.6530279559059562e+47,6.098013438510838e+47,4.2992801266648135e+47,0.0107261246410933,0.0,9.631501213905644e-16,9.81588219663748e-16,8.321268032079352e-16,1.1636939261205709e-15,0.0,0.0,1.0046197845728013e+64,1.4997390422765253e+65,True
SCRIPT_SELF_SHIELDING_AUDITOR,4,1,17,5.55,2560,4.355002668397432e+61,4.321004083700811e+61,3.399858469662138e+59,1.3180065750190348e+50,1.633182832819248e+46,1.9954786614558487e+45,6.043652443250095e+60,7.384341327506352e+59,1.0767311757580599e+45,1.1861159849336295e+45,1.1232973391826481e+46,4.474016321253729e+45,1.520330431513398e-06,7.092206993179744e-07,1.1514422798745998e+46,0.0,1.1514422798745998e+46,1798,2560,1.833051515778589e+48,1.0881868571097648e+45,6.263947509383698e+46,6.928662322448032e-16,1.1674919084147824e-15,0.8778165786857438,-3.847044177620401e+44,-1.188422437713965e+29,0.9921932115120535,14613.51230556574,1.3282817697014413,0.0007885314470901086,0.04539036252642943,8.184416422813165,0.12704399110888107,4.3550026683974317e+61,3.0296551987602608e+62,3.934927478886429e+63,1.5203304315133948e-06,7.09220699317975e-07,1.1232973391826458e+46,4.474016321253733e+45,1.633182832819248e+46,1.1514422798745998e+46,0.0110675550992108,1.3109040810128026e-16,2.031315307905129e-15,8.500084773090422e-16,2.0892652586331093e-15,8.957362793438485e-16,0.0,0.0,2.5941549319205176e+62,3.891377452202455e+63,True
SCRIPT_SELF_SHIELDING_AUDITOR,4,2,0,5.55,2560,6.708337515674703e+64,6.659103269773813e+64,4.923424590089108e+62,2.0512778413020134e+53,2.4925473168455505e+49,1.655761046161991e+48,9.223761956501838e+63,6.127203942501124e+62,3.252986155842418e+47,3.5916364986492203e+47,1.7472374719531937e+49,6.003453129966918e+48,0.002364804230395298,0.0009516668964597037,6.702948870087346e+48,0.0,6.702948870087346e+48,1884,2560,3.03775967958358e+51,3.285514222468486e+47,2.020160455647492e+49,5.621521636504968e-16,1.1699772403039426e-15,0.9335715300178457,-6.8240495608035076e+47,-1.6225927682921336e+32,0.9926607381059989,14765.054073920028,1.4290337157370212,0.00015455832892233867,0.00950331068557295,15.05378643025337,0.0705304646454603,6.708337515674703e+64,1.9231342960329392e+65,1.265980464084233e+67,0.0023648042303953,0.0009516668964597,1.7472374719531948e+49,6.003453129966894e+48,2.492547316845551e+49,6.702948870087346e+48,0.0052989265679761,0.0,5.943435785784154e-16,3.891982723538891e-15,7.335590209456075e-16,3.873505950626289e-15,2.083128702690367e-16,0.0,1.2523005444654688e+65,1.2592721265685584e+67,True
SCRIPT_SELF_SHIELDING_AUDITOR,4,2,1,5.55,2560,1.439614616123883e+64,1.4290489074297172e+64,1.0565708694165775e+62,4.40205871450166e+52,5.3490265514023145e+48,3.553276497036389e+47,1.9794267204356587e+63,1.3149028848035794e+62,6.980934404473505e+46,7.707680758724537e+46,4.075851423431245e+48,9.620800787894683e+47,0.0005516474344965999,0.00015250885497159998,1.4384582084549871e+48,0.0,1.4384582084549871e+48,1953,2560,6.522927719512075e+50,7.050739896578998e+46,4.335280555085644e+48,6.093378794663256e-16,1.2418691158077038e-15,0.933571530017841,-1.464446513898816e+47,-6.084722881095501e+31,0.9926607381059984,14765.05407392002,1.4298822858266982,0.00015455832892233865,0.009503310685572933,15.053786430252954,0.07053046464546231,1.439614616123883e+64,3.6838691821150493e+65,2.425054987797761e+67,0.0005516474344966,0.0001525088549716,4.0758514234312456e+48,9.620800787894684e+47,5.3490265514023145e+48,1.438458208454987e+48,0.0005936420507442,0.0,1.5923963851716242e-16,1.6865464778501092e-16,1.9653896758803594e-16,1.7772774123302595e-16,0.0,1.1280082791108134e-16,3.539907720502661e+65,2.4236153731816372e+67,True
SCRIPT_SELF_SHIELDING_AUDITOR,4,2,2,5.55,2560,7.493269912063045e+63,7.438274841735973e+63,5.499507032707336e+61,2.291294749793767e+52,2.7841964972798087e+48,1.8494991344400484e+47,1.0303020350897702e+63,6.844138781052584e+61,3.6336131312677393e+46,4.0118884369654157e+46,2.1572486588050044e+48,4.650212266083153e+47,0.0002919735202710009,7.371512660026058e-05,7.487250749229905e+47,0.0,7.487250749229905e+47,1936,2560,3.3948184495061254e+50,3.66994725762575e+46,2.2565363660478264e+48,6.855476310570637e-16,1.2639780731310911e-15,0.9335715300178411,-7.622521248061059e+46,-1.0141204801825835e+31,0.9926607381059984,14765.054073920022,1.4297139160791132,0.00015455832892233865,0.009503310685572933,15.0537864302529,0.07053046464546238,7.493269912063045e+63,2.0746972842222128e+65,1.3657528941852685e+67,0.000291973520271,7.371512660026058e-05,2.157248658804998e+48,4.650212266083153e+47,2.784196497279809e+48,7.487250749229905e+47,0.0005486548806863,0.0,3.008633727353359e-15,0.0,2.9706863046462054e-15,0.0,1.1655734571014831e-16,0.0,1.9997645851015823e+65,1.365003567194062e+67,True
SCRIPT_SELF_SHIELDING_AUDITOR,4,2,3,5.55,2560,3.8280179620750565e+63,3.7999231357164464e+63,2.8094826358610404e+61,1.1705326995493147e+52,1.422336887181369e+48,9.448366321465329e+46,5.263409356623936e+62,3.496402304503385e+61,1.8562705597101777e+46,2.0495165900564973e+46,1.1172129227478095e+48,2.224020037892465e+47,0.00015120954583310007,3.525514735112263e-05,3.8249430076543136e+47,0.0,3.8249430076543136e+47,1916,2560,1.7340784120844665e+50,1.874832241054507e+46,1.1527760033574492e+48,6.533567231996696e-16,1.3108389625030403e-15,0.9335715300178424,-3.894047404712122e+46,-5.070602400912918e+30,0.9926607381059986,14765.054073920024,1.4295479655360037,0.00015455832892233867,0.009503310685572941,15.053786430253282,0.07053046464546071,3.8280179620750565e+63,1.0325333717822471e+65,6.797066018154761e+66,0.0001512095458331,3.52551473511226e-05,1.1172129227478089e+48,2.224020037892464e+47,1.422336887181369e+48,3.8249430076543136e+47,0.0005631868149949,0.0,5.809430719083812e-16,5.471823794233015e-16,5.377647455284716e-16,7.688254439042787e-16,0.0,0.0,9.942531921614966e+64,6.793238000192686e+66,True
SCRIPT_SELF_SHIELDING_AUDITOR,4,2,4,5.55,2560,3.8147124481169845e+62,3.7867152744099467e+62,2.799717370703784e+60,1.1664641347393968e+51,1.4173930955134704e+47,9.415525469824426e+45,5.245114675837316e+61,3.4842494279687145e+60,1.8498184912802806e+45,2.0423928325750908e+45,1.1414170484516935e+47,1.9354161333423818e+46,1.544854610865546e-05,3.0680200629570437e-06,3.811648181694409e+46,0.0,3.811648181694409e+46,1893,2560,1.7276690985766461e+49,1.8683156555004325e+45,1.1487691576855748e+47,7.057764390667625e-16,1.2425954420895146e-15,0.9335715300178414,-3.8805123840800077e+45,-1.2676506002282294e+30,0.9926607381059986,14765.054073920028,1.4292319824042052,0.00015455832892233862,0.009503310685572952,15.053786430253275,0.07053046464546076,3.814712448116984e+62,1.035973730710474e+64,6.8197135638906865e+65,1.544854610865545e-05,3.068020062957044e-06,1.1414170484516929e+47,1.9354161333423823e+46,1.4173930955134704e+47,3.811648181694409e+46,0.0005593654942218,1.1972573762181016e-16,5.330849832100625e-16,2.619902931240012e-16,6.579515829879117e-16,1.38042276431189e-16,0.0,0.0,9.978266062293042e+63,6.815898851442569e+65,True
SCRIPT_SELF_SHIELDING_AUDITOR,4,2,5,5.55,2560,9.767089154334556e+60,9.695405929088832e+60,7.168322524572386e+58,2.9865840097481493e+49,3.629055903663688e+45,2.41072631160126e+44,1.3429453297036727e+60,8.920980352191059e+58,4.736226483490132e+43,5.229288748561363e+43,2.929944725486851e+45,4.880482279402092e+44,3.965543203414935e-07,7.736536495773382e-08,9.759243487393997e+44,0.0,9.759243487393997e+44,1891,2560,4.42337769902549e+47,4.783586134970488e+43,2.941278257133975e+45,6.828985930808397e-16,1.2492209492141056e-15,0.9335715300178435,-9.935561575163546e+43,-2.9710560942849127e+28,0.9926607381059983,14765.054073920024,1.4291994459046926,0.00015455832892233865,0.009503310685572936,15.053786430252986,0.07053046464546216,9.767089154334555e+60,2.6889722398541457e+62,1.7701240787720137e+64,3.9655432034149334e-07,7.73653649577339e-08,2.929944725486849e+45,4.880482279402097e+44,3.629055903663688e+45,9.759243487393995e+44,0.000551774266644,1.4612825481095958e-16,6.489801270999703e-16,9.740204919744592e-16,4.004966519427006e-16,1.02641975318637e-15,0.0,1.6236537722745263e-16,2.5913013483108e+62,1.7691473698565802e+64,True
SCRIPT_SELF_SHIELDING_AUDITOR,4,2,6,5.55,2560,1.2925303076614708e+65,1.283044089227609e+65,9.486218433861758e+62,3.95230379080082e+53,4.802520658472154e+49,3.726385786984945e+48,1.7771902280671718e+64,1.3789626068458984e+63,1.162914568209004e+48,1.2839791526592583e+48,3.3316333140911745e+49,1.1915766350237033e+49,0.004509209928105192,0.0018888863019292962,1.2914920492669532e+49,0.0,1.2914920492669532e+49,1887,2560,5.757814084338964e+51,1.1745430722182184e+48,7.221899852764124e+49,7.387339887517733e-16,1.1693157314784628e-15,0.9224077093679754,-1.2618397669136608e+48,-3.2451855365842673e+32,0.9926607381059985,14765.054073920022,1.4057913587858817,0.00028676898511490546,0.01763253251723985,12.887878316962775,0.0823836573784098,1.2925303076614706e+65,7.952805534504271e+65,2.8216165127213366e+67,0.0045092099281052,0.0018888863019293,3.3316333140911797e+49,1.1915766350237056e+49,4.802520658472155e+49,1.2914920492669532e+49,0.0045808149400673,1.8091665672120553e-16,1.558483893342629e-15,1.960875631212917e-15,1.7311803545096587e-15,1.951566583274789e-15,2.162321508966366e-16,0.0,6.6602752268428e+65,2.8086912096447217e+67,True
SCRIPT_SELF_SHIELDING_AUDITOR,4,2,7,5.55,2560,1.3785216601737729e+65,1.3684043286832038e+65,1.0117331490568947e+63,4.215248455615191e+53,5.122029798368047e+49,3.9743002474088654e+48,1.8954257467836647e+64,1.4707042541586877e+63,1.2402826546544815e+48,1.3694016013866164e+48,3.6778445365206066e+49,1.1462921598557854e+49,0.004977790631388987,0.0018171013891335015,1.3774143270016094e+49,0.0,1.3774143270016094e+49,1921,2560,6.142294312515812e+51,1.2526847968379962e+48,7.702369001043647e+49,8.033742778745114e-16,1.1144087725831733e-15,0.9224077093679748,-1.3457892941065901e+48,-1.6225927682921336e+32,0.9926607381059985,14765.054073920024,1.4061154974686034,0.00028676898511490546,0.01763253251723984,12.887878316962766,0.08238365737840983,1.3785216601737726e+65,1.5234035023112324e+66,5.404961128509261e+67,0.004977790631389,0.0018171013891335,3.677844536520616e+49,1.1462921598557845e+49,5.122029798368048e+49,1.3774143270016094e+49,0.0025504746979632,1.6963118442655967e-16,2.541198860516409e-15,7.926879220371812e-16,2.6136949167336977e-15,8.353320571745973e-16,2.0274371930398246e-16,0.0,1.3855513362938551e+66,5.391175911907523e+67,True
SCRIPT_SELF_SHIELDING_AUDITOR,4,2,8,5.55,2560,6.595770479191847e+64,6.547362392252334e+64,4.840808693951335e+62,2.016857052685045e+53,2.4507219519030447e+49,1.9015712995035752e+48,9.068985673072352e+63,7.0368337208274845e+62,5.934342532124228e+47,6.552134012493885e+47,1.8025997110694236e+49,5.055902382661976e+48,0.002439734432710504,0.0008014612299200985,6.590472255987534e+48,0.0,6.590472255987534e+48,1910,2560,2.9387850673164875e+51,5.993682682994587e+47,3.685328968318275e+49,6.774898255693291e-16,1.252818615593055e-15,0.9224077093679762,-6.4391569271111634e+47,-2.4338891524382005e+32,0.9926607381059984,14765.054073920026,1.4060677813596383,0.00028676898511490546,0.017632532517239834,12.887878316962562,0.08238365737841093,6.595770479191847e+64,8.579569340747063e+65,3.043989246167154e+67,0.0024397344327105,0.0008014612299201,1.8025997110694208e+49,5.0559023826619856e+48,2.4507219519030447e+49,6.590472255987534e+48,0.0021668179306142,0.0,1.5842470486694597e-15,1.925582393192277e-15,1.5998166721004576e-15,1.893894532653848e-15,0.0,0.0,7.919992292827879e+65,3.0373934756879627e+67,True
SCRIPT_SELF_SHIELDING_AUDITOR,4,2,9,5.55,2560,3.0880561343497903e+64,3.0653920816364194e+64,2.2664052713371367e+62,9.442669076037654e+52,1.1473969540078907e+49,8.902915792568671e+47,4.245984139140762e+63,3.2945563534320156e+62,2.7783839533943953e+47,3.0676260937513456e+47,8.595241136964616e+48,2.2114116335904575e+48,0.0011633257029017004,0.0003505527902981001,3.0855755734026115e+48,0.0,3.0855755734026115e+48,1906,2560,1.375806979171089e+51,2.8061662598719405e+47,1.7254243099597133e+49,6.856028408660764e-16,1.4358109369818124e-15,0.9224077093679759,-3.014731654404526e+47,-8.112963841460668e+31,0.9926607381059985,14765.054073920024,1.4059707607948426,0.0002867689851149054,0.017632532517239844,12.887878316962531,0.08238365737841119,3.0880561343497903e+64,4.269871912018346e+65,1.514929673796806e+67,0.0011633257029017,0.0003505527902981,8.595241136964614e+48,2.211411633590457e+48,1.1473969540078907e+49,3.0855755734026115e+48,0.0020384155038763,0.0,3.0204486272088883e-16,2.9349447993229285e-16,3.7279402312909035e-16,3.0928356655313737e-16,0.0,0.0,3.9610662985833663e+65,1.5118416176624563e+67,True
SCRIPT_SELF_SHIELDING_AUDITOR,4,2,10,5.55,2560,2.978161963205841e+63,2.9563044525951196e+63,2.185751061072153e+61,9.106634287046926e+51,1.1065647178865291e+48,8.586089119340192e+46,4.094882965016711e+62,3.1773134912572566e+61,2.6795100377677885e+46,2.9584589632699413e+46,8.476069775714144e+47,1.946008331236034e+47,0.00011471964163130002,3.084810806347414e-05,2.975769677593501e+47,0.0,2.975769677593501e+47,1888,2560,1.3266975216116808e+50,2.706303659645706e+46,1.664021904638942e+48,7.89036938381375e-16,1.3398270419957355e-15,0.922407709367977,-2.9074468700714455e+46,-1.0141204801825835e+31,0.9926607381059985,14765.054073920028,1.4058130560147455,0.0002867689851149054,0.017632532517239854,12.887878316962594,0.08238365737841076,2.978161963205841e+63,4.284098950442853e+64,1.5199773574565597e+66,0.0001147196416313,3.084810806347404e-05,8.476069775714142e+47,1.9460083312360283e+47,1.1065647178865293e+48,2.975769677593501e+47,0.0019593462682821,0.0,1.9143220988355107e-16,2.9183198231301122e-15,2.3627213201424687e-16,3.0753163175284068e-15,1.466333366738085e-16,0.0,3.986282754122269e+64,1.5169991954933539e+66,True
SCRIPT_SELF_SHIELDING_AUDITOR,4,2,11,5.55,2560,7.624311673213133e+61,7.568354853081929e+61,5.595682013120287e+59,2.331364746317388e+50,2.8328863238405867e+46,2.1981013896693773e+45,1.0483198824086464e+61,8.134154099118568e+59,6.859740978443458e+44,7.57387055742927e+44,2.1787293283097477e+46,4.8939862281159766e+45,2.948808284608126e-06,7.757942944169466e-07,7.618187247696601e+45,0.0,7.618187247696601e+45,1885,2560,3.396373772434883e+48,6.9283346031607515e+44,4.260017349212293e+46,5.627458800394502e-16,1.2089656062377176e-15,0.9224077093679782,-7.443275881097705e+44,-1.5845632502852868e+29,0.9926607381059986,14765.054073920022,1.4057846734880572,0.0002867689851149055,0.01763253251723984,12.887878316962846,0.08238365737840916,7.624311673213131e+61,1.1119802374359505e+63,3.9452515042097637e+64,2.948808284608125e-06,7.757942944169447e-07,2.1787293283097472e+46,4.893986228115965e+45,2.8328863238405867e+46,7.618187247696601e+45,0.0019325286778492,1.4975753918564258e-16,2.327320945758176e-16,2.331198918482878e-15,2.872458517142509e-16,2.456610141422232e-15,0.0,0.0,1.035737120703819e+63,3.9376271925365506e+64,True
SCRIPT_SELF_SHIELDING_AUDITOR,4,2,12,5.55,2560,1.4624145357137244e+65,1.4516814924385266e+65,1.0733043275197783e+63,4.471776390049185e+53,5.433741845266351e+49,6.488381908525332e+48,2.0107759228919586e+64,2.401049312189212e+63,3.587979844449571e+48,3.961504521804677e+48,3.560347946824493e+49,1.557371876425567e+49,0.004818764490506265,0.002468744617782603,1.4612398134198102e+49,0.0,1.4612398134198102e+49,1642,2560,6.276922104477339e+51,3.6238576631189226e+48,2.228197308617261e+50,6.857522339391964e-16,1.1453807538340547e-15,0.8805909059853966,-1.279096544492272e+48,-3.2451855365842673e+32,0.9926607381059983,14765.054073920024,1.3545037481973592,0.0007819961289828723,0.04808250852902144,8.374571537052637,0.12678267143598376,1.4624145357137242e+65,2.1667883853670383e+65,2.819172824247554e+66,0.0048187644905062,0.0024687446177826,3.560347946824445e+49,1.5573718764255652e+49,5.433741845266351e+49,1.4612398134198102e+49,0.0518738873734726,1.5990012151979866e-16,1.3416983904937196e-14,1.1669042750779672e-15,1.349975299214007e-14,1.2296800815655454e-15,0.0,0.0,7.043738496533138e+64,2.6729313706761814e+66,True
SCRIPT_SELF_SHIELDING_AUDITOR,4,2,13,5.55,2560,6.590025193304824e+64,6.541659272523092e+64,4.836592078173127e+62,2.0151002571146877e+53,2.448587235680323e+49,2.9238358342832334e+48,9.061086078087737e+63,1.0819760793728438e+63,1.6168382487016817e+48,1.7851583093942617e+48,1.6252267065056142e+49,6.809526799727455e+48,0.0021996683636824063,0.0010794456283014962,6.584731585149973e+48,0.0,6.584731585149973e+48,1748,2560,2.830993915763026e+51,1.633005739049858e+48,1.0040844125140864e+50,6.655921735184022e-16,1.0278569204551911e-15,0.8805909059853995,-5.763946026944628e+47,-1.2169445762191002e+32,0.9926607381059985,14765.05407392002,1.3556757519963374,0.0007819961289828726,0.048082508529021434,8.374571537052743,0.12678267143598326,6.590025193304823e+64,4.1506019488520045e+65,5.400280109259677e+66,0.0021996683636824,0.0010794456283015,1.6252267065056095e+49,6.80952679972748e+48,2.448587235680323e+49,6.584731585149973e+48,0.0122031173568295,1.7741985433569805e-16,2.8753325022137165e-15,3.62189779163913e-15,2.9573608196204733e-15,3.615863290019859e-15,0.0,0.0,3.491599429521522e+65,5.334379857326629e+66,True
SCRIPT_SELF_SHIELDING_AUDITOR,4,2,14,5.55,2560,2.16145003517012e+64,2.145586587291208e+64,1.586344787891203e+62,6.609289636763296e+52,8.03107546850547e+48,9.589834456571902e+47,2.9719286721482955e+63,3.5487531021726803e+62,5.303037525670041e+47,5.855107343966698e+47,5.2990838515302785e+48,2.264910776406024e+48,0.0007172062247102009,0.0003590334700176004,2.159713794534181e+48,0.0,2.159713794534181e+48,1793,2560,9.289923991156889e+50,5.3560649748172474e+47,3.293277681164636e+49,5.414742884340495e-16,7.597020033466272e-16,0.8805909059853972,-1.8905058747446686e+47,-6.084722881095501e+31,0.9926607381059986,14765.054073920026,1.3563473620627018,0.0007819961289828725,0.048082508529021496,8.374571537052743,0.12678267143598318,2.16145003517012e+64,2.3375538504401114e+65,3.0413529696208427e+66,0.0007172062247102,0.0003590334700176,5.299083851530271e+48,2.2649107764060217e+48,8.031075468505472e+48,2.1597137945341806e+48,0.0071068700567155,0.0,1.3472910375674952e-15,1.0029666065758339e-15,1.3605319106526646e-15,1.056923078372956e-15,1.6163143027658157e-16,1.5025998096586715e-16,2.121408846923099e+65,3.0197384692691416e+66,True
SCRIPT_SELF_SHIELDING_AUDITOR,4,2,15,5.55,2560,1.662666980648733e+64,1.6504642322352432e+64,1.2202748413489697e+62,5.084109031336123e+52,6.177799062346187e+48,7.37685389039062e+47,2.2861170009119784e+63,2.7298315989029542e+62,4.079291793751209e+47,4.503964232604244e+47,4.14924368045841e+48,1.669259595137421e+48,0.0005615807333572999,0.00026461089374719965,1.6613314003998883e+48,0.0,1.6613314003998883e+48,1752,2560,7.143000773736507e+50,4.12008246081752e+47,2.533310495030202e+49,8.23528090909154e-16,9.305948013662518e-16,0.8805909059853987,-1.4542467526495465e+47,-6.084722881095501e+31,0.9926607381059984,14765.054073920022,1.355749310239596,0.0007819961289828724,0.04808250852902148,8.374571537052715,0.12678267143598387,1.6626669806487328e+64,1.1633515777326211e+65,1.5136176541918125e+66,0.0005615807333573,0.0002646108937472,4.14924368045841e+48,1.669259595137423e+48,6.177799062346187e+48,1.6613314003998883e+48,0.0109847224366347,1.7580208837258075e-16,0.0,1.1664520770900604e-15,1.930625657336595e-16,1.2292035567378946e-15,0.0,0.0,9.970848796677478e+64,1.496990984385325e+66,True
SCRIPT_SELF_SHIELDING_AUDITOR,4,2,16,5.55,2560,1.6878101669053103e+63,1.6754228860630336e+63,1.238728084227682e+61,5.160991956065738e+51,6.271220988858299e+47,7.488408166449844e+46,2.3206881244305504e+62,2.771112664287196e+61,4.1409796690497195e+46,4.572074090387927e+46,4.272857772473454e+47,1.6336340861011154e+47,5.783113227835814e-05,2.5896354098449958e-05,1.6864543897419015e+47,0.0,1.6864543897419015e+47,1750,2560,7.250869922348747e+49,4.182387180830888e+46,2.5716197285469654e+48,5.74649668107533e-16,1.0660332282183583e-15,0.8805909059853968,-1.476238166077763e+46,-2.535301200456459e+30,0.9926607381059983,14765.054073920026,1.3557214972882083,0.0007819961289828723,0.04808250852902146,8.374571537052583,0.12678267143598573,1.6878101669053103e+63,1.1672278175680714e+64,1.5186609662559562e+65,5.783113227835816e-05,2.589635409844992e-05,4.272857772473455e+47,1.6336340861011132e+47,6.2712209888583e+47,1.6864543897419015e+47,0.0111138048873829,0.0,3.797441559476138e-16,1.3657067242802313e-15,3.5151984637365895e-16,1.4391774817992623e-15,1.2936817018367687e-16,0.0,9.984468008775404e+63,1.5017828645869031e+65,True
SCRIPT_SELF_SHIELDING_AUDITOR,4,2,17,5.55,2560,4.519977354154485e+61,4.486804056597389e+61,3.317329755709587e+59,1.3821202895798955e+50,1.6794410537596946e+46,2.0054053468038706e+45,6.214832671445694e+60,7.421075387497287e+59,1.1089596860550813e+45,1.2244073270373125e+45,1.1396135546991992e+46,4.4215256844546006e+45,1.5424136663895662e-06,7.008998878892177e-07,4.5163465654548796e+45,0.0,4.5163465654548796e+45,1750,2560,1.9417636097215805e+48,1.1200486710139722e+45,6.886830737512261e+46,7.083377280937333e-16,9.991283335582757e-16,0.8805909059853945,-3.9533848123717716e+44,-7.922816251426434e+28,0.9926607381059984,14765.054073920024,1.3557014668187957,0.0007819961289828724,0.04808250852902147,8.374571537052676,0.12678267143672212,4.5199773541544844e+61,3.0296551987602608e+62,3.9418346807034615e+63,1.5424136663895471e-06,7.008998878892114e-07,1.1396135546991852e+46,4.421525684454561e+45,1.6794410537596946e+46,4.5163465654548796e+45,0.011466684222657,1.2630573835898727e-16,1.223586411815809e-14,8.887694296391372e-15,1.2356115436809306e-14,8.912639442436076e-15,0.0,0.0,2.5776574633448123e+62,3.896634907161917e+63,True
